STT,Ten Group,Link post,Caption,Post Reaction,Reaction Group 1 Like Love Care Haha Wow,Reaction Group 2 Sad,Reaction Group 3 Angry,Comment,Sub-loai,Sentiment,Tich cuc,Trung lap,Tieu cuc,Spam,Binh luan mention tieu cuc den Prudential,Ty le Tieu cuc/Tich cuc + Trung lap,De xuat seeding,Tru cot Manual
1,BẢO VỆ QUYỀN LỢI KHÁCH HÀNG BẢO HIỂM NHÂN THỌ,https://www.facebook.com/groups/bvqlkhbhnt/posts/1323500759653169/,Tự hào VIP112 #BVQLKH 💕,5,5,0,0,0,,,0,0,0,0,0,0/0 (0%),Normal,
2,BẢO VỆ QUYỀN LỢI KHÁCH HÀNG BẢO HIỂM NHÂN THỌ,https://www.facebook.com/groups/bvqlkhbhnt/posts/1323628082973770/,Ờmericờn Danh! Nhìn qua tưởng ghê gớm mà sát vô lại thất rất za zì và này nọ í 😄,14,14,0,0,3,unknown,Trung lap,0,3,0,0,0,0/3 (0.0%),Normal,
3,BẢO VỆ QUYỀN LỢI KHÁCH HÀNG BẢO HIỂM NHÂN THỌ,https://www.facebook.com/groups/bvqlkhbhnt/posts/1324773969525848/,,2,2,0,0,1,unknown,Tich cuc,1,0,0,0,0,0/1 (0.0%),Normal,
4,BẢO VỆ QUYỀN LỢI KHÁCH HÀNG BẢO HIỂM NHÂN THỌ,https://www.facebook.com/groups/bvqlkhbhnt/posts/1325109416158970/,Tối nay t5 3.9.2026 các bạn có giật mình vì BỆNH LÝ CÓ THẬT MÀ KHÔNG KÊ KHAI VẪN ĐẢM BẢO ĐÚNG LUẬT? KHÔNG VI PHẠM NGHĨA VỤ KÊ KHAI THIẾU TRUNG THỰC ☺️ @mọi người,18,18,0,0,8,unknown,Tich cuc,5,1,0,2,0,0/6 (0.0%),Normal,
5,BẢO VỆ QUYỀN LỢI KHÁCH HÀNG BẢO HIỂM NHÂN THỌ,https://www.facebook.com/groups/bvqlkhbhnt/posts/1325814172755161/,Học để hiểu nghề giữ nghiệp! Học để làm nghề tử tế! Học để tự tin chốt HD! Học để biết rằng mình bảo vệ được KH trọn vẹn!,12,12,0,0,0,,,0,0,0,0,0,0/0 (0%),Normal,
6,BẢO VỆ QUYỀN LỢI KHÁCH HÀNG BẢO HIỂM NHÂN THỌ,https://www.facebook.com/groups/bvqlkhbhnt/posts/1325883226081589/,"🌟 LẦN ĐẦU TIÊN THAM DỰ KHÓA THẨM ĐỊNH KÊ KHAI BẢO HIỂM A–Z 🌟 Lần đầu tiên Phước được tham dự khóa Thẩm định Kê khai Bảo hiểm từ A–Z, được học và thực hành sơ bộ quy trình kê khai khi lên Hồ sơ Yêu cầu Bảo hiểm (HSYCBH). ⏰ Từ 19h30 đến gần 1h00 sáng ngày 03.09.2026 – một buổi học thật sự nhiều kiến thức và rất đáng giá. Đây là một khóa học vô cùng hữu ích dành cho những Tư Vấn Tài Chính chuyên nghiệp và tận tâm, bởi để bảo vệ tốt quyền lợi khách hàng, người tư vấn cần hiểu rõ: ✅ Kê khai đúng – đủ – trung thực ✅ Nhận biết những thông tin cần kê khai và cách kê khai phù hợp ✅ Hiểu quy trình thẩm định hồ sơ từ A–Z ✅ Tuân thủ quy định pháp luật và quy trình của doanh nghiệp ✅ Hạn chế rủi ro cho khách hàng khi phát sinh yêu cầu giải quyết quyền lợi sau này. Với Phước, tư vấn không chỉ là giúp khách hàng tham gia một hợp đồng, mà còn là trách nhiệm đồng hành để hồ sơ được thực hiện đúng ngay từ đầu, từ đó góp phần bảo vệ quyền lợi khách hàng một cách tốt nhất. 🙏 Cảm ơn Thầy Ngô Hà Minh đã tận tâm chia sẻ một khóa học thực tế, chuyên sâu và vô cùng bổ ích. Học thêm một chút – hiểu sâu hơn một chút – để ngày càng phục vụ và bảo vệ khách hàng tốt hơn. ❤️ #PhamThanhPhuoc #ThamDinhKeKhai #HSYCBH #TuVanTaiChinhChuyenNghiep #BaoVeQuyenLoiKhachHang #HocDePhucVu #NgheTuTam",10,10,0,0,0,,,0,0,0,0,0,0/0 (0%),Normal,
7,BẢO VỆ QUYỀN LỢI KHÁCH HÀNG BẢO HIỂM NHÂN THỌ,https://www.facebook.com/groups/bvqlkhbhnt/posts/1325964579406787/,"Cấm có thấy ai phốt” sao tôi mua ô tô lại mất tiền, tôi có đi đâu, mua về ngắm đấy chứ” hoặc” ô sao xe buýt không chờ tui, chậm có 2p thôi mà đi luôn òi” So sánh như này có dễ hiểu không mọi người. Cứ nói sao cho khách hàng hiểu- thoải mái thì sẽ ít khi người ta phốt lắm. #sosanh #bhyt #bhsk",5,5,0,0,0,,,0,0,0,0,0,0/0 (0%),Normal,
8,BẢO VỆ QUYỀN LỢI KHÁCH HÀNG BẢO HIỂM NHÂN THỌ,https://www.facebook.com/groups/bvqlkhbhnt/posts/1327109432625635/,"Lại thêm một lớp học từ 19h30 đến 01h sáng ngày hôm sau. Trước đây, anh xã mình hay thắc mắc: Sao học muộn vậy em? Con trai thì: mẹ đi ngủ với con đi. Nhưng giờ khi thấy vợ ngồi trước máy tính và giọng nói của thầy Minh vang lên là 2 bố con lặng lẽ đưa nhau đi chơi rồi về tự dỗ nhau ngủ. Thêm một lớp học từ 19h30 đến 01h sáng ngày hôm sau. Trước đây, anh xã mình hay thắc mắc: Sao học muộn vậy em? Con trai thì: mẹ đi ngủ với con đi. Nhưng giờ khi thấy vợ ngồi trước máy tính và giọng nói của thầy Minh vang lên là 2 bố con lặng lẽ đưa nhau đi chơi rồi về tự dỗ nhau ngủ. Lớp học hôm nay đưa cho các học viên kiến thức về kê khai hồ sơ y tế theo yêu cầu của từng công ty bảo hiểm. Đối với những tư vấn viên mới như mình thì việc kê khai làm sao để đảm bảo được quyền lợi cho khách hàng khi phát sinh sự kiện bảo hiểm là vấn đề được quan tâm hàng đầu. Học xong lớp này, mình biết việc kê khai phải đảm bảo các yếu tố sau: + Đọc và hiểu rõ đơn yêu cầu bảo hiểm + Kiểm tra lại lịch sử khám chữa bệnh : Vssid, kết quả thăm khám,… + Nhận biết thông tin cần kê khai + Kê khai đúng và đủ theo đơn yêu cầu bảo hiểm. Việc mình làm chuẩn chỉ ngay từ đầu sẽ giúp cho khách hàng tránh được những rắc rối với bộ phận thẩm định khi có sự kiện bảo hiểm xảy ra. Đó cũng là cách giúp mình có thể yên tâm làm nghề và đồng hành lâu dài cùng khách hàng. Cảm ơn thầy Minh đã chia sẻ không mệt mỏi những kiến thức bổ ích và thực tế. Cảm ơn các bạn học viên đã sôi nổi phát biểu ý kiến để mình tiếp thu thêm được nhiều kiến thức. Hẹn gặp các bạn trong lớp học tiếp theo. THANKS ALL 💖💖💖💖💖",36,36,0,0,19,unknown,Tich cuc,8,6,1,0,0,1/15 (6.7%),Normal,
9,BẢO VỆ QUYỀN LỢI KHÁCH HÀNG BẢO HIỂM NHÂN THỌ,https://www.facebook.com/groups/bvqlkhbhnt/posts/1327618322574746/,"Hôm quangày thứ 7, 05/09/2026, Phước đã hoàn thành khoá học Đại Lý Chuyên Nghiệp của Thầy Ngô Hà Minh. Một khoá học rất hữu ích và rất thực tế khi được thay đổi góc nhìn và tuy duy về Nghề Bảo Hiểm một cách chuyên nghiệp nhất. Lớp học thầy đã cho tất cả các học viên vừa học vừa thực hành các tình huống thực tế để hiểu sâu hiểu đúng hiểu đủ bản chất của vấn đề và tư duy logic hợp lý hợp tình khi đại lý đối mặt xử lý các ca khó trong giải quyết HSYCBH 1. Tri thức gỡ thư thoả thuận các bệnh lý đã tồn tại trước khi tham gia bảo hiểm: tiền đình, đau lưng và suy giãn tình mạch , ... mà không cần khám y khoa 🙂 2. KH bị ra thư loại trừ đau lưng và những biến chứng liên quan. Cả KH và TVV không phục. Thầy đã cho cả lớp thực hành TVV cần làm gì để gỡ thư... 3. Bài tập gỡ tiền đình bằng tình huống thực tế. 4. Hiểu rõ thuật ngữ khi điều trị bệnh ""CẦN THIẾT VỀ MẶT Y KHOA"" 5. Đọc hiểu rõ hồ sơ y tế cho các bệnh và các chỉ số xét nghiệm, lâm sàn, cận lâm sàng.... Đây là năng lực rất cần thiết cho TVV . Bệnh rác, đẻ Bệnh trong HSYT khi khám BHYT... 6. Tri thức claim thành công dù đang bị tạm hoãn hoặc từ chối bảo hiểm. 7. Thấu cảm góc nhìn thẩm định HSYCBH và giải quyết claim quyền lợi khách hàng. Hoá vai vào thẩm định để hiểu cần gì và làm gì cho quy trình thẩm định và claim. Năng lực giúp thẩm định tin vào điều cần phải chứng minh cả về LÝ VÀ TÌNH 8. Quy trình claim quyền lợi tai nạn bệnh thành công Hoàn thành khoá học Đại Lý Chuyên Nghiệp này giúp Phước thấu cảm để tự tin với nghề và BẢO VỆ QUYỀN LỢI KHÁCH HÀNG sau này. Phước chân thành cám ơn thầy Ngô Hà Minh đã dạy cho Phước và cả lớp cả kiến thức và lối tư duy logic khi xử lý bảo vệ quyền lợi khách hàng sau này. Chúc cho CỘNG ĐỒNG BẢO VỆ QUYỀN LỢI KHÁCH HÀNG sẽ giúp cho ngành BẢO HIỂM VIỆT NAM phát triển mạnh mẽ trong thời gian tới .",9,9,0,0,0,,,0,0,0,0,0,0/0 (0%),Normal,
10,BẢO VỆ QUYỀN LỢI KHÁCH HÀNG BẢO HIỂM NHÂN THỌ,https://www.facebook.com/groups/bvqlkhbhnt/posts/1327620742574504/,"Em cứ tưởng là “kê khai trung thực tuyệt đối”, có gì khai hết, là có lợi cho khách, nhưng hóa ra lại khiến mọi vấn đề phức tạp hơn! Em cũng từng lo lắng, kê khai từ khi sinh ra thì làm sao mà nhớ nổi! Với biết đâu mà lần! Nhưng may quá, học L1 của thầy quá xứng đáng luôn! Em chờ lớp này mãi, cứ nghĩ lớp đầu tiên mình học phải là lớp “thẩm định kê khai bảo hiểm”, mà tận đến hôm nay mới học! Giá trị thật! 🥰🥰 Biết ơn thầy Ngô Hà Minh và lớp mình, quá tuyệt vời cho lớp học từ 19h30 đến tận 1h sáng luôn ạ ! 😍Và thật là ưng quá: tinh thần của em vẫn là “Giải nhất cá nhân” 😁 Em phát biểu chủ yếu để mở mang đầu óc chứ không phải vì “học bổng” mô nạ!😁😁",23,23,0,0,7,unknown,Tich cuc,5,2,0,0,0,0/7 (0.0%),Normal,
11,BẢO VỆ QUYỀN LỢI KHÁCH HÀNG BẢO HIỂM NHÂN THỌ,https://www.facebook.com/groups/bvqlkhbhnt/posts/1327628049240440/,"🌿 BIẾT ƠN MỘT HÀNH TRÌNH HỌC TẬP ĐÁNG GIÁ 🌿 Hôm nay, ngày 05/09/2026, Nhung chính thức hoàn thành khóa học “Đại lý chuyên nghiệp – L8/23” của Thầy Ngô Hà Minh. Một khóa học không chỉ giúp N có thêm kiến thức, mà quan trọng hơn là giúp N thay đổi cách nhìn về nghề, về hợp đồng bảo hiểm và đặc biệt là về trách nhiệm bảo vệ quyền lợi khách hàng. Nhung thật sự biết ơn Thầy Ngô Hà Minh vì những kiến thức rất thực tế và sâu sắc: 📌 Hiểu đúng về những lý do khiến bảo hiểm bị từ chối. 📌 Biết cách đọc và phân tích hồ sơ y tế chuyên sâu. 📌 Có thêm năng lực nhận diện những vấn đề trong chẩn đoán bệnh. 📌 Biết cách tháo gỡ những trường hợp tưởng như không thể giải quyết. 📌 Và quan trọng nhất: luôn đặt quyền lợi khách hàng lên hàng đầu. Sau khóa học, Nhung càng hiểu rằng làm nghề bảo hiểm không đơn thuần là tư vấn một hợp đồng, mà còn là đồng hành, bảo vệ và giúp khách hàng nhận đúng những quyền lợi mà mình xứng đáng được nhận. Chặng đường phía trước chắc chắn vẫn còn rất nhiều điều phải học. Nhưng N tin rằng, mỗi ngày hiểu thêm một chút, làm nghề tử tế hơn một chút, thì mình sẽ có thể mang đến nhiều giá trị hơn cho khách hàng. Biết ơn khóa học – biết ơn người Thầy – và biết ơn hành trình mình đang đi. ❤️ Dương Thị Nhung 😍 Bảo vệ quyền lợi khách hàng – Trao đúng giá trị bảo hiểm ❤️",17,17,0,0,4,unknown,Tich cuc,2,2,0,0,0,0/4 (0.0%),Normal,
12,BẢO VỆ QUYỀN LỢI KHÁCH HÀNG BẢO HIỂM NHÂN THỌ,https://www.facebook.com/groups/bvqlkhbhnt/posts/1327979585871953/,"TUẦN ĐẦU TIÊN CỦA THÁNG 09 Kiểu gì mà bận không nhúc nhích được luôn. 😂 📌 01/09: Chở bạn nhỏ đi thăm bà cố. 📌 02/09: Về quê ăn trực. 🤣 📌 03/09: Bận việc cả ngày, tối từ 19h30 học liên tục tới gần 1h sáng hôm sau. Dã man thiệt! 🤣 Tội nghiệp thầy, mà học viên cũng díu hết mắt nhưng không dám rời Zoom. Sau lớp học “Thẩm định & Kê khai Bảo hiểm từ A đến Z”, mình mới nghiệm ra một điều: ⚠️ Mua bảo hiểm, sợ nhất là kê khai thiếu hoặc khai không chính xác, dẫn đến rủi ro không được chi trả sau này. Thấm nhất một câu: HỎI GÌ, TRẢ LỜI ĐÓ TRUNG THỰC VÀ ĐÚNG PHẠM VI. 🫠 Nghe thì đơn giản, nhưng để hỗ trợ khách hàng làm đúng lại cực kỳ chi tiết: 🔹 Phải nhận diện chính xác các cột mốc thời gian trong phiếu câu hỏi. 🔹 Câu hỏi nào có giới hạn thời gian: 1 năm, 3 năm, 5 năm… 🔹 Câu hỏi nào không giới hạn mốc thời gian và cần hiểu phạm vi kê khai đến đâu? 🔹 Khám nhưng chưa có kết luận cuối cùng thì kê khai ra sao? 🔹 Đã có phác đồ điều trị hoặc mới được chẩn đoán thì cần cung cấp giấy tờ gì? Trước giờ, với tâm lý muốn bảo vệ quyền lợi cho khách, mình luôn rất thận trọng trong việc kê khai. Có thông tin về sức khỏe là mình thường muốn khách cung cấp đầy đủ, thậm chí những nội dung khách chưa được hỏi mình cũng muốn kiểm tra lại cho chắc. Nhưng sau khi học sâu hơn, mình mới hiểu: Kê khai chuẩn không phải là cứ khai thật nhiều. Mà là: HIỂU ĐÚNG → TRẢ LỜI ĐÚNG → ĐỦ PHẠM VI ĐƯỢC YÊU CẦU. Cẩn thận là tốt. Nhưng trong kê khai bảo hiểm, cẩn thận thôi chưa đủ. Phải hiểu mình đang được hỏi điều gì. Học tới nửa đêm, càng đọc kỹ Luật Kinh doanh Bảo hiểm và Thông tư 67/2023/TT-BTC, mình càng thấy trách nhiệm của người tư vấn lớn đến chừng nào. Cái gì chưa biết thì học cho rõ. Cái gì chưa chuẩn thì chỉnh ngay. 👉👉👉 Hiểu đúng – Làm chuẩn ngay từ đầu thì nhẹ lòng về sau. Mình muốn được bảo vệ thế nào, thì mình cũng chăm sóc khách hàng trọn vẹn y như vậy. Cảm ơn tâm huyết của Thầy và các anh chị BTC lớp học rất nhiều. Lần đầu tiên, Rồi sẽ có nhiều lần tiếp theo, Hẹn gặp lại thầy ở lớp học kế tiếp 🥰 Ps: Trễ so với quy định nhưng là cảm xúc thật của em 🥰🥰🥰🥰🥰",13,13,0,0,6,unknown,Tich cuc,4,1,0,0,0,0/5 (0.0%),Normal,
13,BẢO VỆ QUYỀN LỢI KHÁCH HÀNG BẢO HIỂM NHÂN THỌ,https://www.facebook.com/groups/bvqlkhbhnt/posts/1328014389201806/,"Ông thầy Min Min hỏi: “Sau khi tốt nghiệp lớp L8, anh chị có thấy bài giảng của thầy có giống với nội dung này không?” 😅 ☘️☘️☘️ Đính kèm hình ảnh 👇👇👇 ☘️☘️☘️☘️☘️ Và đây là những giá trị mà tui nhận được sau 1 ngày vật vã ngồi học. Có những lúc cả lớp phải “giành nói” với thầy vì thầy hỏi thì phải trả lời thật nhanh, chưa kịp trả lời xong thì… thầy chặn luôn câu trả lời 🤣 Cảm ơn tâm huyết của thầy! Đến lớp thứ 2 thì tui mới hiểu rõ hơn cách thầy dạy: Mình phải tự tư duy, thầy mới biết mình đang hỏng chỗ nào để thầy gỡ. Chứ mà chọn phương án để thầy tự nói thao thao một mình thì… thầy OUT ngay và luôn. 🥳 👉 Học xong mới nhận ra, có những điều trước đây mình tưởng không thể thay đổi, nhưng thực tế vẫn có thể được xem xét và xử lý trong giới hạn pháp luật cho phép. 👉 Có những câu từ trước đây mình đọc nhưng không thật sự chú ý, chẳng hạn như “không cần thiết về mặt y khoa”. Giờ thì mình hiểu hơn vì sao cùng một tên bệnh nhưng có khách hàng được thanh toán quyền lợi, có khách hàng lại không được thanh toán quyền lợi. Không phải cứ nhìn vào tên bệnh là có thể kết luận. 👉 Được học thêm về cách đọc hiểu hồ sơ y tế, các quy định pháp luật liên quan và cách tư duy khi xử lý một hồ sơ. Và khắc phục được tình trạng: được bonus những căn bệnh không đáng có 😩 👉 Hiểu hơn về việc nếu cần tháo gỡ một thư thỏa thuận cho khách hàng thì cần chuẩn bị như thế nào, đưa ra những lựa chọn phù hợp ra sao để khách hàng hiểu, đồng thuận và cảm thấy được tôn trọng. ☘️ Trước khi ký thư thỏa thuận gở thư thế nào? ☘️ Hợp đồng đã ký gở thư thỏa thuận ra sao? 👉 Học cách thực hiện video với khách hàng trong những trường hợp phù hợp, làm sao để thông tin được trình bày trung thực, rõ ràng và có cơ sở. Và đặc biệt… 👉👉👉 TRI THỨC ĐỌC HIỂU HỒ SƠ Y TẾ. Đến đoạn này thì tui nói thật: Phê hơn chữ phê! 😂 Bởi vì trước đây mình hời hợt ngay cả chính HSYT của bản thân và của gia đình. Còn khách hàng thì đã có bộ phận chuyên môn hỗ trợ 😩 Nhưng học rồi mới thấy, đọc hồ sơ không đơn giản là đọc tên bệnh. Phải biết đặt câu hỏi, biết đối chiếu, biết tìm những thông tin liên quan và quan trọng nhất là không vội kết luận khi mình chưa hiểu đủ hồ sơ. Rồi cả 👉👉👉 cách tư duy về claim: Trước khi ký thư thỏa thuận thì cần hiểu gì? Sau khi đã ký hợp đồng thì cần nhìn vấn đề như thế nào? Càng học càng thấy nghề này không chỉ là biết sản phẩm để bán hàng. Mà còn phải có tri thức để hiểu hợp đồng, hiểu hồ sơ, hiểu quyền lợi và biết bảo vệ quyền lợi khách hàng trong phạm vi pháp luật cho phép. 👉👉👉 Thêm nữa là được xem những tình huống thực tế được đưa ra trong lớp, để hiểu thêm vì sao bảo hiểm đôi khi bị ví von là “Đảo lửa”. Bởi có những trường hợp mà nếu không được tận mắt nhìn vào hồ sơ, dữ liệu và tình huống cụ thể thì thật sự rất khó hình dung: có những người đã không còn nữa nhưng trong lịch sử khám chữa bệnh vẫn xuất hiện thông tin khám bệnh sau đó. Có những trường hợp việc tiết kiệm mẫu xét nghiệm lại dẫn đến những tình huống oái oăm trong lịch sử thăm khám. 😅 ….. Đó là những “con sâu làm sầu nồi canh” mà người làm nghề cần phải thận trọng. Không phải để nghi ngờ tất cả. Mà để hiểu rằng đọc hồ sơ y tế cần sự cẩn trọng, đối chiếu và tư duy, bởi chỉ một chi tiết bất thường cũng có thể khiến mình phải đặt thêm rất nhiều câu hỏi. Đúng là: 𝐆𝐨̃ 𝐜𝐮̛̉𝐚 𝐭𝐡𝐢̀ 𝐜𝐮̛̉𝐚 𝐦𝐨̛̉. 𝐊𝐡𝐢 𝐦𝐢̀𝐧𝐡 𝐭𝐡𝐚̣̂𝐭 𝐬𝐮̛̣ 𝐬𝐚̆̃𝐧 𝐬𝐚̀𝐧𝐠, 𝐧𝐠𝐮̛𝐨̛̀𝐢 𝐭𝐡𝐚̂̀𝐲 𝐬𝐞̃ 𝐱𝐮𝐚̂́𝐭 𝐡𝐢𝐞̣̂𝐧. Với lớp L8 này thì chắc tui phải tua đi tua lại rất nhiều lần mới tiêu hóa hết được những gì thầy Min Min truyền lại. 😂 Cảm ơn thầy vì sự tận tâm và cách dạy khiến tụi em không thể ngồi học theo kiểu nghe cho xong. Thương thầy phải ngồi đó giảng, trong khi tụi em có thể… tắt cam đi giải quyết “nỗi sầu”. 🤣🤣🤣 Học để hiểu nghề. Học để làm nghề tử tế. Học để tự tin hơn khi đồng hành và bảo vệ quyền lợi khách hàng. Cảm ơn thầy thật nhiều! ❤️",15,15,0,0,13,unknown,Trung lap,6,7,0,0,0,0/13 (0.0%),Normal,
14,BẢO VỆ QUYỀN LỢI KHÁCH HÀNG BẢO HIỂM NHÂN THỌ,https://www.facebook.com/groups/bvqlkhbhnt/posts/1328336422502936/,,5,5,0,0,1,unknown,Tich cuc,1,0,0,0,0,0/1 (0.0%),Normal,
15,BẢO VỆ QUYỀN LỢI KHÁCH HÀNG BẢO HIỂM NHÂN THỌ,https://www.facebook.com/groups/bvqlkhbhnt/posts/1328337275836184/,,3,3,0,0,0,,,0,0,0,0,0,0/0 (0%),Normal,
16,BẢO VỆ QUYỀN LỢI KHÁCH HÀNG BẢO HIỂM NHÂN THỌ,https://www.facebook.com/groups/bvqlkhbhnt/posts/1328436205826291/,"🎓 Tốt nghiệp lớp Đại lý chuyên nghiệp L8 ❤️ Càng học càng thấy một sự thật khá đau lòng: não đã được nâng cấp, nhưng cần thêm thời gian để khởi động lại 😂 Cảm ơn thầy Ngô Hà Minh đã mang đến một lớp học không chỉ có kiến thức bảo hiểm mà còn mở ra thêm rất nhiều góc nhìn mới. Học xong em thấy mình ""hiểu biết"" hơn 1 chút, tự tin hơn 1 xíu… và cũng nhận ra mình còn phải học dài dài 😆 Đặc biệt, em Ann xin chân thành cảm ơn các anh chị đã thả tim, like, chia sẻ bài tốt nghiệp L1 lần trước để em có thêm học bổng học tiếp L8 này 😂 Và tham vọng của em vẫn còn rất lớn: học – học nữa – học mãi phải không ạ? Nên nếu mọi người vẫn thương em thì **thả tim, chia sẻ bài giúp em săn thêm học bổng nha ạ** 😂❤️ **Học để hiểu – hiểu để bảo vệ KH – vì KH chính là yếu tố quan trọng nhất giúp cho chúng ta làm nghề lâu dài **😂 --> nghĩa đen kaka **-----** P/S: Tóm tắt các love đã học Học L1: chồng bảo “Cả lớp em không cần ngủ à?” Học L8: chồng bảo “Cả lớp em không cần ăn à?” #bvqlkh",35,35,0,0,20,unknown,Trung lap,4,15,0,0,0,0/19 (0.0%),Normal,
17,BẢO VỆ QUYỀN LỢI KHÁCH HÀNG BẢO HIỂM NHÂN THỌ,https://www.facebook.com/groups/bvqlkhbhnt/posts/1329130625756849/,"❌ BẠN KHÔNG NÊN THAM GIA BẢO HIỂM 👉Bạn không nên tham gia Bảo hiểm nếu bạn nghĩ bạn dùng BH để nằm viện, điều trị khám chữa bệnh. Vì nếu bạn may mắn không bệnh tật, bạn sẽ thấy BH tốn tiền, không có xài đc gì. 👉 Bạn không nên tham gia Bảo hiểm để được đền tiền. Vì để có tiền phải bệnh nặng cơ, phải tu vong cơ, phải bị gì đó tổn thương sức khỏe cơ. Mà ai muốn có tiền mà mình phải bị bệnh chứ. 👉 Bạn cũng đừng nên tham gia Bảo hiểm vì nghĩ có lời, sau này rút ra sẽ lời so với vốn đóng, còn được bảo vệ miễn phí. Bởi đó chỉ là cạm bẫy lòng tham. Vì Bảo hiểm k phải là ngân hàng nên không thể vừa đảm bảo tích lũy cao mà vừa bảo vệ trọn vẹn tài chính được. Bảo hiểm cũng k phải đơn vị từ thiện mà bảo vệ với giá trị bằng cả tài sản lớn mà không thu phí. ✅ BẠN CHỈ NÊN THAM GIA BẢO HIỂM KHI BẠN CÓ NỖI SỢ. 👉 Bạn nên tham gia Bảo hiểm khi và chỉ khi bạn sợ lỡ nằm viện, tài chính tích lũy bấy lâu sẽ hóa thành viện phí, như nước chảy lỗ thủng mà không cách nào ngăn lại đc, chẳng thể trả giá cũng chẳng thể mượn vay. 👉 Bạn nên tham gia Bảo hiểm khi và chỉ khi bạn sợ Lỡ khi sức khỏe có vấn đề, phải thời gian dài tập trung tinh thần, nhân lực, tâm sức để chữa bệnh, ngoài tiền dành dụm cả đời tích cóp phải dùng ngoài việc chữa bệnh, còn là bù đắp thu chi vào những ngày chữa bệnh không có nguồn thu. 👉 Bạn nên tham gia Bảo hiểm không phải để có tiền phải tu vòng, mà là nỗi sợ khi mình rời xa, mình vẫn còn để lại quỹ dự phòng đã chuẩn bị trước đó tương đương 5-10 năm thu nhập đủ để báo hiếu, đủ để con cái trưởng thành, đủ để gồng gánh cùng người bạn đời như lời thề khi đến với nhau, để sau mất mát tinh thần không phải là hệ lụy kiệt quệ bế tắc tài chính. Đó chính là trách nhiệm với những người mình yêu thương ngay khi đã rời xa. ❌ BẢO HIỂM ĐỪNG MUA ĐỂ XÀI, KHI BẠN KHÔNG XÀI DC, KHÔNG NHƯ MONG CẦU CÓ LỜI. BẠN CHO RẰNG BẢO HIỂM LUA ĐAO. ✅ HÃY THAM GIA VÌ CHÍNH BẢO HIỂM GIẢI QUYẾT ĐƯỢC NỖI LO MÀ KHÔNG THỂ CÓ GIẢI PHÁP NÀO THAY THẾ ĐƯỢC. Đừng để mình rơi vào hoàn cảnh ĐỐN CỦI 3 NĂM, ĐỐT TRONG 1 GIỜ. #Vip135Baovequyenloikhachhang",6,6,0,0,2,unknown,Trung lap,0,2,0,0,0,0/2 (0.0%),Normal,
18,BẢO VỆ QUYỀN LỢI KHÁCH HÀNG BẢO HIỂM NHÂN THỌ,https://www.facebook.com/groups/bvqlkhbhnt/posts/1330286105641301/,"Có bạn nào đang là tư vấn Pru. Mình xin nhờ giúp, khách mình không may ngã, đang nhập viện có gói nội trú của pru Cảm ơn rất nhiều",1,1,0,0,1,unknown,Trung lap,0,1,0,0,0,0/1 (0.0%),Normal,
19,BẢO VỆ QUYỀN LỢI KHÁCH HÀNG BẢO HIỂM NHÂN THỌ,https://www.facebook.com/groups/bvqlkhbhnt/posts/1330758742260704/,VIP145 thân yêu 😊,3,3,0,0,1,unknown,Tich cuc,1,0,0,0,0,0/1 (0.0%),Normal,
20,BẢO VỆ QUYỀN LỢI KHÁCH HÀNG BẢO HIỂM NHÂN THỌ,https://www.facebook.com/groups/bvqlkhbhnt/posts/1331554745514437/,"Các bác ơi, bố em bị tai nạn, phải đưa vào Việt Đức mổ và mổ xong rồi, nhưng bây giờ họ không có phòng, thì nếu em chuyển sang Vinmec nằm thì em có được chi trả hay không ạ? Em tham gia thẻ Pru nâng cao Có sợ bị bên BH quy là trục lợi bảo hiểm không ạ?",8,8,0,0,5,unknown,Tich cuc,3,1,0,1,0,0/4 (0.0%),Normal,
21,BẢO VỆ QUYỀN LỢI KHÁCH HÀNG BẢO HIỂM NHÂN THỌ,https://www.facebook.com/groups/bvqlkhbhnt/posts/1333146435355268/,Sao mà phải mua bảo hiểm ☺️,1,1,0,0,0,,,0,0,0,0,0,0/0 (0%),Normal,
22,BẢO VỆ QUYỀN LỢI KHÁCH HÀNG BẢO HIỂM NHÂN THỌ,https://www.facebook.com/groups/bvqlkhbhnt/posts/1333707821965796/,"19h30 tối nay 14.9.2026 bạn nhé 🥰 📌KH chợt nhớ ra mình có thông tin bệnh lý lỡ kê khai sai hoặc thiếu ngày trước! 📌TVV giờ mới hiểu những bệnh lý cũ đã khuyên khách hàng đừng kê khai là vô tình vi phạm nguyên tắc trung thực! Đó là lúc bạn cần tri thức KÊ KHAI BỔ SUNG HDBH AZ giúp Khách hàng: 1. Vẫn giữ được hợp đồng cũ, thậm chí gỡ luôn thư thoảng Thuận loại trừ cho những bệnh lý kê khai bổ sung! Hợp đồng tiếp tục được duy trì Trọn vẹn! 2. Hợp đồng được hủy, khách hàng nhận về phí đã đóng! Liệu đây có phải năng lực cần thiết của một tư vấn viên bảo hiểm? Nếu câu trả lời của bạn là KHÔNG, vui lòng hãy bỏ qua lớp L3/23 KÊ KHAI BỔ SUNG HỢP ĐỒNG BẢO HIỂM AZ này nhé ☺️ Nếu bạn muốn tìm hiểu, hãy 1. Để lại comment ""kê khai bổ sung hợp đồng bảo hiểm"" hoặc 2. Liên hệ BQT anh La Manh Dat chị Nhien Pham hoặc 3. Hotline 0562777788 Trân trọng./. @mọi người",17,17,0,0,5,unknown,Trung lap,0,3,0,2,0,0/3 (0.0%),Normal,
23,BẢO HIỂM NHÂN THỌ - Hội chuyên viên tư vấn,https://www.facebook.com/groups/baohiemnhantho.chuyenvien/posts/1616319619952338/,"Trong nhóm mình có anh/chị nào đang làm tư vấn bảo hiểm không ạ? Mình đang muốn kết nối thêm với một số anh/chị tư vấn ở các khu vực khác nhau. Thỉnh thoảng bên mình có người hỏi về bảo hiểm nhưng không phải nhu cầu nào mình cũng có người phù hợp để hỗ trợ. Nên muốn làm quen thêm với mọi người, sau này nếu có trường hợp phù hợp thì có thể hỗ trợ và kết nối cho nhau 😊 Anh/chị đang làm khu vực nào và chuyên dòng bảo hiểm nào có thể comment giao lưu nhé.",40,40,0,0,66,unknown,Spam,4,7,0,51,0,0/11 (0.0%),Normal,
24,BẢO HIỂM NHÂN THỌ - Hội chuyên viên tư vấn,https://www.facebook.com/groups/baohiemnhantho.chuyenvien/posts/1616406523276981/,"CHÀO MỪNG QUỐC KHÁNH 02/09 Độc lập, tự do là những giá trị vô giá được vun đắp, gìn giữ và trao truyền qua nhiều thế hệ. Để hôm nay, mỗi chúng ta được sống, được theo đuổi những điều tốt đẹp và vững tin hướng tới một tương lai tốt đẹp hơn. Nhân dịp Quốc khánh 02/09, AIA Việt Nam kính chúc Quý khách hàng và gia đình một kỳ nghỉ lễ ý nghĩa, trọn vẹn niềm vui bên những người thân yêu. Cùng trân quý những giá trị được trao truyền và tiếp tục vững bước trên hành trình Sống Khỏe hơn, Lâu hơn, Hạnh phúc hơn. #PhúBảoHiểm #BảoHiểmViệnPhí #BảoHiểmSứcLaoĐộng #BảoHiểmChoNgườiTrụCột #BảoHiểmBệnhHiểmNghèo",0,0,0,0,0,,,0,0,0,0,0,0/0 (0%),Normal,
25,BẢO HIỂM NHÂN THỌ - Hội chuyên viên tư vấn,https://www.facebook.com/groups/baohiemnhantho.chuyenvien/posts/1616423609941939/,"11 triệu tỷ đồng – là số tiền người dân Việt Nam đang gửi tại ngân hàng. Trong khi đó, chỉ khoảng 11–12% dân số có bảo hiểm nhân thọ. Điều này cho thấy: người dân không thiếu tiền để bảo vệ mình, mà chúng ta chưa giúp họ nhìn thấy đủ rõ giá trị của sự bảo vệ. Tiền gửi giúp tích lũy khi cuộc sống bình thường. Bảo hiểm giúp bảo vệ kế hoạch tài chính khi điều không bình thường xảy ra. Vì vậy, người tư vấn hôm nay không chỉ cần “bán một hợp đồng”, mà cần giúp khách hàng hiểu rủi ro, hiểu nhu cầu và hiểu vì sao một phần tài sản nên được dành cho sự bảo vệ. Khoảng trống của thị trường không nằm ở tiền. Nó nằm ở niềm tin, nhận thức và cách chúng ta tư vấn. ❤️✅Còn rất nhiều gia đình đang có khả năng tài chính, nhưng chưa có một kế hoạch bảo vệ tương xứng. Đây chính là cơ hội và cũng là sứ mệnh của người làm bảo hiểm. #PhúBảoHiểm #BảoHiểmViệnPhí #BảoHiểmSứcLaoĐộng #BảoHiểmChoNgườiTrụCột #BảoHiểmBệnhHiểmNghèo",4,4,0,0,0,,,0,0,0,0,0,0/0 (0%),Normal,
26,BẢO HIỂM NHÂN THỌ - Hội chuyên viên tư vấn,https://www.facebook.com/groups/baohiemnhantho.chuyenvien/posts/1616457243271909/,GENERALI - MỪNG QUỐC KHÁNH 02/09 🇻🇳🇻🇳🇻🇳 🎁 𝐍𝐡𝐚̣̂𝐧 𝐧𝐠𝐚𝐲 𝐪𝐮𝐚̀ 𝐭𝐚̣̆𝐧𝐠 𝐭𝐢𝐞̂̀𝐧 𝐦𝐚̣̆𝐭 𝐭𝐮̛𝐨̛𝐧𝐠 đ𝐮̛𝐨̛𝐧𝐠 𝟐𝟎% 𝐡𝐨𝐚̣̆𝐜 𝟑𝟎% 𝐩𝐡𝐢́ 𝐛𝐚̉𝐨 𝐡𝐢𝐞̂̉𝐦 của thẻ sức khoẻ Generali NỘI - NGOẠI TRÚ HẠNG TIÊU CHUẨN . Cụ thể : 🔥 Tặng 30% phí thẻ sức khoẻ : Áp dụng cho Người được bảo hiểm từ 0 đến 5 tuổi. 🔥 Tặng 20% phí thẻ sức khoẻ : Áp dụng cho Người được bảo hiểm trên 5 tuổi ⏰ Thời gian áp dụng: Từ 01/09/2026 đến 30/09/2026 📩 𝐂𝐨̛ 𝐡𝐨̣̂𝐢 đ𝐞̂̉ 𝐜𝐡𝐨̂́𝐭 𝐭𝐡𝐚𝐦 𝐠𝐢𝐚 𝐭𝐡𝐞̉ 𝐬𝐮̛́𝐜 𝐤𝐡𝐨𝐞̉ 𝐆𝐞𝐧𝐞𝐫𝐚𝐥𝐢 𝐤𝐡𝐨̂𝐧𝐠 đ𝐨̂̀𝐧𝐠 𝐜𝐡𝐢 𝐦𝐨̣𝐢 𝐥𝐮̛́𝐚 𝐭𝐮𝐨̂̉𝐢. - 𝐊𝐡𝐚́𝐧𝐡 𝐇𝐚̀ 𝐁𝐚̉𝐨 𝐡𝐢𝐞̂̉𝐦 | 𝐁𝐚̉𝐨 𝐡𝐢𝐞̂̉𝐦 𝐆𝐞𝐧𝐞𝐫𝐚𝐥𝐢 - 𝑪𝒉𝒂̆𝒎 𝒔𝒐́𝒄 & đ𝒐̂̀𝒏𝒈 𝒉𝒂̀𝒏𝒉 𝒌𝒉𝒂́𝒄𝒉 𝒉𝒂̀𝒏𝒈 𝒕𝒓𝒆̂𝒏 𝒕𝒐𝒂̀𝒏 𝒒𝒖𝒐̂́𝒄 📞 09.686.739.7️⃣6️⃣ #KhanhHaBaohiem #DaiLeMung2Thang9 #QuatangGenerali #TheSucKhoeGenerali,1,1,0,0,3,unknown,Spam,0,0,0,3,0,0/0 (0%),Normal,
27,BẢO HIỂM NHÂN THỌ - Hội chuyên viên tư vấn,https://www.facebook.com/groups/baohiemnhantho.chuyenvien/posts/1616515806599386/,Minh cần tham gia bảo hiểm tích lũy kèm sức khỏe cho bản thân . Tài chính tầm 30tr. A/c nào beên bảo hiểm uy tín tư vấb giúp mình ạ. Zalo 038. 6453.523. Mình cảm ơn !,30,30,0,0,41,unknown,Spam,5,1,0,41,0,0/6 (0.0%),Normal,
28,BẢO HIỂM NHÂN THỌ - Hội chuyên viên tư vấn,https://www.facebook.com/groups/baohiemnhantho.chuyenvien/posts/1616656733251960/,"🔥 ĐỪNG CHỜ ĐẾN KHI CẦN MỚI NGHĨ ĐẾN BẢO VỆ! Chỉ từ 33K/NGÀY, bạn đã có thể chủ động chuẩn bị một lớp bảo vệ cho sức khỏe, tài chính và tương lai của cả gia đình. 💚 Bệnh tật không báo trước. Tai nạn không hẹn ngày. Nhưng sự chuẩn bị thì có thể bắt đầu ngay hôm nay. 👉 Được bảo vệ càng sớm – càng chủ động trước những rủi ro bất ngờ. Đừng chậm trễ. Đừng đợi “ngày đẹp” để bắt đầu bảo vệ chính mình và người thân. 📞 08.696.888.62 – Phạm Tuấn Anh Manulife Việt Nam",0,0,0,0,0,,,0,0,0,0,0,0/0 (0%),Normal,
29,BẢO HIỂM NHÂN THỌ - Hội chuyên viên tư vấn,https://www.facebook.com/groups/baohiemnhantho.chuyenvien/posts/1616676876583279/,"Ai chơi lễ chứ giờ em còn bận edit 🥲 Mọi người ủng hộ kênh em nha, flop quá 😤 TikTok: https://www.tiktok.com/@kietbaohiem Facebook: https://www.facebook.com/Kiet.MDRT/reel YouTube: https://youtube.com/@kietgenerali 📂 Tổng hợp một số case chi trả quyền lợi bảo hiểm gần đây: https://drive.google.com/drive/u/1/folders/1AKmh6iDXzPth7WcRSHacS_vrmBrFx9sppL3OMziwEWmlZGHUoW7jzbjAkJxjkGQC2CQ6YeQV",3,3,0,0,0,,,0,0,0,0,0,0/0 (0%),Normal,
30,BẢO HIỂM NHÂN THỌ - Hội chuyên viên tư vấn,https://www.facebook.com/groups/baohiemnhantho.chuyenvien/posts/1616677266583240/,"Ai chơi lễ chứ giờ em còn bận edit 🥲 Mọi người ủng hộ kênh em nha, flop quá 😤 TikTok: https://www.tiktok.com/@kietbaohiem Facebook: https://www.facebook.com/Kiet.MDRT/reel YouTube: https://youtube.com/@kietgenerali 📂 Tổng hợp một số case chi trả quyền lợi bảo hiểm gần đây: https://drive.google.com/drive/u/1/folders/1AKmh6iDXzPth7WcRSHacS_vrmBrFx9sppL3OMziwEWmlZGHUoW7jzbjAkJxjkGQC2CQ6YeQV",0,0,0,0,0,,,0,0,0,0,0,0/0 (0%),Normal,
31,BẢO HIỂM NHÂN THỌ - Hội chuyên viên tư vấn,https://www.facebook.com/groups/baohiemnhantho.chuyenvien/posts/1617056133212020/,"🇻🇳 CHÚC MỪNG 81 NĂM QUỐC KHÁNH NƯỚC CỘNG HÒA XÃ HỘI CHỦ NGHĨA VIỆT NAM (02/9/1945 – 02/9/2026) 🇻🇳 🌟 Hòa chung trong không khí hào hùng của ngày Tết Độc lập, sắc đỏ rực rỡ của lá cờ Tổ quốc lại tung bay trên khắp mọi nẻo đường, thắp sáng niềm tự hào sâu sắc trong trái tim mỗi người Việt Nam. 🕊️ Trải qua 81 năm kể từ ngày Chủ tịch Hồ Chí Minh đọc bản Tuyên ngôn Độc lập, đất nước chúng ta đã đi qua một hành trình vinh quang với biết bao đổi thay. Hôm nay là dịp thiêng liêng để chúng ta cùng nhau trân trọng những giá trị của hòa bình, tự do; tự hào về những thành tựu của dân tộc và vững tin bước vào chặng đường vươn mình phía trước. 🤝 Nhân dịp Quốc khánh 2/9, Bảo hiểm PVI Khánh Hòa kính chúc Quý Khách hàng, Quý Đối tác cùng gia đình một kỳ nghỉ lễ thật nhiều niềm vui, bình an và trọn vẹn khoảnh khắc ý nghĩa bên những người thân yêu. 🎆 Kính chúc mọi gia đình luôn an khang, thịnh vượng. Chúc cho Tổ quốc Việt Nam ngày càng phồn vinh và vững mạnh! ━━━━━━━━━━━━━━━━━━━━━ 🏢 BẢO HIỂM PVI KHÁNH HÒA – ĐỒNG HÀNH VÌ CUỘC SỐNG AN TOÀN ☎️ Hotline: 094.240.2779 📍 Địa chỉ: STH28A.03, Đường số 13, KĐT Lê Hồng Phong II, Nha Trang, Khánh Hòa. 🌐 Website: https://pvikhanhhoa.com",0,0,0,0,0,,,0,0,0,0,0,0/0 (0%),Normal,
32,BẢO HIỂM NHÂN THỌ - Hội chuyên viên tư vấn,https://www.facebook.com/groups/baohiemnhantho.chuyenvien/posts/1617139329870367/,"MỘT CƠ HỘI HỢP TÁC CHO ANH/CHỊ LÀM BẢO HIỂM Làm bảo hiểm có một lợi thế rất lớn: anh/chị đã có sẵn mạng lưới khách hàng. Bên mình đang phát triển chuỗi 500 SPA trên toàn quốc. Anh/chị chỉ cần giới thiệu, kết nối khách hàng. Công ty lo mặt bằng, kỹ thuật viên, đào tạo, quy trình, marketing và vận hành. Công ty còn tài trợ voucher để anh/chị gửi tặng khách hàng, vừa mang lại lợi ích thiết thực vừa duy trì mối quan hệ lâu dài. Chia lợi nhuận 60% – 40%. Không cần đầu tư vốn. Muốn tìm hiểu mô hình, IB mình trao đổi nhé!",0,0,0,0,0,,,0,0,0,0,0,0/0 (0%),Normal,
33,BẢO HIỂM NHÂN THỌ - Hội chuyên viên tư vấn,https://www.facebook.com/groups/baohiemnhantho.chuyenvien/posts/1617223906528576/,"🎉 CHÀO MỪNG THÀNH VIÊN MỚI ĐẾN VỚI NHÓM! 🎉 Xin gửi lời chào nồng nhiệt đến tất cả các bạn vừa tham gia cùng gia đình chung của chúng ta 💐 Rất vui khi được kết nối cùng những người bạn có chung mối quan tâm. 👉 Hãy cùng nhau chia sẻ, học hỏi và lan tỏa những giá trị tích cực 👉 Các bạn vui lòng tuân thủ Quy tắc cộng đồng và Quy tắc nhóm để tránh bài viết bị từ chối! 💖 Chúc bạn sẽ có những trải nghiệm thú vị và hữu ích trong nhóm! Ngô Hải, Nguyệt Dương Lê, Nguyễn Thương, Quỳnh Thúy, Bảo Lâm Stone, Nguyễn Mai, Đoàn Ngọc Ánh, Nguyễn Hằng, Phạm Thanh, Mạnh Mạnh, Thuy Trang, Nguyen Thuy, Dinh Luong Duyen, Phan Thị Thùy Trang, Le Hai Ly, Vu Quynh Trang, Trần Lan Anh, Đỗ Thị Nga, Xưởng May Túi Vải Grepaco, Dinh Hoang Anh, Nguyễn Phương, Hoa Mac, Thanh Mai, Lá Ba Cỏ, Quynh Anh, Thanh Thảo, Đinh Mai, Vy Vu, Choo Won, Nguyễn Lan, Nguyễn Cẩm Thơ, Chang Trang Chanel, Nguyễn Thị Thúy, Nguyễn Thị Lam, Trần Hữu Phú, Phương Thảo, Chuyện Nghề Của Huyền, Trương Quốc Cường, Lê Duy, Luong Tung, Huyên Thai, Thành Nhânn, Tuyển CTV bảo hiểm, Lê Ly, Ng Lan, Thành Dũng, Hà My, Huynh Thanhhuy, Nguyễn Thị Bích Hiển, Dong Thanh Nhu, Lâm Thắng, Anh Thu, Vũ Thủy, Bang Lang Hoa, Khả Nhi, Phạm Như Quỳnh, Nguyễn Hà, Hoa Đỗ, Chuyên Matcha Và Nlpc, Linh Linh, Thành Tài, Lee Dong Chun, Trần Xuân, Cải Chíp, Trần Dung, Bảo Minh, Phan Huyền Anh, Đức Ang, Mai Nguyen Nhu, Dược Sĩ Ngọc, Hương Giang, Bình Hoàng, Thu Hà Nguyễn",0,0,0,0,0,,,0,0,0,0,0,0/0 (0%),Normal,
34,BẢO HIỂM NHÂN THỌ - Hội chuyên viên tư vấn,https://www.facebook.com/groups/baohiemnhantho.chuyenvien/posts/1617244063193227/,Nhành hồng mùa Vu Lan - Bolero,0,0,0,0,0,,,0,0,0,0,0,0/0 (0%),Normal,
35,BẢO HIỂM NHÂN THỌ - Hội chuyên viên tư vấn,https://www.facebook.com/groups/baohiemnhantho.chuyenvien/posts/1617328759851424/,"Phần 1|Khách hàng yêu cầu chi trả 175 triệu, nhưng bảo hiểm chỉ trả 25 triệu và không đề cập tới 150 triệu còn thiếu ? Cùng đón xem câu chuyện thực tế của 1 khách hàng may mắn được Hưng hỗ trợ.",0,0,0,0,0,,,0,0,0,0,0,0/0 (0%),Normal,
36,BẢO HIỂM NHÂN THỌ - Hội chuyên viên tư vấn,https://www.facebook.com/groups/baohiemnhantho.chuyenvien/posts/1617435659840734/,"34 tuổi, rời ngân hàng để bắt đầu lại. Có ai từng giống tôi không? Vừa háo hức. Vừa lo lắng. Vừa hồi hộp với những điều chưa biết phía trước. Nhưng rồi tôi nhận ra… Không ai tự tin rồi mới bắt đầu. Chúng ta thường vừa sợ, vừa bước đi. 🇻🇳 Quốc khánh năm nay, tôi chọn tin vào bản thân thêm một lần nữa. ❤️🌱 #chuyennghecuaHuyen #baohiemprudential #xuhuong #quockhanh",0,0,0,0,0,,,0,0,0,0,0,0/0 (0%),Normal,
37,BẢO HIỂM NHÂN THỌ - Hội chuyên viên tư vấn,https://www.facebook.com/groups/baohiemnhantho.chuyenvien/posts/1617590013158632/,,2,2,0,0,0,,,0,0,0,0,0,0/0 (0%),Normal,
38,BẢO HIỂM NHÂN THỌ - Hội chuyên viên tư vấn,https://www.facebook.com/groups/baohiemnhantho.chuyenvien/posts/1617919696458997/,"Phần 2|Yêu cầu 175 triệu, lần đầu chỉ trả 25 triệu - Cuối cùng nhận đủ 175 triệu #baohiemnhantho #baohiemtainan #viralvideo #boithuong #khanhhungbaohiem",1,1,0,0,2,bank_insurance,Trung lap,0,1,1,0,0,1/2 (50.0%),Normal,
39,BẢO HIỂM NHÂN THỌ - Hội chuyên viên tư vấn,https://www.facebook.com/groups/baohiemnhantho.chuyenvien/posts/1618015303116103/,"Trở lại công việc sau những ngày nghỉ lễ 2-9 … người ta đi làm ăn mặc chỉnh chu có Sếp bên cạnh .. còn mình thì xách Ipad ra ngồi trò chuyện với đối tác và Đồng Đội 😅😅😋😋😋 Được cái không có Sếp 😜…chứ giờ mình là mình ngán cảnh đi làm mà phải phụ thuộc Sếp lớn, sếp nhỏ nào đó lắm ..: Làm chủ thích hơn các ACE ạ! Bạn nào thích cv kinh doanh linh hoạt làm ở nhà vẫn kiếm được thu nhập cực tốt thì cứ nhắn Mình chia sẻ cho nhé .. #MinhChauLife #GlobalBusiness #AffiliateHethong #KhoiNghiepDonGian #ThuNhapThuHai",2,2,0,0,0,,,0,0,0,0,0,0/0 (0%),Normal,
40,BẢO HIỂM NHÂN THỌ - Hội chuyên viên tư vấn,https://www.facebook.com/groups/baohiemnhantho.chuyenvien/posts/1618054523112181/,"Sau một thời gian xây đội ngũ, Huyền nhận ra: Có thể đào tạo một người chưa biết làm. Có thể hướng dẫn một người chưa có kinh nghiệm. Nhưng rất khó để thay thế sự chủ động của một người. Một nhân sự mới chưa biết cách tìm khách, Huyền có thể hướng dẫn. Chưa biết tư vấn, có thể đào tạo. Chưa biết xây Facebook, có thể cùng làm từng bước. Chưa có kết quả, quản lý có thể đồng hành để tìm nguyên nhân và điều chỉnh. Nhưng “muốn làm” thì phải đến từ chính người đó. Vì vậy bây giờ khi xây One Team, Huyền không tìm người giỏi sẵn. Huyền thích những bạn chịu học – chịu làm – chủ động và có trách nhiệm với mục tiêu của chính mình. Kinh nghiệm có thể tích lũy. Kỹ năng có thể đào tạo. Kết quả có thể cần thời gian. Nhưng tinh thần chủ động thì quản lý không thể làm thay. Xây team đôi khi không khó nhất ở chuyện tuyển được bao nhiêu người, mà là tìm được bao nhiêu người thật sự muốn cùng mình đi đường dài. 💙",0,0,0,0,0,,,0,0,0,0,0,0/0 (0%),Normal,
41,BẢO HIỂM NHÂN THỌ - Hội chuyên viên tư vấn,https://www.facebook.com/groups/baohiemnhantho.chuyenvien/posts/1618091309775169/,"Tết Trung Thu | Vững Đoàn Viên - Hay Sum Vầy Tết Đoàn Viên là dịp đê mỗi chúng ta dành thêm thời gian chăm sóc, sẻ chia và tận hưởng những khoảnh khắc sum vầy cùng gia đình. Vững đoàn viên - Hay sum vầy, khi những người mình thương luôn khỏe mạnh để cùng nhau tạo nên thật nhiều khoảnh khắc đáng nhớ. Cùng chăm sóc những người thân yêu với Giải pháp Sống khỏe toàn diện từ AIA, để mỗi mùa đoàn viên thêm vững vàng, mỗi phút sum vầy thêm trọn vẹn. Liên hệ CVTV ĐLBH AIA nhanh tay tham gia Bảo Hiểm trong dịp Trung Thu. Chúc bạn và gia đình một mùa Trung Thu thật nhiều sức khỏe, bình an và trọn vẹn yêu thương. #AIA #AOB #vungdoanvien #haysumvay #tettrungthu",0,0,0,0,0,,,0,0,0,0,0,0/0 (0%),Normal,
42,BẢO HIỂM NHÂN THỌ - Hội chuyên viên tư vấn,https://www.facebook.com/groups/baohiemnhantho.chuyenvien/posts/1618131136437853/,Bảo hiểm dân sự 279k (xe 5 chỗ biển trắng) Bảo hiểm Thân vỏ tuỳ dòng xe và đời xe ( có BH Pin cả khi Pin tổn thất riêng ) Nhận BH trước ck sau 0968.729.615 ZL Em ạ📞👍|,0,0,0,0,0,,,0,0,0,0,0,0/0 (0%),Normal,
43,BẢO HIỂM NHÂN THỌ - Hội chuyên viên tư vấn,https://www.facebook.com/groups/baohiemnhantho.chuyenvien/posts/1618181353099498/,"NỢ 5 TỶ CHƯA CHẮC LÀ VẤN ĐỀ. DÒNG TIỀN DỪNG LẠI MỚI LÀ VẤN ĐỀ. Khi vay mua nhà, chúng ta thường tính rất kỹ khoản trả hàng tháng, lãi suất và thời gian vay. Nhưng có một con số quan trọng hơn: Nếu thu nhập của người đang trả nợ dừng lại, gia đình còn đủ khả năng giữ căn nhà trong bao lâu? Bảo hiểm không có nghĩa là công ty bảo hiểm sẽ tự động trả hết khoản vay ngân hàng. Điều cần tính là khoảng trống tài chính gia đình cần được bảo vệ nếu người tạo ra dòng tiền gặp rủi ro thuộc phạm vi bảo hiểm. Và nếu đang nợ 5 tỷ, mua bảo hiểm đúng 5 tỷ liệu đã đủ? 👉 Video tiếp theo Kiệt sẽ tính thử một trường hợp cụ thể. #BaoHiemNhanTho #QuanTriRuiRo #BaoVeThuNhap #VayMuaNha #TaiChinhGiaDinh",0,0,0,0,0,,,0,0,0,0,0,0/0 (0%),Normal,
44,BẢO HIỂM NHÂN THỌ - Hội chuyên viên tư vấn,https://www.facebook.com/groups/baohiemnhantho.chuyenvien/posts/1618248049759495/,"😘🥕CƠ HỘI HỢP TÁC CÙNG ĐỘI NGŨ GENERALI TẠI HÀ NAM 🚀 Bạn đang muốn tìm một môi trường làm việc chuyên nghiệp, linh hoạt và có lộ trình phát triển rõ ràng? Đội ngũ Generali Hà Nam đang chào đón những ứng viên mong muốn phát triển trong lĩnh vực tư vấn giải pháp tài chính và chăm sóc khách hàng. ✨ Điểm nổi bật: • Có chương trình đồng hành dành cho thành viên mới trong thời gian đầu. • Chính sách ghi nhận theo kết quả và quá trình phát triển. • Được đào tạo bài bản từ kiến thức đến kỹ năng. • Làm việc trong môi trường chuyên nghiệp, có lộ trình phát triển rõ ràng. • Cơ hội học hỏi, mở rộng các mối quan hệ và phát triển bản thân. 📌 Phù hợp với: • Độ tuổi từ 25–50. • Tốt nghiệp THPT trở lên. • Có tinh thần học hỏi, chủ động và yêu thích công việc giao tiếp. Nếu bạn muốn tìm hiểu thêm về mô hình làm việc và cơ hội phát triển, hãy để lại tin nhắn để được chia sẻ thông tin chi tiết. #GeneraliVietnam #GENAPEX2026 #GENCASAHaNam.",0,0,0,0,0,,,0,0,0,0,0,0/0 (0%),Normal,
45,BẢO HIỂM NHÂN THỌ - Hội chuyên viên tư vấn,https://www.facebook.com/groups/baohiemnhantho.chuyenvien/posts/1618310499753250/,"🌿 “Đang khỏe mạnh thì mua bảo hiểm làm gì?” Đây là câu mình nghe khá nhiều. Nhưng thực ra, bảo hiểm không dành cho lúc mình đã gặp chuyện. Nó giống như chiếc ô vậy. ☀️ Trời đang nắng là lúc dễ dàng chuẩn bị nhất. 🌧 Đợi đến khi mưa rồi mới tìm ô thì đôi khi đã muộn. Khi sức khỏe còn tốt, công việc ổn định và thu nhập đều đặn, mình có nhiều lựa chọn hơn để chủ động chuẩn bị cho tương lai. Mua bảo hiểm không có nghĩa là mong điều không may xảy ra. Chỉ đơn giản là: ❤️ Nếu cuộc sống vẫn bình yên — thật tuyệt. ❤️ Nếu một ngày có biến cố — gia đình vẫn còn một phương án tài chính dự phòng. Bạn đã từng nghĩ về bảo hiểm theo cách này chưa? #BaoHiemNhanTho #BaoVeTaiChinhGiaDinh #HieuDungBaoHiem #GiaDinhAnTam #TuVanBaoHiemCoTam",2,2,0,0,1,health,Spam,0,0,0,1,0,0/0 (0%),Normal,
46,BẢO HIỂM NHÂN THỌ - Hội chuyên viên tư vấn,https://www.facebook.com/groups/baohiemnhantho.chuyenvien/posts/1618467026404264/,Em chào cac chij làm ben aviva nhe. Em có mua bảo hiểm bên avivia giờ muốn tìm hiểu kiểm tra hợp đồng của mình xem có các trợ cấp và quyền lời của hợp đồng thì vào đâu để xem ah. Mong a chị hỗ trợ giúp e ah .,12,12,0,0,14,unknown,Spam,2,3,0,9,0,0/5 (0.0%),Normal,
47,BẢO HIỂM NHÂN THỌ - Hội chuyên viên tư vấn,https://www.facebook.com/groups/baohiemnhantho.chuyenvien/posts/1618863029697997/,"💡 **CHỈ TỪ VÀI TRĂM NGHÌN/THÁNG – SỞ HỮU NGAY THẺ BẢO BẢO VIỆN PHÍ 1 TỶ ĐỒNG!** Bạn muốn giải pháp bảo vệ sức khỏe toàn diện nhưng tối ưu chi phí? **Gói Cao Cấp** chính là lựa chọn hoàn hảo nhất cho dân văn phòng và các gia đình trẻ: 🛡 Hạn mức **1 Tỷ đồng** cho MỖI bệnh/thương tật. 🛡 Tiền phòng nằm viện **3.000.000 VNĐ/ngày** (thoải mái nằm phòng tiêu chuẩn bệnh viện tư). 🛡 Bảo lãnh viện phí 24/7, không lo thanh toán trước - hoàn phí sau. 📌 Phí bảo hiểm cực kỳ tiết kiệm chỉ từ **2.730.000đ/năm** (xem bảng phí theo tuổi trên ảnh). 📞 **GĐKD LÊ QUANG LONG: 0938.744.679**",0,0,0,0,0,,,0,0,0,0,0,0/0 (0%),Normal,
48,BẢO HIỂM NHÂN THỌ - Hội chuyên viên tư vấn,https://www.facebook.com/groups/baohiemnhantho.chuyenvien/posts/1618865346364432/,⚡ **GÓI BẢO HIỂM SỨC KHỎE VIP – HẠN MỨC 2 TỶ MỖI BỆNH/THƯƠNG TẬT** • Phòng riêng bệnh viện tư/quốc tế: 6 Tr/ngày • Cấy ghép tạng: Hỗ trợ tới 1 Tỷ • Điều trị ung thư: Chi trả theo chi phí y tế thực tế • Chi phí phẫu thuật: 250 Tr/năm 📌 Bảng phí minh bạch theo từng độ tuổi (xem chi tiết trên ảnh). 📲 Inbox hoặc gọi Hotline **0938.744.679 (GĐKD Lê Quang Long)** để nhận tư vấn!,1,1,0,0,0,,,0,0,0,0,0,0/0 (0%),Normal,
49,BẢO HIỂM NHÂN THỌ - Hội chuyên viên tư vấn,https://www.facebook.com/groups/baohiemnhantho.chuyenvien/posts/1618868556364111/,"🤝TÌM KIẾM CTV GIỚI THIỆU KHÁCH HÀNG🤝 Mình đang tìm kiếm các anh/chị chuyên viên tư vấn bảo hiểm nhân thọ hợp tác giới thiệu khách hàng có nhu cầu khám chữa bệnh, khám sức khỏe, tiêm chủng… tại Bệnh viện Hồng Ngọc. Anh/chị quan tâm hợp tác, muốn tìm hiểu thêm về chính sách chương trình ib em ạ🥰🥰🥰",5,5,0,0,7,unknown,Spam,0,0,0,7,0,0/0 (0%),Normal,
50,BẢO HIỂM NHÂN THỌ - Hội chuyên viên tư vấn,https://www.facebook.com/groups/baohiemnhantho.chuyenvien/posts/1618902069694093/,"👉 ""Một chiếc áo chi phí sản xuất 100 - 200 nghìn nhưng giá bán có thể lên tới 800 nghìn đến 2 triệu, còn bảo hiểm nhân thọ được giám sát rất chặt chẽ về giá sản phẩm""👇",4,4,0,0,0,,,0,0,0,0,0,0/0 (0%),Normal,
51,BẢO HIỂM NHÂN THỌ - Hội chuyên viên tư vấn,https://www.facebook.com/groups/baohiemnhantho.chuyenvien/posts/1618950426355924/,"Tết Trung Thu | Vững Đoàn Viên - Hay Sum Vầy Tết Đoàn Viên là dịp đê mỗi chúng ta dành thêm thời gian chăm sóc, sẻ chia và tận hưởng những khoảnh khắc sum vầy cùng gia đình. Vững đoàn viên - Hay sum vầy, khi những người mình thương luôn khỏe mạnh để cùng nhau tạo nên thật nhiều khoảnh khắc đáng nhớ. Cùng chăm sóc những người thân yêu với Giải pháp Sống khỏe toàn diện từ AIA, để mỗi mùa đoàn viên thêm vững vàng, mỗi phút sum vầy thêm trọn vẹn. Hãy nhanh tay thưởng cho mình một Gói Sản Phẩm Bảo Vệ trong dịp Tết Trung Thu 🥮 Liên hệ CVTV ĐLBH Phú inbox để được tư vấn. Chúc bạn và gia đình một mùa Trung Thu thật nhiều sức khỏe, bình an và trọn vẹn yêu thương. #AIA #AOB #vungdoanvien #haysumvay #tettrungthu",0,0,0,0,0,,,0,0,0,0,0,0/0 (0%),Normal,
52,BẢO HIỂM NHÂN THỌ - Hội chuyên viên tư vấn,https://www.facebook.com/groups/baohiemnhantho.chuyenvien/posts/1619024123015221/,Em muốn tham khảo chút về bhnt ạ,72,72,0,0,90,unknown,Spam,9,12,0,69,0,0/21 (0.0%),Normal,
53,BẢO HIỂM NHÂN THỌ - Hội chuyên viên tư vấn,https://www.facebook.com/groups/baohiemnhantho.chuyenvien/posts/1619025563015077/,Trung đang cố gắng hơn nữa 💪 để được phép nhận trách nhiệm BẢO VỆ GIA ĐÌNH BẠN ☎️0966.17.88.17,8,8,0,0,1,unknown,Spam,0,0,0,1,0,0/0 (0%),Normal,
54,BẢO HIỂM NHÂN THỌ - Hội chuyên viên tư vấn,https://www.facebook.com/groups/baohiemnhantho.chuyenvien/posts/1619101033007530/,"🎉 CHÀO MỪNG THÀNH VIÊN MỚI ĐẾN VỚI NHÓM! 🎉 Xin gửi lời chào nồng nhiệt đến tất cả các bạn vừa tham gia cùng gia đình chung của chúng ta 💐 Rất vui khi được kết nối cùng những người bạn có chung mối quan tâm. 👉 Hãy cùng nhau chia sẻ, học hỏi và lan tỏa những giá trị tích cực 👉 Các bạn vui lòng tuân thủ Quy tắc cộng đồng và Quy tắc nhóm để tránh bài viết bị từ chối! 💖 Chúc bạn sẽ có những trải nghiệm thú vị và hữu ích trong nhóm! Chông Chênh Nguyễn, Nguyễn Hiền, Nguyễn Thị Xuân Lan, Thanh Ngân, Cương Kim, Sun Nguyen, Nga Ha, Hồng Khánh, Dien Tran, Hằng Lê, Bảo Hiểm Dễ Hiểu -Bảo Việt Nhân thọ, Việt Nam, Lan Hương, Lan Trinh, Mai Hồng Ngọc, Bùi Hồng Nhẫn, Tùng Phương Uyên, Nguyễn Phương Lan, Trần Thiên Hậu, Anh Phan, Nguyễn Thơm, Tống Nhị, Yen Hai Nguyen, Tuan Nguyen Van, Nguyễn Thu Hường, Long Tuyền, Huỳnh Âu, Ngọc Lan, Hoàng Hà, Nguyễn Phương, Tuyet Nhi Le, Nguyễn Phương Linh, Soo Jin, Liễu Chính Ciliso, Leon Pham, Đồ Gỗ, Le Miracle, Huyền Trang, Nguyễn Thị Thu Nhàn, Tiến Dương, Công Hậu, Ly Quang, Thuý Hằng, Nguyễn Maria, TrầnDiệu Linh, Huyen Pham, Thuỷ Phạm Cà Mau, Nhàn Xuka, Hải Phạm, Thu Đào, Tô Dương, Vũ Thị Vân Anh, Smartgen Huế - Giải đáp Bảo Hiểm , Đinh Tuấn, Lê Hồng, Vũ Việt Hưng, Trung Hiếu, Đức Anhhh HR, Khang Huynh, Dong Ngo, Lai Đức Anh, Anh Nguyen, Vũ Văn Tuấn, Lương Thu, Hà Giang, Giathu Truong, XƯỞNG IN LỊCH TẾT, Trang Nguyễn",0,0,0,0,0,,,0,0,0,0,0,0/0 (0%),Normal,
55,BẢO HIỂM NHÂN THỌ - Hội chuyên viên tư vấn,https://www.facebook.com/groups/baohiemnhantho.chuyenvien/posts/1619109496340017/,"🤝TÌM KIẾM CTV GIỚI THIỆU KHÁCH HÀNG🤝 Mình đang tìm kiếm các anh/chị chuyên viên tư vấn bảo hiểm nhân thọ hợp tác giới thiệu khách hàng có nhu cầu vay vốn tiêu dùng. Hợp tác win-win ! Anh/chị quan tâm hợp tác, muốn tìm hiểu thêm về chính sách ib em ạ🥰🥰🥰 👩🏼 Phan Thị Hồng Ngọc ☎️ 038 576 hai 4ko hai",0,0,0,0,1,unknown,Spam,0,0,0,1,0,0/0 (0%),Normal,
56,BẢO HIỂM NHÂN THỌ - Hội chuyên viên tư vấn,https://www.facebook.com/groups/baohiemnhantho.chuyenvien/posts/1619171446333822/,Có những việc để mai cũng được… Nhưng có những việc… Mai chưa chắc còn kịp. Nhé các con vợ. ❤️ Các con vợ vào xem thử có giống mình hông nhen🤣🤣 #chuyennghecuahuyen #xuhuong #baove,0,0,0,0,0,,,0,0,0,0,0,0/0 (0%),Normal,
57,BẢO HIỂM NHÂN THỌ - Hội chuyên viên tư vấn,https://www.facebook.com/groups/baohiemnhantho.chuyenvien/posts/1619174603000173/,Khi gặp phụ nữ tốt … #haihuoc #giaitri #vuive #cuocsong #xaykenh người theo dõi,0,0,0,0,0,,,0,0,0,0,0,0/0 (0%),Normal,
58,BẢO HIỂM NHÂN THỌ - Hội chuyên viên tư vấn,https://www.facebook.com/groups/baohiemnhantho.chuyenvien/posts/1619186882998945/,🔥 Cập nhật mạng lưới khách hàng hôm nay 📍 Thành phố Hồ Chí Minh — 8 Khách hàng tiềm năng 📋 Nhu cầu: • Tìm kiếm thông tin về bảo hiểm nhân thọ • Quan tâm đến các quyền lợi bảo vệ gia đình • Quan tâm đến bảo hiểm sức khỏe ✅ Thông tin khách hàng đã được sàng lọc và xác minh. 📩 Các tư vấn viên bán hàng tại Thành phố Hồ Chí Minh có thể nhắn tin trực tiếp cho chúng tôi để có thêm khách hàng tiềm năng.,0,0,0,0,0,,,0,0,0,0,0,0/0 (0%),Normal,
59,BẢO HIỂM NHÂN THỌ - Hội chuyên viên tư vấn,https://www.facebook.com/groups/baohiemnhantho.chuyenvien/posts/1619440332973600/,"𝑴𝙪𝒂 𝒃𝙖̉𝒐 𝒉𝙞𝒆̂̉𝙢 𝙘𝒉𝙤 𝙘𝒐𝙣 𝙣𝒉𝙪̛ 𝙩𝒉𝙚̂́ 𝙣𝒂̀𝙤? 50% khách hàng của mình tìm mua bảo hiểm là vì con. Mình cũng không ngoại lệ. Có con rồi mới đủ thứ lo, lo hơn cả là nếu mình làm sao thì con sẽ sống thế nào. Và mình luôn đặt sự ưu tiên cho Con lên hàng đầu: chọn trường tốt nhất cho con, quần áo cũng đẹp nhất, sữa xịn, dịch vụ y tế tốt nhất NHƯNG đã bao giờ Ba Mẹ suy nghĩ: “𝐕𝐚̣̂𝐲 𝐦𝐮𝐚 𝐛𝐚̉𝐨 𝐡𝐢𝐞̂̉𝐦 𝐜𝐡𝐨 𝐛𝐞́ 𝐭𝐡𝐞̂́ 𝐧𝐚̀𝐨 𝐦𝐨̛́𝐢 đ𝐮́𝐧𝐠” ✅ Ưu tiên bảo vệ 𝑩𝒂 𝑴𝒆̣ trước. Con là 𝑵𝒈𝒖̛𝒐̛̀𝒊 𝑻𝒉𝒖̣ 𝑯𝒖̛𝒐̛̉𝒏𝒈. Nếu ba mẹ có bảo hiểm rồi thì sẽ tới con. ✅ 𝑻𝒉𝒆̉ 𝒔𝒖̛́𝒄 𝒌𝒉𝒐𝒆̉ nội trú là quan trọng nhất để đảm bảo chăm sóc y tế con một cách tốt nhất. Nếu có điều kiện ưu tiên thêm ngoại trú cho con. ✅ Bảo hiểm nhân thọ cho bé sẽ hoặc chọn thiên về 𝒕𝒊́𝒄𝒉 𝒍𝒖𝒚̃ để đảm tài chính cho con ăn học tới nơi tới chốn, hoặc 𝒃𝒂̉𝒐 𝒗𝒆̣̂ 𝒕𝒐𝒂̀𝒏 𝒅𝒊𝒆̣̂𝒏 Ung thư và Bệnh hiểm nghèo để ba mẹ hoàn toàn yên tâm về sức khoẻ của con. Vậy nên nếu có thời gian Ba Mẹ hãy tìm hiểu cho các con nha - Em Thuỷ sẵn sàng tư vấn và luôn đồng hành cùng Ba Mẹ lựa chọn điều tốt nhất cho con 💗 #baohiemchobe #baohiemnhantho",1,1,0,0,0,,,0,0,0,0,0,0/0 (0%),Normal,
60,BẢO HIỂM NHÂN THỌ - Hội chuyên viên tư vấn,https://www.facebook.com/groups/baohiemnhantho.chuyenvien/posts/1619688049615495/,"MỜI HỢP TÁC DÀNH CHO ANH/CHỊ ĐANG LÀM BẢO HIỂM Anh/chị đang làm bảo hiểm, có sẵn tệp khách hàng và thường xuyên chăm sóc khách? Bên mình đang phát triển chuỗi 500 SPA dưỡng sinh Đông y & làm đẹp công nghệ cao toàn quốc. Anh/chị chỉ cần kết nối khách hàng, công ty lo toàn bộ mặt bằng, nhân sự, quy trình và vận hành. Đặc biệt, công ty tài trợ voucher để anh/chị tặng khách hàng, tạo thêm giá trị và xây dựng mối quan hệ lâu dài. Chia lợi nhuận 60% – 40% Quỹ thưởng toàn quốc 5,8% doanh số + thưởng quý 1,6%. Không cần đầu tư vốn. Có thể kết hợp song song với công việc bảo hiểm. Quan tâm IB mình trao đổi chi tiết nhé!",2,2,0,0,0,,,0,0,0,0,0,0/0 (0%),Normal,
61,BẢO HIỂM NHÂN THỌ - Hội chuyên viên tư vấn,https://www.facebook.com/groups/baohiemnhantho.chuyenvien/posts/1619828216268145/,"🔥 Nhu cầu khách hàng mới Hôm nay, chúng tôi nhận được yêu cầu tư vấn từ một số khách hàng tại Hà Nội và TP. Hồ Chí Minh quan tâm đến bảo hiểm nhân thọ và bảo hiểm sức khỏe gia đình. ✅ Nhu cầu rõ ràng ✅ Thông tin đã được xác minh ✅ Khách hàng đồng ý tư vấn 📍 Hiện tại chúng tôi đang ưu tiên liên hệ với các tư vấn viên khu vực. Nếu bạn cần thêm khách hàng phù hợp, vui lòng liên hệ riêng với tôi để thảo luận thêm. 🤝",0,0,0,0,0,,,0,0,0,0,0,0/0 (0%),Normal,
62,BẢO HIỂM NHÂN THỌ - Hội chuyên viên tư vấn,https://www.facebook.com/groups/baohiemnhantho.chuyenvien/posts/1619914942926139/,"Khi ngoài kia còn nhiều người quen biết vẫn chưa tin và đặt niềm tin vào bảo hiểm, thì ở đây, những khách hàng hoàn toàn xa lạ đã tìm đến Ngọc “ chuyển giao rủi ro & tạo dựng kế hoạch tài chính bền vững “ bằng HỢP ĐỒNG BẢO HIỂM NHÂN THỌ. 📝Ngọc luôn đặt ra câu hỏi : *Vì sao anh/chị chọn AIA? *Vì sao anh/chị chọn Hồng Ngọc? Không phải tìm một lời giải thích, mà đó chính là 1 lần nữa Ngọc xác nhận lại lời cảm ơn niềm tin khách hàng đã yêu thương chọn Ngọc làm người đồng hành❤️ 🎁Xin gửi lời cảm ơn sâu sắc đến gia đình chị Phượng đã lựa chọn Ngọc & Ngọc luôn ở đây tư vấn đúng & đủ theo nhu cầu của từng gia đình. #AIA #Nguyenhongngocaia",6,6,0,0,1,unknown,Tieu cuc,0,0,1,0,0,1/1 (100.0%),Normal,
63,BẢO HIỂM NHÂN THỌ - Hội chuyên viên tư vấn,https://www.facebook.com/groups/baohiemnhantho.chuyenvien/posts/1619934062924227/,Mấy b cho mình hỏi mình năm nay 34 tuổi.... Tham gia bảo hiểm nhân thọ nào tốt ạ....,78,78,0,0,106,unknown,Spam,4,20,1,89,0,1/25 (4.0%),Normal,
64,BẢO HIỂM NHÂN THỌ - Hội chuyên viên tư vấn,https://www.facebook.com/groups/baohiemnhantho.chuyenvien/posts/1620064239577876/,"🌟 TUYỂN DỤNG ĐẠI LÝ BẢO HIỂM NHÂN THỌ / TƯ VẤN TÀI CHÍNH – SHINHAN LIFE Bạn đang tìm một công việc linh hoạt – thu nhập theo năng lực – có cơ hội phát triển lâu dài? 🌱 Shinhan Life Việt Nam đang mở rộng đội ngũ và tìm kiếm những anh/chị yêu thích kinh doanh, tư vấn và xây dựng mối quan hệ với khách hàng. 💼 VỊ TRÍ Đại lý Bảo hiểm Nhân thọ / Tư vấn Tài chính 👤 Độ tuổi: 22 – 55 📍 Địa điểm làm việc: CII Tower, 152 Điện Biên Phủ, P. Thạnh Mỹ Tây, TP. Hồ Chí Minh ✨ BẠN SẼ NHẬN ĐƯỢC GÌ? ✅ Thời gian làm việc linh hoạt, phù hợp cả người muốn làm toàn thời gian hoặc bán thời gian ✅ Được đào tạo kiến thức bảo hiểm và kỹ năng tư vấn từ cơ bản ✅ Môi trường chuyên nghiệp, năng động ✅ Cơ hội xây dựng thu nhập theo năng lực và kết quả kinh doanh ✅ Có lộ trình phát triển nghề nghiệp dành cho người có năng lực và mong muốn xây dựng đội nhóm ✅ Được đồng hành, hướng dẫn trong quá trình tìm kiếm và chăm sóc khách hàng 🎯 AI PHÙ HỢP? 🔹 Người có kinh nghiệm kinh doanh, sales, ngân hàng, bất động sản, tài chính, dịch vụ khách hàng… 🔹 Người muốn có thêm nguồn thu nhập thứ hai 🔹 Người yêu thích giao tiếp, tư vấn và xây dựng quan hệ 🔹 Người đang muốn chuyển hướng nghề nghiệp và tìm một môi trường mới 🔹 Không yêu cầu bạn phải có kinh nghiệm bảo hiểm từ trước — được đào tạo 💡 Không chỉ là bán bảo hiểm. Đây là công việc giúp bạn xây dựng kiến thức tài chính, mở rộng mối quan hệ và tạo giá trị lâu dài cho khách hàng. 📩 Quan tâm vị trí này? Hãy nhắn tin cho Thảo để trao đổi về công việc, chính sách và lộ trình phát triển. 👉 Đừng ngại bắt đầu một nghề mới ở tuổi 30, 40 hay 50. Điều quan trọng là bạn muốn bắt đầu từ hôm nay! 🌿 #ShinhanLife #TuyenDung #DaiLyBaoHiem #TuVanTaiChinh #BaoHiemNhanTho #CoHoiNgheNghiep #TPHCM #TuyenDung2026",0,0,0,0,0,,,0,0,0,0,0,0/0 (0%),Normal,
65,BẢO HIỂM NHÂN THỌ - Hội chuyên viên tư vấn,https://www.facebook.com/groups/baohiemnhantho.chuyenvien/posts/1620148472902786/,"Các anh chị cho em hỏi Nhà e có 1 hợp đồng FWD, chuẩn bị hết hạn. Vậy thì để luôn mỗi năm thì nó có giữ được nguyên số tiền ko ạ. Và mua cho bé 8t thì mua gói nào",36,36,0,0,32,unknown,Spam,0,5,0,27,0,0/5 (0.0%),Normal,
66,BẢO HIỂM NHÂN THỌ - Hội chuyên viên tư vấn,https://www.facebook.com/groups/baohiemnhantho.chuyenvien/posts/1620179362899697/,"Đang giao mùa trẻ dễ ốm vặt a/c tham khảo thẻ tín dụng Supreme hoàn 6% bảo hiểm + y tế nha, hoàn tối đa 1tr/kì đó ạ Dòng thẻ tối ưu chi phí gia đình, hoàn 6% bảo hiểm, tối đa 1tr/kì sao kê. Ngoài ra thì e này cũng tối ưu rất nhiều các khoản chi tiêu khác như mua sắm onl như sau: ✅ Hoàn PTN năm đầu 550.000đ ✅ Tích điểm 12% cho hạng mục TMĐT, điện máy, giáo dục ✅ Tích điểm 6% bảo hiểm, y tế ✅ Trả góp 0% ls, 0% phí chuyển đổi Nhắn e tư vấn & hỗ trợ mở thẻ cho mình luôn nhé ạ 😍",0,0,0,0,4,unknown,Trung lap,0,3,0,1,0,0/3 (0.0%),Normal,
67,BẢO HIỂM NHÂN THỌ - Hội chuyên viên tư vấn,https://www.facebook.com/groups/baohiemnhantho.chuyenvien/posts/1620182736232693/,"CHÀO MỪNG NĂM HỌC MỚI 2026 – 2027 | CỘNG HƯỞNG ĐIỀU HAY Mỗi năm học mới mở ra một hành trình mới, nơi những bài học không chỉ có trong trang sách mà còn đến từ những điều hay trong cuộc sống, từ những việc rất nhỏ: 💬 Một lời động viên để thêm tự tin. 🏃 Một giờ chơi để cùng vận động. 🥗 Một bữa ăn lành mạnh để lớn khôn. 💚 Một sự sẻ chia để tâm hồn thêm khỏe mạnh. Những điều hay ấy khi được trao đi và tiếp nối mỗi ngày sẽ cộng hưởng thành một điều lớn hơn, góp phần xây dựng môi trường học đường khỏe mạnh, hạnh phúc và đầy cảm hứng để các em lớn khôn. Đó cũng chính là tinh thần Cộng Hưởng Điều Hay mà AIA muốn gửi đến quý nhà trường, quý thầy cô và các em học sinh nhân dịp tựu trường năm học mới 2026 – 2027. Hãy bắt đầu ngày hôm nay tham gia Bảo Hiểm Liên Kết Chung Vững Tương Lai để tích lũy xây dựng tương lai cho các bé thành đạt sau này. Inbox để được tư vấn về sản phẩm. #AIA #AOB #Chaomungnamhocmoi2026",0,0,0,0,0,,,0,0,0,0,0,0/0 (0%),Normal,
68,BẢO HIỂM NHÂN THỌ - Hội chuyên viên tư vấn,https://www.facebook.com/groups/baohiemnhantho.chuyenvien/posts/1620549286196038/,"Nhu cầu khách hàng hôm nay tại TP.HCM 📍 Khu vực: TP.HCM 👨‍👩‍👧‍👦 Bảo hiểm gia đình ❤️ Bảo hiểm nhân thọ 🏥 Bảo hiểm sức khỏe 👶 Bảo hiểm cho trẻ em Bên mình liên tục tìm kiếm khách hàng mới mỗi ngày và xác minh nhu cầu qua điện thoại. Nếu anh/chị đang tìm kiếm thêm nguồn khách hàng, có thể nhắn tin để tìm hiểu các nhóm khách hàng hiện đang có. （Đây không phải là quảng cáo; vui lòng duyệt bài viết này, quản trị viên nhóm.）",0,0,0,0,0,,,0,0,0,0,0,0/0 (0%),Normal,
69,BẢO HIỂM NHÂN THỌ - Hội chuyên viên tư vấn,https://www.facebook.com/groups/baohiemnhantho.chuyenvien/posts/1620735362844097/,"Bảo hiểm nhân thọ có thực sự là 1 dạng ""cá cược""? #tinbaohiem24h #baohiem #baohiemnhantho",0,0,0,0,0,,,0,0,0,0,0,0/0 (0%),Normal,
70,BẢO HIỂM NHÂN THỌ - Hội chuyên viên tư vấn,https://www.facebook.com/groups/baohiemnhantho.chuyenvien/posts/1621033342814299/,Gói bảo hiểm gia đình 4 người có gì? #tinbaohiem24h #baohiem #baohiemxahoi,0,0,0,0,0,,,0,0,0,0,0,0/0 (0%),Normal,
71,BẢO HIỂM NHÂN THỌ - Hội chuyên viên tư vấn,https://www.facebook.com/groups/baohiemnhantho.chuyenvien/posts/1621048299479470/,"Mình cần tư vấn bảo hiểm Sunlife kèm nội + ngoại trú, mình năm nay 28 tuổi và đã có 1 hợp đồng nhân thọ của Gen ạ. Mình ở SG.",22,22,0,0,27,unknown,Spam,2,0,0,26,0,0/2 (0.0%),Normal,
72,BẢO HIỂM NHÂN THỌ - Hội chuyên viên tư vấn,https://www.facebook.com/groups/baohiemnhantho.chuyenvien/posts/1621051456145821/,Gãy xương nhưng bảo hiểm từ chối 165 triệu ? Cùng xem cách Hưng hỗ trợ KH lấy lại 165 triệu nhé #viralvideo #baohiemtainan #baohiemnhantho #hotrokhachhang,0,0,0,0,0,,,0,0,0,0,0,0/0 (0%),Normal,
73,BẢO HIỂM NHÂN THỌ - Hội chuyên viên tư vấn,https://www.facebook.com/groups/baohiemnhantho.chuyenvien/posts/1621176616133305/,": Tự do tài chính hay độc lập khi ốm đau? ☕✨ Yêu bản thân không chỉ là đi du lịch hay thưởng cho mình những món đồ hiệu, mà là không biến mình thành gánh nặng tài chính của cha mẹ nếu chẳng may ngã bệnh. Một hợp đồng bảo hiểm từ sớm giúp người trẻ tối ưu chi phí (phí cực rẻ khi còn trẻ), an tâm khám chữa bệnh dịch vụ cao cấp và chủ động xây dựng thói quen tích lũy kỷ luật cho các mục tiêu lớn tiếp theo. ​👉 Nhắn mình ngay để nhận giải pháp bảo vệ tối ưu với chi phí chỉ bằng vài ly coffee mỗi tuần! #DocLapTaiChinh #NguoiTreThongMinh #BaoHiemNhanTho",1,1,0,0,0,,,0,0,0,0,0,0/0 (0%),Normal,
74,BẢO HIỂM NHÂN THỌ - Hội chuyên viên tư vấn,https://www.facebook.com/groups/baohiemnhantho.chuyenvien/posts/1621434532774180/,"🏡 31 TRIỆU/NĂM – BẢO VỆ TRỌN GÓI CHO GIA ĐÌNH 3 NGƯỜI Một gia đình, 3 thành viên – mỗi người một nhu cầu bảo vệ khác nhau, nhưng có thể thiết kế trong cùng một kế hoạch tài chính. ✨ Ba: bảo vệ nhân thọ + nội trú + tai nạn + bệnh hiểm nghèo ✨ Mẹ: bảo vệ tai nạn + nội trú + bệnh hiểm nghèo ✨ Bé: nội trú cao cấp + ngoại trú + tai nạn + bệnh hiểm nghèo Đặc biệt, bé còn có quỹ tích lũy học đường theo minh họa của chương trình. ❤️ 💰 Phí tham khảo: 31,7 triệu/năm – khoảng 87.000đ/ngày cho cả gia đình 3 người. Bảo hiểm không phải để mong điều không may xảy ra, mà là để nếu chẳng may xảy ra, gia đình mình vẫn có một kế hoạch tài chính để dựa vào. 📩 Anh/chị muốn biết gia đình mình có thể thiết kế mức bảo vệ như thế nào, nhắn “GIA ĐÌNH” cho em nhé! #phuongthuybaohiem",0,0,0,0,0,,,0,0,0,0,0,0/0 (0%),Normal,
75,BẢO HIỂM NHÂN THỌ - Hội chuyên viên tư vấn,https://www.facebook.com/groups/baohiemnhantho.chuyenvien/posts/1621435152774118/,"👶💖 CHỈ VỚI 23 TRIỆU/NĂM – MẸ VÀ BÉ ĐƯỢC BẢO VỆ TOÀN DIỆN VÀ TÍCH LŨY CHO TƯƠNG LAI Mang thai và nuôi con là hành trình đầy yêu thương nhưng cũng đi kèm nhiều khoản chi phí và những rủi ro không thể lường trước. ✨ Chỉ với khoảng 23 triệu/năm, mẹ và bé nhận được: ✅ Quyền lợi bảo vệ lên đến hơn 1 tỷ đồng ✅ Bảo vệ tai nạn từ ngày đầu tiên tham gia ✅ Bệnh thông thường sau 30 ngày chờ ✅ Bệnh đặc biệt sau 90 ngày chờ ✅ Thẻ nội trú cao cấp lên đến 1 tỷ đồng/bệnh ✅ Hỗ trợ chi phí xét nghiệm, thuốc men, phẫu thuật ✅ Quyền lợi bệnh hiểm nghèo lên đến 200 triệu đồng 🎯 Không chỉ bảo vệ, kế hoạch còn giúp gia đình tích lũy giá trị tài chính dự kiến khoảng 463 triệu đồng sau 20 năm, tạo nền tảng vững chắc cho việc học tập và tương lai của con. 💝 Một giải pháp vừa bảo vệ sức khỏe, vừa tích lũy dài hạn cho cả mẹ và bé ngay từ hôm nay. 📞 Liên hệ Phương Thúy để nhận bảng minh họa chi tiết và tư vấn phù hợp với nhu cầu gia đình. ☎️ 0919.055.501 #BaoHiemMeVaBe #BaoHiemThaiSan #BaoHiemTichLuy #BaoHiemNhanTho #BaoHiemSucKhoe #MeBau #MangThai #PhuongThuyBaoHiem",0,0,0,0,0,,,0,0,0,0,0,0/0 (0%),Normal,
76,BẢO HIỂM NHÂN THỌ - Hội chuyên viên tư vấn,https://www.facebook.com/groups/baohiemnhantho.chuyenvien/posts/1621435459440754/,"🌿 MẸ BẦU AN TÂM – NHẬN TIỀN MẶT SAU SINH 🌿 Chỉ từ vài triệu/năm, mẹ đã có ngay giải pháp hỗ trợ tài chính khi chào đón bé yêu 👶💚 ✨ Quyền lợi nổi bật: ✔️ Sinh thường nhận đến 14 TRIỆU ✔️ Sinh mổ nhận đến 15 TRIỆU ✔️ Hỗ trợ tài chính nhanh chóng sau sinh ✔️ Giảm áp lực viện phí – chăm bé thoải mái hơn ✔️ Tham gia sớm để được bảo vệ tốt nhất 💚 Một khoản chuẩn bị nhỏ hôm nay 💚 Để hành trình làm mẹ nhẹ nhàng hơn ngày mai 📩 Inbox ngay để được tư vấn chi tiết từng gói phù hợp cho mẹ & bé nhé! ☎️ 0919.055.501 #DaiichiLife #baohiemnhantho #baohiemsuckhoe #antoantaichinh #tichluytaichinh",0,0,0,0,0,,,0,0,0,0,0,0/0 (0%),Normal,
77,BẢO HIỂM NHÂN THỌ - Hội chuyên viên tư vấn,https://www.facebook.com/groups/baohiemnhantho.chuyenvien/posts/1621477502769883/,Hướng dẫn đăng ký trợ cấp thất nghiệp online chỉ 7 bước. #tinbaohiem24h #baohiem #trocapthatnghiep,0,0,0,0,0,,,0,0,0,0,0,0/0 (0%),Normal,
78,BẢO HIỂM NHÂN THỌ - Hội chuyên viên tư vấn,https://www.facebook.com/groups/baohiemnhantho.chuyenvien/posts/1621491396101827/,"🎉 CHÀO MỪNG THÀNH VIÊN MỚI ĐẾN VỚI NHÓM! 🎉 Xin gửi lời chào nồng nhiệt đến tất cả các bạn vừa tham gia cùng gia đình chung của chúng ta 💐 Rất vui khi được kết nối cùng những người bạn có chung mối quan tâm. 👉 Hãy cùng nhau chia sẻ, học hỏi và lan tỏa những giá trị tích cực 👉 Các bạn vui lòng tuân thủ Quy tắc cộng đồng và Quy tắc nhóm để tránh bài viết bị từ chối! 💖 Chúc bạn sẽ có những trải nghiệm thú vị và hữu ích trong nhóm! Trang Nguyễn, Hạ Vy, Miền Nguyễn, Phạm Quỳnh, Nguyễn Quân, Việt Dũng, Nga Diamond, Thu Nguyen, Đào Phượng, Phước Bùi, Bắp Thị Hương Phấn, Phuong Bui Thi Hai, Hoàng Văn Lưu, Phung Pham, Mai Phương Nguyễn, Anh Phương, Trang Phạm, Phương Phương HR, Anh Tuấn Vũ, Mĩ Diên, Tin Bảo Hiểm 24H, Hoàng Thị Khánh Linh, Nguyễnn Dungg, Bon Bon, Huỳnh Tâm, Tư Vấn Bảo hiểm Nhân Thọ & Sức Khỏe Prudential, Phan Lý Hậu, Nguyễn Quỳnh, Thảo Nghi, Huỳnh Diệp Khả Ngân, Mai Trinh Daiichi, Mỹ Tiên, Đào Hoa Nữ, Nhiếp Phong, Viet Nguyen, Trang Mai, Đỗ Ngọc Anh, Nguyễn Đức, Người Ở Lại, Trần Ngọc Tuấn, Trần An Huệ, Thủy Yến, Liễuu Huỳnh, Trương Tiên Sinh, Phạm Nga, Nguyễn Soạn, Trần Huyền, Hà Thịi Phương, Om Pra Mani Dani, Hung Nguyen, Dương Thị Thuý Lan, Hoàng Hữu Hải, Huong Nguyen, Hoàng Ngân, Lê Dương, Võ Ý My, Mộc Trà, Nguyen Lien, Đặng Cẩm Hồng, Trần Thái Sơn, Nguyễn Trang, Trương Nhi, Tuấn Kiệt Generali , Musuluhu Sulemina, Đỗ Minh Nhật, Tiến Nguyễn, Vũ Hiên, Hồng Lý, Mỹ Dung, Hương Vũ, Phan Dạ Diệu Thảo, Ngọc Ngân, Trần Ngọc, Thỵ Chung, Vân Bui, Mai Khanh, Nguyen Tien Cong, Phương Thảo, Vân Anh Dai-Ichi Life",0,0,0,0,0,,,0,0,0,0,0,0/0 (0%),Normal,
79,BẢO HIỂM NHÂN THỌ - Hội chuyên viên tư vấn,https://www.facebook.com/groups/baohiemnhantho.chuyenvien/posts/1621660449418255/,Bảo hiểm dân sự 279k (xe 5 chỗ biển trắng) Bảo hiểm Thân vỏ tuỳ dòng xe và đời xe ( có BH Pin cả khi Pin tổn thất riêng ) Nhận BH trước ck sau 0968.729.615 ZL Em ạ📞✊|,0,0,0,0,0,,,0,0,0,0,0,0/0 (0%),Normal,
80,BẢO HIỂM NHÂN THỌ - Hội chuyên viên tư vấn,https://www.facebook.com/groups/baohiemnhantho.chuyenvien/posts/1621665382751095/,"🚨 CÓ BẢO HIỂM, VẪN PHẢI TỰ TRẢ VIỆN PHÍ? 3 LÝ DO BẠN CẦN BIẾT! Đến lúc nằm viện, nhận thông báo “không được bảo lãnh viện phí” — chắc chắn ai cũng lo. Nhưng liệu điều đó có nghĩa là bảo hiểm sẽ không chi trả? Trong clip này, Kiệt chia sẻ 3 lý do không được bảo lãnh viện phí và vì sao cần xem rõ nguyên nhân trước khi kết luận về quyền lợi của mình. ▶️ Xem hết clip để hiểu: trường hợp nào có thể bổ sung hồ sơ để được xem xét, trường hợp nào phải tự thanh toán. Lưu lại và chia sẻ cho người thân đang có bảo hiểm — để khi cần, mình biết phải hỏi gì! #KietBaoHiem #BaoLanhVienPhi #HieuDungBaoHiem",0,0,0,0,0,,,0,0,0,0,0,0/0 (0%),Normal,
81,BẢO HIỂM NHÂN THỌ - Hội chuyên viên tư vấn,https://www.facebook.com/groups/baohiemnhantho.chuyenvien/posts/1621665576084409/,"🌟 5 lý do nên chọn Sun Life Việt Nam để phát triển sự nghiệp 🌟 ✅ Môi trường sáng tạo & hiện đại – nơi tài năng được nuôi dưỡng, ý tưởng được trân trọng. ✅ Văn hóa cởi mở – lãnh đạo lắng nghe, đồng nghiệp hỗ trợ, làm việc theo tinh thần đồng đội. ✅ Chính sách đãi ngộ hấp dẫn – lương cạnh tranh + thưởng hiệu suất rõ ràng + phúc lợi cho nhân viên. ✅ Cơ hội phát triển chuyên môn liên tục – đào tạo, học hỏi từ dự án thực tiễn & môi trường quốc tế. ✅ Rõ ràng mục tiêu & lộ trình thăng tiến – đánh giá KPI minh bạch để bạn biết đường tiến lên. #Kiến_tạo_lãnh_đạo_siêu_phàm #SunLifesouth #SunLife #tuyển_dụng",5,5,0,0,3,unknown,Spam,1,0,0,3,0,0/1 (0.0%),Normal,
82,BẢO HIỂM NHÂN THỌ - Hội chuyên viên tư vấn,https://www.facebook.com/groups/baohiemnhantho.chuyenvien/posts/1621701049414195/,Giao HĐ BẢO HIỂM NHÂN THỌ cho A khách. 🤝 😘Cảm ơn anh đã ủng hộ em 💪 🤔BHNT thì ai cần?? 👉Người nhiều tiền cần để bảo vệ số tiền mình kiếm được 🍀 👉Người ít tiền cần để không lâm vào cảnh khổ 🍀 ☎️0966.17.88.17(tư vấn),0,0,0,0,0,,,0,0,0,0,0,0/0 (0%),Normal,
83,BẢO HIỂM NHÂN THỌ - Hội chuyên viên tư vấn,https://www.facebook.com/groups/baohiemnhantho.chuyenvien/posts/1621839399400360/,"Tìm mua bảo hiểm nhân thọ cho bé và mẹ Tìm người tư vấn tốt, nhiệt tình, hỗ trợ claim tận nơi, hỗ trợ hết mức có thể. Mình k đòi hỏi gì thêm",73,73,0,0,100,unknown,Spam,7,8,0,89,0,0/15 (0.0%),Normal,
84,BẢO HIỂM NHÂN THỌ - Hội chuyên viên tư vấn,https://www.facebook.com/groups/baohiemnhantho.chuyenvien/posts/1621905499393750/,"Cuộc sống luôn có những biến số khó lường: một cơn ốm đau bất chợt, một đợt nằm viện ngoài ý muốn hay tai nạn bất ngờ làm xáo trộn kế hoạch tương lai. Khi rủi ro gõ cửa, gánh nặng viện phí và áp lực tài chính không chỉ dừng lại ở tiền bạc, mà còn trực tiếp đè nặng lên tinh thần của chính bạn và những người thân yêu. Đừng đợi đến khi bất trắc xảy ra mới tìm kiếm điểm tựa. Tôi có giải pháp giúp bạn: - Tạo lập lá chắn tài chính vững vàng: Bảo vệ trọn vẹn số tiền tiết kiệm trước những chi phí y tế phát sinh đột ngột. - San sẻ gánh nặng sức khỏe: Đảm bảo quyền tiếp cận các điều kiện chăm sóc y tế chất lượng mà không phải lo lắng về viện phí. - An tâm trong mọi tình huống: Giúp bạn và gia đình giữ vững sự bình yên để tập trung hồi phục và vững bước tương lai. Chủ động chuẩn bị sự bảo vệ là cách thiết thực nhất để thể hiện trách nhiệm với bản thân và người mình yêu thương. Nhắn cho tôi ngay hôm nay để nhận giải pháp bảo vệ phù hợp nhất với bạn!",0,0,0,0,0,,,0,0,0,0,0,0/0 (0%),Normal,
85,BẢO HIỂM NHÂN THỌ - Hội chuyên viên tư vấn,https://www.facebook.com/groups/baohiemnhantho.chuyenvien/posts/1621912829393017/,Bảo hiểm dân sự 279k (xe 5 chỗ biển trắng) Bảo hiểm Thân vỏ tuỳ dòng xe và đời xe ( có BH Pin cả khi Pin tổn thất riêng ) Nhận BH trước ck sau 0968.729.615 ZL Em ạ📞🤭|,0,0,0,0,1,unknown,Spam,0,0,0,1,0,0/0 (0%),Normal,
86,BẢO HIỂM NHÂN THỌ - Hội chuyên viên tư vấn,https://www.facebook.com/groups/baohiemnhantho.chuyenvien/posts/1622385746012392/,"Các bác mở thẻ tín dụng thanh toán học phí cho con đi ạ, được hoàn 9% max 18tr/ năm Ngoài ra còn hoàn khi mua sắm ( quẹt và trực tuyến) , thanh toán bảo hiểm, du lịch, chi tiêu nước ngoài Miễn lãi lên đến 55 ngày",1,1,0,0,1,car,Spam,0,0,0,1,0,0/0 (0%),Normal,
87,BẢO HIỂM NHÂN THỌ - Hội chuyên viên tư vấn,https://www.facebook.com/groups/baohiemnhantho.chuyenvien/posts/1622399449344355/,Bảo hiểm sức khỏe cho bé khoảng 2 triệu/năm có gì? #tinbaohiem24h #baohiem #baohiemxahoi #baohiemsuckhoe,0,0,0,0,0,,,0,0,0,0,0,0/0 (0%),Normal,
88,BẢO HIỂM NHÂN THỌ - Hội chuyên viên tư vấn,https://www.facebook.com/groups/baohiemnhantho.chuyenvien/posts/1622407132676920/,"😆 VÍ KHÔNG DÀY, ĐỪNG LO, CÓ QUÀ HAY ! 🥤 Cốc nước nhựa lúa mạch in logo – chi phí nhẹ nhàng, số lượng bao nhiêu cũng dễ tính 🎁 Một mẫu đáng để doanh nghiệp lưu lại khi cần quà tặng ngon – bổ – hợp ngân sách 😉 📞 0397.201.143",0,0,0,0,0,,,0,0,0,0,0,0/0 (0%),Normal,
89,BẢO HIỂM NHÂN THỌ - Hội chuyên viên tư vấn,https://www.facebook.com/groups/baohiemnhantho.chuyenvien/posts/1622409502676683/,CHỦ NHẬT TUẦN NÀY EM TẶNG 5 VÉ CHP BÁC NÀO CÓ NHU CẦU PHÒNG BỆNH A,11,11,0,0,0,,,0,0,0,0,0,0/0 (0%),Normal,
90,BẢO HIỂM NHÂN THỌ - Hội chuyên viên tư vấn,https://www.facebook.com/groups/baohiemnhantho.chuyenvien/posts/1622447336006233/,"Mình tìm mua sp bhnt kèm thẻ sk cho bé mới sinh để đem tặng.Tài chính 10tr đổ xuống, mẹ bé đang dùng của Gen.Cho mình hỏi bé sau sinh bao nhiêu ngày thì mua được ạ?",40,40,0,0,83,unknown,Spam,5,19,1,56,0,1/25 (4.0%),Normal,
91,BẢO HIỂM NHÂN THỌ - Hội chuyên viên tư vấn,https://www.facebook.com/groups/baohiemnhantho.chuyenvien/posts/1622544275996539/,"CHƯA CÓ EM BÉ – NHƯNG ĐÃ CÓ KẾ HOẠCH LÀM MẸ? Đây là lúc thích hợp để tìm hiểu bảo hiểm thai sản ✨ Có quyền lợi sinh thường/sinh mổ ✨ Hỗ trợ chi phí theo quyền lợi hợp đồng ✨ Thời gian chờ thai sản cần chuẩn bị trước Đừng để đến khi có tin vui mới bắt đầu tìm hiểu… 👶 Có nhiều gói cho chị em lựa chọn. Muốn tham gia cứ ib em, em hỗ trợ tận tình ạ #Baoviet luôn là lựa chọn hàng đầu, uy tín cho mọi nhà",0,0,0,0,0,,,0,0,0,0,0,0/0 (0%),Normal,
92,BẢO HIỂM NHÂN THỌ - Hội chuyên viên tư vấn,https://www.facebook.com/groups/baohiemnhantho.chuyenvien/posts/1622558905995076/,"🔥 **""BẢO HIỂM NHÂN THỌ – KHÔNG PHẢI VÌ AI ĐÓ SẮP MẤT ĐI, MÀ VÌ NHỮNG NGUỜI THÂN YÊU VẪN CẦN PHẢI SỐNG TỐT""** 🔥 Dù bạn là ai: 👨‍👩‍👧‍👦 **Cha mẹ** muốn chuẩn bị tương lai vững chắc cho con. 💼 **Người trẻ** muốn bảo vệ sức khỏe, chủ động tài chính trước rủi ro. 👵 **Người lớn tuổi** mong muốn hưu trí an nhàn, không trở thành gánh nặng của con cái. 👉 **Bảo hiểm nhân thọ Generali** chính là ""chiếc ô"" tài chính che chắn cho tất cả chúng ta trước những ""cơn mưa"" bất ngờ của cuộc sống! 🌟 **GIẢI PHÁP TOÀN DIỆN CHO MỌI GIA ĐÌNH:** * **Bảo vệ sức khỏe vượt trội:** Đỡ đần 100% viện phí, phẫu thuật, điều trị tại các bệnh viện hàng đầu. * **Tích lũy tài chính an toàn:** Tự do chủ động dòng tiền, xây dựng quỹ học vấn cho con hoặc quỹ hưu trí cho bản thân. * **Bảo vệ thu nhập gia đình:** Đảm bảo cuộc sống của những người thân yêu vẫn ổn định dù có bất kỳ biến cố nào xảy ra. 🎁 **ĐẶC QUYỀN ƯU ĐÃI THÁNG 9/2026 (01/09 - 30/09/2026):** Tặng ngay **20% - 30%** phí bảo hiểm sức khỏe (VITA - Sức Khỏe Vàng) khi tham gia hợp đồng mới. Mua sớm – Tiết kiệm nhiều! --- ❤️ Cần gì phải đợi đến khi ""có tuổi"" hay ""có biến cố"" mới tìm kiếm sự bảo vệ? 📞 **Liên hệ ngay Hotline / Zalo:** 0967.048.912 📩 **Inbox ngay** để nhận tư vấn và bảng minh họa quyền lợi miễn phí phù hợp nhất với điều kiện tài chính của bạn! #Generali #BaoHiemNhanTho #AnTamSongKhoe #TichLuyTaiChinh #BaoVeGiaDinh #VITASucKhoeVang",0,0,0,0,0,,,0,0,0,0,0,0/0 (0%),Normal,
93,BẢO HIỂM NHÂN THỌ - Hội chuyên viên tư vấn,https://www.facebook.com/groups/baohiemnhantho.chuyenvien/posts/1622667232650910/,Bảo hiểm y tế khác gì so với bảo hiểm nhân thọ? #tinbaohiem24h #baohiemyte #baohiemnhantho #baohiem,0,0,0,0,0,,,0,0,0,0,0,0/0 (0%),Normal,
94,BẢO HIỂM NHÂN THỌ - Hội chuyên viên tư vấn,https://www.facebook.com/groups/baohiemnhantho.chuyenvien/posts/1622672579317042/,"Nhiều gia đình trẻ đang nỗ lực xây dựng cuộc sống ổn định hơn: tiết kiệm, đầu tư, chuẩn bị cho con cái và từng bước đạt được những mục tiêu lớn trong tương lai. Những nỗ lực đó xứng đáng được bảo vệ trước những rủi ro bất ngờ về sức khỏe. Khi đã có một kẽ hoạch bảo vệ phù hợp, gia đình có thể yên tâm hơn trên hành trình tích lũy và phát triễn. Bảo hiếm không phải là gánh nặng, mà là một cách đế bảo vệ những thành quả bạn đang xây dựng từng ngày. Tiến về phía trước vững vàng hơn khi nên tảng tài chính được bảo vệ. Nếu bạn đang quan tâm đến các giải pháp bảo vệ tài chính của AIA và muốn được tư vấn thêm, inbox hoặc gọi mình nhé. #BHSKTronDoi #BHBenhHiemNgheo2.0 #SongKhoeTronDoi #BaoVeHayVungBuocTronDoi #baoveden100tuoi #AlA",1,1,0,0,1,unknown,Tich cuc,1,0,0,0,0,0/1 (0.0%),Normal,
95,BẢO HIỂM NHÂN THỌ - Hội chuyên viên tư vấn,https://www.facebook.com/groups/baohiemnhantho.chuyenvien/posts/1622748562642777/,Em gửi thông tin mn tham khảo ạ,2,2,0,0,2,unknown,Tich cuc,1,0,0,1,0,0/1 (0.0%),Normal,
96,BẢO HIỂM NHÂN THỌ - Hội chuyên viên tư vấn,https://www.facebook.com/groups/baohiemnhantho.chuyenvien/posts/1622793645971602/,Cho mình hỏi khi cty bh chi trả cho Ng thụ hưởng hoặc hàng thừa kế thì trên tổng cty có báo cho tvv biết ko ?,17,17,0,0,31,unknown,Trung lap,1,18,9,1,"2 | Nói tới ông Bảo hiểm Nhân thọ Prudential Việt Nam là thí mắc mệt ...mình từng gọi lên TĐài họ nói thẳng thừng: có hay ko có Tvv ko quan trọng cần gì thì gọi lên TĐài hỗ trợ cho ac  || Hưởng Huỳnh ko hiểu sao bên cty pru lại làm như vậy, và NĐBH có chỉ định thì cũng có giấy báo chấp thuận ng thụ hưởng khi NĐBH còn sống chứ , đằng này làm ko đúng quy trình , còn k",9/28 (32.1%),Following,
97,BẢO HIỂM NHÂN THỌ - Hội chuyên viên tư vấn,https://www.facebook.com/groups/baohiemnhantho.chuyenvien/posts/1622825599301740/,Còn trẻ thì có cần bảo hiểm sức khỏe không? #tinbaohiem24h #baohiemsuckhoe #baohiem,0,0,0,0,2,unknown,Tich cuc,1,0,0,1,0,0/1 (0.0%),Normal,
98,BẢO HIỂM NHÂN THỌ - Hội chuyên viên tư vấn,https://www.facebook.com/groups/baohiemnhantho.chuyenvien/posts/1622881975962769/,"🎁NGHE THÊM – HIỂU ĐÚNG – CÓ QUÀ MANG VỀ🎁 Bạn có từng nghĩ: “Bảo hiểm là cần thiết, nhưng mình chưa hiểu rõ nó bảo vệ mình như thế nào?” Vậy thì mình muốn mời bạn dành 10–15 phút để cùng mình trò chuyện và chia sẻ một cách thật đơn giản về: 🔹 Bảo hiểm thực sự bảo vệ điều gì? 🔹 Khi nào được chi trả? 🔹 Một kế hoạch bảo vệ phù hợp cần bao nhiêu? 🔹 Và quan trọng nhất: làm sao để tham gia mà không trở thành gánh nặng tài chính? ❤️Không ép mua – không áp lực – chỉ đơn giản là nghe để hiểu thêm. 🎁 Và để cảm ơn bạn đã dành thời gian, mình có một phần quà nhỏ gửi tặng sau buổi chia sẻ. Nếu bạn muốn nghe thử, comment “QUÀ” hoặc inbox mình nhé. Mình sẽ chủ động gửi thông tin cho bạn. 🤝 #BaoHiem #HieuDungDeChonDung #QuaTang #AIA",3,3,0,0,3,unknown,Spam,1,0,0,2,0,0/1 (0.0%),Normal,
99,BẢO HIỂM NHÂN THỌ - Hội chuyên viên tư vấn,https://www.facebook.com/groups/baohiemnhantho.chuyenvien/posts/1622885959295704/,Tôi là ai ? #khanhhungbaohiem #aia #boithuong #exchangepro #viralvideo,0,0,0,0,0,,,0,0,0,0,0,0/0 (0%),Normal,
100,BẢO HIỂM NHÂN THỌ - Hội chuyên viên tư vấn,https://www.facebook.com/groups/baohiemnhantho.chuyenvien/posts/1623210412596592/,"Cuộc sống mà😔 Lúc tư vấn để vào hợp đồng thì nhiệt tình niềm nở lắm, ho nhẹ cái cũng hỏi thăm ân cần. Ký kết hd xong rồi, bẵng đi gần 1 năm xảy ra chuyện cần hỗ trợ chi trả thì thái độ nó khác hẳn😔, buồn thật đấy...",17,13,4,0,25,unknown,Spam,2,2,1,19,0,1/5 (20.0%),Normal,
101,BẢO HIỂM NHÂN THỌ - Hội chuyên viên tư vấn,https://www.facebook.com/groups/baohiemnhantho.chuyenvien/posts/1623252495925717/,"🎉 CHÀO MỪNG THÀNH VIÊN MỚI ĐẾN VỚI NHÓM! 🎉 Xin gửi lời chào nồng nhiệt đến tất cả các bạn vừa tham gia cùng gia đình chung của chúng ta 💐 Rất vui khi được kết nối cùng những người bạn có chung mối quan tâm. 👉 Hãy cùng nhau chia sẻ, học hỏi và lan tỏa những giá trị tích cực 👉 Các bạn vui lòng tuân thủ Quy tắc cộng đồng và Quy tắc nhóm để tránh bài viết bị từ chối! 💖 Chúc bạn sẽ có những trải nghiệm thú vị và hữu ích trong nhóm! Luong Gia, Ngoc Anh Xờ Tanh, Thaolinh Pham, Huong Vu, Nguyên Thảo Trần, Phạm Nguyễn Thảo Sương, Nguyễn Thị Thúy, Diệu Linh, Bảo Hân, Hang Bui, Phương Thảo, Nguyễn Duy, MAI , Grass Grass, Ny Võ, Huỳnh Nhi, Hoang Luan, Tâm Kem, Khánh Linh, Nguyễn Thanh Hùng, Hùng Mai, Ngcc Trinhh, Phương Loan, Huỳnh Hoa Thoại, Thoan Nguyễn, Đặng Bích Lụa, Xuân An, Hà Ngọc, Nguyễn Thuý, Văn Tuấn, Nguyen Tuan, Long Lê, Hồ Ngọc Hà, Thuỳ Trang, Lê Cẩm Tiên, Phươngg'x Phương's, Đặng Minh, Bảo Hân, Jani Phạm, Linh Linh, Quy Hoang, Lục Tuyết Kỳ, Nguyễn Linh, Đào Trần - Bảo Hiểm FUBON, Vân Lê, Diệu Linh, Velvet Snow, Dung Le, Đào Thuỳ Linh, Chi Linh, Nguyễn Mỹ, Minh Ngọc, Trương Thanh Trâm, Thủy Hồ, Hỗ Trợ Tài Chính, Trần Tài Lộc, Trần Hà My, Huyền, Bảo An Bảo Như, Chu Đức Vinh, Phat Nguyen, Phuong Anh, Ngọc Linh, Nguyễn Thanh Huyền, Lucky Văn Anh, Huong Nguyen, Trung Kien, Anna Đỗ",1,1,0,0,0,,,0,0,0,0,0,0/0 (0%),Normal,
102,BẢO HIỂM NHÂN THỌ - Hội chuyên viên tư vấn,https://www.facebook.com/groups/baohiemnhantho.chuyenvien/posts/1623285619255738/,"Cất mãi ở trong ví ko nghĩ sẽ dùng đến mà nay lại cần dùng 😊😊😊 Cuộc sống đúng ko biết thế nào mà lần các bác ạ. Vừa hôm trước khoẻ ầm ầm, hôm sau cấp cứu ngay được. Bình thường khoẻ mạnh thì ko sao, còn thấy hơi tiếc tiền khi mua thẻ bảo hiểm sức khoẻ vì ko dùng đến. Nhưng ko may một ngày đẹp trời bệnh tật hỏi thăm thì tấm thẻ này thực sự phát huy giá trị của nó. Tấm thẻ cho em trải nghiệm dịch vụ y tế quốc tế, phục vụ ân cần chuyên nghiệp, bác sỹ có trách nhiệm, niềm nở, nhiệt tình, dịch vụ chăm sóc chu đáo, phòng ốc sạch sẽ ko một hạt bụi, ko ồn ào, đồ ăn hợp khẩu vị. Đúng là đi viện như đi nghỉ dưỡng là có thật ạ.💜💜💜 Em mổ ruột thừa chỉ trong vòng 4 ngày từ lúc vào viện tới lúc ra viện, sức khoẻ thấy cải thiện rõ dệt luôn. Ko biết là do bác sỹ tay nghề tốt hay do thuốc tốt, dịch vụ tốt mà thấy rất khác so với những lần nằm viện trước đây. Bác sỹ bảo tôi cũng chưa gặp bệnh nhân nào có những vết mổ cũ sẹo và dính bên trong nhiều như vậy. May mà ruột thừa mới chỉ gần vỡ thôi chứ mà vỡ thì ca này đúng là nan giải vì ko tìm được chỗ để thủ thuật, thật may trời thương em nên vẫn phẫu thuật kịp thời😊 Lần mổ thứ 5 trong cuộc đời vẫn được khoẻ mạnh trở về nhà an toàn là điều mừng nhất, hi vọng sẽ ko phải đụng dao kéo thêm 1 lần nào nữa trong suốt hành trình tiếp theo❤️❤️❤️ Em mổ ở Vinmec Smart City nhé các bác, nếu ko may gặp biến cố về sức khoẻ hãy thử 1 lần trải nghiệm dịch vụ ở nơi đây ạ😊 Và nếu kinh phí có hạn mà vẫn muốn trải nghiệm dịch vụ quốc tế này thì các bác nên dự phòng thêm cho mình tấm thẻ bảo hiểm sức khoẻ này nhé, một năm chỉ một vài triệu thôi nhưng ko may thì nó sẽ giúp mình bảo lãnh cả khoản tiền lớn vài trăm triệu 1 năm đó ạ.👏👏👏 Bác nào cần tham khảo thẻ sk của Bảo Việt thì cứ ib em, em chỉ cho nhé! 💜💜💜 #moruotthua #baolanhvienphi #thesuckhoe #baovietlife #vinmecsmartcity",4,4,0,0,1,unknown,Tich cuc,1,0,0,0,0,0/1 (0.0%),Normal,
103,BẢO HIỂM NHÂN THỌ - Hội chuyên viên tư vấn,https://www.facebook.com/groups/baohiemnhantho.chuyenvien/posts/1623296349254665/,Chỉ cần nhìn 1 ký hiệu trên thẻ BHYT là biết ngay mức hưởng của bạn. #tinbaohiem24h #baohiemyte #baohiem,0,0,0,0,1,unknown,Tich cuc,1,0,0,0,0,0/1 (0.0%),Normal,
104,BẢO HIỂM NHÂN THỌ - Hội chuyên viên tư vấn,https://www.facebook.com/groups/baohiemnhantho.chuyenvien/posts/1623312969253003/,"Mình cần mua bảo hiểm cho mẹ và 2 con. Muốn tham khảo bên gen, sun và aia. Khu vực Tiền giang hoặc long an ạ",40,40,0,0,48,unknown,Spam,5,1,0,36,0,0/6 (0.0%),Normal,
105,BẢO HIỂM NHÂN THỌ - Hội chuyên viên tư vấn,https://www.facebook.com/groups/baohiemnhantho.chuyenvien/posts/1623356549248645/,Mấy bạn cho em hỏi.. có gói bảo hiểm nào chi trả cho nha khoa... Niềng răng và thay răng sứ ko ạ....,13,13,0,0,18,unknown,Trung lap,1,10,1,6,0,1/12 (8.3%),Normal,
106,BẢO HIỂM NHÂN THỌ - Hội chuyên viên tư vấn,https://www.facebook.com/groups/baohiemnhantho.chuyenvien/posts/1623381639246136/,"Nào giờ tui mới thấy… táo bón mà tốn gần 19 triệu 😳 Nhiều người đọc chắc nghĩ: “Tư vấn viên bảo hiểm toàn nói quá!” 😂 Nhưng đây là 𝐭𝐡𝐮̛ 𝐜𝐡𝐢 𝐭𝐫𝐚̉ 𝐭𝐡𝐮̛̣𝐜 𝐭𝐞̂́ của một em bé bị táo bón, được mẹ đưa đi điều trị tại Vinmec. Con nhỏ, chuyện sức khỏe chẳng ai biết trước. May là ba mẹ đã kịp thời chuẩn bị cho con 𝐭𝐡𝐞̉ 𝐬𝐮̛́𝐜 𝐤𝐡𝐨̉𝐞 𝐀𝐈𝐀, để khi cần đi viện, ba mẹ yên tâm điều trị cho con mà bớt áp lực về viện phí.☘️🐝",8,8,0,0,1,unknown,Tich cuc,1,0,0,0,0,0/1 (0.0%),Normal,
107,BẢO HIỂM NHÂN THỌ - Hội chuyên viên tư vấn,https://www.facebook.com/groups/baohiemnhantho.chuyenvien/posts/1623454155905551/,Nếu có sản phẩm này thì mọi chi phí y tế Nội trú sẽ không còn là nỗi lo,0,0,0,0,0,,,0,0,0,0,0,0/0 (0%),Normal,
108,BẢO HIỂM NHÂN THỌ - Hội chuyên viên tư vấn,https://www.facebook.com/groups/baohiemnhantho.chuyenvien/posts/1623505989233701/,"Cha mẹ ơi, suy cho cùng mọi sự nổ lực của bản thân cũng chỉ để cố gắng xây dựng cho gia đình một mái ấm, lo cho ""con cái"" và ""tương lai"" của cả gia đình. Chúng ta không chỉ nổ lực tạo ra mà còn phải biết cách bảo vệ cho người thân yêu, con cái của mình. Nhân dịp kỉ niệm 30 năm thành lập của Bảo Việt, bên em ra mắt sp Ikc là An Thịnh Phúc Niên, tự tin là chỗ dựa vững chắc cho mái ấm gia đình Việt. Ngoài sp này, bên em còn nhiều sp khác đáp ứng những nhu cầu khác nhau cho KH ạ.",1,1,0,0,0,,,0,0,0,0,0,0/0 (0%),Normal,
109,BẢO HIỂM NHÂN THỌ - Hội chuyên viên tư vấn,https://www.facebook.com/groups/baohiemnhantho.chuyenvien/posts/1623515369232763/,"ĐỪNG ĐỢI CƠ THỂ LÊN TIẾNG MỚI BẮT ĐẦU QUAN TÂM 💚 Mỗi ngày vẫn làm việc, vẫn sinh hoạt bình thường nên chúng ta thường nghĩ “mình vẫn khỏe”. Nhưng có những thay đổi sức khỏe diễn ra âm thầm mà chính mình không nhận ra. 🌿 Đừng chờ có vấn đề mới đi khám. Hãy chủ động khi bạn vẫn còn khỏe. 💚 Lo lắng chi phí? Dai-ichi Life hỗ trợ 100% chi phí khám sức khỏe, giúp bạn an tâm kiểm tra mà không phải bận tâm về chi phí. 📍 Địa điểm: Tầng 4, Tòa nhà Dai-ichi Life Việt Nam, 149–151 Nguyễn Văn Trỗi, Phú Nhuận, TP.HCM. Đăng ký ngay 👇🏻 https://docs.google.com/forms/d/e/1FAIpQLSfEyvndtwNoNpPK1KPmqDNV5oKlFRh4RjL_RFOQctl9whHChQ/viewform",0,0,0,0,0,,,0,0,0,0,0,0/0 (0%),Normal,
110,BẢO HIỂM NHÂN THỌ - Hội chuyên viên tư vấn,https://www.facebook.com/groups/baohiemnhantho.chuyenvien/posts/1623526469231653/,"🔥🔥 SALE NỆM + QUÀ TẶNG 🔥🔥 ( Miễn phí ship ) 🛒 Đủ kích thước và độ dày 5cm, 10cm, 15cm, 25cm, 30cm... 👉Gía tốt cho sỉ,làm CHDV, Khách sạn, Homestay.... 👉Pallet đủ kích thước 👉Nhận đặc nệm và Pallet theo kích thước 1m x 2m x 10p giá 550k 1m2 x 2m x 10p giá 600k 1m4 x 2m x 10p giá 650k 1m6 x 2m x 10p giá 700k 1m8 x 2m x 10p giá 800k Hotline : 0355.934.740",0,0,0,0,0,,,0,0,0,0,0,0/0 (0%),Normal,
111,BẢO HIỂM NHÂN THỌ - Hội chuyên viên tư vấn,https://www.facebook.com/groups/baohiemnhantho.chuyenvien/posts/1623710899213210/,"Trung Thu là dịp để gia đình quây quần bên nhau, cùng ngắm trăng, sẻ chia những câu chuyện quen thuộc và tạo nên những kỷ niệm đáng nhớ. Khi trưởng thành hơn, nhiều người nhận ra rằng điều quý giá nhất của mỗi mùa đoàn viên không nằm ở chiếc bánh trung thu hay món quà được trao tặng, mà là khoảnh khắc những người thân yêu vẫn khỏe mạnh và hiện diện bên cạnh mình. Bởi những khoảnh khắc đoàn viên sẽ càng ý nghĩa hơn khi những người thân yêu luôn được chăm sóc và bảo vệ, AIA đông hành cùng Quý khách với Giải Pháp Sống Khỏe Toàn Diện và các giải pháp bảo hiếm đa dạng, phù hợp cho cả gia đình. Inbox Phú CVTV ÐLBH AIA để được tư vấn #AlA #AOB #trungthu #trangtronuocmotron #suckhoevettron #doanvien",0,0,0,0,0,,,0,0,0,0,0,0/0 (0%),Normal,
112,BẢO HIỂM NHÂN THỌ - Hội chuyên viên tư vấn,https://www.facebook.com/groups/baohiemnhantho.chuyenvien/posts/1624240392493594/,"Hỏi đáp: Vf7 “ tập đua “ bị cháy có được bảo hiểm không ??? +Có được bảo hiểm ❤️ Nếu chủ xe tham gia BH thân vỏ , xe bị tai nạn ( sập vào đá ) dẫn đến thủng pin ,BH có bồi thường Pin cả khi Pin tổn thất riêng . ❤ Pin của xe điện gây nhiều tranh cãi , đặc biệt khi tai nạn vì pin xe có giá trị cao nhưng ở vị trí rất dễ tổn thất nếu đi vào đường nhiều ổ gà , ổ voi🫑 Chỉ 1 vết rách , thủng hay móp nhỏ cũng phải thay toàn bộ khối pin hoặc ít nhất là vỏ pin , chi phí cao và thời gian thay thế lâu hơn những bộ phận khác của xe.✍ TNDS 5 chỗ biển trắng 279k BH Quân Đội MIC có bảo hiểm pin cả khi pin tổn thất riêng 0968.729.615 ZL Em để lấy mẫu hợp đồng ạ",0,0,0,0,1,unknown,Trung lap,0,1,0,0,0,0/1 (0.0%),Normal,
113,BẢO HIỂM NHÂN THỌ - Hội chuyên viên tư vấn,https://www.facebook.com/groups/baohiemnhantho.chuyenvien/posts/1624249705825996/,Em cần tư vấn về bhnt ạ,63,63,0,0,67,unknown,Spam,8,2,0,56,0,0/10 (0.0%),Normal,
114,BẢO HIỂM NHÂN THỌ - Hội chuyên viên tư vấn,https://www.facebook.com/groups/baohiemnhantho.chuyenvien/posts/1624298039154496/,"Nhiều mẹ mong ngóng, hỏi lịch Lớp tiền sản Dai-ichi mãi rồi đúng không?"" Hôm nay THƯ MỜI CHÍNH THỨC đã có rồi đây các mẹ ơi😘 Lần này các mẹ sẽ được trang bị: • Giải pháp sức khỏe cho mẹ & bé • Kiến thức vượt cạn & kỹ năng chăm sóc trẻ sơ sinh • Và tất nhiên là có quà xinh mang về nữa nha! Số lượng mẹ bầu tham dự có hạn, nên mẹ nào đang chờ lớp thì nhanh tay đăng ký với GAD Trang qua zalo hoặc fb Gad Trang Dai-ichi nhé! Chỉ có 5 slot dành cho các MOM đăng ký sớm! Hẹn gặp các mẹ bầu ngày 12/09 Vững vàng đón con - An tâm làm mẹ!",0,0,0,0,0,,,0,0,0,0,0,0/0 (0%),Normal,
115,BẢO HIỂM NHÂN THỌ - Hội chuyên viên tư vấn,https://www.facebook.com/groups/baohiemnhantho.chuyenvien/posts/1624319419152358/,"🔥 **TÌM KIẾM ĐỒNG ĐỘI **🔥 Bạn đang tìm kiếm một môi trường làm việc chuyên nghiệp, có sự dẫn dắt từ cấp quản lý tâm huyết và cơ hội phát triển sự nghiệp vượt bậc? Gia nhập đội ngũ của **Mr. Nguyễn Văn Tuấn** tại **Fubon Life Việt Nam** ngay hôm nay! ✨ **VỀ NGƯỜI DẪN ĐƯỜNG:** * Với hơn **11 năm kinh nghiệm** trong các lĩnh vực Bất động sản, Tài chính và Chứng khoán. * Triết lý làm việc: *""Một người lãnh đạo giỏi không chỉ tạo ra kết quả, mà còn tạo ra những con người tạo nên kết quả.""* * Sẵn sàng tận trung dẫn dắt, đồng hành và khai phá tiềm năng của từng cá nhân để cùng chinh phục những mục tiêu lớn. ✨ **QUYỀN LỢI ĐẶC BIỆT:** * ĐƯỢC ĐÀO TẠO trực tiếp bài bản từ lộ trình căn bản đến nâng cao. * Môi trường làm việc năng động, công bằng, khuyến khích sự chủ động và bứt phá. * Thu nhập hấp dẫn + Thưởng theo năng lực không giới hạn. * Cơ hội thăng tiến rõ ràng trong ngành tài chính - bảo hiểm. ✨ **CHÚNG TÔI TÌM KIẾM:** * Các bạn trẻ đam mê kinh doanh, nhiệt huyết và muốn thử thách bản thân. * Tinh thần chủ động, trách nhiệm và học hỏi nhanh. 📥 **CÁCH THỨC ỨNG TUYỂN:** * **Gửi CV qua Zalo:** 032.6565.289 * **Địa điểm làm việc:** Fubon Life Việt Nam - Tòa Discovery, 302 Cầu Giấy, Hà Nội. 👉 **Gia nhập ngay hôm nay để bắt đầu hành trình bứt phá cùng chúng tôi!**",0,0,0,0,0,,,0,0,0,0,0,0/0 (0%),Normal,
116,BẢO HIỂM NHÂN THỌ - Hội chuyên viên tư vấn,https://www.facebook.com/groups/baohiemnhantho.chuyenvien/posts/1624331622484471/,Bên mình phòng khám tại Cầu Giấy. Cần hợp tác với 1 đại lý bh gần kv kết hợp làm sự kiện thăm khám tăng trải nghiệm KH và cùng thúc đẩy bán chéo 2 bên. Đơn vị nào ở kv này ib trao đổi nhé,16,16,0,0,12,unknown,Spam,1,2,0,9,0,0/3 (0.0%),Normal,
117,BẢO HIỂM NHÂN THỌ - Hội chuyên viên tư vấn,https://www.facebook.com/groups/baohiemnhantho.chuyenvien/posts/1624332859151014/,"## **E còn vài slot tham gia Hội thảo Sức khoẻ của Daiichi-Life** Địa chỉ: T10 toà Trico 548 Nguyễn Văn Cừ, Bồ Đề, HN Được khám & tư vấn miễn phí Tiệc trà bánh giao lưu Có quà mang về Liên hệ em để đăng kí ạ",1,1,0,0,8,unknown,Spam,1,0,0,6,0,0/1 (0.0%),Normal,
118,BẢO HIỂM NHÂN THỌ - Hội chuyên viên tư vấn,https://www.facebook.com/groups/baohiemnhantho.chuyenvien/posts/1624412472476386/,🍀TẶNG VALI KHI MỞ THẺ ONE CARD 🍀 Quá nhiều ưu đãi khi mở dòng thẻ này ✅Miễn phí thường niên năm đầu khi chi tiêu ✅Miễn lãi lên đến 55 ngày ✅ Trả góp 0% cho hạng Signature ✅ Hoàn đến 3/5 danh mục ( mua sắm trên shopee hoàn về mã MCC 5262 nhiều) …..,1,1,0,0,1,unknown,Spam,0,0,0,1,0,0/0 (0%),Normal,
119,BẢO HIỂM NHÂN THỌ - Hội chuyên viên tư vấn,https://www.facebook.com/groups/baohiemnhantho.chuyenvien/posts/1624475419136758/,"CÂU CHUYỆN TỪ 1 BỆNH VIỆN QUỐC TẾ SANG CHẢNH Anh Tuấn giám đốc dự án của một công ty lớn, lương cả ngàn đô cầm chiếc thẻ bảo hiểm VIP do công ty mua cho, bước vào sảnh bệnh viện quốc tế. Tuấn suy nghĩ ""tháng trước công ty cho đi khám sức khỏe định kỳ gói cơ bản quá, giờ mình có thẻ xịn, khám lại cho chắc"". Ung dung bước vào quấy làm thủ tục, Tuấn chon ngay gói ""Diamond"", tầm soát tổng thể, xét nghiệm ung thư, chụp cắt lớp vi tính (CT/MSCT) mạch máu phát hiện xơ vữa thành động mạch, CT Scan đa dãy để phát hiện sỏi thận, sỏi mật... Sau một buổi được ""hành tỏi"" đủ kiểu, Tuấn tự tin bước đến quầy thanh toán, xòe thẻ ra một cách đầy ""kiêu hãnh"". Tuấn đinh ninh: ""Chỉ cần ký xoẹt một cái là xong, phí chắc tầm trên hai chục củ, thẻ VIP này lo tất!"" Nhưng, cô nhân viên thu ngân cười tươi roi rói bảo: ""Anh ơi, ca này của anh bị Bảo hiểm từ chối bảo lãnh 100%, anh vui lòng thanh toán giúp em 18 triệu ạ!"" Tuấn đứng hình. Sự thật phũ phàng là gì? Tuấn quên mất một điều khoản cốt lõi, ""điều kiện bồi thường"" của đại đa số thẻ bảo hiểm sức khỏe là Bảo hiểm chỉ bồi thường cho việc ĐIỀU TRỊ bệnh. Bạn phải CÓ BỆNH, CÓ TRIỆU CHỨNG hoặc bị TAI NẠN thì Bảo hiểm mới chi trả viện phí, tiền thuốc. Việc khám sức khỏe tổng quát (preventive check-up) khi bạn đang khỏe re, chỉ để ""tầm soát"", ""kiểm tra cho yên tâm"" là hành động TỰ NGUYỆN và KHÔNG nằm trong danh mục ĐIỀU TRỊ. Cầm thẻ VIP đi khám định kỳ là ""việt vị"" ngay từ cửa thanh toán. Trừ một số gói bảo hiểm rất đắt tiền có ""rider"" (quyền lợi bổ sung) Khám sức khỏe, còn lại, câu trả lời sẽ là ""No"". Cầm thẻ VIP đi viện như thế nào mới là chuẩn chỉnh (để không bị từ chối)? 1. Chỉ đi viện khi... có chuyện: Đừng đi khám ""vui vẻ"". Thẻ bảo hiểm chỉ nên được rút ra khi bạn đang ""hắt hơi sổ mũi, đau dạ dày, hay ngã cái đùng"" vì tai nạn. CÓ TRIỆU CHỨNG thực tế là chìa khóa đầu tiên. 2. KHAI BÁO TRIỆU CHỨNG thay vì đặt GÓI DỊCH VỤ: Tại quầy đăng ký, thay vì nói ""Tôi muốn mua gói VIP Diamond để kiểm tra sức khỏe"", hãy nói ""Tôi bị đau bụng/ho kéo dài/đau đầu..."". Khi đó, bác sĩ sẽ THỰC HIỆN KHÁM LÂM SÀNG để tìm nguyên nhân. 3. Để bác sĩ quyết định các xét nghiệm: Các xét nghiệm, chụp chiếu (siêu âm, CT, MRI, xét nghiệm máu...) được Bảo hiểm chi trả nếu chúng là chỉ định của bác sĩ để chẩn đoán tình trạng bệnh lý mà bạn đang có triệu chứng. Nếu bác sĩ bảo ""Để tìm nguyên nhân đau bụng, anh cần siêu âm dạ dày"", thì phí siêu âm đó được thẻ VIP bảo lãnh. Còn nếu bạn tự đòi hỏi ""CT toàn thân"" khi bác sĩ thấy không cần thiết, thì phí đó bạn tự trả. 4. Kiểm tra điều khoản loại trừ: Trước khi dùng bất kỳ quyền lợi bảo hiểm nào dù là nhỏ hay lớn, hãy dành 5 phút đọc mục ""CÁC ĐIỂM LOẠI TRỪ"" trong hợp đồng. Nhiều thẻ VIP còn có điểm loại trừ cho một số bệnh đặc biệt trong năm đầu tiên, điều trị thẩm mỹ, nha khoa, v.v. Đừng trách Công ty bảo hiểm nếu bạn bị bắt ""việt vị"" kiểu Tuấn. Nhưng, nếu bạn bị từ chối khi thực sự ĐIỀU TRỊ, bạn phải làm gì? Hãu theo dõi bài viết kỳ sau để biết ""Các bước khiếu nại khi KH không may bị từ chối bồi thường"" nhé!",8,8,0,0,0,,,0,0,0,0,0,0/0 (0%),Normal,
120,BẢO HIỂM NHÂN THỌ - Hội chuyên viên tư vấn,https://www.facebook.com/groups/baohiemnhantho.chuyenvien/posts/1624519082465725/,"Có những buổi tư vấn chỉ kéo dài 30 phút. Nhưng phía sau đó là nhiều giờ học, đọc và tìm hiểu. Để khi khách hàng cần, mình có thể trả lời bằng sự hiểu biết chứ không chỉ bằng cảm tính. ❤️ #chuyennghecuahuyen #bhnt #prukhoelinhhoat #xuhuong",0,0,0,0,0,,,0,0,0,0,0,0/0 (0%),Normal,
121,BẢO HIỂM NHÂN THỌ - Hội chuyên viên tư vấn,https://www.facebook.com/groups/baohiemnhantho.chuyenvien/posts/1624961309088169/,"✨ BẢO HIỂM PVI: ĐỒNG HÀNH CÙNG NGƯỜI DÂN VÀ DOANH NGHIỆP PHÁT TRIỂN AN SINH BỀN VỮNG ​Trên khắp cả nước, mạng lưới điểm thu và đại lý thu của Bảo hiểm PVI đang hỗ trợ người dân, hộ gia đình và doanh nghiệp tiếp cận, tham gia BHXH tự nguyện, BHYT hộ gia đình thuận tiện và nhanh chóng. ​Tính đến năm 2025, Bảo hiểm PVI đã phát triển mạng lưới với hơn 1.600 điểm thu và hơn 2.600 đại lý thu trên toàn quốc, từng bước mở rộng độ phủ để người dân được phục vụ ngay tại địa phương mà không phải đi lại xa. ​Đồng hành cùng đội ngũ đại lý thu, Bảo hiểm PVI chú trọng hoàn thiện môi trường làm việc chuyên nghiệp và hiệu quả: ​Ứng dụng phần mềm số hóa: Toàn bộ quy trình thu nộp được thực hiện trên hệ thống điện tử, không làm giấy tờ thủ công. Người tham gia nhận ngay kết quả xác nhận qua tin nhắn SMS và email. ​Đào tạo và hỗ trợ nghiệp vụ liên tục: - Thường xuyên tổ chức các chương trình đào tạo kỹ năng, cập nhật nhanh chóng các thông tư, nghị định và luật BHXH mới nhất. - ​Chính sách hoa hồng minh bạch: Thù lao đại lý được công khai rõ ràng, chi trả đầy đủ và đúng kỳ hạn cam kết. - ​Mỗi đại lý thu là cầu nối thiết thực đưa chính sách bảo hiểm của Nhà nước đến với từng người dân, đồng thời mang lại nguồn thu nhập ổn định cho người làm công việc này. ​Gia nhập đội ngũ đại lý thu Bảo hiểm PVI ngay hôm nay để cùng chúng tôi phục vụ người dân tại địa bàn của bạn. ​Xem phóng sự về mạng lưới thu của Bảo hiểm PVI: https://www.youtube.com/watch?v=di94kboxDCA -------------------- ​PVI KHÁNH HÒA: Đồng hành vì cuộc sống an toàn! ​Hotline: 094.240.2779 ​Địa chỉ: STH28A.03, Đường số 13, KĐT Lê Hồng Phong II, Nha Trang, Khánh Hòa ​Website: pvikhanhhoa.com ​#BaoHiemPVI #PVIKhanhHoa #BHXHTuNguyen #BHYTHoGiaDinh #DaiLyThuPVI",0,0,0,0,0,,,0,0,0,0,0,0/0 (0%),Normal,
122,BẢO HIỂM NHÂN THỌ - Hội chuyên viên tư vấn,https://www.facebook.com/groups/baohiemnhantho.chuyenvien/posts/1625091172408516/,"## Bạn mong muốn 1 môi trường làm việc lành mạnh, có sếp tâm lý, được nghỉ ngơi vào cuối tuần - Apply ngay vào vị trí NHÂN VIÊN KINH DOANH (CÓ LC) cùng chúng tôi bứt phá doanh số!! Địa chỉ: T10 Tòa Trico 548 Nguyễn Văn Cừ, Bồ Đề, HN * Công việc: Tiếp nhận data từ Marketing Tư vấn theo nhu cầu & quyền lợi KH Care khách trước và sau khi chốt HĐ * Yêu cầu: Có kn sale Biết tư vấn, đàm phán, chốt hợp đồng * Thu nhập 8-20tr/tháng (có thể deal LC theo năng lực) Đóng BHXH, BHYT, BHTN đầy đủ khi lên chính thức Thời gian làm việc: từ T2 đến sáng T7; 8h30 đến 17h30; nghỉ trưa 12h - 13h30 * Ib nhận JD chi tiết",3,3,0,0,3,unknown,Spam,0,1,0,2,0,0/1 (0.0%),Normal,
123,BẢO HIỂM NHÂN THỌ - Hội chuyên viên tư vấn,https://www.facebook.com/groups/baohiemnhantho.chuyenvien/posts/1625091255741841/,"🚀 FUBON LIFE TUYỂN DỤNG QUẢN LÝ PHÁT TRIỂN KINH DOANH KÝ HĐLĐ 💰 Lương cố định: 15 triệu/tháng 🔥 Thu nhập trung bình: 30 triệu+/tháng 🎁 Thưởng hiệu suất – Thưởng phát triển – Thưởng tháng 13 ✅ Chế độ đầy đủ theo quy định: • BHXH, BHYT, BHTN • Nghỉ lễ/Tết, phép năm đầy đủ • Đào tạo chuyên nghiệp & lộ trình thăng tiến rõ ràng • Môi trường năng động, chuyên nghiệp 📍 Làm việc tại: Tầng 9, Tòa nhà Báo Sài Gòn Giải Phóng, Số 432-438 Nguyễn Thị Minh Khai, P.Bàn Cờ, TP.HCM 👤 Yêu cầu: Từ 26 tuổi trở lên, tốt nghiệp đại học, ưu tiên có kinh nghiệm 📩 Inbox ngay hoặc gửi CV về email: han.vuong@fubon.com để ứng tuyển!",3,3,0,0,1,,,0,0,0,0,0,0/0 (0%),Normal,
124,BẢO HIỂM NHÂN THỌ - Hội chuyên viên tư vấn,https://www.facebook.com/groups/baohiemnhantho.chuyenvien/posts/1625127419071558/,"🎉 CHÀO MỪNG THÀNH VIÊN MỚI ĐẾN VỚI NHÓM! 🎉 Xin gửi lời chào nồng nhiệt đến tất cả các bạn vừa tham gia cùng gia đình chung của chúng ta 💐 Rất vui khi được kết nối cùng những người bạn có chung mối quan tâm. 👉 Hãy cùng nhau chia sẻ, học hỏi và lan tỏa những giá trị tích cực 👉 Các bạn vui lòng tuân thủ Quy tắc cộng đồng và Quy tắc nhóm để tránh bài viết bị từ chối! 💖 Chúc bạn sẽ có những trải nghiệm thú vị và hữu ích trong nhóm! Bảo Hân, Linh Bảo Hiểm, Hà Hữu Hà, Nguyễn Hữu Hướng, Đông Dương, HT Minhtuyến, Yen Nguyen, Khánh Ly, Kiet Duong, Tung Nguyen, Kỳ Nguyễn, Ngân Nguyễn, Mĩ Ngọc, Lê Tiến Thành, Võ Thành An, Nguyễn Thị Thanh Thùy, Jenny Trang Vu, Nguyễn Bá Ái, Hoàng Vương, Vũ Trường Sinh, Duyên Tạ, Tuấn Lưu, Grepaco - Túi Vải In Theo Yêu Cầu, Lê Hiển, Tạ Diệu Linh, Nguyễn Phương, Ánh Nguyệtt, Nguyễn Ngọc Hoàng Nhi, Nabi Hương, Hiền Nhím, Lý Mỵ, Duy Quách, Phuong Thao, Quà tặng thúc đẩy doanh số - 0901.162.673, Mây Mays, Phạm Huế, Trang Nguyen, Lường Công Chính, Liên Tạ, Jewel Cherry, Lê An, Phạm Quỳnh, Mai Lan, Phạm Trang, Lê Thị Thuỷ, Võ Như, Trương Quỳnh Dung, Bùi Thùy, Huyền Moon, Shinhan life, Không Biết, Lê Nguyễn Yến Nhi, Vân Vân, Nguyễn Thảo Đông Trùng, Linh Khanh, Ryo Nguyễn, Trang Nguyen Thuy, Nguyễn Khánh, Kim Loan Trần, Bình An Lê, Hang Thanh, Phạm Kim Chi, Jung Jung, Đức Lộc, Nguyễn Văn Đông, Thảo Phạm, Hương Giang, Thu Thủy, NT Hong Truc",0,0,0,0,0,,,0,0,0,0,0,0/0 (0%),Normal,
125,BẢO HIỂM NHÂN THỌ - Hội chuyên viên tư vấn,https://www.facebook.com/groups/baohiemnhantho.chuyenvien/posts/1625131932404440/,"🔥SALE ĐẦU NĂM – NỆM 10CM CHỈ 549K + QUÀ TẶNG🔥 ( Miễn phí ship ) 🛒 Đủ kích thước và độ dày 5cm, 10cm, 15cm, 25cm, 30cm... 👉Gía tốt cho sỉ,làm CHDV, Khách sạn, Homestay.... 👉Pallet đủ kích thước 👉Nhận đặc nệm và Pallet theo kích thước 1m x 2m x 10p giá 550k 1m2 x 2m x 10p giá 600k 1m4 x 2m x 10p giá 650k 1m6 x 2m x 10p giá 700k 1m8 x 2m x 10p giá 800k Hotline : 0355.934.740",0,0,0,0,0,,,0,0,0,0,0,0/0 (0%),Normal,
126,BẢO HIỂM NHÂN THỌ - Hội chuyên viên tư vấn,https://www.facebook.com/groups/baohiemnhantho.chuyenvien/posts/1625155929068707/,Minh cần tham gia bảo hiểm tích lũy kèm sức khỏe cho bản thân . Tài chính tầm 30tr. A/c nào beên bảo hiểm uy tín tư vấb giúp mình ạ. 0937.191.358. Mình cảm ơn !,45,45,0,0,39,unknown,Spam,1,3,0,34,0,0/4 (0.0%),Normal,
127,BẢO HIỂM NHÂN THỌ - Hội chuyên viên tư vấn,https://www.facebook.com/groups/baohiemnhantho.chuyenvien/posts/1625231305727836/,"Cho em hỏi em có u lành (u bì) ở buồng trứng và từng tiểu phẫu hạch viêm (lành tính) ở vùng cổ, thì khi mua bảo hiểm em bị loại trừ những bệnh gì ạ . em đang cần mua bảo hiểm tài chính khoảng 17tr/năm có kèm chăm sóc sức khoẻ ạ",26,26,0,0,41,unknown,Spam,2,10,0,27,0,0/12 (0.0%),Normal,
128,BẢO HIỂM NHÂN THỌ - Hội chuyên viên tư vấn,https://www.facebook.com/groups/baohiemnhantho.chuyenvien/posts/1625231959061104/,Thứ 7 tuần này sẽ có 1 buổi chia sẻ về sức khoẻ. Tặng ngay chăn xịn xò khi khách hàng đến tham dự sự kiện và quà bốc thăm trúng thưởng khi khách hàng đăng ký giải pháp.,0,0,0,0,0,,,0,0,0,0,0,0/0 (0%),Normal,
129,BẢO HIỂM NHÂN THỌ - Hội chuyên viên tư vấn,https://www.facebook.com/groups/baohiemnhantho.chuyenvien/posts/1625308895720077/,"🔴 **CÓ MỘT NƠI NỤ CƯỜI CỦA CẢ GIA ĐÌNH LUÔN ĐƯỢC BẢO VỆ TRỌN VẸN...** 🔴 Bạn có bao giờ tự hỏi: *Điều gì là quan trọng nhất đối với mình?* Đó không phải là những chuyến đi xa, cũng không phải là ngôi nhà sang trọng, mà chính là khoảnh khắc thấy **ông bà khỏe mạnh, vợ chồng an yên và con trẻ lớn khôn mỗi ngày**. Thế nhưng, cuộc sống luôn có những biến số. Một cơn sốt của con, một lần nhập viện của cha mẹ cũng đủ khiến cả gia đình chao đảo. Thấu hiểu điều đó, Generali mang đến chương trình **""HÀNH TRÌNH SỐNG KHỎE - TRAO BẢO VỆ TRỌN AN TÂM""** – giải pháp đồng hành cùng mọi thế hệ trong gia đình bạn! --- 🎁 **ĐẶC QUYỀN MUA SỚM - TẶNG QUÀ LỚN DUY NHẤT THÁNG 9/2026:** *(Áp dụng từ 01/09/2026 đến 30/09/2026)* * 👶 **Trẻ em (0 - 5 tuổi):** Nhận ngay quà tặng tương đương **30% phí bảo hiểm**. * 👨‍👩‍👧 **Thành viên (Trên 5 tuổi):** Nhận ngay quà tặng tương đương **20% phí bảo hiểm**. 🌟 **QUYỀN LỢI NỔI BẬT KHÔNG THỂ BỎ LỠ:** * **Bảo lãnh viện phí 100%:** Thẻ bảo hiểm VITA - Sức Khỏe Vàng giúp gia đình tiếp cận dịch vụ y tế chuẩn quốc tế mà không phải lo gánh nặng tài chính. * **Tích lũy song hành:** Vừa bảo vệ sức khỏe, vừa chủ động xây dựng nguồn tài chính vững chắc cho tương lai. * **Tối ưu chi phí:** Tham gia ngay trong tháng 9 để nhận mức chiết khấu quà tặng cao nhất năm. --- ⏳ **Chỉ còn ít ngày để nhận ưu đãi hấp dẫn này!** Đừng để rủi ro đến mới tìm giải pháp, hãy chủ động trao cho gia đình sự an tâm ngay hôm nay. 📞 **Hotline / Zalo hỗ trợ 24/7:** **0967.048.912** 📩 **Inbox ngay** cho em để nhận bảng tính phí chi tiết và tư vấn giải pháp tối ưu nhất cho gia đình mình! #GeneraliVietnam #HanhTrinhSongKhoe #VITASucKhoeVang #AnTamChoCaGiaDinh #BaoHiemNhanTho #Chamsocsuckhoe",0,0,0,0,0,,,0,0,0,0,0,0/0 (0%),Normal,
130,BẢO HIỂM NHÂN THỌ - Hội chuyên viên tư vấn,https://www.facebook.com/groups/baohiemnhantho.chuyenvien/posts/1625357549048545/,"Hợp đồng của bạn có đang bị ""dắt mũi"" ? Cùng Hưng review 4 điểm trong video nhé.",0,0,0,0,0,,,0,0,0,0,0,0/0 (0%),Normal,
131,BẢO HIỂM NHÂN THỌ - Hội chuyên viên tư vấn,https://www.facebook.com/groups/baohiemnhantho.chuyenvien/posts/1625517309032569/,"CATHAY LIFE VIỆT NAM TUYỂN DỤNG: TƯ VẤN VIÊN BẢO HIỂM 💰 Thu nhập & Quyền lợi: Mức thu nhập hấp dẫn: 12 - 14 Triệu + Thưởng. Nhiều khoản thưởng đa dạng: Thưởng tháng, quý, 6 tháng, thưởng chi nhánh & Tổng công ty. ⏰ Thời gian & Địa điểm làm việc: Thời gian: Sáng 8h30 - 12h00, buổi chiều linh động. Làm việc từ Thứ 2 đến Thứ 7, Chủ Nhật nghỉ. Địa điểm: Số I-03, Đường số 1, KP. Bình Cư 3 (Phường Tân An, Long An hoặc Phường Long An, Tây Ninh theo quy định sáp nhập). 🎯 Yêu cầu ứng viên: Độ tuổi: Nam/Nữ từ 26 - 50 tuổi. Trình độ: Tốt nghiệp từ THPT trở lên. Không yêu cầu kinh nghiệm về bảo hiểm. Ưu tiên các ứng viên đã có kinh nghiệm bán hàng, tư vấn hoặc chăm sóc khách hàng. 📝 Mô tả công việc: Thực hiện tư vấn và chăm sóc khách hàng. Cung cấp các sản phẩm đa dạng như: bảo hiểm xe máy, ô tô, du lịch, nhà xưởng, chung cư, thẻ sức khỏe... 👉 Quy trình phỏng vấn: Trải qua 2 vòng (Nhân sự ➡️ Sếp Đài Loan). 📩 Ứng tuyển ngay qua Zalo: 0339.244.247",2,2,0,0,0,,,0,0,0,0,0,0/0 (0%),Normal,
132,BẢO HIỂM NHÂN THỌ - Hội chuyên viên tư vấn,https://www.facebook.com/groups/baohiemnhantho.chuyenvien/posts/1625549505696016/,"🖤 KHÔNG PHẢI AI CŨNG CÓ “THẺ ĐEN” – NHƯNG ONE CARD THÌ KHÁC. Một chiếc thẻ không chỉ để thanh toán, mà còn là một dấu ấn về đẳng cấp và khả năng tài chính của người sở hữu. ✨ Đã dùng thẻ tín dụng, hãy chọn chiếc thẻ vừa sang – tiện – có giá trị sử dụng thực tế. Đặc biệt, ONE CARD còn có hoàn tiền lên tới 9% ở các nhóm chi tiêu nổi bật như: 🏫 Giáo dục | 🛡️ Bảo hiểm | 🛍️ Mua sắm | ✈️ Du lịch | 🌏 Chi tiêu nước ngoài 👉 Muốn biết mình đủ điều kiện sở hữu ONE CARD hạng nào, inbox Quỳnh để được kiểm tra & tư vấn nhé 🖤",1,1,0,0,0,,,0,0,0,0,0,0/0 (0%),Normal,
133,BẢO HIỂM NHÂN THỌ - Hội chuyên viên tư vấn,https://www.facebook.com/groups/baohiemnhantho.chuyenvien/posts/1625556089028691/,"🌟 PRU KHỎE LINH HOẠT – MỘT BƯỚC TIẾN MỚI TRONG BẢO VỆ SỨC KHỎE Ngày 09/09/2026, Prudential chính thức ra mắt PRU KHỎE LINH HOẠT – một giải pháp bảo vệ sức khỏe với rất nhiều lựa chọn, để phù hợp hơn với từng nhu cầu và khả năng tài chính của khách hàng. Điều đầu tiên Dung thấy WOW chính là: 🍀Khách hàng đến 70 tuổi vẫn có thể tham gia nếu đáp ứng điều kiện của sản phẩm. 🍀Và có thể gia hạn bảo vệ đến 100 tuổi. Nghĩa là không chỉ người trẻ mới nghĩ đến bảo hiểm sức khỏe. Ba mẹ, cô chú lớn tuổi cũng có thêm một cơ hội để chủ động chuẩn bị cho sức khỏe của mình. ❤️ Và phạm vi bảo vệ cũng rất linh hoạt: 🏥 Tại Việt Nam 🌏 Tại các nước Châu Á 🌎 Và đặc biệt, chương trình cao nhất có phạm vi toàn cầu, bao gồm Hoa Kỳ. Không chỉ nội trú, khách hàng còn có thể lựa chọn thêm quyền lợi ngoại trú, nha khoa… 👶 Gia đình có kế hoạch sinh em bé? Có thể tích hợp thêm quyền lợi thai sản nếu lựa chọn chương trình phù hợp. (Quyền lợi thai sản áp dụng phạm vi bảo vệ tại Việt Nam theo điều kiện sản phẩm.) Và một điểm Dung rất thích nữa là mức bảo vệ cực kỳ đa dạng: Từ 100 triệu… đến 5 Tỷ ! Wow! 😍 Từ một gia đình muốn có thêm khoản phòng thân cho những chi phí y tế bất ngờ, cho đến những khách hàng có nhu cầu bảo vệ sức khỏe ở mức cao và thường xuyên di chuyển quốc tế… 🔸Đều có thể tìm được lựa chọn phù hợp hơn với nhu cầu của mình. Bảo hiểm sức khỏe không phải để mình mong có bệnh. Mà là chuẩn bị khi mình còn khỏe, để nếu một ngày cần đến… mình có sự lựa chọn tốt hơn. Một sản phẩm mới. Một bước tiến mới. Và quan trọng nhất là thêm nhiều lựa chọn để khách hàng chủ động bảo vệ sức khỏe cho mình và gia đình. ❤️ PRU KHỎE LINH HOẠT – khỏe theo cách của mình, bảo vệ theo nhu cầu của mình. 👉 Ai đang quan tâm, đặc biệt là ba mẹ từ 50–70 tuổi, gia đình có con nhỏ hoặc anh chị thường xuyên đi nước ngoài, nhắn Dung nhé. Dung sẽ giúp mình xem chương trình nào phù hợp, không cần mua dư – chỉ cần mua đúng nhu cầu. #prukhoelinhhoat #ThuDungPrudential #chamsocsuckhoe",1,1,0,0,0,,,0,0,0,0,0,0/0 (0%),Normal,
134,BẢO HIỂM NHÂN THỌ - Hội chuyên viên tư vấn,https://www.facebook.com/groups/baohiemnhantho.chuyenvien/posts/1625625822355051/,Hiện nay ngoài thẻ CSSK của Dai i chi có thẻ Rời nào tối ưu hơn về Ngoại trú + nội trú k ạ Em cần tìm mua cho cả Gđ,50,50,0,0,51,unknown,Spam,2,14,0,32,0,0/16 (0.0%),Normal,
135,BẢO HIỂM NHÂN THỌ - Hội chuyên viên tư vấn,https://www.facebook.com/groups/baohiemnhantho.chuyenvien/posts/1625941548990145/,"## Môi trường lành mạnh, sếp tâm lý, phúc lợi đầy đủ, ''.'' hoặc ib để nhận JD chi tiết ạ",1,1,0,0,3,unknown,Spam,0,0,0,3,0,0/0 (0%),Normal,
136,BẢO HIỂM NHÂN THỌ - Hội chuyên viên tư vấn,https://www.facebook.com/groups/baohiemnhantho.chuyenvien/posts/1625946255656341/,"Lúc nào cũng nhỏ nhẹ, lúc nào cũng cười thật tươi, lúc nào cũng mang những giải pháp phù hợp với lại từng gia đình từng nhu cầu từng túi tiền của khách hàng đến với mọi người, lúc nào khách hàng cần có mặt hỗ trợ kịp thời. Đó là team chúng mìnhhhhhh☘️ Các bạn trai xinh gái đẹp, tìm 1 môi trường vui vẻ năng động để phát triển thêm kỹ năng mềm, nâng cao kỹ năng kiến thức nghiệp vụ của bảo hiểm nhắn team mình nghen 🥰💝 #job #vuive #baohiem #myteam",0,0,0,0,0,,,0,0,0,0,0,0/0 (0%),Normal,
137,BẢO HIỂM NHÂN THỌ - Hội chuyên viên tư vấn,https://www.facebook.com/groups/baohiemnhantho.chuyenvien/posts/1625967992320834/,KV HCM - Tìm Bạn nào tư vấn có tâm Generali và Daiichi thì de lai comment mình inb lại nhé.M tìm gói BH XT+BHN+SK cho gia đình,20,20,0,0,40,unknown,Spam,2,4,0,32,0,0/6 (0.0%),Normal,
138,BẢO HIỂM NHÂN THỌ - Hội chuyên viên tư vấn,https://www.facebook.com/groups/baohiemnhantho.chuyenvien/posts/1625971875653779/,"KHI NGƯỜI YÊU BẢO HIỂM SỨC KHOẺ NÓI LỜI CHIA TAY! Nhận thư từ chối chi trả viện phí đôi khi mang lại cảm giác chưng hửng hệt như cú plot twist (bẻ lái đột ngột) vỡ tim trong một bộ phim hình sự. Hãy khoan ""đăng đàn"" bức xúc vì mọi ""vụ án"" đều để lại manh mối, mọi quyết định từ chối chi trả y tế đều có lý do cụ thể. Dưới đây là 4 bước giúp bạn đòi lại quyền lợi bảo hiểm chính đáng: Bước 1: Bắt mạch ""tâm thư"" từ chối. Đừng chỉ đọc dòng chữ ""Không chấp thuận"" rồi đóng sập hồ sơ. Hãy soi thật kỹ xem công ty bảo hiểm viện dẫn điều khoản nào? Do thiếu hóa đơn viện phí? Nằm trong danh mục loại trừ? Hay vi phạm thời gian chờ? Hãy nhớ kỹ ""bắt đúng bệnh thì mới kê đúng thuốc!"" Bước 2: Thu thập ""chứng cứ ngoại phạm"". Sổ khám bệnh, kết luận của bác sĩ điều trị, bảng kê chi phí, kết quả xét nghiệm... tất cả chính là vũ khí sắc bén nhất của bạn. Nếu công ty bảo hiểm cho rằng đây là ""bệnh có sẵn"", hãy xin ngay xác nhận chuyên môn của bác sĩ chứng minh quá trình diễn tiến của bệnh. Bằng chứng y khoa càng vững, tỷ lệ lật kèo càng cao. Bước 3: Tung đòn khiếu nại sắc bén. Đừng bao giờ viết một lá đơn dài dòng kể lể sự tình! Một văn bản khiếu nại chuẩn chỉnh không cần lòng vòng, hãy đi thẳng vào vấn đề. Nêu rõ điểm bất hợp lý trong thư từ chối, trích dẫn ngược lại đúng điều khoản có lợi trong hợp đồng và đính kèm bộ chứng cứ đã chuẩn bị ở Bước 2. Bước 4: Cầu viện ""lực lượng đặc nhiệm"". Nếu sau khi khiếu nại mà phía bảo hiểm vẫn giữ thái độ cứng rắn, đây là lúc bạn cần những người thực sự am hiểu ""luật chơi"". Một chuyên gia pháp lý sành sỏi sẽ biết cách đối thoại bằng ngôn ngữ chuyên môn, đưa vụ việc ra ""ánh sáng"" một cách hiệu quả nhất. Quyền lợi nằm trong tay bạn, đừng vội bỏ cuộc chỉ vì một tờ thông báo từ chối! Hãy lan toả/chia xẻ (nếu bạn thấy phù hợp) để nhiều người hiểu đúng, hiểu đủ về bảo hiểm và tự bảo vệ quyền lợi của mình nhé!",0,0,0,0,0,,,0,0,0,0,0,0/0 (0%),Normal,
139,BẢO HIỂM NHÂN THỌ - Hội chuyên viên tư vấn,https://www.facebook.com/groups/baohiemnhantho.chuyenvien/posts/1626046788979621/,"QUỸ HỌC VẤN CHO CON: ĐANG BẢO VỆ CON HAY BẢO VỆ KẾ HOẠCH CỦA BỐ MẸ? Mua bảo hiểm giáo dục cho con, nhưng người quan trọng nhất cần được bảo vệ đôi khi lại là bố hoặc mẹ. Vì mục tiêu thật sự của quỹ học vấn không chỉ là “18 tuổi con nhận được bao nhiêu tiền”. Mà là: đến đúng thời điểm con cần học, tiền vẫn phải có — kể cả khi người tạo ra thu nhập gặp biến cố. Trước khi chọn một kế hoạch giáo dục, anh chị nên kiểm tra 4 điều: • Ai là người được bảo hiểm? • Ai là người đóng phí? • Nếu người đóng phí gặp rủi ro, kế hoạch có tiếp tục được duy trì không? • Khoản tiền học nào thực sự được bảo đảm? Quà tặng hay khuyến mại chỉ có giá trị trong thời gian ngắn. Khả năng duy trì kế hoạch 10–20 năm mới là điều quyết định. Anh chị đang chuẩn bị quỹ đại học cho con bằng tiết kiệm, đầu tư hay bảo hiểm?",2,2,0,0,0,,,0,0,0,0,0,0/0 (0%),Normal,
140,BẢO HIỂM NHÂN THỌ - Hội chuyên viên tư vấn,https://www.facebook.com/groups/baohiemnhantho.chuyenvien/posts/1626058292311804/,Vụ này có thật không mọi người,1,1,0,0,0,,,0,0,0,0,0,0/0 (0%),Normal,
141,BẢO HIỂM NHÂN THỌ - Hội chuyên viên tư vấn,https://www.facebook.com/groups/baohiemnhantho.chuyenvien/posts/1626063835644583/,Mình cần tìm hiểu sản phẩm bảo hiểm cho con. Anh chị em tư vấn viên uy tín có tâm hỗ trợ giúp mình nhé. HCM hỗ trợ dùm mình. Cảm ơn anh chị.,40,40,0,0,50,unknown,Spam,2,4,0,42,0,0/6 (0.0%),Normal,
142,BẢO HIỂM NHÂN THỌ - Hội chuyên viên tư vấn,https://www.facebook.com/groups/baohiemnhantho.chuyenvien/posts/1626179845632982/,"Nếu một ngày chẳng may bác sĩ nói mình mắc bệnh nặng, mà có người đưa ngay cho bạn **1 tỷ đồng** để lo viện phí, thuốc men… bạn sẽ thấy thế nào? Chắc chắn là nhẹ nhõm, an tâm hơn rất nhiều. Thật ra, với **Life Care 2.0** thì điều đó hoàn toàn có thật. Chỉ cần bỏ ra hơn **2 triệu đồng/năm**, khi được chẩn đoán mắc bệnh nghiêm trọng như **ung thư**, **đột quỵ** hay **nhồi máu cơ tim**, bạn sẽ được chi trả ngay **1 tỷ đồng**. Tiền bạc mình đi làm đâu phải để dành hết cho viện phí hay tiết kiệm quá nhiều cho y tế. Mình làm ra tiền để sống thoải mái, lo cho gia đình, và để dành cho những điều ý nghĩa. Life Care 2.0 giống như một “cái phao” tài chính, giúp mình không phải lo xoay xở khi rủi ro bất ngờ xảy ra. Nói đơn giản, bỏ ra chưa tới 200 nghìn/tháng, đổi lại có một khoản dự phòng cả tỷ đồng. Đây là cách để mình và gia đình an tâm hơn trước những biến cố sức khỏe.",0,0,0,0,0,,,0,0,0,0,0,0/0 (0%),Normal,
143,BẢO HIỂM NHÂN THỌ - Hội chuyên viên tư vấn,https://www.facebook.com/groups/baohiemnhantho.chuyenvien/posts/1626241168960183/,"Cuộc sống nếu ko phải nói 2 từ “giá như” thì tốt biết mấy😌😌😌 Trong hành trình làm bảo hiểm, có 2 trường hợp khiến em cảm thấy tiếc nhất: 1 là khách hàng gặp biến cố sức khoẻ nhưng là bệnh bẩm sinh không được chi trả, 2 là khách hàng khi biết mình có bệnh rồi mới tìm đến bảo hiểm để tham gia🥺🥺🥺 Và tháng này em gặp cả em gặp cả 2 trường hợp đó luôn mới buồn chứ🥹🥹🥹 Em vẫn hỗ trợ nhiệt tình để cố gắng tham gia cho khách hàng dù là bị áp phí phụ trội hoặc loại trừ quyền lợi nào đó, nhưng thật đáng tiếc với list bệnh dày đặc mà khách hàng mới khám sức khoẻ định kỳ xong thì ko thể mua thêm thẻ sức khoẻ cho khách😌 Khi một ai đó từ chối ko tham gia bảo hiểm nghĩ rằng mình đúng, họ cười hả hê nghĩ rằng “mình giỏi, mình ko bị lừa” - ok bạn từ chối bảo hiểm thì được. Nhưng… nếu một ngày BẢO HIỂM TỪ CHỐI bạn thì đó thực sự là điều rất đáng ngại. Vì khi đó sức khoẻ của bạn đã thực sự có vấn đề và bạn sẽ phải đối mặt với những nan giải trong cuộc sống đó là: sức khoẻ giảm sút, tiền bạc chi tiêu, tiền bạc khám chữa bệnh và cả khoản bù đắp thu nhập nếu bạn ko may ko thể đi làm nữa… 😌 Vậy cho nên nếu là người biết lo xa hãy nghiêm túc suy nghĩ đến việc có nên dự phòng cho mình 1 hợp đồng bảo hiểm hay ko? Có nên uỷ thác những rủi ro của mình cho bảo hiểm hay ko? Đừng để đến sau này lại phải mang tất cả những tài sản mình đã tích luỹ bấy lâu để trả cho bài toán VIỆN PHÍ💜💜💜 Nếu cần tìm hiểu đừng ngại nhắn tin cho em Liệu nhé! Em Liệu có hơn 7 năm kinh nghiệm hỗ trợ khách hàng giải quyết quyền lợi bảo hiểm. Thuộc Top 10% tư vấn viên xuất sắc nhất toàn cầu MDRT 2025. Sao Việt Bạch Kim của Bảo Việt Nhân Thọ 2025❤️❤️❤️ #baohiemnhantho #giaiquyetquyenloi #thesuckhoe #namvien #baovietnhantho #Lieubaoviet",0,0,0,0,2,bank_insurance,Trung lap,0,2,0,0,0,0/2 (0.0%),Normal,
144,BẢO HIỂM NHÂN THỌ - Hội chuyên viên tư vấn,https://www.facebook.com/groups/baohiemnhantho.chuyenvien/posts/1626300198954280/,"🌊 Biển có lúc bình yên, có lúc nhiều sóng gió… cuộc sống cũng vậy. Đừng chờ đến khi giông bão mới nghĩ đến bảo vệ. Chuẩn bị từ hôm nay – để ngày mai vẫn có thể bước tiếp thật vững vàng. ❤️ Luôn lắng nghe, luôn thấu hiểu và đồng hành ❤️‍🩹 #PrudentialVietNam #xuhuongfacebook",0,0,0,0,0,,,0,0,0,0,0,0/0 (0%),Normal,
145,BẢO HIỂM NHÂN THỌ - Hội chuyên viên tư vấn,https://www.facebook.com/groups/baohiemnhantho.chuyenvien/posts/1626480665602900/,"Mình cần tìm tư vấn bảo hiểm AIA cho 2 mẹ con ạ, ở Hà Nội",49,49,0,0,43,unknown,Spam,0,4,0,38,0,0/4 (0.0%),Normal,
146,BẢO HIỂM NHÂN THỌ - Hội chuyên viên tư vấn,https://www.facebook.com/groups/baohiemnhantho.chuyenvien/posts/1626847218899578/,"Khách hàng hoang mang: Tưởng bảo hiểm của con phải đóng tới gần 100 tuổi, gần 100 tuổi mới được rút tiền 😱 Thực tế có phải vậy không? Xem video Hưng giải thích nhé! #baohiemchocon #aia #khanhhungbaohiem #viralvideo #baohiemsuckhoe",2,2,0,0,0,,,0,0,0,0,0,0/0 (0%),Normal,
147,BẢO HIỂM NHÂN THỌ - Hội chuyên viên tư vấn,https://www.facebook.com/groups/baohiemnhantho.chuyenvien/posts/1626951732222460/,MANULIFE - DAIICHILIFE - GENEGALI 👉Mình muốn kết tư vấn viên tại Hcm của 3 đơn vị này để tìm hiểu sản phẩm cho bé. ACE tư vấn uy tín nhắn giúp mình nhé. Cảm ơn anh chị.,21,21,0,0,21,unknown,Spam,1,1,0,20,0,0/2 (0.0%),Normal,
148,BẢO HIỂM NHÂN THỌ - Hội chuyên viên tư vấn,https://www.facebook.com/groups/baohiemnhantho.chuyenvien/posts/1626967925554174/,"Nay mức tham gia bảo hiểm nhân thọ 10tr/Năm chuyên viên đọc xong ko thèm rep luôn, vậy phải bao nhiêu các bạn? Cảm ơn các bạn tư vấn mình đang tìm hiểu một hai bạn rồi cảm ơn tất cả.",46,46,0,0,54,unknown,Spam,8,8,3,35,0,3/19 (15.8%),Normal,
149,BẢO HIỂM NHÂN THỌ - Hội chuyên viên tư vấn,https://www.facebook.com/groups/baohiemnhantho.chuyenvien/posts/1626996712217962/,Mình cần mua bh sức khoẻ cho 3 mẹ con của Bảo Việt/PVI ở HN. Bạn nào bán thông tin giúp nhé. Thanks,28,28,0,0,36,unknown,Spam,2,2,0,30,0,0/4 (0.0%),Normal,
150,BẢO HIỂM NHÂN THỌ - Hội chuyên viên tư vấn,https://www.facebook.com/groups/baohiemnhantho.chuyenvien/posts/1627032465547720/,"Tết Trung Thu | Vững Đoàn Viên - Hay Sum Vầy Tết Đoàn Viên là dịp để mỗi chúng ta dành thêm thời gian chăm sóc, sẻ chia và tận hưởng những khoảnh khắc sum vẫy cùng gia đình. Vững đoàn viên - Hay sum vãy, khi những người minh thương luôn khỏe mạnh để cùng nhau tạo nên thật nhiều khoảnh khắc đáng nhớ. Inbox 📥 để được giới thiệu gói Combo sản phẩm bảo hiểm AIA",0,0,0,0,0,,,0,0,0,0,0,0/0 (0%),Normal,
151,BẢO HIỂM NHÂN THỌ - Hội chuyên viên tư vấn,https://www.facebook.com/groups/baohiemnhantho.chuyenvien/posts/1627034205547546/,"Hỏi đáp: Vf7 “ tập đua “ bị cháy có được bảo hiểm không ??? +Có được bảo hiểm ❤️ Nếu chủ xe tham gia BH thân vỏ , xe bị tai nạn ( sập vào đá ) dẫn đến thủng pin ,BH có bồi thường Pin cả khi Pin tổn thất riêng . 💜 Pin của xe điện gây nhiều tranh cãi , đặc biệt khi tai nạn vì pin xe có giá trị cao nhưng ở vị trí rất dễ tổn thất nếu đi vào đường nhiều ổ gà , ổ voi🍎 Chỉ 1 vết rách , thủng hay móp nhỏ cũng phải thay toàn bộ khối pin hoặc ít nhất là vỏ pin , chi phí cao và thời gian thay thế lâu hơn những bộ phận khác của xe.☝ TNDS 5 chỗ biển trắng 279k BH Quân Đội MIC có bảo hiểm pin cả khi pin tổn thất riêng 0968.729.615 ZL Em để lấy mẫu hợp đồng ạ",1,1,0,0,1,unknown,Trung lap,0,1,0,0,0,0/1 (0.0%),Normal,
152,BẢO HIỂM NHÂN THỌ - Hội chuyên viên tư vấn,https://www.facebook.com/groups/baohiemnhantho.chuyenvien/posts/1627044485546518/,"🎉 CHÀO MỪNG THÀNH VIÊN MỚI ĐẾN VỚI NHÓM! 🎉 Xin gửi lời chào nồng nhiệt đến tất cả các bạn vừa tham gia cùng gia đình chung của chúng ta 💐 Rất vui khi được kết nối cùng những người bạn có chung mối quan tâm. 👉 Hãy cùng nhau chia sẻ, học hỏi và lan tỏa những giá trị tích cực 👉 Các bạn vui lòng tuân thủ Quy tắc cộng đồng và Quy tắc nhóm để tránh bài viết bị từ chối! 💖 Chúc bạn sẽ có những trải nghiệm thú vị và hữu ích trong nhóm! Nhiên Mỹ Bùi Thị, Quynh Anh, Thuy Hương Duong, Trần Hiệp, Đinh Ngọc Minh Đức, Khanh Nguyen, Phạm Thu Hiền, Tsuki Chan, Lê Văn Hoài Bảo, Bin Bùi, Đặng Khang, Lyly Manucians, Đình Thắng, Nông Điệp, Can Tuan, Duong Thi Tram Anh, Trần Tuan Anh, Hoàng Tân, Nguyễn Oanh, Thanh Tuấn, Kim Anh Mai, Nguyễn Phuc Vĩnh, Xing Ye, Bích Trà, Bình Phạm, Hồ Bình, Thuỳ Nguyễn, Nguyên Thi Thu Xuân, Hoài Biện, Nguyễn Sương, Rau Tiến Vua Rẻ, Quỳnh Trâm, Nga Đinh, Vương Thiên Thảo, Nguyen Anh Tuan, Chu Anh, Phương Liễu, Phạm Ngọc Việt, Tố Uyên, Nguyễn Thảo, Nguyễn Văn Nhớ, Trân Trân, Bella Lê, Lý Ngọc Quí, QUÀ TẶNG IN LOGO, Nguyễn Hùng, Hoang Nguyen Kha, Ha My, Linh Ngọc, Thỏ Thỏ, Bảo Bình, Nguyễn Phương, Nguyễn Nghĩa, Diệp Genvn, La Văn Hợi, Đô Rê Mon, Lâm Chấn Hưng, Quỳnh Hân, Thanh Fong, Trent Davis, Vui Lê, Vĩnh Hưng, Hai Van Ho, Hang Mary, Vũ Thu Hồngg, Linh Khánh Vũ, Nguyễn Thành, Nguyễn Phương, Phan Phuc, Nguyen Duyen, Anh son, Dung Hà, Nguyễn Thị Oanh Na, An Lê",0,0,0,0,0,,,0,0,0,0,0,0/0 (0%),Normal,
153,BẢO HIỂM NHÂN THỌ - Hội chuyên viên tư vấn,https://www.facebook.com/groups/baohiemnhantho.chuyenvien/posts/1627197175531249/,"Ca Chi trả khám thai nhanh gọn, chi trả gần như 100% chi phí khám❤️ mẹ chỉ bù có 130k thui nhen 🤰 THAI SẢN DAI-ICHI 👇👇 💗 Đặc biệt, với các mom lo rằng chưa kịp sinh trong năm đầu, gói thai sản vẫn có cam kết tái tục theo quy định của sản phẩm. 👉 Các mom chọn sinh quốc tế cũng rất đáng lựa chọn 👉 Hoặc các mom đang có Hợp đồng tại Dai-ichi Life và muốn tìm hiểu thêm quyền lợi thai sản. Mẹ nào đang có kế hoạch sinh em bé và muốn biết cụ thể: • ⏰ Thời gian chờ bao lâu? • 👶 Quyền lợi sinh con được chi trả thế nào? • 💰 Mức phí bao nhiêu là phù hợp? 📲 Zalo: 0939.712.105 Mình tư vấn cụ thể theo nhu cầu và kế hoạch của từng mom nhé! 💕 #thuyhangbaohiem #baohiemthaisan #thaisandaiichi #ivf #sinhcon",1,1,0,0,0,,,0,0,0,0,0,0/0 (0%),Normal,
154,BẢO HIỂM NHÂN THỌ - Hội chuyên viên tư vấn,https://www.facebook.com/groups/baohiemnhantho.chuyenvien/posts/1627561495494817/,"🌱 Kính chúc Quý khách hàng và Đối tác tuần mới thuận lợi ​PVI Khánh Hòa trân trọng gửi lời chúc sức khỏe và thành công trong công việc đến Quý vị. ​Cảm ơn Quý vị đã luôn tin tưởng, gắn bó cùng chúng tôi. PVI Khánh Hòa tiếp tục mang đến những giải pháp bảo hiểm thiết thực và chu đáo, giúp Quý vị an tâm trong mọi kế hoạch kinh doanh cũng như đời sống. ​Chúc Quý vị một tuần làm việc hiệu quả! ​PVI Khánh Hòa: Đồng hành vì cuộc sống an toàn 📞 Hotline: 094.240.2779 🏢 Địa chỉ: STH28A.03, Đường số 13, KĐT Lê Hồng Phong II, Nha Trang, Khánh Hòa. 🌐 Website: https://pvikhanhhoa.com",1,1,0,0,0,,,0,0,0,0,0,0/0 (0%),Normal,
155,BẢO HIỂM NHÂN THỌ - Hội chuyên viên tư vấn,https://www.facebook.com/groups/baohiemnhantho.chuyenvien/posts/1627645092153124/,"Giật mình vì đóng 70 triệu bảo hiểm cho con, sau 7 năm còn 36 triệu 🥲 Khách hàng thắc mắc, vậy sự thật là gì ? #baohiemchocon #baohiemsuckhoe #aia #khanhhungbaohiem #viralvideo",0,0,0,0,0,,,0,0,0,0,0,0/0 (0%),Normal,
156,BẢO HIỂM NHÂN THỌ - Hội chuyên viên tư vấn,https://www.facebook.com/groups/baohiemnhantho.chuyenvien/posts/1627675065483460/,Trung muốn được bảo vệ GIA ĐÌNH BẠN trước mọi rủi ro của 1 đời này 🤝 ☎️0966.17.88.17(tư vấn 24/7),0,0,0,0,0,,,0,0,0,0,0,0/0 (0%),Normal,
157,BẢO HIỂM NHÂN THỌ - Hội chuyên viên tư vấn,https://www.facebook.com/groups/baohiemnhantho.chuyenvien/posts/1627729035478063/,"## TUYỂN NHÂN VIÊN SALE ## GỬI CV - ĐẾN PHỎNG VẤN - NHẬN VIỆC LUÔN * Địa chỉ: T10 Tòa Trico 548 Nguyễn Văn Cừ, Bồ Đề, HN * Công việc: Tiếp nhận data từ Marketing Tư vấn theo nhu cầu & quyền lợi KH Care khách trước và sau khi chốt HĐ * Yêu cầu: Có kn sale Biết tư vấn, đàm phán, chốt hợp đồng * Thu nhập 8-20tr/tháng (có thể deal LC theo năng lực) Đóng BHXH, BHYT, BHTN đầy đủ khi lên chính thức Thời gian làm việc: từ T2 đến sáng T7; 8h30 đến 17h30; nghỉ trưa 12h - 13h30 * LH e để nhận JD chi tiết",1,1,0,0,5,unknown,Spam,0,0,0,5,0,0/0 (0%),Normal,
158,BẢO HIỂM NHÂN THỌ - Hội chuyên viên tư vấn,https://www.facebook.com/groups/baohiemnhantho.chuyenvien/posts/1627791548805145/,Em mới gia nhập thị trường sale bảo hiểm ạ. Em muốn hỏi là làm sao để nhanh trở thành top saler và cần bắt đầu từ đâu ạ,35,35,0,0,32,unknown,Trung lap,5,12,2,1,0,2/19 (10.5%),Normal,
159,BẢO HIỂM NHÂN THỌ - Hội chuyên viên tư vấn,https://www.facebook.com/groups/baohiemnhantho.chuyenvien/posts/1627834218800878/,Cho em xin địa chỉ văn phòng bảo hiểm bảo việt nhân thọ ở tuyên quang với ạ,3,3,0,0,2,unknown,Tich cuc,1,1,0,0,0,0/2 (0.0%),Normal,
160,BẢO HIỂM NHÂN THỌ - Hội chuyên viên tư vấn,https://www.facebook.com/groups/baohiemnhantho.chuyenvien/posts/1627901278794172/,"📚 ƯƠM MẦM TRI THỨC CHO HỌC SINH VÙNG BIÊN GIỚI LAI CHÂU ❤️ ✨ Mỗi cuốn sách là một người bạn, mở ra một thế giới mới và đồng hành cùng các em trên hành trình chinh phục tri thức. Ngày 12/9/2026, Quỹ Vì cuộc sống tươi đẹp của Dai-ichi Life Việt Nam đã khánh thành “Thư viện Hạnh phúc” tại Trường Tiểu học & THCS Sơn Bình, tỉnh Lai Châu, với tổng giá trị tài trợ 80 triệu đồng. 📖 Thư viện được cải tạo khang trang, bổ sung 700 đầu sách và truyện thiếu nhi, trong đó có gần 300 đầu sách về văn hóa, giáo dục và con người Nhật Bản. Qua từng trang sách, các em có thêm cơ hội mở rộng hiểu biết, nuôi dưỡng ước mơ và khám phá những chân trời mới. 🌱 Đây là “Thư viện Hạnh phúc” thứ 8 được hoàn thành trong dự án trao tặng 11 thư viện trường học trên toàn quốc năm 2026, với tổng kinh phí lên đến 880 triệu đồng. 💬 Ông Trần Đình Quân, Chủ tịch Hội đồng Thành viên Dai-ichi Life Việt Nam kiêm Chủ tịch Quỹ Vì cuộc sống tươi đẹp, chia sẻ: “Chúng tôi hy vọng ‘Thư viện Hạnh phúc’ sẽ trở thành nơi nuôi dưỡng tình yêu đọc sách, khơi dậy tinh thần hiếu học và mở ra những chân trời tri thức mới cho các em học sinh nơi đây.” ❤️ Gieo một hạt giống tri thức hôm nay – vun đắp một tương lai tươi sáng ngày mai. Cùng Dai-ichi Life Việt Nam lan tỏa những giá trị tốt đẹp, để mỗi em nhỏ dù ở nơi đâu cũng có cơ hội được học tập, khám phá và tự tin theo đuổi ước mơ của mình. 🌈📚 #DaiichiLifeVietnam #QuyViCuocSongTuoiDep #ThuVienHanhPhuc #UomMamTriThuc #LanToaYeuThuong",0,0,0,0,0,,,0,0,0,0,0,0/0 (0%),Normal,
161,BẢO HIỂM NHÂN THỌ - Hội chuyên viên tư vấn,https://www.facebook.com/groups/baohiemnhantho.chuyenvien/posts/1627906682126965/,"Mua bảo hiểm cho bé thì mua loại nào vậy mọi người,bé e 7 tuổi",91,91,0,0,132,unknown,Spam,5,11,0,87,0,0/16 (0.0%),Normal,
162,BẢO HIỂM NHÂN THỌ - Hội chuyên viên tư vấn,https://www.facebook.com/groups/baohiemnhantho.chuyenvien/posts/1628033162114317/,"Mọi người cứ hỏi Em đang làm CV gì đấy ?? Công việc mà Em đang làm được hiểu như này ạ…😁😁😁 “Tôi thà kiếm được 1% từ công sức của 100 người , còn hơn 100% từ công sức của chính mình”",0,0,0,0,0,,,0,0,0,0,0,0/0 (0%),Normal,
163,BẢO HIỂM NHÂN THỌ - Hội chuyên viên tư vấn,https://www.facebook.com/groups/baohiemnhantho.chuyenvien/posts/1628116582105975/,"Có rất nhiều người mua BHNT vì nể nang,vì bị ép ....ko hề tự nguyện. Cho đến khi nhận được bồi thường lúc ốm đau và đáo hạn nhận lại số tiền lớn thì họ mới chủ động mua thêm cho cả Gia Đình 🤭🥳🥰 ☎️0966.17.88.17",14,14,0,0,5,,,0,0,0,0,0,0/0 (0%),Normal,
164,BẢO HIỂM NHÂN THỌ - Hội chuyên viên tư vấn,https://www.facebook.com/groups/baohiemnhantho.chuyenvien/posts/1628137378770562/,"Có những khoản tiền lớn không nhất thiết phải bắt đầu bằng thật nhiều tiền. Chỉ cần bắt đầu sớm — và đều đặn mỗi tháng. 🌱 🧡 MỘT THAY ĐỔI NHỎ TỪ ABBANK🕊️ 20 TRIỆU 👉 MỨC KHỞI ĐẦU + 2 TRIỆU/THÁNG 👉 Định kỳ tích lũy thêm từ 💚 TÍCH LŨY AN GIA Một khoản nhỏ hôm nay, để tương lai có thêm một lựa chọn tốt hơn. 🏡 Cho gia đình 👶 Cho con cái 💼 Cho những dự định của riêng mình",0,0,0,0,0,,,0,0,0,0,0,0/0 (0%),Normal,
165,REVIEW BẢO HIỂM,https://www.facebook.com/groups/hoireviewbaohiem/posts/1745212033352787/,"Mn cho mh hỏi Xem lại quyền lợi của thẻ sk của gen mà mh đã mua ở chỗ nào, Vào trong app thì k ghi cụ thể quyền lợi chỉ ghi chung ví dụ 120tr chả hạn Và thẻ mh mua từ năm 2024 ( bổ sung mua thêm sau gói nhân thọ ban đầu) Vậy thẻ này mh vẫn dc tái tục tiếp đến năm 85 tuổi hay đến năm 75 tuổi K thấy ghi quyền lợi hay hạn ở đâu nên mh k biết xem lại như nào Mức phí sẽ đóng của thẻ sk này thay đổi hàng năm theo độ tuổi thì mh xem ở đâu, nó sẽ theo biểu phí hồi mh bắt đầu mua hay nó theo biểu phí mới của bây giờ Nếu theo biểu phí cũ thì là xem biểu phí này ở đâu. Mh muốn xem lại chi tiết vì mh muốn đổi thẻ sang bên khác nên xem so sánh lại do đều k bị loại trừ gì nên thấy bên nào hơn thì mh đổi bên đó thôi",10,10,0,0,25,unknown,Trung lap,3,12,1,9,0,1/16 (6.2%),Normal,
166,REVIEW BẢO HIỂM,https://www.facebook.com/groups/hoireviewbaohiem/posts/1745312703342720/,"Cho em hỏi trước em có dùng BH Doanh nghiệp bên PVI. Sau khi nghỉ việc thì phát hiện bị K giáp, giờ đã chữa khỏi. Cho em hỏi còn có thể tự mua bh sức khỏe nữa k ạ?",13,13,0,0,10,unknown,Spam,2,3,0,5,0,0/5 (0.0%),Normal,
167,REVIEW BẢO HIỂM,https://www.facebook.com/groups/hoireviewbaohiem/posts/1745395436667780/,Em muốn mua bảo hiểm AIA ở Hà Nội. Em muốn được tư vấn trực tiếp. Khu vực Tây Hồ,22,22,0,0,18,unknown,Spam,2,1,0,15,0,0/3 (0.0%),Normal,
168,REVIEW BẢO HIỂM,https://www.facebook.com/groups/hoireviewbaohiem/posts/1745721029968554/,"🇻🇳 MỪNG QUỐC KHÁNH 2/9 – GENERALI GỬI TẶNG MỘT “MÓN QUÀ SỨC KHỎE” ĐẾN CẢ GIA ĐÌNH! ❤️ Từ 01/09 – 30/09/2026, chương trình “Hành trình sống khỏe – Trao bảo vệ trọn an tâm” dành cho khách hàng đủ điều kiện: 🎁 Quà tặng tương đương 20% phí – NĐBH trên 5 tuổi 🎁 Quà tặng tương đương 30% phí – NĐBH từ 0 đến 5 tuổi Đặc biệt với gia đình có con nhỏ, đây cũng là dịp để ba mẹ cân nhắc chủ động chuẩn bị giải pháp chăm sóc sức khỏe cho con khi con còn khỏe, lưu ý các điều kiện tham gia và thời gian chờ theo sản phẩm. ❤️ Mừng Quốc Khánh – trao bảo vệ, gửi an tâm đến những người mình yêu thương. 📩 Nhắn Quỳnh để kiểm tra sản phẩm, quyền lợi và điều kiện nhận quà phù hợp. Chương trình áp dụng theo thể lệ, sản phẩm và điều kiện của Generali. #quynhluckybaohiem #baohiemnhantho #GeneraliVietnam #CC01",3,3,0,0,0,,,0,0,0,0,0,0/0 (0%),Normal,
169,REVIEW BẢO HIỂM,https://www.facebook.com/groups/hoireviewbaohiem/posts/1745737233300267/,"Hỏi đáp quyền lợi bảo hiểm sức khoẻ Công ty có mua cho nhân viên BHSK PTI, quyền lợi thai sản tối đa 20tr/lần sinh (tất nhiên còn áp dụng các mức giới hạn phụ khác) Tuy nhiên đoạn giải thích quyền lợi có đoạn “Giải thích rõ ý của câu này trong hợp đồng bảo hiểm PTI đồng ý mở rộng bảo hiểm cho các gói sinh dịch vụ tại các Bệnh viện Công, cụ thể:áp dụng 1 trong 2 cách sau theo quyền lợi cao hơn - Đối với chi phí sinh tại BV công: PTI đồng ý chi trả chi phí yêu cầu, tối đa VND 13,000,000/ ca sinh (không bao gồm các chi phí đẻ không đau, chiếu tia Plasma), trong đó: + Sinh thường: Thanh toán theo giới hạn viện phí/ngày + Sinh mổ: Thanh toán 50% theo giới hạnviện phí/ngày + 50% theo giới hạn phẫu thuật Hoặc - Chi phí điều trị không có bảng kê: PTI đồng ý chi trả chi phí y tế thực tế không vượt quá các giới hạn phụ tối đa theo giới hạn thai sản hoặc 20 triệu (chi phí nào thấp hơn), trong đó: + Sinh thường: Thanh toán theo giới hạn viện phí/ngày + Sinh mổ: Thanh toán 50% theo giới hạnviện phí/ngày + 50% theo giới hạn phẫu thuật” Vậy anh chị có kinh nghiệm có thể giải thích cho em việc 13tr này đc ko ạ? Giả sử em muốn sinh ở PSTW, gói sinh dịch vụ 15 tr là chi phí chọn giờ và chọn bsi, còn lại dùng bao nhiêu chi trả thêm (năm 2025 e hết tổng 38tr) Thì bâyh nếu đăng kí gói dịch vụ thì BH chỉ trả tối đa 13tr hay sao ạ?",4,4,0,0,8,unknown,Trung lap,2,4,0,1,0,0/6 (0.0%),Normal,
170,REVIEW BẢO HIỂM,https://www.facebook.com/groups/hoireviewbaohiem/posts/1745784616628862/,☘️ GENERALI - MỪNG QUỐC KHÁNH 02/09 🇻🇳🇻🇳🇻🇳 🎁 𝐍𝐡𝐚̣̂𝐧 𝐧𝐠𝐚𝐲 𝐪𝐮𝐚̀ 𝐭𝐚̣̆𝐧𝐠 𝐭𝐢𝐞̂̀𝐧 𝐦𝐚̣̆𝐭 𝐭𝐮̛𝐨̛𝐧𝐠 đ𝐮̛𝐨̛𝐧𝐠 𝟐𝟎% 𝐡𝐨𝐚̣̆𝐜 𝟑𝟎% 𝐩𝐡𝐢́ 𝐛𝐚̉𝐨 𝐡𝐢𝐞̂̉𝐦 của thẻ sức khoẻ Generali NỘI - NGOẠI TRÚ HẠNG TIÊU CHUẨN . Cụ thể : 🔥 Tặng 30% phí thẻ sức khoẻ : Áp dụng cho Người được bảo hiểm từ 0 đến 5 tuổi. 🔥 Tặng 20% phí thẻ sức khoẻ : Áp dụng cho Người được bảo hiểm trên 5 tuổi ⏰ Thời gian áp dụng: Từ 01/09/2026 đến 30/09/2026 📩 𝐂𝐨̛ 𝐡𝐨̣̂𝐢 đ𝐞̂̉ 𝐜𝐡𝐨̂́𝐭 𝐭𝐡𝐚𝐦 𝐠𝐢𝐚 𝐭𝐡𝐞̉ 𝐬𝐮̛́𝐜 𝐤𝐡𝐨𝐞̉ 𝐆𝐞𝐧𝐞𝐫𝐚𝐥𝐢 𝐤𝐡𝐨̂𝐧𝐠 đ𝐨̂̀𝐧𝐠 𝐜𝐡𝐢 𝐦𝐨̣𝐢 𝐥𝐮̛́𝐚 𝐭𝐮𝐨̂̉𝐢. - 𝐊𝐡𝐚́𝐧𝐡 𝐇𝐚̀ 𝐁𝐚̉𝐨 𝐡𝐢𝐞̂̉𝐦 | 𝐁𝐚̉𝐨 𝐡𝐢𝐞̂̉𝐦 𝐆𝐞𝐧𝐞𝐫𝐚𝐥𝐢 - 𝑪𝒉𝒂̆𝒎 𝒔𝒐́𝒄 & đ𝒐̂̀𝒏𝒈 𝒉𝒂̀𝒏𝒉 𝒌𝒉𝒂́𝒄𝒉 𝒉𝒂̀𝒏𝒈 𝒕𝒓𝒆̂𝒏 𝒕𝒐𝒂̀𝒏 𝒒𝒖𝒐̂́𝒄 📞 09.686.739.7️⃣6️⃣ #KhanhHaBaohiem #DaiLeMung2Thang9 #QuatangGenerali #TheSucKhoeGenerali,1,1,0,0,4,,,0,0,0,0,0,0/0 (0%),Normal,
171,REVIEW BẢO HIỂM,https://www.facebook.com/groups/hoireviewbaohiem/posts/1745797719960885/,"Bảo hiểm cho bé 14m Chào cả nhà mình, em muốn mua bảo hiểm cho bé 14 tháng tuổi. Bé từng điều trị viêm phổi 1 tuần Sốt virus 1 tuần Viêm amidan 3 ngày Điều trị nội trú tại bệnh viện công Gần nhà em có Bvien Vinmec và bệnh viện công Nhờ cả nhà mình tư ấn giúp em gói bảo hiểm phù hợp cho bé! Em cảm ơn ạ!",14,14,0,0,28,unknown,Spam,0,2,0,20,0,0/2 (0.0%),Normal,
172,REVIEW BẢO HIỂM,https://www.facebook.com/groups/hoireviewbaohiem/posts/1745834486623875/,"Tư vấn bảo hiểm Bé nhà em hiện 12 tháng, e đang có nhu cầu mua bảo hiểm nhân thọ cho mẹ kèm thẻ sức khoẻ cho con. Tiền sử bệnh: bé thiếu men G6pd. Nhu cầu của e sẽ thiên về thẻ sức khoẻ của con, bh bảo lãnh tại vinmec, HN, nhi tw,…anh chị nào đã từng gặp ca giống trường hợp như bé nhà e tu van giups e vs ah",12,12,0,0,21,unknown,Spam,2,2,0,16,0,0/4 (0.0%),Normal,
173,REVIEW BẢO HIỂM,https://www.facebook.com/groups/hoireviewbaohiem/posts/1745840856623238/,"Em chào các anh chị Em muốn mua bảo hiểm cho bố em sinh năm 1964. Bố em có tiền sử khám chữa bệnh các bệnh về tối loạn tiền đình, rối loạn mỡ máu, thoái hóa cột sống ạ. Em đang tham khảo 2 phương án là mua BHNT+ thẻ cssk cho bố hoặc mua BHNT cho em và thẻ cssk cho bố. Theo anh chị em nên chọn phương án nào và mua của hãng nào để bố em có quyền lợi khám chữa bệnh tốt nhất với ạ Em cảm ơn anh chị",14,14,0,0,30,unknown,Trung lap,4,14,1,11,0,1/19 (5.3%),Normal,
174,REVIEW BẢO HIỂM,https://www.facebook.com/groups/hoireviewbaohiem/posts/1745842583289732/,Cho em hỏi mấy tháng công việc stress và thường làm 26 ngày liên tục không được nghỉ. Và bị dính mưa đau đầu.Có đi chụp MRI k bị sao.Chỉ là đau đầu trái và tiện xin nằm viện điều trị theo dõi 4 ngày. Vậy có mua được bảo hiểm nhân thọ và thẻ sức khoẻ bên nào không ạ? Bs chẩn đoán để nằm viện: Bệnh đau nửa đầu trái ạ,11,11,0,0,43,unknown,Trung lap,7,16,1,15,0,1/24 (4.2%),Normal,
175,REVIEW BẢO HIỂM,https://www.facebook.com/groups/hoireviewbaohiem/posts/1745849573289033/,Có anh chị nào mua thẻ bh sức khoẻ Manulife cho bé dưới 6 tuổi không ạ? Em chỉ mua thẻ bh sức khoẻ nội ngoại trú thì nên mua bên nào ạ?,11,11,0,0,21,health,Spam,0,1,0,19,0,0/1 (0.0%),Normal,
176,REVIEW BẢO HIỂM,https://www.facebook.com/groups/hoireviewbaohiem/posts/1745898143284176/,"Cái này e k hỏi tư vấn viên Xin ý kiến đã dùng thực tế Mh đang muốn tham gia của sun, thẻ sk, mn đã dùng thì mh xin đánh giá, yêu cầu bảo hiểm bên này giải quyết có nhanh k, có loại trừ lặt vặt gì k T đang xài thẻ gen mà phí cao quá nên đang muốn tham gia sang sun rồi đổi thẻ sang bên này. Mh k có bị bệnh loại trừ gì hết.",6,6,0,0,17,unknown,Trung lap,2,8,1,6,0,1/11 (9.1%),Normal,
177,REVIEW BẢO HIỂM,https://www.facebook.com/groups/hoireviewbaohiem/posts/1745910676616256/,𝐐𝐮𝐚̀ 𝐦𝐮̛̀𝐧𝐠 𝟐/𝟗 𝐜𝐮̉𝐚 𝐆𝐞𝐧𝐞𝐫𝐚𝐥𝐢 𝐕𝐢𝐞̣̂𝐭 𝐍𝐚𝐦. 𝐂𝐚́𝐜 𝐦𝐞̣ 𝐪𝐮𝐚𝐧 𝐭𝐚̂𝐦 𝐭𝐡𝐞̉ 𝐆𝐞𝐧 𝐭𝐢𝐞̂𝐮 𝐜𝐡𝐮𝐚̂̉𝐧 𝐨̛𝐢 𝐛𝐨̛𝐢 𝐡𝐞̂́𝐭 𝐯𝐚̀𝐨 đ𝐚̂𝐲 𝐧𝐡𝐚!! -#gda22,1,1,0,0,2,unknown,Trung lap,0,2,0,0,0,0/2 (0.0%),Normal,
178,REVIEW BẢO HIỂM,https://www.facebook.com/groups/hoireviewbaohiem/posts/1745951766612147/,"Em đang tìm hiểu mua thẻ BHSK cho bé 1 tháng tuổi. Quyền lợi ngoại trú và nội trú tốt ở Hồng Ngọc PTM và Nhi TW, claim nhanh gọn. Thẻ của bên nào phù hợp anh/ chị tư vấn giúp em ạ",12,12,0,0,23,unknown,Spam,1,1,0,18,0,0/2 (0.0%),Normal,
179,REVIEW BẢO HIỂM,https://www.facebook.com/groups/hoireviewbaohiem/posts/1745979723276018/,"Mình muốn mua bảo hiểm thai sản cho vợ, bên nào ok thì giới thiệu mình vs ạ mình cảm ơn, mình đang thích bên bảo việt nhưng mà có bác nào tư vấn làm bên đó tư vấn giúp e vs ạ, e cảm ơn",11,11,0,0,25,health,Spam,1,5,1,17,0,1/7 (14.3%),Normal,
180,REVIEW BẢO HIỂM,https://www.facebook.com/groups/hoireviewbaohiem/posts/1746052006602123/,"25: BỆNH HIỂM NGHÈO – THẺ SỨC KHỎE TRẢ TIỀN ĐIỀU TRỊ HAY TRẢ MỘT KHOẢN RIÊNG? 👉 Hai quyền lợi này khác nhau nhé! 🏥 Thẻ sức khỏe Generali: Hỗ trợ chi phí y tế thực tế khi khám, điều trị trong phạm vi quyền lợi và hạn mức của chương trình tham gia. 💰 Quyền lợi Bệnh hiểm nghèo: Là quyền lợi riêng, có thể chi trả một khoản tiền khi người được bảo hiểm mắc bệnh hiểm nghèo thuộc phạm vi và đáp ứng điều kiện theo hợp đồng. ❤️ Hiểu đơn giản: Thẻ sức khỏe → hỗ trợ chi phí điều trị. Bệnh hiểm nghèo → hỗ trợ tài chính riêng. Vì vậy, nếu muốn vừa có nguồn hỗ trợ chi phí y tế, vừa có một khoản tài chính khi mắc bệnh hiểm nghèo, cần xem xét các quyền lợi đã tham gia trong hợp đồng. 📌 Quyền lợi thực tế luôn căn cứ Quy tắc & Điều khoản và Hợp đồng bảo hiểm của từng khách hàng. MDRT Lưu Đường Quỳnh – Quỳnh Lucky 📞 0902.148.126 #CC01 #quynhluckybaohiem #GeneraliVietnam Quy tắc & Điều khoản Bảo hiểm Sức khỏe Cá nhân 2025 của Generali",3,3,0,0,0,,,0,0,0,0,0,0/0 (0%),Normal,
181,REVIEW BẢO HIỂM,https://www.facebook.com/groups/hoireviewbaohiem/posts/1746093093264681/,Cần tìm tvv chuyên bán thẻ MIC care để tư vấn mua thẻ và sau này có thể hỗ trợ mình claim ạ. Có nhân viên chính thức của cty ko ạ? Mình tìm ko thấy,6,6,0,0,18,unknown,Spam,6,7,4,9,0,4/17 (23.5%),Following,
182,REVIEW BẢO HIỂM,https://www.facebook.com/groups/hoireviewbaohiem/posts/1746123433261647/,"Nhờ cả nhà tư vấn giúp mình. Mình không mua BHTS vì thả đã lâu mà không đậu. Giờ trộm vía đã có bé, thì mình có thể mua loại BH nào cho bé và mẹ không ạ?",10,10,0,0,16,health,Spam,1,2,0,12,0,0/3 (0.0%),Normal,
183,hoireviewbaohiem,https://www.facebook.com/groups/hoireviewbaohiem/posts/1746187633255227/,,0,0,0,0,17,unknown,Spam,0,0,0,17,0,0/0 (0%),Normal,
184,REVIEW BẢO HIỂM,https://www.facebook.com/groups/hoireviewbaohiem/posts/1746429153231075/,Mình muốn mua thẻ bh rời cho bạn nhỏ 3 tháng tuổi. Mn tư vấn giúp mình nên mua của bên nào mà thủ tục giải quyết nhanh gọn với ạ. Mình cảm ơn!,13,13,0,0,21,unknown,Spam,1,3,1,16,0,1/5 (20.0%),Normal,
185,REVIEW BẢO HIỂM,https://www.facebook.com/groups/hoireviewbaohiem/posts/1746464073227583/,e ở ngoài miền bắc mà muốn mua bh nhưng chưa biết mua của Man hay Gen mn dùng của bên nào cho e lời khuyên với ạ ☹️,18,18,0,0,32,unknown,Spam,7,7,1,15,0,1/15 (6.7%),Normal,
186,REVIEW BẢO HIỂM,https://www.facebook.com/groups/hoireviewbaohiem/posts/1746521336555190/,"🌱 ĐỪNG HIỂU NHẦM: BẢO HIỂM PHẢI LÀ MỘT HỢP ĐỒNG THẬT LỚN Có một điều tôi muốn chia sẻ thật lòng với anh chị: Khi nhắc đến bảo hiểm nhân thọ, nhiều người thường nghĩ: “Bảo hiểm chắc phải đóng vài chục triệu mỗi năm.” “Thu nhập của tôi chưa cao thì chắc chưa cần mua.” “Đã mua bảo hiểm thì phải mua một hợp đồng thật lớn mới có ý nghĩa.” Nhưng thực tế không hẳn như vậy. ❤️ Bảo hiểm không phải là cuộc thi xem ai có hợp đồng lớn hơn. Điều quan trọng nhất là: 👉 Mình đang cần được bảo vệ điều gì? 👉 Mức ngân sách nào phù hợp với gia đình mình? 👉 Giải pháp nào thực sự cần thiết ở thời điểm hiện tại? Có người cần một kế hoạch bảo vệ dài hạn cho gia đình. Nhưng cũng có người ở thời điểm này chỉ cần một thẻ chăm sóc sức khỏe phù hợp với nhu cầu và ngân sách. Và như vậy cũng đã rất đáng quý. Một tấm thẻ chăm sóc sức khỏe có thể giúp chúng ta chủ động hơn khi cần khám chữa bệnh, giảm bớt áp lực tài chính trong những tình huống không mong muốn và quan trọng hơn là tạo cho mình một sự chuẩn bị. 🌿 Không phải cứ nhiều tiền mới cần bảo hiểm. 🌿 Không phải cứ hợp đồng lớn mới là bảo vệ tốt. 🌿 Quan trọng là giải pháp đó có phù hợp với bạn hay không. Nếu hôm nay ngân sách của anh chị chưa lớn, chúng ta có thể bắt đầu từ một giải pháp nhỏ. Khi điều kiện tài chính tốt hơn, nhu cầu thay đổi, chúng ta có thể tiếp tục điều chỉnh và bổ sung. Giống như việc xây một ngôi nhà… Không nhất thiết phải xây tất cả trong một ngày. Quan trọng là hôm nay mình bắt đầu đặt viên gạch đầu tiên. 🧱❤️ Vì vậy, nếu anh chị từng nghĩ: “Bảo hiểm không dành cho tôi vì tôi chưa có nhiều tiền.” Thì có lẽ anh chị hãy thử nghĩ lại. Có thể anh chị không cần một hợp đồng thật lớn ngay hôm nay. Có thể anh chị chỉ cần một giải pháp đúng với nhu cầu, đúng với khả năng tài chính và đúng với giai đoạn cuộc sống hiện tại. Nếu anh chị muốn, tôi sẵn sàng cùng anh chị xem xét nhu cầu và ngân sách trước, không nhất thiết phải bắt đầu bằng một hợp đồng lớn. Bởi với tôi: Trao giá trị không phải là bán cho khách hàng thứ đắt nhất. Mà là giúp khách hàng tìm được thứ phù hợp nhất. ❤️ 🌱 Bảo vệ từ những điều nhỏ. 🌱 Chủ động cho những điều lớn. 🌱 Và bắt đầu từ khả năng của chính mình. Ib cho tôi nếu bạn cần được hiểu thêm về bảo hiểm nhân thọ 🤗🌻🧚‍♀️❤️",3,3,0,0,0,,,0,0,0,0,0,0/0 (0%),Normal,
187,REVIEW BẢO HIỂM,https://www.facebook.com/groups/hoireviewbaohiem/posts/1746529996554324/,"🛑 DN bảo hiểm phá sản, hợp đồng của khách hàng được bảo đảm như thế nào?🤔 #CôngBảoHiểm #TVTH322",5,5,0,0,2,unknown,Trung lap,0,1,0,1,0,0/1 (0.0%),Normal,
188,REVIEW BẢO HIỂM,https://www.facebook.com/groups/hoireviewbaohiem/posts/1746531549887502/,🍀🍀Từ chối bồi thường vì chưa đủ 30 ngày chờ: Người mua bảo hiểm cần lưu ý gì?🍀🍀 #CôngBảoHiểm #TVTH322,7,7,0,0,1,bank_insurance,Trung lap,0,1,0,0,0,0/1 (0.0%),Normal,
189,REVIEW BẢO HIỂM,https://www.facebook.com/groups/hoireviewbaohiem/posts/1746575946549729/,"E chào anh chị E cần tư vấn chút E sn 96, mẹ e sn 69, mẹ e vừa mổ dây chằng chéo trước, đang thời gian tập phục hồi. E đang phân vân nên mua BHSK của MIC cho 2 mẹ con, hay mua BHNT cho e rồi đính kèm cho thẻ SK cho mẹ e Tài chính của e tầm 10tr-15tr/năm. Có thể cố hơn 1 chút E cảm ơn anh chị!",14,14,0,0,19,life_general,Spam,0,4,0,15,0,0/4 (0.0%),Normal,
190,REVIEW BẢO HIỂM,https://www.facebook.com/groups/hoireviewbaohiem/posts/1746584549882202/,Mẹ có thẻ nhân thọ và con có thẻ sức khoẻ đi kèm của Daiichi thì Mẹ có thể mua thêm hãng nào ko ạ (e quan tâm luôn vấn đề bhts và ngoại trú cho Mẹ vì thẻ nhân thọ Daiichi chỉ giải quyết nội trú cho Mẹ thôi),9,9,0,0,14,health,Spam,0,6,0,8,0,0/6 (0.0%),Normal,
191,REVIEW BẢO HIỂM,https://www.facebook.com/groups/hoireviewbaohiem/posts/1746631226544201/,"E đang quan tâm đến bhsk. Các anh chị cho e xin ít rv với ạ Nhà e 5 người gồm : Chồng 35 tuổi, vợ 33 tuổi. Con 3 đứa 16 tuổi - 15 tuổi - 8 tuổi. Nên mua bảo hiểm gì là hợp lý",25,25,0,0,40,unknown,Spam,6,2,0,20,0,0/8 (0.0%),Normal,
192,REVIEW BẢO HIỂM,https://www.facebook.com/groups/hoireviewbaohiem/posts/1746700209870636/,"Nên mua thẻ bảo hiểm loại nào??? Em đã có thẻ bảo hiểm nhân thọ của PVI, Daiichi và Manulife rồi. Em mới sinh bé được 1 tháng, giờ muốn mua bảo hiểm cho con để được bảo vệ khi bị ốm phải đi viện. Vậy em nên mua thẻ loại nào? Và nên mua của hãng nào để được tối ưu nhất ạ? Em cảm ơn!",19,19,0,0,28,unknown,Spam,2,7,0,19,0,0/9 (0.0%),Normal,
193,REVIEW BẢO HIỂM,https://www.facebook.com/groups/hoireviewbaohiem/posts/1746718619868795/,"Năm ngoái em nhờ mẹ đứng tên bên mua bảo hiểm (hãng AIA), người được BH là em. Năm nay em đổi lại người đứng tên mua là em được không ạ?",12,12,0,0,22,unknown,Trung lap,2,15,0,5,0,0/17 (0.0%),Normal,
194,REVIEW BẢO HIỂM,https://www.facebook.com/groups/hoireviewbaohiem/posts/1746881909852466/,Bên mình có ai bán bảo hiểm nhà ở và cửa hàng không,4,4,0,0,10,unknown,Spam,0,0,0,10,0,0/0 (0%),Normal,
195,REVIEW BẢO HIỂM,https://www.facebook.com/groups/hoireviewbaohiem/posts/1746889686518355/,Em cần mua bhyt ở oceanpark 1. Các anh chị biết mua ở đâu không chỉ em với! Em cảm ơn ạ!,6,6,0,0,9,unknown,Spam,0,4,0,5,0,0/4 (0.0%),Normal,
196,REVIEW BẢO HIỂM,https://www.facebook.com/groups/hoireviewbaohiem/posts/1746944223179568/,"Cần tìm 1 bảo hiểm cho con 0 tuổi kèm những điều kiện nội trú chi trả 100%, ngoại trú chi trả cả những xét nghiệm âm tính.",40,40,0,0,76,unknown,Trung lap,5,36,0,34,0,0/41 (0.0%),Normal,
197,REVIEW BẢO HIỂM,https://www.facebook.com/groups/hoireviewbaohiem/posts/1746969396510384/,các bác cho e xin riview về trải nghiệm dùng bảo hiểm tại các ngân hàng với ạ. có điều gì cần lưu ý ko ạ. Và cho e xin vote ngân hàng có chính sách tốt ạ. Em cảm ơn,12,12,0,0,18,bank_insurance,Trung lap,0,11,1,6,0,1/12 (8.3%),Normal,
198,REVIEW BẢO HIỂM,https://www.facebook.com/groups/hoireviewbaohiem/posts/1746983506508973/,"Dùng thẻ Gen vừa được chi trả 100% ở cả viện công và tư cho em bé, lại được hoàn phí 30% cho thẻ sức khỏe vậy còn chần chờ gì mà không tham gia ngay cho bé yêu của chúng ta phải không các mom 🥰 #RVBH183",7,7,0,0,5,unknown,Trung lap,1,3,0,1,0,0/4 (0.0%),Normal,
199,REVIEW BẢO HIỂM,https://www.facebook.com/groups/hoireviewbaohiem/posts/1747028669837790/,"Giữa Gen và Manu thì nên mua bên nào ạ? Mua bh nhân thọ mẹ, kèm thẻ sk cho con ạ.",32,32,0,0,68,unknown,Spam,18,20,0,23,0,0/38 (0.0%),Normal,
200,REVIEW BẢO HIỂM,https://www.facebook.com/groups/hoireviewbaohiem/posts/1747084183165572/,Anh chi tư vấn ơi em có hop đồng ben Generly đã mua 15 tháng e đã kê khai huyết áp-tiểu đuòng ben gen đã tăng 50% hôm nay e vô tình vào VNED xem thi có thêm thông tin này thoát hoái cổ vậy hop đồng của em sẽ ra sao ạ có huỷ hop đồng ko ạ em nên làm gi ạ,11,11,0,0,17,unknown,Trung lap,0,12,0,5,0,0/12 (0.0%),Normal,
201,REVIEW BẢO HIỂM,https://www.facebook.com/groups/hoireviewbaohiem/posts/1747253519815305/,"Hiện bé nhà mình đã đủ 30 ngày tuổi và có thẻ Xanh Bình An (GM5- nội + ngoại trú), nhưng chỉ 80/20. Mình muốn tìm hiểu thêm BHNT có thẻ sk cho bé, nhờ các anh chị tư vấn thêm. Mình đang cân nhắc AIA, Gen, Man và Dai. Hiện thì mẹ đang có BHNT của Man",23,23,0,0,37,unknown,Spam,1,6,0,29,0,0/7 (0.0%),Normal,
202,REVIEW BẢO HIỂM,https://www.facebook.com/groups/hoireviewbaohiem/posts/1747285799812077/,Mình Cần tìm 1 BHNT cho mẹ +BHSK cho bé 30 ngày tuổi. Tài chính 10tr/năm. P/s : có BH tiêm vacxin theo tháng cho bé Mong ad duyệt dùm. Thanks all,22,22,0,0,29,health,Spam,0,4,0,24,0,0/4 (0.0%),Normal,
203,REVIEW BẢO HIỂM,https://www.facebook.com/groups/hoireviewbaohiem/posts/1747329459807711/,"Anh chị cho em hỏi nếu kê khai sức khoẻ khi tham gia bhnt thì kê vssid, chứng từ y tế hay vneid ạ? Kê như thế nào thì sau này cty ko xét nét hay bắt bẻ mình được ạ?",10,10,0,0,11,unknown,Trung lap,0,8,0,3,0,0/8 (0.0%),Normal,
204,REVIEW BẢO HIỂM,https://www.facebook.com/groups/hoireviewbaohiem/posts/1747355349805122/,"Em cần mua bảo hiểm sức khoẻ của Bảo Việt vì có dự định sinh em bé, nhờ A C tư vấn giúp em nhé",11,11,0,0,22,unknown,Spam,2,3,0,8,0,0/5 (0.0%),Normal,
205,REVIEW BẢO HIỂM,https://www.facebook.com/groups/hoireviewbaohiem/posts/1747398983134092/,"Nếu mua BHNT thêm cho bé 2 tháng đã có thẻ sk rời, thì giữa Gen và Sun bên nào đang có chương trình bảo hiểm và phí ok hơn ah? Chi trả cả nội + ngoại trú với chi phí khoảng 10-15tr/năm ah? Mình ở SG ah",15,15,0,0,18,health,Spam,0,1,0,17,0,0/1 (0.0%),Normal,
206,REVIEW BẢO HIỂM,https://www.facebook.com/groups/hoireviewbaohiem/posts/1747427526464571/,"Em muốn hỏi về bảo hiểm thai sản, đẻ ở Hồng Ngọc hoặc Việt Pháp. Chưa thả bầu ạ. Em làm tự do Em ko có BH nhân thọ, thì có thể mua BH Thai Sản k ạ. Cảm ơn các bác",13,13,0,0,18,health,Spam,0,4,0,14,0,0/4 (0.0%),Normal,
207,REVIEW BẢO HIỂM,https://www.facebook.com/groups/hoireviewbaohiem/posts/1747457116461612/,Hỡi các ac tvv và ng tiêu dùng nhà Gen. Em muốn xin bảng phí và quyền lợi thẻ cssk bên mình. Mn cho e xin tt và feedback của Gen với ạ. Em mua thiên về cssk thui chớ nhân thọ càng thấp càng tốt ạ.Em cảm ơn rấc nhìu ạ.,14,14,0,0,22,unknown,Spam,1,10,0,11,0,0/11 (0.0%),Normal,
208,REVIEW BẢO HIỂM,https://www.facebook.com/groups/hoireviewbaohiem/posts/1747495759791081/,"REVIEW LAN TỎA SỐ 3: PHÂN TÍCH THẺ SỨC KHỎE CỦA 5 NHÀ BẢO HIỂM Từ những ý kiến của anh chị em tư vấn viên và khách hàng Admin ghi nhận được từ bài viết trước về mong muốn được phân tích, chia sẻ trên zoom, chủ đề của Review Lan Tỏa số 3 đã chính thức được chốt: Phân tích thẻ sức khỏe của 5 nhà bảo hiểm. Đây cũng là một chủ đề rất thực tế với TVV, bởi khi tư vấn thẻ sức khỏe, điều quan trọng không chỉ nằm ở việc biết quyền lợi sản phẩm, mà còn phải hiểu điểm mạnh, điểm khác biệt, phạm vi bảo vệ và những lưu ý khi tư vấn. Lần này, Review Bảo Hiểm kết nối 5 tư vấn viên đến từ 5 doanh nghiệp bảo hiểm, cùng chia sẻ góc nhìn thực tế về sản phẩm mình đang đồng hành: Nguyễn Thị Kim Ngân – Tư vấn viên Sun Life Sơn Linh Bùi – Tư vấn viên Manulife Nguyễn Thảo Generali – Tư vấn viên Generali Bùi Quang Vĩnh – Tư vấn viên Dai-ichi Life Hồng Nhung – Tư vấn viên AIA Mỗi người một sản phẩm, một góc nhìn, một trải nghiệm thực tế. Khi đặt 5 sản phẩm cạnh nhau, anh chị TVV sẽ có thêm dữ liệu để hiểu thị trường rộng hơn, phân tích sản phẩm rõ hơn và có thêm cơ sở khi tư vấn cho từng nhu cầu khách hàng. 20h00 | Thứ 7 | 05/09/2026 Hình thức: Zoom Online Hẹn anh chị TVV tại Review Lan Tỏa số 3. Cùng xem 5 nhà bảo hiểm sẽ có những điểm gì đáng để chúng ta cùng phân tích. #ReviewBaohiem #ReviewLanToa #TVV #TheSucKhoe #Admin",70,70,0,0,28,unknown,Trung lap,13,15,0,0,0,0/28 (0.0%),Normal,
209,REVIEW BẢO HIỂM,https://www.facebook.com/groups/hoireviewbaohiem/posts/1747529589787698/,"Nhờ a/c tvv giải đáp giùm mình, nếu mình là tvv thì nên tập trung sp của mình hay nên học thêm các thẻ rời nữa ạ",20,20,0,0,18,unknown,Trung lap,1,15,0,2,0,0/16 (0.0%),Normal,
210,REVIEW BẢO HIỂM,https://www.facebook.com/groups/hoireviewbaohiem/posts/1747531133120877/,"Mình muốn mua bảo hiểm thai sản, nhờ tư vấn với ạ Mình dự kiến thả bầu (chưa thả) thì nên mua lúc nào ạ? (Trước hay sau khi thả bầu? Vì bhts chỉ có gtri 12 tháng) Mình sinh mổ lần 2, dự kiến sinh ở Vinmec Times City hoặc Việt Pháp thì nên mua BHTS nào ạ? Mình cám ơn",15,15,0,0,23,health,Spam,1,4,0,18,0,0/5 (0.0%),Normal,
211,REVIEW BẢO HIỂM,https://www.facebook.com/groups/hoireviewbaohiem/posts/1747556349785022/,"Hi anh chị, em đang tìm tư vấn viên nhà Gen, hiện em đang có nhu cầu mua thẻ sức khoẻ cho gia đình em ạ. Em thấy thẻ sức khoẻ của Gen khá tốt, tuy nhiên em có hơi thắc mắc ở quyền lợi nhân đôi hạn mức là chỉ áp dụng 1 lần duy nhất thôi hay sao ạ. Em có đọc 1 số cmt nói là chỉ áp dụng cho 1 bệnhnduy nhất và cho 1 lần trong suốt thời gian dùng thẻ dù có tái tục hằng năm.",18,18,0,0,25,unknown,Spam,0,9,0,15,0,0/9 (0.0%),Normal,
212,REVIEW BẢO HIỂM,https://www.facebook.com/groups/hoireviewbaohiem/posts/1747569103117080/,"**SỰ THẬT VỀ BẢO HIỂM CHO BÉ: TRẺ NHỎ TỐN TIỀN KHÁM NGOẠI TRÚ NHIỀU HƠN NẰM VIỆN! 🏥👶** Rất nhiều ba mẹ khi tìm hiểu bảo hiểm cho con thường chỉ nghĩ đến chuyện... *khi nào nằm viện mới dùng đến*. Nhưng thực tế nuôi con nhỏ thì hoàn toàn ngược lại! Đây là hình ảnh ca chi trả thực tế của em bé nhà khách hàng bên mình: **Tổng cộng 26 lần claim bảo hiểm với số tiền hơn 71 triệu đồng.** Đáng chú ý nhất: 👉 **Chỉ có 2 lần nằm viện (Nội trú)** 👉 **Còn lại 24 lần là đi khám (Ngoại trú)** **1. Vì sao quyền lợi NGOẠI TRÚ lại quan trọng nhất với trẻ nhỏ?** Trẻ em hệ miễn dịch còn sơ khai, thời tiết thay đổi chút là ho, sốt, viêm họng, viêm tai giữa, viêm mũi... Mỗi lần đưa con đi khám ở phòng khám hay viện tư: * 🩺 Tiền công khám, tái khám * 🧪 Tiền xét nghiệm máu, siêu âm * 💊 Tiền thuốc men kê đơn Mỗi lần đi nhẹ nhàng cũng 1 - 2 triệu, một năm gộp lại là số tiền không hề nhỏ. Với gói **Ngoại trú của Dai-ichi Life**: * **Chi trả 100%** chi phí y tế thực tế khi thăm khám. * Thời gian chờ cực ngắn: **Chỉ 30 ngày** (ngay cả các bệnh hay gặp như viêm phổi, viêm phế quản cũng chỉ chờ 30 ngày là được dùng). **2. Còn quyền lợi NỘI TRÚ (Nằm viện) thì sao?** * Bé dưới 6 tuổi: Thẻ chi trả **70%**. Tuy nhiên, phí thẻ Dai-ichi rất mềm (ví dụ gói tiền phòng 3 triệu/ngày mà phí chỉ tầm 2,73 triệu/năm). Nếu ba mẹ muốn tròn 100%, mình có giải pháp bổ sung để bù trọn vẹn phần này cho con. * Bé từ đủ 6 tuổi: Tự động chuyển lên chi trả **100%** mà **KHÔNG cần thẩm định lại sức khỏe**. 💬 **Lời khuyên chân thành từ kinh nghiệm làm nghề:** ""Trẻ nhỏ thì khám nhiều, nằm viện hay không tùy sức khỏe từng bé."" Ba mẹ chuẩn bị trước cho con quyền lợi ngoại trú tốt chính là cách nhẹ gánh tài chính nhẹ nhàng và thực tế nhất mỗi khi con ốm đau! Ba mẹ nào cần tư vấn chi tiết hoặc hỗ trợ kiểm tra xem gói nhà mình đã tối ưu chưa thì cứ nhắn mình tư vấn nhiệt tình nha ❤️ #TVTH898",2,2,0,0,0,,,0,0,0,0,0,0/0 (0%),Normal,
213,REVIEW BẢO HIỂM,https://www.facebook.com/groups/hoireviewbaohiem/posts/1747577276449596/,"Em chào Các Chị. Gđ em đang có kế hoạch sinh vào 2028. Em đang tìm hiểu các gói bảo hiểm thai sản, các chị đã từng mua bhts cho em xin chút review hãng uy tín và có nhiều quyền lợi tốt để em tham khảo chọn ạ. Lần đầu nên em cũng chưa có kinh nghiệm. Em cảm ơn ạ",10,10,0,0,18,health,Spam,0,8,0,9,0,0/8 (0.0%),Normal,
214,REVIEW BẢO HIỂM,https://www.facebook.com/groups/hoireviewbaohiem/posts/1747595413114449/,e lên đây nhờ các bác ạ mẹ e mua bảo hiểm aia khi mua làm công việc tự do làm nông ạ nhưng h chuyển sang xây dụng cụ thể ( phụ hồ) nếu trong thời gian chẳng may có dc hưởng bảo hiểm ko ạ,8,8,0,0,13,unknown,Trung lap,0,8,0,4,0,0/8 (0.0%),Normal,
215,REVIEW BẢO HIỂM,https://www.facebook.com/groups/hoireviewbaohiem/posts/1747675006439823/,E có 1 hd của Sun và 1 hd của Aia. Cho e hỏi bhn bên nào ok hơn ạ. Và nếu mua cả 2 bên nó có bổ trợ cho nhau ko. Mức phí chênh lệch như nào ạ,10,10,0,0,14,unknown,Trung lap,1,11,0,2,0,0/12 (0.0%),Normal,
216,REVIEW BẢO HIỂM,https://www.facebook.com/groups/hoireviewbaohiem/posts/1747683569772300/,Em chào anh/chị. Em hiện đang có thẻ bảo hiểm sức khỏe của Techcombank. Hôm trước em vừa bị tai nạn dẫn đến đứt dây chằng và rách sụn chêm. Bên Techcombank có hôc trợ bảo hiểm chấn thương này không ạ,3,3,0,0,5,unknown,Trung lap,0,5,0,0,0,0/5 (0.0%),Normal,
217,REVIEW BẢO HIỂM,https://www.facebook.com/groups/hoireviewbaohiem/posts/1747693096438014/,"Cần tư vấn thẻ bảo hiểm sức khỏe cho bé 20 tháng, muốn chi trả 100%",16,16,0,0,29,unknown,Spam,1,5,1,20,0,1/7 (14.3%),Normal,
218,REVIEW BẢO HIỂM,https://www.facebook.com/groups/hoireviewbaohiem/posts/1747705333103457/,"CÓ NHỮNG THỨ KHÔNG AI NHÌN THẤY, NHƯNG LẠI QUYẾT ĐỊNH TA CÓ ĐỨNG VỮNG HAY KHÔNG. Giữa trận lũ dữ dội ở Nepal, khi dòng nước cuồn cuộn gầm thét, cuốn phăng mọi thứ trên đường đi, một ngôi nhà vẫn lặng lẽ đứng đó. Xung quanh, cảnh vật bị nhấn chìm. Những gì từng quen thuộc bị dòng nước xé toạc. Nhưng ngôi nhà ấy vẫn không sụp đổ. Người ta nhìn thấy những bức tường kiên cố. Nhưng thứ thật sự giữ nó đứng vững lại nằm sâu dưới lòng đất: bộ móng. Móng nhà không hào nhoáng, cũng chẳng mấy khi được nhắc đến khi cuộc sống còn bình yên. Nhưng khi giông bão ập tới, chính phần âm thầm ấy lại quyết định căn nhà đứng vững hay đổ xuống. Cũng như Aeon Mall Huế giữa những ngày nước lũ. Phía sau sự bình yên ấy là cả một quá trình chuẩn bị kỹ lưỡng: từ vị trí, nền móng đến hệ thống thoát nước. Không có sự vững vàng nào tự nhiên mà có. Không có bình yên nào chỉ nhờ may mắn. Bảo hiểm cũng giống như phần móng của ngôi nhà: âm thầm khi trời yên, nhưng trở thành điểm tựa khi giông bão ập đến. Bởi ranh giới giữa một biến cố và một thảm họa đôi khi chỉ nằm ở việc: gia đình mình đã chuẩn bị đủ hay chưa? #CC11",4,4,0,0,1,,,0,0,0,0,0,0/0 (0%),Normal,
219,REVIEW BẢO HIỂM,https://www.facebook.com/groups/hoireviewbaohiem/posts/1747738063100184/,"Có mom nào dùng gói thai sản của hãng này chưa ạ. Claim có ok ko ạ các mom? Em xin rv 1 hãng BHTS dành cho sinh mổ tốt, claim nhanh gọn lẹ với ạ. Em cảm ơn các mom",8,8,0,0,15,unknown,Spam,1,2,1,5,0,1/4 (25.0%),Normal,
220,REVIEW BẢO HIỂM,https://www.facebook.com/groups/hoireviewbaohiem/posts/1747738456433478/,"Anh chị cho em hỏi em claim đợt điều trị dị ứng chàm môi, bác sĩ có kê thuốc nhưng lại ko dc chi trả toàn bộ mà bị loại trừ thuốc số 2, bên Generali phản hồi lại là do không liên quan đến bệnh nên ko dc, nhưng em thấy là y lệnh bác sĩ thì đều là phục vụ điều trị, số tiền cũng ít thôi nhưng em muốn hỏi trường hợp này có đang xử lý đúng không? Ví dụ khi điều trị bệnh mà thuốc trị bệnh đó có thể gây biến chứng, cần uống kết hợp thuốc bổ sung theo chỉ định bác sĩ thì thuốc bổ sung đó đều ko dc chi trả ạ? Em cảm ơn anh chị.",11,11,0,0,8,unknown,Trung lap,1,7,0,0,0,0/8 (0.0%),Normal,
221,REVIEW BẢO HIỂM,https://www.facebook.com/groups/hoireviewbaohiem/posts/1747780843095906/,Dạ em muốn mua bảo hiểm nhân thọ cho mẹ của AIA tầm 5tr ạ. Sau sinh 30 ngày em sẽ mua thẻ sức khỏe cho bé gắn vào cùng hợp đồng ạ. Anh chị cho em hỏi cái bảo vệ nhân thọ là có hiệu lực ngay khi ký hợp đồng và không bị loại trừ phải không ạ. Em cảm ơn ạ!,18,18,0,0,26,health,Tich cuc,10,6,1,9,0,1/17 (5.9%),Normal,
222,REVIEW BẢO HIỂM,https://www.facebook.com/groups/hoireviewbaohiem/posts/1747793109761346/,"Xin phép ad và mn, Em muốn xin ý kiến, bỏ qua việc chi trả (Gen không đồng chi trả, AIA đồng chi trả) Thì em muốn hỏi quyền lợi chi trả của gói Nội trú + Ngoại trú- của AiA và Gen thì bên nào nhỉnh hơn ạ. Em không biết chính xác tên gói nh giá trị của các gói như sau: AIA: 14tr206 Gen: 19tr760 Ac cho em lời khuyên với ạ.",17,17,0,0,65,unknown,Trung lap,5,37,4,19,0,4/46 (8.7%),Normal,
223,REVIEW BẢO HIỂM,https://www.facebook.com/groups/hoireviewbaohiem/posts/1748081113065879/,Em chào các anh/chị! Em hiện là sinh viên đang thực hiện nghiên cứu về thực trạng tham gia và sử dụng bảo hiểm tại Việt Nam. Em thấy nhóm mình có rất nhiều anh/chị tham gia nên xin phép đăng một khảo sát ngắn để tham khảo ý kiến. Em xin chân thành cảm ơn sự hỗ trợ của các anh/chị!,8,8,0,0,3,unknown,Trung lap,0,3,0,0,0,0/3 (0.0%),Normal,
224,REVIEW BẢO HIỂM,https://www.facebook.com/groups/hoireviewbaohiem/posts/1748124466394877/,Mình cần tư vấn bảo hiểm nhân thọ và sức khoẻ khu vực hải phòng ạ. E cảm ơn,23,23,0,0,33,unknown,Spam,0,1,0,16,0,0/1 (0.0%),Normal,
225,REVIEW BẢO HIỂM,https://www.facebook.com/groups/hoireviewbaohiem/posts/1748139523060038/,"Chào mọi người, hiện tại mình đang quan tâm bảo hiểm sk PACIFIC CROSS cho Mẹ kèm Bé 3 tháng tuổi. M cần tư vấn hoặc review về bh này. Cảm ơn",8,8,0,0,5,unknown,Spam,0,0,0,5,0,0/0 (0%),Normal,
226,REVIEW BẢO HIỂM,https://www.facebook.com/groups/hoireviewbaohiem/posts/1748171579723499/,"Các đại lý VBI cho mình hỏi chút ạ! Mình mua cho cả nhà gói Vàng VBI mọi năm được chiết khấu 10%. Năm nay TVV bảo quy chế thay đổi, dưới 7 tuổi và trên 50 tuổi chỉ được giảm 5%. Mình muốn hỏi có đúng vậy không ạ để mình tái tục tiếp bên bạn ý hoặc tìm đại lý khác tốt hơn. Many thanks!",9,9,0,0,16,unknown,Trung lap,2,5,2,5,0,2/9 (22.2%),Normal,
227,REVIEW BẢO HIỂM,https://www.facebook.com/groups/hoireviewbaohiem/posts/1748178976389426/,Mong ad duyệt bài giúp em với Em có mua gói bảo hiểm AN PHÁT TRỌN ĐỜI. Bên bảo hiểm bảo Việt. Bay giờ em muốn mua bổ sung thêm thẻ sức khỏe được không ạ. Em cảm ơn ạ,5,5,0,0,7,unknown,Spam,1,1,1,4,0,1/3 (33.3%),Normal,
228,REVIEW BẢO HIỂM,https://www.facebook.com/groups/hoireviewbaohiem/posts/1748181356389188/,Có Mom nào mua Bh thai sản Fuse đi khám thai siêu âm 5D mà bị cty từ chối lý do chỉ trả 2D - 3D và 4D chưa ạ? Và rồi xử lý tiếp hay là sao ạ?,6,6,0,0,12,unknown,Trung lap,2,5,0,5,0,0/7 (0.0%),Normal,
229,REVIEW BẢO HIỂM,https://www.facebook.com/groups/hoireviewbaohiem/posts/1748206109720046/,Nhà e 2 vc đã có 1 thẻ của AIA 1 thẻ của Gen. Hiện tại tài chính của e k dư giả để mua riêng HĐ cho 2 bé và em cũng thấy không cần thiết mua riêng. E đang tính mua thêm thẻ sk cho con Bé 6t gắn vào aia Bé 1t gắn vào gen Ac thấy như vậy có hợp lý không ạ?,16,16,0,0,22,unknown,Trung lap,6,9,0,7,0,0/15 (0.0%),Normal,
230,REVIEW BẢO HIỂM,https://www.facebook.com/groups/hoireviewbaohiem/posts/1748253843048606/,Câu Chuyện Tái Tục Thẻ Mẹ Ck mình tham gia BH năm 5/2022 T7/2022 bị tai nạn giao thông T5/2023 phát hiện ung thư và điều trị UT và kéo dài hết năm 2024 2025 -2026: vẫn tiếp tục điều trị thêm các bệnh khác nữa Chuẩn bị Mổ cắt U thận Mẹ mình dùng thẻ 2.0 của AIA và trước đây có rất nhiều tranh cãi về việc tái tục. Còn riêng bản thân Phương thì k tranh luận quá nhiều vì trong 5 năm làm việc tại AIA rất tin tưởng về sự “ Sòng Phẳng” và “Nhân Văn” của AIA( Mẹ Phương đc chi trả từ sự nhân văn này). Phương chỉ cần đảm bảo 1 thứ là “ Trung Thực” là luôn đc AIA ôm trọn về sau. Phương tin tuyệt đối luôn Nên KH của AIA cứ yên tâm nhé.,26,26,0,0,10,unknown,Trung lap,4,6,0,0,0,0/10 (0.0%),Normal,
231,REVIEW BẢO HIỂM,https://www.facebook.com/groups/hoireviewbaohiem/posts/1748265483047442/,"Xin chào mọi người. Mình là mẹ đơn thân, hiện tại mình muốn mua bảo hiểm cho cả mẹ và bé. Tài chính tầm 12tr một năm ( hợp đồng 10 năm và sau này có thể tái tục tiếp ). Không biết có ổn ko. Mong mọi người tư vấn mình hãng bảo hiểm nào ok, an tâm. Cảm ơn mn.",20,20,0,0,38,unknown,Spam,2,5,0,30,0,0/7 (0.0%),Normal,
232,REVIEW BẢO HIỂM,https://www.facebook.com/groups/hoireviewbaohiem/posts/1748282083045782/,"Cho mình hỏi trường hợp này với ạ: Người nhà mình vừa mua BH nhưng lúc làm hồ sơ đại lý không khai báo một số bệnh sử. * Người lớn có nhân/nang vú, từng khám/điều trị tại bệnh viện nhưng không khai. Hiện HĐ thấy có loại trừ liên quan đến trợ cấp nằm viện do trước đây từng nộp hồ sơ, nhưng không thấy đề cập nhân/nang vú. * Bé có nhịp tim chậm, đã từng khám nhưng không nằm viện, nên đại lý tư vấn là không cần khai. Cả hai đều từng khám tại Bắc Hà, Tâm Anh, Hồng Ngọc. Nếu sau này công ty bảo hiểm tra được lịch sử khám chữa bệnh thì trường hợp này chỉ bị loại trừ bệnh liên quan, hay có thể ảnh hưởng đến việc chi trả/quyền lợi của HĐ nếu phát sinh bệnh khác ạ? Mình muốn hỏi để còn xử lý khai bổ sung cho đúng ngay từ đầu. Cảm ơn mọi người!",17,17,0,0,84,unknown,Trung lap,12,51,17,3,0,17/80 (21.2%),Following,
233,REVIEW BẢO HIỂM,https://www.facebook.com/groups/hoireviewbaohiem/posts/1748311569709500/,"# CHÚC MỪNG TOP 3 DẤU ẤN TƯƠNG TÁC REVIEW BẢO HIỂM THÁNG 8 Tháng 8 tiếp tục gọi tên những gương mặt đã trở nên quen thuộc với cộng đồng Review Bảo Hiểm. Ba vị trí trong Top 3 lần này là sự ghi nhận cho những đóng góp đều đặn, nhưng mỗi anh chị lại mang đến một màu sắc rất riêng trong cách tương tác và đồng hành cùng khách hàng. **TOP 1 – CHỊ **Ngô Thị Thu Thủy** | Generali** Một lần nữa, chị Ngô Thủy giữ vững vị trí **Top 1 Dấu Ấn Tương Tác**. Qua nhiều tháng, chị vẫn xuất hiện đều đặn trong những cuộc trao đổi của group, kiên nhẫn giải thích những vấn đề về bảo hiểm theo cách gần gũi và dễ hiểu. Với chị, mục tiêu từ những ngày đầu làm nghề đến hôm nay vẫn không thay đổi: **giúp mọi người hiểu bảo hiểm một cách dễ dàng nhất và đồng hành chăm sóc tận tâm nhất.** Chị NgôThủy tin rằng mỗi hợp đồng không chỉ là một tờ giấy, mà là sự gửi gắm niềm tin và một tấm lá chắn cho những người mình yêu thương. Chúc mừng chị Thủy với một tháng nữa giữ vững phong độ Top 1 – một vị trí đã trở nên quen thuộc nhưng chưa bao giờ là dễ dàng. **TOP 2 – CHỊ **Do Anh** | FIDT** Đây là một trong những group chị Đỗ Anh hoạt động nhiều nhất, chủ yếu để đọc và trả lời câu hỏi của mọi người. Và khá vui là nhờ những cuộc trao đổi ở đây, tháng vừa rồi chị cũng hỗ trợ được kha khá khách hàng tháo gỡ những vấn đề đang vướng với công ty bảo hiểm. Chị Đỗ Anh chia sẻ: > “Có những công ty mình phân phối, có những công ty không. Nhưng ở vị trí độc lập, khi cần tư vấn thì mình chọn giải pháp phù hợp; khi khách hàng cần hỗ trợ thì mình cứ tập trung giải quyết vấn đề. Bán thì hết mình, giúp cũng hết mình. 😌 Mình càng ngày càng thích những khách hàng chịu khó hỏi. Biết nhiều hơn luôn tốt, chỉ là đôi khi vài mảnh thông tin đúng vẫn chưa đủ thành một bức tranh đầy đủ. Nên cứ hỏi thật nhiều nhé. Khách hàng càng hỏi nhiều, thị trường càng tốt. Và Review Bảo hiểm cứ giữ sân chơi này thật lâu, để mọi người có thêm một nơi đọc, hỏi và đối chiếu trước khi xuống tiền.” Có lẽ đây cũng chính là một trong những giá trị mà chị Đỗ Anh đang góp phần tạo nên trong group: **không chỉ tư vấn khi khách hàng cần mua, mà sẵn sàng cùng khách hàng tìm hiểu và giải quyết vấn đề khi họ cần được hỗ trợ.** Chúc mừng chị Đỗ Anh tiếp tục có mặt trong Top 3 tháng 8. **TOP 3 – ANH **Nam Bui** | Sun Life** Anh Bùi Nam cũng là một cái tên quen thuộc trong các bảng vinh danh Dấu Ấn Tương Tác. Anh luôn dành thời gian đọc kỹ những thắc mắc và tình huống khách hàng đưa lên group, từ đó cố gắng đưa ra những bình luận giải đáp thấu đáo nhất. Anh Nam từng chia sẻ: > “Nam luôn dành ra một khoảng thời gian trong ngày để dạo quanh mạng xã hội, đọc kỹ từng thắc mắc hay các vấn đề mà khách hàng gặp phải, cố gắng đóng góp các bình luận giải đáp thắc mắc của khách hàng một cách thấu đáo nhất.” Với anh Nam, việc khách hàng chủ động hỏi không phải là điều phiền toái, mà là cơ hội để mọi người cùng trao đổi, hiểu hơn về bảo hiểm và củng cố niềm tin khi sử dụng sản phẩm. **Chúc mừng chị Ngô Thủy, chị Đỗ Anh và anh Bùi Nam** – ba gương mặt tiếp tục ghi dấu trong **Dấu Ấn Tương Tác Review Bảo Hiểm tháng 8**. Cảm ơn anh chị đã biến những lượt tương tác mỗi ngày thành những cuộc trao đổi có giá trị, góp phần để khách hàng có thêm một nơi để hỏi, đọc và đối chiếu trước khi đưa ra quyết định. #Dauantuongtac #Reviewbaohiem #Top3 #Admin",14,14,0,0,2,unknown,Tich cuc,2,0,0,0,0,0/2 (0.0%),Normal,
234,REVIEW BẢO HIỂM,https://www.facebook.com/groups/hoireviewbaohiem/posts/1748313173042673/,"Em đang tham gia bảo hiểm daichi nhân thọ gói an lộc tích luỹ thịnh vượng gói 11,8 triệu. Giờ e muốn nghỉ hợp đồng đaichi chuyển sang thẻ sức khoẻ. Con e từng nằm viện vì tay chân miệng 2 lần rồi. Các c tư vấn e nên mua thẻ rời nào với ạ. Để k bị loại trừ bệnh tay chân miệng lâu quá. Các c đừng khuyên e tiếp tục daichi nữa, e bị nghèo k theo đc ạ",8,8,0,0,26,unknown,Trung lap,0,19,1,6,0,1/20 (5.0%),Normal,
235,REVIEW BẢO HIỂM,https://www.facebook.com/groups/hoireviewbaohiem/posts/1748336876373636/,"Cho em xin review về bảo hiểm cho 3 bố con. Bố sn 1995, con sn 2024 và 2026. Quyền lợi ưu tiên là sức khoẻ ( nội trú, ngoại trú) hạn mức chi trả các bệnh bao gồm cả bệnh hiểm nghèo cho 3 bố con, claim nhanh và k quá phức tạp với ạ. Em đang phân vân Gen và AIA. Nhờ các mom tư vấn ạ Tài chính 15tr ạ Em cảm ơn các mom",13,13,0,0,24,unknown,Spam,1,6,0,16,0,0/7 (0.0%),Normal,
236,REVIEW BẢO HIỂM,https://www.facebook.com/groups/hoireviewbaohiem/posts/1748351646372159/,Anh chị ơi Em cần tìm thẻ sức khoẻ cho mẹ em. Năm nqu mẹ em 56 tuổi và có bệnh nền về huyết áp và tiểu đường. Nhờ anh chị hỗ trợ tư vấn thẻ phù hợp vs ạ.,10,10,0,0,9,unknown,Trung lap,0,5,0,4,0,0/5 (0.0%),Normal,
237,REVIEW BẢO HIỂM,https://www.facebook.com/groups/hoireviewbaohiem/posts/1748360576371266/,"Cho em hỏi chút ạh Em có bhnt của aia đóng được 7 năm, giờ e nên mua bhsk aia cho con kèm bhnt mẹ hay mua bhsk rời khác ạ, bé 5 tháng ạ",12,12,0,0,20,unknown,Trung lap,1,10,0,9,0,0/11 (0.0%),Normal,
238,REVIEW BẢO HIỂM,https://www.facebook.com/groups/hoireviewbaohiem/posts/1748364439704213/,"Có nhà mom nào mua Gen nhưng chỉ mua Nội trú không ạ, cho em xin 1 cánh tay với =))) Ngoại trú lại thêm 6tr nữa, mua thì over budget, nhưng không mua thì em cứ sợ thiếu, không yên tâm huhu Khó nghĩ quá các mom ạ T_T",16,16,0,0,39,health,Trung lap,3,25,2,9,0,2/30 (6.7%),Normal,
239,REVIEW BẢO HIỂM,https://www.facebook.com/groups/hoireviewbaohiem/posts/1748368029703854/,Mình muốn mua thẻ bảo hiểm sức khoẻ cho bé 8 tháng tuổi ạ Phí tầm 3-4tr/ năm thôi ạ Xin tư vấn,10,10,0,0,19,unknown,Spam,1,3,0,15,0,0/4 (0.0%),Normal,
240,REVIEW BẢO HIỂM,https://www.facebook.com/groups/hoireviewbaohiem/posts/1748381123035878/,"Em ở HCM, có kế hoạch thả bầu tháng 11 năm nay, bé đầu tiên nên cũng chưa biết được sinh thường hay sinh mổ, em cũng chưa chọn bệnh viện sinh (dự tính bv tư/bv công dịch vụ chất lượng cao). Em đi làm công ty có được công ty mua bảo hiểm sức khoẻ cho nhân viên (PJICO), có BHYT, ko có bảo hiểm nhân thọ. Em đang tìm hiểu về bảo hiểm thai sản/hoặc thai sản kèm nhân thọ. Không biết hiện nay có những gói bảo hiểm nào phù hợp và khi đồng kết hợp vs cả BHYT và PJICO có thể được hưởng quyền lợi thai sản tối ưu nhất ạ...",11,11,0,0,22,health,Spam,1,4,0,16,0,0/5 (0.0%),Normal,
241,REVIEW BẢO HIỂM,https://www.facebook.com/groups/hoireviewbaohiem/posts/1748414159699241/,"Hello mn. mình chưa có nhu cầu mua bảo hiểm nhưng mong muốn tìm kiếm giải pháp để sang năm mua bảo hiểm cho cả nhà. Nhà mình có vkck (ck 90, vk 92) và 2 con nhỏ (4,7 tuổi) Hiện tại: - Mình xài BV Bạch Kim. - Vk mình có PVI công ty, MIC tự mua hạng bạc. - 2 con mình MIC hạng bạc. Tổng chi phí mua bảo hiểm năm vừa rồi là khoảng 20 triệu cho 4 thẻ mua riêng. Vk ck đều đang tham gia bhnt bên AIA Con mình 7 tuổi có mua BV BHNT. Mình đang mong muốn quy về 1 mối về vấn đề mua thẻ BH. Vậy mình nên chọn mua bên nào thì hợp lý ạ. Mong muốn là tiền nằm viện 3-5tr/ngày, tăng phí khi tái tục ở mức nhẹ nhàng. Khoản chi có thể chi đến 25M là max.",17,17,0,0,31,unknown,Trung lap,2,15,2,12,0,2/19 (10.5%),Normal,
242,REVIEW BẢO HIỂM,https://www.facebook.com/groups/hoireviewbaohiem/posts/1748425176364806/,"Hi anh chị, Nhờ mọi người tư vấn giúp em về bảo hiểm trước khi mang thai ạ ❤️ Em đang có kế hoạch mang thai nên muốn tìm hiểu **bảo hiểm trước khi có bầu**, nhưng hiện tại chưa hiểu rõ trên thị trường có những loại nào và nên ưu tiên loại nào. Em muốn hỏi các anh/chị đã có kinh nghiệm hoặc đang làm trong ngành bảo hiểm giúp em một số vấn đề: 1. Trước khi mang thai thì có những loại bảo hiểm nào nên tìm hiểu? 2. Nếu mục tiêu chính là **giảm chi phí khám thai – sinh con – nằm viện**, thì nên ưu tiên loại bảo hiểm nào? 3. **Thời gian chờ thai sản** của từng loại thường là bao lâu? Có phải mua trước khi có thai mới được hưởng không? Nếu mua rồi mới mang thai thì trường hợp nào được/không được chi trả? 4. Quyền lợi thai sản thường bao gồm những khoản nào? * Khám thai * Siêu âm/xét nghiệm * Sinh thường * Sinh mổ * Biến chứng thai sản * Nằm viện * Chăm sóc mẹ và bé sau sinh * Trẻ sơ sinh/NICU Mỗi khoản thường có **hạn mức và điều kiện** như thế nào? 5. **Những trường hợp nào dễ bị từ chối chi trả hoặc loại trừ?** Đặc biệt là bệnh/tiền sử bệnh có từ trước, thai có nguy cơ cao, sinh mổ theo chỉ định, biến chứng thai kỳ... 6. Khi mua bảo hiểm cần đặc biệt kiểm tra những điều khoản nào trong hợp đồng? Có những “điểm nhỏ” nào tư vấn viên thường không nói rõ nhưng người mua cần biết không ạ? 7. **Nên mua trước khi dự định có thai bao lâu** để có thời gian chờ phù hợp và tránh trường hợp mua xong đã có thai nhưng không được hưởng? 8. Có cần mua riêng **bảo hiểm cho mẹ và bảo hiểm cho em bé** không? Nếu có thì nên mua từ thời điểm nào? 9. Nếu đã có **BHYT và BHXH bắt buộc qua công ty** thì có cần mua thêm bảo hiểm sức khỏe/thai sản tư nhân không? Hai loại này có thể sử dụng kết hợp như thế nào? 10. Về chi phí, mọi người có thể chia sẻ ""mức phí khoảng bao nhiêu/năm và quyền lợi thực tế nhận được"" không ạ? Em ưu tiên tìm hiểu ""quyền lợi thực tế, điều khoản hợp đồng và trải nghiệm bồi thường"", không cần tư vấn bán hàng. Nếu anh/chị nào đã từng mua và sử dụng bảo hiểm khi sinh em bé, cho em xin kinh nghiệm thực tế với ạ. **Đặc biệt mong mọi người chia sẻ giúp em: nếu được quay lại thời điểm trước khi mang thai, mọi người sẽ mua loại bảo hiểm nào và sẽ kiểm tra điều khoản gì đầu tiên?** Em cảm ơn mọi người rất nhiều ạ🫶",10,10,0,0,26,health,Trung lap,3,10,0,10,0,0/13 (0.0%),Normal,
243,REVIEW BẢO HIỂM,https://www.facebook.com/groups/hoireviewbaohiem/posts/1748481533025837/,E chào anh chị tư vấn ạ. E có tham thẻ gen ngoại trú. Hđ gần 1 năm. Đã kê khai bệnh đày đủ. Trước chưa bao giờ đi khâm vú. Bữa e hơi đau vú nên đi khám ra nang vú + bs ko có thuốc + tái khám 1 năm sau. Có e hỏi như vậy bên Gen có hỗ trợ e ko ạ? E cảm ơn,7,7,0,0,25,unknown,Trung lap,1,22,1,1,0,1/24 (4.2%),Normal,
244,REVIEW BẢO HIỂM,https://www.facebook.com/groups/hoireviewbaohiem/posts/1748515263022464/,Tìm sales bảo hiểm BIC có tâm ạ,9,9,0,0,16,unknown,Spam,0,4,0,8,0,0/4 (0.0%),Normal,
245,REVIEW BẢO HIỂM,https://www.facebook.com/groups/hoireviewbaohiem/posts/1748536526353671/,"28: NẾU 1 NĂM KHÔNG BỆNH, KHÔNG DÙNG THẺ THÌ CÓ MẤT PHÍ VÔ ÍCH KHÔNG? 🤔 Nhiều khách hàng hỏi Quỳnh: “Cả năm tôi khỏe mạnh, không nằm viện, không dùng đến Thẻ Sức Khỏe thì tiền phí đó có phải mất vô ích không?” 👉 Không nên hiểu như vậy. Phí bảo hiểm được đóng để duy trì hiệu lực bảo hiểm và các quyền lợi bảo vệ theo hợp đồng trong thời gian tham gia. Nếu một năm trôi qua mà mình khỏe mạnh, không phải nhập viện và không phát sinh yêu cầu giải quyết quyền lợi bảo hiểm thì đó đã là một điều rất đáng mừng. ❤️ Bởi bảo hiểm sức khỏe không phải khoản tiết kiệm để tính rằng: “Năm nay đóng bao nhiêu thì phải dùng lại cho đủ bấy nhiêu.” Giá trị quan trọng nằm ở sự CHỦ ĐỘNG: khi chẳng may phát sinh rủi ro sức khỏe thuộc phạm vi bảo hiểm, mình đã có một giải pháp hỗ trợ tài chính theo quyền lợi, giới hạn và điều kiện của hợp đồng. 💡 Không ai mong mình phải dùng đến bảo hiểm. Điều chúng ta mong là luôn khỏe mạnh – nhưng nếu rủi ro xảy ra, mình đã có sự chuẩn bị. Bạn đang cân nhắc có nên duy trì Thẻ Sức Khỏe cho bản thân hoặc gia đình? 👉 Nhắn Quỳnh để cùng xem lại nhu cầu và quyền lợi phù hợp trước khi quyết định. MDRT Lưu Đường Quỳnh – Quỳnh Lucky ☎️ 0902.148.126 #quynhluckybaohiem #baohiemnhantho #generaliVietnam #CC01 Thông tin mang tính tham khảo. Quyền lợi, phạm vi bảo hiểm, loại trừ, điều kiện chi trả và tái tục thực hiện theo Quy tắc & Điều khoản sản phẩm Generali và hợp đồng bảo hiểm áp dụng tại từng thời điểm.",1,1,0,0,0,,,0,0,0,0,0,0/0 (0%),Normal,
246,REVIEW BẢO HIỂM,https://www.facebook.com/groups/hoireviewbaohiem/posts/1748664309674226/,Cho em hỏi hệ số bảo hiểm với dòng liên kết đầu tư của bên nào đang cao nhất cho người dưới 30 ạ,8,8,0,0,20,unknown,Trung lap,3,12,0,4,0,0/15 (0.0%),Normal,
247,REVIEW BẢO HIỂM,https://www.facebook.com/groups/hoireviewbaohiem/posts/1749055636301760/,"Cho mình hỏi. Mình muốn đóng hợp đồng bảo hiểm thì làm thế nào ạ? Mình cảm ơn. Mình đóng đc 11 năm rồi, nhưng quyền lợi thấp quá.",14,14,0,0,25,unknown,Tich cuc,16,4,0,5,0,0/20 (0.0%),Normal,
248,REVIEW BẢO HIỂM,https://www.facebook.com/groups/hoireviewbaohiem/posts/1749059812968009/,"Dạ các chị ơi, Hđbh của nhà e khi mua là 1 bạn TVV cũ, tuy nhiên bây giờ bạn đã nghỉ không làm BH nữa. HĐ do bạn TVV mới phụ trách, em có muốn hỏi gì đều rất khó khăn: như là kiểm tra HĐ để bổ dung thẻ SK hoặc giảm phí đóng Bạn luôn điều hướng e mua 1 HĐ bảo hiểm mới nhưng do tài chính e hạn chế nên k mua mới đc và nếu có mua mới thì e sẽ mua của hãng khác (e k muốn bỏ trứng chung 1 giỏ, và mỗi hãng sẽ có điểm mạnh riêng chứ k phải là k mua cho bạn ấy) Giờ e muốn tìm hiểu HĐ cũ để bổ sung và nếu cân nhắc mua thêm HĐ mới thì e nên làm thế nào để được việc của mình ạ",27,27,0,0,32,unknown,Spam,1,8,1,22,0,1/10 (10.0%),Normal,
249,REVIEW BẢO HIỂM,https://www.facebook.com/groups/hoireviewbaohiem/posts/1749093559631301/,"Có khoá học nao onl hay off về cách kê khai hsyc bảo hiểm, claim và gỡ loại trừ không ạ, nhờ các a/c trong nghề giúp mình với ạ. Mình cảm ơn nhiều❤️",20,20,0,0,19,unknown,Spam,5,5,0,7,0,0/10 (0.0%),Normal,
250,REVIEW BẢO HIỂM,https://www.facebook.com/groups/hoireviewbaohiem/posts/1749103549630302/,Dạ cho e hỏi thẻ sk bùng gia lực vs thẻ sk mới an tâm trọn đời. Cái nào trội bảo vệ quyền lợi hơn ạ. E đang sắp tới kì đóng phí mà đang phân vân k bt có nâng cấp k ạ,7,7,0,0,17,unknown,Trung lap,0,11,0,6,0,0/11 (0.0%),Normal,
251,REVIEW BẢO HIỂM,https://www.facebook.com/groups/hoireviewbaohiem/posts/1749111396296184/,ở đây có mom nào sử dụng bảo hiểm pacific cross không ạ. cho em xin ít review chân thực với ạ,11,11,0,0,10,unknown,Spam,1,3,1,5,0,1/5 (20.0%),Normal,
252,REVIEW BẢO HIỂM,https://www.facebook.com/groups/hoireviewbaohiem/posts/1749111912962799/,"KÍNH NHỜ ANH CHỊ TƯ VẤN GIÚP!!! Như em đã phản ánh. Em có mua bảo hiểm thân vỏ cho xe của công ty BSH. Xe bị tai nạn từ tháng 1/2/2026. Xe hỏng hóc toàn bộ. Được tư vấn viên xác định đền bù thiệt hại toàn bộ. Đến tháng 5 em đã cung cấp đủ hồ sơ vụ việc cho phía công ty BSH. NHƯNG ĐẾN THỜI ĐIỂM HIỆN TẠI, ĐÃ 4 THÁNG RỒI VẪN KHÔNG LIÊN LẠC ĐỂ ĐỀN BÙ CHO EM. MẶC DÙ EM GỌI LIÊN TỤC CHO TỔNG ĐÀI PHẢN ÁNH NHƯNG BÊN PHÍA CÔNG TY BSH HÀ NAM VẪN CỨ ""IM LẶNG LÀ VÀNG"". EM CÓ TÌM HIỂU THEO LUẬT BẢO HIỂM THÌ SAU 15-30 NGÀY PHẢI ĐỀN BÙ BẢO HIỂM. NHƯNG HIỆN TẠI RẤT BẾ TẮC. Hiện tại tháng nào em cũng phải đóng 8 triệu tiền gốc lãi xe từ tháng 2 đến giờ là hơn 50tr rồi, nếu không muốn bị nợ xấu. Xẩy ra tai nạn, bản thân em cũng đang gánh 1 khoản nợ sau khi tòa xử án rồi. Bây giờ công ty BSH cũng vẫn thờ ơ với trường hợp của em. Nên em có gọi cho Cục quản lý, giám sát bảo hiểm- Bộ tài chính. Và được yêu cầu nộp hồ sơ liên quan. VẬY Em mong anh chị đã từng trải qua, tư vấn giúp em cần phải có các loại giấy tờ nào để nộp lên cục và lên tòa để Kiện yêu cầu giải quyết? MONG ANH CHỊ GIÚP ĐỠ",4,4,0,0,3,unknown,Trung lap,0,1,1,1,0,1/2 (50.0%),Normal,
253,REVIEW BẢO HIỂM,https://www.facebook.com/groups/hoireviewbaohiem/posts/1749143219626335/,Chào a/c ạ. Em xin tư vấn về bảo hiểm này với ạ Ck em tham gia gói bảo hiểm a phát cát tường của bảo việt năm 2023 1 năm 20tr. Đóng 20 năm. Đóng được 2 kỳ chuẩn bị kì thứ 3. Nhưng em xem lại hợp đồng thì quyền lợi bảo vệ khi rủi ro quá thấp. Kể cả rủi ro về bệnh tật hay nhân thọ. Em muốn rút thì k biết rút được bao nhiêu. Em muốn rít để tham gia bảo hiểm khác có quyền lợi cao hơn. K thiên về tích luỹ nhiều. Nhờ a/c/e tư vấn giúp e ạ,11,11,0,0,38,unknown,Trung lap,3,16,7,11,0,7/26 (26.9%),Following,
254,REVIEW BẢO HIỂM,https://www.facebook.com/groups/hoireviewbaohiem/posts/1749168606290463/,"Mình đang tham gia 2 HD AIA bảo vệ 100 bệnh hiểm nghèo , thời gian đóng dài 20 năm. Mình đã đóng được 7 năm. Mỗi năm 10tr500k/ bé. Hiện giờ mình đang cảm giác đuối khi nhìn số tiền tích luỹ mỗi HD chỉ khoảng 5tr. Mình đang tìm hiểu về Bảo việt để phạm vi chi trả rộng hơn , phí rẻ hơn. Mong nhận được ý kiến khách quan của mọi người ạ.",19,19,0,0,38,unknown,Trung lap,8,18,5,6,0,5/31 (16.1%),Normal,
255,REVIEW BẢO HIỂM,https://www.facebook.com/groups/hoireviewbaohiem/posts/1749229156284408/,"Nhờ Admin duyệt giúp e ạ. 2vc e đang chung 1 gói BHNT AIA, 2 thẻ bhsk VBI và 1 bé 10 tuổi thẻ bhsk VBI. Tháng 10 e sinh bé 2, e muốn tìm phương án để tối ưu chi phí mà quyền lợi vẫn ổn cho bé sắp sinh ạ. Hiện tại cả nhà đang tổng 25tr tất cả. E cảm ơn nhiều.",13,13,0,0,18,unknown,Spam,1,7,0,10,0,0/8 (0.0%),Normal,
256,REVIEW BẢO HIỂM,https://www.facebook.com/groups/hoireviewbaohiem/posts/1749274809613176/,"NHỜ MỌI NGƯỜI TƯ VẤN VỀ VIỆC CHẬM GIẢI QUYẾT QUYỀN LỢI BẢO HIỂM Mình tham gia bảo hiểm nhân thọ được 8 tháng thì xảy ra sự kiện bảo hiểm. Mình đã thực hiện đầy đủ nghĩa vụ theo hợp đồng và nộp đầy đủ hồ sơ theo yêu cầu của công ty bảo hiểm. Tuy nhiên, đến nay đã hơn 2 tháng kể từ thời điểm nộp hồ sơ, mình vẫn chưa nhận được quyết định giải quyết quyền lợi bảo hiểm cũng như một mốc thời gian cụ thể về việc chi trả. Mình đã chủ động liên hệ và phản ánh nhiều lần. Phía công ty chỉ thông báo “vui lòng tiếp tục chờ”, nhưng chưa cung cấp cho mình văn bản giải thích rõ lý do hồ sơ bị kéo dài hoặc thời hạn dự kiến hoàn tất. Mình muốn xin kinh nghiệm của mọi người: 1. Theo quy định pháp luật và điều khoản hợp đồng, thời hạn doanh nghiệp bảo hiểm phải giải quyết yêu cầu bồi thường/chi trả quyền lợi trong trường hợp này là bao lâu? 2. Nếu quá thời hạn mà công ty vẫn chưa giải quyết thì khách hàng có quyền yêu cầu công ty trả lời bằng văn bản và nêu rõ căn cứ, lý do chậm giải quyết hay không? 3. Trong trường hợp công ty tiếp tục yêu cầu chờ nhưng không đưa ra thời hạn cụ thể, mình nên thực hiện quy trình khiếu nại như thế nào và có thể gửi phản ánh đến cơ quan quản lý nhà nước nào? 4. Có anh/chị nào từng gặp trường hợp tham gia chưa lâu nhưng phát sinh sự kiện bảo hiểm, sau đó hồ sơ bị kéo dài thời gian thẩm định trên 2 tháng, và cuối cùng đã được giải quyết không? Mong mọi người chia sẻ kinh nghiệm thực tế. Mong mọi người có am hiểu về pháp luật bảo hiểm hoặc đã từng trực tiếp xử lý hồ sơ tương tự, rất mong được hướng dẫn cụ thể.",7,7,0,0,26,unknown,Trung lap,1,19,1,5,0,1/21 (4.8%),Normal,
257,REVIEW BẢO HIỂM,https://www.facebook.com/groups/hoireviewbaohiem/posts/1749287322945258/,Claim bổ sung giấy tờ AIA Chào ac tư vấn viên. E có tự làm claim trên app AIA nhưng thiếu đơn thuốc phía AIA đã thanh toán viện phí. Còn đơn thuốc chưa đc tt. Giờ e cần gửi bổ sung như thế nào qua app ạ? Em cảm ơn mn ạ.,9,9,0,0,10,unknown,Tich cuc,5,3,0,2,0,0/8 (0.0%),Normal,
258,REVIEW BẢO HIỂM,https://www.facebook.com/groups/hoireviewbaohiem/posts/1749293369611320/,Xin contact của sale bảo hiểm MSIG mua cho bé gói nội trú+ngoại trú,7,7,0,0,8,unknown,Spam,1,0,0,7,0,0/1 (0.0%),Normal,
259,REVIEW BẢO HIỂM,https://www.facebook.com/groups/hoireviewbaohiem/posts/1749380076269316/,ZOOM REVIEW LAN TỎA SỐ 3: Phân tích thẻ sức khỏe 5 nhà BH ID: 984 9614 1834 Pass: 9390 @mọi người,7,7,0,0,3,unknown,Trung lap,0,3,0,0,0,0/3 (0.0%),Normal,
260,REVIEW BẢO HIỂM,https://www.facebook.com/groups/hoireviewbaohiem/posts/1749382692935721/,"🤔 THỊNH VƯỢNG VỚI MỌI NGƯỜI LÀ GÌ? Với mình Thịnh Vượng đơn giản là tự do về tài chính và làm điều mình thích mà không cần suy nghĩ và hạnh phúc, bình an ☘️ Còn bạn, định nghĩa thịnh vượng của bạn lúc này là gì? Comment mình nghe với! 👇 #GeneraliVietnam #ThịnhVượng #RVBH284",7,7,0,0,7,unknown,Trung lap,1,5,0,0,0,0/6 (0.0%),Normal,
261,REVIEW BẢO HIỂM,https://www.facebook.com/groups/hoireviewbaohiem/posts/1749392886268035/,"**Có 2 thẻ sức khỏe, khi nằm viện KH sẽ được chi trả như thế nào?** Một ca nằm viện thực tế của bé tại BV Quốc tế Sản Nhi Hải Phòng: * Tổng chi phí nằm viện + tái khám: 15.7tr * Tổng quyền lợi được 2 thẻ chi trả: 16.1tr KH không chỉ đỡ hẳn phần tiền phải bù, mà còn **nhận dư hơn 400K** để bù đắp thêm chi phí đi lại trong thời gian con điều trị. Quan trọng là ngay từ đầu, mình cần lựa chọn các thẻ sức khỏe có thể bổ trợ cho nhau và phù hợp với bệnh viện dự kiến điều trị, để khi phải nằm viện thì sẽ được chi trả tối ưu nhất. Vì sao tổng số tiền KH nhận được lại cao hơn cả chi phí nằm viện + tái khám? Ninh để chi tiết từng khoản trong bảng bên dưới nhé. #CC11",2,2,0,0,1,,,0,0,0,0,0,0/0 (0%),Normal,
262,REVIEW BẢO HIỂM,https://www.facebook.com/groups/hoireviewbaohiem/posts/1749460212927969/,"Đã bị chấm dứt hợp đồng vì không kê khai bệnh trước khi ký mua hợp đồng bảo hiểm Xin chào mọi người Đây là TH của ba em, ba em mua BH MB vào năm 2023 khi mua HĐ để bổ trợ cho khoản vay ngân hàng. Khi mua thì có ba mẹ, do lớn tuổi với trước giờ cũng không rành các chứng từ giấy tờ. HĐ này đã đóng được 4 năm, mỗi năm khoảng 22tr Tháng 7/2027 ba em phát hiện K đại tràng giai đoạn II Đã mổ tại bệnh viện Tâm Anh Sau khi làm hồ sơ giải quyết quyền lời thì được BH Mail lại kết quả như này. Thật sự là rất buồn nhưng đúng là tình ngay lý gian, GĐ cũng không biết phải nói như thế nào. Vì sau khi được bên Cty Bh mail vì lý do như thế thì GĐ mới tá hoả mà phát hiện lại lịch sự khám chữa bệnh của Bảo Hiểm Y Tế thì thấy trên lịch sự ba đã rất rất nhiều lần đi lấy thuốc tại cơ sở y tế, mà gia đình hoàn toàn không biết trước đó. Sau 1 hồi bàn bạc lại gđ thì biết được nguyên nhân xuất phát từ gia đình nên cũng không thể làm lớn chuyện được. Nên gia đình đã chấp nhận việc chấm dứt hợp đồng bảo hiểm của ba. NHƯNG MỌI NGƯỜI Ở ĐÂY CHO EM HỎI, VÌ EM CÒN 1 HĐ BH CỦA MẸ, MẸ THAM GIA DAICHI VÀ THAM GIA VÀO THÁNG 10/2020 Sau trường hợp của ba, thì phát hiện BHYT của mẹ cũng bị y chang ba, mong mọi người ở đây cho em 1 hướng đi giải quyết tốt nhất trong thời điểm này ạ.",140,139,1,0,167,unknown,Trung lap,23,137,72,26,0,72/232 (31.0%),Following,
263,REVIEW BẢO HIỂM,https://www.facebook.com/groups/hoireviewbaohiem/posts/1749495666257757/,Mn cho e hỏi Nếu e có 2 thẻ sức khoẻ đều chỉ chi trả tiền giường tiêu chuẩn thì e có thẻ dùng cả 2 thẻ để đủ thanh toán cho giường vip hay bao phòng được không hay giới hạn tiêu chuẩn thôi ạ,6,6,0,0,18,unknown,Trung lap,2,14,0,2,0,0/16 (0.0%),Normal,
264,REVIEW BẢO HIỂM,https://www.facebook.com/groups/hoireviewbaohiem/posts/1749554469585210/,"Một buổi zoom thành công sau bao ngày bận rộn làm slide, khớp zoom, chỉnh sửa và tổng hợp của các ace trong Team Tinh Hoa. Điều thành công nhất mà mình nhận thấy trong buổi zoom Review lan tỏa 3 lại là việc ... ĐẬP VỠ & TÁI TẠO LẠI NHÌN NHẬN CỦA nhiều KH, cũng như chính sự nhầm tưởng về SP thẻ SK các nhà của Tvv. Hi vọng với tóm tắt ngắn gọn trong 10ph của từng nhà BH Sun - Man - Gen - Dai - AIA sẽ có ích cho mọi người. ❤️ Cảm ơn BQT Review Bảo Hiểm ❤️ Cảm ơn Admin Thùy Bích ❤️ Cảm ơn Thanh Thanh Pham Phạm Quốc Công đã tin tưởng và luôn sát cánh cùng ace mọi lúc. ❤️ Cảm ơn tất cả ace chúng ta Nguyễn Thị Kim Ngân Sơn Linh Bùi Bùi Quang Vĩnh Hồng Nhung đã cùng nhau tạo nên buổi tối đầy hào hứng này ❤️ ĐẶC BIỆT CẢM ƠN TẤT CẢ ACE TVV & KH CỦA REVIEW BẢO HIỂM ĐÃ DÀNH TGIAN QUÝ BÁU CHO CHƯƠNG TRÌNH. TKS ALL! 👉Mọi người cần thông tin chính xác về các SP thì đừng bỏ qua Team Tinh Hoa tụi em nha 🥰 P/s: Bác nào cần file tổng hợp của 5 nhà tối nay thì ib cho Admin nhé ạ 🤩 #ReviewBaoHiem #ReviewLanToa #TVTH778 Nguyễn Thảo Generali",14,14,0,0,7,unknown,Trung lap,1,3,0,2,0,0/4 (0.0%),Normal,
265,REVIEW BẢO HIỂM,https://www.facebook.com/groups/hoireviewbaohiem/posts/1749589722915018/,"Em chào anh chị, em hiện đang tìm anh chị vấn pacific cross có tâm để mua sản phẩm Heath First cho mẹ em có bệnh nền và hỗ trợ claim sau này nếu có ạ. Em cảm ơn anh chị.",9,9,0,0,24,unknown,Spam,5,8,1,9,0,1/14 (7.1%),Normal,
266,REVIEW BẢO HIỂM,https://www.facebook.com/groups/hoireviewbaohiem/posts/1749838676223456/,"Mình mua gói và thẻ này . Giờ mình đi viện khám nhập để mổ lấy nox ở tay. Vậy có được hỗ trợ 100,% chi phí khám và mổ ko nhỉ .",7,7,0,0,22,unknown,Tich cuc,9,9,0,4,0,0/18 (0.0%),Normal,
267,REVIEW BẢO HIỂM,https://www.facebook.com/groups/hoireviewbaohiem/posts/1749852606222063/,Em cần review lại hợp đồng bảo hiểm sun ạ,9,9,0,0,21,unknown,Spam,3,4,0,14,0,0/7 (0.0%),Normal,
268,REVIEW BẢO HIỂM,https://www.facebook.com/groups/hoireviewbaohiem/posts/1749894036217920/,"Em đang có hđbh AIA Bùng Gia Lực gói nâng cao đóng hơn 30tr/năm cho 3 người (2 vợ chồng và con nhỏ) Hiện tại do kinh tế không vững và nhận thấy nhu cầu của mình chưa khớp với gói bh này, em có thể điều chỉnh quyền lợi và gói để phù hợp với nhu cầu và kinh tế của em thời điểm hiện tại không anh chị? HĐ của em hiện đã đến hạn tt và đang trong tgian 60 ngày gia hạn ạ! EM cảm ơn!!",12,11,1,0,23,unknown,Trung lap,3,10,1,8,0,1/14 (7.1%),Normal,
269,REVIEW BẢO HIỂM,https://www.facebook.com/groups/hoireviewbaohiem/posts/1749915066215817/,Mình cần tìm gói bảo hiểm cho bé 1 tuổi được nằm viện nội trú nhưng không cần mua kèm bảo hiểm nhân thọ ba/mẹ. Nằm được Tâm Anh/Vinmec/Hoàn Mỹ ở TPHCM. Em tự liên hệ ạ.,25,25,0,0,51,unknown,Spam,5,2,1,34,0,1/8 (12.5%),Normal,
270,REVIEW BẢO HIỂM,https://www.facebook.com/groups/hoireviewbaohiem/posts/1749962552877735/,"Mình mua thẻ BhSk của AFFINA, quên mật khẩu vào app nên bị khoá, tài khoản báo lỗi. bạn nào bán bh Affina hỗ trợ mình với",5,5,0,0,3,unknown,Trung lap,0,1,0,1,0,0/1 (0.0%),Normal,
271,REVIEW BẢO HIỂM,https://www.facebook.com/groups/hoireviewbaohiem/posts/1749988549541802/,"Vì ít kinh nghiệm nên nhờ anh chị tư vấn dùm ạ. Hiện em đang tham gia gói Bảo An Toàn Diện 2020 của Gen ( tổng đã đóng 10 năm) do tham gia 4 năm thì bên Gen yêu cầu đổi hợp đồng gì đó em ko còn nhớ, phí em đóng khoảng 22tr/1 năm. Tuy nhiên nhu cầu của em chỉ là bhtn cùng với các bảo hiểm bệnh hiểm nghèo , vì bhsk của em đã tham gia với công ty có chế độ cao rồi thì gói này còn phù hợp với em k ạ. Em đang muốn đổi sang AIA khoảng 15tr/1 năm.",6,6,0,0,6,unknown,Spam,0,0,1,5,0,1/1 (100.0%),Normal,
272,REVIEW BẢO HIỂM,https://www.facebook.com/groups/hoireviewbaohiem/posts/1750022132871777/,"Bảo hiểm sức khỏe cho bé 2 tuổi nào thì tốt về giá và quyền lợi ạ Mình cần quyền lợi ngoại trú 10-15tr/năm, bệnh viện công",25,25,0,0,37,unknown,Spam,1,11,0,18,0,0/12 (0.0%),Normal,
273,REVIEW BẢO HIỂM,https://www.facebook.com/groups/hoireviewbaohiem/posts/1750051906202133/,"Giữa Sun và Gen cái nào quyền lợi tốt hơn ạ. Mình thấy đều chi trả âm tính, nhưng phí Sun lại rẻ hơn. Ko biết là cả 2 có ưu nhược điểm gì không mà lại có sự khác biệt như thế ạ",11,11,0,0,37,unknown,Trung lap,11,16,2,8,0,2/29 (6.9%),Normal,
274,REVIEW BẢO HIỂM,https://www.facebook.com/groups/hoireviewbaohiem/posts/1750055806201743/,"“Nếu đã dự định mua bảo hiểm trong năm nay, có một lý do khiến bạn nên xem lại thời điểm tham gia.” “Nếu đã dự định mua bảo hiểm trong năm nay, có một lý do khiến bạn nên xem lại thời điểm tham gia.” Không phải vì mua bảo hiểm để lấy quà. Mà vì nếu nhu cầu bảo vệ đã có sẵn, thì cùng một quyết định đó, giai đoạn này khách hàng đủ điều kiện còn có thêm cơ hội tham gia chương trình quay số kỷ niệm 20 năm Dai-ichi Life. 🔥 20 TRIỆU PHÍ THỰC ĐÓNG KỲ ĐẦU = 01 MÃ DỰ THƯỞNG Giải thưởng có Mazda CX-8, SH Mode 125, iPhone 17 Pro và nhiều quà tặng khác. Bảo hiểm là câu chuyện dài hạn. Quà tặng chỉ là niềm vui cộng thêm. ❤️ #BaoHiemNhanTho #DaiichiLife #TuVanBaoHiem #BaoHiemSucKhoe #LeThuyBaoHiem #GDD9",4,4,0,0,35,,,0,0,0,0,0,0/0 (0%),Normal,
275,REVIEW BẢO HIỂM,https://www.facebook.com/groups/hoireviewbaohiem/posts/1750211549519502/,Em chào m.ng ạ. Chuyện là em có bảo hiểm của Bảo Việt và đang làm claim trên app. app ở trạng thái yêu cầu nộp hồ sơ gốc bản cứng để đối chiếu. Em đã gửi bưu điện ship đến bảo việt cơ sở Hà Nội rồi và thư báo của bưu điện đã báo là đã gửi vào ngày 28/8 thành công rồi. mà em vẫn chưa thấy app em thay đổi trạng thái gì... app vẫn giữ nguyên trạng thái là yêu cầu nộp hồ sơ gốc bản cứng. hịc e lo quá k biết đã gửi đến Bảo Việt hay chưa vì hồ sơ gốc thì chỉ có 1 bản mà cũng k biết bảo Việt đã nhận đc chưa nữa. m.ng tư vấn e với e nên liên lạc với hotline hỏi hay là nên làm bước gì tiếp theo ạ. :( cũng 1 tuần sau khi e gửi hồ sơ gốc rùi ....,4,4,0,0,9,unknown,Trung lap,2,6,0,1,0,0/8 (0.0%),Normal,
276,REVIEW BẢO HIỂM,https://www.facebook.com/groups/hoireviewbaohiem/posts/1750252729515384/,"30: PHÍ THẺ SỨC KHỎE BAO NHIÊU LÀ HỢP LÝ? NÊN NHÌN PHÍ HAY HẠN MỨC BẢO VỆ? 🤔 Đừng vội chọn một Thẻ Sức Khỏe chỉ vì phí thấp. Một mức phí “hợp lý” nên được xem xét cùng nhu cầu chăm sóc sức khỏe, khả năng tài chính và quyền lợi bảo hiểm mà bạn lựa chọn. Khi so sánh, hãy nhìn kỹ: 👉 Hạn mức & phạm vi quyền lợi 👉 Điều kiện, giới hạn và loại trừ 👉 Mạng lưới cơ sở y tế 👉 Điều kiện tái tục 👉 Và quan trọng: mức phí có phù hợp để duy trì lâu dài hay không 💡 Không nhất thiết chọn thẻ phí cao nhất – cũng đừng chỉ chọn thẻ phí thấp nhất. Hãy chọn giải pháp có quyền lợi phù hợp với nhu cầu và khả năng tài chính của mình. MDRT Lưu Đường Quỳnh – Quỳnh Lucky ☎️ 0902.148.126 #quynhluckybaohiem #baohiemnhantho #GeneraliVietnam #CC01 Thông tin mang tính tham khảo. Phí, quyền lợi, giới hạn, loại trừ và điều kiện áp dụng thực hiện theo Quy tắc & Điều khoản sản phẩm Generali và hợp đồng bảo hiểm tại từng thời điểm.",1,1,0,0,0,,,0,0,0,0,0,0/0 (0%),Normal,
277,REVIEW BẢO HIỂM,https://www.facebook.com/groups/hoireviewbaohiem/posts/1750259272848063/,Cần báo giá bảo hiểm pti,2,2,0,0,1,car,Spam,0,0,0,1,0,0/0 (0%),Normal,
278,REVIEW BẢO HIỂM,https://www.facebook.com/groups/hoireviewbaohiem/posts/1750288589511798/,"Cho e hỏi sau mổ K giáp có tham gia được BH Gen không, e 30t. E cần tham gia nhân thọ và sức khoẻ. Hiện đã có BH VBI nhưng e đang cần mua thêm BH Gen. Nhờ anh chị hỗ trợ tư vấn giúp ạ",19,19,0,0,36,unknown,Trung lap,2,17,1,16,0,1/20 (5.0%),Normal,
279,REVIEW BẢO HIỂM,https://www.facebook.com/groups/hoireviewbaohiem/posts/1750339296173394/,Mình cần tư vấn bảo hiểm MB Life ạ,7,7,0,0,4,unknown,Spam,0,1,0,4,0,0/1 (0.0%),Normal,
280,REVIEW BẢO HIỂM,https://www.facebook.com/groups/hoireviewbaohiem/posts/1750451426162181/,"#PVI #Khám_mụn Dạ cho em hỏi bảo hiểm PVI mà em đi khám mụn ở bệnh viện da liễu thì có được claim không ạ Nếu có thì claim được những khoản nào ạ, em cảm ơn anh chị",5,5,0,0,11,unknown,Trung lap,3,7,0,0,0,0/10 (0.0%),Normal,
281,REVIEW BẢO HIỂM,https://www.facebook.com/groups/hoireviewbaohiem/posts/1750483862825604/,"**MỘT BUỔI REVIEW – MỘT GÓC NHÌN KHÁC VỀ THẺ SỨC KHỎE** Một buổi Zoom thật nhiều năng lượng cùng các anh chị em trong **Review Bảo Hiểm – Review Lan Tỏa**. Lần này, Ngân rất vui khi được đồng hành với vai trò **speaker chia sẻ sản phẩm nhà Sun**, cùng mọi người nhìn lại những điểm nổi bật của **Sống Chất 2.0** dưới một góc nhìn thực tế hơn. Điều Ngân thích nhất ở những buổi review như thế này là không chỉ nói về “điểm mạnh” của sản phẩm, mà còn cùng nhau đặt câu hỏi: 👉 Khách hàng nào thực sự phù hợp? 👉 Quyền lợi nổi bật nằm ở đâu? 👉 Những điểm nào cần lưu ý khi tư vấn? 👉 Và khi khách hàng cần sử dụng, quyền lợi đó thực sự mang lại giá trị gì? ❤️ Cảm ơn BTC **Review Bảo Hiểm** đã tạo nên một không gian rất cởi mở để các TVV cùng chia sẻ và học hỏi. ❤️ Cảm ơn các anh chị em đã dành thời gian tham gia, lắng nghe và góp thêm nhiều góc nhìn thú vị cho buổi Zoom vào 1 buổi tối cuối tuần. Đặc biệt cảm ơn những người đã cùng Ngân chuẩn bị và hoàn thiện phần chia sẻ này Phạm Quốc Công Nguyễn Thảo Generali Bùi Quang Vĩnh Sơn Linh Bùi Hồng Nhung. **Mỗi một góc nhìn được đóng góp đều giúp câu chuyện về sản phẩm trở nên rõ ràng và thực tế hơn.** 📌 Ngân để lại một **poster tóm tắt những ưu điểm nổi bật của Sống Chất 2.0** để anh chị em tiện tham khảo. Nếu cần trao đổi thêm về sản phẩm sức khỏe Sun Life, cứ inbox Ngân nhé. **Nguyễn Thị Kim Ngân | 0971.800.730** ☎️ ❤️ *Hiểu đúng sản phẩm – tư vấn đúng nhu cầu – để mỗi lựa chọn đều có giá trị.* #ReviewBaoHiem #ReviewLanToa #SunLife #SongChat20 #TheSucKhoeSunLife",17,17,0,0,4,unknown,Tich cuc,4,0,0,0,0,0/4 (0.0%),Normal,
282,REVIEW BẢO HIỂM,https://www.facebook.com/groups/hoireviewbaohiem/posts/1750680572805933/,hiện đang thgia bh này bên aia sâp tới mình sinh mổ ở Hn ptm đc hỗ trợ bao tiền nhỉ? hdan mình cách claim với. bthg chả bao h để ý claim. Với cần tư vấn mua 2 bh cho bé nữa mn tư vấn giúp,12,12,0,0,28,unknown,Spam,1,11,3,12,0,3/15 (20.0%),Following,
283,REVIEW BẢO HIỂM,https://www.facebook.com/groups/hoireviewbaohiem/posts/1750734746133849/,"🔥 THÁNG 9 NÀY, MUA THẺ SỨC KHỎE ĐƯỢC HOÀN PHÍ TỚI 30%! 🔥 🎁 Thẻ sức khỏe Generali chương trình đặc biệt: ✨ Hoàn phí 20% cho NĐBH từ 6 tuổi trở lên ✨ Hoàn phí 30% cho trẻ 0–5 tuổi 📅 Áp dụng từ 01/09 – 30/09/2026. Một chiếc thẻ sức khỏe – thêm một lớp bảo vệ, mà tháng này lại tiết kiệm hơn ♥️ 👉🏻 Ko đồng chi trả, tham gia độc lập, chi trả cả âm tính 👍🏻 📩 Ai cần mình tính phí theo tuổi, cứ inbox nhé! #GeneraliVietnam #thesuckhoe #GDD5",2,2,0,0,2,health,Trung lap,0,1,0,0,0,0/1 (0.0%),Normal,
284,REVIEW BẢO HIỂM,https://www.facebook.com/groups/hoireviewbaohiem/posts/1750736212800369/,Các anh các chị cho em hỏi với là em đang đóng gói bảo hiểm này sau khi hết hạn hợp đồng 1 năm em huỷ gói và có rút được hết tiền mình đã đóng về không ạ vì khi làm là nhân viên ngân hàng họ bảo đây là gói tích luỹ một năm nhưng khi kiểm tra ra là em đã bị trừ tiền trong thẻ tín dụng thành trả góp cho bên tín dụng nên e cũng hơi lo ngại,3,2,1,0,9,unknown,Tieu cuc,0,2,7,0,0,7/9 (77.8%),Urgent,
285,REVIEW BẢO HIỂM,https://www.facebook.com/groups/hoireviewbaohiem/posts/1750741026133221/,"Mình được công ty mua cho bảo hiềm Bảo Việt Aon với quyền lợi dưới đây, Mình sắp sanh ở bệnh viện Me Kong HCM và bác sĩ chỉ định mổ. Mình được claim bao nhiêu và như thế nào anh/ chị nào biết tư vấn mình với ạ. Mình có được chi trả tiền phòng không nhỉ? Thẻ mình không được bảo lãnh viện phí ạ. Mình cảm ơn nhiều ạ",4,4,0,0,5,unknown,Trung lap,1,3,0,1,0,0/4 (0.0%),Normal,
286,REVIEW BẢO HIỂM,https://www.facebook.com/groups/hoireviewbaohiem/posts/1750746222799368/,"Anh chị cho em hỏi em cần tham gia gói bảo hiểm thai sản, thì nên tham gia của bên bảo long hay bảo việt được ạ .",10,10,0,0,22,unknown,Trung lap,3,7,0,6,0,0/10 (0.0%),Normal,
287,REVIEW BẢO HIỂM,https://www.facebook.com/groups/hoireviewbaohiem/posts/1750757349464922/,"E xin hỏi các anh chị Với sản phẩm này, e muốn giảm sản phẩm chính đi khoảng 3-4, triệu 1 năm và giảm sản phẩm bệnh lý nghiêm trọng, e mua tháng 9/2022, thì tiền hoàn về sau này bị trừ thế nào ạ, và có được thưởng gì ko a, trước e thấy tư vấn bảo em có thưởng nếu nộp đủ ạ",1,1,0,0,9,unknown,Trung lap,1,7,0,2,0,0/8 (0.0%),Normal,
288,REVIEW BẢO HIỂM,https://www.facebook.com/groups/hoireviewbaohiem/posts/1750782599462397/,🚨 THÁNG 9 – BIỂU PHÍ “DỄ THỞ” QUÁ RỒI! ❤️ Bảo vệ sức khỏe mà được hoàn phí 20–30% thì còn chờ gì nữa? 😍 👶 Bé 0–5 tuổi: HOÀN 30% 👨‍👩‍👧 Các độ tuổi khác: HOÀN 20% 🏥 Quyền lợi Nội trú + Ngoại trú 💰 Phí tháng 9 cực hấp dẫn! 👉 Ưu đãi có thời hạn – đừng để đến lúc cần bảo hiểm mới tiếc vì chưa mua! 📞 Nguyễn Thanh Thúy – 0966898905 Mình tính phí theo đúng tuổi và nhu cầu của gia đình nhé! ❤️ #gdc6,2,2,0,0,0,,,0,0,0,0,0,0/0 (0%),Normal,
289,REVIEW BẢO HIỂM,https://www.facebook.com/groups/hoireviewbaohiem/posts/1750801626127161/,"Em muốn tham gia bảo hiểm cho 2 mẹ con( mẹ kèm con) - Thiên về tiết kiệm - E mua quyền lợi nằm viện, bệnh hiểm nghèo, tử vong, tai nạn Những tiêu chí e đề ra, thì nên mua gói bảo hiểm nào ạ. Xin được tư vấn",43,43,0,0,52,unknown,Spam,0,6,0,25,0,0/6 (0.0%),Normal,
290,REVIEW BẢO HIỂM,https://www.facebook.com/groups/hoireviewbaohiem/posts/1750802786127045/,"""Tái Tục"" Đã từng không thích, đã từng “toxic” nhưng có một điều phải công nhận là sự bền vững của sản phẩm này trên thị trường. Không có sản phẩm hoàn hảo, chỉ có sản phẩm phù hợp với nhu cầu của từng khách hàng. Lâu lâu em lại lên bài thanh minh cho anh cả ngành bảo hiểm phi nhân thọ một chút 😆 Các sản phẩm sức khỏe mới trên thị trường thì đúng là ngon, bổ, rẻ. Quyền lợi tốt, phí mềm, thời gian chờ ngắn. Nhưng điều em quan tâm hơn là năm sau có tái tục được không, nhất là khi khách đã phát sinh bồi thường? Thực tế nhiều sản phẩm mới chính sách tái tục thay đổi khá nhanh, có sản phẩm bán một thời gian rồi dừng. Không có nghĩa là sản phẩm đó tệ. Với khách cần quyền lợi tốt, phí hợp lý, thời gian chờ ngắn thì vẫn rất phù hợp. Nhưng sẽ không phù hợp nếu khách đã chờ 365 ngày cho bệnh có sẵn hoặc bệnh đặc biệt, đến lúc đủ điều kiện thì sản phẩm lại dừng bán hoặc không được tái tục. Bảo Việt An Gia và Bảo Việt Tâm Bình có một lợi thế mà em nghĩ phải công nhận là sự ổn định tương đối qua nhiều năm, thương hiệu lâu năm và lịch sử chi trả rõ ràng. Cái gì cũng có giá của nó. Phí có thể không rẻ nhất, điều kiện có thể chặt hơn, thời gian chờ có thể dài hơn nhưng chính sự cân bằng đó lại giúp sản phẩm đi được đường dài. Dài rồi 😆 Phần còn lại em viết tiếp bài sau. Dưới đây là một số thông tin về chính sách tái tục của nhà Bảo để anh chị em đồng nghiệp cùng tham khảo nhé.",6,6,0,0,7,unknown,Trung lap,1,4,1,1,0,1/6 (16.7%),Normal,
291,REVIEW BẢO HIỂM,https://www.facebook.com/groups/hoireviewbaohiem/posts/1750861919454465/,"Các anh chị ơi,budget của em khoảng 20tr/năm.em muốn mua bảo hiểm nhân thọ kèm thẻ sk cho chồng 43t và 2 con 6t,4t. Em đang phân vân AIA và Gen,em thiên về chăm sóc sức khỏe ạ.Bên nào tối ưu hơn ạ.Tạm thời em gắn thẻ 2 con vào thẻ bố.Khi nào có điều kiện thì em tách mỗi người 1 hợp đồng.",31,31,0,0,37,unknown,Spam,0,3,1,18,0,1/4 (25.0%),Normal,
292,REVIEW BẢO HIỂM,https://www.facebook.com/groups/hoireviewbaohiem/posts/1750880509452606/,"E cần mua bh rời nội, ngoại trú cho bé và mẹ ạ.",12,12,0,0,15,unknown,Spam,0,0,0,6,0,0/0 (0%),Normal,
293,REVIEW BẢO HIỂM,https://www.facebook.com/groups/hoireviewbaohiem/posts/1750892736118050/,"💕 VÌ SAO BẢO HIỂM THAI SẢN DAI-ICHI VẪN LUÔN ĐƯỢC NHIỀU MẸ ƯU TIÊN? Mang thai là hành trình dài, nên một gói bảo hiểm tốt không chỉ cần hỗ trợ chi phí lúc đi sinh, mà còn cần đồng hành với mẹ và bé lâu dài từ những ngày đầu tiên. Các điểm mạnh của thai sản Daiichi mà mẹ có thể tham khảo: - An tâm tái tục năm 2 – duy trì quyền lợi và mức phí theo điều kiện chương trình. - Chi trả 100% chi phí hợp lệ tại các bệnh viện, tiền giường lên đến 6 triệu/ngày. - Nhân đôi hạn mức thai sản khi sinh đôi 👶🏻👶🏻 - Khám thai lên đến 6 triệu, thời gian chờ chỉ 90 ngày. - Đặc biệt, mẹ có thể kết hợp xây dựng quỹ y tế dự phòng cho cả mẹ và bé ngay từ thai kỳ – để sau khi con chào đời, có thể chuẩn bị phương án bảo vệ cho bé từ 30 ngày tuổi. ❤️ Không chỉ chuẩn bị cho một lần đi sinh, mà là chuẩn bị một kế hoạch để mẹ an tâm thai kỳ – bé có nền tảng bảo vệ từ những ngày đầu đời. 📩 Mẹ nào đang có kế hoạch thả bầu hoặc chuẩn bị IVF, inbox Vy để được tính phương án phù hợp với bệnh viện dự sinh và ngân sách nhé! Thông tin liên hệ: 📲 Zalo: 0767 1343 86 📍 Toà nhà 7A Lam Sơn, P. Tân Sơn Hoà, TP.HCM #GDA18 #baohiemthaisan #mebauthongthai #suckhoemevabe #baohiemsuckhoe #HoangVyBaoHiem",2,2,0,0,4,,,0,0,0,0,0,0/0 (0%),Normal,
294,REVIEW BẢO HIỂM,https://www.facebook.com/groups/hoireviewbaohiem/posts/1750911299449527/,Mọi người cho em hỏi em nằm viện phẫu thuật đăng ký nằm giường yêu cầu thì bên VBI có chi trả lại không ạ,11,11,0,0,10,unknown,Trung lap,0,9,0,1,0,0/9 (0.0%),Normal,
295,REVIEW BẢO HIỂM,https://www.facebook.com/groups/hoireviewbaohiem/posts/1750917032782287/,"các bác cho em hỏi chút ạ. em làm ở công ty cũ từ tháng 10/2025- 2/2026 thì nghỉ. Mà công ty cũ không báo cắt giảm và có thu tiền nhưng không đóng đủ tháng cho em. giờ hiện tại hệ thống bảo hiểm của em đang hiện nợ bảo hiểm từ tháng 3-nay là t9/2026 và mình không thể chốt được sổ cũng chưa báo giảm. giờ sang công ty mới mình có thể đóng như bình thường được không, công ty mới báo tăng để đóng được không ạ? hiện giờ em không thể kết nối được với công ty cũ, rất mong các bác giải đáp giúp em ạ",1,1,0,0,1,unknown,Spam,0,0,0,1,0,0/0 (0%),Normal,
296,REVIEW BẢO HIỂM,https://www.facebook.com/groups/hoireviewbaohiem/posts/1750930492780941/,"Mình muốn mua thẻ bảo hiểm rời cho bé , nếu ở khu vực phú thọ thì càng tốt ạ",6,6,0,0,16,unknown,Spam,0,0,0,5,0,0/0 (0%),Normal,
297,REVIEW BẢO HIỂM,https://www.facebook.com/groups/hoireviewbaohiem/posts/1750974269443230/,Mk cần tv mua bảo hiểm cho bé 20m ạ,27,27,0,0,28,health,Spam,2,0,0,22,0,0/2 (0.0%),Normal,
298,REVIEW BẢO HIỂM,https://www.facebook.com/groups/hoireviewbaohiem/posts/1750982319442425/,Trong group có ai bán bảo hiểm tài sản cho hệ thống điện năng lượng mặt trời ở Đà Nẵng ko ạ Cho em xin sdt liên hệ ạ,8,8,0,0,6,unknown,Spam,0,1,0,3,0,0/1 (0.0%),Normal,
299,REVIEW BẢO HIỂM,https://www.facebook.com/groups/hoireviewbaohiem/posts/1751044716102852/,Em ở Hải Phòng Cần tìm 1 bảo hiểm cho bé 15 ngày tuổi Y/c Khám và điều trị các bệnh viện tư hoặc TW Đk chi trả khi khám nội và ngoại trú kèm theo đó là chi trả thêm cả xét nghiệm âm tính Mọi người giới thiệu tư vấn để em tham khảo ạ,13,13,0,0,26,unknown,Spam,8,6,0,13,0,0/14 (0.0%),Normal,
300,REVIEW BẢO HIỂM,https://www.facebook.com/groups/hoireviewbaohiem/posts/1751047902769200/,"Chào các chị, em vừa phát hiện có em bé tầm khoảng 4 tuần. Do chủ quan nghĩ chưa thể có baby sớm nên em ko kịp mua bảo hiểm thai sản, mà check điều kiện của các loại bhts đều ít nhất phải 270 ngày chờ. BẢO HIỂM THAI SẢN Chào các chị, em vừa phát hiện có em bé tầm khoảng hơn 4 tuần. Do chủ quan nghĩ chưa thể có baby sớm nên em ko kịp mua bảo hiểm thai sản trước đó, mà giờ em check điều kiện của các loại bhts đều ít nhất phải 270 ngày chờ thì xét tuổi thai của em ko đủ tới ngày dự sinh. Em dự kiến sang năm sẽ chọn sinh dịch vụ ở các bệnh viện tư (em đã có bhyt ở bệnh viện 175 nhưng ko chuyên về sản) mà ko biết em còn đủ điều kiện để mua gói bhts nào nữa ko ạ? Nhờ các chị có tư vấn giúp em với ạ do đây là lần đầu em có em bé nên cũng chưa có nhiều kinh nghiệm.",6,6,0,0,13,health,Trung lap,0,10,0,4,0,0/10 (0.0%),Normal,
301,REVIEW BẢO HIỂM,https://www.facebook.com/groups/hoireviewbaohiem/posts/1751049422769048/,"BH sức khoẻ TCB Mình cần ctv hỗ trợ claim BH tcb, bạn tư vấn viên của mình zalo đi củi rồi ko liên hệ đc @@ Mình có tự claim trên app Insmart nhưng đang bị fail",6,6,0,0,10,unknown,Trung lap,0,6,0,4,0,0/6 (0.0%),Normal,
302,REVIEW BẢO HIỂM,https://www.facebook.com/groups/hoireviewbaohiem/posts/1751057789434878/,"Em cần tìm bên nào thẻ sức khoẻ cho trẻ tháng tuổi, nội ngoại trú có chi trả cho bệnh bẩm sinh càng tốt ạ. Chi phí ở mức vừa phải. E cảm ơn",12,12,0,0,37,unknown,Spam,4,7,0,19,0,0/11 (0.0%),Normal,
303,REVIEW BẢO HIỂM,https://www.facebook.com/groups/hoireviewbaohiem/posts/1751071809433476/,"Mẹ e 58 tuổi e muốn tham khảo mua bảo hiểm cho mẹ bảo vệ sức khoẻ bệnh hiểm nghèo , tai nạn , nội trú . Nên dùng bh của bên nào và mức chi phí khoảng bn ạ . Tv giúp e vs ạ",14,14,0,0,28,health,Spam,0,2,0,15,0,0/2 (0.0%),Normal,
304,REVIEW BẢO HIỂM,https://www.facebook.com/groups/hoireviewbaohiem/posts/1751133509427306/,"AIA CHI TRẢ 100% CHI PHÍ GHÉP TẠNG CỦA KHÁCH HÀNG LÀ NG ĐƯỢC BH VÀ 50% CHI PHÍ CHO NGƯỜI HIẾN. (Tất nhiên theo chi phí y tế và trong hạn mức thẻ tham gia và thoả điều kiện về thời gian chờ cũng như điều khoản quy định rõ ràng như TẤT CẢ CTY BH KHÁC SẼ CẦN) ❤️ Sẽ chẳng ai mong bản thân hay người thân phải trải qua bạo bệnh ❤️ Sẽ chẳng ai mong mua BH rồi thấy mình “LÃI TO” ✅ NHƯNG HÃY GHI NHỚ, TẤT CẢ Y BÁC SĨ ĐỀU SẼ HỎI BỆNH NHÂN HOẶC NGƯỜI NHÀ BỆNH NHÂN TRƯỚC KHI ĐƯA RA PHÁC ĐỒ ĐIỀU TRỊ: “ Gia đình có BHYT hay BH tư nhân không?” Và dựa vào đó, Bác Sĩ cũng có sự lựa chọn phù hợp hơn, nếu gia đình có BH tư nhân, vd AIA, thì Bác Sĩ cũng có thể mạnh dạn đưa ra nhiều lựa chọn tối ưu mà không bị níu lại bởi chi phí trong trường hợp bệnh nhân/ gia đình bệnh nhân KHÔNG THỂ XOAY XỞ NỔI VÌ KHÔNG CÓ MỘT BÊN THỨ BA GÁNH CHI PHÍ ĐIỀU TRỊ… 👉 MUA BHSK GIÚP CHÚNG TA MỞ RỘNG SỰ LỰA CHỌN CHO CHÍNH BẢN THÂN VÀ CHO GIA ĐÌNH KHI CẦN. 👉 CHÚNG TA LUÔN DÀNH SỰ TỐT NHẤT CHO GIA ĐÌNH, NHƯNG ĐÔI LÚC LỰC BẤT TÒNG TÂM THÌ BHSK CHÍNH LÀ CÔNG CỤ HỮU ÍCH ĐỂ THAY CHÚNG TA LO CHO GIA ĐÌNH KHI CẦN‼️ ☎️ zalo 0867797007 Hải Vân AIA luôn sẵn sàng tư vấn và thiết kế giải pháp tài chính miễn phí ❤️MUA BH LÀ ĐỂ AN TÂM DÀI LÂU, KHÔNG NÊN LÀ GÁNH NẶNG MAI SAU‼️ ❤️ NGƯỜI CẢN BẠN MUA BH SẼ LÀ NGƯỜI HỎI BẠN “CÓ BH KHÔNG?” KHI CHẲNG MAY BẠN HAY NGƯỜI THÂN CẦN ĐẾN! SẼ LÀ NGƯỜI CÓ THỂ MUA CÂN ĐƯỜNG HỘP SỮA GHÉ THĂM! NHƯNG KHÔNG BAO GIỜ LÀ NGƯỜI GÁNH GỒNG CHI PHÍ ĐIỀU TRỊ THAY BẠN‼️ 👉SỐNG ĐỜI MÌNH, TÌM HIỂU KỸ, TRƯỞNG THÀNH CẢ RỒI, CHƯA RÕ THÌ LA LÀNG LÊN CÁC HỘI NHÓM ĐỐI CHẤT‼️ #AIA #BHSK #BHNT #HaiVanAIA #thesuckhoetrondoi #gdb33",6,6,0,0,1,critical_illness,Spam,0,0,0,1,0,0/0 (0%),Normal,
305,REVIEW BẢO HIỂM,https://www.facebook.com/groups/hoireviewbaohiem/posts/1751150002758990/,"Chưa bầu bí, có ý định bầu thì mua loại bhnt nào vậy các c",31,31,0,0,42,health,Spam,3,6,0,22,0,0/9 (0.0%),Normal,
306,REVIEW BẢO HIỂM,https://www.facebook.com/groups/hoireviewbaohiem/posts/1751151976092126/,"1 buổi chia sẻ thành công với chủ đề phân tích thẻ sức khỏe 5 nhà bảo hiểm lớn trên thị trường Cảm ơn các anh chị tinh hoa đã lan tỏa hết mình: Nguyễn Thảo Generali nhà Generali, Bùi Quang Vĩnh đến từ nhà Daiichi, Sơn Linh Bùi nhà Manulife, Hồng Nhung AIA và Nguyễn Thị Kim Ngân đại diện nhà Sunlife Cảm ơn sự hiện diện của gần 150 anh chị em khách hàng và tư vấn viên trong buổi zoom ngày 5/9 vừa qua Sản phẩm mỗi công ty có điểm hay riêng, không công ty nào nhất, chỉ có sản phẩm phù hợp với nhu cầu của khách hàng - Sunlife có quyền lợi san sẻ yêu thương, ngoại trú được mua cao hơn nội trú, 6tr mua được tất cả các hạng thẻ... - Generali không đồng chi trả cho bé, được kiểm tra sức khỏe miễn phí nếu đủ 1 năm tham gia và không claim trước đó... - Daiichi: Ngoại trú chi trả 100% phí tham gia thẻ cho bé khá mềm, phạm vi chi trả Toàn Cầu cho 5 hạng thẻ... - Manulife: Ung thư chi trả 100% cho nội/ngoại trú dù chỉ tham gia nội trú, phí tham gia nhân thọ từ 9,5tr min HĐ là 10tr ... - AIA: Thời gian bảo vệ dài đến 100 tuổi, KH có thể tham gia 2 thẻ trên cùng 1 HĐ, Nhân thọ min 5tr gắn được thẻ Cơ bản, tiêu chuẩn... Qúa trời điểm hay ad không thể chia sẻ hết được, nhờ anh chị em tư vấn viên và khách hàng viết bài cảm nhận sau buổi zoom vừa qua giúp admin. Mỗi bài biết hãy tag tên admin, kèm #Reviewbaohiem, #Reviewlantoa chụp hình lại và để thông tin dưới bình luận, sau 10/9 ad sẽ gửi tặng mỗi anh chị lan tỏa file tổng hợp 5 nhà Ngoài ra buổi zoom tới diễn ra vào đầu tháng 10 này anh chị em mong muốn được bóc tách quyền lợi nào để lại thông tin dưới bình luận để BQT chuẩn bị nha #Admin #Reviewbaohiem #Reviewlantoa",12,12,0,0,7,unknown,Tich cuc,4,2,0,1,0,0/6 (0.0%),Normal,
307,REVIEW BẢO HIỂM,https://www.facebook.com/groups/hoireviewbaohiem/posts/1751204779420179/,Gấp gấp mn ơi!!! Em cần mua bảo hiểm Bảo Việt gấp cho khách xin visa thăm thân. Anh chị nào bán hay biết ai bán thì em xin contact với ạ Em cảm ơn cả nhà,7,7,0,0,19,unknown,Trung lap,0,10,0,3,0,0/10 (0.0%),Normal,
308,REVIEW BẢO HIỂM,https://www.facebook.com/groups/hoireviewbaohiem/posts/1751219976085326/,"Các bạn tvv thông thái cho mình hỏi, mình tham gia BHSK bên M**, btv khai thêm bệnh cho con mình, không đúng với tờ giấy khám của bác sĩ. Liệu có gì bất ổn không ạ",11,11,0,0,14,unknown,Trung lap,0,10,2,2,0,2/12 (16.7%),Normal,
309,REVIEW BẢO HIỂM,https://www.facebook.com/groups/hoireviewbaohiem/posts/1751262956081028/,Mình mong muốn tìm người hỗ trợ claim BH Chubb. Mua xong mà bạn bán không hỗ trợ . Mình trả phí ạ . Xin cảm ơn,12,12,0,0,8,unknown,Spam,0,1,0,6,0,0/1 (0.0%),Normal,
310,REVIEW BẢO HIỂM,https://www.facebook.com/groups/hoireviewbaohiem/posts/1751263276080996/,"Anh chị ơi cho e hỏi trong nhóm mình có bác nào tham gia bảo hiểm bên ngân hàng MB k ạ. E mới mua đóng 1 năm mà thấy lăn tăn quá. Như kiểu bị ma xui quỷ khiến ý, sau 1 hồi tư vấn kb sao lại đồng ý",7,7,0,0,7,unknown,Spam,1,2,1,3,0,1/4 (25.0%),Normal,
311,REVIEW BẢO HIỂM,https://www.facebook.com/groups/hoireviewbaohiem/posts/1751336202740370/,Mình cần tìm BH thai sản tại HP ak .Dự đẻ mổ lần 3. Bv quốc tế sản Nhi ạ. Chưa thả ạ,13,13,0,0,16,health,Spam,2,0,0,13,0,0/2 (0.0%),Normal,
312,REVIEW BẢO HIỂM,https://www.facebook.com/groups/hoireviewbaohiem/posts/1751544269386230/,"anh chị cho em hỏi thẻ sức khoẻ giờ nên mua bên nào ạ? nhà em gần Vinmec, tài chính cũng không mạnh lắm ạ😌 Em cảm ơn ạ!!!",22,22,0,0,48,unknown,Spam,6,6,0,24,0,0/12 (0.0%),Normal,
313,REVIEW BẢO HIỂM,https://www.facebook.com/groups/hoireviewbaohiem/posts/1751561756051148/,Mình cần các mom đã mua bảo hiểm cho em bé sơ sinh review giúp mình nên chọn loại nào phù hợp ạ ❤️❤️,30,30,0,0,49,health,Spam,4,13,2,20,0,2/19 (10.5%),Normal,
314,REVIEW BẢO HIỂM,https://www.facebook.com/groups/hoireviewbaohiem/posts/1751566109384046/,"Miễn đóng phí tại Cathay Quyền lợi cập nhật mới toanh từ Cathay, có đáng để tham khảo??? ✅ Chi phí hợp lý ✅ Quyền lợi hỗ trợ tài chính: 500% STBH NHẬN DUY NHẤT 1 Lần khi bên mua xảy ra sự kiện vắng mặt ✅ Miễn đóng phí( bao gồm tất cả quyền lợi, cả phí đóng thêm) của người được bảo hiểm khi bên mua vắng mặt #GDA20 #cathay #miễn_đóng_phí",2,2,0,0,0,,,0,0,0,0,0,0/0 (0%),Normal,
315,REVIEW BẢO HIỂM,https://www.facebook.com/groups/hoireviewbaohiem/posts/1751569936050330/,Bé sắp đi học nên mình muốn mua bảo hiểm thẻ rời. Trước đó bé ốm vặt chưa khám ở viện lần nào. Mình ở tp hcm mục tiêu nằm bv công phòng vip hoặc bv tư ạ,10,10,0,0,20,unknown,Spam,2,0,0,8,0,0/2 (0.0%),Normal,
316,REVIEW BẢO HIỂM,https://www.facebook.com/groups/hoireviewbaohiem/posts/1751575326049791/,"Dạ chào các anh chị Bé em hiện tại 5 tháng tuổi, hiện bị viêm phổi nặng đang nằm ở nhi đồng 2. E muốn mua gói bảo hiểm phí hằng năm vừa phải, có chi trả và có chế độ hưởng tốt cho bé thì nên mua bảo hiểm nào và gói nào ạ",11,11,0,0,33,unknown,Trung lap,10,14,3,5,0,3/27 (11.1%),Normal,
317,REVIEW BẢO HIỂM,https://www.facebook.com/groups/hoireviewbaohiem/posts/1751575729383084/,Mình đang có kế hoạch thai sản nên muốn tìm hiểu thẻ thai sản rời. Mình đang cân nhắc BIC nhưng thấy giới hạn chi trả chỉ 8tr/ngày nằm viện,7,7,0,0,15,health,Spam,2,0,0,5,0,0/2 (0.0%),Normal,
318,REVIEW BẢO HIỂM,https://www.facebook.com/groups/hoireviewbaohiem/posts/1751581522715838/,Chào anh/chị. Em đang muốn mua bảo hiểm thai sản và đang phân vân giữa fusse và xanh hạnh phúc. Hai gói này thì cái nào ok hơn ạ. Hoặc có gói nào ổn hơn mong được anh/chị giới thiệu giúp. Em bé đầu mổ Thu Cúc. Em cảm ơn ạ.,8,8,0,0,13,unknown,Spam,4,0,1,6,0,1/5 (20.0%),Normal,
319,REVIEW BẢO HIỂM,https://www.facebook.com/groups/hoireviewbaohiem/posts/1751615422712448/,"Chào mọi người, mình đang tìm hiểu về bảo hiểm thai sản: chuyên về các biến chứng trog quá trình mang thai và sinh đẻ. Mình đã có BHNT, BHSK, nên mn có thể tư vấn giúp mình hãng nào giá cả vừa phải mà chi trả tốt nhất cho thai sản không?",11,11,0,0,13,health,Spam,1,4,0,6,0,0/5 (0.0%),Normal,
320,REVIEW BẢO HIỂM,https://www.facebook.com/groups/hoireviewbaohiem/posts/1751630906044233/,"Có mom nào đẻ ở bệnh viện hơp lực thanh hoá chưa ạ, cho mình xin review chi phí với ạ. Nếu minh đẻ ở hợp lực thì nên mua bao hiểm thai sản nào ạ",4,4,0,0,7,unknown,Trung lap,0,3,0,3,0,0/3 (0.0%),Normal,
321,REVIEW BẢO HIỂM,https://www.facebook.com/groups/hoireviewbaohiem/posts/1751664049374252/,Mình ở Đà Nẵng cần mua thẻ bh rời cho bé gần 2 tháng,25,25,0,0,31,unknown,Spam,4,4,0,8,0,0/8 (0.0%),Normal,
322,REVIEW BẢO HIỂM,https://www.facebook.com/groups/hoireviewbaohiem/posts/1751668792707111/,A.c ơi e muốn mua 1 thẻ rời phi nhân thọ cho bé 2 tuổi tài chính <2 triệu ạ. có những sp nào ko ac mách e với,12,12,0,0,19,unknown,Spam,2,0,0,5,0,0/2 (0.0%),Normal,
323,REVIEW BẢO HIỂM,https://www.facebook.com/groups/hoireviewbaohiem/posts/1751687419371915/,Mn cho e hỏi bé 20m thì nên mua bhsk đồng chi trả hay k đồng chi trả và nếu mua thì hãng nào ổn ạ,11,11,0,0,20,unknown,Spam,1,3,0,12,0,0/4 (0.0%),Normal,
324,REVIEW BẢO HIỂM,https://www.facebook.com/groups/hoireviewbaohiem/posts/1751700029370654/,"🔥 THẺ ĐÃ XỊN – GIỜ CHỈ CẦN 200K MÀ ĐƯỢC “NÂNG HẠNG” THẺ KIM CƯƠNG? 😳💎 Nghe thôi đã thấy quá đỉnh rồi mọi người ơi! 🤩 Một sản phẩm mới nhà Generali vừa ra mắt với mức tham gia Tử kỳ chỉ từ 200K mà vẫn có cơ hội sở hữu hạng mức thẻ Kim Cương 💎 Đặc biệt, các bác đang săn quyền lợi thai sản thì cũng rất đáng để tìm hiểu nha 🤰❤️ ✨ Quyền lợi hấp dẫn ✨ Hạn mức thẻ cao ✨ Mức tham gia dễ tiếp cận ✨ Sản phẩm mới – đáng để khám phá 🚨 Sản phẩm mới nhà Generali chính thức chào sân! Ai đang quan tâm thì inbox mình để mình gửi thông tin chi tiết nhé! #GDC6 #Generali #TheKimCuong #SanPhamMoi #BaoHiemThaiSan",2,2,0,0,1,unknown,Trung lap,0,1,0,0,0,0/1 (0.0%),Normal,
325,hoireviewbaohiem,https://www.facebook.com/groups/hoireviewbaohiem/posts/1751714886035835/,,0,0,0,0,13,unknown,Spam,2,4,0,7,0,0/6 (0.0%),Normal,
326,REVIEW BẢO HIỂM,https://www.facebook.com/groups/hoireviewbaohiem/posts/1751719512702039/,Có gói nhân thọ nào cho mẹ kèm thẻ sức khoẻ cho bé 7 tháng tuổi với mức phí 7-8tr/ năm ko ạ? Cám ơn ad duyệt bài,18,18,0,0,22,unknown,Spam,1,2,1,15,0,1/4 (25.0%),Normal,
327,REVIEW BẢO HIỂM,https://www.facebook.com/groups/hoireviewbaohiem/posts/1751725369368120/,"Xin phép admin em đăng bài Em có 1 con nhỏ 13 tháng tuổi từng mắc viêm phổi, Đang bầu bé thứ 2 được 6 tuần Bản thân em từng sốc phản vệ độ 3 Mong muốn chọn bảo hiểm phù hợp để: 1. Lần sinh tới có thể được hỗ trợ bảo hiểm. 2. Con trai 13 tháng nếu đi viện thì mức bh chi trả từ 2tr5/ngày trở lên- vì trước đó con nằm viện không có bhiem, em cho con nằm phòng riêng hoặc bao phòng thì mức cũng cao từ 2tr8-3tr6/phòng chưa tính tiền thuốc rồi ạ. Nên nếu mức chi từ bhiem cao thì sẽ đỡ tiền giường, thiếu thì gdinh bù cũng đỡ. Và những bệnh con đã từng mắc vẫn được hỗ trợ bhiem. 3. Quyền lợi và chính sách nếu mẹ gặp nguy hiểm lien quan tới tinh mang. Mng tư vấn giúp em chọn bhiem bên nào phù hợp ạ",12,12,0,0,16,health,Spam,2,2,0,9,0,0/4 (0.0%),Normal,
328,REVIEW BẢO HIỂM,https://www.facebook.com/groups/hoireviewbaohiem/posts/1751731512700839/,"Nhà mình đang chuẩn bị thả bầu luôn và dự định sinh ở Phụ sản TW. Mng cho mình xin review hãng bảo hiểm thai sản nào (VBI, PVI,...) claim bồi thường ở Phụ sản TW nhanh mượt nhất với ạ? Tiêu chí của mình là dễ claim, thanh toán và thời gian chờ 270 ngày. Mình cảm ơn ạ.",17,17,0,0,25,unknown,Trung lap,1,7,0,7,0,0/8 (0.0%),Normal,
329,REVIEW BẢO HIỂM,https://www.facebook.com/groups/hoireviewbaohiem/posts/1751754496031874/,Em đang quan tâm gói bảo hiểm của MB Life. Cần tìm tư vấn hỗ trợ ạ,7,7,0,0,9,unknown,Spam,0,0,0,8,0,0/0 (0%),Normal,
330,REVIEW BẢO HIỂM,https://www.facebook.com/groups/hoireviewbaohiem/posts/1751769496030374/,"Chào Anh Chị, Em cần tư vấn Gói Bảo hiểm Sức khỏe của Bảo Minh và Pijico (khám ở Bệnh viên Tâm Anh) Anh Chị ở Tp. HCM tư vấn dùm em với ạ. Anh Chị commetn bên dưới, em sẽ chủ động liên hệ lại Cảm ơn Anh Chị.",2,2,0,0,4,unknown,Spam,0,0,0,4,0,0/0 (0%),Normal,
331,REVIEW BẢO HIỂM,https://www.facebook.com/groups/hoireviewbaohiem/posts/1751790349361622/,Em đang tính sinh ở Phương Nam gói Deluxe thì chọn gói TS nào oke vậy cả nhà,6,6,0,0,14,health,Spam,1,1,0,9,0,0/2 (0.0%),Normal,
332,REVIEW BẢO HIỂM,https://www.facebook.com/groups/hoireviewbaohiem/posts/1751796302694360/,"Mọi người cho em hỏi , em chuẩn bị sinh em bé . Em muốn tìm hiểu bảo hiểm sức khỏe cho con thì cần mua thế nào tốt cho con à bên nào ổn ạ . Em đang tìm hiểu bên daichi 8tr/1 năm",26,26,0,0,51,health,Spam,4,17,2,20,0,2/23 (8.7%),Normal,
333,REVIEW BẢO HIỂM,https://www.facebook.com/groups/hoireviewbaohiem/posts/1751835276023796/,"Dạ em có đang tìm hiểu bảo hiểm, thấy ac chia sẻ nhiều các hãng như Gen, AIA, Daichi, Man, Sun nhưng lại ít thấy nhắc tới Prudential. Trong khi xếp hạng cũng khá cao mà ít người quan tâm ạ? E xin review ạ",37,37,0,0,50,unknown,Trung lap,7,24,3,9,"3 | Nếu muốn mua bảo hiểm sức khoẻ thì đừng mua Pru, t có sẵn hợp đồng, ra tận đại lí hỏi kèm thẻ sức khoẻ gặp 2 tvv đều kêu t phải mua thêm 1 hợp đồng bảo hiểm khác mới kèm thẻ sức kh || Gr này nhiều KH quan tâm thẻ sk. Hiện tại thẻ Pru chưa nổi bật lắm ạ #TVTH330 || Hoa Thủy Dạ bổ sung đc, em đã tìm hiểu đc rồi ạ. Nhưng em ko còn muốn mua gì của pru nữa 🥲 vì em ra tận đại lý, tvv ở đó biết người ta bị lừa mua vẫn cố chốt sale thêm hợp đồng khá",3/34 (8.8%),Urgent,
334,REVIEW BẢO HIỂM,https://www.facebook.com/groups/hoireviewbaohiem/posts/1751872306020093/,"Anh chị cho em hỏi em đang dùng daiichi cho bé, nội trú đồng chi trả 70/30. Thì phần 30 này có mua đc thẻ rời nào để cover thành 0đ đc ko ạ? Em vừa ở Hoàn Mỹ, Daiichi tt cho em 70% nhma vẫn còn lại 10 củ cũng hơi nặng, em muốn đóng luôn cho lỡ con đi viện đỡ 1 cục nặng ạ",9,9,0,0,20,unknown,Spam,3,6,0,8,0,0/9 (0.0%),Normal,
335,REVIEW BẢO HIỂM,https://www.facebook.com/groups/hoireviewbaohiem/posts/1751899189350738/,Ac oi cho em hỏi bé nhà em hồi 11 tháng có nhập viện viêm tiểu phế quản 4 ngày điều trị cơ bản chỉ bằng thuốc ks. Hiện 13 tháng thì có thể xem xét dc mua bh sk cho bé chưa ạh.,15,15,0,0,23,health,Spam,1,2,0,17,0,0/3 (0.0%),Normal,
336,REVIEW BẢO HIỂM,https://www.facebook.com/groups/hoireviewbaohiem/posts/1751911316016192/,Cần tư vấn gói bh pacific cross cho em bé 0 tuổi,11,11,0,0,19,unknown,Spam,1,3,0,11,0,0/4 (0.0%),Normal,
337,REVIEW BẢO HIỂM,https://www.facebook.com/groups/hoireviewbaohiem/posts/1751917722682218/,"32: CÓ THẺ SỨC KHỎE, TẠI SAO NẰM VIỆN VẪN CÓ THỂ KHÔNG ĐƯỢC CHI TRẢ? 🤔 Có thẻ không đồng nghĩa mọi chi phí y tế đều được thanh toán. Quyền lợi được xem xét theo Quy tắc & Điều khoản và phạm vi bảo hiểm đã tham gia. 5 điểm khách hàng cần đặc biệt lưu ý: 1️⃣ Chưa hết thời gian chờ: bệnh thông thường 30 ngày, bệnh đặc biệt 90 ngày, thai sản 270 ngày. 2️⃣ Sự kiện thuộc điều khoản loại trừ – ví dụ một số trường hợp phẫu thuật thẩm mỹ. 3️⃣ Hồ sơ chưa đầy đủ: Generali có thể yêu cầu bổ sung chứng từ để tiếp tục xem xét quyền lợi. 4️⃣ Chi phí ngoài phạm vi hoặc vượt hạn mức quyền lợi đã tham gia. 5️⃣ Hợp đồng/quyền lợi không còn hiệu lực tại thời điểm xảy ra sự kiện bảo hiểm. 💡 Hiểu đúng điều khoản trước khi dùng thẻ sẽ giúp mình chủ động hơn khi cần giải quyết quyền lợi. Cần Quỳnh hỗ trợ kiểm tra quyền lợi Thẻ Sức Khỏe? Hãy nhắn Quỳnh nhé. ❤️ MDRT Lưu Đường Quỳnh – Quỳnh Lucky ☎️ 0902.148.126 Thông tin mang tính tham khảo. Việc giải quyết quyền lợi căn cứ hồ sơ thực tế, phạm vi bảo hiểm, giới hạn, loại trừ và Quy tắc & Điều khoản Generali áp dụng cho hợp đồng. #quynhluckybaohiem #baohiemnhantho #GeneraliVietnam #CC01",3,3,0,0,0,,,0,0,0,0,0,0/0 (0%),Normal,
338,REVIEW BẢO HIỂM,https://www.facebook.com/groups/hoireviewbaohiem/posts/1751927326014591/,Các chị tvv bên daiichi cho e hỏi chút Bệnh viện da liễu Hà Nội có được chi trả thẻ ngoại trú của daiichi không ạ,12,12,0,0,12,unknown,Trung lap,0,11,0,0,0,0/11 (0.0%),Normal,
339,REVIEW BẢO HIỂM,https://www.facebook.com/groups/hoireviewbaohiem/posts/1751951836012140/,"""ỦA? TƯỞNG NHẦM CỨ ĐỌC ĐI ĐỌC LẠI!"" 🤣💸 Đó là phản ứng cực kỳ đáng yêu của chị khách nhà em chiều nay khi mở điện thoại ra và thấy ting ting 200.000.000 VNĐ về tài khoản! Chuyện là thế này mọi người ơi: 📌 28/08: Nộp yêu cầu giải quyết quyền lợi Bảo hiểm hiểm nghèo ngay trước thềm nghỉ lễ 2/9. 📌 03/09: Bổ sung làm rõ thêm chứng từ y khoa sau kỳ nghỉ lễ. 📌 08/09 (Hôm nay): Tiền chi trả đã về thẳng tài khoản ngân hàng của chị! Trừ 4 ngày nghỉ lễ, T7, CN ra thì tốc độ xử lý của Generali phải gọi là... ""nhanh như chớp""! ⚡ Đặc biệt nhất là ban đầu, khi tra cứu thông tin hay xem trên hệ thống, ai cũng nghĩ trường hợp của chị chỉ nhận được quyền lợi Bệnh hiểm nghèo giai đoạn đầu. Nhưng với trách nhiệm của một tư vấn viên, em đã trực tiếp đồng hành, rà soát lại toàn bộ hồ sơ bệnh án và cam đoan với chị: ""Hồ sơ này chắc chắn đạt điều kiện Bệnh hiểm nghèo giai đoạn SAU!"" Và hôm nay, con số 200 TRIỆU tinh tinh về tài khoản chính là câu trả lời rõ ràng nhất. Chị khách bất ngờ đến mức không tin vào mắt mình, cứ đọc đi đọc lại tin nhắn vì không nghĩ quyền lợi lại được giải quyết nhanh và trọn vẹn đến thế! ❤️ Bảo hiểm nhân thọ không chỉ là một hợp đồng ký xong rồi để đó. Lựa chọn một công ty uy tín và một tư vấn viên luôn tận tâm, nắm vững kiến thức để bảo vệ quyền lợi tối đa cho mình mới là điều quan trọng nhất! Cảm ơn chị đã luôn tin tưởng trao gửi niềm tin cho em. Chúc chị luôn vững tâm và sớm hồi phục sức khỏe! 💪💐 Nguyễn Thảo Generali #TVTH778 #Generali #ChiTraQuyenLoiBaoHiem #QuyenLoiBenhHiemNgheo #TuVanTanTam #NhanhNhuChop",13,13,0,0,5,unknown,Spam,0,1,0,4,0,0/1 (0.0%),Normal,
340,REVIEW BẢO HIỂM,https://www.facebook.com/groups/hoireviewbaohiem/posts/1751953799345277/,"Bạn có biết? Ngoài mẹ, bố cũng được hưởng **chế độ thai sản từ BHXH**, bao gồm **ngày nghỉ chăm con** và **trợ cấp thai sản** nếu đáp ứng đủ điều kiện theo quy định. Ninh đã tổng hợp đầy đủ **số ngày được nghỉ, cách tính tiền thai sản và những lưu ý quan trọng** trong một poster để các ông bố sắp đón con có thể tra cứu nhanh. Xem thêm videos ở phần comment để hiểu rõ hơn về điều kiện để nhận quyền lợi này nhé. #CC11",10,10,0,0,3,unknown,Trung lap,0,3,0,0,0,0/3 (0.0%),Normal,
341,REVIEW BẢO HIỂM,https://www.facebook.com/groups/hoireviewbaohiem/posts/1751991079341549/,"Gần 70% người Việt sử dụng tiền tiết kiệm để phòng vệ tài chính trước rủi ro!! Bạn có tiền tiết kiệm, nhưng nếu một biến cố lớn xảy ra… số tiền đó sẽ đủ dùng trong bao lâu? Theo Báo cáo Nghiên cứu dư luận xã hội và Chính sách tiếp cận cộng đồng trong bảo hiểm nhân thọ được Hiệp hội Bảo hiểm Việt Nam (IAV) thực hiện về tư duy phòng vệ tài chính của người Việt Nam cho thấy khi gặp rủi ro, 67% người được khảo sát sẽ sử dụng tiền tiết kiệm, 53% cắt giảm chi tiêu và 39% tìm cách tăng thêm thu nhập. Điều đáng chú ý là 89% người được khảo sát cho rằng bảo hiểm nhân thọ là cần thiết trong cuộc sống, trong đó ngay cả nhóm chưa sở hữu bảo hiểm cũng có tỷ lệ 86%. Vậy tại sao nhiều người biết bảo hiểm cần thiết nhưng vẫn chưa tham gia? Vì rào cản không chỉ nằm ở việc “có tiền hay không”. Nhiều người còn e ngại thời gian đóng phí dài, ưu tiên những kênh tiết kiệm khác hoặc đơn giản là chưa cảm thấy nhu cầu đủ cấp thiết. Trong khi đó, những người đã tham gia lại quan tâm nhất đến mức phí phù hợp, uy tín doanh nghiệp, quyền lợi minh bạch, sản phẩm đúng nhu cầu và quy trình giải quyết quyền lợi nhanh chóng. Có lẽ vì vậy, câu hỏi quan trọng không phải là: “Có nên mua bảo hiểm hay không?” Mà là: “Nếu ngày mai có biến cố, tôi muốn dùng tiền tiết kiệm của mình để giải quyết hậu quả, hay đã chuẩn bị sẵn một lớp bảo vệ tài chính từ trước?” Tiết kiệm vẫn rất cần thiết. Nhưng một kế hoạch tài chính vững vàng không chỉ là tích lũy được bao nhiêu, mà còn phải tính đến mình sẽ bảo vệ những gì đã tích lũy như thế nào. Và bảo hiểm nhân thọ, khi được hiểu đúng - lựa chọn đúng - duy trì phù hợp, có thể trở thành một phần trong kế hoạch đó. --------- CÔNG BẢO HIỂM #congbaohiem #baohiemnhantho #phongthutaichinh #taichinhcanhan #TVTH322",4,4,0,0,1,unknown,Trung lap,0,1,0,0,0,0/1 (0.0%),Normal,
342,REVIEW BẢO HIỂM,https://www.facebook.com/groups/hoireviewbaohiem/posts/1751996709340986/,👉👉👉Người tham gia bảo hiểm nên làm gì khi muốn huỷ hợp đồng trước hạn? #congbaohiem #TVTH322,9,9,0,0,3,unknown,Tich cuc,2,1,0,0,0,0/3 (0.0%),Normal,
343,REVIEW BẢO HIỂM,https://www.facebook.com/groups/hoireviewbaohiem/posts/1752083085999015/,"Em cần tư vấn trợ cấp viện phí NNX - em thấy có gói 2tr5/1 năm, trợ cấp 1.8tr/1 ngày. Có gắn song song BH hiện dùng đc ko ạ? Anh/chị nào có spham trợ cấp viện phí hỗ trợ tư vấn em với ạ",10,10,0,0,16,unknown,Tich cuc,6,2,0,6,0,0/8 (0.0%),Normal,
344,REVIEW BẢO HIỂM,https://www.facebook.com/groups/hoireviewbaohiem/posts/1752370395970284/,Cho e hỏi giá trị hoàn lại này đã bao gồm phí hủy hợp đồng trước hạn chưa ạ ? Số tiền này là số tiền chính xác mình được hoàn lại phải k ạ ? E mua của MB life nhưng quyền lợi ít quá ạ. E đã đóng đến năm thứ 5 và đang có ý định hủy hợp đồng trước hạn bác nào biết tư vấn e với ạ !,6,6,0,0,23,unknown,Trung lap,7,12,0,4,0,0/19 (0.0%),Normal,
345,REVIEW BẢO HIỂM,https://www.facebook.com/groups/hoireviewbaohiem/posts/1752379132636077/,Không quan trọng hãng bảo hiểm nào ( hãng nào tốt và có sản phẩm phù hợp nhu cầu là đc ) nhu cầu của mình là nguyên về bảo vệ . Mình ở phú thọ ai làm về bên bảo hiểm và hỗ trợ nhiệt tình khi cần thì giúp mình nhé .0567.656.999,12,12,0,0,18,unknown,Spam,3,1,0,8,0,0/4 (0.0%),Normal,
346,REVIEW BẢO HIỂM,https://www.facebook.com/groups/hoireviewbaohiem/posts/1752416599298997/,"Có ai yêu cầu bảo hiểm tai nạn BIC chi trả tiền vacxin khi bị chó mèo cắn mà tiêm chủng ở Long Châu chưa ạ, cho em hỏi mình phải nộp giấy tờ gì để được hưởng vậy ạ",4,4,0,0,2,unknown,Spam,0,0,0,2,0,0/0 (0%),Normal,
347,REVIEW BẢO HIỂM,https://www.facebook.com/groups/hoireviewbaohiem/posts/1752445789296078/,"1. E đang có 1 gói BH của AIA đã đóng đc 6 năm Thời điểm đó e chưa đc tư vấn mua bệnh hiểm nghèo và thẻ sức khoẻ Trong 6 năm qua, em chưa sử dụng gì tới gói BH này. Tuy nhiên 2 năm gần đây em có phát hiện viêm gan B, đi khám và dùng thuốc kháng virus 2 năm nay Với tình trạng này thì có ảnh hưởng gì tới hợp đồng của em k ạ? Hay chỉ ảnh hưởng nếu em mua bổ sung thêm thẻ sức khoẻ và bệnh hiểm nghèo ạ? 2. Vợ em cũng có 1 HĐ của FWD chỉ có nhân thọ và cũng k có thẻ sk, tuy nhiên phần thẻ sk bên FWD không ưu việt Với phí đóng 2 HĐ hiện tại thì chúng e chưa thể cân đối tài chính để mua thêm 1 HĐ mới cho vợ E đang muốn bổ sung thẻ sk AIA cho vợ gắn vào HĐ của em Xin ac góp ý giúp ạ, e cảm ơn",18,18,0,0,11,unknown,Tich cuc,7,1,0,3,0,0/8 (0.0%),Normal,
348,REVIEW BẢO HIỂM,https://www.facebook.com/groups/hoireviewbaohiem/posts/1752460885961235/,"🆘 MUA BẢO HIỂM NHÂN THỌ, ĐIỀU MỌI NGƯỜI SỢ NHẤT LÀ GÌ?” Không phải sợ đóng phí nhiều. Mà là đóng đều nhiều năm rồi đến lúc cần lại không được chi trả. Mình làm bảo hiểm nhiều năm và nhận ra một điều rất thú vị: 👉 Người chưa mua bảo hiểm thường hỏi: “Mỗi năm đóng bao nhiêu?” 👉 Người đã từng nằm viện, từng chứng kiến người thân bệnh nặng lại hỏi: “Nếu chẳng may có chuyện, tôi được nhận bao nhiêu?” 👉 Còn người đã hiểu bảo hiểm thì thường hỏi: “Điều khoản nào được chi trả? Trường hợp nào bị loại trừ?” Và theo mình, đây mới là 3 câu hỏi quan trọng nhất trước khi ký một hợp đồng. Bảo hiểm nhân thọ không phải sản phẩm để mua vì sợ. Nó là một kế hoạch tài chính để nếu một ngày cuộc sống xảy ra điều mình không mong muốn, gia đình vẫn còn tiền để tiếp tục cuộc sống. Vì vậy, đừng chỉ hỏi: ❌ Công ty nào rẻ nhất? ❌ Phí thấp nhất là bao nhiêu? ❌ Đại lý nào tặng nhiều quà? Hãy hỏi: ✅ Nếu tôi tử vong, gia đình nhận được bao nhiêu? ✅ Nếu tôi mắc bệnh nghiêm trọng, tôi có bao nhiêu tiền để điều trị và nghỉ việc? ✅ Nếu nằm viện, quyền lợi thực tế là gì? ✅ Những trường hợp nào không được chi trả? ✅ Sau 10–20 năm, tôi đang có một kế hoạch tài chính như thế nào? Bảo hiểm tốt không phải là hợp đồng có nhiều quyền lợi nhất. Mà là hợp đồng phù hợp nhất với khả năng tài chính và điều gia đình mình thực sự cần bảo vệ. 💬 Cho mình hỏi thật một câu để cùng bàn luận: Nếu hôm nay phải dành 10% thu nhập một năm cho một kế hoạch bảo vệ, bạn sẽ ưu tiên bảo vệ điều gì nhất: 1️⃣ Thu nhập của chính mình 2️⃣ Sức khỏe 3️⃣ Con cái 4️⃣ Khoản tiền cho gia đình nếu mình không còn? Mình rất muốn mọi người cùng đưa ra ý kiến về điều gì mà bạn quan tâm nhất khi mua bảo hiểm. 👇 #RVBH183",3,3,0,0,0,,,0,0,0,0,0,0/0 (0%),Normal,
349,REVIEW BẢO HIỂM,https://www.facebook.com/groups/hoireviewbaohiem/posts/1752463462627644/,Mình muốn mua thẻ sức khoẻ độc lập cho bé 27 tháng. Mn báo chi phí giúp mình với ạ.,19,19,0,0,33,health,Spam,0,5,0,19,0,0/5 (0.0%),Normal,
350,REVIEW BẢO HIỂM,https://www.facebook.com/groups/hoireviewbaohiem/posts/1752464572627533/,Anh chị làm SunLife tư vấn giúp em ạ. Em có hợp đồng SUN SỐNG MỚI cũ mua năm 2023. Giờ muốn mua thêm thẻ Sống chất 2.0 nước nội trú và nước ngoại trú cho bé 4 tuổi vào cùng hợp đồng cũ có được ko ạ?,6,6,0,0,11,unknown,Tich cuc,4,2,0,4,0,0/6 (0.0%),Normal,
351,REVIEW BẢO HIỂM,https://www.facebook.com/groups/hoireviewbaohiem/posts/1752466129294044/,Mình cần tư vấn BH Daiichi cho bé 11 months,27,27,0,0,51,unknown,Spam,8,3,0,28,0,0/11 (0.0%),Normal,
352,REVIEW BẢO HIỂM,https://www.facebook.com/groups/hoireviewbaohiem/posts/1752483949292262/,"LÀ 1 NGƯỜI MẸ CÓ CON TỪNG HAY ỐM VẶT Bé nhà mình sinh non đúng dịp covid nên hô hấp yếu, con thường xuyên đi viện khám mũi họng, viêm phổi, phế quản cấp. Năm 2024 - 2025 tháng nào cũng báo cty quyền lợi ngoại trú Cảm giác đi viện chăm con mệt, lại còn phải chờ đợi thanh toán, xếp hàng lấy giấy tờ làm bồi thường thì thật sự oải. Nên là mình thường chọn bv có bảo lãnh giống nhiều ba mẹ trong group Và với vai trò Admin của nhiều hội nhóm bảo hiểm, mình thường xuyên thấy câu hỏi giống nhau: ""Sao em có thẻ mà vẫn không được bảo lãnh?"", ""Chị ơi bị từ chối rồi giờ sao?"". ""Mai em cho con đi khám cần lưu ý gì không?... Nên hôm nay Ad ghi lại mấy điều cơ bản về bảo lãnh, khách hàng nhớ lưu lại khi cần nha (chi tiết dưới ảnh) 1. Khám đúng chỗ: Bệnh viện/phòng khám phải nằm trong hệ thống liên kết với hãng bảo hiểm. 2. Thẻ còn hiệu lực + mang đủ giấy tờ: CCCD + thẻ bảo hiểm (cứng hoặc app điện tử). Thiếu 1 trong 2 là nhân viên tiếp nhận không có cơ sở xử lý, đừng trách họ. 3. Bệnh phải thuộc phạm vi bảo hiểm: Không nằm trong thời gian chờ, không phải bệnh có sẵn chưa khai báo, không thuộc điều khoản loại trừ. Cái này nằm trong hợp đồng, đọc kỹ trước khi cần dùng đến, đừng đợi lúc nằm viện mới lật ra đọc. Và quan trọng nhất: 1. Liên hệ tư vấn viên của mình TRƯỚC khi nhập viện/khám bệnh để được hỗ trợ kịp thời. Đừng đợi đến lúc ở quầy tiếp nhận rồi mới gọi cầu cứu. 2. Chủ động tìm hiểu trước hồ sơ, thủ tục cần chuẩn bị cho đúng gói bảo hiểm mình đang có. ➜ Chuẩn bị kỹ 1 lần, đỡ mất công cãi nhau ngay lúc mình đang mệt và cần nghỉ ngơi nhất. Bảo hiểm không phải phép màu, nó là hợp đồng - mà đã là hợp đồng thì phải hiểu quyền lợi và điều kiện của mình. Cần hỗ trợ anh chị đăng bài trực tiếp hoặc inbox admin kết nối đến tư vấn viên gần mình nha Chia sẻ từ admin: Trộm vía bé nhà mình qua 3 tuổi đỡ ốm, qua 1 tuổi say bye với đi viện #Admin #baolanhvienphi",4,4,0,0,0,,,0,0,0,0,0,0/0 (0%),Normal,
353,REVIEW BẢO HIỂM,https://www.facebook.com/groups/hoireviewbaohiem/posts/1752497109290946/,"“Một chiếc áo sản xuất 200.000 đồng, bán 2 triệu là chuyện bình thường. Vậy một hợp đồng bảo hiểm nhân thọ thì sao? Doanh nghiệp muốn thu bao nhiêu cũng được à?” Đây có lẽ là một trong những điều mà rất nhiều người từng thắc mắc nhưng chưa thật sự tìm hiểu. 1/ BẢO HIỂM KHÔNG PHẢI “MUỐN RA GIÁ BAO NHIÊU THÌ RA” Với một chiếc áo, doanh nghiệp có thể tự quyết định giá bán dựa trên chi phí, thương hiệu, thị trường… Nhưng với bảo hiểm nhân thọ, câu chuyện khác. Đây là ngành nghề kinh doanh có điều kiện và chịu sự quản lý của Nhà nước. Phương pháp tính phí, cơ sở tính phí của sản phẩm phải tuân thủ quy định quản lý trước khi đưa ra thị trường. Nói đơn giản: Không phải doanh nghiệp muốn đặt mức phí thế nào cũng được. 2/ “KÝ RỒI MỚI BIẾT MÌNH CÓ MUA NHẦM KHÔNG?” - KHÔNG HẲN. Một hợp đồng bảo hiểm có thể kéo dài hàng chục năm. Vì vậy, luật có quy định về thời gian cân nhắc hợp đồng 21 ngày, tạo cơ hội để khách hàng đọc lại hợp đồng, kiểm tra quyền lợi, nghĩa vụ và quyết định có tiếp tục hay không. Điều này rất quan trọng. Bởi một quyết định tài chính dài hạn không nên chỉ được đưa ra trong vài phút nghe tư vấn. 3/ CÒN CHUYỆN KHAI SỨC KHỎE? Đây lại là một điểm khiến nhiều người “đau đầu” khi tham gia bảo hiểm. “Bệnh này có phải khai không?” “Bị từ 5 năm trước có cần khai không?” “Khám một lần ở bệnh viện có phải ghi vào hồ sơ không?” Các quy định mới đã làm rõ hơn về nội dung thông tin sức khỏe cần kê khai, các câu hỏi, triệu chứng và giới hạn thời gian cần khai báo. Điều này giúp khách hàng hiểu rõ hơn mình cần cung cấp thông tin gì, thay vì rơi vào tình trạng: “Tôi tưởng không cần khai…” Trong bảo hiểm, kê khai trung thực và đầy đủ ngay từ đầu là một trong những việc quan trọng nhất để bảo vệ chính quyền lợi của mình về sau. 4/ VÀ CẢ LỜI TƯ VẤN CŨNG CÓ THỂ ĐƯỢC LƯU LẠI Bạn thử tưởng tượng: Một bên nói: “Quyền lợi của anh/chị là như thế này…” Một bên vài năm sau lại nói: “Không, lúc đó tôi không được tư vấn như vậy.” Nếu không có dữ liệu, rất khó xác định điều gì thực sự đã xảy ra. Vì vậy, đối với một số sản phẩm bảo hiểm liên kết đầu tư, quy định yêu cầu ghi âm quá trình tư vấn và doanh nghiệp có trách nhiệm lưu trữ dữ liệu theo quy định. Điều này không chỉ để bảo vệ doanh nghiệp. Mà còn là một cơ sở để bảo vệ khách hàng khi phát sinh tranh chấp về quá trình tư vấn. 5/ NHƯNG CÓ MỘT ĐIỀU QUAN TRỌNG HƠN CẢ… Luật có thể chặt chẽ. Doanh nghiệp có thể có quy trình. Hệ thống có thể có rất nhiều lớp kiểm soát. Nhưng cuối cùng, niềm tin của khách hàng vẫn được tạo ra từ cách một hợp đồng được tư vấn ngay từ ngày đầu tiên. Một tư vấn viên tốt không chỉ nói: “Quyền lợi của anh/chị là 1 tỷ/bệnh.” Mà phải nói cả: + Điều kiện nào để được chi trả? + Trường hợp nào bị loại trừ? + Đóng phí bao lâu? + Nếu dừng giữa chừng thì chuyện gì xảy ra? Bởi bảo hiểm nhân thọ không phải món hàng mua hôm nay, dùng vài tháng rồi đổi sản phẩm khác. Đó là một cam kết tài chính dài hạn. Hiểu đúng và chọn lựa tư vấn viên có tâm trước khi tham gia - chính là cách tốt nhất để bảo vệ niềm tin của mình sau này. CÔNG BẢO HIỂM - 0966 493 122 [#congbaohiem](https://www.facebook.com/hashtag/congbaohiem?__cft__[0]=AZimEY1KKjbW1PKP1ALzr9hl1vIJpQeTrHzbo5xXBJS47Q57e_QPO2G1PLonrcp6pkJrEwGcTYpSYbG0TvxYx4o5z9z92UYoIucDILh0710cUDdGpoqKxXa5civK5xf1XZ4aqlXuoug&__tn__=*NK-R) #TVTH322",6,6,0,0,0,,,0,0,0,0,0,0/0 (0%),Normal,
354,REVIEW BẢO HIỂM,https://www.facebook.com/groups/hoireviewbaohiem/posts/1752500682623922/,"**Có nên “thử” mua một gói bảo hiểm nhân thọ nhỏ trước, rồi sau này mới mua gói lớn?** Hôm trước, một cậu em nhắn tin hỏi Công câu này. Cậu ấy bảo: *“Bảo hiểm là cam kết dài hạn, đóng mấy chục năm. Giờ kinh tế chưa quá thoải mái, em mua gói nhỏ trước để ‘trải nghiệm’ dịch vụ bên anh xem sao, sau này giàu hơn thì mua gói bự được không?""* Câu trả lời của Công luôn là: **HOÀN TOÀN ĐƯỢC, nhưng cần hiểu luật chơi để không bị thiệt.** Thực ra, việc bắt đầu bằng một gói nhỏ là một giải pháp rất khôn ngoan cho những ai còn đắn đo. Nó giúp bạn: **+ Không bị áp lực tài chính:** Phí đóng nhẹ nhàng, không ảnh hưởng đến sinh hoạt phí hằng ngày **+ Được trải nghiệm thực tế:** Xem cách Công và công ty chăm sóc bạn ra sao, quy trình bồi thường có nhanh gọn như lời đồn hay không. Sau này nâng cấp lên gói lớn cũng an tâm hơn. **NHƯNG, có 2 cái ""BẪY"" mà thời gian sẽ lấy đi của bạn:** **1/ Tuổi càng cao, phí càng đắt**: Phí bảo hiểm nhân thọ được tính dựa trên độ tuổi. Năm nay bạn mua gói nhỏ phí rất rẻ. Nhưng 3-5 năm sau bạn muốn mua gói lớn, lúc đó tuổi đã tăng, số tiền bạn phải bỏ ra cho cùng một quyền lợi sẽ cao hơn rất nhiều. **2/ Rủi ro lớn nhất - SỨC KHỎE**: Bảo hiểm chỉ bán khi bạn chưa cần. Nếu trong vài năm “trải nghiệm” đó, sức khỏe của bạn chẳng may giảm sút hoặc xuất hiện bệnh lý, công ty bảo hiểm có thể sẽ tăng phí, loại trừ bệnh hoặc thậm chí **TỪ CHỐI** bán gói lớn cho bạn. Lúc đó, muốn mua thêm cũng đã muộn. **Lời khuyên của Công :** Nếu tài chính chưa dư dả, hãy cứ bắt đầu bằng một gói nhỏ để bảo vệ những rủi ro cơ bản trước (tai nạn, viện phí). Thà có một chiếc ô nhỏ còn hơn đứng dưới mưa mà không có gì. Khi thu nhập tốt lên, việc gia tăng quyền lợi chưa bao giờ là muộn! 👇 Công có để sẵn hình ảnh các gói bảo hiểm từ nhỏ đến lớn bên dưới để mọi người tiện tham khảo dòng tiền và quyền lợi. Nếu bạn cũng đang muốn ""trải nghiệm"" một giải pháp an tâm cho bản thân, đừng ngại nhắn tin ngay cho Công để thiết kế một phương án vừa vặn nhất với túi tiền hiện tại nhé! ❤️ ----------- CÔNG BẢO HIỂM - 0966 493 122 #congbaohiem #TVTH322 #baohiemnhantho #baohiemsuckhoe",5,5,0,0,1,unknown,Trung lap,0,1,0,0,0,0/1 (0.0%),Normal,
355,REVIEW BẢO HIỂM,https://www.facebook.com/groups/hoireviewbaohiem/posts/1752556512618339/,1. Em đang dùng thẻ sức khoẻ cho bé nhà AIA đồng chi trả 80-20 hạn mức nâng cao Em có nguyện vọng nằm vinmec/hồng ngọc thì em nên mua thêm thẻ rời nào để k phải bù thêm tiền ạ 2. AIA có bảo lãnh tại các viện Nhi TW Vin Hồng ngọc k ạ?,11,11,0,0,22,unknown,Spam,6,4,0,9,0,0/10 (0.0%),Normal,
356,REVIEW BẢO HIỂM,https://www.facebook.com/groups/hoireviewbaohiem/posts/1752572705950053/,"Cần tham khảo bảo hiểm cho nam, 27 tuổi, khám ra tiền gout (2 năm trước) ko điều trị dài hạn vì ko tái phát, bị viêm da đầu. Phân vân AIA và Gen Có thể sẽ kiểm tra lại hay là sẽ loại trừ luôn gout và những thứ liên quan ạ? Bên nào thẩm định đỡ gắt hơn Ai là khách hàng mua rồi cho mình xin review với ạ",19,19,0,0,51,unknown,Spam,6,16,0,21,0,0/22 (0.0%),Normal,
357,REVIEW BẢO HIỂM,https://www.facebook.com/groups/hoireviewbaohiem/posts/1752577069282950/,"**‼️Lời khuyên cho người mua bảo hiểm nhân thọ khi đọc hợp đồng để không bị ""choáng""** **#congbaohiem**** ****#TVTH322**",5,5,0,0,0,,,0,0,0,0,0,0/0 (0%),Normal,
358,REVIEW BẢO HIỂM,https://www.facebook.com/groups/hoireviewbaohiem/posts/1752578189282838/,"**Tiền viện phí không đáng sợ bằng cảm giác phải tự mình xoay xở khi đang nằm viện.** Một khách hàng nam 49 tuổi điều trị **tăng huyết áp vô căn, đau đầu cấp và tăng lipid máu hỗn hợp.** Tổng chi phí điều trị: **17.372.068 đồng.** Trong đó, Dai-ichi **bảo lãnh trực tiếp** 1**5.732.068 đồng.** Nghe con số 15 triệu có vẻ không quá lớn, nhưng thử đổi góc nhìn một chút… Nếu khoản tiền ấy đến đúng lúc mình đang có rất nhiều thứ phải lo: tiền nhà, tiền học của con, tiền sinh hoạt, công việc phải tạm gác lại… **thì 15 triệu đó không chỉ là tiền viện phí.** Nó là một phần áp lực được san sẻ. Đó cũng là lý do Công luôn nói với khách hàng: **Bảo hiểm sức khỏe không phải để mình mong có ngày sử dụng.** **Mà là để nếu một ngày cần sử dụng, mình không phải tiếc vì ngày trước đã không chuẩn bị.** 📌 Một khoản dự phòng cho sức khỏe hôm nay có thể trở thành một khoảng thở rất lớn cho cả gia đình ngày mai. **Công Bảo Hiểm | 0966 493 122** #congbaohiem #TVTH322",8,8,0,0,2,unknown,Tich cuc,1,0,0,0,0,0/1 (0.0%),Normal,
359,REVIEW BẢO HIỂM,https://www.facebook.com/groups/hoireviewbaohiem/posts/1752587199281937/,"Chào mọi người, mình muốn lan tỏa một chút niềm vui của bản thân và đồng thời gửi lời cảm ơn chân thành đến bạn tư vấn đã hỗ trợ mình trong quá trình kê khai bổ sung hồ sơ bảo hiểm. Cuối năm 2023, mình tham gia bảo hiểm Dai-ichi. Trên VssID của mình có thể hiện một số thông tin tiền sử khám chữa bệnh như: viêm gan B thể không hoạt động, u máu gan, trào ngược dạ dày, hội chứng ruột kích thích và viêm đại tràng. Thời điểm làm hồ sơ, mình đã không để ý kỹ đến phần kê khai sức khỏe trong hợp đồng. Mình cứ nghĩ đơn giản rằng mình đã chụp và gửi đầy đủ thông tin trên VssID cho bên bảo hiểm thì như vậy là được (HĐ của mình bị loại trừ viêm gan b, viêm đại tràng và biến chứng, di chứng liên quan). Đến sau này, khi có em bé, mình bắt đầu quan tâm đến bảo hiểm nhiều hơn, mình mới lấy HĐ ra đọc kỹ và phát hiện mình đã bỏ sót thông tin về hội chứng ruột kích thích, trào ngược dạ dày và u máu gan. Lúc đó mình thực sự rất lo vì kê khai thiếu, mà lại là việc trong gan mình có 1 khối u. Mình cứ nghĩ nếu sau này chẳng may mắc một bệnh nghiêm trọng nào đó, công ty bảo hiểm xác minh lại và cho rằng mình đã kê khai không trung thực thì quyền lợi bảo hiểm của mình có thể bị ảnh hưởng, trong khi thực tế mình hoàn toàn không có ý định giấu thông tin. Mặt khác, nếu kê khai mà công ty cắt luôn HĐ của mình thì sao??? Nói chung là mình rất mông lung, mơ hồ và hoang mang :( Riêng thông tin viêm đại tràng: đây là chẩn đoán sơ bộ của bác sĩ sau một lần mình siêu âm, nhưng sau đó 2 năm, mình đi nội soi thì không được chẩn đoán viêm đại tràng. Mình đã đi hỏi khá nhiều người về việc có thể kê khai bổ sung và xin điều chỉnh lại hồ sơ hay không. Nhưng mình nhận được khá nhiều câu trả lời rằng án tại hồ sơ rồi thì gần như không sửa được đâu, khiến mình càng lo hơn. Cho đến khi mình gặp chị Cao Thị Linh Chị Linh đã kiên nhẫn tư vấn, giải thích cho mình và hướng dẫn mình cách xin lại hồ sơ khám bệnh trước đây, rà soát lại toàn bộ thông tin và chuẩn bị hồ sơ, văn bản giải trình để gửi bộ phận thẩm định xem xét. Và bùm bùmmmmm: hồ sơ của mình đã được công ty bảo hiểm chấp thuận bỏ loại trừ bệnh viêm đại tràng, tiếp nhận thông tin kê khai bổ sung, loại trừ u máu gan. Cảm ơn chị Linh rất nhiều nhaaaaaaaaaaaa!!!! Đồng thời, mình cũng hy vọng câu chuyện của mình có thể giúp những bạn bị kê khai thiếu mạnh dạn kê khai bổ sung thông tin sức khỏe, tối có thể kê cao gối ngủ ngon nha. Một lần nữa, cảm ơn chị Linh vì đã đồng hành cùng mình đến khi có kết quả <333",18,18,0,0,19,unknown,Tich cuc,14,4,1,0,0,1/19 (5.3%),Normal,
360,REVIEW BẢO HIỂM,https://www.facebook.com/groups/hoireviewbaohiem/posts/1752630025944321/,"Niềng răng Các bác tư vấn giúp em loại thẻ sk nào chi trả cho việc niềng răng cho trẻ em với ạ, cháu nhà em đã có 1 hđ bhnt bên cathay ạ, em cảm ơn.",5,5,0,0,9,unknown,Trung lap,1,8,0,0,0,0/9 (0.0%),Normal,
361,REVIEW BẢO HIỂM,https://www.facebook.com/groups/hoireviewbaohiem/posts/1752672682606722/,"E tài chính có hạn nhưng sợ là gánh nặng cho người ở lại nên muốn tham khảo AC cho e xin lời khuyên ạ E nữ 30 tuổi, sức khoẻ hiện tại tốt k bệnh lý chưa khám chữa gì ạ Có gói nào tầm 10-12tr đủ quyền lợi cơ bản 2 nhà gen,aia k ạ",25,25,0,0,43,unknown,Spam,2,4,0,22,0,0/6 (0.0%),Normal,
362,REVIEW BẢO HIỂM,https://www.facebook.com/groups/hoireviewbaohiem/posts/1752698502604140/,"dạ cho em hỏi chút các tvv của Daiichi ơi em đi khám trị mụn mặt ở da liễu Hà Nội, khám lấy thuốc mang về thì ngoại trú Daiichi có chi trả không ạ?",8,8,0,0,9,unknown,Trung lap,0,5,0,4,0,0/5 (0.0%),Normal,
363,REVIEW BẢO HIỂM,https://www.facebook.com/groups/hoireviewbaohiem/posts/1752714755935848/,m.n ơi. e mua bh mà e bị thiếu máu do thiếu sắt thì sẽ bị loại trừ những gì ạ,12,12,0,0,22,unknown,Trung lap,4,8,0,8,0,0/12 (0.0%),Normal,
364,REVIEW BẢO HIỂM,https://www.facebook.com/groups/hoireviewbaohiem/posts/1752719185935405/,Mình cần mua BHSK cho bản thân và không kèm BHNT vì mình đã có hợp đồng bên khác. Nhờ các bạn/anh/chị tư vấn.,15,15,0,0,16,health,Tich cuc,4,0,1,4,0,1/5 (20.0%),Normal,
365,REVIEW BẢO HIỂM,https://www.facebook.com/groups/hoireviewbaohiem/posts/1752772065930117/,"33: NẾU NGÀY MAI BẤT NGỜ NHẬP VIỆN, CẦN 50–100 TRIỆU… GIA ĐÌNH BẠN LẤY TIỀN Ở ĐÂU? 💭 Rút tiền tiết kiệm? Vay người thân? Dùng khoản tiền dành cho kế hoạch khác? Không ai mong bệnh tật xảy ra. Nhưng chi phí y tế bất ngờ có thể ảnh hưởng đến kế hoạch tài chính của cả gia đình. 💡 Thẻ Sức Khỏe là một giải pháp giúp hỗ trợ chi trả các chi phí y tế đủ điều kiện, theo phạm vi quyền lợi, hạn mức, loại trừ và Quy tắc & Điều khoản của sản phẩm đã tham gia. Điều quan trọng không phải là mong được dùng đến bảo hiểm, mà là chủ động chuẩn bị trước khi mình cần đến nó. ❤️ 👉 Bạn đã có khoản dự phòng cho một lần nhập viện bất ngờ chưa? MDRT Lưu Đường Quỳnh – Quỳnh Lucky ☎️ 0902.148.126 Thông tin mang tính tham khảo. Mức chi trả thực tế phụ thuộc quyền lợi tham gia, hồ sơ và Quy tắc & Điều khoản Generali áp dụng cho hợp đồng. #quynhluckybaohiem #baohiemnhantho #GeneraliVietnam #CC01",3,3,0,0,0,,,0,0,0,0,0,0/0 (0%),Normal,
366,REVIEW BẢO HIỂM,https://www.facebook.com/groups/hoireviewbaohiem/posts/1752772215930102/,"# **47 TRIỆU TỪ QUYỀN LỢI BỊ BỎ QUÊN** KH tham gia Manulife, năm 2022 không may gãy chân (gãy xương mác) nhưng do không biết mình có QL thương tật do tai nạn nên đã *bỏ sót quyền lợi này không claim.* 🍀 Đến 2026 (sau gần 4 năm), tình cờ trong khi liên hệ với Vân để nhờ tư vấn sản phẩm AIA, *KH phát hiện ra và nhờ Vân hỗ trợ claim ca này.* **Cái khó của ca này nằm ở 2 điểm:** * Nút thắt 1: QL Tai nạn của Man KHÔNG CÓ liệt kê chi trả ""*gãy xương mác*"" * Nút thắt 2: Sự kiện BH đã trôi qua gần 4 năm (trong khi quy định yêu cầu claim trong vòng *12 tháng*). Tức là vừa phải giải quyết câu chuyện **“đưa gãy xương mác về phạm vi quyền lợi”**, vừa phải giải quyết câu chuyện **“kiến nghị nhà bảo hiểm xem xét dù claim đã quá hạn 3 năm”. **Khó chồng khó** **😓 🍀 Khi nhận hỗ trợ, Vân đã *tra cứu xem xét thật kĩ về điều khoản*, tìm ra những *điểm có lợi trong hồ sơ y tế* của KH, đồng thời *nghiên cứu các tài liệu về y học về giải phẫu cơ thể người *để có đủ năng lực làm 1 **đơn tường trình thật chi tiết** cho KH - lá đơn dài 2 trang nhưng chắc nịch từng câu từng chữ. Kết quả tuyệt vời chỉ sau 4 ngày, Manulife đã chấp thuận chi trả QL bỏ quên gần 4 năm này => **chi trả trọn vẹn 47.5tr cho KH**. Cả TVV và KH đều mừng rơnnnn 🎉 > Qua đây 1 lần nữa phải nhấn mạnh **tầm quan trọng của việc lựa chọn TVV** khi tham gia BH. TVV chắc nghiệp vụ và tận tâm sẽ giúp KH rà soát cẩn thận tránh bỏ sót quyền lợi, và hỗ trợ KH trong 1 chặng đường rất dài có thể phát sinh những tình huống khó đoán định trước. KH có thể bấm hashtag #gdd7 để xem thêm cách làm việc uy tín & trách nhiệm của Vân ✅ Trong nhiều năm làm nghề điều tự hào nhất không phải những danh hiệu đã đạt được mà là tỉ lệ 100% bồi thường thành công (Vân chưa từng để 1 KH nào bị từ chối bồi thường vô lý). Rất mong có duyên đồng hành với thật nhiều KH ♥️",55,55,0,0,24,unknown,Tich cuc,16,4,0,3,0,0/20 (0.0%),Normal,
367,REVIEW BẢO HIỂM,https://www.facebook.com/groups/hoireviewbaohiem/posts/1752779982595992/,M muốn hỏi về bh bảo minh Có bh thai sản ko ạ,14,14,0,0,9,health,Spam,0,2,0,4,0,0/2 (0.0%),Normal,
368,REVIEW BẢO HIỂM,https://www.facebook.com/groups/hoireviewbaohiem/posts/1752791982594792/,"Chuyện lúc nửa đêm, KH cần lúc nào, chị Minh vẫn sẵn sàng lôi điều khoản ra để xem 12h đêm đi khám thì nhận QL gì 🤭 #TVTH680",11,11,0,0,5,unknown,Trung lap,0,5,0,0,0,0/5 (0.0%),Normal,
369,REVIEW BẢO HIỂM,https://www.facebook.com/groups/hoireviewbaohiem/posts/1752813949259262/,"THÔNG BÁO MỞ GHI DANH TƯ VẤN VIÊN THÁNG 9 Tính đến hết tháng 8/2026, Review Bảo Hiểm đã chào đón 67.173 thành viên trên toàn quốc. Chỉ riêng tháng vừa qua, cộng đồng ghi nhận: • 729 bài viết • Hơn 1.470 thành viên mới gia nhập • 13.434 bình luận trao đổi về sản phẩm, bồi thường và nghiệp vụ, tăng 39%. • Lượt cảm xúc, tăng 20%, cho thấy các nội dung ngày càng nhận được nhiều sự quan tâm từ cộng đồng. Đối với BQT, đây không chỉ là những con số. Điều đáng mừng hơn là Review Bảo Hiểm vẫn giữ vững định hướng chất lượng hơn số lượng. Mỗi bài viết đều được kiểm duyệt trước khi hiển thị. Mỗi bình luận tư vấn sản phẩm đều áp dụng quy trình ghi danh nhằm giúp khách hàng tiếp cận đúng người, đúng thông tin và hạn chế tình trạng spam, sao chép hoặc tư vấn thiếu trách nhiệm. Vì vậy, BQT tiếp tục mở ghi danh Tư vấn viên tháng 9 dành cho những anh chị em mong muốn xây dựng hình ảnh chuyên nghiệp và đồng hành lâu dài cùng khách hàng. Vì sao cần ghi danh? • Giúp khách hàng dễ dàng kết nối được với những TVV có thông tin minh bạch, rõ ràng. • Nâng cao chất lượng tư vấn trong cộng đồng. • Hạn chế tình trạng giả mạo, spam hoặc sử dụng mã ghi danh không hợp lệ. • Xây dựng môi trường làm nghề chuyên nghiệp, lấy quyền lợi khách hàng làm trọng tâm. • Tư vấn viên có cơ hội tham gia các hoạt động, dự án và chương trình kết nối do BQT tổ chức. Thông tin chi tiết về quyền lợi, quy định ghi danh và cách đăng ký: vui lòng quét mã QR trên poster hoặc xem đường link dưới phần bình luận. Review Bảo Hiểm sẽ tiếp tục phát triển theo định hướng chất lượng hơn số lượng, để mỗi bài viết, mỗi bình luận và mỗi cuộc kết nối đều mang lại giá trị thực sự cho khách hàng. Hẹn gặp anh chị em trong danh sách TVV ghi danh tháng 9.",6,6,0,0,2,unknown,Trung lap,0,1,0,1,0,0/1 (0.0%),Normal,
370,REVIEW BẢO HIỂM,https://www.facebook.com/groups/hoireviewbaohiem/posts/1752818592592131/,5 quyền lợi nổi bật của thẻ sức khỏe AIA Nay Ninh xin phép được truyền tải theo một phiên bản hơi nhiều tính giải trí 😂 #CC11,6,6,0,0,0,,,0,0,0,0,0,0/0 (0%),Normal,
371,REVIEW BẢO HIỂM,https://www.facebook.com/groups/hoireviewbaohiem/posts/1752866932587297/,"𝐌𝐎̣̂𝐓 𝐂𝐀 Đ𝐎̂̉𝐈 𝐍𝐆𝐔̛𝐎̛̀𝐈 𝐓𝐇𝐔̣ 𝐇𝐔̛𝐎̛̉𝐍𝐆 𝐏𝐇𝐔́𝐓 𝐂𝐇𝐎́𝐓 — 𝐕𝐀̀ 𝐋𝐎̛̀𝐈 𝐂𝐀̉𝐍𝐇 𝐓𝐈̉𝐍𝐇 𝐃𝐀̀𝐍𝐇 𝐂𝐇𝐎 𝐓𝐀̂́𝐓 𝐂𝐀̉ 𝐂𝐇𝐔́𝐍𝐆 𝐓𝐀 Trong thời gian vừa qua, Thanh cùng luật sư Kim Ngân đã trực tiếp đồng hành, theo sát một ca khách hàng liên quan đến việc thay đổi người thụ hưởng hợp đồng bảo hiểm nhân thọ. Có nhiều chi tiết trong quá trình xử lý mình chưa tiện chia sẻ. Nhưng hôm nay, mình muốn kể lại toàn bộ câu chuyện — không phải để bàn tán, mà để mỗi anh chị trong group, những người đang có hoặc đang tư vấn hợp đồng bảo hiểm, rút ra được một bài học quan trọng cho chính mình. Câu chuyện bắt đầu từ năm 2022. Người chồng tham gia hợp đồng bảo hiểm nhân thọ. Người tư vấn, lập hồ sơ khi đó là chị gái ruột của người chồng là tvv tại nhà M. Và khi đó người được chỉ định làm người thụ hưởng, tỷ lệ 100%, là con trai của hai vợ chồng. Một quyết định của một người cha đang hoàn toàn khỏe mạnh, dành cho con mình. Suốt nhiều năm sau đó, người vợ chưa từng nghe chồng nhắc đến việc thay đổi điều này. Đầu năm nay, người chồng đổ bệnh — ung thư máu tái phát vào hệ thần kinh trung ương, một trong những dạng bệnh diễn tiến nhanh và nặng nhất. Chỉ trong vài tháng, tình trạng sức khỏe của anh đi xuống theo từng đợt nhập viện: tháng 2 còn tự đi lại được, đến tháng 3 đã yếu hai chân, đến tháng 5 thì liệt cả hai tay. Đầu tháng 5, khi tay phải anh gần như bất động, số điện thoại anh vẫn dùng để giao dịch với công ty bảo hiểm — số đăng ký chính thức trên hợp đồng — bị người nhà đổi sang số khác với lý do phong thủy. Anh xin lại không được. Ngày hôm sau, bằng tay trái, anh tự gọi cho tư vấn viên xin cập nhật số mới. Câu trả lời: cần hồ sơ, cần chữ ký trực tiếp. Nhưng lúc đó, anh đã không còn ký được nữa. Một tháng sau, chỉ ba ngày trước khi anh qua đời, hệ thống công ty bảo hiểm ghi nhận một đơn thay đổi người thụ hưởng — từ con trai, chuyển sang bố anh. Thời điểm đó, theo hồ sơ bệnh án, anh đã liệt tứ chi, không nói được, không tự thực hiện được bất kỳ sinh hoạt cá nhân nào. Người vợ chỉ biết đến tờ đơn này sau khi chồng đã mất, khi đi làm thủ tục yêu cầu chi trả cho con. Gia đình tìm đến mình và luật sư Kim Ngân. Hai buổi làm việc trực tiếp với công ty bảo hiểm diễn ra. Có thời điểm phía gia đình nội đề nghị hỗ trợ tài chính cho hai cháu, sau đó đề nghị không được thực hiện. Cũng có thông tin về việc tồn tại video và giấy viết tay liên quan đến quá trình ký. Nhưng đến hôm nay, gia đình người vợ vẫn chưa được xem bất kỳ tài liệu cụ thể nào. Và sau đúng một tuần, công ty bảo hiểm ra quyết định: chi trả cho người thụ hưởng mới. Một người phụ nữ trẻ, giờ một mình nuôi hai con nhỏ, đứa bé nhất mới 3 tuổi, mất luôn khoản bảo hiểm mà chính chồng mình đã chủ động dành cho con từ bốn năm trước. Mình không kể lại câu chuyện này để kết luận thay tòa án hay thay công ty bảo hiểm. Mình đặt lại vài câu hỏi, để mỗi anh chị tự suy ngẫm: Một người liệt tứ chi, không tự chủ được cả vệ sinh cá nhân, chỉ ba ngày trước khi qua đời — liệu có đủ khả năng thể chất để tự mình ký một văn bản có giá trị pháp lý? Và nếu có chữ ký, người đó có thực sự hiểu mình đang ký vào loại giấy tờ gì? Quyết định của công ty bảo hiểm hôm nay không phải là kết luận cuối cùng. Gia đình vẫn đang tiếp tục đi tìm sự thật, kể cả khi phải đưa vụ việc ra tòa. Mình và luật sư Kim Ngân sẽ tiếp tục đồng hành cùng người vợ trên hành trình đó. Và đây là điều mình muốn nhắn gửi đến tất cả anh chị trong group hôm nay: Câu chuyện này không phải là chuyện của riêng ai. Bất kỳ ai trong chúng ta đang sở hữu một hợp đồng bảo hiểm nhân thọ, đều nên dừng lại, dành 5 phút, kiểm tra lại thông tin người thụ hưởng của mình ngay hôm nay: Người thụ hưởng hiện tại trên hợp đồng của bạn là ai — có đúng với mong muốn thực sự của bạn không? Số điện thoại, email đăng ký với công ty bảo hiểm — có phải là thông tin bạn đang thực sự kiểm soát, hay đã lâu bạn không kiểm tra lại? Nếu một ngày bạn không còn đủ tỉnh táo hoặc đủ khả năng để tự bảo vệ ý chí của mình, ai là người có thể tiếp cận và thay đổi những thông tin quan trọng này? Bạn đã từng thông báo rõ với người thân — đặc biệt là vợ/chồng, con cái — về việc ai là người thụ hưởng hợp đồng của mình chưa? Một hợp đồng bảo hiểm được lập ra để bảo vệ những người mình yêu thương. Đừng để đến lúc không còn cơ hội lên tiếng, thì di nguyện đó lại bị thay đổi bởi những bàn tay khác. Nếu anh chị cần được hỗ trợ rà soát lại hợp đồng, kiểm tra thông tin người thụ hưởng, hoặc có bất kỳ thắc mắc nào, đừng ngần ngại nhắn cho BQT. Chúng ta ở đây để giúp nhau tránh những câu chuyện đau lòng như thế này.",104,94,10,0,71,unknown,Trung lap,5,38,27,1,0,27/70 (38.6%),Following,
372,REVIEW BẢO HIỂM,https://www.facebook.com/groups/hoireviewbaohiem/posts/1752880872585903/,"Em tìm mua bảo hiểm thai sản (only bảo hiểm thai sản) Mong muốn: - Có bảo lãnh viện phí tối đa - Sinh tại viện Vinmec, Tâm Anh - Budget: 10-25M E ở Chúc Sơn Chương Mỹ, Mạn Yên Nghĩa",12,12,0,0,19,unknown,Spam,0,0,0,7,0,0/0 (0%),Normal,
373,REVIEW BẢO HIỂM,https://www.facebook.com/groups/hoireviewbaohiem/posts/1752899772584013/,"Mình mua bảo hiểm sức khoẻ Generali cho ba mẹ mình KÈM chung với bảo hiểm của mình ở công ty. Mình thanh toán 12 triệu cho ba mẹ (HĐBH từ ngày 1/1/2026 - 31/12/2026). Sau đó cuối tháng 3 mình nghỉ việc tại công ty đó, và HĐ của ba mẹ mình cũng chấm dứt theo và cũng không thấy thông báo từ công ty hay GEN về số tiền mình đóng còn lại hay ntn. Vì đây là bảo hiểm mình mua cho ba mẹ 1 năm chứ không phải công ty mua. Xin hỏi có bạn nào gặp trường hợp này chưa ạ? Lúc trước mình làm công ty cũ, mua BHSK Bảo Việt cho ba mẹ theo HĐ của mình ở công ty, sau đó nghỉ việc thì HĐ ba mẹ vẫn có hiệu lực đến hết 1 năm mới hết. Nên cứ nghĩ GEN cũng vậy cho đến khi claim bảo hiểm mới biết là đã hết hạn theo HĐ mình.",15,15,0,0,16,unknown,Trung lap,3,9,1,3,0,1/13 (7.7%),Normal,
374,REVIEW BẢO HIỂM,https://www.facebook.com/groups/hoireviewbaohiem/posts/1753186675888656/,Em muốn mua bh cho bé 8tuổi khoảng ~3tr/năm. Nhờ các ac tv ạ.,26,26,0,0,25,unknown,Spam,2,5,0,7,0,0/7 (0.0%),Normal,
375,REVIEW BẢO HIỂM,https://www.facebook.com/groups/hoireviewbaohiem/posts/1753238589216798/,Các anh chị cho em hỏi bé 10 tuổi có hãng bảo hiểm nào có thẻ bảo hiểm sức khoẻ riêng không kèm gì khác không a?,7,7,0,0,16,unknown,Spam,2,1,0,11,0,0/3 (0.0%),Normal,
376,REVIEW BẢO HIỂM,https://www.facebook.com/groups/hoireviewbaohiem/posts/1753243542549636/,"Tìm hiểu bảo hiểm cho nữ 26t, đã có con Các ac tvv cho e hỏi e đang muốn tìm bảo hiểm cho bản thân , thẻ sk rời hoặc nhân thọ + sk đều được . Chi phí 1 năm có thể chi độ 7-8tr Có thẻ nào chi trả cho việc mổ mắt cận loạn k ạ. Nếu có thì tỉ lệ chi trả là bao nhiêu % ạ E có tiền sử mắc lao phổi, cận loạn lâu năm. Cảm ơn mn tư vấn ạ",8,8,0,0,11,unknown,Spam,1,2,0,6,0,0/3 (0.0%),Normal,
377,REVIEW BẢO HIỂM,https://www.facebook.com/groups/hoireviewbaohiem/posts/1753265052547485/,"📣📣📣 Sở hữu thẻ SK Generali nhưng bạn đã biết điều này chưa ?! 🎁🎁🎁 𝐆𝐞𝐧 𝐭𝐚̣̆𝐧𝐠 𝐛𝐚̣𝐧 𝟏 𝐥𝐚̂̀𝐧 𝐜𝐡𝐢 𝐩𝐡𝐢́ đ𝐢 𝐤𝐡𝐚́𝐦 𝐬𝐮̛́𝐜 𝐤𝐡𝐨𝐞̉ 𝐭𝐨̂̉𝐧𝐠 𝐪𝐮𝐚́𝐭 lần lượt là 1,5 triệu - 2,5 triệu - 3,5 triệu - thậm chí 7 triệu ( áp dụng cho 4 hạng thẻ SK TIÊU CHUẨN - CAO CẤP - VIP - KIM CƯƠNG 💎) 👉 Tặng 1️⃣ lần duy nhất trong năm thứ 2 tham gia . 👉 Với điều kiện : năm đầu tiên chưa từng thanh toán quyền lợi bảo hiểm nào . Ib mình tư vấn chi tiết hơn nữa , rất nhiều khách hàng có thẻ Gen rồi nhưng bỏ quên quyền lợi thú vị này 💙 - 𝐊𝐡𝐚́𝐧𝐡 𝐇𝐚̀ 𝐁𝐚̉𝐨 𝐡𝐢𝐞̂̉𝐦 | 𝐁𝐚̉𝐨 𝐡𝐢𝐞̂̉𝐦 𝐆𝐞𝐧𝐞𝐫𝐚𝐥𝐢 - 𝑪𝒉𝒂̆𝒎 𝒔𝒐́𝒄 & đ𝒐̂̀𝒏𝒈 𝒉𝒂̀𝒏𝒉 𝒌𝒉𝒂́𝒄𝒉 𝒉𝒂̀𝒏𝒈 𝒕𝒓𝒆̂𝒏 𝒕𝒐𝒂̀𝒏 𝒒𝒖𝒐̂́𝒄 📞 09.686.739.7️⃣6️⃣ #KhanhHaBaohiem #KhamSKTổngQuát #GeneraliVietnam #Quàtặngsứckhoẻ #CC12",4,4,0,0,6,unknown,Tich cuc,2,2,0,2,0,0/4 (0.0%),Normal,
378,REVIEW BẢO HIỂM,https://www.facebook.com/groups/hoireviewbaohiem/posts/1753285932545397/,"Mình muốn mua BH cho bé 5-6 tuổi và BHSK cho ba mẹ, phí năm dưới 10tr, mình băn khoăn AIA, PACIFIC, Gen vs Bảo Việt ạ.",9,9,0,0,24,unknown,Spam,3,4,0,9,0,0/7 (0.0%),Normal,
379,REVIEW BẢO HIỂM,https://www.facebook.com/groups/hoireviewbaohiem/posts/1753303189210338/,"""Có bảo hiểm y tế rồi, đã đủ chưa?” 🆘 1 tỷ cho điều trị biến chứng của sốt xuất huyết thật không thể tin được đúng không ạ ? Nhưng không may đó lại là sự thật 😭 👉 Chưa chắc! BHYT là lớp bảo vệ nền tảng, nhưng vẫn có những chi phí nằm ngoài phạm vi hoặc vượt mức hưởng. BHYT rất cần và nên có. Nhưng BHYT và bảo hiểm thương mại có vai trò khác nhau. BHYT chi trả theo phạm vi, mức hưởng và các điều kiện của quỹ BHYT; những khoản ngoài phạm vi hoặc phần chênh lệch theo quy định vẫn có thể là chi phí của gia đình. Vậy phần còn lại, bạn có mong muốn được một ai đó thay bạn gánh vác không? 👉 BHYT + bảo hiểm sức khỏe+ nhân thọ = Nhiều lớp bảo vệ để bảo vệ toàn diện hơn đúng ko cả nhà ❤️ #RVBH183 #Sốngnhưý",3,3,0,0,4,unknown,Trung lap,1,3,0,0,0,0/4 (0.0%),Normal,
380,REVIEW BẢO HIỂM,https://www.facebook.com/groups/hoireviewbaohiem/posts/1753319525875371/,"🏥 MUỐN ĐỔI NƠI KHÁM BHYT BAN ĐẦU: KHI NÀO ĐƯỢC ĐỔI, ĐỔI THẾ NÀO? ""Bác sĩ ơi, thẻ BHYT của tôi đăng ký ở bệnh viện khá xa nhà. Giờ tôi muốn chuyển sang bệnh viện gần hơn có được không?"" Có thể. Nhưng không phải muốn đổi lúc nào cũng được, và cũng không phải muốn chọn bệnh viện nào cũng được. Đây là điểm khá nhiều người tham gia BHYT chưa để ý. 📅 1. Mỗi năm chỉ có 4 đợt được đổi Theo Điều 26 Luật Bảo hiểm y tế 2008 (sửa đổi, bổ sung 2024), người tham gia BHYT được thay đổi nơi đăng ký khám chữa bệnh ban đầu trong 15 ngày đầu mỗi quý: 1–15/1 1–15/4 1–15/7 1–15/10 Bỏ lỡ đợt này, thông thường phải chờ đến đầu quý sau. Tính đến cuối tháng 8/2026, đợt gần nhất sắp tới là 1–15/10/2026. 🏥 2. Thích bệnh viện nào thì đăng ký bệnh viện đó — có được không? Không hẳn. Người tham gia BHYT được chọn cơ sở khám chữa bệnh ban đầu phù hợp với nơi cư trú, nơi làm việc hoặc nơi học tập. Nhưng cơ sở đó phải thuộc danh sách được nhận đăng ký KCB BHYT ban đầu, còn khả năng tiếp nhận theo số thẻ được phân bổ, và phù hợp cấp chuyên môn. Riêng cơ sở cấp cơ bản hoặc cấp chuyên sâu, đăng ký còn phải theo thứ tự ưu tiên đối tượng quy định tại Điều 7 Thông tư 01/2025/TT-BYT — không phải ai muốn cũng đăng ký được. Vì vậy, đừng hiểu ""được đổi nơi đăng ký BHYT"" nghĩa là ""được chọn bất kỳ bệnh viện lớn nào mình muốn"". 📄 3. Muốn đổi thì làm ở đâu Có ba cách: đến trực tiếp cơ quan BHXH, gửi hồ sơ qua bưu chính, hoặc làm trực tuyến trên Cổng Dịch vụ công BHXH Việt Nam. Với người lao động tham gia BHXH, BHYT bắt buộc, hồ sơ dùng Tờ khai TK1-TS. Thủ tục này không thu phí. Nếu bị thu phí trái quy định, có thể phản ánh với cơ quan BHXH nơi cư trú hoặc gọi tổng đài 1900 9068. 💻 4. Đổi trực tuyến — vài bước Trên Cổng Dịch vụ công BHXH Việt Nam: đăng nhập tài khoản (có thể dùng VNeID), chọn thủ tục mã 612b — ""Cấp lại, đổi thẻ BHYT do thay đổi thời điểm đủ 05 năm liên tục, nơi KCB ban đầu"" — rồi chọn cơ sở khám chữa bệnh ban đầu mới trong danh sách hệ thống cho phép, kiểm tra thông tin, gửi hồ sơ và theo dõi kết quả xử lý. ⚠️ Một kinh nghiệm thực tế * Đừng đợi đến sát ngày 15 mới làm. Trước đó nên kiểm tra: * Bệnh viện mình muốn chuyển đến có nhận đăng ký BHYT ban đầu trong quý đó không Cơ sở còn chỉ tiêu tiếp nhận không Mình có thuộc nhóm đối tượng được đăng ký tại cơ sở đó không Chọn nơi KCB ban đầu tưởng là chi tiết nhỏ trên thẻ BHYT. Nhưng với người cao tuổi, người mắc bệnh mạn tính hoặc phải đi khám thường xuyên, một bệnh viện phù hợp và thuận tiện có thể tiết kiệm rất nhiều thời gian, công sức đi lại. Nhớ 4 mốc: 1–15/1, 1–15/4, 1–15/7, 1–15/10. Nếu trong nhà có người đang đăng ký BHYT ở một cơ sở quá xa hoặc không còn thuận tiện, có thể kiểm tra để chủ động đổi trong đợt tới. 📌 Nguồn: Hướng dẫn của BHXH Việt Nam — https://baohiemxahoi.gov.vn/tintuc/Pages/Infographic.aspx?CateID=184&ItemID=26994 Giữa bệnh viện tuyến trên xa nhà và một cơ sở gần nhà nhưng ít chuyên sâu hơn, mọi người thường ưu tiên điều gì? #RVBH #Bancovanchuyenmon",7,7,0,0,0,,,0,0,0,0,0,0/0 (0%),Normal,
381,REVIEW BẢO HIỂM,https://www.facebook.com/groups/hoireviewbaohiem/posts/1753363495870974/,"#GDD9 GIẢI PHÁP BẢO VỆ TOÀN DIỆN CHO CẢ GIA ĐÌNH ❤️ Một kế hoạch bảo vệ tốt không chỉ dành cho một người, mà cần đồng hành cùng ba mẹ và con trẻ trước những rủi ro sức khỏe, tai nạn và bệnh tật bất ngờ. ✨ Bảo vệ CHỒNG ✅ Quyền lợi tử vong lên đến 1,6 tỷ đồng ✅ Bảo hiểm sức khỏe nội trú hạn mức 2 tỷ/bệnh/thương tật ✅ Tại nạn và hiểm nghèo chị trả 500tr ✨ Bảo vệ VỢ ✅ Song hành bảo vệ với quyền lợi tử vong do tai nạn ✅ Sức khỏe nội trú THỊNH VƯỢNG ✅ Bảo vệ bệnh hiểm nghèo, tai nạn 24/7 ✅ Hỗ trợ viện phí khi cần điều trị Điều quan trọng nhất không phải là “bao giờ rủi ro xảy ra”, mà là gia đình mình đã có sự chuẩn bị trước hay chưa. 💚 Một kế hoạch hôm nay có thể trở thành điểm tựa tài chính vững vàng cho cả gia đình ngày mai. 📌 Thời gian chờ bệnh thông thường, bệnh hô hấp: từ 30 ngày 📌 Bệnh đặc biệt: từ 90 ngày 📌 Không tăng phí dù sử dụng quyền lợi nhiều, bồi thường nhiều 📲 Liên hệ tư vấn: Lệ Thủy Bảo Hiểm ❤️ Liên hê 096.109.3368 👉 Địa chỉ VP: số 7 A Làm Sơn, Tân Sơn Hoà, HCM #BaoHiemDaiichi #BaoVeGiaDinh #BaoHiemSucKhoe #BaoHiemChoBe #KeHoachTaiChinh #DaiichiLifeVietnam",2,2,0,0,0,,,0,0,0,0,0,0/0 (0%),Normal,
382,REVIEW BẢO HIỂM,https://www.facebook.com/groups/hoireviewbaohiem/posts/1753379529202704/,"Em muốn tìm BH cho nữ 27 tuổi, có kế hoạch mang thai Em cần tìm BH để hỗ trợ việc khám bệnh bthg (nếu có) hoặc để chuẩn bị cho việc sinh nở. Chi phí chi dc hàng năm là 20tr đổ xuống ạ. Em cám ơnn. Ngoài ra nếu sinh embe em dự sinh ở BV ĐH Y, khoa dịch vụ",14,14,0,0,27,health,Spam,1,1,0,17,0,0/2 (0.0%),Normal,
383,REVIEW BẢO HIỂM,https://www.facebook.com/groups/hoireviewbaohiem/posts/1753406149200042/,"Chào mọi người ạ, e là nữ 27 tuổi. Hiện tại em muốn mua 1 BHSK rời, để tiện đi thăm khám sức khỏe định kỳ ( 1 năm/ 3 lần). Kinh phí tầm dưới 3tr/ năm thì em nên mua của bên nào là quyền lợi ok nhất ạ. Nhờ anh chị tư vấn giúp em nha. Em cám ơn ạ",5,5,0,0,11,unknown,Spam,2,2,0,3,0,0/4 (0.0%),Normal,
384,REVIEW BẢO HIỂM,https://www.facebook.com/groups/hoireviewbaohiem/posts/1753409232533067/,Bảo hiểm generly có thu phí quý ko ạ,6,6,0,0,11,unknown,Trung lap,0,7,0,3,0,0/7 (0.0%),Normal,
385,REVIEW BẢO HIỂM,https://www.facebook.com/groups/hoireviewbaohiem/posts/1753432815864042/,"Ở Việt Nam có 1 nghịch lý là: 👉 Mua 1 cái điện thoại khoảng 3-4 triệu cũng phải dán mặt, ốp lưng để bảo vệ. 👉 Mua 1 cái xe máy khoảng 30-40 triệu cũng phải dán keo xe cho mới, phải sắm khoá càng, khoá chân chống, khoá điện… để bảo vệ. 👉 Mua 1 chiếc ô tô 400-500 triệu thì bỏ ra Chục triệu hàng năm mua bảo hiểm xe rồi sợ xe xước, xót xa khi xe hỏng hóc. Tuy nhiên, sinh mạng của chúng ta - 1 cỗ máy in tiền, mỗi năm in ra rất nhiều tiền để có thể mua được vài chục cái điện thoại hay mấy cái xe máy hay xe ôtô thì lại đang bị lãng quên 😢 Bảo hiểm luôn là sự ƯU TIÊN chứ không phải sự LỰA CHỌN! 💁‍♀️ Khi vợ bạn từ chối, hãy hỏi cô ấy: Nếu một ngày anh đi làm không trở về, em và con sẽ sống thế nào? 💁‍♂️ Khi chồng bạn phản đối, hãy hỏi anh ấy: Người phụ nữ sẽ đến bên anh có tình nguyện yêu con của chúng ta vô điều kiện không? 👨‍ Khi bố mẹ bạn phản đối, hãy hỏi: Bố mẹ có thể lo cho con suốt đời không? --- CÔNG BẢO HIỂM - 0966 493 122 #congbaohiem #baohiemnhantho #baovegiadinh #TVTH322",10,10,0,0,0,,,0,0,0,0,0,0/0 (0%),Normal,
386,REVIEW BẢO HIỂM,https://www.facebook.com/groups/hoireviewbaohiem/posts/1753472692526721/,"E chào anh chị TVv. E có tham gia bhnt của Generali, có ngoại trú, hđ hơn 1 năm. Bữa e có bị khó thở + đờm hơn tháng + tim đập mạnh. E đi khám bệnh viện đại hoc y dược, khoa tim mạch và phổi, vú thì kết quả bình thường. Giờ e nên đi khám khoa nào để ra bệnh ạ. Có nên đi khám khoa tổng quát ko ạ, mà khám khoa này gen có hỗ trợ quyền lợi ko ah? E cảm ơn ạ",5,5,0,0,8,health,Trung lap,1,6,0,1,0,0/7 (0.0%),Normal,
387,REVIEW BẢO HIỂM,https://www.facebook.com/groups/hoireviewbaohiem/posts/1753498532524137/,"**Tăng tiền đóng Bảo hiểm Y tế: Liệu có ""đáng tiền""?** Mấy hôm nay lướt tin thấy đề xuất tăng mức đóng BHYT, nhiều bác cũng giật mình: *""Lại tốn thêm tiền rồi!""*. Nhưng đọc kỹ lại thì đợt này quyền lợi nhận về cũng hời hơn hẳn đấy nha. Tỷ lệ đóng dự kiến sẽ nhích lên dần dần từ 4,5% -> 5,1% -> 5,4% và tối đa là 6%. Bác nào mua theo hộ gia đình thì vẫn được giảm giá cho người thứ 2, thứ 3... như bình thường nên cũng đỡ lo. Những quyền lợi được tăng thêm như sau: **Được đi khám sức khỏe định kỳ:** Rất tiện cho ai muốn kiểm tra tổng quát hằng năm mà ngại tốn kém. **Tầm soát sớm 8 bệnh nguy hiểm:** Được hỗ trợ chi phí đi xét nghiệm, kiểm tra sớm 7 bệnh ung thư phổ biến (như ung thư vú, phổi, gan, dạ dày...) và viêm gan B, C. Bệnh gì phát hiện sớm chữa cũng dễ và bớt tốn kém hơn nhiều. **Tăng tiền hỗ trợ:** Người già, trẻ em hay các nhóm ưu tiên cũng sẽ được trả thêm phần trăm chi phí khi đi khám chữa bệnh. Mất thêm chút tiền đóng mỗi tháng, nhưng bù lại mình chủ động kiểm tra sức khỏe, phòng bệnh từ sớm chứ không chờ đến lúc ""đau nặng mới đi viện"". #SunLife #SunLifeVietnam #TVTH309",4,4,0,0,0,,,0,0,0,0,0,0/0 (0%),Normal,
388,REVIEW BẢO HIỂM,https://www.facebook.com/groups/hoireviewbaohiem/posts/1753536459187011/,"Mình đang có nhu cầu mua bảo hiểm sức khoẻ cho bé 8m, tài chính <6 triệu/ năm. Mình đang phân vân VBI,MIC, Daiichi, PVI. Ưu tiên khám ở viện tư ạ. Ưu tiên tvv ở HN ạ",19,19,0,0,37,unknown,Spam,6,9,0,17,0,0/15 (0.0%),Normal,
389,REVIEW BẢO HIỂM,https://www.facebook.com/groups/hoireviewbaohiem/posts/1753578359182821/,Thẻ sk cho bé 2-3 tuổi mà quyền lợi nội trú thì giá bao nhiêu ạ? Mình đang thấy toàn tầm 8-10 tr/năm,10,10,0,0,16,health,Spam,0,3,0,11,0,0/3 (0.0%),Normal,
390,REVIEW BẢO HIỂM,https://www.facebook.com/groups/hoireviewbaohiem/posts/1753591732514817/,"Các anh chị trong nhóm cho em hỏi với ạ, em có tham gia bảo hiểm sức khỏe ở Pjico, trong quyền lợi bảo hiểm có quyền lợi về nha khoa. Em bị sâu răng nhưng chưa vào đến tủy chỉ cần hàn bt thì khi đi hàn răng có hóa đơn có được thanh toán không ạ, có cần phim chụp răng đi kèm không ạ. Nhờ các Anh/Chị tư vấn giúp em ạ.",4,4,0,0,4,unknown,Trung lap,1,3,0,0,0,0/4 (0.0%),Normal,
391,REVIEW BẢO HIỂM,https://www.facebook.com/groups/hoireviewbaohiem/posts/1753619219178735/,"🐝 34: BỊ ONG CHÍCH PHẢI ĐIỀU TRỊ – THẺ SỨC KHỎE GENERALI CÓ CHI TRẢ KHÔNG? 👉 CÓ THỂ ĐƯỢC CHI TRẢ, nếu sự kiện và chi phí điều trị đáp ứng đầy đủ Quy tắc & Điều khoản của quyền lợi khách hàng đã tham gia. Ví dụ: Ong chích gây sưng đau, phản ứng dị ứng hoặc diễn tiến nặng cần khám, điều trị theo chỉ định của bác sĩ. ✅ Nếu được xác định là Tai nạn theo định nghĩa của sản phẩm, điều trị Nội trú/Ngoại trú do Tai nạn không áp dụng thời gian chờ. 📌 Tuy nhiên, số tiền được chi trả không mặc định 100%. Generali sẽ xem xét hồ sơ thực tế, quyền lợi đã tham gia, chi phí y tế đủ điều kiện, hạn mức và các trường hợp loại trừ theo hợp đồng. 💡 Một vết ong chích có thể rất nhỏ, nhưng điều quan trọng là mình hiểu đúng quyền lợi trước khi cần dùng đến thẻ. MDRT Lưu Đường Quỳnh – Quỳnh Lucky ☎️ 0902.148.126 #quynhluckybaohiem #baohiemnhantho #GeneraliVietnam #CC01",4,4,0,0,2,unknown,Trung lap,0,2,0,0,0,0/2 (0.0%),Normal,
392,REVIEW BẢO HIỂM,https://www.facebook.com/groups/hoireviewbaohiem/posts/1753623475844976/,Giấy giám định tttbvv nộp cty có yêu cầu bản gốc không hay chỉ bản chụp thôi ạ. E chỉ có 1 bản gốc. Mà nộp 2 cty bhnt.,3,3,0,0,4,unknown,Tich cuc,4,0,0,0,0,0/4 (0.0%),Normal,
393,REVIEW BẢO HIỂM,https://www.facebook.com/groups/hoireviewbaohiem/posts/1753681975839126/,"Mình cần tìm tư vấn viên bảo hiểm AiA có tâm và hiểu kỹ về sản phẩm để mua. Mình có đưoc một bạn tư vấn nhưng có vẻ ko muốn bán sản phẩm nên mình cần tìm ai nhiệt tình ạ, làm luôn cho mình khi hoàn thiện giấy tờ",24,24,0,0,50,unknown,Spam,8,7,3,24,0,3/18 (16.7%),Normal,
394,REVIEW BẢO HIỂM,https://www.facebook.com/groups/hoireviewbaohiem/posts/1753707219169935/,"Chào mọi người trong nhóm Review Bảo Hiểm. Nhân dịp vừa nhận được 3 món quyền lợi và 1 khoản claim đầu tiên từ Generali, mình xin phép lên bài review TVV của mình ạ. Trước đây mình cũng từng định mua bảo hiểm nhưng cứ lăn tăn mãi vì sợ tài chính không theo được, bỏ ngang thì rất uổng. Đến năm 2024 đi khám sức khỏe định kì ở công ty, bác sĩ phát hiện vấn đề ở một bên vú và chỉ định sinh thiết, may mắn là kết quả lành tính. Mình thở phào nhẹ nhõm xong cũng quên nó luôn, không đi khám định kì theo lời bs. Năm 2025 quyết định mua vì lí do lỡ đi đường bị tai nạn xe cộ, lỡ chết thì có tiền cho con 😊. Lúc này mới biết hồ sơ cũ ảnh hưởng tới thẩm định, mình như chết lặng. Chị Ánh hướng dẫn mình đi khám lại, kết quả BI-RADS 3 nhưng vẫn bị loại trừ thẻ sức khỏe và bệnh hiểm nghèo. Lúc đó mới thấm câu: lúc khỏe mình chê bảo hiểm, tới lúc cần thì bảo hiểm chê mình. Cảm giác bị loại trừ không gì diễn tả nổi. Bỏ nhiều tiền hơn nhưng không được bảo vệ full. Ngày đó khỏe mạnh thì cứ lần lữa hoài không mua để rồi giờ đây... Cuối cùng mình vẫn chấp nhận loại trừ và rút kinh nghiệm mua thêm gói bảo vệ đầy đủ cho chồng con. Mình chốt với chị ban đầu vì lí do chị gần nhà mình, có gì còn hỗ trợ cho lẹ. Nói chuyện mới biết chị sống và làm việc tại SG 😂. Quá trình tư vấn thì chị khá thẳng, có gì nói đó, cái nào được cái nào không được đều nói rõ từ đầu. Ký hợp đồng xong vẫn chịu khó hỗ trợ chứ không phải bán xong là sủi luôn 😊. Đợt rồi chị hướng dẫn mình làm hồ sơ claim quyền lợi khám sức khỏe tổng quát năm 1, bé thì có phần thưởng khuyến học. Khoản bé bị chó cắn từ tháng 6, tới tháng 9 mình mới lôi ra claim ( vì ít tiền quá nên lười claim 😂) . Nộp hồ sơ xong khoảng 3 ngày thì tiền về. Sau vụ này bị từ chối, mình thấy mua bảo hiểm thì công ty nào cũng tốt, mỗi công ty có điều khoản, quyền lợi riêng. Mua nhiều hưởng nhiều, mua ít hưởng ít, mua nào hưởng đó. Quan trọng nhất là tvv có tâm, chịu đồng hành lúc mình cần cũng như sẵn sàng đấu tranh đòi quyền lợi cho khách hàng. Lúc mua kê khai hồ sơ minh bạch rõ ràng thì kê cao gối ngủ thôi ạ. Cảm ơn chị, từ TVV thành người quen rồi thành bạn. Con em cũng thành bạn của con chị. 😂 Cảm ơn mọi người đã đọc bài. Xin chúc mọi người sức khỏe và hạnh phúc, chọn được người hỗ trợ đồng hành lâu dài.",16,16,0,0,7,unknown,Tich cuc,4,1,0,2,0,0/5 (0.0%),Normal,
395,REVIEW BẢO HIỂM,https://www.facebook.com/groups/hoireviewbaohiem/posts/1753735002500490/,"Cùng 1 ca điều trị, nhưng lựa chọn bệnh viện khác nhau có thể ảnh hưởng dênd cách sử dụng quyền lợi Đây là ca thực tế Vĩnh đã hướng dẫn khách lựa chọn phương án phù hợp với quyền lợi/ hạn mức hợp đồng Theo bạn, tư vấn viên vai trò quan trọng nhất là khi nào??? #TVTH386 #Daiichi",6,6,0,0,0,,,0,0,0,0,0,0/0 (0%),Normal,
396,REVIEW BẢO HIỂM,https://www.facebook.com/groups/hoireviewbaohiem/posts/1753755472498443/,"Làm bảo hiểm lâu năm, Vĩnh nhận ra 1 điều khách có cơ số nỗi sợ. Vĩnh thì coi trọng việc không phải ký được bao nhiêu hợp đồng, mà là muốn giúp khách hiểu mình đang mua gì, vì sao mua và khi có chuyện biết quyền lợi chi trả hay sử dụng như nào. Đó mới là đường dài để khách ko ngắt quãng đóng phí giữa chừng. Nếu mua bảo hiểm, điều gì khiến bạn sợ nhất : Mất tiền, không được chi trả hay gặp tư vấn viên không có trách nhiệm? #TVTH386 #Vinhbaohiem",5,5,0,0,0,,,0,0,0,0,0,0/0 (0%),Normal,
397,REVIEW BẢO HIỂM,https://www.facebook.com/groups/hoireviewbaohiem/posts/1753769045830419/,"Các anh chị cho em hỏi e tham gia thẻ sức khoẻ Gen, e có đi khám sk và bị viêm dạ dày, HP dương, tuyến giáp có nang và bị hãng loại trừ các bệnh liên quan đến dạ dày và u nang tuyến giáp. Sau này liệu có thể gỡ bỏ được k hay loại trừ trọn đời ạ.",11,11,0,0,9,unknown,Tich cuc,3,3,0,3,0,0/6 (0.0%),Normal,
398,REVIEW BẢO HIỂM,https://www.facebook.com/groups/hoireviewbaohiem/posts/1754102929130364/,e xin review bảo hiểm mua trên momo của chubb life với ạ,8,8,0,0,11,unknown,Trung lap,3,4,0,4,0,0/7 (0.0%),Normal,
399,REVIEW BẢO HIỂM,https://www.facebook.com/groups/hoireviewbaohiem/posts/1754109675796356/,"em có bé sơ sinh em đang muốn tìm bảo hiểm sức khoẻ cho bé, em thắc mắc là có nên mua kèm nhân thọ cho mẹ không hay nên mua thẻ rời. Mua thì nên mua bên nào không đồng chi trả cả viện công và viện tư ạ, có bên nào thanh toán cả xét nghiệm âm tính không ạ. E đang phân vân pacific cross và generali có bác nào ở HN ko tư vấn e với ạ ?",18,18,0,0,30,unknown,Spam,3,5,0,18,0,0/8 (0.0%),Normal,
400,REVIEW BẢO HIỂM,https://www.facebook.com/groups/hoireviewbaohiem/posts/1754157275791596/,Thẻ sức khỏe kèm con Nếu bố/mẹ đã mua BHNT kèm thẻ sức khỏe của Manulife nhưng sau đó ko đóng thẻ sức khỏe nữa và vẫn duy trì nhân thọ. Giờ mua tiếp thẻ sức khỏe và kèm con có được ko ạ?,15,15,0,0,21,unknown,Trung lap,3,10,0,8,0,0/13 (0.0%),Normal,
401,REVIEW BẢO HIỂM,https://www.facebook.com/groups/hoireviewbaohiem/posts/1754161382457852/,"Chào cả nhà, chúc toàn bộ thành viên trong nhóm một tháng mới mọi điều bình an đến với bản thân và gia đình. Mình là Linh tvv nhà Daiichi. Trong quá trình theo dõi các thảo luận chuyên môn gần đây, mình thấy có một điểm mấu chốt về sản phẩm **Thẻ chăm sóc sức khỏe **đang bị hiểu lầm hoặc truyền tải chưa thật sự đầy đủ. Nghề tư vấn bảo hiểm vốn rất nhiều chi tiết kỹ thuật. Bản thân mình hay bất kỳ ai cũng có lúc đầu óc không tập trung, hoặc diễn đạt ngắn gọn quá khiến người đọc dễ hiểu sai. Nếu những bình luận hay chia sẻ trước đây của mình có điểm nào chưa thoát ý, mình rất sẵn lòng nhận góp ý qua inbox để cùng hoàn thiện. Bởi vì trong ngành này, **sai một li về điều khoản là khách hàng gánh hậu quả thật.** Nay mình xin phép phân tích sâu và rõ hơn về cơ chế vận hành của thẻ để cả **Khách hàng **và **Anh chị em Tư vấn viên **cùng nhìn nhận đúng bản chất: 🔍 **1. TỔNG HẠN MỨC: 1 TỶ / BỆNH / SUỐT QUÁ TRÌNH THAM GIA HĐ.** * **Bản chất:** Hạn mức 1 tỷ (ở gói Cao cấp) hay 2 tỷ (ở gói Thịnh vượng) là **trần chi trả TỐI ĐA cho MỖI BỆNH/THƯƠNG TẬT trong SUỐT VÒNG ĐỜI của hợp đồng**. Với Daiichi là tính theo mỗi bệnh/ thương tật. Vậy KH có N bệnh, khách hàng sẽ có N quỹ 1 tỷ (ở hạn mức Cao Cấp) để chi trả cho mỗi bệnh đó trong suốt quá trình tham gia HĐ. * **Thực tế vận hành:** Nếu một bệnh mạn tính hoặc bệnh hiểm nghèo (như Ung thư) kéo dài qua nhiều năm, tổng chi trả cộng dồn cho riêng bệnh đó qua các năm sẽ **trừ dần vào quỹ 1 tỷ này**. Khi tổng chi phí chi trả cho bệnh đó chạm mốc 1 tỷ, **quyền lợi bảo hiểm cho riêng bệnh đó sẽ chấm dứt hẳn**, dù hợp đồng vẫn còn hiệu lực và quỹ cho các bệnh khác vẫn còn. 🔍 **2. GIỚI HẠN PHỤ: CHẠY THEO NĂM HỢP ĐỒNG & BỊ KHỐNG CHẾ THEO HẠNG MỤC** * **Bản chất:** Dù tổng quỹ cho 1 bệnh là 1 tỷ/suốt quá trình, nhưng **trong từng năm hợp đồng**, chi phí thực tế khách hàng nhận có **CÁC GIỚI HẠN PHỤ (theo bảng quyền lợi)** * **Thực tế vận hành:** * **Tiền phòng, phẫu thuật, chi phí nội trú khác...** đều có trần chi trả riêng cho từng bệnh/ năm hợp đồng. * **Điều trị Ung thư (hóa trị, xạ trị, liệu pháp đích...):** Có những danh mục thanh toán theo chi phí thực tế, nhưng cũng có những danh mục bị khống chế trần ( tùy theo điều khoản chi tiết). * Qua năm hợp đồng mới, các **giới hạn phụ theo năm này mới được làm mới**, nhưng **TỔNG LƯỢNG TIỀN chi trả qua mọi năm vẫn không được vượt quá trần 1 tỷ/bệnh/ thương tật**. 💭 **ĐÔI ĐIỀU TRĂM TRỞ VỀ ""CÁI TÂM & NĂNG LỰC"" NGHỀ TƯ VẤN** Bảo hiểm nhân thọ là sản phẩm bán bằng ""niềm tin"" nhưng giải quyết bằng ""văn bản pháp lý"". Khách hàng mua bảo hiểm là mua sự an tâm cho những ngày giông bão nhất của cuộc đời. Vì vậy, với mình cũng mong muốn nếu mình có phần thảo luận nào đó trong nhóm tạo cảm giác chưa rõ ràng hãy ib luôn cho mình trong cmt đó để mình làm rõ nhé. Đối với mình: * **Một tư vấn viên xuất sắc** không chỉ thể hiện ở danh hiệu hay doanh số, mà trước hết phải nằm ở **sự chuẩn xác về kiến thức chuyên môn**. * **Sự tử tế của nghề** nằm ở chỗ: Thà nói rõ những hạn chế/trần chi trả của sản phẩm ngay từ đầu để khách hàng biết cách chuẩn bị tài chính dự phòng, còn hơn trao cho họ một kỳ vọng phi thực tế. Rất mong bài viết này mang lại giá trị thực sự cho cả nhà. Nếu anh chị em có thêm góc nhìn hay câu hỏi nào về chi tiết điều khoản, hãy cùng thảo luận văn minh bên dưới hoặc inbox cho mình nhé! Chúc cả nhà luôn vững vàng chuyên môn và luôn là điểm tựa tin cậy của khách hàng! ❤️ PS: Mình note lại cmt trước đây của m để mn xem nhé, ý tưởng trong câu chuyện mình trao đổi là hạn mức phụ được làm mới mỗi năm, nhưng cách viết có thể gây hiểu lầm (mình xin phép được nhận lỗi và đính chính chi tiết lại để tránh những ảnh hưởng không đáng có). Mình để thêm ví dụ chi trả thực tế để KH có thể tham khảo cách thức chi trả của nhà Daiichi nha. #TVKN898",26,26,0,0,28,unknown,Trung lap,12,13,0,3,0,0/25 (0.0%),Normal,
402,REVIEW BẢO HIỂM,https://www.facebook.com/groups/hoireviewbaohiem/posts/1754174779123179/,Tài chính khoảng 12tr. Mình muốn mua BHNT cho mình kèm con. Bé sinh non 33w hiện đã 11 tháng. Trvia ko có bệnh lý gì. Còn mình bị U tuyến giáp. Ưu tiên nằm viện tuyến tỉnh và Nhi TW (Khoa Quốc tế S hoặc khoa thường) Ko cần ngoại trú vì mình thường khám tư.,9,9,0,0,20,health,Spam,1,1,0,11,0,0/2 (0.0%),Normal,
403,REVIEW BẢO HIỂM,https://www.facebook.com/groups/hoireviewbaohiem/posts/1754184515788872/,Mong các anh chị Aia tư vấn giúp. Em có mua thẻ sức khoẻ 2.0 cho bé. Tiền phòng là 1tr5/ ngày. Bệnh viện có tách thành: 1tr1 tiền phòng + 1tr2 tiền phí điều trị chăm sóc. Em muốn hỏi là phí 1tr2 điều trị chăm sóc kia có được chi trả k ạ? Mong anh chị giúp đỡ. Em cảm ơn ạ,19,19,0,0,31,unknown,Tich cuc,15,9,0,6,0,0/24 (0.0%),Normal,
404,REVIEW BẢO HIỂM,https://www.facebook.com/groups/hoireviewbaohiem/posts/1754267115780612/,Mua bảo hiểm cho bé 2m+ Em muốn mua bảo hiểm cho bé thì nên mua hãng nào ạ mọi người. Tiện đây em ở tp BN cũ nên em tìm tvv ở khu vực này ạ,11,11,0,0,21,health,Spam,0,1,0,18,0,0/1 (0.0%),Normal,
405,REVIEW BẢO HIỂM,https://www.facebook.com/groups/hoireviewbaohiem/posts/1754267119113945/,Bạn nào có Biểu phí và gói sức khỏe phi nhân thọ của Tokio Marine gửi giúp với. Mình đang quan tâm cho cty. Cảm ơn !,3,3,0,0,2,unknown,Trung lap,0,1,0,1,0,0/1 (0.0%),Normal,
406,REVIEW BẢO HIỂM,https://www.facebook.com/groups/hoireviewbaohiem/posts/1754284742445516/,"E đang định mua gói bảo hiểm sức khỏe cho e và con sắp sinh. E dự định chọn Bảo Việt hoặc PVI, thấy một số gói sk cho bé dưới cũng khá cao. Có mom nào mua rồi có kinh nghiệm chia sẻ giúp e nên mua loại nào cho 2 mẹ con ạ, đi kèm hoặc tách rời ạ. Và nên mua bh nhân thọ hay bhsk thì tối ưu hơn ạ. E cảm ơn. Vui lòng không cmt seeding giúp e ạ.",8,8,0,0,23,health,Spam,2,6,2,12,0,2/10 (20.0%),Normal,
407,REVIEW BẢO HIỂM,https://www.facebook.com/groups/hoireviewbaohiem/posts/1754309495776374/,"❤️ **HAI VỢ CHỒNG CÙNG BẢO VỆ – VỪA TÍCH LŨY, VỪA LO SỨC KHỎE ** Ngày còn độc thân, có thể mình chỉ nghĩ: “Mình khỏe, mình tự lo được.” Nhưng khi đã có gia đình, câu hỏi sẽ khác: 👉** Nếu một trong hai người chẳng may bệnh, ai sẽ lo viện phí?** **👉 Nếu thu nhập bị gián đoạn, kế hoạch của gia đình có bị ảnh hưởng?** **👉 Và những khoản tiền dành cho tương lai, mình đã chuẩn bị đến đâu?** Vì vậy, nhiều gia đình lựa chọn một kế hoạch** vừa bảo vệ sức khỏe, vừa tích lũy cho tương lai** cho cả hai vợ chồng. Không cần bắt đầu bằng một khoản thật lớn. Quan trọng là **phù hợp với thu nhập hiện tại và duy trì được lâu dài.** 🩵 Nếu vợ chồng bạn đang muốn tìm hiểu một phương án **tích lũy + sức khỏe**, Công có thể giúp mình tính thử theo ngân sách gia đình nhé. ***Lo cho tương lai không có nghĩa là quên mất hiện tại.*** ***Mình khỏe hôm nay, có tích lũy ngày mai – gia đình mới an tâm đường dài. *** [#BaoHiemGiaDinh](https://www.facebook.com/hashtag/baohiemgiadinh?__cft__[0]=AZhMRTGviNEJEZQv9d70IzNfvNbR8DJkfnnyUFQQEkbZ43bLZ3mDT3KsBk6ULT_HqhAUGDxMtISQ-paamYtFS7XbYL-5-tEzujo6owaX_SXFT12xSkTedHY0fh8hjOQ844tp1c0lhms&__tn__=*NK-R) [#BaoHiemVoChong](https://www.facebook.com/hashtag/baohiemvochong?__cft__[0]=AZhMRTGviNEJEZQv9d70IzNfvNbR8DJkfnnyUFQQEkbZ43bLZ3mDT3KsBk6ULT_HqhAUGDxMtISQ-paamYtFS7XbYL-5-tEzujo6owaX_SXFT12xSkTedHY0fh8hjOQ844tp1c0lhms&__tn__=*NK-R) [#TichLuyVaBaoVe](https://www.facebook.com/hashtag/tichluyvabaove?__cft__[0]=AZhMRTGviNEJEZQv9d70IzNfvNbR8DJkfnnyUFQQEkbZ43bLZ3mDT3KsBk6ULT_HqhAUGDxMtISQ-paamYtFS7XbYL-5-tEzujo6owaX_SXFT12xSkTedHY0fh8hjOQ844tp1c0lhms&__tn__=*NK-R) [#BaoHiemSucKhoe](https://www.facebook.com/hashtag/baohiemsuckhoe?__cft__[0]=AZhMRTGviNEJEZQv9d70IzNfvNbR8DJkfnnyUFQQEkbZ43bLZ3mDT3KsBk6ULT_HqhAUGDxMtISQ-paamYtFS7XbYL-5-tEzujo6owaX_SXFT12xSkTedHY0fh8hjOQ844tp1c0lhms&__tn__=*NK-R) [#DaiichiLife](https://www.facebook.com/hashtag/daiichilife?__cft__[0]=AZhMRTGviNEJEZQv9d70IzNfvNbR8DJkfnnyUFQQEkbZ43bLZ3mDT3KsBk6ULT_HqhAUGDxMtISQ-paamYtFS7XbYL-5-tEzujo6owaX_SXFT12xSkTedHY0fh8hjOQ844tp1c0lhms&__tn__=*NK-R) [#congbaohiem](https://www.facebook.com/hashtag/congbaohiem?__cft__[0]=AZhMRTGviNEJEZQv9d70IzNfvNbR8DJkfnnyUFQQEkbZ43bLZ3mDT3KsBk6ULT_HqhAUGDxMtISQ-paamYtFS7XbYL-5-tEzujo6owaX_SXFT12xSkTedHY0fh8hjOQ844tp1c0lhms&__tn__=*NK-R) #TVTH322",4,4,0,0,0,,,0,0,0,0,0,0/0 (0%),Normal,
408,REVIEW BẢO HIỂM,https://www.facebook.com/groups/hoireviewbaohiem/posts/1754311349109522/,"Tư vấn bảo hiểm mình kinh tế tầm 8-12tr muốn mua bảo hiểm cho bố mẹ , đang phân vân bên gen . mn tư vẫn cho mình với",16,16,0,0,19,unknown,Spam,1,3,0,13,0,0/4 (0.0%),Normal,
409,REVIEW BẢO HIỂM,https://www.facebook.com/groups/hoireviewbaohiem/posts/1754436815763642/,Em có mua 1 gói của pru 25tr/năm.giờ muốn hạ xuống có được không ạ.bác nào tư vấn e với,10,10,0,0,10,unknown,Trung lap,0,5,0,4,0,0/5 (0.0%),Normal,
410,REVIEW BẢO HIỂM,https://www.facebook.com/groups/hoireviewbaohiem/posts/1754450409095616/,"Hỏi thẻ phi nhân thọ Người nhà em khi chụp CT có xơ vữa vôi cung động mạch chủ giờ có bên nào cấp thẻ rời k ạ? Tại hỏi Bảo Việt báo k đc mua rồi vì nằm trong ds bệnh từ chối ạ 🥹 Thực ra cô từng nằm viện apxe gan cũng 4 năm rồi. Hiện k thấy triệu chứng gì, khoẻ mạnh và siêu âm doppler tim hay mạch máu ngoại sọ.. bthg ạ",4,4,0,0,20,unknown,Trung lap,2,9,3,5,0,3/14 (21.4%),Following,
411,REVIEW BẢO HIỂM,https://www.facebook.com/groups/hoireviewbaohiem/posts/1754478715759452/,Các anh chị cho em xin review công tâm về AIA và Prudential với ạ. Em đang tham khảo bhsk của AIA nhưng ba mẹ ở quê thì đang muốn mua của Prudentail nên em không biết bên nào tốt,18,18,0,0,35,unknown,Trung lap,9,13,2,11,"1 | Nếu nhu cầu của b là chăm sóc sức khoẻ thì hãy so sánh gói tương đương giữa các cty, xem nhìu lên chứ đừng nghe mỗi thương hiệu và quảng cáo kể cả AIA, thẻ sức khoẻ của pru chi trả",2/24 (8.3%),Following,
412,REVIEW BẢO HIỂM,https://www.facebook.com/groups/hoireviewbaohiem/posts/1754537275753596/,E cần mua bảo hiểm ngân hàng Vietinbank Hải Phòng ạ,7,7,0,0,11,unknown,Tich cuc,3,1,0,1,0,0/4 (0.0%),Normal,
413,REVIEW BẢO HIỂM,https://www.facebook.com/groups/hoireviewbaohiem/posts/1754575519083105/,Tvv ở gần thì e k biết ai vào nhóm thì có gặp a TVV nhiệt tình Em ở Thái Bình và đang được 1 a TVV ở Sài gòn hỗ trợ mua HĐ tư vẫn online Thấy cũng tận tình và thiết kế cho e cũng ok ạ Tuy nhiên e chưa tham ja BH và chưa hiểu ở xa nhau như thế thì sau này claim có gặp khó khăn j k? Xin ý kiến công tâm từ ace TVV để e chốt HĐ với ạ BH nhà AIA nhé ac,20,20,0,0,26,unknown,Tich cuc,13,7,0,5,0,0/20 (0.0%),Normal,
414,REVIEW BẢO HIỂM,https://www.facebook.com/groups/hoireviewbaohiem/posts/1754655935741730/,"Ko liên quan đến bảo hiểm , mình cần xin kinh nghiệm khám ở vinmec Con mình hiện mũi dãi nhiều ngày thứ 4. Tối hôm qua có hâm hấp sốt 1 tối xong hnay ko sốt nữa nhưng vẫn mũi xanh nhiều. Ho về đêm, ngày ít ho. Nếu mai mình cho con đi khám ở vinmec mà tình trạng con chỉ là viêm mũi hoặc họng cấp , ko sốt thì có xin nhập viện điều trị được ko nhỉ. Hay phải sốt và triệu chứng rõ hơn chút bv mới cho nhập viện ạ ?",9,9,0,0,10,unknown,Trung lap,0,9,0,0,0,0/9 (0.0%),Normal,
415,REVIEW BẢO HIỂM,https://www.facebook.com/groups/hoireviewbaohiem/posts/1754687169071940/,Gói BH chỉ từ hơn 1tr/tháng cho bé #ReviewBaohiem #GDB37,2,2,0,0,0,,,0,0,0,0,0,0/0 (0%),Normal,
416,REVIEW BẢO HIỂM,https://www.facebook.com/groups/hoireviewbaohiem/posts/1754949532379037/,"Mọi người tư vấn giúp em với ạ. Bé nhà me được 7th, có lần bị RSV nằm viện được 1 tuần (đã khỏi). Nhà em muốn mua bảo hiểm cho bé. hiện có bên Daiichi đang tư vấn em làm hợp đồng nhân thọ 12tr cho mẹ + thẻ cao cấp 3tr9 cho bé. Em muốn hỏi là có thật sự cần thiết hợp đồng hay không hay chỉ cần thẻ cho bé là được ạ.",19,19,0,0,24,health,Spam,1,5,0,17,0,0/6 (0.0%),Normal,
417,REVIEW BẢO HIỂM,https://www.facebook.com/groups/hoireviewbaohiem/posts/1754958002378190/,Mình cần mua bhnt bảo việt gói 10tr/năm bảo vệ đầy đủ các hạng mục và bảo vệ đến 75 tuổi..mình ở Hcm mong muốn gặp tvv có kinh nghiệm ở Hcm ạ..ib mình liền nhé ạ,9,9,0,0,15,unknown,Spam,1,0,0,14,0,0/1 (0.0%),Normal,
418,REVIEW BẢO HIỂM,https://www.facebook.com/groups/hoireviewbaohiem/posts/1754959935711330/,"2000 mẹ đã bắt đầu mua Bảo Hiểm cho 2 chị em mình, đến lúc mình 18 tuổi tức là năm 2011 được đáo hạn hợp đồng của mình, với 12 triệu ít ỏi ngày ấy, mình đã đủ học phí kỳ đầu để bước chân xuống Hà Nội đi học - thời điểm mà nhà mình khó khăn nhất vì bị phá sản. Đến nay bản thân mình cũng ý thức rất cao về việc bảo vệ tài sản và phòng rủi ro khi không may bất ngờ về sức khoẻ và tính mạng thì người ở lại cũng không quá lao đao ngay thời điểm đó. Đây là tóm tắt câu chuyện về nhận thức bảo hiểm của mình, còn thì cũng ly kì lắm, vì đến nay nhà mình có 5 thành viên thì có tới 10hdbh của 5-7 hãng 🤭🤭🤭",281,280,1,0,71,unknown,Tich cuc,26,26,1,17,0,1/53 (1.9%),Normal,
419,REVIEW BẢO HIỂM,https://www.facebook.com/groups/hoireviewbaohiem/posts/1754962449044412/,"- Thẻ rời, không kèm nhân thọ - Không tăng phí khi mua độc lập - Đối tượng: trẻ từ 1 tuổi. - Chi trả 100% chi phí thuộc phạm vi bảo hiểm (không đồng chi trả) - Thời gian chờ cho viêm phổi, tiểu phế quản, phế quản 180 ngày. - Hãng bồi thường ổn áp. inbox SCC Zương Zuồi Nguyễn Hoa ạ",6,6,0,0,0,,,0,0,0,0,0,0/0 (0%),Normal,
420,REVIEW BẢO HIỂM,https://www.facebook.com/groups/hoireviewbaohiem/posts/1754971869043470/,"E muốn tư vấn gói để đi khám sức khoẻ ở bệnh viện quốc tế- tư nhân , Tphcm . Không biết gói 1 năm bao nhiêu tiền ạ",14,14,0,0,24,unknown,Spam,0,6,0,16,0,0/6 (0.0%),Normal,
421,REVIEW BẢO HIỂM,https://www.facebook.com/groups/hoireviewbaohiem/posts/1754980879042569/,Bé nhà em hơn 2 tuổi đã nhập viên do viêm amidan. Bây giờ e muốn mua bh cho bạn ý thì có bị loại trừ khong ạ,9,9,0,0,21,unknown,Spam,1,5,0,15,0,0/6 (0.0%),Normal,
422,REVIEW BẢO HIỂM,https://www.facebook.com/groups/hoireviewbaohiem/posts/1754985909042066/,">>> Quy trình bảo lãnh viện phí - Đơn giản nhưng cũng cần nắm rõ <<< Điều đầu tiên là điều kiện để được bảo lãnh phải đạt CẦN VÀ ĐỦ các đk sau: 1- Khám/chữa bệnh tại hệ thống bệnh viện/phòng khám liên kết với hãng bảo hiểm. 2- Thẻ bảo hiểm sức khỏe còn hiệu lực. 3- Bệnh lý/dịch vụ phát sinh nằm trong phạm vi bảo hiểm và không thuộc điều khoản loại trừ (như thời gian chờ, bệnh có sẵn chưa khai báo, số tiền bh rất lớn cần xác minh, pp điều trị ko cần thiết về mặt y khoa…) QUY TRÌNH BẢO LÃNH NHƯ SAU: Bước 1: Xuất trình giấy tờ & Làm thủ tục tiếp nhận Khách hàng cung cấp: Căn cước công dân (hoặc Hộ chiếu/Giấy khai sinh nếu là trẻ em) và Thẻ bảo hiểm sức khỏe (thẻ cứng hoặc thẻ điện tử trên ứng dụng di động như AIA+). Khoản tạm ứng: BV sẽ yc cầu khách hàng đóng một khoản tiền tạm ứng ban đầu khi nhập viện. Khoản này sẽ được hoàn trả hoặc cấn trừ sau khi có kết quả bảo lãnh chính thức từ hãng. Bộ phận dịch vụ khách hàng/bảo hiểm của bệnh viện sẽ tiếp nhận hồ sơ và gửi yêu cầu sang hãng bảo hiểm. Bước 2: Hãng bảo hiểm xét duyệt & Xác nhận Hãng bảo hiểm tiếp nhận thông tin, kiểm tra quyền lợi và chẩn đoán y khoa từ bác sĩ. Thời gian phản hồi tiêu chuẩn: Ngoại trú: Khoảng 30 phút. Nội trú: Khoảng 2 giờ (120 phút) kể từ khi nhận đủ thông tin từ bệnh viện. Hãng sẽ gửi kết quả bảo lãnh về bệnh viện và đồng thời gửi thông báo (SMS/Zalo/Email) cho khách hàng. Bước 3: Hoàn tất và Thanh toán khi xuất viện/kết thúc khám Bệnh viện tổng hợp hóa đơn chi tiết sau cùng. Khách hàng kiểm tra lại chi phí, ký xác nhận hồ sơ bảo lãnh. Khách hàng chỉ thanh toán các chi phí nằm ngoài phạm vi bảo hiểm (hoặc phần vượt hạn mức, đồng chi trả nếu có) và nhận lại tiền tạm ứng ban đầu (nếu có). Biết trước các thông tin cần chuẩn bị, Kh sẽ không cáu bao giờ, ko thất vọng, ko thấy bảo hiểm là lừa đảo. Phần 2: Nếu bị từ chối bảo lãnh thì làm thế nào?",4,4,0,0,0,,,0,0,0,0,0,0/0 (0%),Normal,
423,REVIEW BẢO HIỂM,https://www.facebook.com/groups/hoireviewbaohiem/posts/1755001315707192/,"Dạ vợ chồng em dự dịnh thả từ 1/2027. Đây là lần đầu mang thai, dự định sẽ sinh ở bệnh viện công tại TPHCM. Nhờ anh chị tư vấn giúp em gói bảo hiểm thai sản phù hợp với ạ. Em cảm ơn mọi người nhiều lắm",13,13,0,0,14,health,Spam,1,5,0,8,0,0/6 (0.0%),Normal,
424,REVIEW BẢO HIỂM,https://www.facebook.com/groups/hoireviewbaohiem/posts/1755013665705957/,">>>>KHÔNG AI MUA BẢO HIỂM VÌ NGHĨ MÌNH SẼ CẦN ĐẾN NÓ <<<< KH đến với tôi khi đang khỏe mạnh hoàn toàn. Chưa từng ốm vặt, chưa từng nằm viện. Tham gia bảo hiểm cũng chỉ vì nghĩ ""phòng khi cần"". Rồi một ngày, chị thấy đau chân, không đi lại được. Ai cũng nghĩ do xương khớp — tuổi này, ngồi nhiều, chuyện bình thường. Đi khám mới phát hiện: u xơ thần kinh ở cột sống. Sinh thiết xong, bác sĩ kết luận: ung thư lympho không Hodgkin giai đoạn 4 — bệnh hiểm nghèo giai đoạn cuối. Cả nhà chị H. sụp đổ. Nhưng nỗi lo lớn nhất lúc đó không chỉ là bệnh — mà là tiền. Mỗi đợt điều trị thuốc: hơn 200 triệu. Tổng chi phí điều trị dự kiến: hơn 1,2 tỷ đồng. Ba đứa con đang tuổi ăn học. Một cơ sở kinh doanh với gần 20 nhân viên, sống nhờ vào doanh thu chị tạo ra mỗi tháng. Thu nhập cả nhà phụ thuộc gần như hoàn toàn vào một người. Nếu người trụ cột đó ngã xuống, không chỉ một gia đình chao đảo — mà gần 20 gia đình khác cũng bị ảnh hưởng theo. Đây chính là lý do tôi luôn nói: mua bảo hiểm không ai mong sẽ dùng đến. Nhưng một khi cần — thì số tiền bảo vệ phải đủ lớn để không phải đánh đổi thêm bất cứ điều gì nữa: không bán nhà, không vay mượn, không dừng việc học của con, không phải đóng cửa cơ sở kinh doanh. Và đây là kết quả: chị H. đã nhận bồi thường bệnh hiểm nghèo từ Manulife 500 triệu đồng, từ AIA hơn 788 triệu đồng — chuyển thẳng vào tài khoản chỉ trong thời gian ngắn sau khi hồ sơ được duyệt. Hồ sơ bồi thường tại MVI và quyền lợi thẻ sức khỏe Manulife hiện vẫn đang được tiếp tục xử lý. Nhờ tham gia đủ ở nhiều công ty bảo hiểm khác nhau, tổng số tiền chị H. nhận được đã vượt xa một hợp đồng đơn lẻ — đúng bằng tinh thần ""khi cần phải đủ dùng"" mà tôi vẫn luôn nhấn mạnh với khách hàng ngay từ buổi tư vấn đầu tiên. Không phải để ""vui"" khi nhận tiền bảo hiểm — không ai muốn đổi sức khỏe lấy tiền. Mà là để gia đình chị có thể tập trung toàn lực vào việc chữa bệnh, thay vì vừa chống chọi với bệnh tật vừa vật lộn với gánh nặng tài chính. Tôi làm nghề này không chỉ để bán một hợp đồng. Tôi đồng hành với khách hàng từ lúc tư vấn, đến lúc hồ sơ được nộp, đến lúc từng đồng bồi thường về đến tay gia đình họ — đúng lúc họ cần nhất. Nếu bạn là trụ cột tài chính của gia đình, hoặc của một tập thể nhân viên đang phụ thuộc vào bạn — hãy dành 15 phút ngồi lại cùng tôi, nhìn lại bức tranh tài chính hiện tại của mình. Không phải để bán bạn một sản phẩm, mà để chắc chắn: nếu ngày xấu nhất đến, người ở lại vẫn đứng vững.",20,20,0,0,8,unknown,Tich cuc,5,3,0,0,0,0/8 (0.0%),Normal,
425,REVIEW BẢO HIỂM,https://www.facebook.com/groups/hoireviewbaohiem/posts/1755035132370477/,Em muốn mua bảo hiểm cho xe ô tô của bảo việt anh chị gt nhân viên cho em đc ko ạ,12,12,0,0,15,unknown,Spam,1,2,0,12,0,0/3 (0.0%),Normal,
426,REVIEW BẢO HIỂM,https://www.facebook.com/groups/hoireviewbaohiem/posts/1755153419025315/,Đổi sđt Gen mình có hợp đồng Gen do mất sđt cũ cần đổi sđt mới có b nào hỗ trợ mình được không ạ,7,7,0,0,5,unknown,Spam,0,2,0,3,0,0/2 (0.0%),Normal,
427,REVIEW BẢO HIỂM,https://www.facebook.com/groups/hoireviewbaohiem/posts/1755213782352612/,"Anh chị cho em hỏi e có tham gia bảo hiểm pvi của cty đóng cho và mua thêm cho người thân được khoảng 4th. Bây giờ ng thân e đi khám có chỉ định mổ U nang buồng trứng, trước đó 8 năm có cắt tử cung và k điều trị gì thêm. Thì có được chi trả k ạ. E cảm ơn ạ.",11,11,0,0,13,unknown,Trung lap,3,8,1,1,0,1/12 (8.3%),Normal,
428,REVIEW BẢO HIỂM,https://www.facebook.com/groups/hoireviewbaohiem/posts/1755221282351862/,Em CẦM MUA BẢO HIỂM CHO BÉ 22m và mẹ Được đóng theo quý ạ. Em đang cân nhắc giữa Gen - AIA - Sun ạ Em nghe nói AIA ko dc đóng theo quý ạ,33,33,0,0,48,unknown,Spam,7,12,3,26,0,3/22 (13.6%),Normal,
429,REVIEW BẢO HIỂM,https://www.facebook.com/groups/hoireviewbaohiem/posts/1755237782350212/,"“Chị không bao giờ nghĩ có ngày hôm nay” “ Đúng là cuộc sống không biết trước được điều gì em ạ” ￼“Cảm ơn em thật tình cờ nhưng lại tốt cho chị, không giờ có mua cũng không được” ￼ Xin chào các bạn. Mỗi lần đọc lại những dòng tin nhắn của chị khách hàng ￼mình đều có 1 khoảng lặng. Tình cờ Vĩnh tư vấn cho người bạn của chị, chị ngồi nghe cùng và quyết định cũng tham gia hợp đồng bảo hiểm cho bản thân. Chị tham gia bảo hiểm được khoảng 1 năm thì phát hiện ung thư gan. ￼Căn bệnh đã lấy đi sức khỏe của chị, đã biến từ một người năng lượng, một trụ cột của gia đình, người mẹ của 3 đứa con thơ ngày nào bỗng dưng sụt cân trầm trọng và buồn nhất là người thân cũng không thể nhận được nhận diện được khuôn mặt của chị sau căn bạo bệnh. Đến ngày đóng phí hợp đồng, việc chuyển tiền nộp phí cũng trở thành khó khăn khi ngân hàng không nhận diện được khuôn mặt. Trong những lúc nguy cấp như vậy, chị vẫn có 2 hợp đồng bảo hiểm, 1 hợp đồng bảo hiểm cách đây gần 10 năm của Manulife và gần nhất là hợp đồng Daiichi. Hợp đồng Manulife sp truyền thống sau khi chi trả quyền lợi bệnh hiểm nghèo đã dừng luôn. Hợp đồng Daiichi chi trả bệnh hiểm nghèo, sau đó tiếp tục chi trả ở quyền lợi nhân thọ. ￼Đồng hành cùng với chị từ ngày phát hiện bệnh, điều trị, cho tới khi chị trút hơi thở cuối cùng. Vĩnh đã giúp gia đình chị nhận khoản tiền gần 3 tỷ đồng từ 2 hợp đồng bảo hiểm nhân thọ. Ở 1 nơi xa chắc chắn chị vẫn dõi theo những đứa con của chị và an tâm rằng đã có bảo hiểm nhân thọ đồng hành giúp các con vẫn tiếp tục con đường học vấn. ￼Vĩnh làm nghề bảo hiểm nhưng thú thật vẫn không muốn những câu chuyện khách hàng phải nhận tiền bảo hiểm trong những việc như thế này Nhưng chính những câu chuyện như thế lại khiến Vĩnh càng tin vào giá trị của việc chuẩn bị ￼￼Chúng ta thường nói: - Để khi nào có tiền rồi mua ￼- Tôi đang khỏe chưa cần ￼- Chắc mình không đến mức đó đâu - để khi nào có tiền rồi tính ￼ Nhưng bệnh tật thì chẳng bao giờ hỏi: - Bạn đã chuẩn bị chưa? ￼ Đừng mua bảo hiểm vì sợ bệnh. Hãy chuẩn bị bảo hiểm khi mình còn khỏe để nếu chẳng may có chuyện mình vẫn còn quyền lựa chọn. Tiền bảo hiểm lúc mình khỏe có thể thấy đó là 1 khoản chi. Nhưng biến cố xảy ra nó có thể trở thành 1 trong những quyết định tài chính chính đáng giá nhất mình từng làm #TVKN386 #vinhbaohiem",10,10,0,0,0,,,0,0,0,0,0,0/0 (0%),Normal,
430,REVIEW BẢO HIỂM,https://www.facebook.com/groups/hoireviewbaohiem/posts/1755322582341732/,"Mình mua gói bảo hiểm chăm sóc sức khoẻ 2.0 Aia, một năm 250 triệu quyền lợi.. mọi người tư vấn cho em có nên nâng cấp thẻ lên không nhi, em cảm ơn",15,15,0,0,13,health,Tich cuc,5,4,0,4,0,0/9 (0.0%),Normal,
431,REVIEW BẢO HIỂM,https://www.facebook.com/groups/hoireviewbaohiem/posts/1755327172341273/,"Em bị viêm cột sống dính khớp, em cần tiêm thuốc sinh học , em đng tìm hiểu bảo hiểm BIC , không biết bệnh này có bị loại trừ không ạ",3,3,0,0,4,unknown,Trung lap,0,2,0,2,0,0/2 (0.0%),Normal,
432,REVIEW BẢO HIỂM,https://www.facebook.com/groups/hoireviewbaohiem/posts/1755336732340317/,"Mình cần tư vấn mua bảo hiểm cho bé từ sơ sinh Thanh toán 100% ko đồng chi trả, thủ tục claim đơn giản nhanh chóng",17,17,0,0,26,unknown,Spam,4,0,0,20,0,0/4 (0.0%),Normal,
433,REVIEW BẢO HIỂM,https://www.facebook.com/groups/hoireviewbaohiem/posts/1755368849003772/,"Mua BHYT thì nên đăng ký ở Bệnh viện Công hay Bệnh viện Tư? Câu trả lời là: Bạn hoàn toàn được quyền đăng ký ở cả viện công lẫn viện tư, quan trọng là nơi nào phục vụ đúng thói quen đi khám và điều kiện của bạn nhất! Xem thêm video này của mình để xem bạn nên đăng ký theo hướng nào nhé! #BHYT #baohiemyte #baohiemsuckhoe #CC11",3,3,0,0,0,,,0,0,0,0,0,0/0 (0%),Normal,
434,REVIEW BẢO HIỂM,https://www.facebook.com/groups/hoireviewbaohiem/posts/1755375465669777/,"Hôm trước lên văn phòng, Linh vô tình hỗ trợ một chị khách đến xử lý thủ tục. Nhìn chị loay hoay một mình, than thở: *“Tư vấn trước chăm không kỹ, việc gì cũng phải tự lên văn phòng, mất thời gian lắm em ạ…”* mà thấy xót xa ghê. Thực ra, hợp đồng bảo hiểm ký xong mới chỉ là bắt đầu. Giá trị lớn nhất của người tư vấn chính là sự đồng hành sau đó — những lúc khách cần làm thủ tục, thanh toán quyền lợi hay đơn giản là thắc mắc giấy tờ, chỉ cần nhắn một câu là có người hỗ trợ ngay, không phải tự gánh vác hay đợi chờ mệt mỏi. Cảm động nhất là sau khi hỗ trợ xong, chị thương Linh đến mức bảo đợi làm thủ tục chuyển hợp đồng sang cho Linh quản lý rồi mới chịu đóng phí tiếp, chỉ để Linh có chút công chăm sóc. Sự tin tưởng nhỏ bé ấy làm Linh thấy ấm lòng cả ngày và thêm tin vào công việc mình đang làm. Nếu anh/chị nào cũng đang rơi vào tình cảnh “bơ vơ” vì tư vấn cũ đã nghỉ việc hoặc không theo sát, đừng ngần ngại nhắn cho Linh nhé. Linh luôn ở đây, sẵn sàng hỗ trợ tận tâm và đồng hành lâu dài cùng gia đình mình ạ! #TVKN898",4,4,0,0,2,unknown,Trung lap,0,1,1,0,0,1/2 (50.0%),Normal,
435,REVIEW BẢO HIỂM,https://www.facebook.com/groups/hoireviewbaohiem/posts/1755376855669638/,"🏥 36: CÓ THẺ SỨC KHỎE RỒI, TẠI SAO NHẬP VIỆN VẪN CÓ KHOẢN PHẢI TỰ TRẢ? Có thẻ sức khỏe không có nghĩa mọi khoản trên hóa đơn bệnh viện đều được thanh toán. Một phần chi phí có thể khách hàng vẫn phải tự trả khi: ✔️ Chi phí vượt hạn mức/giới hạn quyền lợi đã tham gia. ✔️ Khoản chi không thuộc phạm vi bảo hiểm hoặc thuộc trường hợp loại trừ. ✔️ Quyền lợi có áp dụng tỷ lệ đồng chi trả theo chương trình/trường hợp cụ thể. ✔️ Sự kiện phát sinh trong thời gian chờ. ✔️ Hồ sơ, chứng từ chưa đáp ứng đầy đủ điều kiện để xem xét chi trả. 💡 Vì vậy, đừng chỉ hỏi “Thẻ bảo vệ bao nhiêu?” mà hãy hiểu cả phạm vi – hạn mức – đồng chi trả – thời gian chờ – loại trừ. 👉 Hiểu đúng chiếc thẻ mình đang có sẽ giúp chủ động hơn khi cần sử dụng. MDRT Lưu Đường Quỳnh – Quỳnh Lucky ☎️ 0902.148.126 Quyền lợi thực tế được xem xét theo hồ sơ, chương trình tham gia và Quy tắc & Điều khoản Generali áp dụng cho hợp đồng. #quynhluckybaohiem #baohiemnhantho #GeneraliVietnam #CC01",2,2,0,0,0,,,0,0,0,0,0,0/0 (0%),Normal,
436,REVIEW BẢO HIỂM,https://www.facebook.com/groups/hoireviewbaohiem/posts/1755487985658525/,"E muốn mua bảo hiểm cho bố 50t mẹ 38 tuổi thì nên mua AIA, Manu hay Gen ạ",46,46,0,0,65,unknown,Spam,9,15,6,34,0,6/30 (20.0%),Following,
437,REVIEW BẢO HIỂM,https://www.facebook.com/groups/hoireviewbaohiem/posts/1755498785657445/,"Mình là xin được chia sẻ câu chuyện của mình , mình đi học bảo hiểm và mua cho chính bản thân mình , sau khi mua cho mình rồi thì mình có bán cho một người bạn chơi pick chung Mình rất là nhiệt huyết với nghề nhưng mà có lẽ là mình chưa có duyên thì từ đó đến nay mình chỉ mới ký được 6 hợp đồng bảo hiểm mình trong đó 5 cái là bán cho bản thân mình và 2 con rồi , Và tháng 8 tháng 9 năm nay thì công ty bắt đầu chuyển giao hợp đồng của những tư vấn viên đã qua đời và 1 số không còn hợp tác với công ty nữa cho mình phục vụ Và rồi thì mình cũng gọi điện cho những khách hàng đó để xác nhận mình sẽ là người chăm sóc hợp đồng Một ngày nọ mình gọi cho một khách hàng nữ sinh năm 86 ở Cẩm Mỹ Đồng nai không có ai nghe máy và mình có để lại tin nhắn ở Zalo Ngày hôm sau mình đang đi sự kiện của công ty thì chồng của chị khách hàng ấy nhắn tin lại trong Zalo cho mình là chị H mất rồi em , mất được 2 tháng Mình thoáng chút bất ngờ và có chút buồn vì chị ấy còn quá trẻ , cùng là phụ nữ với nhau và chị ấy cũng có con con gái chị ấy mới 15 tuổi Và rồi mình hỏi anh một bài thông tin và lấy giấy tờ cần thiết để nộp hồ sơ yêu cầu giải quyết quyền lợi tử vong Ngày 7 tháng 9 thì mình nộp hồ sơ yêu cầu giải quyết quyền lợi thì ngày 12 tháng 9 công ty phản hồi chấp nhận chi trả quyền lợi Chia sẻ lên đây để cho mọi người có cái nhìn khách quan về bảo hiểm Thật sự thì khi mình vô mình học là mình mua cho mình mình không nghĩ một ngày mình sẽ đi theo nghề này vì quá nhiều người tiêu cực về bh, vì mình rất là nhát gan mình không có thích chèo kéo , không thích mời chào khách hàng và rất là sợ khách hàng khó chịu với mình , vì mình biết được là không phải ai cũng hiểu giá trị của bảo hiểm , bản thân mình thì mình hiểu rất rõ bảo hiểm, những năm tháng mà mình không có chuẩn bị bảo hiểm thì thật may mắn là cuộc đời của mình vẫn rất là bình an , nhưng mình không dám chắc sự bình an đó nó sẽ kéo dài Nên bây giờ có bảo hiểm rồi mình rất là yên tâm Một bộ phận rất là đông người dân thì rất là tiêu cực về bảo hiểm luôn nói những từ ngữ rất là khó nghe đại loại như lừa đảo , Nhưng chính Em đã trực tiếp nộp hồ sơ yêu cầu giải quyết quyền lợi và công ty chấp thuận trong vòng chưa đến 1 tuần Và Lý do tử vong ở đây là Quyên sinh nha mọi người vậy thì mọi người nói bảo hiểm lừa đảo vậy thì tại sao lại chi trả trong trường hợp này ?? Mọi người giải thích được không Còn em thì rất biết ơn vì cái sự nhân văn đó của công ty bảo hiểm Hãy dừng lại và đọc bài của em để có cái nhìn nhận khách quan về bảo hiểm Và nếu như sức khỏe còn tốt thì đừng có chần chừ trang bị cho mình một gói bảo hiểm vì không ai nghèo đi vì mua bảo hiểm đâu , em chỉ thấy những người nghèo đi vì không có sự chuẩn bị Em nói dựa trên cương vị của một người khách hàng có quyền lợi tại công ty bảo hiểm chứ em không nói vì em là đại lý em Quảng cáo cho cty Em 3 hợp đồng bảo hiểm , con em mỗi bé 1 cái Có đầy đủ các quyền lợi , bệnh hiểm nghèo , tai nạn thẻ sức khỏe , em mua đầy đủ và khi tham gia hợp đồng bảo hiểm em biết mình không có lời về dòng tiền nhưng em được lợi là em được bảo vệ và sau khi đáo hạn số tiền em đóng cho công ty bảo hiểm đó không hoàn toàn mất đi em vẫn có thể rút ra 70-80% với hợp đồng em đang sở hữu Vậy thì còn điều gì khiến anh chị chần chừ mua bảo hiểm Bảo hiểm không phải là kênh đầu tư sinh lời cái chữ lời ở trong bảo hiểm anh chị phải hiểu như thế này nè : số tiền anh chị đóng vào sau khi trừ đi tất cả các loại phí , còn dư lại bao nhiêu thì công ty trả lãi trên cái số tiền dư lại đó , chứ không phải là trả lãi cho toàn bộ cái số tiền anh chị mua bảo hiểm Vậy thì nếu anh chị mua một hợp đồng bảo hiểm và mong có lời trong tương lai thì sự thật rất là khó xảy ra Và cũng có trường hợp có lời , nhưng mà các anh chị phải tham gia hợp đồng bảo hiểm liên kết đầu tư và chấp nhận cho công ty đem cái số tiền còn dư đó đi đầu tư vào những cái loại tài sản có biến động rất mạnh ví dụ như là cổ phiếu Sản phẩm này thì khi đi đầu tư sẽ có cái rủi ro nếu là thành công thì anh chị sẽ có lời , nếu công ty đầu tư không hiệu quả thì số tiền anh chị nhận lại có thể sẽ thấp , Hi vọng với một vài tâm sự của em sẽ giúp những ai đang băn khoăn về bảo hiểm sẽ tích cực tìm hiểu thật sâu về bảo hiểm để trang bị cho mình và gia đình càng sớm càng tốt Phải nhớ rằng bảo hiểm chỉ bảo vệ cho những điều chưa xảy ra , còn xảy ra rồi thì không có được bảo hiểm nữa",120,120,0,0,33,unknown,Trung lap,12,14,7,2,0,7/33 (21.2%),Following,
438,REVIEW BẢO HIỂM,https://www.facebook.com/groups/hoireviewbaohiem/posts/1755513948989262/,"Tv hộ e bảo hiểm sktd gói 1 năm 2.8tr ạ Mẹ em được đk mua bh này do cty mua ạ, Nhưng ko biết cách sd , mình đi khám có mang theo khám dc ko ạ Mẹ e sn 74 ạ",3,3,0,0,5,unknown,Spam,0,1,0,4,0,0/1 (0.0%),Normal,
439,REVIEW BẢO HIỂM,https://www.facebook.com/groups/hoireviewbaohiem/posts/1755748592299131/,Chào cả nhà Em dùng gói MIC Care bị trừ 100k tiền bảo lãnh. Như thế có đúng không ạ?,5,5,0,0,20,unknown,Trung lap,0,15,3,1,0,3/18 (16.7%),Normal,
440,REVIEW BẢO HIỂM,https://www.facebook.com/groups/hoireviewbaohiem/posts/1755799435627380/,"Số tiền khách hàng yêu cầu giải quyết cho lần khám sản này thực ra không quá lớn, nhưng với mình, quyền lợi dù lớn hay nhỏ vẫn là quyền lợi của khách hàng. Làm bảo hiểm không chỉ là lúc ký hợp đồng hay thu phí. Mà là khi khách hàng cần, mình vẫn ở đó để đồng hành và bảo vệ quyền lợi cho họ. Tiền nhiều hay ít không quan trọng. Quan trọng là mình đã làm hết trách nhiệm của một người tư vấn. ❤️ #Đồnghànhcùngkháchhàng #RVBH183",5,5,0,0,0,,,0,0,0,0,0,0/0 (0%),Normal,
441,REVIEW BẢO HIỂM,https://www.facebook.com/groups/hoireviewbaohiem/posts/1755852602288730/,"Mình cần mua BH cho chồng sn90, ưu tiên thẻ sức khoẻ. M đang phân AIA và Manulife Rất cần ace tvv có tâm tư vấn giúp ạ",52,52,0,0,47,unknown,Spam,7,6,0,34,0,0/13 (0.0%),Normal,
442,REVIEW BẢO HIỂM,https://www.facebook.com/groups/hoireviewbaohiem/posts/1755904045616919/,"Mình cần mua bhnt cho bố 33 tuổi có thẻ sk, bhn, tai nạn cho bố, đính kèm thẻ sk cho bé 5 tháng. Tài chính 16tr. Có cam kết hoàn lại Mình đang muon tham khảo daiichi , aia , sun. Ngoài daiichi có hãng nào cố định phí BHN trong suốt cả hợp đồng k ạ.",15,15,0,0,37,unknown,Spam,3,8,0,25,0,0/11 (0.0%),Normal,
443,REVIEW BẢO HIỂM,https://www.facebook.com/groups/hoireviewbaohiem/posts/1755910085616315/,"Em cần mua thẻ bảo hiểm sức khoẻ cho gia đình, PVI ,BẢO VIỆT hoặc MANULIFE ạ",15,15,0,0,25,unknown,Spam,1,3,0,18,0,0/4 (0.0%),Normal,
444,REVIEW BẢO HIỂM,https://www.facebook.com/groups/hoireviewbaohiem/posts/1755960345611289/,"Mình muốn bảo hiểm thẻ sức khỏe rời cho bé, 1 bé hơn 5 tuổi và 1 bé hơn 2 tuổi rưỡi, các bé đều đã nằm viện vì viêm tiểu phế quản, virus adeno, RSV, viêm amidan mủ r ạ, vậy bây giờ mua có bị loại trừ hết k ạ, và chi phí loại thẻ các hãng thế nào ạ, mình cần loại rẻ vừa tiền ạ",15,15,0,0,16,unknown,Spam,0,3,0,13,0,0/3 (0.0%),Normal,
445,REVIEW BẢO HIỂM,https://www.facebook.com/groups/hoireviewbaohiem/posts/1756091335598190/,"Mình muốn tìm TVV tu vấn gói sức khoẻ cho bé sơ có tiền sử sinh non 27 tuần, lúc sinh dưới 1kg, hiện dc 2kg, đã điều trị bệnh lý hô hấp do sinh non. Liệu có gói nào phù hợp và mua được không phải chờ đến khi con 5tuổi? Thì các bạn tư vấn giúp",8,8,0,0,11,unknown,Trung lap,1,9,0,1,0,0/10 (0.0%),Normal,
446,REVIEW BẢO HIỂM,https://www.facebook.com/groups/hoireviewbaohiem/posts/1756216978918959/,"Mình mua bảo hiểm bảo việt cho chồng mình 15 nam đã đóng dc 2 năm, mỗi năm 17tr nhưng bây giờ mình muốn giảm mức đóng xuống có được ko?",7,7,0,0,7,unknown,Trung lap,0,6,0,1,0,0/6 (0.0%),Normal,
447,REVIEW BẢO HIỂM,https://www.facebook.com/groups/hoireviewbaohiem/posts/1756259965581327/,"Mình tính mua BHNT, hợp đồng có phần kê khai tiền sử bệnh, thật sự không thể nhớ chính xác là khám ở đâu, bệnh gì, khi có bệnh đi khám 1 bệnh viện, khi xong liệu trình khám bv khác thấy ổn thì không quay lại ban đầu để khám...nên nhiều khi không nhớ để kê khai hết. Vậy có cách nào để liên hệ truy xuất toàn bộ lịch sử khám BHYT và lịch sử khám bệnh ở các bệnh viện tư mà không dùng BHYT hay không? Cảm ơn mn.,",20,20,0,0,12,unknown,Spam,5,1,0,6,0,0/6 (0.0%),Normal,
448,REVIEW BẢO HIỂM,https://www.facebook.com/groups/hoireviewbaohiem/posts/1756539592220031/,Các anh/chị TVV cho em hỏi chút ạ. Năm 2014 mẹ em có mua gói bhiem quà tặng con yêu của manulife. Đến nay là năm thứ 12 mẹ em muốn rút ko đóng nữa. Thì với gói nhà e nếu rút năm nay thì lấy được bao nhiêu tiền ạ? Có nên tiếp tục đóng ko hay nên rút ạ?,3,3,0,0,4,unknown,Trung lap,1,2,0,0,0,0/3 (0.0%),Normal,
449,REVIEW BẢO HIỂM,https://www.facebook.com/groups/hoireviewbaohiem/posts/1756580705549253/,Con em mua BH AIA nằm viện được BLVP. Tuy nhiên những xét nghiệm trc khi nhập viện thì bên bảo lãnh nói gd phải tự nộp riêng. Giờ em cần làm ntn ạ? Mong các anh chị chỉ giúp,16,16,0,0,16,unknown,Trung lap,0,7,0,5,0,0/7 (0.0%),Normal,
450,REVIEW BẢO HIỂM,https://www.facebook.com/groups/hoireviewbaohiem/posts/1756615068879150/,AIA bây giờ có KM gì không mng ơi. Mình mua nhân thọ 5tr5 và thẻ SK cho 2mẹ con tầm 18tr ạ,40,40,0,0,48,unknown,Trung lap,7,13,3,12,0,3/23 (13.0%),Normal,
451,REVIEW BẢO HIỂM,https://www.facebook.com/groups/hoireviewbaohiem/posts/1756634558877201/,Chào các anh chị! Hiện tại em đang muốn mua thẻ rời không kèm nhân thọ cho bé bao gồm ngoại trú và nội trú. Bảo lãnh viện phí 100% cho bé 30 ngày tuổi. Anh chị tư vấn giúp em ạ,8,8,0,0,11,unknown,Spam,0,2,0,7,0,0/2 (0.0%),Normal,
452,REVIEW BẢO HIỂM,https://www.facebook.com/groups/hoireviewbaohiem/posts/1756656115541712/,Mình ở Đà Nẵng cần tư vấn thẻ rời của MIC Care cho 2 mẹ con.,14,14,0,0,13,unknown,Spam,2,2,0,9,0,0/4 (0.0%),Normal,
453,REVIEW BẢO HIỂM,https://www.facebook.com/groups/hoireviewbaohiem/posts/1756680948872562/,">>>NHỮNG AI ĐANG QUAN TÂM DÒNG SP THUẦN BẢO VỆ THÌ KO NÊN BỎ QUA SP NÀY <<< Thật sự í, có hơn 10tr/ năm, mà bệnh hiểm nghèo mua được 2,5 tỷ chi trả từ giai đoạn sớm, 30% gđs là 750tr đó. Tử vong. TTTBVV 2,5 tỷ. KH 37 tuổi, nhóm nghề 1. Bảo hiểm hệ số đòn bẩy cỡ này đỉnh quá taaaaa. Có thể gắn thêm thẻ sức khoẻ nội - ngoại - nha khoa. Lưu ý: không có giá trị hoàn lại Thời hạn bảo hiểm: Lên tới 85 tuổi",8,7,0,1,6,unknown,Trung lap,0,2,0,2,0,0/2 (0.0%),Normal,
454,REVIEW BẢO HIỂM,https://www.facebook.com/groups/hoireviewbaohiem/posts/1756704482203542/,Cho mình hỏi aia đóng phí theo 3-6 tháng bị mất phí ạ ? Bên khác có bị như thế k ạ ? Rõ ràng là cùng 1 khoản tiền mà đóng 6 tháng 1 lại bị mất tầm phí gần 200k,9,9,0,0,20,unknown,Trung lap,0,15,2,2,0,2/17 (11.8%),Normal,
455,REVIEW BẢO HIỂM,https://www.facebook.com/groups/hoireviewbaohiem/posts/1756718085535515/,"Hải Dương cần tư vấn bảo hiểm Bảo Việt, Mic",11,11,0,0,9,unknown,Spam,0,0,0,2,0,0/0 (0%),Normal,
456,REVIEW BẢO HIỂM,https://www.facebook.com/groups/hoireviewbaohiem/posts/1756736422200348/,"Em là nữ, nhân viên văn phòng. Dự định sinh con vào năm sau. Công ty em có mua bảo hiểm sức khỏe cho toàn bộ nhân viên trong công ty, trong đó có chi phí bảo hiểm thai sản nhưng quyền lợi không cao. Em muốn tham khảo thêm 1 gói bảo hiểm thai sản khác có bảo lãnh viện phí ở BV Đa Khoa Quốc Tế Hoàn Mỹ Thủ Đức. A/C tư vấn giúp em với ạ!",12,12,0,0,24,unknown,Spam,1,1,0,15,0,0/2 (0.0%),Normal,
457,REVIEW BẢO HIỂM,https://www.facebook.com/groups/hoireviewbaohiem/posts/1756743445532979/,"Góc xin lời khuyên bhyt nhổ răng Dạ chào cả nhà, hiện tại bhyt của em ở bệnh viện đa khoa chánh hưng. Tuy nhiên, em muốn nhổ răng khôn ở bệnh viện trung ương RHM. Vậy hiện tại e cần chuyển tuyến bhyt của em đi đâu hoặc có cách nào để claim dc nhiều tiền nhất khi nhổ răng tại bệnh viện trung ương RHM ko ạ",4,4,0,0,6,unknown,Tich cuc,3,2,1,0,0,1/6 (16.7%),Normal,
458,REVIEW BẢO HIỂM,https://www.facebook.com/groups/hoireviewbaohiem/posts/1756758072198183/,mình có hạn mức sử dụng bảo hiểm về ĐÔNG Y mình muốn tìm nới nào sủ dụng được giống dạng HOA ĐÀ hoặc HƯƠNG SEN bạn nào biết chỉ mình với,2,2,0,0,1,unknown,Tich cuc,1,0,0,0,0,0/1 (0.0%),Normal,
459,REVIEW BẢO HIỂM,https://www.facebook.com/groups/hoireviewbaohiem/posts/1756776318863025/,"Mình đang có thẻ sức khỏe nội-ngoại trú Bảo Việt của cty mua cho, BHNT AIA + thẻ sức khỏe nội trú AIA. Nhưng thẻ Bảo Việt chỉ có hạn mức thai sản 21tr, thẻ sk AIA ko có quyền lợi thai sản. Mình muốn tìm hiểu thêm gói bảo hiểm thai sản riêng, các bạn tư vấn giúp mình, cảm ơn",6,6,0,0,15,unknown,Spam,1,1,0,4,0,0/2 (0.0%),Normal,
460,REVIEW BẢO HIỂM,https://www.facebook.com/groups/hoireviewbaohiem/posts/1756788312195159/,MÌNH CẦN 1 BẠN BÊN BH AIA - takecare tốt cả sau này,49,49,0,0,48,unknown,Spam,7,2,0,13,0,0/9 (0.0%),Normal,
461,REVIEW BẢO HIỂM,https://www.facebook.com/groups/hoireviewbaohiem/posts/1756839418856715/,"Ma.n: từ 15/9/2026, đóng phí BH định kỳ từ 10tr bằng thẻ tín dụng sẽ bị tính thêm phí thanh toán. Xã hội đang tiến lên với thanh toán không tiền mặt, mà chính sách này lại đi ngược xu hướng. Là khách hàng, mình thấy đây là một bước thụt lùi.",120,116,3,1,100,unknown,Trung lap,4,39,23,4,0,23/66 (34.8%),Following,
462,REVIEW BẢO HIỂM,https://www.facebook.com/groups/hoireviewbaohiem/posts/1756875785519745/,"các ac tvv DC cho em biết với, ngày xưa em bị viêm ruột thừa đã mổ xong hết rồi, lúc mua em không khai bệnh mà HĐ vẫn phát hành bình thường, vậy thì có ảnh hưởng gì không ạ?",7,7,0,0,12,unknown,Trung lap,1,4,0,3,0,0/5 (0.0%),Normal,
463,REVIEW BẢO HIỂM,https://www.facebook.com/groups/hoireviewbaohiem/posts/1756901152183875/,"Cho mình hỏi ba mình mua bảo hiểm này lâu rồi , giờ ba bị ung thư thì có được chi trả gì ko ạ ? Mình cảm ơn",55,54,0,1,66,unknown,Trung lap,4,18,8,2,0,8/30 (26.7%),Following,
464,REVIEW BẢO HIỂM,https://www.facebook.com/groups/hoireviewbaohiem/posts/1756903072183683/,"An phát cát tường - Bảo Việt Anh chị tư vấn viên cho em hỏi, trong 4 năm đầu tiên có cách nào giảm được phí chính xuống không ạ? Em cảm ơn!",7,7,0,0,13,life_general,Spam,0,1,0,2,0,0/1 (0.0%),Normal,
465,REVIEW BẢO HIỂM,https://www.facebook.com/groups/hoireviewbaohiem/posts/1756905772183413/,"ĐI SINH BÂY GIỜ SƯỚNG THẬT Dạo này Admin nhận được nhiều lời ""đặt hàng"" của các chị em nhờ bóc tách chi phí đi sinh ở các viện khu vực miền Trung, nay mình ghé qua khu vực Vinh – Hà Tĩnh nha Phải công nhận một điều: Dịch vụ sản khoa ở các viện bây giờ ngày một nâng cấp, xịn sò không thua kém gì khách sạn hay resort nghỉ dưỡng. Đơn cử như Bệnh viện Đa khoa TTH Hà Tĩnh 1 số dịch vụ như: - Phòng ốc riêng tư, sạch đẹp - Mẹ được massage body rượu gừng, ngâm chân thảo dược, xông phụ khoa, gội đầu thư giãn, chiếu tia plasma lành sẹo nhanh. - Em bé chào đời được bế ấp, tắm mát, chiếu plasma rốn, tiêm chủng đầy đủ, có gói sàng lọc sơ sinh mở rộng. - Lên đến các gói VIP cao cấp còn có cả nữ hộ sinh túc trực hỗ trợ chăm bé qua đêm trọn vẹn 5 đêm tại phòng riêng, bao trọn 15 suất ăn người nhà, tặng cả video khoảnh khắc đón con chào đời tiền triệu... Nhưng đi đôi với dịch vụ ngày càng tốt lên thì chi phí đi sinh cũng không hề nhỏ. Dao động từ tầm 8 triệu cho ca sinh thường cơ bản đến gần 35 triệu cho gói sinh mổ VIP cao cấp. Nếu không có kế hoạch tài chính từ trước thì đây là một khoản chi khá ""nặng ví"" cho gia đình trẻ. VẬY CHỌN THẺ THAI SẢN ĐỂ ĐI SINH TẠI ĐÂY Nhiều mom nhắn hỏi Thùy: ""Em định sinh gói 20 - 30 triệu ở TTH Hà Tĩnh thì có cần mua tới thai sản hạn mức 30 - 40 triệu cho bằng tiền viện không chị?"" Câu trả lời của Admin là: KHÔNG CẦN THIẾT vì bản chất bảo hiểm thai sản chỉ thanh toán cho CHI PHÍ Y TẾ THUỘC PHẠM VI BẢO HIỂM, còn các dịch vụ tiện ích như: massage phục hồi, nữ hộ sinh trông bé đêm, suất ăn người nhà, video kỷ niệm... khi xuất bảng kê viện phí sẽ bị bóc tách loại trừ. Do đó phần viện phí thực tế được bảo hiểm duyệt trả thường thấp hơn khá nhiều so với giá gói niêm yết. -> Bí quyết tiết kiệm nhất là chọn chiếc thẻ có hạn mức vừa vặn với chi phí y tế thực trả, thường bắt đầu: - Sinh thường gói cơ bản VIP 1 (8 - 9 triệu): Tham gia từ gói B3 trở lên (hạn mức 10 triệu, phí chỉ từ 3.5 triệu/năm) là đã nhẹ gánh gần như toàn bộ chi phí y tế. - Sinh mổ VIP 1 hoặc Sinh thường VIP 3: Chỉ cần cân nhắc từ gói B3 hoặc B4 trở lên (hạn mức 10 - 15 triệu, phí từ 3.5 - 5.2 triệu/năm). - - Sinh mổ VIP 3 hoặc Sinh thường VIP 5: Chọn từ gói B4 hoặc B5 trở lên (hạn mức 15 - 20 triệu) để dòng tiền bảo lãnh được thoải mái nhất. - Sinh mổ VIP 5 nghỉ dưỡng cao cấp (33 - 35 triệu): Các khoản tiện ích ngoài y tế chiếm tới cả chục triệu, nên mẹ chỉ cần trang bị từ gói B5 hoặc B6 trở lên (hạn mức 20 - 25 triệu) là đã thanh toán gần trọn vẹn phần chi phí phẫu thuật chính rồi, không lo lãng phí phí mua thẻ hàng năm, hoặc cần cover hết chi phí bạn có thể mua kết hợp thêm gói trợ cấp sau sinh của Mother Care LƯU Ý Thẻ thai sản rời quy định thời gian chờ 270 ngày. * Mẹ thả bầu tự nhiên: Nên mua trước khi thả ít nhất 1 tháng. * Mẹ chuẩn bị làm IVF: Mua trước khi chuyển phôi từ 1.5 đến 2 tháng để kịp thời gian chờ và dự phòng sinh non. Que đã lên 2 vạch rồi mới tìm mua là 100% không kịp quyền lợi sinh con đâu Các mẹ khu vực Nghệ An - Hà Tĩnh dự kiến đón bé vào tháng mấy và đang lựa chọn gói sinh nào tại TTH Hà Tĩnh hay các viện lân cận? Cứ để lại cmt hoặc inbox Nguyễn Hoa, Zương Zuồi chuyên thẻ sức khỏe và bồi thường ở Kvực Hà Tĩnh - Vinh hỗ trợ nha Bài sau mình sẽ chia sẻ bv Sản Nhi Nghệ An các mom nhé #Admin #SCC #TTHHaTinh #Thaisan #Reviewbaohiem",3,3,0,0,0,,,0,0,0,0,0,0/0 (0%),Normal,
466,REVIEW BẢO HIỂM,https://www.facebook.com/groups/hoireviewbaohiem/posts/1756950562178934/,"Cùng là 1 khách hàng này của em , chỉ trong vòng chưa đầy 1 tháng con chị ý đi viện khám 2 lần và 𝐆𝐞𝐧 đ𝐚̃ 𝐧𝐡𝐚𝐧𝐡 𝐜𝐡𝐨́𝐧𝐠 𝐜𝐡𝐢 𝐭𝐫𝐚̉ 𝐜𝐡𝐢 𝐩𝐡𝐢́ 𝐤𝐡𝐚́𝐦 𝟏.𝟓𝟎𝟎.𝟎𝟎𝟎𝐯𝐧đ / 𝐦𝐨̂̃𝐢 𝐥𝐚̂̀𝐧 𝐤𝐡𝐚́𝐦 ☘️ Điều em muốn chia sẻ ở đây là : 👉 Gen chi trả cho chị ý khá nhanh chóng 👌 👉 App Genvita sử dụng khá là mượt mà và tiện lợi 😍 👉 Lần trước TVV là em hỗ trợ nộp hồ sơ yêu cầu bảo hiểm trên app. Lần này chị ý tự thao tác nộp trên app ( không thấy hỏi gì TVV lun , cho đến khi em thấy hệ thống báo khách này được chi trả hihi ) -> Cả 2 cách đều rất đơn giản và nhanh chóng như nhau . Đây là câu trả lời cho câu hỏi : “ Claim Gen có dễ không?! “ , “ App có mượt không ?! “ 🥰 Tham gia bảo hiểm Generali để nhận về sự thuận tiện trong khâu claim và đổi lại sự an tâm hài lòng như khách hàng này của em cả nhà nhé ! Bấm vào : #CC12 để theo dõi thêm những bài viết chia sẻ từ em mọi người nhé 💙 - 𝐊𝐡𝐚́𝐧𝐡 𝐇𝐚̀ 𝐁𝐚̉𝐨 𝐡𝐢𝐞̂̉𝐦 | 𝐁𝐚̉𝐨 𝐡𝐢𝐞̂̉𝐦 𝐆𝐞𝐧𝐞𝐫𝐚𝐥𝐢 - 𝑪𝒉𝒂̆𝒎 𝒔𝒐́𝒄 & đ𝒐̂̀𝒏𝒈 𝒉𝒂̀𝒏𝒉 𝒌𝒉𝒂́𝒄𝒉 𝒉𝒂̀𝒏𝒈 𝒕𝒓𝒆̂𝒏 𝒕𝒐𝒂̀𝒏 𝒒𝒖𝒐̂́𝒄 📞 09.686.739.7️⃣6️⃣",2,2,0,0,0,,,0,0,0,0,0,0/0 (0%),Normal,
467,REVIEW BẢO HIỂM,https://www.facebook.com/groups/hoireviewbaohiem/posts/1756951232178867/,có bảo hiểm thai sản nào để sinh ở phương châu cần thơ không ạ tư vấn em với thủ tục duyệt dễ dàng nữa,10,10,0,0,16,health,Spam,0,0,0,2,0,0/0 (0%),Normal,
468,REVIEW BẢO HIỂM,https://www.facebook.com/groups/hoireviewbaohiem/posts/1756977055509618/,"anh chị ơi em hỏi, em đang muốn mua bảo hiểm sức khoẻ cho con và nhân thọ cho em, thì nhân thọ bên nào tốt ạ và bảo hiểm sức khoẻ bên nào không đồng chi trả cả viện công và viện tư, trả cả những xét nghiệm âm tính vậy ạ",14,14,0,0,32,unknown,Spam,2,4,0,14,0,0/6 (0.0%),Normal,
469,REVIEW BẢO HIỂM,https://www.facebook.com/groups/hoireviewbaohiem/posts/1757008162173174/,Mình cần tư vấn gói bảo hiểm này bên teckcombank ạ,9,9,0,0,15,unknown,Trung lap,1,2,0,2,0,0/3 (0.0%),Normal,
470,REVIEW BẢO HIỂM,https://www.facebook.com/groups/hoireviewbaohiem/posts/1757052025502121/,"Dạ em muốn mua bảo hiểm sức khỏe và nhân thọ thì chỉ cần gọi lên tổng đài công ty sẽ tư vấn hay phải ra cửa hàng ạ. Vì trước em có mua bảo hiểm nhân thọ kiêm thẻ sức khỏe A của một người quen, trước khi sử dụng quyền lợi chị nói là em sẽ được quyền lợi như vậy, nhưng thực tế là chị tư vấn sai, bảo hiểm em cũng tự gom hồ sơ và tự gửi cho bên bảo hiểm A luôn. Với giờ chị nói chị nghỉ làm bảo hiểm A rồi, chị đang bán bảo hiểm bên B, cần mua bên bảo hiểm B qua chị tư vấn cho. Còn chị vẫn hỗ trợ bảo hiểm A, nhưng thật là giờ em mất niềm tin rồi, ngay cả quyền lợi chị thiết kế cho em chị cũng không hiểu rõ, tư vấn sai dẫn đến lúc nhận tiền bên cty bảo hiểm giải thích lại em mới biết. Rất là thất vọng luôn ạ. Nên giờ em không biết liên hệ đâu để uy tín, an toàn nữa ạ.",18,17,1,0,24,unknown,Spam,1,5,0,9,0,0/6 (0.0%),Normal,
471,REVIEW BẢO HIỂM,https://www.facebook.com/groups/hoireviewbaohiem/posts/1757052238835433/,Tư vấn 1 bảo hiểm rời sức khoẻ cho bé sơ sinh. Có bệnh nền hẹp tá tràng đã phẫu thuật ổn định ạ,16,16,0,0,15,health,Trung lap,0,3,0,2,0,0/3 (0.0%),Normal,
472,BỒI THƯỜNG BẢO HIỂM,https://www.facebook.com/groups/boithuongbh/posts/2095914864342982/,"📌 THẺ BẢO HIỂM Y TẾ: ""TẤM LÁ CHẮN"" KHÔNG THỂ THIẾU CHO SỨC KHỎE VÀ TÚI TIỀN CỦA BẠN! 🩺 Đăng ký ngay để bảo vệ bản thân và gia đình trước mọi biến cố!Cuộc sống luôn có những điều bất ngờ mà chúng ta không thể lường trước được, đặc biệt là chuyện ốm đau, bệnh tật. Thay vì lo lắng, hãy chủ động trang bị cho mình tấm thẻ Bảo hiểm y tế (BHYT) – giải pháp an sinh tuyệt vời mang lại 3 đặc quyền lớn: 👉 1. Giảm nhẹ áp lực tài chính – An tâm điều trịKhi có thẻ BHYT, bạn sẽ được quỹ BHYT chi trả từ 80% đến 100% chi phí khám chữa bệnh đúng tuyến. Từ tiền khám, tiền thuốc cho đến chi phí giường nằm đều được hỗ trợ, giúp bạn và gia đình không phải rơi vào cảnh kiệt quệ tài chính khi chẳng may mắc bệnh hiểm nghèo. 👉 2. Tiếp cận dịch vụ y tế chất lượng caoThẻ BHYT mở ra cánh cửa giúp bạn dễ dàng tiếp cận hệ thống y tế từ tuyến cơ sở đến các bệnh viện trung ương. Danh mục thuốc, vật tư y tế và các kỹ thuật điều trị tiên tiến do BHYT chi trả ngày càng được mở rộng, đảm bảo bạn luôn nhận được sự chăm sóc tốt nhất. 👉 3. Lan tỏa giá trị nhân văn – ""Mình vì mọi người, mọi người vì mình""Tham gia BHYT không chỉ là bảo vệ chính mình, mà còn là hành động chia sẻ cộng đồng. Khoản đóng góp của bạn khi khỏe mạnh chính là nguồn hỗ trợ quý giá cho những người có hoàn cảnh khó khăn hơn đang phải chiến đấu với bệnh tật. 💡 Đừng đợi đến khi có bệnh mới mua BHYT! Hãy tham gia ngay hôm nay để tích lũy sự an tâm cho ngày mai. 📞 Liên hệ ngay : 0777.847.004 để được tư vấn và đăng ký tham gia BHYT hộ gia đình một cách nhanh chóng! #BaoHiemYTe #SucKhoeLaVang #AnSinhXaHoi #ChamSocSucKhoe #BHYT #xaykenhfb #phattrienkenh #kiemtiennoidung #xuhuong #viral",0,0,0,0,0,,,0,0,0,0,0,0/0 (0%),Normal,
473,BỒI THƯỜNG BẢO HIỂM,https://www.facebook.com/groups/boithuongbh/posts/2096107267657075/,"CHUYỆN VUI BẢO HIỂM: Mua bảo hiểm mọi rủi ro tài sản cho… 24 điếu xì gà thượng hạng? Chuyện như đùa nhưng lại là một án lệ kinh điển khiến giới bảo hiểm và pháp lý quốc tế vừa cười vừa gật gù tâm đắc. Một vị luật sư sành điệu tại Mỹ sau khi chi bộn tiền tậu hộp xì gà quý hiếm liền cẩn thận mua gói ""bảo hiểm mọi rủi ro tài sản"". Sau một tháng thong thả thưởng thức sạch bách hộp xì gà, ông gửi hồ sơ yêu cầu giải quyết quyền lợi bảo hiểm với lý do: Toàn bộ số tài sản trên đã bị tổn thất hoàn toàn sau “24 vụ cháy nhỏ liên tiếp”! Công ty bảo hiểm đã từ chối bồi thường vì cho rằng khách hàng đang tiêu dùng sản phẩm đúng với công năng tự nhiên. Không phục, vị luật sư đâm đơn kiện. TạI tòa, vị thẩm phán lật từng trang của hợp đồng bảo hiểm và phát hiện không có điều khoản loại trừ hành vi hút thuốc! Giấy trắng mực đen rành rành, tòa tuyên công ty bảo hiểm thua kiện, buộc phải chi trả trọn vẹn 15.000 USD bồi thường. Thế nhưng, “vỏ quýt dày có móng tay nhọn”. Ngay khi vị luật sư vừa ký nhận tờ séc bồi thường, bộ phận Điều tra gian lận bảo hiểm đã lập tức tung nước cờ quyết định. Dựa trên chính hồ sơ bồi thường và lời khai có tuyên thệ của ông tại tòa rằng mình đã “châm lửa đốt tài sản”, họ gửi đơn tố cáo ông 24 tội danh: Cố ý phóng hỏa hủy hoại tài sản đã mua bảo hiểm. Kết quả: Vị luật sư bỏ túi 15.000 USD tiền bồi thường nhưng đổi lại bản án 24 tháng tù giam kèm mức phạt 24.000 USD! Bảo hiểm thực chất là nghệ thuật đỉnh cao của việc quản trị rủi ro và hiểu rõ từng câu chữ pháp lý. Một điều khoản nhỏ nếu không nắm rõ có thể biến chiếc phao cứu sinh thành cái bẫy khôn lường. Bạn có tò mò về những ""kẽ hở"" hợp đồng phổ biến nhất hiện nay mà người tham gia bảo hiểm hay bỏ lỡ? Nhấn Follow ngay để cùng bóc tách những bí mật quyền lợi đầy bất ngờ trong bài viết kế tiếp nhé!",1,1,0,0,0,,,0,0,0,0,0,0/0 (0%),Normal,
474,BỒI THƯỜNG BẢO HIỂM,https://www.facebook.com/groups/boithuongbh/posts/2107203606547441/,"Không phải cứ đóng BHXH lâu thì lương sẽ cao. CHỊ EM ĐÃ ĐÓNG BHXH TRÊN 15 NĂM NHẤT ĐỊNH PHẢI ĐỌC BÀI NÀY Hôm này em nhận quá trình đóng của 1 chị sinh năm 1983 với 16 năm 3 tháng đóng BHXH cả qua công ty và tự nguyện. Có 1 điều khá buồn là chị có 22 tháng tự nguyện đóng mức thấp nhất là 1,5 triệu nên lương bình quân bị giảm từ 9,8tr xuống 9tr. Nếu chị vẫn tiếp tục đóng cho đủ 30 năm với mức lương 1,5 triệu thì lương hưu sẽ giảm so với không đóng tiếp. Từ 4.3tr giảm xuống 4.1tr Nghe thì vô lý nhưng tính rồi mới biết. Vậy nên không phải cứ đóng lâu hưởng tỷ lệ tối đa là lương hưu sẽ tăng. Còn phải tính toán mức đóng cho phù hợp. Với người đã đóng trên 15 năm lại càng phải tính kĩ để tránh đóng mức thấp hơn mức BQ đã tham gia, làm giảm mức lương BQ và lương hưu không tăng hoặc tăng rất ít. ACE nào đang muốn đóng thêm BHXH tự nguyện để lương hưu cao hơn nhắn em quá trình để được tư vấn mức đóng và thời gian đóng phù hợp nhé. Bác nào không hiểu rõ thì đừng đi tư vấn người khác là cứ đóng mức thấp nhất cho đủ 30 năm để hưởng tỷ lệ tối đa. 75% của mức BQ 5.5tr còn thấp hơn 48% của mức 9tr #Thutrienhxh #Dichvutuvanbhxh #BHXH2026 #Thongtinbaohiem #BHXH",6,6,0,0,0,,,0,0,0,0,0,0/0 (0%),Normal,
475,BỒI THƯỜNG BẢO HIỂM,https://www.facebook.com/groups/boithuongbh/posts/2107334776534324/,Mn tham khảo minh họa lương hưu 1 số mức đóng cho nam/nữ 40 tuổi nha. Ace cần độ tuổi nào nữa nhắn em hoặc cmt nha #bhxhtunguyen,0,0,0,0,0,,,0,0,0,0,0,0/0 (0%),Normal,
476,BỒI THƯỜNG BẢO HIỂM,https://www.facebook.com/groups/boithuongbh/posts/2108528896414912/,"Con gái 40 tuổi mua bảo hiểm cho bố 65 tuổi. Mới đây, bố điều trị vết thương hở ở cẳng chân, gia đình chỉ phải chi trả hơn 80.000đ — phần còn lại được BHYT đúng tuyến và bảo hiểm sức khỏe trọn đời AIA hỗ trợ. Người lớn tuổi có thể không còn áp lực kiếm tiền, nhưng tai nạn sinh hoạt và bệnh lý lại thường tăng theo tuổi. ❤️ Trước khi bố mẹ bước sang tuổi 70, anh chị hãy chủ động nhắn Linh để được tư vấn giải pháp bảo vệ sức khỏe phù hợp nhé!",1,1,0,0,0,,,0,0,0,0,0,0/0 (0%),Normal,
477,BỒI THƯỜNG BẢO HIỂM,https://www.facebook.com/groups/boithuongbh/posts/2109053049695830/,"🌟 GIẢI PHÁP BẢO HIỂM THAI SẢN CAO CẤP – DÀNH RIÊNG KHÁCH HÀNG SINH VIỆN TƯ / QUỐC TẾ Anh/Chị đang: ✔️ Muốn sinh tại BV quốc tế, BV tư ✔️ Muốn ở phòng VIP, phòng cao cấp ✔️ Không muốn lo nghĩ chi phí phát sinh 👉 Đây là gói rất đáng cân nhắc: 💎 Điểm nổi bật: • Chi trả toàn bộ chi phí hợp lệ khi đi sinh • Không giới hạn tiền phòng → thoải mái chọn phòng VIP / cao cấp • Bồi thường nhanh ~48h → dòng tiền về cực nhanh • Bảo lãnh trực tiếp tại nhiều bệnh viện lớn • Bảo vệ trọn gói: nội trú + thai sản + ngoại trú khám thai 💰 Phí: tối ưu hơn so với nhiều dòng cao cấp trên thị trường hiện tại → Phù hợp để thay thế các gói chi phí cao nhưng quyền lợi chưa linh hoạt ⸻ → Inbox ngay Ms Chinh – 0904 477 615 #BIC #BaoHiemBIDV #BảoHiểmSứcKhỏe #BICELITE #baohiemthaisan",0,0,0,0,0,,,0,0,0,0,0,0/0 (0%),Normal,
478,BỒI THƯỜNG BẢO HIỂM,https://www.facebook.com/groups/boithuongbh/posts/2109203366347465/,Hiện tại mình có hồ sơ khám chữa bênh tại bệnh viện Nhi Trung Ương cần làm hồ sơ yêu cầu bồi hoàn bảo hiểm. nhưng bên bảo hiểm yêu cầu phải có đóng dấu đỏ trên bảng kê chi phí và hóa đơn điện tử thì mới thực hiện bồi thường còn bệnh viện thì báo bệnh viện không cần đóng dấu trên những chứng từ này thì phải xử lý như thế nào ạ.,9,9,0,0,22,unknown,Trung lap,0,9,0,2,0,0/9 (0.0%),Normal,
479,BỒI THƯỜNG BẢO HIỂM,https://www.facebook.com/groups/boithuongbh/posts/2109308606336941/,"**Quy định Thêm/Bớt/Tăng/ Giảm các dòng thẻ tại Manulife hiện nay ** Post này gửi tặng các anh chị em đồng nghiệp nhà Man, và các anh chị em support KH đang sở hữu thẻ nhà Man về quy định thay đổi quyền lợi thẻ, đặc biệt dòng thẻ mới HC2024_PBCT để không bỏ lỡ các quyền lợi của KH Chúc anh chị em Tháng 9 rực rỡ <3 #manulife #boithuongbaohiem #thuhangbaohiem",7,7,0,0,0,,,0,0,0,0,0,0/0 (0%),Normal,
480,BỒI THƯỜNG BẢO HIỂM,https://www.facebook.com/groups/boithuongbh/posts/2110587086209093/,"CẦM THẺ BẢO HIỂM VIP, CHỊ KẾ TOÁN VẪN TỰ MÓC VÍ 50 CỦ ĐỂ MỔ U NANG! Chị Lan - Kế toán trưởng một công ty có vốn đầu tư nước ngoài đã tậu cho mình chiếc thẻ chăm sóc sức khỏe VIP để yên tâm cống hiến. Ba tháng sau, chị đi khám và phát hiện u tuyến giáp, bác sĩ chỉ định mổ nội soi. Chị ung dung xòe chiếc thẻ quyền lực ra và tự tin nói ""Cứ cà thẻ cho chị!"". Nhưng ít phút sau, chị hốt hoảng ra mặt vì Bộ phận bảo lãnh viện phí từ chối thẳng thừng! Vì sao ư? Chị đã vướng vào quy tắc ""sát thủ"" của mọi hợp đồng bảo hiểm sức khoẻ đó là THỜI GIAN CHỜ. Bảo hiểm không phải chiếc thẻ ATM ma thuật quẹt lúc nào cũng ra tiền. Để không bao giờ bị ""việt vị"" ngay cửa phòng cấp cứu, anh chị em văn phòng phải khắc cốt ghi tâm bảng thời gian chờ này nhé: 0 ngày (Tai nạn): Trượt ngã, xước xát do mải chạy deadline, chấn thương do bất cẩn... thẻ kích hoạt bảo vệ đền bù ngay lập tức! 30 ngày (Ốm đau thông thường & Nha khoa bệnh lý): Cảm cúm, sốt xuất huyết, viêm họng hay đi trám răng, chữa tủy. Bạn phải ""trụ"" qua 1 tháng đầu thì thẻ mới linh nghiệm. 90 ngày (Biến chứng thai sản): Áp dụng cho các rủi ro y khoa ngoài ý muốn trong thai kỳ (sẩy thai, thai ngoài tử cung...). 270 ngày (Sinh đẻ thông thường): Chị em nào lên kế hoạch ""săn rồng, săn rắn"" thì phải mua thẻ trước khi cấn bầu. Sẽ không có chuyện cấn bầu rồi mới lật đật đi mua thẻ chỉ để được sinh đẻ ở bệnh viện sản quốc tế đâu nhé! 365 ngày (Bệnh đặc biệt & Bệnh có sẵn): Đây, ""trùm cuối"" của chị Lan! Các loại u, nang, sỏi thận, dạ dày, trĩ... (combo đặc sản của dân văn phòng) hoặc bệnh đã có từ trước khi mua. Bắt buộc phải duy trì hợp đồng sang năm thứ 2 mới được chi trả. 90 - 365 ngày (Bệnh hiểm nghèo): Ung thư, đột quỵ, nhồi máu cơ tim... mức chờ sẽ dao động tùy theo định nghĩa của từng sản phẩm bảo hiểm và tuỳ theo từng công ty bảo hiểm. Dân văn phòng ngồi nhiều, lười uống nước, stress liên miên nên trĩ , dạ dày, thoái hoá đốt sống cổ dễ ghé thăm lắm. Đừng lầm tưởng mua thẻ hôm nay, tháng sau đi cắt trĩ, tán sỏi miễn phí nhé. Sai luật chơi thì thẻ VIP cũng chỉ dùng để làm đồ kẹp sách thôi! Hãy mua bảo hiểm khi bạn còn đang khỏe, đừng đợi bệnh ""nhú"" lên mới lo. Nhân nói về việc đi viện, có một ""sự cố ngớ ngẩn"" mà 90% dân văn phòng mắc phải khi cầm thẻ bảo hiểm đi KHÁM SỨC KHỎE TỔNG QUÁT, khiến Bảo hiểm từ chối 100% hóa đơn rực rỡ đó. Đố bạn biết lý do là gì? Hãy dự đoán và Follow ngay để xem ""bóc phốt"" ở bài viết ngày mai. Chúc các bạn luôn có sức khoẻ phi thường để không phải dùng đến thẻ VIP như của chị Lan ở trên nhé!",35,35,0,0,10,unknown,Trung lap,1,4,1,3,0,1/6 (16.7%),Normal,
481,BỒI THƯỜNG BẢO HIỂM,https://www.facebook.com/groups/boithuongbh/posts/2110889822845486/,"chị KH nhận tổng 340 triệu đến hiện tại sau hơn 3 năm điều trị K Zú. toàn bộ phí đóng HĐ hơn 23 triệu/năm dc Manulife đóng hộ 12 năm, mọi quyền lợi duy trì đảm bảo Giá trị của bảo hiểm là đây Chi tiết ở cmt 👇🏻👇🏻👇🏻",5,5,0,0,0,,,0,0,0,0,0,0/0 (0%),Normal,
482,BỒI THƯỜNG BẢO HIỂM,https://www.facebook.com/groups/boithuongbh/posts/2111010666166735/,"Công ty mình có mua BHSK cho nhân viên, hợp đồng thứ 1 hết hạn 4/8/2026: hợp đồng 2 được tái tục ngay sau đó từ 5/8/2026. Ngày 22/07)2026 mình có khám ngoại trú và phát sinh chi phí khám + thuốc. Sau khi nộp YCBT với đơn vị BH thì ban đầu bộ phận bồi thường thông báo sẽ không cover phần tiền thuốc cho giai đoạn từ 5/8)2026, mình trao đổi qua lại: - sự kiện bảo hiểm của mình phát sinh ngày 22/07/2026 vẫn thuộc phạm vi hợp đồng 1; - các chi phí khám + thuốc và hoá đơn đỏ đều xuất ngày 20/7 - bộ phận bồi thường lại căn cứ vào số ngày sử dụng thuốc, không căn cứ vào ngày phát sinh sự kiện bẩo hiểm để chi trả và đảm bảo quyền lợi cho người được BH. Sau đó họ có nói là do hợp đồng có tái tục nên họ sẽ cover tiếp nhưng tiền thuốc từ 5/8 thuộc hợp đồng tiếp theo. Mình thỉ cho rằng việc chi trả bồi thường phải căn cứ vào lần khám, ngày phát sinh sự kiện bảo hiểm và số tiền không vượt quá mức chi trả cho 1 lần ngoại trú thì được cover đầy đủ trong hợp đồng cũ. Tại sao hợp đồng không có quy định hay điều khoản hay căn cứ nào thể hiện phần cover theo hạn sử dụng thuốc (30 ngày?) Vậy xin cao kiến các bạn xem đơn vị BH làm vậy đã đúng chưa, ai đã rơi vào TH này và dvi BH vẫn cover trong phạm vi hợp đồng cũ ko?",8,8,0,0,40,unknown,Trung lap,0,8,0,1,0,0/8 (0.0%),Normal,
483,BỒI THƯỜNG BẢO HIỂM,https://www.facebook.com/groups/boithuongbh/posts/2111328862801582/,Góc khảo sát: anh chị khách hàng sẵn sàng tham gia chương trình bảo hiểm ít người biết đến không? Để team lên seri review quyền lợi và phí các BHSK có lợi cho anh chị?,35,35,0,0,26,unknown,Trung lap,2,8,0,0,0,0/10 (0.0%),Normal,
484,BỒI THƯỜNG BẢO HIỂM,https://www.facebook.com/groups/boithuongbh/posts/2112188592715609/,"Seri những chiếc thẻ thật woa, P1! Ảnh báo cáo công việc sáng nay của Team, chất lượng thấp nhưng nội dung chất lượng cao, chiếc BHSK độc lập cho em bé: ✅ Bệnh viêm phổi, viêm phế quản, viêm tiểu phế quản, viêm tai giữa đã mắc chỉ chờ 30 ngày. ✅ Tham gia độc lập không kèm bố mẹ/ không kèm nhân thọ ✅ Nhóm bệnh đặc biệt: chờ 90 ngày ( thay vì 365 ngày như các thẻ khác) ✅ Bồi qua Insmart mượt mà ( đã có trải nghiệm) ✅ Phí tốt so với các Thẻ đang có trên thị trường. Cụ thể với mức phí 5tr như bill khách hàng nhận được gì? 🥕10tr/ngày nằm viện. Tổng 200tr/năm 🥕trợ cấp nằm viện 180k/ngày 🥕Khám tối đa 1.8tr/lần. Tổng 15tr/năm Vừa cấp xong nóng hổi nên lên các điểm key chia sẻ, Team sẽ lên bài tổng hợp chi tiết quyền lợi và phí từng sản phẩm ít người biết đến này dần, anh chị em ủng hộ nha. #bhchobe #bhsk #BTBH #Boithuongbaohiem",20,20,0,0,23,unknown,Trung lap,4,10,0,0,0,0/14 (0.0%),Normal,
485,BỒI THƯỜNG BẢO HIỂM,https://www.facebook.com/groups/boithuongbh/posts/2112633986004403/,"**Em thấy quyền lợi HĐ cũ này mỗi 200k/đêm nằm viện, không bõ bèn gì chị à...** Bạn tư vấn X đã nói như vậy với HĐ của khách hàng khi ""review quyền lợi"" HĐ cũ, sau đó KH hỏi lại trên hội nhóm và được anh chị em nhà Xanh phân tích kỹ hơn, KH đã giữ lại quyền lợi này... Nhớ lại câu chuyện ấy, mình lấy minh chứng sự chi trả cho KH của mình - là KH mình nhận hỗ trợ lại của một em đại lý đã nghỉ - ngoài chiếc thẻ Bạc, mình tư vấn thêm quyền lợi này, và giờ đây phát huy quyền lợi thực sự: - Nằm viện từ năm thứ 3, quyền lợi lên gấp đôi: 400k/đêm - Nằm viện từ ngày thứ 6 trở đi, gấp 2,4 lần: 480k/đêm nằm viện => Em bé điều trị viêm phổi tại BV tỉnh 9 đêm, mẹ nhận hỗ trợ thêm cho từng ấy ngày nghỉ việc: 3.920k (chi phí điều trị chỉ 1,2 triệu đã có thẻ sức khỏe chi trả thêm) Ngoài ra, còn có nhiều QL ""ẩn"" trong dòng chữ trợ cấp 200k/đêm Bởi vậy, review HĐBH để chung chung nhất, thì rất dễ, nhưng để chuyên sâu xem HĐBH đó có quyền lợi chi tiết như thế nào, nên cắt giảm hay gia tăng, phù hợp thời điểm nào, cho đối tượng ra sao, thì các bạn đồng nghiệp cứ mạnh dạn hỏi thăm và gửi gắm cho người làm hãng đó. Bởi một năm, một hãng có bao nhiêu sản phẩm ra đời, cứ thế nhân lên vài năm, 5 năm, 10 năm.... Tháng 9 thay lá - Nhà bảo hiểm thay sản phẩm Hưởng ứng lời kêu gọi admin Group BTBH Bé Phạm chúng mình dành 2 tiếng/tuần để review HĐBH cho khách hàng hiện không có đại lý phục vụ Với đa dạng anh chị em làm nghề lâu năm từ đông đảo các hãng trên thị trường, chúng mình dành ra chiều thứ 5 cố định cho việc review HĐBH của khách hàng group, anh chị và bạn bè có KH cần review hợp đồng có thể liên hệ các thành viên Bé Phạm Mỹ Hạnh Tạ Hồng và mình Thu Hằng Nguyễn để đặt lịch nhé ah Mong rằng sẽ là những cánh tay nối dài cho những KH đang mông lung về quyền lợi và chưa có ""đại lý ruột hậu thuẫn"" #reviewhopdong_BTBH #boithuongbaohiem #hotrocheckquyenloi #thuhangbaohiem",12,12,0,0,17,unknown,Tich cuc,2,1,1,1,0,1/4 (25.0%),Normal,
486,BỒI THƯỜNG BẢO HIỂM,https://www.facebook.com/groups/boithuongbh/posts/2112673106000491/,"Xin phép chia sẻ đến mọi người một case tttbvv Hy vọng cung cấp thêm thông tin, kinh nghiệm, góc nhìn thẩm định trong claim giúp ích cho mọi người trogn quá trình làm nghề. Tháng 6, mình có đăng ảnh lá đơn của người con trai viết gửi về cty trình bày và đề nghị miễn giám định y khoa cho quyền lợi tttbvv và kết quả là nay đã được chấp thuận và chi trả xong số tiền hơin 243tr thay vì 250 đúng với mệnh giá ban đâu ? Tháng 1 2026, mình nhận hỗ trợ cho case này. Thông tin ban đầu là khách U thânj đã cắt bỏ một bên, và bên còn lại cũng đã suy giảm chức năng. Sang tháng 2, mình tiếp cận và nhận ra tình trạng của khách nghiêm trọng hơn trên hồ sơ và cả trong suy nghĩ của mình. Nằm trên chiếc giường, đặt bên ngoài sân, có mùng, có các dụng cụ cá nhân, nhìn quanh thì mình cũng đoán mọi vấn đè sinh hoạt đều tại một chổ này. Có bạt bao quanh toàn bộ khu vực của cô. Qua trao đổi, cô ""lơ mơ"", như mất ý thức, khó giao tiếp hay thực tế là ko còn khả năng nhận thức , cảm tính mà nói là như vây. Ra về, lòng mình chắc nịch phải hỗ trợ cho paid cái case này càng sớm càng tốt và tốt nữa là Miễn luôn giám định thương tật cho quyèn lợi tttbvv. Nhưng mà, đời không nhưng thì chắc cũng có nhị, về dựng lại hồ sơ, thơi gian khởi bệnh, mình phát hiện ra là Ngày Hợp đồng có hiệu lực với Ngày khách được chuẩn đoán u thận rồi phẫu thuạt cắt bỏ cách nhau có 7 tháng ?!? Lí nào, ko lẽ cô có bệnh lí trước rồi lập HSYCBH mà ko kê! Trao đổi với người con trai thì khẳn điinh mẹ chỉ mới bị sau này chưa hề thăm khám về thận trước đó. Vậy mình cũng an tâm phần nào và chuẩn bị tinh thần là công ty sẽ ""bật"" quy trình xác mình thông tin y tế! Qua thông tin người nhà cung cấp, trong quá trình xác minh các thông tin y tế, cty xác điinh được rằng 2019 khách hàng có thăm khám Bệnh huyết áp, dạ dày, cột sống. Tuy nhiên cty chưa thế lấy toàn bộ hồ sơ do khách chưa có CCCD và cả chưa điinh danh mức 2. Vậy nên phải làm cccd và định danh mức 2 cho cô rồi cty mới xử lí tiếp đc hồ sơ. Nghe nội dugn xác mình đến đây thì mình chán không thể tả! Với bệnh án của kháhc hàng thì gần như chắc chắn đc chấp thuận tttbvv nhưng giờ lại vướng thông tin y tế không kê khai! Với hoàn cảnh ở thời điểm này khả năng cao là Cty hoàn phí, cách xử xự này hầu hết các Cty bạn đều chọn như vậy ! Nhưng mà, tiếp tục lại lội ngược dòng lần 2! Ngày 11/6 Cty pending Yêu cầu kết quả giám định y khoa để xác định thương tật. Thật sự mình vui ko thể tả được ! Vì điều này đồng nghĩa với việc Công ty dù có tái thẩm hồ sơ này nhưng khả năng cao là vẫn bảo hiểm nên mới pending nội dung này. Lại là nhưng mà, ban đầu mình muốn xin miễn giám định y khoa ! Bây giờ sau khi tái thẩm định , cty không hoàn phí mà đã chấp thuận yêu cầu claim , giờ chỉ đợi kết quả giám định để paid! Mình xin thêm miễn giám định thì khác nào được Voi đòi thêm con voi còn lại! Nhưng mà, lần cuối, nhưng mà khách làm gì còn tiền để đi giám định, giá trị tài khoản cũng chỉ đủ duy trì đén tháng 12. không xin miễn thì còn cách nào nữa đâu chứ ? Vậy là lòi ra cái đơn như mình nói ban đầu ! Phải từ tháng 6 đến tận 21 tháng 8 Cty đồng ý chấp thuận chi trả, tuy nhiên tái thẩm định thì xác định tăng phí rủi ro nên cty thu thêm 6tr, thành ra số tiên chi trả về cho khách còn có hơn 243tr! Sau cùng mọi chuyện đã êm đẹp, êm đẹp với mình, phần nào êm đẹp với khách hàng. Mình phải đợi hơn 7 tháng để viết câu chuyện này. Bảo hiểm tốt xấu, công ty ok hay ko ok chung quy với mình không thành vấn đề. Hồ sơ tới tay thì làm thôi. P/s bài viết mang tính kể chuyện nên nếu từ ngữ, văn phong không phù hợp mong mọi người góp ý mạnh mẽ 😅",30,30,0,0,12,unknown,Tich cuc,7,1,0,1,0,0/8 (0.0%),Normal,
487,BỒI THƯỜNG BẢO HIỂM,https://www.facebook.com/groups/boithuongbh/posts/2113014275966374/,"Những hình ảnh đầu tiên BV Sản Nhi Bắc Ninh, Khoảng cách về cơ sở vật chất giữa viện công, tư, quốc tế không còn nhiều. Cập nhật cùng mọi người chi tiết ngay khi viện đi vào hoạt động. #reviewbenhvien #sannhibacninh #BTBH",13,13,0,0,9,unknown,Trung lap,1,8,0,0,0,0/9 (0.0%),Normal,
488,BỒI THƯỜNG BẢO HIỂM,https://www.facebook.com/groups/boithuongbh/posts/2113049785962823/,"CÂU CHUYỆN VỀ “THỜI GIAN CHỜ” TRONG BẢO HIỂM Cuối tháng 7, mình gặp em và tư vấn cho em về bảo hiểm sức khỏe. Như bao khách hàng khác, em cũng cần thời gian để cân nhắc. Em suy nghĩ, hỏi thêm, so sánh… rồi đến 13/8, em mới quyết định tham gia bảo hiểm cho bố mẹ và các con. Riêng bản thân em thì em chưa mua. Hôm nay, 9/9, em gọi cho mình: “Chị ơi, mẹ em bị đau đầu nên em đưa mẹ đi viện. Thẻ của mẹ sử dụng thế nào ạ?” Mình kiểm tra hợp đồng rồi phải nói với em một câu mà thật sự không muốn nói chút nào: “Hiện tại thẻ sức khỏe của mẹ em vẫn đang trong thời gian chờ, nên chưa thể sử dụng cho trường hợp này.” Em khá bực. Và mình hiểu. Bởi khi người thân đang đau, điều mình quan tâm nhất là làm thế nào để được bảo vệ ngay lúc này, chứ không phải đọc lại những điều khoản trong hợp đồng. Nhưng bảo hiểm có một nguyên tắc rất quan trọng: Không phải cứ mua bảo hiểm hôm nay thì ngày mai mọi rủi ro đều được chi trả. Thời gian chờ được quy định để hợp đồng có một khoảng thời gian nhất định trước khi quyền lợi bắt đầu có hiệu lực đối với từng nhóm rủi ro. Và đó cũng là lý do mình luôn nói với khách hàng: Đừng đợi đến khi cần bảo hiểm mới mua bảo hiểm. Bởi lúc mình đang khỏe, mình nghĩ: “Để khi nào có điều kiện rồi mua cũng được.” Nhưng đến lúc có vấn đề về sức khỏe, thứ mình cần lại chính là thứ mà mình đã từng nghĩ “để sau cũng được”. Nếu em tham gia sớm hơn, thì thời gian chờ cũng đã bắt đầu được tính sớm hơn. Không ai biết chính xác ngày nào mình sẽ cần đến bảo hiểm. Nhưng mình có thể chủ động quyết định ngày bắt đầu chuẩn bị cho rủi ro đó. Vậy nên bảo hiểm không phải là câu chuyện: “Mua hôm nay, mai dùng ngay.” Mà là: “Mua khi mình chưa cần đến nó, để đến ngày mình cần – mình đã có nó.” Mua sớm một chút, bảo vệ sớm một chút. Đừng để đến lúc cần mới bắt đầu đếm thời gian chờ. ❤️",7,7,0,0,3,unknown,Tich cuc,2,1,0,0,0,0/3 (0.0%),Normal,
489,BỒI THƯỜNG BẢO HIỂM,https://www.facebook.com/groups/boithuongbh/posts/2113182739282861/,"9/9 supper sale, cập nhật CTKM bảo hiểm các hãng đi các mình ơiiiii!",9,9,0,0,16,unknown,Spam,2,4,0,5,0,0/6 (0.0%),Normal,
490,BỒI THƯỜNG BẢO HIỂM,https://www.facebook.com/groups/boithuongbh/posts/2113192662615202/,"Toppic tổng hợp bác sĩ Nhi có PK riêng tại Hà Nội, không lạm dụng kháng sinh. Nguồn: Mom Nguyệt Hà #reviewbacsi #bacsinhi #reviewbenhvien",16,16,0,0,11,unknown,Trung lap,1,7,0,1,0,0/8 (0.0%),Normal,
491,BỒI THƯỜNG BẢO HIỂM,https://www.facebook.com/groups/boithuongbh/posts/2113262632608205/,"Nữ 37T Rút 198.9 triệu hay đóng tiếp 39 triệu nhận hưu 7.949K Đây là băn khoăn chung của rất nhiều chị em. Chờ hưu thì lâu, mà rút ra đóng lại thì không biết có theo được không. Trường hợp cụ thể của chị Huyền làm tự do, đã đóng 13 năm 3 tháng, nếu rút vào 2026 nhận 198.9 triệu. Sau khi rút ra nếu đóng lại từ đầu trong 15 năm 1 tháng để nhận lương hưu dự kiến 7958k thì cần đóng 427.2 triệu. Nếu không rút 1 lần thì chỉ cần đóng tiếp 22 tháng, tổng phí 39.6 triệu để có lương hưu dự kiến 7949K Nếu thực sự có việc gì gấp cần dùng tới hoặc kỉ luật, có kế hoạch kinh doanh đầu tư sinh lời cực tốt thì hãy rút. Nếu rút ra chỉ để gửi tiết kiệm rồi đóng lại BHXH tự nguyện thì ko nên. Lương hưu dự kiến được tính trên bảng hệ số trượt giá mô phỏng theo mức lạm phát 3.5%. Thực tế có thể cao hoặc thấp hơn. ACE đang có băn khoăn như chị Huyền có thể xem và tham khảo thêm. Nếu có câu hỏi có thể cmt để được giải đáp trực tiếp ạ #BTBH #Bhxh #Thutriebhxh",5,5,0,0,0,,,0,0,0,0,0,0/0 (0%),Normal,
492,BỒI THƯỜNG BẢO HIỂM,https://www.facebook.com/groups/boithuongbh/posts/2113310655936736/,"Kỷ lục về lượt khám tại bệnh viện, BV Chợ Rẫy tiếp nhận 10.000 lượt/ngày! Có một cmt mình đồng cảm khi đọc link báo này như sau ""Phải nên hỏi là tại sao riêng Chợ Rẫy lại có 10.000 bệnh nhân đến khám/ ngày. Và con số này sẽ tăng. Không chỉ riêng tại Chợ Rẫy, mà ở tất cả các Bệnh viện lớn. Quan điểm cá nhân mình nghĩ vậy. Hãy có thêm kiến thức đúng để có thể bảo vệ và giữ gìn sức khoẻ bản thân, gia đình và cộng đồng từ những việc cơ bản nhưng tác động lớn: nguồn nước, không khí, thực phẩm, hoá mỹ phẩm, vật dụng sinh hoạt hằng ngày (chất liệu đũa, muỗng, vòi nước, đồ nấu ăn, đựng nước) Chúc tất cả mọi người đều an vui, khoẻ mạnh ạ."" Bạn và gia đình đã nghe đến Y Tế dự phòng bao giờ chưa?! link báo ở cmt 👇 #BVChoRay #YTeDuPhong #reviewbenhvien",9,9,0,0,2,unknown,Trung lap,0,2,0,0,0,0/2 (0.0%),Normal,
493,BỒI THƯỜNG BẢO HIỂM,https://www.facebook.com/groups/boithuongbh/posts/2113860855881716/,"Cập nhật thông tin y tế, 🏥 CẬP NHẬT QUY ĐỊNH BHYT TẠI VINMEC SMART CITY TỪ 01/07/2026 Từ ngày 01/07/2026, chính sách khám chữa bệnh (KCB) bảo hiểm y tế (BHYT) có một số cập nhật quan trọng. Người bệnh khi thăm khám tại Vinmec Smart City cần lưu ý: 1️⃣ Chi phí một lần khám chữa bệnh dưới 379.500 đồng Người bệnh có chi phí một lần KCB dưới 379.500 đồng, tương đương 15% mức lương cơ sở, được hưởng 100% chi phí khám chữa bệnh BHYT theo quy định tại khoản 1 Điều 17 Nghị định 188/2025/NĐ-CP. 2️⃣ Thông cấp khám chữa bệnh BHYT Vinmec Smart City thực hiện thông cấp cơ bản khám chữa bệnh. Người bệnh đến khám chữa bệnh được hưởng 100% mức hưởng theo quyền lợi thẻ BHYT (bệnh viện thông cấp cơ bản khám chữa bệnh). 3️⃣ Giờ khám chữa bệnh BHYT Giờ hành chính: Thứ Hai – Thứ Sáu, sáng 7h30–11h30, chiều 12h30–16h30. Thứ Bảy, sáng 7h30–11h30. Ngoài giờ hành chính và ngày nghỉ: Khám 24/24 giờ. Riêng ngày lễ, chỉ khám BHYT cho trường hợp cấp cứu. 4️⃣ Đăng ký khám chữa bệnh ban đầu tại Vinmec Smart City Bệnh viện được Sở Y tế Hà Nội phân bổ 10.000 thẻ KCB ban đầu. Theo số liệu cập nhật, đã có hơn 1.200 thẻ đăng ký, còn gần 8.800 thẻ có thể tiếp nhận. Người dân có nhu cầu chuyển nơi đăng ký KCB ban đầu về Vinmec Smart City – mã KCB ban đầu: 01MG3, có thể liên hệ BHXH cơ sở Từ Liêm để thực hiện trong ngày 01–15 của tháng đầu mỗi quý. 💙 Hiểu rõ quyền lợi – chủ động thăm khám – an tâm chăm sóc sức khỏe. 📩 Liên hệ Vinmec Smart City để được tư vấn quyền lợi BHYT và hướng dẫn đăng ký khám chữa bệnh ban đầu. Thông tin mang tính chất cập nhật chính sách. Quyền lợi BHYT thực tế được xác định theo từng trường hợp và quy định hiện hành. #Vinmec #VinmecSmartCity #BaoHiemYTe #QuyenLoiBHYT #reviewbenhvien #Boithuongbaohiem",13,13,0,0,8,unknown,Trung lap,2,6,0,0,0,0/8 (0.0%),Normal,
494,BỒI THƯỜNG BẢO HIỂM,https://www.facebook.com/groups/boithuongbh/posts/2114122059188929/,"CÂU CHUYỆN TỪ 1 BỆNH VIỆN QUỐC TẾ SANG CHẢNH Anh Tuấn giám đốc dự án của một công ty lớn, lương cả ngàn đô cầm chiếc thẻ bảo hiểm VIP do công ty mua cho, bước vào sảnh bệnh viện quốc tế. Tuấn suy nghĩ ""tháng trước công ty cho đi khám sức khỏe định kỳ gói cơ bản quá, giờ mình có thẻ xịn, khám lại cho chắc"". Ung dung bước vào quấy làm thủ tục, Tuấn chon ngay gói ""Diamond"", tầm soát tổng thể, xét nghiệm ung thư, chụp cắt lớp vi tính (CT/MSCT) mạch máu phát hiện xơ vữa thành động mạch, CT Scan đa dãy để phát hiện sỏi thận, sỏi mật... Sau một buổi được ""hành tỏi"" đủ kiểu, Tuấn tự tin bước đến quầy thanh toán, xòe thẻ ra một cách đầy ""kiêu hãnh"". Tuấn đinh ninh: ""Chỉ cần ký xoẹt một cái là xong, phí chắc tầm trên hai chục củ, thẻ VIP này lo tất!"" Nhưng, cô nhân viên thu ngân cười tươi roi rói bảo: ""Anh ơi, ca này của anh bị Bảo hiểm từ chối bảo lãnh 100%, anh vui lòng thanh toán giúp em 18 triệu ạ!"" Tuấn đứng hình. Sự thật phũ phàng là gì? Tuấn quên mất một điều khoản cốt lõi, ""điều kiện bồi thường"" của đại đa số thẻ bảo hiểm sức khỏe là Bảo hiểm chỉ bồi thường cho việc ĐIỀU TRỊ bệnh. Bạn phải CÓ BỆNH, CÓ TRIỆU CHỨNG hoặc bị TAI NẠN thì Bảo hiểm mới chi trả viện phí, tiền thuốc. Việc khám sức khỏe tổng quát (preventive check-up) khi bạn đang khỏe re, chỉ để ""tầm soát"", ""kiểm tra cho yên tâm"" là hành động TỰ NGUYỆN và KHÔNG nằm trong danh mục ĐIỀU TRỊ. Cầm thẻ VIP đi khám định kỳ là ""việt vị"" ngay từ cửa thanh toán. Trừ một số gói bảo hiểm rất đắt tiền có ""rider"" (quyền lợi bổ sung) Khám sức khỏe, còn lại, câu trả lời sẽ là ""No"". Cầm thẻ VIP đi viện như thế nào mới là chuẩn chỉnh (để không bị từ chối)? 1. Chỉ đi viện khi... có chuyện: Đừng đi khám ""vui vẻ"". Thẻ bảo hiểm chỉ nên được rút ra khi bạn đang ""hắt hơi sổ mũi, đau dạ dày, hay ngã cái đùng"" vì tai nạn. CÓ TRIỆU CHỨNG thực tế là chìa khóa đầu tiên. 2. KHAI BÁO TRIỆU CHỨNG thay vì đặt GÓI DỊCH VỤ: Tại quầy đăng ký, thay vì nói ""Tôi muốn mua gói VIP Diamond để kiểm tra sức khỏe"", hãy nói ""Tôi bị đau bụng/ho kéo dài/đau đầu..."". Khi đó, bác sĩ sẽ THỰC HIỆN KHÁM LÂM SÀNG để tìm nguyên nhân. 3. Để bác sĩ quyết định các xét nghiệm: Các xét nghiệm, chụp chiếu (siêu âm, CT, MRI, xét nghiệm máu...) được Bảo hiểm chi trả nếu chúng là chỉ định của bác sĩ để chẩn đoán tình trạng bệnh lý mà bạn đang có triệu chứng. Nếu bác sĩ bảo ""Để tìm nguyên nhân đau bụng, anh cần siêu âm dạ dày"", thì phí siêu âm đó được thẻ VIP bảo lãnh. Còn nếu bạn tự đòi hỏi ""CT toàn thân"" khi bác sĩ thấy không cần thiết, thì phí đó bạn tự trả. 4. Kiểm tra điều khoản loại trừ: Trước khi dùng bất kỳ quyền lợi bảo hiểm nào dù là nhỏ hay lớn, hãy dành 5 phút đọc mục ""CÁC ĐIỂM LOẠI TRỪ"" trong hợp đồng. Nhiều thẻ VIP còn có điểm loại trừ cho một số bệnh đặc biệt trong năm đầu tiên, điều trị thẩm mỹ, nha khoa, v.v. Đừng trách Công ty bảo hiểm nếu bạn bị bắt ""việt vị"" kiểu Tuấn. Nhưng, nếu bạn bị từ chối khi thực sự ĐIỀU TRỊ, bạn phải làm gì? Hãu theo dõi bài viết kỳ sau để biết ""Các bước khiếu nại khi KH không may bị từ chối bồi thường"" nhé!",42,42,0,0,11,unknown,Tich cuc,5,4,0,0,0,0/9 (0.0%),Normal,
495,BỒI THƯỜNG BẢO HIỂM,https://www.facebook.com/groups/boithuongbh/posts/2114300602504408/,"Nếu mà hồ sơ y tế của khách không thỏa đièu kiện, điều khoản thì anh chị sẽ làm gì.. Xin chia sẻ đến các anh chị một case mà có lẽ sẽ khiến quan điểm hay cách thức làm nghề thay đổi. đặt biệt là anh chị đnag làm AIA giống mình . Hồ sơ này 25tr thôi nhưng khá là thú vị, Quan điểm của mình trước nay khi nhận hồ sơ claim, qua các bước cơ bản sau đó là tiến hành nộp, dù biết không thỏa điều khoản /điều kiện mình vẫn nộp, ngoại trừ KHÔNG CÓ QUYỀN LỢI. Nộp để lấy thư từ chối , rồi gửi thư đó cho khách hàng. Mình nghĩ dù là bị từ chối chi trả nhưng bằng Văn bản sẽ khiến khách hàng thỏa mãn, cảm thấy được coi trọng và được xử lí một cách chuyên nghiệp. Như ông bà mình nói á, thua cũng tâm phục khẩu phục. Khách này cũng vậy, K vú đã đủ đièu kiện định nghĩa về Ung thư ác tính trong quyền lội tạm ứng 25% của sp AN PHÚC TRỌN ĐỜI ƯU VIỆT , tuy nhiên hiện tại đã 69 tuổi. Quá 4 tuổi so với điều kiện 65 tuổi của quyền lợi này. Anh chị nào làm AIA chắc rõ. Đến đoạn này khách hàng thực sự thất vọng, muốn giải ước sớm để nhận giá trị tài khoản. Mình ngăn lại và trình bày với khách hàng về quan điểm của mình, khách hàng đồng ý và cho mình 5 ngày. Vậy là có kết quả như trong ảnh. Cty chấp thuận trả 25% tức là 25tr. Sau đó cô vẫn lên hủy HĐ , lần này thì mình không cản nữa mà vui vẻ hỗ trợ cô giải ước nhận tiền về + với 25tr vừa được chi trả. Với mình, hồ sơ khó nhất là hồ sơ không làm. Nếu bạn nộp về thì đã hoàn tất đc 99% rồi. 1% còn lại là Yes hay No từ Cty thôi!",10,10,0,0,17,unknown,Trung lap,2,5,1,0,0,1/8 (12.5%),Normal,
496,BỒI THƯỜNG BẢO HIỂM,https://www.facebook.com/groups/boithuongbh/posts/2114722059128929/,"Mồng 1, giới thiệu deal Hời tới member Group. Khi tham gia BH trách nhiệm dân sự ô tô cá nhân ( không kinh doanh), sẽ có ngay trải nghiệm chương trình Nếp sống khoẻ. Cụ thể là trải nghiệm bộ sản phẩm chăm sóc sức khoẻ/gia đình từ nhãn hàng #TôiLàThảoMộc xinh xắn như hình. Để lại cmt hoặc nhắn tin trực tiếp tới Team #BTBH, hoặc liên hệ các điểm bán của #PTI gần nhất nhé! #PTI #trainghiem #CTKM #Boithuongbaohiem",8,8,0,0,0,,,0,0,0,0,0,0/0 (0%),Normal,
497,BỒI THƯỜNG BẢO HIỂM,https://www.facebook.com/groups/boithuongbh/posts/2115469355720866/,Anh chị cho em hỏi nếu mua bảo hiểm nhân thọ cho gia đình thì tính số tiền bảo vệ như thế nào cho hợp lý,28,28,0,0,50,unknown,Spam,9,13,0,16,0,0/22 (0.0%),Normal,
498,BỒI THƯỜNG BẢO HIỂM,https://www.facebook.com/groups/boithuongbh/posts/2115470519054083/,"Bố mẹ em ngoài 60 rồi thì mua BHNT như thế nào, gói thấp nhất bao nhiêu tiền ạ?",31,31,0,0,51,unknown,Spam,6,12,1,25,0,1/19 (5.3%),Normal,
499,BỒI THƯỜNG BẢO HIỂM,https://www.facebook.com/groups/boithuongbh/posts/2115542962380172/,"KHI NGƯỜI YÊU BẢO HIỂM SỨC KHOẺ NÓI LỜI CHIA TAY! Nhận thư từ chối chi trả viện phí đôi khi mang lại cảm giác chưng hửng hệt như cú plot twist (bẻ lái đột ngột) vỡ tim trong một bộ phim hình sự. Hãy khoan ""đăng đàn"" bức xúc vì mọi ""vụ án"" đều để lại manh mối, mọi quyết định từ chối chi trả y tế đều có lý do cụ thể. Dưới đây là 4 bước giúp bạn đòi lại quyền lợi bảo hiểm chính đáng: Bước 1: Bắt mạch ""tâm thư"" từ chối. Đừng chỉ đọc dòng chữ ""Không chấp thuận"" rồi đóng sập hồ sơ. Hãy soi thật kỹ xem công ty bảo hiểm viện dẫn điều khoản nào? Do thiếu hóa đơn viện phí? Nằm trong danh mục loại trừ? Hay vi phạm thời gian chờ? Hãy nhớ kỹ ""bắt đúng bệnh thì mới kê đúng thuốc!"" Bước 2: Thu thập ""chứng cứ ngoại phạm"". Sổ khám bệnh, kết luận của bác sĩ điều trị, bảng kê chi phí, kết quả xét nghiệm... tất cả chính là vũ khí sắc bén nhất của bạn. Nếu công ty bảo hiểm cho rằng đây là ""bệnh có sẵn"", hãy xin ngay xác nhận chuyên môn của bác sĩ chứng minh quá trình diễn tiến của bệnh. Bằng chứng y khoa càng vững, tỷ lệ lật kèo càng cao. Bước 3: Tung đòn khiếu nại sắc bén. Đừng bao giờ viết một lá đơn dài dòng kể lể sự tình! Một văn bản khiếu nại chuẩn chỉnh không cần lòng vòng, hãy đi thẳng vào vấn đề. Nêu rõ điểm bất hợp lý trong thư từ chối, trích dẫn ngược lại đúng điều khoản có lợi trong hợp đồng và đính kèm bộ chứng cứ đã chuẩn bị ở Bước 2. Bước 4: Cầu viện ""lực lượng đặc nhiệm"". Nếu sau khi khiếu nại mà phía bảo hiểm vẫn giữ thái độ cứng rắn, đây là lúc bạn cần những người thực sự am hiểu ""luật chơi"". Một chuyên gia pháp lý sành sỏi sẽ biết cách đối thoại bằng ngôn ngữ chuyên môn, đưa vụ việc ra ""ánh sáng"" một cách hiệu quả nhất. Quyền lợi nằm trong tay bạn, đừng vội bỏ cuộc chỉ vì một tờ thông báo từ chối! Hãy lan toả/chia xẻ (nếu bạn thấy phù hợp) để nhiều người hiểu đúng, hiểu đủ về bảo hiểm và tự bảo vệ quyền lợi của mình nhé!",0,0,0,0,0,,,0,0,0,0,0,0/0 (0%),Normal,
500,BỒI THƯỜNG BẢO HIỂM,https://www.facebook.com/groups/boithuongbh/posts/2115543525713449/,">>> QUY TRÌNH BẢO LÃNH VIỆN PHÍ - ĐƠN GIẢN NHƯNG CŨNG CẦN PHẢI NẮM RÕ <<< Điều đầu tiên là điều kiện để được bảo lãnh phải đạt CẦN VÀ ĐỦ các đk sau: 1- Khám/chữa bệnh tại hệ thống bệnh viện/phòng khám liên kết với hãng bảo hiểm. 2- Thẻ bảo hiểm sức khỏe còn hiệu lực. 3- Bệnh lý/dịch vụ phát sinh nằm trong phạm vi bảo hiểm và không thuộc điều khoản loại trừ (như thời gian chờ, bệnh có sẵn chưa khai báo, số tiền bh rất lớn cần xác minh, pp điều trị ko cần thiết về mặt y khoa…) QUY TRÌNH BẢO LÃNH NHƯ SAU: Bước 1: Xuất trình giấy tờ & Làm thủ tục tiếp nhận: Khách hàng cung cấp: Căn cước công dân (hoặc Hộ chiếu/Giấy khai sinh nếu là trẻ em) và Thẻ bảo hiểm sức khỏe (thẻ cứng hoặc thẻ điện tử trên ứng dụng di động như AIA+). Khoản tạm ứng: BV sẽ yc cầu khách hàng đóng một khoản tiền tạm ứng ban đầu khi nhập viện. Khoản này sẽ được hoàn trả hoặc cấn trừ sau khi có kết quả bảo lãnh chính thức từ hãng. Bộ phận dịch vụ khách hàng/bảo hiểm của bệnh viện sẽ tiếp nhận hồ sơ và gửi yêu cầu sang hãng bảo hiểm. Bước 2: Hãng bảo hiểm xét duyệt & Xác nhận Hãng bảo hiểm tiếp nhận thông tin, kiểm tra quyền lợi và chẩn đoán y khoa từ bác sĩ. Thời gian phản hồi tiêu chuẩn: Ngoại trú: Khoảng 30 phút. Nội trú: Khoảng 2 giờ (120 phút) kể từ khi nhận đủ thông tin từ bệnh viện. Hãng sẽ gửi kết quả bảo lãnh về bệnh viện và đồng thời gửi thông báo (SMS/Zalo/Email) cho khách hàng. Bước 3: Hoàn tất và Thanh toán khi xuất viện/kết thúc khám Bệnh viện tổng hợp hóa đơn chi tiết sau cùng. Khách hàng kiểm tra lại chi phí, ký xác nhận hồ sơ bảo lãnh. Khách hàng chỉ thanh toán các chi phí nằm ngoài phạm vi bảo hiểm (hoặc phần vượt hạn mức, đồng chi trả nếu có) và nhận lại tiền tạm ứng ban đầu (nếu có). Biết trước các thông tin cần chuẩn bị, Kh sẽ không cáu bao giờ, ko thất vọng, ko thấy bảo hiểm là lừa đảo.",5,5,0,0,1,unknown,Trung lap,0,1,0,0,0,0/1 (0.0%),Normal,
501,BỒI THƯỜNG BẢO HIỂM,https://www.facebook.com/groups/boithuongbh/posts/2115572929043842/,"CÓ PHẢI LÀM BẢO HIỂM LÀ PHẢI BÁN CHO NGƯỜI THÂN? Mấy hôm nay có một clip cô gái nói về việc TVV đi học bảo hiểm xong, việc đầu tiên là bán cho người thân, “lừa người thân” đang viral. Mình không bàn đúng sai về câu chuyện của cô gái ấy. Mình chỉ muốn kể về hành trình của mình. Khách hàng tham gia bảo hiểm nhân thọ đầu tiên của mình là của bạn của chị gái mình. Đến nay, sau 6 năm làm nghề, phục vụ cả nghìn khách hàng, số hợp đồng của người thân trong gia đình mình cũng chỉ khoảng hơn chục hợp đồng. Và đây là những người thân đã đồng hành cùng mình: - Bố mẹ hai bên: Chị em chúng mình thuyết phục và mua cho bố mẹ - Chị gái ruột, anh rể: 3 hợp đồng + 1 hđ mua trước khi mình làm nghề - Chị chồng, anh rể: 3 hợp đồng. - Em trai: 1 hợp đồng. - Chị họ, em họ: 4 hợp đồng. - Dì mình: 1 hợp đồng. - Cô mình: Có làm hồ sơ, nhưng sau thẩm định, phương án ban đầu không thể thực hiện được. Công ty chỉ chấp nhận sản phẩm chính với mức tăng phí 175%, đồng thời từ chối tạm hoãn tất cả các bổ trợ. Và dừng phương án khi không tham gia được trọn vẹn và cô cũng không còn hào hứng tham gia như lúc gọi mình “về lamf hợp đồng cho cô”. Mỗi người một câu chuyện. - Có người mình chủ động chia sẻ. - Có người chứng kiến mình làm nghề mỗi ngày rồi thấy cần thiết. - Có người mình từng “ốp” phải mua. 😄 - Có người khi xem lại hợp đồng cũ mua thêm và điều chỉnh “Tốt như vậy sao không bán cho cả họ nhà mày đi?” Ừ, câu này có thể ai đó nói, ai đó nghĩ. Còn mình thì thấy thế này… - Bảo hiểm là kế hoạch dài hạn. - Không phải mua để ủng hộ người quen. - Không phải mua vì ngại từ chối. - Và càng không phải cứ người thân mua hết mới chứng minh được mình là một người tư vấn tốt. - Với mình, mình chỉ tư vấn chứ không bán hàng bằng mọi giá Mình có chia sẻ. - Khi mọi người quan tâm, lắng nghe và dành thời gian tìm hiểu, mình sẽ tư vấn cụ thể. - Còn nếu chưa có nhu cầu, chưa sẵn sàng hoặc phương án không phù hợp, thì thôi. Mình vẫn hay nói với mọi người: Mình ngại tư vấn người nhà hơn tư vấn khách lạ. - Vì sợ mất tình cảm. - Sợ người ta ngại mỗi lần gặp nhau nếu không mua. - Sợ một cuộc tư vấn không thành công lại khiến mối quan hệ trở nên khó xử. - Và chính mình cũng chưa vượt qua được điều đó. Tư vấn cho khách hàng xa lạ, đôi khi lại thấy “phiêu” hơn. 😄 Đến nay, khoảng 80% khách hàng của mình là khách lạ và khách cũ giới thiệu khách. - Mình trân trọng từng người đã tin tưởng tìm đến. - Không phải vì họ là người thân. - Mà vì họ đã dành thời gian lắng nghe, tìm hiểu và lựa chọn giải pháp cùng mình. - Với mình, đó mới là điều đáng quý. ⸻ 6 năm làm nghề, người thân của mình không phải là những người mua bảo hiểm nhiều nhất. Nhưng mỗi khi họ cần, mình vẫn muốn là người đầu tiên họ nhớ đến. ❤️ - Khi anh mình mất, bác trai và c dâu tìm mình - Khi chú ốm, dì hỏi mình Có những hợp đồng không phải do mình bán. Nhưng khi gia đình có chuyện, mọi người vẫn tìm đến mình để hỏi, để nhờ giải thích, để cùng tìm cách giải quyết. Và với mình, đó cũng là một dạng niềm tin rất đáng quý. Làm bảo hiểm không phải để bán cho thật nhiều người quen. Mà là để khi một người cần, mình có thể xuất hiện, tư vấn đúng, làm hồ sơ cẩn thận và đồng hành với họ trong suốt hành trình. Còn các bạn đồng nghiệp thì sao? Hợp đồng bảo hiểm đầu tiên của bạn là của chính mình, của người thân hay của một khách hàng xa lạ? Và sau bao nhiêu năm làm nghề, người thân của bạn chiếm bao nhiêu phần trong danh sách khách hàng?",9,9,0,0,0,,,0,0,0,0,0,0/0 (0%),Normal,
502,BỒI THƯỜNG BẢO HIỂM,https://www.facebook.com/groups/boithuongbh/posts/2115586025709199/,"Mình muốn tìm gói bảo hiểm chỉ dành cho thai sản, nhờ ace tư vấn giùm nhaa",37,37,0,0,46,unknown,Spam,1,3,0,35,0,0/4 (0.0%),Normal,
503,BỒI THƯỜNG BẢO HIỂM,https://www.facebook.com/groups/boithuongbh/posts/2115670589034076/,Và nhớ mua bảo hiểm cho bé yêu nữa nha. #Theodoi fb bác Hà để biết nhiều thông tin không bỏ sót quyền lợi của #mebim em bé nhé❤️,3,3,0,0,0,,,0,0,0,0,0,0/0 (0%),Normal,
504,BỒI THƯỜNG BẢO HIỂM,https://www.facebook.com/groups/boithuongbh/posts/2115804069020728/,"Cuộc sống nếu ko phải nói 2 từ “giá như” thì tốt biết mấy😌😌😌 Trong hành trình làm bảo hiểm, có 2 trường hợp khiến em cảm thấy tiếc nhất: 1 là khách hàng gặp biến cố sức khoẻ nhưng là bệnh bẩm sinh không được chi trả, 2 là khách hàng khi biết mình có bệnh rồi mới tìm đến bảo hiểm để tham gia🥺🥺🥺 Và tháng này em gặp cả em gặp cả 2 trường hợp đó luôn mới buồn chứ🥹🥹🥹 Em vẫn hỗ trợ nhiệt tình để cố gắng tham gia cho khách hàng dù là bị áp phí phụ trội hoặc loại trừ quyền lợi nào đó, nhưng thật đáng tiếc với list bệnh dày đặc mà khách hàng mới khám sức khoẻ định kỳ xong thì ko thể mua thêm thẻ sức khoẻ cho khách😌 Khi một ai đó từ chối ko tham gia bảo hiểm nghĩ rằng mình đúng, họ cười hả hê nghĩ rằng “mình giỏi, mình ko bị lừa” - ok bạn từ chối bảo hiểm thì được. Nhưng… nếu một ngày BẢO HIỂM TỪ CHỐI bạn thì đó thực sự là điều rất đáng ngại. Vì khi đó sức khoẻ của bạn đã thực sự có vấn đề và bạn sẽ phải đối mặt với những nan giải trong cuộc sống đó là: sức khoẻ giảm sút, tiền bạc chi tiêu, tiền bạc khám chữa bệnh và cả khoản bù đắp thu nhập nếu bạn ko may ko thể đi làm nữa… 😌 Vậy cho nên nếu là người biết lo xa hãy nghiêm túc suy nghĩ đến việc có nên dự phòng cho mình 1 hợp đồng bảo hiểm hay ko? Có nên uỷ thác những rủi ro của mình cho bảo hiểm hay ko? Đừng để đến sau này lại phải mang tất cả những tài sản mình đã tích luỹ bấy lâu để trả cho bài toán VIỆN PHÍ💜💜💜 Nếu cần tìm hiểu đừng ngại nhắn tin cho em Liệu nhé! Em Liệu có hơn 7 năm kinh nghiệm hỗ trợ khách hàng giải quyết quyền lợi bảo hiểm. Thuộc Top 10% tư vấn viên xuất sắc nhất toàn cầu MDRT 2025. Sao Việt Bạch Kim của Bảo Việt Nhân Thọ 2025❤️❤️❤️ #baohiemnhantho #giaiquyetquyenloi #thesuckhoe #namvien #baovietnhantho #Lieubaoviet",1,1,0,0,0,,,0,0,0,0,0,0/0 (0%),Normal,
505,BỒI THƯỜNG BẢO HIỂM,https://www.facebook.com/groups/boithuongbh/posts/2116075635660238/,"Chân ướt chân ráo bước vào nghề có lúc không tin tưởng nghề , luôn Có lúc nghi ngờ luôn, vậy chứ mua 5 cái hợp đồng bảo hiểm cho 3 mẹ con Và rồi khi giúp khách hàng yêu cầu giải quyết quyền lợi bảo hiểm tôi không còn nghi ngờ điều gì nữa Tôi thực sự thấy công ty bảo hiểm rất nhân văn giải quyết rất nhanh gọn lẹ trường hợp này khách hàng nữ sinh năm 86 quyên sinh nha anh chị Em chỉ muốn lan tỏa để cho mọi người hiểu giá trị của bảo hiểm , lời nhắn nhủ là hãy mua khi còn khỏe vì bảo hiểm chỉ bảo vệ cho những điều chưa xảy ra em không cần mọi người phải tin ngay nhưng mà hãy tìm hiểu đi trước khi mình tiêu cực về nó , vì biết đâu mình không hiểu đúng bản chất sự việc mình bỏ qua một cái cơ hội để bảo vệ bản thân và gia đình Còn gì nhân văn và ý nghĩa hơn! Ngày 7 tháng 9 em nộp hồ sơ 12 tháng 9 có quyết định chấp nhận giải quyết quyền lợi bảo hiểm Em thi lấy code 21 tháng 05 năm 2025 mới vào làm hơn 1 năm Khách hàng này là khách hàng chuyển giao do tư vấn viên cũ qua đời rồi công ty phân công cho em chăm sóc Mọi người biết không Công ty bảo hiểm luôn phân công người chăm sóc hợp đồng bảo hiểm cho khách hàng của mình , công ty chưa bao giờ bỏ rơi một khách hàng nào hết , chỉ là cái người được nhận phân công đó có làm hay không thôi , vậy nên đừng trách công ty mà tội nghiệp",2,2,0,0,0,,,0,0,0,0,0,0/0 (0%),Normal,
506,BỒI THƯỜNG BẢO HIỂM,https://www.facebook.com/groups/boithuongbh/posts/2116075722326896/,"Tv hộ e bảo hiểm sktd gói 1 năm 2.8tr ạ Mẹ em được đk mua bh này do cty mua ạ, Nhưng ko biết cách sd , mình đi khám có mang theo khám dc ko ạ Mẹ e sn 74 ạ",8,8,0,0,4,unknown,Trung lap,0,2,0,2,0,0/2 (0.0%),Normal,
507,BỒI THƯỜNG BẢO HIỂM,https://www.facebook.com/groups/boithuongbh/posts/2116354115632390/,"Anh mình có tham gia hợp đồng Aviva với quyển lợi này, giờ đi viện cắt amydan nhờ mọi người hướng dẫn làm thanh toán ạ!",4,4,0,0,8,unknown,Spam,1,3,0,4,0,0/4 (0.0%),Normal,
508,BỒI THƯỜNG BẢO HIỂM,https://www.facebook.com/groups/boithuongbh/posts/2116380592296409/,">>BẢO HIỂM ""ĐÓNG ĐỦ MÀ VẪN THIẾU"": KHI NGÂN SÁCH ĐÃ ""KỊCH TRẦN"" NHƯNG LỖ HỔNG VẪN TOANG?<<< Nhiều chị em gửi hợp đồng qua cho mình rà soát và thốt lên rằng: ""Em ơi, anh/chị đóng mười mấy triệu mỗi năm suốt bao năm nay rồi, tưởng là yên tâm lắm. Hóa ra kiểm tra mới thấy mình đang chịu rủi ro..."" Đây là một câu chuyện hoàn toàn thực tế: Tiền thì vẫn mất đều đặn mỗi năm, nhưng khi rủi ro gõ cửa thì mệnh giá bảo vệ lại quá rẻ mạt, hoặc sai người, hoặc sai nhu cầu, hoặc sai tất :((. Nỗi khổ tâm lớn nhất lúc này của khách hàng là: ""Chị muốn làm lại cho đúng, muốn mua bù đắp cho đủ, nhưng ngặt một nỗi là tiền chỉ có thế, không thể móc đâu ra tiền để mua thêm gói mới nữa!"" Với tư cách là một người mẹ, 1 tay hòm chìa khoá trong gia đình, mình xin khẳng định với bạn một nguyên tắc vàng: Tuyệt đối không bao giờ cố gắng mua thêm khi ví tiền đã cạn. Thay vào đó, chúng ta có một bài toán thông minh hơn: ĐÃ CÙNG MỘT SỐ TIỀN ĐÓ, HÃY SẮP XẾP LẠI CHO ĐÚNG CHỖ. 3 bước giải quyết bài toán ""Kịch trần ngân sách"" trong bối cảnh thiếu hụt tùm lum tè le nhưng lại k có thêm tiền: Để làm được điều này, phải thực sự nghiêm túc nhìn nhận lại hợp đồng, cùng ngồi với người tư vấn, bây giờ chỉ có chính bạn mới có thể giải quyết được vấn đề này mà k có bất kì 1 tư vấn BH nào hiểu hơn bạn. 1 - Bóc tách ""rác tài chính"" trong hợp đồng cũ: Kiểm tra xem bạn đang nuôi những sản phẩm bổ trợ nào không cần thiết, hoặc có đang mua bảo hiểm tiết kiệm cho con nhỏ trong khi cha mẹ – trụ cột gia đình – lại đang ""trần trụi"" trước rủi ro hay không. Cắt bỏ hoặc giảm tỷ trọng những phần dư thừa này để giải phóng một khoản tiền mặt. 2- Chuyển dịch dòng tiền về ""Vùng sinh tồn"": Ưu tiên sống nhăn răng trước, tử vong tính sau! Nhiều người cứ hay sợ cảnh ""nằm xuống thì ai lo"", nhưng ngặt một nỗi là rủi ro chưa kịp làm mình chết thì viện phí, bệnh hiểm nghèo nó đã vắt kiệt sức lao động và tài sản trước rồi. Thế nên, khi ví tiền đã kịch trần, không được phép mơ mộng mấy cái gói bảo hiểm tích lũy lãi lời cao sang nữa. Hãy bắt buộc phải xếp lại thứ tự ưu tiên bằng xương bằng thịt thế này: Thứ 1 - Tiền mặt & Viện phí/Tai nạn/ ốm đau: Nằm viện, gãy tay, đứt chân lấy tiền đâu bù đắp ngày công lao động? Phải có lớp bảo vệ y tế và tai nạn gác cổng đầu tiên. Thứ 2 - Quỹ Bệnh hiểm nghèo (Cực kỳ quan trọng): Ung thư, đột quỵ bây giờ không từ một ai. Đứa nào cầm tài chính mà ngã bệnh hiểm nghèo mà không có trong tay 500 triệu hay 1 tỷ lận lưng để chữa trị thì chỉ có bán nhà, khánh kiệt. Vẫn phải sống, dù có ""sống dặt dẹo"" thì cũng phải có tiền mua thuốc đặc trị để kéo dài sự sống, chứ không thể làm gánh nặng cho gia đình được. Thứ 3 - Quyền lợi tử vong: Cuối cùng mới tính đến chuyện ""nếu chẳng may không về"". Ví dụ thực tế cho dễ hình dung: Thay vì dồn 20 triệu/năm mua một gói tích luỹ, hãy bẻ lái dòng tiền đó sang dòng bảo hiểm thuần bảo vệ. Cũng 20 triệu đồng trong hạn mức cũ đó, ta cấu trúc lại để dồn tiền mua gói bệnh hiểm nghèo mệnh giá lớn và thẻ chăm sóc sức khỏe ngon nghẻ cho người trụ cột. Lúc này, bệnh tật ập đến có tiền chữa ngay lập tức, giữ lại cái mạng và giảm áp lực tiền bạc cho cả nhà. 3- Vá lỗ hổng bằng kiểu ""liệu cơm gắp mắm"" ""Hợp đồng cũ đóng 3-4 năm rồi, giờ hủy ngang thì mất trắng giá trị hoàn lại, mà để lại thì vẫn thiếu tùm lum, vậy tính sao?"" Thì đây, cách xử lý đơn giản thế này: Không hủy hợp đồng cũ nếu đã đóng lâu: Cứ để yên đó, giữ lại những cái gì còn dùng được để không bị mất tiền oan, mình luôn dặn khách là bỏ cái gì thì bỏ chứ riêng cái bệnh hiểm nghèo đã mua lâu rồi thì đừng bỏ. Hết tiền rồi thì ""mua lẻ tẻ"" từng năm: Số tiền kịch trần còn lại trong ví, bạn đừng mua thêm bảo hiểm nhân thọ dài hạn nữa. Hãy ra ngoài mua các gói bảo hiểm phi nhân thọ (kiểu bảo hiểm tai nạn, bảo hiểm sức khỏe mua theo năm, đóng tiền năm nào ăn chắc năm đó). Nôm na dễ hiểu thế này: Giống như cái nhà cũ đang bị dột mấy chỗ (thiếu bảo vệ y tế, thiếu tai nạn). Giờ không đủ tiền xây lại cả cái nhà mới, thì ta cứ giữ nguyên khung nhà cũ, ra hàng vật liệu mua mấy tấm bạt về che đúng mấy chỗ dột ngay lập tức. Hết năm đó, năm sau thích thì mua tiếp, cực kỳ linh hoạt mà không sợ bị ép tiến độ đóng tiền nặng nề. Tiền của bạn kiếm được bằng mồ hôi nước mắt, tuyệt đối k để chảy sai chỗ! Bạn đã bao giờ tự hỏi: Số tiền bảo hiểm bạn đang đóng mỗi năm thực sự đang bảo vệ ai và bảo vệ được bao nhiêu lâu nếu biến cố xảy ra? Đừng ngần ngại để lại bình luận hoặc nhắn riêng cho mình để cùng mổ xẻ lại bức tranh tài chính nhà mình nhé!",9,9,0,0,2,unknown,Trung lap,0,1,1,0,0,1/2 (50.0%),Normal,
509,BỒI THƯỜNG BẢO HIỂM,https://www.facebook.com/groups/boithuongbh/posts/2116402052294263/,"BÁO ĐỘNG ĐỎ: 6 CÔNG VIỆC SẼ BỊ AI ""XÓA SỔ"" HOẶC THAY ĐỔI VĨNH VIỄN TRONG 12 THÁNG TỚI! Nhiều người vẫn đang có thói quen dùng AI để ""trò chuyện cho vui"", nhưng tại các tập đoàn lớn một cuộc thanh lọc nhân sự quy mô lớn đang âm thầm diễn ra. Trí tuệ nhân tạo không còn ở giai đoạn ""thử nghiệm"" hay ""học việc"" như nhiều người nghĩ, nó đang trực tiếp cắt đứt những mắt xích việc làm mang tính thủ công và lặp đi lặp lại. Dưới đây là 6 nhóm công việc đang đứng ngay đầu ngọn sóng thần trong vòng 6-12 tháng tới: 1. Kế toán ""checklist"" & Nhân viên nhập liệu: Các phần mềm OCR (nhận diện quang học) hiện bóc tách, đối chiếu hàng ngàn hóa đơn, chứng từ và hạch toán vào hệ thống chỉ trong vài giây. ""Thợ nhập liệu"" sẽ hết đất diễn. 2. Chăm sóc khách hàng (Cấp độ 1): Những nhân viên trực tổng đài chỉ để trả lời quy trình, tra cứu thông tin cơ bản đang bị thay thế bởi Chatbot AI. Chúng trực 24/7, xử lý hàng vạn khiếu nại cùng lúc và đặc biệt là... không bao giờ mất bình tĩnh và càm ràm hay than phiền vì mệt mỏi! 3. Nhân viên Check-in Hàng không: Kiosk tự phục vụ kết hợp nhận diện sinh trắc học (FaceID) và quầy tự gửi hành lý đang biến các dãy quầy thủ tục truyền thống thành dĩ vãng. 4. Thu ngân siêu thị: Làn sóng Self-checkout (tự thanh toán) và công nghệ thanh toán không chạm qua camera quét giỏ hàng sẽ sớm loại bỏ hoàn toàn vị trí đếm tiền lẻ và quét mã vạch. 5. ""Thợ"" Lập trình & Người viết Content đại trà: AI giờ đây có thể tự động sinh mã nguồn nền (boilerplate), tìm lỗi code, hoặc viết hàng loạt bài chuẩn SEO, dịch thuật tài liệu kỹ thuật rập khuôn với chi phí chỉ bằng 1/100 con người. 6. Nhân viên chứng từ xuất nhập khẩu: Máy móc đang tự động phân luồng tờ khai, đối soát mã biểu thuế và trích xuất dữ liệu vận đơn mà không cần bất kỳ ai phải ""gõ lại"" vào máy tính. SỰ THẬT TÀN KHỐC: Nếu công việc hàng ngày của bạn có thể mô tả bằng một sơ đồ khối (flowchart) và vận hành bằng một danh mục kiểm tra (checklist) cố định... thì... chiếc ghế bạn đang ngồi đang rung lắc dữ dội vì chi phí vận hành máy móc rẻ hơn, thao tác nhanh hơn, chính xác hơn và không bao giờ biết phàn nàn! Sóng thần đã ập đến chân tường. Câu hỏi là bạn sẽ chủ động lướt sóng, hay đứng im chờ bị nhấn chìm? Hãy cùng chia sẻ trong phần bình luận về những công việc trong doanh nghiệp của mình mà bạn cho rằng hoàn toàn có thể giao phó ngay cho AI làm nhé. (Đón đọc Kỳ 2: Từ cốc cà phê robot đến phòng chờ sân bay - Khách hàng đang trả tiền cho thao tác hay trải nghiệm của bạn?) #TriTueNhanTao #ThiTruongLaoDong #KyNangSinhTon #ChuyenDoiSo",1,1,0,0,0,,,0,0,0,0,0,0/0 (0%),Normal,
510,BỒI THƯỜNG BẢO HIỂM,https://www.facebook.com/groups/boithuongbh/posts/2116406778960457/,"Góc hỏi đáp: Các công ty quy định hiện hành bán bảo hiểm cho nghề Bộ đội như nào? Nếu chú bộ đội có bảo hiểm, TH này có được tính là tai nạn không? @mọi người Ps: Câu hỏi thảo luận xuất phát từ câu hỏi hôm nay khách hỏi mình: Bộ đội có mua được bảo hiểm không và trường hợp này sẽ ntn?",18,14,4,0,33,unknown,Trung lap,4,10,0,1,0,0/14 (0.0%),Normal,
511,BỒI THƯỜNG BẢO HIỂM,https://www.facebook.com/groups/boithuongbh/posts/2117140445553757/,"Giật mình vì đóng 70 triệu bảo hiểm cho con, sau 7 năm còn 36 triệu 🥲 Khách hàng thắc mắc, vậy sự thật là gì ? #baohiemchocon #baohiemsuckhoe #aia #khanhhungbaohiem #viralvideo",1,1,0,0,0,,,0,0,0,0,0,0/0 (0%),Normal,
512,BỒI THƯỜNG BẢO HIỂM,https://www.facebook.com/groups/boithuongbh/posts/2117235385544263/,Cập nhật thị trường từ Manulife Thu phí thanh toán phí hợp đồng nhân thọ từ 10tr. Nguồn: HoLy Thẩm #Manulife #phidichvu #BTBH,63,56,1,6,61,unknown,Trung lap,0,5,2,0,0,2/7 (28.6%),Normal,
513,BỒI THƯỜNG BẢO HIỂM,https://www.facebook.com/groups/boithuongbh/posts/2117277642206704/,"Đề xuất trợ cấp hàng tháng cho người Ung thư, suy thận! Việc điều trị ung thư có thể kéo dài, với các phương pháp như phẫu thuật, hóa trị, xạ trị, điều trị đích hoặc liệu pháp miễn dịch tùy từng trường hợp. Tương tự, một số người bệnh suy thận mạn giai đoạn nặng phải lọc máu định kỳ, có thể làm suy giảm hoặc mất hẳn khả năng lao động. Các chi phí y tế, ăn ở, đi lại khiến cử tri kiến nghị cần có chính sách trợ cấp dựa trên mức độ bệnh và khả năng kinh tế, thay vì chỉ dựa vào giai đoạn bệnh. Chi tiết đề xuất ở link báo 👇 #ungthu #suythan #AnSinhXaHoi #trocap #reviewbenhvien #BTBH",6,6,0,0,5,unknown,Tich cuc,2,2,0,0,0,0/4 (0.0%),Normal,
514,BỒI THƯỜNG BẢO HIỂM,https://www.facebook.com/groups/boithuongbh/posts/2117390192195449/,"THÁI BÌNH ĐI ĐẺ HAY MỔ PHỤ KHOA Ở ĐÂU? Nay em xin phép lên bài review về Bệnh viên phụ sản An Đức Thái Bình Hôm trước mình có vào thăm một chị khách hàng vừa thực hiện phẫu thuật u xơ tử cung tại Bệnh viện Phụ sản An Đức. Trước đây mình chủ yếu vào thăm các mẹ sinh em bé ở đây nên cũng đã có vài lần chia sẻ về dịch vụ sinh. Lần này mới có dịp trải nghiệm thêm về phẫu thuật phụ khoa, nên xin phép chia sẻ lại một chút trải nghiệm thực tế của chị. Chị lựa chọn Gói VIP 2 hơn 9 triệu, ngoài ra có thêm chi phí giảm đau sau mổ và sàng lọc ung thư. 💰 Tổng chi phí ca mổ: 17.626.286đ 🏥 BHYT chi trả: 4.626.262đ 👉 Bệnh nhân thực trả: khoảng 13 triệu đồng. Khách khen “Phòng sạch, yên tĩnh. Người nhà cũng có giường riêng để nghỉ. Bác sĩ, y tá nhiệt tình.” Đó cũng là cảm nhận của mình về An Đức. Đi viện, đặc biệt là sau một ca phẫu thuật, đôi khi không chỉ là chuyện bác sĩ giỏi hay phương pháp điều trị. Một căn phòng sạch sẽ, yên tĩnh, người nhà có chỗ nghỉ ngơi, nhân viên y tế nhiệt tình cũng khiến người bệnh và gia đình dễ chịu hơn rất nhiều trong những ngày nằm viện. Ấn tượng cá nhân của mình về An Đức là sạch – đẹp – dịch vụ khá chỉn chu, phù hợp với những gia đình muốn tìm một bệnh viện chuyên về Phụ sản nhưng vẫn quan tâm nhiều đến sự thoải mái trong thời gian nằm viện. Điểm trừ: Chưa có dịch vụ ăn uống, cantin tại viện. Khách em bảo thêm cái này nữa: “Điểm 10!” 😂 Điểm đặc biệt viện hỗ trợ bóc tách chi phí khá tốt, nên các mẹ dùng bảo hiểm sức khoẻ, bảo hiểm thai sản được hỗ trợ nhiều. View xịn cỡ này mà tiền giường sau trừ BHYT chỉ tầm 500k các bác có bất ngờ không? Hôm nay lúc nhận thông báo bồi thường, chị còn ngạc nhiên hỏi: “Ơ, được trả nhiều thế này à? Cả thuốc giảm đau sau mổ cũng được trả này!” 😂 Khoản sàng lọc ung thư hơn 1,2 triệu trước đó chị còn tưởng không được thanh toán nên không lấy hóa đơn, thành ra phần này không làm hồ sơ được, Hạnh đang hỗ trợ xin bù và làm bổ sung. Mình chia sẻ lại hoàn toàn từ trải nghiệm thực tế của chị khách hàng, hy vọng giúp các mẹ ở Thái Bình có thêm một thông tin tham khảo khi cần. 🌿 Ai đã từng khám, sinh hoặc điều trị tại Bệnh viện Phụ sản An Đức rồi, cho mình xin thêm review với nhé. Mọi người ấn tượng nhất điều gì ở An Đức: bác sĩ – điều dưỡng – phòng bệnh – dịch vụ – hay chi phí? Cùng chia sẻ để mọi người có thêm thông tin thực tế nhé ❤️ #ReviewBenhVien #BenhVienPhuSanAnDuc #ReviewDiVien #UxoTuCung",5,5,0,0,7,unknown,Tich cuc,3,2,1,0,0,1/6 (16.7%),Normal,
515,BỒI THƯỜNG BẢO HIỂM,https://www.facebook.com/groups/boithuongbh/posts/2117501018851033/,Em chào mọi người ạ. Em có bị sốt xuất huyết và đi viện vào tháng trước. Đã tham gia daiichi cũng 5 năm rồi ạ. Lần này em bị nặng và tràn dịch màng phổi kèm dấu hiệu cảnh báo. Nhưng bên daiichi từ chối rất nhiều xét nghiệm và đặc biệt là human albumin khi điều trị. Cũng soạn thư gửi daiichi 2 lần và đều bị từ chối. Có cao nhân nào giúp em không ạ?? Chứ em mất niềm tin vào bảo hiểm quá. Trong khi manulife một chị nằm cũng bị tương tự thì được chi trả hết ạ.,17,17,0,0,10,unknown,Trung lap,0,4,2,0,0,2/6 (33.3%),Normal,
516,BỒI THƯỜNG BẢO HIỂM,https://www.facebook.com/groups/boithuongbh/posts/2117570985510703/,"Cập nhật thị trường, Từ 14/9/2026 Manulife hoàn tất quá trình chuyển giao xử lý yêu cầu bồi thường chi phí y tế từ Insmart về Manulife. Vậy là xu thế thị trường các công ty Nhân thọ dịch chuyển về tự quản lý ngày càng nhiều hơn. #Manulife #Insmart #Boithuongbaohiem",14,14,0,0,1,,,0,0,0,0,0,0/0 (0%),Normal,
517,BỒI THƯỜNG BẢO HIỂM,https://www.facebook.com/groups/boithuongbh/posts/2117680562166412/,"Mỗi năm nhận 10% số tiền bảo hiểm, năm đầu thì thấy ít nhưngđến năm 2, 3thì thấy cũng được được . Mỗi năm nhận thêm khoản mười mấy đến 20 triệu. Chia sẻ đén mọi người 1 dòng sp cũ của AIA, khi claim quyền lợi TTTBVV sẽ nhận được mỗi năm 10% số tiền bảo hiểm + % lãi suất trên số tiền còn lại từ năm 2. Sp này dã ngưng bán từ 2015. Theo như trong Thư chi trả mọi người có thể thấy rõ, chi tiết số tiền còn lại và số tiền lãi hằng, mức lãi suất là bao nhiêu. Nhẫm nhanh theo công thức này nếu lãi cố định, thì tổng số tiền khácnh nhận lên đến hơn 600tr. Tiến trình hồ sơ này cũng không mấy phức tạp : - 11/2023 claim bệnh hiểm nghèo : suy thận - chạy thận : nhận 200tr - 03/2024: do mình chủ quan ko đọc điều khoản, claim quyền lợi tttbvv vì nghĩ đủ 6 tháng, ai dè sp cũ nên phải cần 12 tháng. - 09/2024 : mắc lỗi 1 lần nữa, thông báo khách nhận 100% số tiền bảo hiểm, nhưng lại là sản phẩm cũ chỉ nhận 10% / năm. Chia 10 lần. Nhưng may mắnn, minh xin miễn giám định y khoa được cho khách. P/s: trường hợp nếu anh chị nào thắc mắc, nếu trong quá trình chi trả, khách hàng quên thở thì số tiền còn lại trả cho ai. Số tiền còn lại sẽ trả cho các hàng thừa kế hợp pháp của người được bảo hiểm này ( cho dù bên mua hợp đồng này là không phải là Ngườ được bảo hiểm ) . Vậy nên gia đình phải làm Thỏa thuận thừa kế để nhận khoản còn lại.",3,3,0,0,0,,,0,0,0,0,0,0/0 (0%),Normal,
518,Hiệp Hội Tư vấn Bảo hiểm Nhân thọ Việt Nam,https://www.facebook.com/groups/tuvanbaohiemnhanthovn/posts/2127616704491798/,"Mua online bảo hiểm sức khỏe, thai sản tốt nhất. https://online.moncover.vn/bh-suc-khoe",0,0,0,0,0,,,0,0,0,0,0,0/0 (0%),Normal,
519,Hiệp Hội Tư vấn Bảo hiểm Nhân thọ Việt Nam,https://www.facebook.com/groups/tuvanbaohiemnhanthovn/posts/2128487284404740/,"🚨 LẦN ĐẦU TIÊN CÓ LỊCH SỬ: THẺ SỨC KHỎE GENERALI GIẢM PHÍ KHỦNG! Không lằng nhằng điều kiện, chốt ngay tháng 9 này anh chị sẽ nhận đặc quyền chưa từng có: ✔️ KHÔNG QUY ĐỊNH số tiền tham gia hợp đồng tối thiểu năm đầu tiên. ✔️ Người lớn (trên 5 tuổi): TẶNG NGAY 20% phí thẻ. ✔️ Em bé (0 - 5 tuổi): TẶNG NGAY 30% phí thẻ + KHÔNG ĐỒNG CHI TRẢ! (Bố mẹ bớt hẳn nỗi lo ốm vặt). ⏳ Chương trình vừa bắt đầu hôm nay (01/09) và chỉ kéo dài đến hết 30/09. Anh chị inbox em ngay để thiết kế bảng minh họa và giữ suất ưu đãi nhé! #baohiemsuckhoe #baohiemnhantho #GeneraliVietnam #trumboithuong",0,0,0,0,0,,,0,0,0,0,0,0/0 (0%),Normal,
520,Hiệp Hội Tư vấn Bảo hiểm Nhân thọ Việt Nam,https://www.facebook.com/groups/tuvanbaohiemnhanthovn/posts/2128504407736361/,"Mình cần tìm tư vấn viên ở TPHCM làm 2 việc: 1 là lên gói BH nhân thọ kèm thẻ sức khỏe nội trú tối ưu cho vợ (29 tuổi, khỏe mạnh). 2 là tư vấn và xử lý hồ sơ cho mình (38 tuổi, đang điều trị huyết áp nhưng kiểm soát tốt, có sẵn giấy tờ bệnh viện minh bạch). Bạn nào chuyên môn tốt, tự tin làm được hồ sơ thì inbox trực tiếp trao đổi cụ thể giúp mình nhé.",16,16,0,0,27,unknown,Spam,0,1,0,27,0,0/1 (0.0%),Normal,
521,Hiệp Hội Tư vấn Bảo hiểm Nhân thọ Việt Nam,https://www.facebook.com/groups/tuvanbaohiemnhanthovn/posts/2128717857715016/,🇻🇳🇻🇳🇻🇳 GENERALI - MỪNG QUỐC KHÁNH 02/09 ☘️ 🎁 𝐍𝐡𝐚̣̂𝐧 𝐧𝐠𝐚𝐲 𝐪𝐮𝐚̀ 𝐭𝐚̣̆𝐧𝐠 𝐭𝐢𝐞̂̀𝐧 𝐦𝐚̣̆𝐭 𝐭𝐮̛𝐨̛𝐧𝐠 đ𝐮̛𝐨̛𝐧𝐠 𝟐𝟎% 𝐡𝐨𝐚̣̆𝐜 𝟑𝟎% 𝐩𝐡𝐢́ 𝐛𝐚̉𝐨 𝐡𝐢𝐞̂̉𝐦 của thẻ sức khoẻ Generali NỘI - NGOẠI TRÚ HẠNG TIÊU CHUẨN . Cụ thể : 🔥 Tặng 30% phí thẻ sức khoẻ : Áp dụng cho Người được bảo hiểm từ 0 đến 5 tuổi. 🔥 Tặng 20% phí thẻ sức khoẻ : Áp dụng cho Người được bảo hiểm trên 5 tuổi ⏰ Thời gian áp dụng: Từ 01/09/2026 đến 30/09/2026 📩 𝐂𝐨̛ 𝐡𝐨̣̂𝐢 đ𝐞̂̉ 𝐜𝐡𝐨̂́𝐭 𝐭𝐡𝐚𝐦 𝐠𝐢𝐚 𝐭𝐡𝐞̉ 𝐬𝐮̛́𝐜 𝐤𝐡𝐨𝐞̉ 𝐆𝐞𝐧𝐞𝐫𝐚𝐥𝐢 𝐤𝐡𝐨̂𝐧𝐠 đ𝐨̂̀𝐧𝐠 𝐜𝐡𝐢 𝐦𝐨̣𝐢 𝐥𝐮̛́𝐚 𝐭𝐮𝐨̂̉𝐢. #KhanhHaBaohiem #DaiLeMung2Thang9 #QuatangGenerali #TheSucKhoeGenerali,0,0,0,0,0,,,0,0,0,0,0,0/0 (0%),Normal,
522,Hiệp Hội Tư vấn Bảo hiểm Nhân thọ Việt Nam,https://www.facebook.com/groups/tuvanbaohiemnhanthovn/posts/2128930594360409/,"Ai chơi lễ chứ giờ em còn bận edit 🥲 Mọi người ủng hộ kênh em nha, flop quá 😤 TikTok: https://www.tiktok.com/@kietbaohiem Facebook: https://www.facebook.com/Kiet.MDRT/reel YouTube: https://youtube.com/@kietgenerali 📂 Tổng hợp một số case chi trả quyền lợi bảo hiểm gần đây: https://drive.google.com/drive/u/1/folders/1AKmh6iDXzPth7WcRSHacS_vrmBrFx9sppL3OMziwEWmlZGHUoW7jzbjAkJxjkGQC2CQ6YeQV",1,1,0,0,0,,,0,0,0,0,0,0/0 (0%),Normal,
523,Hiệp Hội Tư vấn Bảo hiểm Nhân thọ Việt Nam,https://www.facebook.com/groups/tuvanbaohiemnhanthovn/posts/2129399504313518/,"Trong nhóm mình có anh/chị nào đang làm tư vấn bảo hiểm không ạ? Mình đang muốn kết nối thêm với một số anh/chị tư vấn ở các khu vực khác nhau. Thỉnh thoảng bên mình có người hỏi về bảo hiểm nhưng không phải nhu cầu nào mình cũng có người phù hợp để hỗ trợ. Nên muốn làm quen thêm với mọi người, sau này nếu có trường hợp phù hợp thì có thể hỗ trợ và kết nối cho nhau 😊 Anh/chị đang làm khu vực nào và chuyên dòng bảo hiểm nào có thể comment giao lưu nhé.",10,10,0,0,14,unknown,Spam,0,1,0,13,0,0/1 (0.0%),Normal,
524,Hiệp Hội Tư vấn Bảo hiểm Nhân thọ Việt Nam,https://www.facebook.com/groups/tuvanbaohiemnhanthovn/posts/2129715647615237/,Mua bảo hiểm TNDS ô tô chiết khấu 50% https://online.moncover.vn/bh-oto,0,0,0,0,0,,,0,0,0,0,0,0/0 (0%),Normal,
525,Hiệp Hội Tư vấn Bảo hiểm Nhân thọ Việt Nam,https://www.facebook.com/groups/tuvanbaohiemnhanthovn/posts/2129771870942948/,"# 🇻🇳** LỄ LÀ ĐỂ NGHỈ, HẾT LỄ LÀ ĐỂ BỨT PHÁ **🇻🇳 Gia nhập team Chubb Life Hoàng Cầu để tận hưởng môi trường làm việc đẳng cấp, đãi ngộ siêu chiều chuộng và trọn vẹn 2 ngày cuối tuần xả hơi! 🚀💎 💰 LƯƠNG THƯỞNG & PHÚC LỢI ĐỈNH CAO: • Thu nhập 8 chữ số hấp dẫn: 12 – 25 triệu++/tháng (Lương cứng + Thưởng tháng, quý, thưởng nóng KHÔNG GIỚI HẠN). • Nghỉ cố định Thứ 7 & Chủ Nhật: Trọn vẹn 2 ngày cuối tuần xả hơi, chill bên gia đình & bạn bè! 💆‍♀️✈️ • Nói KHÔNG với OT: Đúng giờ là xách balo về, hoàn toàn không lo áp lực làm thêm giờ hay bị làm phiền cuối tuần! ⏰❌ ✨ ĐÃI NGỘ VĂN PHÒNG 6★ & PANTRY TRÀ CHIỀU: • 🏢 Văn phòng chuẩn 6★: Sang xịn mịn tại 36 Hoàng Cầu, góc nào cũng lên hình sống ảo cực chất! 📸✨ • ☕ Pantry trà chiều miễn phí: Cà phê, trà, bánh ngọt, snack luôn sẵn sàng để bạn nạp năng lượng mỗi giờ nghỉ giải lao! 🍰🧋 • 🥳 Môi trường Gen Z năng động: Đồng nghiệp thân thiện, hòa đồng, quẩy party liên tục. 💼 MÔ TẢ CÔNG VIỆC: • 🤝 Tư vấn, chăm sóc và hỗ trợ khách hàng về các giải pháp tài chính/bảo hiểm. • 📈 Mở rộng mạng lưới khách hàng, phối hợp cùng team hoàn thành mục tiêu. 🎯 YÊU CẦU: • 🚫 KHÔNG YÊU CẦU KINH NGHIỆM: Được đào tạo bài bản A-Z, có Mentor 1-1 cầm tay chỉ việc. • 🗣 Giao tiếp tốt, kiên trì, đam mê kiếm tiền và có tinh thần cầu tiến. 📍 Địa điểm: 36 Hoàng Cầu, Đống Đa, Hà Nội ⏰ Thời gian: Full-time (Nghỉ cố định T7, CN) hoặc Part-time linh hoạt 📲 CÁCH THỨC ỨNG TUYỂN: • Hotline/Zalo: 0946198580 • Email: minhfuong.chubb@gmail.com • Cú pháp: [Họ và tên] - Ứng tuyển NVKD",1,1,0,0,0,,,0,0,0,0,0,0/0 (0%),Normal,
526,Hiệp Hội Tư vấn Bảo hiểm Nhân thọ Việt Nam,https://www.facebook.com/groups/tuvanbaohiemnhanthovn/posts/2130129284240540/,Thứ Sáu rồi🎵📚 Kiếm thêm thu nhập tại app Bảo hiểm Moncover: https://online.moncover.vn/dang-ky-dai-ly,0,0,0,0,0,,,0,0,0,0,0,0/0 (0%),Normal,
527,Hiệp Hội Tư vấn Bảo hiểm Nhân thọ Việt Nam,https://www.facebook.com/groups/tuvanbaohiemnhanthovn/posts/2130240724229396/,"Bảo hiểm du lịch đã sẵn sàng đồng hành cùng bạn mùa hè này! Còn bạn, bạn đã sẵn sàng cho cuộc phiêu lưu hè với bảo hiểm du lịch chưa? Liên hệ: MONCOVER VIỆT NAM ☎️ 0963 443 313 | 0964 652 615 🏢 87 Vương Thừa Vũ, Phường Phương Liệt, Hà Nội #moncover #baohiemdulich #travel #travelinsurance #baohiem #dulich",0,0,0,0,0,,,0,0,0,0,0,0/0 (0%),Normal,
528,Hiệp Hội Tư vấn Bảo hiểm Nhân thọ Việt Nam,https://www.facebook.com/groups/tuvanbaohiemnhanthovn/posts/2130991557487646/,Hôm nay mới biết đấy 😮 Mua bảo hiểm du lịch quốc tế online tại. https://online.moncover.vn/bao-hiem-du-lich-quoc-te,0,0,0,0,0,,,0,0,0,0,0,0/0 (0%),Normal,
529,Hiệp Hội Tư vấn Bảo hiểm Nhân thọ Việt Nam,https://www.facebook.com/groups/tuvanbaohiemnhanthovn/posts/2131088407477961/,"# **🔥 NHẢ VÍA CHO MỌI NGƯỜI ĐANG ĐI TÌM VIỆC PHÙ HỢP 🔥** # Sau nhiều lần rải CV thì mình đã được nhận vào một công ty mà: ❤️ Đồng nghiệp hòa đồng, vui vẻ, không toxic ❤️ Môi trường GenZ trẻ trung, năng động ❤️ Thời gian làm việc linh hoạt, 9h - 17h T2 - T6, nghỉ trưa 2 tiếng (Nghỉ T7 & CN) ❤️ Thu nhập không giới hạn theo năng lực Mong rằng tất cả mọi người đều tìm được công việc mình mong muốn nha 🫶🏻 (Đang còn trống vị trí Nhân viên Kinh doanh nhenn) 📍 VP làm việc: Tầng 9, Tòa Geleximco, 36 Hoàng Cầu, Đống Đa, Hà Nội 📞 Hotline/Zalo: 0946 198 580 (Vu Minh Phuong)",0,0,0,0,0,,,0,0,0,0,0,0/0 (0%),Normal,
530,Hiệp Hội Tư vấn Bảo hiểm Nhân thọ Việt Nam,https://www.facebook.com/groups/tuvanbaohiemnhanthovn/posts/2131170614136407/,"“Bảo hiểm không làm chúng ta không bệnh. Bảo hiểm cũng không khiến bệnh viện rẻ đi…” Đọc chia sẻ này của khách hàng, Thủy thấy có một câu rất đáng suy nghĩ: “Bảo hiểm chỉ giúp mình có thêm một nguồn tiền khác để chống lại rủi ro, thay vì phải dùng toàn bộ tiền tiết kiệm đã gửi ngân hàng bấy lâu nay của gia đình.” Thực tế lần này cả gia đình chị có 6 người đều bị sốt xuất huyết. Riêng 3 mẹ con phải nằm viện từ 16/7 đến 05/8, chi phí theo chia sẻ của chị khoảng 50 triệu đồng. May mắn là chị đã chuẩn bị bảo hiểm sức khỏe cho gia đình từ năm 2022. Và đến lúc cả nhà cùng đổ bệnh, chị mới càng cảm nhận rõ giá trị của việc mình đã chuẩn bị từ trước. Thủy làm bảo hiểm nhiều năm và thấy mỗi loại bảo hiểm thực ra đang giúp mình giải quyết một nỗi lo khác nhau. Bảo hiểm sức khỏe là để hỗ trợ những hóa đơn khám chữa bệnh, nằm viện, phẫu thuật… theo quyền lợi và điều khoản mình tham gia. Như trường hợp của gia đình chị trong bài viết này, đây chính là quyền lợi đang phát huy tác dụng. Bảo hiểm bệnh hiểm nghèo lại là một câu chuyện khác. Ví dụ mình chuẩn bị quyền lợi 500 triệu đồng, chẳng may sau này mắc ung thư hoặc một bệnh nghiêm trọng thuộc điều kiện chi trả, mình có thể nhận khoản tiền theo hợp đồng. Lúc đó điều đáng sợ không chỉ là tiền viện phí. Có khi mình phải nghỉ làm vài tháng, người thân cũng phải nghỉ việc để chăm sóc, rồi tiền thuốc, tiền sinh hoạt, tiền học của con vẫn phải tiếp tục. Bảo hiểm nhân thọ thì Thủy thường nói với khách hàng rất đơn giản: Nếu mình là người đang kiếm tiền và chăm lo cho cả gia đình, thì mình nên chuẩn bị một khoản TIỀN đủ lớn để dù mình có gặp chuyện gì, cuộc sống của những người mình thương vẫn có thể tiếp tục. Còn một quyền lợi rất nhiều người hay bỏ qua là trợ cấp nằm viện theo ngày. Ví dụ mình có mức trợ cấp 500.000 đồng/ngày, một đợt nằm viện được công ty chấp thuận 20 ngày thì minh họa sẽ là: 500.000 × 20 ngày = 10 triệu đồng. Khoản này có thể giúp bù lại những chi phí rất đời thường: tiền ăn uống, đi lại, người nhà nghỉ làm chăm bệnh, thu nhập bị gián đoạn… Thủy nghĩ bảo hiểm thật ra không phải điều gì quá cao siêu. Mình khỏe thì mình đi làm, kiếm tiền và tích lũy. Còn khi mình bệnh, mình cần một nguồn tiền khác đứng ra cùng mình. Không ai mua bảo hiểm với mong muốn được sử dụng. Nhưng nếu một ngày buộc phải sử dụng, mình sẽ hiểu vì sao ngày trước mình đã dành một phần thu nhập để chuẩn bị cho ngày hôm nay. Và Thủy cũng luôn nói với khách hàng rằng đừng mua bảo hiểm chỉ vì nghe ai đó nói hay. Hãy hỏi thật kỹ: mình được bảo vệ những gì, không được bảo vệ những gì, thời gian chờ bao lâu, trường hợp nào bị loại trừ, mức chi trả ra sao và ngân sách này có phù hợp để mình duy trì lâu dài hay không. Nếu Anh/Chị đang tìm hiểu bảo hiểm nhân thọ, bảo hiểm sức khỏe, bảo hiểm bệnh hiểm nghèo, trợ cấp viện phí hay bảo hiểm cho cả gia đình mà vẫn còn nhiều điều chưa hiểu, cứ inbox Lệ Thủy Bảo Hiểm. Thủy sẵn sàng ngồi cùng Anh/Chị phân tích từng quyền lợi một. Hiểu thật kỹ rồi hãy tham gia cũng chưa muộn. ❤️ Lệ Thủy Bảo Hiểm | Giám đốc Ban Kinh Doanh TOT 2026 | Top 0,1% tư vấn tài chính xuất sắc toàn cầu 📲 Zalo tư vấn: 0971 093 368 📍 Văn phòng: Tòa nhà 7A Lam Sơn, P.2, Q. Tân Bình, TP.HCM (gần sân bay Tân Sơn Nhất) #LeThuyBaoHiem #BaoHiemSucKhoe #BaoHiemNhanTho #BaoHiemBenhHiemNgheo #BaoHiemDaiichi",0,0,0,0,0,,,0,0,0,0,0,0/0 (0%),Normal,
531,Hiệp Hội Tư vấn Bảo hiểm Nhân thọ Việt Nam,https://www.facebook.com/groups/tuvanbaohiemnhanthovn/posts/2131242100795925/,"# **Lịch Tết 2027 là món quà vừa thiết thực vừa giúp khách hàng luôn nhớ đến bạn. Từ tư vấn viên cá nhân, văn phòng bảo hiểm đến công ty bảo hiểm, mọi người đã chuẩn bị quà Tết cho Khách hàng của mình chưa nhỉ?** # lh: 0946 893 349",0,0,0,0,0,,,0,0,0,0,0,0/0 (0%),Normal,
532,Hiệp Hội Tư vấn Bảo hiểm Nhân thọ Việt Nam,https://www.facebook.com/groups/tuvanbaohiemnhanthovn/posts/2131307747456027/,"💙 **THƯ MỜI TRI ÂN – TẶNG GÓI KHÁM SỨC KHỎE 2.000.000Đ MIỄN PHÍ** 💙 Cuối tuần này, dành tặng bản thân một buổi sáng để lắng nghe cơ thể cùng Dai-ichi Life: ✨ **Khám sức khỏe toàn diện:** * Xét nghiệm máu chi tiết, tầm soát chỉ số tiểu đường, gout, mỡ máu, chức năng gan. * Siêu âm ổ bụng tổng quát, tuyến giáp và tầm soát chuyên sâu cho nam/nữ. ✨ **Quà tặng mang về:** * Nhận ngay **Túi du lịch Dai-ichi** tiện dụng. * Tham gia quay số trúng thưởng: Lò vi sóng, nồi lẩu điện Sunhouse, quạt bàn. * **Thời gian:** 8h00 sáng Chủ Nhật, 06/09/2026 * **Địa điểm:** Tầng 17, Tòa Ladeco, 266 Đội Cấn, Hà Nội * **Hotline / Zalo đăng ký:** **0375480141** 📩 Cả nhà nhắn tin trực tiếp cho em hoặc gọi số trên để đăng ký suất tham gia sớm nhé!",0,0,0,0,0,,,0,0,0,0,0,0/0 (0%),Normal,
533,Hiệp Hội Tư vấn Bảo hiểm Nhân thọ Việt Nam,https://www.facebook.com/groups/tuvanbaohiemnhanthovn/posts/2131376874115781/,🔥 Cập nhật mạng lưới khách hàng hôm nay 📍 Thành phố Hồ Chí Minh — 8 Khách hàng tiềm năng 📋 Nhu cầu: • Tìm kiếm thông tin về bảo hiểm nhân thọ • Quan tâm đến các quyền lợi bảo vệ gia đình • Quan tâm đến bảo hiểm sức khỏe ✅ Thông tin khách hàng đã được sàng lọc và xác minh. 📩 Các tư vấn viên bán hàng tại Thành phố Hồ Chí Minh có thể nhắn tin trực tiếp cho chúng tôi để có thêm khách hàng tiềm năng.,0,0,0,0,0,,,0,0,0,0,0,0/0 (0%),Normal,
534,Hiệp Hội Tư vấn Bảo hiểm Nhân thọ Việt Nam,https://www.facebook.com/groups/tuvanbaohiemnhanthovn/posts/2131481134105355/,"Xin phép BQT! 🎥 SJCAM SJ20 Dual Lens – Camera hành động & Camera hành trình quay đêm vượt trội ✅ 2 ống kính ngày & đêm – ghi hình rõ nét trong cả điều kiện thiếu sáng. ✅ Quay video 4K, chụp ảnh 20MP, màu sắc chân thực, chi tiết sắc nét. ✅ Chống rung 6 trục Gyro cho video mượt mà khi di chuyển. ✅ Dash Cam Mode + Loop Recording – sử dụng như camera hành trình cho ô tô, xe máy. ✅ Màn hình kép, hỗ trợ Livestream, Webcam, Time-lapse, Slow Motion, kết nối Wi-Fi 2.4/5GHz. 📌 Lựa chọn lý tưởng cho phượt, moto, xe đạp, ô tô, câu cá, du lịch, Vlog, POV, TikTok và Livestream. 📞 GMARK – Hotline/Zalo: 0916 433 486 #SJCAM #SJ20 #DualLens #CameraHanhDong #CameraHanhTrinh #Camera4K #QuayDem #POV #Vlog #Livestream #Moto #XeDap #DuLich #Gmark",0,0,0,0,0,,,0,0,0,0,0,0/0 (0%),Normal,
535,Hiệp Hội Tư vấn Bảo hiểm Nhân thọ Việt Nam,https://www.facebook.com/groups/tuvanbaohiemnhanthovn/posts/2131880080732127/,"BẢO VỆ SỨC KHỎE CHO MẸ – AN TÂM ĐỒNG HÀNH CÙNG CON 💚 MonCare Elite V2 mang đến giải pháp bảo vệ cho cả nhu cầu chăm sóc sức khỏe trẻ em và thai sản, với nhiều mức quyền lợi để lựa chọn theo nhu cầu và ngân sách. 👶 BẢO HIỂM SỨC KHỎE CHO BÉ ✅ Bé có thể tham gia độc lập từ 15 ngày tuổi, không cần tham gia kèm BHNT ✅ Thời gian chờ bệnh thông thường chỉ 30 ngày ✅ Quyền lợi nội trú/phẫu thuật lên đến 200 triệu đồng/năm ✅ Quyền lợi ngoại trú lên đến 20 triệu đồng/năm ✅ Nhiều lựa chọn từ Elite 1 đến Elite 4, phù hợp với từng mức ngân sách ✅ Đồng chi trả 70/30 tại bệnh viện công lập, tư nhân và quốc tế 🤰 BẢO HIỂM THAI SẢN – CHỦ ĐỘNG CHO HÀNH TRÌNH LÀM MẸ 🌸 Quyền lợi sinh đẻ & biến chứng thai sản lên đến 40 triệu đồng 🌸 Có quyền lợi khám thai định kỳ 🌸 Hỗ trợ chi phí điều trị dị tật bẩm sinh cho bé theo hạn mức chương trình 🌸 Quyền lợi nội trú do ốm bệnh lên đến 200 triệu đồng/năm 🌸 Thời gian chờ thai sản 270 ngày, khám thai 90 ngày Điểm quan trọng của bảo hiểm thai sản là **không nên chờ đến khi mang thai mới tìm hiểu**. Nếu đã có kế hoạch sinh em bé, chuẩn bị bảo hiểm từ sớm sẽ giúp bạn chủ động hơn về thời gian chờ và kế hoạch tài chính. 📞 Liên hệ tư vấn: **Ms Hiền – 0987 574 138** ngay hôm nay!",1,1,0,0,0,,,0,0,0,0,0,0/0 (0%),Normal,
536,Hiệp Hội Tư vấn Bảo hiểm Nhân thọ Việt Nam,https://www.facebook.com/groups/tuvanbaohiemnhanthovn/posts/2131997410720394/,"🔥 Nhu cầu khách hàng mới Hôm nay, chúng tôi nhận được yêu cầu tư vấn từ một số khách hàng tại Hà Nội và TP. Hồ Chí Minh quan tâm đến bảo hiểm nhân thọ và bảo hiểm sức khỏe gia đình. ✅ Nhu cầu rõ ràng ✅ Thông tin đã được xác minh ✅ Khách hàng đồng ý tư vấn 📍 Hiện tại chúng tôi đang ưu tiên liên hệ với các tư vấn viên khu vực. Nếu bạn cần thêm khách hàng phù hợp, vui lòng liên hệ riêng với tôi để thảo luận thêm. 🤝",0,0,0,0,0,,,0,0,0,0,0,0/0 (0%),Normal,
537,Hiệp Hội Tư vấn Bảo hiểm Nhân thọ Việt Nam,https://www.facebook.com/groups/tuvanbaohiemnhanthovn/posts/2132085354044933/,"Khi ngoài kia còn nhiều người quen biết vẫn chưa tin và đặt niềm tin vào bảo hiểm, thì ở đây, những khách hàng hoàn toàn xa lạ đã tìm đến Ngọc “ chuyển giao rủi ro & tạo dựng kế hoạch tài chính bền vững “ bằng HỢP ĐỒNG BẢO HIỂM NHÂN THỌ. 📝Ngọc luôn đặt ra câu hỏi : *Vì sao anh/chị chọn AIA? *Vì sao anh/chị chọn Hồng Ngọc? Không phải tìm một lời giải thích, mà đó chính là 1 lần nữa Ngọc xác nhận lại lời cảm ơn niềm tin khách hàng đã yêu thương chọn Ngọc làm người đồng hành❤️ 🎁Xin gửi lời cảm ơn sâu sắc đến gia đình chị Phượng đã lựa chọn Ngọc & Ngọc luôn ở đây tư vấn đúng & đủ theo nhu cầu của từng gia đình. #AIA #Nguyenhongngocaia",0,0,0,0,0,,,0,0,0,0,0,0/0 (0%),Normal,
538,Hiệp Hội Tư vấn Bảo hiểm Nhân thọ Việt Nam,https://www.facebook.com/groups/tuvanbaohiemnhanthovn/posts/2132702000649935/,"Nhu cầu khách hàng hôm nay tại TP.HCM 📍 Khu vực: TP.HCM 👨‍👩‍👧‍👦 Bảo hiểm gia đình ❤️ Bảo hiểm nhân thọ 🏥 Bảo hiểm sức khỏe 👶 Bảo hiểm cho trẻ em Bên mình liên tục tìm kiếm khách hàng mới mỗi ngày và xác minh nhu cầu qua điện thoại. Nếu anh/chị đang tìm kiếm thêm nguồn khách hàng, có thể nhắn tin để tìm hiểu các nhóm khách hàng hiện đang có. （Đây không phải là quảng cáo; vui lòng duyệt bài viết này, quản trị viên nhóm.）",0,0,0,0,0,,,0,0,0,0,0,0/0 (0%),Normal,
539,Hiệp Hội Tư vấn Bảo hiểm Nhân thọ Việt Nam,https://www.facebook.com/groups/tuvanbaohiemnhanthovn/posts/2132725043980964/,Đăng ký bán bảo hiểm online qua app Moncover tại https://online.moncover.vn/dang-ky-dai-ly,0,0,0,0,0,,,0,0,0,0,0,0/0 (0%),Normal,
540,Hiệp Hội Tư vấn Bảo hiểm Nhân thọ Việt Nam,https://www.facebook.com/groups/tuvanbaohiemnhanthovn/posts/2132837727303029/,"👋 HAPPY TEAM - VPBANK HCM TUYỂN DỤNG Vị trí đang chờ bạn: Nhân viên / Chuyên viên /Chuyên viên chính/ Chuyên viên cao cấp Số lượng còn lại: 6 slot Địa điểm: Samco Building, P. Cô Giang, TP.HCM 🎯 QUYỀN LỢI * Ký hợp đồng lao động chính thức với VPBank * Xét tăng bậc/tăng lương định kỳ 6 tháng/lần * Thưởng lương tháng 13 & Tết (3 -5 tháng lương) * Thu nhập >2X + incentive không giới hạn * Thưởng lễ, du lịch hè 5tr/người * Bảohiểm cbnv theo luật lao động + Bảohiểm VPBank care cho CBNV tùy theo cấp bậc * Lộ trình thăng tiến rõ ràng: NV -> CV -> CVC -> CVCC -> QUẢN LÝ 🎯BẠN MUỐN NÂNG CAO KỸ NĂNG BÁN HÀNG, GIÁ TRỊ BẢN THÂN VÀ THU NHẬP -> HÃY APPLY CV NGAY 📩Ứng tuyển/trao đổi công việc: Mr. Henry – 0979 691 284",0,0,0,0,2,unknown,Spam,0,0,0,2,0,0/0 (0%),Normal,
541,Hiệp Hội Tư vấn Bảo hiểm Nhân thọ Việt Nam,https://www.facebook.com/groups/tuvanbaohiemnhanthovn/posts/2132947030625432/,"MUA BẢO HIỂM – CƠ HỘI RINH MAZDA CX-8! Kỷ niệm 20 năm Dai-ichi Life Việt Nam, chương trình quay số với 2.000 giải thưởng – tổng giá trị gần 12 TỶ ĐỒNG chính thức diễn ra! 🎉 🚘 Mazda CX-8 🛵 Honda SH Mode 125 📱 iPhone 17 Pro 256GB 🎁 Cùng hàng ngàn quà tặng hấp dẫn khác. 🔥 Đặc biệt: MỖI 20 TRIỆU ĐỒNG PHÍ BẢO HIỂM THỰC ĐÓNG KỲ ĐẦU = 01 MÃ DỰ THƯỞNG. Chương trình áp dụng cho hợp đồng đủ điều kiện phát hành từ 01/08/2026 – 31/01/2027, với 4 đợt quay số. Vừa chuẩn bị một kế hoạch bảo vệ tài chính cho gia đình, vừa có thêm cơ hội mang Mazda CX-8 về nhà. Biết đâu người may mắn tiếp theo lại là nhà mình! ❤️ #DaiichiLife #BaoHiemDaiichi #BaoHiemNhanTho #QuaySoMayMan #20NamDaiichiLife Lệ Thủy Bảo Hiểm | Giám đốc Ban Kinh Doanh TOT 2026 | Top 0,1% tư vấn tài chính xuất sắc toàn cầu 📲 Zalo tư vấn: 0971 093 368 📍 Văn phòng: Tòa nhà 7A Lam Sơn, TP.HCM",0,0,0,0,0,,,0,0,0,0,0,0/0 (0%),Normal,
542,Hiệp Hội Tư vấn Bảo hiểm Nhân thọ Việt Nam,https://www.facebook.com/groups/tuvanbaohiemnhanthovn/posts/2132950100625125/,"🔥 MUA BẢO HIỂM CHO GIA ĐÌNH… LẠI CÓ CƠ HỘI RINH MAZDA CX-8 VỀ NHÀ? Nghe hấp dẫn nhưng đây là chương trình thật đang diễn ra tại Dai-ichi Life. ❤️ Kỷ niệm 20 năm đồng hành, Dai-ichi Life triển khai chương trình quay số may mắn: 🎁 2.000 giải thưởng – tổng giá trị gần 12 TỶ ĐỒNG 🚘 Mazda CX-8 🛵 Honda SH Mode 125 📱 iPhone 17 Pro 256GB 🎁 Cùng hàng ngàn quà tặng khác. Đặc biệt: 👉 MỖI 20 TRIỆU ĐỒNG PHÍ BẢO HIỂM THỰC ĐÓNG KỲ ĐẦU = 01 MÃ DỰ THƯỞNG. Nếu gia đình mình vốn đang dự định tham gia bảo hiểm nhân thọ, bảo hiểm sức khỏe cho ba mẹ và các con, thì đây là một thời điểm rất đáng để tìm hiểu. Mình tham gia vì cần một kế hoạch bảo vệ lâu dài. Còn Mazda CX-8… biết đâu lại là món quà bất ngờ dành cho nhà mình. 😍 Lệ Thủy Bảo Hiểm | Giám đốc Ban Kinh Doanh TOT 2026 | Top 0,1% tư vấn tài chính xuất sắc toàn cầu 📲 Zalo tư vấn: 0971 093 368 📍 Văn phòng: Tòa nhà 7A Lam Sơn, TP.HCM #BaoHiemGiaDinh #BaoHiemNhanTho #BaoHiemSucKhoe #DaiichiLife #LeThuyBaoHiem",0,0,0,0,0,,,0,0,0,0,0,0/0 (0%),Normal,
543,Hiệp Hội Tư vấn Bảo hiểm Nhân thọ Việt Nam,https://www.facebook.com/groups/tuvanbaohiemnhanthovn/posts/2133141847272617/,Thành tiếp tục tuyển dụng tháng 9 ạ!!!,0,0,0,0,0,,,0,0,0,0,0,0/0 (0%),Normal,
544,Hiệp Hội Tư vấn Bảo hiểm Nhân thọ Việt Nam,https://www.facebook.com/groups/tuvanbaohiemnhanthovn/posts/2133196390600496/,"CƠ HỘI VIỆC LÀM LƯƠNG 12 TRIỆU/THÁNG – ĐỪNG BỎ LỠ! 🚨 Đừng chấp nhận một công việc chỉ đủ sống, hãy tìm kiếm sự bứt phá. Nếu bạn muốn thu nhập tốt hơn, môi trường tốt hơn và một lộ trình sự nghiệp rõ ràng hơn — hãy đọc tiếp! 👇 🔥 AIA TUYỂN CHUYÊN VIÊN TƯ VẤN 💰 HỖ TRỢ KINH DOANH: 12.000.000 VNĐ/THÁNG 💎 THU NHẬP KHÔNG GIỚI HẠN theo kết quả kinh doanh 🎓 ĐƯỢC ĐÀO TẠO TỪ A–Z – chưa có kinh nghiệm vẫn có thể bắt đầu 🤝 Làm việc trong môi trường trẻ – năng động – chuyên nghiệp 🚀 Lộ trình thăng tiến rõ ràng: Chuyên viên → Trưởng nhóm → Quản lý ✨ Bạn sẽ nhận được gì? ✔️ Một nghề nghiệp có thể phát triển lâu dài ✔️ Kỹ năng giao tiếp, tư vấn và xây dựng mối quan hệ ✔️ Cơ hội nâng cao thu nhập theo chính năng lực của mình ✔️ Được đồng hành và đào tạo trong suốt quá trình làm việc 🔥 ĐỪNG CHỈ ĐI TÌM MỘT CÔNG VIỆC — HÃY TÌM MỘT NƠI CÓ THỂ GIÚP BẠN PHÁT TRIỂN. 📍 Địa điểm: Tầng 11, Lotte Liễu Giai, Hà Nội 📞 Liên hệ/Zalo: 0977 548 145 👉 Nếu bạn đang muốn bứt phá trong năm 2026, inbox hoặc gọi ngay. Một cuộc gọi hôm nay có thể mở ra một hướng đi hoàn toàn khác cho bạn. 🚀",0,0,0,0,0,,,0,0,0,0,0,0/0 (0%),Normal,
545,Hiệp Hội Tư vấn Bảo hiểm Nhân thọ Việt Nam,https://www.facebook.com/groups/tuvanbaohiemnhanthovn/posts/2133246560595479/,"# **🎊 ĐI LÀM CÓ GÌ VUIII 🎊** # 🎉Là khi bạn được làm việc: 👍🏻 Văn phòng sang xịn mịn 👍🏻 Thời gian làm việc linh hoạt 👍🏻 Được nghỉ T7 & CN, không tăng ca 👍🏻 Được tổ chức đi du lịch, công tác trong và ngoài nước 👍🏻 Môi trường làm việc năng động nhưng chuyên nghiệp 👍🏻 Được bao trà sữa, đồ ăn suốt ngày 👍🏻 Lương cứng 8 - 20tr + thưởng không giới hạn ‼️ APPLY NGAY THUIII‼️ 💐 Địa điểm: Tầng 9, Tòa Geleximco, 36 Hoàng Cầu, Đống Đa, Hà Nội 🌷 Gửi CV: minhfuong.chubb@gmail.com",0,0,0,0,0,,,0,0,0,0,0,0/0 (0%),Normal,
546,Hiệp Hội Tư vấn Bảo hiểm Nhân thọ Việt Nam,https://www.facebook.com/groups/tuvanbaohiemnhanthovn/posts/2133581630561972/,"Mua online bảo hiểm sức khỏe, thai sản tốt nhất. https://online.moncover.vn/bh-suc-khoe",0,0,0,0,0,,,0,0,0,0,0,0/0 (0%),Normal,
547,Hiệp Hội Tư vấn Bảo hiểm Nhân thọ Việt Nam,https://www.facebook.com/groups/tuvanbaohiemnhanthovn/posts/2133592630560872/,"🌍 DU LỊCH THẢNH THƠI – AN TÂM TRỌN VẸN CÙNG BẢO HIỂM DU LỊCH FLEXI 🌍 Vali đã sẵn sàng, vé máy bay đã đặt, lịch trình đã lên hoàn hảo. Nhưng liệu bạn đã chuẩn bị cho những tình huống bất ngờ trên hành trình? ✈️ Chuyến đi đáng nhớ không chỉ là những điểm đến đẹp, mà còn là sự an tâm trên từng chặng đường. ✅ Quyền lợi bảo hiểm lên đến 8 tỷ đồng ✅ Hỗ trợ chi phí y tế, tai nạn và các tình huống khẩn cấp khi du lịch nước ngoài ✅ Bảo vệ hành lý, tư trang cá nhân ✅ Hỗ trợ 24/7 mọi lúc, mọi nơi ✅ Nhiều chương trình linh hoạt phù hợp cá nhân và gia đình Dù là chuyến công tác ngắn ngày, kỳ nghỉ cùng gia đình hay hành trình khám phá thế giới, Bảo hiểm Du lịch Flexi luôn đồng hành để bạn tận hưởng trọn vẹn từng khoảnh khắc. 📍 Đi để trải nghiệm. 📍 Đi để khám phá. 📍 Và đừng quên mang theo một ""tấm vé an tâm"" cho cả hành trình. 💙 Bảo hiểm Du lịch Flexi – An tâm thỏa sức khám phá. Liên hệ: MONCOVER VIỆT NAM ☎️ Hotline: 84 963 443 313 | 0961005337 | 0964 652 615 🏢 Địa chỉ: 87 Vương Thừa Vũ, P. Khương Mai, Q. Thanh Xuân, Hà Nội",0,0,0,0,0,,,0,0,0,0,0,0/0 (0%),Normal,
548,Hiệp Hội Tư vấn Bảo hiểm Nhân thọ Việt Nam,https://www.facebook.com/groups/tuvanbaohiemnhanthovn/posts/2133777527209049/,"# **🔥 TUYỂN DỤNG – KHÔNG YÊU CẦU KINH NGHIỆM FULL-TIME - PART-TIME 🔥** ✨ NHÂN VIÊN KINH DOANH ✨ 💰 Thu nhập từ >15 TRIỆU/THÁNG ✔️ Lương theo doanh số + Thưởng kinh doanh ✔️ Thưởng tháng, thưởng quý lên đến hơn 10 triệu ✔️ Đào tạo bài bản từ A–Z ✨ TRỢ LÝ KINH DOANH ✨ 💰 Lương 5–7 TRIỆU/THÁNG + THƯỞNG ✔️ Không yêu cầu kinh nghiệm ✔️ Được hướng dẫn công việc chi tiết ✔️ Phù hợp sinh viên, người mới ra trường 🎯 YÊU CẦU ✅ Từ 20 tuổi trở lên ✅ Chăm chỉ, ham học hỏi ✅ Không yêu cầu kinh nghiệm 📍 Địa điểm: Tầng 9, Tòa Geleximco, 36 Hoàng Cầu, Đống Đa, Hà Nội 📞 Ứng tuyển ngay Hotline/Zalo: 0946 198 580 (Vu Minh Phuong) 📩 Gửi CV email: minhfuong.chubb@gmail.com",0,0,0,0,0,,,0,0,0,0,0,0/0 (0%),Normal,
549,Hiệp Hội Tư vấn Bảo hiểm Nhân thọ Việt Nam,https://www.facebook.com/groups/tuvanbaohiemnhanthovn/posts/2133789883874480/,"💕 VÌ SAO BẢO HIỂM THAI SẢN DAI-ICHI VẪN LUÔN ĐƯỢC NHIỀU MẸ ƯU TIÊN? Mang thai là hành trình dài, nên một gói bảo hiểm tốt không chỉ cần hỗ trợ chi phí lúc đi sinh, mà còn cần đồng hành với mẹ và bé lâu dài từ những ngày đầu tiên. Các điểm mạnh của thai sản Daiichi mà mẹ có thể tham khảo: - An tâm tái tục năm 2 – duy trì quyền lợi và mức phí theo điều kiện chương trình. - Chi trả 100% chi phí hợp lệ tại các bệnh viện, tiền giường lên đến 6 triệu/ngày. - Nhân đôi hạn mức thai sản khi sinh đôi 👶🏻👶🏻 - Khám thai lên đến 6 triệu, thời gian chờ chỉ 90 ngày. - Đặc biệt, mẹ có thể kết hợp xây dựng quỹ y tế dự phòng cho cả mẹ và bé ngay từ thai kỳ – để sau khi con chào đời, có thể chuẩn bị phương án bảo vệ cho bé từ 30 ngày tuổi. ❤️ Không chỉ chuẩn bị cho một lần đi sinh, mà là chuẩn bị một kế hoạch để mẹ an tâm thai kỳ – bé có nền tảng bảo vệ từ những ngày đầu đời. 📩 Mẹ nào đang có kế hoạch thả bầu hoặc chuẩn bị IVF, inbox Vy để được tính phương án phù hợp với bệnh viện dự sinh và ngân sách nhé! Thông tin liên hệ: 📲 Zalo: 0767 1343 86 📍 Toà nhà 7A Lam Sơn, P. Tân Sơn Hoà, TP.HCM #baohiemthaisan #mebauthongthai #suckhoemevabe #baohiemsuckhoe #HoangVyBaoHiem",0,0,0,0,0,,,0,0,0,0,0,0/0 (0%),Normal,
550,Hiệp Hội Tư vấn Bảo hiểm Nhân thọ Việt Nam,https://www.facebook.com/groups/tuvanbaohiemnhanthovn/posts/2133806533872815/,"🚨 CÓ BẢO HIỂM, VẪN PHẢI TỰ TRẢ VIỆN PHÍ? 3 LÝ DO BẠN CẦN BIẾT! Đến lúc nằm viện, nhận thông báo “không được bảo lãnh viện phí” — chắc chắn ai cũng lo. Nhưng liệu điều đó có nghĩa là bảo hiểm sẽ không chi trả? Trong clip này, Kiệt chia sẻ 3 lý do không được bảo lãnh viện phí và vì sao cần xem rõ nguyên nhân trước khi kết luận về quyền lợi của mình. ▶️ Xem hết clip để hiểu: trường hợp nào có thể bổ sung hồ sơ để được xem xét, trường hợp nào phải tự thanh toán. Lưu lại và chia sẻ cho người thân đang có bảo hiểm — để khi cần, mình biết phải hỏi gì! #KietBaoHiem #BaoLanhVienPhi #HieuDungBaoHiem",0,0,0,0,0,,,0,0,0,0,0,0/0 (0%),Normal,
551,Hiệp Hội Tư vấn Bảo hiểm Nhân thọ Việt Nam,https://www.facebook.com/groups/tuvanbaohiemnhanthovn/posts/2133817310538404/,"🛡️ CHỦ ĐỘNG BẢO VỆ – AN TÂM VỮNG BƯỚC 💚 Cuộc sống luôn có những rủi ro không thể đoán trước. Một kế hoạch bảo hiểm phù hợp sẽ giúp bạn chủ động bảo vệ tài chính cho bản thân và gia đình khi chẳng may có sự cố. ✨ Bảo hiểm Tử kỳ: Quyền lợi lên đến 100% số tiền bảo hiểm khi xảy ra sự kiện bảo hiểm. ✨ Bảo hiểm Tai nạn: Hỗ trợ tài chính khi không may gặp rủi ro do tai nạn. ✨ Độ tuổi tham gia: 18–65 tuổi ✨ Thời hạn hợp đồng có thể đến 70 tuổi 📩 Anh/Chị quan tâm, em tư vấn chi tiết quyền lợi và mức phí phù hợp nhé! Ms. Oanh – 0369537236 💜",0,0,0,0,0,,,0,0,0,0,0,0/0 (0%),Normal,
552,Hiệp Hội Tư vấn Bảo hiểm Nhân thọ Việt Nam,https://www.facebook.com/groups/tuvanbaohiemnhanthovn/posts/2134029527183849/,"# **[HÀ NỘI] TÌM ĐỒNG ĐỘI SALES** # Bạn đang tìm một công việc Sales có đào tạo, có team đồng hành và có cơ chế thu nhập rõ ràng? 👀 📍 Vị trí: Nhân viên Kinh doanh/Trợ lý Kinh doanh 📍 Địa điểm: Hoàng Cầu, Hà Nội 💰 Thu nhập: Lương cứng + Thưởng kinh doanh + Hoa hồng 🔥 MÔ TẢ CÔNG VIỆC 🔥 • Tìm kiếm và phát triển nguồn khách hàng tiềm năng • Chủ động xây dựng, duy trì và mở rộng mối quan hệ với khách hàng • Khảo sát nhu cầu, phân tích mục tiêu tài chính và tư vấn các giải pháp bảo hiểm phù hợp • Thiết kế kế hoạch tài chính cá nhân hóa cho từng khách hàng • Hỗ trợ khách hàng hoàn thiện hồ sơ và ký kết hợp đồng 👉 YÊU CẦU 👈 • Giao tiếp tốt, chủ động và có tinh thần học hỏi • Có trách nhiệm với công việc và mục tiêu cá nhân • Không yêu cầu kinh nghiệm bảo hiểm – được đào tạo từ đầu QUYỀN LỢI ✨ Lương cứng + Thưởng kinh doanh + Hoa hồng ✨ Được đào tạo nghiệp vụ & kỹ năng Sales ✨ Môi trường trẻ, năng động, đồng đội hỗ trợ nhau ✨ Cơ hội phát triển lên các vị trí Leader 📩 Muốn biết công việc thực tế như thế nào? Liên hệ 0946198580 (Vu Minh Phuong) để nhận lịch phỏng vấn sớm",0,0,0,0,0,,,0,0,0,0,0,0/0 (0%),Normal,
553,Hiệp Hội Tư vấn Bảo hiểm Nhân thọ Việt Nam,https://www.facebook.com/groups/tuvanbaohiemnhanthovn/posts/2134105017176300/,"Xin phép ad ạ Bên em đang thực hiện một nghiên cứu về ý kiến của những anh/chị đang hoạt động trong ngành bảo hiểm của các cty Manulife, Aia, Sunlife và Prudential. Khảo sát muốn tìm hiểu quan điểm thực tế của anh/chị trong quá trình làm nghề. Không có câu trả lời đúng hay sai, anh/chị cứ chia sẻ theo trải nghiệm thực tế của mình. E phỏng vấn 15-20ph thôi ạ, phỏng vấn xong e gửi tiền quà để cảm ơn tham gia khảo sát ạ Liên hệ 0867631884",0,0,0,0,0,,,0,0,0,0,0,0/0 (0%),Normal,
554,Hiệp Hội Tư vấn Bảo hiểm Nhân thọ Việt Nam,https://www.facebook.com/groups/tuvanbaohiemnhanthovn/posts/2134453847141417/,"Mua bảo hiểm xe máy, chiết khấu cao tại Moncover. https://online.moncover.vn/bh-xe-may",0,0,0,0,0,,,0,0,0,0,0,0/0 (0%),Normal,
555,Hiệp Hội Tư vấn Bảo hiểm Nhân thọ Việt Nam,https://www.facebook.com/groups/tuvanbaohiemnhanthovn/posts/2134460327140769/,"# **[HÀ NỘI] TÌM ĐỒNG ĐỘI SALES** # Bạn đang tìm một công việc Sales có đào tạo, có team đồng hành và có cơ chế thu nhập rõ ràng? 👀 📍 Vị trí: Nhân viên Kinh doanh/Trợ lý Kinh doanh 📍 Địa điểm: Hoàng Cầu, Hà Nội 💰 Thu nhập: Lương cứng + Thưởng kinh doanh + Hoa hồng 🔥 MÔ TẢ CÔNG VIỆC 🔥 • Tìm kiếm và phát triển nguồn khách hàng tiềm năng • Chủ động xây dựng, duy trì và mở rộng mối quan hệ với khách hàng • Khảo sát nhu cầu, phân tích mục tiêu tài chính và tư vấn các giải pháp bảo hiểm phù hợp • Thiết kế kế hoạch tài chính cá nhân hóa cho từng khách hàng • Hỗ trợ khách hàng hoàn thiện hồ sơ và ký kết hợp đồng 👉 YÊU CẦU 👈 • Giao tiếp tốt, chủ động và có tinh thần học hỏi • Có trách nhiệm với công việc và mục tiêu cá nhân • Không yêu cầu kinh nghiệm bảo hiểm – được đào tạo từ đầu QUYỀN LỢI ✨ Lương cứng + Thưởng kinh doanh + Hoa hồng ✨ Được đào tạo nghiệp vụ & kỹ năng Sales ✨ Môi trường trẻ, năng động, đồng đội hỗ trợ nhau ✨ Cơ hội phát triển lên các vị trí Leader 📩 Muốn biết công việc thực tế như thế nào? Liên hệ 0946198580 (Vu Minh Phuong) để nhận lịch phỏng vấn sớm",1,1,0,0,0,,,0,0,0,0,0,0/0 (0%),Normal,
556,Hiệp Hội Tư vấn Bảo hiểm Nhân thọ Việt Nam,https://www.facebook.com/groups/tuvanbaohiemnhanthovn/posts/2134461947140607/,"Hãy hỏi thêm một câu quan trọng hơn: 👉 “Bao giờ thì mình không còn mua được nữa?” Với nhóm tuổi 61–65, phí khoảng 4,925 triệu/năm nhưng có những quyền lợi rất đáng để cân nhắc: 🎗️ 250 triệu điều trị ung thư – gồm hóa trị, xạ trị nội trú + ngoại trú 🏥 250 triệu/năm hạn mức sức khỏe 💯 Thanh toán 100% theo quyền lợi/hạn mức ♾️ Cam kết tái tục đến 90 tuổi Bảo hiểm không phải để mong bố mẹ bệnh. Mà là để khi chuyện không mong muốn xảy ra, con cái không phải cuống cuồng tìm cách xoay xở tiền bạc. Nếu bố mẹ vẫn còn đủ điều kiện tham gia, đừng để “để mai tính” thành “giá như”. #BaoHiemCaoNien #BaoVeChaMe #BaoHiemSucKhoe #BaoHiemUngThu #DieuTriUngThu #ThuyTienBaoHiem",0,0,0,0,0,,,0,0,0,0,0,0/0 (0%),Normal,
557,Hiệp Hội Tư vấn Bảo hiểm Nhân thọ Việt Nam,https://www.facebook.com/groups/tuvanbaohiemnhanthovn/posts/2134613817125420/,"# **[HÀ NỘI] TÌM ĐỒNG ĐỘI SALES** # Bạn đang tìm một công việc Sales có đào tạo, có team đồng hành và có cơ chế thu nhập rõ ràng? 👀 📍 Vị trí: Nhân viên Kinh doanh/Trợ lý Kinh doanh 📍 Địa điểm: Hoàng Cầu, Hà Nội 💰 Thu nhập: Lương cứng + Thưởng kinh doanh + Hoa hồng 🔥 MÔ TẢ CÔNG VIỆC 🔥 • Tìm kiếm và phát triển nguồn khách hàng tiềm năng • Chủ động xây dựng, duy trì và mở rộng mối quan hệ với khách hàng • Khảo sát nhu cầu, phân tích mục tiêu tài chính và tư vấn các giải pháp bảo hiểm phù hợp • Thiết kế kế hoạch tài chính cá nhân hóa cho từng khách hàng • Hỗ trợ khách hàng hoàn thiện hồ sơ và ký kết hợp đồng 👉 YÊU CẦU 👈 • Giao tiếp tốt, chủ động và có tinh thần học hỏi • Có trách nhiệm với công việc và mục tiêu cá nhân • Không yêu cầu kinh nghiệm bảo hiểm – được đào tạo từ đầu QUYỀN LỢI ✨ Lương cứng + Thưởng kinh doanh + Hoa hồng ✨ Được đào tạo nghiệp vụ & kỹ năng Sales ✨ Môi trường trẻ, năng động, đồng đội hỗ trợ nhau ✨ Cơ hội phát triển lên các vị trí Leader 📩 Muốn biết công việc thực tế như thế nào? Liên hệ 0946198580 (Vu Minh Phuong) để nhận lịch phỏng vấn sớm",0,0,0,0,0,,,0,0,0,0,0,0/0 (0%),Normal,
558,Hiệp Hội Tư vấn Bảo hiểm Nhân thọ Việt Nam,https://www.facebook.com/groups/tuvanbaohiemnhanthovn/posts/2134625283790940/,Inbox em tư vấn các gói: • Thẻ sức khoẻ • Bảo hiểm nhân thọ • Bảo hiểm ô tô • Bảo hiểm xe máy • Bảo hiểm cháy nổ • Bảo hiểm tai nạn • Bảo hiểm học vấn • Bảo hiểm hưu trí • Bảo hiểm sức khoẻ 📞 LH:0️⃣7️⃣0️⃣6️⃣.2️⃣0️⃣9️⃣.9️⃣5️⃣1️⃣ #TheSucKhoe #BaoHiemNhanTho #BaoHiemOto #BaoHiemXeMay #BaoHiemChayNo #BaoHiemTaiNan #BaoHiemHocVan #BaoHiemHuuTri #BaoHiemSucKhoe,0,0,0,0,0,,,0,0,0,0,0,0/0 (0%),Normal,
559,Hiệp Hội Tư vấn Bảo hiểm Nhân thọ Việt Nam,https://www.facebook.com/groups/tuvanbaohiemnhanthovn/posts/2134652100454925/,"TAI NẠN KHÔNG BÁO TRƯỚC NHƯNG CHI PHÍ ĐIỀU TRỊ CÓ THỂ ĐƯỢC CHUẨN BỊ TRƯỚC Một tai nạn xảy ra không chỉ để lại tổn thương cơ thể. Đi kèm với đó có thể là chi phí nằm viện, phẫu thuật, điều trị, phục hồi và áp lực tài chính cho cả gia đình. Với quyền lợi Bảo hiểm Chăm sóc điều trị sau tai nạn 24/7, khách hàng có thể được hỗ trợ theo nhiều nhóm quyền lợi: ✅ Tử vong / thương tật toàn bộ vĩnh viễn do tai nạn ✅ Thương tật bộ phận vĩnh viễn ✅ Gãy xương do tai nạn ✅ Bỏng do tai nạn ✅ Thương tật khác do tai nạn ✅ Hỗ trợ viện phí, ICU và phẫu thuật Ví dụ: Khách hàng tham gia số tiền bảo hiểm tai nạn 1 tỷ đồng. Không may bị tai nạn, phải nằm viện 7 ngày, có phẫu thuật gây mê, gãy xương đùi và gãy xương bả vai. Tổng quyền lợi hỗ trợ minh họa có thể lên tới: 102,1 triệu đồng Bảo hiểm không làm tai nạn biến mất. Nhưng có thể giúp gia đình bớt áp lực tài chính khi rủi ro xảy ra. Lưu ý: Quyền lợi chi trả thực tế căn cứ theo quy tắc, điều khoản sản phẩm và hồ sơ yêu cầu chi trả. ☎️ Tổng đài tư vấn miễn phí: 0868.439.286 #daiichi #baohiemtainan #baohiemnhantho",0,0,0,0,0,,,0,0,0,0,0,0/0 (0%),Normal,
560,Hiệp Hội Tư vấn Bảo hiểm Nhân thọ Việt Nam,https://www.facebook.com/groups/tuvanbaohiemnhanthovn/posts/2134874310432704/,💥 MẸO XẢ XUI ĐÊM 30 ÂM LỊCH 😍 #CoGiaoNgan #tuduy #kinhdoanh #Giải_Mã_Ngày_Sinh #cuocsong #Thần_Số_Học #phattrienbanthan #xaykenh #xuhuong,1,1,0,0,0,,,0,0,0,0,0,0/0 (0%),Normal,
561,Hiệp Hội Tư vấn Bảo hiểm Nhân thọ Việt Nam,https://www.facebook.com/groups/tuvanbaohiemnhanthovn/posts/2134928957093906/,"**🌟 CHUBB LIFE HOÀNG CẦU – TÌM ĐỒNG ĐỘI MỚI 🌟** Bạn đang tìm kiếm một môi trường chuyên nghiệp – thân thiện – nhiều cơ hội phát triển? 💙 Có thể chúng ta đang tìm kiếm nhau! CHUBB LIFE HOÀNG CẦU đang tuyển dụng các vị trí kinh doanh 📌 VỊ TRÍ TUYỂN DỤNG 🔹 Nhân viên Kinh doanh 🔹 Trợ lý Kinh doanh 🎯 QUYỀN LỢI ✨ Lương cứng + Thưởng kinh doanh không giới hạn ✨ Được đào tạo nghiệp vụ & kỹ năng Sales ✨ Môi trường trẻ, năng động, đồng đội hỗ trợ nhau ✨ Cơ hội phát triển lên các vị trí Leader 📩 ỨNG TUYỂN NGAY Gửi CV về: minhfuong.chubb@gmail.com 📞 Liên hệ: 0946.198.580 📍 Địa điểm làm việc: Tầng 9, Geleximco, 36 Hoàng Cầu, Hà Nội",0,0,0,0,0,,,0,0,0,0,0,0/0 (0%),Normal,
562,Hiệp Hội Tư vấn Bảo hiểm Nhân thọ Việt Nam,https://www.facebook.com/groups/tuvanbaohiemnhanthovn/posts/2134939933759475/,Tôi là ai ? #khanhhungbaohiem #aia #boithuong #exchangepro #viralvideo,0,0,0,0,0,,,0,0,0,0,0,0/0 (0%),Normal,
563,Hiệp Hội Tư vấn Bảo hiểm Nhân thọ Việt Nam,https://www.facebook.com/groups/tuvanbaohiemnhanthovn/posts/2134977943755674/,💥 MẸO XẢ XUI VÀ THỊ PHI TỪ CHIẾC LƯỢC 😍 #CoGiaoNgan #tuduy #kinhdoanh #Giải_Mã_Ngày_Sinh #cuocsong #Thần_Số_Học #phattrienbanthan #xaykenh #xuhuong,0,0,0,0,0,,,0,0,0,0,0,0/0 (0%),Normal,
564,Hiệp Hội Tư vấn Bảo hiểm Nhân thọ Việt Nam,https://www.facebook.com/groups/tuvanbaohiemnhanthovn/posts/2135405110379624/,💥 MẸO GỪNG ĐUỔI KẺ TIỂU NHÂN😍 #CoGiaoNgan #tuduy #kinhdoanh #Giải_Mã_Ngày_Sinh #cuocsong #Thần_Số_Học #phattrienbanthan #xaykenh #xuhuong,1,1,0,0,0,,,0,0,0,0,0,0/0 (0%),Normal,
565,Hiệp Hội Tư vấn Bảo hiểm Nhân thọ Việt Nam,https://www.facebook.com/groups/tuvanbaohiemnhanthovn/posts/2135697947017007/,Mua bảo hiểm TNDS ô tô chiết khấu 50% https://online.moncover.vn/bh-oto,0,0,0,0,0,,,0,0,0,0,0,0/0 (0%),Normal,
566,Hiệp Hội Tư vấn Bảo hiểm Nhân thọ Việt Nam,https://www.facebook.com/groups/tuvanbaohiemnhanthovn/posts/2135731700346965/,"# **🌟 CHUBB LIFE HOÀNG CẦU – TÌM ĐỒNG ĐỘI MỚI 🌟** Bạn đang tìm kiếm một môi trường chuyên nghiệp – thân thiện – nhiều cơ hội phát triển? 💙 Có thể chúng ta đang tìm kiếm nhau! CHUBB LIFE HOÀNG CẦU đang tuyển dụng các vị trí kinh doanh 📌 VỊ TRÍ TUYỂN DỤNG 🔹 Nhân viên Kinh doanh 🔹 Trợ lý Kinh doanh 🎯 QUYỀN LỢI ✨ Lương cứng + Thưởng kinh doanh không giới hạn ✨ Được đào tạo nghiệp vụ & kỹ năng Sales ✨ Môi trường trẻ, năng động, đồng đội hỗ trợ nhau ✨ Cơ hội phát triển lên các vị trí Leader 📩 ỨNG TUYỂN NGAY Gửi CV về: minhfuong.chubb@gmail.com 📞 Liên hệ: 0946.198.580 📍 Địa điểm làm việc: Tầng 9, Geleximco, 36 Hoàng Cầu, Hà Nội",0,0,0,0,0,,,0,0,0,0,0,0/0 (0%),Normal,
567,Hiệp Hội Tư vấn Bảo hiểm Nhân thọ Việt Nam,https://www.facebook.com/groups/tuvanbaohiemnhanthovn/posts/2135777343675734/,"MB LIFE VÀ MONCOVER CHÍNH THỨC KÝ KẾT HỢP TÁC 🤝 Ngày 09/09/2026, tại Hà Nội, MB Life và Moncover tổ chức Lễ ký kết hợp tác, đánh dấu bước tiến mới trong định hướng kết nối nguồn lực, mở rộng hệ sinh thái bảo hiểm và phát triển các giải pháp bảo vệ sức khỏe cho khách hàng. Với thế mạnh về sản phẩm bảo hiểm của MB Life cùng nền tảng công nghệ, mạng lưới đối tác và hệ sinh thái phân phối của Moncover, sự hợp tác hướng tới việc nâng cao trải nghiệm khách hàng, mở rộng cơ hội kinh doanh và tạo dựng những giá trị bền vững cho các bên. Lễ ký kết là dấu mốc quan trọng, khẳng định tinh thần đồng hành, cùng phát triển và hướng tới những thành công mới trong thời gian tới. Trân trọng chúc mừng MB Life & Moncover! 💙💚 #moncover #MBLife #baohiem #hoptac",3,3,0,0,1,life_general,Trung lap,0,1,0,0,0,0/1 (0.0%),Normal,
568,Hiệp Hội Tư vấn Bảo hiểm Nhân thọ Việt Nam,https://www.facebook.com/groups/tuvanbaohiemnhanthovn/posts/2136131846973617/,Thứ Sáu rồi🎵📚 Kiếm thêm thu nhập tại app Bảo hiểm Moncover: https://online.moncover.vn/dang-ky-dai-ly,0,0,0,0,0,,,0,0,0,0,0,0/0 (0%),Normal,
569,Hiệp Hội Tư vấn Bảo hiểm Nhân thọ Việt Nam,https://www.facebook.com/groups/tuvanbaohiemnhanthovn/posts/2136170963636372/,"**🌟 CHUBB LIFE HOÀNG CẦU – TÌM ĐỒNG ĐỘI MỚI 🌟** Bạn đang tìm kiếm một môi trường chuyên nghiệp – thân thiện – nhiều cơ hội phát triển? 💙 Có thể chúng ta đang tìm kiếm nhau! CHUBB LIFE HOÀNG CẦU đang tuyển dụng các vị trí kinh doanh 📌 VỊ TRÍ TUYỂN DỤNG 🔹 Nhân viên Kinh doanh 🔹 Trợ lý Kinh doanh 🎯 QUYỀN LỢI ✨ Lương cứng + Thưởng kinh doanh không giới hạn ✨ Được đào tạo nghiệp vụ & kỹ năng Sales ✨ Môi trường trẻ, năng động, đồng đội hỗ trợ nhau ✨ Cơ hội phát triển lên các vị trí Leader 📩 ỨNG TUYỂN NGAY Gửi CV về: minhfuong.chubb@gmail.com 📞 Liên hệ: 0946.198.580 📍 Địa điểm làm việc: Tầng 9, Geleximco, 36 Hoàng Cầu, Hà Nội",0,0,0,0,0,,,0,0,0,0,0,0/0 (0%),Normal,
570,Hiệp Hội Tư vấn Bảo hiểm Nhân thọ Việt Nam,https://www.facebook.com/groups/tuvanbaohiemnhanthovn/posts/2136201326966669/,"MONCOVER TÌM KIẾM ĐỐI TÁC – CƠ HỘI MỞ RỘNG THU NHẬP CÙNG BẢO HIỂM Y TẾ MỞ RỘNG ❓Bạn đang tìm kiếm một sản phẩm thiết thực để phát triển tệp khách hàng? ❓Bạn muốn mở rộng cơ hội kinh doanh trong lĩnh vực bảo hiểm nhưng chưa biết bắt đầu từ đâu? 💚 Moncover chính thức tìm kiếm ĐỐI TÁC PHÂN PHỐI sản phẩm BẢO HIỂM Y TẾ MỞ RỘNG - ĐIỂM TỰA VIỆN PHÍ! Trong bối cảnh nhu cầu chăm sóc sức khỏe ngày càng được quan tâm, bảo hiểm y tế mở rộng là một giải pháp mang đến thêm lựa chọn bảo vệ và hỗ trợ tài chính cho khách hàng khi không may cần điều trị. Và đây chính là cơ hội để bạn: ✨ Tiếp cận thêm một sản phẩm bảo hiểm thiết thực, DỄ BÁN, dễ tiếp cận ✨ Mở rộng danh mục sản phẩm tư vấn cho khách hàng ✨ Chủ động phát triển hoạt động kinh doanh ✨ Tạo thêm nguồn thu nhập hấp dẫn cùng Moncover ✨ Đồng hành cùng một nền tảng hỗ trợ phân phối bảo hiểm hiện đại LINK MUA ONLINE https://online.moncover.vn/y-te/MBL/coverages 🔥 Không cần chờ đến khi có thật nhiều kinh nghiệm mới bắt đầu. Đôi khi, điều bạn cần chỉ là một cơ hội phù hợp và một hệ sinh thái đủ tốt để đồng hành. 👉 Hãy trở thành ĐỐI TÁC PHÂN PHỐI của Moncover ngay hôm nay và cùng mang giải pháp bảo hiểm thiết thực đến gần hơn với khách hàng! https://online.moncover.vn/dang-ky-dai-ly 🔰 Liên hệ: MONCOVER VIỆT NAM ☎️ Hotline: 1900 633 613 | 0901 721 222 🔶 Website: www. moncover.vn 🏡 87 Vương Thừa Vũ, P. Phương Liệt, Hà Nội #moncover #baohiem #muabaohiem #muabaohiemytemorong #ctvbaohiem #banbaohiem",0,0,0,0,0,,,0,0,0,0,0,0/0 (0%),Normal,
571,Hiệp Hội Tư vấn Bảo hiểm Nhân thọ Việt Nam,https://www.facebook.com/groups/tuvanbaohiemnhanthovn/posts/2136295290290606/,💥MẸO TRẢ THÙ NGƯỜI NÓI XẤU MÌNH😍 #CoGiaoNgan #tuduy #kinhdoanh #Giải_Mã_Ngày_Sinh #cuocsong #Thần_Số_Học #phattrienbanthan #xaykenh #xuhuong,0,0,0,0,0,,,0,0,0,0,0,0/0 (0%),Normal,
572,Hiệp Hội Tư vấn Bảo hiểm Nhân thọ Việt Nam,https://www.facebook.com/groups/tuvanbaohiemnhanthovn/posts/2136431660276969/,"📚✨ Thêm một “Thư viện Hạnh phúc”, chắp cánh thêm những ước mơ! ✨📚 Ngày 26/8, hành trình “Kết nối Triệu Yêu Thương – Hạnh phúc cho Cộng đồng” chính thức mang “Thư viện Hạnh phúc” đến với các em nhỏ Trường Tiểu học Long Tân, xã Đất Đỏ, TP. HCM. Đây là dự án ý nghĩa do Quỹ Vì cuộc sống tươi đẹp của Dai-ichi Life Việt Nam tài trợ với tổng trị giá 75 triệu đồng. 📖 Một không gian đọc sách khang trang. 📖 750 đầu sách, truyện thiếu nhi mới được bổ sung. 📖 Gần 380 đầu sách về văn hóa, giáo dục và con người Nhật Bản mở ra thêm những cánh cửa tri thức để các em khám phá thế giới rộng lớn. 🌱 Đây là “Thư viện Hạnh phúc” thứ bảy được hoàn thành trong dự án cải tạo, nâng cấp và trao tặng 11 thư viện trường học trên toàn quốc với tổng ngân sách 880 triệu đồng, do Dai-ichi Life Việt Nam triển khai trong năm 2026. 💬 Ông Trần Đình Quân – Chủ tịch Hội đồng Thành viên Dai-ichi Life Việt Nam, kiêm Chủ tịch Quỹ Vì cuộc sống tươi đẹp, chia sẻ: “Chúng tôi tin rằng mỗi cuốn sách hay đều là một người bạn đồng hành mở ra những điều tốt đẹp. Dai-ichi Life Việt Nam hy vọng Dự án ‘Thư viện Hạnh phúc’ sẽ trở thành nơi nuôi dưỡng niềm yêu thích đọc sách, khơi dậy tinh thần học hỏi và tiếp thêm động lực để các em học sinh tự tin theo đuổi những ước mơ của mình.” Với triết lý kinh doanh “Tất cả vì con người”, Dai-ichi Life Việt Nam cam kết tiếp tục đồng hành cùng cộng đồng thông qua những chương trình hỗ trợ giáo dục thiết thực và bền vững, góp phần chắp cánh ước mơ và xây dựng thế hệ tương lai giàu tri thức, bản lĩnh và trách nhiệm. #DaiichiLifeVietNam #KetNoiTrieuYeuThuong #ThuVienHanhPhuc #ViCuocSongTuoiDep #TrachNhiemXaHoi #lethuybaohiem #ThanhPhoHoChiMinh #ChapCanhUocMo #LanToaYeuThuong",0,0,0,0,0,,,0,0,0,0,0,0/0 (0%),Normal,
573,Hiệp Hội Tư vấn Bảo hiểm Nhân thọ Việt Nam,https://www.facebook.com/groups/tuvanbaohiemnhanthovn/posts/2136622016924600/,"# **🔥 CHUBB LIFE TÌM ĐỒNG ĐỘI SALES – SẴN SÀNG BỨT PHÁ THU NHẬP 🔥** Nếu bạn đang tìm một công việc có lương cứng, có KPI, có hoa hồng và càng nỗ lực càng có thêm thu nhập → thử về team CHUBB LIFE nhé! 🚀 Không yêu cầu bạn phải quá giỏi ngay từ đầu. Chỉ cần giao tiếp tốt – chủ động – chịu học hỏi, team sẽ đồng hành cùng bạn. 💼 Vị trí: Nhân viên Kinh doanh 💰 Thu nhập: Lương cứng + KPI + thưởng kinh doanh + hoa hồng 📍 Địa điểm: Tầng 9, Geleximco, 36 Hoàng Cầu, Hà Nội ⏰ Thời gian: Thứ 2 – Thứ 6 | 09:00 – 17:00 🌿 Nghỉ: Thứ 7 & Chủ nhật ✨ Bạn sẽ phụ trách: → Tìm kiếm và tư vấn khách hàng về các giải pháp tài chính/bảo hiểm → Chủ động xây dựng, duy trì và mở rộng mối quan hệ với khách hàng → Chăm sóc khách hàng trước – trong – sau hợp đồng → Phối hợp cùng team hoàn thành mục tiêu kinh doanh 🎯 CHUBB LIFE tìm kiếm bạn nếu: • Giao tiếp tự tin, năng động • Có tinh thần cầu tiến • Không ngại KPI, không ngại thử thách • Có kinh nghiệm Sales là lợi thế 💡 Chưa có kinh nghiệm? Không sao! Quan trọng là bạn có tinh thần học hỏi, phần còn lại team sẽ hướng dẫn. 📩 Inbox/Call 0946198580 để nhận JD và lịch phỏng vấn nhé!",1,1,0,0,0,,,0,0,0,0,0,0/0 (0%),Normal,
574,Hiệp Hội Tư vấn Bảo hiểm Nhân thọ Việt Nam,https://www.facebook.com/groups/tuvanbaohiemnhanthovn/posts/2136697210250414/,💥LỜI NÓI CỦA NGƯỜI GIÀU VÀ NGƯỜI NGHÈO 😍 #CoGiaoNgan #tuduy #kinhdoanh #Giải_Mã_Ngày_Sinh #cuocsong #Thần_Số_Học #phattrienbanthan #xaykenh #xuhuong,0,0,0,0,0,,,0,0,0,0,0,0/0 (0%),Normal,
575,Hiệp Hội Tư vấn Bảo hiểm Nhân thọ Việt Nam,https://www.facebook.com/groups/tuvanbaohiemnhanthovn/posts/2136992313554237/,Hôm nay mới biết đấy 😮 Mua bảo hiểm du lịch quốc tế online tại. https://online.moncover.vn/bao-hiem-du-lich-quoc-te,0,0,0,0,0,,,0,0,0,0,0,0/0 (0%),Normal,
576,Hiệp Hội Tư vấn Bảo hiểm Nhân thọ Việt Nam,https://www.facebook.com/groups/tuvanbaohiemnhanthovn/posts/2137043686882433/,"# **🔥 CHUBB LIFE TÌM ĐỒNG ĐỘI SALES – SẴN SÀNG BỨT PHÁ THU NHẬP 🔥** Nếu bạn đang tìm một công việc có lương cứng, có KPI, có hoa hồng và càng nỗ lực càng có thêm thu nhập → thử về team CHUBB LIFE nhé! 🚀 Không yêu cầu bạn phải quá giỏi ngay từ đầu. Chỉ cần giao tiếp tốt – chủ động – chịu học hỏi, team sẽ đồng hành cùng bạn. 💼 Vị trí: Nhân viên Kinh doanh 💰 Thu nhập: Lương cứng + KPI + thưởng kinh doanh + hoa hồng 📍 Địa điểm: Tầng 9, Geleximco, 36 Hoàng Cầu, Hà Nội ⏰ Thời gian: Thứ 2 – Thứ 6 | 09:00 – 17:00 🌿 Nghỉ: Thứ 7 & Chủ nhật ✨ Bạn sẽ phụ trách: → Tìm kiếm và tư vấn khách hàng về các giải pháp tài chính/bảo hiểm → Chủ động xây dựng, duy trì và mở rộng mối quan hệ với khách hàng → Chăm sóc khách hàng trước – trong – sau hợp đồng → Phối hợp cùng team hoàn thành mục tiêu kinh doanh 🎯 CHUBB LIFE tìm kiếm bạn nếu: • Giao tiếp tự tin, năng động • Có tinh thần cầu tiến • Không ngại KPI, không ngại thử thách • Có kinh nghiệm Sales là lợi thế 💡 Chưa có kinh nghiệm? Không sao! Quan trọng là bạn có tinh thần học hỏi, phần còn lại team sẽ hướng dẫn. 📩 Inbox/Call 0946198580 để nhận JD và lịch phỏng vấn nhé!",0,0,0,0,0,,,0,0,0,0,0,0/0 (0%),Normal,
577,Hiệp Hội Tư vấn Bảo hiểm Nhân thọ Việt Nam,https://www.facebook.com/groups/tuvanbaohiemnhanthovn/posts/2137102196876582/,"BỐ MẸ GẦN 60 TUỔI RỒI, CÒN MUA ĐƯỢC BẢO HIỂM SỨC KHỎE KHÔNG? Nhiều anh chị tìm đến Thủy và câu đầu tiên luôn là: “Ba mẹ lớn tuổi rồi, giờ mua có muộn quá không em?” Thực tế, vẫn có những bảo hiểm sức khỏe cho người cao tuổi cho phép tham gia ở độ tuổi khá cao, tùy sản phẩm và tình trạng sức khỏe. 🌿 VBI Care: quyền lợi nội trú tới 250 triệu/năm 🌿 MIC Care: quyền lợi nội trú tới 200 triệu/năm 🌿 Có lựa chọn thêm quyền lợi ngoại trú 🌿 Hỗ trợ bảo lãnh viện phí theo hệ thống liên kết 🌿 Nhiều mức phí để gia đình lựa chọn Điều quan trọng nhất với bố mẹ lớn tuổi không phải chọn gói đắt nhất. Mà là còn đủ điều kiện sức khỏe để được bảo hiểm chấp nhận hay không. 👉 Nếu ba mẹ đang từ 50–60 tuổi, anh/chị có thể gửi Thủy tuổi + tình trạng sức khỏe hiện tại, Thủy kiểm tra trước phương án phù hợp. Lệ Thủy Bảo Hiểm | Giám đốc Ban Kinh Doanh TOT 2026 | Top 0,1% tư vấn tài chính xuất sắc toàn cầu 📲 Zalo tư vấn: 0971 093 368 📍 Văn phòng: Tòa nhà 7A Lam Sơn, P.2, Q. Tân Bình, TP.HCM (gần sân bay Tân Sơn Nhất) #BaoHiemSucKhoe #BaoHiemNguoiCaoTuoi #BaoHiemChoBoMe #VBICare #MICCare",0,0,0,0,0,,,0,0,0,0,0,0/0 (0%),Normal,
578,Hiệp Hội Tư vấn Bảo hiểm Nhân thọ Việt Nam,https://www.facebook.com/groups/tuvanbaohiemnhanthovn/posts/2137168610203274/,"Anh trai e có mua bảo hiểm nhân thọ của Bảo Việt, nay a trai e nhập viện, nhưng e k liên hệ được với chị tvv ký hợp đồng, trong nhóm mình có a chị nào hỗ trợ e làm bồi thường nằm viện và có phẩu thuật không ạ, giấy tờ ra viện e đã lấy đầy đủ , e xin chân thành cảm ơn",7,7,0,0,9,unknown,Spam,1,0,0,8,0,0/1 (0.0%),Normal,
579,Hiệp Hội Tư vấn Bảo hiểm Nhân thọ Việt Nam,https://www.facebook.com/groups/tuvanbaohiemnhanthovn/posts/2137257983527670/,"💬 “𝐄𝐦 𝐦𝐮𝐚 𝐁𝐇 𝐜𝐡𝐢̉ đ𝐞̂̉ 𝐩𝐡𝐨̀𝐧𝐠 𝐭𝐡𝐨̂𝐢 𝐜𝐡𝐢̣ 𝐚̣, 𝐛𝐞́ 𝐧𝐡𝐚̀ 𝐞𝐦 𝐭𝐫𝐨̣̂𝐦 𝐯𝐢́𝐚 𝐥𝐚̆́𝐦!”Nghe câu này quen không ba mẹ? 😄 Mình cũng chỉ mong câu chuyện sẽ dừng ở chữ “𝐩𝐡𝐨̀𝐧𝐠”… 𝐂𝐡𝐨 đ𝐞̂́𝐧 𝐤𝐡𝐢 𝐯𝐮̛̀𝐚 𝐡𝐞̂́𝐭 𝐭𝐡𝐨̛̀𝐢 𝐠𝐢𝐚𝐧 𝐜𝐡𝐨̛̀ 𝐛𝐞̣̂𝐧𝐡 𝐭𝐡𝐨̂𝐧𝐠 𝐭𝐡𝐮̛𝐨̛̀𝐧𝐠, 𝐛𝐞́ 𝐬𝐨̂́𝐭 𝐥𝐚̂̀𝐧 𝟏. Rồi chưa đầy 1 tháng sau… 𝐥𝐚̂̀𝐧 𝟐. 😳 Và lúc này, khách nhắn cho mình một câu khiến mình cũng phải bật cười: 💚 “𝐌𝐚𝐲 𝐦𝐚̀ 𝐧𝐠𝐚̀𝐲 𝐭𝐫𝐮̛𝐨̛́𝐜 𝐞𝐦 𝐧𝐠𝐡𝐞 𝐜𝐡𝐢̣!” Đôi khi bảo hiểm chẳng phải thứ mình mong dùng đến. Nhưng có những lúc cần rồi mới thấy: 𝐜𝐡𝐮𝐚̂̉𝐧 𝐛𝐢̣ 𝐭𝐫𝐮̛𝐨̛́𝐜 𝐦𝐨̣̂𝐭 𝐜𝐡𝐮́𝐭 𝐭𝐡𝐚̣̂𝐭 𝐬𝐮̛̣ đ𝐚́𝐧𝐠 𝐠𝐢𝐚́. ☂️ Bé đang khỏe, mình cứ chủ động chuẩn bị. Để nếu một ngày cần đi viện, ba mẹ không phải cuống cuồng xoay xở thêm một khoản",0,0,0,0,0,,,0,0,0,0,0,0/0 (0%),Normal,
580,Hiệp Hội Tư vấn Bảo hiểm Nhân thọ Việt Nam,https://www.facebook.com/groups/tuvanbaohiemnhanthovn/posts/2137286590191476/,"🎁 THÁNG 9 – TẶNG QUỸ THĂM KHÁM CHO BÉ ĐẾN 10 TRIỆU/NĂM Ba mẹ có con nhỏ sẽ hiểu: một năm con có thể đi khám rất nhiều lần vì ho, sốt, viêm họng, tiêu hóa… Mỗi lần một ít nhưng cộng lại là khoản không nhỏ. 🎁 TẶNG QUỸ KHÁM NGOẠI TRÚ: * 5 triệu/năm – tối đa 1 triệu/lần khám * 10 triệu/năm – tối đa 2 triệu/lần khám * ⭐ KHÔNG GIỚI HẠN SỐ LẦN KHÁM, miễn còn trong hạn mức quỹ năm và đáp ứng điều kiện chi trả. Chưa kể bé còn có quyền lợi nội trú lên đến 1 tỷ/bệnh, cùng bảo vệ tai nạn, bệnh hiểm nghèo và hỗ trợ viện phí. 💙 Con ốm nhẹ có quỹ đi khám – con chẳng may nằm viện có bảo hiểm lo chi phí lớn – lâu dài vẫn có khoản tích lũy cho tương lai. Ba mẹ đang có nhu cầu mua bảo hiểm sức khoẻ cho con thì nhắn Vy ngay để được nhận ưu đãi đặc biệt này nha💕 Thông tin liên hệ: 📲 Zalo: 0767 1343 86 📍 Toà nhà 7A Lam Sơn, P. Tân Sơn Hoà, TP.HCM #baohiemsuckhoe #baohiemchocon #baohiemchobe #baolanhvienphi #hoangvybaohiem",1,1,0,0,0,,,0,0,0,0,0,0/0 (0%),Normal,
581,Hiệp Hội Tư vấn Bảo hiểm Nhân thọ Việt Nam,https://www.facebook.com/groups/tuvanbaohiemnhanthovn/posts/2137293036857498/,"TẶNG THÊM 100% QUYỀN LỢI BẢO HIỂM Khách hàng được tặng thêm 100% quyền lợi tương ứng với bất kỳ hạng thẻ nào. 💎 Thẻ VIP Bảo Việt có gì đặc biệt? 👉 Quyền lợi 2 tỷ → sử dụng đến 4 tỷ! Không chỉ là một tấm thẻ bảo hiểm, khách hàng còn được tiếp cận hệ sinh thái dịch vụ và quyền lợi của Bảo Việt, mang đến sự an tâm toàn diện cho bản thân và gia đình. 🥰💙 Bảo vệ hôm nay – An tâm ngày mai! ✨",0,0,0,0,0,,,0,0,0,0,0,0/0 (0%),Normal,
582,Hiệp Hội Tư vấn Bảo hiểm Nhân thọ Việt Nam,https://www.facebook.com/groups/tuvanbaohiemnhanthovn/posts/2137493973504071/,"CATHAY LIFE VIỆT NAM TUYỂN DỤNG: TƯ VẤN VIÊN BẢO HIỂM 💰 Thu nhập & Quyền lợi: Mức thu nhập hấp dẫn: 12 - 14 Triệu + Thưởng. Nhiều khoản thưởng đa dạng: Thưởng tháng, quý, 6 tháng, thưởng chi nhánh & Tổng công ty. ⏰ Thời gian & Địa điểm làm việc: Thời gian: Sáng 8h30 - 12h00, buổi chiều linh động. Làm việc từ Thứ 2 đến Thứ 7, Chủ Nhật nghỉ. Địa điểm: Số I-03, Đường số 1, KP. Bình Cư 3 (Phường Tân An, Long An hoặc Phường Long An, Tây Ninh theo quy định sáp nhập). 🎯 Yêu cầu ứng viên: Độ tuổi: Nam/Nữ từ 26 - 50 tuổi. Trình độ: Tốt nghiệp từ THPT trở lên. Không yêu cầu kinh nghiệm về bảo hiểm. Ưu tiên các ứng viên đã có kinh nghiệm bán hàng, tư vấn hoặc chăm sóc khách hàng. 📝 Mô tả công việc: Thực hiện tư vấn và chăm sóc khách hàng. Cung cấp các sản phẩm đa dạng như: bảo hiểm xe máy, ô tô, du lịch, nhà xưởng, chung cư, thẻ sức khỏe... 👉 Quy trình phỏng vấn: Trải qua 2 vòng (Nhân sự ➡️ Sếp Đài Loan). 📩 Ứng tuyển ngay qua Zalo: 0339.244.247",1,1,0,0,0,,,0,0,0,0,0,0/0 (0%),Normal,
583,Hiệp Hội Tư vấn Bảo hiểm Nhân thọ Việt Nam,https://www.facebook.com/groups/tuvanbaohiemnhanthovn/posts/2137542006832601/,"# **🌟 CHUBB LIFE HOÀNG CẦU – TÌM ĐỒNG ĐỘI MỚI 🌟** Bạn đang tìm kiếm một môi trường chuyên nghiệp – thân thiện – nhiều cơ hội phát triển? 💙 Có thể chúng ta đang tìm kiếm nhau! CHUBB LIFE HOÀNG CẦU đang tuyển dụng các vị trí kinh doanh 📌 VỊ TRÍ TUYỂN DỤNG 🔹 Nhân viên Kinh doanh 🔹 Trợ lý Kinh doanh 🎯 QUYỀN LỢI ✨ Lương cứng + Thưởng kinh doanh không giới hạn ✨ Được đào tạo nghiệp vụ & kỹ năng Sales ✨ Môi trường trẻ, năng động, đồng đội hỗ trợ nhau ✨ Cơ hội phát triển lên các vị trí Leader 📩 ỨNG TUYỂN NGAY Gửi CV về: minhfuong.chubb@gmail.com 📞 Liên hệ: 0946.198.580 📍 Địa điểm làm việc: Tầng 9, Geleximco, 36 Hoàng Cầu, Hà Nội",1,1,0,0,0,,,0,0,0,0,0,0/0 (0%),Normal,
584,Hiệp Hội Tư vấn Bảo hiểm Nhân thọ Việt Nam,https://www.facebook.com/groups/tuvanbaohiemnhanthovn/posts/2137549386831863/,"🔥 MẸ BỈM NÀO ĐANG TÌM BẢO HIỂM CHO CẢ GIA ĐÌNH THÌ ĐỪNG CHỈ NHÌN VÀO MỖI “THẺ SỨC KHỎE” Có một cách chuẩn bị tài chính khá hay cho gia đình trẻ: Vừa có bảo hiểm nhân thọ cho chồng, vừa có bảo hiểm sức khỏe cho vợ chồng, vừa có bệnh hiểm nghèo – tai nạn – trợ cấp viện phí, mà trong tháng này còn đang có thêm quà Trung Thu và vali MIA 🎁 Thủy tóm tắt để ba mẹ dễ hình dung nha: Với phương án khoảng 32 triệu/năm Chồng được bảo vệ: Bảo hiểm nhân thọ khoảng 1,56 tỷ + quỹ tích lũy Tai nạn: 300 triệu Bệnh hiểm nghèo: 300 triệu Trợ cấp nằm viện: 300.000đ/ngày Bảo hiểm sức khỏe: 1 tỷ/bệnh/tai nạn Vợ được bảo vệ: Bảo hiểm song hành khoảng 312 – 780 triệu Tai nạn: 300 triệu Bệnh hiểm nghèo: 300 triệu Trợ cấp viện phí: 300.000đ/ngày Bảo hiểm sức khỏe: 1 tỷ/bệnh/tai nạn Ngoại trú có ngân sách khoảng 5 triệu/năm, hỗ trợ tiền khám và thuốc. Nếu muốn quyền lợi cao hơn Có phương án khoảng 52 triệu/năm, trong đó: Bảo hiểm nhân thọ cho chồng khoảng 1,95 tỷ + quỹ tích lũy Tai nạn: 500 triệu/người Bệnh hiểm nghèo: 500 triệu/người Trợ cấp viện phí: 500.000đ/ngày Bảo hiểm sức khỏe: 2 tỷ/bệnh/tai nạn Ngoại trú cao cấp: 15 triệu/năm Có thêm quyền lợi nha khoa Điều trị ung thư có thể lên đến 2 tỷ/bệnh theo quyền lợi gói Điểm Thủy đánh giá đáng quan tâm nhất không phải là “mua được bao nhiêu quyền lợi”, mà là cả hai vợ chồng cùng có lớp bảo vệ trong một kế hoạch tài chính gia đình. Với mẹ bỉm, điều này rất thực tế. Vì nếu chồng là người tạo thu nhập chính, thì bảo hiểm nhân thọ giúp bảo vệ nguồn tài chính của gia đình. Nếu vợ hoặc chồng phải nằm viện, bảo hiểm sức khỏe hỗ trợ chi phí điều trị. Nếu chẳng may gặp bệnh hiểm nghèo hoặc tai nạn, gia đình vẫn còn một khoản tài chính để xoay xở. 🎁 Đặc biệt trong tháng 9/2026 Khách hàng tham gia hợp đồng Dai-ichi theo chương trình đang triển khai còn có quà: 07/09 – 20/09/2026: tham gia hợp đồng Dai-ichi đủ điều kiện được tặng bánh Trung Thu cao cấp 07/09 – 30/09/2026: giới thiệu người thân, bạn bè tham gia bảo hiểm Dai-ichi thành công được nhận 01 vali MIA cao cấp Số lượng quà có giới hạn. Nếu ba mẹ đang tìm kiếm: bảo hiểm cho vợ chồng, bảo hiểm gia đình, bảo hiểm cho mẹ bỉm, bảo hiểm nhân thọ Dai-ichi Life, bảo hiểm sức khỏe gia đình, bảo hiểm bệnh hiểm nghèo, bảo hiểm viện phí, bảo hiểm cho người trụ cột, bảo hiểm cho gia đình có con nhỏ thì có thể tham khảo phương án này trước khi quyết định. Thủy vẫn luôn khuyên khách hàng: Đừng chọn bảo hiểm chỉ vì quà tặng. Hãy chọn quyền lợi phù hợp trước, quà tặng là phần cộng thêm. Quyền lợi và mức phí trên là phương án minh họa theo từng hồ sơ cụ thể. Quyền lợi thực tế phụ thuộc tuổi, giới tính, tình trạng sức khỏe, kết quả thẩm định và điều khoản sản phẩm tại thời điểm tham gia. Lệ Thủy Bảo Hiểm | Giám đốc Ban Kinh Doanh TOT 2026 | Top 0,1% tư vấn tài chính xuất sắc toàn cầu 📲 Zalo tư vấn: 0971 093 368 📍 Văn phòng: Tòa nhà 7A Lam Sơn, P.2, Q. Tân Bình, TP.HCM (gần sân bay Tân Sơn Nhất) #BaoHiemGiaDinh #BaoHiemVoChong #BaoHiemSucKhoe #BaoHiemNhanTho #DaiichiLife",1,1,0,0,0,,,0,0,0,0,0,0/0 (0%),Normal,
585,Hiệp Hội Tư vấn Bảo hiểm Nhân thọ Việt Nam,https://www.facebook.com/groups/tuvanbaohiemnhanthovn/posts/2137552496831552/,"KHÁCH HÀNG CỦA THỦY THÁNG NÀY CÓ QUÀ, NGƯỜI GIỚI THIỆU CŨNG CÓ QUÀ 🎁 Có nhiều anh chị nhắn Thủy: “Chị mua bảo hiểm rồi, giờ giới thiệu bạn bè cho Thủy thì có gì không?” Có nha! Và tháng 9 này Thủy muốn dành riêng một món quà thật xinh cho những khách hàng đã tin tưởng và tiếp tục lan tỏa giá trị bảo hiểm đến người thân, bạn bè. 🎁 Từ 07/09 – 30/09/2026: Khách hàng giới thiệu người thân/bạn bè tham gia bảo hiểm Dai-ichi thành công sẽ nhận 01 VALI MIA CAO CẤP. Có 3 màu cực xinh: hồng – xanh – vàng, đi du lịch gia đình hay về quê cùng các bé đều rất tiện. Nhưng điều Thủy trân trọng nhất không phải một chiếc vali. Mà là khi khách hàng đã tham gia với Thủy rồi, sau đó lại nói: “Em tư vấn cho chị thấy ổn, để chị giới thiệu em cho bạn chị.” Đó là sự tin tưởng mà Thủy luôn muốn giữ thật lâu. ❤️ Với mỗi khách hàng được giới thiệu, Thủy vẫn trực tiếp hỗ trợ từ phân tích nhu cầu – thiết kế quyền lợi – kê khai sức khỏe – thẩm định – bảo lãnh viện phí đến hỗ trợ hồ sơ bồi thường về sau. Không phải ký hợp đồng xong là kết thúc. Đó mới là lúc hành trình đồng hành bắt đầu. Quà tặng áp dụng theo điều kiện chương trình; số lượng có giới hạn. Lệ Thủy Bảo Hiểm | Giám đốc Ban Kinh Doanh TOT 2026 | Top 0,1% tư vấn tài chính xuất sắc toàn cầu 📲 Zalo tư vấn: 0961 093 368 📍 Văn phòng: Tòa nhà 7A Lam Sơn, P.2, Q. Tân Bình, TP.HCM (gần sân bay Tân Sơn Nhất) #DaiichiLife #BaoHiemDaiichi #QuaTangKhachHang #BaoHiemGiaDinh #LeThuyBaoHiem",0,0,0,0,0,,,0,0,0,0,0,0/0 (0%),Normal,
586,Hiệp Hội Tư vấn Bảo hiểm Nhân thọ Việt Nam,https://www.facebook.com/groups/tuvanbaohiemnhanthovn/posts/2138059260114209/,"🎁 MẸ ĐANG TÍNH MUA BẢO HIỂM CHO CON? KHOAN CHỐT VỘI, THÁNG 9 NÀY THỦY ĐANG CÓ THÊM QUÀ TRUNG THU! Nếu ba mẹ đang tìm bảo hiểm sức khỏe cho bé, đây là thời điểm khá đẹp để tham khảo. Từ 07/09 – 20/09/2026, khách hàng tham gia hợp đồng Dai-ichi theo chương trình của Thủy sẽ được tặng: 🌕 01 hộp bánh Trung Thu cao cấp 🎁 Số lượng quà có hạn Mẹ nào đang tìm bảo hiểm cho bé, bảo hiểm sức khỏe trẻ em, bảo hiểm Dai-ichi Life, nhắn Thủy chữ “BÉ” + tuổi của con, Thủy tính phương án cho nhà mình nhé. #BaoHiemChoBe #BaoHiemSucKhoe #BaoHiemTreEm #BaoHiemDaiichi #LeThuyBaoHiem",0,0,0,0,0,,,0,0,0,0,0,0/0 (0%),Normal,
587,Hiệp Hội Tư vấn Bảo hiểm Nhân thọ Việt Nam,https://www.facebook.com/groups/tuvanbaohiemnhanthovn/posts/2138066510113484/,"KHÔNG MUỐN MUA KÈM NT, VẪN CÓ THẺ SỨC KHỎE CHO BÉ! ✓ Thẻ mua rời ✓ Bé từ 1 tuổi, mua độc lập ✓ Chi trả 100% chi phí ✓ Hãng bồi thường ổn áp siêu nhanh nha các mom Mom nào đang tìm bảo hiểm sức khỏe cho bé thì lưu lại gói này nhé! Zalo Lệ Thủy: 0828 093 368",0,0,0,0,0,,,0,0,0,0,0,0/0 (0%),Normal,
588,Hiệp Hội Tư vấn Bảo hiểm Nhân thọ Việt Nam,https://www.facebook.com/groups/tuvanbaohiemnhanthovn/posts/2138239623429506/,"Anh, chị quét QR code để gởi Thành CV nha Vị trí: Quản lý nhân sự/ tư vấn viên",0,0,0,0,0,,,0,0,0,0,0,0/0 (0%),Normal,
589,Hiệp Hội Tư vấn Bảo hiểm Nhân thọ Việt Nam,https://www.facebook.com/groups/tuvanbaohiemnhanthovn/posts/2138682653385203/,Đăng ký bán bảo hiểm online qua app Moncover tại https://online.moncover.vn/dang-ky-dai-ly,0,0,0,0,0,,,0,0,0,0,0,0/0 (0%),Normal,
590,Hiệp Hội Tư vấn Bảo hiểm Nhân thọ Việt Nam,https://www.facebook.com/groups/tuvanbaohiemnhanthovn/posts/2138870853366383/,💥 MẸO NHỎ XUA TÀ KHÍ KHÔNG TỐT 😍 #CoGiaoNgan #tuduy #kinhdoanh #Giải_Mã_Ngày_Sinh #cuocsong #Thần_Số_Học #phattrienbanthan #xaykenh #xuhuong,0,0,0,0,0,,,0,0,0,0,0,0/0 (0%),Normal,
591,Hiệp Hội Tư vấn Bảo hiểm Nhân thọ Việt Nam,https://www.facebook.com/groups/tuvanbaohiemnhanthovn/posts/2139085883344880/,"Cho em hỏi hãng phi nhân thọ bảo vệ đi viện đến năm bao nhiêu ạ , quan tâm ce ở hp ạ",3,3,0,0,7,unknown,Spam,0,2,0,5,0,0/2 (0.0%),Normal,
592,Hiệp Hội Tư vấn Bảo hiểm Nhân thọ Việt Nam,https://www.facebook.com/groups/tuvanbaohiemnhanthovn/posts/2139126166674185/,"⚠️ BA MẸ CHƯA CÓ BẢO HIỂM NHÂN THỌ? KHOAN VỘI MUA RIÊNG 1 HỢP ĐỒNG CHO BÉ! Thương con không có nghĩa là chỉ bảo vệ cho con. Nếu ngân sách có giới hạn, Thủy thường ưu tiên: 👉 Bảo vệ người tạo ra thu nhập cho gia đình 👉 Chuẩn bị thẻ sức khỏe cho bé để hỗ trợ viện phí khi con ốm đau. Cùng một ngân sách, nếu thiết kế đúng có thể bảo vệ cả ba mẹ lẫn con, thay vì dồn hết vào một hợp đồng riêng cho bé. 🎥 Video này Thủy phân tích phương án cụ thể. 📩 Muốn Thủy tính thử phương án cho gia đình mình? Nhắn ngay tuổi ba + tuổi mẹ + tuổi bé + ngân sách dự kiến qua Zalo 0961 093 368, Thủy lên phương án để mình tham khảo nhé! Lệ Thủy Bảo Hiểm | Giám đốc Ban Kinh Doanh TOT 2026 | Top 0,1% tư vấn tài chính xuất sắc toàn cầu 📲 Zalo tư vấn: 0961 093 368 📍 Văn phòng: Tòa nhà 7A Lam Sơn, P.2, Q. Tân Bình, TP.HCM (gần sân bay Tân Sơn Nhất) #lethuy #lethuybaohiem #baohiemnhantho #baohiemsuckhoe #baohiemchobe #baohiemgiadinh #daiichilife",0,0,0,0,0,,,0,0,0,0,0,0/0 (0%),Normal,
593,Hiệp Hội Tư vấn Bảo hiểm Nhân thọ Việt Nam,https://www.facebook.com/groups/tuvanbaohiemnhanthovn/posts/2139140483339420/,"⚠️ BA MẸ CHƯA CÓ BẢO HIỂM NHÂN THỌ? KHOAN VỘI MUA RIÊNG 1 HỢP ĐỒNG CHO BÉ! Thương con không có nghĩa là chỉ bảo vệ cho con. Nếu ngân sách có giới hạn, Thủy thường ưu tiên: 👉 Bảo vệ người tạo ra thu nhập cho gia đình 👉 Chuẩn bị thẻ sức khỏe cho bé để hỗ trợ viện phí khi con ốm đau. Cùng một ngân sách, nếu thiết kế đúng có thể bảo vệ cả ba mẹ lẫn con, thay vì dồn hết vào một hợp đồng riêng cho bé. 🎥 này Thủy phân tích phương án cụ thể. 📩 Muốn Thủy tính thử phương án cho gia đình mình? Nhắn ngay tuổi ba + tuổi mẹ + tuổi bé + ngân sách dự kiến qua Zalo 0961 093 368, Thủy lên phương án để mình tham khảo nhé! Lệ Thủy Bảo Hiểm | Giám đốc Ban Kinh Doanh TOT 2026 | Top 0,1% tư vấn tài chính xuất sắc toàn cầu 📲 Zalo tư vấn: 0961 093 368 📍 Văn phòng: Tòa nhà 7A Lam Sơn, P.2, Q. Tân Bình, TP.HCM (gần sân bay Tân Sơn Nhất) #lethuy #lethuybaohiem #baohiemnhantho #baohiemsuckhoe #baohiemchobe #baohiemgiadinh #daiichilife",0,0,0,0,0,,,0,0,0,0,0,0/0 (0%),Normal,
594,Hiệp Hội Tư vấn Bảo hiểm Nhân thọ Việt Nam,https://www.facebook.com/groups/tuvanbaohiemnhanthovn/posts/2139192180000917/,"# **🔥 CHUBB LIFE TÌM ĐỒNG ĐỘI SALES – SẴN SÀNG BỨT PHÁ THU NHẬP 🔥** Nếu bạn đang tìm một công việc có lương cứng, có KPI, có hoa hồng và càng nỗ lực càng có thêm thu nhập → thử về team CHUBB LIFE nhé! 🚀 Không yêu cầu bạn phải quá giỏi ngay từ đầu. Chỉ cần giao tiếp tốt – chủ động – chịu học hỏi, team sẽ đồng hành cùng bạn. 💼 Vị trí: Nhân viên Kinh doanh 💰 Thu nhập: Lương cứng + KPI + thưởng kinh doanh + hoa hồng 📍 Địa điểm: Tầng 9, Geleximco, 36 Hoàng Cầu, Hà Nội ⏰ Thời gian: Thứ 2 – Thứ 6 | 09:00 – 17:00 🌿 Nghỉ: Thứ 7 & Chủ nhật ✨ Bạn sẽ phụ trách: → Tìm kiếm và tư vấn khách hàng về các giải pháp tài chính/bảo hiểm → Chủ động xây dựng, duy trì và mở rộng mối quan hệ với khách hàng → Chăm sóc khách hàng trước – trong – sau hợp đồng → Phối hợp cùng team hoàn thành mục tiêu kinh doanh 🎯 CHUBB LIFE tìm kiếm bạn nếu: • Giao tiếp tự tin, năng động • Có tinh thần cầu tiến • Không ngại KPI, không ngại thử thách • Có kinh nghiệm Sales là lợi thế 💡 Chưa có kinh nghiệm? Không sao! Quan trọng là bạn có tinh thần học hỏi, phần còn lại team sẽ hướng dẫn. 📩 Inbox/Call 0946198580 để nhận JD và lịch phỏng vấn nhé!",0,0,0,0,0,,,0,0,0,0,0,0/0 (0%),Normal,
595,Hiệp Hội Tư vấn Bảo hiểm Nhân thọ Việt Nam,https://www.facebook.com/groups/tuvanbaohiemnhanthovn/posts/2139552879964847/,"Mùa thu là thời điểm lý tưởng để vi vu Đà Lạt, Hà Giang, Mộc Châu, Ninh Bình, Sapa… 🌿🏔️ Nhưng những chuyến đi vui nhất vẫn nên có sự chuẩn bị cho những tình huống bất ngờ. 🛡️ BẢO HIỂM DU LỊCH NỘI ĐỊA – đồng hành cùng bạn trên mọi hành trình: ✨ Phí chỉ từ 1.000đ/người/ngày ✨ Mức bồi thường cao nhất lên đến 200 triệu đồng ✨ Hỗ trợ khi gặp sự cố trong chuyến đi ✨ Phù hợp cho cá nhân, gia đình, nhóm bạn, đoàn du lịch 🍁 Một chuyến đi an tâm – tận hưởng mùa thu trọn vẹn hơn! 📩 Cần tư vấn & báo giá nhanh? Inbox ngay để được hỗ trợ nhé! MONCOVER VIỆT NAM ☎️ 0963 443 313 | 0964 652 615 🏢 87 Vương Thừa Vũ, P. Phương Liệt, Hà Nội",0,0,0,0,0,,,0,0,0,0,0,0/0 (0%),Normal,
596,Hiệp Hội Tư vấn Bảo hiểm Nhân thọ Việt Nam,https://www.facebook.com/groups/tuvanbaohiemnhanthovn/posts/2139585263294942/,Thị trường dẫu khó khăn nhưng các CTBH nhân thọ vẫn đang lãi ngàn tỷ :),0,0,0,0,0,,,0,0,0,0,0,0/0 (0%),Normal,
597,Hiệp Hội Tư vấn Bảo hiểm Nhân thọ Việt Nam,https://www.facebook.com/groups/tuvanbaohiemnhanthovn/posts/2139656829954452/,"# **🌟 CHUBB LIFE HOÀNG CẦU – TÌM ĐỒNG ĐỘI MỚI 🌟** Bạn đang tìm kiếm một môi trường chuyên nghiệp – thân thiện – nhiều cơ hội phát triển? 💙 Có thể chúng ta đang tìm kiếm nhau! CHUBB LIFE HOÀNG CẦU đang tuyển dụng các vị trí kinh doanh 📌 VỊ TRÍ TUYỂN DỤNG 🔹 Nhân viên Kinh doanh 🔹 Trợ lý Kinh doanh 🎯 QUYỀN LỢI ✨ Lương cứng + Thưởng kinh doanh không giới hạn ✨ Được đào tạo nghiệp vụ & kỹ năng Sales ✨ Môi trường trẻ, năng động, đồng đội hỗ trợ nhau ✨ Cơ hội phát triển lên các vị trí Leader 📩 ỨNG TUYỂN NGAY Gửi CV về: minhfuong.chubb@gmail.com 📞 Liên hệ: 0946.198.580 📍 Địa điểm làm việc: Tầng 9, Geleximco, 36 Hoàng Cầu, Hà Nội",1,1,0,0,0,,,0,0,0,0,0,0/0 (0%),Normal,
598,Hiệp Hội Tư vấn Bảo hiểm Nhân thọ Việt Nam,https://www.facebook.com/groups/tuvanbaohiemnhanthovn/posts/2139717559948379/,"# **🌟 CHUBB LIFE HOÀNG CẦU – TÌM ĐỒNG ĐỘI MỚI 🌟** Bạn đang tìm kiếm một môi trường chuyên nghiệp – thân thiện – nhiều cơ hội phát triển? 💙 Có thể chúng ta đang tìm kiếm nhau! CHUBB LIFE HOÀNG CẦU đang tuyển dụng các vị trí kinh doanh 📌 VỊ TRÍ TUYỂN DỤNG 🔹 Nhân viên Kinh doanh 🔹 Trợ lý Kinh doanh 🎯 QUYỀN LỢI ✨ Lương cứng + Thưởng kinh doanh không giới hạn ✨ Được đào tạo nghiệp vụ & kỹ năng Sales ✨ Môi trường trẻ, năng động, đồng đội hỗ trợ nhau ✨ Cơ hội phát triển lên các vị trí Leader 📩 ỨNG TUYỂN NGAY Gửi CV về: minhfuong.chubb@gmail.com 📞 Liên hệ: 0946.198.580 📍 Địa điểm làm việc: Tầng 9, Geleximco, 36 Hoàng Cầu, Hà Nội",1,1,0,0,0,,,0,0,0,0,0,0/0 (0%),Normal,
599,Hiệp Hội Tư vấn Bảo hiểm Nhân thọ Việt Nam,https://www.facebook.com/groups/tuvanbaohiemnhanthovn/posts/2139772263276242/,"Dạ Anh/Chị ơi, sắp tới bên em có tổ chức một buổi gặp gỡ & tri ân nho nhỏ dành cho khách mời vào Chủ nhật 20/09 này ạ. 🌷 Bên em có chuẩn bị tiệc dùng hoàn toàn miễn phí, quà tri ân, gameshow và các phần quà may mắn 🎁 nên em muốn gửi lời mời Anh/Chị tham dự cùng bên em. ⏰ Thời gian: 09:30 – 12:30 📍 Địa điểm: Gala Center – 415 Hoàng Văn Thụ, TP.HCM Nếu Anh/Chị sắp xếp được thời gian thì đăng ký giúp em tại đây nhé, hoàn toàn không mất phí ạ 💙 Đăng ký tham dự⁠￼: https://forms.gle/yaFquEkCX6wuAvTc9 Rất mong có dịp được gặp Anh/Chị trong buổi hôm đó ạ! 🌿",0,0,0,0,0,,,0,0,0,0,0,0/0 (0%),Normal,
600,Hiệp Hội Tư vấn Bảo hiểm Nhân thọ Việt Nam,https://www.facebook.com/groups/tuvanbaohiemnhanthovn/posts/2139806613272807/,Cơ hội nghề nghiệp luôn tới với bạn,0,0,0,0,0,,,0,0,0,0,0,0/0 (0%),Normal,
601,Hiệp Hội Tư vấn Bảo hiểm Nhân thọ Việt Nam,https://www.facebook.com/groups/tuvanbaohiemnhanthovn/posts/2139994409920694/,Ban có đang dừng bước ở phút 89?,0,0,0,0,0,,,0,0,0,0,0,0/0 (0%),Normal,
602,REVIEW BẢO HIỂM NHÂN THỌ,https://www.facebook.com/groups/296975261240447/posts/2244932646444689/,Đây là lý do nhiều công ty bảo hiểm lựa chọn túi vải in theo yêu cầu,0,0,0,0,0,,,0,0,0,0,0,0/0 (0%),Normal,
603,REVIEW BẢO HIỂM NHÂN THỌ,https://www.facebook.com/groups/296975261240447/posts/2245037699767517/,"(XIN NHẬP VIỆN ) mn cho m hỏi m khám bệnh bv Bạch Mai mình bị tê bì, thỉnh thoảng mất cảm giác ở 2 bàn tay có xin nhập viện dc ko ak? Làm thế nào để nhập viện đc ạ nếu bệnh chưa nặng ạ? Ai có kjnh nghiệm chỉ cho m với ạ. Ai quen biết bs bv Bạch Mai có thể móc nối để xin cho m nhập viện được giúp m với m hậu tạ hậu hĩnh ạ.",1,0,0,1,0,,,0,0,0,0,0,0/0 (0%),Normal,
604,REVIEW BẢO HIỂM NHÂN THỌ,https://www.facebook.com/groups/296975261240447/posts/2245038729767414/,"Bài 19: Mừng Quốc khánh Việt Nam và khởi động kinh doanh tháng 9 tại AIA Hải Dương. Chúc tất cả các khách hàng, tư vấn viên có 1 kỳ nghỉ lễ thật vui vẻ, hạnh phúc bên gia đình! 🥰 #dinhthichinh #baohiemnhanthoaia #vietnam #quockhanh #giadinh #cuocsong",0,0,0,0,0,,,0,0,0,0,0,0/0 (0%),Normal,
605,REVIEW BẢO HIỂM NHÂN THỌ,https://www.facebook.com/groups/296975261240447/posts/2245066846431269/,"🇺🇸 MUỐN GIỮ QUYỀN LỰA CHỌN ĐIỀU TRỊ TẠI MỸ NẾU CẦN? Bạn chưa chắc sẽ cần điều trị ở nước ngoài — nhưng khi một vấn đề sức khỏe lớn xảy ra, bạn có thể muốn được chủ động lựa chọn nơi điều trị phù hợp hơn, thay vì chỉ giới hạn trong Việt Nam. Vấn đề: nhiều thẻ sức khỏe có hạn mức lớn, nhưng khi sử dụng ở nước ngoài lại cần xem kỹ phạm vi bảo hiểm và các giới hạn của từng quyền lợi. Một con số vài tỷ đồng trên thẻ chưa nói hết được bạn có thể sử dụng quyền lợi đó như thế nào khi cần điều trị ngoài Việt Nam. Giải pháp: VITA – Sức Khỏe Kim Cương của Generali dành cho khách hàng cần phạm vi chăm sóc y tế rộng, từ Việt Nam đến nước ngoài — bao gồm Mỹ. ✅ Nội trú lên đến 5 tỷ đồng/năm. ✅ Phạm vi điều trị trong và ngoài nước. ✅ Bao gồm Mỹ — phù hợp với người muốn giữ thêm lựa chọn điều trị khi cần. ✅ Không giới hạn phụ khi điều trị ở nước ngoài, trong phạm vi quyền lợi và điều khoản của chương trình. Đặc biệt phù hợp với những gia đình có tiêu chuẩn y tế cao, thường xuyên đi nước ngoài, có người thân sinh sống ở nước ngoài hoặc đơn giản là không muốn giới hạn lựa chọn điều trị của mình trong một quốc gia. Thẻ sức khỏe cao cấp không chỉ nằm ở câu hỏi: “Hạn mức bao nhiêu?” Mà còn là: “Khi thực sự cần, tôi được quyền lựa chọn điều trị ở đâu?” 📌 Nhắn tin để Kiệt gửi thông tin quyền lợi Kim Cương và cùng kiểm tra xem nhu cầu của gia đình có phù hợp với phạm vi bảo vệ này không. Tô Quốc Kiệt | Generali Việt Nam 📞 0832 806 968 #Generali #VitaSucKhoeKimCuong #BaoHiemSucKhoe #BaoHiemSucKhoeQuocTe #DieuTriNuocNgoai #DieuTriTaiMy",0,0,0,0,0,,,0,0,0,0,0,0/0 (0%),Normal,
606,REVIEW BẢO HIỂM NHÂN THỌ,https://www.facebook.com/groups/296975261240447/posts/2245089313095689/,☘️ GENERALI - MỪNG QUỐC KHÁNH 02/09 🇻🇳🇻🇳🇻🇳 🎁 𝐍𝐡𝐚̣̂𝐧 𝐧𝐠𝐚𝐲 𝐪𝐮𝐚̀ 𝐭𝐚̣̆𝐧𝐠 𝐭𝐢𝐞̂̀𝐧 𝐦𝐚̣̆𝐭 𝐭𝐮̛𝐨̛𝐧𝐠 đ𝐮̛𝐨̛𝐧𝐠 𝟐𝟎% 𝐡𝐨𝐚̣̆𝐜 𝟑𝟎% 𝐩𝐡𝐢́ 𝐛𝐚̉𝐨 𝐡𝐢𝐞̂̉𝐦 của thẻ sức khoẻ Generali NỘI - NGOẠI TRÚ HẠNG TIÊU CHUẨN . Cụ thể : 🔥 Tặng 30% phí thẻ sức khoẻ : Áp dụng cho Người được bảo hiểm từ 0 đến 5 tuổi. 🔥 Tặng 20% phí thẻ sức khoẻ : Áp dụng cho Người được bảo hiểm trên 5 tuổi ⏰ Thời gian áp dụng: Từ 01/09/2026 đến 30/09/2026 📩 𝐂𝐨̛ 𝐡𝐨̣̂𝐢 đ𝐞̂̉ 𝐜𝐡𝐨̂́𝐭 𝐭𝐡𝐚𝐦 𝐠𝐢𝐚 𝐭𝐡𝐞̉ 𝐬𝐮̛́𝐜 𝐤𝐡𝐨𝐞̉ 𝐆𝐞𝐧𝐞𝐫𝐚𝐥𝐢 𝐤𝐡𝐨̂𝐧𝐠 đ𝐨̂̀𝐧𝐠 𝐜𝐡𝐢 𝐦𝐨̣𝐢 𝐥𝐮̛́𝐚 𝐭𝐮𝐨̂̉𝐢. - 𝐊𝐡𝐚́𝐧𝐡 𝐇𝐚̀ 𝐁𝐚̉𝐨 𝐡𝐢𝐞̂̉𝐦 | 𝐁𝐚̉𝐨 𝐡𝐢𝐞̂̉𝐦 𝐆𝐞𝐧𝐞𝐫𝐚𝐥𝐢 - 𝑪𝒉𝒂̆𝒎 𝒔𝒐́𝒄 & đ𝒐̂̀𝒏𝒈 𝒉𝒂̀𝒏𝒉 𝒌𝒉𝒂́𝒄𝒉 𝒉𝒂̀𝒏𝒈 𝒕𝒓𝒆̂𝒏 𝒕𝒐𝒂̀𝒏 𝒒𝒖𝒐̂́𝒄 📞 09.686.739.7️⃣6️⃣ #KhanhHaBaohiem #DaiLeMung2Thang9 #QuatangGenerali #TheSucKhoeGenerali,1,1,0,0,1,,,0,0,0,0,0,0/0 (0%),Normal,
607,REVIEW BẢO HIỂM NHÂN THỌ,https://www.facebook.com/groups/296975261240447/posts/2245128539758433/,"Tiết kiệm vài trăm nghìn mỗi tháng thì khó đến đâu? Hay xoay vài chục, vài trăm triệu trong 1 ngày khi biến cố bất ngờ ập xuống mới khó? Lúc chưa có chuyện, vài trăm nghìn thấy tiếc. Đến lúc có chuyện, vài trăm triệu cũng chưa chắc xoay kịp. Tiền không tự nhiên xuất hiện khi mình gặp rủi ro. Nó phải được chuẩn bị từ những ngày mình vẫn còn bình yên. ☎️ Vân – TVV Dai-ichi 📞 0764 368 513 #VanTVVDaiichi #DaiichiLife #BaoHiemNhanTho #BaoHiemSucKhoe #ChuDongBaoVe #TaiChinhGiaDinh #BaoVeTuHomNay",0,0,0,0,0,,,0,0,0,0,0,0/0 (0%),Normal,
608,REVIEW BẢO HIỂM NHÂN THỌ,https://www.facebook.com/groups/296975261240447/posts/2245254926412461/,"Tuyển CTV bảo hiểm toàn quốc Sản phẩm đa dạng -Bảo hiểm ô tô, xe máy -Bảo hiểm cháy nổ bắt buộc -Bảo hiểm du lịch -Bảo hiểm sức khỏe -Bảo hiểm thai sản Phù hợp với rất nhiều người -Người muốn có thêm thu nhập -Người cần tìm việc làm thêm -Sinh viên -Mẹ bỉm -Nhân viên bảo hiểm nhân thọ Vì sao chọn chúng tôi ? -Lộ trình thăng tiến rõ ràng -Rút thu nhập ngay khi cấp đơn -Đào tạo đầy đủ -Không áp doanh thu Đăng ký ngay: https://www.baohiemmic.com.vn/tuyen-ctv-bao-hiem-mic #tuyenctvbaohiem #tuyenctvbanbaohiem #ctvbaohiem #ctv #congtacvienbaohiem",0,0,0,0,0,,,0,0,0,0,0,0/0 (0%),Normal,
609,REVIEW BẢO HIỂM NHÂN THỌ,https://www.facebook.com/groups/296975261240447/posts/2245314036406550/,,0,0,0,0,0,,,0,0,0,0,0,0/0 (0%),Normal,
610,REVIEW BẢO HIỂM NHÂN THỌ,https://www.facebook.com/groups/296975261240447/posts/2245333546404599/,"CÓ TIỀN💵💵 tích luỹ nhưng khi biến cố xảy ra ta phải chi ra vài chục💵💵, thậm chí vài trăm💵💵 mình có đứt từng đoạn ruột không...???? Rồi liệu khi Sức Khoẻ không còn tốt thì ta có thể làm lại kiếm số tiền như ban đầu có dễ không❌❌ Lúc chưa có chuyện, vài trăm nghìn thấy tiếc. Đến lúc có chuyện, vài trăm triệu cũng chưa chắc xoay kịp. Tiền💵💵 không tự nhiên xuất hiện khi mình gặp rủi ro. Hãy lựa chọn đúng. Giải pháp tối ưu là điều Cần Thiết. Xây dựng kế hoạch tài chính, Bảo vệ Sức Khoẻ Nó phải được chuẩn bị từ những ngày mình vẫn còn bình yên. #DaiichiLife #BaoHiemNhanTho #BaoHiemSucKhoe #ChuDongBaoVe #TaiChinhGiaDinh #BaoVeTuHomNayTiền",0,0,0,0,0,,,0,0,0,0,0,0/0 (0%),Normal,
611,REVIEW BẢO HIỂM NHÂN THỌ,https://www.facebook.com/groups/296975261240447/posts/2245406056397348/,Mất bao lâu mới giàu?,0,0,0,0,0,,,0,0,0,0,0,0/0 (0%),Normal,
612,REVIEW BẢO HIỂM NHÂN THỌ,https://www.facebook.com/groups/296975261240447/posts/2245420409729246/,"Ai chơi lễ chứ giờ em còn bận edit 🥲 Mọi người ủng hộ kênh em nha, flop quá 😤 TikTok: https://www.tiktok.com/@kietbaohiem Facebook: https://www.facebook.com/Kiet.MDRT/reel YouTube: https://youtube.com/@kietgenerali 📂 Tổng hợp một số case chi trả quyền lợi bảo hiểm gần đây: https://drive.google.com/drive/u/1/folders/1AKmh6iDXzPth7WcRSHacS_vrmBrFx9sppL3OMziwEWmlZGHUoW7jzbjAkJxjkGQC2CQ6YeQV",0,0,0,0,0,,,0,0,0,0,0,0/0 (0%),Normal,
613,REVIEW BẢO HIỂM NHÂN THỌ,https://www.facebook.com/groups/296975261240447/posts/2245909736346980/,"KHI BẠN KHÔNG PHẢI LÀ NGƯỜI GIÀU CÓ! Khi bạn không có sẵn vài trăm triệu đồng trong tài khoản, bạn càng không nên xem nhẹ việc chuẩn bị cho những rủi ro có thể xảy ra. Bởi một lần nhập viện, một ca phẫu thuật hay một căn bệnh nghiêm trọng không chỉ ảnh hưởng đến sức khỏe. Nó còn có thể lấy đi khoản tiền cả gia đình đã tích góp trong nhiều năm, làm gián đoạn thu nhập và đẩy những người thân yêu vào cảnh phải vay mượn để chữa bệnh cho bạn. Nếu bạn là người có trách nhiệm với gia đình, bạn sẽ hiểu rằng: Bản lĩnh không phải là nói: “Có chuyện gì thì chịu, sống hết hôm nay rồi ngày mai tính tiếp.” Bản lĩnh là dám nhìn thẳng vào điều không ai mong muốn và chuẩn bị trước khi mình vẫn còn khỏe mạnh, còn thu nhập và còn quyền lựa chọn. Nếu bạn không muốn khi khó khăn phải dựa hoàn toàn vào cha mẹ, vợ chồng, anh chị em hay những người thân xung quanh, hãy chủ động xây dựng cho mình một quỹ dự phòng. Đó có thể là tiền tiết kiệm, quỹ khẩn cấp, bảo hiểm y tế, thẻ sức khỏe hoặc bảo hiểm nhân thọ phù hợp với khả năng tài chính. Không nhất thiết phải bắt đầu bằng một khoản tiền lớn, nhưng nhất định phải bắt đầu bằng ý thức bảo vệ bản thân và gia đình. Người giàu có thể dùng tài sản để đối mặt với rủi ro. Người chưa có nhiều tài sản càng cần một kế hoạch để không phải bán đi những gì mình đã vất vả gây dựng. Sống cho hiện tại là điều đáng quý. Nhưng chuẩn bị cho ngày mai mới là trách nhiệm của một người trưởng thành. Đừng đợi đến khi cần vài trăm triệu đồng mới bắt đầu nghĩ xem mình sẽ tìm số tiền ấy ở đâu. #BaoVeTaiChinh #SongCoTrachNhiem #QuyDuPhong #TheSucKhoe #BaoHiemNhanTho",1,1,0,0,0,,,0,0,0,0,0,0/0 (0%),Normal,
614,REVIEW BẢO HIỂM NHÂN THỌ,https://www.facebook.com/groups/296975261240447/posts/2246063762998244/,"Phần 1|Khách hàng yêu cầu chi trả 175 triệu, nhưng bảo hiểm chỉ trả 25 triệu và không đề cập tới 150 triệu còn thiếu ? Cùng đón xem câu chuyện thực tế của 1 khách hàng may mắn được Hưng hỗ trợ.",0,0,0,0,0,,,0,0,0,0,0,0/0 (0%),Normal,
615,REVIEW BẢO HIỂM NHÂN THỌ,https://www.facebook.com/groups/296975261240447/posts/2246213256316628/,,0,0,0,0,0,,,0,0,0,0,0,0/0 (0%),Normal,
616,REVIEW BẢO HIỂM NHÂN THỌ,https://www.facebook.com/groups/296975261240447/posts/2246271436310810/,Tại sao phải đi làm cả đời!,0,0,0,0,0,,,0,0,0,0,0,0/0 (0%),Normal,
617,REVIEW BẢO HIỂM NHÂN THỌ,https://www.facebook.com/groups/296975261240447/posts/2246667439604543/,"Phần 2|Yêu cầu 175 triệu, lần đầu chỉ trả 25 triệu - Cuối cùng nhận đủ 175 triệu #baohiemnhantho #baohiemtainan #viralvideo #boithuong #khanhhungbaohiem",0,0,0,0,0,,,0,0,0,0,0,0/0 (0%),Normal,
618,REVIEW BẢO HIỂM NHÂN THỌ,https://www.facebook.com/groups/296975261240447/posts/2246693232935297/,Đóng bảo hiểm 15 năm bảo vệ đến năm 99t,0,0,0,0,0,,,0,0,0,0,0,0/0 (0%),Normal,
619,REVIEW BẢO HIỂM NHÂN THỌ,https://www.facebook.com/groups/296975261240447/posts/2246815286256425/,"🆘 CÓ MỘT LOẠI “VÉ GIỮ NGƯỜI”… rẻ hơn cả giữ xe ❤️ Mỗi ngày bỏ ra 50.000đ để giữ một chiếc xe, mình thấy bình thường. Nhưng cũng chỉ 50.000đ/ngày, mình có thể “giữ” cho chính mình và gia đình một khoản tiền khi chẳng may ốm đau, bệnh tật hay có chuyện không ai mong muốn. 🚗 Giữ xe: mất xe thì được đền tiền. ❤️ Giữ người: ốm đau có tiền chữa trị, bệnh nặng được hỗ trợ nhiều hơn, chẳng may người trụ cột không còn nữa thì vẫn có một khoản để lo cho những người ở lại. Điều mình thích nhất là: Nếu bình an, khỏe mạnh và không có chuyện gì xảy ra, mình vẫn nhận lại phần lớn giá trị đã tích lũy theo hợp đồng. Bởi vậy, bảo hiểm nhân thọ không phải là mua “nỗi lo”. Mà là dành một khoản nhỏ hôm nay để nếu ngày mai có chuyện, gia đình mình không phải bắt đầu lại từ con số 0. 🎁 50.000đ/ngày — một ly cà phê, một bữa ăn sáng… nhưng có thể là cả một khoản tiền rất lớn để bảo vệ người mình thương. Ai muốn tìm hiểu một “chiếc vé giữ người” phù hợp với túi tiền, không cần đóng quá nặng mỗi năm, cứ nhắn em nhé #Cam_Kết_Một_Lời_Trọn_Đời_Gắn_Bó #Thẻ_Chăm_Sóc_Sức_Khoẻ_Toàn_Cầu_24/7 #Bảo_Hiểm_Nhân_Thọ_Số_1_Nhật_Bản #Daiichi",0,0,0,0,0,,,0,0,0,0,0,0/0 (0%),Normal,
620,REVIEW BẢO HIỂM NHÂN THỌ,https://www.facebook.com/groups/296975261240447/posts/2246867096251244/,"🎉 THÊM MỘT HỒ SƠ HOÀN TẤT – THÊM MỘT GIA ĐÌNH ĐƯỢC BẢO VỆ Một bộ hồ sơ được nộp thành công không chỉ là “bán được một sản phẩm” ❤️ Điều mình vui nhất là khách hàng đã được tư vấn kỹ, hiểu rõ quyền lợi – mức phí – thời gian tham gia và những điều khoản liên quan, sau đó chủ động lựa chọn giải pháp phù hợp với nhu cầu của gia đình. Làm nghề này, mình luôn tin rằng: 👉 Không cần bán bằng lời nói hay áp lực. 👉 Hãy tư vấn bằng sự chân thành, rõ ràng và trách nhiệm. 👉 Khi khách hàng hiểu và tin tưởng, quyết định tham gia sẽ trở nên nhẹ nhàng hơn rất nhiều. 📑 Hồ sơ đã nộp thành công! 💙 Cảm ơn khách hàng đã tin tưởng và lựa chọn mình đồng hành trên hành trình bảo vệ những điều quan trọng nhất. Bán được một hợp đồng là niềm vui. Được khách hàng hiểu, tin tưởng và lựa chọn mới là điều mình trân trọng. 🌷",0,0,0,0,1,unknown,Tieu cuc,0,0,1,0,0,1/1 (100.0%),Normal,
621,REVIEW BẢO HIỂM NHÂN THỌ,https://www.facebook.com/groups/296975261240447/posts/2246922039579083/,"MÌNH THƯỜNG RẤT DỄ CHI TIỀN CHO NHỮNG THỨ MÌNH THÍCH 😄 Mua sắm thì chẳng đắn đo, nhưng dành vài triệu một năm để bảo vệ gia đình lại cứ: “Để tính đã…” 😂 Đến khi có chuyện mới hiểu… Bảo hiểm không làm mình giàu hơn. Nhưng có thể giúp người mình thương bớt chật vật hơn. Có những thứ mua cho mình. Có những thứ chuẩn bị cho cả gia đình. ❤️ — Vân #VanTVVDaiichi #DaiichiLife #BaoHiemNhanTho #BaoHiemSucKhoe@nêu bật",2,2,0,0,0,,,0,0,0,0,0,0/0 (0%),Normal,
622,REVIEW BẢO HIỂM NHÂN THỌ,https://www.facebook.com/groups/296975261240447/posts/2246929866244967/,,0,0,0,0,0,,,0,0,0,0,0,0/0 (0%),Normal,
623,REVIEW BẢO HIỂM NHÂN THỌ,https://www.facebook.com/groups/296975261240447/posts/2246936066244347/,"NỢ 5 TỶ CHƯA CHẮC LÀ VẤN ĐỀ. DÒNG TIỀN DỪNG LẠI MỚI LÀ VẤN ĐỀ. Khi vay mua nhà, chúng ta thường tính rất kỹ khoản trả hàng tháng, lãi suất và thời gian vay. Nhưng có một con số quan trọng hơn: Nếu thu nhập của người đang trả nợ dừng lại, gia đình còn đủ khả năng giữ căn nhà trong bao lâu? Bảo hiểm không có nghĩa là công ty bảo hiểm sẽ tự động trả hết khoản vay ngân hàng. Điều cần tính là khoảng trống tài chính gia đình cần được bảo vệ nếu người tạo ra dòng tiền gặp rủi ro thuộc phạm vi bảo hiểm. Và nếu đang nợ 5 tỷ, mua bảo hiểm đúng 5 tỷ liệu đã đủ? 👉 Video tiếp theo Kiệt sẽ tính thử một trường hợp cụ thể. #BaoHiemNhanTho #QuanTriRuiRo #BaoVeThuNhap #VayMuaNha #TaiChinhGiaDinh",0,0,0,0,0,,,0,0,0,0,0,0/0 (0%),Normal,
624,REVIEW BẢO HIỂM NHÂN THỌ,https://www.facebook.com/groups/296975261240447/posts/2246993046238649/,"🖖🙂CƠ HỘI HỢP TÁC CÙNG ĐỘI NGŨ GENERALI TẠI HÀ NAM 🚀 Bạn đang muốn tìm một môi trường làm việc chuyên nghiệp, linh hoạt và có lộ trình phát triển rõ ràng? Đội ngũ Generali Hà Nam đang chào đón những ứng viên mong muốn phát triển trong lĩnh vực tư vấn giải pháp tài chính và chăm sóc khách hàng. ✨ Điểm nổi bật: • Có chương trình đồng hành dành cho thành viên mới trong thời gian đầu. • Chính sách ghi nhận theo kết quả và quá trình phát triển. • Được đào tạo bài bản từ kiến thức đến kỹ năng. • Làm việc trong môi trường chuyên nghiệp, có lộ trình phát triển rõ ràng. • Cơ hội học hỏi, mở rộng các mối quan hệ và phát triển bản thân. 📌 Phù hợp với: • Độ tuổi từ 25–50. • Tốt nghiệp THPT trở lên. • Có tinh thần học hỏi, chủ động và yêu thích công việc giao tiếp. Nếu bạn muốn tìm hiểu thêm về mô hình làm việc và cơ hội phát triển, hãy để lại tin nhắn để được chia sẻ thông tin chi tiết. #GeneraliVietnam #GENAPEX2026 #GENCASAHaNam.",0,0,0,0,0,,,0,0,0,0,0,0/0 (0%),Normal,
625,REVIEW BẢO HIỂM NHÂN THỌ,https://www.facebook.com/groups/296975261240447/posts/2247097216228232/,Bài 20: Có tiền chưa chắc nên mua hợp đồng bảo hiểm thật lớn! #dinhthichinh #baohiemnhanthoaia #tuvantaichinh #giadinh #cuocsong,1,1,0,0,0,,,0,0,0,0,0,0/0 (0%),Normal,
626,REVIEW BẢO HIỂM NHÂN THỌ,https://www.facebook.com/groups/296975261240447/posts/2247761462828474/,"🔥 **[TP. HÀ NỘI] FUBON LIFE TUYỂN DỤNG NHÂN TÀI KINH DOANH** 🔥 Bạn muốn bứt phá thu nhập và xây dựng lộ trình sự nghiệp vững chắc? Gia nhập đội ngũ **Fubon Life** ngay hôm nay! 💎 **ĐUỔI THEO THU NHẬP KHÔNG GIỚI HẠN:** • **Thu nhập cố định:** Từ **15.000.000 VNĐ+/tháng** • **Thu nhập thực tế:** Từ **30.000.000 VNĐ+/tháng** trở lên • Ký HĐLĐ chính thức 3 năm, có thưởng tháng 13 & thưởng phát triển. • Đào tạo bài bản từ A-Z (Miễn phí 100%). • Lộ trình thăng tiến rõ ràng lên Quản lý. 🎯 **YÊU CẦU ĐƠN GIẢN:** • Từ 22 tuổi, tốt nghiệp Đại học. • Ưu tiên ứng viên có **kinh nghiệm Sales từ 1 năm** (bất kỳ lĩnh vực nào). • Giao tiếp tốt, tự tin, có tinh thần cầu tiến. 📍 **Địa điểm làm việc:** Cầu Giấy – Hà Nội 📅 **Lịch phỏng vấn:** 08:30 Sáng Thứ 7 | 13:30 Chiều Thứ 4 📲 **ỨNG TUYỂN NGAY HÔM NAY:** • **Liên hệ:** Anh Tuấn - **0326 565 289** (Gọi/Zalo) ⚡ *Phỏng vấn nhanh - Nhận việc ngay - Số lượng có hạn!* #FubonLife #TuyendungKinhdoanh #TuyendungHanoi #Sale #VieclamHanoi #Fubon",0,0,0,0,0,,,0,0,0,0,0,0/0 (0%),Normal,
627,REVIEW BẢO HIỂM NHÂN THỌ,https://www.facebook.com/groups/296975261240447/posts/2247869942817626/,"❣️BẢO HIỂM THAI SẢN NÀO PHÙ HỢP VỚI BẠN? 🌸 BIC ELITE: phù hợp cho các mẹ sinh m.ổ lần 2, lần 3, có trả phòng VIP tại các BV tư, quốc tế và thanh toán 💯% 🌸 DAI-ICHI LIFE: phù hợp cho các mẹ cần sự ổn định, có thể tham gia được các năm tiếp theo với chi trả tiền giường lên tới 6tr/ngày, thanh toán 💯% trên phạm vi toàn cầu 🌸 XANH HẠNH PHÚC: vừa gia nhập thị trường thai sản với ngân sách lên tới 120 triệu, thanh toán 💯% ở BV công, BV tư và quốc tế 🌸 FUSE CARE: vẫn ổn định với ngân sách lên tới 80 triệu và phí tham gia cực kỳ hạt dẻ 🌸 TRỢ CẤP TIỀN MẶT: đơn giản, dễ hiểu, nhận ngay tiền về tài khoản mà không cần quan tâm đến hóa đơn ☎️ Mỗi hãng đều có ưu và nhược điểm khác nhau. Vì vậy ba mẹ liên hệ Hằng để được tư vấn cụ thể nhất 0939712105 ( call/zalo)... #thuyhangbaohiem #baohiem #baohiemthaisan #ivf #iui #bhts #thaisan #trocapthaisan",0,0,0,0,0,,,0,0,0,0,0,0/0 (0%),Normal,
628,REVIEW BẢO HIỂM NHÂN THỌ,https://www.facebook.com/groups/296975261240447/posts/2247903342814286/,,0,0,0,0,0,,,0,0,0,0,0,0/0 (0%),Normal,
629,REVIEW BẢO HIỂM NHÂN THỌ,https://www.facebook.com/groups/296975261240447/posts/2247986492805971/,"CON CÓ BA MẸ ĐỂ LO… VẬY BA MẸ ỐM, AI LO? ❤️ Ngày con còn nhỏ, ba mẹ lo từng bữa ăn, giấc ngủ. Con lớn lên, ba mẹ vẫn âm thầm lo cho con từng chút một. Nhưng có một điều đôi khi chúng ta quên mất: 👉 Sức khỏe của ba mẹ cũng cần được chuẩn bị và bảo vệ. Bởi nếu một ngày ba mẹ nằm viện, chi phí điều trị ai sẽ lo? Con có thể lo được tiền viện phí, nhưng đừng để con vừa lo cho ba mẹ, vừa lo áp lực tài chính. Một kế hoạch bảo vệ sức khỏe phù hợp có thể giúp ba mẹ chủ động hơn khi ốm đau, giảm gánh nặng viện phí và an tâm điều trị. 💗 Con có ba mẹ để yêu thương. Ba mẹ có một kế hoạch để được bảo vệ. Nếu ba mẹ mình chưa có giải pháp bảo vệ sức khỏe, Ngọc Trần có thể cùng gia đình tìm một phương án phù hợp nhé. 🌷 📲Hotline : 0909 009 849 🏠 Địa chỉ: số 7 a Lam Sơn, phường Tân Sơn Hoà #NgọcTrầnBảoHiểm #BảoVệBaMẹ #SứcKhỏeGiaĐình #YêuThươngLàCóKếHoạch",0,0,0,0,0,,,0,0,0,0,0,0/0 (0%),Normal,
630,REVIEW BẢO HIỂM NHÂN THỌ,https://www.facebook.com/groups/296975261240447/posts/2248068512797769/,"🔥 KHÔNG MUỐN MUA BẢO HIỂM NHÂN THỌ, VẪN MUỐN CÓ BẢO HIỂM SỨC KHỎE CHO BÉ? Ba mẹ có con nhỏ, đặc biệt là bé sơ sinh, nên lưu lại gói này để tham khảo: Fuse Care – TechcomInsurance. Điểm Thủy đánh giá rất đáng chú ý là bé có thể tham gia độc lập từ 15 ngày tuổi, không bắt buộc phải tham gia kèm bảo hiểm nhân thọ. ✨ Vì sao Fuse Care đáng để ba mẹ cân nhắc? • Bé tham gia độc lập từ 15 ngày tuổi • Nội trú tùy chương trình lên đến 400 triệu • Ngoại trú lên đến 40 triệu • Tiền phòng lên đến 6 triệu/ngày • Phẫu thuật lên đến 400 triệu ⏰ Thời gian chờ khá dễ nhớ: • Bệnh thông thường: 30 ngày • Bệnh hô hấp: 60 ngày • Bệnh đặc biệt/bệnh có sẵn: 1 năm 🏥 Về chi trả: • Bệnh viện công: đến 100% hạn mức theo điều kiện chương trình • Bệnh viện tư/khoa dịch vụ: đồng chi trả 80/20 • Có thể bảo lãnh viện phí hoặc gửi hồ sơ yêu cầu bồi thường qua app Đặc biệt, theo chương trình áp dụng, nếu bé tham gia cùng bố/mẹ có thể được chi trả 100% tại bệnh viện theo điều kiện quyền lợi. 👉 Đây là một lựa chọn khá hiếm và đáng tham khảo với ba mẹ đang tìm bảo hiểm sức khỏe độc lập cho bé sơ sinh, đặc biệt là gia đình chưa muốn tham gia bảo hiểm nhân thọ nhưng vẫn muốn chuẩn bị nội trú – ngoại trú cho con từ sớm. Thủy lưu ý: quyền lợi thực tế còn phụ thuộc chương trình, hồ sơ sức khỏe, thời gian chờ và điều khoản bảo hiểm. Vì vậy đừng chỉ nhìn vào mức phí — cần xem tuổi bé + tiền sử bệnh + bệnh viện thường sử dụng + nhu cầu nội/ngoại trú. 📩 Ba mẹ muốn Thủy tính phí đúng theo tuổi của bé và so sánh các gói phù hợp, INBOX NGAY Thủy sẽ phân tích rõ ưu – nhược điểm trước khi gia đình quyết định. Lệ Thủy Bảo Hiểm | Giám đốc Ban Kinh Doanh TOT 2026 | Top 0,1% tư vấn tài chính xuất sắc toàn cầu 📲 Zalo tư vấn: 0971 093 368 📍 Văn phòng: Tòa nhà 7A Lam Sơn, P.2, Q. Tân Bình, TP.HCM (gần sân bay Tân Sơn Nhất) #baohiemchobe #baohiemsuckhoechobe #baohiemchobesosinh #FuseCare #lethuybaohiem",0,0,0,0,0,,,0,0,0,0,0,0/0 (0%),Normal,
631,REVIEW BẢO HIỂM NHÂN THỌ,https://www.facebook.com/groups/296975261240447/posts/2248112502793370/,Khi bạn còn đang phân vân thì các khách khác đã được Gen bảo vệ và thanh toán hàng trăm triệu đồng,1,1,0,0,0,,,0,0,0,0,0,0/0 (0%),Normal,
632,REVIEW BẢO HIỂM NHÂN THỌ,https://www.facebook.com/groups/296975261240447/posts/2248116486126305/,"Xin phép BQT! 🎥 SJCAM SJ20 Dual Lens – Camera hành động & Camera hành trình quay đêm vượt trội ✅ 2 ống kính ngày & đêm – ghi hình rõ nét trong cả điều kiện thiếu sáng. ✅ Quay video 4K, chụp ảnh 20MP, màu sắc chân thực, chi tiết sắc nét. ✅ Chống rung 6 trục Gyro cho video mượt mà khi di chuyển. ✅ Dash Cam Mode + Loop Recording – sử dụng như camera hành trình cho ô tô, xe máy. ✅ Màn hình kép, hỗ trợ Livestream, Webcam, Time-lapse, Slow Motion, kết nối Wi-Fi 2.4/5GHz. 📌 Lựa chọn lý tưởng cho phượt, moto, xe đạp, ô tô, câu cá, du lịch, Vlog, POV, TikTok và Livestream. 📞 GMARK – Hotline/Zalo: 0916 433 486 #SJCAM #SJ20 #DualLens #CameraHanhDong #CameraHanhTrinh #Camera4K #QuayDem #POV #Vlog #Livestream #Moto #XeDap #DuLich #Gmark",0,0,0,0,0,,,0,0,0,0,0,0/0 (0%),Normal,
633,REVIEW BẢO HIỂM NHÂN THỌ,https://www.facebook.com/groups/296975261240447/posts/2248533912751229/,Khi nào tiền làm việc cho mình?,0,0,0,0,0,,,0,0,0,0,0,0/0 (0%),Normal,
634,REVIEW BẢO HIỂM NHÂN THỌ,https://www.facebook.com/groups/296975261240447/posts/2248601196077834/,"NẾU NGÀY MAI… Nguồn thu nhập chính của gia đình đột ngột bị tạm dừng, bạn nghĩ khoản tiền tiết kiệm hiện có sẽ đủ để cả nhà sống được bao lâu? 1 tháng? 3 tháng? Hay 1 năm? Đừng chỉ hỏi: “Mỗi tháng mình kiếm được bao nhiêu?” Hãy thử hỏi thêm: “Nếu không kiếm được nữa, mình trụ được bao lâu?” Đôi khi, điều đáng sợ không phải là kiếm ít tiền… mà là chưa kịp chuẩn bị cho một ngày không thể kiếm tiền.",0,0,0,0,0,,,0,0,0,0,0,0/0 (0%),Normal,
635,REVIEW BẢO HIỂM NHÂN THỌ,https://www.facebook.com/groups/296975261240447/posts/2248683219402965/,Góc Tuyển nhân viên...! Lương Hấp dẫn Nhiều đãi ngộ Chủ Động được Thời Gian.,0,0,0,0,0,,,0,0,0,0,0,0/0 (0%),Normal,
636,REVIEW BẢO HIỂM NHÂN THỌ,https://www.facebook.com/groups/296975261240447/posts/2248696466068307/,,0,0,0,0,0,,,0,0,0,0,0,0/0 (0%),Normal,
637,REVIEW BẢO HIỂM NHÂN THỌ,https://www.facebook.com/groups/296975261240447/posts/2248979332706687/,"CHÀO MỪNG NĂM HỌC MỚI 2026 – 2027 | CỘNG HƯỞNG ĐIỀU HAY Mỗi năm học mới mở ra một hành trình mới, nơi những bài học không chỉ có trong trang sách mà còn đến từ những điều hay trong cuộc sống, từ những việc rất nhỏ: 💬 Một lời động viên để thêm tự tin. 🏃 Một giờ chơi để cùng vận động. 🥗 Một bữa ăn lành mạnh để lớn khôn. 💚 Một sự sẻ chia để tâm hồn thêm khỏe mạnh. Những điều hay ấy khi được trao đi và tiếp nối mỗi ngày sẽ cộng hưởng thành một điều lớn hơn, góp phần xây dựng môi trường học đường khỏe mạnh, hạnh phúc và đầy cảm hứng để các em lớn khôn. Đó cũng chính là tinh thần Cộng Hưởng Điều Hay mà AIA muốn gửi đến quý nhà trường, quý thầy cô và các em học sinh nhân dịp tựu trường năm học mới 2026 – 2027. Hãy bắt đầu ngày hôm nay tham gia Bảo Hiểm Liên Kết Chung Vững Tương Lai để tích lũy xây dựng tương lai cho các bé thành đạt sau này. Inbox để được tư vấn về sản phẩm. #AIA #AOB #Chaomungnamhocmoi2026",0,0,0,0,0,,,0,0,0,0,0,0/0 (0%),Normal,
638,REVIEW BẢO HIỂM NHÂN THỌ,https://www.facebook.com/groups/296975261240447/posts/2249017519369535/,Đừng chờ có nhiều tiền mới đầu tư!,0,0,0,0,0,,,0,0,0,0,0,0/0 (0%),Normal,
639,REVIEW BẢO HIỂM NHÂN THỌ,https://www.facebook.com/groups/296975261240447/posts/2249316566006297/,Mức đóng BHYT hộ gia đình ai cũng nên biết ạ,0,0,0,0,0,,,0,0,0,0,0,0/0 (0%),Normal,
640,REVIEW BẢO HIỂM NHÂN THỌ,https://www.facebook.com/groups/296975261240447/posts/2249622635975690/,"❗ NẾU ĐÃ DỰ ĐỊNH MUA BẢO HIỂM TRONG NĂM 2026, CÓ MỘT LÝ DO ĐỂ MÌNH CÂN NHẮC THỜI ĐIỂM THAM GIA. Không phải vì mua bảo hiểm để lấy quà. Mà bởi nếu nhu cầu bảo vệ đã có sẵn, thì trong giai đoạn này, hợp đồng đủ điều kiện còn có thêm cơ hội tham gia chương trình quay số kỷ niệm 20 năm Dai-ichi Life. 🎯 20 TRIỆU ĐỒNG PHÍ THỰC ĐÓNG KỲ ĐẦU = 01 MÃ DỰ THƯỞNG. Với 2.000 giải thưởng, tổng giá trị gần 12 tỷ đồng, nổi bật có: 🚘 Mazda CX-8 🛵 SH Mode 125 📱 iPhone 17 Pro 256GB Thủy vẫn giữ nguyên nguyên tắc khi tư vấn: Bảo hiểm phải phù hợp nhu cầu và khả năng tài chính trước. Quà tặng hay mã dự thưởng chỉ là niềm vui cộng thêm. Ai đang tìm hiểu bảo hiểm nhân thọ Dai-ichi, bảo hiểm sức khỏe, bảo hiểm cho con hoặc giải pháp bảo vệ tài chính gia đình, có thể nhắn Thủy để được phân tích kỹ trước khi quyết định. ❤️ Lệ Thủy Bảo Hiểm | Giám đốc Ban Kinh Doanh TOT 2026 | Top 0,1% tư vấn tài chính xuất sắc toàn cầu 📲 Zalo tư vấn: 0971 093 368 📍 Văn phòng: Tòa nhà 7A Lam Sơn, TP.HCM #BaoHiemNhanTho #DaiichiLife #BaoHiemSucKhoe #TuVanBaoHiem #LeThuyBaoHiem",0,0,0,0,0,,,0,0,0,0,0,0/0 (0%),Normal,
641,REVIEW BẢO HIỂM NHÂN THỌ,https://www.facebook.com/groups/296975261240447/posts/2249685002636120/,,0,0,0,0,0,,,0,0,0,0,0,0/0 (0%),Normal,
642,REVIEW BẢO HIỂM NHÂN THỌ,https://www.facebook.com/groups/296975261240447/posts/2249791802625440/,"Bài 21: Trước khi mua bảo hiểm, hãy nhớ việc này! #dinhthichinh #baohiemnhanthoaia #giadinh #cuocsong",0,0,0,0,0,,,0,0,0,0,0,0/0 (0%),Normal,
643,REVIEW BẢO HIỂM NHÂN THỌ,https://www.facebook.com/groups/296975261240447/posts/2249850272619593/,Gãy xương nhưng bảo hiểm từ chối 165 triệu ? Cùng xem cách Hưng hỗ trợ KH lấy lại 165 triệu nhé #viralvideo #baohiemtainan #baohiemnhantho #hotrokhachhang,0,0,0,0,0,,,0,0,0,0,0,0/0 (0%),Normal,
644,REVIEW BẢO HIỂM NHÂN THỌ,https://www.facebook.com/groups/296975261240447/posts/2249852789286008/,"12 TRIỆU/THÁNG – CƠ HỘI BỨT PHÁ BẢN THÂN ĐANG GỌI TÊN BẠN! 🚨 Bạn muốn nhiều hơn một công việc chỉ đủ sống? Hãy đến với chúng tôi. Nếu bạn muốn thu nhập tốt hơn, môi trường tốt hơn và một lộ trình sự nghiệp rõ ràng hơn — hãy đọc tiếp! 👇 🔥 AIA TUYỂN CHUYÊN VIÊN TƯ VẤN 💰 HỖ TRỢ KINH DOANH: 12.000.000 VNĐ/THÁNG 💎 THU NHẬP KHÔNG GIỚI HẠN theo kết quả kinh doanh 🎓 ĐƯỢC ĐÀO TẠO TỪ A–Z – chưa có kinh nghiệm vẫn có thể bắt đầu 🤝 Làm việc trong môi trường trẻ – năng động – chuyên nghiệp 🚀 Lộ trình thăng tiến rõ ràng: Chuyên viên → Trưởng nhóm → Quản lý ✨ Bạn sẽ nhận được gì? ✔️ Một nghề nghiệp có thể phát triển lâu dài ✔️ Kỹ năng giao tiếp, tư vấn và xây dựng mối quan hệ ✔️ Cơ hội nâng cao thu nhập theo chính năng lực của mình ✔️ Được đồng hành và đào tạo trong suốt quá trình làm việc 🔥 ĐỪNG CHỈ ĐI TÌM MỘT CÔNG VIỆC — HÃY TÌM MỘT NƠI CÓ THỂ GIÚP BẠN PHÁT TRIỂN. 📍 Địa điểm: Tầng 11, Lotte Liễu Giai, Hà Nội 📞 Liên hệ/Zalo: 0977 548 145 👉 Nếu bạn đang muốn bứt phá trong năm 2026, inbox hoặc gọi ngay. Một cuộc gọi hôm nay có thể mở ra một hướng đi hoàn toàn khác cho bạn. 🚀",0,0,0,0,0,,,0,0,0,0,0,0/0 (0%),Normal,
645,REVIEW BẢO HIỂM NHÂN THỌ,https://www.facebook.com/groups/296975261240447/posts/2249888692615751/,3 bước tự do tài chính!,0,0,0,0,0,,,0,0,0,0,0,0/0 (0%),Normal,
646,REVIEW BẢO HIỂM NHÂN THỌ,https://www.facebook.com/groups/296975261240447/posts/2250223362582284/,"𝐌𝐨̣̂𝐭 𝐥𝐮̛̣𝐚 𝐜𝐡𝐨̣𝐧 𝐜𝐨́ 𝐭𝐡𝐞̂̉ đ𝐨̂̉𝐢 𝐡𝐮̛𝐨̛́𝐧𝐠 𝐜𝐮𝐨̣̂𝐜 đ𝐨̛̀𝐢 Có những công việc chúng ta chọn vì đã định sẵn từ đầu. Nhưng cũng có những công việc ban đầu chỉ bắt đầu bằng một câu rất đơn giản: “Hay là mình thử xem sao?” Tôi đã gặp rất nhiều người đến với nghề bảo hiểm bằng một cái duyên như thế. Có người đang là giáo viên. Có người đang làm văn phòng. Có người vừa ra trường. Có người từng kinh doanh, từng làm quản lý ở một lĩnh vực hoàn toàn khác. Không phải ai cũng nghĩ ngay rằng mình sẽ gắn bó lâu dài. Nhưng có một điểm chung là họ đã cho bản thân cơ hội thử một cách nghiêm túc, thay vì đứng ngoài và phán đoán nghề này có hợp với mình hay không. Bản thân tôi cũng vậy. Trước khi làm bảo hiểm, tôi đã có hơn 10 năm làm việc trong môi trường doanh nghiệp. Nếu ngày ấy tôi không thử bước sang một con đường mới thì chắc tôi cũng không biết mình có thể làm được những gì trong 10 năm sau đó, và không biết được thế giới bên ngoài rộng lớn thú vị như nào. Nhiều khi một lựa chọn không cần phải bắt đầu bằng một quyết định quá lớn. Chỉ cần bắt đầu bằng câu: “Nếu tôi thử nghiêm túc, tôi có thể đi được đến đâu? Đã từ bao lâu,bạn chưa có suy nghĩ muốn có 1 thay đổi nho nhỏ cho cuộc sống? #Chuyện_Nghề_Chuyện_Người",1,1,0,0,0,,,0,0,0,0,0,0/0 (0%),Normal,
647,REVIEW BẢO HIỂM NHÂN THỌ,https://www.facebook.com/groups/296975261240447/posts/2250278555910098/,"GIÁ TRỊ CỦA BẢO HIỂM… ĐÔI KHI KHÔNG NẰM Ở SỐ TIỀN NHẬN ĐƯỢC ❤️ Có một câu hỏi mình thường nghe: “Nếu chẳng may có chuyện, bảo hiểm sẽ chi trả cho gia đình bao nhiêu?” Đó là một câu hỏi rất thực tế. Nhưng sau nhiều năm làm nghề, mình nhận ra… Giá trị của bảo hiểm đôi khi không nằm ở con số gia đình nhận được, mà nằm ở những điều gia đình không phải từ bỏ khi biến cố xảy ra. Nếu một người cha chẳng may không còn khả năng lao động… Có thể số tiền bảo hiểm không thể làm nỗi đau của gia đình biến mất. Nhưng nó có thể giúp con không phải nghỉ học giữa chừng. Giúp người vợ không phải vội vàng bán căn nhà đang ở. Giúp gia đình không phải từ bỏ những kế hoạch đã dành nhiều năm để vun đắp. Giúp cha mẹ già vẫn có thể được chăm sóc. Và quan trọng hơn… Giúp những người ở lại có thêm thời gian để đau buồn, chữa lành và sắp xếp lại cuộc sống, thay vì ngay lập tức phải chạy đi tìm cách giải quyết những áp lực tài chính. Bởi khi biến cố xảy ra, thứ mất đi đôi khi không chỉ là sức khỏe hay thu nhập. Mà còn là những lựa chọn. Một gia đình có thể buộc phải bán nhà. Một đứa trẻ có thể phải thay đổi việc học. Một người mẹ có thể phải gác lại ước mơ của mình. Một kế hoạch tương lai có thể phải dừng lại… Không ai muốn những điều đó xảy ra. Và cũng chẳng ai mua bảo hiểm vì mong một ngày mình gặp biến cố. Mình chuẩn bị khi mọi thứ còn bình yên, để nếu một ngày cuộc sống không còn bình yên như trước, gia đình vẫn có thêm một lựa chọn. Vậy nên, đừng chỉ hỏi: “Bảo hiểm chi trả được bao nhiêu?” Hãy thử hỏi thêm: “Nếu một ngày biến cố xảy ra, khoản tiền ấy sẽ giúp gia đình mình giữ lại được điều gì?” Có thể là căn nhà. Có thể là việc học của con. Có thể là những năm tháng chăm sóc cha mẹ. Có thể là một cuộc sống không phải bắt đầu lại từ con số 0. Và đôi khi… Đó mới chính là giá trị lớn nhất của một kế hoạch bảo vệ. 🌱 Không phải để làm cho biến cố biến mất. Mà để những người mình yêu thương không phải từ bỏ quá nhiều thứ chỉ vì một biến cố mà không ai mong muốn. #HằngLê_Manulife #Quangiataichinh #BảoVệGiaĐình #GiáTrịCủaBảoHiểm #YêuThươngLàChuẩnBị",0,0,0,0,0,,,0,0,0,0,0,0/0 (0%),Normal,
648,REVIEW BẢO HIỂM NHÂN THỌ,https://www.facebook.com/groups/296975261240447/posts/2250280115909942/,"Ôi, tiền đâu mà mua bảo hiểm?” Câu này mình nghe rất nhiều. Nhưng đôi khi, thứ chúng ta nên hỏi lại là: “Nếu một ngày phải nằm viện, mình có bao nhiêu tiền để trả?” Nhìn 2 hóa đơn này sẽ thấy: 👶 Một ca điều trị của em bé: 33,8 triệu đồng BHYT thanh toán hơn 4,3 triệu. 🏥 Một ca điều trị khác: tổng viện phí lên tới 144,3 triệu đồng BHYT thanh toán khoảng 59 triệu. Tiền mua bảo hiểm, mỗi tháng có thể chỉ là một khoản mình phải cân nhắc. Nhưng khi biến cố xảy ra, hóa đơn bệnh viện không hỏi mình có đủ tiền hay không. Có những khoản phí hôm nay mình thấy “đắt”… Nhưng đến lúc cần dùng mới hiểu: Thứ đắt nhất không phải là phí bảo hiểm. Mà là lúc có bệnh rồi mới ước: “Giá như mình chuẩn bị sớm hơn…” Vân – TVV Dai-ichi 📞 0764 368 513 #VanTVVDaiichi #DaiichiLife #BaoHiemNhanTho #BaoHiemSucKhoe #BaoVeTaiChinh #ChuDongChoTuongLai",0,0,0,0,0,,,0,0,0,0,0,0/0 (0%),Normal,
649,REVIEW BẢO HIỂM NHÂN THỌ,https://www.facebook.com/groups/296975261240447/posts/2250425729228714/,"BẢO HIỂM NHÂN THỌ – NÊN CHUẨN BỊ KHI MÌNH CÒN KHỎE ❤️ Nhiều người thường nghĩ: “Đợi khi nào có tiền rồi tham gia.” “Đợi khi nào lớn tuổi hơn.” “Đợi khi nào sức khỏe có vấn đề thì mua…” Nhưng có một điều rất thật: bảo hiểm thường cần được chuẩn bị từ lúc chúng ta còn khỏe mạnh. Bởi khi còn khỏe, chúng ta có nhiều cơ hội lựa chọn hơn. Khi còn trẻ, chi phí bảo vệ thường dễ cân đối hơn. Và quan trọng nhất, chúng ta có thể chủ động chuẩn bị trước cho những điều không ai biết chắc ngày mai sẽ xảy ra chuyện gì. 💚 Bảo hiểm không phải vì chúng ta nghĩ mình sẽ gặp rủi ro. Mà vì chúng ta yêu thương gia đình đủ nhiều để chuẩn bị trước nếu chẳng may rủi ro đến. Đừng chờ đến khi sức khỏe không còn tốt mới nghĩ: “Giá như mình tham gia sớm hơn…” Hôm nay còn khỏe, còn làm việc, còn có thu nhập — đó chính là lúc thích hợp để dành một phần nhỏ cho sự bảo vệ dài lâu. Bảo vệ bản thân hôm nay – để ngày mai gia đình vẫn có điểm tựa. Thảo Generali – đồng hành cùng bạn trong hành trình chuẩn bị tài chính và bảo vệ tương lai. ❤️ #BaoHiemNhanTho #Generali #BaoVeTuSom #ChuDongChoTuongLai #ThaoGeneraliNếu",0,0,0,0,0,,,0,0,0,0,0,0/0 (0%),Normal,
650,REVIEW BẢO HIỂM NHÂN THỌ,https://www.facebook.com/groups/296975261240447/posts/2250443665893587/,,1,1,0,0,2,life_general,Trung lap,0,2,0,0,0,0/2 (0.0%),Normal,
651,REVIEW BẢO HIỂM NHÂN THỌ,https://www.facebook.com/groups/296975261240447/posts/2250451552559465/,"💕 VÌ SAO BẢO HIỂM THAI SẢN DAI-ICHI VẪN LUÔN ĐƯỢC NHIỀU MẸ ƯU TIÊN? Mang thai là hành trình dài, nên một gói bảo hiểm tốt không chỉ cần hỗ trợ chi phí lúc đi sinh, mà còn cần đồng hành với mẹ và bé lâu dài từ những ngày đầu tiên. Các điểm mạnh của thai sản Daiichi mà mẹ có thể tham khảo: - An tâm tái tục năm 2 – duy trì quyền lợi và mức phí theo điều kiện chương trình. - Chi trả 100% chi phí hợp lệ tại các bệnh viện, tiền giường lên đến 6 triệu/ngày. - Nhân đôi hạn mức thai sản khi sinh đôi 👶🏻👶🏻 - Khám thai lên đến 6 triệu, thời gian chờ chỉ 90 ngày. - Đặc biệt, mẹ có thể kết hợp xây dựng quỹ y tế dự phòng cho cả mẹ và bé ngay từ thai kỳ – để sau khi con chào đời, có thể chuẩn bị phương án bảo vệ cho bé từ 30 ngày tuổi. ❤️ Không chỉ chuẩn bị cho một lần đi sinh, mà là chuẩn bị một kế hoạch để mẹ an tâm thai kỳ – bé có nền tảng bảo vệ từ những ngày đầu đời. 📩 Mẹ nào đang có kế hoạch thả bầu hoặc chuẩn bị IVF, inbox Vy để được tính phương án phù hợp với bệnh viện dự sinh và ngân sách nhé! Thông tin liên hệ: 📲 Zalo: 0767 1343 86 📍 Toà nhà 7A Lam Sơn, P. Tân Sơn Hoà, TP.HCM #baohiemthaisan #mebauthongthai #suckhoemevabe #baohiemsuckhoe #HoangVyBaoHiem",0,0,0,0,0,,,0,0,0,0,0,0/0 (0%),Normal,
652,REVIEW BẢO HIỂM NHÂN THỌ,https://www.facebook.com/groups/296975261240447/posts/2250462635891690/,"Luôn thiết kế các giải pháp phù hợp nhất với khách hàng Giải đáp mọi thắc mắc. Mong khách hàng có hợp đồng bảo hiểm của riêng mình nhưng yên tâm và hiểu rõ quyền lợi của mình nhất có thể☘️ Hợp đồng bảo hiểm là lâu dài nên Lan muốn mọi người an tâm với ""chiếc áo"" của chính mình.",0,0,0,0,0,,,0,0,0,0,0,0/0 (0%),Normal,
653,REVIEW BẢO HIỂM NHÂN THỌ,https://www.facebook.com/groups/296975261240447/posts/2250468329224454/,"“ỦA, CÓ BẢO HIỂM RỒI MÀ VÀO VIỆN VẪN PHẢI TỰ TRẢ TIỀN?” 😳 Nếu rơi vào tình huống này, anh chị có nghĩ ngay là bảo hiểm không chịu chi trả không? Đây là chỗ rất dễ hiểu nhầm. Nhận thông báo không bảo lãnh viện phí, điều mình cần làm trước tiên là hỏi rõ lý do. Clip này Kiệt nói về 3 lý do thường gặp. Có trường hợp hồ sơ vẫn có thể được xem xét chi trả sau đó; cũng có trường hợp chi phí thuộc điều khoản loại trừ. Anh chị dành hơn 1 phút xem nhé. Hiểu rõ từ trước sẽ đỡ hoang mang khi mình hoặc người nhà cần nằm viện. Anh chị từng gặp tình huống không được bảo lãnh viện phí chưa? Kể Kiệt nghe dưới bình luận nhé 👇",0,0,0,0,0,,,0,0,0,0,0,0/0 (0%),Normal,
654,REVIEW BẢO HIỂM NHÂN THỌ,https://www.facebook.com/groups/296975261240447/posts/2250482845889669/,"bh oto, bh xe máy. Bhyt Anh chị e hết hạn ib e ghi cho nhen",0,0,0,0,0,,,0,0,0,0,0,0/0 (0%),Normal,
655,REVIEW BẢO HIỂM NHÂN THỌ,https://www.facebook.com/groups/296975261240447/posts/2250523782552242/,"🔥 CẬP NHẬT NHU CẦU KHÁCH HÀNG 📍 Hà Nội: 8 khách 📍 TP.HCM: 10 khách 📍 Bình Dương: 6 khách 📍 Đồng Nai: 5 khách 📍 Hải Phòng: 4 khách 🎯 Nhu cầu chủ yếu: Bảo hiểm nhân thọ • Sức khỏe • Bảo vệ gia đình • Tích lũy cho con Bên mình làm việc trên nguyên tắc rõ ràng và hợp tác lâu dài. Anh/chị thực sự cần nguồn khách hàng thì inbox để trao đổi. Nếu chưa tin tưởng hoặc chỉ muốn hỏi thử, vui lòng không liên hệ để tránh mất thời gian của cả hai bên. 🤝",0,0,0,0,0,,,0,0,0,0,0,0/0 (0%),Normal,
656,REVIEW BẢO HIỂM NHÂN THỌ,https://www.facebook.com/groups/296975261240447/posts/2250524292552191/,"🔥 CẬP NHẬT NHU CẦU KHÁCH HÀNG 📍 Hà Nội: 8 khách 📍 TP.HCM: 10 khách 📍 Bình Dương: 6 khách 📍 Đồng Nai: 5 khách 📍 Hải Phòng: 4 khách 🎯 Nhu cầu chủ yếu: Bảo hiểm nhân thọ • Sức khỏe • Bảo vệ gia đình • Tích lũy cho con Bên mình làm việc trên nguyên tắc rõ ràng và hợp tác lâu dài. Anh/chị thực sự cần nguồn khách hàng thì inbox để trao đổi. Nếu chưa tin tưởng hoặc chỉ muốn hỏi thử, vui lòng không liên hệ để tránh mất thời gian của cả hai bên. 🤝",0,0,0,0,0,,,0,0,0,0,0,0/0 (0%),Normal,
657,REVIEW BẢO HIỂM NHÂN THỌ,https://www.facebook.com/groups/296975261240447/posts/2250548949216392/,"💙 BÉ NHẬP VIỆN 3 NGÀY – NHẬN CHI TRẢ HƠN 11 TRIỆU ĐỒNG 💙 Một ca thực tế khi bé được chẩn đoán RSV, phải nhập viện điều trị tại AIH. Chỉ sau khi hoàn tất hồ sơ, khách hàng nhận được 2 khoản chi trả, tổng cộng 11.096.710 đồng 🥰 ✨ Có thẻ sức khỏe, ba mẹ thêm một phần an tâm khi con chẳng may ốm bệnh: ✅ Hỗ trợ chi phí điều trị nội trú ✅ Hệ thống chi trả rộng ✅ Hỗ trợ giải quyết quyền lợi nhanh chóng ✅ Cam kết tái tục thẻ sức khỏe 👉 Bảo hiểm không làm bé ít bệnh hơn, nhưng giúp ba mẹ bớt áp lực tài chính khi con cần điều trị. Ba mẹ nào đang quan tâm bảo hiểm sức khỏe cho bé, cứ nhắn Châu để được tư vấn gói phù hợp nhé! 💌 ----------------------------- 𝐍𝐡𝐚̣̂𝐧 𝐭𝐮̛ 𝐯𝐚̂́𝐧 𝐠𝐢𝐚̉𝐢 𝐩𝐡𝐚́𝐩 𝐁𝐚̉𝐨 𝐇𝐢𝐞̂̉𝐦 𝐭𝐫𝐞̂𝐧 𝐭𝐨𝐚̀𝐧 𝐪𝐮𝐨̂́𝐜 𝙼𝚘̣𝚒 c𝚑𝚒 𝚝𝚒𝚎̂́𝚝 𝚡𝚒𝚗 𝚕𝚒𝚎̂𝚗 𝚑𝚎̣̂: Hồng Châu ☎️𝐇𝐨𝐭𝐥𝐢𝐧𝐞 0936532784 𝐓𝐮̛ 𝐕𝐚̂́𝐧 𝐓𝐚̣̂𝐧 𝐓𝐚̂𝐦 📧𝐄𝐦𝐚𝐢𝐥: vothihongchau1991@gmail.com #hongchaubaohiem #baohiemchitranhanh #hongchaubaohiemthaisan #thesuckhoechobe #baolanhvienphi #tuvanbaohiemuytin #baohiemchogiadinh #baohiemuytin #baohiemtotnhat #baohiemdaiichi #thesuckhoedivien0đ",0,0,0,0,0,,,0,0,0,0,0,0/0 (0%),Normal,
658,REVIEW BẢO HIỂM NHÂN THỌ,https://www.facebook.com/groups/296975261240447/posts/2250572999213987/,Mọi người cho hỏi mình có mua bảo hiểm cho con vào tháng 4. Và đợt tháng 7 con mình có nhập viện chẩn đoán viêm tiểu phế quản. Khi mình nộp yêu cầu bồi thường thì cty k chi trả. Lý do là tháng 3 con mình có đến bv khám và bs cũng chẩn đoán viêm tiểu phế quản. Nhưng lúc trả lời bảng câu hỏi thì mình thật sự không nhớ đến đợt khám ở bv. Vì bé chỉ bị ho khò khè cho thuốc uống rồi về. Bên bh trả lời do con mình mới bị bệnh trước khi mua bh 1 tháng nên k chi trả. Vậy trường hợp của mình có thể khiếu nại đc k ạ? Mong được giải đáp.,9,9,0,0,10,unknown,Trung lap,0,11,0,1,0,0/11 (0.0%),Normal,
659,REVIEW BẢO HIỂM NHÂN THỌ,https://www.facebook.com/groups/296975261240447/posts/2250771085860845/,Bảo hiểm dân sự 279k (xe 5 chỗ biển trắng) Bảo hiểm Thân vỏ tuỳ dòng xe và đời xe ( có BH Pin cả khi Pin tổn thất riêng ) Nhận BH trước ck sau 0968.729.615 ZL Em ạ📞🙂|,0,0,0,0,0,,,0,0,0,0,0,0/0 (0%),Normal,
660,REVIEW BẢO HIỂM NHÂN THỌ,https://www.facebook.com/groups/296975261240447/posts/2251140862490534/,"BẢO HIỂM NHÂN THỌ LÀ BẢO VỆ – VẬY HÃY ĐỂ HAI CHỮ “BẢO VỆ” ĐƯỢC ĐẶT ĐÚNG VỊ TRÍ. Làm bảo hiểm lâu năm, tôi càng hiểu một điều: Khách hàng không cần những lời quảng cáo thật hay. Điều họ cần nhất là khi rủi ro xảy ra, những gì đã cam kết trong hợp đồng phải được thực hiện đúng và công bằng. Muốn nói đến hai chữ NHÂN VĂN, theo tôi trước hết bảo hiểm phải trở về đúng bản chất của nó. 👉 THẨM ĐỊNH ĐÚNG RỦI RO: Dựa trên hồ sơ, chứng cứ và tình trạng thực tế của khách hàng. 👉 LOẠI TRỪ ĐÚNG PHẠM VI: Bệnh ở đâu, mức độ nào thì đánh giá đúng ở đó. Không nên dùng những cụm từ quá rộng khiến phạm vi bảo vệ của khách hàng bị thu hẹp không cần thiết. 👉 GIẢI QUYẾT QUYỀN LỢI ĐÚNG ĐIỀU KHOẢN: Minh bạch, có căn cứ và nhất quán. Quyền lợi nào khách hàng được hưởng theo hợp đồng thì cần được thực hiện đúng cam kết. Và cũng đừng quên: TƯ VẤN VIÊN chính là cầu nối giữa doanh nghiệp và khách hàng. Một bộ phận thẩm định và Claim chuyên nghiệp không chỉ bảo vệ quyền lợi khách hàng, mà còn bảo vệ uy tín của chính doanh nghiệp và niềm tin của những người đang làm nghề. Công bằng phải đến từ cả ba phía: KHÁCH HÀNG TRUNG THỰC – TƯ VẤN VIÊN CÓ TRÁCH NHIỆM – DOANH NGHIỆP THẨM ĐỊNH VÀ GIẢI QUYẾT QUYỀN LỢI CÔNG BẰNG. Bảo hiểm không thể ngăn bệnh tật hay tai nạn xảy ra. Nhưng bảo hiểm có thể giúp một gia đình không phải đơn độc gánh hậu quả tài chính khi rủi ro",3,3,0,0,0,,,0,0,0,0,0,0/0 (0%),Normal,
661,REVIEW BẢO HIỂM NHÂN THỌ,https://www.facebook.com/groups/296975261240447/posts/2251298455808108/,"✨ **BẢO BỆNH TOÀN DIỆN - TỰ TIN SỐNG KHỎE CÙNG FUBON CUL02!** ✨ Bạn đang tìm kiếm một giải pháp tài chính vừa bảo vệ sức khỏe toàn diện cho cả gia đình, vừa là ""ống heo"" tích lũy an toàn cho tương lai? Sản phẩm **Bảo hiểm Liên kết Chung CUL02 (Fubon - Cát Tường Như Ý)** từ Fubon Life Việt Nam chính là tấm lá chắn tối ưu dành cho bạn! **Tại sao CUL02 lại là lựa chọn hàng đầu của mọi gia đình?** * **Bảo vệ trọn đời - Chi trả đa dạng:** Bảo vệ tài chính gia đình trước các rủi ro lớn như Tử vong hoặc Thương tật toàn bộ vĩnh viễn (TTTBVV). * **Quyền lợi Gia tăng vượt trội:** Hỗ trợ chi phí y tế, tai nạn và các bệnh lý nghiêm trọng với hạn mức tối ưu. * **Lãi suất đầu tư hấp dẫn:** Số tiền của bạn không ""đứng yên"" mà liên tục tăng trưởng nhờ lãi suất cam kết từ Hợp đồng Liên kết chung. * **Linh hoạt đóng phí:** Dễ dàng điều chỉnh kế hoạch tài chính, rút tiền hoặc tăng/giảm số tiền bảo hiểm theo từng giai đoạn cuộc sống. * **Thưởng duy trì hợp đồng:** Nhận thêm các khoản thưởng hấp dẫn khi đồng hành dài hạn cùng Fubon Life. 👉 **Đừng để rủi ro làm gián đoạn những dự định tương lai.** Hãy chủ động xây dựng nền tảng tài chính vững chắc ngay hôm nay! 📩 **INBOX NGAY** cho em để được tư vấn miễn phí và thiết kế bảng minh họa dòng tiền chi tiết nhất phù hợp với ngân sách gia đình mình nhé! 📞 **Hotline/Zalo:** 032.6565.289 (em Tuấn) 🏢 **Fubon Life Việt Nam** - Đồng hành cùng bạn dựng xây tương lai.",0,0,0,0,0,,,0,0,0,0,0,0/0 (0%),Normal,
662,REVIEW BẢO HIỂM NHÂN THỌ,https://www.facebook.com/groups/296975261240447/posts/2251312702473350/,💥 LƯU Ý ĐẾN CÁC GIẤC MƠ 👉 ĐÓ CHÍNH LÀ ĐIỀM BÁO 😍 #CoGiaoNgan #tuduy #kinhdoanh #Giải_Mã_Ngày_Sinh #cuocsong #Thần_Số_Học #phattrienbanthan #xaykenh #xuhuong,0,0,0,0,0,,,0,0,0,0,0,0/0 (0%),Normal,
663,REVIEW BẢO HIỂM NHÂN THỌ,https://www.facebook.com/groups/296975261240447/posts/2251315869139700/,Inbox em tư vấn các gói: • Thẻ sức khoẻ • Bảo hiểm nhân thọ • Bảo hiểm ô tô • Bảo hiểm xe máy • Bảo hiểm cháy nổ • Bảo hiểm tai nạn • Bảo hiểm học vấn • Bảo hiểm hưu trí • Bảo hiểm sức khoẻ 📞 LH:0️⃣7️⃣0️⃣6️⃣.2️⃣0️⃣9️⃣.9️⃣5️⃣1️⃣ #TheSucKhoe #BaoHiemNhanTho #BaoHiemOto #BaoHiemXeMay #BaoHiemChayNo #BaoHiemTaiNan #BaoHiemHocVan #BaoHiemHuuTri #BaoHiemSucKhoe,0,0,0,0,0,,,0,0,0,0,0,0/0 (0%),Normal,
664,REVIEW BẢO HIỂM NHÂN THỌ,https://www.facebook.com/groups/296975261240447/posts/2251317952472825/,"🔥 **""BẢO HIỂM NHÂN THỌ – KHÔNG PHẢI VÌ AI ĐÓ SẮP MẤT ĐI, MÀ VÌ NHỮNG NGUỜI THÂN YÊU VẪN CẦN PHẢI SỐNG TỐT""** 🔥 🔥 **""BẢO HIỂM NHÂN THỌ – KHÔNG PHẢI VÌ AI ĐÓ SẮP MẤT ĐI, MÀ VÌ NHỮNG NGUỜI THÂN YÊU VẪN CẦN PHẢI SỐNG TỐT""** 🔥 Dù bạn là ai: 👨‍👩‍👧‍👦 **Cha mẹ** muốn chuẩn bị tương lai vững chắc cho con. 💼 **Người trẻ** muốn bảo vệ sức khỏe, chủ động tài chính trước rủi ro. 👵 **Người lớn tuổi** mong muốn hưu trí an nhàn, không trở thành gánh nặng của con cái. 👉 **Bảo hiểm nhân thọ Generali** chính là ""chiếc ô"" tài chính che chắn cho tất cả chúng ta trước những ""cơn mưa"" bất ngờ của cuộc sống! 🌟 **GIẢI PHÁP TOÀN DIỆN CHO MỌI GIA ĐÌNH:** * **Bảo vệ sức khỏe vượt trội:** Đỡ đần 100% viện phí, phẫu thuật, điều trị tại các bệnh viện hàng đầu. * **Tích lũy tài chính an toàn:** Tự do chủ động dòng tiền, xây dựng quỹ học vấn cho con hoặc quỹ hưu trí cho bản thân. * **Bảo vệ thu nhập gia đình:** Đảm bảo cuộc sống của những người thân yêu vẫn ổn định dù có bất kỳ biến cố nào xảy ra. 🎁 **ĐẶC QUYỀN ƯU ĐÃI THÁNG 9/2026 (01/09 - 30/09/2026):** Tặng ngay **20% - 30%** phí bảo hiểm sức khỏe (VITA - Sức Khỏe Vàng) khi tham gia hợp đồng mới. Mua sớm – Tiết kiệm nhiều! --- ❤️ Cần gì phải đợi đến khi ""có tuổi"" hay ""có biến cố"" mới tìm kiếm sự bảo vệ? 📞 **Liên hệ ngay Hotline / Zalo:** 0967.048.912 📩 **Inbox ngay** để nhận tư vấn và bảng minh họa quyền lợi miễn phí phù hợp nhất với điều kiện tài chính của bạn! #Generali #BaoHiemNhanTho #AnTamSongKhoe #TichLuyTaiChinh #BaoVeGiaDinh #VITASucKhoeVang",2,2,0,0,0,,,0,0,0,0,0,0/0 (0%),Normal,
665,REVIEW BẢO HIỂM NHÂN THỌ,https://www.facebook.com/groups/296975261240447/posts/2251327709138516/,"🌕 TRUNG THU ĐOÀN VIÊN – HOÀNG VY GỬI TẶNG KHÁCH HÀNG MÓN QUÀ YÊU THƯƠNG ❤️ Tết Trung Thu là dịp để trao gửi sự quan tâm, gắn kết và trân trọng những mối quan hệ đồng hành lâu dài ✨ 🎁 Khi tham gia hợp đồng Dai-ichi Life bất kỳ trong thời gian chương trình: 📅 07/09 – 20/09/2026 Khách hàng sẽ nhận ngay: 🥮 Hộp bánh Trung Thu cao cấp thay cho lời tri ân và lời chúc một mùa trăng thật ấm áp, hạnh phúc bên gia đình. 💛 Mỗi hợp đồng không chỉ là một kế hoạch bảo vệ tương lai, mà còn là sự đồng hành để Vy được chăm sóc khách hàng lâu dài hơn trên hành trình phía trước. 🎁 Số lượng quà tặng có hạn 📲 Liên hệ Vy để được tư vấn & giữ quà: Zalo: 0767 1343 86 📍 Toà nhà 7A Lam Sơn, P. Tân Sơn Hoà, TP.HCM #TrungThuDoanVien #TriAnKhachHang #DaiichiLife #BaoVeGiaDinh #HoangVyBaoHiem",0,0,0,0,0,,,0,0,0,0,0,0/0 (0%),Normal,
666,REVIEW BẢO HIỂM NHÂN THỌ,https://www.facebook.com/groups/296975261240447/posts/2251330035804950/,,0,0,0,0,0,,,0,0,0,0,0,0/0 (0%),Normal,
667,REVIEW BẢO HIỂM NHÂN THỌ,https://www.facebook.com/groups/296975261240447/posts/2251341869137100/,"TAI NẠN KHÔNG BÁO TRƯỚC NHƯNG CHI PHÍ ĐIỀU TRỊ CÓ THỂ ĐƯỢC CHUẨN BỊ TRƯỚC Một tai nạn xảy ra không chỉ để lại tổn thương cơ thể. Đi kèm với đó có thể là chi phí nằm viện, phẫu thuật, điều trị, phục hồi và áp lực tài chính cho cả gia đình. Với quyền lợi Bảo hiểm Chăm sóc điều trị sau tai nạn 24/7, khách hàng có thể được hỗ trợ theo nhiều nhóm quyền lợi: ✅ Tử vong / thương tật toàn bộ vĩnh viễn do tai nạn ✅ Thương tật bộ phận vĩnh viễn ✅ Gãy xương do tai nạn ✅ Bỏng do tai nạn ✅ Thương tật khác do tai nạn ✅ Hỗ trợ viện phí, ICU và phẫu thuật Ví dụ: Khách hàng tham gia số tiền bảo hiểm tai nạn 1 tỷ đồng. Không may bị tai nạn, phải nằm viện 7 ngày, có phẫu thuật gây mê, gãy xương đùi và gãy xương bả vai. Tổng quyền lợi hỗ trợ minh họa có thể lên tới: 102,1 triệu đồng Bảo hiểm không làm tai nạn biến mất. Nhưng có thể giúp gia đình bớt áp lực tài chính khi rủi ro xảy ra. Lưu ý: Quyền lợi chi trả thực tế căn cứ theo quy tắc, điều khoản sản phẩm và hồ sơ yêu cầu chi trả. ☎️ Tổng đài tư vấn miễn phí: 0868.439.286 #daiichi #baohiemtainan #baohiemnhantho",1,1,0,0,0,,,0,0,0,0,0,0/0 (0%),Normal,
668,REVIEW BẢO HIỂM NHÂN THỌ,https://www.facebook.com/groups/296975261240447/posts/2251368115801142/,📢 DAI-ICHI LIFE VIỆT NAM – CHI NHÁNH GREEN STAR PHẠM VĂN ĐỒNG TUYỂN DỤNG 💼 VỊ TRÍ: NHÂN VIÊN KINH DOANH: Full-time / Part-time 💰 THU NHẬP Full-time: Lương cứng 8.000.000đ/tháng+Hoa hồng + Thưởng tháng/quý Part-time: Lương cứng 4.000.000đ/tháng+Hoa hồng + Thưởng tháng/quý Thu nhập không giới hạn theo năng lực 🎯 YÊU CẦU Không yêu cầu kinh nghiệm Chấp nhận sinh viên hoặc người mới tốt nghiệp 📍 ĐỊA ĐIỂM LÀM VIỆC: Chi nhánh Green Star – Phạm Văn Đồng 📩 CÁCH THỨC ỨNG TUYỂN 👉 Inbox trực tiếp hoặc Zalo: 0862066965,1,1,0,0,0,,,0,0,0,0,0,0/0 (0%),Normal,
669,REVIEW BẢO HIỂM NHÂN THỌ,https://www.facebook.com/groups/296975261240447/posts/2251429845794969/,,0,0,0,0,0,,,0,0,0,0,0,0/0 (0%),Normal,
670,REVIEW BẢO HIỂM NHÂN THỌ,https://www.facebook.com/groups/296975261240447/posts/2251577079113579/,💥 MẸO XẢ XUI ĐÊM 30 ÂM LỊCH 😍 #CoGiaoNgan #tuduy #kinhdoanh #Giải_Mã_Ngày_Sinh #cuocsong #Thần_Số_Học #phattrienbanthan #xaykenh #xuhuong,0,0,0,0,0,,,0,0,0,0,0,0/0 (0%),Normal,
671,REVIEW BẢO HIỂM NHÂN THỌ,https://www.facebook.com/groups/296975261240447/posts/2251580362446584/,"Hạn mức 200 triệu/năm, nằm viện hết 20 triệu… sao vẫn có thể phải trả thêm? Nhiều anh chị nhớ rất rõ thẻ sức khỏe của mình có hạn mức bao nhiêu, nhưng lại chưa để ý những điều kiện đi kèm. Con số 200 triệu/năm không có nghĩa mọi hóa đơn dưới 200 triệu đều được thanh toán đầy đủ. Số tiền thực tế được chi trả còn phụ thuộc vào: • Giới hạn của từng quyền lợi. • Tỷ lệ đồng chi trả. • Phạm vi bảo hiểm và điều khoản loại trừ. Trong video này, mình giải thích từng phần để anh chị biết cần xem gì trong hợp đồng, trước khi sử dụng quyền lợi. Anh chị đã kiểm tra phần đồng chi trả trên thẻ sức khỏe của mình chưa? #TheSucKhoe #HieuDungBaoHiem",0,0,0,0,0,,,0,0,0,0,0,0/0 (0%),Normal,
672,REVIEW BẢO HIỂM NHÂN THỌ,https://www.facebook.com/groups/296975261240447/posts/2251604015777552/,3 sai lầm cần tránh để tự do tài chinh!,0,0,0,0,0,,,0,0,0,0,0,0/0 (0%),Normal,
673,REVIEW BẢO HIỂM NHÂN THỌ,https://www.facebook.com/groups/296975261240447/posts/2251604675777486/,👨‍💼PAL-MDRT HOÀNH KÔNG ANH 📲 0️⃣9️⃣8️⃣8️⃣9️⃣2️⃣6️⃣3️⃣1️⃣8️⃣ 🌎 BAN HOÀNG TRƯỜNG SA ⭐ Chuyên:+ Tuyển Dụng đào tạo Đại Lý - TVV bảo hiểm nhân thọ + Tư Vấn Sản Phẩm Bảo Hiểm + Giải Đáp Mọi Thông Tin thắc mắc về BHNT + Hộ Trợ Giải Quyết Quyền Lợi BHNT https://youtube.com/@konganh134?si=oOB5hD4k8Ripo1tz #hoangkonganh #konganhbaohiem 🏭 Địa Chỉ: 👉Tầng 3 Tòa nhà Nhà Tecco C Quang Trung TP vinh Nghệ An 🍀🍀🍀🍀🍀🍀🍀🍀🍀🍀🍀🍀,0,0,0,0,0,,,0,0,0,0,0,0/0 (0%),Normal,
674,REVIEW BẢO HIỂM NHÂN THỌ,https://www.facebook.com/groups/296975261240447/posts/2251700102434610/,,0,0,0,0,0,,,0,0,0,0,0,0/0 (0%),Normal,
675,REVIEW BẢO HIỂM NHÂN THỌ,https://www.facebook.com/groups/296975261240447/posts/2252167175721236/,"chào cả nhà yêu, bên em bán bảo hiểm nhân thọ và bhsk của cty Bảo Việt Nhân Thọ SG, acj nào có nhu cầu tìm hiểu và qtam các mức phí mua bh cmt bên dưới em sẽ ib trực tiếp cho bên mình để trao đổi nhé.",0,0,0,0,0,,,0,0,0,0,0,0/0 (0%),Normal,
676,REVIEW BẢO HIỂM NHÂN THỌ,https://www.facebook.com/groups/296975261240447/posts/2252186522385968/,"Cha mẹ ơi, suy cho cùng mọi sự nổ lực của bản thân cũng chỉ để cố gắng xây dựng cho gia đình một mái ấm, lo cho* ""con cái""* và* ""tương lai""* của cả gia đình. Chúng ta không chỉ nổ lực tạo ra mà còn phải biết cách *bảo vệ *cho người thân yêu, con cái của mình. Nhân dịp kỉ niệm 30 năm thành lập của Bảo Việt, bên em ra mắt sp lkc là ***An Thịnh Phúc Niên***, tự tin là chỗ dựa vững chắc cho mái ấm gia đình Việt. Ngoài sp này, bên em còn nhiều sp khác đáp ứng những nhu cầu khác nhau cho KH ạ. lh: 0326 829 426",0,0,0,0,0,,,0,0,0,0,0,0/0 (0%),Normal,
677,REVIEW BẢO HIỂM NHÂN THỌ,https://www.facebook.com/groups/296975261240447/posts/2252218199049467/,"❤️ KIỂM TRA SỨC KHỎE TỔNG QUÁT - DAI-ICHI LIFE Bao lâu rồi anh/chị chưa kiểm tra sức khỏe của mình? Kiểm tra định kỳ giúp anh/chị an tâm hơn và phát hiện sớm những nguy cơ tiềm ẩn. 🔎 THAM GIA CHƯƠNG TRÌNH, QUÝ ANH/CHỊ SẼ ĐƯỢC: 🔹 Theo dõi các chỉ số sức khỏe quan trọng của cơ thể 🔹 Phát hiện sớm những nguy cơ sức khỏe tiềm ẩn 🔹 Nhận tư vấn từ đội ngũ chuyên môn giàu kinh nghiệm 🎁 Tham gia chương trình rút thăm may mắn với nhiều phần quà hấp dẫn Ban tổ chức chuẩn bị sẵn phần ăn sáng sau khi xét nghiệm. 🗓 Thông tin sự kiện: ⏰ Thời gian: 07:30 | Sáng thứ Bảy, ngày 12/09/2026 📍 Địa điểm: Tầng 4, Tòa nhà Dai-ichi Life Việt Nam, 149–151 Nguyễn Văn Trỗi, Phú Nhuận, TP. Hồ Chí Minh ♡ Dai-ichi Life hỗ trợ 100% chi phí thăm khám sức khỏe ━━━━━━━━━━━━━━━ 🌸 Đăng ký giữ suất ngay hôm nay: https://docs.google.com/forms/d/e/1FAIpQLSfEyvndtwNoNpPK1KPmqDNV5oKlFRh4RjL_RFOQctl9whHChQ/viewform ♡ Hẹn gặp anh/chị vào thứ bảy tuần này! #DaiichiLifeVietNam #chamsocsuckhoe #suckhoegiadinh #baovesuckhoe #suckhoebanthan",0,0,0,0,2,unknown,Spam,0,0,0,1,0,0/0 (0%),Normal,
678,REVIEW BẢO HIỂM NHÂN THỌ,https://www.facebook.com/groups/296975261240447/posts/2252343205703633/,Bên cạnh việc tư vấn tham gia bảo hiểm thì đi kèm đó là dịch vụ chăm sóc sau bán khách hàng ạ,0,0,0,0,0,,,0,0,0,0,0,0/0 (0%),Normal,
679,REVIEW BẢO HIỂM NHÂN THỌ,https://www.facebook.com/groups/296975261240447/posts/2252486489022638/,"Trung Thu là dịp để gia đình quây quần bên nhau, cùng ngắm trăng, sẻ chia những câu chuyện quen thuộc và tạo nên những kỷ niệm đáng nhớ. Khi trưởng thành hơn, nhiều người nhận ra rằng điều quý giá nhất của mỗi mùa đoàn viên không nằm ở chiếc bánh trung thu hay món quà được trao tặng, mà là khoảnh khắc những người thân yêu vẫn khỏe mạnh và hiện diện bên cạnh mình. Bởi những khoảnh khắc đoàn viên sẽ càng ý nghĩa hơn khi những người thân yêu luôn được chăm sóc và bảo vệ, AIA đông hành cùng Quý khách với Giải Pháp Sống Khỏe Toàn Diện và các giải pháp bảo hiếm đa dạng, phù hợp cho cả gia đình. Inbox 📥 CVTV ÐLBH AIA để được tư vấn. #AlA #AOB #trungthu #trangtronuocmotron #suckhoevettron #doanvien #songkhoetoandien",1,1,0,0,0,,,0,0,0,0,0,0/0 (0%),Normal,
680,REVIEW BẢO HIỂM NHÂN THỌ,https://www.facebook.com/groups/296975261240447/posts/2252589092345711/,"ĐANG TÌM ĐỐI TÁC KINH DOANH TOÀN QUỐC Bên mình đang phát triển chuỗi SPA dưỡng sinh Đông y & làm đẹp công nghệ cao, mục tiêu 500 SPA toàn quốc. Công ty xây dựng hệ thống và vận hành toàn bộ. Đối tác tập trung kết nối khách hàng và phát triển thị trường. 💰 Chia lợi nhuận 60% – 40% 🎁 Có voucher trải nghiệm miễn phí để đối tác tặng khách hàng 📈 Có chính sách quỹ thưởng 5,8% doanh số toàn quốc Anh chị đang tìm một mô hình để hợp tác lâu dài, có thể IB mình trao đổi chi tiết.",2,2,0,0,0,,,0,0,0,0,0,0/0 (0%),Normal,
681,REVIEW BẢO HIỂM NHÂN THỌ,https://www.facebook.com/groups/296975261240447/posts/2252902742314346/,"💕 MẸ ĐƯỢC BẢO VỆ – BÉ CŨNG ĐƯỢC YÊU THƯƠNG ❤️ 🎁 Mẹ có vali – Bé có voucher vaccine Có con rồi mới hiểu, điều ba mẹ mong muốn nhất không chỉ là chuẩn bị cho con một hành trình lớn lên khỏe mạnh, mà còn là có một phương án dự phòng khi những điều bất ngờ xảy ra. Một gói bảo vệ phù hợp có thể giúp mẹ an tâm hơn với: ✨ Bảo vệ mẹ lên đến 1,8 tỷ ✨ Quyền lợi nội trú cao cấp lên đến 2 tỷ ✨ Bệnh hiểm nghèo hỗ trợ đến 500 triệu ✨ Ngoại trú lên đến 25 triệu/năm ✨ Nha khoa lên đến 17,5 triệu/năm ✨ Quỹ học đường cho bé dự kiến khoảng 595 triệu ✨ Song hành bảo vệ thêm 1 người thân Đặc biệt trong chương trình này: 🎀 Mẹ nhận ngay vali xinh xắn 💉 Bé nhận voucher vaccine khi tham gia theo chương trình. Vy luôn mong muốn mỗi gia đình không chỉ mua một sản phẩm bảo hiểm, mà là xây dựng một kế hoạch bảo vệ phù hợp với hoàn cảnh và ngân sách của mình ❤️ 📩 Nhắn Vy để nhận bảng quyền lợi chi tiết và lựa chọn phương án phù hợp cho mẹ & bé nhé. 📲 Hoàng Vy Bảo Hiểm – 0767 1343 86 #BaoHiemMeVaBe #BaoVeGiaDinh #KeHoachTaiChinh #HoangVyBaoHiem",0,0,0,0,0,,,0,0,0,0,0,0/0 (0%),Normal,
682,REVIEW BẢO HIỂM NHÂN THỌ,https://www.facebook.com/groups/296975261240447/posts/2252951982309422/,"BẢO VIỆT BÊN EM THÌ BẢO HIỂM GÌ CŨNG CÓ ( trừ mỗi BHXH). 💙💙 Quý khách hàng cần bảo hiểm gì thì báo em tư vấn nha. 💙 💙 Ngoài bảo hiểm thì BảoViệt còn có ngân hàng, chứng khoán, ký quỹ... tạo thành hệ sinh thái giúp tối ưu hóa dòng tiền an toàn và hiệu quả giúp khách hàng an tâm hơn khi chọn Bảo Việt đồng hành 💙 💙",2,2,0,0,0,,,0,0,0,0,0,0/0 (0%),Normal,
683,REVIEW BẢO HIỂM NHÂN THỌ,https://www.facebook.com/groups/296975261240447/posts/2253217382282882/,"Em xin cập nhập lại sau khi hỏi lại bố em và Cty. Xin chào anh chị, trường hợp bố mẹ mình có mua 3 hợp đồng bảo hiểm cho bố mẹ và em gái từ năm 2018. Tổng phí 3 hợp đồng là 64tr -Từ 2018-2024 là có nhân viên bảo hiểm tới nhà hỗ trợ thu phí. -Năm 2023 là cty ghi nhận thiếu phí của em gái em -năm 2024 ghi nhận đủ -Năm 2025 là nhà tự đóng qua bưu điện, ghi nhận đủ Theo bố em nói: năm nào cũng đóng đủ cho bạn nv, nhưng riêng năm 2023 bạn nói là quyển sổ còn có 2 biên lai của bố và mẹ, còn 1 biên lai em gái em để lên Cty đóng phí rồi đưa sau. (Bố em lớn tuổi cũng k để ý, kiểu tin tưởng á) Năm 2024 bạn vẫn đến thu phí và Cty ghi nhận đủ cả 3 hợp đồng. Năm 2025 Cty có gọi nhắc phí bố em nói thiếu của em gái. Bố em trả lời là ""Cty coi lại đi chứ năm nào cũng đóng đủ"". Rồi bận việc là trôi luôn. Giờ hiện trạng là năm 2023 có ghi nhận phí của bố mẹ em, nhưng em gái em thì k có. ==>Phía cty thì báo nhân viên phụ trách thu phí hđ nhà em đi nước ngoài k liên lạc được. Chờ bộ phận pháp chế tiếp nhận rồi giải quyết trong vòng 30 ngày. Nếu nv này cố tình lừa đảo thật thì có phải nhà em mất phí của em gái em đã đóng là 12tr năm 2023 phải k ạ? Và phía Cty bên em sẽ làm việc tiếp theo sao ạ? Em cũng thấy cấn cấn chỗ này, phía Cty, khi Tổng đài gọi nhắc phí sau khi nghe phản hồi khách hàng báo đã đóng phí đủ rồi sao lại báo thiếu, đề nghị xem lại. Nhưng sau khi cúp máy là xong luôn, k thấy truy cứu chỗ này để giải thích lại cho khách hang. Giờ làm rõ ra mới vỡ lẽ. Bạn kia đã cao chạy qua Thái Lan. Nhờ ac tư vấn giúp. Xin cảm ơn",4,4,0,0,11,unknown,Trung lap,1,4,4,2,0,4/9 (44.4%),Following,
684,REVIEW BẢO HIỂM NHÂN THỌ,https://www.facebook.com/groups/296975261240447/posts/2253351978936089/,,0,0,0,0,0,,,0,0,0,0,0,0/0 (0%),Normal,
685,REVIEW BẢO HIỂM NHÂN THỌ,https://www.facebook.com/groups/296975261240447/posts/2253806972223923/,,0,0,0,0,0,,,0,0,0,0,0,0/0 (0%),Normal,
686,REVIEW BẢO HIỂM NHÂN THỌ,https://www.facebook.com/groups/296975261240447/posts/2253875762217044/,"Bảo hiểm tai nạn toàn diện – An tâm vui sống chỉ từ 316K/năm, tức chưa đến 1k/ngày! An tâm trước mọi rủi ro trong cuộc sống với gói bảo hiểm tai nạn linh hoạt, bảo vệ bạn và gia đình trước các trường hợp tai nạn sinh hoạt, tai nạn giao thông và tai nạn lao động. Mức phí hợp lý: Chỉ từ 315.800 VNĐ/người/năm (gói Vàng). Quyền lợi đa dạng: Hỗ trợ chi phí y tế, tử vong/thương tật bộ phận vĩnh viễn, trợ cấp nằm viện và trợ cấp mai táng. Đối tượng tham gia: Người Việt Nam hoặc người nước ngoài từ 6 tháng tuổi đến dưới 65 tuổi sinh sống, học tập, làm việc tại Việt Nam (tái tục đến 75 tuổi). 👉 Liên hệ ngay qua Zalo: 0326565289 để được tư vấn chi tiết các gói Vàng, Bạch Kim và Kim Cương phù hợp nhất với nhu cầu của bạn!",0,0,0,0,0,,,0,0,0,0,0,0/0 (0%),Normal,
687,REVIEW BẢO HIỂM NHÂN THỌ,https://www.facebook.com/groups/296975261240447/posts/2253887135549240/,"Có những câu nói của khách hàng nghe rất có hy vọng… nhưng lại có khả năng làm TVV “chờ đến mùa quýt”! “Để em xem thêm…” → xem xong… mất hút. “Để anh hỏi vợ…” → hỏi xong… cả hai cùng im. 😂 “Tháng sau chị ký nhé…” → tháng sau nào thì chưa biết. “Để em suy nghĩ…” → suy nghĩ kỹ quá, đến lúc cần thì… không còn đủ điều kiện để tham gia. 😅 Thật ra, TVV không sợ khách hàng từ chối. Chỉ sợ nhất là khách hàng đang khỏe thì cứ để đó, đến lúc cần bảo vệ mới tiếc vì mình đã không quyết định sớm hơn. Bảo hiểm không phải chuyện mua cho có. Nhưng nếu thấy phù hợp với mình và gia đình, đừng để chữ “để” kéo dài đến lúc thành chữ “giá như”. ❤️ Vân – TVV Dai-ichi 📞 Sđt-Zalo: 0764368513 #VanTVVDaiichi #DaiichiLife #BaoHiemNhanTho #BaoHiemSucKhoe",0,0,0,0,0,,,0,0,0,0,0,0/0 (0%),Normal,
688,REVIEW BẢO HIỂM NHÂN THỌ,https://www.facebook.com/groups/296975261240447/posts/2253890262215594/,,0,0,0,0,0,,,0,0,0,0,0,0/0 (0%),Normal,
689,REVIEW BẢO HIỂM NHÂN THỌ,https://www.facebook.com/groups/296975261240447/posts/2253919108879376/,Sản phẩm mới ~~ ai quan tâm inbox e nhé,0,0,0,0,0,,,0,0,0,0,0,0/0 (0%),Normal,
690,REVIEW BẢO HIỂM NHÂN THỌ,https://www.facebook.com/groups/296975261240447/posts/2253976578873629/,,0,0,0,0,0,,,0,0,0,0,0,0/0 (0%),Normal,
691,REVIEW BẢO HIỂM NHÂN THỌ,https://www.facebook.com/groups/296975261240447/posts/2254038052200815/,"🔴 **CÓ MỘT NƠI NỤ CƯỜI CỦA CẢ GIA ĐÌNH LUÔN ĐƯỢC BẢO VỆ TRỌN VẸN...** 🔴 Bạn có bao giờ tự hỏi: *Điều gì là quan trọng nhất đối với mình?* Đó không phải là những chuyến đi xa, cũng không phải là ngôi nhà sang trọng, mà chính là khoảnh khắc thấy **ông bà khỏe mạnh, vợ chồng an yên và con trẻ lớn khôn mỗi ngày**. Thế nhưng, cuộc sống luôn có những biến số. Một cơn sốt của con, một lần nhập viện của cha mẹ cũng đủ khiến cả gia đình chao đảo. Thấu hiểu điều đó, Generali mang đến chương trình **""HÀNH TRÌNH SỐNG KHỎE - TRAO BẢO VỆ TRỌN AN TÂM""** – giải pháp đồng hành cùng mọi thế hệ trong gia đình bạn! --- 🎁 **ĐẶC QUYỀN MUA SỚM - TẶNG QUÀ LỚN DUY NHẤT THÁNG 9/2026:** *(Áp dụng từ 01/09/2026 đến 30/09/2026)* * 👶 **Trẻ em (0 - 5 tuổi):** Nhận ngay quà tặng tương đương **30% phí bảo hiểm**. * 👨‍👩‍👧 **Thành viên (Trên 5 tuổi):** Nhận ngay quà tặng tương đương **20% phí bảo hiểm**. 🌟 **QUYỀN LỢI NỔI BẬT KHÔNG THỂ BỎ LỠ:** * **Bảo lãnh viện phí 100%:** Thẻ bảo hiểm VITA - Sức Khỏe Vàng giúp gia đình tiếp cận dịch vụ y tế chuẩn quốc tế mà không phải lo gánh nặng tài chính. * **Tích lũy song hành:** Vừa bảo vệ sức khỏe, vừa chủ động xây dựng nguồn tài chính vững chắc cho tương lai. * **Tối ưu chi phí:** Tham gia ngay trong tháng 9 để nhận mức chiết khấu quà tặng cao nhất năm. --- ⏳ **Chỉ còn ít ngày để nhận ưu đãi hấp dẫn này!** Đừng để rủi ro đến mới tìm giải pháp, hãy chủ động trao cho gia đình sự an tâm ngay hôm nay. 📞 **Hotline / Zalo hỗ trợ 24/7:** **0967.048.912** 📩 **Inbox ngay** cho em để nhận bảng tính phí chi tiết và tư vấn giải pháp tối ưu nhất cho gia đình mình! #GeneraliVietnam #HanhTrinhSongKhoe #VITASucKhoeVang #AnTamChoCaGiaDinh #BaoHiemNhanTho #Chamsocsuckhoe",0,0,0,0,0,,,0,0,0,0,0,0/0 (0%),Normal,
692,REVIEW BẢO HIỂM NHÂN THỌ,https://www.facebook.com/groups/296975261240447/posts/2254040412200579/,"🎁 THÁNG 9 – TẶNG QUỸ THĂM KHÁM CHO BÉ ĐẾN 10 TRIỆU/NĂM Ba mẹ có con nhỏ sẽ hiểu: một năm con có thể đi khám rất nhiều lần vì ho, sốt, viêm họng, tiêu hóa… Mỗi lần một ít nhưng cộng lại là khoản không nhỏ. 🎁 TẶNG QUỸ KHÁM NGOẠI TRÚ: * 5 triệu/năm – tối đa 1 triệu/lần khám * 10 triệu/năm – tối đa 2 triệu/lần khám * ⭐ KHÔNG GIỚI HẠN SỐ LẦN KHÁM, miễn còn trong hạn mức quỹ năm và đáp ứng điều kiện chi trả. Chưa kể bé còn có quyền lợi nội trú lên đến 1 tỷ/bệnh, cùng bảo vệ tai nạn, bệnh hiểm nghèo và hỗ trợ viện phí. 💙 Con ốm nhẹ có quỹ đi khám – con chẳng may nằm viện có bảo hiểm lo chi phí lớn – lâu dài vẫn có khoản tích lũy cho tương lai. Ba mẹ đang có nhu cầu mua bảo hiểm sức khoẻ cho con thì nhắn Vy ngay để được nhận ưu đãi đặc biệt này nha💕 Thông tin liên hệ: 📲 Zalo: 0767 1343 86 📍 Toà nhà 7A Lam Sơn, P. Tân Sơn Hoà, TP.HCM #baohiemsuckhoe #baohiemchocon #baohiemchobe #baolanhvienphi #hoangvybaohiem",0,0,0,0,0,,,0,0,0,0,0,0/0 (0%),Normal,
693,REVIEW BẢO HIỂM NHÂN THỌ,https://www.facebook.com/groups/296975261240447/posts/2254089785528975/,,0,0,0,0,0,,,0,0,0,0,0,0/0 (0%),Normal,
694,REVIEW BẢO HIỂM NHÂN THỌ,https://www.facebook.com/groups/296975261240447/posts/2254195808851706/,Tự do tài chính đừng vội,0,0,0,0,0,,,0,0,0,0,0,0/0 (0%),Normal,
695,REVIEW BẢO HIỂM NHÂN THỌ,https://www.facebook.com/groups/296975261240447/posts/2254720562132564/,2026 Waiver of premium-Bảo hiểm miễn đóng phí #Manulife #XanhPhuQuy,1,1,0,0,0,,,0,0,0,0,0,0/0 (0%),Normal,
696,REVIEW BẢO HIỂM NHÂN THỌ,https://www.facebook.com/groups/296975261240447/posts/2254780895459864/,"QUỸ HỌC VẤN CHO CON: ĐANG BẢO VỆ CON HAY BẢO VỆ KẾ HOẠCH CỦA BỐ MẸ? Mua bảo hiểm giáo dục cho con, nhưng người quan trọng nhất cần được bảo vệ đôi khi lại là bố hoặc mẹ. Vì mục tiêu thật sự của quỹ học vấn không chỉ là “18 tuổi con nhận được bao nhiêu tiền”. Mà là: đến đúng thời điểm con cần học, tiền vẫn phải có — kể cả khi người tạo ra thu nhập gặp biến cố. Trước khi chọn một kế hoạch giáo dục, anh chị nên kiểm tra 4 điều: • Ai là người được bảo hiểm? • Ai là người đóng phí? • Nếu người đóng phí gặp rủi ro, kế hoạch có tiếp tục được duy trì không? • Khoản tiền học nào thực sự được bảo đảm? Quà tặng hay khuyến mại chỉ có giá trị trong thời gian ngắn. Khả năng duy trì kế hoạch 10–20 năm mới là điều quyết định. Anh chị đang chuẩn bị quỹ đại học cho con bằng tiết kiệm, đầu tư hay bảo hiểm?",0,0,0,0,0,,,0,0,0,0,0,0/0 (0%),Normal,
697,REVIEW BẢO HIỂM NHÂN THỌ,https://www.facebook.com/groups/296975261240447/posts/2254789452125675/,,0,0,0,0,0,,,0,0,0,0,0,0/0 (0%),Normal,
698,REVIEW BẢO HIỂM NHÂN THỌ,https://www.facebook.com/groups/296975261240447/posts/2254888512115769/,Càng nhiều tiền càng khó tự do?,0,0,0,0,0,,,0,0,0,0,0,0/0 (0%),Normal,
699,REVIEW BẢO HIỂM NHÂN THỌ,https://www.facebook.com/groups/296975261240447/posts/2254889762115644/,"💙 BHNT LÀ NƠI BÌNH AN NHẤT..! ✔Ngày Bạn đặt bút KÝ vào hợp đồng BẢO HIỂM NHÂN THỌ là ngày bạn cảm thấy an tâm nhất. Bởi những rủi ro trong cuộc sống này đã được chuyển giao cho một TỔ CHỨC chịu trách nhiệm Bảo vệ cho cuộc đời của mình. Dù cho bất cứ rủi ro nào trong cuộc sống này, thì bạn vẫn thực hiện được ước mơ dành cho những người thân yêu nhất.!. ✔Bạn cũng sẽ đồng ý với tôi rằng, Mỗi bản thân chúng ta là một tài sản quý giá nhất trên đời..! Vậy..tại sao chúng ta lại không BẢO VỆ cho những gì QUÝ GIÁ NHẤT..!? 👉 Chỉ cần 50k- 100k/ mỗi ngày, bạn sẽ có ngay 1 giải pháp BẢO VỆ từ đầu cho đến chân mọi lúc mọi nơi, kể từ khi bạn đặt bút ký vào Hợp đồng “Bảo Hiểm Nhân thọ “ 👉 Đừng chần chừ Hãy liên hệ chuyên viên TƯ VẤN TÀI CHÍNH. Nguyễn Thị Cúc: ☎️0986.772.921 để được BẢO VỆ kịp thời nhé☺️ _______♥️_______ #Nguồn #NguyenThiCuc_BVNTHaiDuong #BaoVietNhanTho #BaoVietLife #baovietnhanthohaiduong",0,0,0,0,0,,,0,0,0,0,0,0/0 (0%),Normal,
700,REVIEW BẢO HIỂM NHÂN THỌ,https://www.facebook.com/groups/296975261240447/posts/2255106425427311/,,0,0,0,0,0,,,0,0,0,0,0,0/0 (0%),Normal,
701,REVIEW BẢO HIỂM NHÂN THỌ,https://www.facebook.com/groups/296975261240447/posts/2255442288727058/,,0,0,0,0,0,,,0,0,0,0,0,0/0 (0%),Normal,
702,REVIEW BẢO HIỂM NHÂN THỌ,https://www.facebook.com/groups/296975261240447/posts/2255506742053946/,"💙 NGƯỜI TRẺ VÀ NGUY CƠ BỆNH HIỂM NGHÈO “TRẺ HOÁ” Chúng ta thường nghĩ: “Còn trẻ, còn khỏe, bệnh tật chắc chưa đến lượt mình…” Nhưng cuộc sống không phải lúc nào cũng đi theo kế hoạch. Áp lực công việc, thiếu ngủ, căng thẳng kéo dài, môi trường sống và thói quen sinh hoạt thiếu lành mạnh… khiến sức khỏe trở thành điều người trẻ cần quan tâm sớm hơn, chủ động hơn. Điều đáng lo không chỉ là bệnh tật, mà còn là gánh nặng tài chính nếu một ngày chẳng may phải điều trị dài ngày. Vì vậy, tham gia bảo hiểm khi còn trẻ và sức khỏe còn tốt không phải là nghĩ đến điều xấu. Đó là cách mình chuẩn bị trước cho những điều không thể đoán trước. 💚 Chủ động chăm sóc sức khỏe từ hôm nay. 💚 Chuẩn bị một khoản tài chính dự phòng cho những rủi ro lớn. 💚 Bảo vệ thu nhập và những kế hoạch đang dang dở. Đừng đợi đến khi bệnh mới nghĩ đến bảo vệ. Bởi khi sức khỏe đã có vấn đề, đôi khi cơ hội lựa chọn giải pháp bảo vệ phù hợp cũng không còn như trước. Người trẻ cần nhiều hơn một sức khỏe tốt. Người trẻ cần một kế hoạch tài chính đủ vững để bảo vệ tương lai. 👉 Nếu bạn đang ở độ tuổi còn trẻ, sức khỏe tốt, hãy dành một chút thời gian để kiểm tra lại kế hoạch bảo vệ sức khỏe và tài chính của chính mình. Bảo vệ sớm – chủ động hơn – an tâm hơn cho những năm tháng phía trước.",0,0,0,0,0,,,0,0,0,0,0,0/0 (0%),Normal,
703,REVIEW BẢO HIỂM NHÂN THỌ,https://www.facebook.com/groups/296975261240447/posts/2255591652045455/,"𝐇𝐎̛𝐍 𝟏,𝟖𝟒 𝐓𝐘̉ Đ𝐎̂̀𝐍𝐆 – đ𝐨̂𝐢 𝐤𝐡𝐢 𝐠𝐢𝐚́ 𝐭𝐫𝐢̣ 𝐜𝐮̉𝐚 𝐛𝐚̉𝐨 𝐡𝐢𝐞̂̉𝐦 𝐜𝐡𝐢̉ 𝐭𝐡𝐚̣̂𝐭 𝐬𝐮̛̣ đ𝐮̛𝐨̛̣𝐜 𝐧𝐡𝐢̀𝐧 𝐭𝐡𝐚̂́𝐲 𝐤𝐡𝐢 𝐛𝐢𝐞̂́𝐧 𝐜𝐨̂́ 𝐱𝐚̉𝐲 𝐫𝐚. Một trận mưa lớn có thể chỉ kéo dài vài giờ, nhưng thiệt hại để lại cho một doanh nghiệp có thể lên đến hàng tỷ đồng. Trong một trường hợp thực tế tại khu vực Miền Trung, thiệt hại tài sản nhà xưởng được xác định 𝐡𝐨̛𝐧 𝟐 𝐭𝐲̉ đ𝐨̂̀𝐧𝐠. Sau quá trình giám định và xác định tổn thất, 𝐂𝐚𝐭𝐡𝐚𝐲 𝐈𝐧𝐬𝐮𝐫𝐚𝐧𝐜𝐞 đ𝐚̃ 𝐭𝐡𝐮̛̣𝐜 𝐡𝐢𝐞̣̂𝐧 𝐜𝐡𝐢 𝐭𝐫𝐚̉ 𝐛𝐨̂̀𝐢 𝐭𝐡𝐮̛𝐨̛̀𝐧𝐠 𝟏.𝟖𝟒𝟒.𝟗𝟏𝟓.𝟖𝟐𝟗 đ𝐨̂̀𝐧𝐠 cho Khách hàng. Không ai mong rủi ro xảy đến. Nhưng nếu một ngày điều không mong muốn thật sự xảy ra, 𝐧𝐠𝐮𝐨̂̀𝐧 𝐭𝐚̀𝐢 𝐜𝐡𝐢́𝐧𝐡 𝐧𝐚̀𝐨 𝐬𝐞̃ 𝐠𝐢𝐮́𝐩 𝐜𝐡𝐮́𝐧𝐠 𝐭𝐚 𝐩𝐡𝐮̣𝐜 𝐡𝐨̂̀𝐢 𝐯𝐚̀ 𝐭𝐢𝐞̂́𝐩 𝐭𝐮̣𝐜? Đó cũng là lý do bảo hiểm tồn tại. Không phải để ngăn rủi ro xảy ra, mà để khi rủi ro đến, 𝐜𝐡𝐮́𝐧𝐠 𝐭𝐚 𝐤𝐡𝐨̂𝐧𝐠 𝐩𝐡𝐚̉𝐢 𝐦𝐨̣̂𝐭 𝐦𝐢̀𝐧𝐡 𝐠𝐚́𝐧𝐡 𝐭𝐨𝐚̀𝐧 𝐛𝐨̣̂ 𝐭𝐨̂̉𝐧 𝐭𝐡𝐚̂́𝐭. 𝐁𝐚̉𝐨 𝐡𝐢𝐞̂̉𝐦 𝐥𝐚̀ 𝐬𝐮̛̣ 𝐚𝐧 𝐭𝐚̂𝐦. 𝐁𝐨̂̀𝐢 𝐭𝐡𝐮̛𝐨̛̀𝐧𝐠 𝐥𝐚̀ 𝐥𝐮́𝐜 𝐥𝐨̛̀𝐢 𝐜𝐚𝐦 𝐤𝐞̂́𝐭 đ𝐮̛𝐨̛̣𝐜 𝐭𝐡𝐮̛̣𝐜 𝐡𝐢𝐞̣̂𝐧. 💙 𝐴𝑛 𝑡𝑎̂𝑚 ℎ𝑜̂𝑚 𝑛𝑎𝑦 – 𝑉𝑢̛̃𝑛𝑔 𝑣𝑎̀𝑛𝑔 𝑛𝑔𝑎̀𝑦 𝑚𝑎𝑖. #CathayInsurance #BaoHiemTaiSan #BaoHiemPhiNhanTho #lanhuongfinance",0,0,0,0,0,,,0,0,0,0,0,0/0 (0%),Normal,
704,REVIEW BẢO HIỂM NHÂN THỌ,https://www.facebook.com/groups/296975261240447/posts/2255978938673393/,"Ca Chi trả khám thai nhanh gọn, chi trả gần như 100% chi phí khám❤️ mẹ chỉ bù có 130k thui nhen 🤰 THAI SẢN DAI-ICHI 👇👇 💗 Đặc biệt, với các mom lo rằng chưa kịp sinh trong năm đầu, gói thai sản vẫn có cam kết tái tục theo quy định của sản phẩm. 👉 Các mom chọn sinh quốc tế cũng rất đáng lựa chọn 👉 Hoặc các mom đang có Hợp đồng tại Dai-ichi Life và muốn tìm hiểu thêm quyền lợi thai sản. Mẹ nào đang có kế hoạch sinh em bé và muốn biết cụ thể: • ⏰ Thời gian chờ bao lâu? • 👶 Quyền lợi sinh con được chi trả thế nào? • 💰 Mức phí bao nhiêu là phù hợp? 📲 Zalo: 0939.712.105 Mình tư vấn cụ thể theo nhu cầu và kế hoạch của từng mom nhé! 💕 #thuyhangbaohiem #baohiemthaisan #thaisandaiichi #ivf #sinhcon",0,0,0,0,0,,,0,0,0,0,0,0/0 (0%),Normal,
705,REVIEW BẢO HIỂM NHÂN THỌ,https://www.facebook.com/groups/296975261240447/posts/2256374008633886/,"“Khi người trụ cột nằm viện, gia đình phải đối mặt với hai hóa đơn—không chỉ một!” Hóa đơn thứ nhất là tiền điều trị. Hóa đơn thứ hai đáng sợ hơn: tiền sinh hoạt, tiền học của con và những khoản vay vẫn tiếp tục trong khi thu nhập có thể dừng lại. Lúc này, BHYT hỗ trợ chi phí khám chữa bệnh thuộc phạm vi và mức hưởng. BHXH giúp bảo đảm các chế độ an sinh khi người tham gia đáp ứng điều kiện theo quy định. Còn BHNT được thiết kế để bổ sung nguồn tài chính trước những rủi ro đã thỏa thuận trong hợp đồng; giúp gia đình có tiền điều trị, phục hồi hoặc duy trì cuộc sống khi người trụ cột gặp biến cố. Nhưng nhớ rằng: quyền lợi nào cũng phải căn cứ vào điều khoản cụ thể. Đừng hỏi loại bảo hiểm nào tốt nhất. Hãy hỏi: “Nếu ngày mai tôi mất thu nhập, những gì mình đang có đã đủ bảo vệ gia đình chưa?” Hãy dành 10 phút kiểm tra lại BHYT, quá trình BHXH và hợp đồng BHNT của gia đình ngay hôm nay. #trucot #matthunhap",0,0,0,0,0,,,0,0,0,0,0,0/0 (0%),Normal,
706,REVIEW BẢO HIỂM NHÂN THỌ,https://www.facebook.com/groups/296975261240447/posts/2256440001960620/,"Giật mình vì đóng 70 triệu bảo hiểm cho con, sau 7 năm còn 36 triệu 🥲 Khách hàng thắc mắc, vậy sự thật là gì ? #baohiemchocon #baohiemsuckhoe #aia #khanhhungbaohiem #viralvideo",0,0,0,0,0,,,0,0,0,0,0,0/0 (0%),Normal,
707,REVIEW BẢO HIỂM NHÂN THỌ,https://www.facebook.com/groups/296975261240447/posts/2256513318619955/,"🍁CHÀO TUẦN MỚI! 🍂Hà Nội vào thu, trời trong nắng dịu, một tuần mới lại bắt đầu thật nhẹ nhàng. 💙 Cùng Bảo Việt đón tuần mới với năng lượng mới, tâm thế tích cực và những bước tiến vững vàng. Chúc bạn một tuần làm việc hiệu quả, nhiều niềm vui và thật nhiều điều tốt đẹp phía trước! 🌿 #BaoViet #ViNguoiVietViTuongLaiViet #TuanMoiNangLuongMoi #SongAnTamVungTuongLai #HaNoiMuaThu",0,0,0,0,0,,,0,0,0,0,0,0/0 (0%),Normal,
708,REVIEW BẢO HIỂM NHÂN THỌ,https://www.facebook.com/groups/296975261240447/posts/2256658021938818/,Tuổi càng lớn chúng ta càng cần phải BẢO VỆ 👉BẢO VỆ BẢN THÂN 👉BẢO VỆ GIA ĐÌNH 👉BẢO VỆ CON 👉BẢO VỆ TƯƠNG LAI CỦA CẢ GIA ĐÌNH 💙💙LÀ Nền Tảng của sự AN TÂM🌻🌻🌹🌹,1,1,0,0,0,,,0,0,0,0,0,0/0 (0%),Normal,
709,REVIEW BẢO HIỂM NHÂN THỌ,https://www.facebook.com/groups/296975261240447/posts/2256703838600903/,"🌈 THƯ MỜI WORKSHOP 🌕 “TÔ TRĂNG – DÁN ĐÈN TRUNG THU CÙNG BÉ” ✨ Trung Thu là dịp để bố mẹ cùng con sáng tạo, vui chơi và lưu giữ những kỷ niệm thật đẹp. ❤️ 🎨 Bé sẽ được: ✨ Tự tay trang trí đèn Trung Thu 🎨 Thỏa sức sáng tạo ❤️ Vui chơi, gắn kết cùng bố mẹ 🏮 Mang về chiếc đèn do chính mình tạo nên 📅 20/09/2026 | 09:00 – 11:00 📍 Tầng 2, Coffee Clover 259 Đặng Tiến Đông, Hà Nội 🎁 Số lượng có hạn để mỗi bé đều có không gian vui chơi và được hỗ trợ tốt nhất. Hẹn gặp bố mẹ và các con trong một buổi sáng thật vui và nhiều kỷ niệm!",0,0,0,0,0,,,0,0,0,0,0,0/0 (0%),Normal,
710,REVIEW BẢO HIỂM NHÂN THỌ,https://www.facebook.com/groups/296975261240447/posts/2256739251930695/,Duyệt duyệt duyệt Được em Kiệt hỗ trợ là chỉ có duyệt thôi 🥰,1,1,0,0,0,,,0,0,0,0,0,0/0 (0%),Normal,
711,REVIEW BẢO HIỂM NHÂN THỌ,https://www.facebook.com/groups/296975261240447/posts/2256749725262981/,"Ngẫm… Nhiều người vẫn cho rằng không muốn tốn tiền cho b.hiểm vậy mà: * Một chầu nhậu 3-4tr bình thường, năm nhậu bao nhiêu lần? * Một cái đầm 5-700K bình thường, năm mua bao nhiêu bộ đồ? * Một chai nước hoa 2-3-5 triệu bình thường. 👉🏻 Còn 4-5tr/năm để sở hữu chiếc thẻ bảo vệ tài chính cho bản thân mình, người thân mình thì… than mắc rẻ hay kêu phí mất đi nhiều thế 🙂 Phí rơi à? (Sốc hơn là thẻ này em bé dưới 6 tuổi phí có 2,7 triệu/năm; từ 6 tuổi thì 3,2tr/năm). 👉🏻 Sở hữu chiếc thẻ sức khỏe thì dự phòng cho chi phí y tế bất ngờ phát sinh, xài cả năm thì kêu đắt rẻ, than tới than lui. Hông thể hiểu nổi, hông thể hiểu nổi 🙂 Vân – TVV Dai-ichi 📞 0764368513 #VanTVVDaiichi #DaiichiLife #BaoHiemNhanTho #BaoHiemSucKhoe",0,0,0,0,0,,,0,0,0,0,0,0/0 (0%),Normal,
712,REVIEW BẢO HIỂM NHÂN THỌ,https://www.facebook.com/groups/296975261240447/posts/2256882321916388/,Ban có đang dừng bước ở phút 89?,0,0,0,0,0,,,0,0,0,0,0,0/0 (0%),Normal,
713,REVIEW BẢO HIỂM NHÂN THỌ,https://www.facebook.com/groups/296975261240447/posts/2256900361914584/,❤️lên lịch hỗ trợ 3 chị khách hàng thân thiết của Bảo Việt nhận tiền quyền lợi #ToiYeuBaoViet,0,0,0,0,0,,,0,0,0,0,0,0/0 (0%),Normal,
714,TƯ VẤN QUYỀN LỢI BẢO HIỂM,https://www.facebook.com/groups/hotrobaohiem/posts/2501271333710091/,Em xin báo giá bảo hiểm bảo việt Cho xe honda city rs 2024 2 năm trc đêù mua tasco qua opes vì vay vp Giờ e trả xong r muốn mua ngoài cho rẻ E cần hãng nào liên kết vs honda vào hãng làm cho nhanh tasco rất ok khoản này xước linh tinh vào hãng làm luôn k phải gọi Em ở hải phòng,3,3,0,0,9,unknown,Spam,0,1,0,5,0,0/1 (0.0%),Normal,
715,TƯ VẤN QUYỀN LỢI BẢO HIỂM,https://www.facebook.com/groups/hotrobaohiem/posts/2501279900375901/,Nhờ Anh/chị tư vấn giúp em với ạ.Xe em cho mượn ngày 31/8 thì vô tình bị 1 xe công phía bên trái cạ xước và móp 2 cánh cửa bên tài và tiếp đó có 1 xe công khác bên phải vượt lên làm bể đèn trước phía bên phải.Bên em đã chụp lại biển số của 2 xe công đó và có camera lúc xảy ra vụ việc.Đã gọi tổng đài cho bên bảo hiểm BMinh và hẹn qua lễ sẽ liên lạc lại.Em có mua bảo hiểm thân vỏ và dân sự đầy đủ thì khả năng bảo hiểm bồi thường 100% và thủ tục có nhanh không ạ?Em có gửi hình ảnh xe bị hư cho bên gara báo giá thử thì chi phí lên tới 43tr.,7,7,0,0,9,unknown,Trung lap,0,8,1,0,0,1/9 (11.1%),Normal,
716,TƯ VẤN QUYỀN LỢI BẢO HIỂM,https://www.facebook.com/groups/hotrobaohiem/posts/2502453413591883/,Xin tư vấn mua bảo hiểm phi nhân thọ cho bé 7 tuổi. Hạn mức dưới 15tr/ năm. Nhờ a/c tư vấn gói tốt ạ,19,19,0,0,27,health,Spam,1,1,0,17,0,0/2 (0.0%),Normal,
717,TƯ VẤN QUYỀN LỢI BẢO HIỂM,https://www.facebook.com/groups/hotrobaohiem/posts/2502471760256715/,"Em xin tư vấn một chút ạ. Em có mua bảo hiểm PTI. Hôm vừa rồi em đậu xe bên đường thì bị xe Xanh SM tông vào, làm móp 2 cánh cửa, khả năng phải thay mới. Bên em đã gọi tổng đài bảo hiểm và cung cấp biển số của xe Xanh SM đã tông vào xe em. Sau đó bên bảo hiểm có xuống kiểm tra và xác định xe Xanh SM là bên sai, nên phía Xanh SM phải chịu trách nhiệm bồi thường. Tuy nhiên, em được biết xe Xanh SM cũng có mua bảo hiểm, nhưng bảo hiểm của họ chỉ chi trả một phần, phần còn lại tài xế phải tự bỏ tiền ra. Mà tài xế hiện tại không có khả năng chi trả. Trong trường hợp này, em muốn hỏi là bảo hiểm PTI của xe em có thể đứng ra bồi thường cho xe em trước được không ạ? Sau đó PTI có thể làm việc với phía Xanh SM để thu hồi chi phí bồi thường hay không? Hôm xảy ra sự việc không có công an đến lập biên bản. Tuy nhiên, hai bên có một biên bản viết tay và bên Xanh SM có ký xác nhận rằng họ là bên gây ra sự việc và chịu trách nhiệm ạ. Mong anh/chị tư vấn giúp em trường hợp này với ạ. Em cảm",26,26,0,0,9,unknown,Trung lap,0,7,0,2,0,0/7 (0.0%),Normal,
718,TƯ VẤN QUYỀN LỢI BẢO HIỂM,https://www.facebook.com/groups/hotrobaohiem/posts/2502933456877212/,Có bác nào làm bên bảo hiểm thân vỏ VBI cho em nhờ với ạ!,5,5,0,0,2,unknown,Spam,0,0,0,2,0,0/0 (0%),Normal,
719,TƯ VẤN QUYỀN LỢI BẢO HIỂM,https://www.facebook.com/groups/hotrobaohiem/posts/2503004823536742/,"Bé nhà mình 5 tuổi hẹp bao quy đầu, đã nong 1 lần nhưng vẫn hẹp, mình định xin bs chỉ định cắt thì không biết insmart có chi trả viện phí nội trú không ạ. Có gọi tổng đài thì được trả lời chung chung",5,5,0,0,15,unknown,Trung lap,0,12,0,2,0,0/12 (0.0%),Normal,
720,TƯ VẤN QUYỀN LỢI BẢO HIỂM,https://www.facebook.com/groups/hotrobaohiem/posts/2503042310199660/,Em xin giá bảo hiểm Bảo Việt - Pijico khu vực Bạc Liêu cho xe City 2018,11,11,0,0,10,unknown,Spam,0,0,0,10,0,0/0 (0%),Normal,
721,TƯ VẤN QUYỀN LỢI BẢO HIỂM,https://www.facebook.com/groups/hotrobaohiem/posts/2503056830198208/,"⚠️ BÀI CHỈ TRÍCH BẢO HIỂM TASCO: KÉO DÀI — CHÈN ÉP — PHẢI CHỊU TRÁCH NHIỆM! Đã hơn 9 tháng kể từ khi xe tôi bị ngập lụt — một sự kiện thuộc phạm vi bảo hiểm, tôi đã đóng phí đầy đủ, thông báo đúng thời hạn. Nhưng Tasco chỉ biết trì hoãn, tìm lý do, đòi hỏi vô lý mà không giải quyết. ✅ Đã có báo giá gara + báo giá chính hãng Hyundai Thành Công — Tasco không chấp nhận ✅ Đã giải thích rõ: ngày xảy ra lũ, chính hãng cũng bị ngập, không nhận xe và khuyên chuyển đến gara — Tasco vẫn cố tình khắc khe ✅ Đã khiếu nại lên Cục Quản lý Giám sát Bảo hiểm — vẫn im lặng Tasco đang cố tình kéo dài cho đến khi khách hàng mệt mỏi, chấp nhận bồi thường thấp hoặc bỏ cuộc. Đây không phải giải quyết khiếu nại — đây là chèn ép, lạm dụng vị thế, né tránh trách nhiệm hợp đồng. Trong khi đó, xe ngày càng hư hỏng nặng, tôi vẫn phải trả hơn 800 triệu vay ngân hàng mỗi tháng cho một chiếc xe vô dụng. Tất cả thiệt hại phát sinh do sự trì hoãn của Tasco — Tasco phải hoàn toàn chịu trách nhiệm. Tasco nghĩ người dân bình thường không có tiền thuê luật sư thì dễ bóp ép? SAI RỒI! Tôi có đủ chứng cứ, đủ lý lẽ, và sẽ không ngừng lại cho đến khi nhận được sự công bằng. Bảo hiểm tồn tại để bảo vệ khách hàng, chứ không phải để tìm cách trừ bớt, trì hoãn khi có rủi ro. Tasco — hãy tôn trọng hợp đồng, tôn trọng khách hàng, và tôn trọng pháp luật! Nếu tiếp tục né tránh, mọi hậu quả pháp lý sẽ do Quý công ty gánh chịu.",54,54,0,0,25,unknown,Tieu cuc,1,7,22,2,0,22/30 (73.3%),Urgent,
722,TƯ VẤN QUYỀN LỢI BẢO HIỂM,https://www.facebook.com/groups/hotrobaohiem/posts/2503061723531052/,Các bác cho em hỏi bảo hiểm Pijico có ổn không ạ,16,16,0,0,10,unknown,Tich cuc,6,2,1,2,0,1/9 (11.1%),Normal,
723,TƯ VẤN QUYỀN LỢI BẢO HIỂM,https://www.facebook.com/groups/hotrobaohiem/posts/2503218143515410/,"Mình muốn mua bảo hiểm thân vỏ bên bảo việt, có bạn sale nào khu vực vĩnh phúc ko ạ",11,11,0,0,21,unknown,Spam,1,9,0,10,0,0/10 (0.0%),Normal,
724,TƯ VẤN QUYỀN LỢI BẢO HIỂM,https://www.facebook.com/groups/hotrobaohiem/posts/2503317920172099/,em đang tái đăng ký bảo hiểm cho xon Vf5 2023 đang phân vân giữa DBV và MIC các cụ tư vấn em lên chọn bên nào với ạ. Hiện tại em đang dùn DBV mà cũng chưa ưng với mấy ông giám định viên,8,8,0,0,16,unknown,Spam,2,5,2,7,0,2/9 (22.2%),Normal,
725,TƯ VẤN QUYỀN LỢI BẢO HIỂM,https://www.facebook.com/groups/hotrobaohiem/posts/2503428526827705/,E chào mn ạ Hiển tại xe e bị hỏng mô tơ quạt tản nhiệt không biết bảo hiểm có chi trả phần này không ạ,9,9,0,0,12,unknown,Tieu cuc,0,5,6,0,0,6/11 (54.5%),Urgent,
726,TƯ VẤN QUYỀN LỢI BẢO HIỂM,https://www.facebook.com/groups/hotrobaohiem/posts/2503918896778668/,"Em được bảo hiểm gửi cho tờ đơn ""Giấy yêu cầu trả tiền bảo hiểm"" có chỗ ""Xác nhận"", là chữ ký của bệnh viện đúng không ạ? Mẹ em có vay Fe thì có kèm bảo hiểm nên em thử claim ạ,",4,4,0,0,4,unknown,Trung lap,0,4,0,0,0,0/4 (0.0%),Normal,
727,TƯ VẤN QUYỀN LỢI BẢO HIỂM,https://www.facebook.com/groups/hotrobaohiem/posts/2504080763429148/,"E từng đăng bài này Nay qua lễ bên bảo hiểm bảo bên em phải đồng ý khấu trừ 30% thì thứ 2 mới xong hồ sơ Còn nếu không chịu thì xe tải bên em lại tiếp tục ngâm hồ sơ Mà chỉ vì không có giấy kết quả nồng độ cồn mà khấu trù 30% là rất nhiều Em mong quý a/c ràng luật bảo hiểm tư vấn vụ này với ạ Xe tải chở rau hằng ngày, k đi mất hết khách. Hơn 1 tháng rồi ạ",9,9,0,0,15,unknown,Trung lap,0,7,6,0,0,6/13 (46.2%),Following,
728,TƯ VẤN QUYỀN LỢI BẢO HIỂM,https://www.facebook.com/groups/hotrobaohiem/posts/2504828580021033/,"Như em đã phản ánh. Em có mua bảo hiểm thân vỏ cho xe của công ty BSH. Xe bị tai nạn từ tháng 1/2/2026. Xe hỏng hóc toàn bộ. Được tư vấn viên xác định đền bù thiệt hại toàn bộ. Đến tháng 5 em đã cung cấp đủ hồ sơ vụ việc cho phía công ty BSH. NHƯNG ĐẾN THỜI ĐIỂM HIỆN TẠI, ĐÃ 4 THÁNG RỒI VẪN KHÔNG LIÊN LẠC ĐỂ ĐỀN BÙ CHO EM. MẶC DÙ EM GỌI LIÊN TỤC CHO TỔNG ĐÀI PHẢN ÁNH NHƯNG BÊN PHÍA CÔNG TY BSH HÀ NAM VẪN CỨ ""IM LẶNG LÀ VÀNG"". EM CÓ TÌM HIỂU THEO LUẬT BẢO HIỂM THÌ SAU 15-30 NGÀY PHẢI ĐỀN BÙ BẢO HIỂM. NHƯNG HIỆN TẠI RẤT BẾ TẮC. Hiện tại tháng nào em cũng phải đóng 8 triệu tiền gốc lãi xe từ tháng 2 đến giờ là hơn 50tr rồi, nếu không muốn bị nợ xấu. Xẩy ra tai nạn, bản thân em cũng đang gánh 1 khoản nợ sau khi tòa xử án rồi. Bây giờ công ty BSH cũng vẫn thờ ơ với trường hợp của em. Nên em có gọi cho Cục quản lý, giám sát bảo hiểm- Bộ tài chính. Và được yêu cầu nộp hồ sơ liên quan. VẬY Em mong anh chị đã từng trải qua, tư vấn giúp em cần phải có các loại giấy tờ nào để nộp lên cục và lên tòa để Kiện yêu cầu giải quyết? MONG ANH CHỊ GIÚP ĐỠ Như em đã phản ánh. Em có mua bảo hiểm thân vỏ cho xe của công ty BSH. Xe bị tai nạn từ tháng 1/2/2026. Xe hỏng hóc toàn bộ. Được tư vấn viên xác định đền bù thiệt hại toàn bộ. Đến tháng 5 em đã cung cấp đủ hồ sơ vụ việc cho phía công ty BSH.",7,7,0,0,2,unknown,Tich cuc,1,1,0,0,0,0/2 (0.0%),Normal,
729,TƯ VẤN QUYỀN LỢI BẢO HIỂM,https://www.facebook.com/groups/hotrobaohiem/posts/2505424459961445/,"Em chào mọi người! Em bị xe tải nó vượt ẩu thiệt hại nặng cho xe em. Điều đáng nói là nó bỏ chạy luôn, chạy như cha chết luôn. Ngay gần chung cư em ở và đêm khuya ( 1:30 sáng) nên em chạy vào hầm luôn. Sợ dí nó cũng không được và cũng nghĩ nếu dí nó, mấy anh CSGT thấy thì lại gây hoạ cho các anh cán bộ (nếu mấy anh mà dí theo 1 thằng chạy như vậy có khi nó liều nó tông thì chết toi) Sau khi vào hầm chung cư thì em có gọi bảo hiểm và có cắt clip, báo cáo vi phạm trên VNeID và Cục Cảnh Sát Giao Thông. Em không biết là trường hợp của em thì bảo hiểm có khó khăn gì không ạ? Mong quý cao nhân, anh chị cho em 1 lời ạ 🙇🏼 Lần đầu bị tai nạn mà nặng như này em cũng không biết xử trí. Em xin cảm ơn!",24,24,0,0,33,unknown,Trung lap,8,19,5,0,0,5/32 (15.6%),Normal,
730,TƯ VẤN QUYỀN LỢI BẢO HIỂM,https://www.facebook.com/groups/hotrobaohiem/posts/2505728609931030/,Các bác cho E hỏi chút : E dùng xe điện đã mua bảo hiểm thân vỏ của MIC. Hôm qua E đi bị trầy larang và cắn mất miếng lốp. E gọi lên tổng đài hỏi thì nv MIC bảo lốp không được bảo hiểm. Như vậy có chuẩn không ae nhỉ ?,13,13,0,0,13,unknown,Trung lap,3,8,1,0,0,1/12 (8.3%),Normal,
731,TƯ VẤN QUYỀN LỢI BẢO HIỂM,https://www.facebook.com/groups/hotrobaohiem/posts/2506557323181492/,"Em cần mua bảo hiểm thân vỏ PVI, nhờ anh chị hỗ trợ với ạ.",16,16,0,0,22,unknown,Tich cuc,5,3,1,4,0,1/9 (11.1%),Normal,
732,TƯ VẤN QUYỀN LỢI BẢO HIỂM,https://www.facebook.com/groups/hotrobaohiem/posts/2506650976505460/,Em cần mua BHTV Bảo Việt khu vực Bạc Liêu hoặc Cà Mau để tiện liên hệ trực tiếp. Thông tin xe: City 2018 CVT 1.5 biển trắng,7,7,0,0,12,unknown,Trung lap,0,6,1,5,0,1/7 (14.3%),Normal,
733,TƯ VẤN QUYỀN LỢI BẢO HIỂM,https://www.facebook.com/groups/hotrobaohiem/posts/2506711969832694/,Cho em hỏi em nằm viện phẫu thuật đăng ký nằm giường yêu cầu thì bên VBI có chi trả lại không ạ,6,6,0,0,7,unknown,Trung lap,0,4,2,1,0,2/6 (33.3%),Normal,
734,TƯ VẤN QUYỀN LỢI BẢO HIỂM,https://www.facebook.com/groups/hotrobaohiem/posts/2506719873165237/,Mọi người cho em hỏi em nằm viện phẫu thuật đăng ký nằm giường yêu cầu thì bên VBI có chi trả lại không ạ,1,1,0,0,5,unknown,Trung lap,1,5,0,0,0,0/6 (0.0%),Normal,
735,TƯ VẤN QUYỀN LỢI BẢO HIỂM,https://www.facebook.com/groups/hotrobaohiem/posts/2506795596490998/,"Trong quá trình di chuyển xe em báo lỗi như này..mang tới xưởng cầu văn phú phừơng lào cai mới )kiểm tra pin( và gửi pin xuống nhà máy kiểm tra.sau vài ngày nhà máy báo là (đi qua vùng ngập nước (nước vào van pin) ko bảo hành cho em.mọi người ai biết giúp em hứơng giải quyết vs ạ.. xe em mua trả góp.chưa đc 1 năm giờ từ chối thay quả pin thì quá là tổn thất 😪 Có đóng bảo hiểm thân vỏ,của (DBV) và em chạy biển vàng.",37,37,0,0,38,unknown,Tieu cuc,2,20,24,0,0,24/46 (52.2%),Urgent,
736,TƯ VẤN QUYỀN LỢI BẢO HIỂM,https://www.facebook.com/groups/hotrobaohiem/posts/2506985336472024/,"Em chào anh chị em có vay thế xe bên opes vay qua vpbank ,vay sx kinh doanh nay tới hạn tái tục thì tái tục tiếp với opes ,xe em 2023 vinfast vf5 giá thị trường chỉ quanh 300-350tr nhưng bên bao hiểm muốn định giá xe em lên 405tr thì có thương lượng để giảm xuống 350tr dc không ạ sale họ vin vô năm ngoái giá trị khai báo 465tr nên năm nay khai báo em 405tr ạ",3,3,0,0,1,unknown,Spam,0,0,0,1,0,0/0 (0%),Normal,
737,TƯ VẤN QUYỀN LỢI BẢO HIỂM,https://www.facebook.com/groups/hotrobaohiem/posts/2507440349759856/,"Xe Mini Cooper cháy rụi, bảo hiểm định giá 223 triệu, tòa buộc trả đủ 450 triệu. Bố khỉ; toàn dùng quan hệ này, áp cho quan hệ khác!",138,138,0,0,15,unknown,Tieu cuc,2,4,6,1,0,6/12 (50.0%),Urgent,
738,TƯ VẤN QUYỀN LỢI BẢO HIỂM,https://www.facebook.com/groups/hotrobaohiem/posts/2507638976406660/,"Các ac thông thái cho em hỏi này với ạ Trong nhóm mình có anh chị nào từng mua gói đóng 5 năm, 10 năm bảo vệ 15 20 năm và sau 20 năm rút được tiền chưa ạ. Và rút được bao nhiêu ạ. Lỗ nhiều hay huề vốn ạ - Em đang đóng gói 3 tháng hơn 5 triệu. 1 năm cỡ 20tr. Em đóng từ 2024 đến nay. Em mua 2 gói cho em và con em Em đang cân nhắc giữa việc tiếp tục đóng hay ngưng ạ. Vì em đóng 2 mẹ con là hơn 80tr nếu giờ ngưng thì e rút đc 9 triệu/ 1 hợp đồng. ( em ngưng sớm hơn trong hợp đồng em hiểu ạ) Điều em lo lắng là nếu giờ em tiếp tục đóng 15 năm và con em 5 năm. Và sau 20 năm em có được rút huề vốn ko ạ hay là sau 20 năm đóng 2 300tr mà nhận về có 10 15tr ấy ạ. Nếu mà vậy thì thật giờ em ngưng sớm. Em dành tiền đó mua vàng để dành cho con em sau này ấy ạ Mong các chị cho em lời khuyên ạ. Em cảm ơn nhiều ạ",8,8,0,0,21,unknown,Trung lap,1,12,0,7,0,0/13 (0.0%),Normal,
739,TƯ VẤN QUYỀN LỢI BẢO HIỂM,https://www.facebook.com/groups/hotrobaohiem/posts/2508313993005825/,Xem mình gần hết bảo hiểm thân vỏ. Bh bên tao tốt vậy các bác giá cả ok vậy các bác.bác nào bán chắt chiết khấu thi để lại tin e. E ở hà nội,12,12,0,0,41,unknown,Spam,8,5,1,26,0,1/14 (7.1%),Normal,
740,TƯ VẤN QUYỀN LỢI BẢO HIỂM,https://www.facebook.com/groups/hotrobaohiem/posts/2508316866338871/,"A/c cho em hỏi, xe em di chuyển và va quẹt như camera. em có gọi BH Hùng Vương, GĐV không tới, chỉ làm từ xa. nói là em di dời khỏi hiện trường và chế tài em như hình ảnh bên dưới. làm như nào để đòi được quyền lợi của mình vậy A/C.",30,30,0,0,22,unknown,Tieu cuc,1,7,13,1,0,13/21 (61.9%),Urgent,
741,TƯ VẤN QUYỀN LỢI BẢO HIỂM,https://www.facebook.com/groups/hotrobaohiem/posts/2508330636337494/,"LƠ ĐỄNH TÍ BAY NGAY TRĂM CỦ May mua bảo hiểm xịn, mất có 500k Bọn Hàn cũng bào tiền dân Việt ác thật, đôi đèn con Kia K5 hơn 80 củ, chiếm tơi 15% giá trị xe",93,93,0,0,25,unknown,Trung lap,1,15,6,3,0,6/22 (27.3%),Following,
742,TƯ VẤN QUYỀN LỢI BẢO HIỂM,https://www.facebook.com/groups/hotrobaohiem/posts/2508357513001473/,"Anh chị em mua bảo hiểm xe chịu khó shopping 1 vòng nhé, Nhóm BH top đầu uy tín phí đang rẻ hơn nhóm cty tai tiếng đấy",238,238,0,0,83,unknown,Trung lap,16,37,8,20,0,8/61 (13.1%),Following,
743,TƯ VẤN QUYỀN LỢI BẢO HIỂM,https://www.facebook.com/groups/hotrobaohiem/posts/2508502836320274/,Xe em limo date mới 2026 cần mua bảo hiểm thân vỏ biển vàng khu vực hcm đồng nai em đag phân vân giữa 1 chiều và 2 chiều ac tư vấn em với,3,3,0,0,2,unknown,Tich cuc,1,0,0,1,0,0/1 (0.0%),Normal,
744,TƯ VẤN QUYỀN LỢI BẢO HIỂM,https://www.facebook.com/groups/hotrobaohiem/posts/2508592196311338/,"E viết bài này, để gửi đôi lời cảm ơn chân thành của mẹ con e tới anh #Nguyễn_Khắc_xuân! A đã giúp e lấy đủ tối đa số tiền 100tr đồng , của bên BHTNDS Cảm ơn a đã hỗ trợ e , trong quá trình đòi quyền lợi của bên BH ! (A đã giúp free nhé cả nhà) E không biết nói gì hơn, chỉ biết gửi lời cảm ơn chân thành tới a . Chúc a và gđ luôn mạnh khoẻ-hp-giúp đỡ đc nhiều trường hợp khong nắm rõ về luật như em ạ!!!",201,201,0,0,44,unknown,Tich cuc,19,16,4,5,0,4/39 (10.3%),Normal,
745,TƯ VẤN QUYỀN LỢI BẢO HIỂM,https://www.facebook.com/groups/hotrobaohiem/posts/2508696726300885/,Mọi người ơi sao em tra số hợp đồng bảo hiểm ds vs thân vỏ của pti mà nó ko có ra gì vậy ạ,4,4,0,0,4,unknown,Tich cuc,1,1,1,1,0,1/3 (33.3%),Normal,
746,TƯ VẤN QUYỀN LỢI BẢO HIỂM,https://www.facebook.com/groups/hotrobaohiem/posts/2509279739575917/,Xe oto mình mua lại sang tên rồi vẫn còn bảo hiểm thân vỏ của chủ cũ. Nếu trường hợp cần bảo hiểm thì có được chấp nhận không ak? Thank ad,19,19,0,0,30,unknown,Trung lap,2,24,4,0,0,4/30 (13.3%),Normal,
747,TƯ VẤN QUYỀN LỢI BẢO HIỂM,https://www.facebook.com/groups/hotrobaohiem/posts/2509384799565411/,Xe đậu tường tự đổ gây hư hỏng Bảo hiểm chắc chắn phải bồi thường rồi Nhưng bảo hiểm có được thế quyền chủ xe đòi chủ nhà không?,227,226,1,0,110,unknown,Trung lap,4,94,10,2,0,10/108 (9.3%),Following,
748,TƯ VẤN QUYỀN LỢI BẢO HIỂM,https://www.facebook.com/groups/hotrobaohiem/posts/2509501529553738/,"**TƯ VẤN ĐÒI BỒI THƯỜNG THIỆT HẠI THƯỚC LÁI DO NƯỚC VÀO** Đợt mưa gần đây nhiều anh em mua BH qua INFAIR và anh em khác bị hỏng thước lái do đi vào vùng nước, mấy hôm sau mới báo lỗi và phát hiện nước vào làm hỏng mạch điện điều khiển, mô tơ thước lái. Bảo hiểm hoặc là từ chối do chụp cao su rách, hoặc chế tài không hiện trường, hoặc khấu trừ theo điều khoản bổ sung ngập nước/ thủy kích. **Tất cả đều sai nhé anh chị em:** * Việc thước lái bị hỏng là do nước vào, do nước gây ra chứ không phải do rách chụp bụi gì cả, là rủi ro được bảo hiểm nên bảo hiểm phải đền bù * Đây là thiệt hại được bảo hiểm theo điều khoản chính đền bù 100% chứ không phải bị khấu trừ (10-30%) theo điều khoản bổ sung thủy kích/ngập nước. ĐK bổ sung thủy kích/ngập nước chỉ áp dụng với thiệt hại động cơ đốt trong, hệ thống điện. Thước lái điện không phải là hệ thống điện nên không bị khấu trừ nhé. * Không thể giảm trừ/chế tài lỗi không giữ hiện trường được vì khi đi qua chỗ ngập không bị lỗi ngay, vài ngày sau mới phát sinh và phải tháo ra mới phát hiện tổn thất bạn đã báo ngay bảo hiểm. Nếu BH cố tình đòi giảm trừ không hiện trường bạn yêu cầu họ chỉ ra làm thế nào để có hiện trường đối với thiệt hại này? Nhờ anh em chia sẻ để mọi người bị không bị trừ tiền oan nhé, xe BMW và VF bị rất nhiều đợt này",191,191,0,0,41,unknown,Trung lap,7,28,5,1,0,5/40 (12.5%),Normal,
749,TƯ VẤN QUYỀN LỢI BẢO HIỂM,https://www.facebook.com/groups/hotrobaohiem/posts/2510296069474284/,Các bác cho em hỏi nên mua bảo hiểm thân vỏ bên nào tốt thế ạ,19,19,0,0,36,unknown,Spam,12,5,2,13,0,2/19 (10.5%),Normal,
750,TƯ VẤN QUYỀN LỢI BẢO HIỂM,https://www.facebook.com/groups/hotrobaohiem/posts/2510296316140926/,"Các bác ơi, bố em bị tai nạn, phải đưa vào Việt Đức mổ và mổ xong rồi, nhưng bây giờ họ không có phòng, thì nếu em chuyển sang Vinmec nằm thì em có được chi trả hay không ạ? Em tham gia thẻ Pru nâng cao Có sợ bị bên BH quy là trục lợi bảo hiểm không ạ?",7,7,0,0,10,unknown,Trung lap,3,5,0,1,0,0/8 (0.0%),Normal,
751,TƯ VẤN QUYỀN LỢI BẢO HIỂM,https://www.facebook.com/groups/hotrobaohiem/posts/2510361122801112/,"E xin phép AD, e cần tư vấn mua bh xe Xe : Toyota Yaris Cross Năm SX : 2025 Khu vực : Kép-Lạng Giang-Bắc Giang Cũ, nay là P.Kép, Bắc Ninh (Ảnh chống trôi bài )",6,6,0,0,13,unknown,Spam,0,1,2,9,0,2/3 (66.7%),Normal,
752,TƯ VẤN QUYỀN LỢI BẢO HIỂM,https://www.facebook.com/groups/hotrobaohiem/posts/2510406719463219/,"Các bác cho em hỏi xe của em thỉnh thoảng lại quệt nhẹ chỗ này chỗ kia một tí, xước sơn với móp một tí, đầu có, đít có. Nhưng gom lại để làm bảo hiểm một lần có được không nhỉ, và bên bảo hiểm có hỏi rõ vết nào thời gian nào, nguyên nhân gây ra không, ảnh hiện trường này nọ... Hay các vết nhẹ thì họ duyệt luôn? Vì các vết nó không nặng, mà mỗi lần như thế lại gọi bảo hiểm thì cũng tốn thời gian và lệ phí hồ sơ từng lần.",13,13,0,0,19,unknown,Trung lap,1,13,4,0,0,4/18 (22.2%),Following,
753,TƯ VẤN QUYỀN LỢI BẢO HIỂM,https://www.facebook.com/groups/hotrobaohiem/posts/2510450936125464/,Em dùng bảo hiểm tasco . Nhân viên hiện trường đánh gí lỗi 100% bên thứ 3 . Công an bảo các bên tự thoả thuận không lập hồ sơ ( do không còn hiện trường ) . Pa duyệt giá 24 triệu . Bên bảo hiểm báo không có hồ sơ công an thì không có cơ sở đền bù là đúng ko các bác . Lần đầu tiên e làm bảo hiểm hoang mang thực sự.,39,38,0,1,21,unknown,Tieu cuc,1,9,10,1,0,10/20 (50.0%),Urgent,
754,TƯ VẤN QUYỀN LỢI BẢO HIỂM,https://www.facebook.com/groups/hotrobaohiem/posts/2510556852781539/,"Chào các anh/chị, nhờ mọi người tư vấn giúp em trường hợp này với ạ. Xe em đang đi trên cao tốc thì bị xe phía sau đâm. CA đưa các xe vào bãi để hai bên tự làm việc với nhau. Em gọi bảo hiểm PVI và phải gọi nhiều lần nhân viên mới đến. Sau đó bên bảo hiểm nói xe bị đâm thì bên gây tai nạn phải đền, bảo hiểm không chi trả. Sau đó bên xe đâm vào xe em đã đền tiền sửa xe cho em. Hiện bên bảo hiểm lại xin biên lai/giấy tờ liên quan đến khoản tiền bên kia đã đền. Em không hiểu trường hợp này bên bảo hiểm xin biên lai để làm gì? Mong các anh/chị hiểu về bảo hiểm tư vấn giúp em với ạ. Em cảm ơn mọi người!",2,2,0,0,3,unknown,Spam,1,0,0,2,0,0/1 (0.0%),Normal,
755,TƯ VẤN QUYỀN LỢI BẢO HIỂM,https://www.facebook.com/groups/hotrobaohiem/posts/2511304476040110/,"Em buồn quá các anh chị ơi , xe em đậu dưới đường bị xe khác tông vào ck em cũng ko biết để gọi lên tổng đài và đánh xe về hãng , trước lúc đó cũng quay phim. Chụp ảnh lại hiện trường , bạn gây tai nạn thì cũng bảo sẽ chịu trách nhiệm , ngày hôm sau em mới biết số tổng đài để gọi lên thì ck em cũng đã gặp anh giám sát viên và tường trình lại sự việc nhưng sự việc ko dc giải quyết như mong muốn , bạn đâm Vào em thì giờ bảo ko có tiền , bên bảo hiểm thì bảo tự đòi bên thứ ba , em vào đọc các bài trong nhóm thì cũng thấy nhiều bài về bảo hiểm TASCO mà nỗi buồn nó lại nhân đôi 😭. Anh chị ơi giờ em phải làm như nào , 5 ngày rồi em ko có hướng giải quyết 😭",50,50,0,0,33,unknown,Trung lap,2,16,12,3,0,12/30 (40.0%),Following,
756,TƯ VẤN QUYỀN LỢI BẢO HIỂM,https://www.facebook.com/groups/hotrobaohiem/posts/2511649772672247/,"Mình tìm sales BHSK PVI, Bao Viet, v.vv ạ. Mình trước có mua VBI rồi, muốn tìm hiểu và mua thêm BHSK mới cho mình và cả nhà. Cảm ơn ạ",8,8,0,0,15,unknown,Spam,0,2,1,10,0,1/3 (33.3%),Normal,
757,TƯ VẤN QUYỀN LỢI BẢO HIỂM,https://www.facebook.com/groups/hotrobaohiem/posts/2512048919298999/,"Nghe nói PJICO nay cũng có bảo hiểm pin độc lập, e tham khảo thấy giá mềm hơn BV. E lần đầu mua xe nên ko biết hãng nào ổn. Nhờ các bác đi trước có kinh nghiệm rồi e xin tí review với ạ",31,31,0,0,25,unknown,Trung lap,2,14,3,6,0,3/19 (15.8%),Normal,
758,TƯ VẤN QUYỀN LỢI BẢO HIỂM,https://www.facebook.com/groups/hotrobaohiem/posts/2512271575943400/,"“Tát sờ cô” xuống hiện trường nằng nặc yêu cầu bên khách hàng gọi “ông can”. Tiếp theo là quả hướng dẫn thu thập chứng cứ, hiện trường, hồ sơ liên quan đến bảo hiềm như văn bản này các bác ạ.",37,37,0,0,36,unknown,Tieu cuc,1,14,18,2,0,18/33 (54.5%),Urgent,
759,TƯ VẤN QUYỀN LỢI BẢO HIỂM,https://www.facebook.com/groups/hotrobaohiem/posts/2512320529271838/,"Các cụ cao kiến cho hỏi ạ, xe ko có điều khoản thuỷ kích ngập nước nhưng lạc tay lái rơi xuống ao thì có được bảo hiểm ko",15,15,0,0,8,unknown,Trung lap,3,5,0,0,0,0/8 (0.0%),Normal,
760,TƯ VẤN QUYỀN LỢI BẢO HIỂM,https://www.facebook.com/groups/hotrobaohiem/posts/2512402182597006/,Cần mua BH thân vỏ PVI kvuc Vũng Tàu,9,9,0,0,13,unknown,Spam,0,2,0,8,0,0/2 (0.0%),Normal,
761,TƯ VẤN QUYỀN LỢI BẢO HIỂM,https://www.facebook.com/groups/hotrobaohiem/posts/2512843485886209/,Mấy công ty bảo hiểm ngày nào cũng phốt phí lại cao hơn nhóm uy tín top đầu. Lý do đây. Bảo sao mua qua hãng xe hoặc ngân hàng phí cao nhưng toàn bị BH gian lận tiền bồi thường khi tai nạn,68,68,0,0,17,unknown,Tieu cuc,0,4,9,2,0,9/13 (69.2%),Urgent,
762,TƯ VẤN QUYỀN LỢI BẢO HIỂM,https://www.facebook.com/groups/hotrobaohiem/posts/2512976339206257/,Cho mình hỏi trong nhóm có ai bán bảo hiểm thân vỏ pvi ở hà nam cũ không. Cho mình thông tin lien hệ với,6,6,0,0,9,unknown,Spam,2,1,0,6,0,0/3 (0.0%),Normal,
763,TƯ VẤN QUYỀN LỢI BẢO HIỂM,https://www.facebook.com/groups/hotrobaohiem/posts/2513202972516927/,"VỤ NÀY M!C CẮN KHÁCH BAO NHIÊU? Chưa bàn tách 2 vụ và chế tài 25% đúng hay sai, hãy xem cách tính này đớp thêm của khách bao nhiêu? Chế tài/ giảm trừ 25% là phải tính trên số tiền bồi thường cuối cùng, nghĩa là phải lấy Chi phí sửa - Giảm Giá - Khấu Hao - Khấu trừ mới ra số tiền cuối cùng, rồi trừ 25%. Đây bọn M!C trừ luôn 25% chi phí sửa thành 5.624.750 là ăn gian Số tiền bồi thường chưa trừ 25% phải là: 22499000- 1406175 - 93750 -187500 -1000000 = 19.811.757 Số tiền KH bị chế tài 19.811.575 x25% = 4.952.893 Số tiền ăn gian: 5.624.750 - 4.952.893 = 671.857 đồng Không phải dốt, chả bao giờ dốt mà tính lợi cho khách cả. Tính ra cả trăm nghìn khách không biết đớp bao tỏi. Giám đốc TC khôn thật",72,72,0,0,31,unknown,Tieu cuc,2,9,10,0,0,10/21 (47.6%),Following,
764,TƯ VẤN QUYỀN LỢI BẢO HIỂM,https://www.facebook.com/groups/hotrobaohiem/posts/2513327732504451/,Em chào các anh chị trong nhóm. Xe em không may va chạm với một xe khác và có gọi công an đến giám định hiện trường mà đo đạc các thứ kèm kiểm tra nồng độ cồn thì cả hai lxe đều ko có cồn. Sau khi về trụ sở công an làm việc thì công an báo là lỗi hỗn hợp nếu xử lý thì cả hai lái xe đều phải nộp phạt và trừ điểm giấy phép lái xe. Nên có viết biên bản ghi nhận sự việc rồi cho về. Bên bảo hiểm thân vỏ trong trường hợp này họ có quyền đòi hạ mức bồi thường cho e xe của em ko ạ. Vì e mua tnsd và thân vỏ hai đơn vị khác nhau ạ.,10,10,0,0,11,unknown,Trung lap,1,7,2,1,0,2/10 (20.0%),Normal,
765,TƯ VẤN QUYỀN LỢI BẢO HIỂM,https://www.facebook.com/groups/hotrobaohiem/posts/2513369155833642/,"Các bác cho e hỏi trường hợp e bị xe khác tông , nhưng gọi bảo hiểm họ ko xuống mà chỉ hướng dẫn từ xa thì phải làm sao ạ ( có ng bảo gọi bảo hiểm đến để làm thế quyền )",34,34,0,0,20,unknown,Tieu cuc,0,0,1,1,0,1/1 (100.0%),Normal,
766,Cộng đồng Tư vấn viên bảo hiểm,https://www.facebook.com/groups/congdongtuvanvienbaohiem/posts/28557089230570146/,"MẸ BỈM MUỐN QUAY LẠI ĐI LÀM SAU THỜI GIAN NGHỈ SINH? Có con rồi, tiêu chí chọn việc cũng khác. Mình vẫn muốn có thu nhập, phát triển sự nghiệp, nhưng cũng cần một công việc đủ linh hoạt để còn thời gian dành cho con. Team ChubbLife đang tuyển Chuyên viên Tư vấn Tài chính – Bảo hiểm Công việc phù hợp với mẹ muốn: - Chủ động thời gian làm việc - Thu nhập theo năng lực - Được đào tạo bài bản từ đầu - Có đội ngũ đồng hành, hỗ trợ - Xây dựng thương hiệu cá nhân trên mạng xã hội - Có lộ trình phát triển lên quản lý - Cơ hội tham gia các chương trình thi đua, du lịch trong và ngoài nước Không yêu cầu bạn phải từng làm bảo hiểm. Nếu bạn thích giao tiếp, chăm sóc khách hàng và muốn nghiêm túc quay trở lại thị trường lao động, hãy thử cho mình một cơ hội mới. TRƯỜNG NGUYỄN BẢO HIỂM TƯ VẤN VIÊN TÀI CHÍNH 📲 Zalo: 0932 560 166 📩 CV: TruongNguyen.Chubb@gmail.com 📍 Toà nhà Chubb Tower 260 Phan Đình Phùng, P. Cầu Kiệu, TP.HCM #ViecLamMeBim #MeBimTimViec #ViecLamSauThaiSan #TuyenDungBaoHiem #TuyenDungChubbLife #TuVanTaiChinh #TuVanBaoHiem #ViecLamLinhHoat #TimViecTPHCM",0,0,0,0,0,,,0,0,0,0,0,0/0 (0%),Normal,
767,Cộng đồng Tư vấn viên bảo hiểm,https://www.facebook.com/groups/congdongtuvanvienbaohiem/posts/28558389803773422/,Hồ Chí Minh mình không có sử dụng MIC nên muốn pass lại cho bạn nào có nhu cầu. 1tr cảm ơn mọi người đã quan tâm. Mong được admin duyệt bài.,1,1,0,0,2,health,Spam,0,0,0,2,0,0/0 (0%),Normal,
768,Cộng đồng Tư vấn viên bảo hiểm,https://www.facebook.com/groups/congdongtuvanvienbaohiem/posts/28558819397063796/,Minh cần tham gia bảo hiểm tích lũy kèm sức khỏe cho bản thân . Tài chính tầm 30tr. A/c nào beên bảo hiểm uy tín tư vấb giúp mình ạ. Zalo 0386453523. Mình cảm ơn !,33,33,0,0,46,unknown,Spam,2,5,0,34,0,0/7 (0.0%),Normal,
769,Cộng đồng Tư vấn viên bảo hiểm,https://www.facebook.com/groups/congdongtuvanvienbaohiem/posts/28558858303726572/,"Có bác nào đã dùng bảo hiểm aia chưa ạ. Cho em hỏi khám ngoại trú cho con các bác claim có bị loại trừ nhiều không (kiểu xét nghiệm do bsi chỉ định mà âm tính thì có dc thanh toán k ạ) E đag cân nhắc giữa AIA gói 14tr và Gen gói ngày mai vững chắc. Mong muốn khám, nằm viện các viện như đại học y, xanhpon, hồng ngọc phúc trường minh, phenika thì cái nào claim ngon hơn ạ.",2,2,0,0,1,unknown,Trung lap,0,1,0,0,0,0/1 (0.0%),Normal,
770,Cộng đồng Tư vấn viên bảo hiểm,https://www.facebook.com/groups/congdongtuvanvienbaohiem/posts/28559909996954736/,Minh cần tham gia bảo hiểm tích lũy kèm sức khỏe cho bản thân . Tài chính tầm 30tr. A/c nào beên bảo hiểm uy tín tư vấb giúp mình ạ. Zalo 0386453523. Mình cảm ơn !,14,14,0,0,21,unknown,Spam,0,1,0,20,0,0/1 (0.0%),Normal,
771,Cộng đồng Tư vấn viên bảo hiểm,https://www.facebook.com/groups/congdongtuvanvienbaohiem/posts/28559992406946495/,"🔥 VIB TUYỂN DỤNG CHUYÊN VIÊN THẺ – THU NHẬP TỪ 15 TRIỆU/THÁNG - ĐI LÀM NGAY NGÀY LÀM 4 TIẾNG 🔥 Bạn đang tìm kiếm một công việc năng động, thu nhập hấp dẫn và cơ hội phát triển trong môi trường ngân hàng chuyên nghiệp? Đây chính là cơ hội dành cho bạn! 💰 Quyền lợi hấp dẫn ✅ Ngày làm 4 tiếng ✅ Thu nhập từ 15 triệu đồng/tháng trở lên và không giới hạn ✅ Làm việc theo job tại trung tâm thương mại, siêu thị, nhà sách đã được ngân hàng VIB hợp tác cùng đối tác uy tín ✅ Được đào tạo bài bản từ đầu, không yêu cầu kinh nghiệm ✅ Môi trường làm việc trẻ trung, năng động ✅ Mở rộng mạng lưới quan hệ và phát triển kỹ năng giao tiếp, bán hàng 🎯 Yêu cầu ứng viên ✔ Nhanh nhẹn, nhiệt huyết và có trách nhiệm trong công việc ✔ Sử dụng tốt điện thoại di động và các ứng dụng cơ bản ✔ Có tinh thần học hỏi, chủ động và kỹ năng giao tiếp tốt 📍 Địa điểm làm việc: Theo các điểm cố định tại các trung tâm thương mại, siêu thị, nhà sách mà VIB đã đặt hàng với đối tác. 👤 Liên hệ: Nguyễn Phúc Đạt – Giám đốc Phát triển Kênh Thẻ VIB 📧 Email: dat.nguyenphuc1@vib.com.vn 📱 SĐT: 0971 107 366 📩 Ứng viên vui lòng gửi CV qua Zalo để nhận thông tin chi tiết và đăng ký phỏng vấn. ⏰ Số lượng tuyển dụng có hạn – Nhanh tay ứng tuyển để không bỏ lỡ cơ hội gia nhập VIB!",0,0,0,0,0,,,0,0,0,0,0,0/0 (0%),Normal,
772,Cộng đồng Tư vấn viên bảo hiểm,https://www.facebook.com/groups/congdongtuvanvienbaohiem/posts/28561054546840281/,"Tiết kiệm vài trăm nghìn mỗi tháng thì khó đến đâu? Hay xoay vài chục, vài trăm triệu trong 1 ngày khi biến cố bất ngờ ập xuống mới khó? Lúc chưa có chuyện, vài trăm nghìn thấy tiếc. Đến lúc có chuyện, vài trăm triệu cũng chưa chắc xoay kịp. Tiền không tự nhiên xuất hiện khi mình gặp rủi ro. Nó phải được chuẩn bị từ những ngày mình vẫn còn bình yên. ☎️ Vân – TVV Dai-ichi 📞 0764 368 513 #VanTVVDaiichi #DaiichiLife #BaoHiemNhanTho #BaoHiemSucKhoe #ChuDongBaoVe #TaiChinhGiaDinh #BaoVeTuHomNay",0,0,0,0,0,,,0,0,0,0,0,0/0 (0%),Normal,
773,Cộng đồng Tư vấn viên bảo hiểm,https://www.facebook.com/groups/congdongtuvanvienbaohiem/posts/28561377283474674/,"CHÀO MỪNG QUỐC KHÁNH 02/09 Độc lập, tự do là những giá trị vô giá được vun đắp, gìn giữ và trao truyền qua nhiều thế hệ. Để hôm nay, mỗi chúng ta được sống, được theo đuổi những điều tốt đẹp và vững tin hướng tới một tương lai tốt đẹp hơn. Nhân dịp Quốc khánh 02/09, AIA Việt Nam kính chúc Quý khách hàng và gia đình một kỳ nghỉ lễ ý nghĩa, trọn vẹn niềm vui bên những người thân yêu. Cùng trân quý những giá trị được trao truyền và tiếp tục vững bước trên hành trình Sống Khỏe hơn, Lâu hơn, Hạnh phúc hơn. #PhúBảoHiểm #BảoHiểmViệnPhí #BảoHiểmSứcLaoĐộng #BảoHiểmChoNgườiTrụCột #BảoHiểmBệnhHiểmNghèo",0,0,0,0,0,,,0,0,0,0,0,0/0 (0%),Normal,
774,Cộng đồng Tư vấn viên bảo hiểm,https://www.facebook.com/groups/congdongtuvanvienbaohiem/posts/28561630006782735/,"11 triệu tỷ đồng – là số tiền người dân Việt Nam đang gửi tại ngân hàng. Trong khi đó, chỉ khoảng 11–12% dân số có bảo hiểm nhân thọ. Điều này cho thấy: người dân không thiếu tiền để bảo vệ mình, mà chúng ta chưa giúp họ nhìn thấy đủ rõ giá trị của sự bảo vệ. Tiền gửi giúp tích lũy khi cuộc sống bình thường. Bảo hiểm giúp bảo vệ kế hoạch tài chính khi điều không bình thường xảy ra. Vì vậy, người tư vấn hôm nay không chỉ cần “bán một hợp đồng”, mà cần giúp khách hàng hiểu rủi ro, hiểu nhu cầu và hiểu vì sao một phần tài sản nên được dành cho sự bảo vệ. Khoảng trống của thị trường không nằm ở tiền. Nó nằm ở niềm tin, nhận thức và cách chúng ta tư vấn. ❤️✅Còn rất nhiều gia đình đang có khả năng tài chính, nhưng chưa có một kế hoạch bảo vệ tương xứng. Đây chính là cơ hội và cũng là sứ mệnh của người làm bảo hiểm. #PhúBảoHiểm #BảoHiểmViệnPhí #BảoHiểmSứcLaoĐộng #BảoHiểmChoNgườiTrụCột #BảoHiểmBệnhHiểmNghèo",0,0,0,0,0,,,0,0,0,0,0,0/0 (0%),Normal,
775,Cộng đồng Tư vấn viên bảo hiểm,https://www.facebook.com/groups/congdongtuvanvienbaohiem/posts/28564861769792892/,"🏫 CHO THUÊ PHÒNG DẠY HỌC – 27 NGUYỄN PHƯỚC NGUYÊN, ĐÀ NĂNG Bên mình hiện có sẵn 6 phòng học, có thể linh hoạt theo quy mô lớp. ✨ Thông tin phòng: 🏫 Có 6 phòng học 👥 Sức chứa từ 8 – 20 người/phòng ❄️ Có sẵn điều hòa 🖊️ Có sẵn bảng + bút 🪑 Không gian phù hợp để tổ chức lớp học, workshop, đào tạo nhóm nhỏ. 📍 Địa chỉ: 27 Nguyễn Phước Nguyên, Đà Nẵng 👉 Cần thuê phòng theo giờ, buổi hoặc dài hạn, bạn cứ nhắn mình để được tư vấn phòng phù hợp với số lượng học viên nhé! ☎️ 0905602884 Zalo",0,0,0,0,0,,,0,0,0,0,0,0/0 (0%),Normal,
776,Cộng đồng Tư vấn viên bảo hiểm,https://www.facebook.com/groups/congdongtuvanvienbaohiem/posts/28565808229698246/,"Chào chị Ngọc Hoa 🌷💖 Dưới đây là **30 điều biết ơn dành cho con gái Phạm Ngọc Anh Thư buổi tối**, chị có thể đọc chậm rãi trước khi con ngủ, với tâm thế yêu thương và bình an. ### 🌙 30 ĐIỀU BIẾT ƠN CON GÁI PHẠM NGỌC ANH THƯ 1. 🙏 Con biết ơn vì Anh Thư luôn được bình an và khỏe mạnh. 2. 🙏 Con biết ơn vì con gái có một trái tim nhân hậu và yêu thương. 3. 🙏 Con biết ơn vì Anh Thư ngày càng trưởng thành và hiểu chuyện. 4. 🙏 Con biết ơn vì con gái có trí tuệ và khả năng học hỏi tuyệt vời. 5. 🙏 Con biết ơn vì Anh Thư biết tự chịu trách nhiệm với cuộc sống của mình. 6. 🙏 Con biết ơn vì con gái ngày càng tự tin vào chính mình. 7. 🙏 Con biết ơn vì Anh Thư biết lắng nghe và suy nghĩ trước khi quyết định. 8. 🙏 Con biết ơn vì con gái có tinh thần tự giác và kỷ luật. 9. 🙏 Con biết ơn vì Anh Thư biết trân trọng những gì mình đang có. 10. 🙏 Con biết ơn vì con gái luôn có những người yêu thương và đồng hành. 11. 🌷 Con biết ơn vì Anh Thư biết yêu thương cha mẹ và gia đình. 12. 🌷 Con biết ơn vì con gái có bản lĩnh vượt qua những khó khăn. 13. 🌷 Con biết ơn vì mỗi ngày Anh Thư đều tiến bộ hơn hôm qua. 14. 🌷 Con biết ơn vì con gái biết lựa chọn điều tốt đẹp cho tương lai. 15. 🌷 Con biết ơn vì Anh Thư có ước mơ và dám theo đuổi ước mơ. 16. 🌷 Con biết ơn vì con gái biết học hỏi từ những trải nghiệm trong cuộc sống. 17. 🌷 Con biết ơn vì Anh Thư luôn có cơ hội phát triển bản thân. 18. 🌷 Con biết ơn vì con gái có sự bình tĩnh và sáng suốt khi đưa ra quyết định. 19. 🌷 Con biết ơn vì Anh Thư biết yêu quý bản thân mình. 20. 🌷 Con biết ơn vì con gái đang từng ngày trở thành phiên bản tốt đẹp hơn. 21. ✨ Con biết ơn vì Anh Thư có một tương lai rộng mở phía trước. 22. ✨ Con biết ơn vì con gái luôn gặp được những người tốt trên hành trình của mình. 23. ✨ Con biết ơn vì Anh Thư có đủ nghị lực để vượt qua mọi thử thách. 24. ✨ Con biết ơn vì con gái luôn học được những bài học quý giá từ cuộc sống. 25. ✨ Con biết ơn vì Anh Thư biết sống tử tế, chân thành và biết ơn. 26. ✨ Con biết ơn vì mỗi ngày con gái càng tự lập và mạnh mẽ hơn. 27. ✨ Con biết ơn vì Anh Thư luôn được yêu thương, che chở và dẫn đường. 28. ✨ Con biết ơn vì con gái đang từng bước xây dựng cuộc đời mình theo cách tốt đẹp. 29. ✨ Con biết ơn vì được làm mẹ và được đồng hành cùng Anh Thư trên hành trình trưởng thành. 30. ❤️ **Con vô cùng biết ơn vì Phạm Ngọc Anh Thư là một cô gái tuyệt vời. Mẹ tin tưởng, yêu thương và luôn chúc con bình an, hạnh phúc, tự tin, trí tuệ và thành công trên con đường con lựa chọn.** ### 🌙 Lời kết trước khi ngủ **“Anh Thư yêu thương, hôm nay con đã làm rất tốt. Hãy ngủ thật ngon, thả lỏng tâm trí và đón nhận một ngày mới với thật nhiều năng lượng tích cực. Mẹ yêu con, tin con và luôn đồng hành cùng con. ❤️🙏✨”**",0,0,0,0,0,,,0,0,0,0,0,0/0 (0%),Normal,
777,Cộng đồng Tư vấn viên bảo hiểm,https://www.facebook.com/groups/congdongtuvanvienbaohiem/posts/28568914162720986/,"⚡ **“ĐỨT DÂY CHẰNG” – 2 NGÀY NẰM VIỆN HẾT BAO NHIÊU?** Bảo hiểm nghe có vẻ xa xôi, cho đến khi mình thật sự cần dùng mới thấy: **một chiếc thẻ sức khỏe tốt có thể giúp gia đình nhẹ gánh rất nhiều.** 📌 Một ca điều trị **đứt dây chằng** tại Bệnh viện Quốc tế Nam Sài Gòn: * Tổng chi phí yêu cầu: **49.113.420đ** * Dai-ichi trực tiếp bảo lãnh/chi trả: **48.214.114đ** * Thời gian nằm viện: **2 ngày** 👉 Phần lớn chi phí điều trị được bảo hiểm hỗ trợ, khách hàng chỉ cần thanh toán phần chi phí không thuộc phạm vi bảo hiểm. Đây cũng là lý do Vy luôn khuyên khách hàng: **đừng chỉ nhìn vào phí bảo hiểm mỗi năm, hãy nhìn vào khả năng bảo vệ khi mình thật sự gặp rủi ro.** ❤️ 📩 Muốn biết **gói sức khỏe nào phù hợp với độ tuổi và ngân sách của mình?** Nhắn Vy để được tư vấn chi tiết nhé! 📲 Zalo: **0767 1343 86** 📍 Tòa nhà 7A Lam Sơn, P. Tân Sơn Hòa, TP.HCM #ChiTraThucTe #BaoHiemDaiichi #BaoHiemSucKhoe #DutDayChang #BaoLanhVienPhi #HoangVyBaoHiem",1,1,0,0,0,,,0,0,0,0,0,0/0 (0%),Normal,
778,Cộng đồng Tư vấn viên bảo hiểm,https://www.facebook.com/groups/congdongtuvanvienbaohiem/posts/28570374465908289/,"Tìm LEADER phát triển thị trường. Đã có sẳn công thức tạo dòng tiền, đã có kết quả. Có sẵn chiến lược & cách thức vận hành. Cơ hội k rủi ro, k phải ôm hàng, minh bạch, chuẩn pháp lí. LH 0967938568",3,3,0,0,2,unknown,Trung lap,0,1,0,1,0,0/1 (0.0%),Normal,
779,Cộng đồng Tư vấn viên bảo hiểm,https://www.facebook.com/groups/congdongtuvanvienbaohiem/posts/28573653888913680/,Mình đang quan tâm sản phẩm ILP đầu tư. Các b ib chia sẻ cho mình nhé,34,34,0,0,50,unknown,Spam,1,5,1,35,0,1/7 (14.3%),Normal,
780,Cộng đồng Tư vấn viên bảo hiểm,https://www.facebook.com/groups/congdongtuvanvienbaohiem/posts/28579348278344241/,Tại sao phải đi làm cả đời!,0,0,0,0,0,,,0,0,0,0,0,0/0 (0%),Normal,
781,Cộng đồng Tư vấn viên bảo hiểm,https://www.facebook.com/groups/congdongtuvanvienbaohiem/posts/28579627774982958/,"# 🇻🇳** LỄ LÀ ĐỂ NGHỈ, HẾT LỄ LÀ ĐỂ BỨT PHÁ **🇻🇳 Gia nhập team Chubb Life Hoàng Cầu để tận hưởng môi trường làm việc đẳng cấp, đãi ngộ siêu chiều chuộng và trọn vẹn 2 ngày cuối tuần xả hơi! 🚀💎 💰 LƯƠNG THƯỞNG & PHÚC LỢI ĐỈNH CAO: • Thu nhập 8 chữ số hấp dẫn: 12 – 25 triệu++/tháng (Lương cứng + Thưởng tháng, quý, thưởng nóng KHÔNG GIỚI HẠN). • Nghỉ cố định Thứ 7 & Chủ Nhật: Trọn vẹn 2 ngày cuối tuần xả hơi, chill bên gia đình & bạn bè! 💆‍♀️✈️ • Nói KHÔNG với OT: Đúng giờ là xách balo về, hoàn toàn không lo áp lực làm thêm giờ hay bị làm phiền cuối tuần! ⏰❌ ✨ ĐÃI NGỘ VĂN PHÒNG 6★ & PANTRY TRÀ CHIỀU: • 🏢 Văn phòng chuẩn 6★: Sang xịn mịn tại 36 Hoàng Cầu, góc nào cũng lên hình sống ảo cực chất! 📸✨ • ☕ Pantry trà chiều miễn phí: Cà phê, trà, bánh ngọt, snack luôn sẵn sàng để bạn nạp năng lượng mỗi giờ nghỉ giải lao! 🍰🧋 • 🥳 Môi trường Gen Z năng động: Đồng nghiệp thân thiện, hòa đồng, quẩy party liên tục. 💼 MÔ TẢ CÔNG VIỆC: • 🤝 Tư vấn, chăm sóc và hỗ trợ khách hàng về các giải pháp tài chính/bảo hiểm. • 📈 Mở rộng mạng lưới khách hàng, phối hợp cùng team hoàn thành mục tiêu. 🎯 YÊU CẦU: • 🚫 KHÔNG YÊU CẦU KINH NGHIỆM: Được đào tạo bài bản A-Z, có Mentor 1-1 cầm tay chỉ việc. • 🗣 Giao tiếp tốt, kiên trì, đam mê kiếm tiền và có tinh thần cầu tiến. 📍 Địa điểm: 36 Hoàng Cầu, Đống Đa, Hà Nội ⏰ Thời gian: Full-time (Nghỉ cố định T7, CN) hoặc Part-time linh hoạt 📲 CÁCH THỨC ỨNG TUYỂN: • Hotline/Zalo: 0946198580 • Email: minhfuong.chubb@gmail.com • Cú pháp: [Họ và tên] - Ứng tuyển NVKD",1,1,0,0,0,,,0,0,0,0,0,0/0 (0%),Normal,
782,Cộng đồng Tư vấn viên bảo hiểm,https://www.facebook.com/groups/congdongtuvanvienbaohiem/posts/28579888561623546/,"Cấp mã vào app kho hàng hơn 8000 căn chính chủ, HH 3% về túi ngay, miễn phí tất cả. Lh: 0962.187.895",0,0,0,0,0,,,0,0,0,0,0,0/0 (0%),Normal,
783,Cộng đồng Tư vấn viên bảo hiểm,https://www.facebook.com/groups/congdongtuvanvienbaohiem/posts/28579920261620376/,Cần tư vấn bảo hiểm cho 2 vk ck Bác nào tư vấn giúp e với ạ Zalo e 0936823137,21,21,0,0,54,unknown,Spam,12,13,0,28,0,0/25 (0.0%),Normal,
784,Cộng đồng Tư vấn viên bảo hiểm,https://www.facebook.com/groups/congdongtuvanvienbaohiem/posts/28580160308263038/,,0,0,0,0,0,,,0,0,0,0,0,0/0 (0%),Normal,
785,Cộng đồng Tư vấn viên bảo hiểm,https://www.facebook.com/groups/congdongtuvanvienbaohiem/posts/28585761221036280/,"🌷 4 GÓI BẢO HIỂM MINI CHO BÉ – MỖI MỨC PHÍ, MỘT MỨC BẢO VỆ Chủ động chuẩn bị từ khi bé còn khỏe sẽ giúp gia đình có thêm một khoản dự phòng khi chẳng may con phải nằm viện, điều trị hay gặp rủi ro. 💗 Gói Hồng – 15 triệu/năm Bảo vệ nhân mạng 290 triệu, kèm quyền lợi nội trú cao cấp, ngoại trú cao cấp và hỗ trợ viện phí 200.000đ. 💛 Gói Vàng – 17 triệu/năm Nổi bật với hạn mức nội trú lên đến 2 tỷ/bệnh/tai nạn, ngoại trú 15 triệu/năm, hỗ trợ viện phí 300.000đ. 💚 Gói Xanh – 13 triệu/năm Hạn mức nội trú 1 tỷ/bệnh/tai nạn, ngoại trú 5 triệu/năm, hỗ trợ viện phí 300.000đ. 💙 Gói Xanh Dương – 11 triệu/năm Mức phí nhẹ hơn, vẫn có bảo vệ nhân mạng 290 triệu, quyền lợi nội trú 1 tỷ/bệnh/tai nạn và hỗ trợ viện phí 300.000đ. 👉 Ba mẹ có thể lựa chọn đóng phí theo Quý – Nửa năm – Năm, tùy khả năng tài chính của gia đình. 📩 Muốn biết gói nào phù hợp nhất với nhu cầu và ngân sách của bé, nhắn tin để được tư vấn chi tiết. Phương Thúy Bảo Hiểm ☎️ 0919 055 501",0,0,0,0,0,,,0,0,0,0,0,0/0 (0%),Normal,
786,Cộng đồng Tư vấn viên bảo hiểm,https://www.facebook.com/groups/congdongtuvanvienbaohiem/posts/28585996344346101/,🔥 TUYỂN ĐỐI TÁC VẬN HÀNH HAPPY HOUSE TOÀN QUỐC 🔥 Bạn muốn làm chủ mô hình kinh doanh trong lĩnh vực sức khỏe? 🌿 Happy House tìm kiếm đối tác vận hành CLB trên toàn quốc. ✅ Mô hình bài bản ✅ Được đào tạo & đồng hành ✅ Xây dựng cộng đồng khách hàng ✅ Cơ hội phát triển lâu dài Đừng chỉ tìm một công việc – hãy xây dựng một sự nghiệp của riêng mình! 📞 0382 432 945 💚 HAPPY HOUSE – Đồng hành kiến tạo cộng đồng khỏe mạnh.,0,0,0,0,0,,,0,0,0,0,0,0/0 (0%),Normal,
787,Cộng đồng Tư vấn viên bảo hiểm,https://www.facebook.com/groups/congdongtuvanvienbaohiem/posts/28586210667658002/,Lựa chọn mới của rất nhiều bạn trẻ. Góc nhìn của 1 trong những khách hàng đang đóng BHXH tự nguyện cho bố/mẹ. Thái Hà: nhân viên thu BHXH.,0,0,0,0,0,,,0,0,0,0,0,0/0 (0%),Normal,
788,Cộng đồng Tư vấn viên bảo hiểm,https://www.facebook.com/groups/congdongtuvanvienbaohiem/posts/28586904627588606/,Bình giữ nhiệt 750ml Nhận in ấn logo theo yêu cầu Nhận khắc tên theo yêu cầu Có xuất VAT 📞Liên hệ/ zalo: 0906742246 để được báo giá chi tiết,0,0,0,0,0,,,0,0,0,0,0,0/0 (0%),Normal,
789,Cộng đồng Tư vấn viên bảo hiểm,https://www.facebook.com/groups/congdongtuvanvienbaohiem/posts/28587853077493761/,"🔥 TUYỂN ĐỐI TÁC – ĐẠI LÝ BẢO HIỂM Ô TÔ TOÀN QUỐC 🔥 - HOA HỒNG LÊN TỚI 50% !! Bạn đang kinh doanh gara, dịch vụ đăng kiểm, làm xe cũ, hay lái xe dịch vụ? Sản phẩm: Bảo hiểm từ các thương hiệu uy tín lớn tại Việt Nam như PVI, VBI... Quyền lợi: - Sản phẩm của Công ty uy tín, cực dễ bán - Hệ thống cấp đơn điện tử nhận file chỉ sau 5 phút. - Hỗ trợ tái tục năm sau cực dễ (khách hàng cũ mua lại = thu nhập đều đặn). Hợp tác đơn giản – Đôi bên cùng có lợi! 📩 Liên hệ làm đại lý: ⁠(Điện thoại/Zalo) 0813.66.9898 #PVI #tnds #baohiem #thanvo #BH #dangkiem #giaothong #daily",0,0,0,0,0,,,0,0,0,0,0,0/0 (0%),Normal,
790,Cộng đồng Tư vấn viên bảo hiểm,https://www.facebook.com/groups/congdongtuvanvienbaohiem/posts/28588385980773804/,em cần mua bhnt cho ông bà ạ 0345.255.584,8,8,0,0,11,unknown,Spam,0,2,0,8,0,0/2 (0.0%),Normal,
791,Cộng đồng Tư vấn viên bảo hiểm,https://www.facebook.com/groups/congdongtuvanvienbaohiem/posts/28589015424044193/,Bảo hiểm dân sự 279k (xe 5 chỗ biển trắng) Bảo hiểm Thân vỏ tuỳ dòng xe và đời xe ( có BH Pin cả khi Pin tổn thất riêng ) Nhận BH trước ck sau 0968.729.615 ZL Em ạ📞🤫|,1,1,0,0,0,,,0,0,0,0,0,0/0 (0%),Normal,
792,Cộng đồng Tư vấn viên bảo hiểm,https://www.facebook.com/groups/congdongtuvanvienbaohiem/posts/28589583870654015/,"💕💕💕BỎ RA 5 TRIỆU – NHẬN VỀ HƠN 1️⃣3️⃣ TRIỆU. ĐÁNG HAY KHÔNG ĐÁNG? 🤰💰 Một ca sinh, khách được chi trả 13.725.000đ quyền lợi thai sản. 👉 Viện phí + phẫu thuật + trợ cấp nằm viện đều có quyền lợi hỗ trợ. 👉👉Bảo hiểm không làm mình sinh ít tốn kém hơn, nhưng giúp gánh bớt một phần tài chính khi sinh. ❤️Ai đang có kế hoạch sinh em bé, hãy trang bị gói bảo hiểm thai sản sớm nhé 📲ib Cẩm Như bảo hiểm 0973161860 #camnhubaohiem #baohiemthaisan #baohiemdisinh",0,0,0,0,0,,,0,0,0,0,0,0/0 (0%),Normal,
793,Cộng đồng Tư vấn viên bảo hiểm,https://www.facebook.com/groups/congdongtuvanvienbaohiem/posts/28589588270653575/,"❓ Đóng BHXH tự nguyện bao nhiêu năm là hợp lý để hưởng lương hưu cao nhất? 💡 Lưu bài viết này để sau này không phải tiếc vì bỏ lỡ quyền lợi của mình! Nhiều người nghĩ BHXH tự nguyện rất khó hiểu, nhưng thực ra anh chị chỉ cần nhớ 2 nguyên tắc quan trọng dưới đây: ✅ 1. Mức đóng Anh chị đóng 22% trên mức thu nhập mình tự lựa chọn. Mức thu nhập càng phù hợp với kế hoạch tài chính thì việc duy trì càng dễ dàng. ✅ 2. Tỷ lệ hưởng lương hưu Để được hưởng mức lương hưu tối đa 75%, thời gian tham gia cần đạt: 👨 Nam: Đóng đủ 35 năm. 👩 Nữ: Đóng đủ 30 năm. Đừng nghĩ phải đóng thật nhiều năm mới có ý nghĩa. Chỉ cần đủ điều kiện tối thiểu 15 năm, anh chị đã có cơ hội được hưởng lương hưu hằng tháng khi đủ tuổi nghỉ hưu. Sau đó, mỗi năm tham gia thêm sẽ giúp tỷ lệ hưởng tăng dần cho đến mức tối đa theo quy định. 🌱 Tuổi trẻ tích lũy từng tháng. 🌳 Tuổi già nhận lương hưu đều đặn mỗi tháng. Đầu tư cho tuổi hưu không phải để giàu có, mà để không trở thành gánh nặng cho chính mình và những người mình yêu thương. 📩 Nếu anh chị muốn biết đóng bao nhiêu tiền/tháng sẽ nhận được khoảng bao nhiêu lương hưu, hãy để lại tuổi hoặc mức dự định đóng, Linh sẽ tính minh họa để anh chị dễ hình dung.",0,0,0,0,0,,,0,0,0,0,0,0/0 (0%),Normal,
794,Cộng đồng Tư vấn viên bảo hiểm,https://www.facebook.com/groups/congdongtuvanvienbaohiem/posts/28590627930549609/,"🎓 **BẢO HIỂM CHO CON – VỪA BẢO VỆ, VỪA TẠO QUỸ HỌC VẤN** Ba mẹ mỗi tháng chỉ cần dành một khoản đều đặn cho con, nhưng sau nhiều năm lại có thể tạo được **một quỹ học vấn đáng kể** cho hành trình trưởng thành của con. Với phương án minh họa khoảng **29 triệu/năm**: 💙 Bảo vệ sức khỏe nội trú đến **1 tỷ/bệnh, tai nạn** 💙 Ngoại trú cao cấp **15 triệu/năm**, không giới hạn số lần khám 💙 Hỗ trợ viện phí **400.000đ/ngày** 💙 Bệnh hiểm nghèo **300 triệu** 💙 Tai nạn **300 triệu** 🎓 Quỹ học đường minh họa: → 10 năm: **~240 triệu** → 15 năm: **~488 triệu** → 20 năm: **~931 triệu** Điều Vy muốn ba mẹ quan tâm không chỉ là con có một hợp đồng bảo hiểm, mà là **một kế hoạch tài chính đủ dài để đến lúc con cần học hành, ba mẹ đã có sẵn một khoản tiền cho con.** **Bảo vệ sức khỏe hôm nay – chuẩn bị tương lai ngày mai.** ❤️ 📩 Nhắn **“QUỸ HỌC VẤN”** cho Vy để nhận bảng minh họa chi tiết theo độ tuổi của bé. 📲 Zalo: **0767 1343 86** 📍 Tòa nhà 7A Lam Sơn, P. Tân Sơn Hòa, TP.HCM #BaoHiemChoCon #QuyHocVan #BaoHiemSucKhoe #TichLuyChoCon #BaoVeTuongLai #HoangVyBaoHiem",0,0,0,0,0,,,0,0,0,0,0,0/0 (0%),Normal,
795,Cộng đồng Tư vấn viên bảo hiểm,https://www.facebook.com/groups/congdongtuvanvienbaohiem/posts/28590878237191245/,"👆🫑CƠ HỘI HỢP TÁC CÙNG ĐỘI NGŨ GENERALI TẠI HÀ NAM 🚀 Bạn đang muốn tìm một môi trường làm việc chuyên nghiệp, linh hoạt và có lộ trình phát triển rõ ràng? Đội ngũ Generali Hà Nam đang chào đón những ứng viên mong muốn phát triển trong lĩnh vực tư vấn giải pháp tài chính và chăm sóc khách hàng. ✨ Điểm nổi bật: • Có chương trình đồng hành dành cho thành viên mới trong thời gian đầu. • Chính sách ghi nhận theo kết quả và quá trình phát triển. • Được đào tạo bài bản từ kiến thức đến kỹ năng. • Làm việc trong môi trường chuyên nghiệp, có lộ trình phát triển rõ ràng. • Cơ hội học hỏi, mở rộng các mối quan hệ và phát triển bản thân. 📌 Phù hợp với: • Độ tuổi từ 25–50. • Tốt nghiệp THPT trở lên. • Có tinh thần học hỏi, chủ động và yêu thích công việc giao tiếp. Nếu bạn muốn tìm hiểu thêm về mô hình làm việc và cơ hội phát triển, hãy để lại tin nhắn để được chia sẻ thông tin chi tiết. #GeneraliVietnam #GENAPEX2026 #GENCASAHaNam.",0,0,0,0,0,,,0,0,0,0,0,0/0 (0%),Normal,
796,Cộng đồng Tư vấn viên bảo hiểm,https://www.facebook.com/groups/congdongtuvanvienbaohiem/posts/28591927703752965/,E cần tư vấn bảo hiểm chi bản thân Lh : 0855454034,12,12,0,0,13,unknown,Spam,1,0,0,12,0,0/1 (0.0%),Normal,
797,Cộng đồng Tư vấn viên bảo hiểm,https://www.facebook.com/groups/congdongtuvanvienbaohiem/posts/28593449353600800/,Có bác nào cần mở thẻ tín dụng không ạ! Thẻ MSB duyệt trong ít phút hạn mức cao - Miễn phí thường niên trọn đời - Hoàn tiền khi chi tiêu - Tặng quà khi mở thành công Không nợ xấu Lh: 0971.339.620,1,1,0,0,0,,,0,0,0,0,0,0/0 (0%),Normal,
798,Cộng đồng Tư vấn viên bảo hiểm,https://www.facebook.com/groups/congdongtuvanvienbaohiem/posts/28593578933587842/,Có bác nào cần mở thẻ tín dụng không ạ! Thẻ MSB duyệt trong ít phút hạn mức cao - Miễn phí thường niên trọn đời - Hoàn tiền khi chi tiêu - Tặng quà khi mở thành công Không nợ xấu Lh: 0971.339.620,0,0,0,0,0,,,0,0,0,0,0,0/0 (0%),Normal,
799,Cộng đồng Tư vấn viên bảo hiểm,https://www.facebook.com/groups/congdongtuvanvienbaohiem/posts/28594122896866779/,"Mọi người cho e hỏi, e năm nay 35t ck e 42t có gói bh nào ok phí dưới 15tr 1 năm ko ạ,cảm ơn add duyệt bài",47,47,0,0,66,unknown,Spam,3,11,0,52,0,0/14 (0.0%),Normal,
800,Cộng đồng Tư vấn viên bảo hiểm,https://www.facebook.com/groups/congdongtuvanvienbaohiem/posts/28594296613516074/,Cho e hỏi có gói bảo hiểm nào liên quan đến tình yêu hoặc hôn nhân không ạ,27,27,0,0,32,unknown,Trung lap,2,20,0,10,0,0/22 (0.0%),Normal,
801,Cộng đồng Tư vấn viên bảo hiểm,https://www.facebook.com/groups/congdongtuvanvienbaohiem/posts/28599760726302996/,"😍 Siêu ưu đãi hoàn tiền cho 2 dòng thẻ Shinhan Bank 😍 💳 Shinhan MyLife ✅ Hoàn 10% cho: Siêu thị, Di chuyển, Giải trí, Ăn uống. 💰 Tối đa 300.000đ/danh mục, hoàn đến 1.200.000đ/kỳ. 💳 Shinhan Supreme ✅ Hoàn 12%: TMĐT, Điện máy, Nhà sách, Giáo dục. ✅ Hoàn 6%: Y tế, Bảo hiểm. 💰 Hoàn tối đa 1.000.000đ/kỳ Em có hỗ trợ khách trực tiếp & mở thẻ online, a/c nhắn e tư vấn & hướng dẫn mở thẻ nhé ạ 🥰 0888561033",0,0,0,0,0,,,0,0,0,0,0,0/0 (0%),Normal,
802,Cộng đồng Tư vấn viên bảo hiểm,https://www.facebook.com/groups/congdongtuvanvienbaohiem/posts/28600084206270648/,"😚 Thị trường thay đổi nhiều quá… nhưng hiện tại vẫn còn vài gói “NGON NGON” cho bé sơ sinh nhé các bác! 👶💚 🍽️ “THỰC ĐƠN” HÔM NAY CÒN FUSE CARE: 🥇 Khoảng 2,5 triệu/năm 👉 Quyền lợi viện phí 5 triệu/ngày 🥈 Khoảng 3,5 triệu/năm 👉 Quyền lợi viện phí lên tới 7,5 triệu/ngày Bé còn nhỏ, viện phí một lần ốm đau có thể chẳng hề nhỏ… nên nếu đang tìm một chiếc thẻ sức khỏe cho con thì đừng chỉ nhìn vào giá, hãy nhìn cả hạn mức và điều kiện chi trả nhé. 💚 ⚠️ Nhưng em nhắc thật các bác: Gói ngon thì thường không nằm đó chờ mình mãi đâu ạ! 😆 Sản phẩm, biểu phí và điều kiện tham gia có thể thay đổi theo từng thời điểm. 👉 Bác nào đang có bé sơ sinh hoặc chuẩn bị đón em bé, nhắn Tiên để em check gói phù hợp trước khi quyết định nhé! #FuseCare #BaoHiemSucKhoeChoBe #BaoHiemChoBeSoSinh #TheSucKhoeChoBe #BaoVeChoCon #BaoHiemTreEm #ThuyTienBaoHiem",0,0,0,0,0,,,0,0,0,0,0,0/0 (0%),Normal,
803,Cộng đồng Tư vấn viên bảo hiểm,https://www.facebook.com/groups/congdongtuvanvienbaohiem/posts/28600301942915541/,"🔥 **SALE XẢ KHO – BÌNH 510ML CÓ SẴN LOGO** 🔥 ✅ Dung tích: 510ml ✅ Đã in ấn sẵn – mẫu đẹp, thực tế ✅ Hàng mới – số lượng có hạn 👉 Phù hợp làm quà tặng doanh nghiệp, sự kiện, chương trình tri ân khách hàng/nhân viên. Liên hệ/zalo: 0906742246 để được báo giá!",0,0,0,0,0,,,0,0,0,0,0,0/0 (0%),Normal,
804,Cộng đồng Tư vấn viên bảo hiểm,https://www.facebook.com/groups/congdongtuvanvienbaohiem/posts/28600445619567840/,"✨ **ATHENA DENTAL TUYỂN DỤNG – TƯ VẤN VIÊN NHA KHOA** ✨ 💰 **THU NHẬP:** * Lương cứng **8,5 – 9 triệu/tháng** * **% Hoa hồng + Thưởng doanh số** * Thu nhập hấp dẫn, **hoa hồng không giới hạn theo năng lực** 📌 **BẠN SẼ LÀM GÌ?** * Đón tiếp, lắng nghe và chăm sóc khách hàng tại phòng khám. * Phối hợp cùng Bác sĩ tư vấn kế hoạch điều trị & chi phí các dịch vụ: **Niềng răng – Răng sứ – Implant...** * Tư vấn, chốt liệu trình và chăm sóc khách hàng trước – sau điều trị. 🎯 **ATHENA TÌM KIẾM:** * Giao tiếp tốt, nhanh nhẹn, khéo léo và có khả năng xử lý tình huống. * Ưu tiên ứng viên từng làm **Sale / Tư vấn / CSKH / Nha khoa / Thẩm mỹ**. * **Chưa có kinh nghiệm nha khoa? Không sao – sẽ được đào tạo bài bản!** 🎁 **QUYỀN LỢI XỊN:** * Được đào tạo kiến thức nha khoa & kỹ năng tư vấn/chốt sale. * Môi trường **hiện đại – sang trọng – chuyên nghiệp – đồng nghiệp thân thiện**. * Thưởng Tết, thưởng doanh số. * **Khám răng miễn phí** và nhiều quyền lợi khác. ⏰ **THỜI GIAN:** 08:00 – 18:00 🍱 Nghỉ trưa: 12:00 – 14:00 📅 Tháng nghỉ 4 ngày, nghỉ Lễ hưởng lương cơ bản. 📍 **ĐỊA ĐIỂM LÀM VIỆC:** * 97 Nghĩa Tân – Nghĩa Đô – Hà Nội * 9A Nguyễn Đình Chiểu – Hà Nội * LK C41 Ngoại Giao Đoàn – Hà Nội 📩 **ỨNG TUYỂN NGAY!** Inbox trực tiếp hoặc liên hệ **0866 063 602** để nhận thông tin công việc. 🔥 **Nếu bạn đang tìm một công việc vừa có lương cứng ổn định, vừa có cơ hội bứt phá thu nhập – Athena đang chờ bạn!**",1,1,0,0,7,unknown,Spam,0,0,0,7,0,0/0 (0%),Normal,
805,Cộng đồng Tư vấn viên bảo hiểm,https://www.facebook.com/groups/congdongtuvanvienbaohiem/posts/28600528442892891/,"Cần tư vấn bảo hiểm cho em, Nam 25 tuổi, sức khoẻ tốt Bác nào tư vấn giúp e với ạ Zalo/sđt: 0855454034",15,15,0,0,26,unknown,Spam,0,0,0,24,0,0/0 (0%),Normal,
806,Cộng đồng Tư vấn viên bảo hiểm,https://www.facebook.com/groups/congdongtuvanvienbaohiem/posts/28600605359551866/,"**PHÍ 1 TỶ ĐỒNG!** Bạn muốn giải pháp bảo vệ sức khỏe toàn diện nhưng tối ưu chi phí? **Gói Cao Cấp** chính là lựa chọn hoàn hảo nhất cho dân văn phòng và các gia đình trẻ: 🛡 Hạn mức **1 Tỷ đồng** cho MỖI bệnh/thương tật. 🛡 Tiền phòng nằm viện **3.000.000 VNĐ/ngày** (thoải mái nằm phòng tiêu chuẩn bệnh viện tư). 🛡 Bảo lãnh viện phí 24/7, không lo thanh toán trước - hoàn phí sau. 📌 Phí bảo hiểm cực kỳ tiết kiệm chỉ từ **2.730.000đ/năm** (xem bảng phí theo tuổi trên ảnh). 📞 **GĐKD LÊ QUANG LONG: 0938.744.679**",0,0,0,0,0,,,0,0,0,0,0,0/0 (0%),Normal,
807,Cộng đồng Tư vấn viên bảo hiểm,https://www.facebook.com/groups/congdongtuvanvienbaohiem/posts/28600636059548796/,"🤝TÌM KIẾM CTV GIỚI THIỆU KHÁCH HÀNG🤝 Mình đang tìm kiếm các anh/chị chuyên viên tư vấn bảo hiểm nhân thọ hợp tác giới thiệu khách hàng có nhu cầu khám chữa bệnh, khám sức khỏe, tiêm chủng… tại Bệnh viện Hồng Ngọc. Anh/chị quan tâm hợp tác, muốn tìm hiểu thêm về chính sách chương trình ib em ạ🥰🥰",3,3,0,0,2,unknown,Trung lap,0,3,0,1,0,0/3 (0.0%),Normal,
808,Cộng đồng Tư vấn viên bảo hiểm,https://www.facebook.com/groups/congdongtuvanvienbaohiem/posts/28600640469548355/,"Đầu tư cho sức khỏe luôn là khoản đầu tư sinh lời nhất! ❤ Với **Gói Bảo Hiểm Cao Cấp 1 Tỷ/Bệnh**, bạn hoàn toàn có thể chủ động tài chính trước mọi rủi ro y tế bất ngờ: 🔹 Chi trả phẫu thuật tới 150 Tr/năm. 🔹 Chi trả cấy ghép bộ phận tới 500 Tr. 🔹 Chi trả điều trị ung thư, dị tật bẩm sinh & biến chứng thai sản. Bố mẹ quan tâm bảo vệ cho con hoặc cho chính mình, inbox em để nhận bảng minh họa chi tiết nhé! ☎️ Hotline tư vấn: **0938.744.679 (GĐKD Lê Quang Long)**",0,0,0,0,0,,,0,0,0,0,0,0/0 (0%),Normal,
809,Cộng đồng Tư vấn viên bảo hiểm,https://www.facebook.com/groups/congdongtuvanvienbaohiem/posts/28600644136214655/,⚡ **GÓI BẢO HIỂM SỨC KHỎE VIP – HẠN MỨC 2 TỶ MỖI BỆNH/THƯƠNG TẬT** • Phòng riêng bệnh viện tư/quốc tế: 6 Tr/ngày • Cấy ghép tạng: Hỗ trợ tới 1 Tỷ • Điều trị ung thư: Chi trả theo chi phí y tế thực tế • Chi phí phẫu thuật: 250 Tr/năm 📌 Bảng phí minh bạch theo từng độ tuổi (xem chi tiết trên ảnh). 📲 Inbox hoặc gọi Hotline **0938.744.679 (GĐKD Lê Quang Long)** để nhận tư vấn!,0,0,0,0,0,,,0,0,0,0,0,0/0 (0%),Normal,
810,Cộng đồng Tư vấn viên bảo hiểm,https://www.facebook.com/groups/congdongtuvanvienbaohiem/posts/28601208636158205/,"👉 ""Một chiếc áo chi phí sản xuất 100 - 200 nghìn nhưng giá bán có thể lên tới 800 nghìn đến 2 triệu, còn bảo hiểm nhân thọ được giám sát rất chặt chẽ về giá sản phẩm""👇",2,2,0,0,0,,,0,0,0,0,0,0/0 (0%),Normal,
811,Cộng đồng Tư vấn viên bảo hiểm,https://www.facebook.com/groups/congdongtuvanvienbaohiem/posts/28601320379480364/,"# **🔥 NHẢ VÍA CHO MỌI NGƯỜI ĐANG ĐI TÌM VIỆC PHÙ HỢP 🔥** # Sau nhiều lần rải CV thì mình đã được nhận vào một công ty mà: ❤️ Đồng nghiệp hòa đồng, vui vẻ, không toxic ❤️ Môi trường GenZ trẻ trung, năng động ❤️ Thời gian làm việc linh hoạt, 9h - 17h T2 - T6, nghỉ trưa 2 tiếng (Nghỉ T7 & CN) ❤️ Thu nhập không giới hạn theo năng lực Mong rằng tất cả mọi người đều tìm được công việc mình mong muốn nha 🫶🏻 (Đang còn trống vị trí Nhân viên Kinh doanh nhenn) 📍 VP làm việc: Tầng 9, Tòa Geleximco, 36 Hoàng Cầu, Đống Đa, Hà Nội 📞 Hotline/Zalo: 0946 198 580 (Vu Minh Phuong)",0,0,0,0,0,,,0,0,0,0,0,0/0 (0%),Normal,
812,Cộng đồng Tư vấn viên bảo hiểm,https://www.facebook.com/groups/congdongtuvanvienbaohiem/posts/28601753786103690/,Có anh em nào hỗ trợ mua bảo hiểm cả gia đình tư vấn giúp mình Ok thì liên hệ Zalo 0908868708 - 0909888976 (phong),7,7,0,0,11,unknown,Spam,0,0,0,11,0,0/0 (0%),Normal,
813,Cộng đồng Tư vấn viên bảo hiểm,https://www.facebook.com/groups/congdongtuvanvienbaohiem/posts/28601810042764731/,"Cấm có thấy ai phốt” sao tôi mua ô tô lại mất tiền, tôi có đi đâu, mua về ngắm đấy chứ” hoặc” ô sao xe buýt không chờ tui, chậm có 2p thôi mà đi luôn òi” So sánh như này có dễ hiểu không mọi người. Cứ nói sao cho khách hàng hiểu- thoải mái thì sẽ ít khi người ta phốt lắm. #sosanh #bhyt #bhsk. Đồng nghiệp lấy bài thoải mái khum cần hỏi nha",2,2,0,0,0,,,0,0,0,0,0,0/0 (0%),Normal,
814,Cộng đồng Tư vấn viên bảo hiểm,https://www.facebook.com/groups/congdongtuvanvienbaohiem/posts/28601824296096639/,Sau bao năm làm nghề mình mới phát hiện ra 80% người làm nghề bảo hiểm trước đó điều ghét bảo hiểm. Không tin bạn cứ thử cho mình 6 ngày trải nghiệm với nghề này nhé!,6,6,0,0,0,,,0,0,0,0,0,0/0 (0%),Normal,
815,Cộng đồng Tư vấn viên bảo hiểm,https://www.facebook.com/groups/congdongtuvanvienbaohiem/posts/28603297195949349/,"Cá Voi Lam chuyên chung cấp bình giữ nhiệt với giá tận xưởng🔥 Bình 510ml, inox 304 Nhận in ấn logo theo yêu cầu 📞Liên hệ/ zalo: 0906742246 để báo giá chi tiết",0,0,0,0,0,,,0,0,0,0,0,0/0 (0%),Normal,
816,Cộng đồng Tư vấn viên bảo hiểm,https://www.facebook.com/groups/congdongtuvanvienbaohiem/posts/28603570909255311/,"💗 CẬP NHẬT NHANH – TỔNG HỢP THẺ RỜI THÁNG 9/2026 Không phải gói nào cũng phù hợp với tất cả mọi người. Quan trọng là đúng độ tuổi – đúng nhu cầu – đúng nơi dự định sử dụng. Vy tổng hợp nhanh các nhóm để ba mẹ dễ tham khảo: 🌸 Mẹ bầu: • Sinh viện công: FUSE Care • Sinh viện tư/quốc tế: Xanh Hạnh Phúc 👶 Bé: • Bé sơ sinh: FUSE Care / Xanh Hạnh Phúc • Bé trên 1 tuổi: Sống Xanh – MSIG / Affina 100 • Một số lựa chọn khác: MIC Care 👵 Ba mẹ lớn tuổi: • Tham khảo MIC Care • Trên 65 tuổi: Sức Khỏe Tâm An – AAA • Ưu tiên phương án có điều kiện tái tục phù hợp. 👨‍👩‍👧 Người lớn: • Sức khỏe ổn định: MIC Care • Có bệnh nền: cần xem kỹ điều kiện tham gia, có thể tham khảo VBI Care • Ưu tiên giải pháp có điều kiện tái tục rõ ràng. 💜 Ngoài ra còn có trợ cấp viện phí cho trẻ em và người lớn – phù hợp để bổ sung thêm một khoản tiền mặt khi phải nằm viện. 👉 Đừng chọn thẻ chỉ vì “phí rẻ”. Hãy xem kỹ thời gian chờ, bệnh có sẵn, đồng chi trả, hạn mức, bệnh viện bảo lãnh và điều kiện tái tục trước khi tham gia. 📩 Nhắn Vy giúp mình lọc phương án phù hợp theo tuổi + ngân sách + bệnh viện muốn sử dụng nhé. 📲 Zalo: 0767 1343 86 #TheRoi #BaoHiemSucKhoe #BaoHiemThaiSan #BaoHiemChoBe #BaoHiemCaoNien #BaoVeGiaDinh #HoangVyBaoHiem",0,0,0,0,1,unknown,Spam,0,0,0,1,0,0/0 (0%),Normal,
817,Cộng đồng Tư vấn viên bảo hiểm,https://www.facebook.com/groups/congdongtuvanvienbaohiem/posts/28603853055893763/,"💗 VỢ CHỒNG CÙNG ĐƯỢC BẢO VỆ – MỘT KẾ HOẠCH CHO CẢ GIA ĐÌNH Sau khi lập gia đình, bảo hiểm không còn đơn giản là bảo vệ cho riêng mình. Bởi nếu một người gặp rủi ro, tài chính của cả gia đình đều có thể bị ảnh hưởng. Vy đang có 2 phương án để vợ chồng dễ lựa chọn theo ngân sách: ✨ Khoảng 32 triệu/năm * Bảo vệ nhân thọ người trụ cột đến 1,56 tỷ * Vợ được bảo vệ song hành * Nội trú đến 1 tỷ/bệnh/tai nạn * Ngoại trú 5 triệu/năm * Bệnh hiểm nghèo & tai nạn đến 300 triệu * Có hỗ trợ tiền mặt khi nằm viện ✨ Khoảng 52 triệu/năm – bảo vệ toàn diện hơn * Nhân thọ người trụ cột đến 1,95 tỷ * Nội trú đến 2 tỷ/bệnh/tai nạn * Ngoại trú cao cấp 15 triệu/năm * Có thêm nha khoa * Bệnh hiểm nghèo & tai nạn đến 500 triệu * Vợ được tham gia bảo vệ song hành 💰 Đồng thời còn xây dựng quỹ tích lũy dài hạn cho gia đình theo giá trị hợp đồng thực tế. Vy thích phương án này ở chỗ: không chỉ lo viện phí khi ốm đau, mà còn bảo vệ thu nhập, người trụ cột và tạo một khoản tài chính cho tương lai. 📩 Nhắn “VỢ CHỒNG” cho Vy, Vy lên phương án theo đúng độ tuổi + ngân sách + nhu cầu sử dụng y tế của gia đình nhé. 📲 Hoàng Vy – 0767 1343 86 #BaoHiemVoChong #BaoHiemGiaDinh #BaoHiemDaiichi #BaoHiemSucKhoe #BaoVeNguoiTruCot #HoangVyBaoHiem",0,0,0,0,0,,,0,0,0,0,0,0/0 (0%),Normal,
818,Cộng đồng Tư vấn viên bảo hiểm,https://www.facebook.com/groups/congdongtuvanvienbaohiem/posts/28603929885886080/,"😘 HAPPY TEAM - VPBANK HCM TUYỂN DỤNG Vị trí đang chờ bạn: Nhân viên / Chuyên viên /Chuyên viên chính/ Chuyên viên cao cấp Số lượng còn lại: 6 slot Địa điểm: Samco Building, P. Cô Giang, TP.HCM 🎯 QUYỀN LỢI * Ký hợp đồng lao động chính thức với VPBank * Xét tăng bậc/tăng lương định kỳ 6 tháng/lần * Thưởng lương tháng 13 & Tết (3 -5 tháng lương) * Thu nhập >2X + incentive không giới hạn * Thưởng lễ, du lịch hè 5tr/người * Bảohiểm cbnv theo luật lao động + Bảohiểm VPBank care cho CBNV tùy theo cấp bậc * Lộ trình thăng tiến rõ ràng: NV -> CV -> CVC -> CVCC -> QUẢN LÝ 🎯BẠN MUỐN NÂNG CAO KỸ NĂNG BÁN HÀNG, GIÁ TRỊ BẢN THÂN VÀ THU NHẬP -> HÃY APPLY CV NGAY 📩Ứng tuyển/trao đổi công việc: Mr. Henry – 0979 691 284",1,1,0,0,1,unknown,Spam,0,0,0,1,0,0/0 (0%),Normal,
819,Cộng đồng Tư vấn viên bảo hiểm,https://www.facebook.com/groups/congdongtuvanvienbaohiem/posts/28604709589141443/,"Mẫu này em đang sale🔥 Dung tích 500ml, inox 304 sẵn kho🔥 Giá chỉ 4X/ cái Nhận in ấn theo yêu cầu Có xuất hoá đơn Liên hệ/ zalo: 0906742246 Quý khách hàng cần liên hệ em ngay nhé🤗😍😘",1,1,0,0,2,unknown,Spam,0,0,0,2,0,0/0 (0%),Normal,
820,Cộng đồng Tư vấn viên bảo hiểm,https://www.facebook.com/groups/congdongtuvanvienbaohiem/posts/28605283042417431/,"BẢO HIỂM THAI SẢN TỪ ~2,5 TRIỆU/NĂM: ĐANG THẢ BẦU CÓ THỂ THAM KHẢO Không phải cứ bảo hiểm thai sản là phải đóng vài chục triệu mỗi năm. Với chị em đang chuẩn bị mang thai và muốn lựa chọn mức ngân sách vừa phải, có thể tham khảo Fuse Care – TechcomInsurance với 6 mức quyền lợi thai sản từ 10 – 80 triệu. Một số điểm đáng chú ý: • Phí tham khảo từ khoảng 2,5 triệu/năm, tùy tuổi và chương trình • Quyền lợi thai sản: 10 – 20 – 30 – 40 – 60 – 80 triệu • Có quyền lợi khám thai theo từng chương trình • Không phân biệt sinh thường/sinh mổ theo quyền lợi áp dụng • Sinh tại BV công: chi trả theo chương trình có thể 100% • BV tư/quốc tế: áp dụng đồng chi trả 80/20 • Có quyền lợi cho biến chứng thai sản của thai IVF từ tuần thứ 12 theo điều kiện sản phẩm ⏰ Thời gian chờ: 90 ngày với khám thai/biến chứng thai sản 270 ngày với sinh con. Vì vậy, nếu đang thả bầu, chuẩn bị mang thai, làm IVF/IUI hoặc tìm bảo hiểm sinh con, điều nên làm trước tiên không phải chọn gói đắt nhất mà là kiểm tra thời gian dự kiến mang thai + bệnh viện dự kiến sinh + ngân sách. Thủy có thể giúp chị em so sánh từng mức để chọn vừa đủ, tránh mua dư quyền lợi nhưng cũng không thiếu khi cần sử dụng. Lệ Thủy Bảo Hiểm | Giám đốc Ban Kinh Doanh TOT 2026 | Top 0,1% tư vấn tài chính xuất sắc toàn cầu 📲 Zalo tư vấn: 0971 093 368 📍 Văn phòng: Tòa nhà 7A Lam Sơn, P.2, Q. Tân Bình, TP.HCM (gần sân bay Tân Sơn Nhất) #baohiemthaisan #baohiemsinhcon #baohiemmebau #FuseCare #lethuybaohiem",1,1,0,0,0,,,0,0,0,0,0,0/0 (0%),Normal,
821,Cộng đồng Tư vấn viên bảo hiểm,https://www.facebook.com/groups/congdongtuvanvienbaohiem/posts/28605742762371459/,🔥 Cập nhật mạng lưới khách hàng hôm nay 📍 Thành phố Hồ Chí Minh — 8 Khách hàng tiềm năng 📋 Nhu cầu: • Tìm kiếm thông tin về bảo hiểm nhân thọ • Quan tâm đến các quyền lợi bảo vệ gia đình • Quan tâm đến bảo hiểm sức khỏe ✅ Thông tin khách hàng đã được sàng lọc và xác minh. 📩 Các tư vấn viên bán hàng tại Thành phố Hồ Chí Minh có thể nhắn tin trực tiếp cho chúng tôi để có thêm khách hàng tiềm năng.,0,0,0,0,0,,,0,0,0,0,0,0/0 (0%),Normal,
822,Cộng đồng Tư vấn viên bảo hiểm,https://www.facebook.com/groups/congdongtuvanvienbaohiem/posts/28606478435631225/,😍BÌNH GIỮ NHIỆT 300ML ❤ Giá tận xưởng không qua trung gian Nhận in ấn logo theo yêu cầu Liên hệ: 0906742246 để được tư vấn chi tiết #Cavoilam #Binhgiunhiet #Quatangdoanhnghiejp,0,0,0,0,1,health,Spam,0,0,0,1,0,0/0 (0%),Normal,
823,Cộng đồng Tư vấn viên bảo hiểm,https://www.facebook.com/groups/congdongtuvanvienbaohiem/posts/28608387295440339/,Em cần tư vấn các loại bảo hiểm ib zl hoặc dthoai em ạ 094 6433653,5,5,0,0,7,unknown,Spam,0,1,0,5,0,0/1 (0.0%),Normal,
824,Cộng đồng Tư vấn viên bảo hiểm,https://www.facebook.com/groups/congdongtuvanvienbaohiem/posts/28613543048258097/,"HỢP TÁC KHAI THÁC CHÉO TỆP KHÁCH HÀNG Có sẵn tệp khách hàng và kỹ năng kết nối? Bên mình đang phát triển chuỗi 500 SPA dưỡng sinh Đông y & làm đẹp công nghệ cao toàn quốc 👉 Anh/chị chỉ cần kết nối khách hàng – công ty lo toàn bộ. 💰 Chia lợi nhuận 60% – 40% Quỹ thưởng 5,8% doanh số + thưởng quý 1,6% tâm IB mình nhé!",4,4,0,0,0,,,0,0,0,0,0,0/0 (0%),Normal,
825,Cộng đồng Tư vấn viên bảo hiểm,https://www.facebook.com/groups/congdongtuvanvienbaohiem/posts/28615130868099315/,"Bố mẹ nào cần mua thẻ sức khoẻ rời ko kèm BHNT thì ib Nga ạ. Phí rẻ, trẻ em mua độc lập",6,6,0,0,0,,,0,0,0,0,0,0/0 (0%),Normal,
826,Cộng đồng Tư vấn viên bảo hiểm,https://www.facebook.com/groups/congdongtuvanvienbaohiem/posts/28615785341367201/,"🔥 Nhu cầu khách hàng mới Hôm nay, chúng tôi nhận được yêu cầu tư vấn từ một số khách hàng tại Hà Nội và TP. Hồ Chí Minh quan tâm đến bảo hiểm nhân thọ và bảo hiểm sức khỏe gia đình. ✅ Nhu cầu rõ ràng ✅ Thông tin đã được xác minh ✅ Khách hàng đồng ý tư vấn 📍 Hiện tại chúng tôi đang ưu tiên liên hệ với các tư vấn viên khu vực. Nếu bạn cần thêm khách hàng phù hợp, vui lòng liên hệ riêng với tôi để thảo luận thêm. 🤝",0,0,0,0,1,unknown,Spam,0,0,0,2,0,0/0 (0%),Normal,
827,Cộng đồng Tư vấn viên bảo hiểm,https://www.facebook.com/groups/congdongtuvanvienbaohiem/posts/28617156787896723/,"Khi ngoài kia còn nhiều người quen biết vẫn chưa tin và đặt niềm tin vào bảo hiểm, thì ở đây, những khách hàng hoàn toàn xa lạ đã tìm đến Ngọc “ chuyển giao rủi ro & tạo dựng kế hoạch tài chính bền vững “ bằng HỢP ĐỒNG BẢO HIỂM NHÂN THỌ. 📝Ngọc luôn đặt ra câu hỏi : *Vì sao anh/chị chọn AIA? *Vì sao anh/chị chọn Hồng Ngọc? Không phải tìm một lời giải thích, mà đó chính là 1 lần nữa Ngọc xác nhận lại lời cảm ơn niềm tin khách hàng đã yêu thương chọn Ngọc làm người đồng hành❤️ 🎁Xin gửi lời cảm ơn sâu sắc đến gia đình chị Phượng đã lựa chọn Ngọc & Ngọc luôn ở đây tư vấn đúng & đủ theo nhu cầu của từng gia đình. #AIA #Nguyenhongngocaia",0,0,0,0,1,health,Spam,0,0,0,1,0,0/0 (0%),Normal,
828,Cộng đồng Tư vấn viên bảo hiểm,https://www.facebook.com/groups/congdongtuvanvienbaohiem/posts/28619318421013893/,"🌟 TUYỂN DỤNG ĐẠI LÝ BẢO HIỂM NHÂN THỌ / TƯ VẤN TÀI CHÍNH – SHINHAN LIFE Bạn đang tìm một công việc linh hoạt – thu nhập theo năng lực – có cơ hội phát triển lâu dài? 🌱 Shinhan Life Việt Nam đang mở rộng đội ngũ và tìm kiếm những anh/chị yêu thích kinh doanh, tư vấn và xây dựng mối quan hệ với khách hàng. 💼 VỊ TRÍ Đại lý Bảo hiểm Nhân thọ / Tư vấn Tài chính 👤 Độ tuổi: 22 – 55 📍 Địa điểm làm việc: CII Tower, 152 Điện Biên Phủ, P. Thạnh Mỹ Tây, TP. Hồ Chí Minh ✨ BẠN SẼ NHẬN ĐƯỢC GÌ? ✅ Thời gian làm việc linh hoạt, phù hợp cả người muốn làm toàn thời gian hoặc bán thời gian ✅ Được đào tạo kiến thức bảo hiểm và kỹ năng tư vấn từ cơ bản ✅ Môi trường chuyên nghiệp, năng động ✅ Cơ hội xây dựng thu nhập theo năng lực và kết quả kinh doanh ✅ Có lộ trình phát triển nghề nghiệp dành cho người có năng lực và mong muốn xây dựng đội nhóm ✅ Được đồng hành, hướng dẫn trong quá trình tìm kiếm và chăm sóc khách hàng 🎯 AI PHÙ HỢP? 🔹 Người có kinh nghiệm kinh doanh, sales, ngân hàng, bất động sản, tài chính, dịch vụ khách hàng… 🔹 Người muốn có thêm nguồn thu nhập thứ hai 🔹 Người yêu thích giao tiếp, tư vấn và xây dựng quan hệ 🔹 Người đang muốn chuyển hướng nghề nghiệp và tìm một môi trường mới 🔹 Không yêu cầu bạn phải có kinh nghiệm bảo hiểm từ trước — được đào tạo 💡 Không chỉ là bán bảo hiểm. Đây là công việc giúp bạn xây dựng kiến thức tài chính, mở rộng mối quan hệ và tạo giá trị lâu dài cho khách hàng. 📩 Quan tâm vị trí này? Hãy nhắn tin cho Thảo để trao đổi về công việc, chính sách và lộ trình phát triển. ☎️ Tel/ zalo/ viber/whatsapp: 0903- 313- 404 👉 Đừng ngại bắt đầu một nghề mới ở tuổi 30, 40 hay 50. Điều quan trọng là bạn muốn bắt đầu từ hôm nay! 🌿 #ShinhanLife #TuyenDung #DaiLyBaoHiem #TuVanTaiChinh #BaoHiemNhanTho #CoHoiNgheNghiep #TPHCM #TuyenDung2026",0,0,0,0,0,,,0,0,0,0,0,0/0 (0%),Normal,
829,Cộng đồng Tư vấn viên bảo hiểm,https://www.facebook.com/groups/congdongtuvanvienbaohiem/posts/28619364824342586/,"Con em 3 tuổi mới bị viêm phổi nằm viện 7 ngày, mới ra viện ngày 11/8. Giờ em muốn mua bh nhân thọ kẹp thẻ sk có ai bán ko ạ",38,38,0,0,66,unknown,Spam,0,13,0,47,0,0/13 (0.0%),Normal,
830,Cộng đồng Tư vấn viên bảo hiểm,https://www.facebook.com/groups/congdongtuvanvienbaohiem/posts/28619391157673286/,Anh chị cần mua bảo hiểm TCB liên hệ e tv ạ 0862189918,0,0,0,0,0,,,0,0,0,0,0,0/0 (0%),Normal,
831,Cộng đồng Tư vấn viên bảo hiểm,https://www.facebook.com/groups/congdongtuvanvienbaohiem/posts/28619455601000175/,"💙 CẬP NHẬT NHANH THẺ RỜI THÁNG 9/2026 💙 Mỗi độ tuổi – một nhu cầu bảo vệ khác nhau Không phải cứ mua gói đắt nhất là tốt nhất. Quan trọng là chọn đúng giải pháp phù hợp với: ✅ Độ tuổi ✅ Tình trạng sức khỏe ✅ Nhu cầu sử dụng bệnh viện ✅ Ngân sách gia đình 🌸 Mẹ bầu chuẩn bị sinh: 🏥 Viện công: FUSE Care 🏥 Viện tư/quốc tế: Xanh Hạnh Phúc 👶 Bảo hiểm sức khỏe cho bé: 🍼 Bé sơ sinh: FUSE Care / Xanh Bình An – Tasco 👧 Bé trên 1 tuổi: Sống Xanh – MSIG / Affina 100 ⭐ Sản phẩm ổn định: MIC Care 👵 Ba mẹ lớn tuổi: 💙 MIC Care 💙 Trên 65 tuổi: Sức Khỏe Tâm An – AAA 💙 Ưu tiên giải pháp có điều kiện tái tục phù hợp 👨‍👩‍👧 Người lớn: 🧡 Sức khỏe ổn định: MIC Care 🧡 Có bệnh nền: cần thẩm định kỹ, tham khảo VBI Care 🧡 Ưu tiên kế hoạch lâu dài, tái tục rõ ràng Ngoài thẻ sức khỏe, có thể kết hợp thêm trợ cấp viện phí để có thêm khoản tiền mặt khi nằm viện, hỗ trợ chi phí sinh hoạt trong thời gian điều trị. 📌 Vy luôn tư vấn theo hướng: “Chọn đúng quyền lợi trước – chọn mức phí sau.” Vì một chiếc thẻ tốt là chiếc thẻ phù hợp và có thể đồng hành cùng mình lâu dài ❤️ 📩 Nhắn “THẺ RỜI” cho Vy để được tư vấn theo đúng nhu cầu của gia đình nhé. 📲 Zalo: 0767 1343 86 📍 Tòa nhà 7A Lam Sơn, P. Tân Sơn Hòa, TP.HCM #BaoHiemSucKhoe #TheRoi #BaoHiemThaiSan #BaoHiemChoBe #BaoVeGiaDinh #HoangVyBaoHiem",0,0,0,0,0,,,0,0,0,0,0,0/0 (0%),Normal,
832,Cộng đồng Tư vấn viên bảo hiểm,https://www.facebook.com/groups/congdongtuvanvienbaohiem/posts/28619827170963018/,"🤟 HAPPY TEAM - VPBANK HCM TUYỂN DỤNG Vị trí đang chờ bạn: Nhân viên / Chuyên viên /Chuyên viên chính/ Chuyên viên cao cấp Số lượng còn lại: 6 slot Địa điểm: Samco Building, P. Cô Giang, TP.HCM 🎯 QUYỀN LỢI * Ký hợp đồng lao động chính thức với VPBank * Xét tăng bậc/tăng lương định kỳ 6 tháng/lần * Thưởng lương tháng 13 & Tết (3 -5 tháng lương) * Thu nhập >2X + incentive không giới hạn * Thưởng lễ, du lịch hè 5tr/người * Bảohiểm cbnv theo luật lao động + Bảohiểm VPBank care cho CBNV tùy theo cấp bậc * Lộ trình thăng tiến rõ ràng: NV -> CV -> CVC -> CVCC -> QUẢN LÝ 🎯BẠN MUỐN NÂNG CAO KỸ NĂNG BÁN HÀNG, GIÁ TRỊ BẢN THÂN VÀ THU NHẬP -> HÃY APPLY CV NGAY 📩Ứng tuyển/trao đổi công việc: Mr. Henry – 0979 691 284",0,0,0,0,1,unknown,Spam,0,0,0,1,0,0/0 (0%),Normal,
833,Cộng đồng Tư vấn viên bảo hiểm,https://www.facebook.com/groups/congdongtuvanvienbaohiem/posts/28620887874190281/,"Thẻ Supreme Shinhan Bank hoàn bảo hiểm 1tr/ kì Dòng thẻ tối ưu chi phí gia đình, hoàn 6% bảo hiểm, tối đa 1tr/kì sao kê. Ngoài ra thì e này cũng tối ưu rất nhiều các khoản chi tiêu khác như mua sắm onl như sau: ✅ Hoàn PTN năm đầu 550.000đ ✅ Tích điểm 12% cho hạng mục TMĐT, điện máy, giáo dục ✅ Tích điểm 6% bảo hiểm, y tế ✅ Trả góp 0% ls, 0% phí chuyển đổi Nhắn e tư vấn & hỗ trợ mở thẻ cho mình luôn nhé ạ 😍",0,0,0,0,0,,,0,0,0,0,0,0/0 (0%),Normal,
834,Cộng đồng Tư vấn viên bảo hiểm,https://www.facebook.com/groups/congdongtuvanvienbaohiem/posts/28621142347498167/,"CHÀO MỪNG NĂM HỌC MỚI 2026 – 2027 | CỘNG HƯỞNG ĐIỀU HAY Mỗi năm học mới mở ra một hành trình mới, nơi những bài học không chỉ có trong trang sách mà còn đến từ những điều hay trong cuộc sống, từ những việc rất nhỏ: 💬 Một lời động viên để thêm tự tin. 🏃 Một giờ chơi để cùng vận động. 🥗 Một bữa ăn lành mạnh để lớn khôn. 💚 Một sự sẻ chia để tâm hồn thêm khỏe mạnh. Những điều hay ấy khi được trao đi và tiếp nối mỗi ngày sẽ cộng hưởng thành một điều lớn hơn, góp phần xây dựng môi trường học đường khỏe mạnh, hạnh phúc và đầy cảm hứng để các em lớn khôn. Đó cũng chính là tinh thần Cộng Hưởng Điều Hay mà AIA muốn gửi đến quý nhà trường, quý thầy cô và các em học sinh nhân dịp tựu trường năm học mới 2026 – 2027. Hãy bắt đầu ngày hôm nay tham gia Bảo Hiểm Liên Kết Chung Vững Tương Lai để tích lũy xây dựng tương lai cho các bé thành đạt sau này. Inbox để được tư vấn về sản phẩm. #AIA #AOB #Chaomungnamhocmoi2026",0,0,0,0,0,,,0,0,0,0,0,0/0 (0%),Normal,
835,Cộng đồng Tư vấn viên bảo hiểm,https://www.facebook.com/groups/congdongtuvanvienbaohiem/posts/28626431373635931/,Cả nhà cho e hỏi bên manu và bên daiichi đóng phí bảo hiểm theo quý phí có cao hơn đóng theo năm ko ạ. E đóng sang năm t5 muốn chuyển đóng quý cho nhẹ,17,17,0,0,20,unknown,Trung lap,0,14,0,5,0,0/14 (0.0%),Normal,
836,Cộng đồng Tư vấn viên bảo hiểm,https://www.facebook.com/groups/congdongtuvanvienbaohiem/posts/28627192646893137/,"✊ HAPPY TEAM - VPBANK HCM TUYỂN DỤNG Vị trí đang chờ bạn: Nhân viên / Chuyên viên /Chuyên viên chính/ Chuyên viên cao cấp Số lượng còn lại: 6 slot Địa điểm: Samco Building, P. Cô Giang, TP.HCM 🎯 QUYỀN LỢI * Ký hợp đồng lao động chính thức với VPBank * Xét tăng bậc/tăng lương định kỳ 6 tháng/lần * Thưởng lương tháng 13 & Tết (3 -5 tháng lương) * Thu nhập >2X + incentive không giới hạn * Thưởng lễ, du lịch hè 5tr/người * Bảohiểm cbnv theo luật lao động + Bảohiểm VPBank care cho CBNV tùy theo cấp bậc * Lộ trình thăng tiến rõ ràng: NV -> CV -> CVC -> CVCC -> QUẢN LÝ 🎯BẠN MUỐN NÂNG CAO KỸ NĂNG BÁN HÀNG, GIÁ TRỊ BẢN THÂN VÀ THU NHẬP -> HÃY APPLY CV NGAY 📩Ứng tuyển/trao đổi công việc: Mr. Henry – 0979 691 284",0,0,0,0,2,unknown,Spam,0,0,0,1,0,0/0 (0%),Normal,
837,Cộng đồng Tư vấn viên bảo hiểm,https://www.facebook.com/groups/congdongtuvanvienbaohiem/posts/28627501940195541/,☕ SU COFFEE & TEA ☕ Một chút cà phê cho ngày mới thêm tỉnh táo ✨ ✔️ Đen đá ✔️ Nâu đá ✔️ Bạc xỉu ✔️ Cafe Latte ✔️ Cafe kem muối ✔️ Cafe kem trứng ✔️ Cafe kem cheese 📍 SA5 | 0973229881 🛵 Ship nội khu,0,0,0,0,0,,,0,0,0,0,0,0/0 (0%),Normal,
838,Cộng đồng Tư vấn viên bảo hiểm,https://www.facebook.com/groups/congdongtuvanvienbaohiem/posts/28627615643517504/,"📢 [ HCM - TÂN PHÚ ] DAI-ICHI LIFE TUYỂN THỰC TẬP SINH 📍VỊ TRÍ TUYỂN DỤNG: 🎊 TTS KINH DOANH: • Hỗ trợ tư vấn các giải pháp bảo hiểm cho khách hàng (thông tin do công ty cung cấp). • Chăm sóc khách hàng trước và sau khi tư vấn. • Tham gia các hoạt động phát triển khách hàng cùng đội ngũ. 🎊 TTS NHÂN SỰ: • Hỗ trợ tìm kiếm và kết nối ứng viên. • Sắp xếp lịch phỏng vấn, theo dõi quá trình tuyển dụng. • Hỗ trợ các hoạt động tuyển dụng và phát triển đội ngũ. 📍QUYỀN LỢI: Được xác nhận mộc thực tập theo quy định của công ty sau khi hoàn thành chương trình. Được hỗ trợ các chi phí, phụ cấp Được đào tạo kỹ năng chuyên môn và kỹ năng mềm. Làm việc trong môi trường chuyên nghiệp, năng động, linh hoạt thời gian. Có người hướng dẫn trong suốt thời gian thực tập. Có cơ hội được xem xét hợp tác lâu dài nếu phù hợp với nhu cầu tuyển dụng của văn phòng. 📍YÊU CẦU: • Sinh viên năm 3,4 các trường Cao đẳng, Đại học các ngành kinh tế. • Có tinh thần học hỏi, chủ động và trách nhiệm. • Kỹ năng giao tiếp là một lợi thế (sẽ được hướng dẫn trong quá trình thực tập). ⏰ THỜI GIAN THỰC TẬP • Tối thiểu 2 tháng (thứ 2 - thứ 6 ) • 08:30 - 11:30 | 13:30 - 17:30 📍 ĐỊA ĐIỂM LÀM VIỆC: 66 Phạm Ngọc Thảo, P.Tây Thạnh, Q.Tân Phú 📩 Gửi CV ứng tuyển : • Zalo: 0981834402 • Email: phamkieugiang.work@gmail.com • Tiêu đề email: [VỊ TRÍ ỨNG TUYỂN - HỌ VÀ TÊN ]",1,1,0,0,0,,,0,0,0,0,0,0/0 (0%),Normal,
839,Cộng đồng Tư vấn viên bảo hiểm,https://www.facebook.com/groups/congdongtuvanvienbaohiem/posts/28628760133403055/,"✌ HAPPY TEAM - VPBANK HCM TUYỂN DỤNG Vị trí đang chờ bạn: Nhân viên / Chuyên viên /Chuyên viên chính/ Chuyên viên cao cấp Số lượng còn lại: 6 slot Địa điểm: Samco Building, P. Cô Giang, TP.HCM 🎯 QUYỀN LỢI * Ký hợp đồng lao động chính thức với VPBank * Xét tăng bậc/tăng lương định kỳ 6 tháng/lần * Thưởng lương tháng 13 & Tết (3 -5 tháng lương) * Thu nhập >2X + incentive không giới hạn * Thưởng lễ, du lịch hè 5tr/người * Bảohiểm cbnv theo luật lao động + Bảohiểm VPBank care cho CBNV tùy theo cấp bậc * Lộ trình thăng tiến rõ ràng: NV -> CV -> CVC -> CVCC -> QUẢN LÝ 🎯BẠN MUỐN NÂNG CAO KỸ NĂNG BÁN HÀNG, GIÁ TRỊ BẢN THÂN VÀ THU NHẬP -> HÃY APPLY CV NGAY 📩Ứng tuyển/trao đổi công việc: Mr. Henry – 0979 691 284",0,0,0,0,0,,,0,0,0,0,0,0/0 (0%),Normal,
840,Cộng đồng Tư vấn viên bảo hiểm,https://www.facebook.com/groups/congdongtuvanvienbaohiem/posts/28629150456697356/,"Bảo hiểm nhân thọ có thực sự là 1 dạng ""cá cược""? #tinbaohiem24h #baohiem #baohiemnhantho",0,0,0,0,0,,,0,0,0,0,0,0/0 (0%),Normal,
841,Cộng đồng Tư vấn viên bảo hiểm,https://www.facebook.com/groups/congdongtuvanvienbaohiem/posts/28629402543338814/,"Manulife Hải Phòng cần tuyển những ứng viên mong muốn bứt phá trong lĩnh vực tài chính – bảo hiểm. ✅ Đặc biệt ưu tiên ứng viên có kinh nghiệm trong các lĩnh vực: * 👨‍🏫 Nhà giáo, giáo dục * 🏦 Tài chính – Ngân hàng * 🏢 Bất động sản Đây là một lợi thế, không phải điều kiện bắt buộc. Nếu chưa có kinh nghiệm, bạn sẽ được đào tạo bài bản từ đầu. 🎯 Quyền lợi: ✔ Thu nhập không giới hạn theo năng lực. ✔ Làm việc với thương hiệu tài chính hàng đầu. ✔ Đào tạo chuyên nghiệp, hỗ trợ phát triển kỹ năng. ✔ Lộ trình thăng tiến rõ ràng. ✔ Môi trường năng động, nhiều cơ hội phát triển bản thân. 📜 Thi cấp chứng chỉ Bộ Tài chính: 17/07/2026 📍 Khu vực tuyển dụng: Văn phòng tầng 7 sau toà nhà lạc hồng Hải Phòng 📞 Liên hệ ứng tuyển:– Phòng Tuyển dụng ☎️ 0866047896 #Manulife #ManulifeHaiphong#TuyenDungManulife #CoHoiNgheNghiep #ThuNhapKhongGioiHan #PhatTrienSuNghiep #BaoHiemNhanTho #TaiChinh #NhaGiao #TaiChinhNganHang #BatDongSan",1,1,0,0,0,,,0,0,0,0,0,0/0 (0%),Normal,
842,Cộng đồng Tư vấn viên bảo hiểm,https://www.facebook.com/groups/congdongtuvanvienbaohiem/posts/28629851143293954/,,4,4,0,0,12,unknown,Trung lap,0,8,3,0,0,3/11 (27.3%),Following,
843,Cộng đồng Tư vấn viên bảo hiểm,https://www.facebook.com/groups/congdongtuvanvienbaohiem/posts/28630651576547244/,,0,0,0,0,0,,,0,0,0,0,0,0/0 (0%),Normal,
844,Cộng đồng Tư vấn viên bảo hiểm,https://www.facebook.com/groups/congdongtuvanvienbaohiem/posts/28630978809847854/,"Góc cảnh tỉnh, cẩn thận đào lửa khắp nơi mảng bảo hiểm TNDS nhé ace. Hắn chuyên đi lừa đại lý bảo hiểm cấp đơn, thu tiền và không trả về công ty. Hắn ở KV HCM, hắn lấy Công ty MINH THÔNG để làm nền đi đào lửa chiếm dụng phí, đã bị công ty bảo hiểm hiểm & doanh nghiệp truy tố. Nay hắn chuyển ra miền trung, bắc tìm các thương hiệu bảo hiểm chưa va chạm để cố tình bày vẻ để hợp tác. Hắn sau khi tìm được đơn vị cấp đơn sau đó tìm đại lý và đưa % cao để cấp đơn. Sau đó thu tiền & yểm luôn. ACE cẩn thận nhé, ko có gì là cho ko và miễn phí đâu.",1,1,0,0,1,,,0,0,0,0,0,0/0 (0%),Normal,
845,Cộng đồng Tư vấn viên bảo hiểm,https://www.facebook.com/groups/congdongtuvanvienbaohiem/posts/28633297209616014/,Gói bảo hiểm gia đình 4 người có gì? #tinbaohiem24h #baohiem #baohiemxahoi,0,0,0,0,0,,,0,0,0,0,0,0/0 (0%),Normal,
846,Cộng đồng Tư vấn viên bảo hiểm,https://www.facebook.com/groups/congdongtuvanvienbaohiem/posts/28635136156098786/,"💰 ĐÓNG 20 TRIỆU TIỀN BẢO HIỂM – ĐỪNG BỎ QUA TIỀN HOÀN! Nếu khoản 20 triệu thanh toán bảo hiểm không được chiết khấu, bạn có thể dùng VIB ONE CARD để nhận hoàn tiền tối đa 1.800.000đ theo chính sách hoàn tiền của thẻ. Không chỉ BẢO HIỂM, ONE CARD còn áp dụng hoàn tiền cho: ✨ Mua sắm ✨ Giáo dục ✨ Du lịch ✨ Chi tiêu nước ngoài 👉 Tổng hoàn tối đa lên đến 18 triệu đồng/năm. Cùng một khoản chi tiêu, thay vì thanh toán như bình thường, hãy để thẻ tín dụng giúp bạn lấy lại một phần tiền 💳 📞Liên hệ em Quỳnh để được tư vấn ạ 0865955886",1,1,0,0,0,,,0,0,0,0,0,0/0 (0%),Normal,
847,Cộng đồng Tư vấn viên bảo hiểm,https://www.facebook.com/groups/congdongtuvanvienbaohiem/posts/28635219652757103/,"👨‍👩‍👧 BA VÀ BÉ – CÙNG MỘT KẾ HOẠCH, BẢO VỆ CẢ GIA ĐÌNH 💙 Nếu ba là trụ cột, thì sức khỏe của ba cũng chính là “tài sản” cần được bảo vệ. Một phương án có thể kết hợp: ✨ Bảo vệ tài chính cho ba – mệnh giá 1,2 tỷ 🏥 Thẻ nội trú cho cả ba và bé – hạn mức 1 tỷ 💊 Ngoại trú cho bé – 5 triệu/năm 🔄 Tự động tái tục thẻ sức khỏe hằng năm 💗 Hướng đến việc duy trì bảo vệ lâu dài cho gia đình. Đặc biệt, ngoài bảo vệ sức khỏe, phương án còn hướng tới một quỹ tích lũy dài hạn cho bé, minh họa khoảng 132 triệu sau 10 năm – 256 triệu sau 15 năm – 469 triệu sau 20 năm. 👉 Không cần bắt đầu bằng một kế hoạch quá lớn. Quan trọng là đúng nhu cầu, vừa ngân sách và có thể duy trì lâu dài. 📲 Zalo: 0767 1343 86 📍 Toà nhà 7A Lam Sơn, P. Tân Sơn Hoà, TP.HCM Vy hỗ trợ thiết kế phương án riêng cho ba + bé theo ngân sách gia đình nhé 💕 #BaoHiemGiaDinh #BaoHiemChoBa #BaoHiemChoBe #BaoHiemSucKhoe #QuyTichLuyChoCon #HoangVyBaoHiem",0,0,0,0,0,,,0,0,0,0,0,0/0 (0%),Normal,
848,Cộng đồng Tư vấn viên bảo hiểm,https://www.facebook.com/groups/congdongtuvanvienbaohiem/posts/28635240029421732/,"👩‍👧 MẸ VỮNG VÀNG – BÉ ĐƯỢC BẢO VỆ TỪ SỚM 💗 Một phương án dành cho mẹ và bé, vừa chăm sóc sức khỏe, vừa xây dựng nền tảng tài chính dài hạn cho con. ✨ Mẹ được bảo vệ với quyền lợi nhân thọ 🏥 Thẻ nội trú 1 tỷ cho cả mẹ và bé 💊 Bé có thêm ngoại trú 5 triệu/năm 🔄 Tự động tái tục thẻ sức khỏe hằng năm 💗 Hướng đến quỹ tích lũy cho bé khoảng 137 triệu sau 10 năm – 276 triệu sau 15 năm – 520 triệu sau 20 năm (theo mức minh họa trên phương án) 💡 Điều Vy thích nhất ở một kế hoạch như thế này là: mẹ được bảo vệ, bé có nền tảng, gia đình chủ động hơn trước những khoản chi phí y tế bất ngờ. 📲 Zalo: 0767 1343 86 📍 Toà nhà 7A Lam Sơn, P. Tân Sơn Hoà, TP.HCM Vy hỗ trợ lên phương án riêng theo độ tuổi – nhu cầu – ngân sách của từng gia đình nhé ❤️ #BaoHiemMeVaBe #BaoHiemChoBe #BaoHiemSucKhoe #QuyTichLuyChoCon #HoangVyBaoHiem",0,0,0,0,0,,,0,0,0,0,0,0/0 (0%),Normal,
849,Cộng đồng Tư vấn viên bảo hiểm,https://www.facebook.com/groups/congdongtuvanvienbaohiem/posts/28635318676080534/,": Tự do tài chính hay độc lập khi ốm đau? ☕✨ Yêu bản thân không chỉ là đi du lịch hay thưởng cho mình những món đồ hiệu, mà là không biến mình thành gánh nặng tài chính của cha mẹ nếu chẳng may ngã bệnh. Một hợp đồng bảo hiểm từ sớm giúp người trẻ tối ưu chi phí (phí cực rẻ khi còn trẻ), an tâm khám chữa bệnh dịch vụ cao cấp và chủ động xây dựng thói quen tích lũy kỷ luật cho các mục tiêu lớn tiếp theo. ​👉 Nhắn mình ngay để nhận giải pháp bảo vệ tối ưu với chi phí chỉ bằng vài ly coffee mỗi tuần! #DocLapTaiChinh #NguoiTreThongMinh #BaoHiemNhanTho",1,1,0,0,3,unknown,Tieu cuc,0,1,2,0,0,2/3 (66.7%),Normal,
850,Cộng đồng Tư vấn viên bảo hiểm,https://www.facebook.com/groups/congdongtuvanvienbaohiem/posts/28639353479010387/,"🌷 MANG THAI AN TÂM – ĐÓN CON KHỎE MẠNH CÙNG FUSECare THAI SẢN 🌷 Hành trình làm mẹ là một trong những hành trình đẹp nhất, nhưng cũng đi kèm không ít nỗi lo về chi phí khám thai, sinh nở và những rủi ro không mong muốn. 💙 Với FUSECare Thai Sản, mẹ bầu được bảo vệ toàn diện với nhiều quyền lợi hấp dẫn: ✅ Quyền lợi thai sản lên đến 80 triệu đồng ✅ Hỗ trợ sinh sản cho cả thai IUI, IVF từ tuần thai thứ 12 ✅ Chi trả chi phí khám thai định kỳ ✅ Hỗ trợ sinh tại bệnh viện công và bệnh viện tư ✅ Thời gian chờ khám thai chỉ 90 ngày 📌 Nhiều gói linh hoạt từ 10 - 80 triệu đồng, phù hợp với nhu cầu và ngân sách của từng gia đình. Đừng đợi đến khi mang thai mới tìm hiểu bảo hiểm. Chuẩn bị sớm chính là món quà ý nghĩa nhất dành cho mẹ và bé yêu. ❤️ ☎️ Liên hệ tư vấn: Thúy – 0919 055 501 📩 Hỗ trợ lựa chọn gói phù hợp với nhu cầu và tài chính của gia đình. #FuseCare #BaoHiemThaiSan #BaoHiemSucKhoe #MeBau #ThaiSan",0,0,0,0,0,,,0,0,0,0,0,0/0 (0%),Normal,
851,Cộng đồng Tư vấn viên bảo hiểm,https://www.facebook.com/groups/congdongtuvanvienbaohiem/posts/28639362225676179/,"🏡 31 TRIỆU/NĂM – BẢO VỆ TRỌN GÓI CHO GIA ĐÌNH 3 NGƯỜI Một gia đình, 3 thành viên – mỗi người một nhu cầu bảo vệ khác nhau, nhưng có thể thiết kế trong cùng một kế hoạch tài chính. ✨ Ba: bảo vệ nhân thọ + nội trú + tai nạn + bệnh hiểm nghèo ✨ Mẹ: bảo vệ tai nạn + nội trú + bệnh hiểm nghèo ✨ Bé: nội trú cao cấp + ngoại trú + tai nạn + bệnh hiểm nghèo Đặc biệt, bé còn có quỹ tích lũy học đường theo minh họa của chương trình. ❤️ 💰 Phí tham khảo: 31,7 triệu/năm – khoảng 87.000đ/ngày cho cả gia đình 3 người. Bảo hiểm không phải để mong điều không may xảy ra, mà là để nếu chẳng may xảy ra, gia đình mình vẫn có một kế hoạch tài chính để dựa vào. 📩 Anh/chị muốn biết gia đình mình có thể thiết kế mức bảo vệ như thế nào, nhắn “GIA ĐÌNH” cho em nhé! #phuongthuybaohiem",0,0,0,0,0,unknown,Spam,0,0,0,2,0,0/0 (0%),Normal,
852,Cộng đồng Tư vấn viên bảo hiểm,https://www.facebook.com/groups/congdongtuvanvienbaohiem/posts/28639379395674462/,"💙 VIÊM XOANG CẤP TÍNH – BẢO HIỂM ĐÃ HỖ TRỢ HƠN 3,4 TRIỆU ĐỒNG Không ai mong mình phải nhập viện vì bệnh tật. Nhưng khi rủi ro xảy ra, có bảo hiểm đồng hành sẽ giúp giảm bớt gánh nặng chi phí điều trị. ✨ Khách hàng điều trị Viêm xoang cấp tính tại Bệnh viện Tâm Trí Sài Gòn ✅ Quyền lợi được chi trả: 3.430.294 đồng ✅ Hồ sơ giải quyết nhanh chóng ✅ Hỗ trợ tận tình từ lúc nộp hồ sơ đến khi nhận tiền Bảo hiểm không ngăn được bệnh tật, nhưng có thể giúp bạn vững vàng hơn về tài chính khi cần điều trị. 📞 Liên hệ Thúy: 0919 055 501 để được tư vấn giải pháp bảo vệ sức khỏe phù hợp cho bản thân và gia đình. #BaoHiemSucKhoe #ChiTraBaoHiem #ViemXoangCapTinh #ChamSocSucKhoe #DaiichiLife #BaoVeTaiChinh #PhuongThuyBaoHiem",0,0,0,0,0,,,0,0,0,0,0,0/0 (0%),Normal,
853,Cộng đồng Tư vấn viên bảo hiểm,https://www.facebook.com/groups/congdongtuvanvienbaohiem/posts/28639498652329203/,"Tiền dưỡng sức sau sinh, tiền nghỉ ốm đau, tiền rút #bhxh 1 lần.. dù 1 năm,2 năm hay 10 năm.. đã hưởng sai thì vẫn bị thu hồi lại nhé mọi người. Mà càng để lâu giấy tờ hồ sơ mất mát, lúc trả lại cứ gọi là kêu trời, không trả thì…. “Thì anh cứ đi đi” đừng hòng hưởng chế độ gì nha.",0,0,0,0,0,,,0,0,0,0,0,0/0 (0%),Normal,
854,Cộng đồng Tư vấn viên bảo hiểm,https://www.facebook.com/groups/congdongtuvanvienbaohiem/posts/28639775705634831/,Hướng dẫn đăng ký trợ cấp thất nghiệp online chỉ 7 bước. #tinbaohiem24h #baohiem #trocapthatnghiep,0,0,0,0,0,,,0,0,0,0,0,0/0 (0%),Normal,
855,Cộng đồng Tư vấn viên bảo hiểm,https://www.facebook.com/groups/congdongtuvanvienbaohiem/posts/28639811302297938/,"Hàng sẵn kho, giao ngay 😍Nhận in ấn theo yêu cầu 😍Nhận khắc tên theo yêu cầu 😍Có xuất hóa đơn Liên hệ/ zalo: 0906742246 Thương tư vấn chi tiết cho nhé!",0,0,0,0,0,,,0,0,0,0,0,0/0 (0%),Normal,
856,Cộng đồng Tư vấn viên bảo hiểm,https://www.facebook.com/groups/congdongtuvanvienbaohiem/posts/28640119218933813/,Các bác tv e bảo hiểm an sinh giáo dục với,28,28,0,0,20,,,0,0,0,0,0,0/0 (0%),Normal,
857,Cộng đồng Tư vấn viên bảo hiểm,https://www.facebook.com/groups/congdongtuvanvienbaohiem/posts/28640739792205089/,"9 NĂM ĐỒNG HÀNH CÙNG TCA: MỘT HÀNH TRÌNH – MỘT DẤU ẤN – MỘT NIỀM TỰ HÀO Nhìn lại chặng đường 9 năm gắn bó cùng TCA - Kết nối giá trị, Kiến tạo tương lai, cảm xúc đọng lại sâu sắc nhất trong tôi chính là sự trân trọng và lòng biết ơn vô hạn. 9 năm không chỉ là một mốc thời gian, mà là cả một hành trình tôi cùng các cộng sự trong hệ thống kiên trì gieo hạt, vượt qua thử thách để mang lại những giá trị bền vững cho khách hàng và cộng đồng. Những kết quả ghi dấu trên chặng đường vừa qua: Phí nộp: 55.091.271.099 VNĐ Phát hành: 42.684.952.659 VNĐ ""Không chỉ là con số, đó là mồ hôi, nỗ lực và niềm tin của cả một tập thể."" Khi nhìn vào hai con số này, có lẽ nhiều người sẽ băn khoăn: Tại sao phí phát hành lại chênh lệch so với phí nộp? Sự chênh lệch ấy chính là khoảng lặng trầm tư nhất trong nghề tư vấn tài chính bảo hiểm. Nó gợi tôi nhớ về những lần cầm hồ sơ của khách hàng nhưng không thể trao tay họ một hợp đồng hoàn chỉnh. Có những khách hàng khi tích lũy đủ tài chính, nhận ra tầm quan trọng của bảo hiểm và sẵn sàng tham gia, thì lại bị từ chối chỉ vì một chỉ số sức khỏe không còn đạt chuẩn. Bảo hiểm nhân thọ là một sản phẩm vô cùng đặc biệt — không phải cứ có tiền là có thể sở hữu, mà điều kiện tiên quyết lại là SỨC KHỎE và THỜI ĐIỂM. Mỗi hồ sơ không thể phát hành là một niềm trăn trở, một lời nhắc nhở sâu sắc rằng: Hãy bảo vệ gia đình mình khi còn có thể, đừng chờ đến khi quá muộn. Đằng sau mỗi hợp đồng được phát hành thành công là hàng ngàn gia đình đã kịp thời được bảo vệ, là những kế hoạch tài chính vững chắc được thiết lập, và là niềm tin vô giá mà quý khách hàng đã gửi gắm cho chúng tôi. Tôi xin gửi lời cảm ơn chân thành nhất đến: Ban Lãnh đạo TCA đã luôn định hướng, tạo nền tảng vững chắc và trao cơ hội để chúng tôi phát triển. Các anh/chị/em cộng sự trong hệ thống — những người đồng đội tuyệt vời đã luôn kề vai sát cánh, cống hiến hết mình với tinh thần trách nhiệm cao nhất. Quý khách hàng và Đối tác đã luôn tin tưởng, lựa chọn và đồng hành cùng tôi và đội ngũ trong suốt 9 năm qua. Hành trình phía trước vẫn còn dài với những mục tiêu mới. Với nền tảng vững chắc và tinh thần đoàn kết, tôi tin rằng tập thể chúng ta sẽ tiếp tục vươn xa hơn nữa, mang lại nhiều giá trị thiết thực hơn nữa cho xã hội. #phuonglambaohiem Đỗ GiangHương QuỳnhPhung GiangChinh ĐặngNguyễn Đức AnhHuyen PhamDương TuyềnGiang NguyenNguyễn Thương Bảo HiểmDung DàoPhạm Hoài",21,21,0,0,7,unknown,Tich cuc,10,2,0,3,0,0/12 (0.0%),Normal,
858,Cộng đồng Tư vấn viên bảo hiểm,https://www.facebook.com/groups/congdongtuvanvienbaohiem/posts/28640870905525311/,"🚀 FUBON LIFE TUYỂN DỤNG QUẢN LÝ KINH DOANH KÝ HĐLĐ 💰 Lương cố định: 15 triệu/tháng 🔥 Thu nhập trung bình: 30 triệu+/tháng 🎁 Thưởng hiệu suất – Thưởng phát triển – Thưởng tháng 13 ✅ Chế độ đầy đủ theo quy định: • BHXH, BHYT, BHTN • Nghỉ lễ/Tết, phép năm đầy đủ • Đào tạo chuyên nghiệp & lộ trình thăng tiến rõ ràng từ Tập đoàn Fubon • Môi trường năng động, chuyên nghiệp 📍 Làm việc tại: Tầng 9, Toà nhà Báo SGGP, 436 - 438 Nguyễn Thị Minh Khai, P.Bàn Cờ, HCM 👤 Yêu cầu: Từ 26 tuổi, tốt nghiệp đại học, ưu tiên có kinh nghiệm 📩 Inbox ngay hoặc gửi CV về số 0876 111 017 để nhận JD",1,1,0,0,0,,,0,0,0,0,0,0/0 (0%),Normal,
859,Cộng đồng Tư vấn viên bảo hiểm,https://www.facebook.com/groups/congdongtuvanvienbaohiem/posts/28641947965417605/,"# **🔥 TUYỂN DỤNG – KHÔNG YÊU CẦU KINH NGHIỆM FULL-TIME - PART-TIME 🔥** ✨ NHÂN VIÊN KINH DOANH ✨ 💰 Thu nhập từ >15 TRIỆU/THÁNG ✔️ Lương theo doanh số + Thưởng kinh doanh ✔️ Thưởng tháng, thưởng quý lên đến hơn 10 triệu ✔️ Đào tạo bài bản từ A–Z ✨ TRỢ LÝ KINH DOANH ✨ 💰 Lương 5–7 TRIỆU/THÁNG + THƯỞNG ✔️ Không yêu cầu kinh nghiệm ✔️ Được hướng dẫn công việc chi tiết ✔️ Phù hợp sinh viên, người mới ra trường 🎯 YÊU CẦU ✅ Từ 20 tuổi trở lên ✅ Chăm chỉ, ham học hỏi ✅ Không yêu cầu kinh nghiệm 📍 Địa điểm: Tầng 9, Tòa Geleximco, 36 Hoàng Cầu, Đống Đa, Hà Nội 📞 Ứng tuyển ngay Hotline/Zalo: 0946 198 580 (Vu Minh Phuong) 📩 Gửi CV email: minhfuong.chubb@gmail.com",0,0,0,0,0,,,0,0,0,0,0,0/0 (0%),Normal,
860,Cộng đồng Tư vấn viên bảo hiểm,https://www.facebook.com/groups/congdongtuvanvienbaohiem/posts/28641984142080654/,Bảo hiểm dân sự 279k (xe 5 chỗ biển trắng) Bảo hiểm Thân vỏ tuỳ dòng xe và đời xe ( có BH Pin cả khi Pin tổn thất riêng ) Nhận BH trước ck sau 0968.729.615 ZL Em ạ📞😄|,0,0,0,0,0,,,0,0,0,0,0,0/0 (0%),Normal,
861,Cộng đồng Tư vấn viên bảo hiểm,https://www.facebook.com/groups/congdongtuvanvienbaohiem/posts/28642096995402702/,"💕 VÌ SAO BẢO HIỂM THAI SẢN DAI-ICHI VẪN LUÔN ĐƯỢC NHIỀU MẸ ƯU TIÊN? Mang thai là hành trình dài, nên một gói bảo hiểm tốt không chỉ cần hỗ trợ chi phí lúc đi sinh, mà còn cần đồng hành với mẹ và bé lâu dài từ những ngày đầu tiên. Các điểm mạnh của thai sản Daiichi mà mẹ có thể tham khảo: - An tâm tái tục năm 2 – duy trì quyền lợi và mức phí theo điều kiện chương trình. - Chi trả 100% chi phí hợp lệ tại các bệnh viện, tiền giường lên đến 6 triệu/ngày. - Nhân đôi hạn mức thai sản khi sinh đôi 👶🏻👶🏻 - Khám thai lên đến 6 triệu, thời gian chờ chỉ 90 ngày. - Đặc biệt, mẹ có thể kết hợp xây dựng quỹ y tế dự phòng cho cả mẹ và bé ngay từ thai kỳ – để sau khi con chào đời, có thể chuẩn bị phương án bảo vệ cho bé từ 30 ngày tuổi. ❤️ Không chỉ chuẩn bị cho một lần đi sinh, mà là chuẩn bị một kế hoạch để mẹ an tâm thai kỳ – bé có nền tảng bảo vệ từ những ngày đầu đời. 📩 Mẹ nào đang có kế hoạch thả bầu hoặc chuẩn bị IVF, inbox Vy để được tính phương án phù hợp với bệnh viện dự sinh và ngân sách nhé! Thông tin liên hệ: 📲 Zalo: 0767 1343 86 📍 Toà nhà 7A Lam Sơn, P. Tân Sơn Hoà, TP.HCM #baohiemthaisan #mebauthongthai #suckhoemevabe #baohiemsuckhoe #HoangVyBaoHiem",0,0,0,0,1,unknown,Spam,0,0,0,1,0,0/0 (0%),Normal,
862,Cộng đồng Tư vấn viên bảo hiểm,https://www.facebook.com/groups/congdongtuvanvienbaohiem/posts/28642312042047864/,"🌸 VU LAN BÁO HIẾU – TẶNG BỐ MẸ THẺ SỨC KHỎE AN TÂM Vu Lan này, món quà ý nghĩa nhất dành cho cha mẹ chính là sự chăm sóc y tế chu đáo và an tâm sống khỏe mỗi ngày. Vy gửi cả nhà mang đến 2 giải pháp bảo vệ sức khỏe toàn diện cho người cao niên (tới 70 tuổi): - VBI Care: Chi phí hợp lý, bảo vệ nội trú tới 250 triệu/năm, hỗ trợ nằm viện tới 12,5 triệu/ngày. - MIC Care: Chi trả 100% hạn mức tại các bệnh viện công, tư & quốc tế, quyền lợi nội trú tới 200 triệu/năm. ✅Thủ tục đơn giản, bảo lãnh viện phí toàn quốc. 📩 Inbox NNX ngay để chọn gói bảo vệ trọn vẹn nhất cho đấng sinh thành! Thông tin liên hệ: 📲 Zalo: 0767 1343 86 📍 Toà nhà 7A Lam Sơn, P. Tân Sơn Hoà, TP.HCM #baohiemsuckhoe #thesuckhoeroi #baohiemmic #baohiemvbi #hoangvybaohiem",0,0,0,0,0,,,0,0,0,0,0,0/0 (0%),Normal,
863,Cộng đồng Tư vấn viên bảo hiểm,https://www.facebook.com/groups/congdongtuvanvienbaohiem/posts/28642350075377394/,"Em tui làm cty đc 2 năm đóng bhxh từ tháng 4-2024 đến 9/5/2026 nghỉ thai sản rồi từ tháng 3-5/2026 cty ko trả lương hẹn hoài luôn còn bhxh thì đóng trễ 5 tháng giờ em tui đẻ đc 4 tháng rồi , ko lấy đc bhtsan , ko lấy đc lương giờ phải làm sao đây mng huhuu nghe nói bà sếp trốn đi nước ngoài r ai cứu em tui với 🥺",3,3,0,0,0,,,0,0,0,0,0,0/0 (0%),Normal,
864,Cộng đồng Tư vấn viên bảo hiểm,https://www.facebook.com/groups/congdongtuvanvienbaohiem/posts/28642497778695957/,"🛡️ CHỦ ĐỘNG BẢO VỆ – AN TÂM VỮNG BƯỚC 💚 Cuộc sống luôn có những rủi ro không thể đoán trước. Một kế hoạch bảo hiểm phù hợp sẽ giúp bạn chủ động bảo vệ tài chính cho bản thân và gia đình khi chẳng may có sự cố. ✨ Bảo hiểm Tử kỳ: Quyền lợi lên đến 100% số tiền bảo hiểm khi xảy ra sự kiện bảo hiểm. ✨ Bảo hiểm Tai nạn: Hỗ trợ tài chính khi không may gặp rủi ro do tai nạn. ✨ Độ tuổi tham gia: 18–65 tuổi ✨ Thời hạn hợp đồng có thể đến 70 tuổi 📩 Anh/Chị quan tâm, em tư vấn chi tiết quyền lợi và mức phí phù hợp nhé! Ms. Oanh – 0369537236 💜",0,0,0,0,0,,,0,0,0,0,0,0/0 (0%),Normal,
865,Cộng đồng Tư vấn viên bảo hiểm,https://www.facebook.com/groups/congdongtuvanvienbaohiem/posts/28642580378687697/,"💚 BA MẸ CÀNG LỚN TUỔI – CHI PHÍ Y TẾ CÀNG LÀ KHOẢN NÊN CHỦ ĐỘNG CHUẨN BỊ! Nếu đang tìm một gói bảo hiểm sức khỏe cho ba mẹ từ 41–70 tuổi, MIC Care là phương án rất đáng để tham khảo. ✨ Điểm nổi bật: * Tham gia mới trước 66 tuổi, có thể tái tục tới 70 tuổi * Chi trả 100% hạn mức tại bệnh viện công, tư nhân và quốc tế * Quyền lợi nội trú lên đến 200 triệu/năm * Ngoại trú lên đến 20 triệu/năm * Tiền nằm viện lên đến 10 triệu/ngày * Phẫu thuật lên đến 200 triệu * Nhiều mức phí để lựa chọn theo nhu cầu và ngân sách 💰 Phí nội trú tham khảo chỉ từ 853.000đ/năm cho nhóm tuổi 41–50. Ba mẹ còn đủ điều kiện tham gia thì mình nên chuẩn bị sớm. Một chiếc thẻ sức khỏe hôm nay có thể giúp gia đình chủ động hơn rất nhiều trước những khoản viện phí sau này. ❤️ 📲 Zalo: 0767 1343 86 📍 Toà nhà 7A Lam Sơn, P. Tân Sơn Hoà, TP.HCM #BaoHiemSucKhoe #MICCare #BaoHiemChoBaMe #BaoHiemNguoiCaoTuoi #HoangVyBaoHiem",0,0,0,0,0,,,0,0,0,0,0,0/0 (0%),Normal,
866,Cộng đồng Tư vấn viên bảo hiểm,https://www.facebook.com/groups/congdongtuvanvienbaohiem/posts/28643019591977109/,"Xin phép ad ạ Bên em đang thực hiện một nghiên cứu về ý kiến của những anh/chị đang hoạt động trong ngành bảo hiểm của các cty Manulife, Aia, Sunlife và Prudential. Khảo sát muốn tìm hiểu quan điểm thực tế của anh/chị trong quá trình làm nghề. Không có câu trả lời đúng hay sai, anh/chị cứ chia sẻ theo trải nghiệm thực tế của mình. E phỏng vấn 15-20ph thôi ạ, phỏng vấn xong e gửi tiền quà để cảm ơn tham gia khảo sát ạ Liên hệ 0867631884",0,0,0,0,0,unknown,Spam,0,2,0,3,0,0/2 (0.0%),Normal,
867,Cộng đồng Tư vấn viên bảo hiểm,https://www.facebook.com/groups/congdongtuvanvienbaohiem/posts/28643332665279135/,Em nhận order giá tận xưởng Trung Nhận order không qua trung gian🥰 Nhận in ấn theo yêu cầu🥰 Nhận khắc tên theo yêu cầu🥰 Có nhiều mẫu sẵn kho🥰 Liên hệ /zalo: 0906742246 em báo giá ạ🔥,0,0,0,0,0,,,0,0,0,0,0,0/0 (0%),Normal,
868,Cộng đồng Tư vấn viên bảo hiểm,https://www.facebook.com/groups/congdongtuvanvienbaohiem/posts/28643445345267867/,"💙 BÉ NHẬP VIỆN 3 NGÀY – NHẬN CHI TRẢ HƠN 11 TRIỆU ĐỒNG 💙 Một ca thực tế khi bé được chẩn đoán RSV, phải nhập viện điều trị tại AIH. Chỉ sau khi hoàn tất hồ sơ, khách hàng nhận được 2 khoản chi trả, tổng cộng 11.096.710 đồng 🥰 ✨ Có thẻ sức khỏe, ba mẹ thêm một phần an tâm khi con chẳng may ốm bệnh: ✅ Hỗ trợ chi phí điều trị nội trú ✅ Hệ thống chi trả rộng ✅ Hỗ trợ giải quyết quyền lợi nhanh chóng ✅ Cam kết tái tục thẻ sức khỏe 👉 Bảo hiểm không làm bé ít bệnh hơn, nhưng giúp ba mẹ bớt áp lực tài chính khi con cần điều trị. Ba mẹ nào đang quan tâm bảo hiểm sức khỏe cho bé, cứ nhắn Châu để được tư vấn gói phù hợp nhé! 💌 ----------------------------- 𝐍𝐡𝐚̣̂𝐧 𝐭𝐮̛ 𝐯𝐚̂́𝐧 𝐠𝐢𝐚̉𝐢 𝐩𝐡𝐚́𝐩 𝐁𝐚̉𝐨 𝐇𝐢𝐞̂̉𝐦 𝐭𝐫𝐞̂𝐧 𝐭𝐨𝐚̀𝐧 𝐪𝐮𝐨̂́𝐜 𝙼𝚘̣𝚒 c𝚑𝚒 𝚝𝚒𝚎̂́𝚝 𝚡𝚒𝚗 𝚕𝚒𝚎̂𝚗 𝚑𝚎̣̂: Hồng Châu ☎️𝐇𝐨𝐭𝐥𝐢𝐧𝐞 0936532784 𝐓𝐮̛ 𝐕𝐚̂́𝐧 𝐓𝐚̣̂𝐧 𝐓𝐚̂𝐦 📧𝐄𝐦𝐚𝐢𝐥: vothihongchau1991@gmail.com #hongchaubaohiem #baohiemchitranhanh #hongchaubaohiemthaisan #thesuckhoechobe #baolanhvienphi #tuvanbaohiemuytin #baohiemchogiadinh #baohiemuytin #baohiemtotnhat #baohiemdaiichi #thesuckhoedivien0đ",0,0,0,0,0,,,0,0,0,0,0,0/0 (0%),Normal,
869,Cộng đồng Tư vấn viên bảo hiểm,https://www.facebook.com/groups/congdongtuvanvienbaohiem/posts/28643477508597984/,"💙 QUÀ TẶNG SỨC KHỎE – BẢO VỆ CẢ GIA ĐÌNH CÙNG MIC CARE 💙 Sức khỏe là món quà quý giá nhất mà chúng ta có thể chuẩn bị cho những người thân yêu ❤️ ✨ MIC Care – giải pháp bảo vệ sức khỏe toàn diện: 🏥 Quỹ nội trú lên đến 50 triệu * Viện phí: 2,5 triệu/ngày * Phẫu thuật: 50 triệu/năm * Điều trị tai nạn: 20 triệu 🔍 Quỹ ngoại trú lên đến 7 triệu * Hạn mức khám/lần lên đến 1,4 triệu * Tối đa 10 lần khám/năm * Hỗ trợ vật lý trị liệu 🦷 Quyền lợi nha khoa lên đến 2 triệu 👨‍👩‍👧 Một gói bảo hiểm phù hợp cho gia đình muốn chủ động hơn trước những chi phí khám chữa bệnh phát sinh, từ những lần khám nhỏ đến các trường hợp điều trị dài ngày. 💚 Đừng chờ đến khi cần mới tìm giải pháp, hãy chuẩn bị khi mình còn nhiều lựa chọn. 📲 Zalo: 0767 1343 86 📍 Toà nhà 7A Lam Sơn, P. Tân Sơn Hoà, TP.HCM #MICCare #BaoHiemSucKhoe #BaoVeGiaDinh #BaoHiemChoCaGiaDinh #HoangVyBaoHiem",0,0,0,0,0,,,0,0,0,0,0,0/0 (0%),Normal,
870,Cộng đồng Tư vấn viên bảo hiểm,https://www.facebook.com/groups/congdongtuvanvienbaohiem/posts/28644693655143036/,"✨ Có những chặng đường chỉ thật sự đáng giá khi đi cùng đúng người. 🚀 Nhạn đang muốn kết nối với một người có tư duy dẫn dắt, bản lĩnh và khát vọng phát triển cho vai trò Trưởng khu vực Kinh doanh. 🤝 Nếu bạn đang tìm kiếm một hành trình mới, nơi năng lực được trao đúng cơ hội và dấu ấn được tạo bằng kết quả, hãy nhắn cho Nhạn. 💫 Biết đâu, đây là lúc chúng ta nên có một cuộc trò chuyện.",0,0,0,0,0,,,0,0,0,0,0,0/0 (0%),Normal,
871,Cộng đồng Tư vấn viên bảo hiểm,https://www.facebook.com/groups/congdongtuvanvienbaohiem/posts/28645578071721261/,"# **[HÀ NỘI] TÌM ĐỒNG ĐỘI SALES** # Bạn đang tìm một công việc Sales có đào tạo, có team đồng hành và có cơ chế thu nhập rõ ràng? 👀 📍 Vị trí: Nhân viên Kinh doanh/Trợ lý Kinh doanh 📍 Địa điểm: Hoàng Cầu, Hà Nội 💰 Thu nhập: Lương cứng + Thưởng kinh doanh + Hoa hồng 🔥 MÔ TẢ CÔNG VIỆC 🔥 • Tìm kiếm và phát triển nguồn khách hàng tiềm năng • Chủ động xây dựng, duy trì và mở rộng mối quan hệ với khách hàng • Khảo sát nhu cầu, phân tích mục tiêu tài chính và tư vấn các giải pháp bảo hiểm phù hợp • Thiết kế kế hoạch tài chính cá nhân hóa cho từng khách hàng • Hỗ trợ khách hàng hoàn thiện hồ sơ và ký kết hợp đồng 👉 YÊU CẦU 👈 • Giao tiếp tốt, chủ động và có tinh thần học hỏi • Có trách nhiệm với công việc và mục tiêu cá nhân • Không yêu cầu kinh nghiệm bảo hiểm – được đào tạo từ đầu QUYỀN LỢI ✨ Lương cứng + Thưởng kinh doanh + Hoa hồng ✨ Được đào tạo nghiệp vụ & kỹ năng Sales ✨ Môi trường trẻ, năng động, đồng đội hỗ trợ nhau ✨ Cơ hội phát triển lên các vị trí Leader 📩 Muốn biết công việc thực tế như thế nào? Liên hệ 0946198580 (Vu Minh Phuong) để nhận lịch phỏng vấn sớm",1,1,0,0,0,,,0,0,0,0,0,0/0 (0%),Normal,
872,Cộng đồng Tư vấn viên bảo hiểm,https://www.facebook.com/groups/congdongtuvanvienbaohiem/posts/28646241934988208/,"💥20 TUỔI, BẠN ĐANG CÓ GÌ TRONG TAY? 💰 ✨️Một công việc? ✨️Một mức thu nhập đầu tiên? ✨️Hay… một “tài sản” có thể tạo ra tiền cho bạn trong vài chục năm tới? 🌿🫒20 tuổi, bắt đầu có thu nhập, ai cũng muốn kiếm thật nhiều tiền, tăng thu nhập, tự chủ tài chính và thực hiện những ước mơ của mình. 🌿💦 Nhưng có một điều ít người nghĩ đến: 👉 Nếu một ngày bạn không còn đủ sức khỏe để làm việc, điều gì sẽ tạo ra thu nhập thay bạn? ❣️Bởi ở tuổi 20, tài sản lớn nhất chưa chắc là số tiền bạn đang có. ❣️Mà là khả năng kiếm tiền của chính bạn. 💥Vậy nên, bên cạnh việc học cách kiếm tiền, hãy sớm học cách bảo vệ khả năng kiếm tiền của mình. 🫒🌻Vì nếu mất tiền, bạn còn có thể kiếm lại. Nhưng nếu mất đi khả năng tạo ra thu nhập, hành trình phía trước sẽ rất khác…😪 🌱 20 tuổi – bắt đầu kiếm tiền cũng là lúc nên bắt đầu nghĩ đến việc bảo vệ tương lai tài chính của mình. Bạn chọn kiếm thật nhiều tiền, hay bảo vệ khả năng kiếm tiền? #1PhutCungVuiAIA #HaivuiAIA #Tuoi20 #KhaNangKiemTien #BaoVeThuNhap #KeHoachTaiChinh #BaoHiemNhanTho",0,0,0,0,0,,,0,0,0,0,0,0/0 (0%),Normal,
873,Cộng đồng Tư vấn viên bảo hiểm,https://www.facebook.com/groups/congdongtuvanvienbaohiem/posts/28647140578231677/,Bảo hiểm dân sự 279k (xe 5 chỗ biển trắng) Bảo hiểm Thân vỏ tuỳ dòng xe và đời xe ( có BH Pin cả khi Pin tổn thất riêng ) Nhận BH trước ck sau 0968.729.615 ZL Em ạ📞😍|,0,0,0,0,0,,,0,0,0,0,0,0/0 (0%),Normal,
874,Cộng đồng Tư vấn viên bảo hiểm,https://www.facebook.com/groups/congdongtuvanvienbaohiem/posts/28651644614447940/,"🏥 Có những khoản tiền chỉ thấy tiếc khi mình phải dùng đến… Nằm viện vài ngày, tiền viện phí đã tốn 💸, chưa kể công việc phải nghỉ, thu nhập cũng bị ảnh hưởng. Có khi một lần nằm viện lại khiến mình mất nhiều hơn mình nghĩ. Vậy nên, mình đang hỗ trợ một gói bảo hiểm nằm viện của GIC có trợ cấp lên đến 800.000đ/ mỗi ngày nằm viện, phí chỉ từ 310.000đ/năm. 🛡️ Một khoản nhỏ để chủ động hơn nếu chẳng may phải nằm viện. 📞 Ai đang quan tâm, gọi mình theo sđt: O9112O2316 Mình tư vấn cụ thể, nếu thấy phù hợp thì tham gia ạ.",0,0,0,0,0,,,0,0,0,0,0,0/0 (0%),Normal,
875,Cộng đồng Tư vấn viên bảo hiểm,https://www.facebook.com/groups/congdongtuvanvienbaohiem/posts/28652412644371137/,Bảo hiểm sức khỏe cho bé khoảng 2 triệu/năm có gì? #tinbaohiem24h #baohiem #baohiemxahoi #baohiemsuckhoe,0,0,0,0,1,health,Spam,0,0,0,1,0,0/0 (0%),Normal,
876,Cộng đồng Tư vấn viên bảo hiểm,https://www.facebook.com/groups/congdongtuvanvienbaohiem/posts/28652437521035316/,"# **[HÀ NỘI] TÌM ĐỒNG ĐỘI SALES** # Bạn đang tìm một công việc Sales có đào tạo, có team đồng hành và có cơ chế thu nhập rõ ràng? 👀 📍 Vị trí: Nhân viên Kinh doanh/Trợ lý Kinh doanh 📍 Địa điểm: Hoàng Cầu, Hà Nội 💰 Thu nhập: Lương cứng + Thưởng kinh doanh + Hoa hồng 🔥 MÔ TẢ CÔNG VIỆC 🔥 • Tìm kiếm và phát triển nguồn khách hàng tiềm năng • Chủ động xây dựng, duy trì và mở rộng mối quan hệ với khách hàng • Khảo sát nhu cầu, phân tích mục tiêu tài chính và tư vấn các giải pháp bảo hiểm phù hợp • Thiết kế kế hoạch tài chính cá nhân hóa cho từng khách hàng • Hỗ trợ khách hàng hoàn thiện hồ sơ và ký kết hợp đồng 👉 YÊU CẦU 👈 • Giao tiếp tốt, chủ động và có tinh thần học hỏi • Có trách nhiệm với công việc và mục tiêu cá nhân • Không yêu cầu kinh nghiệm bảo hiểm – được đào tạo từ đầu QUYỀN LỢI ✨ Lương cứng + Thưởng kinh doanh + Hoa hồng ✨ Được đào tạo nghiệp vụ & kỹ năng Sales ✨ Môi trường trẻ, năng động, đồng đội hỗ trợ nhau ✨ Cơ hội phát triển lên các vị trí Leader 📩 Muốn biết công việc thực tế như thế nào? Liên hệ 0946198580 (Vu Minh Phuong) để nhận lịch phỏng vấn sớm",0,0,0,0,0,,,0,0,0,0,0,0/0 (0%),Normal,
877,Cộng đồng Tư vấn viên bảo hiểm,https://www.facebook.com/groups/congdongtuvanvienbaohiem/posts/28652480001031068/,"**BẢO HIỂM TNDS Ô TÔ & XE MÁY – GIÁ TỐT, THỦ TỤC NHANH GỌN** Đi đúng luật – an tâm trên mọi hành trình cùng **PVI Insurance** **Ưu đãi hiện tại:** * Ô tô **5 chỗ: 250K** * Ô tô **7 chỗ: 450K** * Xe máy: **49K** Thủ tục nhanh gọn Hỗ trợ tận tâm Tư vấn miễn phí Phù hợp cho cá nhân, gia đình và doanh nghiệp Cần mua bảo hiểm TNDS hoặc muốn được tư vấn nhanh, cứ nhắn mình nhé. Hỗ trợ làm hồ sơ nhanh, tiết kiệm thời gian và chi phí",0,0,0,0,0,,,0,0,0,0,0,0/0 (0%),Normal,
878,Cộng đồng Tư vấn viên bảo hiểm,https://www.facebook.com/groups/congdongtuvanvienbaohiem/posts/28652517204360681/,"MUA BẢO HIỂM TIỆN LỢI HƠN TRÊN NỀN TẢNG KẾT NỐI BẢO HIỂM CỦA TẬP ĐOÀN MISA Nếu bấy lâu nay hình dung của bạn về quá trình tìm mua bảo hiểm vẫn là một chuỗi những việc khá “đau đầu”: ❌ Phải tự tìm kiếm thông tin, tham khảo từ nhiều nguồn, nhiều kênh bán khác nhau. ❌ Phải đến trực tiếp đại lý, thủ tục mất thời gian, đôi khi chờ cả ngày mới nhận được giấy chứng nhận. ❌ Mua trực tuyến qua trung gian tuy nhanh hơn nhưng lại băn khoăn về độ minh bạch, nguồn gốc sản phẩm hay các khoản phí phát sinh. Thì giờ đã có Nền tảng kết nối bảo hiểm toàn diện MISA Insurance giúp việc mua và quản lý bảo hiểm trở nên nhanh chóng – minh bạch – thuận tiện hơn: ## 👉 So sánh và mua mọi bảo hiểm của 4 ÔNG LỚN NGÀNH Bảo hiểm trên cùng 1 nền tảng! ✅ MISA Insurance kết nối với 4+ công ty bảo hiểm BSH, PVI, MIC VÀ ABIC, giúp khách hàng tiếp cận nhiều gói bảo hiểm toàn diện từ bảo hiểm cháy nổ, bảo hiểm sức khỏe, bảo hiểm xe,... ngay trên một nền tảng! ## 👉 Tính tiện lợi tích hợp “đỉnh khỏi bàn” – mua bảo hiểm ngay trên những ứng dụng MISA quen thuộc! ✅ Khách hàng có thể tiếp cận và mua bảo hiểm ngay trên các nền tảng thuộc hệ sinh thái MISA như Phần mềm Kế toán MISA, Ứng dụng Sổ Thu Chi MISA,... hoặc mua trực tiếp trên website MISA ## 👉 Thông tin minh bạch, quản lý bảo hiểm tập trung ✅ Không còn cảnh mua một nơi, giấy chứng nhận lưu một chỗ rồi đến lúc cần lại phải lục tung email, tin nhắn để tìm. ✅ Với MISA Insurance, thông tin về sản phẩm, mức phí và quyền lợi bảo hiểm được cung cấp rõ ràng. Các hợp đồng/giấy chứng nhận bảo hiểm đã mua được quản lý tập trung trên nền tảng, giúp khách hàng dễ dàng tra cứu khi cần! ## 👉 Mua nhanh, nhận giấy chứng nhận điện tử tiện lợi ✅ Sau khi hoàn tất giao dịch, giấy chứng nhận bảo hiểm điện tử được cấp tức thì, lưu trữ thuận tiện, sẵn sàng tra cứu khi cần sử dụng. ## 👉 Không chỉ mua xong là… tự lo! ✅ MISA Insurance đóng vai trò nền tảng kết nối, giúp khách hàng thuận tiện tiếp cận thông tin và đầu mối hỗ trợ liên quan đến sản phẩm bảo hiểm đã mua. 👇👇👇 Để được hướng dẫn mua bảo hiểm, bạn hãy truy cập website MISA Insurance hoặc liên hệ ngay với bộ phận CSKH của MISA Insurance qua các kênh: 🔗 Hotline/ Zalo: 0903 475 058 🔗 Fanpage: Hệ sinh thái tài chính số JetPay 🔗 TikTok Hiểu bảo hiểm cùng MISA 🔗 Website: MISA Insurance",6,6,0,0,4,unknown,Tich cuc,2,2,0,0,0,0/4 (0.0%),Normal,
879,Cộng đồng Tư vấn viên bảo hiểm,https://www.facebook.com/groups/congdongtuvanvienbaohiem/posts/28652540397691695/,Bình giữ nhiệt Inox 304 dung tích 510ml là lựa chọn được nhiều doanh nghiệp ưu tiên nhờ thiết kế hiện đại và dễ in nhận diện thương hiệu. ✅ Nhận in logo theo yêu cầu ✅ Khắc tên cá nhân ✅ Hàng sẵn kho ✅ Có hóa đơn VAT đầy đủ 📞 Hotline/Zalo: 0906 742 246 để được báo giá,1,1,0,0,0,,,0,0,0,0,0,0/0 (0%),Normal,
880,Cộng đồng Tư vấn viên bảo hiểm,https://www.facebook.com/groups/congdongtuvanvienbaohiem/posts/28652570944355307/,Bình giữ nhiệt Inox 304 dung tích 510ml là lựa chọn được nhiều doanh nghiệp ưu tiên nhờ thiết kế hiện đại và dễ in nhận diện thương hiệu. ✅ Nhận in logo theo yêu cầu ✅ Khắc tên cá nhân ✅ Hàng sẵn kho ✅ Có hóa đơn VAT đầy đủ 📞 Hotline/Zalo: 0906 742 246 để được báo giá,0,0,0,0,0,,,0,0,0,0,0,0/0 (0%),Normal,
881,Cộng đồng Tư vấn viên bảo hiểm,https://www.facebook.com/groups/congdongtuvanvienbaohiem/posts/28653218390957229/,SỐC Sản phẩm mới nhà Gen từ 200k / năm được mua kèm thẻ sức khoẻ chấn động quá luôn 👇,8,8,0,0,0,,,0,0,0,0,0,0/0 (0%),Normal,
882,Cộng đồng Tư vấn viên bảo hiểm,https://www.facebook.com/groups/congdongtuvanvienbaohiem/posts/28654598684152533/,"🔥 **""BẢO HIỂM NHÂN THỌ – KHÔNG PHẢI VÌ AI ĐÓ SẮP MẤT ĐI, MÀ VÌ NHỮNG NGUỜI THÂN YÊU VẪN CẦN PHẢI SỐNG TỐT""** 🔥 🔥 **""BẢO HIỂM NHÂN THỌ – KHÔNG PHẢI VÌ AI ĐÓ SẮP MẤT ĐI, MÀ VÌ NHỮNG NGUỜI THÂN YÊU VẪN CẦN PHẢI SỐNG TỐT""** 🔥 Dù bạn là ai: 👨‍👩‍👧‍👦 **Cha mẹ** muốn chuẩn bị tương lai vững chắc cho con. 💼 **Người trẻ** muốn bảo vệ sức khỏe, chủ động tài chính trước rủi ro. 👵 **Người lớn tuổi** mong muốn hưu trí an nhàn, không trở thành gánh nặng của con cái. 👉 **Bảo hiểm nhân thọ Generali** chính là ""chiếc ô"" tài chính che chắn cho tất cả chúng ta trước những ""cơn mưa"" bất ngờ của cuộc sống! 🌟 **GIẢI PHÁP TOÀN DIỆN CHO MỌI GIA ĐÌNH:** * **Bảo vệ sức khỏe vượt trội:** Đỡ đần 100% viện phí, phẫu thuật, điều trị tại các bệnh viện hàng đầu. * **Tích lũy tài chính an toàn:** Tự do chủ động dòng tiền, xây dựng quỹ học vấn cho con hoặc quỹ hưu trí cho bản thân. * **Bảo vệ thu nhập gia đình:** Đảm bảo cuộc sống của những người thân yêu vẫn ổn định dù có bất kỳ biến cố nào xảy ra. 🎁 **ĐẶC QUYỀN ƯU ĐÃI THÁNG 9/2026 (01/09 - 30/09/2026):** Tặng ngay **20% - 30%** phí bảo hiểm sức khỏe (VITA - Sức Khỏe Vàng) khi tham gia hợp đồng mới. Mua sớm – Tiết kiệm nhiều! --- ❤️ Cần gì phải đợi đến khi ""có tuổi"" hay ""có biến cố"" mới tìm kiếm sự bảo vệ? 📞 **Liên hệ ngay Hotline / Zalo:** 0967.048.912 📩 **Inbox ngay** để nhận tư vấn và bảng minh họa quyền lợi miễn phí phù hợp nhất với điều kiện tài chính của bạn! #Generali #BaoHiemNhanTho #AnTamSongKhoe #TichLuyTaiChinh #BaoVeGiaDinh #VITASucKhoeVang",0,0,0,0,0,,,0,0,0,0,0,0/0 (0%),Normal,
883,Cộng đồng Tư vấn viên bảo hiểm,https://www.facebook.com/groups/congdongtuvanvienbaohiem/posts/28654625824149819/,"# **[HÀ NỘI] TÌM ĐỒNG ĐỘI SALES** # Bạn đang tìm một công việc Sales có đào tạo, có team đồng hành và có cơ chế thu nhập rõ ràng? 👀 📍 Vị trí: Nhân viên Kinh doanh/Trợ lý Kinh doanh 📍 Địa điểm: Hoàng Cầu, Hà Nội 💰 Thu nhập: Lương cứng + Thưởng kinh doanh + Hoa hồng 🔥 MÔ TẢ CÔNG VIỆC 🔥 • Tìm kiếm và phát triển nguồn khách hàng tiềm năng • Chủ động xây dựng, duy trì và mở rộng mối quan hệ với khách hàng • Khảo sát nhu cầu, phân tích mục tiêu tài chính và tư vấn các giải pháp bảo hiểm phù hợp • Thiết kế kế hoạch tài chính cá nhân hóa cho từng khách hàng • Hỗ trợ khách hàng hoàn thiện hồ sơ và ký kết hợp đồng 👉 YÊU CẦU 👈 • Giao tiếp tốt, chủ động và có tinh thần học hỏi • Có trách nhiệm với công việc và mục tiêu cá nhân • Không yêu cầu kinh nghiệm bảo hiểm – được đào tạo từ đầu QUYỀN LỢI ✨ Lương cứng + Thưởng kinh doanh + Hoa hồng ✨ Được đào tạo nghiệp vụ & kỹ năng Sales ✨ Môi trường trẻ, năng động, đồng đội hỗ trợ nhau ✨ Cơ hội phát triển lên các vị trí Leader 📩 Muốn biết công việc thực tế như thế nào? Liên hệ 0946198580 (Vu Minh Phuong) để nhận lịch phỏng vấn sớm",0,0,0,0,1,health,Spam,0,0,0,1,0,0/0 (0%),Normal,
884,Cộng đồng Tư vấn viên bảo hiểm,https://www.facebook.com/groups/congdongtuvanvienbaohiem/posts/28654781794134222/,"🌕 TRUNG THU ĐOÀN VIÊN – HOÀNG VY GỬI TẶNG KHÁCH HÀNG MÓN QUÀ YÊU THƯƠNG ❤️ Tết Trung Thu là dịp để trao gửi sự quan tâm, gắn kết và trân trọng những mối quan hệ đồng hành lâu dài ✨ 🎁 Khi tham gia hợp đồng Dai-ichi Life bất kỳ trong thời gian chương trình: 📅 07/09 – 20/09/2026 Khách hàng sẽ nhận ngay: 🥮 Hộp bánh Trung Thu cao cấp thay cho lời tri ân và lời chúc một mùa trăng thật ấm áp, hạnh phúc bên gia đình. 💛 Mỗi hợp đồng không chỉ là một kế hoạch bảo vệ tương lai, mà còn là sự đồng hành để Vy được chăm sóc khách hàng lâu dài hơn trên hành trình phía trước. 🎁 Số lượng quà tặng có hạn 📲 Liên hệ Vy để được tư vấn & giữ quà: Zalo: 0767 1343 86 📍 Toà nhà 7A Lam Sơn, P. Tân Sơn Hoà, TP.HCM #TrungThuDoanVien #TriAnKhachHang #DaiichiLife #BaoVeGiaDinh #HoangVyBaoHiem",1,1,0,0,1,health,Spam,0,0,0,1,0,0/0 (0%),Normal,
885,Cộng đồng Tư vấn viên bảo hiểm,https://www.facebook.com/groups/congdongtuvanvienbaohiem/posts/28655274600751608/,"# **🌟 CHUBB LIFE HOÀNG CẦU – TÌM ĐỒNG ĐỘI MỚI 🌟** # Bạn đang tìm kiếm một môi trường chuyên nghiệp – thân thiện – nhiều cơ hội phát triển? 💙 Có thể chúng ta đang tìm kiếm nhau! CHUBB LIFE HOÀNG CẦU đang tuyển dụng các vị trí kinh doanh 📌 VỊ TRÍ TUYỂN DỤNG 🔹 Nhân viên Kinh doanh 🔹 Trợ lý Kinh doanh 🎯 QUYỀN LỢI ✨ Lương cứng + Thưởng kinh doanh không giới hạn ✨ Được đào tạo nghiệp vụ & kỹ năng Sales ✨ Môi trường trẻ, năng động, đồng đội hỗ trợ nhau ✨ Cơ hội phát triển lên các vị trí Leader 📩 ỨNG TUYỂN NGAY Gửi CV về: minhfuong.chubb@gmail.com 📞 Liên hệ: 0946.198.580 📍 Địa điểm làm việc: Tầng 9, Geleximco, 36 Hoàng Cầu, Hà Nội",1,1,0,0,1,unknown,Tich cuc,1,0,0,0,0,0/1 (0.0%),Normal,
886,Cộng đồng Tư vấn viên bảo hiểm,https://www.facebook.com/groups/congdongtuvanvienbaohiem/posts/28655418297403905/,"Cứu cánh giá rẻ bằng tô #pho chủ thầu, chủ hộ KD, anh em #taixe, lao động tư do, học sinh sinh viên…Thôi thì tiền triệu kêu không có đã đành. Chứ 60k-150k mà không có thì nhỡ nhàng #tainan lấy đâu tiền chữa. Ib em ngay. Chỉ 60k là có 20 triệu quyền lợi.",2,2,0,0,1,unknown,Tich cuc,1,0,0,0,0,0/1 (0.0%),Normal,
887,Cộng đồng Tư vấn viên bảo hiểm,https://www.facebook.com/groups/congdongtuvanvienbaohiem/posts/28655539500725118/,"Để một khách hàng biết đến doanh nghiệp của bạn, chỉ cần 1 quà tặng có in thương hiệu thôi bình giữ nhiệt tại Cá Voi Lam Nhận order ly giữ nhiệt giá tận xưởng🥰 Nhận in ấn logo theo yêu cầu Thích hợp cho doanh nghiệp làm quà tặng, chạy sự kiện,.... Liên hệ/zalo: 0906742246 để được báo giá và tư vấn😍",0,0,0,0,1,health,Spam,0,0,0,1,0,0/0 (0%),Normal,
888,Cộng đồng Tư vấn viên bảo hiểm,https://www.facebook.com/groups/congdongtuvanvienbaohiem/posts/28656061310672937/,Bảo hiểm y tế khác gì so với bảo hiểm nhân thọ? #tinbaohiem24h #baohiemyte #baohiemnhantho #baohiem,0,0,0,0,1,health,Spam,0,0,0,1,0,0/0 (0%),Normal,
889,Cộng đồng Tư vấn viên bảo hiểm,https://www.facebook.com/groups/congdongtuvanvienbaohiem/posts/28656941747251560/,Em Thành tuyển tiếp đồng đội tháng 9 này,1,1,0,0,0,,,0,0,0,0,0,0/0 (0%),Normal,
890,Cộng đồng Tư vấn viên bảo hiểm,https://www.facebook.com/groups/congdongtuvanvienbaohiem/posts/28657012887244446/,"Cơ hội việc làm gia tăng thu nhập của bạn Công ty Bảo Việt nhân thọ chi nhánh Quy Nhơn tuyển dụng đại lý năm 2026 1. Độ tuổi từ 26 trở lên 2. Đã và đang kinh doanh hoặc có kinh nghiệm bán hàng là 1 lợi thế 3. Thời gian linh hoạt, môi trường thân thiện vui vẻ được đi du lịch trong và ngoài nước 4. Thường theo năng lực Anh chị nào mong muốn kiếm thêm thu nhập liên hệ số điện thoại hoặc Zalo 0705267107",1,1,0,0,0,,,0,0,0,0,0,0/0 (0%),Normal,
891,Cộng đồng Tư vấn viên bảo hiểm,https://www.facebook.com/groups/congdongtuvanvienbaohiem/posts/28658229050456163/,Còn trẻ thì có cần bảo hiểm sức khỏe không? #tinbaohiem24h #baohiemsuckhoe #baohiem,0,0,0,0,0,,,0,0,0,0,0,0/0 (0%),Normal,
892,Cộng đồng Tư vấn viên bảo hiểm,https://www.facebook.com/groups/congdongtuvanvienbaohiem/posts/28658863247059410/,"**🌟 CHUBB LIFE HOÀNG CẦU – TÌM ĐỒNG ĐỘI MỚI 🌟** Bạn đang tìm kiếm một môi trường chuyên nghiệp – thân thiện – nhiều cơ hội phát triển? 💙 Có thể chúng ta đang tìm kiếm nhau! CHUBB LIFE HOÀNG CẦU đang tuyển dụng các vị trí kinh doanh 📌 VỊ TRÍ TUYỂN DỤNG 🔹 Nhân viên Kinh doanh 🔹 Trợ lý Kinh doanh 🎯 QUYỀN LỢI ✨ Lương cứng + Thưởng kinh doanh không giới hạn ✨ Được đào tạo nghiệp vụ & kỹ năng Sales ✨ Môi trường trẻ, năng động, đồng đội hỗ trợ nhau ✨ Cơ hội phát triển lên các vị trí Leader 📩 ỨNG TUYỂN NGAY Gửi CV về: minhfuong.chubb@gmail.com 📞 Liên hệ: 0946.198.580 📍 Địa điểm làm việc: Tầng 9, Geleximco, 36 Hoàng Cầu, Hà Nội",1,1,0,0,0,,,0,0,0,0,0,0/0 (0%),Normal,
893,Cộng đồng Tư vấn viên bảo hiểm,https://www.facebook.com/groups/congdongtuvanvienbaohiem/posts/28664595039819564/,Em cần tìm ctv bảo hiểm mở thẻ tín dụng tại hải phòng vừa đc hoàn phí vừa đc hoa hồng mở thẻ . Ai có nhu cầu để thông tin lhe dưới cmt e tự chủ động liên hệ,1,1,0,0,0,,,0,0,0,0,0,0/0 (0%),Normal,
894,Cộng đồng Tư vấn viên bảo hiểm,https://www.facebook.com/groups/congdongtuvanvienbaohiem/posts/28664805156465219/,"🚗 **BẢO HIỂM XE Ô TÔ – AN TÂM TRÊN MỌI HÀNH TRÌNH!** 🛡️ Xe đã có bảo hiểm chưa cả nhà? Nếu chưa thì **chốt ngay hôm nay** nhé! 🔥 💥 **GIÁ CỰC ƯU ĐÃI:** 🔹 Xe **dưới 6 chỗ: chỉ từ 240K** 🔹 Xe **từ 6 chỗ: chỉ từ 497K** 🎁 **ĐẶC BIỆT – TẶNG QUÀ KÈM THEO** 👉 Tặng **1 ví da cao cấp** **HOẶC** 👉 Tặng **1 hộp số điện thoại đặt trên taplo** 🚚 **FREE SHIP TẬN NHÀ** ✅ Nhận hàng – **kiểm tra đúng thông tin** ✅ Đúng mới **thanh toán** ✅ Tiện lợi, nhanh chóng, không phải đi đâu xa. 📌 Bảo hiểm xe là thứ **nên có sẵn trước khi cần đến**. Đừng để đến lúc lưu thông hoặc có việc phát sinh mới cuống cuồng đi tìm nhé! 📩 **Inbox ngay** để được tư vấn và báo đúng mức phí theo xe của mình. zalo/call ( 0396712329 ) 🔥 **Bảo hiểm hôm nay – Vững vàng ngày mai!** #BaoHiemXeOTo #BaoHiemOTo #BaoHiemXe #FreeShip #QuaTang",0,0,0,0,0,,,0,0,0,0,0,0/0 (0%),Normal,
895,Cộng đồng Tư vấn viên bảo hiểm,https://www.facebook.com/groups/congdongtuvanvienbaohiem/posts/28664941626451572/,"🔥 VIB TUYỂN DỤNG CHUYÊN VIÊN THẺ – THU NHẬP TỪ 15 TRIỆU/THÁNG - ĐI LÀM NGAY NGÀY LÀM 4 TIẾNG 🔥 Bạn đang tìm kiếm một công việc năng động, thu nhập hấp dẫn và cơ hội phát triển trong môi trường ngân hàng chuyên nghiệp? Đây chính là cơ hội dành cho bạn! 💰 Quyền lợi hấp dẫn ✅ Ngày làm 4 tiếng ✅ Thu nhập từ 15 triệu đồng/tháng trở lên và không giới hạn ✅ Làm việc theo job tại trung tâm thương mại, siêu thị, nhà sách đã được ngân hàng VIB hợp tác cùng đối tác uy tín ✅ Được đào tạo bài bản từ đầu, không yêu cầu kinh nghiệm ✅ Môi trường làm việc trẻ trung, năng động ✅ Mở rộng mạng lưới quan hệ và phát triển kỹ năng giao tiếp, bán hàng 🎯 Yêu cầu ứng viên ✔ Nhanh nhẹn, nhiệt huyết và có trách nhiệm trong công việc ✔ Sử dụng tốt điện thoại di động và các ứng dụng cơ bản ✔ Có tinh thần học hỏi, chủ động và kỹ năng giao tiếp tốt 📍 Địa điểm làm việc: Theo các điểm cố định tại các trung tâm thương mại, siêu thị, nhà sách mà VIB đã đặt hàng với đối tác. 👤 Liên hệ: Nguyễn Phúc Đạt – Giám đốc Phát triển Kênh Thẻ VIB 📧 Email: dat.nguyenphuc1@vib.com.vn 📱 SĐT: 0971 107 366 📩 Ứng viên vui lòng gửi CV qua Zalo để nhận thông tin chi tiết và đăng ký phỏng vấn. ⏰ Số lượng tuyển dụng có hạn – Nhanh tay ứng tuyển để không bỏ lỡ cơ hội gia nhập VIB!",0,0,0,0,0,,,0,0,0,0,0,0/0 (0%),Normal,
896,Cộng đồng Tư vấn viên bảo hiểm,https://www.facebook.com/groups/congdongtuvanvienbaohiem/posts/28665060606439674/,"# 🌟**[ĐỐNG ĐA, HN] TUYỂN KẾ TOÁN - LÀM VIỆC TẠI LIÊN DOANH NGÂN HÀNG BIG 4 ** ## Bạn đang tìm kiếm một môi trường tài chính - ngân hàng chuyên nghiệp, quy trình rõ ràng, thu nhập ổn định ? Đây chính là vị trí dành cho bạn! 🔥** Vì sao nên apply? ** * Làm việc tại liên doanh ngân hàng bảo hiểm nhà nước * Tiếp cận hệ thống kế toán chuyên biệt, quy trình chuẩn quốc tế * Văn hóa thân thiện: Đồng nghiệp hỗ trợ nhiệt tình, phối hợp đa phòng ban. * Môi trường corporate ổn định, quy trình rõ ràng **✨Quyền lợi: ** * Thời gian làm việc: T2 - T6 (8h30 - 17h30) * Lương: 13.000.000 - 15.000.000 vnđ/tháng * Thưởng lương tháng 13 * BHXH Full lương, BHYT và BHTN * Các chế độ nghỉ phép, Lễ/Tết đầy đủ theo quy định của Nhà nước 🎯 **Yêu cầu: ** * Tốt nghiệp Đại học chuyên ngành Kế toán/Kiểm toán/Tài chính) * Từ 2 năm kinh nghiệm ở vị trí tương đương * Có kinh nghiệm sử dụng phần mềm kế toán, làm việc với thuế * Thành thạo Excel/PowerPoint/Word * Giao tiếp tốt, chủ động, phối hợp đa phòng ban 📩 **Gửi CV về:** * Email: huong.vu@manpower.com.vn * SDT: 0396.943.419",0,0,0,0,0,,,0,0,0,0,0,0/0 (0%),Normal,
897,Cộng đồng Tư vấn viên bảo hiểm,https://www.facebook.com/groups/congdongtuvanvienbaohiem/posts/28665172403095161/,"Muốn mua BHNT kèm thẻ cho bé >1Y. E có nhu cầu như sau ạ - Mua gói BHNT phí thấp nhất, có hãng nào phí <8triệu/ năm và có Thẻ sk tầm 3triệu/năm ko tăng phí thẻ nếu phát sinh claim năm trc hoặc ko huỷ thẻ. Có ko ạ",72,72,0,0,132,unknown,Spam,6,18,0,100,0,0/24 (0.0%),Normal,
898,Cộng đồng Tư vấn viên bảo hiểm,https://www.facebook.com/groups/congdongtuvanvienbaohiem/posts/28665225949756473/,Chỉ cần nhìn 1 ký hiệu trên thẻ BHYT là biết ngay mức hưởng của bạn. #tinbaohiem24h #baohiemyte #baohiem,0,0,0,0,0,,,0,0,0,0,0,0/0 (0%),Normal,
899,Cộng đồng Tư vấn viên bảo hiểm,https://www.facebook.com/groups/congdongtuvanvienbaohiem/posts/28665615929717475/,"Bây giờ không mua BH thì đợi khi nào. 🍀Cơ chế phí tách bạch rõ ràng ☘️Quyền lợi thì quá chi tiết đến từng sự kiện nhỏ nhất 🍀Thời gian BH đã là trọn đời 🍀Quan trọng là thông tin minh bạch và chỉ cần 1 cái gõ phím là thấy hết. 🍀MUA ONLINE KHÔNG NGẠI KHOẢNG CÁCH 🍀 Chi trả online, tư vấn đồng hành 👍MUA CÒN CÓ QUÀ, CƠ HỘI QUAY SỐ QUÁ TRỜI QUÀ #haivanbaohiem",0,0,0,0,0,,,0,0,0,0,0,0/0 (0%),Normal,
900,Cộng đồng Tư vấn viên bảo hiểm,https://www.facebook.com/groups/congdongtuvanvienbaohiem/posts/28666142359664832/,"💙 BA MẸ ĐÃ ĐẾN TUỔI 50–65, ĐỪNG ĐỢI SỨC KHỎE CÓ VẤN ĐỀ MỚI TÌM BẢO HIỂM Ở tuổi này, điều đáng quan tâm không chỉ là phí bao nhiêu, mà là khi cần điều trị thì mình có sẵn một quỹ tài chính để chủ động hay không. ✨ MIC Care – Bảo hiểm sức khỏe cao niên với nhiều mức lựa chọn: 🔹 Hạng Bạc – 50 triệu/năm 🔹 Hạng Vàng – 100 triệu/năm 🔹 Hạng Bạch Kim – 150 triệu/năm 🔹 Hạng Kim Cương – 200 triệu/năm Quyền lợi nổi bật gồm: 🏥 Nội trú & phẫu thuật 💊 Chi phí điều trị tai nạn 🩺 Ngoại trú 🦷 Có thể bổ sung quyền lợi nha khoa ⏰ Bệnh thông thường chờ 30 ngày, nha khoa 30 ngày; bệnh đặc biệt/có sẵn theo điều kiện hợp đồng. 💡 Mỗi độ tuổi, tình trạng sức khỏe và nhu cầu bệnh viện sẽ phù hợp với một phương án khác nhau. Vy ưu tiên tư vấn đúng nhu cầu, không cố đẩy khách hàng lên gói cao nhất. 📩 Ba mẹ đang tìm bảo hiểm cho ba/mẹ từ 50–65 tuổi, nhắn Vy “CAO NIÊN” để Vy tư vấn mức phí và quyền lợi phù hợp nhé. 📲 Hoàng Vy – 0767 1343 86 #BaoHiemCaoNien #MICCare #BaoHiemSucKhoe #BaoVeChaMe #BaoVeTuoiVang #HoangVyBaoHiem",0,0,0,0,0,,,0,0,0,0,0,0/0 (0%),Normal,
901,Cộng đồng Tư vấn viên bảo hiểm,https://www.facebook.com/groups/congdongtuvanvienbaohiem/posts/28666153409663727/,"😍 Siêu ưu đãi hoàn tiền cho 2 dòng thẻ Shinhan Bank 😍 💳 Shinhan MyLife ✅ Hoàn 10% cho: Siêu thị, Di chuyển, Giải trí, Ăn uống. 💰 Tối đa 300.000đ/danh mục, hoàn đến 1.200.000đ/kỳ. 💳 Shinhan Supreme ✅ Hoàn 12%: TMĐT, Điện máy, Nhà sách, Giáo dục. ✅ Hoàn 6%: Y tế, Bảo hiểm. 💰 Hoàn tối đa 1.000.000đ/kỳ Em có hỗ trợ khách trực tiếp & mở thẻ online, a/c nhắn e tư vấn & hướng dẫn ạ",0,0,0,0,0,,,0,0,0,0,0,0/0 (0%),Normal,
902,Cộng đồng Tư vấn viên bảo hiểm,https://www.facebook.com/groups/congdongtuvanvienbaohiem/posts/28666430116302723/,E đang có BHNT Manulife. Gói chính Món quà tương lai 8triệu bảo vệ 500tr kèm thẻ con. E mua 2022 Giờ e muốn gắn thêm thẻ cho 1 bạn nữa. Thì có phải nó có ảnh hưởng đến gói chính 8triệu kia phải ko ạ,15,15,0,0,24,unknown,Spam,4,7,0,12,0,0/11 (0.0%),Normal,
903,Cộng đồng Tư vấn viên bảo hiểm,https://www.facebook.com/groups/congdongtuvanvienbaohiem/posts/28666573392955062/,"Nào giờ tui mới thấy… táo bón mà tốn gần 19 triệu 😳 Nhiều người đọc chắc nghĩ: “Tư vấn viên bảo hiểm toàn nói quá!” 😂 Nhưng đây là 𝐭𝐡𝐮̛ 𝐜𝐡𝐢 𝐭𝐫𝐚̉ 𝐭𝐡𝐮̛̣𝐜 𝐭𝐞̂́ của một em bé bị táo bón, được mẹ đưa đi điều trị tại Vinmec. Con nhỏ, chuyện sức khỏe chẳng ai biết trước. May là ba mẹ đã kịp thời chuẩn bị cho con 𝐭𝐡𝐞̉ 𝐬𝐮̛́𝐜 𝐤𝐡𝐨̉𝐞 𝐀𝐈𝐀, để khi cần đi viện, ba mẹ yên tâm điều trị cho con mà bớt áp lực về viện phí.☘️🐝",4,4,0,0,0,,,0,0,0,0,0,0/0 (0%),Normal,
904,Cộng đồng Tư vấn viên bảo hiểm,https://www.facebook.com/groups/congdongtuvanvienbaohiem/posts/28667512482861153/,"Chào cha mẹ yêu, nếu mình là một người chu đáo và lo lắng cho tương lai sau này của con thì có thể tham khảo sản phẩm mới ""An sinh giáo dục"" bên em. Mỗi đứa trẻ lớn lên theo một hành trình của riêng mình. Có những ước mơ được gọi tên từ rất sớm, cũng có những ước mơ chỉ dần hiện rõ khi con đi qua từng cột mốc trưởng thành. Cha mẹ chẳng thể vẽ trọn tương lai thay con, nhưng có thể chuẩn bị từ hôm nay để mỗi lựa chọn ngày mai thêm gần trong tầm tay con. Suy cho cùng mọi sự nổ lực của chúng ta cũng để xây dựng cho gia đình một mái ấm, lo cho con cái và tương lai sau này. Cha mẹ cố gắng tạo nên là chưa đủ mà còn phải biết bảo vệ đúng cách. Sp lkc ""An Thịnh Phúc Niên"" là một cách để cha mẹ có thể yên tâm tin tưởng giao phó quyền bảo vệ gia đình Việt. Lh: 0326829426 để được hỗ trợ tư vấn ạ.",0,0,0,0,0,,,0,0,0,0,0,0/0 (0%),Normal,
905,Cộng đồng Tư vấn viên bảo hiểm,https://www.facebook.com/groups/congdongtuvanvienbaohiem/posts/28668913989387669/,"**ANH/ CHỊ ĐANG TÌM KIẾM MỘT MÓNG QUÀ TẶNG CHO DOANH NGHIỆP SAO? **🕵️‍♀️ Đến với Cá Voi Lam chuyên cung cấp bình giữ nhiệt với giá cả tận xưởng - Nhận in ấn logo thương hiệu/ khắc tên cá nhân theo yêu cầu - Có xuất hóa đơn - Hàng sẵn kho, giao hàng toàn quốc 🔥**Liên hệ/Zalo:** 0906742246 để được tư vấn mẫu và báo giá số lượng. 👉**Địa chỉ: **LK5-12 Đường D2 Mystery Villa, Phường Bình Trưng Tây, Thủ Đức, TP.HCM",0,0,0,0,0,,,0,0,0,0,0,0/0 (0%),Normal,
906,Cộng đồng Tư vấn viên bảo hiểm,https://www.facebook.com/groups/congdongtuvanvienbaohiem/posts/28669245002687901/,"Gần đây tôi để ý một chuyện trong nghề BHNT mà càng nghĩ càng thấy thú vị. Có những lúc một người không hẳn đang gặp vấn đề. Chỉ là mọi thứ chậm đi một chút. Với TVV, có thể là: * Một khách hàng hẹn lại lần thứ hai. * Một cuộc follow-up định làm nhưng rồi để ngày mai. * Có một case đang vướng mà chưa biết hỏi ai. * Học sản phẩm thì vẫn học, nhưng đến lúc ngồi trước khách lại không biết nên bắt đầu câu chuyện từ đâu. Và cũng có những ngày... không hẳn là không muốn làm, chỉ là tự nhiên thấy hơi mất nhịp. Tôi nghĩ chắc nhiều người làm nghề từng có những giai đoạn như vậy. Ở phía Leader cũng có một câu chuyện khác. Mình nhìn vào KPI thì chưa thấy gì quá đáng lo. TVV vẫn hoạt động. Vẫn vào nhóm. Vẫn trả lời khi được hỏi. Nhưng đôi khi mình có cảm giác: “Hình như người này đang không còn ở đúng nhịp như trước.” Gọi hỏi thì sợ thành thúc số. Không hỏi thì lại sợ mình bỏ qua đúng lúc người đó đang cần một người đồng hành. Tôi thấy khoảng thời gian này khá mong manh. Người đang vướng đôi khi chưa biết mở lời thế nào. Người muốn giúp đôi khi cũng chưa biết nên xuất hiện lúc nào. Và có lẽ đây là điều làm tôi tò mò nhất: KPI cho mình biết kết quả đang ở đâu. Nhưng điều gì đang diễn ra trước khi kết quả thay đổi? Tôi không chắc đây có phải là một bài toán chung của nhiều đội ngũ hay không. Nhưng chính câu hỏi đó khiến tôi bắt đầu thử xây một thứ có tên là Agent Copilot - Trợ lý Đội ngũ. Ý tưởng ban đầu khá đơn giản: Giúp TVV biết việc cần làm, có chỗ để học và luyện trước những tình huống mình còn chưa tự tin. Và ở phía Leader, giúp nhìn thấy một vài tín hiệu, có thêm bối cảnh để hiểu, rồi tự quyết định: * Lúc nào mình nên xuất hiện? * Và mình nên hỗ trợ người đó theo cách nào? Không phải để theo dõi TVV nhiều hơn. Không phải thêm một bảng KPI. Cũng không phải thay Leader quyết định. Hiện tôi đang tìm 03 đội ngũ đầu tiên để cùng tham gia một Pilot 10 tuần theo mô hình Đối tác Đồng hành (Design Partner) - nơi hai bên cùng sử dụng, cùng điều chỉnh, cùng phản hồi và cùng đo lường. Tôi vẫn đang trong quá trình kiểm chứng xem cách tiếp cận này có thực sự hữu ích khi đặt vào một đội ngũ BHNT đang vận hành thật hay không. Tôi chưa nghĩ Agent Copilot đã là một lời giải hoàn chỉnh. Điều tôi muốn kiểm chứng lúc này khá đơn giản: Liệu mình có thể giúp một TVV bớt bơ vơ hơn một chút khi làm nghề, và giúp một Leader biết nên xuất hiện đúng lúc hơn một chút hay không? Trong trải nghiệm của anh/chị, dấu hiệu nhỏ nào thường khiến mình nhận ra một người đang cần được hỗ trợ - trước khi KPI thực sự lên tiếng?",0,0,0,0,0,,,0,0,0,0,0,0/0 (0%),Normal,
907,Cộng đồng Tư vấn viên bảo hiểm,https://www.facebook.com/groups/congdongtuvanvienbaohiem/posts/28669817209297347/,Mình cần mua BHSK cho bản thân và không kèm BHNT vì mình đã có hợp đồng bên khác. Nhờ các bạn/anh/chị tư vấn. Mình ở quận 10 ạ.,24,24,0,0,50,unknown,Spam,4,3,0,38,0,0/7 (0.0%),Normal,
908,Cộng đồng Tư vấn viên bảo hiểm,https://www.facebook.com/groups/congdongtuvanvienbaohiem/posts/28671633089115759/,"# **🌟 CHUBB LIFE HOÀNG CẦU – TÌM ĐỒNG ĐỘI MỚI 🌟** # Bạn đang tìm kiếm một môi trường chuyên nghiệp – thân thiện – nhiều cơ hội phát triển? 💙 Có thể chúng ta đang tìm kiếm nhau! CHUBB LIFE HOÀNG CẦU đang tuyển dụng các vị trí kinh doanh 📌 VỊ TRÍ TUYỂN DỤNG 🔹 Nhân viên Kinh doanh 🔹 Trợ lý Kinh doanh 🎯 QUYỀN LỢI ✨ Lương cứng + Thưởng kinh doanh không giới hạn ✨ Được đào tạo nghiệp vụ & kỹ năng Sales ✨ Môi trường trẻ, năng động, đồng đội hỗ trợ nhau ✨ Cơ hội phát triển lên các vị trí Leader 📩 ỨNG TUYỂN NGAY Gửi CV về: minhfuong.chubb@gmail.com 📞 Liên hệ: 0946.198.580 📍 Địa điểm làm việc: Tầng 9, Geleximco, 36 Hoàng Cầu, Hà Nội",1,1,0,0,0,,,0,0,0,0,0,0/0 (0%),Normal,
909,Cộng đồng Tư vấn viên bảo hiểm,https://www.facebook.com/groups/congdongtuvanvienbaohiem/posts/28673425448936523/,Chuyện hôm qua giờ mới kể ...🤩 KICK OFF Tháng 9 – Cột mốc của 1 hành trình mới 🌷 Tháng 8 khép lại với đầy niềm tự hào và biết ơn đối với đồng đội💫💥 💯 Cảm ơn vì đã cố gắng cùng nhau để tạo nên kết quả rực rỡ. Đi với tập thể mạnh thì bạn sẽ là kẻ mạnh tiếp theo💯 Chúc cho chúng ta tháng 9 bùng nổ và rực rỡ. Thêm 1 cộng sự thêm 1 sự thành công. Bạn có sẵn sàng cùng tôi viết nên câu chuyện cho chính mình...💬 #CẩmTrần #INFINITY,4,4,0,0,0,,,0,0,0,0,0,0/0 (0%),Normal,
910,Cộng đồng Tư vấn viên bảo hiểm,https://www.facebook.com/groups/congdongtuvanvienbaohiem/posts/28679106508368417/,Dạ cho em xin review về vị trí chuyên viên tư vấn tài chính cấp cao của bảo hiểm fwd - dự án với ngân hàng VCB với ạ ( Kpi và mức lương với ạ ),2,2,0,0,1,unknown,Spam,0,0,0,2,0,0/0 (0%),Normal,
911,Cộng đồng Tư vấn viên bảo hiểm,https://www.facebook.com/groups/congdongtuvanvienbaohiem/posts/28679151835030551/,"**🌟 CHUBB LIFE HOÀNG CẦU – TÌM ĐỒNG ĐỘI MỚI 🌟** Bạn đang tìm kiếm một môi trường chuyên nghiệp – thân thiện – nhiều cơ hội phát triển? 💙 Có thể chúng ta đang tìm kiếm nhau! CHUBB LIFE HOÀNG CẦU đang tuyển dụng các vị trí kinh doanh 📌 VỊ TRÍ TUYỂN DỤNG 🔹 Nhân viên Kinh doanh 🔹 Trợ lý Kinh doanh 🎯 QUYỀN LỢI ✨ Lương cứng + Thưởng kinh doanh không giới hạn ✨ Được đào tạo nghiệp vụ & kỹ năng Sales ✨ Môi trường trẻ, năng động, đồng đội hỗ trợ nhau ✨ Cơ hội phát triển lên các vị trí Leader 📩 ỨNG TUYỂN NGAY Gửi CV về: minhfuong.chubb@gmail.com 📞 Liên hệ: 0946.198.580 📍 Địa điểm làm việc: Tầng 9, Geleximco, 36 Hoàng Cầu, Hà Nội",0,0,0,0,0,,,0,0,0,0,0,0/0 (0%),Normal,
912,Cộng đồng Tư vấn viên bảo hiểm,https://www.facebook.com/groups/congdongtuvanvienbaohiem/posts/28680006124945122/,"🌟 **BẢO HIỂM TNDS – GIÁ ƯU ĐÃI, THỦ TỤC NHANH GỌN** 🌟 Đi đường an tâm hơn với bảo hiểm trách nhiệm dân sự bắt buộc cùng PVI ❤️ ✅ **Xe máy: chỉ 49K** ✅ **Ô tô 5 chỗ: 250K** ✅ **Ô tô 7 chỗ: 450K** 📌 Thủ tục đơn giản 📌 Hỗ trợ nhanh chóng 📌 Tư vấn tận tâm 📌 Phù hợp cho khách cần mua mới hoặc gia hạn bảo hiểm 🚗 Đừng để đến lúc cần mới nhớ tới bảo hiểm. Chủ động trang bị TNDS để yên tâm trên mọi hành trình. 📩 **Inbox ngay để được tư vấn và hỗ trợ làm bảo hiểm nhanh chóng!**",1,1,0,0,1,unknown,Spam,0,0,0,1,0,0/0 (0%),Normal,
913,Cộng đồng Tư vấn viên bảo hiểm,https://www.facebook.com/groups/congdongtuvanvienbaohiem/posts/28680066638272404/,"Hỏi đáp: Vf7 “ tập đua “ bị cháy có được bảo hiểm không ??? +Có được bảo hiểm ❤️ Nếu chủ xe tham gia BH thân vỏ , xe bị tai nạn ( sập vào đá ) dẫn đến thủng pin ,BH có bồi thường Pin cả khi Pin tổn thất riêng . ️ Pin của xe điện gây nhiều tranh cãi , đặc biệt khi tai nạn vì pin xe có giá trị cao nhưng ở vị trí rất dễ tổn thất nếu đi vào đường nhiều ổ gà , ổ voi️ Chỉ 1 vết rách , thủng hay móp nhỏ cũng phải thay toàn bộ khối pin hoặc ít nhất là vỏ pin , chi phí cao và thời gian thay thế lâu hơn những bộ phận khác của xe.️ TNDS 5 chỗ biển trắng 279k BH Quân Đội MIC có bảo hiểm pin cả khi pin tổn thất riêng 0968.729.615 ZL Em để lấy mẫu hợp đồng ạ",2,2,0,0,2,unknown,Spam,0,0,0,2,0,0/0 (0%),Normal,
914,Cộng đồng Tư vấn viên bảo hiểm,https://www.facebook.com/groups/congdongtuvanvienbaohiem/posts/28680330531579348/,"**🌷 DOANH NGHIỆP BẠN ĐÃ TÌM ĐƯỢC QUÀ TẶNG 20/10 CHƯA?** 20/10 này, thay vì những món quà quen thuộc, doanh nghiệp có thể lựa chọn bình giữ nhiệt in logo – thiết thực, dễ sử dụng và giúp thương hiệu được nhắc nhớ mỗi ngày. ✨ Nhiều mẫu & dung tích đa dạng ✨ Nhận in logo theo yêu cầu ✨ Phù hợp tặng nhân viên, khách hàng, đối tác ✨ Hỗ trợ số lượng từ ít đến đơn hàng lớn ✨ Giá tốt cho doanh nghiệp **📞 Liên hệ/Zalo: 0906.742.246** 💙 Cá Voi Lam – Đồng hành cùng doanh nghiệp trong từng món quà.",0,0,0,0,0,,,0,0,0,0,0,0/0 (0%),Normal,
915,Cộng đồng Tư vấn viên bảo hiểm,https://www.facebook.com/groups/congdongtuvanvienbaohiem/posts/28680604914885243/,"🚀 FUBON LIFE TUYỂN DỤNG QUẢN LÝ PHÁT TRIỂN KINH DOANH KÝ HĐLĐ 💰 Lương cố định: 15 triệu/tháng 🔥 Thu nhập trung bình: 30 triệu+/tháng 🎁 Thưởng hiệu suất – Thưởng phát triển – Thưởng tháng 13 ✅ Chế độ đầy đủ theo quy định: • BHXH, BHYT, BHTN • Nghỉ lễ/Tết, phép năm đầy đủ • Đào tạo chuyên nghiệp & lộ trình thăng tiến rõ ràng • Môi trường năng động, chuyên nghiệp 📍 Làm việc tại: Tầng 9, Tòa nhà Báo Sài Gòn Giải Phóng, Số 432-438 Nguyễn Thị Minh Khai, P.Bàn Cờ, TP.HCM 👤 Yêu cầu: Từ 26 tuổi trở lên, tốt nghiệp đại học, ưu tiên có kinh nghiệm 📩 Inbox ngay hoặc gửi CV về email: han.vuong@fubon.com để ứng tuyển!",1,1,0,0,1,,,0,0,0,0,0,0/0 (0%),Normal,
916,Cộng đồng Tư vấn viên bảo hiểm,https://www.facebook.com/groups/congdongtuvanvienbaohiem/posts/28680744211537980/,"🚛 50 xe container xuyên biên giới — An Phúc giúp doanh nghiệp giảm hơn 427 triệu đồng phí bảo hiểm Một doanh nghiệp logistics có **50 xe container thường xuyên di chuyển Việt Nam – Lào** đang phải chịu mức phí bảo hiểm cao, trong khi mỗi lần xảy ra sự cố tại Lào lại phải thuê giám định viên từ Việt Nam sang, khiến quá trình xử lý kéo dài và phát sinh thêm chi phí. An Phúc đã đánh giá lại toàn bộ rủi ro thực tế: tuyến đường, tần suất vận chuyển, kinh nghiệm tài xế và khả năng quản trị rủi ro của doanh nghiệp. Kết quả: ✅Phí bảo hiểm giảm từ 1,956 tỷ → 1,529 tỷ đồng ✅Tiết kiệm hơn 427 triệu đồng ✅Phí mở rộng phạm vi Đông Nam Á giảm 0,8% → 0,3% Có giám định viên bản địa tại Lào , hỗ trợ xử lý sự cố và hồ sơ bồi thường nhanh hơn.",0,0,0,0,0,,,0,0,0,0,0,0/0 (0%),Normal,
917,Cộng đồng Tư vấn viên bảo hiểm,https://www.facebook.com/groups/congdongtuvanvienbaohiem/posts/28681047064841028/,"Quà tặng doanh nghiệp, quà tặng tăng nhận diện thương hiệu doanh nghiệp🔥😍 Cá Voi Lam chuyển cung cấp bình giữ nhiệt Bình dung tích 450ml, inox 316 Hàng sẵn kho 👈 Nhận in ấn/ khắc tên theo yêu cầu👈 Có xuất hoá đơn VAT 📞 Liên hệ/Zalo: 0906742246 em Thương tư vấn nhé 📩 Địa chỉ: LK5-12 Đường D2 Mystery Villa, Phường Bình Trưng Tây, Thủ Đức, TP.HCM",0,0,0,0,0,,,0,0,0,0,0,0/0 (0%),Normal,
918,Cộng đồng Tư vấn viên bảo hiểm,https://www.facebook.com/groups/congdongtuvanvienbaohiem/posts/28681531751459226/,"🔥 **TÌM KIẾM ĐỒNG ĐỘI **🔥 Bạn đang tìm kiếm một môi trường làm việc chuyên nghiệp, có sự dẫn dắt từ cấp quản lý tâm huyết và cơ hội phát triển sự nghiệp vượt bậc? Gia nhập đội ngũ của **Mr. Nguyễn Văn Tuấn** tại **Fubon Life Việt Nam** ngay hôm nay! ✨ **VỀ NGƯỜI DẪN ĐƯỜNG:** * Với hơn **11 năm kinh nghiệm** trong các lĩnh vực Bất động sản, Tài chính và Chứng khoán. * Triết lý làm việc: *""Một người lãnh đạo giỏi không chỉ tạo ra kết quả, mà còn tạo ra những con người tạo nên kết quả.""* * Sẵn sàng tận trung dẫn dắt, đồng hành và khai phá tiềm năng của từng cá nhân để cùng chinh phục những mục tiêu lớn. ✨ **QUYỀN LỢI ĐẶC BIỆT:** * ĐƯỢC ĐÀO TẠO trực tiếp bài bản từ lộ trình căn bản đến nâng cao. * Môi trường làm việc năng động, công bằng, khuyến khích sự chủ động và bứt phá. * Thu nhập hấp dẫn + Thưởng theo năng lực không giới hạn. * Cơ hội thăng tiến rõ ràng trong ngành tài chính - bảo hiểm. ✨ **CHÚNG TÔI TÌM KIẾM:** * Các bạn trẻ đam mê kinh doanh, nhiệt huyết và muốn thử thách bản thân. * Tinh thần chủ động, trách nhiệm và học hỏi nhanh. 📥 **CÁCH THỨC ỨNG TUYỂN:** * **Gửi CV qua Zalo:** 032.6565.289 * **Địa điểm làm việc:** Fubon Life Việt Nam - Tòa Discovery, 302 Cầu Giấy, Hà Nội. 👉 **Gia nhập ngay hôm nay để bắt đầu hành trình bứt phá cùng chúng tôi!**",1,1,0,0,1,bank_insurance,Tieu cuc,0,0,1,0,0,1/1 (100.0%),Normal,
919,Cộng đồng Tư vấn viên bảo hiểm,https://www.facebook.com/groups/congdongtuvanvienbaohiem/posts/28681755191436882/,"## **E còn vài slot tham gia Hội thảo Sức khoẻ của Daiichi-Life** Địa chỉ: T10 toà Trico 548 Nguyễn Văn Cừ, Bồ Đề, HN Được khám & tư vấn miễn phí Tiệc trà bánh giao lưu Có quà mang về Liên hệ em để đăng kí ạ 0332 019 383",3,3,0,0,4,unknown,Spam,0,0,0,3,0,0/0 (0%),Normal,
920,Cộng đồng Tư vấn viên bảo hiểm,https://www.facebook.com/groups/congdongtuvanvienbaohiem/posts/28681939961418405/,"👶 BẢO HIỂM CHO CON – MÓN QUÀ Ý NGHĨA BA MẸ DÀNH TẶNG TƯƠNG LAI Ba mẹ luôn mong con khỏe mạnh, bình an và có một tương lai vững vàng. Nhưng bệnh tật, tai nạn hay những lần nhập viện bất ngờ có thể khiến gia đình phát sinh nhiều chi phí ngoài dự kiến. ✨ Quyền lợi bảo vệ sức khỏe lên đến hàng trăm triệu đến hàng tỷ đồng ✨ Hỗ trợ chi phí nội trú, ngoại trú, phẫu thuật và điều trị bệnh hiểm nghèo ✨ Hỗ trợ viện phí tiền mặt khi nằm viện ✨ Không giới hạn số bệnh, số lần khám theo quyền lợi hợp đồng ✨ Thẻ bảo lãnh viện phí tiện lợi, sử dụng trên toàn quốc ✨ Tích lũy giá trị hợp đồng, giúp ba mẹ chuẩn bị cho các cột mốc quan trọng của con trong tương lai 🌱 Bảo vệ hôm nay – Vững bước tương lai. 📞 Liên hệ Thuý: 0919 055 501 để được tư vấn gói phù hợp với độ tuổi và nhu cầu của bé. #DaiichiLife #BaoHiemChoBe #BaoVeConYeu #PhuongThuyBaoHiem #BaoHiemSucKhoeChoBe #TichLuyTuongLaiChoCon ❤️",0,0,0,0,1,unknown,Spam,0,0,0,1,0,0/0 (0%),Normal,
921,Cộng đồng Tư vấn viên bảo hiểm,https://www.facebook.com/groups/congdongtuvanvienbaohiem/posts/28682052328073835/,"Em không có giá rẻ nhất. Chỉ cam kết đồng hành đòi quyền lợi đến từng xu và đã có kinh nghiệm xử lý, bồi thường rất nhiều trường hợp, kể cả các ca khó. Ib em nếu cần bảo hiểm các bác nhé.",0,0,0,0,0,,,0,0,0,0,0,0/0 (0%),Normal,
922,Cộng đồng Tư vấn viên bảo hiểm,https://www.facebook.com/groups/congdongtuvanvienbaohiem/posts/28683094927969575/,"Bình giữ nhiệt giành cho doanh nghiệp em có sẵn kho ❤️Dung tích 500ml, inox 316 ❤️Có nhận in ấn logo theo yêu cầu ❤️Có nhận khắc tên theo yêu cầu ❤️Có xuất hoá đơn VAT 📞 Liên hệ/Zalo: 0906742246 em báo giá nhé 📩 Địa chỉ: LK5-12 Đường D2 Mystery Villa, Phường Bình Trưng Tây, Thủ Đức, TP.HCM",0,0,0,0,0,,,0,0,0,0,0,0/0 (0%),Normal,
923,Cộng đồng Tư vấn viên bảo hiểm,https://www.facebook.com/groups/congdongtuvanvienbaohiem/posts/28686401470972254/,"# **🔥 CHUBB LIFE TÌM ĐỒNG ĐỘI SALES – SẴN SÀNG BỨT PHÁ THU NHẬP 🔥** Nếu bạn đang tìm một công việc có lương cứng, có KPI, có hoa hồng và càng nỗ lực càng có thêm thu nhập → thử về team CHUBB LIFE nhé! 🚀 Không yêu cầu bạn phải quá giỏi ngay từ đầu. Chỉ cần giao tiếp tốt – chủ động – chịu học hỏi, team sẽ đồng hành cùng bạn. 💼 Vị trí: Nhân viên Kinh doanh 💰 Thu nhập: Lương cứng + KPI + thưởng kinh doanh + hoa hồng 📍 Địa điểm: Tầng 9, Geleximco, 36 Hoàng Cầu, Hà Nội ⏰ Thời gian: Thứ 2 – Thứ 6 | 09:00 – 17:00 🌿 Nghỉ: Thứ 7 & Chủ nhật ✨ Bạn sẽ phụ trách: → Tìm kiếm và tư vấn khách hàng về các giải pháp tài chính/bảo hiểm → Chủ động xây dựng, duy trì và mở rộng mối quan hệ với khách hàng → Chăm sóc khách hàng trước – trong – sau hợp đồng → Phối hợp cùng team hoàn thành mục tiêu kinh doanh 🎯 CHUBB LIFE tìm kiếm bạn nếu: • Giao tiếp tự tin, năng động • Có tinh thần cầu tiến • Không ngại KPI, không ngại thử thách • Có kinh nghiệm Sales là lợi thế 💡 Chưa có kinh nghiệm? Không sao! Quan trọng là bạn có tinh thần học hỏi, phần còn lại team sẽ hướng dẫn. 📩 Inbox/Call 0946198580 để nhận JD và lịch phỏng vấn nhé!",0,0,0,0,0,,,0,0,0,0,0,0/0 (0%),Normal,
924,Cộng đồng Tư vấn viên bảo hiểm,https://www.facebook.com/groups/congdongtuvanvienbaohiem/posts/28686681880944213/,"🌷 20/10 NÀY, TẶNG GÌ ĐỂ CHỊ EM VỪA VUI VỪA NHỚ THƯƠNG HIỆU? Một set quà được chuẩn bị chỉn chu từ món quà – bao bì – thiệp chúc mừng – hình ảnh thương hiệu, chắc chắn sẽ khiến người nhận cảm nhận được sự quan tâm ngay từ khoảnh khắc mở hộp. 🎁 SET QUÀ 20/10 – GỌN GÀNG, XINH XẮN, ĐẦY ĐỦ Ý NGHĨA • 💌 Thiệp chúc mừng 20/10 • 🎁 Hộp quà lót giấy kraft, chỉn chu nâng niu món quà • 🌸 Có thể cá nhân hóa tên, lời chúc, hình ảnh và logo doanh nghiệp 👉 Nhận đặt set quà 20/10 theo ngân sách và số lượng của doanh nghiệp. 👉 Hỗ trợ thiết kế theo yêu cầu & giao hàng tận nơi miễn phí ==================================== CÔNG TY CP QUÀ TẶNG BLUEGIFT VIỆT NAM ☎️ Hotline: 0367 511 457 (Ms. Thảo) #QuàTặng20Tháng10 #Quà2010 #SetQuà2010 #QuàTặngNhânViên #QuàTặngKháchHàng #quà20_10",1,1,0,0,3,unknown,Spam,0,0,0,3,0,0/0 (0%),Normal,
925,Cộng đồng Tư vấn viên bảo hiểm,https://www.facebook.com/groups/congdongtuvanvienbaohiem/posts/28693616366917431/,"# **🔥 CHUBB LIFE TÌM ĐỒNG ĐỘI SALES – SẴN SÀNG BỨT PHÁ THU NHẬP 🔥** Nếu bạn đang tìm một công việc có lương cứng, có KPI, có hoa hồng và càng nỗ lực càng có thêm thu nhập → thử về team CHUBB LIFE nhé! 🚀 Không yêu cầu bạn phải quá giỏi ngay từ đầu. Chỉ cần giao tiếp tốt – chủ động – chịu học hỏi, team sẽ đồng hành cùng bạn. 💼 Vị trí: Nhân viên Kinh doanh 💰 Thu nhập: Lương cứng + KPI + thưởng kinh doanh + hoa hồng 📍 Địa điểm: Tầng 9, Geleximco, 36 Hoàng Cầu, Hà Nội ⏰ Thời gian: Thứ 2 – Thứ 6 | 09:00 – 17:00 🌿 Nghỉ: Thứ 7 & Chủ nhật ✨ Bạn sẽ phụ trách: → Tìm kiếm và tư vấn khách hàng về các giải pháp tài chính/bảo hiểm → Chủ động xây dựng, duy trì và mở rộng mối quan hệ với khách hàng → Chăm sóc khách hàng trước – trong – sau hợp đồng → Phối hợp cùng team hoàn thành mục tiêu kinh doanh 🎯 CHUBB LIFE tìm kiếm bạn nếu: • Giao tiếp tự tin, năng động • Có tinh thần cầu tiến • Không ngại KPI, không ngại thử thách • Có kinh nghiệm Sales là lợi thế 💡 Chưa có kinh nghiệm? Không sao! Quan trọng là bạn có tinh thần học hỏi, phần còn lại team sẽ hướng dẫn. 📩 Inbox/Call 0946198580 để nhận JD và lịch phỏng vấn nhé!",0,0,0,0,0,,,0,0,0,0,0,0/0 (0%),Normal,
926,Cộng đồng Tư vấn viên bảo hiểm,https://www.facebook.com/groups/congdongtuvanvienbaohiem/posts/28693731060239295/,,0,0,0,0,0,,,0,0,0,0,0,0/0 (0%),Normal,
927,Cộng đồng Tư vấn viên bảo hiểm,https://www.facebook.com/groups/congdongtuvanvienbaohiem/posts/28693832393562495/,"## Bạn mong muốn 1 môi trường làm việc lành mạnh, có sếp tâm lý, được nghỉ ngơi vào cuối tuần - Apply ngay vào vị trí NHÂN VIÊN KINH DOANH (CÓ LC) cùng chúng tôi bứt phá doanh số!! Địa chỉ: T10 Tòa Trico 548 Nguyễn Văn Cừ, Bồ Đề, HN * Công việc: Tiếp nhận data từ Marketing Tư vấn theo nhu cầu & quyền lợi KH Care khách trước và sau khi chốt HĐ * Yêu cầu: Có kn sale Biết tư vấn, đàm phán, chốt hợp đồng * Thu nhập 8-20tr/tháng (có thể deal LC theo năng lực) Đóng BHXH, BHYT, BHTN đầy đủ khi lên chính thức Thời gian làm việc: từ T2 đến sáng T7; 8h30 đến 17h30; nghỉ trưa 12h - 13h30 * LH: 0332 019 383",2,2,0,0,3,unknown,Spam,0,0,0,3,0,0/0 (0%),Normal,
928,Cộng đồng Tư vấn viên bảo hiểm,https://www.facebook.com/groups/congdongtuvanvienbaohiem/posts/28694144440197957/,"🔥 SĂN NGAY ""GHẾ"" HOT: CHUYÊN VIÊN TƯ VẤN TÀI CHÍNH KHÔNG ÁP DOANH SỐ — DATA CÓ SẴN LO GÌ KHÁCH! Bạn đang tìm một công việc lương cứng ổn định, không phải đau đầu tìm data khách hàng mà vẫn thỏa sức bứt phá thu nhập BẠN NHẬN ĐƯỢC GÌ KHI LÀM VIỆC Ở ĐÂY? 💰 Lương cứng chắc tay: 8 - 10 triệu/tháng, HOÀN TOÀN KHÔNG PHỤ THUỘC DOANH SỐ. ➕ Thu nhập không giới hạn: Lương cứng + Thưởng nóng + Hoa hồng cực khủng. 🔥 Không lo tìm khách: Công ty cung cấp sẵn kho data nóng, việc của bạn là kết nối và chốt đơn. ✈️ Du lịch ngập tràn: Xách balo lên và đi du lịch 1 quý/lần cùng cả team. 🎓 Đào tạo từ A-Z: Chưa có kinh nghiệm ư? Đừng lo, bạn sẽ được cầm tay chỉ việc, đào tạo bài bản từ chuyên gia. 🛡️ An tâm gắn bó: Được đóng đầy đủ BHXH, BHYT theo đúng quy định. BẠN SẼ PHẢI LÀM GÌ? 👉 Khai thác hiệu quả nguồn data nóng có sẵn để tư vấn cho khách hàng tiềm năng. 👉 Xây dựng mối quan hệ tốt đẹp và hỗ trợ khách hàng xuyên suốt quá trình trải nghiệm dịch vụ. 👉 Phối hợp nhịp nhàng với đội nhóm để chinh phục các mục tiêu chung. CHÚNG TÔI TÌM KIẾM AI? 👤 Độ tuổi: Từ 22 đến 35 tuổi. Yêu thích kinh doanh, ham học hỏi và có khát vọng gia tăng thu nhập. (Không yêu cầu kinh nghiệm, ứng viên chưa có nghề sẽ được đào tạo chuyên nghiệp). 📍 Địa điểm: Khu vực Cầu Diễn, Hà Nội. 📩 Gửi CV về email: phamhuyenhvtc1234@gmail.com ☎️ Hoặc liên hệ trực tiếp qua số điện thoại/Zalo: 038 5270824",0,0,0,0,0,,,0,0,0,0,0,0/0 (0%),Normal,
929,Cộng đồng Tư vấn viên bảo hiểm,https://www.facebook.com/groups/congdongtuvanvienbaohiem/posts/28694356880176713/,**BẢO HIỂM TNDS GIÁ ƯU ĐÃI NIÊM YẾT** – **cấp nhanh online ** **Xe máy 49K | Ô tô 5 chỗ 250K | 7 chỗ 450K** Thủ tục nhanh gọn Cấp chứng nhận điện tử Hỗ trợ tận tâm ** 096769221**,1,1,0,0,0,,,0,0,0,0,0,0/0 (0%),Normal,
930,Cộng đồng Tư vấn viên bảo hiểm,https://www.facebook.com/groups/congdongtuvanvienbaohiem/posts/28695029673442767/,"Bảo hiểm AIA - liên kết ngân hàng VPBank uy tín, an toàn Anh chị liên hệ em qua tư vấn trực tiếp Lh zl: 0985416987",1,1,0,0,0,,,0,0,0,0,0,0/0 (0%),Normal,
931,Cộng đồng Tư vấn viên bảo hiểm,https://www.facebook.com/groups/congdongtuvanvienbaohiem/posts/28695057563439978/,"Sale 2 ngày 11 -12/9 500k/ thẻ sức khoẻ PVI Giá gốc : 1175k/ năm Nội trú : 1.250k/ ngày - 60 ngày/năm - 62.5tr/năm Chi phí Phẫu Thuật : 62,5tr/ năm Chi phí điều trị Ung thư tiên tiên : 125tr/năm Sử dụng bệnh viện toàn quốc Thủ tục tham gia và bồi thường nhanh chóng",1,1,0,0,0,,,0,0,0,0,0,0/0 (0%),Normal,
932,Cộng đồng Tư vấn viên bảo hiểm,https://www.facebook.com/groups/congdongtuvanvienbaohiem/posts/28695089353436799/,#Capcuu mà không được dùng bhyt? Ốm đau bệnh tật ngoài giờ không được chi trả? Hiểu lầm của người bệnh hay sai sót của NV y tế? Nhiều lúc thật sự thông cảm và thương cho NVYT khi gặp các tình trạng: hở tí là bị #phot.,0,0,0,0,0,,,0,0,0,0,0,0/0 (0%),Normal,
933,Cộng đồng Tư vấn viên bảo hiểm,https://www.facebook.com/groups/congdongtuvanvienbaohiem/posts/28695212456757822/,"📢📢 LUXSHARE ICT NGHỆ AN TUYỂN DỤNG NHIỀU VỊ TRÍ HẤP DẪN 📢📢 🔥 Cơ hội gia nhập tập đoàn sản xuất điện tử hàng đầu với môi trường làm việc chuyên nghiệp và nhiều cơ hội phát triển! 🔥 🎯 YÊU CẦU: ✅ Tốt nghiệp THPT/Trung Cấp/ Cao đẳng/Đại học ✅ Biết tiếng Trung là một lợi thế ✅ Ưu tiên ứng viên có kinh nghiệm liên quan đến vị trí ứng tuyển ✅ Có tinh thần trách nhiệm, chủ động trong công việc 🎁 CHẾ ĐỘ PHÚC LỢI: ✔ Hỗ trợ ký túc xá ✔ Tham gia BHXH đầy đủ theo quy định ✔ Xe đưa đón dành cho nhân viên ✔ Thưởng và các chế độ đãi ngộ hấp dẫn ✔ Khu thể thao miễn phí: bóng rổ, bóng chuyền, cầu lông, phòng GYM,... 🏢 MÔI TRƯỜNG LÀM VIỆC: ✨ Chuyên nghiệp, năng động, thân thiện ✨ Lộ trình đào tạo và thăng tiến rõ ràng ✨ Cơ hội làm việc và giao lưu với chuyên gia nước ngoài ✨ Cơ hội công tác và phát triển nghề nghiệp tại nước ngoài 💰 THU NHẬP: 15 – 50 TRIỆU VNĐ (Thỏa thuận theo năng lực) 📍 Địa điểm làm việc: LUXSHARE ICT NGHỆ AN 📞 Liên hệ ứng tuyển để được tư vấn chi tiết: Zalo: 0966323072 Hữu Thi 👉 Nhanh tay ứng tuyển để không bỏ lỡ cơ hội trở thành thành viên của đại gia đình LUXSHARE ICT NGHỆ AN!",0,0,0,0,0,,,0,0,0,0,0,0/0 (0%),Normal,
934,Cộng đồng Tư vấn viên bảo hiểm,https://www.facebook.com/groups/congdongtuvanvienbaohiem/posts/28695488843396850/,Quà tặng doanh nghiệp bình giữ nhiệt có sẵn tại kho Cá Voi Lam🔥 Nhận in ấn logo theo yêu cầu Nhận khắc tên theo yêu cầu Có xuất VAT 📞📞Liên hệ/ zalo: 0906842246 để được báo giá chi tiết nhé,0,0,0,0,0,,,0,0,0,0,0,0/0 (0%),Normal,
935,Cộng đồng Tư vấn viên bảo hiểm,https://www.facebook.com/groups/congdongtuvanvienbaohiem/posts/28696092096669858/,"Tuyển nhân viên kinh doanh tại Cầu Diễn, Hà Nội Quyền lợi cam kết: ✅ Lương cứng: 8 - 10 triệu ( Chưa tính lương hoa hồng + thưởng) ✅ Làm từ thứ 2 -6 ✅ Đóng đầy đủ BHXH ✅ Du lịch trong và ngoài nước 1 quý/ 1 lần ✅ Thu nhập có thể tới 30M++ (theo kết quả làm việc thực tế) Ib để nhận JD và ứng tuyển ☎️Zalo C Huyền: 0385270824",0,0,0,0,0,,,0,0,0,0,0,0/0 (0%),Normal,
936,Cộng đồng Tư vấn viên bảo hiểm,https://www.facebook.com/groups/congdongtuvanvienbaohiem/posts/28697062506572817/,"💬 “𝐄𝐦 𝐦𝐮𝐚 𝐁𝐇 𝐜𝐡𝐢̉ đ𝐞̂̉ 𝐩𝐡𝐨̀𝐧𝐠 𝐭𝐡𝐨̂𝐢 𝐜𝐡𝐢̣ 𝐚̣, 𝐛𝐞́ 𝐧𝐡𝐚̀ 𝐞𝐦 𝐭𝐫𝐨̣̂𝐦 𝐯𝐢́𝐚 𝐥𝐚̆́𝐦!”Nghe câu này quen không ba mẹ? 😄 Mình cũng chỉ mong câu chuyện sẽ dừng ở chữ “𝐩𝐡𝐨̀𝐧𝐠”… 𝐂𝐡𝐨 đ𝐞̂́𝐧 𝐤𝐡𝐢 𝐯𝐮̛̀𝐚 𝐡𝐞̂́𝐭 𝐭𝐡𝐨̛̀𝐢 𝐠𝐢𝐚𝐧 𝐜𝐡𝐨̛̀ 𝐛𝐞̣̂𝐧𝐡 𝐭𝐡𝐨̂𝐧𝐠 𝐭𝐡𝐮̛𝐨̛̀𝐧𝐠, 𝐛𝐞́ 𝐬𝐨̂́𝐭 𝐥𝐚̂̀𝐧 𝟏. Rồi chưa đầy 1 tháng sau… 𝐥𝐚̂̀𝐧 𝟐. 😳 Và lúc này, khách nhắn cho mình một câu khiến mình cũng phải bật cười: 💚 “𝐌𝐚𝐲 𝐦𝐚̀ 𝐧𝐠𝐚̀𝐲 𝐭𝐫𝐮̛𝐨̛́𝐜 𝐞𝐦 𝐧𝐠𝐡𝐞 𝐜𝐡𝐢̣!” Đôi khi bảo hiểm chẳng phải thứ mình mong dùng đến. Nhưng có những lúc cần rồi mới thấy: 𝐜𝐡𝐮𝐚̂̉𝐧 𝐛𝐢̣ 𝐭𝐫𝐮̛𝐨̛́𝐜 𝐦𝐨̣̂𝐭 𝐜𝐡𝐮́𝐭 𝐭𝐡𝐚̣̂𝐭 𝐬𝐮̛̣ đ𝐚́𝐧𝐠 𝐠𝐢𝐚́. ☂️ Bé đang khỏe, mình cứ chủ động chuẩn bị. Để nếu một ngày cần đi viện, ba mẹ không phải cuống cuồng xoay xở thêm một khoản",0,0,0,0,0,,,0,0,0,0,0,0/0 (0%),Normal,
937,Cộng đồng Tư vấn viên bảo hiểm,https://www.facebook.com/groups/congdongtuvanvienbaohiem/posts/28697489333196801/,"🔴 **CÓ MỘT NƠI NỤ CƯỜI CỦA CẢ GIA ĐÌNH LUÔN ĐƯỢC BẢO VỆ TRỌN VẸN...** 🔴 Bạn có bao giờ tự hỏi: *Điều gì là quan trọng nhất đối với mình?* Đó không phải là những chuyến đi xa, cũng không phải là ngôi nhà sang trọng, mà chính là khoảnh khắc thấy **ông bà khỏe mạnh, vợ chồng an yên và con trẻ lớn khôn mỗi ngày**. Thế nhưng, cuộc sống luôn có những biến số. Một cơn sốt của con, một lần nhập viện của cha mẹ cũng đủ khiến cả gia đình chao đảo. Thấu hiểu điều đó, Generali mang đến chương trình **""HÀNH TRÌNH SỐNG KHỎE - TRAO BẢO VỆ TRỌN AN TÂM""** – giải pháp đồng hành cùng mọi thế hệ trong gia đình bạn! --- 🎁 **ĐẶC QUYỀN MUA SỚM - TẶNG QUÀ LỚN DUY NHẤT THÁNG 9/2026:** *(Áp dụng từ 01/09/2026 đến 30/09/2026)* * 👶 **Trẻ em (0 - 5 tuổi):** Nhận ngay quà tặng tương đương **30% phí bảo hiểm**. * 👨‍👩‍👧 **Thành viên (Trên 5 tuổi):** Nhận ngay quà tặng tương đương **20% phí bảo hiểm**. 🌟 **QUYỀN LỢI NỔI BẬT KHÔNG THỂ BỎ LỠ:** * **Bảo lãnh viện phí 100%:** Thẻ bảo hiểm VITA - Sức Khỏe Vàng giúp gia đình tiếp cận dịch vụ y tế chuẩn quốc tế mà không phải lo gánh nặng tài chính. * **Tích lũy song hành:** Vừa bảo vệ sức khỏe, vừa chủ động xây dựng nguồn tài chính vững chắc cho tương lai. * **Tối ưu chi phí:** Tham gia ngay trong tháng 9 để nhận mức chiết khấu quà tặng cao nhất năm. --- ⏳ **Chỉ còn ít ngày để nhận ưu đãi hấp dẫn này!** Đừng để rủi ro đến mới tìm giải pháp, hãy chủ động trao cho gia đình sự an tâm ngay hôm nay. 📞 **Hotline / Zalo hỗ trợ 24/7:** **0967.048.912** 📩 **Inbox ngay** cho em để nhận bảng tính phí chi tiết và tư vấn giải pháp tối ưu nhất cho gia đình mình! #GeneraliVietnam #HanhTrinhSongKhoe #VITASucKhoeVang #AnTamChoCaGiaDinh #BaoHiemNhanTho #Chamsocsuckhoe",0,0,0,0,0,,,0,0,0,0,0,0/0 (0%),Normal,
938,Cộng đồng Tư vấn viên bảo hiểm,https://www.facebook.com/groups/congdongtuvanvienbaohiem/posts/28697490619863339/,"🎁 THÁNG 9 – TẶNG QUỸ THĂM KHÁM CHO BÉ ĐẾN 10 TRIỆU/NĂM Ba mẹ có con nhỏ sẽ hiểu: một năm con có thể đi khám rất nhiều lần vì ho, sốt, viêm họng, tiêu hóa… Mỗi lần một ít nhưng cộng lại là khoản không nhỏ. 🎁 TẶNG QUỸ KHÁM NGOẠI TRÚ: * 5 triệu/năm – tối đa 1 triệu/lần khám * 10 triệu/năm – tối đa 2 triệu/lần khám * ⭐ KHÔNG GIỚI HẠN SỐ LẦN KHÁM, miễn còn trong hạn mức quỹ năm và đáp ứng điều kiện chi trả. Chưa kể bé còn có quyền lợi nội trú lên đến 1 tỷ/bệnh, cùng bảo vệ tai nạn, bệnh hiểm nghèo và hỗ trợ viện phí. 💙 Con ốm nhẹ có quỹ đi khám – con chẳng may nằm viện có bảo hiểm lo chi phí lớn – lâu dài vẫn có khoản tích lũy cho tương lai. Ba mẹ đang có nhu cầu mua bảo hiểm sức khoẻ cho con thì nhắn Vy ngay để được nhận ưu đãi đặc biệt này nha💕 Thông tin liên hệ: 📲 Zalo: 0767 1343 86 📍 Toà nhà 7A Lam Sơn, P. Tân Sơn Hoà, TP.HCM #baohiemsuckhoe #baohiemchocon #baohiemchobe #baolanhvienphi #hoangvybaohiem",0,0,0,0,0,,,0,0,0,0,0,0/0 (0%),Normal,
939,Cộng đồng Tư vấn viên bảo hiểm,https://www.facebook.com/groups/congdongtuvanvienbaohiem/posts/28697632636515804/,"TẶNG THÊM 100% QUYỀN LỢI BẢO HIỂM Khách hàng được tặng thêm 100% quyền lợi tương ứng với bất kỳ hạng thẻ nào. 💎 Thẻ VIP Bảo Việt có gì đặc biệt? 👉 Quyền lợi 2 tỷ → sử dụng đến 4 tỷ! Không chỉ là một tấm thẻ bảo hiểm, khách hàng còn được tiếp cận hệ sinh thái dịch vụ và quyền lợi của Bảo Việt, mang đến sự an tâm toàn diện cho bản thân và gia đình. 🥰💙 Bảo vệ hôm nay – An tâm ngày mai! ✨",0,0,0,0,0,,,0,0,0,0,0,0/0 (0%),Normal,
940,Cộng đồng Tư vấn viên bảo hiểm,https://www.facebook.com/groups/congdongtuvanvienbaohiem/posts/28698048749807526/,"**[TP.HCM] THÍCH NÓI CHUYỆN NHƯNG LẠI NGẠI GẶP MẶT? – JOB VĂN PHÒNG DÀNH RIÊNG CHO BẠN !** **Nhân viên tư vấn gói khám sức khỏe PVI** 💰 **Thu nhập: 8 – 15** triệu+/tháng 📌 Tư vấn cho khách hàng qua điện thoại theo **kịch bản có sẵn**. 📌 Giải đáp thắc mắc và hỗ trợ khách hàng hoàn tất hồ sơ. 📌 **Không** yêu cầu **kinh nghiệm** – được** đào tạo** bài bản. 🎓 Có** lộ trình thăng tiến** rõ ràng **1–2 năm**. 🛡️ Đầy đủ chế độ BHXH, BHYT và phúc lợi theo chính sách công ty. 📑Hỗ trợ khách hàng hoàn tất hồ sơ **online** – **Không** cần đi thị trường. 🎯 Được **cung cấp sẵn** **Data** khách hàng. 📱** Được phép** sử dụng điện thoại cá nhân trong giờ làm. ⏰ **Thời gian làm việc** **Thứ 2 - Thứ 6** 8:00 - 17:00 | **Thứ 7** 8:00 - 16:00 **(2 ngày**/tháng) 📩 **Ứng tuyển tại:** 📧 Email: **huynhvanquyen.bs24vietnam@gmail.com** 📱 Zalo: **0387 756 766** (Quyến) 📍 **Địa điểm làm việc:** 🏢 8A Huỳnh Lan Khanh, Phường Tân Sơn Hòa, TP. Hồ Chí Minh.",1,1,0,0,0,,,0,0,0,0,0,0/0 (0%),Normal,
941,Cộng đồng Tư vấn viên bảo hiểm,https://www.facebook.com/groups/congdongtuvanvienbaohiem/posts/28698163566462711/,"Bạn đủ điều kiện nhận BHXH một lần nếu đã nghỉ việc 9 tháng, liên hệ để được hỗ trợ tận nơi. Thủ tục nhanh gọn, cần hỗ trợ cứ nhắn tin cho tôi qua số: 0379 SÁU BA KHÔNG 091.",1,1,0,0,0,,,0,0,0,0,0,0/0 (0%),Normal,
942,Cộng đồng Tư vấn viên bảo hiểm,https://www.facebook.com/groups/congdongtuvanvienbaohiem/posts/28698265593119175/,"BÌNH GIỮ NHIỆT QUÀ TẶNG CHO DOANH NGHIỆP 😍 Bình giữ nhiệt 500ml, màu hồng sẵn kho Nhận in ấn theo yêu cầu doanh nghiệp Nhận khắc laser cho anh/ chị 📞 Zalo/Hotline: 0906 742 246 để được báo giá chi tiết 📍 Địa chỉ: LK5-12 Đường D2 Mystery Villa, P. Bình Trưng Tây, Thủ Đức, TP.HCM",0,0,0,0,0,,,0,0,0,0,0,0/0 (0%),Normal,
943,Cộng đồng Tư vấn viên bảo hiểm,https://www.facebook.com/groups/congdongtuvanvienbaohiem/posts/28700108882934846/,"MIC 360 – BẢO VỆ TOÀN DIỆN, AN TÂM TRỌN VẸN! Sức khỏe, gia đình hay công việc kinh doanh – chủ động bảo vệ hôm nay, vững vàng cho ngày mai. ❤️ ✨ Nhiều gói bảo hiểm linh hoạt ✨ Quyền lợi thiết thực – chi phí hợp lý ✨ Có thể chọn COMBO 360 hoặc từng gói riêng 📞 Tư vấn miễn phí: 0911576957 (Zalo) 👉 Đừng đợi rủi ro xảy ra mới nghĩ đến bảo hiểm!",0,0,0,0,0,,,0,0,0,0,0,0/0 (0%),Normal,
944,Cộng đồng Tư vấn viên bảo hiểm,https://www.facebook.com/groups/congdongtuvanvienbaohiem/posts/28700809619531439/,"CATHAY LIFE VIỆT NAM TUYỂN DỤNG: TƯ VẤN VIÊN BẢO HIỂM 💰 Thu nhập & Quyền lợi: Mức thu nhập hấp dẫn: 12 - 14 Triệu + Thưởng. Nhiều khoản thưởng đa dạng: Thưởng tháng, quý, 6 tháng, thưởng chi nhánh & Tổng công ty. ⏰ Thời gian & Địa điểm làm việc: Thời gian: Sáng 8h30 - 12h00, buổi chiều linh động. Làm việc từ Thứ 2 đến Thứ 7, Chủ Nhật nghỉ. Địa điểm: Số I-03, Đường số 1, KP. Bình Cư 3 (Phường Tân An, Long An hoặc Phường Long An, Tây Ninh theo quy định sáp nhập). 🎯 Yêu cầu ứng viên: Độ tuổi: Nam/Nữ từ 26 - 50 tuổi. Trình độ: Tốt nghiệp từ THPT trở lên. Không yêu cầu kinh nghiệm về bảo hiểm. Ưu tiên các ứng viên đã có kinh nghiệm bán hàng, tư vấn hoặc chăm sóc khách hàng. 📝 Mô tả công việc: Thực hiện tư vấn và chăm sóc khách hàng. Cung cấp các sản phẩm đa dạng như: bảo hiểm xe máy, ô tô, du lịch, nhà xưởng, chung cư, thẻ sức khỏe... 👉 Quy trình phỏng vấn: Trải qua 2 vòng (Nhân sự ➡️ Sếp Đài Loan). 📩 Ứng tuyển ngay qua Zalo: 0339.244.247",1,1,0,0,1,unknown,Tieu cuc,0,0,1,0,0,1/1 (100.0%),Normal,
945,Cộng đồng Tư vấn viên bảo hiểm,https://www.facebook.com/groups/congdongtuvanvienbaohiem/posts/28701333839479017/,"🖤 KHÔNG PHẢI AI CŨNG CÓ “THẺ ĐEN” – NHƯNG ONE CARD THÌ KHÁC. Một chiếc thẻ không chỉ để thanh toán, mà còn là một dấu ấn về đẳng cấp và khả năng tài chính của người sở hữu. ✨ Đã dùng thẻ tín dụng, hãy chọn chiếc thẻ vừa sang – tiện – có giá trị sử dụng thực tế. Đặc biệt, ONE CARD còn có hoàn tiền lên tới 9% ở các nhóm chi tiêu nổi bật như: 🏫 Giáo dục | 🛡️ Bảo hiểm | 🛍️ Mua sắm | ✈️ Du lịch | 🌏 Chi tiêu nước ngoài 👉 Muốn biết mình đủ điều kiện sở hữu ONE CARD hạng nào, inbox Quỳnh để được kiểm tra & tư vấn nhé 🖤",1,1,0,0,0,,,0,0,0,0,0,0/0 (0%),Normal,
946,Cộng đồng Tư vấn viên bảo hiểm,https://www.facebook.com/groups/congdongtuvanvienbaohiem/posts/28701434209468980/,"🌟 PRU KHỎE LINH HOẠT – MỘT BƯỚC TIẾN MỚI TRONG BẢO VỆ SỨC KHỎE Ngày 09/09/2026, Prudential chính thức ra mắt PRU KHỎE LINH HOẠT – một giải pháp bảo vệ sức khỏe với rất nhiều lựa chọn, để phù hợp hơn với từng nhu cầu và khả năng tài chính của khách hàng. Điều đầu tiên Dung thấy WOW chính là: 🍀Khách hàng đến 70 tuổi vẫn có thể tham gia nếu đáp ứng điều kiện của sản phẩm. 🍀Và có thể gia hạn bảo vệ đến 100 tuổi. Nghĩa là không chỉ người trẻ mới nghĩ đến bảo hiểm sức khỏe. Ba mẹ, cô chú lớn tuổi cũng có thêm một cơ hội để chủ động chuẩn bị cho sức khỏe của mình. ❤️ Và phạm vi bảo vệ cũng rất linh hoạt: 🏥 Tại Việt Nam 🌏 Tại các nước Châu Á 🌎 Và đặc biệt, chương trình cao nhất có phạm vi toàn cầu, bao gồm Hoa Kỳ. Không chỉ nội trú, khách hàng còn có thể lựa chọn thêm quyền lợi ngoại trú, nha khoa… 👶 Gia đình có kế hoạch sinh em bé? Có thể tích hợp thêm quyền lợi thai sản nếu lựa chọn chương trình phù hợp. (Quyền lợi thai sản áp dụng phạm vi bảo vệ tại Việt Nam theo điều kiện sản phẩm.) Và một điểm Dung rất thích nữa là mức bảo vệ cực kỳ đa dạng: Từ 100 triệu… đến 5 Tỷ ! Wow! 😍 Từ một gia đình muốn có thêm khoản phòng thân cho những chi phí y tế bất ngờ, cho đến những khách hàng có nhu cầu bảo vệ sức khỏe ở mức cao và thường xuyên di chuyển quốc tế… 🔸Đều có thể tìm được lựa chọn phù hợp hơn với nhu cầu của mình. Bảo hiểm sức khỏe không phải để mình mong có bệnh. Mà là chuẩn bị khi mình còn khỏe, để nếu một ngày cần đến… mình có sự lựa chọn tốt hơn. Một sản phẩm mới. Một bước tiến mới. Và quan trọng nhất là thêm nhiều lựa chọn để khách hàng chủ động bảo vệ sức khỏe cho mình và gia đình. ❤️ PRU KHỎE LINH HOẠT – khỏe theo cách của mình, bảo vệ theo nhu cầu của mình. 👉 Ai đang quan tâm, đặc biệt là ba mẹ từ 50–70 tuổi, gia đình có con nhỏ hoặc anh chị thường xuyên đi nước ngoài, nhắn Dung nhé. Dung sẽ giúp mình xem chương trình nào phù hợp, không cần mua dư – chỉ cần mua đúng nhu cầu. #prukhoelinhhoat #ThuDungPrudential #chamsocsuckhoe",0,0,0,0,0,,,0,0,0,0,0,0/0 (0%),Normal,
947,Cộng đồng Tư vấn viên bảo hiểm,https://www.facebook.com/groups/congdongtuvanvienbaohiem/posts/28701538856125182/,"# **🌟 CHUBB LIFE HOÀNG CẦU – TÌM ĐỒNG ĐỘI MỚI 🌟** Bạn đang tìm kiếm một môi trường chuyên nghiệp – thân thiện – nhiều cơ hội phát triển? 💙 Có thể chúng ta đang tìm kiếm nhau! CHUBB LIFE HOÀNG CẦU đang tuyển dụng các vị trí kinh doanh 📌 VỊ TRÍ TUYỂN DỤNG 🔹 Nhân viên Kinh doanh 🔹 Trợ lý Kinh doanh 🎯 QUYỀN LỢI ✨ Lương cứng + Thưởng kinh doanh không giới hạn ✨ Được đào tạo nghiệp vụ & kỹ năng Sales ✨ Môi trường trẻ, năng động, đồng đội hỗ trợ nhau ✨ Cơ hội phát triển lên các vị trí Leader 📩 ỨNG TUYỂN NGAY Gửi CV về: minhfuong.chubb@gmail.com 📞 Liên hệ: 0946.198.580 📍 Địa điểm làm việc: Tầng 9, Geleximco, 36 Hoàng Cầu, Hà Nội",1,1,0,0,0,,,0,0,0,0,0,0/0 (0%),Normal,
948,Cộng đồng Tư vấn viên bảo hiểm,https://www.facebook.com/groups/congdongtuvanvienbaohiem/posts/28707503262195408/,"## Môi trường lành mạnh, sếp tâm lý, phúc lợi đầy đủ, ''.'' hoặc ib để nhận JD chi tiết ạ",1,1,0,0,3,unknown,Spam,0,0,0,3,0,0/0 (0%),Normal,
949,Cộng đồng Tư vấn viên bảo hiểm,https://www.facebook.com/groups/congdongtuvanvienbaohiem/posts/28708223245456743/,2026 Waiver of premium-Bảo hiểm miễn đóng phí #Manulife #XanhPhuQuy,2,2,0,0,0,,,0,0,0,0,0,0/0 (0%),Normal,
950,Cộng đồng Tư vấn viên bảo hiểm,https://www.facebook.com/groups/congdongtuvanvienbaohiem/posts/28708277355451332/,"Em nhận order mẫu bình 350ml giá tận xưởng ***Mẫu bình dung tích nhỏ cho các doanh nghiệp làm quà tặng khách hàng, đối tác và nhân viên *** Nhận in ấn logo theo yêu cầu Nhận khắc tên theo yêu cầu 😊Liên hệ/ zalo: 0906742246 để được tư vấn chi tiết nhé!",0,0,0,0,0,,,0,0,0,0,0,0/0 (0%),Normal,
951,Cộng đồng Tư vấn viên bảo hiểm,https://www.facebook.com/groups/congdongtuvanvienbaohiem/posts/28708823752063359/,"Ai cũng bảo không mong muốn nhận được tiền bảo hiểm đâu. Nhưng cuộc sống mà, sinh-lão-bệnh-tử đâu có chừa 1 ai. Vậy nên những người có sự chuẩn bị là auto thắng đời 1-0 rồi #Bảo_hiểm_nhân_thọ #bảo_hiểm_sức_khỏe #thẻ_chăm_sóc_sức_khỏe_toàn_cầu #daiichi",0,0,0,0,0,,,0,0,0,0,0,0/0 (0%),Normal,
952,Cộng đồng Tư vấn viên bảo hiểm,https://www.facebook.com/groups/congdongtuvanvienbaohiem/posts/28709731931972541/,BÀI TOÁN MỚI CỦA THẾ HỆ SỐNG THỌ Inbox 📥 để được tư vấn,0,0,0,0,0,,,0,0,0,0,0,0/0 (0%),Normal,
953,Cộng đồng Tư vấn viên bảo hiểm,https://www.facebook.com/groups/congdongtuvanvienbaohiem/posts/28710063271939407/,Và nhớ mua bảo hiểm cho bé yêu nữa nha. #Theodoi fb bác Hà để biết nhiều thông tin không bỏ sót quyền lợi của #mebim em bé nhé❤️,0,0,0,0,0,,,0,0,0,0,0,0/0 (0%),Normal,
954,Cộng đồng Tư vấn viên bảo hiểm,https://www.facebook.com/groups/congdongtuvanvienbaohiem/posts/28710556201890114/,"🎁 **TẶNG QUÀ – TRAO GIÁ TRỊ, GẮN DẤU ẤN THƯƠNG HIỆU DOANH NGHIỆP** ✨ Bình dung tích 500ML, Inox 316 🎨 In logo / thiết kế theo yêu cầu ⚡ UV / Laser 📦 Nhận đơn từ số lượng nhỏ đến hàng nghìn sản phẩm 🧾 Hỗ trợ xuất hóa đơn Phù hợp làm quà tặng khách hàng – nhân viên – đối tác – sự kiện – hội nghị – chương trình tri ân. 📞 **Zalo/Hotline: 0906 742 246 để được báo giá chi tiết nhé!** 📍 LK5-12 Đường D2 Mystery Villa, P. Bình Trưng Tây, Thủ Đức, TP.HCM",0,0,0,0,0,,,0,0,0,0,0,0/0 (0%),Normal,
955,Cộng đồng Tư vấn viên bảo hiểm,https://www.facebook.com/groups/congdongtuvanvienbaohiem/posts/28712312008381200/,"Cuộc sống nếu ko phải nói 2 từ “giá như” thì tốt biết mấy😌😌😌 Trong hành trình làm bảo hiểm, có 2 trường hợp khiến em cảm thấy tiếc nhất: 1 là khách hàng gặp biến cố sức khoẻ nhưng là bệnh bẩm sinh không được chi trả, 2 là khách hàng khi biết mình có bệnh rồi mới tìm đến bảo hiểm để tham gia🥺🥺🥺 Và tháng này em gặp cả em gặp cả 2 trường hợp đó luôn mới buồn chứ🥹🥹🥹 Em vẫn hỗ trợ nhiệt tình để cố gắng tham gia cho khách hàng dù là bị áp phí phụ trội hoặc loại trừ quyền lợi nào đó, nhưng thật đáng tiếc với list bệnh dày đặc mà khách hàng mới khám sức khoẻ định kỳ xong thì ko thể mua thêm thẻ sức khoẻ cho khách😌 Khi một ai đó từ chối ko tham gia bảo hiểm nghĩ rằng mình đúng, họ cười hả hê nghĩ rằng “mình giỏi, mình ko bị lừa” - ok bạn từ chối bảo hiểm thì được. Nhưng… nếu một ngày BẢO HIỂM TỪ CHỐI bạn thì đó thực sự là điều rất đáng ngại. Vì khi đó sức khoẻ của bạn đã thực sự có vấn đề và bạn sẽ phải đối mặt với những nan giải trong cuộc sống đó là: sức khoẻ giảm sút, tiền bạc chi tiêu, tiền bạc khám chữa bệnh và cả khoản bù đắp thu nhập nếu bạn ko may ko thể đi làm nữa… 😌 Vậy cho nên nếu là người biết lo xa hãy nghiêm túc suy nghĩ đến việc có nên dự phòng cho mình 1 hợp đồng bảo hiểm hay ko? Có nên uỷ thác những rủi ro của mình cho bảo hiểm hay ko? Đừng để đến sau này lại phải mang tất cả những tài sản mình đã tích luỹ bấy lâu để trả cho bài toán VIỆN PHÍ💜💜💜 Nếu cần tìm hiểu đừng ngại nhắn tin cho em Liệu nhé! Em Liệu có hơn 7 năm kinh nghiệm hỗ trợ khách hàng giải quyết quyền lợi bảo hiểm. Thuộc Top 10% tư vấn viên xuất sắc nhất toàn cầu MDRT 2025. Sao Việt Bạch Kim của Bảo Việt Nhân Thọ 2025❤️❤️❤️ #baohiemnhantho #giaiquyetquyenloi #thesuckhoe #namvien #baovietnhantho #Lieubaoviet",0,0,0,0,0,,,0,0,0,0,0,0/0 (0%),Normal,
956,Cộng đồng Tư vấn viên bảo hiểm,https://www.facebook.com/groups/congdongtuvanvienbaohiem/posts/28712508805028187/,Cmt tỷ lệ chốt HĐ của ACE nhé Có phải nghề tư vấn dựa trên xác xuất số KH tư vấn ko nhỉ?,10,10,0,0,7,unknown,Spam,1,1,1,2,0,1/3 (33.3%),Normal,
957,Cộng đồng Tư vấn viên bảo hiểm,https://www.facebook.com/groups/congdongtuvanvienbaohiem/posts/28713962838216117/,"💙 THẺ SỨC KHỎE DAI-ICHI LIFE – CHỦ ĐỘNG BẢO VỆ SỨC KHỎE CHO CẢ GIA ĐÌNH 💙 Sức khỏe là tài sản quý giá nhất, nhưng chi phí y tế ngày càng tăng khiến nhiều gia đình cần một kế hoạch dự phòng dài hạn. Với thẻ sức khỏe Dai-ichi Life, khách hàng có thể an tâm hơn với: ✅ Tự động tái tục hằng năm – duy trì bảo vệ lâu dài ✅ Không tăng phí dù sử dụng quyền lợi, đi viện nhiều hoặc bồi thường nhiều ✅ Phạm vi chi trả toàn cầu ✅ Hỗ trợ điều trị nhiều vấn đề sức khỏe theo điều kiện sản phẩm như bệnh bẩm sinh, xương khớp… Quyền lợi đa dạng từ cơ bản đến cao cấp: 🏥 Nội trú lên đến 2 tỷ đồng/bệnh 🏥 Tiền giường lên đến 6 triệu/ngày 🏥 Phẫu thuật lên đến 125 triệu/ca 🏥 Điều trị ung thư lên đến 2 tỷ đồng 🩺 Ngoại trú lên đến 25 triệu/năm Dù là em bé, người trẻ hay cha mẹ lớn tuổi, mỗi giai đoạn cuộc sống đều cần một phương án bảo vệ phù hợp ❤️ Vy hỗ trợ tư vấn và phân tích từng gói theo: ✔️ Độ tuổi ✔️ Nhu cầu sử dụng bệnh viện ✔️ Ngân sách gia đình 📩 Nhắn Vy để nhận bảng quyền lợi chi tiết và lựa chọn giải pháp phù hợp nhé. 📲 Hoàng Vy Bảo Hiểm – 0767 1343 86 #TheSucKhoeDaiichi #BaoHiemSucKhoe #BaoVeGiaDinh #HoangVyBaoHiem",0,0,0,0,0,,,0,0,0,0,0,0/0 (0%),Normal,
958,Cộng đồng Tư vấn viên bảo hiểm,https://www.facebook.com/groups/congdongtuvanvienbaohiem/posts/28715952651350469/,"📍𝟏2 𝐭𝐫𝐢𝐞̣̂𝐮 𝐤𝐡𝐨̂𝐧𝐠 𝐦𝐮𝐚 đ𝐮̛𝐨̛̣𝐜 𝐜𝐡𝐢̉ 𝐯𝐚̀𝐧𝐠 – 𝐧𝐡𝐮̛𝐧𝐠 𝟏2 𝐭𝐫𝐢𝐞̣̂𝐮 𝐦𝐮𝐚 đ𝐮̛𝐨̛̣𝐜 𝐜𝐚̉ 𝐬𝐮̛̣ 𝐚𝐧 𝐭𝐚̂𝐦 𝐜𝐡𝐨 𝐜𝐨𝐧 𝐬𝐮𝐨̂́𝐭 𝟑𝟔𝟓 𝐧𝐠𝐚̀𝐲! 🎁 𝑪𝒉𝒊̉ 𝒗𝒐̛́𝒊 12 𝒕𝒓𝒊𝒆̣̂𝒖/𝒏𝒂̆𝒎, 𝒃𝒐̂́ 𝒎𝒆̣ đ𝒂̃ 𝒄𝒐́ 𝒕𝒉𝒆̂̉: (Bảng minh hoạ áp dụng cho bé từ 0 tuổi trở lên) 1️⃣ Trang bị gói bảo hiểm sức khỏe nâng cao cho con yêu: 👉 Thẻ sức khỏe nội trú: hạn mức 200tr mỗi năm. 2️⃣ Quỹ tiết kiệm tích lũy cho con khi khôn lớn – hành trang tài chính vững chắc cho tương lai bé ✅ Thủ tục bồi thường đơn giản, xử lý nhanh ✅ 0 ngày chờ với tai nạn – bảo vệ ngay lập tức 💡 Đừng chờ đến khi con ốm mới nghĩ tới bảo hiểm – đầu tư nhỏ hôm nay, an tâm dài lâu cho cả hành trình lớn khôn của bé! ________________________ ☎️ Phone: 0963 031 384 🌟 Zalo: 0963 031 384 #baohiemnhantho #ngocucbaohiem #baohiemsuckhoe #BảoVệGiaĐình #baohiem #baohiemnhantho #prudential Tuyển CTV - Đại Lý toàn quốc.",1,1,0,0,1,unknown,Tieu cuc,0,0,1,0,1 | Tinh cty pru dc moi la do,1/1 (100.0%),Following,
959,Cộng đồng Tư vấn viên bảo hiểm,https://www.facebook.com/groups/congdongtuvanvienbaohiem/posts/28722193107393090/,"# **🔥 CHUBB LIFE TÌM ĐỒNG ĐỘI SALES – SẴN SÀNG BỨT PHÁ THU NHẬP 🔥** Nếu bạn đang tìm một công việc có lương cứng, có KPI, có hoa hồng và càng nỗ lực càng có thêm thu nhập → thử về team CHUBB LIFE nhé! 🚀 Không yêu cầu bạn phải quá giỏi ngay từ đầu. Chỉ cần giao tiếp tốt – chủ động – chịu học hỏi, team sẽ đồng hành cùng bạn. 💼 Vị trí: Nhân viên Kinh doanh 💰 Thu nhập: Lương cứng + KPI + thưởng kinh doanh + hoa hồng 📍 Địa điểm: Tầng 9, Geleximco, 36 Hoàng Cầu, Hà Nội ⏰ Thời gian: Thứ 2 – Thứ 6 | 09:00 – 17:00 🌿 Nghỉ: Thứ 7 & Chủ nhật ✨ Bạn sẽ phụ trách: → Tìm kiếm và tư vấn khách hàng về các giải pháp tài chính/bảo hiểm → Chủ động xây dựng, duy trì và mở rộng mối quan hệ với khách hàng → Chăm sóc khách hàng trước – trong – sau hợp đồng → Phối hợp cùng team hoàn thành mục tiêu kinh doanh 🎯 CHUBB LIFE tìm kiếm bạn nếu: • Giao tiếp tự tin, năng động • Có tinh thần cầu tiến • Không ngại KPI, không ngại thử thách • Có kinh nghiệm Sales là lợi thế 💡 Chưa có kinh nghiệm? Không sao! Quan trọng là bạn có tinh thần học hỏi, phần còn lại team sẽ hướng dẫn. 📩 Inbox/Call 0946198580 để nhận JD và lịch phỏng vấn nhé!",4,4,0,0,0,,,0,0,0,0,0,0/0 (0%),Normal,
960,Cộng đồng Tư vấn viên bảo hiểm,https://www.facebook.com/groups/congdongtuvanvienbaohiem/posts/28725043307108070/,,0,0,0,0,0,,,0,0,0,0,0,0/0 (0%),Normal,
961,Cộng đồng Tư vấn viên bảo hiểm,https://www.facebook.com/groups/congdongtuvanvienbaohiem/posts/28725109070434827/,"Hỏi đáp: Vf7 “ tập đua “ bị cháy có được bảo hiểm không ??? +Có được bảo hiểm ❤️ Nếu chủ xe tham gia BH thân vỏ , xe bị tai nạn ( sập vào đá ) dẫn đến thủng pin ,BH có bồi thường Pin cả khi Pin tổn thất riêng . 🩹 Pin của xe điện gây nhiều tranh cãi , đặc biệt khi tai nạn vì pin xe có giá trị cao nhưng ở vị trí rất dễ tổn thất nếu đi vào đường nhiều ổ gà , ổ voi🧄 Chỉ 1 vết rách , thủng hay móp nhỏ cũng phải thay toàn bộ khối pin hoặc ít nhất là vỏ pin , chi phí cao và thời gian thay thế lâu hơn những bộ phận khác của xe.🤘 TNDS 5 chỗ biển trắng 279k BH Quân Đội MIC có bảo hiểm pin cả khi pin tổn thất riêng 0968.729.615 ZL Em để lấy mẫu hợp đồng ạ",2,2,0,0,2,unknown,Spam,0,0,0,2,0,0/0 (0%),Normal,
962,Cộng đồng Tư vấn viên bảo hiểm,https://www.facebook.com/groups/congdongtuvanvienbaohiem/posts/28726450130300721/,"Vừa về tới Quảng Nam, chốt ngay 2 hợp đồng mới – 41 triệu FYP ❤️ Những ngày đi học xa, lòng Kỳ nhiều trăn trở khi có khách hàng đã liên hệ tư vấn nhưng chưa kịp ký thì không may phát bệnh, nhập viện và trở nặng. Qua đó càng thấy bảo hiểm cần nhất khi chúng ta còn khỏe. Về đến Quảng Nam, Kỳ tranh thủ thăm khách hàng, thăm bệnh nhân, xử lý hồ sơ và tiếp tục đồng hành cùng mọi người. 🇸🇬 Chuyến Singapore lần này Kỳ cũng mang về dầu gió xanh nội địa Singapore làm quà, ai thích Kỳ gửi tặng kèm bánh Trung Thu nhé! 🎁 🙏 Cảm ơn khách hàng đã luôn tin tưởng và trao cho Kỳ cơ hội được đồng hành. Chúc mọi người thật nhiều sức khỏe, bình an, hạnh phúc và một mùa Tết Đoàn Viên thật ấm áp, sum vầy! 🌕❤️ @nêu bật #BHNTAIA #chamsockhachhang #chitraquyenloibaohiem #chuyenvientuvantaichinh #mdrtdinhthanhky",0,0,0,0,0,,,0,0,0,0,0,0/0 (0%),Normal,
963,Cộng đồng Tư vấn viên bảo hiểm,https://www.facebook.com/groups/congdongtuvanvienbaohiem/posts/28726828953596172/,Hồ Chí Mình. Mình không có xe hơi nên muốn pass voucher MIC cho ai có nhu cầu 1tr. Cảm ơn admin đã duyệt bài,3,3,0,0,0,,,0,0,0,0,0,0/0 (0%),Normal,
964,Cộng đồng Tư vấn viên bảo hiểm,https://www.facebook.com/groups/congdongtuvanvienbaohiem/posts/28727755053503562/,"Ca Chi trả khám thai nhanh gọn, chi trả gần như 100% chi phí khám❤️ mẹ chỉ bù có 130k thui nhen 🤰 THAI SẢN DAI-ICHI 👇👇 💗 Đặc biệt, với các mom lo rằng chưa kịp sinh trong năm đầu, gói thai sản vẫn có cam kết tái tục theo quy định của sản phẩm. 👉 Các mom chọn sinh quốc tế cũng rất đáng lựa chọn 👉 Hoặc các mom đang có Hợp đồng tại Dai-ichi Life và muốn tìm hiểu thêm quyền lợi thai sản. Mẹ nào đang có kế hoạch sinh em bé và muốn biết cụ thể: • ⏰ Thời gian chờ bao lâu? • 👶 Quyền lợi sinh con được chi trả thế nào? • 💰 Mức phí bao nhiêu là phù hợp? 📲 Zalo: 0939.712.105 Mình tư vấn cụ thể theo nhu cầu và kế hoạch của từng mom nhé! 💕 #thuyhangbaohiem #baohiemthaisan #thaisandaiichi #ivf #sinhcon",0,0,0,0,0,,,0,0,0,0,0,0/0 (0%),Normal,
965,Cộng đồng Tư vấn viên bảo hiểm,https://www.facebook.com/groups/congdongtuvanvienbaohiem/posts/28728706246741776/,"# **🔥 CHUBB LIFE TÌM ĐỒNG ĐỘI SALES – SẴN SÀNG BỨT PHÁ THU NHẬP 🔥** Nếu bạn đang tìm một công việc có lương cứng, có KPI, có hoa hồng và càng nỗ lực càng có thêm thu nhập → thử về team CHUBB LIFE nhé! 🚀 Không yêu cầu bạn phải quá giỏi ngay từ đầu. Chỉ cần giao tiếp tốt – chủ động – chịu học hỏi, team sẽ đồng hành cùng bạn. 💼 Vị trí: Nhân viên Kinh doanh 💰 Thu nhập: Lương cứng + KPI + thưởng kinh doanh + hoa hồng 📍 Địa điểm: Tầng 9, Geleximco, 36 Hoàng Cầu, Hà Nội ⏰ Thời gian: Thứ 2 – Thứ 6 | 09:00 – 17:00 🌿 Nghỉ: Thứ 7 & Chủ nhật ✨ Bạn sẽ phụ trách: → Tìm kiếm và tư vấn khách hàng về các giải pháp tài chính/bảo hiểm → Chủ động xây dựng, duy trì và mở rộng mối quan hệ với khách hàng → Chăm sóc khách hàng trước – trong – sau hợp đồng → Phối hợp cùng team hoàn thành mục tiêu kinh doanh 🎯 CHUBB LIFE tìm kiếm bạn nếu: • Giao tiếp tự tin, năng động • Có tinh thần cầu tiến • Không ngại KPI, không ngại thử thách • Có kinh nghiệm Sales là lợi thế 💡 Chưa có kinh nghiệm? Không sao! Quan trọng là bạn có tinh thần học hỏi, phần còn lại team sẽ hướng dẫn. 📩 Inbox/Call 0946198580 để nhận JD và lịch phỏng vấn nhé!",0,0,0,0,0,,,0,0,0,0,0,0/0 (0%),Normal,
966,Cộng đồng Tư vấn viên bảo hiểm,https://www.facebook.com/groups/congdongtuvanvienbaohiem/posts/28728765993402468/,"Trên đời này có lẽ có 2 loại trách nhiệm: Trách nhiệm với người sinh ra mình và với người mình sinh ra. Bất kỳ người làm cha mẹ nào cũng mong muốn con mình sinh ra được khỏe mạnh, học hành thành đạt và có cuộc sống hạnh phúc. Đồng thời họ sẵn sàng làm đủ mọi việc, sẵn sàng hi sinh nhiều thứ để mong cho con có được những điều đó. Và phần đa ai cũng nghĩ mình cứ nỗ lực đi làm mỗi ngày để đem tiền về lo cho gia đình, bảo vệ gia đình nhỏ của mình. Nhưng có 1 điều mà không ông bố bà mẹ nào khẳng định được là mình luôn luôn mạnh khỏe để đi làm và lo cho con trọn vẹn đến tuổi trưởng thành??? Và để giải quyết được nhu cầu đó thì Bảo hiểm nhân thọ là giải pháp tối ưu nhất giúp cho những ông bố, bà mẹ đảm bảo được trách nhiệm, thực hiện được mọi lời hứa về tình yêu thương trọn vẹn với con mình cho dù có những biến cố lớn có thể ập đến với chúng ta ở thời điểm nào đó không biết trước. Để rồi BH là giải pháp đảm bảo, thay thế nguồn thu nhập của người trụ cột, giúp cho tương lai của các con luôn được tươi sáng vì sự chuẩn bị chu toàn của người cha, người mẹ. Mỗi giải pháp được trao đi không chỉ là một hợp đồng bảo hiểm mà là con số được cam kết đảm bảo chi trả mọi hóa đơn cho con đến tuổi trưởng thành. Đó là tình yêu được cam kết, tình yêu được tính toán chu toàn trọn vẹn thông qua giải pháp mang tên: Bảo hiểm nhân thọ. Ps: Hãy gọi cho cô Hương để được tính toán con số TRÁCH NHIỆM, TÌNH YÊU của bạn nhé!!! 📞 094 9339 486 #Hanwhalife #OA #UnifyLegacy #Lê_Hương",3,3,0,0,0,,,0,0,0,0,0,0/0 (0%),Normal,
967,Cộng đồng Tư vấn viên bảo hiểm,https://www.facebook.com/groups/congdongtuvanvienbaohiem/posts/28734388176173583/,"🏥 Có những khoản tiền chỉ thấy tiếc khi mình phải dùng đến… Nằm viện vài ngày, tiền viện phí đã tốn 💸, chưa kể công việc phải nghỉ, thu nhập cũng bị ảnh hưởng. Có khi một lần nằm viện lại khiến mình mất nhiều hơn mình nghĩ. Vậy nên, mình đang hỗ trợ một gói bảo hiểm nằm viện của GIC có trợ cấp lên đến 800.000đ/ngày nằm viện, phí chỉ từ 310.000đ/năm. 🛡️ Một khoản nhỏ để chủ động hơn nếu chẳng may phải nằm viện. 📞 Ai đang quan tâm, gọi mình: Minh – O9112O2316 Mình tư vấn cụ thể, thấy phù hợp thì tham gia ạ.",0,0,0,0,0,,,0,0,0,0,0,0/0 (0%),Normal,
968,Cộng đồng Tư vấn viên bảo hiểm,https://www.facebook.com/groups/congdongtuvanvienbaohiem/posts/28734954029450331/,Chúc anh Lương ngày mới luôn mạnh khoẻ,0,0,0,0,0,,,0,0,0,0,0,0/0 (0%),Normal,
969,Cộng đồng Tư vấn viên bảo hiểm,https://www.facebook.com/groups/congdongtuvanvienbaohiem/posts/28735684736043927/,"💼 [HANWHA LIFE GA28] TÌM KIẾM ĐỒNG ĐỘI VỊ TRÍ CHUYÊN VIÊN TƯ VẤN TÀI CHÍNH (FC) Bạn muốn phát triển sự nghiệp trong môi trường tài chính chuyên nghiệp, chủ động quỹ thời gian và đạt mức thu nhập xứng đáng với năng lực? Hãy gia nhập Hanwha Life GA28 – Văn phòng Tổng Đại lý trực thuộc Hanwha Life Việt Nam (Thành viên Tập đoàn Hanwha – Top 10 Tập đoàn kinh tế lớn nhất Hàn Quốc). 📍 Địa điểm làm việc: Tầng 14, Tòa nhà Park IX, Số 08 Phan Đình Giót, Phường Tân Sơn Hòa, TP.HCM. ⏰ Thời gian làm việc: 8:30 – 17:30 (Thứ Hai – Thứ Sáu). ✨ QUYỀN LỢI VÀ ĐÃI NGỘ Mức thu nhập hấp dẫn: 15.000.000 – 40.000.000+ VNĐ/tháng (Đánh giá và nâng mức thu nhập theo hiệu suất thực tế). Cơ chế thưởng đa dạng: Hoa hồng trực tiếp + Thưởng kinh doanh định kỳ (Tháng/Quý/Năm) + Chương trình thi đua du lịch trong và ngoài nước. Đào tạo bài bản: Được tài trợ 100% chi phí tham gia khóa đào tạo chứng chỉ BFC từ Bộ Tài chính và các khóa học kỹ năng tư vấn, quản trị tài chính thực chiến. Lộ trình phát triển: Lộ trình thăng tiến rõ ràng, minh bạch lên các vị trí Quản lý kinh doanh (Unit Manager / District Manager). 🎯 MÔ TẢ CÔNG VIỆC Khảo sát nhu cầu và hoạch định giải pháp bảo vệ tài chính, tích lũy, đầu tư phù hợp cho từng đối tượng khách hàng. Chủ động mở rộng tệp khách hàng cá nhân và doanh nghiệp. Duy trì mối quan hệ và chăm sóc khách hàng trước, trong và sau ký kết hợp đồng. Tham gia các chương trình đào tạo nâng cao kỹ năng chuyên môn do Tập đoàn tổ chức. 👤 YÊU CẦU ỨNG VIÊN Ưu tiên các ứng viên có từ 01 năm kinh nghiệm trong lĩnh vực Sales, Tư vấn, Ngân hàng, Bất động sản, CSKH. Sẵn sàng tiếp nhận ứng viên trái ngành có tinh thần học hỏi, thái độ nghiêm túc và định hướng phát triển sự nghiệp lâu dài. Kỹ năng giao tiếp tự tin, có mục tiêu rõ ràng và trách nhiệm với công việc. 🚀 CÁCH THỨC ỨNG TUYỂN Ứng viên quan tâm vui lòng gửi hồ sơ về: Email tiếp nhận CV: thngan480@gmail.com (Tiêu đề: FC - Họ và Tên) Hotline/Zalo trực tiếp: 0374234636 (Ms. Thảo Ngân) #HanwhaLife #HanwhaLifeGA28 #TuyendungFC #ChuyenVienTuVanTaiChinh #TuyendungHCM #ViecLamTanBinh #SalesTaiChinh",2,2,0,0,0,,,0,0,0,0,0,0/0 (0%),Normal,
970,Cộng đồng Tư vấn viên bảo hiểm,https://www.facebook.com/groups/congdongtuvanvienbaohiem/posts/28735869326025468/,"## TUYỂN NHÂN VIÊN SALE ## GỬI CV - ĐẾN PHỎNG VẤN - NHẬN VIỆC LUÔN * Địa chỉ: T10 Tòa Trico 548 Nguyễn Văn Cừ, Bồ Đề, HN * Công việc: Tiếp nhận data từ Marketing Tư vấn theo nhu cầu & quyền lợi KH Care khách trước và sau khi chốt HĐ * Yêu cầu: Có kn sale Biết tư vấn, đàm phán, chốt hợp đồng * Thu nhập 8-20tr/tháng (có thể deal LC theo năng lực) Đóng BHXH, BHYT, BHTN đầy đủ khi lên chính thức Thời gian làm việc: từ T2 đến sáng T7; 8h30 đến 17h30; nghỉ trưa 12h - 13h30 * LH: 0332 019 383",1,1,0,0,4,unknown,Spam,0,0,0,4,0,0/0 (0%),Normal,
971,Cộng đồng Tư vấn viên bảo hiểm,https://www.facebook.com/groups/congdongtuvanvienbaohiem/posts/28736186179327116/,"🎁 TẶNG QUÀ DOANH NGHIỆP🔥 ✨ Bình dung tích 500ML, Inox 316 🎨 In logo / thiết kế theo yêu cầu ⚡ UV / Laser 📦 Nhận đơn từ số lượng nhỏ đến hàng nghìn sản phẩm 🧾 Hỗ trợ xuất hóa đơn Phù hợp làm quà tặng khách hàng – nhân viên – đối tác – sự kiện – hội nghị – chương trình tri ân. 📞 Zalo/Hotline: 0906 742 246 để được báo giá chi tiết nhé! 📍 LK5-12 Đường D2 Mystery Villa, P. Bình Trưng Tây, Thủ Đức, TP.HCM",0,0,0,0,0,,,0,0,0,0,0,0/0 (0%),Normal,
972,Cộng đồng Tư vấn viên bảo hiểm,https://www.facebook.com/groups/congdongtuvanvienbaohiem/posts/28736361145976286/,"# **🌟 CHUBB LIFE HOÀNG CẦU – TÌM ĐỒNG ĐỘI MỚI 🌟** Bạn đang tìm kiếm một môi trường chuyên nghiệp – thân thiện – nhiều cơ hội phát triển? 💙 Có thể chúng ta đang tìm kiếm nhau! CHUBB LIFE HOÀNG CẦU đang tuyển dụng các vị trí kinh doanh 📌 VỊ TRÍ TUYỂN DỤNG 🔹 Nhân viên Kinh doanh 🔹 Trợ lý Kinh doanh 🎯 QUYỀN LỢI ✨ Lương cứng + Thưởng kinh doanh không giới hạn ✨ Được đào tạo nghiệp vụ & kỹ năng Sales ✨ Môi trường trẻ, năng động, đồng đội hỗ trợ nhau ✨ Cơ hội phát triển lên các vị trí Leader 📩 ỨNG TUYỂN NGAY Gửi CV về: minhfuong.chubb@gmail.com 📞 Liên hệ: 0946.198.580 📍 Địa điểm làm việc: Tầng 9, Geleximco, 36 Hoàng Cầu, Hà Nội",0,0,0,0,0,,,0,0,0,0,0,0/0 (0%),Normal,
973,Cộng đồng Tư vấn viên bảo hiểm,https://www.facebook.com/groups/congdongtuvanvienbaohiem/posts/28736419092637158/,"🎉 TIN VUI ĐẦU TUẦN - CHÚC MỪNG KHÁCH HÀNG SỞ HỮU THÀNH CÔNG TẤM KHIÊN BẢO VỆ VỮNG CHẮC! 🎉 Khởi đầu tuần mới không thể tuyệt vời hơn khi nhận được thông báo phát hành hợp đồng từ công ty. Hợp đồng của khách hàng được Bảo canh nộp vào đúng ngày siêu đẹp 9/9 (Trùng Cửu) – mang ý nghĩa cho sự vĩnh cửu, bền bỉ và vững chắc trọn đời cùng Generali. Nhưng đằng sau niềm vui chốt hợp đồng, có những câu chuyện chuyên môn mà Bảo muốn chia sẻ để mọi người hiểu hơn về giá trị thực sự của bảo hiểm: ✨ NGUYÊN TẮC: ""KÊ KHAI ĐÚNG - ĐỦ - TRUNG THỰC"" Khách hàng có tiền sử bệnh lý. Thường thì khi có bệnh nền, tâm lý chung của mọi người là rất e ngại hồ sơ sẽ bị loại trừ quyền lợi hoặc khó được chấp thuận. Tuy nhiên, Bảo luôn kiên định với nguyên tắc đồng hành cùng khách hàng kê khai y tế một cách trung thực, chi tiết và không bỏ sót bất kỳ thông tin nào. Nhờ sự kỹ lưỡng trong kinh nghiệm xử lý hồ sơ của Bảo, cùng với sự thấu hiểu, công tâm và ưu ái từ bộ phận Thẩm định của Generali, hợp đồng đã được PHÁT HÀNH ""SẠCH"" – hoàn toàn không có bất kỳ điều khoản loại trừ nào! Khách hàng được bảo vệ trọn vẹn quyền lợi. ⏳ ĐẶC QUYỀN THỜI GIAN CHỜ CHỈ CÓ TẠI GENERALI Thêm một điểm cộng cực kỳ lớn khiến Bảo và khách hàng luôn an tâm lựa chọn Generali: Thời gian chờ được tính từ ngay ngày khách hàng nộp hồ sơ (9/9), chứ không phải đợi đến tận hôm nay (14/9) khi hợp đồng phát hành mới bắt đầu tính! Cụ thể, quyền lợi của khách hàng đã bắt đầu đếm ngược thời gian chờ ngay từ lúc xuống tiền: 🔹 0 ngày chờ đối với Tai nạn. 🔹 30 ngày chờ đối với Bệnh thông thường. 🔹 90 ngày chờ đối với Bệnh đặc biệt. 💡 Góc nhìn từ Bảo: Bảo hiểm không sợ khách hàng từng có bệnh, chỉ sợ chúng ta không kê khai đầy đủ. Hãy cứ an tâm vì đã có Bảo ở đây, dùng sự tận tâm và chuyên môn để bảo vệ tối đa quyền lợi chính đáng cho gia đình bạn! ❤️ Cảm ơn chị đã đặt trọn niềm tin vào Bảo và Generali Việt Nam! 🫶 #baohiemsuckhoe #baohiemnhantho #GeneraliVietnam #trumboithuong",0,0,0,0,0,,,0,0,0,0,0,0/0 (0%),Normal,
974,Cộng đồng Tư vấn viên bảo hiểm,https://www.facebook.com/groups/congdongtuvanvienbaohiem/posts/28736700162609051/,"[ TUYỂN DỤNG CHUBB ] TÌM CỘNG SỰ CÙNG XÂY DỰNG TEAM Team mình đang cần Bạn ở các vị trí với quyền lợi tuyệt vời từ Chubb Life. 🌎 Tuổi của Bạn: chỉ cần từ đủ 18 tuổi trở lên. 🌎 Các Vị trí cụ thể: ✅ Trợ lý Tuyển dụng _ HR: Tuổi từ 18 - 35 tuổi. ✅ Đại diện Kinh doanh _ AR: Tuổi từ 22 - 55 tuổi 🌻 Đặc quyền: 👆 Tham gia đường đua Chubbstar: kế hoạch nghỉ hưu từ 8.000 USD sau 5 năm công tác. Tham gia CLB Champion Hubb: hỗ trợ thu nhập từ 3.000.000 vnđ/ tháng. Tham gia các Workshop đào tạo kỹ năng, Workshop kinh doanh, khóa huấn luyện dã ngoại,... MIỄN PHÍ. ...... ✅ Quản lý Kinh doanh _ AL: 🌻 Đặc quyền vị trí AR 🌻 Quyền lợi Hỗ trợ Tài chính Kinh doanh ĐẶC BIỆT suốt 12 tháng kinh doanh cùng Chubb. ☎ Liên hệ: 0334.774.431 💼 Gmail: gửi CV về mail Phanthanhtruc.chubblife@gmail.com #Chubblife #MDRT2024 #21NămTưVấnTàiChínhToànTâm",1,1,0,0,0,,,0,0,0,0,0,0/0 (0%),Normal,
975,Cộng đồng Tư vấn viên bảo hiểm,https://www.facebook.com/groups/congdongtuvanvienbaohiem/posts/28736779645934436/,"Em sẵn kho mẫu bình 500ml, số lượng có hạn nhé 😮Thích hợp cho doanh nghiệp làm quà tặng 😮Nhận in ấn theo yêu cầu 😮Có xuất hoá đơn Liên hệ/ zalo: 0906742246❤️🔥",0,0,0,0,0,,,0,0,0,0,0,0/0 (0%),Normal,
976,Cộng đồng Tư vấn viên bảo hiểm,https://www.facebook.com/groups/congdongtuvanvienbaohiem/posts/28737307612548306/,"# **🌟 CHUBB LIFE HOÀNG CẦU – TÌM ĐỒNG ĐỘI MỚI 🌟** Bạn đang tìm kiếm một môi trường chuyên nghiệp – thân thiện – nhiều cơ hội phát triển? 💙 Có thể chúng ta đang tìm kiếm nhau! CHUBB LIFE HOÀNG CẦU đang tuyển dụng các vị trí kinh doanh 📌 VỊ TRÍ TUYỂN DỤNG 🔹 Nhân viên Kinh doanh 🔹 Trợ lý Kinh doanh 🎯 QUYỀN LỢI ✨ Lương cứng + Thưởng kinh doanh không giới hạn ✨ Được đào tạo nghiệp vụ & kỹ năng Sales ✨ Môi trường trẻ, năng động, đồng đội hỗ trợ nhau ✨ Cơ hội phát triển lên các vị trí Leader 📩 ỨNG TUYỂN NGAY Gửi CV về: minhfuong.chubb@gmail.com 📞 Liên hệ: 0946.198.580 📍 Địa điểm làm việc: Tầng 9, Geleximco, 36 Hoàng Cầu, Hà Nội",1,1,0,0,0,,,0,0,0,0,0,0/0 (0%),Normal,
977,Cộng đồng Tư vấn viên bảo hiểm,https://www.facebook.com/groups/congdongtuvanvienbaohiem/posts/28737685462510521/,🛡️ BẢO VIỆT AN KHANG – BẢO VỆ SỨC KHỎE TOÀN DIỆN 💜 🏥 Quyền lợi nổi bật: ✔️ Nằm viện: 2–10 triệu/ngày ✔️ Phẫu thuật: 40–200 triệu/năm ✔️ Ngoại trú: 6–15 triệu/năm ✔️ Nha khoa: 2–15 triệu/năm 💰 Phí chỉ từ 1.445.000đ/năm 🎁 Mua 2 người giảm 15% phí. 👩‍💼 Lang Thị Oanh – TPBank Bắc Thăng Long 📞 0369537236 📩 Nhắn tin ngay để được tư vấn chi tiết!,0,0,0,0,0,,,0,0,0,0,0,0/0 (0%),Normal,
978,Cộng đồng Tư vấn viên bảo hiểm,https://www.facebook.com/groups/congdongtuvanvienbaohiem/posts/28738444465767954/,"🥤 LY GIỮ NHIỆT 600ML – SẮP VỀ KHO CÁ VOI LAM 🔥 Mẫu ly mới với thiết kế hiện đại, dung tích 600ml tiện dụng – phù hợp sử dụng hằng ngày hoặc làm quà tặng doanh nghiệp. ✨ Dung tích: 600ml ✨ Chất liệu: Inox 304 ✨ Thiết kế tiện lợi, dễ mang theo ✨ Nhận in logo theo yêu cầu ✨ Phù hợp tặng khách hàng – nhân viên – đối tác – sự kiện 📦 Sắp về kho Cá Voi Lam – HCM 👉 Doanh nghiệp cần số lượng lớn có thể đặt trước để giữ hàng. 📞 Liên hệ/Zalo: 0906 742 246 để biết thêm chi tiết nhé! 📍 Địa chỉ: LK5-12 Đường D2, Bình Trưng Tây, Hồ Chí Minh.",0,0,0,0,0,,,0,0,0,0,0,0/0 (0%),Normal,
979,Cộng đồng Tư vấn viên bảo hiểm,https://www.facebook.com/groups/congdongtuvanvienbaohiem/posts/28738654839080250/,Cơ hội nghề nghiệp luôn tới với bạn,2,2,0,0,1,health,Spam,0,0,0,1,0,0/0 (0%),Normal,
980,Cộng đồng Tư vấn viên bảo hiểm,https://www.facebook.com/groups/congdongtuvanvienbaohiem/posts/28738737029072031/,"BẢO HIỂM BỒI THƯỜNG THIỆT HẠI VỀ NGƯỜI (대인배상 I · II) 1. TRƯỜNG HỢP ĐƯỢC BỒI THƯỜNG Bồi thường trách nhiệm pháp lý khi xe của bạn gây tai nạn làm người khác bị thương hoặc tử vong. 2. SỐ TIỀN BỒI THƯỜNG ■ Bồi thường về người I (대인배상 I) — Bảo hiểm bắt buộc (Bảo hiểm trách nhiệm dân sự bắt buộc theo luật đối với tất cả chủ xe) Tử vong: Bồi thường thiệt hại thực tế từ 20 triệu ~ 150 triệu won / người. Bị thương: Bồi thường theo cấp độ thương tật (Cấp 1 ~ 14), tối đa 500.000 ~ 30 triệu won. Thương tật vĩnh viễn (Di chứng): Bồi thường theo cấp độ tàn tật (Cấp 1 ~ 14), tối đa 10 triệu ~ 150 triệu won. ■ Bồi thường về người II (대인배상 II) — Bảo hiểm tự nguyện (Bồi thường phần vượt quá hạn mức của Bồi thường I, thường tham gia ở mức Vô hạn) Các khoản chi trả: Chi phí y tế/cứu hộ, tiền mai táng, tiền an ủi tinh thần, thu nhập bị mất do nghỉ việc điều trị, chi phí chăm sóc tại nhà. Lưu ý: Phải tham gia cùng với Bồi thường I. 3. LƯU Ý & MỨC PHẠT KHI KHÔNG THAM GIA Chủ xe không đóng bảo hiểm bắt buộc (Đại nhân I) hoặc để hết hạn sẽ bị xử phạt: Phạt tiền vi phạm hành chính (과태료): Tối đa 600.000 won (Xe cá nhân: 10 ngày đầu phạt 10.000 won, sau đó mỗi ngày cộng thêm 4.000 won). Lái xe khi không có bảo hiểm: Phạt tù dưới 1 năm hoặc phạt tiền đến 10 triệu won.",1,1,0,0,0,,,0,0,0,0,0,0/0 (0%),Normal,
981,Cộng đồng Tư vấn viên bảo hiểm,https://www.facebook.com/groups/congdongtuvanvienbaohiem/posts/28738820999063634/,"📚 ƯƠM MẦM TRI THỨC CHO HỌC SINH VÙNG BIÊN GIỚI LAI CHÂU ❤️ ✨ Mỗi cuốn sách là một người bạn, mở ra một thế giới mới và đồng hành cùng các em trên hành trình chinh phục tri thức. Ngày 12/9/2026, Quỹ Vì cuộc sống tươi đẹp của Dai-ichi Life Việt Nam đã khánh thành “Thư viện Hạnh phúc” tại Trường Tiểu học & THCS Sơn Bình, tỉnh Lai Châu, với tổng giá trị tài trợ 80 triệu đồng. 📖 Thư viện được cải tạo khang trang, bổ sung 700 đầu sách và truyện thiếu nhi, trong đó có gần 300 đầu sách về văn hóa, giáo dục và con người Nhật Bản. Qua từng trang sách, các em có thêm cơ hội mở rộng hiểu biết, nuôi dưỡng ước mơ và khám phá những chân trời mới. 🌱 Đây là “Thư viện Hạnh phúc” thứ 8 được hoàn thành trong dự án trao tặng 11 thư viện trường học trên toàn quốc năm 2026, với tổng kinh phí lên đến 880 triệu đồng. 💬 Ông Trần Đình Quân, Chủ tịch Hội đồng Thành viên Dai-ichi Life Việt Nam kiêm Chủ tịch Quỹ Vì cuộc sống tươi đẹp, chia sẻ: “Chúng tôi hy vọng ‘Thư viện Hạnh phúc’ sẽ trở thành nơi nuôi dưỡng tình yêu đọc sách, khơi dậy tinh thần hiếu học và mở ra những chân trời tri thức mới cho các em học sinh nơi đây.” ❤️ Gieo một hạt giống tri thức hôm nay – vun đắp một tương lai tươi sáng ngày mai. Cùng Dai-ichi Life Việt Nam lan tỏa những giá trị tốt đẹp, để mỗi em nhỏ dù ở nơi đâu cũng có cơ hội được học tập, khám phá và tự tin theo đuổi ước mơ của mình. 🌈📚 #DaiichiLifeVietnam #QuyViCuocSongTuoiDep #ThuVienHanhPhuc #UomMamTriThuc #LanToaYeuThuong",2,2,0,0,2,health,Spam,0,0,0,1,0,0/0 (0%),Normal,
982,Cộng đồng Tư vấn viên bảo hiểm,https://www.facebook.com/groups/congdongtuvanvienbaohiem/posts/28739338959011838/,"Hợp đồng bảo hiểm với mức phí 21 triệu/năm Kh tham gia từ năm 2020 vô tình trở thành ""chiếc phao cứu sinh"" duy nhất cho cả gia đình khi sóng gió ập đến. 👉Đến nay, Dai-ichi Life đã chi trả: 100% chi phí viện phí trong suốt quá trình điều trị. => 200.000.000 VNĐ – Quyền lợi Bệnh hiểm nghèo. => 1.050.000.000 VNĐ – Quyền lợi Thương tật toàn bộ vĩnh viễn. Khách hàng không may mắc bệnh tim và u tủy, dẫn đến liệt cả hai chân. 👉Không ai muốn đổi sức khỏe lấy tiền đền bù. Nhưng thực tế phũ phàng là bệnh tật không chọn tuổi tác và chẳng bao giờ báo trước. Vậy nên, các bạn trẻ khi bắt đầu đi làm, hãy nên chủ động tiết kiệm tham gia BH để bảo vệ bản thân và không làm gánh nặng cho gia đình nhé. Bởi thứ quý giá nhất của các bạn chính là sức khoẻ để tạo ra tài chính về sau 💕",0,0,0,0,2,health,Spam,0,0,0,1,0,0/0 (0%),Normal,
983,Cộng đồng Tư vấn viên bảo hiểm,https://www.facebook.com/groups/congdongtuvanvienbaohiem/posts/28739440655668335/,"Hôm nay em không bán hàng!!! Hôm nay TBH tặng voucher cho khách iu nhé☺️ VC giảm 40% BH TNDS Ô TÔ* VC giảm 30% BH TNDS Ô TÔ VC giảm 20% BH Tai nạn toàn cầu P2 VC giảm 05% THẺ SỨC KHOẺ* VC giảm 05% BH Vật chất xe ô tô Áp dụng đến hết tháng 9, khách hàng nhanh tay nhận voucher của tháng này nhé! KH có hợp đồng bảo hiểm tái tục trong tháng 10 mong muốn tái tục sớm ib em mình vẫn được áp dụng ạ! Ib em ngay nhé, zalo: 0383599191",1,1,0,0,1,health,Spam,0,0,0,1,0,0/0 (0%),Normal,
984,Cộng đồng Tư vấn viên bảo hiểm,https://www.facebook.com/groups/congdongtuvanvienbaohiem/posts/28740277525584648/,"BẢO HIỂM DU LỊCH NỘI ĐỊA PHÍ CHỈ BẰNG Ổ BÁNH MÌ! Bạn tin không? Nhân ngày mưa, nhận được tin KH hỏi bảo hiểm du lịch nội địa. Và em nhận thấy 1 điều: - KH băn khoăn mua ngắn ngày (đi 1 đến 2 ngày) không biết bên em Tứ có cấp không? Em trả lời là có nhé - Đi ít người (2 người hay 5 người chẳng hạn) có cấp không? Em trả lời: ít người em cũng cấp nhé - Trong danh sách có người nước ngoài, thì cần thêm thủ tục gì không? Em trả lời: không nhé ạ - Cuối cùng KH nghĩ phí cao hay sao? mà hỏi mức phí thấp nhất là bao nhiêu 1 người! 😄 Phí bảo hiểm trong nước siêu siêu thấp nhé Quý zị, chỉ từ 1k/ người thôi á? Bất ngờ chưa bà già? À nhầm bất ngờ chưa Quý zị? Và chốt lại KH em đều mua mức trách nhiệm cao nhất bên em cấp 300tr/ người. Phí có 30k/người ( đi từ 1 đến 10 người) thôi à 😂 Em Tứ vẫn ở đây và sẵn sàng tư vấn mọi câu hỏi, thắc mắc về BẢO HIỂM, từ ace hay Quý cq, cty nhé ạ ☎️ 0946 202 280 (call/zalo) #baohiem #baohiemdulich #baohiemdulichtrongnuoc #baohiemdulichnoidia #dulich #travel",0,0,0,0,0,,,0,0,0,0,0,0/0 (0%),Normal,
985,Cộng đồng Tư vấn viên bảo hiểm,https://www.facebook.com/groups/congdongtuvanvienbaohiem/posts/28742364748709259/,"Có những khoản tiền lớn không nhất thiết phải bắt đầu bằng thật nhiều tiền. Chỉ cần bắt đầu sớm — và đều đặn mỗi tháng. 🌱 🧡 MỘT THAY ĐỔI NHỎ TỪ ABBANK🕊️ 20 TRIỆU 👉 MỨC KHỞI ĐẦU + 2 TRIỆU/THÁNG 👉 Định kỳ tích lũy thêm từ 💚 TÍCH LŨY AN GIA Một khoản nhỏ hôm nay, để tương lai có thêm một lựa chọn tốt hơn. 🏡 Cho gia đình 👶 Cho con cái 💼 Cho những dự định của riêng mình",0,0,0,0,0,,,0,0,0,0,0,0/0 (0%),Normal,
986,ReView Bảo Hiểm Có Tâm,https://www.facebook.com/groups/1596589817017884/posts/28763381293245369/,"Đừng chủ quan nghĩ không cần đến, đừng vì bận vì quên mà bỏ qua. Lúc chi phí hàng trăm thì không thể có ngay để dùng ạ. Ít nhất hãy có 1 bảo hiểm gì đó, đầu tiên là BHYT găm bên mình mọi người nhé. Hãy kết bạn fb/zalo( 0396825707) với em để mua mọi loại BH nhé❤️",0,0,0,0,0,,,0,0,0,0,0,0/0 (0%),Normal,
987,ReView Bảo Hiểm Có Tâm,https://www.facebook.com/groups/1596589817017884/posts/28831792956404202/,"💙 BÉ NHẬP VIỆN 3 NGÀY – NHẬN CHI TRẢ HƠN 11 TRIỆU ĐỒNG 💙 Một ca thực tế khi bé được chẩn đoán RSV, phải nhập viện điều trị tại AIH. Chỉ sau khi hoàn tất hồ sơ, khách hàng nhận được 2 khoản chi trả, tổng cộng 11.096.710 đồng 🥰 ✨ Có thẻ sức khỏe, ba mẹ thêm một phần an tâm khi con chẳng may ốm bệnh: ✅ Hỗ trợ chi phí điều trị nội trú ✅ Hệ thống chi trả rộng ✅ Hỗ trợ giải quyết quyền lợi nhanh chóng ✅ Cam kết tái tục thẻ sức khỏe 👉 Bảo hiểm không làm bé ít bệnh hơn, nhưng giúp ba mẹ bớt áp lực tài chính khi con cần điều trị. Ba mẹ nào đang quan tâm bảo hiểm sức khỏe cho bé, cứ nhắn Châu để được tư vấn gói phù hợp nhé! 💌 ----------------------------- 𝐍𝐡𝐚̣̂𝐧 𝐭𝐮̛ 𝐯𝐚̂́𝐧 𝐠𝐢𝐚̉𝐢 𝐩𝐡𝐚́𝐩 𝐁𝐚̉𝐨 𝐇𝐢𝐞̂̉𝐦 𝐭𝐫𝐞̂𝐧 𝐭𝐨𝐚̀𝐧 𝐪𝐮𝐨̂́𝐜 𝙼𝚘̣𝚒 c𝚑𝚒 𝚝𝚒𝚎̂́𝚝 𝚡𝚒𝚗 𝚕𝚒𝚎̂𝚗 𝚑𝚎̣̂: Hồng Châu ☎️𝐇𝐨𝐭𝐥𝐢𝐧𝐞 0936532784 𝐓𝐮̛ 𝐕𝐚̂́𝐧 𝐓𝐚̣̂𝐧 𝐓𝐚̂𝐦 📧𝐄𝐦𝐚𝐢𝐥: vothihongchau1991@gmail.com #hongchaubaohiem #baohiemchitranhanh #hongchaubaohiemthaisan #thesuckhoechobe #baolanhvienphi #tuvanbaohiemuytin #baohiemchogiadinh #baohiemuytin #baohiemtotnhat #baohiemdaiichi #thesuckhoedivien0đ",0,0,0,0,0,,,0,0,0,0,0,0/0 (0%),Normal,
