CommentID,intent,sentiment,sentiment_score,crisis_level,crisis_reason,pain_points,content_suggestion,summary,is_advisor,is_seeding,labeled_at
1616320479952252,spam,trung_lap,0.0,none,,[],,Người dùng tự giới thiệu là tư vấn viên bảo hiểm AIA tại TP.HCM.,True,False,2026-09-03T11:20:32.662570
1616321166618850,spam,trung_lap,0.0,none,,[],,"Người dùng tự giới thiệu là Tuyết Sương, tư vấn viên bảo hiểm Cathay Life tại Bình Dương, cung cấp cả bảo hiểm nhân thọ và phi nhân thọ, kèm số điện thoại liên hệ.",True,False,2026-09-03T11:20:32.662570
1616322349952065,spam,trung_lap,0.0,none,,[],,Người dùng tự giới thiệu là tư vấn viên bảo hiểm Cathay tại Thái Bình và bày tỏ sự vui mừng được kết nối.,True,False,2026-09-03T11:20:32.662570
1616325129951787,spam,trung_lap,0.0,none,,[],,"Người dùng tự giới thiệu là tư vấn viên Manulife và cộng tác viên với các hãng bảo hiểm phi nhân thọ, cho biết có thể cung cấp nhiều sản phẩm.",True,False,2026-09-03T11:20:32.662570
1616325826618384,spam,trung_lap,0.0,none,,[],,Người dùng yêu cầu nhắn tin riêng qua Zalo theo số điện thoại được cung cấp.,False,False,2026-09-03T11:20:32.662570
1616326373284996,spam,trung_lap,0.0,none,,[],,Lời kêu gọi nhắn tin riêng.,True,False,2026-09-03T11:20:42.574574
1616330839951216,spam,trung_lap,0.0,none,,[],,Lời kêu gọi nhắn tin riêng.,True,False,2026-09-03T11:20:42.574574
1616331013284532,spam,trung_lap,0.0,none,,[],,Cung cấp số điện thoại liên hệ.,True,False,2026-09-03T11:20:42.574574
1616331183284515,spam,trung_lap,0.0,none,,[],,Cung cấp số điện thoại để giao tiếp.,True,False,2026-09-03T11:20:42.574574
1616333636617603,spam,trung_lap,0.1,none,,[],,"Một tư vấn viên của Manulife giới thiệu bản thân và số điện thoại, bày tỏ mong muốn được đồng hành.",True,False,2026-09-03T11:20:42.574574
1616335079950792,spam,trung_lap,0.0,none,,[],,Comment chỉ chứa một từ duy nhất.,False,False,2026-09-03T11:20:57.638670
1616337346617232,spam,trung_lap,0.0,none,,[],,"Một người tự giới thiệu là Lan Hương, có 5 năm kinh nghiệm tại AIA và sẵn sàng giải đáp thắc mắc về bảo hiểm.",True,False,2026-09-03T11:20:57.638670
1616338423283791,spam,trung_lap,0.0,none,,[],,Người dùng mời một người tên Phi nhắn tin riêng.,True,False,2026-09-03T11:20:57.638670
1616343596616607,spam,trung_lap,0.0,none,,[],,Một người tự giới thiệu là Kiên từ công ty BHNT Hanwha Life Việt Nam và mong muốn được đồng hành.,True,False,2026-09-03T11:20:57.638670
1616346986616268,spam,trung_lap,0.0,none,,[],,Một người tự giới thiệu là Tiến Hợp từ công ty BH Dai-ichi Life Việt Nam khu vực Vĩnh Phúc.,True,False,2026-09-03T11:20:57.638670
1616350379949262,spam,trung_lap,0.0,none,,[],,Một tư vấn viên Bảo Việt Nhân Thọ tự giới thiệu bản thân và địa điểm ở TP.HCM.,True,False,2026-09-03T11:21:11.453701
1616350803282553,y_kien_trung_lap,trung_lap,0.0,none,,[],,Comment chỉ chứa một tên riêng.,False,False,2026-09-03T11:21:11.453701
1616351059949194,spam,trung_lap,0.0,none,,[],,Một người dùng yêu cầu Nguyễn Bảo Ngọc gửi tin nhắn riêng.,True,False,2026-09-03T11:21:11.453701
1616351339949166,spam,trung_lap,0.0,none,,[],,Một người dùng yêu cầu Tiến Hợp gửi tin nhắn riêng.,True,False,2026-09-03T11:21:11.453701
1616356363281997,spam,trung_lap,0.0,none,,[],,Một tư vấn viên Bảo Việt Nhân Thọ tên Hồng Ly tự giới thiệu bản thân và địa điểm ở Tây Ninh.,True,False,2026-09-03T11:21:11.453701
1616357566615210,spam,trung_lap,0.0,none,,[],,Người dùng yêu cầu nhắn tin riêng.,True,True,2026-09-03T11:21:24.720272
1616363086614658,y_kien_trung_lap,trung_lap,0.0,none,,[],,Người dùng đưa ra một lời đáp ngắn gọn.,False,False,2026-09-03T11:21:24.720272
1616363696614597,spam,trung_lap,0.0,none,,[],,Người dùng tự giới thiệu là tư vấn viên Bảo Việt Nhân Thọ chi nhánh Khánh Hòa.,True,True,2026-09-03T11:21:24.720272
1616369013280732,spam,trung_lap,0.0,none,,[],,Người dùng tự giới thiệu là tư vấn viên Bảo Việt Nhân Thọ Sài Gòn.,True,True,2026-09-03T11:21:24.720272
1616374943280139,spam,trung_lap,0.0,none,,[],,"Người dùng tự giới thiệu là Huy, tư vấn viên toàn thời gian của AIA tại Hải Phòng.",True,True,2026-09-03T11:21:24.720272
1616376956613271,spam,trung_lap,0.0,none,,[],,Yêu cầu nhắn tin riêng.,True,False,2026-09-03T11:21:36.893021
1616377039946596,spam,trung_lap,0.0,none,,[],,Yêu cầu nhắn tin riêng.,True,False,2026-09-03T11:21:36.893021
1616377119946588,spam,trung_lap,0.0,none,,[],,Yêu cầu nhắn tin riêng.,True,False,2026-09-03T11:21:36.893021
1616377959946504,spam,tich_cuc,0.5,none,,[],,"Quảng cáo bảo hiểm nhân thọ và phi nhân thọ của Fubon Life, mời tư vấn miễn phí và để lại thông tin liên hệ.",True,False,2026-09-03T11:21:36.893021
1616382533279380,spam,trung_lap,0.0,none,,[],,Một tư vấn viên của Bảo Việt Nhân thọ tại Thái Bình tự giới thiệu.,True,False,2026-09-03T11:21:36.893021
1616382946612672,spam,trung_lap,0.0,none,,[],,"Một tư vấn viên Prudential giới thiệu bản thân, khu vực hoạt động và số điện thoại, mời kết nối với đồng nghiệp.",True,False,2026-09-03T11:21:49.609239
1616395236611443,spam,trung_lap,0.0,none,,[],,Một người tự nhận là tư vấn viên bảo hiểm và cho biết khu vực hoạt động tại Phú Thọ.,True,False,2026-09-03T11:21:49.609239
1616397923277841,y_kien_trung_lap,trung_lap,0.0,none,,[],,Người dùng bày tỏ sự nghi ngờ hoặc ngạc nhiên với nội dung trước đó.,False,False,2026-09-03T11:21:49.609239
1616399913277642,spam,trung_lap,0.0,none,,[],,Một người giới thiệu đang làm việc cho Shinhan Life và có hệ thống cộng tác viên tại TP.HCM.,True,False,2026-09-03T11:21:49.609239
1616400623277571,spam,trung_lap,0.0,none,,[],,Một người giới thiệu bản thân liên quan đến Bảo Việt Nhân Thọ tại Đăk Lăk.,True,False,2026-09-03T11:21:49.609239
1616406363276997,spam,trung_lap,0.0,none,,[],,Một người tự giới thiệu là tư vấn viên AIA tại Thái Bình.,True,False,2026-09-03T11:22:01.902297
1616408209943479,y_kien_trung_lap,tich_cuc,0.5,none,,[],,Một bình luận thể hiện sự đồng tình hoặc ủng hộ bằng biểu tượng cảm xúc.,False,False,2026-09-03T11:22:01.902297
1616410726609894,spam,trung_lap,0.0,none,,[],,Một người tự giới thiệu là tư vấn viên bảo hiểm toàn thời gian của Generali.,True,False,2026-09-03T11:22:01.902297
1616422706608696,spam,trung_lap,0.0,none,,[],,Một lời kêu gọi nhắn tin riêng.,True,False,2026-09-03T11:22:01.902297
1616422773275356,spam,trung_lap,0.0,none,,[],,"Một lời kêu gọi nhắn tin riêng, có nhắc đến tên Ngọc Loan.",True,False,2026-09-03T11:22:01.902297
1616422823275351,spam,trung_lap,0.0,none,,[],,Người dùng yêu cầu nhắn tin riêng.,True,True,2026-09-03T11:22:13.278619
1616422879942012,spam,trung_lap,0.0,none,,[],,Người dùng yêu cầu nhắn tin riêng.,True,True,2026-09-03T11:22:13.278619
1616423213275312,spam,trung_lap,0.0,none,,[],,Người dùng yêu cầu nhắn tin riêng.,True,True,2026-09-03T11:22:13.278619
1616451236605843,spam,trung_lap,0.0,none,,[],,Người dùng tự giới thiệu là đại lý AIA tại Hưng Yên.,True,True,2026-09-03T11:22:13.278619
1616468566604110,spam,trung_lap,0.0,none,,[],,Người dùng yêu cầu nhắn tin riêng.,True,True,2026-09-03T11:22:13.278619
1616530013264632,y_kien_trung_lap,trung_lap,0.1,none,,[],gioi thieu ve cong ty,Người dùng yêu cầu thông tin giới thiệu về người/bên đăng bài để tiện liên hệ.,False,False,2026-09-03T11:22:36.078172
1616579019926398,y_kien_trung_lap,trung_lap,0.0,none,,[],,"Người dùng phản hồi ngắn gọn ""dạ auki ạ"".",False,False,2026-09-03T11:22:36.078172
1616598303257803,spam,trung_lap,0.0,none,,[],,"Người dùng bình luận một chữ ""K"".",False,False,2026-09-03T11:22:36.078172
1617135229870777,spam,tich_cuc,0.5,none,,[],,"Bài đăng quảng cáo cơ hội hợp tác kinh doanh chuỗi SPA, mời gọi các đại lý bảo hiểm giới thiệu khách hàng để chia sẻ lợi nhuận.",True,True,2026-09-03T11:22:36.078172
1617179359866364,spam,trung_lap,0.0,none,,[],,Người dùng yêu cầu nhắn tin riêng.,True,True,2026-09-03T11:22:36.078172
1617270063190627,y_kien_trung_lap,tich_cuc,0.7,none,,[],,"Người dùng tự giới thiệu là thành viên từ Bảo Việt Tây Nguyên Bình Phước và bày tỏ sự vui mừng khi được kết nối, học hỏi.",True,False,2026-09-03T11:22:49.138425
1617288576522109,y_kien_trung_lap,trung_lap,0.0,none,,[],,"Người dùng yêu cầu cung cấp các thông tin chi tiết về tư vấn viên bảo hiểm như họ tên, công ty, khu vực, dòng bảo hiểm và kinh nghiệm.",False,False,2026-09-03T11:22:49.138425
1617288916522075,spam,trung_lap,0.0,none,,[],,Người dùng yêu cầu một cá nhân cụ thể nhắn tin riêng cho mình.,True,False,2026-09-03T11:22:49.138425
1617321589852141,y_kien_trung_lap,trung_lap,0.0,none,,[],,Người dùng phản hồi bằng một lời xác nhận lịch sự.,False,False,2026-09-03T11:22:49.138425
1616457496605217,spam,tich_cuc,0.4,none,,[],,Người dùng đăng một câu quảng cáo về ưu đãi đặc biệt.,True,True,2026-09-03T11:22:49.138425
1616457776605189,spam,tich_cuc,0.3,none,,[],cac loai the bao hiem generali,Comment giới thiệu Generali hiện có 5 hạng thẻ bảo hiểm để khách hàng lựa chọn.,True,True,2026-09-03T11:24:08.003670
1616458059938494,spam,tich_cuc,0.8,none,,[],,"Một tư vấn viên liệt kê chi tiết các ưu điểm của thẻ bảo hiểm Generali như không đồng chi, bé tham gia độc lập, hạn mức cao, bảo lãnh rộng, chi trả ung thư mọi phương pháp và cung cấp thông tin liên hệ.",True,True,2026-09-03T11:24:08.003670
1616518883265745,spam,tich_cuc,0.5,none,,[],,Người dùng chia sẻ đã mua bảo hiểm và khuyên nên chọn tư vấn viên độc lập để được tư vấn khách quan theo nhu cầu.,True,True,2026-09-03T11:24:08.003670
1616521656598801,khen,tich_cuc,0.7,none,,[],uu diem bao hiem fwd,Người dùng khen ngợi FWD tại TPHCM qua kênh Banca vì sự tiện lợi và chi trả nhanh chóng.,False,False,2026-09-03T11:24:08.003670
1616526489931651,spam,trung_lap,0.0,none,,[],,Người dùng mời inbox để được tư vấn.,True,True,2026-09-03T11:24:08.003670
1616528533264780,spam,trung_lap,0.0,none,,[],,"Một đại lý bảo hiểm AIA giới thiệu sản phẩm bảo hiểm nhân thọ và sức khỏe, mời liên hệ để được tư vấn.",True,False,2026-09-03T11:24:18.052461
1616530953264538,spam,trung_lap,0.0,none,,[],,Một người mời liên hệ qua Techcombank để được tư vấn.,True,False,2026-09-03T11:24:18.052461
1616531903264443,spam,tich_cuc,0.5,none,,[],,"Một tư vấn viên AIA quảng bá các quyền lợi vượt trội của thẻ bảo hiểm sức khỏe AIA, đặc biệt là tái tục trọn đời và quyền lợi nằm viện công, mời liên hệ để được tư vấn chi tiết.",True,False,2026-09-03T11:24:18.052461
1616538206597146,spam,tich_cuc,0.3,none,,[],,Một tư vấn viên Manulife mời khách hàng liên hệ để nhận tư vấn về giải pháp bảo vệ sức khỏe và tài chính toàn diện.,True,False,2026-09-03T11:24:18.052461
1616544359929864,spam,tich_cuc,0.3,none,,[],,Một tư vấn viên Bảo Việt Nhân Thọ giới thiệu bản thân và mời tư vấn về giải pháp bảo vệ sức khỏe và tài chính.,True,False,2026-09-03T11:24:18.052461
1616545486596418,spam,trung_lap,0.0,none,,[],,Người dùng mời liên hệ qua Zalo và giới thiệu là nhân viên Sacombank chi nhánh Hàng Xanh.,True,False,2026-09-03T11:24:29.764021
1616546323263001,spam,trung_lap,0.0,none,,[],,Người dùng mời kết bạn Zalo hoặc gọi điện thoại để được tư vấn.,True,False,2026-09-03T11:24:29.764021
1616546713262962,spam,tich_cuc,0.4,none,,[],,Bảo Việt đưa ra một thông điệp marketing chung bày tỏ sự hân hạnh được đồng hành cùng khách hàng.,True,True,2026-09-03T11:24:29.764021
1616561383261495,spam,trung_lap,0.0,none,,[],,Người dùng mời kết nối Zalo để được hỗ trợ.,True,False,2026-09-03T11:24:29.764021
1616567103260923,spam,trung_lap,0.0,none,,[],,Người dùng mời kết bạn Zalo hoặc gọi điện thoại để được tư vấn.,True,False,2026-09-03T11:24:29.764021
1616572353260398,spam,trung_lap,0.0,none,,[],,Một tư vấn viên Prudential mời kết nối Zalo để hỗ trợ.,True,False,2026-09-03T11:24:44.737553
1616573306593636,spam,trung_lap,0.0,none,,[],,Một tư vấn viên Bảo Việt giới thiệu các quyền lợi của hợp đồng bảo hiểm và mời liên hệ để nhận bản minh họa.,True,False,2026-09-03T11:24:44.737553
1616573489926951,spam,trung_lap,0.0,none,,[],,Một người dùng yêu cầu inbox.,True,False,2026-09-03T11:24:44.737553
1616575489926751,spam,trung_lap,0.0,none,,[],,"Một tư vấn viên giới thiệu sản phẩm nhân thọ và thẻ sức khỏe của AIA, kèm quyền lợi thai sản, và mời liên hệ để nhận bảng so sánh các công ty bảo hiểm.",True,False,2026-09-03T11:24:44.737553
1616575629926737,spam,trung_lap,0.0,none,,[],,"Một tư vấn viên giới thiệu các ưu điểm của bảo hiểm nhân thọ và sức khỏe AIA, bao gồm không giới hạn chi trả, hỗ trợ viện phí, và mời liên hệ để được tư vấn chi tiết.",True,False,2026-09-03T11:24:44.737553
1616589739925326,muon_tu_van,trung_lap,0.0,none,,[],,Người dùng yêu cầu được phản hồi tin nhắn Zalo.,False,False,2026-09-03T11:25:11.397402
1616632423254391,spam,trung_lap,0.0,none,,[],,Người dùng mời liên hệ Zalo để được tư vấn bảo hiểm.,True,False,2026-09-03T11:25:11.397402
1616646933252940,spam,trung_lap,0.0,none,,[],,Người dùng mời liên hệ qua Facebook để tham khảo và tư vấn bảo hiểm.,True,False,2026-09-03T11:25:11.397402
1616661646584802,spam,trung_lap,0.0,none,,[],,"Người dùng mời liên hệ để được tư vấn, tự giới thiệu là Thảo Bảo Việt.",True,False,2026-09-03T11:25:11.397402
1616697113247922,khen,tich_cuc,0.4,none,,[],,,False,False,2026-09-03T11:25:11.397402
1616707076580259,spam,trung_lap,0.0,none,,[],,Một tư vấn viên giới thiệu các quyền lợi nổi bật của bảo hiểm AIA và mời liên hệ để được tư vấn chi tiết và nhận bảng so sánh.,True,False,2026-09-03T11:25:27.259948
1616753796575587,spam,trung_lap,0.0,none,,[],,Một tư vấn viên của Manulife tự giới thiệu và mời người dùng liên hệ để được tư vấn.,True,False,2026-09-03T11:25:27.259948
1617062816544685,spam,trung_lap,0.0,none,,[],,Một người tự nhận là tư vấn viên của Dai-ichi mời người dùng nhắn tin để được tư vấn cụ thể.,True,False,2026-09-03T11:25:27.259948
1617155529868747,spam,trung_lap,0.0,none,,[],,Một người mời người dùng nhắn tin để được tư vấn rõ ràng và chọn sản phẩm phù hợp nhu cầu.,True,False,2026-09-03T11:25:27.259948
1618003566450610,spam,trung_lap,0.0,none,,[],,Một người đã nhắn tin Zalo và đề nghị một buổi tư vấn trực tiếp nếu người dùng ở TP.HCM.,True,False,2026-09-03T11:25:27.259948
1323636269639618,y_kien_trung_lap,trung_lap,0.0,none,,[],,Người dùng đưa ra một biệt danh hoặc cách gọi một người.,False,False,2026-09-03T11:25:41.413305
1323644299638815,y_kien_trung_lap,trung_lap,0.0,none,,[],,Người dùng bình luận về một cái tên với thái độ vui vẻ.,False,False,2026-09-03T11:25:41.413305
1323742306295681,y_kien_trung_lap,trung_lap,0.0,none,,[],,Người dùng đặt câu hỏi về nguồn gốc của một người tên Danh.,False,False,2026-09-03T11:25:41.413305
1324828372853741,y_kien_trung_lap,tich_cuc,0.5,none,,[],,Người dùng bày tỏ lòng biết ơn.,False,False,2026-09-03T11:25:41.413305
28558717563740646,spam,trung_lap,0.0,none,,[],,"Một tư vấn viên bảo hiểm giới thiệu sản phẩm nhân thọ và thẻ sức khỏe của AIA, kèm quyền lợi thai sản, đồng thời cung cấp bảng so sánh các công ty bảo hiểm và kêu gọi liên hệ.",True,False,2026-09-03T11:25:41.413305
28558727000406369,spam,trung_lap,0.0,none,,[],,Một tư vấn viên giới thiệu các quyền lợi nổi bật của bảo hiểm AIA và mời liên hệ để được tư vấn chi tiết.,True,False,2026-09-03T11:25:54.031479
28558850650394004,spam,trung_lap,0.0,none,,[],,Người dùng yêu cầu người khác kiểm tra Zalo.,True,False,2026-09-03T11:25:54.031479
28558903977055338,spam,trung_lap,0.0,none,,[],,Người dùng giới thiệu sản phẩm Cathay và mời liên hệ riêng.,True,False,2026-09-03T11:25:54.031479
28558911553721247,spam,trung_lap,0.0,none,,[],,Người dùng giới thiệu sản phẩm AIA và mời liên hệ để được hỗ trợ.,True,False,2026-09-03T11:25:54.031479
28558912590387810,spam,trung_lap,0.0,none,,[],,Người dùng giới thiệu sản phẩm của Techcombank và mời liên hệ qua inbox hoặc số điện thoại.,True,False,2026-09-03T11:25:54.031479
28558925367053199,spam,trung_lap,0.0,none,,[],,Một người dùng mời tham khảo gói tích lũy kèm thẻ sức khỏe cao cấp của Bảo Việt và yêu cầu nhắn tin.,True,False,2026-09-03T11:26:06.602324
28558934630385606,spam,trung_lap,0.0,none,,[],,Một Trưởng Phòng Kinh Doanh của Manulife giới thiệu bản thân và mời liên hệ qua Zalo để biết thêm thông tin.,True,False,2026-09-03T11:26:06.602324
28558947127051023,spam,trung_lap,0.0,none,,[],,Một người dùng từ Bảo Việt Bắc Giang mời nhắn tin riêng để được tư vấn cụ thể.,True,False,2026-09-03T11:26:06.602324
28558957353716667,spam,trung_lap,0.0,none,,[],,Một người dùng mời nhắn tin riêng cho Trung.,True,False,2026-09-03T11:26:06.602324
28558961470382922,spam,trung_lap,0.0,none,,[],,Một người dùng hỏi về địa điểm và mời nhắn tin nếu thật sự cần tư vấn.,True,False,2026-09-03T11:26:06.602324
28558965543715848,spam,trung_lap,0.0,none,,[],,"Một chuyên viên hoạch định tài chính của AIA mời người dùng nhắn tin để được tư vấn, giới thiệu kinh nghiệm và cam kết tư vấn tận tâm.",True,False,2026-09-03T11:26:21.229545
28558996820379387,muon_tu_van,trung_lap,0.1,none,,[],tư vấn bảo hiểm manulife,Người dùng yêu cầu Manulife inbox để được tư vấn.,False,False,2026-09-03T11:26:21.229545
28559178593694543,spam,trung_lap,0.0,none,,[],,Người dùng đề nghị cung cấp bảng so sánh các hãng bảo hiểm.,True,False,2026-09-03T11:26:21.229545
28559186060360463,spam,trung_lap,0.0,none,,[],,Một tư vấn viên của AIA Exchange giới thiệu bản thân và mời người dùng nhắn tin để được tư vấn về phương án rõ ràng và được theo sát.,True,False,2026-09-03T11:26:21.229545
28559226003689802,spam,trung_lap,0.0,none,,[],,Một người dùng yêu cầu inbox để được tư vấn.,True,False,2026-09-03T11:26:33.568521
28559291290349940,spam,trung_lap,0.0,none,,[],,"Một tư vấn viên giới thiệu sản phẩm bảo hiểm nhân thọ và thẻ sức khỏe của AIA, kèm quyền lợi thai sản, và mời inbox để nhận bảng so sánh các công ty bảo hiểm.",True,False,2026-09-03T11:26:33.568521
28559380990340970,spam,trung_lap,0.0,none,,[],,Một người dùng để lại số Zalo để liên hệ.,True,False,2026-09-03T11:26:33.568521
28559587550320314,muon_tu_van,tich_cuc,0.4,none,,[],"huong dan lien he tu van, quy trinh tu van bao hiem",Một người dùng yêu cầu được gửi thông tin qua Zalo.,False,False,2026-09-03T11:26:33.568521
28559589583653444,muon_tu_van,tich_cuc,0.4,none,,[],"huong dan lien he tu van, quy trinh tu van bao hiem",Một người dùng yêu cầu được hỗ trợ qua Zalo.,False,False,2026-09-03T11:26:33.568521
28559687786976957,muon_tu_van,trung_lap,0.1,none,,[],,Người dùng muốn được tư vấn riêng qua tin nhắn.,False,False,2026-09-03T11:26:46.888541
28559763873636015,spam,trung_lap,0.0,none,,[],,"Một tư vấn viên AIA giới thiệu chi tiết về sản phẩm thẻ sức khỏe trọn đời, chi trả viện phí và mời liên hệ để tư vấn.",True,True,2026-09-03T11:26:46.888541
28559865300292539,spam,trung_lap,0.0,none,,[],,Một tư vấn viên Prudential mời liên hệ để tìm hiểu các gói bảo hiểm phù hợp.,True,True,2026-09-03T11:26:46.888541
28560198336925902,muon_tu_van,trung_lap,0.1,none,,[],,Người dùng yêu cầu được gửi thông tin.,False,False,2026-09-03T11:26:46.888541
28560289783583424,spam,trung_lap,0.0,none,,[],,Một tư vấn viên mời tham khảo bảo hiểm gen và liên hệ để được hỗ trợ.,True,True,2026-09-03T11:26:46.888541
28560771393535263,spam,trung_lap,0.0,none,,[],,Lời kêu gọi inbox chung chung để được tư vấn.,True,True,2026-09-03T11:26:59.169625
28560808063531596,spam,tich_cuc,0.5,none,,[],,Một tư vấn viên Bảo Việt Nhân Thọ giới thiệu sản phẩm mới An Thịnh Phúc Niên và mời liên hệ để được tư vấn.,True,True,2026-09-03T11:26:59.169625
28560968516848884,spam,trung_lap,0.0,none,,[],,Comment chỉ chứa một tên riêng.,False,False,2026-09-03T11:26:59.169625
28561074726838263,spam,trung_lap,0.0,none,,[],,Lời mời inbox để được tư vấn.,True,True,2026-09-03T11:26:59.169625
28561302600148809,spam,tich_cuc,0.6,none,,[],,Một tư vấn viên giới thiệu chi tiết về Thẻ Sức khỏe Trọn đời của AIA với nhiều quyền lợi nổi bật và mời liên hệ để được tư vấn.,True,True,2026-09-03T11:26:59.169625
28561561310122938,spam,trung_lap,0.0,none,,[],,Lời kêu gọi inbox chung chung.,True,True,2026-09-03T11:27:18.226727
28561727226773013,spam,trung_lap,0.1,none,,[],,Giới thiệu chương trình ưu đãi của Generali.,True,True,2026-09-03T11:27:18.226727
28562103496735386,spam,trung_lap,0.2,none,,[],,"Một phó phòng kinh doanh của AIA tự giới thiệu kinh nghiệm, thành tích chi trả và mời inbox để tư vấn.",True,True,2026-09-03T11:27:18.226727
28562589053353497,spam,trung_lap,0.2,none,,[],,"Một tư vấn viên Manulife giới thiệu khả năng so sánh các hãng, đưa ra gói mẫu của Manulife và mời tư vấn riêng.",True,True,2026-09-03T11:27:18.226727
28562617130017356,spam,trung_lap,0.0,none,,[],,Lời kêu gọi kết bạn Zalo.,True,True,2026-09-03T11:27:18.226727
28562671306678605,spam,trung_lap,0.0,none,,[],,Người dùng yêu cầu người khác kết bạn Zalo.,True,True,2026-09-03T11:27:30.934035
28562854353326967,spam,trung_lap,0.0,none,,[],,Người dùng để lại số điện thoại và yêu cầu kết bạn hoặc liên hệ.,True,True,2026-09-03T11:27:30.934035
28562976553314747,y_kien_trung_lap,trung_lap,0.0,none,,[],,Người dùng đưa ra một phản hồi đồng ý ngắn gọn.,False,False,2026-09-03T11:27:30.934035
28565724179706651,spam,tich_cuc,0.3,none,,[],,Người dùng giới thiệu sản phẩm bảo hiểm AIA với nhiều quyền lợi nổi bật và mời liên hệ để được tư vấn chi tiết.,True,True,2026-09-03T11:27:30.934035
28566690606276675,spam,trung_lap,0.0,none,,[],,Người dùng mời liên hệ nếu quan tâm đến bảo hiểm Dai-ichi Life.,True,True,2026-09-03T11:27:30.934035
28567047882907614,spam,trung_lap,0.0,none,,[],,"Một tư vấn viên mời chào tham khảo sản phẩm bảo hiểm toàn diện của AIA bao gồm bệnh thông thường, ung thư, bệnh hiểm nghèo và tai nạn, kèm theo số điện thoại liên hệ.",True,True,2026-09-03T11:27:44.292041
28574593048819764,y_kien_trung_lap,trung_lap,0.1,none,,[],chia se kinh nghiem su dung bao hiem,Người dùng hỏi xem có ai đã sử dụng sản phẩm/dịch vụ được nhắc đến trong bài viết chưa.,False,False,2026-09-03T11:27:44.292041
28560093976936338,spam,trung_lap,0.0,none,,[],,Một tư vấn viên mời người dùng tham khảo sản phẩm của Cathay và liên hệ qua tin nhắn riêng.,True,True,2026-09-03T11:27:44.292041
28560297993582603,spam,trung_lap,0.0,none,,[],,"Một chuyên viên AIA giới thiệu chi tiết về sản phẩm bảo hiểm sức khỏe trọn đời của AIA với nhiều quyền lợi nổi bật như không giới hạn phụ điều trị, hạn mức nội trú cao, quyền lợi thai sản và dịch vụ Song Hành Y Tế, kèm thông tin liên hệ.",True,True,2026-09-03T11:27:44.292041
28560310943581308,spam,trung_lap,0.0,none,,[],,"Một tư vấn viên giới thiệu sản phẩm bảo hiểm nhân thọ và thẻ sức khỏe trọn đời của AIA với quyền lợi chi trả cao, kèm theo ưu đãi thai sản và đề nghị cung cấp bảng so sánh chi tiết các công ty bảo hiểm.",True,True,2026-09-03T11:27:44.292041
28560312920247777,spam,trung_lap,0.1,none,,[],,Một tư vấn viên giới thiệu sản phẩm bảo hiểm AIA với nhiều quyền lợi nổi bật và mời liên hệ để được tư vấn chi tiết.,True,False,2026-09-03T11:27:56.836515
28560372540241815,spam,trung_lap,0.0,none,,[],,Một người dùng để lại số điện thoại và lời mời liên hệ để được tư vấn.,True,False,2026-09-03T11:27:56.836515
28560631810215888,spam,trung_lap,0.0,none,,[],,Một người dùng yêu cầu inbox.,True,False,2026-09-03T11:27:56.836515
28560716543540748,spam,trung_lap,0.1,none,,[],,Một tư vấn viên của AIA giới thiệu bản thân và mời inbox để tư vấn về gói bảo hiểm phù hợp với nhu cầu.,True,False,2026-09-03T11:27:56.836515
28560804736865262,spam,trung_lap,0.1,none,,[],,"Một tư vấn viên của Bảo Việt Nhân Thọ giới thiệu sản phẩm mới ""An Thịnh Phúc Niên"" và mời liên hệ để được tư vấn.",True,False,2026-09-03T11:27:56.836515
28561075186838217,y_kien_trung_lap,trung_lap,0.1,none,,[],huong dan chon bao hiem suc khoe,"Một tư vấn viên chia sẻ các yếu tố cần xem xét khi chọn bảo hiểm sức khỏe như độ tuổi, tình trạng sức khỏe, nhu cầu y tế, quyền lợi mong muốn và tài chính dự kiến, đồng thời mời liên hệ để được tư vấn cụ thể.",True,False,2026-09-03T11:28:10.131501
28561155736830162,spam,trung_lap,0.0,none,,[],,Comment mời người dùng nhắn tin riêng nếu thực sự quan tâm.,True,False,2026-09-03T11:28:10.131501
28561275096818226,spam,trung_lap,0.0,none,,[],,Comment mời người dùng nhắn tin riêng.,True,False,2026-09-03T11:28:10.131501
28562607883351614,spam,trung_lap,0.0,none,,[],,Comment giới thiệu bảo hiểm Cathaylife và cung cấp số điện thoại để liên hệ tư vấn.,True,False,2026-09-03T11:28:10.131501
28563620679917001,spam,trung_lap,0.1,none,,[],,"Phương Thảo, tư vấn viên bảo hiểm Generali, giới thiệu sản phẩm của Gen có khả năng tích lũy và bảo vệ tốt.",True,False,2026-09-03T11:28:10.131501
28566695286276207,spam,trung_lap,0.0,none,,[],,Comment mời inbox để được tư vấn bảo hiểm Dai-ichi.,True,True,2026-09-03T11:28:20.461032
28567101276235608,spam,trung_lap,0.0,none,,[],,"Comment mời liên hệ để tham khảo bảo hiểm AIA bảo vệ toàn diện từ bệnh thông thường đến ung thư, bệnh hiểm nghèo và tai nạn.",True,True,2026-09-03T11:28:20.461032
28575996962012706,spam,tich_cuc,0.4,none,,[],,"Một phó phòng kinh doanh của AIA giới thiệu kinh nghiệm và thành tích cá nhân, mời người dùng inbox để được giải đáp thắc mắc.",True,True,2026-09-03T11:28:20.461032
28577036195242116,spam,tich_cuc,0.4,none,,[],,"Một chuyên viên hoạch định tài chính cao cấp của AIA giới thiệu kinh nghiệm và cam kết tư vấn tận tình, mời người dùng inbox.",True,True,2026-09-03T11:28:20.461032
28587042247574844,spam,trung_lap,0.0,none,,[],,"Comment từ một người hỗ trợ Bảo Việt, cung cấp số điện thoại liên hệ.",True,True,2026-09-03T11:28:20.461032
28587143394231396,spam,trung_lap,0.0,none,,[],,Lời mời nhắn tin riêng để được hỗ trợ.,True,False,2026-09-03T11:28:34.263667
28571448415800894,spam,trung_lap,0.0,none,,[],,Lời mời nhắn tin riêng.,True,False,2026-09-03T11:28:34.263667
28571577109121358,y_kien_trung_lap,trung_lap,0.1,none,,[],,Phản hồi đồng ý hoặc xác nhận.,False,False,2026-09-03T11:28:34.263667
28573696998909369,spam,trung_lap,0.0,none,,[],,Lời mời liên hệ tư vấn bảo hiểm Manulife kèm thông tin liên lạc.,True,False,2026-09-03T11:28:34.263667
28573704922241910,muon_tu_van,trung_lap,0.1,none,,[],,Người dùng xác nhận đã nhắn tin riêng.,False,False,2026-09-03T11:28:34.263667
28573705152241887,spam,trung_lap,0.1,none,,[],,Một tư vấn viên bảo hiểm Daiichi giới thiệu bản thân và mời khách hàng liên hệ để được tư vấn về các sản phẩm bảo hiểm nhân thọ và phi nhân thọ.,True,False,2026-09-03T11:28:48.430097
28573715195574216,muon_tu_van,trung_lap,0.1,none,,[],Giải thích về sản phẩm bảo hiểm liên kết đầu tư (ILP) của Daiichi,Người dùng hỏi về sản phẩm bảo hiểm liên kết đầu tư (ILP) của Daiichi và yêu cầu tư vấn viên kiểm tra tin nhắn.,False,False,2026-09-03T11:28:48.430097
28573717572240645,spam,trung_lap,0.1,none,,[],,Một tư vấn viên yêu cầu người dùng nhắn tin riêng vì người dùng đang đăng ẩn danh.,True,False,2026-09-03T11:28:48.430097
28573727955572940,spam,trung_lap,0.1,none,,[],,Một người dùng giới thiệu hai sản phẩm bảo hiểm của Manulife và mời nhắn tin riêng để biết thêm chi tiết.,True,False,2026-09-03T11:28:48.430097
28573755662236836,spam,trung_lap,0.1,none,,[],,Một người dùng tự giới thiệu là từ Generali và mời nhắn tin riêng.,True,False,2026-09-03T11:28:48.430097
28573758045569931,spam,trung_lap,0.0,none,,[],,Người dùng mời người khác nhắn tin cho mình.,True,False,2026-09-03T11:29:01.810484
28573764182235984,spam,trung_lap,0.0,none,,[],,Người dùng gợi ý tham khảo sản phẩm của Generali.,True,False,2026-09-03T11:29:01.810484
28573801785565557,spam,trung_lap,0.0,none,,[],,Người dùng thông báo AIA ra mắt sản phẩm ILP và mời inbox để được hỗ trợ.,True,False,2026-09-03T11:29:01.810484
28573881042224298,spam,trung_lap,0.0,none,,[],,Người dùng tự giới thiệu là tư vấn viên Manulife và mời inbox để tham khảo sản phẩm Phú quý flex và Xanh tương lai.,True,False,2026-09-03T11:29:01.810484
28573892225556513,spam,trung_lap,0.0,none,,[],,Một người dùng yêu cầu người khác kiểm tra tin nhắn riêng.,True,False,2026-09-03T11:29:12.902043
28573902425555493,spam,trung_lap,0.0,none,,[],,Một tư vấn viên Bảo Việt giới thiệu bản thân và mời liên hệ để được tư vấn.,True,False,2026-09-03T11:29:12.902043
28573910598888009,spam,trung_lap,0.1,none,,[],,Một tư vấn viên AIA thông báo về dòng sản phẩm ILP mới sắp ra mắt và mời liên hệ để tìm hiểu.,True,False,2026-09-03T11:29:12.902043
28573947642217638,spam,trung_lap,0.0,none,,[],,Một người dùng mời inbox để được hỗ trợ về sản phẩm bảo hiểm liên kết đầu tư (ILP) của Manulife.,True,False,2026-09-03T11:29:12.902043
28573957332216669,spam,trung_lap,0.1,none,,[],,"Một tư vấn viên của Daiichi giới thiệu bản thân, khả năng hỗ trợ đa dạng sản phẩm bảo hiểm nhân thọ và phi nhân thọ từ nhiều công ty, và mời liên hệ để được tư vấn.",True,False,2026-09-03T11:29:12.902043
28573957805549955,spam,trung_lap,0.0,none,,[],,Người dùng mời inbox để được tư vấn về sản phẩm bảo hiểm liên kết đầu tư (ILP) của Prudential.,True,False,2026-09-03T11:29:24.153424
28573992772213125,spam,trung_lap,0.0,none,,[],,Người dùng yêu cầu người khác kiểm tra tin nhắn riêng.,True,False,2026-09-03T11:29:24.153424
28573995642212838,spam,trung_lap,0.0,none,,[],,Người dùng yêu cầu người khác kiểm tra tin nhắn riêng.,True,False,2026-09-03T11:29:24.153424
28574009135544822,y_kien_trung_lap,trung_lap,0.1,none,,[],,Người dùng đưa ra phản hồi đồng ý hoặc xác nhận một cách thân thiện.,False,False,2026-09-03T11:29:24.153424
28574009792211423,y_kien_trung_lap,trung_lap,0.0,none,,[],,Người dùng đưa ra phản hồi đồng ý hoặc xác nhận một cách thân thiện.,False,False,2026-09-03T11:29:24.153424
28574026375543098,y_kien_trung_lap,trung_lap,0.0,none,,[],,Người dùng báo không thể nhắn tin và chưa nhận được tin nhắn từ người khác.,False,False,2026-09-03T11:29:39.408242
28574044002208002,spam,trung_lap,0.1,none,,[],,Người dùng giới thiệu sản phẩm ILP Gen Man và mời nhắn tin nếu có nhu cầu.,True,False,2026-09-03T11:29:39.408242
28574065605539175,khen,tich_cuc,0.8,none,,[],,Người dùng bày tỏ lời cảm ơn.,False,False,2026-09-03T11:29:39.408242
28574208565524879,spam,trung_lap,0.1,none,,[],,Người dùng mời nhắn tin riêng nếu quan tâm đến sản phẩm bảo hiểm ILP Gen.,True,False,2026-09-03T11:29:39.408242
28574234855522250,spam,trung_lap,0.1,none,,[],,Người dùng tự giới thiệu và mời nhắn tin riêng vì đây là sở trường của họ.,True,False,2026-09-03T11:29:39.408242
28574427878836281,spam,trung_lap,0.0,none,,[],,Commenter gợi ý Manulife cho sản phẩm bảo hiểm liên kết đầu tư (ILP).,True,True,2026-09-03T11:29:50.745210
28574480082164394,spam,trung_lap,0.0,none,,[],,Commenter mời liên hệ để được hỗ trợ tham khảo về Chubb Life.,True,True,2026-09-03T11:29:50.745210
28574496785496057,spam,trung_lap,0.0,none,,[],,Commenter tự giới thiệu là tư vấn viên AIA và cung cấp số điện thoại để hỗ trợ.,True,True,2026-09-03T11:29:50.745210
28574691188809950,spam,trung_lap,0.0,none,,[],,"Commenter liệt kê các sản phẩm ""Xanh Phú Quý"" và ""Xanh Tương Lai"" của Manulife.",True,True,2026-09-03T11:29:50.745210
28575541202058282,spam,trung_lap,0.0,none,,[],,"Commenter gợi ý tìm hiểu các sản phẩm ""Xanh Phú Quý"" và ""Xanh Phú Quý Flex"" của Manulife.",True,True,2026-09-03T11:29:50.745210
28575884435357292,spam,trung_lap,0.0,none,,[],,Một tài khoản mời người dùng nhắn tin để được hỗ trợ về sản phẩm bảo hiểm liên kết đầu tư (ILP) của Generali.,True,False,2026-09-03T11:30:02.716535
28577479068531162,spam,trung_lap,0.0,none,,[],,Một tài khoản mời người dùng nhắn tin để được cung cấp thông tin chi tiết về các quỹ.,True,False,2026-09-03T11:30:02.716535
28578280581784344,spam,trung_lap,0.0,none,,[],,Một tài khoản mời người dùng nhắn tin hoặc liên hệ số điện thoại để được tư vấn về Cathay Life.,True,False,2026-09-03T11:30:02.716535
28580341424911593,spam,trung_lap,0.0,none,,[],,"Một tài khoản mời người dùng liên hệ để tham khảo sản phẩm bảo hiểm toàn diện của AIA, bao gồm bảo vệ bệnh thông thường, ung thư, bệnh hiểm nghèo và tai nạn.",True,False,2026-09-03T11:30:02.716535
28584213834524352,spam,trung_lap,0.0,none,,[],,Một tài khoản mời người dùng nhắn tin để được hỗ trợ so sánh các giải pháp bảo hiểm tối ưu từ nhiều công ty.,True,False,2026-09-03T11:30:02.716535
28585737857705283,spam,trung_lap,0.0,none,,[],,Người dùng bày tỏ sự quan tâm đến Dai-ichi và yêu cầu liên hệ qua tin nhắn.,True,False,2026-09-03T11:30:17.233704
28585835881028814,spam,trung_lap,0.0,none,,[],,Người dùng tự giới thiệu là tư vấn viên Hanwha Life và mời liên hệ để được tư vấn về sản phẩm ILP.,True,False,2026-09-03T11:30:17.233704
28579935608285508,spam,trung_lap,0.0,none,,[],,Người dùng yêu cầu kiểm tra tin nhắn và cung cấp số điện thoại.,True,False,2026-09-03T11:30:17.233704
28579939698285099,spam,trung_lap,0.0,none,,[],,Người dùng yêu cầu liên hệ qua tin nhắn.,True,False,2026-09-03T11:30:17.233704
28579945981617804,spam,trung_lap,0.0,none,,[],,"Người dùng tự giới thiệu là Thanh, chuyên viên tư vấn của Manulife tại Hải Phòng, và cung cấp số điện thoại để hỗ trợ.",True,False,2026-09-03T11:30:17.233704
28580004771611925,spam,trung_lap,0.0,none,,[],,Người dùng yêu cầu inbox.,True,True,2026-09-03T11:30:31.955057
28580025924943143,spam,tich_cuc,0.5,none,,[],,"Một phó phòng kinh doanh của AIA tự giới thiệu kinh nghiệm, thành tích và mời người dùng inbox để được tư vấn.",True,True,2026-09-03T11:30:31.955057
28580080534937682,y_kien_trung_lap,trung_lap,0.0,none,,[],,Người dùng thông báo đã inbox và yêu cầu kiểm tra Zalo.,False,False,2026-09-03T11:30:31.955057
28580110771601325,spam,tich_cuc,0.4,none,,[],,Một tư vấn viên của Bảo Việt mời người dùng inbox để được tư vấn và cung cấp số điện thoại.,True,True,2026-09-03T11:30:31.955057
28580151728263896,spam,tich_cuc,0.4,none,,[],,Một tư vấn viên mời người dùng liên hệ để thiết kế gói bảo hiểm phù hợp nếu chưa hài lòng với các tư vấn trước đó.,True,True,2026-09-03T11:30:31.955057
28580178388261230,spam,trung_lap,0.0,none,,[],,Lời mời nhắn tin riêng một cách chung chung.,True,True,2026-09-03T11:30:42.853344
28580205804925155,spam,trung_lap,0.0,none,,[],,"Lời mời tham khảo sản phẩm bảo hiểm AIA toàn diện bảo vệ các bệnh thông thường, ung thư, bệnh hiểm nghèo và tai nạn, kèm số điện thoại liên hệ.",True,True,2026-09-03T11:30:42.853344
28580323544913381,spam,trung_lap,0.0,none,,[],,"Người dùng tự nhận là tư vấn viên và mời nhắn tin riêng để được tư vấn, kèm số điện thoại.",True,True,2026-09-03T11:30:42.853344
28580329308246138,spam,trung_lap,0.0,none,,[],,Lời mời nhắn tin riêng một cách ngắn gọn.,True,True,2026-09-03T11:30:42.853344
28580395128239556,spam,trung_lap,0.0,none,,[],,"Người dùng hỏi về việc chưa mua được bảo hiểm từ tháng 7 và mời nhắn tin riêng để được tư vấn, kèm số điện thoại.",True,True,2026-09-03T11:30:42.853344
28580429814902754,spam,trung_lap,0.0,none,,[],,"Một tư vấn viên giới thiệu sản phẩm bảo hiểm nhân thọ và thẻ sức khỏe của AIA, kèm quyền lợi thai sản và đề nghị gửi bảng so sánh chi tiết qua inbox/Zalo.",True,True,2026-09-03T11:30:57.455655
28580431238235945,spam,trung_lap,0.0,none,,[],,"Một tư vấn viên giới thiệu các ưu điểm của bảo hiểm nhân thọ và sức khỏe AIA như không giới hạn thanh toán, chi trả viện công, không giới hạn điều trị ung thư, trợ cấp nằm viện và độ tuổi tái tục cao, đồng thời mời inbox để tư vấn chi tiết.",True,True,2026-09-03T11:30:57.455655
28584881461124256,spam,trung_lap,0.0,none,,[],,Một tư vấn viên bảo hiểm Generali tự giới thiệu và hỏi về ưu tiên tài chính gia đình của người nhận để bắt đầu cuộc trò chuyện.,True,True,2026-09-03T11:30:57.455655
28585151171097285,spam,trung_lap,0.0,none,,[],,Một người mời liên hệ qua Zalo để được tư vấn về Bảo Việt.,True,True,2026-09-03T11:30:57.455655
28585346711077731,spam,trung_lap,0.0,none,,[],,Một người tên Phùng Ngọc Liên Kết mời kết bạn Zalo để được tư vấn.,True,True,2026-09-03T11:30:57.455655
28585347331077669,muon_tu_van,tich_cuc,0.5,none,,[],huong dan chon goi bao hiem,Người dùng muốn được tư vấn bảo hiểm qua Zalo và để lại số điện thoại.,False,False,2026-09-03T11:31:06.386244
28585347957744273,muon_tu_van,tich_cuc,0.5,none,,[],huong dan chon goi bao hiem,Người dùng muốn được tư vấn bảo hiểm qua Zalo và để lại số điện thoại.,False,False,2026-09-03T11:31:06.386244
28585348767744192,muon_tu_van,tich_cuc,0.5,none,,[],huong dan chon goi bao hiem,Người dùng muốn được tư vấn bảo hiểm qua Zalo và để lại số điện thoại.,False,False,2026-09-03T11:31:06.386244
28585349141077488,muon_tu_van,tich_cuc,0.5,none,,[],huong dan chon goi bao hiem,Người dùng muốn được tư vấn bảo hiểm qua Zalo và để lại số điện thoại.,False,False,2026-09-03T11:31:06.386244
28585350014410734,muon_tu_van,tich_cuc,0.5,none,,[],huong dan chon goi bao hiem,Người dùng muốn được tư vấn bảo hiểm qua Zalo và để lại số điện thoại.,False,False,2026-09-03T11:31:06.386244
28585351211077281,muon_tu_van,trung_lap,0.1,none,,[],huong dan lien he tu van bao hiem,Người dùng muốn được tư vấn qua Zalo và để lại số điện thoại.,False,False,2026-09-03T11:31:20.767894
28585351057743963,spam,trung_lap,0.0,none,,[],,Comment trống không có nội dung.,False,False,2026-09-03T11:31:20.767894
28585351711077231,muon_tu_van,trung_lap,0.1,none,,[],huong dan lien he tu van bao hiem,Người dùng muốn được tư vấn qua Zalo và để lại số điện thoại.,False,False,2026-09-03T11:31:20.767894
28585352601077142,muon_tu_van,trung_lap,0.1,none,,[],huong dan lien he tu van bao hiem,Người dùng muốn được tư vấn qua Zalo và để lại số điện thoại.,False,False,2026-09-03T11:31:20.767894
28585353824410353,muon_tu_van,trung_lap,0.1,none,,[],huong dan lien he tu van bao hiem,Người dùng muốn được tư vấn qua Zalo và để lại số điện thoại.,False,False,2026-09-03T11:31:20.767894
28585354461076956,muon_tu_van,tich_cuc,0.7,none,,[],huong dan lien he tu van bao hiem,Người dùng muốn được tư vấn bảo hiểm qua Zalo và để lại số điện thoại.,False,False,2026-09-03T11:31:31.203089
28585354894410246,muon_tu_van,tich_cuc,0.7,none,,[],huong dan lien he tu van bao hiem,Người dùng muốn được tư vấn bảo hiểm qua Zalo và để lại số điện thoại.,False,False,2026-09-03T11:31:31.203089
28585355807743488,muon_tu_van,tich_cuc,0.7,none,,[],huong dan lien he tu van bao hiem,Người dùng muốn được tư vấn bảo hiểm qua Zalo và để lại số điện thoại.,False,False,2026-09-03T11:31:31.203089
28585356164410119,muon_tu_van,tich_cuc,0.7,none,,[],huong dan lien he tu van bao hiem,Người dùng muốn được tư vấn bảo hiểm qua Zalo và để lại số điện thoại.,False,False,2026-09-03T11:31:31.203089
28585357084410027,muon_tu_van,tich_cuc,0.7,none,,[],huong dan lien he tu van bao hiem,Người dùng muốn được tư vấn bảo hiểm qua Zalo và để lại số điện thoại.,False,False,2026-09-03T11:31:31.203089
28585357991076603,muon_tu_van,tich_cuc,0.7,none,,[],huong dan lien he tu van bao hiem,Người dùng muốn được tư vấn qua Zalo và để lại số điện thoại liên hệ.,False,False,2026-09-03T11:31:50.266995
28585421494403586,spam,trung_lap,0.0,none,,[],,Một tư vấn viên quảng cáo gói bảo hiểm sức khỏe nội trú của MSIG với các quyền lợi nổi bật và kêu gọi liên hệ để tư vấn.,True,False,2026-09-03T11:31:50.266995
28585426464403089,y_kien_trung_lap,trung_lap,0.1,none,,[],,Người dùng yêu cầu người khác kiểm tra Zalo.,False,False,2026-09-03T11:31:50.266995
28585585341053868,y_kien_trung_lap,trung_lap,0.1,none,,[],,Người dùng thông báo đã kết bạn và yêu cầu kiểm tra tin nhắn riêng.,False,False,2026-09-03T11:31:50.266995
28585596201052782,y_kien_trung_lap,trung_lap,0.1,none,,[],,Người dùng xác nhận đã nhận được thông tin.,False,False,2026-09-03T11:31:50.266995
28585743727704696,spam,trung_lap,0.0,none,,[],,Người dùng yêu cầu kết bạn Zalo.,True,False,2026-09-03T11:32:02.309051
28585755697703499,spam,trung_lap,0.0,none,,[],,Người dùng yêu cầu kết bạn.,True,False,2026-09-03T11:32:02.309051
28585797347699334,y_kien_trung_lap,trung_lap,0.0,none,,[],,Người dùng hỏi xác nhận tài khoản Zalo.,False,False,2026-09-03T11:32:02.309051
28585803984365337,y_kien_trung_lap,trung_lap,0.0,none,,[],,Người dùng nhắc nhở người khác trả lời tin nhắn.,True,False,2026-09-03T11:32:02.309051
28585828624362873,spam,trung_lap,0.0,none,,[],,Người dùng yêu cầu nhắn tin riêng.,True,False,2026-09-03T11:32:02.309051
28586567330955669,y_kien_trung_lap,trung_lap,0.0,none,,[],,Người dùng thông báo đã kết bạn và yêu cầu người nhận chấp nhận lời mời.,False,False,2026-09-03T11:32:16.391124
28587029744242761,spam,trung_lap,0.1,none,,[],,Một tư vấn viên của Bảo Việt để lại số điện thoại để hỗ trợ tư vấn.,True,False,2026-09-03T11:32:16.391124
28587148014230934,spam,trung_lap,0.1,none,,[],,Một người dùng mời người khác nhắn tin riêng để được hỗ trợ và cung cấp số điện thoại.,True,False,2026-09-03T11:32:16.391124
1745676156639708,y_kien_trung_lap,tich_cuc,0.5,none,,[],hướng dẫn kiểm tra quyền lợi hợp đồng bảo hiểm,"Người dùng hướng dẫn kiểm tra quyền lợi hợp đồng bảo hiểm bằng cách chụp trang tóm tắt và cung cấp thông tin về phiên bản thẻ, tuổi tái tục nếu hợp đồng mua năm 2024.",True,False,2026-09-03T11:32:16.391124
1745689983304992,y_kien_trung_lap,trung_lap,0.1,none,,[],cach xac dinh hang the bao hiem,Người dùng hỏi về mức phí và độ tuổi của người được bảo hiểm để xác định hạng thẻ.,False,False,2026-09-03T11:32:31.876340
1745691573304833,y_kien_trung_lap,trung_lap,0.0,none,,[],,Một câu trả lời ngắn gọn không rõ ngữ cảnh.,False,False,2026-09-03T11:32:31.876340
1745696243304366,phan_van,trung_lap,0.2,none,,[],cach tinh phi bao hiem hang nam,Người dùng hỏi xác nhận liệu chi phí đóng bảo hiểm có tăng lên theo bản hợp đồng hiện tại hay không.,False,False,2026-09-03T11:32:31.876340
1745696973304293,y_kien_trung_lap,trung_lap,0.1,none,,[],cac loai the bao hiem tiet kiem,Người dùng chia sẻ thông tin về việc mua thẻ bảo hiểm tiết kiệm ở tuổi 35 với mức phí khoảng 1.4 triệu đồng.,False,False,2026-09-03T11:32:31.876340
1745697079970949,spam,trung_lap,0.1,none,,[],,"Một tư vấn viên hướng dẫn cách tải hợp đồng điện tử, xem quyền lợi và phí, đồng thời đề nghị so sánh sản phẩm và liên hệ qua Zalo để được hỗ trợ.",True,False,2026-09-03T11:32:46.197649
1745699059970751,y_kien_trung_lap,trung_lap,0.0,none,,[],,Comment đồng ý với một ý kiến trước đó.,False,False,2026-09-03T11:32:46.197649
1745702986637025,y_kien_trung_lap,trung_lap,0.2,none,,[],su khac biet giua hop dong dien tu va thong tin tren app,"Comment giải thích rằng các gói bổ sung thường chỉ hiển thị trên ứng dụng chứ không có trong hợp đồng điện tử, và thông tin về thẻ mua từ năm 2024 có bảo vệ đến 85 tuổi với biểu phí không đổi.",False,False,2026-09-03T11:32:46.197649
1745703773303613,spam,trung_lap,0.1,none,,[],,"Một tư vấn viên của Generali tự giới thiệu kinh nghiệm 9 năm, khả năng tư vấn và hỗ trợ sau bán hàng, đồng thời mời khách hàng liên hệ qua Zalo.",True,False,2026-09-03T11:32:46.197649
1745707149969942,khen,tich_cuc,0.7,none,,[],,"Comment giải thích quyền lợi thẻ bảo hiểm sức khỏe Generali phiên bản 3, nhấn mạnh phí rẻ và hạn mức điều trị tốt, đồng thời gợi ý nâng cấp thẻ để gia tăng quyền lợi.",True,True,2026-09-03T11:33:02.406722
1745710509969606,y_kien_trung_lap,trung_lap,0.1,none,,[],,Người dùng gửi lời cảm ơn.,False,False,2026-09-03T11:33:02.406722
1745736836633640,spam,trung_lap,0.1,none,,[],,Người dùng mời liên hệ để được hỗ trợ thủ tục nâng cấp thẻ hoặc so sánh với các bên khác.,True,True,2026-09-03T11:33:02.406722
1745740706633253,y_kien_trung_lap,trung_lap,0.2,none,,[],huong dan tai hop dong dien tu,Người dùng thông báo khách hàng của họ vẫn tải được hợp đồng điện tử của Generali và gợi ý người hỏi có thể xem hợp đồng giấy hoặc liên hệ hotline để được hướng dẫn.,True,False,2026-09-03T11:33:02.406722
1745784659962191,spam,trung_lap,0.1,none,,[],,Người dùng hướng dẫn xem hợp đồng trên ứng dụng và thông báo thẻ bảo hiểm năm 2024 bảo vệ đến 85 tuổi.,True,True,2026-09-03T11:33:02.406722
1745921393281851,y_kien_trung_lap,trung_lap,0.1,none,,[],,Người dùng kêu gọi Generali hỗ trợ người khác.,False,False,2026-09-03T11:33:18.356805
1746063479934309,spam,trung_lap,0.0,none,,[],,Người dùng trả lời ngắn gọn với một hashtag.,True,True,2026-09-03T11:33:18.356805
1746063573267633,spam,trung_lap,0.0,none,,[],,"Người dùng mời inbox để hỗ trợ, kèm hashtag.",True,True,2026-09-03T11:33:18.356805
1746066456600678,y_kien_trung_lap,trung_lap,0.2,none,,[],thong tin the cham soc suc khoe generali,Người dùng cung cấp thông tin về thẻ chăm sóc sức khỏe cá nhân của Generali và hướng dẫn liên hệ hỗ trợ.,True,False,2026-09-03T11:33:18.356805
1746092133264777,spam,trung_lap,0.0,none,,[],,Một người dùng mời inbox để được hỗ trợ.,True,True,2026-09-03T11:33:32.242147
1746108609929796,spam,trung_lap,0.0,none,,[],,Một người dùng giới thiệu liên hệ với tư vấn viên của Generali để được hỗ trợ.,True,True,2026-09-03T11:33:32.242147
1746114286595895,y_kien_trung_lap,tich_cuc,0.5,none,,[],,Một người dùng gửi lời cảm ơn.,False,False,2026-09-03T11:33:32.242147
1746136396593684,y_kien_trung_lap,tich_cuc,0.4,none,,[],,Một người dùng bày tỏ cảm xúc tích cực bằng biểu tượng cảm xúc.,False,False,2026-09-03T11:33:32.242147
1745672816640042,spam,tich_cuc,0.6,none,,[],Lợi ích của thẻ bảo hiểm sức khỏe không tái thẩm định; Bảo hiểm cho người có tiền sử bệnh; So sánh các gói bảo hiểm sức khỏe trên thị trường,Một tư vấn viên của Sun Life giải thích về khả năng mua bảo hiểm khi có tiền sử bệnh và giới thiệu chi tiết về thẻ Sống Chất 2.0 với các quyền lợi nổi bật.,True,True,2026-09-03T11:33:32.242147
1745708673303123,y_kien_trung_lap,tich_cuc,0.6,none,,[],mua bao hiem khi co tien su benh,"Bình luận viên tư vấn chi tiết về việc mua bảo hiểm sức khỏe khi có tiền sử ung thư tuyến giáp, nêu rõ các trường hợp thẩm định và quyền lợi của thẻ Dai-ichi, đồng thời mời liên hệ để được hỗ trợ miễn phí.",True,False,2026-09-03T11:34:03.908503
1745717596635564,y_kien_trung_lap,trung_lap,0.1,none,,[],thoi gian cho sau dieu tri benh de mua bao hiem,Bình luận viên chia sẻ rằng các công ty bảo hiểm thường xem xét hồ sơ điều trị và tái khám sau 2-3 năm ổn định để thẩm định hồ sơ bảo hiểm.,False,False,2026-09-03T11:34:03.908503
1745737513300239,y_kien_trung_lap,tich_cuc,0.4,none,,[],mua bao hiem khi co tien su benh,"Bình luận viên xác nhận người đã điều trị ung thư tuyến giáp ổn định vẫn có thể mua bảo hiểm nhân thọ và bảo hiểm sức khỏe, đồng thời mời liên hệ để được tư vấn thêm.",True,False,2026-09-03T11:34:03.908503
1745776999962957,y_kien_trung_lap,trung_lap,0.2,none,,[],quy trinh tham dinh bao hiem voi benh su,"Bình luận viên hỏi về tình trạng sức khỏe và hồ sơ y tế, giải thích rằng các công ty bảo hiểm có thể tạm hoãn hồ sơ 3-5 năm sau điều trị ung thư tuyến giáp và đề nghị hỗ trợ đánh giá khả năng tham gia.",True,False,2026-09-03T11:34:03.908503
1745783153295675,spam,tich_cuc,0.3,none,,[],,,False,False,2026-09-03T11:34:03.908503
1746096019931055,spam,trung_lap,0.0,none,,[],,Một người dùng mời inbox để được hỗ trợ tư vấn tham gia bảo hiểm.,True,True,2026-09-03T11:34:13.724003
1746109299929727,spam,trung_lap,0.1,none,,[],,Một người dùng cho biết cần thêm thông tin về bệnh để xem xét khả năng tham gia thẻ sức khỏe và mời inbox để được hỗ trợ.,True,True,2026-09-03T11:34:13.724003
1745670526640271,spam,trung_lap,0.0,none,,[],,Một người dùng mời inbox.,True,True,2026-09-03T11:34:13.724003
1745670673306923,spam,trung_lap,0.2,none,,[],,"Một người dùng tự giới thiệu là Kiên, có 9 năm kinh nghiệm và văn phòng tại Lotte Liễu Giai, mời kết nối.",True,True,2026-09-03T11:34:13.724003
1745670893306901,spam,trung_lap,0.1,none,,[],,Một người dùng mời tư vấn và so sánh sản phẩm bảo hiểm từ các bên.,True,True,2026-09-03T11:34:13.724003
1745684969972160,spam,trung_lap,0.0,none,,[],,"Một người mời nhắn tin để được tư vấn, đề cập vị trí gần văn phòng AIA.",True,False,2026-09-03T11:34:26.780924
1745695306637793,spam,trung_lap,0.0,none,,[],,Một tư vấn viên AIA giới thiệu bản thân và mời inbox để được tư vấn.,True,False,2026-09-03T11:34:26.780924
1745706909969966,spam,trung_lap,0.0,none,,[],,"Một tư vấn viên AIA giới thiệu kinh nghiệm 5 năm, khả năng tư vấn và hỗ trợ khách hàng, đồng thời mời xem trang cá nhân hoặc hashtag để tìm hiểu thêm.",True,False,2026-09-03T11:34:26.780924
1745750539965603,spam,trung_lap,0.0,none,,[],,"Một người đưa ra lời mời tư vấn chung chung, kèm theo hashtag.",True,False,2026-09-03T11:34:26.780924
1745761439964513,y_kien_trung_lap,trung_lap,0.1,none,,[],,Một người trả lời về địa điểm hiện tại của mình là Tây Hồ.,False,False,2026-09-03T11:34:26.780924
1745769533297037,spam,trung_lap,0.1,none,,[],,Một tư vấn viên đưa ra các câu hỏi chi tiết để hiểu nhu cầu khách hàng về bảo hiểm sức khỏe và mời liên hệ để được tư vấn.,True,False,2026-09-03T11:34:40.031704
1745773583296632,spam,trung_lap,0.0,none,,[],,Một người giới thiệu liên hệ tư vấn viên AIA và đề nghị tư vấn sản phẩm Manulife.,True,False,2026-09-03T11:34:40.031704
1745774193296571,y_kien_trung_lap,tich_cuc,0.3,none,,[],,Người dùng bày tỏ lời cảm ơn.,False,False,2026-09-03T11:34:40.031704
1745774366629887,spam,trung_lap,0.0,none,,[],,Một tư vấn viên đề nghị đến tận nơi để tư vấn tại khu vực Tây Hồ.,True,False,2026-09-03T11:34:40.031704
1745781456629178,y_kien_trung_lap,tich_cuc,0.3,none,,[],,Người dùng bày tỏ lời cảm ơn đến Ly Đặng.,False,False,2026-09-03T11:34:40.031704
1745786723295318,spam,trung_lap,0.0,none,,[],,"Một tư vấn viên giới thiệu bản thân, kinh nghiệm làm việc và mời tư vấn giải pháp bảo hiểm phù hợp.",True,True,2026-09-03T11:34:56.018703
1746095809931076,spam,trung_lap,0.1,none,,[],,Người dùng giới thiệu tư vấn viên Trần Thị Hằng Nga Hồng Nhung để hỗ trợ tư vấn tận tâm.,False,True,2026-09-03T11:34:56.018703
1746109629929694,spam,trung_lap,0.1,none,,[],,Người dùng giới thiệu tư vấn viên Hồng Nhung Trần Thị Hằng Nga của AIA.,False,True,2026-09-03T11:34:56.018703
1745765396630784,y_kien_trung_lap,trung_lap,0.0,none,,[],,Người dùng bày tỏ sự quan tâm.,False,False,2026-09-03T11:34:56.018703
1745787176628606,y_kien_trung_lap,trung_lap,0.2,none,,[],Giải thích điều khoản bảo hiểm thai sản khi không có bảng kê chi tiết; Quy trình bồi thường bảo hiểm thai sản tại bệnh viện công; Các trường hợp đặc biệt trong bồi thường bảo hiểm thai sản,"Comment giải thích về điều khoản bảo hiểm thai sản liên quan đến chi phí không bóc tách tại bệnh viện và cách các công ty bảo hiểm như PTI xử lý để bồi thường, đồng thời nhắc lại quyền lợi thai sản tối đa 20 triệu.",False,False,2026-09-03T11:34:56.018703
1745806883293302,phan_van,trung_lap,0.1,none,,[],giai thich dieu khoan thai san,"Người dùng đang băn khoăn về cách hiểu điều khoản quyền lợi thai sản, đặc biệt là giới hạn chi phí dịch vụ tại bệnh viện công trong gói 20 triệu.",False,False,2026-09-03T11:35:09.068687
1745812746626049,y_kien_trung_lap,trung_lap,0.2,none,,[],giai thich dieu khoan mo rong,"Người dùng giải thích rằng 13 triệu là một phần chi phí trong gói thai sản, là điều khoản mở rộng làm rõ nguyên tắc bồi thường, và khuyên người hỏi kiểm tra thêm điều khoản phẫu thuật theo yêu cầu của PTI.",False,False,2026-09-03T11:35:09.068687
1745813433292647,khen,tich_cuc,0.8,none,,[],,Người dùng bày tỏ sự cảm ơn và khen ngợi comment trước đó rất hữu ích.,False,False,2026-09-03T11:35:09.068687
1746105036596820,spam,trung_lap,0.0,none,,[],,Commenter kêu gọi người dùng inbox một chuyên gia cụ thể để được tư vấn.,True,True,2026-09-03T11:35:09.068687
1746120356595288,khen,tich_cuc,0.6,none,,[],,Người dùng bày tỏ lời cảm ơn.,False,False,2026-09-03T11:35:09.068687
1746488949891762,spam,trung_lap,0.1,none,,[],,Một tư vấn viên đưa ra lời khuyên về việc chọn bảo hiểm cho bé có tiền sử bệnh hô hấp và mời liên hệ để được tư vấn cụ thể.,True,False,2026-09-03T11:35:36.111062
1746493683224622,spam,trung_lap,0.1,none,,[],,"Một tư vấn viên giới thiệu sản phẩm bảo hiểm của Daiichi, nêu các điều kiện và quyền lợi, kèm theo thông tin liên hệ.",True,False,2026-09-03T11:35:36.111062
1746497033224287,spam,trung_lap,0.2,none,,[],,"Một tư vấn viên giới thiệu sản phẩm bảo hiểm Sun Life cho trẻ em, nhấn mạnh các quyền lợi và mời liên hệ để được tư vấn chi tiết.",True,False,2026-09-03T11:35:36.111062
1746501156557208,spam,trung_lap,0.1,none,,[],,"Một tư vấn viên giới thiệu sản phẩm bảo hiểm nhân thọ của AIA cho trẻ em, nhấn mạnh các điều khoản loại trừ và mời liên hệ để được tư vấn chi tiết.",True,False,2026-09-03T11:35:36.111062
1746505593223431,spam,trung_lap,0.1,none,,[],,,False,False,2026-09-03T11:37:34.328716
1746511626556161,spam,trung_lap,0.15,none,,[],,,False,False,2026-09-03T11:37:34.328716
1746514349889222,spam,trung_lap,0.1,,,[],,,False,False,2026-09-03T11:37:34.328716
1746518496555474,spam,trung_lap,0.15,none,,[],,Một tài khoản hỏi về lịch sử bệnh của trẻ và mời inbox để hỗ trợ tư vấn.,True,True,2026-09-03T11:37:34.328716
1746529229887734,spam,tich_cuc,0.6,,,[],,,False,False,2026-09-03T11:37:34.328716
1746537763220214,spam,trung_lap,0.0,none,,[],,"Một tư vấn viên giới thiệu sản phẩm bảo hiểm sức khỏe Sun Life cho trẻ em với các quyền lợi như thanh toán 100% nội trú, phạm vi bảo hiểm mở rộng và chính sách phí ưu đãi, kèm theo thông tin liên hệ.",True,True,2026-09-03T11:39:50.509929
1746549856552338,spam,trung_lap,0.0,,,[],,,False,False,2026-09-03T11:39:50.509929
1746554069885250,spam,trung_lap,0.1,,,[],,,False,False,2026-09-03T11:39:50.509929
1746576476549676,y_kien_trung_lap,trung_lap,0.0,,,[],,,False,False,2026-09-03T11:39:50.509929
1746591449881512,spam,tich_cuc,0.6,,,[],,,False,False,2026-09-03T11:39:50.509929
1746654453208545,spam,trung_lap,0.0,none,,[],,,False,False,2026-09-03T11:42:06.396829
1746718139868843,spam,trung_lap,0.1,,,[],,,False,False,2026-09-03T11:42:06.396829
1746880046519319,spam,tich_cuc,0.4,,,[],,,False,False,2026-09-03T11:42:06.396829
1746977929842864,spam,tich_cuc,0.8,,,[],,,False,False,2026-09-03T11:42:06.396829
1745914929949164,spam,trung_lap,0.0,,,[],,,False,False,2026-09-03T11:42:06.396829
1745919033282087,spam,trung_lap,0.0,none,,[],,Một tư vấn viên giới thiệu sản phẩm bảo hiểm của GEN chi trả 100% cho trẻ em 0-5 tuổi và để lại số điện thoại liên hệ.,True,True,2026-09-03T11:42:43.087812
1745932003280790,spam,trung_lap,0.1,none,,[],,Một người dùng gợi ý công ty bảo hiểm VBI.,False,True,2026-09-03T11:42:43.087812
1745933379947319,spam,trung_lap,0.1,none,,[],,Một người dùng gợi ý công ty bảo hiểm AIA.,False,True,2026-09-03T11:42:43.087812
1745933673280623,y_kien_trung_lap,tich_cuc,0.5,none,,[],Bảo hiểm cho trẻ thiếu men G6PD: Những điều cần biết; Quy trình thẩm định bảo hiểm cho bệnh di truyền lành tính,"Một tư vấn viên giải thích về việc thiếu men G6PD không ảnh hưởng đến việc mua bảo hiểm sức khỏe nếu bé sinh hoạt bình thường, đồng thời giới thiệu sản phẩm của Dai-ichi Life và mời liên hệ để được tư vấn chi tiết.",True,False,2026-09-03T11:42:43.087812
1745937373280253,y_kien_trung_lap,tich_cuc,0.6,none,,[],,,False,False,2026-09-03T11:42:43.087812
1745974803276510,spam,tich_cuc,0.5,none,,[],,"Một tư vấn viên Generali giới thiệu về thẻ sức khỏe cho trẻ em, nhấn mạnh quyền lợi chi trả 100% và không đồng chi trả, đồng thời mời inbox tư vấn.",True,True,2026-09-03T11:43:06.128408
1745978139942843,spam,tich_cuc,0.6,none,,[],,"Một chuyên viên quản lý khách hàng của Sun Life giới thiệu thẻ sức khỏe cho trẻ em dưới 6 tuổi, nhấn mạnh các ưu điểm như không đồng chi trả, chi trả xét nghiệm âm tính, tái tục ổn định và mời liên hệ tư vấn.",True,True,2026-09-03T11:43:06.128408
1745978743276116,spam,tich_cuc,0.6,none,,[],,"Một tư vấn viên Dai-ichi giới thiệu sản phẩm bảo hiểm cho bé 1 tuổi thiếu men G6PD, nêu bật các ưu điểm như bảo lãnh viện phí, chi phí hợp lý, bảo vệ bệnh bẩm sinh và mời inbox tư vấn.",True,True,2026-09-03T11:43:06.128408
1745910886616235,y_kien_trung_lap,trung_lap,-0.1,none,,"[""kho mua the suc khoe cho nguoi lon tuoi""]",bao hiem cho nguoi lon tuoi,Người dùng nhận định rằng có thể mua bảo hiểm nhân thọ cho bố nhưng khó mua thẻ sức khỏe.,False,False,2026-09-03T11:43:06.128408
1745911839949473,spam,tich_cuc,0.5,none,,[],,Một tư vấn viên giới thiệu thẻ sức khỏe của AIA có thời hạn bảo vệ đến 100 tuổi và mời tư vấn miễn phí.,True,True,2026-09-03T11:43:06.128408
1745912313282759,muon_tu_van,trung_lap,0.0,none,,[],,,False,False,2026-09-03T11:45:01.520862
1745912689949388,spam,trung_lap,0.0,none,,[],,Commenter là tư vấn viên mời chào tham gia bảo hiểm nhân thọ và thẻ bảo hiểm của AIA.,True,False,2026-09-03T11:45:01.520862
1745916749948982,y_kien_trung_lap,trung_lap,0.0,,,[],,,False,False,2026-09-03T11:45:01.520862
1745918199948837,spam,trung_lap,0.1,,,[],,,False,False,2026-09-03T11:45:01.520862
1745920169948640,y_kien_trung_lap,trung_lap,,,,[],,,False,False,2026-09-03T11:45:01.520862
1745924493281541,phan_van,trung_lap,0.1,none,,[],nhung luu y khi mua bao hiem cho nguoi lon tuoi,Người dùng đang phân vân về phương án mua bảo hiểm sức khỏe cho bố và đang tìm hiểu thêm về bảo hiểm nhân thọ cho bản thân và thẻ sức khỏe cho bố mẹ.,False,False,2026-09-03T11:45:28.086206
1745931289947528,spam,trung_lap,0.0,none,,[],,"Một tư vấn viên khuyên không nên mua bảo hiểm nhân thọ cho người lớn tuổi, gợi ý mua bảo hiểm nhân thọ cho bản thân kèm thẻ sức khỏe cho bố hoặc thẻ sức khỏe rời của Pacific, đồng thời cung cấp thông tin liên hệ để tư vấn chi tiết.",True,False,2026-09-03T11:45:28.086206
1745973289943328,phan_van,trung_lap,0.2,none,,[],so sanh cac goi bao hiem suc khoe cho nguoi lon tuoi,"Người dùng cảm ơn và cho biết đang hướng theo phương án mua bảo hiểm nhân thọ cho bản thân và thẻ chăm sóc sức khỏe cho bố, hiện đang tham khảo AIA vì thẻ có thể bảo vệ đến 100 tuổi.",False,False,2026-09-03T11:45:28.086206
1745987146608609,spam,trung_lap,0.0,none,,[],,"Một tư vấn viên gợi ý mua bảo hiểm nhân thọ cho bản thân và thẻ sức khỏe trọn đời của AIA cho bố, với thông tin chi tiết về tuổi tham gia và thời hạn bảo vệ.",True,False,2026-09-03T11:45:28.086206
1745987733275217,spam,trung_lap,0.0,none,,[],,Một người tự xưng là chuyên gia tư vấn giải pháp bảo hiểm và mời liên hệ qua Zalo.,True,True,2026-09-03T11:45:46.983746
1745996183274372,y_kien_trung_lap,trung_lap,0.2,none,,[],giai phap bao hiem cho bo me,"Một chuyên viên tư vấn của Sun Life đưa ra hai phương án bảo hiểm nhân thọ cho bố mẹ và giới thiệu thẻ sức khỏe Sống Chất 2.0 của Sun Life với các ưu điểm nổi bật, sau đó mời liên hệ để tư vấn chi tiết.",True,False,2026-09-03T11:45:46.983746
1746039253270065,y_kien_trung_lap,tich_cuc,0.3,none,,[],lua chon bao hiem cho bo me lon tuoi,"Một chuyên viên tư vấn tên Ninh đưa ra lời khuyên về việc mua bảo hiểm cho người bố 62 tuổi, tập trung vào thẻ chăm sóc sức khỏe và nhấn mạnh tầm quan trọng của hồ sơ sức khỏe, đồng thời mời liên hệ để tư vấn chi tiết.",True,False,2026-09-03T11:45:46.983746
1746090853264905,y_kien_trung_lap,trung_lap,0.1,none,,[],,Gợi ý mua bảo hiểm nhân thọ cho bản thân và thẻ sức khỏe cho bố.,False,False,2026-09-03T11:45:46.983746
1746095143264476,y_kien_trung_lap,trung_lap,0.0,none,,"[""loai tru benh co san""]",cac dieu khoan loai tru trong bao hiem,Nhận định rằng việc mua bảo hiểm ở thời điểm hiện tại có thể bị loại trừ các bệnh có sẵn và gợi ý tham khảo quy định của AIA hoặc Sun Life.,False,False,2026-09-03T11:45:46.983746
1746100086597315,y_kien_trung_lap,trung_lap,0.1,none,,[],tư vấn bảo hiểm cho người có bệnh nền,"Người dùng chia sẻ về tình trạng sức khỏe của bố và lời khuyên từ tư vấn viên về việc khám sức khỏe trước khi tham gia bảo hiểm, cũng như các điều khoản loại trừ cho bệnh nền.",False,False,2026-09-03T11:46:02.393737
1746103096597014,y_kien_trung_lap,trung_lap,0.1,none,,[],hướng dẫn kê khai sức khỏe khi mua bảo hiểm,Người dùng khuyên không nên tự ý đi khám trước khi tham gia bảo hiểm mà nên kê khai để bộ phận thẩm định quyết định.,False,False,2026-09-03T11:46:02.393737
1746104809930176,y_kien_trung_lap,tich_cuc,0.3,none,,[],,Người dùng bày tỏ lời cảm ơn.,False,False,2026-09-03T11:46:02.393737
1746162836591040,spam,trung_lap,0.0,none,,[],,Người dùng giới thiệu các công ty bảo hiểm AIA và Sun Life cùng tên các tư vấn viên cụ thể để hỗ trợ.,True,True,2026-09-03T11:46:02.393737
1746163766590947,y_kien_trung_lap,tich_cuc,0.3,none,,[],,Người dùng cảm ơn Nguyễn Thảo Generali.,False,False,2026-09-03T11:46:02.393737
1746221566585167,y_kien_trung_lap,tich_cuc,0.8,none,,[],,,False,False,2026-09-03T11:47:18.349192
1746449513229039,y_kien_trung_lap,trung_lap,0.05,none,,[],kinh nghiệm mua thẻ sức khoẻ rời cho người thân,Người dùng đặt câu hỏi về việc mua thẻ sức khoẻ rời cho chồng.,False,False,2026-09-03T11:47:18.349192
1746450059895651,y_kien_trung_lap,trung_lap,0.15,none,,"[""khó mua bảo hiểm do tiền sử bệnh""]",Giải pháp bảo hiểm sức khỏe cho người có tiền sử bệnh,Comment đưa ra lời khuyên về việc khó mua thẻ sức khỏe gắn với bảo hiểm nhân thọ do tiền sử bệnh và gợi ý phương án mua thẻ sức khỏe rời.,True,False,2026-09-03T11:47:18.349192
1746478743226116,y_kien_trung_lap,trung_lap,0.1,none,,[],Phân tích các loại thẻ sức khỏe do doanh nghiệp cung cấp và quyền lợi đi kèm,Người dùng chia sẻ về việc chồng mình chỉ mua được thẻ sức khỏe rời từ cơ quan.,False,False,2026-09-03T11:47:18.349192
1746655936541730,spam,trung_lap,0.0,none,,[],,Một người dùng mời inbox để gửi các phương án bảo hiểm Daiichi cho người quan tâm.,True,True,2026-09-03T11:47:18.349192
1745943679946289,spam,tich_cuc,0.7,none,,[],,"Một tư vấn viên Dai-ichi khẳng định người có tiền sử đau đầu và MRI bình thường vẫn có thể mua bảo hiểm, đồng thời giới thiệu sản phẩm thẻ sức khỏe và sản phẩm đầu tư của Dai-ichi.",True,True,2026-09-03T11:47:40.454988
1745944016612922,y_kien_trung_lap,trung_lap,0.1,none,,[],,Người dùng đưa ra ý kiến chung rằng vẫn có thể mua được bảo hiểm dù là của công ty nào.,False,False,2026-09-03T11:47:40.454988
1745951283278862,muon_tu_van,tich_cuc,0.5,none,,[],tư vấn bảo hiểm cho người có tiền sử bệnh nhẹ,Người dùng chia sẻ về tình trạng sức khỏe đã ổn định sau điều trị và mong muốn mua bảo hiểm nhân thọ cùng thẻ sức khỏe.,False,False,2026-09-03T11:47:40.454988
1745961406611183,spam,tich_cuc,0.6,none,,[],,Một tư vấn viên AIA mời người dùng gửi hồ sơ sức khỏe để được tư vấn về khả năng tham gia bảo hiểm và các phương án phù hợp.,True,True,2026-09-03T11:47:40.454988
1745965323277458,spam,tich_cuc,0.6,none,,[],,Một tư vấn viên Generali mời người dùng inbox tư vấn và thông báo chương trình khuyến mãi 20% phí thẻ sức khỏe của Generali.,True,True,2026-09-03T11:47:40.454988
1745971873276803,y_kien_trung_lap,trung_lap,0.1,none,,[],huong dan cung cap thong tin bao hiem,Một người dùng khuyên người khác cung cấp hồ sơ y tế để được tư vấn rõ hơn và nhắc nhở che thông tin cá nhân.,True,False,2026-09-03T11:47:56.955782
1745975963276394,spam,tich_cuc,0.5,none,,[],,Một chuyên viên quản lý khách hàng của Sun Life giới thiệu thẻ Sống Chất 2.0 với các ưu điểm nổi bật và mời liên hệ để được tư vấn chi tiết.,True,True,2026-09-03T11:47:56.955782
1745985416608782,spam,tich_cuc,0.5,none,,[],,Một người dùng chia sẻ về trường hợp khách hàng bị stress công việc và giới thiệu thẻ chăm sóc sức khỏe của Dai-ichi Life có thể bảo vệ toàn diện.,True,True,2026-09-03T11:47:56.955782
1745991493274841,muon_tu_van,trung_lap,0.2,none,,"[""tu chi tra chi phi y te""]",huong dan chon bao hiem nhan tho va the cham soc suc khoe,"Người dùng chia sẻ trải nghiệm tự chi trả chi phí y tế, bày tỏ mong muốn tìm hiểu về bảo hiểm nhân thọ và thẻ sức khỏe từ cùng một hãng cho tiện lợi.",False,False,2026-09-03T11:47:56.955782
1745992746608049,phan_van,trung_lap,0.0,none,,[],mua bao hiem sau khi ra vien,Người dùng hỏi liệu việc mua bảo hiểm sau khi mới ra viện có bị áp dụng điều khoản loại trừ hay không.,False,False,2026-09-03T11:47:56.955782
1745997123274278,y_kien_trung_lap,trung_lap,0.0,none,,[],quy trinh tham dinh ho so suc khoe,"Một người dùng yêu cầu cung cấp thông tin chẩn đoán, đơn thuốc và lịch sử bệnh để đưa ra dự đoán chính xác nhất.",False,False,2026-09-03T11:49:00.013672
1745998536607470,spam,trung_lap,0.1,none,,[],,"Một tư vấn viên của Generali đưa ra lời khuyên về việc chuẩn bị hồ sơ thẩm định và tự giới thiệu bản thân, mời khách hàng liên hệ để được tư vấn.",True,True,2026-09-03T11:49:00.013672
1746002499940407,spam,trung_lap,0.1,none,,[],,,False,False,2026-09-03T11:49:00.013672
1746006596606664,y_kien_trung_lap,trung_lap,0.0,,,[],,,False,False,2026-09-03T11:49:00.013672
1746008183273172,spam,trung_lap,0.0,none,,[],,Người dùng gặp vấn đề kỹ thuật khi không thể tải ảnh lên bài viết và xin phép đăng ảnh dưới phần bình luận.,False,False,2026-09-03T11:49:00.013672
1746008613273129,y_kien_trung_lap,trung_lap,0.1,none,,[],,Người dùng chia sẻ việc không cần dùng thuốc đã được bác sĩ kê trong hơn nửa tháng.,False,False,2026-09-03T11:49:20.523754
1746008676606456,y_kien_trung_lap,trung_lap,0.0,none,,[],,Người dùng thông báo chỉ nằm viện 4 ngày.,False,False,2026-09-03T11:49:20.523754
1746020906605233,y_kien_trung_lap,trung_lap,0.0,none,,[],,Người dùng yêu cầu Cogaivatva88 đính kèm thêm thông tin.,False,False,2026-09-03T11:49:20.523754
1746021623271828,san_pham_giai_phap,trung_lap,-0.1,none,,[],Tìm hiểu điều kiện tham gia bảo hiểm sức khỏe,"Người dùng nhận định rằng nếu sức khỏe vượt quá giới hạn chịu đựng thì sẽ bị ảnh hưởng, và công ty bảo hiểm có thể không cấp hợp đồng nếu công việc tiềm ẩn rủi ro sức khỏe dài hạn.",False,False,2026-09-03T11:49:20.523754
1746023916604932,y_kien_trung_lap,tich_cuc,0.6,none,,[],,"Người dùng giải thích rằng giai đoạn bận rộn vừa qua là do chuyển đổi số, nhưng hiện tại nhân lực đã đủ và công việc ổn định, sắp tới sẽ được làm việc thoải mái hơn.",False,False,2026-09-03T11:49:20.523754
1746030753270915,y_kien_trung_lap,trung_lap,0.0,none,,[],,Người dùng thông báo Cogaivatva88 đã đính kèm lịch hiện tại.,False,False,2026-09-03T11:49:37.338418
1746043783269612,spam,trung_lap,0.1,none,,[],,Một tư vấn viên đưa ra lời khuyên về kết quả MRI và mời liên hệ để tư vấn bảo hiểm Dai-ichi.,True,False,2026-09-03T11:49:37.338418
1746059169934740,muon_tu_van,trung_lap,0.1,none,,[],,Người dùng yêu cầu Hường Phạm xem giúp ảnh kết quả đã tải lên.,False,False,2026-09-03T11:49:37.338418
1746061146601209,spam,trung_lap,0.2,none,,[],,Một tư vấn viên xác nhận khả năng mua bảo hiểm và giới thiệu sản phẩm thẻ sức khỏe của Sun Life.,True,False,2026-09-03T11:49:37.338418
1746092839931373,spam,trung_lap,0.1,none,,[],,Một tư vấn viên xác nhận người hỏi có thể tham gia bảo hiểm và mời inbox để được tư vấn.,True,False,2026-09-03T11:49:37.338418
1746108096596514,phan_van,trung_lap,0.1,none,,[],"giai dap thac mac ve dieu khoan loai tru, thoi gian cho khi tham gia bao hiem, tu van mua bao hiem cho nguoi co benh nen","Người dùng đang phân vân và hỏi về khả năng tham gia bảo hiểm, các điều khoản loại trừ và thời gian chờ, sau khi nhận được thông tin từ tư vấn viên.",False,False,2026-09-03T11:49:50.728971
1746138593260131,y_kien_trung_lap,trung_lap,-0.2,none,,"[""bi loai tru bao hiem"", ""khong biet thoi gian tham dinh lai""]","quy trinh tham dinh lai bao hiem, cach xu ly khi bi loai tru bao hiem, kinh nghiem mua bao hiem cho tre em",Người dùng chia sẻ kinh nghiệm con mình vẫn bị loại trừ bảo hiểm sau 2 năm và không rõ thời gian để được thẩm định lại.,False,False,2026-09-03T11:49:50.728971
1746147429925914,y_kien_trung_lap,tich_cuc,0.3,none,,[],"quy trinh tham dinh ho so bao hiem, vai tro va trach nhiem cua tu van vien, huong dan lam ho so bao hiem","Comment giải thích quy trình nộp hồ sơ và thẩm định bảo hiểm, nhấn mạnh vai trò của tư vấn viên là hỗ trợ khách hàng chứ không có quyền quyết định việc mua bảo hiểm.",True,False,2026-09-03T11:49:50.728971
1746149473259043,khen,tich_cuc,0.8,none,,[],,Người dùng bày tỏ sự hài lòng và cảm ơn về câu trả lời đã nhận được.,False,False,2026-09-03T11:49:50.728971
1746155686591755,khen,tich_cuc,0.8,none,,[],,Người dùng bày tỏ sự vui mừng và cảm ơn về phản hồi nhận được.,False,False,2026-09-03T11:50:17.030233
1746171163256874,khen,tich_cuc,0.7,none,,[],,Người dùng bày tỏ lời cảm ơn.,False,False,2026-09-03T11:50:17.030233
1746199113254079,y_kien_trung_lap,trung_lap,0.2,none,,[],"tư vấn bảo hiểm cho người có tiền sử bệnh, hướng dẫn kê khai hồ sơ bảo hiểm, điều khoản loại trừ trong bảo hiểm sức khỏe","Một tư vấn viên cung cấp thông tin chi tiết về khả năng tham gia bảo hiểm nhân thọ và thẻ sức khỏe cho người có tiền sử đau nửa đầu, bao gồm các lưu ý về kê khai trung thực, hồ sơ y tế và điều khoản loại trừ.",True,False,2026-09-03T11:50:17.030233
1746247446582579,spam,trung_lap,0.1,none,,[],,Một tư vấn viên yêu cầu người dùng gửi giấy tờ để được tư vấn giải quyết cụ thể.,True,True,2026-09-03T11:50:17.030233
1746480529892604,spam,trung_lap,0.1,none,,[],,,False,False,2026-09-03T11:50:17.030233
1746482286559095,spam,trung_lap,0.1,none,,[],,"Một tư vấn viên Dai-ichi Life giới thiệu sản phẩm bảo hiểm nhân thọ và thẻ chăm sóc sức khỏe, đồng thời mời khách hàng liên hệ để được tư vấn cụ thể về trường hợp đã từng nằm viện.",True,False,2026-09-03T11:50:35.794068
1746499059890751,y_kien_trung_lap,tich_cuc,0.5,none,,[],,Người dùng bày tỏ lời cảm ơn.,False,False,2026-09-03T11:50:35.794068
1745933699947287,y_kien_trung_lap,trung_lap,0.0,none,,[],muc do su dung the bao hiem manulife,Người dùng thắc mắc về mức độ sử dụng thẻ bảo hiểm của Manulife.,False,False,2026-09-03T11:50:35.794068
1745940906613233,spam,trung_lap,0.2,none,,[],,Một tư vấn viên Manulife thừa nhận thẻ bảo hiểm của Manulife không mạnh bằng một số đối thủ nhưng nhấn mạnh lợi thế của Manulife ở giải pháp bảo hiểm toàn diện.,True,False,2026-09-03T11:50:35.794068
1745976953276295,spam,trung_lap,0.2,none,,[],,"Một chuyên viên quản lý khách hàng của Sun Life Vietnam chia sẻ các tiêu chí chọn thẻ sức khỏe cho trẻ em, so sánh với Manulife và giới thiệu chi tiết các ưu điểm của Sun Life, đồng thời mời liên hệ để được tư vấn.",True,False,2026-09-03T11:50:35.794068
1746017609938896,spam,trung_lap,0.1,none,,[],,"Một tư vấn viên AIA giới thiệu chi tiết về quyền lợi thẻ bảo hiểm sức khỏe của AIA, nhấn mạnh các ưu điểm so với các công ty khác và đưa ra mức phí tham khảo.",True,False,2026-09-03T11:50:51.745142
1746063663267624,spam,trung_lap,0.1,none,,[],,Một tư vấn viên giới thiệu thẻ bảo hiểm sức khỏe của Sun Life với các ưu điểm về bảo lãnh viện phí và chi trả.,True,False,2026-09-03T11:50:51.745142
1746077139932943,spam,trung_lap,0.0,none,,[],,Một người dùng mời inbox để cung cấp thông tin về bảo hiểm Dai-ichi.,True,False,2026-09-03T11:50:51.745142
1746085649932092,spam,trung_lap,0.1,none,,[],,"Một tư vấn viên giới thiệu sản phẩm bảo hiểm của Dai-ichi, nhấn mạnh các ưu điểm về chi phí, quyền lợi và bảo lãnh viện phí, đồng thời gợi ý về Manulife.",True,False,2026-09-03T11:50:51.745142
1746089019931755,spam,trung_lap,0.0,none,,[],,Một người dùng thông báo Manulife không bán thẻ và mời inbox để được tư vấn.,True,False,2026-09-03T11:50:51.745142
1746116469929010,spam,trung_lap,0.0,none,,[],,"Một tư vấn viên giới thiệu sản phẩm bảo hiểm Dai-ichi Life, nêu rõ điều kiện mua thẻ sức khỏe, phí nhân thọ tối thiểu, lãi suất cam kết và các quyền lợi khác, kèm theo thông tin liên hệ.",True,False,2026-09-03T11:51:06.270000
1746123576594966,so_sanh_chung,tich_cuc,0.4,none,,[],"loi ich bao hiem cho tre em, so sanh the suc khoe cac hang, uy tin thuong hieu bao hiem","Người dùng so sánh thẻ sức khỏe của Manulife cho trẻ em, cho rằng không có lợi thế trước mắt nhưng vẫn được nhiều khách hàng lựa chọn vì mục tiêu tài chính lâu dài và uy tín thương hiệu, đồng thời chia sẻ kinh nghiệm làm việc và là khách hàng của Manulife.",True,True,2026-09-03T11:51:06.270000
1746196113254379,spam,trung_lap,0.0,none,,[],,"Một tư vấn viên tên Huyền giới thiệu một phương án bảo hiểm sức khỏe cho bé với ngân sách khoảng 10 triệu/năm, liệt kê các quyền lợi chi trả y tế và hỗ trợ tại bệnh viện, đồng thời mời liên hệ qua Messenger hoặc Zalo để được tư vấn chi tiết.",True,False,2026-09-03T11:51:06.270000
1746451913228799,spam,trung_lap,0.0,none,,[],,"Một tư vấn viên tên Vy giới thiệu dòng thẻ sức khỏe đính kèm nhân thọ với các ưu điểm như cam kết tái tục, không tăng phí hoặc cắt thẻ khi sử dụng nhiều, và mời liên hệ qua Zalo để được tư vấn chi tiết.",True,False,2026-09-03T11:51:06.270000
1746451956562128,spam,trung_lap,0.0,none,,[],,"Một tư vấn viên tên Vy giới thiệu dòng thẻ sức khỏe đính kèm nhân thọ với các ưu điểm như cam kết tái tục, không tăng phí hoặc cắt thẻ khi sử dụng nhiều, và mời liên hệ qua Zalo để được tư vấn chi tiết.",True,False,2026-09-03T11:51:06.270000
1746497963224194,spam,tich_cuc,0.7,none,,[],,"Một tư vấn viên giới thiệu gói bảo hiểm sức khỏe AIA cho trẻ em với nhiều quyền lợi và quy trình bồi thường nhanh chóng, đồng thời mời liên hệ để được tư vấn chi tiết.",True,True,2026-09-03T11:51:21.764328
1745909909949666,khen,tich_cuc,0.7,none,,[],loi ich khi su dung bao hiem aia,Người dùng bày tỏ sự hài lòng và khuyên nên chuyển sang sử dụng bảo hiểm AIA.,False,False,2026-09-03T11:51:21.764328
1745917859948871,y_kien_trung_lap,trung_lap,0.1,none,,[],chi tiet ve dong chi tra cho tre em,Người dùng giải thích về chính sách đồng chi trả của AIA áp dụng cho trẻ em dưới 4 tuổi tại bệnh viện tư nhân và các điều khoản loại trừ bệnh có trước.,False,False,2026-09-03T11:51:21.764328
1745918859948771,y_kien_trung_lap,trung_lap,0.1,none,,[],quy dinh dong chi tra theo do tuoi va loai benh vien,Người dùng cung cấp thông tin về việc không áp dụng đồng chi trả cho trẻ em dưới 5 tuổi khi sử dụng bảo hiểm tại bệnh viện công.,False,False,2026-09-03T11:51:21.764328
1745922373281753,y_kien_trung_lap,trung_lap,0.0,none,,[],,Người dùng chia sẻ thông tin về thành viên gia đình.,False,False,2026-09-03T11:51:39.362407
1745935436613780,khen,tich_cuc,0.5,none,,[],loi ich cua viec khong dong chi tra,Người dùng bày tỏ sự hài lòng về việc không phải lo lắng về đồng chi trả và giới hạn phụ khi nằm viện.,False,False,2026-09-03T11:51:39.362407
1745975123276478,y_kien_trung_lap,trung_lap,0.1,none,,[],cac truong hop loai tru trong bao hiem y te,Người dùng giải thích về việc loại trừ các chi phí xét nghiệm âm tính nhỏ trong bảo hiểm.,False,False,2026-09-03T11:51:39.362407
1745977999942857,y_kien_trung_lap,trung_lap,0.2,none,,[],huong dan doc dieu khoan bao hiem,"Người dùng chia sẻ kinh nghiệm về bảo hiểm, nhấn mạnh sự phức tạp của bệnh tật và điều trị, tầm quan trọng của điều khoản và tốc độ chi trả giữa các công ty.",False,False,2026-09-03T11:51:39.362407
1745980353275955,so_sanh_chung,tich_cuc,0.6,none,,[],loi ich khi tham gia bao hiem gia dinh,"Người dùng so sánh tốc độ chi trả và quyền lợi giữa Sun Life và Generali, nhấn mạnh vai trò của tư vấn viên trong việc hỗ trợ kỹ thuật và các lợi ích khi tham gia bảo hiểm gia đình của Sun Life.",True,True,2026-09-03T11:51:39.362407
1745988359941821,spam,tich_cuc,0.8,none,,[],,,False,False,2026-09-03T11:53:35.655635
1745994269941230,spam,trung_lap,0.0,,,[],,,False,False,2026-09-03T11:53:35.655635
1746054693268521,spam,tich_cuc,0.5,,,[],,,False,False,2026-09-03T11:53:35.655635
1746094389931218,y_kien_trung_lap,trung_lap,0.0,none,,[],,,False,False,2026-09-03T11:53:35.655635
1746651019875555,check_chi_phi,trung_lap,0.1,none,,"[""pham vi bao hiem khong ro""]",Giai thich chi tiet cac khoan chi phi duoc bao gom trong goi bao hiem phau thuat,"Nguoi dung thac mac ve pham vi chi tra cua goi bao hiem phau thuat 60 trieu dong, cu the la lieu chi phi nay da bao gom tien giuong va cac chi phi khac hay chi rieng phau thuat.",False,False,2026-09-03T11:53:35.655635
1746654096541914,spam,trung_lap,0.1,none,,[],,Commenter gợi ý tham khảo Daiichi vì phí và quyền lợi cạnh tranh trên thị trường.,True,True,2026-09-03T11:53:56.491441
1746685139872143,y_kien_trung_lap,trung_lap,0.2,none,,[],giai thich han muc bao hiem benh hiem ngheo,"Commenter giải thích về hạn mức bảo hiểm 60 triệu VND bao gồm, và 120 triệu VND cho điều trị trong ngày, bệnh hiểm nghèo như ung thư, đột quỵ, nhồi máu cơ tim, cấy ghép tạng mà không bị ràng buộc giới hạn phụ.",True,False,2026-09-03T11:53:56.491441
1746717979868859,spam,tich_cuc,0.5,none,,[],,"Một tư vấn viên của Daiichi giới thiệu sản phẩm của công ty, nhấn mạnh quy trình bồi thường nhanh chóng, thẻ sức khỏe hạn mức cao với chi phí hợp lý, và kinh nghiệm cá nhân để mời tư vấn.",True,True,2026-09-03T11:53:56.491441
1745938613280129,y_kien_trung_lap,trung_lap,0.0,none,,[],thong tin ve chuong trinh bao hiem moi,Commenter đặt câu hỏi về việc liệu đây có phải là một chương trình mới.,False,False,2026-09-03T11:53:56.491441
1745939949946662,y_kien_trung_lap,trung_lap,0.1,none,,[],,Commenter xác nhận rằng đó là một chương trình mới và có thể là một trải nghiệm gần đây.,False,False,2026-09-03T11:53:56.491441
1745962899944367,muon_tu_van,trung_lap,0.1,none,,[],,Người dùng bày tỏ sự quan tâm đến chủ đề bảo hiểm.,False,False,2026-09-03T11:54:08.863811
1745964223277568,spam,trung_lap,0.0,none,,[],,"Một tư vấn viên Generali giới thiệu thẻ bảo hiểm sức khỏe cho trẻ em với ưu đãi giảm phí và quyền lợi chi trả 100% không đồng chi, mời inbox tư vấn.",True,False,2026-09-03T11:54:08.863811
1745964463277544,spam,trung_lap,0.0,none,,[],,Một tư vấn viên mời inbox để tư vấn bảo hiểm Generali chi trả 100% cho trẻ.,True,False,2026-09-03T11:54:08.863811
1745967319943925,spam,trung_lap,0.0,none,,[],,"Một tư vấn viên giới thiệu thẻ bảo hiểm sức khỏe Dai-ichi Life với các quyền lợi nội trú, ngoại trú và điều kiện phí nhân thọ tối thiểu, mời inbox tư vấn.",True,False,2026-09-03T11:54:08.863811
1745971939943463,spam,trung_lap,0.0,none,,[],,"Một tư vấn viên Dai-ichi Life giới thiệu thẻ bảo hiểm sức khỏe gắn nhân thọ cho trẻ nhỏ, nhấn mạnh các ưu điểm về bảo lãnh viện phí, quyền lợi chi trả và bảo vệ bệnh bẩm sinh, mời inbox tư vấn.",True,False,2026-09-03T11:54:08.863811
1745972059943451,spam,trung_lap,0.0,none,,[],,"Một tư vấn viên giới thiệu thẻ bảo hiểm Gen với ưu đãi chi trả 100% chi phí bệnh viện và chương trình giảm giá 30%, mời inbox để biết thêm thông tin.",True,True,2026-09-03T11:54:24.857983
1745974929943164,spam,trung_lap,0.0,none,,[],,"Một tư vấn viên giới thiệu sản phẩm bảo hiểm Sun Life cho trẻ em từ 30 ngày tuổi với các quyền lợi như không đồng chi trả, chi trả xét nghiệm, vitamin, thuốc bổ, tiền giường tách riêng và cam kết giảm phí hàng năm cho bé từ 0-5 tuổi, kèm theo thông tin liên hệ.",True,True,2026-09-03T11:54:24.857983
1745979639942693,spam,trung_lap,0.0,none,,[],,"Một người dùng giới thiệu thẻ bảo hiểm Gen có bảo lãnh tại Bệnh viện Nhi Trung ương và Hồng Ngọc, không đồng chi trả.",True,True,2026-09-03T11:54:24.857983
1745986199942037,spam,trung_lap,0.0,none,,[],,"Một tư vấn viên tên Linh của Dai-ichi Life với 10 năm kinh nghiệm giới thiệu chi tiết gói bảo hiểm cho trẻ em, bao gồm bảo lãnh trực tiếp tại bệnh viện, chi trả 100% chi phí ngoại trú sau 30 ngày chờ, chi trả 70% nội trú cho bé dưới 6 tuổi (có giải pháp bù đắp) và 100% từ 6 tuổi, yêu cầu kết hợp với gói nhân thọ tối thiểu 8 triệu/năm.",True,True,2026-09-03T11:54:24.857983
1745989076608416,spam,trung_lap,0.0,none,,[],,"Một tư vấn viên giới thiệu kinh nghiệm hỗ trợ nhiều hợp đồng bảo hiểm cho trẻ em khám và điều trị tại các bệnh viện lớn, mời inbox để được tư vấn gói phù hợp.",True,True,2026-09-03T11:54:24.857983
1745997556607568,y_kien_trung_lap,tich_cuc,0.3,none,,[],huong dan chon bao hiem suc khoe cho be,"Một tư vấn viên cung cấp các tiêu chí và câu hỏi cần thiết để lựa chọn bảo hiểm sức khỏe cho bé, đồng thời mời inbox để được tư vấn chi tiết từ nhiều hãng.",True,False,2026-09-03T11:54:49.279502
1746064849934172,spam,trung_lap,0.2,none,,[],,"Một tư vấn viên giới thiệu thẻ Sống Chất của Sun Life với các ưu điểm như bảo lãnh trực tiếp, không đồng chi trả, phí ổn định và quy trình claim nhanh chóng, mời liên hệ để được hỗ trợ chi tiết.",True,False,2026-09-03T11:54:49.279502
1746071649933492,spam,trung_lap,0.1,none,,[],,"Một tư vấn viên hỏi về loại thẻ sức khỏe mong muốn (rời hay tích lũy) và ngân sách để tư vấn cho bé, đồng thời mời inbox để được hỗ trợ với bảng so sánh chi tiết.",True,False,2026-09-03T11:54:49.279502
1746090623264928,spam,trung_lap,0.0,none,,[],,Một tư vấn viên mời người dùng nhắn tin riêng để được tư vấn.,True,False,2026-09-03T11:54:49.279502
1746131479927509,spam,trung_lap,0.2,none,,[],,,False,False,2026-09-03T11:54:49.279502
1746195589921098,spam,trung_lap,0.0,none,,[],,Một tư vấn viên giới thiệu chi tiết về quyền lợi của thẻ sức khỏe y tế cho bé và mời liên hệ để được tư vấn.,True,False,2026-09-03T11:55:12.723931
1746452379895419,spam,trung_lap,0.0,none,,[],,Một tư vấn viên giới thiệu thẻ sức khỏe đính kèm nhân thọ với các ưu điểm và mời liên hệ qua Zalo.,True,False,2026-09-03T11:55:12.723931
1746452416562082,spam,trung_lap,0.0,none,,[],,Một tư vấn viên giới thiệu thẻ sức khỏe đính kèm nhân thọ với các ưu điểm và mời liên hệ qua Zalo.,True,False,2026-09-03T11:55:12.723931
1746592919881365,spam,trung_lap,0.0,none,,[],,Một tư vấn viên hỏi về loại thẻ bảo hiểm khách hàng quan tâm và mời inbox để được tư vấn.,True,False,2026-09-03T11:55:12.723931
1746062893267701,phan_van,trung_lap,0.1,none,,[],so sanh cac goi bao hiem thai san,Người dùng hỏi bên bảo hiểm nào tốt.,False,False,2026-09-03T11:55:30.019787
1746063256600998,y_kien_trung_lap,tich_cuc,0.4,none,,[],loi ich cua bao hiem thai san ket hop bao hiem nhan tho,Comment giải thích về quyền lợi thai sản của thẻ chăm sóc sức khỏe AIA và khuyên nên cân nhắc bảo hiểm thai sản gắn kèm trong gói bảo hiểm nhân thọ để đảm bảo quyền lợi lâu dài cho mẹ và bé.,True,False,2026-09-03T11:55:30.019787
1746065569934100,spam,trung_lap,0.1,none,,[],,"Comment tư vấn rằng bảo hiểm thai sản có nhiều gói và hạn mức, khuyên người dùng nên chọn gói phù hợp dựa trên bệnh viện dự kiến và chi phí sinh, đồng thời giới thiệu gói Xanh Hạnh Phúc.",True,True,2026-09-03T11:55:30.019787
1746069879933669,spam,trung_lap,0.1,none,,[],,"Comment giới thiệu Sun Life cho bảo hiểm thai sản nếu có kế hoạch sinh ở bệnh viện tư hoặc quốc tế, nhấn mạnh quyền lợi không giới hạn phòng đơn tiêu chuẩn và chi trả xét nghiệm theo chi phí y tế.",True,True,2026-09-03T11:55:30.019787
1746070119933645,spam,trung_lap,0.0,none,,[],,"Comment khen ngợi người dùng chu đáo khi tìm hiểu bảo hiểm thai sản, sau đó đưa ra lời khuyên về quyền lợi sức khỏe toàn diện cho vợ và bé, và cuối cùng mời người dùng liên hệ qua Zalo để được tư vấn và so sánh các phương án, bao gồm Bảo Việt.",True,True,2026-09-03T11:55:30.019787
1746071189933538,spam,trung_lap,0.0,none,,[],,Một tư vấn viên bảo hiểm mời chào tư vấn chi tiết về bảo hiểm thai sản và để lại số điện thoại liên hệ.,True,False,2026-09-03T11:57:10.913123
1746073229933334,spam,trung_lap,0.2,,,[],,,False,False,2026-09-03T11:57:10.913123
1746078949932762,spam,tich_cuc,0.8,none,,[],,"Comment giới thiệu chi tiết gói bảo hiểm thai sản Fuse Care của Techcombank, nhấn mạnh các quyền lợi như phí rẻ, hạn mức sinh cao, chi trả khám thai và IVF, đồng thời mời tư vấn.",True,False,2026-09-03T11:57:10.913123
1746082296599094,y_kien_trung_lap,trung_lap,0.1,none,,[],kinh nghiem chon cong ty bao hiem,Người bình luận hỏi người tham gia ẩn danh đã quyết định mua bảo hiểm của công ty nào.,False,False,2026-09-03T11:57:10.913123
1746089679931689,muon_tu_van,trung_lap,0.1,none,,[],lua chon goi bao hiem thai san,Người dùng hỏi về bảo hiểm thai sản cho vợ và được giới thiệu gói bảo hiểm chi trả tại các bệnh viện công và tư.,True,False,2026-09-03T11:58:36.976176
1746097909930866,spam,trung_lap,0.0,none,,[],,Một tài khoản mời người dùng nhắn tin riêng nếu quan tâm.,True,False,2026-09-03T11:58:36.976176
1746128073261183,y_kien_trung_lap,trung_lap,0.1,none,,[],"hướng dẫn tìm hiểu các gói bảo hiểm, so sánh các công ty bảo hiểm",Người dùng chia sẻ rằng họ mới chỉ biết về Bảo Việt và chưa tìm hiểu sâu về các lựa chọn khác.,False,False,2026-09-03T11:58:36.976176
1746158443258146,spam,trung_lap,0.1,,,[],,,False,False,2026-09-03T11:58:36.976176
1746286459912011,spam,tich_cuc,0.8,none,,[],,"Comment giới thiệu sản phẩm bảo hiểm thai sản của AIA bao gồm cả sức khỏe mẹ sau sinh và em bé, nhấn mạnh lợi ích tiết kiệm.",True,True,2026-09-03T11:58:36.976176
1746399139900743,so_sanh_chung,trung_lap,0.2,none,,[],"So sánh các gói bảo hiểm thai sản cho IVF và sinh mổ; Lựa chọn bảo hiểm thai sản theo nhu cầu (chi phí, quyền lợi)","Commenter so sánh các gói bảo hiểm thai sản từ Sun Life, Techcom, BIC dựa trên quyền lợi IVF, bệnh viện quốc tế, chi phí và ưu tiên sinh mổ, đồng thời hỏi thêm thông tin để tư vấn.",True,False,2026-09-03T11:59:00.448658
1746407113233279,spam,trung_lap,0.0,none,,[],,"Commenter để lại một câu ngắn gọn ""E tham khảo nhé"" kèm hashtag.",False,True,2026-09-03T11:59:00.448658
1746445829896074,spam,trung_lap,0.1,none,,[],,"Vy tự giới thiệu là tư vấn viên bảo hiểm thai sản, có khả năng so sánh các hãng và chi phí bệnh viện, mời người dùng liên hệ Zalo để được tư vấn chi tiết.",True,False,2026-09-03T11:59:00.448658
1746508273223163,y_kien_trung_lap,tich_cuc,0.4,none,,[],Các kênh phân phối bảo hiểm MIC; Đảm bảo uy tín khi mua bảo hiểm qua đại lý,"Commenter khẳng định bảo hiểm MIC được phân phối qua nhiều kênh đại lý tổ chức, giúp người dùng yên tâm.",False,True,2026-09-03T11:59:00.448658
1746519553222035,y_kien_trung_lap,trung_lap,0.1,none,,[],Chọn kênh mua bảo hiểm sức khỏe: qua công ty hay đại lý?; Sự khác biệt về chuyên môn giữa nhân viên công ty và đại lý bảo hiểm,"Commenter nhận định nhân viên công ty thường bán sản phẩm xe ô tô và tài sản nhiều hơn, trong khi bảo hiểm sức khỏe nên mua qua các kênh đại lý để được tư vấn hiểu rõ sản phẩm hơn.",False,False,2026-09-03T11:59:00.448658
1746530663220924,khen,tich_cuc,0.7,none,,[],,Người dùng khen ngợi hai người có kiến thức sâu rộng về bảo hiểm.,False,False,2026-09-03T11:59:10.154223
1746534029887254,spam,trung_lap,0.0,none,,[],,Người dùng mời inbox nếu quan tâm.,True,False,2026-09-03T11:59:10.154223
1746552009885456,spam,trung_lap,0.1,none,,[],,Người dùng giới thiệu liên hệ Nguyễn Hoa để được tư vấn.,True,False,2026-09-03T11:59:10.154223
1746583203215670,spam,trung_lap,0.0,none,,[],,Comment chỉ chứa một dấu chấm.,False,False,2026-09-03T11:59:10.154223
1746873216520002,y_kien_trung_lap,tich_cuc,0.6,none,,[],loi ich bao hiem suc khoe,"Một tư vấn viên chia sẻ trường hợp thực tế về việc hỗ trợ khách hàng claim bảo hiểm MIC Care với số tiền lớn và quy trình nhanh chóng, đồng thời mời tư vấn.",True,True,2026-09-03T11:59:10.154223
1746978089842848,muon_tu_van,trung_lap,0.1,none,,[],,Người dùng muốn inbox hai chuyên gia tên Nguyễn HoaZương Zuồi.,False,False,2026-09-03T11:59:29.444213
1747016159839041,spam,trung_lap,0.0,none,,[],,Người dùng mời inbox để tư vấn phương án bảo hiểm chỉ 1.6 triệu/năm bao gồm nội trú và ngoại trú.,True,False,2026-09-03T11:59:29.444213
1746483243225666,spam,trung_lap,0.0,none,,[],,"Người dùng giới thiệu thẻ chăm sóc sức khỏe trọn đời của AIA cho mẹ và bé, mời inbox hoặc Zalo để được tư vấn.",True,False,2026-09-03T11:59:29.444213
1746491629891494,y_kien_trung_lap,trung_lap,0.2,none,,[],"thoi diem mua bao hiem cho me va be, loi ich bao hiem cho thai ky va sau sinh, cach them the suc khoe cho be vao hop dong me","Người dùng chúc mừng và tư vấn về thời điểm tham gia bảo hiểm cho mẹ và bé, giới thiệu sản phẩm AIA, lưu ý về chi phí thai sản hiện tại không được chi trả và cách thêm thẻ sức khỏe cho bé sau sinh.",True,False,2026-09-03T11:59:29.444213
1746499369890720,y_kien_trung_lap,trung_lap,0.2,none,,[],"loi ich bao hiem cho tre em, thoi diem mua bao hiem cho me va be, quyen loi dac biet cua bao hiem tre em","Người dùng tư vấn nên mua bảo hiểm cho mẹ sớm trong thai kỳ và cho con sau 30 ngày tuổi, đồng thời giới thiệu các quyền lợi rộng của Sun Life cho trẻ em như không đồng chi trả, chi trả xét nghiệm và vitamin, tiền giường tách riêng, và tái tục ổn định với phí giảm.",True,False,2026-09-03T11:59:29.444213
1746505106556813,so_sanh_chung,tich_cuc,0.6,none,,[],,,False,False,2026-09-03T12:00:59.832760
1746506219890035,spam,trung_lap,0.1,none,,[],,"Một tư vấn viên Daiichi Life giới thiệu bản thân và quảng bá sản phẩm thẻ sức khỏe gắn nhân thọ cho trẻ nhỏ, nêu bật các ưu điểm về chi phí, quyền lợi và mời inbox để tư vấn chi tiết.",True,False,2026-09-03T12:00:59.832760
1746509369889720,spam,trung_lap,0.15,none,,[],,"Một tư vấn viên giới thiệu sản phẩm thẻ sức khỏe đính kèm nhân thọ với các ưu điểm về tái tục và phí, đồng thời mời liên hệ qua Zalo để được tư vấn chi tiết.",True,False,2026-09-03T12:00:59.832760
1746509446556379,spam,trung_lap,0.15,none,,[],,"Một tư vấn viên giới thiệu sản phẩm thẻ sức khỏe đính kèm nhân thọ với các ưu điểm về tái tục và phí, đồng thời mời liên hệ qua Zalo để được tư vấn chi tiết.",True,False,2026-09-03T12:00:59.832760
1746562613217729,spam,trung_lap,0.1,,,[],,,False,False,2026-09-03T12:00:59.832760
1746654956541828,spam,trung_lap,0.0,none,,[],,Một người mời inbox để gửi phương án bảo hiểm.,True,True,2026-09-03T12:01:26.503937
1747252566482067,spam,trung_lap,0.1,none,,[],,"Một tư vấn viên giới thiệu sản phẩm bảo hiểm sức khỏe của Gen cho mẹ và bé với ưu đãi hoàn phí và không đồng chi trả, mời inbox tư vấn.",True,True,2026-09-03T12:01:26.503937
1747317183142272,spam,trung_lap,0.2,none,,[],,"Một tư vấn viên của Dai-ichi Life giới thiệu chi tiết về gói bảo hiểm sức khỏe cho trẻ em, bao gồm quyền lợi ngoại trú 100% và nội trú 70% (dưới 6 tuổi), cùng với yêu cầu kết hợp gói nhân thọ.",True,True,2026-09-03T12:01:26.503937
1746493989891258,spam,trung_lap,0.2,none,,[],,"Một tư vấn viên của AIA giới thiệu gói bảo hiểm cho bé 2 tuổi với chi phí khoảng 10 triệu/năm, bao gồm nhân thọ và thẻ sức khỏe nội trú/ngoại trú, cùng các quyền lợi về bảo lãnh viện phí và xử lý bồi thường nhanh chóng.",True,True,2026-09-03T12:01:26.503937
1746501796557144,spam,trung_lap,0.2,none,,[],,"Một chuyên viên quản lý khách hàng cao cấp của Sun Life giới thiệu gói bảo hiểm sức khỏe cho trẻ em dưới 6 tuổi, nhấn mạnh các tiêu chí như thời gian chờ, không đồng chi trả, chi trả 100% cho cả bệnh viện công/tư, và các quyền lợi đặc biệt khác.",True,True,2026-09-03T12:01:26.503937
1746512563222734,spam,trung_lap,0.0,none,,[],,Một tư vấn viên giới thiệu thẻ sức khỏe đính kèm nhân thọ với các ưu điểm và mời liên hệ qua Zalo để được tư vấn chi tiết.,True,False,2026-09-03T12:01:41.996591
1746531489887508,spam,trung_lap,0.0,none,,[],,"Một tư vấn viên giới thiệu bảo hiểm Generali cho trẻ em, nhấn mạnh ưu điểm không đồng chi trả và mời liên hệ để tư vấn gói từ 10 triệu/năm.",True,True,2026-09-03T12:01:41.996591
1746531926554131,spam,tich_cuc,0.4,none,,[],,Commenter thông báo Generali đang có chương trình khuyến mãi giảm 30% phí thẻ sức khỏe cho trẻ em trong tháng 9.,True,True,2026-09-03T12:01:41.996591
1746533163220674,spam,trung_lap,0.0,none,,[],,"Một tư vấn viên giới thiệu chi tiết gói bảo hiểm Generali cho trẻ em với nhiều ưu điểm như không đồng chi trả, tham gia độc lập, hạn mức cao, bảo lãnh rộng khắp và chi trả điều trị ung thư, kèm theo ưu đãi giá.",True,False,2026-09-03T12:01:41.996591
1746533786553945,spam,trung_lap,0.0,none,,[],,Commenter gợi ý tham khảo thẻ sức khỏe của Dai-ichi Life.,True,True,2026-09-03T12:01:41.996591
1746550503218940,spam,trung_lap,0.1,none,,[],,"Một tư vấn viên AIA giới thiệu chi tiết các quyền lợi nổi bật của thẻ sức khỏe AIA, đặc biệt nhấn mạnh các điểm khác biệt so với các công ty khác và mời liên hệ tư vấn.",True,False,2026-09-03T12:01:55.165483
1746552709885386,spam,trung_lap,0.0,none,,[],,Comment chỉ chứa một tên riêng.,False,False,2026-09-03T12:01:55.165483
1746592776548046,spam,trung_lap,0.1,none,,[],,"Một tư vấn viên Dai-ichi giới thiệu điều kiện mua thẻ sức khỏe, phí nhân thọ tối thiểu, lãi suất cam kết và các quyền lợi khác, kèm theo thông tin liên hệ.",True,False,2026-09-03T12:01:55.165483
1746600839880573,spam,trung_lap,0.1,none,,[],,"Một tư vấn viên tự giới thiệu và yêu cầu thông tin chi tiết về nhu cầu, tình trạng sức khỏe và ngân sách để tư vấn gói bảo hiểm phù hợp, kèm theo thông tin liên hệ.",True,False,2026-09-03T12:01:55.165483
1746609719879685,spam,trung_lap,0.1,none,,[],,"Một tư vấn viên yêu cầu thông tin chi tiết về tình trạng sức khỏe, nhu cầu y tế, quyền lợi mong muốn và ngân sách để tư vấn gói bảo hiểm sức khỏe phù hợp, đồng thời đưa ra một số lưu ý về thẻ sức khỏe.",True,False,2026-09-03T12:01:55.165483
1746645129876144,spam,trung_lap,0.0,none,,[],,"Người dùng phản hồi ngắn gọn, mang tính xã giao.",False,False,2026-09-03T12:02:07.635883
1746650119875645,spam,trung_lap,0.1,none,,[],,"Một tư vấn viên hỏi về nhu cầu thẻ sức khỏe cho bé và ngân sách, đồng thời mời inbox để được hỗ trợ chi tiết.",True,False,2026-09-03T12:02:07.635883
1746981103175880,spam,trung_lap,0.1,none,,[],,Một tư vấn viên cung cấp thông tin về chi trả 100% viện phí tại bệnh viện công cho bé 2 tuổi và mời inbox để tư vấn cụ thể.,True,False,2026-09-03T12:02:07.635883
1746991639841493,spam,trung_lap,0.2,none,,[],,"Một tư vấn viên giới thiệu chi tiết về thẻ sức khỏe gắn nhân thọ của Daiichi cho trẻ 2 tuổi, nêu bật các ưu điểm về chi phí, quyền lợi và mời inbox để tư vấn.",True,False,2026-09-03T12:02:07.635883
1747286939811963,spam,trung_lap,0.1,none,,[],,"Một tư vấn viên hỏi về nhu cầu thẻ sức khỏe cho bé và ngân sách, đồng thời mời inbox để được hỗ trợ chi tiết.",True,False,2026-09-03T12:02:07.635883
1746534216553902,y_kien_trung_lap,trung_lap,0.1,none,,[],so sanh cac san pham bao hiem suc khoe,Người dùng gợi ý tham khảo sản phẩm Fuse của Tech.,False,False,2026-09-03T12:02:25.742010
1746550276552296,spam,trung_lap,0.0,none,,[],,Comment chỉ chứa một tên riêng không có nội dung ý nghĩa.,False,False,2026-09-03T12:02:25.742010
1746551193218871,so_sanh_chung,trung_lap,0.2,none,,[],huong dan chon the bao hiem suc khoe phu hop,"Comment giải thích sự khác biệt giữa thẻ bảo hiểm sức khỏe rời và thẻ kèm bảo hiểm nhân thọ, nhấn mạnh bản chất, cam kết dài hạn, chính sách tái tục và chi phí để người dùng hiểu rõ trước khi lựa chọn.",True,False,2026-09-03T12:02:25.742010
1746556509885006,spam,tich_cuc,0.5,none,,[],huong dan quy trinh bao lanh vien phi,"Comment khuyên nên sử dụng bảo lãnh viện phí để thủ tục nhanh gọn, đồng thời giới thiệu Manulife có phạm vi bảo lãnh rộng nhất và nhấn mạnh vai trò của tư vấn viên.",True,True,2026-09-03T12:02:25.742010
1746655349875122,spam,trung_lap,0.0,none,,[],,"Người dùng gợi ý tham khảo bảo hiểm của MIC, VBI và Techcombank cho bé, mời inbox để được tư vấn thêm.",True,True,2026-09-03T12:02:37.438739
1746717693202221,spam,trung_lap,0.2,none,,[],,"Thảo từ AIA Hà Nội giới thiệu thẻ bảo hiểm AIA với các quyền lợi như chi trả 700 triệu, tiền giường 2 triệu/ngày, không tăng phí, không cắt thẻ và yêu cầu phí nhân thọ tối thiểu 5 triệu.",True,True,2026-09-03T12:02:37.438739
1746978589842798,spam,trung_lap,0.1,none,,[],,Người dùng gợi ý tham khảo bảo hiểm của Generali với quyền lợi chi trả 100% ở cả bệnh viện công và tư.,True,True,2026-09-03T12:02:37.438739
1747319149808742,spam,tich_cuc,0.3,none,,[],,"Linh, một TVV của Dai-ichi Life, giới thiệu chi tiết gói bảo hiểm cho bé của Dai-ichi, bao gồm quyền lợi ngoại trú chi trả 100% và nội trú 70% (có giải pháp bù đắp), cùng với điều kiện tham gia gói nhân thọ tối thiểu 8 triệu/năm.",True,True,2026-09-03T12:02:37.438739
1747320669808590,khen,tich_cuc,0.8,none,,[],phan hoi tich cuc,Người dùng bày tỏ lời cảm ơn đến Cao Thị Linh.,False,False,2026-09-03T12:02:37.438739
1747332786474045,spam,trung_lap,0.0,none,,[],,"Một tư vấn viên quảng cáo sản phẩm bảo hiểm nhân thọ và phi nhân thọ của Fubon Life, kèm thông tin liên hệ để tư vấn miễn phí.",True,False,2026-09-03T12:03:00.147892
1747338573140133,spam,trung_lap,0.2,none,,[],,"Một tư vấn viên giới thiệu về ưu điểm của AIA như thủ tục bồi thường online, nhanh chóng, và cam kết không tăng phí, đồng thời đưa ra lời khuyên khi chọn thẻ bảo hiểm rời và mời liên hệ để được tư vấn cụ thể.",True,False,2026-09-03T12:03:00.147892
1746492616558062,spam,trung_lap,0.0,none,,[],,"Một tư vấn viên giới thiệu về điều kiện và quyền lợi khi mua thẻ bảo hiểm sức khỏe của Dai-ichi Life, bao gồm phí tối thiểu, thời hạn hợp đồng, lãi suất cam kết và khả năng thanh toán bệnh bẩm sinh, kèm thông tin liên hệ.",True,False,2026-09-03T12:03:00.147892
1746501399890517,so_sanh_chung,tich_cuc,0.4,none,,[],so sanh cac goi bao hiem,"Người dùng đưa ra lời khuyên ưu tiên các công ty bảo hiểm như Generali, Sun Life và AIA cho mục đích bảo vệ, nhận định Manulife hiện thiên về đầu tư hơn.",False,False,2026-09-03T12:03:00.147892
1746506503223340,y_kien_trung_lap,trung_lap,0.0,none,,[],,Người dùng hỏi thêm chi tiết về nhu cầu để có thể đưa ra lời khuyên phù hợp.,False,False,2026-09-03T12:03:00.147892
1746507429889914,spam,tich_cuc,0.7,none,,[],,"Một tư vấn viên giới thiệu các ưu điểm của sản phẩm bảo hiểm Daiichi, bao gồm quỹ nằm viện cao, bảo vệ bệnh bẩm sinh và chi trả 100% chi phí khám, đồng thời mời inbox để tư vấn chi tiết.",True,False,2026-09-03T12:03:30.023298
1746513993222591,so_sanh_chung,tich_cuc,0.4,none,,[],loi ich cua bao hiem tai tuc,"Người dùng so sánh các hãng bảo hiểm, cho rằng Sun Life có chi phí nhẹ nhất và giải thích rằng các dòng thẻ này có tái tục, cam kết phí ban đầu, không tăng phí theo lịch sử bồi thường và có hoàn lại sau 10-15 năm.",False,False,2026-09-03T12:03:30.023298
1746518233222167,spam,trung_lap,0.1,none,,[],,"Người dùng khuyên nên chọn sản phẩm bảo hiểm phù hợp với nhu cầu cá nhân và tìm đúng tư vấn viên, sau đó để lại thông tin liên hệ để được tư vấn chi tiết.",True,False,2026-09-03T12:03:30.023298
1746518653222125,spam,tich_cuc,0.3,none,,[],,,False,False,2026-09-03T12:03:30.023298
1746528159887841,spam,trung_lap,0.0,none,,[],,"Một tư vấn viên Generali mời chào tư vấn gói bảo hiểm và thẻ sức khỏe với ưu đãi giảm phí, kèm thông tin liên hệ.",True,False,2026-09-03T12:03:51.213078
1746548143219176,phan_van,trung_lap,0.1,none,,[],giai thich ve gioi han chi tra benh hiem ngheo,"Người dùng thắc mắc về giới hạn chi trả 1 tỷ đồng cho bệnh hiểm nghèo là theo hợp đồng hay theo năm, bày tỏ lo ngại mức này có thể không đủ.",False,False,2026-09-03T12:03:51.213078
1746553163218674,so_sanh_chung,tich_cuc,0.4,none,,[],so sanh quyen loi bao hiem tai nan va benh ly nghiem trong giua cac cong ty,"Commenter nhận định mỗi công ty bảo hiểm có lợi thế riêng, nhưng Manulife có nhiều ưu thế về quyền lợi tai nạn và bệnh lý nghiêm trọng.",True,False,2026-09-03T12:03:51.213078
1746576039883053,san_pham_giai_phap,trung_lap,0.2,none,,[],giai thich cac hang the bao hiem va quyen loi,Commenter giải thích mức 1 tỷ là giới hạn chi trả trong suốt thời gian tham gia cho hạng thẻ cao cấp và khuyên mua hạng Thịnh Vượng 2 tỷ kèm quyền lợi bệnh hiểm nghèo nếu lo lắng về bệnh hiểm nghèo.,True,False,2026-09-03T12:03:51.213078
1746577389882918,san_pham_giai_phap,tich_cuc,0.6,none,,[],phan biet the suc khoe va quyen loi benh hiem ngheo,"Commenter giải thích thẻ sức khỏe giúp kiểm soát chi phí y tế, còn quyền lợi bệnh hiểm nghèo là trợ cấp thu nhập, đồng thời khuyên mua thẻ Thịnh Vượng 2 tỷ và 1 tỷ quyền lợi bệnh hiểm nghèo nếu tài chính tốt để an tâm.",True,False,2026-09-03T12:03:51.213078
1746578913216099,check_chi_phi,trung_lap,0.1,none,,[],chi phi bao hiem benh hiem ngheo,"Người dùng hỏi về mức chi phí bảo hiểm bệnh hiểm nghèo cần thiết, tham chiếu khuyến nghị 500 triệu đồng.",False,False,2026-09-03T12:04:02.845890
1746647659875891,spam,trung_lap,0.0,none,,[],,Một tư vấn viên đưa ra lời khuyên chung và mời inbox để được hỗ trợ về bảo hiểm Generali hoặc Manulife.,True,False,2026-09-03T12:04:02.845890
1746651153208875,spam,trung_lap,0.0,none,,[],,Người dùng mời inbox nếu quan tâm đến bảo hiểm Dai-ichi Life.,True,False,2026-09-03T12:04:02.845890
1746788696528454,y_kien_trung_lap,trung_lap,0.1,none,,[],tieu chi chon tu van vien bao hiem,Người dùng chia sẻ quan điểm rằng việc chọn đúng tư vấn viên quan trọng hơn việc chọn công ty bảo hiểm.,False,False,2026-09-03T12:04:02.845890
1746836226523701,spam,trung_lap,0.0,none,,[],,"Một tư vấn viên nhận định Generali và Manulife đều tốt, mỗi hãng có lợi thế riêng và mời inbox để được tư vấn gói phù hợp.",True,False,2026-09-03T12:04:02.845890
1747008036506520,so_sanh_chung,tich_cuc,0.65,none,,[],"so sanh the suc khoe manulife va generali, kinh nghiem boi thuong bao hiem, lua chon bao hiem nhan tho va the suc khoe","Người dùng chia sẻ kinh nghiệm sử dụng bảo hiểm của Manulife và Generali, đánh giá cao thẻ sức khỏe và quy trình bồi thường của Generali, trong khi Manulife mạnh về bảo hiểm nhân thọ.",False,False,2026-09-03T12:04:19.525998
1747316803142310,y_kien_trung_lap,trung_lap,0.1,none,,[],"cach chon tu van vien bao hiem uy tin, tam quan trong cua tu van vien",Commenter đưa ra lời khuyên rằng mỗi công ty có sản phẩm phù hợp và điều quan trọng là chọn đúng tư vấn viên.,False,False,2026-09-03T12:04:19.525998
1747358469804810,spam,tich_cuc,0.8,none,,[],,"Một tư vấn viên giới thiệu chi tiết các quyền lợi nổi bật của thẻ sức khỏe AIA, bao gồm bảo vệ trọn đời, chi trả đầy đủ, quyền lợi ung thư và quy trình bồi thường nhanh chóng, đồng thời mời inbox để được tư vấn.",True,True,2026-09-03T12:04:19.525998
1746533269887330,y_kien_trung_lap,trung_lap,0.0,none,,[],"bao hiem khi cong ty pha san, quy dinh phap luat ve bao hiem",Người dùng chia sẻ một liên kết bài viết về việc hợp đồng của khách hàng được bảo đảm như thế nào khi doanh nghiệp bảo hiểm phá sản.,False,False,2026-09-03T12:04:19.525998
1747301069810550,y_kien_trung_lap,tich_cuc,0.3,none,,[],,Người dùng bày tỏ rằng thông tin được chia sẻ là điều mà nhiều khách hàng quan tâm.,False,True,2026-09-03T12:04:19.525998
1746578176549506,spam,trung_lap,0.1,none,,[],,"Một tư vấn viên AIA giới thiệu chi tiết về sản phẩm bảo hiểm sức khỏe An Tâm Tái Tục và bảo hiểm nhân thọ cho cha mẹ lớn tuổi, kèm theo các quyền lợi và thông tin liên hệ.",True,False,2026-09-03T12:05:33.909879
1746590076548316,spam,trung_lap,0.1,none,,[],,Một chuyên viên quản lý khách hàng của Sun Life giới thiệu sản phẩm thẻ Sống Chất 2.0 với các quyền lợi nổi bật và thông tin liên hệ.,True,False,2026-09-03T12:05:33.909879
1746592186548105,y_kien_trung_lap,trung_lap,0.0,none,,[],,,False,False,2026-09-03T12:05:33.909879
1746614123212578,spam,tich_cuc,0.55,,,[],,,False,False,2026-09-03T12:05:33.909879
1746626933211297,spam,trung_lap,0.1,none,,[],,"Một tư vấn viên đưa ra gợi ý về bảo hiểm nhân thọ và thẻ sức khỏe dựa trên ngân sách và tình trạng sức khỏe, đồng thời mời liên hệ để được tư vấn chi tiết.",True,False,2026-09-03T12:05:56.003751
1746630013210989,spam,trung_lap,0.1,none,,[],,"Một người dùng gợi ý kết hợp bảo hiểm nhân thọ và thẻ chăm sóc sức khỏe, đồng thời giới thiệu sản phẩm của AIA có thời hạn bảo vệ đến 100 tuổi.",True,False,2026-09-03T12:05:56.003751
1746651963208794,spam,trung_lap,0.1,none,,[],,Một tư vấn viên gợi ý các phương án bảo hiểm sức khỏe riêng lẻ hoặc kèm nhân thọ và mời liên hệ riêng để tham khảo.,True,False,2026-09-03T12:05:56.003751
1746772909863366,muon_tu_van,trung_lap,0.0,none,,[],huong dan chon bao hiem,Người dùng bày tỏ mong muốn được tư vấn về bảo hiểm.,False,False,2026-09-03T12:05:56.003751
1747370559803601,spam,trung_lap,0.1,none,,[],,Một người dùng gợi ý mua bảo hiểm nhân thọ kèm thẻ để đảm bảo tái tục lâu dài và mời liên hệ nếu quan tâm sản phẩm của AIA.,True,False,2026-09-03T12:05:56.003751
1746598006547523,y_kien_trung_lap,trung_lap,0.1,none,,[],cach ket hop cac goi bao hiem,"Commenter khuyên nên gắn thêm thẻ ngoại trú và thai sản của Daiichi vào gói Daiichi cũ để tiết kiệm chi phí, đồng thời giải thích quy tắc mua thẻ nội trú trước.",False,False,2026-09-03T12:07:00.530634
1746598123214178,spam,trung_lap,0.2,none,,[],,"Một tư vấn viên quảng cáo thẻ sức khỏe Sun Life với quyền lợi nội trú cao, kèm ngoại trú và thai sản, phí ổn định, và mời liên hệ để tư vấn chi tiết.",True,False,2026-09-03T12:07:00.530634
1746598149880842,spam,trung_lap,0.2,none,,[],,Tư vấn viên Vy xác nhận có thể mua bảo hiểm thai sản của Daiichi nếu có hợp đồng hiện hữu và mời liên hệ Zalo để được tư vấn chi tiết các gói và so sánh chi phí.,True,False,2026-09-03T12:07:00.530634
1746600739880583,spam,trung_lap,0.1,,,[],,,False,False,2026-09-03T12:07:00.530634
1746607023213288,y_kien_trung_lap,trung_lap,0.1,none,,[],Hướng dẫn bổ sung quyền lợi ngoại trú và thai sản vào hợp đồng bảo hiểm hiện hữu,Người dùng hỏi về khả năng bổ sung quyền lợi ngoại trú và thai sản của Dai-ichi vào hợp đồng bảo hiểm hiện có.,False,False,2026-09-03T12:07:00.530634
1746621649878492,spam,trung_lap,0.0,none,,[],,"Một tư vấn viên đề xuất tham khảo hợp đồng độc lập để chủ động thời gian chờ và hỏi thông tin cá nhân để thiết kế phương án tối ưu, mời liên hệ qua inbox hoặc Zalo.",True,True,2026-09-03T12:07:25.741212
1746625069878150,spam,tich_cuc,0.4,none,,[],,"Một tư vấn viên của Sun Life so sánh chi tiết các quyền lợi vượt trội của Sun Life so với Dai-ichi Life, đặc biệt về thai sản, ngoại trú, nha khoa và chi phí, đồng thời giải thích quy định về trục lợi bảo hiểm khi claim nhiều công ty, và mời liên hệ để tư vấn chi tiết.",True,True,2026-09-03T12:07:25.741212
1746635493210441,y_kien_trung_lap,trung_lap,0.1,none,,[],cách thêm quyền lợi bảo hiểm vào hợp đồng hiện có,Commenter cho biết có thể gắn trực tiếp quyền lợi ngoại trú và thai sản vào hợp đồng bảo hiểm hiện có.,False,False,2026-09-03T12:07:25.741212
1746651446542179,y_kien_trung_lap,trung_lap,0.1,none,,[],các quyền lợi bổ sung của daiichi,Commenter thông báo rằng Dai-ichi Life có cung cấp thêm quyền lợi thai sản và ngoại trú.,False,False,2026-09-03T12:07:25.741212
1747237349816922,y_kien_trung_lap,trung_lap,0.1,none,,[],lựa chọn gia tăng quyền lợi bảo hiểm,Commenter đưa ra hai lựa chọn để gia tăng quyền lợi bảo hiểm: gắn thêm vào hợp đồng Dai-ichi Life hiện có hoặc tham gia hợp đồng mới của công ty khác kèm các quyền lợi sức khỏe.,False,False,2026-09-03T12:07:25.741212
1747251196482204,spam,trung_lap,0.0,none,,[],,Một tư vấn viên gợi ý khách hàng xem xét thêm quyền lợi thai sản và ngoại trú cho mẹ vào hợp đồng Daiichi hoặc mua riêng.,True,False,2026-09-03T12:08:26.431074
1747332499807407,spam,trung_lap,0.1,none,,[],,"Một tư vấn viên hỏi về hợp đồng Daiichi hiện tại và kế hoạch thai sản của khách hàng, đồng thời cung cấp thông tin về thời gian chờ của bảo hiểm thai sản và mời inbox để tư vấn chi tiết.",True,False,2026-09-03T12:08:26.431074
1746650913208899,spam,trung_lap,0.0,none,,[],,"Một người bán bảo hiểm giới thiệu có cả bảo hiểm sức khỏe và nhân thọ, hỏi về ngân sách của người dùng và mời inbox để tư vấn.",True,False,2026-09-03T12:08:26.431074
1746652419875415,spam,trung_lap,0.0,,,[],,,False,False,2026-09-03T12:08:26.431074
1746653103208680,spam,trung_lap,0.0,none,,[],,Một tư vấn viên AIA mời khách hàng liên hệ để được tư vấn về mức phí bảo hiểm phù hợp cho gia đình.,True,False,2026-09-03T12:08:52.151506
1746653819875275,y_kien_trung_lap,tich_cuc,0.4,none,,[],kinh nghiem chon goi bao hiem cho gia dinh,Một người dùng chia sẻ kinh nghiệm mua gói bảo hiểm 30 triệu/năm cho gia đình 5 người và cảm thấy đủ quyền lợi.,False,False,2026-09-03T12:08:52.151506
1746656913208299,spam,trung_lap,0.0,none,,[],,"Một chuyên viên quản lý khách hàng cao cấp của Sun Life Việt Nam giới thiệu chi tiết về gói bảo hiểm sức khỏe của Sun Life, nhấn mạnh các quyền lợi độc đáo và mời liên hệ để tư vấn.",True,False,2026-09-03T12:08:52.151506
1746657349874922,y_kien_trung_lap,trung_lap,0.1,none,,[],cac lua chon bao hiem cho gia dinh theo ngan sach,"Một người dùng gợi ý ba giải pháp bảo hiểm cho gia đình, từ chi phí cao đến thấp, bao gồm bảo hiểm nhân thọ riêng, bảo hiểm nhân thọ chính kèm thành viên, và bảo hiểm sức khỏe rời.",False,False,2026-09-03T12:08:52.151506
1746678143206176,y_kien_trung_lap,tich_cuc,0.6,none,,[],,,False,False,2026-09-03T12:10:48.304668
1746681873205803,spam,trung_lap,0.1,,,[],,,False,False,2026-09-03T12:10:48.304668
1746686786538645,spam,tich_cuc,0.6,,,[],,,False,False,2026-09-03T12:10:48.304668
1746704246536899,y_kien_trung_lap,trung_lap,0.0,none,,[],,Người dùng đặt câu hỏi về độ tuổi của vợ và con.,False,False,2026-09-03T12:12:11.290210
1746713253202665,spam,tich_cuc,0.6,none,,[],,"Tư vấn viên Dai-ichi giới thiệu sản phẩm bảo hiểm nhân thọ kèm thẻ sức khỏe với chi phí và quyền lợi hấp dẫn, đồng thời chia sẻ kinh nghiệm và bằng cấp của bản thân.",True,True,2026-09-03T12:12:11.290210
1746721673201823,spam,tich_cuc,0.6,,,[],,,False,False,2026-09-03T12:12:11.290210
1746763229864334,spam,tich_cuc,0.8,,,[],,,False,False,2026-09-03T12:12:11.290210
1746765226530801,spam,trung_lap,0.1,none,,[],,"Một tư vấn viên AIA giới thiệu sản phẩm bảo hiểm gia đình tối ưu, tích lũy tốt và mời khách hàng inbox để được tư vấn chi tiết.",True,False,2026-09-03T12:12:37.721029
1746786209862036,khen,tich_cuc,0.7,none,,[],trai nghiem khach hang dai-ichi,"Khách hàng chia sẻ trải nghiệm tích cực với bảo hiểm Dai-ichi sau 7 năm sử dụng, đánh giá dịch vụ khá tốt và nhanh chóng.",False,False,2026-09-03T12:12:37.721029
1746850276522296,spam,trung_lap,0.1,none,,[],,Một người giới thiệu sản phẩm bảo hiểm của Generali và thông báo có ưu đãi giảm 20% cho thẻ.,True,False,2026-09-03T12:12:37.721029
1746894946517829,spam,trung_lap,0.2,none,,[],,"Một người giới thiệu chi tiết về điều kiện và quyền lợi khi mua thẻ sức khỏe kèm bảo hiểm nhân thọ của Dai-ichi, bao gồm lãi suất cam kết và chi trả bệnh bẩm sinh.",True,False,2026-09-03T12:12:37.721029
1746924006514923,spam,trung_lap,0.2,none,,[],,"Phương Thúy, một tư vấn viên AIA, giới thiệu chi tiết về các gói bảo hiểm gia đình và quyền lợi nổi bật của thẻ sức khỏe MR1, nhấn mạnh vai trò của tư vấn viên có tâm và kiến thức.",True,False,2026-09-03T12:12:37.721029
1747010013172989,khen,tich_cuc,0.7,none,,[],"kinh nghiem su dung bao hiem Generali, so sanh bao hiem Generali va Sun Life",Người dùng bày tỏ sự hài lòng với thẻ bảo hiểm của Generali và gợi ý tham khảo thêm Sun Life.,False,False,2026-09-03T12:12:52.840209
1746950876512236,spam,trung_lap,0.0,none,,[],,Người dùng bình luận 'Chấm'.,False,False,2026-09-03T12:12:52.840209
1746952656512058,spam,trung_lap,0.0,none,,[],,Người dùng bình luận '.'.,False,False,2026-09-03T12:12:52.840209
1746954413178549,spam,trung_lap,0.0,none,,[],,Người dùng bình luận 'Chấm'.,False,False,2026-09-03T12:12:52.840209
1746963049844352,spam,tich_cuc,0.7,none,,[],,"Một chuyên viên quản lý khách hàng của Sun Life giới thiệu gói bảo hiểm cho bé 1 tháng tuổi với nhiều quyền lợi như không đồng chi trả, chi trả xét nghiệm âm tính, bảo lãnh viện phí và giảm phí hàng năm.",True,True,2026-09-03T12:13:07.416861
1746970856510238,spam,trung_lap,0.1,none,,[],,Một tư vấn viên của Daiichi bày tỏ mong muốn được tư vấn cho khách hàng.,True,True,2026-09-03T12:13:07.416861
1746977016509622,y_kien_trung_lap,trung_lap,0.0,none,,[],,Người dùng gợi ý tên một công ty bảo hiểm là Gen.,False,False,2026-09-03T12:13:07.416861
1746982866509037,y_kien_trung_lap,trung_lap,0.1,none,,[],bao hiem cho con,Người dùng gợi ý nên gắn kèm bảo hiểm cho con vào hợp đồng của mẹ từ Manulife hoặc Dai-ichi Life.,False,False,2026-09-03T12:13:07.416861
1746990469841610,spam,tich_cuc,0.8,none,,[],,"Một tư vấn viên của Daiichi giới thiệu thẻ sức khỏe gắn nhân thọ cho trẻ sơ sinh với nhiều ưu điểm như phí thấp, hạn mức cao, bảo vệ bệnh bẩm sinh và thời gian chờ ngắn.",True,True,2026-09-03T12:13:07.416861
1747024756504848,y_kien_trung_lap,trung_lap,0.1,none,,[],"loi khuyen khi mua bao hiem cho con, toi uu hop dong bao hiem gia dinh",Người dùng đưa ra lời khuyên nên gắn kèm con vào hợp đồng bảo hiểm hiện có của Dai-ichi Life hoặc Manulife để đảm bảo quyền lợi lâu dài.,False,False,2026-09-03T12:13:20.943287
1747081543165836,spam,tich_cuc,0.4,none,,[],,"Người dùng đưa ra lời khuyên về việc thêm thẻ con vào hợp đồng Dai-ichi Life hoặc Manulife để tiết kiệm chi phí, hoặc tham khảo gói riêng của AIA, sau đó mời liên hệ để được hỗ trợ.",True,True,2026-09-03T12:13:20.943287
1747088023165188,spam,tich_cuc,0.4,none,,[],,"Một tư vấn viên của Dai-ichi Life tự giới thiệu kinh nghiệm và thành tích, đưa ra lời khuyên về việc thêm bé vào hợp đồng Dai-ichi Life hoặc tham khảo gói mini, và mời tư vấn.",True,True,2026-09-03T12:13:20.943287
1747093083164682,spam,tich_cuc,0.3,none,,[],,Người dùng đưa ra một tuyên bố chung chung rằng AIA là số 1 Đông Nam Á.,True,True,2026-09-03T12:13:20.943287
1747286606478663,y_kien_trung_lap,trung_lap,0.1,none,,[],"loi khuyen khi mua bao hiem cho con, toi uu hop dong bao hiem gia dinh",Người dùng khuyên nên gắn thêm thẻ con vào hợp đồng bảo hiểm của Manulife và Dai-ichi Life.,False,False,2026-09-03T12:13:20.943287
1747315946475729,y_kien_trung_lap,trung_lap,0.1,none,,[],cách tối ưu thẻ sức khỏe bảo hiểm,Commenter gợi ý gắn thẻ sức khỏe vào hợp đồng Dai-ichi hoặc Manulife để tối ưu.,False,False,2026-09-03T12:13:36.199328
1747326196474704,check_chi_phi,trung_lap,0.0,none,,[],cách tính phí bảo hiểm,Người dùng hỏi về mức phí bảo hiểm.,False,False,2026-09-03T12:13:36.199328
1747338683140122,y_kien_trung_lap,trung_lap,0.2,none,,[],các gói bảo hiểm cho bé,"Commenter cung cấp thông tin về mức phí gói bảo hiểm thấp nhất, bắt đầu từ 9,3 triệu đồng/năm và giảm dần theo độ tuổi của bé.",True,False,2026-09-03T12:13:36.199328
1747356823138308,spam,trung_lap,0.0,none,,[],,"Một tư vấn viên tên Ninh khuyên người dùng đã có 3 hợp đồng bảo hiểm nên xem xét lại các hợp đồng hiện tại để tối ưu chi phí và gợi ý tham gia bảo hiểm nhân thọ cho người trụ cột kèm thẻ sức khỏe cho bé tại AIA, mời liên hệ qua Zalo để được tư vấn.",True,False,2026-09-03T12:13:36.199328
1746951576512166,y_kien_trung_lap,trung_lap,0.1,none,,[],quy định về thay đổi thông tin hợp đồng bảo hiểm,"Commenter giải thích rằng người được bảo hiểm không thể thay đổi, nhưng người mua bảo hiểm và người thụ hưởng thì có thể.",False,False,2026-09-03T12:13:36.199328
1746952729845384,y_kien_trung_lap,trung_lap,0.0,none,,[],,Commenter đồng ý hoặc xác nhận ngắn gọn.,False,False,2026-09-03T12:13:46.435621
1746963159844341,y_kien_trung_lap,trung_lap,0.0,none,,[],,Commenter đồng ý hoặc xác nhận một cách thân thiện.,False,False,2026-09-03T12:13:46.435621
1746966063177384,y_kien_trung_lap,trung_lap,0.2,none,,[],hướng dẫn thay đổi bên mua bảo hiểm,"Hướng dẫn cách thay đổi bên mua bảo hiểm nếu đủ 18 tuổi, cần mang CCCD của cả hai người đến văn phòng AIA gần nhất.",False,False,2026-09-03T12:13:46.435621
1746967306510593,y_kien_trung_lap,trung_lap,0.1,none,,[],phân biệt bên mua và người được bảo hiểm,Giải thích rằng bên mua bảo hiểm có thể thay đổi nhưng người được bảo hiểm chính thì không.,False,False,2026-09-03T12:13:46.435621
1746973693176621,y_kien_trung_lap,trung_lap,0.0,none,,[],hướng dẫn thay đổi thông tin hợp đồng bảo hiểm online,Hỏi liệu có thể thay đổi thông tin hợp đồng bảo hiểm trực tuyến được không.,False,False,2026-09-03T12:13:46.435621
1746974649843192,spam,trung_lap,0.0,none,,[],,Một tư vấn viên của AIA để lại thông tin liên hệ và hashtag.,True,True,2026-09-03T12:14:00.534907
1746976189843038,spam,trung_lap,0.0,none,,[],,"Một người dùng mời inbox để được hỗ trợ, kèm theo tên.",True,True,2026-09-03T12:14:00.534907
1746977719842885,y_kien_trung_lap,trung_lap,0.1,none,,[],Hướng dẫn thủ tục bảo hiểm không làm online được,"Comment hướng dẫn về thủ tục không thể làm online, cần nhờ tư vấn viên hỗ trợ nộp đơn tại văn phòng, kèm theo CCCD và lưu ý về chữ ký đúng.",True,False,2026-09-03T12:14:00.534907
1746979903176000,y_kien_trung_lap,trung_lap,0.0,none,,[],,"Một lời đáp ngắn gọn, lịch sự.",False,False,2026-09-03T12:14:00.534907
1746980573175933,y_kien_trung_lap,trung_lap,0.1,none,,[],Hướng dẫn khách hàng đến quầy dịch vụ để làm thủ tục,"Comment hướng dẫn hai mẹ con đến quầy chăm sóc khách hàng gần nhất để được hướng dẫn thủ tục, cần mang theo CCCD bản gốc.",True,False,2026-09-03T12:14:00.534907
1746983529842304,spam,trung_lap,0.1,none,,[],,Một tư vấn viên hướng dẫn cách đổi bên mua bảo hiểm và mời liên hệ để được hỗ trợ.,True,False,2026-09-03T12:14:16.214780
1746983599842297,y_kien_trung_lap,tich_cuc,0.8,none,,[],huong dan chi tiet doi ben mua bao hiem,"Một tư vấn viên cung cấp hướng dẫn chi tiết về thủ tục đổi bên mua bảo hiểm, bao gồm các bước thực hiện online hoặc trực tiếp tại văn phòng AIA và các giấy tờ cần thiết.",True,False,2026-09-03T12:14:16.214780
1746986169842040,y_kien_trung_lap,trung_lap,0.2,none,,[],huong dan su dung app aia+,Commenter thông báo rằng thủ tục đổi bên mua không có trên ứng dụng AIA+ và gợi ý cách nhanh nhất là điền form giấy và gửi cho tư vấn viên.,True,False,2026-09-03T12:14:16.214780
1746990949841562,y_kien_trung_lap,trung_lap,0.1,none,,[],,Commenter xác nhận có thể đổi bên mua bảo hiểm.,False,False,2026-09-03T12:14:16.214780
1747287203145270,y_kien_trung_lap,trung_lap,0.1,none,,[],,Commenter xác nhận có thể đổi bên mua bảo hiểm.,False,False,2026-09-03T12:14:16.214780
1747315509809106,y_kien_trung_lap,trung_lap,0.1,none,,[],quy trinh thay doi ben mua bao hiem,Commenter cho biet ben mua bao hiem co the thay doi va khuyen nguoi dung lien he van phong hoac tu van vien de duoc ho tro.,True,False,2026-09-03T12:14:28.521306
1747367723137218,y_kien_trung_lap,trung_lap,0.1,none,,[],huong dan thay doi ben mua bao hiem,Commenter xac nhan co the thay doi ben mua bao hiem bang cach den van phong gan nhat de lam don.,False,False,2026-09-03T12:14:28.521306
1746949333179057,spam,trung_lap,0.0,none,,[],,Commenter tra loi co va yeu cau nguoi dung nhan tin rieng.,True,True,2026-09-03T12:14:28.521306
1746954849845172,spam,trung_lap,0.0,none,,[],,"Commenter cung cap so Zalo va quang cao ban bao hiem nha o, cua hang.",True,True,2026-09-03T12:14:28.521306
1746965869844070,spam,trung_lap,0.0,none,,[],,Commenter tra loi co mot cach chung chung.,True,True,2026-09-03T12:14:28.521306
1746970763176914,spam,trung_lap,0.0,none,,[],,Người dùng để lại số Zalo để được liên hệ.,True,False,2026-09-03T12:14:43.747157
1746977333176257,spam,trung_lap,0.0,none,,[],,Một người dùng khác giới thiệu liên hệ với Zương Zuồi Nguyễn Hoa để được tư vấn.,True,False,2026-09-03T12:14:43.747157
1746945936512730,spam,tich_cuc,0.4,none,,[],,Người dùng giới thiệu Sun Life cho bảo hiểm nội trú 100% và cung cấp thông tin liên hệ của hai tư vấn viên.,True,False,2026-09-03T12:14:43.747157
1746947703179220,spam,tich_cuc,0.5,none,,[],,Người dùng giới thiệu sản phẩm bảo hiểm nội trú của Generali chi trả 100% cho trẻ em từ 0-5 tuổi và nhận định không có công ty nào chi trả 100% cho ngoại trú.,True,False,2026-09-03T12:14:43.747157
1746947993179191,check_chi_phi,trung_lap,0.1,none,,[],,Người dùng hỏi về mức phí bảo hiểm có rẻ không.,False,False,2026-09-03T12:14:55.791522
1746948013179189,y_kien_trung_lap,trung_lap,0.0,none,,[],,Người dùng nhắc đến các công ty bảo hiểm Gen và Sun.,False,False,2026-09-03T12:14:55.791522
1746948073179183,spam,tich_cuc,0.3,none,,[],,"Người dùng giới thiệu về các quyền lợi của bảo hiểm Gen như chi trả cả âm tính, không đồng chi trả nội trú và ưu đãi cho trẻ 0-5 tuổi.",True,True,2026-09-03T12:14:55.791522
1746952373178753,y_kien_trung_lap,trung_lap,0.1,none,,[],so sanh quyen loi bao hiem ngoai tru noi tru,"Người dùng chia sẻ thông tin về quyền lợi bảo hiểm của Dai-ichi Life, chi trả 100% cho ngoại trú nhưng 70/30 cho nội trú.",False,False,2026-09-03T12:14:55.791522
1746956326511691,y_kien_trung_lap,trung_lap,0.1,none,,[],,Người dùng đặt câu hỏi liệu bài viết có phải là seeding hay không.,False,False,2026-09-03T12:15:15.591590
1746957449844912,muon_tu_van,trung_lap,0.1,none,,[],"Độ tuổi tối thiểu tham gia bảo hiểm cho bé, Lợi ích khi mua bảo hiểm sớm cho trẻ",Người dùng hỏi về độ tuổi tối thiểu của bé để tham gia bảo hiểm.,False,False,2026-09-03T12:15:15.591590
1746957493178241,spam,tich_cuc,0.5,none,,[],,Người dùng giới thiệu sản phẩm bảo hiểm của Bame Life hoặc Ongba Life và nhấn mạnh quyền lợi chi trả chi phí lót tay bác sĩ.,True,True,2026-09-03T12:15:15.591590
1746957589844898,spam,trung_lap,0.2,none,,[],,Người dùng thông tin rằng Minh Minh Gen và Sun Life có chi trả (cho một quyền lợi nào đó).,True,True,2026-09-03T12:15:15.591590
1746958046511519,spam,tich_cuc,0.5,none,,[],,Người dùng thông báo bé từ 30 ngày tuổi có thể mua bảo hiểm và khuyên mua sớm để hưởng đầy đủ quyền lợi.,True,True,2026-09-03T12:15:15.591590
1746959563178034,spam,tich_cuc,0.8,none,,[],,Một chuyên viên quản lý khách hàng cao cấp của Sun Life giới thiệu các quyền lợi nổi bật của bảo hiểm Sun Life dành cho trẻ em và mời liên hệ để được tư vấn.,True,True,2026-09-03T12:15:29.182004
1746961786511145,y_kien_trung_lap,trung_lap,0.1,none,,[],do tuoi tham gia bao hiem cho tre em,Commenter thông báo rằng trẻ em từ 30 ngày tuổi có thể tham gia bảo hiểm.,False,False,2026-09-03T12:15:29.182004
1746962079844449,spam,tich_cuc,0.5,none,,[],,"Commenter so sánh quyền lợi chi trả xét nghiệm âm tính của Generali và Sun Life, sau đó mời inbox để mua thẻ Sun Life.",True,True,2026-09-03T12:15:29.182004
1746966493177341,y_kien_trung_lap,trung_lap,0.0,none,,[],thong tin ve generali,Commenter chỉ đề cập đến tên công ty bảo hiểm Generali.,False,False,2026-09-03T12:15:29.182004
1746967553177235,so_sanh_chung,trung_lap,0.25,none,,[],so sanh chi tiet quyen loi bao hiem suc khoe cua Generali va Sun Life,"Người dùng đang sử dụng bảo hiểm Gen và thấy ổn, nhưng muốn so sánh với Sun để đưa ra quyết định.",False,False,2026-09-03T12:15:45.115067
1746972983176692,spam,tich_cuc,0.8,none,,[],,"Một tư vấn viên bảo hiểm Generali tên Hoa quảng cáo sản phẩm Gen với quyền lợi chi trả nội trú và xét nghiệm âm tính, đồng thời mời khách hàng liên hệ để được tư vấn.",True,True,2026-09-03T12:15:45.115067
1746973796509944,spam,tich_cuc,0.7,none,,[],,Một người dùng giới thiệu tư vấn viên Hoa cho những ai cần tư vấn bảo hiểm nhiệt tình và có nghiệp vụ.,False,True,2026-09-03T12:15:45.115067
1746974703176520,spam,tich_cuc,0.3,none,,[],,Một người dùng giới thiệu gói bảo hiểm nội trú với chi phí 10 triệu/năm (đã bao gồm nhân thọ) và chi trả 100%.,True,True,2026-09-03T12:15:45.115067
1746976746509649,spam,tich_cuc,0.6,none,,[],,"Một người dùng thông báo về gói bảo hiểm Gen có chi trả 0 đồng tại cả bệnh viện tư và công, đồng thời mời inbox để được tư vấn.",True,True,2026-09-03T12:15:45.115067
1746977456509578,khen,tich_cuc,0.8,none,,[],uu diem san pham generali,Người dùng khen Generali đáp ứng được các yêu cầu đã nêu.,False,True,2026-09-03T12:16:01.593928
1746984979842159,spam,trung_lap,0.0,none,,[],,Người dùng mời inbox để gửi thông tin tư vấn.,True,True,2026-09-03T12:16:01.593928
1746990486508275,so_sanh_chung,trung_lap,0.2,none,,[],so sanh quyen loi sun life va generali,"Một chuyên viên quản lý khách hàng của Sun Life Vietnam so sánh chi tiết quyền lợi giữa Sun Life và Generali, nhấn mạnh các ưu điểm của Sun Life và mời liên hệ để tư vấn.",True,False,2026-09-03T12:16:01.593928
1746992246508099,y_kien_trung_lap,trung_lap,0.0,none,,[],chi tra tien giuong va dich vu y te cua sun life,Người dùng hỏi về việc chi trả tiền giường và chi phí dịch vụ y tế của Sun Life có tách biệt như các bệnh viện lớn hay không.,False,False,2026-09-03T12:16:01.593928
1746993609841296,khen,tich_cuc,0.5,none,,[],thong tin the bao hiem roi cua generali,Người dùng giới thiệu Generali và thông báo sắp có thẻ rời.,False,True,2026-09-03T12:16:01.593928
1746995993174391,spam,trung_lap,0.0,none,,[],,Người dùng yêu cầu inbox.,True,False,2026-09-03T12:16:13.536969
1746996273174363,spam,trung_lap,0.0,none,,[],,Người dùng yêu cầu inbox.,True,False,2026-09-03T12:16:13.536969
1747001516507172,check_chi_phi,trung_lap,0.1,none,,[],Giải đáp quyền lợi bảo hiểm sức khỏe: Chi phí khám sức khỏe có được chi trả 100%?,Người dùng hỏi về khả năng chi trả 100% cho chi phí khám sức khỏe 10-20 triệu đồng.,False,False,2026-09-03T12:16:13.536969
1747001696507154,so_sanh_chung,tich_cuc,0.4,none,,[],So sánh quyền lợi bảo hiểm sức khỏe: Chi trả tiền giường giữa các công ty bảo hiểm.,Người dùng chia sẻ thông tin về việc Sun Life và Generali đều không giới hạn phòng đơn tiêu chuẩn trong hạn mức chi trả tiền giường.,False,False,2026-09-03T12:16:13.536969
1747004406506883,spam,trung_lap,0.1,none,,[],,Người dùng thông báo đã nhắn tin và cung cấp số Zalo để liên hệ thêm.,True,False,2026-09-03T12:16:13.536969
1747009199839737,y_kien_trung_lap,tich_cuc,0.4,none,,[],quyen loi bao hiem gia dinh,"Comment giới thiệu về quyền lợi của sản phẩm Sunlife, đặc biệt là quỹ san sẻ yêu thương cho gia đình, như một giải pháp đáp ứng điều kiện.",True,False,2026-09-03T12:16:31.273894
1747026096504714,so_sanh_chung,trung_lap,0.1,none,,[],so sanh cac goi bao hiem,"Comment so sánh các công ty bảo hiểm Gen, Sunlife và UIC dựa trên các tiêu chí như tốc độ, chi phí và loại thẻ.",False,False,2026-09-03T12:16:31.273894
1747033009837356,spam,tich_cuc,0.3,none,,[],,"Comment khẳng định Generali là lựa chọn tốt, khuyến khích tham khảo feedback, thông báo khuyến mãi 30% phí thẻ Gen cho em bé trong tháng 8 và kêu gọi liên hệ qua số điện thoại.",True,True,2026-09-03T12:16:31.273894
1747044859836171,y_kien_trung_lap,trung_lap,0.0,none,,[],hieu dung ve pham vi bao hiem,Comment làm rõ rằng không có bảo hiểm nào chi trả 100% hóa đơn y tế mà chỉ chi trả 100% chi phí y tế tối đa theo hạn mức.,False,False,2026-09-03T12:16:31.273894
1747048089835848,y_kien_trung_lap,trung_lap,0.0,none,,[],,Comment chỉ đề cập đến tên công ty bảo hiểm Generali (có thể là lỗi chính tả).,False,False,2026-09-03T12:16:31.273894
1747057299834927,spam,trung_lap,0.0,none,,[],,Comment chỉ chứa tên người dùng và không có nội dung cụ thể.,False,False,2026-09-03T12:16:48.488312
1747090586498265,phan_van,trung_lap,0.1,none,,[],So sánh bảo hiểm sức khỏe Pacific Cross với các hãng khác,Người dùng hỏi ý kiến về bảo hiểm Pacific Cross.,False,False,2026-09-03T12:16:48.488312
1747092066498117,spam,tich_cuc,0.5,none,,[],,Một tư vấn viên giới thiệu AIA và mời tư vấn.,True,False,2026-09-03T12:16:48.488312
1747100749830582,y_kien_trung_lap,trung_lap,0.2,none,,[],So sánh chi tiết các gói bảo hiểm sức khỏe cho bé,"Một tư vấn viên Dai-ichi cung cấp thông tin chi tiết về gói bảo hiểm sức khỏe, so sánh quyền lợi chi trả ngoại trú, nội trú, chi phí với các hãng khác và giới thiệu giải pháp bù đắp đồng chi trả.",True,False,2026-09-03T12:16:48.488312
1747241059816551,y_kien_trung_lap,trung_lap,0.1,none,,[],Quy định đồng chi trả bảo hiểm Pacific Cross cho trẻ em,Comment giải thích về quy định đồng chi trả của Pacific Cross cho trẻ em khi mua riêng hoặc mua kèm bố mẹ.,False,False,2026-09-03T12:16:48.488312
1747248086482515,y_kien_trung_lap,trung_lap,0.2,none,,[],Phan tich dieu khoan bao hiem va thuc te chi tra,"Một tư vấn viên chia sẻ về việc Gen (Generali) hiện đang chi trả cho các xét nghiệm âm tính dù điều khoản không ghi rõ, khuyến khích khách hàng có cái nhìn khách quan.",True,True,2026-09-03T12:17:04.246898
1747257786481545,muon_tu_van,trung_lap,0.0,none,,[],,Người dùng Hoa Nguyen bày tỏ mong muốn được tư vấn về bảo hiểm.,False,False,2026-09-03T12:17:04.246898
1747259586481365,khen,tich_cuc,0.8,none,,[],Phan hoi tich cuc ve Generali,Người dùng bày tỏ sự hài lòng và đồng tình với Generali.,False,False,2026-09-03T12:17:04.246898
1747265419814115,spam,trung_lap,0.0,none,,[],,Nguyen Minh Thao yêu cầu người khác nhắn tin riêng cho mình.,True,True,2026-09-03T12:17:04.246898
1747267343147256,so_sanh_chung,trung_lap,0.2,none,,[],So sanh cac goi bao hiem voi quyen loi va phi tai tuc,"Người dùng khuyên nên mua bảo hiểm của Sun Life hoặc Generali thay vì Pacific Cross vì phí và quyền lợi tương đương, kèm cam kết phí tái tục.",False,False,2026-09-03T12:17:04.246898
1747268286480495,spam,trung_lap,0.0,none,,[],,Người dùng yêu cầu người nhận inbox hoặc liên hệ Zalo để được tư vấn.,True,False,2026-09-03T12:17:54.676046
1747269086480415,so_sanh_chung,trung_lap,0.1,none,,[],so sanh cam ket bao hiem sun life va generali,Người dùng hỏi về các cam kết của Sun Life và Generali.,False,False,2026-09-03T12:17:54.676046
1747270043146986,check_chi_phi,trung_lap,0.1,none,,[],huong dan chon goi bao hiem pacific phu hop,Người dùng hỏi về mức phí bảo hiểm hàng năm phù hợp cho gói của Pacific.,False,False,2026-09-03T12:17:54.676046
1747271363146854,so_sanh_chung,tich_cuc,0.6,none,,[],,,False,False,2026-09-03T12:17:54.676046
1747276279813029,y_kien_trung_lap,trung_lap,0.0,,,[],,,False,False,2026-09-03T12:17:54.676046
1747282623145728,khen,tich_cuc,0.8,none,,[],loi ich the bao hiem nhan tho,"Commenter giải thích về ưu điểm của thẻ bảo hiểm Sun và Gen, nhấn mạnh việc tái tục tự động, không tái thẩm định sức khỏe hàng năm và phí chỉ thay đổi theo tuổi, mang lại sự an toàn.",True,True,2026-09-03T12:18:16.945053
1747285089812148,spam,trung_lap,0.0,none,,[],,Commenter yêu cầu người dùng Phương Hoa nhắn tin riêng.,True,True,2026-09-03T12:18:16.945053
1747285159812141,spam,trung_lap,0.0,none,,[],,Commenter yêu cầu người dùng Hoa nhắn tin riêng.,True,True,2026-09-03T12:18:16.945053
1747285249812132,spam,trung_lap,0.0,none,,[],,Commenter hướng dẫn Nguyễn Mạnh nhắn tin cho Hoa nếu cần hỗ trợ.,True,True,2026-09-03T12:18:16.945053
1747285693145421,y_kien_trung_lap,trung_lap,0.1,none,,"[""pham vi bao hiem co gioi han""]",gioi han chi tra the bao hiem ngoai tru,Commenter cho rằng các thẻ bảo hiểm ngoại trú đều có hạn mức chi trả tương tự và không thể chi trả 100%.,False,False,2026-09-03T12:18:16.945053
1747300073143983,so_sanh_chung,trung_lap,0.0,none,,[],so sanh bao hiem generali va sun life,Người dùng muốn so sánh giữa Generali và Sun Life.,False,False,2026-09-03T12:18:29.836016
1747312579809399,y_kien_trung_lap,trung_lap,0.1,none,,[],do tuoi tham gia bao hiem cho be,Comment cung cấp thông tin về độ tuổi tối thiểu để tham gia bảo hiểm cho trẻ em là từ 30 ngày tuổi.,False,False,2026-09-03T12:18:29.836016
1747313786475945,spam,trung_lap,0.2,none,,[],,"Một tư vấn viên của Dai-ichi Life giới thiệu chi tiết về các gói bảo hiểm cho trẻ em, bao gồm quyền lợi ngoại trú và nội trú, chi phí, và mời kết nối để tư vấn thêm.",True,True,2026-09-03T12:18:29.836016
1747318573142133,y_kien_trung_lap,trung_lap,0.0,none,,[],,Người dùng hỏi liệu Sơn Phạm có làm trong lĩnh vực bảo hiểm nhân thọ không.,False,False,2026-09-03T12:18:29.836016
1747333099807347,spam,trung_lap,0.1,none,,[],,"Comment quảng cáo sản phẩm bảo hiểm nhân thọ và phi nhân thọ của Fubon Life, kèm thông tin liên hệ tư vấn.",True,False,2026-09-03T12:18:44.699358
1747357416471582,check_chi_phi,trung_lap,0.1,none,,[],,Comment cung cấp thông tin về mức phí tối thiểu 8 triệu đồng cho gói bảo hiểm nhân thọ có tích lũy.,False,False,2026-09-03T12:18:44.699358
1746986066508717,y_kien_trung_lap,trung_lap,-0.1,none,,[],Lợi ích khi mua bảo hiểm trực tiếp từ tư vấn viên,Commenter khuyên nên mua bảo hiểm trực tiếp từ tư vấn viên thay vì qua ngân hàng để được chăm sóc và kê hợp đồng tốt hơn.,False,False,2026-09-03T12:18:44.699358
1746989296508394,phan_van,trung_lap,0.0,none,,[],Cách đánh giá uy tín công ty bảo hiểm,Người dùng đang phân vân về uy tín của một sản phẩm bảo hiểm và muốn xin đánh giá từ những khách hàng đã sử dụng.,False,False,2026-09-03T12:18:44.699358
1746992439841413,y_kien_trung_lap,trung_lap,0.1,none,,[],"lua chon kenh mua bao hiem, tam quan trong cua tu van vien, kinh nghiem chon tu van vien","Commenter khuyên nên mua bảo hiểm trực tiếp từ tư vấn viên của công ty bảo hiểm, đặc biệt là người làm lâu dài với nghề để được chăm sóc hợp đồng tốt hơn, thay vì qua ngân hàng.",False,False,2026-09-03T12:18:57.676016
1746992829841374,y_kien_trung_lap,trung_lap,0.2,none,,[],"uy tin cua bao hiem qua ngan hang, cach chon bao hiem qua kenh ngan hang","Commenter cho rằng các ngân hàng lớn sẽ chọn đối tác bảo hiểm uy tín để bảo vệ danh tiếng của họ, và khuyên người dùng nên chọn các công ty bảo hiểm được ngân hàng lớn lựa chọn rồi liên hệ trực tiếp với sale.",False,False,2026-09-03T12:18:57.676016
1747034043170586,spam,tich_cuc,0.5,none,,[],,"Commenter quảng cáo AIA là tập đoàn bảo hiểm lớn nhất châu Á với chất lượng tư vấn viên hàng đầu, khuyên không nên mua bảo hiểm qua kênh ngân hàng.",True,True,2026-09-03T12:18:57.676016
1747035636503760,y_kien_trung_lap,trung_lap,0.0,none,,[],"moi lien he giua bao hiem va khoan vay ngan hang, nhung dieu can biet khi mua bao hiem qua ngan hang","Commenter giải thích rằng việc mua bảo hiểm qua kênh ngân hàng thường liên quan đến các khoản vay và lãi suất ưu đãi, đồng thời khuyên người mua nên tìm hiểu kỹ dù mua ở đâu.",False,False,2026-09-03T12:18:57.676016
1747036409837016,y_kien_trung_lap,trung_lap,0.0,none,,[],,Commenter chia sẻ đã mua bảo hiểm Sunlife qua kênh ngân hàng ACB.,False,False,2026-09-03T12:18:57.676016
1747042613169729,spam,trung_lap,0.1,none,,[],,,False,False,2026-09-03T12:21:04.802949
1747049333169057,spam,trung_lap,0.15,none,,[],,,False,False,2026-09-03T12:21:04.802949
1747051876502136,dich_vu_tu_van,trung_lap,0.0,,,[],,,False,False,2026-09-03T12:21:04.802949
1747103253163665,spam,trung_lap,0.15,,,[],,,False,False,2026-09-03T12:21:04.802949
1747268249813832,y_kien_trung_lap,trung_lap,0.2,none,,"[""thiet ke goi khong phu hop"", ""khong ke khai suc khoe day du"", ""tu choi boi thuong"", ""khong co nguoi ho tro sau ban""]",,,False,False,2026-09-03T12:22:56.448677
1747314956475828,spam,trung_lap,0.1,,,[],,,False,False,2026-09-03T12:22:56.448677
2501582310345660,spam,trung_lap,0.0,none,,[],,Người dùng mời người khác tham khảo bảo hiểm PTI và liên hệ trực tiếp.,True,False,2026-09-03T12:22:56.448677
2501600183677206,spam,trung_lap,0.0,,,[],,,False,False,2026-09-03T12:22:56.448677
2501921193645105,check_chi_phi,trung_lap,0.0,none,,[],cac muc phi bao hiem,Người dùng đưa ra một con số liên quan đến chi phí.,False,False,2026-09-03T12:22:56.448677
2502176716952886,spam,trung_lap,0.0,none,,[],,"Người dùng tự giới thiệu là nhân viên Bảo Việt Bank, mời chào mua bảo hiểm ô tô và yêu cầu liên hệ qua Zalo để được tư vấn và báo phí.",True,False,2026-09-03T12:23:19.611315
2502873973549827,spam,trung_lap,0.0,none,,[],,Người dùng để lại số điện thoại và mời liên hệ để được hỗ trợ tư vấn về Bảo Việt.,True,False,2026-09-03T12:23:19.611315
2501587610345130,y_kien_trung_lap,trung_lap,0.1,none,,[],quy trinh lien he tu van vien,Người dùng khuyên nên liên hệ với người bán bảo hiểm trực tiếp để được hướng dẫn.,False,False,2026-09-03T12:23:19.611315
2501591933678031,chinh_sach_quy_trinh_boi_thuong,trung_lap,-0.1,none,,[],huong dan xu ly tai nan giao thong,"Người dùng đưa ra lời khuyên về cách xử lý khi có sự cố liên quan đến bảo hiểm, nhấn mạnh việc không thỏa thuận với bên thứ ba và yêu cầu bảo hiểm đền bù 100%.",False,False,2026-09-03T12:23:19.611315
2501924210311470,y_kien_trung_lap,trung_lap,0.0,none,,[],,"Người dùng đưa ra cụm từ ""Chế tài 50%"".",False,False,2026-09-03T12:23:19.611315
2501929393644285,dich_vu_tu_van,trung_lap,-0.2,none,,"[""phan hoi cham""]",,Người dùng xác nhận đã gọi bảo hiểm và được hẹn gặp tư vấn vào ngày mai.,False,False,2026-09-03T12:23:31.577479
2501960983641126,y_kien_trung_lap,trung_lap,0.1,none,,[],Mẹo bảo vệ quyền lợi khi làm việc với bảo hiểm,Người dùng khuyên nên ghi âm lại các cuộc gọi để tránh bị bảo hiểm bắt bẻ sau này.,False,False,2026-09-03T12:23:31.577479
2501978076972750,y_kien_trung_lap,trung_lap,0.2,none,,[],Hướng dẫn xử lý tai nạn giao thông có bên thứ ba bỏ chạy,"Người dùng khuyên nên báo công an giao thông để cùng bảo hiểm thu đòi bên thứ ba trong trường hợp xe gây tai nạn bỏ chạy, đồng thời cần minh bạch với bảo hiểm.",False,False,2026-09-03T12:23:31.577479
2501993370304554,y_kien_trung_lap,trung_lap,0.0,none,,[],,Người dùng xác nhận đã ghi âm cuộc gọi và chụp tin nhắn liên lạc với bên bảo hiểm.,False,False,2026-09-03T12:23:31.577479
2502885473548677,y_kien_trung_lap,trung_lap,0.0,none,,[],,"Commenter đưa ra lời khuyên về cách xử lý tình huống tai nạn giao thông, gợi ý sử dụng video cam hành trình và báo công an.",False,False,2026-09-03T12:23:44.342290
2502478523589372,y_kien_trung_lap,trung_lap,0.1,none,,[],quy trinh the quyen trong bao hiem,Commenter thông báo rằng PTI vẫn có thể xử lý vụ việc nếu người dùng làm thế quyền cho PTI để đòi bồi thường từ bên thứ ba.,False,False,2026-09-03T12:23:44.342290
2502479200255971,phan_van,trung_lap,0.0,none,,[],cac dieu kien de thuc hien the quyen bao hiem,Người dùng hỏi liệu có thể thực hiện thế quyền mà không có biên bản của công an hay không.,False,False,2026-09-03T12:23:44.342290
2502483720255519,spam,trung_lap,0.0,none,,[],,Commenter mời người dùng nhắn tin riêng.,True,False,2026-09-03T12:23:44.342290
2502490600254831,y_kien_trung_lap,trung_lap,0.0,none,,[],anh huong cua thoa thuan tu viet den quyen truy doi bao hiem,Commenter cho rằng việc viết tay thỏa thuận đã đồng nghĩa với việc không bảo lưu quyền truy đòi.,False,False,2026-09-03T12:23:44.342290
2502506936919864,y_kien_trung_lap,trung_lap,0.1,none,,[],hướng dẫn quy trình thế quyền trong bảo hiểm,Commenter đưa ra ý kiến về việc không cần thế quyền đòi bồi thường nếu bên thứ ba đã thỏa thuận chịu trách nhiệm.,False,False,2026-09-03T12:23:59.640631
2502827356887822,chinh_sach_quy_trinh_boi_thuong,trung_lap,0.0,none,,[],trách nhiệm của công ty bảo hiểm trong bồi thường,Commenter khẳng định công ty bảo hiểm phải chịu trách nhiệm bồi thường 100% cho khách hàng và tự giải quyết các vấn đề liên quan.,False,False,2026-09-03T12:23:59.640631
2502827606887797,chinh_sach_quy_trinh_boi_thuong,trung_lap,0.0,none,,[],quyền và nghĩa vụ của khách hàng trong quá trình bồi thường,Commenter khuyên người khác không cần ủy quyền và nhấn mạnh trách nhiệm của bảo hiểm là đền bù 100%.,False,False,2026-09-03T12:23:59.640631
2128509014402567,spam,trung_lap,0.0,none,,[],,"Một quản lý kinh doanh của Manulife tự giới thiệu và tư vấn về khả năng tham gia bảo hiểm cho người có bệnh cao huyết áp, kèm theo điều kiện loại trừ và tăng phí.",True,True,2026-09-03T12:23:59.640631
2128509394402529,spam,trung_lap,0.0,none,,[],,Commenter yêu cầu người đọc nhắn tin riêng và để lại số điện thoại.,True,True,2026-09-03T12:23:59.640631
2128511611068974,spam,trung_lap,0.0,none,,[],,Một người dùng mời inbox để tham vấn.,True,False,2026-09-03T12:24:11.328848
2128513374402131,spam,trung_lap,0.0,none,,[],,Một người dùng mời inbox để hỗ trợ nếu đang có bảo hiểm AIA.,True,False,2026-09-03T12:24:11.328848
2128515817735220,spam,trung_lap,0.1,none,,[],"bao hiem cho nguoi co benh nen, quyen loi the bao hiem suc khoe, tai tham dinh va tang phi bao hiem","Một tư vấn viên Sun Life giới thiệu bản thân, chia sẻ kinh nghiệm xử lý hồ sơ huyết áp và quảng bá chi tiết về thẻ bảo hiểm Sống Chất 2.0 với các quyền lợi nổi bật, đồng thời mời liên hệ để tư vấn.",True,False,2026-09-03T12:24:11.328848
2128517664401702,spam,trung_lap,0.0,none,,[],,Một người dùng tự xưng là Tuyến từ AIA mời inbox.,True,False,2026-09-03T12:24:11.328848
2128519217734880,spam,trung_lap,0.0,none,,[],,Một người dùng mời inbox.,True,False,2026-09-03T12:24:11.328848
2128523624401106,spam,trung_lap,0.0,none,,[],,Một tư vấn viên AIA giới thiệu bản thân và mời inbox để được hỗ trợ.,True,False,2026-09-03T12:24:24.671604
2128527661067369,spam,trung_lap,0.0,none,,[],,"Một tư vấn viên bảo hiểm giới thiệu khả năng hỗ trợ kê khai hồ sơ toàn quốc, đặc biệt cho thẻ sức khỏe của AIA và ưu tiên cho mẹ.",True,False,2026-09-03T12:24:24.671604
2128528161067319,y_kien_trung_lap,trung_lap,-0.1,none,,[],Bảo hiểm cho người có bệnh nền; Các yếu tố ảnh hưởng đến phí bảo hiểm; Điều kiện tham gia bảo hiểm sức khỏe,Bình luận cho biết người có huyết áp cao sẽ khó tham gia bảo hiểm hoặc phải chịu mức phí cao hơn.,False,False,2026-09-03T12:24:24.671604
2128529944400474,spam,trung_lap,0.0,none,,[],,Một lời mời nhắn tin để được tư vấn.,True,False,2026-09-03T12:24:24.671604
2128535661066569,spam,trung_lap,0.0,none,,[],,"Một tư vấn viên tên Hoa giới thiệu kinh nghiệm 9 năm trong ngành bảo hiểm, khả năng xử lý hồ sơ khó, và cam kết đồng hành hỗ trợ khách hàng 24/7, kèm theo thông tin liên hệ.",True,False,2026-09-03T12:24:24.671604
2128541757732626,spam,trung_lap,0.0,none,,[],,Một người dùng mời inbox để trao đổi.,True,False,2026-09-03T12:24:34.077429
2128542141065921,spam,trung_lap,0.0,none,,[],,Một người dùng mời inbox để hỗ trợ.,True,False,2026-09-03T12:24:34.077429
2128544134399055,spam,trung_lap,0.0,none,,[],,Một người dùng từ công ty Bảo Việt mời inbox.,True,False,2026-09-03T12:24:34.077429
2128548991065236,spam,trung_lap,0.0,none,,[],,Ngân từ Sun Life mời inbox để tư vấn giải pháp phù hợp.,True,False,2026-09-03T12:24:34.077429
2128553897731412,spam,trung_lap,0.0,none,,[],,"Hương Giang, tư vấn viên Manulife tại TP.HCM, mời inbox để trao đổi cụ thể.",True,False,2026-09-03T12:24:34.077429
2128561574397311,spam,trung_lap,0.0,none,,[],,Một tư vấn viên Manulife giới thiệu bản thân và để lại số điện thoại để kết nối hỗ trợ.,True,False,2026-09-03T12:24:53.956111
2128574704395998,spam,trung_lap,0.1,none,,[],,"Một tư vấn viên AIA giới thiệu kinh nghiệm xử lý hồ sơ bệnh nền (huyết áp) và đề nghị hỗ trợ thiết kế gói bảo hiểm, rà soát hồ sơ y tế, kèm theo thông tin liên hệ.",True,False,2026-09-03T12:24:53.956111
2128583327728469,spam,trung_lap,0.0,none,,[],,Một tư vấn viên AIA giới thiệu bản thân và mời liên hệ nếu quan tâm đến bảo hiểm AIA.,True,False,2026-09-03T12:24:53.956111
2128592574394211,spam,trung_lap,0.2,none,,[],,"Một chuyên viên AIA giới thiệu về kinh nghiệm hỗ trợ khách hàng có bệnh nền và liệt kê chi tiết 11 quyền lợi nổi bật của sản phẩm bảo hiểm sức khỏe trọn đời 100 tuổi của AIA, kèm theo thông tin liên hệ.",True,False,2026-09-03T12:24:53.956111
2128642777722524,spam,trung_lap,0.0,none,,[],,"Một tư vấn viên chia sẻ kinh nghiệm xử lý thành công hồ sơ bảo hiểm cho khách hàng 69 tuổi có tiền sử cao huyết áp và mã bệnh giả trên VSSID, đồng thời mời liên hệ để được hỗ trợ.",True,False,2026-09-03T12:24:53.956111
2128683701051765,spam,trung_lap,0.0,none,,[],,Một tư vấn viên Dai-ichi Life mời liên hệ để được tư vấn tại TPHCM.,True,False,2026-09-03T12:25:08.442865
2128797597707042,spam,trung_lap,0.1,none,,[],,"Một tư vấn viên đưa ra nhiều câu hỏi chi tiết về tình trạng huyết áp để đánh giá khả năng tham gia bảo hiểm, đồng thời giới thiệu kinh nghiệm hỗ trợ khách hàng bị từ chối và mời liên hệ để được tư vấn cụ thể.",True,False,2026-09-03T12:25:08.442865
2129412004312268,spam,trung_lap,0.1,none,,[],,"Một tư vấn viên bảo hiểm Dai-ichi Life tên Hải giới thiệu về bản thân, khu vực hoạt động và chuyên môn về bảo hiểm nhân thọ, chăm sóc sức khỏe.",True,False,2026-09-03T12:25:08.442865
2129413474312121,spam,trung_lap,0.0,none,,[],,Lời mời nhắn tin riêng.,True,False,2026-09-03T12:25:08.442865
2129423124311156,spam,trung_lap,0.0,none,,[],,Đề cập đến Prudential tại Đà Nẵng.,True,False,2026-09-03T12:25:08.442865
2129423877644414,spam,trung_lap,0.0,none,,[],,Người dùng yêu cầu liên hệ riêng.,True,True,2026-09-03T12:25:19.134733
2129453604308108,y_kien_trung_lap,trung_lap,0.0,none,,[],,Người dùng nhắc đến Bảo Việt Đồng Nai.,False,False,2026-09-03T12:25:19.134733
2129454580974677,spam,trung_lap,0.0,none,,[],,Người dùng yêu cầu liên hệ riêng.,True,True,2026-09-03T12:25:19.134733
2129465840973551,spam,trung_lap,0.0,none,,[],,Người dùng nhắc đến bảo hiểm nhân thọ tại Gia Lai.,True,True,2026-09-03T12:25:19.134733
2129467070973428,spam,trung_lap,0.0,none,,[],,Người dùng để lại tên và số điện thoại.,True,True,2026-09-03T12:25:19.134733
2129499517636850,spam,trung_lap,0.0,none,,[],,Một chuyên viên bảo hiểm AIA tự giới thiệu và mong muốn kết nối.,True,False,2026-09-03T12:25:29.540446
2129515207635281,spam,trung_lap,0.0,none,,[],,"Một người từ AIA Hà Nội tự giới thiệu và mong muốn trao đổi, giao lưu.",True,False,2026-09-03T12:25:29.540446
2129554977631304,spam,trung_lap,0.0,none,,[],,Một người từ Hanwhalife tự giới thiệu và liệt kê các khu vực hoạt động.,True,False,2026-09-03T12:25:29.540446
2129678784285590,spam,trung_lap,0.0,none,,[],,Một người tên Thu từ Bảo Việt tại Hà Nội bày tỏ mong muốn kết nối và giao lưu.,True,False,2026-09-03T12:25:29.540446
1746604563213534,spam,trung_lap,0.0,none,,[],,"Một tư vấn viên giới thiệu gói bảo hiểm nhân thọ cho người 57 tuổi với mức phí và quyền lợi cụ thể, mời inbox để biết thêm chi tiết.",True,True,2026-09-03T12:50:31.640531
28559132510365818,y_kien_trung_lap,trung_lap,0.0,none,,[],,B?nh lu?n ??a v? vi?c ?? s? ?i?n tho?i v? nh?n spam.,False,False,2026-09-04T11:23:22.066137
28573885165557219,bao_hiem_chung,tieu_cuc,-0.7,low,Quan điểm tiêu cực về sản phẩm bảo hiểm liên kết đầu tư (ILP) và tình trạng khách hàng.,"[""san pham phuc tap"", ""san pham khong ro rang""]",,"Người dùng bày tỏ sự thương hại đối với khách hàng hiểu về sản phẩm bảo hiểm liên kết đầu tư (ILP), ngụ ý tiêu cực về sản phẩm này.",False,False,2026-09-04T11:09:04.271608
28585852974360438,y_kien_trung_lap,trung_lap,0.0,none,,[],canh bao lua dao tren mang xa hoi,Người dùng cảnh báo cộng đồng về một số điện thoại có dấu hiệu spam/lừa đảo trên Zalo.,False,False,2026-09-04T11:09:04.271608
1745688996638424,y_kien_trung_lap,trung_lap,0.0,none,,[],quy trinh cap phat giay to bo sung hop dong,Chia s? t?nh tr?ng gi?y t? sau khi mua b? sung.,False,False,2026-09-04T11:23:22.063514
1745701299970527,y_kien_trung_lap,trung_lap,0.0,none,,[],cai thien ung dung bao hiem,M? t? th?ng tin hi?n th? trong h?p ??ng ?i?n t? tr?n ?ng d?ng.,False,False,2026-09-04T11:23:22.065278
1745913683282622,dich_vu_tu_van,tieu_cuc,-0.6,none,,"[""app thieu thong tin"", ""hop dong dien tu khong day du""]",cai thien ung dung bao hiem,"Người dùng bày tỏ sự bực bội khi mục hợp đồng điện tử trên ứng dụng trống rỗng, không có thông tin.",False,False,2026-09-04T11:09:04.271608
1746484919892165,y_kien_trung_lap,trung_lap,0.0,none,,[],cac benh thuong bi loai tru trong bao hiem suc khoe,Nh?n x?t c?c b?nh ???ng h? h?p th??ng b? lo?i tr?.,False,False,2026-09-04T11:23:22.064388
1745956163278374,san_pham_giai_phap,tieu_cuc,-0.7,low,Khó khăn trong việc mua bảo hiểm sức khỏe và bị từ chối sản phẩm bổ trợ do tiền sử bệnh lý.,"[""kho mua bao hiem"", ""bi tu choi san pham bo tro"", ""dieu kien suc khoe""]",kinh nghiem mua bao hiem khi co benh nen,Người dùng chia sẻ kinh nghiệm khó khăn khi mua thẻ sức khỏe và bị từ chối các sản phẩm bổ trợ do tình trạng sức khỏe và tiền sử bệnh gia đình.,False,False,2026-09-04T11:09:04.271608
1746102479930409,san_pham_giai_phap,tieu_cuc,-0.8,low,Bị từ chối/loại trừ bảo hiểm sức khỏe cho trẻ em vì tiền sử bệnh nhẹ.,"[""bi tu choi bao hiem"", ""dieu khoan loai tru"", ""tham dinh suc khoe""]",kinh nghiem mua bao hiem cho tre em co tien su benh,"Người dùng chia sẻ việc con mình bị loại trừ thẻ sức khỏe từ Manulife và không mua được từ AIA, dù chỉ có tiền sử đau đầu nhẹ đã được kiểm tra.",False,False,2026-09-04T11:09:04.271608
1745914583282532,san_pham_giai_phap,tieu_cuc,-0.6,none,,"[""dieu khoan loai tru"", ""dong chi tra""]",phan tich dieu khoan loai tru va dong chi tra cua cac goi bao hiem,Người dùng không hài lòng với AIA vì có nhiều điều khoản loại trừ xét nghiệm nhỏ lẻ và chính sách đồng chi trả.,False,False,2026-09-04T11:09:04.271608
1746061706601153,san_pham_giai_phap,tieu_cuc,-0.7,low,Phàn nàn cá nhân về tính cạnh tranh của sản phẩm bảo hiểm.,"[""san pham khong canh tranh""]",,,False,False,2026-09-04T11:09:04.271608
1746084499932207,spam,trung_lap,0.0,,,[],,,False,False,2026-09-04T11:09:04.271608
1746544773219513,san_pham_giai_phap,tieu_cuc,-0.8,low,Phàn nàn cá nhân về chi phí và chính sách tái tục của sản phẩm bảo hiểm.,"[""chi phi cao"", ""tang phi sau claim"", ""khong tai tuc hop dong"", ""san pham khong phu hop""]",,,False,False,2026-09-04T11:09:04.271608
1746510219889635,san_pham_giai_phap,tieu_cuc,-0.7,low,Phàn nàn cá nhân về chi phí sản phẩm cao.,"[""chi phí cao""]",giải thích các yếu tố ảnh hưởng đến phí bảo hiểm,Người dùng bày tỏ sự lo ngại về việc chi phí thẻ bảo hiểm cao.,False,False,2026-09-04T11:09:04.271608
1746947163179274,y_kien_trung_lap,trung_lap,0.0,none,,[],,,False,False,2026-09-04T11:09:04.271608
1746955573178433,y_kien_trung_lap,trung_lap,0.0,none,,[],,Nh?n x?t v? tr??ng h?p b?o hi?m chi tr? k?t qu? ?m t?nh.,False,False,2026-09-04T11:23:22.062519
1746967009843956,khen,tich_cuc,,,,[],,,False,False,2026-09-04T11:09:04.271608
1747315686475755,y_kien_trung_lap,trung_lap,,,,[],,,False,False,2026-09-04T11:09:04.271608
1746986313175359,dich_vu_tu_van,trung_lap,0.0,,,[],,,False,False,2026-09-04T11:09:04.271608
1747046859835971,bao_hiem_chung,trung_lap,0.0,,,[],,,False,False,2026-09-04T11:09:04.271608
2501928813644343,chinh_sach_quy_trinh_boi_thuong,tieu_cuc,-0.6,low,Bảo hiểm không kịp thời có mặt tại hiện trường tai nạn.,"[""phan hoi cham""]",Hướng dẫn xử lý khi xảy ra va chạm giao thông và bảo hiểm không thể có mặt kịp thời,"Người dùng gặp va chạm giao thông, đã chụp ảnh và gọi bảo hiểm nhưng được thông báo công ty không thể có mặt kịp thời vào sáng sớm.",False,False,2026-09-04T11:09:20.840351
2249682995969654,bao_hiem_chung,tieu_cuc,-0.8,low,Phát ngôn tiêu cực về ngành bảo hiểm.,"[""bao hiem lua dao""]",,"Comment thể hiện thái độ tiêu cực, cho rằng bảo hiểm là lừa đảo.",False,False,2026-09-08T17:37:31.513887
2250530572551563,y_kien_trung_lap,trung_lap,0.1,none,,[],kien thuc co ban ve bao hiem nhan tho,Comment cung cấp đáp án và giải thích cho 5 câu hỏi trắc nghiệm về bảo hiểm.,False,False,2026-09-08T17:37:31.513887
2250530775884876,y_kien_trung_lap,trung_lap,0.2,none,,[],huong dan hieu dieu khoan loai tru,Comment hướng dẫn tự đánh giá kiến thức bảo hiểm và nhấn mạnh điều khoản loại trừ.,False,False,2026-09-08T17:37:31.513887
2250576952546925,y_kien_trung_lap,trung_lap,0.0,none,,[],quy dinh ve benh co san trong bao hiem,Comment giải thích không thể khiếu nại vì bệnh đã có trước khi tham gia bảo hiểm.,False,False,2026-09-08T17:37:31.513887
2250577192546901,y_kien_trung_lap,trung_lap,0.1,none,,[],huong dan ke khai ho so y te khi mua bao hiem,Comment xác nhận bảo hiểm làm đúng và khuyên liên hệ TVV để kê khai bổ sung hồ sơ.,False,False,2026-09-08T17:37:31.513887
2250590139212273,y_kien_trung_lap,trung_lap,0.1,none,,[],huong dan ke khai thong tin y te,Comment khuyên làm hồ sơ khai báo bổ sung vì bệnh đã có sẵn và bảo hiểm làm đúng.,False,False,2026-09-08T17:37:31.513887
2250602759211011,spam,trung_lap,0.0,none,,[],,"Comment giải thích về kê khai hồ sơ y tế, sau đó tự giới thiệu TVV và kêu gọi liên hệ.",True,False,2026-09-08T17:37:31.513887
2250611159210171,y_kien_trung_lap,trung_lap,0.0,none,,[],quy trinh tham dinh bao hiem,Comment khuyên người dùng kê khai bổ sung để thẩm định.,False,False,2026-09-08T17:37:31.513887
2250645255873428,y_kien_trung_lap,trung_lap,0.0,none,,[],quy dinh ve benh co san,Comment giải thích công ty không trả là đúng vì bệnh có trước và khuyên kê khai đầy đủ.,False,False,2026-09-08T17:37:31.513887
2250730392531581,y_kien_trung_lap,trung_lap,0.0,none,,[],hieu dieu khoan hop dong ve benh co san,Comment giải thích công ty từ chối chi trả vì bệnh có trước khi tham gia bảo hiểm.,False,False,2026-09-08T17:37:31.513887
2250749282529692,y_kien_trung_lap,trung_lap,0.1,none,,[],huong dan ke khai bo sung thong tin y te,Comment khuyên kê khai bổ sung và chờ thời gian loại trừ cho đến khi bệnh ổn định.,False,False,2026-09-08T17:37:31.513887
2250819755855978,y_kien_trung_lap,trung_lap,0.0,none,,[],,Comment khuyên người dùng xem lại kết quả khám bệnh.,False,False,2026-09-08T17:37:31.513887
2251085862496034,y_kien_trung_lap,trung_lap,0.1,none,,[],tam quan trong cua viec ke khai trung thuc,Comment khuyên trao đổi với tư vấn viên để rà soát và kê khai lại thông tin đầy đủ.,False,False,2026-09-08T17:37:31.513887
1618935219690778,spam,trung_lap,0.0,none,,[],,Comment là tin tuyển dụng vị trí tư vấn viên Bancassurance Manulife tại Vietinbank.,True,False,2026-09-08T17:37:31.513887
1618939076357059,spam,trung_lap,0.0,none,,[],,Comment tự giới thiệu là đại diện Daiichi và kêu gọi liên hệ cho công việc sale.,True,False,2026-09-08T17:37:31.513887
1619058219678478,spam,trung_lap,0.0,none,,[],,Comment là tin tuyển dụng tư vấn viên bảo hiểm cho Generali Cần Thơ và kêu gọi inbox.,True,False,2026-09-08T17:37:31.513887
1621566146094352,muon_tu_van,tich_cuc,0.7,none,,[],goi bao hiem suc khoe cho gia dinh,Người dùng cần tư vấn gói bảo hiểm sức khỏe cho 2 người và để lại số điện thoại.,False,False,2026-09-08T17:37:31.513887
1621580912759542,spam,trung_lap,0.0,none,,[],,Comment chỉ để lại số Zalo.,True,False,2026-09-08T17:37:31.513887
1622429232674710,spam,trung_lap,0.0,none,,[],,Comment quảng cáo sản phẩm cốc nước in logo làm quà tặng doanh nghiệp.,False,False,2026-09-08T17:37:31.513887
1622565195994447,muon_tu_van,tich_cuc,0.8,none,,[],goi bao hiem cho gia dinh 4 nguoi,Người dùng cần tư vấn bảo hiểm cho gia đình 4 người ở Nam Định và để lại số điện thoại.,False,False,2026-09-08T17:37:31.513887
1622565459327754,spam,trung_lap,0.0,none,,[],,"Bài đăng quảng cáo sản phẩm bảo hiểm trợ cấp thu nhập với ưu điểm không thời gian chờ và quyền lợi mở rộng, kèm thông tin liên hệ.",True,False,2026-09-08T17:38:24.050074
1618071216443845,spam,trung_lap,0.0,none,,[],,Một tư vấn viên Dai-ichi giới thiệu giải pháp bảo hiểm nhân thọ kèm thẻ sức khỏe và mời liên hệ để tư vấn.,True,False,2026-09-08T17:38:24.050074
1618157873101846,spam,trung_lap,0.0,none,,[],,"Quảng cáo gói bảo hiểm Fubon Life bảo vệ sức khỏe, tai nạn, bệnh hiểm nghèo cho cả gia đình với chi phí linh hoạt.",True,False,2026-09-08T17:38:24.050074
1619034679680832,spam,trung_lap,0.0,none,,[],,Một tư vấn viên Bảo Việt Nhân Thọ giới thiệu sản phẩm mới An Thịnh Phúc Niên và mời liên hệ để tư vấn.,True,False,2026-09-08T17:38:24.050074
1619034813014152,spam,trung_lap,0.0,none,,[],,Một tư vấn viên Bảo Việt Nhân Thọ giới thiệu sản phẩm mới An Thịnh Phúc Niên và mời liên hệ để tư vấn.,True,False,2026-09-08T17:38:24.050074
1619148246336142,spam,trung_lap,0.0,none,,[],,"Một nhân viên VIB giới thiệu thẻ tín dụng với ưu đãi hoàn tiền cho nhiều danh mục chi tiêu, bao gồm bảo hiểm.",True,False,2026-09-08T17:38:24.050074
1619884826262484,khen,tich_cuc,0.8,none,,[],Cách chọn tư vấn viên bảo hiểm có tâm,"Người dùng giới thiệu một tư vấn viên bảo hiểm tên Do Anh, khen ngợi cô ấy tư vấn có tâm, không chèo kéo và lắng nghe nhu cầu khách hàng.",False,False,2026-09-08T17:38:24.050074
1619897706261196,spam,trung_lap,0.0,none,,[],,Một tư vấn viên giới thiệu các gói bảo hiểm đa dạng và mời liên hệ để được tư vấn.,True,False,2026-09-08T17:38:24.050074
1619902562927377,spam,trung_lap,0.0,none,,[],,Một tư vấn viên mời người quan tâm inbox để nhận phương án bảo hiểm tham khảo.,True,False,2026-09-08T17:38:24.050074
1620884676162499,spam,trung_lap,0.0,none,,[],,Một tư vấn viên giới thiệu sản phẩm ILP của FWD cho ngân sách 30 triệu nếu khách hàng muốn tích lũy và mời liên hệ để tư vấn chi tiết.,True,False,2026-09-08T17:38:24.050074
1621565596094407,muon_tu_van,tich_cuc,0.7,none,,[],Các gói bảo hiểm sức khỏe cho 2 người,Người dùng đang tìm kiếm tư vấn về gói bảo hiểm sức khỏe cho hai người và để lại số điện thoại.,False,False,2026-09-08T17:38:24.050074
1622424199341880,spam,trung_lap,0.0,none,,[],,"Một tư vấn viên Dai-ichi giới thiệu thẻ sức khỏe toàn cầu với mệnh giá cao và cam kết tái tục, mời liên hệ để được hỗ trợ.",True,False,2026-09-08T17:38:24.050074
1618467626404204,bao_hiem_chung,tieu_cuc,-0.9,medium,"Mất niềm tin vào ngành bảo hiểm do công ty né tránh bồi thường, cần TVV 'đấu tranh'.","[""quy trình bồi thường phức tạp"", ""công ty né tránh chi trả"", ""mất niềm tin bảo hiểm""]",Giải thích quy trình bồi thường minh bạch,"Người dùng bày tỏ sự thất vọng và mất niềm tin vào các công ty bảo hiểm do quy trình bồi thường phức tạp, việc công ty né tránh chi trả và sự cần thiết của tư vấn viên phải 'đấu tranh' cho quyền lợi khách hàng.",False,False,2026-09-08T17:38:24.050074
1618474179736882,y_kien_trung_lap,trung_lap,0.2,none,,[],Tầm quan trọng của việc đọc kỹ hợp đồng bảo hiểm,"Người dùng phản hồi về vấn đề mất niềm tin vào bảo hiểm, thừa nhận các trường hợp từ chối bồi thường nhưng nhấn mạnh tầm quan trọng của việc hiểu hợp đồng và chọn tư vấn viên chuyên nghiệp để bảo vệ quyền lợi.",True,False,2026-09-08T17:38:24.050074
1618934736357493,spam,trung_lap,0.0,none,,[],,Thông báo tuyển dụng vị trí tư vấn viên Bancassurance của Manulife hợp tác với Vietinbank trên toàn quốc.,True,False,2026-09-08T17:38:24.050074
1618469226404044,y_kien_trung_lap,trung_lap,0.0,none,,[],,Một người hỏi liệu khách hàng còn giữ hợp đồng bảo hiểm bản giấy hay không.,True,False,2026-09-08T17:38:24.050074
1618477609736539,khen,tich_cuc,0.6,none,,[],,Người dùng khuyên nên liên hệ với Manulife để được hỗ trợ.,False,False,2026-09-08T17:38:24.050074
1618480599736240,spam,trung_lap,0.0,none,,[],,Một tư vấn viên AIA đề nghị hỗ trợ kiểm tra quyền lợi hợp đồng và cung cấp thông tin liên hệ.,True,False,2026-09-08T17:38:24.050074
1618483616402605,spam,trung_lap,0.0,none,,[],,"Một cựu tư vấn viên Aviva (nay là Manulife) cung cấp thông tin về việc Aviva đổi tên thành MVI Life và đề nghị hỗ trợ tư vấn, kèm theo số điện thoại liên hệ.",True,False,2026-09-08T17:38:24.050074
1618485319735768,y_kien_trung_lap,tich_cuc,0.8,none,,[],Hướng dẫn kiểm tra hợp đồng bảo hiểm MVI Life,"Người dùng cung cấp hướng dẫn chi tiết về cách kiểm tra hợp đồng bảo hiểm với MVI Life thông qua hotline, email hoặc trực tiếp tại trung tâm dịch vụ khách hàng.",False,False,2026-09-08T17:38:24.050074
1618487236402243,y_kien_trung_lap,trung_lap,0.0,none,,[],Giải thích quá trình chuyển giao Aviva sang MVI Life và trách nhiệm của công ty mới,Người dùng chia sẻ thông tin về việc Aviva được Vietinbank bán lại cho Manu và trách nhiệm xử lý vẫn được duy trì.,True,False,2026-09-08T17:39:03.701390
1618488833068750,spam,trung_lap,0.0,none,,[],,Người dùng kêu gọi inbox để hỗ trợ và cung cấp thông tin về hợp đồng giấy của Aviva.,True,False,2026-09-08T17:39:03.701390
1618501439734156,spam,trung_lap,0.0,none,,[],,Người dùng kêu gọi inbox.,True,False,2026-09-08T17:39:03.701390
1618527383064895,spam,trung_lap,0.0,none,,[],,Người dùng tự giới thiệu là tư vấn viên cũ của Aviva (nay là MVI Life) và đề nghị hỗ trợ kiểm tra quyền lợi hợp đồng.,True,False,2026-09-08T17:39:03.701390
1618652619719038,spam,trung_lap,0.0,none,,[],,Người dùng hướng dẫn kiểm tra thông tin hợp đồng trên ứng dụng Aviva và đề nghị hỗ trợ giải thích quyền lợi nếu cần.,True,False,2026-09-08T17:39:03.701390
1618837013033932,spam,trung_lap,0.0,none,,[],,Người dùng tự giới thiệu là tư vấn viên Dai-ichi Life và cung cấp số Zalo để hỗ trợ kiểm tra quyền lợi hợp đồng Aviva.,True,False,2026-09-08T17:39:03.701390
1618885573029076,spam,trung_lap,0.0,none,,[],,Người dùng kêu gọi liên hệ để được hỗ trợ.,True,False,2026-09-08T17:39:03.701390
1619150569669243,spam,trung_lap,0.0,none,,[],,Người dùng tự giới thiệu là nhân viên VIB và quảng cáo thẻ tín dụng với ưu đãi hoàn tiền cho danh mục bảo hiểm.,True,False,2026-09-08T17:39:03.701390
1620885739495726,y_kien_trung_lap,trung_lap,0.0,none,,[],Hướng dẫn khách hàng Aviva tìm kiếm hỗ trợ sau khi chuyển giao sang MVI Life (Manulife),Người dùng gợi ý tìm kiếm hỗ trợ cho Aviva trong các nhóm của Manulife.,False,False,2026-09-08T17:39:03.701390
1618970129687287,spam,trung_lap,0.0,none,,[],,Comment trống.,False,False,2026-09-08T17:39:03.701390
1619104699673830,spam,trung_lap,0.0,none,,[],,Người dùng kêu gọi inbox.,True,False,2026-09-08T17:39:03.701390
1619105859673714,spam,trung_lap,0.0,none,,[],,Người dùng kêu gọi kiểm tra inbox.,True,False,2026-09-08T17:39:03.701390
1619365859647714,spam,trung_lap,0.0,none,,[],,Người dùng kêu gọi inbox.,True,False,2026-09-08T17:39:03.701390
1619710562946577,spam,trung_lap,0.0,none,,[],,Người dùng kêu gọi kiểm tra inbox.,True,False,2026-09-08T17:39:03.701390
1619771189607181,spam,trung_lap,0.0,none,,[],,Công ty NNX quảng bá sự kiện Carnival Trăng Rằm với các ưu đãi cho khách hàng và CTV khi mua bảo hiểm.,True,False,2026-09-08T17:39:03.701390
1620170266233940,spam,trung_lap,0.0,none,,[],,"Người dùng quảng cáo thẻ tín dụng Shinhan Supreme với ưu đãi hoàn tiền 6% cho bảo hiểm và y tế, kèm lời mời tư vấn.",True,False,2026-09-08T17:39:03.701390
1619024946348472,spam,trung_lap,0.0,none,,[],,Người dùng kêu gọi inbox để hỗ trợ tư vấn.,True,False,2026-09-08T17:39:03.701390
1619025056348461,spam,trung_lap,0.0,none,,[],,Người dùng kêu gọi inbox để gửi ưu đãi.,True,False,2026-09-08T17:39:03.701390
1619025456348421,y_kien_trung_lap,trung_lap,0.0,none,,[],Giải thích chi tiết các quyền lợi cơ bản của bảo hiểm nhân thọ,Người dùng liệt kê các quyền lợi chính của bảo hiểm nhân thọ và khuyến khích tìm hiểu thêm.,False,False,2026-09-08T17:39:03.701390
1619025579681742,spam,trung_lap,0.0,none,,[],,Người dùng kêu gọi inbox.,True,False,2026-09-08T17:39:03.701390
1619025646348402,spam,trung_lap,0.0,none,,[],,Comment mời người dùng inbox để được hỗ trợ.,True,False,2026-09-08T17:39:45.828716
1619025876348379,spam,trung_lap,0.0,none,,[],,Comment mời người dùng inbox để được hỗ trợ.,True,False,2026-09-08T17:39:45.828716
1619025976348369,spam,trung_lap,0.0,none,,[],,Một tư vấn viên AIA tự giới thiệu và mời inbox để chia sẻ về bảo hiểm nhân thọ.,True,False,2026-09-08T17:39:45.828716
1619026106348356,spam,trung_lap,0.0,none,,[],,"Một tư vấn viên AIA giới thiệu chi tiết các quyền lợi của sản phẩm bảo hiểm nhân thọ và thẻ sức khỏe, kèm theo lời mời liên hệ Zalo.",True,False,2026-09-08T17:39:45.828716
1619026286348338,spam,trung_lap,0.0,none,,[],,Comment mời người dùng inbox để được tư vấn sản phẩm ưu việt của Manulife.,True,False,2026-09-08T17:39:45.828716
1619026383014995,spam,trung_lap,0.0,none,,[],,Comment mời người dùng inbox.,True,False,2026-09-08T17:39:45.828716
1619026393014994,spam,trung_lap,0.0,none,,[],,"Một tư vấn viên giới thiệu các ưu điểm của bảo hiểm AIA, kèm theo lời mời inbox hoặc add Zalo để nhận bảng so sánh quyền lợi.",True,False,2026-09-08T17:39:45.828716
1619026673014966,spam,trung_lap,0.0,none,,[],,Comment tự giới thiệu là người của Gen và mời liên hệ để được hỗ trợ tư vấn.,True,False,2026-09-08T17:39:45.828716
1619027253014908,spam,trung_lap,0.0,none,,[],,Comment mời người dùng inbox.,True,False,2026-09-08T17:39:45.828716
1619027469681553,khen,tich_cuc,0.8,none,,[],,Comment giới thiệu và khen ngợi tư vấn viên Ngọc Anh của Manulife là người có tâm.,False,False,2026-09-08T17:39:45.828716
1619027569681543,spam,trung_lap,0.0,none,,[],,"Một phó phòng kinh doanh của AIA tự giới thiệu kinh nghiệm, thành tích và mời người dùng inbox để được giải đáp thắc mắc.",True,False,2026-09-08T17:39:45.828716
1619028133014820,spam,trung_lap,0.0,none,,[],,Comment mời người dùng inbox.,True,False,2026-09-08T17:39:45.828716
1619028309681469,spam,trung_lap,0.0,none,,[],,Comment mời người dùng inbox để được hỗ trợ.,True,False,2026-09-08T17:39:45.828716
1619028399681460,spam,trung_lap,0.0,none,,[],,Một tư vấn viên Cathay Life Vietnam mời người dùng liên hệ để tính toán kế hoạch dự phòng dựa trên thu nhập và hoàn cảnh thực tế.,True,False,2026-09-08T17:39:45.828716
1619028713014762,spam,trung_lap,0.0,none,,[],,"Một tư vấn viên Bảo Việt mời người dùng inbox để được tư vấn, kèm số điện thoại.",True,False,2026-09-08T17:39:45.828716
1619029209681379,spam,trung_lap,0.0,none,,[],,Một tư vấn viên Dai-ichi mời người dùng inbox.,True,False,2026-09-08T17:39:45.828716
1619030429681257,y_kien_trung_lap,trung_lap,0.2,none,,[],"huong dan chon bao hiem phu hop, cac yeu to can xem xet khi mua the suc khoe","Comment hướng dẫn người dùng chia sẻ thông tin cá nhân và nhu cầu để được tư vấn gói bảo hiểm phù hợp, đồng thời lưu ý các điểm quan trọng khi tham khảo thẻ sức khỏe.",True,False,2026-09-08T17:39:45.828716
1619031696347797,spam,trung_lap,0.0,none,,[],,Comment mời người dùng inbox để kết nối.,True,False,2026-09-08T17:39:45.828716
1619033713014262,spam,trung_lap,0.0,none,,[],,Một tư vấn viên Bảo Việt Nhân Thọ giới thiệu sản phẩm mới An Thịnh Phúc Niên và mời người dùng inbox để được tư vấn.,True,False,2026-09-08T17:39:45.828716
1619033709680929,y_kien_trung_lap,trung_lap,0.6,none,,[],"huong dan chon bao hiem nhan tho theo nhu cau, nhung dieu can biet truoc khi mua bhnt","Một tư vấn viên Dai-ichi Life khuyên người mới tìm hiểu bảo hiểm nhân thọ nên tập trung vào nhu cầu bảo vệ thực sự và sự đồng hành của tư vấn viên, thay vì vội vàng chọn hãng.",True,False,2026-09-08T17:39:45.828716
1619034183014215,spam,trung_lap,0.0,none,,[],,Một tư vấn viên của Generali giới thiệu chi tiết về gói bảo hiểm và mời khách hàng liên hệ để được tư vấn.,True,False,2026-09-08T17:40:30.161016
1619034506347516,spam,trung_lap,0.0,none,,[],,"Một tư vấn viên của Daiichi giới thiệu bản thân, các loại bảo hiểm và mời khách hàng liên hệ qua Zalo.",True,False,2026-09-08T17:40:30.161016
1619036466347320,spam,trung_lap,0.0,none,,[],,Comment quảng bá sản phẩm mới của Prudential và mời khách hàng liên hệ để được tư vấn.,True,False,2026-09-08T17:40:30.161016
1619037869680513,spam,trung_lap,0.0,none,,[],,"Một quản lý kinh doanh của Daiichi giới thiệu kinh nghiệm, cam kết hỗ trợ và mời liên hệ để được tư vấn.",True,False,2026-09-08T17:40:30.161016
1619041059680194,muon_tu_van,tich_cuc,0.5,none,,[],"Thông tin sản phẩm Daiichi, Quy trình tham gia bảo hiểm Daiichi",Người dùng muốn được inbox để tham khảo thông tin về bảo hiểm Daiichi.,False,False,2026-09-08T17:40:30.161016
1619041393013494,spam,trung_lap,0.0,none,,[],,Một tư vấn viên giới thiệu kinh nghiệm 11 năm trong ngành bảo hiểm và cung cấp số điện thoại Zalo.,True,False,2026-09-08T17:40:30.161016
1619044106346556,spam,trung_lap,0.0,none,,[],,Comment mời khách hàng inbox Zalo để nhận tư vấn.,True,False,2026-09-08T17:40:30.161016
1619044109679889,spam,trung_lap,0.0,none,,[],,Một người đề nghị hỗ trợ qua inbox.,True,False,2026-09-08T17:40:30.161016
1619045033013130,spam,trung_lap,0.0,none,,[],,Một người đề nghị hỗ trợ nếu người dùng ở TPHCM.,True,False,2026-09-08T17:40:30.161016
1619045509679749,y_kien_trung_lap,trung_lap,0.1,none,,[],"So sánh các sản phẩm Manulife, Lợi ích khi tham gia bảo hiểm Manulife",Người dùng gợi ý tham khảo bảo hiểm Manulife.,False,False,2026-09-08T17:40:30.161016
1619047006346266,spam,trung_lap,0.0,none,,[],,Một tư vấn viên đặt câu hỏi về mục tiêu tham gia bảo hiểm và mời khách hàng chia sẻ nhu cầu.,True,False,2026-09-08T17:40:30.161016
1619049563012677,spam,trung_lap,0.0,none,,[],,Một chuyên viên hoạch định tài chính của AIA giới thiệu kinh nghiệm và mời khách hàng inbox.,True,False,2026-09-08T17:40:30.161016
1619049823012651,spam,trung_lap,0.0,none,,[],,Một tư vấn viên của AIA tại Quy Nhơn giới thiệu kinh nghiệm và đề nghị hỗ trợ khách hàng.,True,False,2026-09-08T17:40:30.161016
1619052696345697,spam,trung_lap,0.0,none,,[],,Một tư vấn viên của Daiichi giới thiệu chi tiết về thẻ chăm sóc sức khỏe và mời liên hệ để được hỗ trợ.,True,False,2026-09-08T17:40:30.161016
1619056146345352,spam,trung_lap,0.0,none,,[],,Comment mời khách hàng inbox để được tư vấn về Generali và cung cấp số điện thoại.,True,False,2026-09-08T17:40:30.161016
1619059329678367,spam,trung_lap,0.0,none,,[],,Một chuyên viên hoạch định tài chính của AIA giải thích về bảo hiểm nhân thọ và mong muốn giúp khách hàng.,True,False,2026-09-08T17:40:30.161016
1619060123011621,spam,trung_lap,0.0,none,,[],,Một người mời khách hàng đi cà phê để trao đổi thêm.,True,False,2026-09-08T17:40:30.161016
1619061896344777,spam,trung_lap,0.0,none,,[],,"Comment cung cấp số Zalo của Trang, một tư vấn viên AIA.",True,False,2026-09-08T17:40:30.161016
1619068176344149,spam,trung_lap,0.0,none,,[],,Comment mời người dùng kiểm tra inbox.,True,False,2026-09-08T17:40:30.161016
1619068179677482,khen,tich_cuc,0.7,none,,[],"Lợi ích khi mua bảo hiểm Prudential qua VIB, Quy trình mua bảo hiểm qua ngân hàng",Người dùng chia sẻ trải nghiệm tốt khi mua bảo hiểm Prudential qua ngân hàng VIB.,False,False,2026-09-08T17:40:30.161016
1619076399676660,y_kien_trung_lap,trung_lap,0.2,none,,[],"Hướng dẫn tham gia bảo hiểm nhân thọ đúng cách, Tầm quan trọng của kê khai hồ sơ sức khỏe khi mua bảo hiểm","Comment chia sẻ hai điều tiên quyết khi tham gia bảo hiểm nhân thọ là phân bổ quyền lợi và kê khai tiền sử sức khỏe, sau đó mời tư vấn chi tiết.",True,False,2026-09-08T17:41:15.225571
1619083479675952,spam,trung_lap,0.0,none,,[],,Lời mời inbox để tham khảo.,True,False,2026-09-08T17:41:15.225571
1619085216342445,spam,trung_lap,0.0,none,,[],,Lời mời inbox để được hỗ trợ.,True,False,2026-09-08T17:41:15.225571
1619098493007784,spam,trung_lap,0.0,none,,[],,Tư vấn viên Daiichi mời inbox để tư vấn chi tiết và cung cấp số Zalo.,True,False,2026-09-08T17:41:15.225571
1619098496341117,y_kien_trung_lap,trung_lap,0.2,none,,[],"Cách xác định nhu cầu và ngân sách khi mua bảo hiểm, Tầm quan trọng của việc tham khảo nhiều bên trước khi mua bảo hiểm","Comment khuyên người dùng xác định nhu cầu và ngân sách trước khi chọn bảo hiểm, sau đó đề nghị hỗ trợ phân tích và lên phương án tham khảo.",True,False,2026-09-08T17:41:15.225571
1619116246339342,spam,trung_lap,0.0,none,,[],,Lời mời liên hệ để được tư vấn gói bảo hiểm tốt nhất.,True,False,2026-09-08T17:41:15.225571
1619122369672063,spam,trung_lap,0.0,none,,[],,"Lan Hương, tư vấn viên AIA với 5 năm kinh nghiệm, mời giải đáp mọi thắc mắc về bảo hiểm.",True,False,2026-09-08T17:41:15.225571
1619138883003745,y_kien_trung_lap,trung_lap,0.1,none,,[],Kinh nghiệm của một tư vấn viên bảo hiểm từ góc nhìn khách hàng,Tư vấn viên tự giới thiệu có 10 năm kinh nghiệm từ vị trí khách hàng và muốn chia sẻ hành trình trải nghiệm dịch vụ.,True,False,2026-09-08T17:41:15.225571
1619150869669213,spam,trung_lap,0.0,none,,[],,Lời mời inbox qua Zalo và cung cấp số điện thoại.,True,False,2026-09-08T17:41:15.225571
1619152849669015,spam,trung_lap,0.0,none,,[],,Lời mời inbox.,True,False,2026-09-08T17:41:15.225571
1619152919669008,spam,trung_lap,0.0,none,,[],,Lời mời inbox.,True,False,2026-09-08T17:41:15.225571
1619155536335413,spam,trung_lap,0.0,none,,[],,Lời mời kết nối qua số điện thoại của tư vấn viên Dai-ichi.,True,False,2026-09-08T17:41:15.225571
1619170096333957,spam,trung_lap,0.0,none,,[],,Lời mời inbox cho Quyên Bảo Việt qua số điện thoại được cung cấp.,True,False,2026-09-08T17:41:15.225571
1619192382998395,spam,trung_lap,0.0,none,,[],,Lời mời inbox cho Hồng Đào qua số điện thoại được cung cấp.,True,False,2026-09-08T17:41:15.225571
1619199499664350,y_kien_trung_lap,trung_lap,0.3,none,,[],"Hướng dẫn chi tiết cách xác định nhu cầu và ưu tiên quyền lợi khi mua bảo hiểm nhân thọ, Công thức tính số tiền bảo hiểm cần thiết cho từng loại quyền lợi","Comment cung cấp hướng dẫn chi tiết về cách xác định nhu cầu và ưu tiên quyền lợi bảo hiểm nhân thọ, kèm theo công thức tính toán, sau đó mời tư vấn trực tiếp hoặc online.",True,False,2026-09-08T17:41:15.225571
1619200522997581,spam,trung_lap,0.0,none,,[],,"Tư vấn viên đề xuất gói bảo hiểm Daiichi kết hợp tích lũy và bảo vệ sức khỏe với mức phí 1 triệu/tháng, mời liên hệ Zalo để nhận phương án cụ thể.",True,False,2026-09-08T17:41:15.225571
1619205252997108,y_kien_trung_lap,trung_lap,0.2,none,,[],Cách chọn sản phẩm bảo hiểm phù hợp và tư vấn viên có tâm,"Comment chia sẻ rằng không có sản phẩm tốt nhất mà chỉ có sản phẩm phù hợp nhất, chúc người dùng chọn được sản phẩm và tư vấn viên có tâm, sau đó mời tư vấn từ Bảo Việt.",True,False,2026-09-08T17:41:15.225571
1619215516329415,spam,trung_lap,0.0,none,,[],,Lời mời inbox từ tư vấn viên Bảo Việt Nhân Thọ.,True,False,2026-09-08T17:41:15.225571
1619239742993659,spam,trung_lap,0.0,none,,[],,Lời mời chia sẻ và cung cấp số Zalo để liên hệ.,True,False,2026-09-08T17:41:15.225571
1619294286321538,y_kien_trung_lap,trung_lap,0.0,none,,[],,Comment chỉ chứa một tên riêng.,False,False,2026-09-08T17:41:15.225571
1619321396318827,spam,trung_lap,0.0,none,,[],,Một người tự giới thiệu là đại lý Cathay và mời inbox để tư vấn.,True,False,2026-09-08T17:42:03.021249
1619658422951791,spam,trung_lap,0.0,none,,[],,Một người tự giới thiệu là đại lý Manulife và mời kết nối riêng để tham khảo sản phẩm.,True,False,2026-09-08T17:42:03.021249
1619800906270876,spam,trung_lap,0.0,none,,[],,Lời kêu gọi inbox một người cụ thể để nhận tư vấn.,True,False,2026-09-08T17:42:03.021249
1619832812934352,y_kien_trung_lap,trung_lap,0.3,none,,[],Hướng dẫn 4 bước tìm hiểu bảo hiểm trước khi mua; Những điều cần biết về quyền lợi và điều khoản bảo hiểm,"Một tư vấn viên Generali cung cấp hướng dẫn chi tiết về 4 yếu tố quan trọng cần tìm hiểu khi mua bảo hiểm, trước khi xem xét mức phí.",True,False,2026-09-08T17:42:03.021249
1619840359600264,spam,trung_lap,0.0,none,,[],,"Lời chào mời mở thẻ tín dụng để được hoàn tiền khi thanh toán bảo hiểm, kèm số điện thoại liên hệ.",True,False,2026-09-08T17:42:03.021249
1619882036262763,spam,trung_lap,0.0,none,,[],,Lời kêu gọi kết nối qua Zalo.,True,False,2026-09-08T17:42:03.021249
1619905819593718,spam,trung_lap,0.0,none,,[],,Lời mời inbox để được hỗ trợ nếu quan tâm.,True,False,2026-09-08T17:42:03.021249
1619946636256303,spam,trung_lap,0.0,none,,[],,Lời mời inbox để tư vấn về FWD.,True,False,2026-09-08T17:42:03.021249
1620000666250900,spam,trung_lap,0.0,none,,[],,Một người tự giới thiệu có 12 năm kinh nghiệm bảo hiểm nhân thọ và mời inbox.,True,False,2026-09-08T17:42:03.021249
1620073552910278,spam,trung_lap,0.0,none,,[],,Lời mời liên hệ qua Zalo để tham khảo bảo hiểm Manulife.,True,False,2026-09-08T17:42:03.021249
1620345542883079,khen,tich_cuc,0.7,none,,[],Tiêu chí chọn tư vấn viên bảo hiểm có tâm; Lợi ích khi có tư vấn viên hiểu rõ nhiều sản phẩm,Một khách hàng khen ngợi tư vấn viên Do Anh vì sự nhiệt tình và khả năng đáp ứng mọi nhu cầu.,False,True,2026-09-08T17:42:03.021249
1620357599548540,y_kien_trung_lap,trung_lap,0.0,none,,[],,Một nhận xét chung về việc chiều theo cảm xúc của khách hàng.,False,False,2026-09-08T17:42:03.021249
1620372279547072,spam,trung_lap,0.0,none,,[],,Một người tự giới thiệu là đại lý Dai-ichi với 6 năm kinh nghiệm và mời liên hệ để được hỗ trợ.,True,False,2026-09-08T17:42:03.021249
1621502492767384,khen,tich_cuc,0.8,none,,[],Tầm quan trọng của tư vấn viên bảo hiểm độc lập; Làm sao để chọn được tư vấn viên bảo hiểm phù hợp,Lời khuyên cho người mới tìm hiểu bảo hiểm nên chọn tư vấn viên có tâm và giới thiệu tư vấn viên Do Anh vì khả năng so sánh nhiều sản phẩm.,False,True,2026-09-08T17:42:03.021249
1621565086094458,muon_tu_van,tich_cuc,0.6,none,,[],Các gói bảo hiểm sức khỏe cho gia đình; Quyền lợi bảo hiểm sức khỏe cá nhân và người thân,"Người dùng bày tỏ nhu cầu cần tư vấn gói bảo hiểm sức khỏe cho bản thân và một người khác, kèm số điện thoại liên hệ.",False,False,2026-09-08T17:42:03.021249
1622536222664011,spam,trung_lap,0.0,none,,[],,Nội dung quảng cáo về 'Thẻ Trợ cấp Y tế NNX' với các quyền lợi như trợ cấp viện phí và voucher Pharmacity.,True,True,2026-09-08T17:42:03.021249
1622564705994496,muon_tu_van,tich_cuc,0.6,none,,[],Các gói bảo hiểm gia đình phù hợp cho 4 người; Tư vấn bảo hiểm tại Nam Định,"Người dùng bày tỏ nhu cầu cần tư vấn bảo hiểm cho gia đình 4 người tại Nam Định, kèm số điện thoại liên hệ.",False,False,2026-09-08T17:42:03.021249
1622564762661157,muon_tu_van,tich_cuc,0.6,none,,[],Các gói bảo hiểm gia đình phù hợp cho 4 người; Tư vấn bảo hiểm tại Nam Định,"Người dùng bày tỏ nhu cầu cần tư vấn bảo hiểm cho gia đình 4 người tại Nam Định, kèm số điện thoại liên hệ.",False,False,2026-09-08T17:42:03.021249
1622564882661145,muon_tu_van,tich_cuc,0.6,none,,[],Các gói bảo hiểm gia đình phù hợp cho 4 người; Tư vấn bảo hiểm tại Nam Định,"Người dùng bày tỏ nhu cầu cần tư vấn bảo hiểm cho gia đình 4 người tại Nam Định, kèm số điện thoại liên hệ.",False,False,2026-09-08T17:42:03.021249
1622564959327804,muon_tu_van,tich_cuc,0.6,none,,[],Các gói bảo hiểm gia đình phù hợp cho 4 người; Tư vấn bảo hiểm tại Nam Định,"Người dùng bày tỏ nhu cầu cần tư vấn bảo hiểm cho gia đình 4 người tại Nam Định, kèm số điện thoại liên hệ.",False,False,2026-09-08T17:42:03.021249
1622565012661132,muon_tu_van,tich_cuc,0.8,none,,[],tư vấn bảo hiểm gia đình,Người dùng cần tư vấn bảo hiểm cho gia đình 4 người tại Nam Định và để lại thông tin liên hệ.,False,False,2026-09-08T17:42:48.789818
1620751479509152,spam,trung_lap,0.0,none,,[],,Comment chỉ chứa một biểu tượng cảm xúc.,False,False,2026-09-08T17:42:48.789818
1619207979663502,spam,trung_lap,0.0,none,,[],,Comment kêu gọi người khác nhắn tin riêng.,True,False,2026-09-08T17:42:48.789818
1619993716251595,dich_vu_tu_van,tieu_cuc,-0.5,low,Phan nan ve cach tu van vien tuong tac cong khai.,"[""tu van khong chuyen nghiep""]",quy tắc ứng xử của tư vấn viên,Người dùng bày tỏ sự không hài lòng về cách tư vấn viên tương tác công khai thay vì liên hệ trực tiếp khách hàng.,False,False,2026-09-08T17:42:48.789818
1619935172924116,spam,trung_lap,0.0,none,,[],,Người dùng tự giới thiệu là tư vấn viên FWD và mời tham khảo sản phẩm.,True,False,2026-09-08T17:42:48.789818
1619935222924111,spam,trung_lap,0.0,none,,[],,Người dùng tự giới thiệu có 12 năm kinh nghiệm bảo hiểm nhân thọ và mời nhắn tin riêng.,True,False,2026-09-08T17:42:48.789818
1619935629590737,spam,trung_lap,0.0,none,,[],,"Người dùng giới thiệu sản phẩm Manulife với quyền lợi và phạm vi bảo vệ rộng, mời liên hệ để được hỗ trợ.",True,False,2026-09-08T17:42:48.789818
1619935646257402,spam,trung_lap,0.0,none,,[],,Người dùng đưa ra nhận định chung rằng bảo hiểm nào cũng tốt và mời tư vấn nếu có duyên.,True,False,2026-09-08T17:42:48.789818
1619935716257395,spam,trung_lap,0.0,none,,[],,Comment kêu gọi nhắn tin riêng.,True,False,2026-09-08T17:42:48.789818
1619936202924013,spam,trung_lap,0.0,none,,[],,Người dùng yêu cầu kiểm tra tin nhắn.,True,False,2026-09-08T17:42:48.789818
1619936266257340,spam,trung_lap,0.0,none,,[],,"Người dùng chia sẻ quan điểm về bảo hiểm nhân thọ và tầm quan trọng của tư vấn viên, sau đó tự giới thiệu là tư vấn viên Manulife và mời liên hệ.",True,False,2026-09-08T17:42:48.789818
1619936369590663,spam,trung_lap,0.0,none,,[],,"Người dùng mời liên hệ qua inbox hoặc Zalo, tự giới thiệu là tư vấn viên AIA tại Đà Nẵng.",True,False,2026-09-08T17:42:48.789818
1619936582923975,spam,trung_lap,0.0,none,,[],,Người dùng tự giới thiệu là tư vấn viên Dai-ichi Việt Nam và mời nhắn tin riêng để được tư vấn.,True,False,2026-09-08T17:42:48.789818
1619936996257267,y_kien_trung_lap,trung_lap,0.3,none,,[],hướng dẫn xác định nhu cầu bảo hiểm,"Người dùng đưa ra lời khuyên về việc xác định nhu cầu bảo hiểm và tầm quan trọng của tư vấn viên chuyên nghiệp, sau đó tự giới thiệu là chuyên viên tư vấn Dai-ichi và mong muốn hỗ trợ.",True,False,2026-09-08T17:42:48.789818
1619937079590592,y_kien_trung_lap,trung_lap,0.4,none,,[],ưu điểm sản phẩm bảo hiểm Manulife,"Người dùng giới thiệu chi tiết sản phẩm Manulife với các ưu điểm về phí, thời gian và phạm vi bảo vệ, đồng thời lưu ý về việc kê khai hồ sơ sức khỏe.",True,False,2026-09-08T17:42:48.789818
1619937206257246,y_kien_trung_lap,trung_lap,0.5,none,,[],lợi ích chung của bảo hiểm nhân thọ,Người dùng nhận định rằng tất cả các loại bảo hiểm nhân thọ đều tốt.,False,False,2026-09-08T17:42:48.789818
1619937329590567,spam,trung_lap,0.0,none,,[],,"Người dùng giới thiệu chi tiết gói bảo hiểm nhân thọ và chăm sóc sức khỏe của AIA, sau đó mời liên hệ để được hỗ trợ.",True,False,2026-09-08T17:42:48.789818
1619937622923871,spam,trung_lap,0.0,none,,[],,Người dùng mời nhắn tin để được hỗ trợ tư vấn các sản phẩm của Bảo Việt.,True,False,2026-09-08T17:42:48.789818
1619938352923798,spam,trung_lap,0.0,none,,[],,Người dùng mời nhắn tin riêng để được tư vấn.,True,False,2026-09-08T17:42:48.789818
1619938729590427,spam,trung_lap,0.0,none,,[],,Người dùng mời nhắn tin riêng để được tư vấn.,True,False,2026-09-08T17:42:48.789818
1619938836257083,khen,tich_cuc,0.8,none,,[],Lợi ích của việc sở hữu nhiều hợp đồng bảo hiểm,Người dùng bày tỏ sự hài lòng cao độ với các hợp đồng bảo hiểm Manulife và dịch vụ của tư vấn viên.,False,False,2026-09-08T17:43:29.876339
1619938862923747,spam,trung_lap,0.0,none,,[],,Một tư vấn viên của Dai-ichi Life giới thiệu bản thân và kêu gọi liên hệ để tư vấn bảo hiểm.,True,False,2026-09-08T17:43:29.876339
1619939019590398,spam,trung_lap,0.0,none,,[],,Người dùng yêu cầu người khác inbox cho mình.,False,False,2026-09-08T17:43:29.876339
1619939152923718,y_kien_trung_lap,trung_lap,0.0,none,,[],,Người dùng hỏi về khu vực của người khác.,False,False,2026-09-08T17:43:29.876339
1619939699590330,y_kien_trung_lap,trung_lap,0.2,none,,[],Hướng dẫn chọn gói bảo hiểm phù hợp với nhu cầu cá nhân,Người dùng chia sẻ lời khuyên về việc chọn gói bảo hiểm phù hợp nhất dựa trên nhu cầu và hiểu biết điều khoản.,False,False,2026-09-08T17:43:29.876339
1619940346256932,spam,trung_lap,0.0,none,,[],,Người dùng yêu cầu kiểm tra hộp thư đến.,False,False,2026-09-08T17:43:29.876339
1619940499590250,spam,trung_lap,0.0,none,,[],,Comment chỉ chứa một dấu chấm.,False,False,2026-09-08T17:43:29.876339
1619940892923544,spam,trung_lap,0.0,none,,[],,Người dùng từ Techcombank kêu gọi inbox và cung cấp số điện thoại liên hệ.,True,False,2026-09-08T17:43:29.876339
1619941112923522,y_kien_trung_lap,trung_lap,0.1,none,,[],Hành trình từ khách hàng đến tư vấn viên bảo hiểm,Người dùng chia sẻ kinh nghiệm tham gia bảo hiểm Manulife và sau đó trở thành tư vấn viên.,True,False,2026-09-08T17:43:29.876339
1619941186256848,spam,trung_lap,0.0,none,,[],,Người dùng mời tham khảo Cathay Life và cung cấp số Zalo để liên hệ.,True,False,2026-09-08T17:43:29.876339
1619942729590027,spam,trung_lap,0.0,none,,[],,Người dùng chỉ nêu tên công ty Generali Vietnam.,True,False,2026-09-08T17:43:29.876339
1619944356256531,spam,trung_lap,0.0,none,,[],,Người dùng khuyên tham khảo Manulife và cung cấp thông tin liên hệ để tư vấn.,True,False,2026-09-08T17:43:29.876339
1619948509589449,spam,trung_lap,0.0,none,,[],,Người dùng đưa ra lời khuyên về việc chọn sản phẩm bảo hiểm phù hợp và cung cấp số Zalo.,True,False,2026-09-08T17:43:29.876339
1619948696256097,spam,trung_lap,0.0,none,,[],,Người dùng yêu cầu kiểm tra hộp thư đến để được hỗ trợ.,False,False,2026-09-08T17:43:29.876339
1619951252922508,y_kien_trung_lap,trung_lap,0.2,none,,[],Tầm quan trọng của việc chọn tư vấn viên bảo hiểm uy tín,"Người dùng khuyên rằng công ty nào cũng tốt, quan trọng là chọn được tư vấn viên phù hợp.",False,False,2026-09-08T17:43:29.876339
1619951992922434,y_kien_trung_lap,trung_lap,0.4,none,,[],Tiêu chí đánh giá một tư vấn viên bảo hiểm có tâm,Người dùng cho rằng nếu gặp được tư vấn viên có tâm thì sản phẩm bảo hiểm nào cũng tốt.,False,False,2026-09-08T17:43:29.876339
1619952696255697,y_kien_trung_lap,trung_lap,0.5,none,,[],"Hướng dẫn chi tiết cách chọn bảo hiểm phù hợp: Nhu cầu, tài chính, điều khoản","Một tư vấn viên chia sẻ quan điểm về việc chọn bảo hiểm phù hợp và cách tiếp cận tư vấn minh bạch, tập trung vào nhu cầu khách hàng.",True,False,2026-09-08T17:43:29.876339
1619953309588969,spam,trung_lap,0.0,none,,[],,"Một chuyên viên tư vấn của Dai-ichi Life giới thiệu bản thân và mời liên hệ để được tư vấn rõ ràng, minh bạch.",True,False,2026-09-08T17:43:29.876339
1619953336255633,spam,trung_lap,0.0,none,,[],,Một tư vấn viên của Bảo Việt mời inbox và cung cấp số điện thoại để tư vấn.,True,False,2026-09-08T17:43:29.876339
1619954249588875,spam,trung_lap,0.0,none,,[],,Người dùng quảng cáo sản phẩm mới của Bảo Việt Nhân Thọ và mời liên hệ để tư vấn.,True,False,2026-09-08T17:43:29.876339
1619954719588828,spam,trung_lap,0.0,none,,[],,Một tư vấn viên Bảo Việt Nhân Thọ tự giới thiệu và mời liên hệ để tư vấn.,True,False,2026-09-08T17:44:11.623314
1619956202922013,spam,trung_lap,0.0,none,,[],,Một tư vấn viên AIA quảng cáo thẻ sức khỏe trọn đời và mời liên hệ.,True,False,2026-09-08T17:44:11.623314
1619957459588554,spam,trung_lap,0.0,none,,[],,"Một người chia sẻ chiến lược mua bảo hiểm và giới thiệu AIA, kêu gọi liên hệ.",True,False,2026-09-08T17:44:11.623314
1619960756254891,spam,trung_lap,0.0,none,,[],,Lời mời inbox ngắn gọn.,True,False,2026-09-08T17:44:11.623314
1619960892921544,spam,trung_lap,0.0,none,,[],,Một tư vấn viên khuyên tìm người tư vấn có tâm và mời nhắn tin để so sánh gói bảo hiểm.,True,False,2026-09-08T17:44:11.623314
1619968399587460,spam,trung_lap,0.0,none,,[],,Một chuyên viên tư vấn AIA tại Đồng Nai mời liên hệ để được tư vấn gói bảo hiểm.,True,False,2026-09-08T17:44:11.623314
1619968829587417,spam,trung_lap,0.0,none,,[],,Một tư vấn viên Dai-ichi tại TPHCM mời inbox để tham khảo gói bảo hiểm sức khỏe.,True,False,2026-09-08T17:44:11.623314
1619969436254023,spam,trung_lap,0.0,none,,[],,Lời mời inbox ngay để được tư vấn rõ ràng.,True,False,2026-09-08T17:44:11.623314
1619971796253787,y_kien_trung_lap,tich_cuc,0.7,none,,[],Hướng dẫn chọn bảo hiểm nhân thọ phù hợp: các yếu tố cần cân nhắc,"Comment chia sẻ quan điểm bảo hiểm nhân thọ nào cũng tốt nếu tìm hiểu kỹ và phù hợp tài chính, quyền lợi.",False,False,2026-09-08T17:44:11.623314
1619972016253765,spam,trung_lap,0.0,none,,[],,"Một tư vấn viên Generali giới thiệu công ty, ưu đãi và mời liên hệ để được tư vấn.",True,False,2026-09-08T17:44:11.623314
1619975069586793,spam,trung_lap,0.0,none,,[],,Lời mời inbox ngắn gọn.,True,False,2026-09-08T17:44:11.623314
1619978082919825,y_kien_trung_lap,trung_lap,0.1,none,,[],Cách chọn gói bảo hiểm phù hợp với khả năng tài chính,"Comment nhận định bảo hiểm nào cũng tốt, quan trọng là tìm gói phù hợp với khả năng.",False,False,2026-09-08T17:44:11.623314
1619978979586402,spam,trung_lap,0.0,none,,[],,Một tư vấn viên giới thiệu sản phẩm AIA và mời inbox/Zalo để nhận bảng so sánh chi tiết.,True,False,2026-09-08T17:44:11.623314
1619979286253038,spam,trung_lap,0.0,none,,[],,Một tư vấn viên giới thiệu các quyền lợi nổi bật của AIA và mời inbox/Zalo để tư vấn.,True,False,2026-09-08T17:44:11.623314
1619981206252846,spam,trung_lap,0.0,none,,[],,Một tư vấn viên Bảo Việt chia sẻ về sản phẩm phù hợp và mời liên hệ để được tư vấn.,True,False,2026-09-08T17:44:11.623314
1619984736252493,spam,trung_lap,0.0,none,,[],,Một người chia sẻ có nhiều gói bảo hiểm ưu việt và mời inbox để tham khảo các gói phù hợp.,True,False,2026-09-08T17:44:11.623314
1619985482919085,spam,trung_lap,0.0,none,,[],,Một tư vấn viên Dai-ichi tên Khánh Linh mời liên hệ để được tư vấn.,True,False,2026-09-08T17:44:11.623314
1619986099585690,y_kien_trung_lap,trung_lap,0.2,none,,[],Tầm quan trọng của việc chọn tư vấn viên bảo hiểm chuyên nghiệp và có tâm,"Comment chia sẻ rằng công ty bảo hiểm nào cũng tốt, quan trọng là tìm người tư vấn chuyên nghiệp.",False,False,2026-09-08T17:44:11.623314
1619986396252327,spam,trung_lap,0.0,none,,[],,Lời mời inbox cho những người ở Củ Chi.,True,False,2026-09-08T17:44:11.623314
1619987472918886,spam,trung_lap,0.0,none,,[],,Lời mời inbox để tham khảo bảo hiểm Cathay cho người ở Đồng Nai.,True,False,2026-09-08T17:44:11.623314
1619988722918761,spam,trung_lap,0.0,none,,[],,"Một tư vấn viên tự giới thiệu và quảng cáo sản phẩm bảo hiểm Generali, khẳng định quyền lợi số 1.",True,True,2026-09-08T17:44:50.507498
1619989286252038,spam,trung_lap,0.0,none,,[],,Lời kêu gọi người dùng kiểm tra tin nhắn riêng.,True,False,2026-09-08T17:44:50.507498
1619991092918524,spam,trung_lap,0.0,none,,[],,Một tư vấn viên quảng cáo các sản phẩm và ưu điểm của bảo hiểm AIA.,True,True,2026-09-08T17:44:50.507498
1619995436251423,spam,trung_lap,0.0,none,,[],,Lời mời kết nối riêng tư để trò chuyện.,True,False,2026-09-08T17:44:50.507498
1619996326251334,spam,trung_lap,0.0,none,,[],,Một người dùng đưa ra lời khuyên chung về việc chọn bảo hiểm và mời liên hệ riêng để tư vấn.,True,False,2026-09-08T17:44:50.507498
1620000289584271,spam,trung_lap,0.0,none,,[],,Lời kêu gọi gửi tin nhắn riêng.,True,False,2026-09-08T17:44:50.507498
1620002559584044,y_kien_trung_lap,trung_lap,0.0,none,,[],Tầm quan trọng của việc chọn tư vấn viên bảo hiểm,"Người dùng cho rằng các công ty bảo hiểm đều ổn, quan trọng là chọn đúng người đồng hành.",False,False,2026-09-08T17:44:50.507498
1620004156250551,y_kien_trung_lap,trung_lap,0.0,none,,[],Làm thế nào để chọn tư vấn viên bảo hiểm phù hợp,"Người dùng nhận định công ty bảo hiểm nào cũng tốt, quan trọng là chọn đúng người tư vấn.",False,False,2026-09-08T17:44:50.507498
1620005722917061,spam,trung_lap,0.0,none,,[],,Lời mời liên hệ riêng nếu quan tâm đến sản phẩm của Chubb Life.,True,False,2026-09-08T17:44:50.507498
1620007459583554,y_kien_trung_lap,trung_lap,0.1,none,,[],Các yếu tố cần cân nhắc khi chọn mua bảo hiểm,"Người dùng khuyên rằng có bảo hiểm là tốt, quan trọng là phù hợp với quyền lợi, sức khỏe và khả năng tài chính cá nhân.",False,False,2026-09-08T17:44:50.507498
1620008589583441,spam,trung_lap,0.0,none,,[],,Một tư vấn viên của Cathay Life mời tư vấn nếu người dùng có nhu cầu tìm hiểu.,True,False,2026-09-08T17:44:50.507498
1620009382916695,spam,trung_lap,0.0,none,,[],,Một tư vấn viên ở Củ Chi mời tư vấn trực tiếp về Manulife.,True,False,2026-09-08T17:44:50.507498
1620013739582926,spam,trung_lap,0.0,none,,[],,Lời mời liên hệ riêng nếu quan tâm đến sản phẩm của AIA.,True,False,2026-09-08T17:44:50.507498
1620016596249307,spam,trung_lap,0.0,none,,[],,Một comment chỉ chứa tên riêng.,False,True,2026-09-08T17:44:50.507498
1620019546249012,spam,trung_lap,0.0,none,,[],,Lời kêu gọi gửi tin nhắn riêng để được tư vấn cụ thể.,True,False,2026-09-08T17:44:50.507498
1620025512915082,spam,trung_lap,0.0,none,,[],,Lời mời liên hệ riêng với tư vấn viên của Bảo Việt Nhân Thọ.,True,False,2026-09-08T17:44:50.507498
1620035926247374,y_kien_trung_lap,trung_lap,0.1,none,,[],Tiêu chí chọn bảo hiểm và tư vấn viên phù hợp,"Người dùng khuyên chọn bảo hiểm dựa trên quyền lợi, sức khỏe, tài chính và một tư vấn viên có tâm.",False,False,2026-09-08T17:44:50.507498
1620037502913883,spam,trung_lap,0.0,none,,[],,Một tư vấn viên ở Ninh Thuận mời liên hệ riêng để tư vấn bảo hiểm Bảo Việt.,True,False,2026-09-08T17:44:50.507498
1620055806245386,spam,trung_lap,0.0,none,,[],,Lời mời liên hệ riêng để tư vấn về Dai-ichi Life.,True,False,2026-09-08T17:44:50.507498
1620056132912020,spam,trung_lap,0.0,none,,[],,Lời mời liên hệ riêng với tư vấn viên của Fubon Life.,True,False,2026-09-08T17:44:50.507498
1620084609575839,spam,trung_lap,0.0,none,,[],,Một người dùng mời inbox để tư vấn sản phẩm và quyền lợi bảo hiểm.,True,False,2026-09-08T17:46:29.528433
1620116366239330,spam,trung_lap,0.0,none,,[],,Một người dùng mời inbox để tham khảo bảo hiểm Daiichi.,True,False,2026-09-08T17:46:29.528433
1620122079572092,spam,trung_lap,0.0,none,,[],,Một người dùng gợi ý gói bảo hiểm Daiichi và mời liên hệ Zalo để tư vấn chi tiết.,True,False,2026-09-08T17:46:29.528433
1620152492902384,spam,trung_lap,0.0,none,,[],,Comment chỉ chứa một tên riêng.,False,False,2026-09-08T17:46:29.528433
1620152529569047,spam,trung_lap,0.0,none,,[],,Một người dùng mời inbox.,True,False,2026-09-08T17:46:29.528433
1620173836233583,spam,trung_lap,0.0,none,,[],,Một người dùng giới thiệu chi tiết quyền lợi bảo hiểm AIA và mời liên hệ qua inbox hoặc Zalo.,True,False,2026-09-08T17:46:29.528433
1620173866233580,spam,trung_lap,0.0,none,,[],,Một người dùng mời liên hệ để tham khảo gói bảo hiểm AIA.,True,False,2026-09-08T17:46:29.528433
1620185809565719,spam,trung_lap,0.0,none,,[],,"Một người dùng mời liên hệ qua số điện thoại, tự giới thiệu là Thảo Bảo Việt.",True,False,2026-09-08T17:46:29.528433
1620270816223885,spam,trung_lap,0.0,none,,[],,Một người dùng tự giới thiệu là Hằng từ Manulife và mời liên hệ để được tư vấn.,True,False,2026-09-08T17:46:29.528433
1620317109552589,spam,trung_lap,0.0,none,,[],,Một người dùng mời tham khảo một gói bảo hiểm.,True,False,2026-09-08T17:46:29.528433
1620371222880511,spam,trung_lap,0.0,none,,[],,Một người dùng tự giới thiệu từ Daiichi và mời liên hệ để tham gia gói bảo hiểm kết hợp bảo vệ và đầu tư.,True,False,2026-09-08T17:46:29.528433
1620453986205568,spam,trung_lap,0.0,none,,[],,Một người dùng gợi ý bảo hiểm FWD.,True,False,2026-09-08T17:46:29.528433
1620540276196939,spam,trung_lap,0.0,none,,[],,Một người dùng từ Gen giới thiệu chi tiết các gói bảo hiểm và mời inbox để tư vấn cụ thể.,True,False,2026-09-08T17:46:29.528433
1620566796194287,y_kien_trung_lap,trung_lap,0.1,none,,[],huong dan chon bao hiem phu hop,"Một người dùng chia sẻ quan điểm rằng sản phẩm bảo hiểm nào cũng tốt, quan trọng là phải phù hợp với nhu cầu và mục đích của người tham gia.",False,False,2026-09-08T17:46:29.528433
1620653219518978,y_kien_trung_lap,trung_lap,0.1,none,,[],huong dan chon bao hiem phu hop,"Một người dùng nhận định rằng tất cả sản phẩm và gói bảo hiểm đều tốt, điều quan trọng là hiểu rõ và lựa chọn phù hợp với nhu cầu cá nhân.",False,False,2026-09-08T17:46:29.528433
1620876532829980,bao_hiem_chung,tieu_cuc,-0.8,low,phan nan ve phi bao hiem cao,"[""phi bao hiem cao""]",giai thich ve cac loai phi bao hiem,Một người dùng cảnh báo nên tránh bảo hiểm nhân thọ Daiichi Life vì phí rất cao.,False,False,2026-09-08T17:46:29.528433
1621017529482547,spam,trung_lap,0.0,none,,[],,Một người dùng hỏi về Bảo Việt và đề nghị tư vấn.,True,False,2026-09-08T17:46:29.528433
1621565459427754,muon_tu_van,tich_cuc,0.7,none,,[],cac goi bao hiem suc khoe cho gia dinh,Một người dùng bày tỏ nhu cầu tư vấn gói bảo hiểm sức khỏe cho hai người và để lại số điện thoại.,False,False,2026-09-08T17:46:29.528433
1621578482759785,spam,trung_lap,0.0,none,,[],,Một người dùng từ Daiichi chào mời với lời hứa về phí rẻ và bảo vệ giá trị cao.,True,False,2026-09-08T17:46:29.528433
1621684359415864,spam,trung_lap,0.0,none,,[],,Một người dùng tự giới thiệu là Trang từ Hanwha và xin phép nhắn tin hỗ trợ.,True,False,2026-09-08T17:46:29.528433
1622059832711650,muon_tu_van,tich_cuc,0.8,none,,[],Goi bao hiem suc khoe cho ca gia dinh,Người dùng cần tư vấn gói bảo hiểm sức khỏe cho hai người và để lại số điện thoại liên hệ.,False,False,2026-09-08T17:46:47.903953
1622407449343555,spam,trung_lap,0.0,none,,[],,Comment quảng cáo sản phẩm cốc nhựa in logo làm quà tặng doanh nghiệp.,False,True,2026-09-08T17:46:47.903953
1622423899341910,spam,trung_lap,0.0,none,,[],,Tư vấn viên Dai-ichi giới thiệu thẻ sức khỏe toàn cầu và mời inbox để được hỗ trợ.,True,False,2026-09-08T17:46:47.903953
1622478799336420,y_kien_trung_lap,trung_lap,0.0,none,,[],Cach chon goi bao hiem phu hop nhu cau,Comment đưa ra lời khuyên chung chung rằng loại bảo hiểm phù hợp với nhu cầu là tốt.,False,False,2026-09-08T17:46:47.903953
1622541229330177,spam,trung_lap,0.0,none,,[],,"Tư vấn viên AIA giới thiệu chi tiết các quyền lợi của bảo hiểm nhân thọ, tai nạn, bệnh hiểm nghèo và thẻ sức khỏe, kèm lời mời liên hệ Zalo.",True,False,2026-09-08T17:46:47.903953
1620149252902708,spam,trung_lap,0.0,none,,[],,Comment mời người dùng inbox để được tư vấn.,True,False,2026-09-08T17:46:47.903953
1620150372902596,spam,trung_lap,0.0,none,,[],,"Tư vấn viên giải thích về chi phí rủi ro và lãi chia, phí bảo hiểm cho trẻ 8 tuổi, đồng thời mời inbox/Zalo để được hỗ trợ xem hợp đồng cũ và tư vấn cho bé.",True,False,2026-09-08T17:46:47.903953
1620151826235784,spam,trung_lap,0.0,none,,[],,Comment mời người dùng inbox.,True,False,2026-09-08T17:46:47.903953
1620152392902394,spam,trung_lap,0.0,none,,[],,"Comment mời người dùng inbox cho Phú, chuyên viên tư vấn đại lý bảo hiểm AIA.",True,False,2026-09-08T17:46:47.903953
1620152759569024,spam,trung_lap,0.0,none,,[],,Comment mời người dùng inbox để được hỗ trợ tư vấn và cung cấp số điện thoại.,True,False,2026-09-08T17:46:47.903953
1620155566235410,spam,trung_lap,0.0,none,,[],,"Tư vấn viên đề nghị xem hợp đồng để tư vấn, giải thích về phí rủi ro và giới thiệu sản phẩm đầu tư học vấn kèm bảo vệ sức khỏe cho bé 8 tuổi.",True,False,2026-09-08T17:46:47.903953
1620155846235382,spam,trung_lap,0.0,none,,[],,Comment cung cấp số điện thoại để được thiết kế cụ thể.,True,False,2026-09-08T17:46:47.903953
1620166432900990,phan_van,trung_lap,0.0,none,,[],Phan biet het han va dao han bao hiem,Comment hỏi rõ hơn về tình trạng 'hết hạn' của hợp đồng bảo hiểm và gợi ý mua thêm quyền lợi mới.,False,False,2026-09-08T17:46:47.903953
1620166496234317,spam,trung_lap,0.0,none,,[],,"Tư vấn viên AIA giới thiệu bản thân, cam kết tư vấn chất lượng cao và mời người dùng liên hệ để được hỗ trợ.",True,False,2026-09-08T17:46:47.903953
1620167872900846,spam,trung_lap,0.0,none,,[],,Tư vấn viên Manulife giới thiệu bản thân và đề nghị biết thêm thông tin gói bảo hiểm để tư vấn.,True,False,2026-09-08T17:46:47.903953
1620168306234136,y_kien_trung_lap,trung_lap,0.2,none,,[],Giai thich ve hop dong bao hiem den han,"Comment giải thích về thời hạn hợp đồng bảo hiểm, cách duy trì và các khoản phí, đồng thời đưa ra lời khuyên về gói bảo hiểm cho trẻ 8 tuổi tập trung vào viện phí, tai nạn, bệnh hiểm nghèo và tích lũy.",False,False,2026-09-08T17:46:47.903953
1620170916233875,phan_van,trung_lap,0.0,none,,[],Phan biet cac loai thoi han hop dong bao hiem,Comment hỏi rõ hơn về khái niệm 'hết hạn' của hợp đồng bảo hiểm để tránh hiểu lầm.,False,False,2026-09-08T17:46:47.903953
1620176512899982,spam,trung_lap,0.0,none,,[],,"Tư vấn viên Manulife giới thiệu bản thân, mời liên hệ qua Zalo để được tư vấn đúng và đủ về nhu cầu tài chính, quyền lợi bảo vệ.",True,False,2026-09-08T17:46:47.903953
1620182452899388,spam,trung_lap,0.0,none,,[],,Chuyên viên hoạch định tài chính cao cấp của AIA mời người dùng inbox để được hỗ trợ tư vấn tận tình.,True,False,2026-09-08T17:46:47.903953
1620211449563155,spam,trung_lap,0.0,none,,[],,Comment mời người dùng inbox để được hỗ trợ nếu quan tâm đến AIA.,True,False,2026-09-08T17:46:47.903953
1620227736228193,spam,trung_lap,0.0,none,,[],,Một tư vấn viên giải thích về các yếu tố ảnh hưởng đến phí bảo hiểm và mời khách hàng liên hệ để được tư vấn sản phẩm cho bé 8 tuổi.,True,False,2026-09-08T17:47:05.390540
1620270026223964,spam,trung_lap,0.0,none,,[],,Một tư vấn viên tự giới thiệu từ Daiichi ở Hải Phòng và mời khách hàng inbox để được hỗ trợ.,True,False,2026-09-08T17:47:05.390540
1620447566206210,spam,trung_lap,0.0,none,,[],,"Một tư vấn viên khuyên ưu tiên thẻ chăm sóc sức khỏe cho bé 8 tuổi và đề nghị xem xét hợp đồng FWD sắp hết hạn, sau đó mời inbox để được hỗ trợ thiết kế phương án.",True,False,2026-09-08T17:47:05.390540
1620572759527024,y_kien_trung_lap,trung_lap,0.0,none,,[],,Người dùng hỏi về tỉnh thành của người được hỏi.,True,False,2026-09-08T17:47:05.390540
1620606872856946,spam,trung_lap,0.0,none,,[],,Một người dùng ở Sài Gòn đề nghị gặp trực tiếp để hỗ trợ gia đình giải thích điều khoản và rà soát hợp đồng.,True,False,2026-09-08T17:47:05.390540
1620622416188725,spam,trung_lap,0.0,none,,[],,"Một người làm tại FWD ở Quận 1, TPHCM, mời khách hàng đến văn phòng hoặc liên hệ online để được hỗ trợ tư vấn.",True,False,2026-09-08T17:47:05.390540
1620827859501514,spam,trung_lap,0.0,none,,[],,Người dùng đề nghị hỗ trợ nếu khách hàng ở Hà Nội.,True,False,2026-09-08T17:47:05.390540
1620882592829374,spam,trung_lap,0.0,none,,[],,"Một tư vấn viên giới thiệu đang cung cấp sản phẩm của nhiều công ty bảo hiểm, đề nghị xem xét hợp đồng hiện tại và tư vấn phương án tối ưu cho bé 8 tuổi, kèm số điện thoại liên hệ.",True,False,2026-09-08T17:47:05.390540
1620922472825386,spam,trung_lap,0.0,none,,[],,"Một tư vấn viên với 13 năm kinh nghiệm đề nghị phân tích chuyên sâu và so sánh sản phẩm để khách hàng lựa chọn gói phù hợp cho bé, đồng thời mời inbox để được tư vấn chi tiết.",True,False,2026-09-08T17:47:05.390540
1620929886157978,spam,trung_lap,0.0,none,,[],,Người dùng mời khách hàng tham khảo sản phẩm Daiichi và inbox để được tư vấn.,True,False,2026-09-08T17:47:05.390540
1621463012771332,khen,tich_cuc,0.8,none,,[],Cách chọn tư vấn viên bảo hiểm có tâm và chuyên nghiệp,"Người dùng giới thiệu một tư vấn viên tên Do Anh, khen ngợi cách tư vấn có tâm, đa chiều và giúp khách hàng dễ dàng lựa chọn sản phẩm phù hợp.",False,True,2026-09-08T17:47:05.390540
1621506006100366,spam,trung_lap,0.0,none,,[],,"Một tư vấn viên giới thiệu chi tiết gói bảo hiểm Manulife cho trẻ 8 tuổi với các ưu điểm về phí, thời hạn bảo vệ và phạm vi, đồng thời nhấn mạnh tầm quan trọng của việc kê khai hồ sơ sức khỏe và mời hỗ trợ tư vấn.",True,False,2026-09-08T17:47:05.390540
1621564962761137,muon_tu_van,trung_lap,0.0,none,,[],Các gói bảo hiểm sức khỏe cho cá nhân và gia đình,Người dùng bày tỏ nhu cầu cần tư vấn gói bảo hiểm sức khỏe cho một người và cung cấp số điện thoại để nhận thông tin.,False,False,2026-09-08T17:47:05.390540
1621806079403692,spam,trung_lap,0.0,none,,[],,Một Trưởng phòng kinh doanh kênh đại lý FWD tại Hà Nội hỏi về sản phẩm FWD khách hàng đã mua và mời inbox để được hỗ trợ.,True,False,2026-09-08T17:47:05.390540
1622407799343520,spam,trung_lap,0.0,none,,[],,"Một quảng cáo về sản phẩm quà tặng doanh nghiệp là cốc nước nhựa lúa mạch in logo, kèm số điện thoại liên hệ.",False,False,2026-09-08T17:47:05.390540
1622479052669728,spam,trung_lap,0.0,none,,[],,Người dùng mời khách hàng inbox để được hỗ trợ xem lại hợp đồng.,True,False,2026-09-08T17:47:05.390540
1620235282894105,check_chi_phi,trung_lap,0.0,none,,[],Chính sách hoàn tiền của các sản phẩm tài chính,Người dùng hỏi về mức hoàn tiền tối đa hàng tháng cho sao kê dưới 3 triệu.,False,False,2026-09-08T17:47:05.390540
1620701499514150,muon_tu_van,trung_lap,0.0,none,,[],Cách liên hệ tư vấn bảo hiểm nhanh chóng,Người dùng yêu cầu tư vấn và cung cấp số điện thoại liên hệ.,False,False,2026-09-08T17:47:05.390540
1620999062817727,spam,trung_lap,0.0,none,,[],,Người dùng yêu cầu người khác kiểm tra Zalo.,True,False,2026-09-08T17:47:05.390540
1620999419484358,y_kien_trung_lap,trung_lap,0.0,none,,[],Giải thích chính sách hoàn tiền theo từng mức giao dịch,"Người dùng cung cấp thông tin về tỷ lệ hoàn tiền 0,3% mỗi tháng cho giao dịch dưới 3 triệu.",False,False,2026-09-08T17:47:05.390540
1621547016096265,khen,tich_cuc,0.9,none,,[],,Comment bày tỏ sự hài lòng chung.,False,False,2026-09-08T17:47:16.804768
1621564759427824,muon_tu_van,tich_cuc,0.7,none,,[],Tư vấn bảo hiểm sức khỏe cho gia đình,Người dùng cần tư vấn về gói bảo hiểm sức khỏe cho hai người và để lại số điện thoại.,False,False,2026-09-08T17:47:16.804768
1622550859329214,spam,trung_lap,0.0,none,,[],,Một tư vấn viên mời người dùng nhắn tin Zalo để được tư vấn.,True,False,2026-09-08T17:47:16.804768
1622551252662508,spam,trung_lap,0.0,none,,[],,Một tư vấn viên mời người dùng nhắn tin Zalo để tham khảo sản phẩm.,True,False,2026-09-08T17:47:16.804768
1622407929343507,spam,trung_lap,0.0,none,,[],,Comment quảng cáo sản phẩm quà tặng doanh nghiệp không liên quan đến bảo hiểm.,False,False,2026-09-08T17:47:16.804768
1622565149327785,muon_tu_van,tich_cuc,0.7,none,,[],Tư vấn bảo hiểm cho gia đình 4 người,Người dùng cần tư vấn bảo hiểm cho gia đình 4 người ở Nam Định và để lại số điện thoại.,False,False,2026-09-08T17:47:16.804768
1622578295993137,spam,trung_lap,0.0,none,,[],,Một người dùng mời người khác nhắn tin riêng.,True,False,2026-09-08T17:47:16.804768
1621840056066961,spam,trung_lap,0.0,none,,[],,Một người dùng mời người khác nhắn tin riêng.,True,False,2026-09-08T17:47:16.804768
1621840576066909,spam,trung_lap,0.0,none,,[],,Một chuyên viên tư vấn bảo hiểm AIA mời người dùng liên hệ qua điện thoại hoặc inbox.,True,False,2026-09-08T17:47:16.804768
1621841092733524,spam,trung_lap,0.0,none,,[],,Một tư vấn viên mời người dùng nhắn tin để tham khảo sản phẩm Dai-ichi Life.,True,False,2026-09-08T17:47:16.804768
1621841089400191,spam,trung_lap,0.0,none,,[],,Một tư vấn viên Cathay Life mời người dùng nhắn tin để tư vấn về quyền lợi chi trả 100% cho bé.,True,False,2026-09-08T17:47:16.804768
1621841549400145,spam,trung_lap,0.0,none,,[],,Một tư vấn viên mời người dùng ở Hà Nội nhắn tin để được hỗ trợ đến khi đáo hạn.,True,False,2026-09-08T17:47:16.804768
1621841682733465,y_kien_trung_lap,trung_lap,0.0,none,,[],,Comment tag tên một người dùng khác.,False,False,2026-09-08T17:47:16.804768
1621841879400112,khen,tich_cuc,0.8,none,,[],Tầm quan trọng của tư vấn viên có tâm,Comment khen ngợi một tư vấn viên có tâm.,False,False,2026-09-08T17:47:16.804768
1621842219400078,spam,trung_lap,0.0,none,,[],,Một tư vấn viên mời người dùng ở Hải Phòng nhắn tin để được hỗ trợ.,True,False,2026-09-08T17:47:16.804768
1621842416066725,y_kien_trung_lap,trung_lap,0.2,none,,[],Phân tích quyền lợi bảo hiểm cho bé của Manulife,Comment nhận xét về quyền lợi cao của Manulife dành cho trẻ em.,False,False,2026-09-08T17:47:16.804768
1621842556066711,spam,trung_lap,0.0,none,,[],,Một tư vấn viên AIA ở Hà Nội mời người dùng nhắn tin để tham khảo.,True,False,2026-09-08T17:47:16.804768
1621842676066699,y_kien_trung_lap,trung_lap,0.0,none,,[],,Comment tag tên một người dùng khác.,False,False,2026-09-08T17:47:16.804768
1621843112733322,spam,trung_lap,0.0,none,,[],,Một tư vấn viên giới thiệu kinh nghiệm và cam kết hỗ trợ khách hàng tận tình.,True,False,2026-09-08T17:47:16.804768
1621843142733319,spam,trung_lap,0.0,none,,[],,Một chuyên viên hoạch định tài chính cao cấp của AIA mời người dùng nhắn tin để được tư vấn.,True,False,2026-09-08T17:47:16.804768
1621056316145335,spam,trung_lap,0.0,none,,[],,Comment giới thiệu sản phẩm bảo hiểm toàn diện của Manulife.,True,True,2026-09-08T17:47:21.517213
1621062996144667,spam,trung_lap,0.0,none,,[],,Comment của tư vấn viên Sacombank mời liên hệ qua Zalo.,True,False,2026-09-08T17:47:21.517213
1621067642810869,spam,trung_lap,0.0,none,,[],,Comment của tư vấn viên Sun Life mời liên hệ để được hỗ trợ thiết kế minh họa.,True,False,2026-09-08T17:47:21.517213
1621090782808555,spam,trung_lap,0.0,none,,[],,Comment mời tham khảo AIA và inbox để được tư vấn.,True,False,2026-09-08T17:47:21.517213
1621096442807989,spam,trung_lap,0.0,none,,[],,"Comment giới thiệu sản phẩm Hanwha Life có bảo vệ cao, phí rẻ và mời liên hệ.",True,False,2026-09-08T17:47:21.517213
1621097806141186,spam,trung_lap,0.0,none,,[],,"Tư vấn viên Sun Life giới thiệu thẻ bảo hiểm tái tục ổn định đến 85 tuổi, không đồng chi trả và không thay đổi phí theo lịch sử bồi thường, mời liên hệ.",True,False,2026-09-08T17:47:21.517213
1621108806140086,spam,trung_lap,0.0,none,,[],,Comment mời inbox để được tư vấn gói bảo hiểm theo nhu cầu.,True,False,2026-09-08T17:47:21.517213
1621110996139867,spam,trung_lap,0.0,none,,[],,Comment yêu cầu kiểm tra tin nhắn riêng.,True,False,2026-09-08T17:47:21.517213
1621117892805844,spam,trung_lap,0.0,none,,[],,"Tư vấn viên Sun Life giới thiệu khả năng hỗ trợ online và thế mạnh về bồi thường, mời liên hệ.",True,False,2026-09-08T17:47:21.517213
1621124229471877,spam,trung_lap,0.0,none,,[],,Comment mời inbox để được thăm khám hợp đồng và tư vấn.,True,False,2026-09-08T17:47:21.517213
1621163462801287,spam,trung_lap,0.0,none,,[],,Comment mời gửi hợp đồng để được xem xét lại quyền lợi.,True,False,2026-09-08T17:47:21.517213
1621178386133128,spam,trung_lap,0.0,none,,[],,Comment yêu cầu người dùng trả lời tin nhắn.,True,False,2026-09-08T17:47:21.517213
1621195742798059,spam,trung_lap,0.0,none,,[],,Comment giới thiệu các quyền lợi nổi bật của bảo hiểm AIA và mời liên hệ để nhận bảng so sánh chi tiết.,True,False,2026-09-08T17:47:21.517213
1621367406114226,spam,trung_lap,0.0,none,,[],,"Tư vấn viên Quang Vũ khuyến nghị AIA với nhiều quyền lợi và cam kết tái tục đến 100 tuổi, mời liên hệ để được tư vấn.",True,False,2026-09-08T17:47:21.517213
1621426566108310,spam,trung_lap,0.0,none,,[],,Comment mời tham khảo Bảo hiểm Sức khỏe Bảo Việt HealthCare tại TP.HCM.,True,True,2026-09-08T17:47:21.517213
1621448679439432,y_kien_trung_lap,tich_cuc,0.7,none,,[],,"Comment giới thiệu và khen ngợi kiến thức vững vàng cùng khả năng phân tích, so sánh quyền lợi bảo hiểm dễ hiểu của bạn Do Anh.",False,True,2026-09-08T17:47:21.517213
1621451439439156,spam,trung_lap,0.0,none,,[],,"Bài quảng cáo về sản phẩm trợ cấp thu nhập của Bảo hiểm NNX, nhấn mạnh không có thời gian chờ và phù hợp với người lao động có thu nhập hàng ngày.",True,False,2026-09-08T17:47:21.517213
1621454142772219,spam,trung_lap,0.0,none,,[],,Comment mời gửi hợp đồng bảo hiểm Gen để được xem xét quyền lợi và đề xuất phương án bổ sung từ Sun Life.,True,False,2026-09-08T17:47:21.517213
1621499692767664,spam,trung_lap,0.0,none,,[],,Tư vấn viên AIA Xuân Hoàng giới thiệu chi tiết các quyền lợi mạnh mẽ của bảo hiểm sức khỏe trọn đời 100 tuổi của AIA và mời liên hệ để được hỗ trợ.,True,False,2026-09-08T17:47:21.517213
1621503072767326,spam,trung_lap,0.0,none,,[],,"Tư vấn viên AIA Vân giới thiệu chi tiết các quyền lợi vượt trội của thẻ sức khỏe AIA, đặc biệt là không giới hạn phụ và nhân đôi hạn mức hàng năm, mời liên hệ để được tư vấn.",True,False,2026-09-08T17:47:21.517213
1621843289399971,spam,trung_lap,0.0,none,,[],,Comment kêu gọi liên hệ để tư vấn gói bảo hiểm cho mẹ và bé.,True,False,2026-09-08T17:47:37.950271
1621844379399862,spam,trung_lap,0.0,none,,[],,Comment kêu gọi nhắn tin riêng.,True,False,2026-09-08T17:47:37.950271
1621845559399744,spam,trung_lap,0.0,none,,[],,Comment tự giới thiệu khả năng hỗ trợ các vấn đề về bảo hiểm và y tế.,True,False,2026-09-08T17:47:37.950271
1621845902733043,spam,trung_lap,0.0,none,,[],,Comment quảng cáo sản phẩm mới của Bảo Việt Nhân Thọ và kêu gọi liên hệ để tư vấn.,True,False,2026-09-08T17:47:37.950271
1621846372732996,y_kien_trung_lap,trung_lap,0.1,none,,[],,Người dùng thông báo đã nhắn tin và yêu cầu người nhận kiểm tra hộp thư.,False,False,2026-09-08T17:47:37.950271
1621846656066301,spam,trung_lap,0.0,none,,[],,"Comment giới thiệu điều kiện và quyền lợi thẻ sức khỏe của Dai-ichi Life, kèm kêu gọi liên hệ.",True,False,2026-09-08T17:47:37.950271
1621846906066276,spam,trung_lap,0.0,none,,[],,Comment kêu gọi nhắn tin riêng để được hỗ trợ.,True,False,2026-09-08T17:47:37.950271
1621846979399602,spam,trung_lap,0.0,none,,[],,Comment kêu gọi nhắn tin riêng.,True,False,2026-09-08T17:47:37.950271
1621847322732901,spam,trung_lap,0.0,none,,[],,"Comment giới thiệu chi tiết giải pháp bảo hiểm của AIA bao gồm sinh mệnh, sức khỏe và bệnh hiểm nghèo, kèm thông tin liên hệ.",True,False,2026-09-08T17:47:37.950271
1621847619399538,spam,trung_lap,0.0,none,,[],,Comment đề cập việc tư vấn online và ngỏ ý hỗ trợ tư vấn.,True,False,2026-09-08T17:47:37.950271
1621847862732847,spam,trung_lap,0.0,none,,[],,Comment tự giới thiệu là đại lý AIA và mời liên hệ để tư vấn.,True,False,2026-09-08T17:47:37.950271
1621851329399167,spam,trung_lap,0.0,none,,[],So sánh bảo hiểm sức khỏe rời và kèm nhân thọ cho bé,"Comment so sánh hai loại bảo hiểm sức khỏe cho bé, nêu ưu nhược điểm và các yếu tố cần cân nhắc, sau đó tự giới thiệu là TVV độc lập và mời tư vấn.",True,False,2026-09-08T17:47:37.950271
1621852382732395,spam,trung_lap,0.0,none,,[],,"Comment tự giới thiệu là đại lý Manulife, khẳng định có thể đáp ứng mong muốn của khách hàng và mời liên hệ.",True,False,2026-09-08T17:47:37.950271
1621852586065708,spam,trung_lap,0.0,none,,[],,Comment kêu gọi người dùng tên Thuy Duong Nguyen nhắn tin riêng.,True,False,2026-09-08T17:47:37.950271
1621853326065634,spam,trung_lap,0.0,none,,[],,Comment tự giới thiệu là tư vấn viên Sun Life và mời người dùng xem các trường hợp tư vấn trên trang cá nhân để được hỗ trợ.,True,False,2026-09-08T17:47:37.950271
1621853842732249,spam,trung_lap,0.0,none,,[],,Comment kêu gọi người dùng nhắn tin riêng.,True,False,2026-09-08T17:47:37.950271
1621853872732246,y_kien_trung_lap,trung_lap,0.1,none,,[],,Comment yêu cầu người dùng tên Bảo Trân kiểm tra hộp thư.,False,False,2026-09-08T17:47:37.950271
1621853986065568,spam,trung_lap,0.0,none,,[],,Comment kêu gọi người dùng tên Phạm Thị Kim Oanh nhắn tin riêng.,True,False,2026-09-08T17:47:37.950271
1621854156065551,y_kien_trung_lap,trung_lap,0.0,none,,[],,Comment tự giới thiệu là nhân viên Bảo Việt Nhân Thọ.,True,False,2026-09-08T17:47:37.950271
1621857072731926,spam,trung_lap,0.0,none,,[],,Comment mời liên hệ để được tư vấn về các sản phẩm hàng đầu của Manulife.,True,False,2026-09-08T17:47:37.950271
1621857216065245,spam,trung_lap,0.0,none,,[],,"Một tư vấn viên giới thiệu kinh nghiệm và dịch vụ hỗ trợ từ thiết kế quyền lợi đến bồi thường, kêu gọi khách hàng liên hệ để được tư vấn chi tiết.",True,False,2026-09-08T17:47:54.619836
1621858652731768,spam,trung_lap,0.0,none,,[],,Một người dùng yêu cầu người khác kiểm tra tin nhắn.,True,False,2026-09-08T17:47:54.619836
1621859639398336,spam,trung_lap,0.0,none,,[],,Một tư vấn viên của Bảo Việt cung cấp thông tin liên hệ và mời inbox để được tư vấn.,True,False,2026-09-08T17:47:54.619836
1621860456064921,spam,trung_lap,0.0,none,,[],,Một tư vấn viên giới thiệu thẻ sức khỏe trọn đời của AIA với nhiều quyền lợi và mời liên hệ để được tư vấn.,True,False,2026-09-08T17:47:54.619836
1621861109398189,spam,trung_lap,0.0,none,,[],,Một người có kinh nghiệm làm ngân hàng và bảo hiểm mời liên hệ qua số điện thoại để được kết nối.,True,False,2026-09-08T17:47:54.619836
1621866342730999,spam,trung_lap,0.0,none,,[],,Một người dùng mời người khác tham khảo dịch vụ của mình.,True,False,2026-09-08T17:47:54.619836
1621868386064128,spam,trung_lap,0.0,none,,[],,"Một người dùng mời inbox để được tư vấn kỹ và hỗ trợ thủ tục giấy tờ tận nơi tại Hà Nội, kèm ưu đãi.",True,False,2026-09-08T17:47:54.619836
1621870796063887,spam,trung_lap,0.0,none,,[],,Một người dùng mời inbox để được tư vấn phương án phù hợp.,True,False,2026-09-08T17:47:54.619836
1621870819397218,spam,trung_lap,0.0,none,,[],,Một người dùng giới thiệu giải pháp bảo hiểm nhân thọ kèm thẻ sức khỏe của Daiichi với chi phí hơn 1 triệu/tháng và mời liên hệ qua Zalo.,True,False,2026-09-08T17:47:54.619836
1621872856063681,so_sanh_chung,trung_lap,0.1,none,,[],So sánh các loại thẻ sức khỏe cho trẻ em: độc lập và kèm nhân thọ,"Một tư vấn viên so sánh chi tiết hai loại thẻ sức khỏe cho con trên thị trường (độc lập và kèm nhân thọ) từ nhiều hãng khác nhau, sau đó mời liên hệ để được tư vấn thêm.",True,False,2026-09-08T17:47:54.619836
1621875672730066,spam,trung_lap,0.0,none,,[],,Một người dùng mời inbox để được hỗ trợ nếu quan tâm đến AIA.,True,False,2026-09-08T17:47:54.619836
1621876556063311,spam,trung_lap,0.0,none,,[],,Một người dùng mời inbox hoặc liên hệ qua số điện thoại về Techcombank.,True,False,2026-09-08T17:47:54.619836
1621879172729716,spam,trung_lap,0.0,none,,[],,"Một tư vấn viên của AIA giới thiệu kinh nghiệm 4 năm và mời nhắn tin để được tư vấn, hỗ trợ.",True,False,2026-09-08T17:47:54.619836
1621882179396082,spam,trung_lap,0.0,none,,[],,Một người dùng từ công ty Daiichi sẵn sàng hỗ trợ tận nơi và cung cấp số Zalo.,True,False,2026-09-08T17:47:54.619836
1621886146062352,spam,trung_lap,0.0,none,,[],,"Một người dùng mời kiểm tra inbox và cam kết hỗ trợ nhiệt tình trước, trong và sau bán.",True,False,2026-09-08T17:47:54.619836
1621888642728769,spam,trung_lap,0.0,none,,[],,"Một người dùng giới thiệu các gói bảo hiểm sức khỏe và nhân thọ, mời liên hệ qua Zalo/điện thoại để được tư vấn và so sánh quyền lợi.",True,False,2026-09-08T17:47:54.619836
1621890999395200,spam,trung_lap,0.0,none,,[],,"Lan Hương, một người có 5 năm kinh nghiệm làm việc tại AIA, giới thiệu khả năng giải quyết mọi thắc mắc về bảo hiểm.",True,False,2026-09-08T17:47:54.619836
1621893632728270,spam,trung_lap,0.0,none,,[],,Một người dùng mời người khác tham khảo.,True,False,2026-09-08T17:47:54.619836
1621894616061505,spam,trung_lap,0.0,none,,[],,"Đỗ Hà, giám đốc VP Long Biên 3 của Daiichi với hơn 10 năm kinh nghiệm, mời liên hệ qua Zalo để được đồng hành bảo vệ.",True,False,2026-09-08T17:47:54.619836
1621898022727831,spam,trung_lap,0.0,none,,[],,Một người dùng mời liên hệ qua số điện thoại nếu quan tâm.,True,False,2026-09-08T17:47:54.619836
1621898369394463,spam,trung_lap,0.0,none,,[],,Comment mời liên hệ qua số điện thoại để được hỗ trợ.,True,False,2026-09-08T17:48:05.299628
1621912002726433,spam,trung_lap,0.0,none,,[],,Comment mời liên hệ Zalo để được tư vấn nhiệt tình và chăm sóc tốt.,True,False,2026-09-08T17:48:05.299628
1621914472726186,spam,trung_lap,0.0,none,,[],,Comment mời liên hệ qua số điện thoại nếu ở Hà Nội và cam kết phục vụ đến khi hài lòng.,True,False,2026-09-08T17:48:05.299628
1621917526059214,spam,trung_lap,0.0,none,,[],,Comment giới thiệu các gói bảo hiểm và mời liên hệ để được tư vấn.,True,False,2026-09-08T17:48:05.299628
1621933219390978,spam,trung_lap,0.0,none,,[],,"Comment tự giới thiệu là quản lý kinh doanh Dai-ichi 13 năm kinh nghiệm, mời inbox và liên hệ qua số điện thoại.",True,False,2026-09-08T17:48:05.299628
1621938469390453,muon_tu_van,tich_cuc,0.8,none,,[],Tư vấn bảo hiểm cho mẹ và bé; Các gói bảo hiểm phù hợp cho gia đình,Người dùng yêu cầu tư vấn về bảo hiểm cho mẹ và bé.,False,False,2026-09-08T17:48:05.299628
1621938852723748,spam,trung_lap,0.0,none,,[],,Comment tự giới thiệu là tư vấn Generali và mời liên hệ qua số điện thoại.,True,False,2026-09-08T17:48:05.299628
1621942049390095,spam,trung_lap,0.0,none,,[],,Comment giới thiệu sản phẩm Sun Life và bày tỏ mong muốn đồng hành cùng khách hàng.,True,False,2026-09-08T17:48:05.299628
1621942416056725,spam,trung_lap,0.0,none,,[],,Comment yêu cầu người dùng kiểm tra tin nhắn riêng.,True,False,2026-09-08T17:48:05.299628
1621944139389886,spam,trung_lap,0.0,none,,[],,"Comment chỉ bao gồm một tên được tag, có thể là để chào bán.",True,False,2026-09-08T17:48:05.299628
1621951536055813,spam,trung_lap,0.0,none,,[],,Comment mời liên hệ qua số điện thoại nếu người dùng ở miền Nam.,True,False,2026-09-08T17:48:05.299628
1621956176055349,spam,trung_lap,0.0,none,,[],,"Comment tự giới thiệu là tư vấn Prudential ở Hà Nội, mời liên hệ qua số điện thoại để được tư vấn tận nơi.",True,False,2026-09-08T17:48:05.299628
1621962156054751,spam,trung_lap,0.0,none,,[],,"Comment tự giới thiệu là Hồng Anh, tư vấn Manulife 9 năm kinh nghiệm ở Hải Phòng và cung cấp số điện thoại.",True,False,2026-09-08T17:48:05.299628
1621964839387816,spam,trung_lap,0.0,none,,[],,"Comment tự giới thiệu là tư vấn AIA, chia sẻ kinh nghiệm chi trả và liệt kê các quyền lợi của sản phẩm chăm sóc sức khỏe AIA, mời liên hệ để được hỗ trợ.",True,False,2026-09-08T17:48:05.299628
1621975819386718,spam,trung_lap,0.0,none,,[],,"Comment tự giới thiệu là Phó phòng kinh doanh AIA, chia sẻ kinh nghiệm và thành tích, mời inbox để giải đáp thắc mắc.",True,False,2026-09-08T17:48:05.299628
1621977706053196,spam,trung_lap,0.0,none,,[],,Comment giới thiệu có đội ngũ hỗ trợ khách hàng và mời inbox.,True,False,2026-09-08T17:48:05.299628
1622034732714160,spam,trung_lap,0.0,none,,[],,Comment mời người dùng inbox.,True,False,2026-09-08T17:48:05.299628
1622040159380284,spam,trung_lap,0.0,none,,[],,"Comment tự giới thiệu là Ngô Thị Ngọc Nga, tư vấn nhiệt tình.",True,False,2026-09-08T17:48:05.299628
1622040549380245,spam,trung_lap,0.0,none,,[],,"Comment chia sẻ thông tin chi tiết về thẻ sức khỏe cho trẻ em, bao gồm các quyền lợi và chi phí, đồng thời mời liên hệ qua Zalo.",True,False,2026-09-08T17:48:05.299628
1622041482713485,spam,trung_lap,0.0,none,,[],,Comment mời liên hệ chị Hà qua số điện thoại để được hỗ trợ tận tâm nếu ở Sài Gòn.,True,False,2026-09-08T17:48:05.299628
1622046299379670,spam,trung_lap,0.0,none,,[],,"Một tư vấn viên giới thiệu sản phẩm bảo hiểm sức khỏe và nhân thọ, mời liên hệ qua Zalo để tư vấn chi tiết.",True,False,2026-09-08T17:48:19.595430
1622059542711679,muon_tu_van,tich_cuc,0.8,none,,[],gói bảo hiểm sức khỏe cho gia đình,Người dùng có nhu cầu tìm hiểu và tư vấn gói bảo hiểm sức khỏe cho bản thân và một người khác.,False,False,2026-09-08T17:48:19.595430
1622060999378200,spam,trung_lap,0.0,none,,[],,Một chuyên viên tư vấn bảo hiểm Manulife giới thiệu bản thân và mời liên hệ để được tư vấn.,True,False,2026-09-08T17:48:19.595430
1622179009366399,spam,trung_lap,0.0,none,,[],,Người dùng kêu gọi liên hệ qua tin nhắn riêng.,True,False,2026-09-08T17:48:19.595430
1622342592683374,spam,trung_lap,0.0,none,,[],,Người dùng kêu gọi người khác theo dõi mình với hy vọng có duyên hợp tác.,True,False,2026-09-08T17:48:19.595430
1622354166015550,spam,trung_lap,0.0,none,,[],,Một tư vấn viên của Dai-ichi Life mời liên hệ để được hỗ trợ về quyền lợi và thủ tục.,True,False,2026-09-08T17:48:19.595430
1622363252681308,spam,trung_lap,0.0,none,,[],,"Người dùng mời liên hệ qua tin nhắn riêng, cung cấp số điện thoại và tên công ty Fubon Life.",True,False,2026-09-08T17:48:19.595430
1622376406013326,spam,trung_lap,0.0,none,,[],,"Một tư vấn viên Sun Life giới thiệu chi tiết về thẻ sức khỏe không đồng chi trả, có quyền lợi chuyển giao hạn mức và mời liên hệ.",True,False,2026-09-08T17:48:19.595430
1622379306013036,spam,trung_lap,0.0,none,,[],,Một tư vấn viên AIA giới thiệu về bảo hiểm trọn đời và mời liên hệ để được tư vấn.,True,False,2026-09-08T17:48:19.595430
1622402569344043,spam,trung_lap,0.0,none,,[],,"Một chuyên viên tư vấn AIA giới thiệu combo bảo hiểm nhân thọ tích lũy và thẻ sức khỏe với nhiều quyền lợi nổi bật, mời liên hệ.",True,False,2026-09-08T17:48:19.595430
1622407246010242,spam,trung_lap,0.0,none,,[],,"Một quảng cáo về sản phẩm quà tặng doanh nghiệp là cốc nước nhựa in logo, kèm số điện thoại liên hệ.",False,False,2026-09-08T17:48:19.595430
1622423979341902,spam,trung_lap,0.0,none,,[],,Một tư vấn viên Dai-ichi Life giới thiệu về thẻ sức khỏe thăm khám toàn cầu với quyền lợi tái tục và mời liên hệ.,True,False,2026-09-08T17:48:19.595430
1622475402670093,khen,tich_cuc,0.9,none,,[],tư vấn viên nhiệt tình,"Người dùng khen ngợi sự nhiệt tình và hỗ trợ kịp thời của một tư vấn viên, kể cả vào ban đêm.",False,False,2026-09-08T17:48:19.595430
1622478862669747,spam,trung_lap,0.0,none,,[],,Một tư vấn viên Dai-ichi Life mời liên hệ qua Zalo để được tư vấn chi tiết về các gói bảo hiểm.,True,False,2026-09-08T17:48:19.595430
1622480396002927,spam,trung_lap,0.0,none,,[],,"Người dùng giới thiệu các quyền lợi nổi bật của bảo hiểm AIA, cung cấp bảng so sánh và mời liên hệ qua Zalo.",True,False,2026-09-08T17:48:19.595430
1622501889334111,spam,trung_lap,0.0,none,,[],,Người dùng mời liên hệ qua số điện thoại để được hỗ trợ nhiệt tình và nhanh chóng.,True,False,2026-09-08T17:48:19.595430
1622530269331273,spam,trung_lap,0.0,none,,[],,Người dùng mời liên hệ nếu ở khu vực Buôn Ma Thuột.,True,False,2026-09-08T17:48:19.595430
1622565339327766,spam,trung_lap,0.0,none,,[],,Người dùng cung cấp số điện thoại và mời liên hệ để được đáp ứng nhu cầu.,True,False,2026-09-08T17:48:19.595430
1622591855991781,spam,trung_lap,0.0,none,,[],,Một tư vấn viên AIA mời liên hệ để được tư vấn hoặc minh họa chi tiết.,True,False,2026-09-08T17:48:19.595430
1622627832654850,spam,trung_lap,0.0,none,,[],,"Người dùng giới thiệu các gói bảo hiểm cho mẹ và bé, mời liên hệ để tham khảo phương án.",True,False,2026-09-08T17:48:19.595430
1621917029392597,spam,trung_lap,0.0,none,,[],,Comment kêu gọi inbox.,True,False,2026-09-08T17:48:26.847233
2109210776346724,y_kien_trung_lap,trung_lap,0.1,none,,[],huong dan thu tuc boi thuong,Comment hướng dẫn viết đơn tường trình để giải quyết vấn đề.,False,False,2026-09-08T17:48:26.847233
2109212966346505,y_kien_trung_lap,trung_lap,0.1,none,,[],huong dan thu tuc boi thuong,Comment hướng dẫn gửi công văn qua email cho công ty.,False,False,2026-09-08T17:48:26.847233
2109244883009980,y_kien_trung_lap,trung_lap,0.2,none,,[],huong dan ve dau dien tu va tinh phap ly,Comment giải thích về dấu điện tử và cách xử lý khi bệnh viện không đóng dấu.,True,False,2026-09-08T17:48:26.847233
2109246676343134,y_kien_trung_lap,trung_lap,0.0,none,,[],,Comment hỏi về công ty bảo hiểm mà người khác đang làm việc.,False,False,2026-09-08T17:48:26.847233
2109257063008762,y_kien_trung_lap,trung_lap,0.2,none,,[],huong dan ve cong van mien dau treo,Comment thông báo một số bệnh viện có công văn miễn dấu treo và cách sử dụng.,False,False,2026-09-08T17:48:26.847233
2109297379671397,y_kien_trung_lap,trung_lap,0.2,none,,[],huong dan ve giay to can thiet khi boi thuong,Comment giải thích về các loại giấy tờ cần dấu mộc và cách xử lý hóa đơn điện tử.,False,False,2026-09-08T17:48:26.847233
2109310733003395,y_kien_trung_lap,trung_lap,0.1,none,,[],cap nhat quy dinh ve dau tren hoa don dien tu,"Comment cho rằng chỉ cần đóng dấu trên bảng kê chi tiết, không cần trên hóa đơn điện tử.",False,False,2026-09-08T17:48:26.847233
2109368416330960,y_kien_trung_lap,trung_lap,0.1,none,,[],,Comment hỏi thăm về tình trạng giải quyết vấn đề của người khác.,True,False,2026-09-08T17:48:26.847233
2109383109662824,spam,trung_lap,0.0,none,,[],,"Comment hỏi tên công ty và kêu gọi inbox, nhắc đến AIA.",True,False,2026-09-08T17:48:26.847233
2109653362969132,y_kien_trung_lap,trung_lap,0.0,none,,[],,Comment hỏi về bên cung cấp dịch vụ/sản phẩm.,False,False,2026-09-08T17:48:26.847233
2109716486296153,spam,trung_lap,0.0,none,,[],,Comment hỏi về công ty bảo hiểm và đề nghị hỗ trợ qua inbox nếu là Manulife.,True,False,2026-09-08T17:48:26.847233
2110621766205625,chinh_sach_quy_trinh_boi_thuong,tieu_cuc,-0.7,low,"Trải nghiệm tiêu cực về quy trình bồi thường phức tạp, mất thời gian.","[""quy trinh boi thuong phuc tap"", ""thoi gian cho dai""]","huong dan su dung the bao hiem, quy trinh boi thuong chi tiet, cac truong hop tu choi chi tra","Comment kể về trải nghiệm tiêu cực khi sử dụng thẻ bảo hiểm tại bệnh viện, cho thấy quy trình bồi thường phức tạp và mất thời gian.",False,False,2026-09-08T17:48:26.847233
2110642459536889,spam,trung_lap,0.0,none,,[],,Comment chỉ chứa một dấu chấm.,False,False,2026-09-08T17:48:26.847233
2111147616153040,spam,trung_lap,0.0,none,,[],,Comment chỉ chứa một tên riêng.,False,False,2026-09-08T17:48:26.847233
2111302459470889,san_pham_giai_phap,trung_lap,0.1,none,,[],"phan biet kham suc khoe tong quat va dieu tri benh, cac truong hop bao hiem khong chi tra",Comment giải thích rằng bảo hiểm không chi trả 100% cho khám sức khỏe tổng quát vì đây không phải rủi ro bất ngờ.,False,False,2026-09-08T17:48:26.847233
2111407509460384,spam,trung_lap,0.0,none,,[],,Comment chỉ chứa một tên riêng.,False,False,2026-09-08T17:48:26.847233
2111699722764496,khen,tich_cuc,0.6,none,,[],,Comment bày tỏ sự thích thú và mong muốn chia sẻ nội dung.,False,False,2026-09-08T17:48:26.847233
2111799172754551,y_kien_trung_lap,trung_lap,0.1,none,,[],"loi ich khi mua bao hiem theo nhom, thoi gian cho trong bao hiem",Comment giải thích rằng các công ty lớn thường được miễn thời gian chờ khi tham gia bảo hiểm với số lượng đông.,False,False,2026-09-08T17:48:26.847233
2112276889373446,san_pham_giai_phap,trung_lap,0.1,none,,[],phan biet cac loai the bao hiem va thoi gian cho,Comment giải thích rằng thời gian chờ 365 ngày áp dụng cho thẻ bảo hiểm không kèm nhân thọ.,False,False,2026-09-08T17:48:26.847233
2111048516162950,y_kien_trung_lap,trung_lap,0.0,none,,[],,Người dùng bày tỏ sự chờ đợi thông tin.,False,False,2026-09-08T17:48:38.763305
2111051359495999,y_kien_trung_lap,trung_lap,0.0,none,,[],,Người dùng bày tỏ sự chờ đợi thông tin.,False,False,2026-09-08T17:48:38.763305
2111051422829326,y_kien_trung_lap,trung_lap,0.1,none,,[],Hướng dẫn bồi thường khi sự kiện bảo hiểm xảy ra gần thời điểm tái tục hợp đồng.,Comment giải thích rằng việc bồi thường được tính toàn bộ theo hợp đồng năm đầu nếu sự kiện xảy ra trong năm đó.,False,False,2026-09-08T17:48:38.763305
2111052846162517,y_kien_trung_lap,trung_lap,0.1,none,,[],,Người dùng thông báo chi phí thuốc phát sinh sau sẽ được tính theo hợp đồng mới.,False,False,2026-09-08T17:48:38.763305
2111054412829027,y_kien_trung_lap,trung_lap,0.2,none,,[],Hướng dẫn xử lý bồi thường khi có sự giao thoa giữa các hợp đồng bảo hiểm.,Người dùng giải thích về việc bồi thường theo hiệu lực hợp đồng và chia sẻ kinh nghiệm cá nhân về việc VBI tách riêng chi trả cho hai hợp đồng.,False,False,2026-09-08T17:48:38.763305
2111095829491552,y_kien_trung_lap,trung_lap,0.1,none,,[],,Comment giải thích cách phân loại chi phí thuốc theo ngày xuất hóa đơn và hiệu lực hợp đồng bảo hiểm.,False,False,2026-09-08T17:48:38.763305
2111328636134938,y_kien_trung_lap,trung_lap,0.1,none,,[],Giải thích chi tiết về các điều khoản chi trả trong hợp đồng bảo hiểm.,Người dùng giải thích rằng việc chi trả thuốc phụ thuộc vào quy định cụ thể trong hợp đồng bảo hiểm.,False,False,2026-09-08T17:48:38.763305
2111395722794896,spam,trung_lap,0.0,none,,[],,Người dùng đưa ra lời khuyên về việc bồi thường khi chuyển hãng bảo hiểm và quảng bá dịch vụ tư vấn của mình.,True,False,2026-09-08T17:48:38.763305
2112353959365739,y_kien_trung_lap,trung_lap,0.1,none,,[],Giải thích nguyên tắc bồi thường theo hiệu lực hợp đồng trong bảo hiểm phi nhân thọ.,Comment giải thích rằng việc chi trả bảo hiểm dựa vào hiệu lực hợp đồng và chi phí phát sinh sau ngày hết hạn sẽ được tính vào hợp đồng tiếp theo.,False,False,2026-09-08T17:48:38.763305
2111344249466710,y_kien_trung_lap,trung_lap,0.0,none,,[],,Người dùng bày tỏ sự chờ đợi thông tin.,False,False,2026-09-08T17:48:38.763305
2111348152799653,y_kien_trung_lap,trung_lap,0.0,none,,[],,Người dùng đưa ra một phản hồi khẳng định.,False,False,2026-09-08T17:48:38.763305
2111354472799021,y_kien_trung_lap,trung_lap,0.0,none,,[],,Người dùng đưa ra một phản hồi khẳng định.,False,False,2026-09-08T17:48:38.763305
2111355949465540,muon_tu_van,tich_cuc,0.5,none,,[],Giới thiệu các gói bảo hiểm mới hoặc chương trình ưu đãi.,Người dùng bày tỏ mong muốn được tham gia một chương trình hoặc gói bảo hiểm mới.,False,False,2026-09-08T17:48:38.763305
2111356649465470,muon_tu_van,tich_cuc,0.5,none,,[],,Người dùng bày tỏ mong muốn được tham gia.,False,False,2026-09-08T17:48:38.763305
2111422979458837,y_kien_trung_lap,trung_lap,0.0,none,,[],,Người dùng bày tỏ sự chờ đợi thông tin.,False,False,2026-09-08T17:48:38.763305
2111425902791878,y_kien_trung_lap,trung_lap,0.0,none,,[],,Người dùng bày tỏ sự chờ đợi thông tin.,False,False,2026-09-08T17:48:38.763305
2111504642784004,y_kien_trung_lap,trung_lap,0.0,none,,[],,Người dùng bày tỏ sự chờ đợi thông tin.,False,False,2026-09-08T17:48:38.763305
2111520089449126,y_kien_trung_lap,trung_lap,0.0,none,,[],,Người dùng bày tỏ sự chờ đợi thông tin.,False,False,2026-09-08T17:48:38.763305
2112236616044140,y_kien_trung_lap,trung_lap,0.0,none,,[],,Người dùng bày tỏ sự chờ đợi thông tin.,False,False,2026-09-08T17:48:38.763305
1325144506155461,muon_tu_van,tich_cuc,0.5,none,,[],Thông tin về các khóa học hoặc sự kiện liên quan đến bảo hiểm.,Người dùng bày tỏ mong muốn được đăng ký học.,False,False,2026-09-08T17:48:38.763305
1325154219487823,khen,tich_cuc,0.8,none,,[],,Người dùng khen lớp học rất hay.,False,False,2026-09-08T17:48:48.978352
1325175539485691,spam,trung_lap,0.0,none,,[],,Người dùng chào mời đăng ký lớp học thẩm định kê khai bảo hiểm.,True,False,2026-09-08T17:48:48.978352
1325183469484898,spam,trung_lap,0.0,none,,[],,Người dùng xác nhận đã được hỗ trợ và hẹn gặp trên lớp học tối nay.,True,False,2026-09-08T17:48:48.978352
1325367576133154,khen,tich_cuc,0.7,none,,[],,Người dùng bày tỏ lòng biết ơn.,False,False,2026-09-08T17:48:48.978352
1325370176132894,khen,tich_cuc,0.6,none,,[],,Người dùng gửi lời chào thân mật.,False,False,2026-09-08T17:48:48.978352
1325372012799377,khen,tich_cuc,0.7,none,,[],,Người dùng chúc người khác có duyên học nhiều lớp của thầy.,False,False,2026-09-08T17:48:48.978352
1325372072799371,y_kien_trung_lap,trung_lap,0.2,none,,[],,Người dùng đáp lời thầy một cách lễ phép.,False,False,2026-09-08T17:48:48.978352
1327111882625390,khen,tich_cuc,0.9,none,,[],,Người dùng chúc mừng và động viên người khác phát triển kiến thức.,False,False,2026-09-08T17:48:48.978352
1327116465958265,y_kien_trung_lap,trung_lap,0.1,none,,[],,Người dùng bày tỏ sự đồng tình với người khác.,False,False,2026-09-08T17:48:48.978352
1327139599289285,y_kien_trung_lap,tieu_cuc,-0.4,none,,"[""ap luc gia dinh""]",,Người dùng bày tỏ sự mệt mỏi với hoàn cảnh chồng già con dại.,False,False,2026-09-08T17:48:48.978352
1327140132622565,y_kien_trung_lap,trung_lap,0.2,none,,[],,Người dùng bày tỏ mong muốn cố gắng kiếm tiền để tham gia lớp học VIP.,False,False,2026-09-08T17:48:48.978352
1327140525955859,khen,tich_cuc,0.7,none,,[],,Người dùng gửi lời cảm ơn.,False,False,2026-09-08T17:48:48.978352
1327141019289143,y_kien_trung_lap,trung_lap,0.1,none,,[],,Người dùng đáp lời một cách vui vẻ.,False,False,2026-09-08T17:48:48.978352
1327176522618926,khen,tich_cuc,0.8,none,,[],,Người dùng khen ngợi sự chăm chỉ của người khác.,False,False,2026-09-08T17:48:48.978352
1327197712616807,y_kien_trung_lap,trung_lap,0.0,none,,[],,Người dùng chia sẻ quan điểm về việc cần cù khi còn trẻ.,False,False,2026-09-08T17:48:48.978352
1327455329257712,khen,tich_cuc,0.8,none,,[],,Người dùng gửi lời chúc mừng.,False,False,2026-09-08T17:48:48.978352
1327475699255675,khen,tich_cuc,0.8,none,,[],,Người dùng khen ngợi sự chăm chỉ của người khác.,False,False,2026-09-08T17:48:48.978352
1327475849255660,khen,tich_cuc,0.7,none,,[],,Người dùng gửi lời cảm ơn.,False,False,2026-09-08T17:48:48.978352
1327621295907782,khen,tich_cuc,0.8,none,,[],,"Người dùng bày tỏ sự ngưỡng mộ, ví von như một giải đặc biệt.",False,False,2026-09-08T17:48:48.978352
1327621542574424,khen,tich_cuc,0.7,none,,[],,Người dùng bày tỏ niềm hạnh phúc khi có chồng và con.,False,False,2026-09-08T17:48:48.978352
1327624559240789,y_kien_trung_lap,trung_lap,0.0,none,,[],,Commenter nhường người khác trong một ngữ cảnh không rõ ràng.,False,False,2026-09-08T17:49:04.861353
1327917639211481,y_kien_trung_lap,trung_lap,0.2,none,,[],,Commenter bày tỏ quan điểm về tình yêu nghề nghiệp.,False,False,2026-09-08T17:49:04.861353
1327623125907599,khen,tich_cuc,0.8,none,,[],lời khuyên phát triển sự nghiệp bảo hiểm,Commenter chúc mừng người khác đã hoàn thành nhiều khóa học và động viên làm nghề.,False,False,2026-09-08T17:49:04.861353
1327634472573131,khen,tich_cuc,0.7,none,,[],,Commenter bày tỏ sự khen ngợi.,False,False,2026-09-08T17:49:04.861353
1327635555906356,khen,tich_cuc,0.6,none,,[],,Commenter chúc mừng người khác.,False,False,2026-09-08T17:49:04.861353
1327637732572805,khen,tich_cuc,0.7,none,,[],,Commenter bày tỏ lời cảm ơn.,False,False,2026-09-08T17:49:04.861353
1327656189237626,khen,tich_cuc,0.6,none,,[],,Commenter chúc mừng người khác.,False,False,2026-09-08T17:49:04.861353
1327710945898817,y_kien_trung_lap,trung_lap,0.1,none,,[],,Commenter hỏi đùa về một khóa học có thể giúp giỏi cả đời.,False,False,2026-09-08T17:49:04.861353
1327715115898400,y_kien_trung_lap,trung_lap,0.0,none,,[],,Commenter trả lời đùa rằng không có khóa học như vậy.,False,False,2026-09-08T17:49:04.861353
1327633722573206,khen,tich_cuc,0.8,none,,[],lời khuyên phát triển sự nghiệp bảo hiểm,Commenter chúc mừng người khác đã tốt nghiệp các khóa học chuyên sâu và động viên phát triển sự nghiệp.,False,False,2026-09-08T17:49:04.861353
1327638289239416,y_kien_trung_lap,trung_lap,0.0,none,,[],,Commenter nói rằng thầy trêu mình để phấn đấu thành học viên VIP.,False,False,2026-09-08T17:49:04.861353
1327642709238974,y_kien_trung_lap,trung_lap,-0.1,none,,[],,Commenter cảnh báo người khác không nên tham gia VIP vì sẽ hối hận.,False,False,2026-09-08T17:49:04.861353
1328392492497329,khen,tich_cuc,0.6,none,,[],,Commenter chúc mừng sếp Nhung.,False,False,2026-09-08T17:49:04.861353
1328014149201830,khen,tich_cuc,0.7,none,,[],,Commenter chúc mừng người khác tốt nghiệp và cảnh báo đùa về việc tham gia VIP.,False,False,2026-09-08T17:49:04.861353
1328017245868187,y_kien_trung_lap,trung_lap,0.1,none,,[],,Commenter phủ nhận việc muốn vào VIP và hẹn gặp lại thầy.,False,False,2026-09-08T17:49:04.861353
1328258542510724,khen,tich_cuc,0.7,none,,[],,Commenter bày tỏ lời cảm ơn.,False,False,2026-09-08T17:49:04.861353
1328283822508196,khen,tich_cuc,0.8,none,,[],lời khuyên phát triển sự nghiệp bảo hiểm,Commenter chúc mừng người khác đã hoàn thành khóa học thẩm định.,False,False,2026-09-08T17:49:04.861353
1328290569174188,khen,tich_cuc,0.6,none,,[],,Commenter bày tỏ lời cảm ơn.,False,False,2026-09-08T17:49:04.861353
1328189719184273,y_kien_trung_lap,trung_lap,0.2,none,,[],lời khuyên học tập hiệu quả,Commenter chia sẻ quan điểm về việc học thầy là học cách tư duy và xử lý chung.,False,False,2026-09-08T17:49:04.861353
1328196532516925,khen,tich_cuc,0.8,none,,[],lợi ích của việc tham gia tích cực,Commenter khen bài viết hay và sự tích cực của người khác trong việc học tập.,False,False,2026-09-08T17:49:04.861353
1328231995846712,khen,tich_cuc,0.8,none,,[],"chia se kinh nghiem nghe bao hiem, lo trinh phat trien su nghiep tu van bao hiem","Người dùng bày tỏ sự biết ơn và mong muốn phát triển nghề nghiệp tốt hơn, đồng thời còn nhiều thắc mắc cần được giải đáp.",False,False,2026-09-08T17:49:18.805498
1328237295846182,y_kien_trung_lap,trung_lap,0.2,none,,[],tam quan trong cua kien thuc trong nghe bao hiem,Comment nhấn mạnh tầm quan trọng của việc học hỏi không ngừng để xây dựng nền tảng kiến thức vững chắc.,False,False,2026-09-08T17:49:18.805498
1328238912512687,khen,tich_cuc,0.7,none,,[],loi ich khi hoc tu van bao hiem,"Người dùng cảm ơn và bày tỏ sự hào hứng khi đăng ký học từ ""Thầy"" theo lời giới thiệu của bạn bè.",False,False,2026-09-08T17:49:18.805498
1328244242512154,y_kien_trung_lap,tich_cuc,0.6,none,,[],,Người dùng bày tỏ lời cảm ơn thân mật.,False,False,2026-09-08T17:49:18.805498
1328253072511271,y_kien_trung_lap,trung_lap,0.1,none,,[],hieu qua cua cac phuong phap hoc tap,Người dùng đưa ra lời khuyên về phương pháp học tập hoặc làm việc hiệu quả hơn.,False,False,2026-09-08T17:49:18.805498
1328256929177552,khen,tich_cuc,0.8,none,,[],tam quan trong cua nguoi dong hanh trong nghe,Người dùng trấn an và cam kết sẽ đồng hành hỗ trợ khi có khó khăn hay thắc mắc.,False,False,2026-09-08T17:49:18.805498
1328477162488862,y_kien_trung_lap,trung_lap,0.0,none,,[],,Người dùng thông báo sự hiện diện của mình.,False,False,2026-09-08T17:49:18.805498
1328478425822069,y_kien_trung_lap,trung_lap,0.0,none,,[],,Người dùng thông báo rằng mình đã đến.,False,False,2026-09-08T17:49:18.805498
1328478752488703,y_kien_trung_lap,trung_lap,0.0,none,,[],,Người dùng tương tác xã hội bằng một biểu tượng cảm xúc.,False,False,2026-09-08T17:49:18.805498
1328479502488628,y_kien_trung_lap,trung_lap,-0.1,none,,[],,Người dùng bày tỏ rằng việc tìm kiếm điều gì đó không hề dễ dàng.,False,False,2026-09-08T17:49:18.805498
1328480659155179,y_kien_trung_lap,tich_cuc,0.7,none,,[],,Người dùng thân mật mời một người khác tham gia.,False,False,2026-09-08T17:49:18.805498
1328379172498661,khen,tich_cuc,0.9,none,,[],,"Người dùng bày tỏ lòng biết ơn sâu sắc đến ""thầy"".",False,False,2026-09-08T17:49:18.805498
28639969055615496,spam,trung_lap,0.0,none,,[],,"Một chuyên viên tư vấn của AIA giới thiệu chi tiết về gói bảo hiểm nhân thọ và sức khỏe, kèm thông tin liên hệ để tư vấn.",True,False,2026-09-08T17:49:18.805498
28587384620873940,spam,trung_lap,0.0,none,,[],,Người dùng mời liên hệ qua Zalo hoặc điện thoại.,True,False,2026-09-08T17:49:18.805498
28587388347540234,spam,trung_lap,0.0,none,,[],,Người dùng mời liên hệ qua Zalo hoặc điện thoại.,True,False,2026-09-08T17:49:18.805498
28587608890851513,spam,trung_lap,0.0,none,,[],,Người dùng mời liên hệ để so sánh các sản phẩm bảo hiểm.,True,False,2026-09-08T17:49:18.805498
28588178920794510,spam,trung_lap,0.0,none,,[],,Người dùng mời liên hệ để được tư vấn về sản phẩm bảo hiểm liên kết đầu tư của AIA.,True,False,2026-09-08T17:49:18.805498
28588523107426758,spam,trung_lap,0.0,none,,[],,Người dùng giới thiệu sản phẩm Xanh Phú Quý của Manulife và mời liên hệ để biết thêm chi tiết.,True,False,2026-09-08T17:49:18.805498
28588122014133534,spam,trung_lap,0.0,none,,[],,Người dùng tự giới thiệu và mời liên hệ qua Zalo để được tư vấn chi tiết về các gói bảo hiểm.,True,False,2026-09-08T17:49:18.805498
28589272984018437,spam,trung_lap,0.0,none,,[],,Người dùng mời liên hệ để được hỗ trợ về bảo hiểm nhân thọ và bảo hiểm sức khỏe.,True,False,2026-09-08T17:49:18.805498
28591229673822768,spam,trung_lap,0.0,none,,[],,Một tư vấn viên Bảo Việt Nhân Thọ giới thiệu sản phẩm mới và mời liên hệ để được tư vấn.,True,True,2026-09-08T17:49:43.483347
28593614836917585,spam,trung_lap,0.0,none,,[],,Một người giới thiệu dịch vụ mở thẻ tín dụng VIB với ưu đãi hoàn tiền cho thanh toán bảo hiểm và mời liên hệ.,True,True,2026-09-08T17:49:43.483347
28652603764352025,muon_tu_van,trung_lap,0.3,none,,[],Hướng dẫn khách hàng cung cấp thông tin để nhận tư vấn bảo hiểm cá nhân hóa,Một tư vấn viên đưa ra các câu hỏi chi tiết về nhu cầu và ngân sách để giúp khách hàng chọn gói bảo hiểm phù hợp từ nhiều hãng khác nhau.,True,False,2026-09-08T17:49:43.483347
28653943924218009,khen,tich_cuc,0.8,none,,[],Câu chuyện khách hàng: Lựa chọn bảo hiểm phù hợp nhờ tư vấn viên tận tâm,"Người dùng chia sẻ trải nghiệm tích cực khi tham gia bảo hiểm AIA với sự hỗ trợ của tư vấn viên Do Anh, người đã thiết kế các phương án phù hợp.",False,False,2026-09-08T17:49:43.483347
28588419034103832,spam,trung_lap,0.0,none,,[],,Một lời kêu gọi inbox ngắn gọn.,True,True,2026-09-08T17:49:43.483347
28588426520769750,spam,trung_lap,0.0,none,,[],,"Một tư vấn viên giới thiệu sản phẩm bảo hiểm nhân thọ và sức khỏe của AIA với các quyền lợi nổi bật, kèm theo lời mời liên hệ để nhận bảng so sánh.",True,True,2026-09-08T17:49:43.483347
28588427340769668,spam,trung_lap,0.0,none,,[],,"Một tư vấn viên giới thiệu các quyền lợi nổi bật của bảo hiểm nhân thọ và sức khỏe AIA, mời liên hệ để được tư vấn chi tiết theo ngân sách.",True,True,2026-09-08T17:49:43.483347
28588469857432083,muon_tu_van,trung_lap,0.3,none,,[],Những lưu ý khi chọn bảo hiểm cho người lớn tuổi,"Một tư vấn viên gợi ý cần xem xét kỹ tuổi và sức khỏe khi chọn bảo hiểm cho ông bà, và mời liên hệ để được tư vấn rõ ràng.",True,False,2026-09-08T17:49:43.483347
28588502637428805,spam,trung_lap,0.0,none,,[],,Một lời kêu gọi inbox lịch sự.,True,True,2026-09-08T17:49:43.483347
28589041834041552,spam,trung_lap,0.0,none,,[],,Một tư vấn viên mời liên hệ qua Zalo để được tư vấn về Dai-ichi Life.,True,True,2026-09-08T17:49:43.483347
28589140764031659,y_kien_trung_lap,trung_lap,0.0,none,,[],Tầm quan trọng của việc cung cấp thông tin liên hệ chính thức,Người dùng yêu cầu cung cấp số điện thoại chính thức.,False,False,2026-09-08T17:49:43.483347
28589401364005599,spam,trung_lap,0.0,none,,[],,Một lời mời inbox để được hỗ trợ.,True,True,2026-09-08T17:49:43.483347
28590050177274051,spam,trung_lap,0.0,none,,[],,Một tư vấn viên Bảo Việt Nhân Thọ giới thiệu sản phẩm mới và mời liên hệ để được tư vấn.,True,True,2026-09-08T17:49:43.483347
28614964891449246,spam,trung_lap,0.0,none,,[],,Một lời mời liên hệ qua Zalo để được tư vấn.,True,True,2026-09-08T17:49:43.483347
28592103027068766,spam,trung_lap,0.0,none,,[],,Một tư vấn viên Generali tại TP.HCM mời liên hệ qua Zalo để tham khảo thông tin.,True,True,2026-09-08T17:49:43.483347
28592128593732876,spam,trung_lap,0.0,none,,[],,Một tư vấn viên Liberty mời liên hệ qua Zalo.,True,True,2026-09-08T17:49:43.483347
28592158037063265,spam,trung_lap,0.0,none,,[],,"Một tư vấn viên Manulife tại Hà Nội mời liên hệ qua Zalo để được tư vấn đúng, đủ và phù hợp.",True,True,2026-09-08T17:49:43.483347
28592292227049846,spam,trung_lap,0.0,none,,[],,"Một tư vấn viên giới thiệu sản phẩm bảo hiểm nhân thọ và sức khỏe của AIA với các quyền lợi nổi bật, kèm theo lời mời liên hệ để nhận bảng so sánh.",True,True,2026-09-08T17:49:43.483347
28592294833716252,spam,trung_lap,0.0,none,,[],,"Một tư vấn viên giới thiệu các quyền lợi nổi bật của bảo hiểm nhân thọ và sức khỏe AIA, mời liên hệ để được tư vấn chi tiết theo ngân sách.",True,True,2026-09-08T17:49:43.483347
28592386453707090,spam,trung_lap,0.0,none,,[],,Một lời mời liên hệ qua Zalo để được hỗ trợ tư vấn.,True,True,2026-09-08T17:49:43.483347
28592587333687002,spam,trung_lap,0.0,none,,[],,Comment mời người quan tâm inbox để được hỗ trợ tư vấn.,True,False,2026-09-08T17:49:53.162668
28593002776978791,spam,trung_lap,0.0,none,,[],,Comment quảng cáo chi tiết gói bảo hiểm sức khỏe nội trú MSIG và mời liên hệ tư vấn.,True,False,2026-09-08T17:49:53.162668
28593393396939729,spam,trung_lap,0.0,none,,[],,Comment giới thiệu sản phẩm mới của Bảo Việt Nhân Thọ và mời liên hệ để được tư vấn.,True,False,2026-09-08T17:49:53.162668
28593879466891122,spam,trung_lap,0.0,none,,[],,Comment mời nhắn tin Zalo để được tư vấn.,True,False,2026-09-08T17:49:53.162668
28604354022510333,muon_tu_van,tich_cuc,0.7,none,,[],Hướng dẫn chọn bảo hiểm nhân thọ và thẻ sức khỏe phù hợp nhu cầu và ngân sách,"Comment khuyên nên chọn bảo hiểm theo nhu cầu và ngân sách thay vì tên công ty, sau đó mời tư vấn chi tiết dựa trên thông tin cá nhân.",True,False,2026-09-08T17:49:53.162668
28604457532499982,spam,trung_lap,0.0,none,,[],,"Comment mời inbox để được tư vấn chi tiết về bảo hiểm Dai-ichi, kèm thông tin liên hệ.",True,False,2026-09-08T17:49:53.162668
28604927662452969,spam,trung_lap,0.0,none,,[],,Comment mời inbox Zalo để được hỗ trợ tư vấn.,True,False,2026-09-08T17:49:53.162668
28594145473531188,y_kien_trung_lap,trung_lap,0.0,none,,[],,Comment chỉ chứa một tên riêng.,False,False,2026-09-08T17:49:53.162668
28594148823530853,y_kien_trung_lap,trung_lap,0.1,none,,[],Các gói bảo hiểm nhân thọ kèm thẻ sức khỏe của Dai-ichi dưới 15 triệu,Comment xác nhận gói bảo hiểm của Dai-ichi dưới 15 triệu đã bao gồm bảo hiểm nhân thọ có tích lũy và thẻ chăm sóc sức khỏe.,True,False,2026-09-08T17:49:53.162668
28594152670197135,spam,trung_lap,0.0,none,,[],,Comment chia sẻ về sản phẩm bảo hiểm Generali với nhiều quyền lợi và mời liên hệ để được tư vấn.,True,False,2026-09-08T17:49:53.162668
28594158633529872,spam,trung_lap,0.0,none,,[],,Comment mời Tran Yen liên hệ để được tư vấn sản phẩm Generali.,True,False,2026-09-08T17:49:53.162668
28594175136861555,spam,trung_lap,0.0,none,,[],,Comment tự giới thiệu là chuyên viên tư vấn Manulife và mời inbox để được hỗ trợ.,True,False,2026-09-08T17:49:53.162668
28594181843527551,spam,trung_lap,0.0,none,,[],,"Comment giới thiệu sản phẩm nhân thọ và thẻ sức khỏe của AIA, kèm lời mời inbox để nhận bảng so sánh miễn phí.",True,False,2026-09-08T17:49:53.162668
28594183430194059,spam,trung_lap,0.0,none,,[],,"Comment giới thiệu các quyền lợi nổi bật của bảo hiểm nhân thọ và sức khỏe AIA, kèm lời mời inbox để được tư vấn chi tiết.",True,False,2026-09-08T17:49:53.162668
28594187176860351,muon_tu_van,tich_cuc,0.6,none,,[],Tầm quan trọng của việc chọn tư vấn viên bảo hiểm có kinh nghiệm và uy tín,"Comment tự giới thiệu là Phó phòng kinh doanh AIA với kinh nghiệm và thành tích, mời người dùng inbox để được giải đáp mọi thắc mắc.",True,False,2026-09-08T17:49:53.162668
28594192766859792,y_kien_trung_lap,trung_lap,0.1,none,,[],Làm thế nào để chọn tư vấn viên bảo hiểm uy tín và phù hợp,Comment khuyên cần gặp tư vấn viên tốt để có hợp đồng bảo hiểm chuẩn chỉnh ngay từ đầu.,False,False,2026-09-08T17:49:53.162668
28594198230192579,check_chi_phi,trung_lap,0.0,none,,[],Các yếu tố ảnh hưởng đến chi phí bảo hiểm cho gia đình,Comment đặt câu hỏi về chi phí bảo hiểm cho hai người.,False,False,2026-09-08T17:49:53.162668
28594202363525499,spam,trung_lap,0.0,none,,[],,Comment mời inbox để nhận thông tin tham khảo.,True,False,2026-09-08T17:49:53.162668
28594217840190618,y_kien_trung_lap,trung_lap,0.2,none,,[],,"Comment đưa ra một câu trả lời ngắn gọn, mang tính chất trấn an.",False,False,2026-09-08T17:49:53.162668
28594220206857048,spam,trung_lap,0.0,none,,[],,Comment mời inbox để tìm hiểu về Chubb Life.,True,False,2026-09-08T17:49:53.162668
28594224376856631,y_kien_trung_lap,trung_lap,0.0,none,,[],"phân tích mục đích bảo hiểm tích lũy và bảo vệ, lợi ích khi mua gói bảo hiểm riêng",Comment đặt câu hỏi về mục đích mua bảo hiểm và đưa ra nhận định về việc hai người tham gia cùng một gói có thể ảnh hưởng đến tích lũy.,False,False,2026-09-08T17:50:02.793611
28594224630189939,spam,trung_lap,0.0,none,,[],,Comment mời người dùng nhắn tin riêng để được hỗ trợ.,True,False,2026-09-08T17:50:02.793611
28594238280188574,spam,trung_lap,0.0,none,,[],,Comment mời người dùng nhắn tin riêng để được tư vấn chi tiết.,True,False,2026-09-08T17:50:02.793611
28594273886851680,spam,trung_lap,0.0,none,,[],,Comment tự giới thiệu là chuyên viên tư vấn Manulife và để lại số điện thoại.,True,False,2026-09-08T17:50:02.793611
28594287056850363,spam,trung_lap,0.0,none,,[],,Comment xác nhận có sản phẩm và mời người dùng nhắn tin riêng để được tư vấn.,True,False,2026-09-08T17:50:02.793611
28594290963516639,spam,trung_lap,0.0,none,,[],,"Comment giới thiệu gói bảo hiểm Daiichi, đưa ra lời khuyên và mời liên hệ Zalo để tư vấn thêm, kèm theo thông tin kinh nghiệm của tư vấn viên.",True,False,2026-09-08T17:50:02.793611
28594291070183295,spam,trung_lap,0.0,none,,[],,Comment giới thiệu gói bảo hiểm của Generali với hạn mức thẻ và ưu đãi khuyến mãi trong tháng 9.,True,False,2026-09-08T17:50:02.793611
28594325950179807,khen,tich_cuc,0.8,none,,[],"câu chuyện khách hàng mua bảo hiểm, lợi ích khi mua bảo hiểm cho mẹ và con",Comment chia sẻ trải nghiệm tích cực khi mua gói bảo hiểm 15 triệu cho hai mẹ con.,False,False,2026-09-08T17:50:02.793611
28594343790178023,spam,trung_lap,0.0,none,,[],,Comment yêu cầu người dùng kiểm tra tin nhắn chờ.,True,False,2026-09-08T17:50:02.793611
28594378976841171,spam,trung_lap,0.0,none,,[],,Comment mời người dùng nhắn tin riêng để được thiết kế gói bảo hiểm phù hợp với tài chính và nhu cầu.,True,False,2026-09-08T17:50:02.793611
28594498316829237,spam,trung_lap,0.0,none,,[],,Comment tự giới thiệu là tư vấn viên AIA có kinh nghiệm và sẵn sàng giải đáp thắc mắc về bảo hiểm.,True,False,2026-09-08T17:50:02.793611
28594534050158997,spam,trung_lap,0.0,none,,[],,Comment mời người dùng tham khảo Cathay và nhắn tin riêng.,True,False,2026-09-08T17:50:02.793611
28594625550149847,spam,trung_lap,0.0,none,,[],,Comment thông báo Generali có gói thấp nhất 6 triệu/năm và mời nhắn tin để tìm gói phù hợp cho gia đình.,True,False,2026-09-08T17:50:02.793611
28594700713475664,spam,trung_lap,0.0,none,,[],,Comment mời người dùng nhắn tin riêng để được hỗ trợ tư vấn về Manulife.,True,False,2026-09-08T17:50:02.793611
28594904710121931,spam,trung_lap,0.0,none,,[],,"Comment mời người dùng nhắn Zalo để được tư vấn nếu chưa tìm được gói phù hợp, kèm số điện thoại.",True,False,2026-09-08T17:50:02.793611
28594973303448405,spam,trung_lap,0.0,none,,[],,"Comment giới thiệu chi tiết gói bảo hiểm Generali 15 triệu cho hai vợ chồng, kèm ưu đãi 20% phí thẻ sức khỏe trong tháng 9, và mời liên hệ để tư vấn.",True,False,2026-09-08T17:50:02.793611
28595069986772070,spam,trung_lap,0.0,none,,[],,"Comment giới thiệu các quyền lợi nổi bật của bảo hiểm AIA, đề nghị cung cấp bảng so sánh chi tiết giữa các công ty và mời liên hệ qua inbox hoặc Zalo.",True,False,2026-09-08T17:50:02.793611
28595191710093231,spam,trung_lap,0.0,none,,[],,"Comment thông báo có gói bảo hiểm sức khỏe với đầy đủ quyền lợi ở mức 15 triệu hoặc thấp hơn, và mời người dùng nhắn tin riêng để được hỗ trợ.",True,False,2026-09-08T17:50:02.793611
28595302553415480,spam,trung_lap,0.0,none,,[],,"Comment mời người dùng nhắn tin riêng hoặc liên hệ Zalo để được tư vấn, kèm số điện thoại.",True,False,2026-09-08T17:50:02.793611
28595368800075522,spam,trung_lap,0.0,none,,[],,"Comment cung cấp số điện thoại và lời khen ngợi về sự tận tâm, chuyên nghiệp của tư vấn viên Lan Dang.",False,True,2026-09-08T17:50:02.793611
28595605710051831,spam,trung_lap,0.0,none,,[],,Một tư vấn viên AIA giới thiệu về các quyền lợi của bảo hiểm sức khỏe trọn đời và mời liên hệ để được tư vấn.,True,False,2026-09-08T17:50:11.529772
28595907306688338,spam,trung_lap,0.0,none,,[],,Một người dùng mời inbox để tư vấn.,True,False,2026-09-08T17:50:11.529772
28597783436500725,y_kien_trung_lap,trung_lap,0.1,none,,[],so sanh bao hiem generali,Người dùng gợi ý tham khảo bảo hiểm Generali.,False,False,2026-09-08T17:50:11.529772
28598719719740430,spam,trung_lap,0.0,none,,[],,Một người dùng mời inbox và cung cấp số điện thoại để tham khảo Cathay Life.,True,False,2026-09-08T17:50:11.529772
28598838026395266,spam,trung_lap,0.0,none,,[],,Một người dùng mời inbox để được tư vấn về Bảo Việt.,True,False,2026-09-08T17:50:11.529772
28598908333054902,y_kien_trung_lap,trung_lap,0.1,none,,[],,Một người dùng trả lời khẳng định.,False,False,2026-09-08T17:50:11.529772
28598968086382260,spam,trung_lap,0.0,none,,[],,Một người dùng mời inbox để gửi các gói bảo hiểm phù hợp.,True,False,2026-09-08T17:50:11.529772
28599038213041914,spam,trung_lap,0.0,none,,[],,"Một chuyên viên tư vấn Dai-ichi Life tự giới thiệu và mời liên hệ để được tư vấn rõ ràng, minh bạch.",True,False,2026-09-08T17:50:11.529772
28599094406369628,spam,trung_lap,0.0,none,,[],,Một chuyên viên tư vấn AIA tự giới thiệu và mời inbox để thiết kế gói bảo hiểm theo nhu cầu.,True,False,2026-09-08T17:50:11.529772
28599605836318485,spam,trung_lap,0.0,none,,[],,Một người dùng mời nhắn tin để được tư vấn về phí và quyền lợi bảo hiểm.,True,False,2026-09-08T17:50:11.529772
28600010006278068,spam,trung_lap,0.0,none,,[],,Một người dùng mời inbox.,True,False,2026-09-08T17:50:11.529772
28600954552850280,spam,trung_lap,0.0,none,,[],,"Một người dùng mời liên hệ để được tư vấn về nhiều loại hình bảo hiểm, bao gồm Bảo Việt HealthCare.",True,False,2026-09-08T17:50:11.529772
28601169989495403,spam,trung_lap,0.0,none,,[],,Một người dùng mời inbox để chia sẻ thông tin.,True,False,2026-09-08T17:50:11.529772
28601253992820336,spam,trung_lap,0.0,none,,[],,"Một người dùng giới thiệu các gói bảo hiểm sức khỏe và nhân thọ, mời liên hệ để được tư vấn và so sánh quyền lợi.",True,False,2026-09-08T17:50:11.529772
28601276459484756,khen,tich_cuc,0.7,none,,[],loi ich bao hiem suc khoe,Người dùng gợi ý tham khảo bảo hiểm sức khỏe vì phí rẻ và quyền lợi tốt.,False,False,2026-09-08T17:50:11.529772
28601277722817963,spam,trung_lap,0.0,none,,[],,Một người dùng mời liên hệ để được tư vấn về Sun Life.,True,False,2026-09-08T17:50:11.529772
28601355022810233,spam,trung_lap,0.0,none,,[],,"Một người dùng giới thiệu gói bảo hiểm nhân thọ và sức khỏe của AIA với nhiều quyền lợi chi tiết, mời liên hệ để được hỗ trợ.",True,False,2026-09-08T17:50:11.529772
28601513572794378,spam,trung_lap,0.0,none,,[],,"Một người dùng cung cấp thông tin về chi phí và hạn mức bảo hiểm cho hai người, mời liên hệ để được tham vấn thêm.",True,False,2026-09-08T17:50:11.529772
28601794579432944,spam,trung_lap,0.0,none,,[],,Một người dùng mời inbox để được hỗ trợ tư vấn.,True,False,2026-09-08T17:50:11.529772
28602122482733487,y_kien_trung_lap,trung_lap,0.2,none,,[],cau hoi can hoi khi mua bao hiem,"Người dùng khuyên nên đặt câu hỏi kỹ lưỡng để tham gia bảo hiểm đúng, đủ và an tâm với chi phí.",False,False,2026-09-08T17:50:11.529772
28603212662624469,spam,trung_lap,0.0,none,,[],,Comment kêu gọi liên hệ Zalo để được hỗ trợ tư vấn.,True,False,2026-09-08T17:50:27.932012
28604222049190197,spam,trung_lap,0.0,none,,[],,"Comment cung cấp thông tin về việc mua bảo hiểm cho vợ chồng và tầm quan trọng của kê khai sức khỏe, sau đó mời tư vấn chi tiết.",True,False,2026-09-08T17:50:27.932012
28605210082424727,spam,trung_lap,0.0,none,,[],,"Comment hỏi về gói bảo hiểm cho 2 vợ chồng với ngân sách 12 triệu, sau đó mời inbox để gửi quyền lợi.",True,False,2026-09-08T17:50:27.932012
28605947489017653,spam,trung_lap,0.0,none,,[],,Comment giới thiệu các gói bảo hiểm linh hoạt và mời liên hệ Zalo để được tư vấn.,True,False,2026-09-08T17:50:27.932012
28612066101739125,spam,trung_lap,0.0,none,,[],,Comment giới thiệu sản phẩm mới của Bảo Việt Nhân Thọ và mời liên hệ để tư vấn.,True,False,2026-09-08T17:50:27.932012
28617566984522370,spam,trung_lap,0.0,none,,[],,Comment quảng cáo một gói bảo hiểm toàn diện giúp giảm gánh nặng viện phí với các quyền lợi cụ thể và mời liên hệ.,True,False,2026-09-08T17:50:27.932012
28618025834476485,spam,trung_lap,0.0,none,,[],,Comment mời người dùng inbox để được tư vấn.,True,False,2026-09-08T17:50:27.932012
28619921600953575,y_kien_trung_lap,trung_lap,0.1,none,,[],,Người dùng cảm ơn các tư vấn và sẽ xem xét sản phẩm phù hợp.,False,False,2026-09-08T17:50:27.932012
28631037519841983,spam,trung_lap,0.0,none,,[],,Comment quảng cáo giải pháp bảo hiểm toàn diện với chi phí nhỏ và mời liên hệ tư vấn.,True,False,2026-09-08T17:50:27.932012
28631750439770691,spam,trung_lap,0.0,none,,[],,Comment mời người dùng liên hệ inbox để được tư vấn từ đại lý bảo hiểm AIA.,True,False,2026-09-08T17:50:27.932012
28653817227564012,y_kien_trung_lap,trung_lap,0.1,none,,[],,Comment gợi ý người dùng tham khảo sản phẩm của Generali.,True,False,2026-09-08T17:50:27.932012
28594313270181075,spam,trung_lap,0.0,none,,[],,"Comment giới thiệu sản phẩm nhân thọ và thẻ sức khỏe của AIA với nhiều quyền lợi, đồng thời mời inbox/Zalo để nhận bảng so sánh.",True,False,2026-09-08T17:50:27.932012
28594315766847492,y_kien_trung_lap,trung_lap,0.0,none,,[],,Comment làm rõ rằng chủ đề đang được thảo luận là bảo hiểm thai sản.,False,False,2026-09-08T17:50:27.932012
28594319276847141,spam,trung_lap,0.0,none,,[],,Comment giới thiệu thẻ sức khỏe với nhiều quyền lợi nổi bật và mời inbox/Zalo để được tư vấn chi tiết và so sánh các hãng.,True,False,2026-09-08T17:50:27.932012
28594323730180029,y_kien_trung_lap,trung_lap,0.0,none,,[],,Comment xác nhận chủ đề đang được thảo luận là bảo hiểm thai sản.,False,False,2026-09-08T17:50:27.932012
28594329093512826,y_kien_trung_lap,trung_lap,0.0,none,,[],,Comment khẳng định chủ đề đang được thảo luận là bảo hiểm thai sản.,False,False,2026-09-08T17:50:27.932012
28594335346845534,spam,trung_lap,0.0,none,,[],,Comment mời người dùng inbox để được tư vấn.,True,False,2026-09-08T17:50:27.932012
28594344323511303,spam,trung_lap,0.0,none,,[],,"Comment đưa ra quan điểm về lợi ích của bảo hiểm thai sản và bảo hiểm sức khỏe/nhân thọ, sau đó giới thiệu có thể cung cấp tất cả các loại.",True,False,2026-09-08T17:50:27.932012
28594393970173005,y_kien_trung_lap,trung_lap,0.0,none,,[],,Comment đưa ra một nhận định chung về tình yêu thương.,False,False,2026-09-08T17:50:27.932012
28594479630164439,y_kien_trung_lap,trung_lap,0.0,none,,[],,Comment đưa ra một nhận định ẩn dụ về các yếu tố trong tình yêu và hôn nhân.,False,False,2026-09-08T17:50:27.932012
28594514250160977,y_kien_trung_lap,trung_lap,0.1,none,,[],khai thac moi quan he giua bao hiem va cac khia canh doi song,"Comment chia sẻ quan điểm bảo hiểm gắn liền với đời sống, bao gồm tình yêu và hôn nhân.",False,False,2026-09-08T17:50:39.655728
28594527580159644,spam,trung_lap,0.0,none,,[],,Comment trả lời ngắn gọn và mang tính chèo kéo khách hàng tiềm năng.,True,False,2026-09-08T17:50:39.655728
28594541586824910,khen,tich_cuc,0.8,none,,[],khai thac gia tri cua bao hiem trong tinh yeu va hon nhan,Comment đồng tình và khẳng định giá trị tích cực của các loại bảo hiểm trong tình yêu và hôn nhân.,False,False,2026-09-08T17:50:39.655728
28594587336820335,y_kien_trung_lap,trung_lap,0.2,none,,[],huong dan cach tu tim hieu va lua chon goi bao hiem phu hop,Comment khuyên người dùng nên tự tìm hiểu để chọn gói bảo hiểm phù hợp với hoàn cảnh cá nhân.,False,False,2026-09-08T17:50:39.655728
28594750846803984,y_kien_trung_lap,trung_lap,0.1,none,,[],tim hieu ve cac san pham bao hiem dac biet cho cac cap doi,Comment chia sẻ thông tin về gói bảo hiểm tình yêu của PTI từng tồn tại và các loại bảo hiểm phổ biến hiện nay.,False,False,2026-09-08T17:50:39.655728
28594898863455849,y_kien_trung_lap,trung_lap,0.3,none,,[],cau chuyen ve cac san pham bao hiem doc dao tung ton tai,Comment xác nhận về gói bảo hiểm tình yêu từng có và giải thích lý do sản phẩm bị ngừng bán.,False,False,2026-09-08T17:50:39.655728
28594969630115439,y_kien_trung_lap,trung_lap,-0.1,none,,[],thao luan ve cac hinh thuc bao ve tai chinh khac nhau,Comment đưa ra quan điểm hài hước rằng sổ đỏ cũng có thể coi là một hình thức bảo hiểm.,False,False,2026-09-08T17:50:39.655728
28595013523444383,spam,trung_lap,0.0,none,,[],,"Comment quảng cáo các gói bảo hiểm sức khỏe và bảo hiểm trách nhiệm dân sự chủ vật nuôi, đồng thời kêu gọi inbox.",True,False,2026-09-08T17:50:39.655728
28595040230108379,y_kien_trung_lap,trung_lap,0.2,none,,[],giai thich chi tiet cac quyen loi bao hiem cho gia dinh,"Comment giải thích về quyền lợi hỗ trợ đóng phí và tử kỳ trong gói bảo hiểm, nơi người phối ngẫu sẽ nhận quyền lợi.",True,False,2026-09-08T17:50:39.655728
28595059950106407,khen,tich_cuc,0.9,none,,[],khai thac cac loi ich bat ngo tu bao hiem cho cac su kien dac biet,Comment bày tỏ sự tiếc nuối vì không biết sớm về gói bảo hiểm tình yêu và khen ngợi lợi ích tài chính.,False,False,2026-09-08T17:50:39.655728
28595099373435798,spam,trung_lap,0.0,none,,[],,"Comment quảng cáo chi tiết các quyền lợi của bảo hiểm nhân thọ và sức khỏe của AIA, đồng thời kêu gọi liên hệ.",True,False,2026-09-08T17:50:39.655728
28595161310096271,y_kien_trung_lap,trung_lap,0.1,none,,[],,Comment trả lời khẳng định một cách ngắn gọn.,False,False,2026-09-08T17:50:39.655728
28595202270092175,spam,trung_lap,0.0,none,,[],,Comment tự giới thiệu là chuyên gia về bảo hiểm hôn nhân và tình yêu.,True,False,2026-09-08T17:50:39.655728
28595321886746880,spam,trung_lap,0.0,none,,[],,Comment tự quảng cáo dịch vụ trọn gói.,True,False,2026-09-08T17:50:39.655728
28598841786394890,y_kien_trung_lap,trung_lap,0.3,none,,[],khai thac khia canh tinh cam va trach nhiem trong viec tham gia bao hiem,"Comment chia sẻ quan điểm rằng mọi gói bảo hiểm đều liên quan đến tình yêu và hôn nhân, xuất phát từ trách nhiệm gia đình.",False,False,2026-09-08T17:50:39.655728
28598911989721203,phan_van,trung_lap,0.0,none,,[],giai thich cac loai hinh bao hiem doc dao hoac it pho bien,Comment đặt câu hỏi để làm rõ liệu bảo hiểm tình yêu/hôn nhân có nghĩa là bồi thường khi có người thứ ba xen vào.,False,False,2026-09-08T17:50:39.655728
28601696949442707,y_kien_trung_lap,trung_lap,0.1,none,,[],,Comment xác nhận rằng gói bảo hiểm tình yêu từng tồn tại nhưng hiện không còn được bán nữa.,False,False,2026-09-08T17:50:39.655728
28601709436108125,y_kien_trung_lap,trung_lap,0.1,none,,[],,Comment đồng tình với ý kiến trước đó.,False,False,2026-09-08T17:50:39.655728
28602203399392062,y_kien_trung_lap,trung_lap,0.1,none,,[],,Comment cung cấp thông tin về gói bảo hiểm tình yêu của PTI.,False,False,2026-09-08T17:50:39.655728
28602291219383280,y_kien_trung_lap,trung_lap,0.2,none,,[],khai thac cac truong hop chi tra bao hiem doc dao,Comment trả lời khẳng định và đưa ra một ví dụ hài hước về việc bảo hiểm có thể chi trả cho trường hợp sét đánh chết.,False,False,2026-09-08T17:50:39.655728
28605862285692840,y_kien_trung_lap,trung_lap,0.0,none,,[],,Comment trả lời ngắn gọn 'Có nha bạn'.,False,False,2026-09-08T17:50:53.798580
28619702814308787,spam,trung_lap,0.0,none,,[],,Comment kêu gọi người dùng inbox và gặp mặt để được tư vấn.,True,False,2026-09-08T17:50:53.798580
28627971866815215,y_kien_trung_lap,trung_lap,0.1,none,,[],giai thich ve nguoi thu huong trong bao hiem,Comment giải thích về vai trò của người thụ hưởng trong hợp đồng bảo hiểm.,False,False,2026-09-08T17:50:53.798580
28600820066197062,spam,trung_lap,0.0,none,,[],,Comment kêu gọi ứng viên vượt qua phỏng vấn để đi làm ngay.,False,False,2026-09-08T17:50:53.798580
28600821749530227,spam,trung_lap,0.0,none,,[],,Comment kêu gọi liên hệ số điện thoại để nhận thông tin công việc.,False,False,2026-09-08T17:50:53.798580
28600824089529993,spam,trung_lap,0.0,none,,[],,Comment nêu ưu tiên ứng viên có kinh nghiệm tư vấn mảng nha khoa.,False,False,2026-09-08T17:50:53.798580
28600824606196608,spam,trung_lap,0.0,none,,[],,Comment quảng cáo về thu nhập hấp dẫn.,False,False,2026-09-08T17:50:53.798580
28600826499529752,spam,trung_lap,0.0,none,,[],,Comment quảng cáo về môi trường làm việc với đồng nghiệp thân thiện.,False,False,2026-09-08T17:50:53.798580
28600828569529545,spam,trung_lap,0.0,none,,[],,"Comment mô tả điều kiện làm việc: 8 tiếng/ngày, nghỉ 1 ngày/tuần.",False,False,2026-09-08T17:50:53.798580
28600829182862817,spam,trung_lap,0.0,none,,[],,Comment kêu gọi ứng tuyển ngay.,False,False,2026-09-08T17:50:53.798580
28600617386217330,spam,trung_lap,0.0,none,,[],,Comment kêu gọi người dùng inbox Zalo để tìm hiểu sản phẩm Manulife.,True,False,2026-09-08T17:50:53.798580
28600629882882747,spam,trung_lap,0.0,none,,[],,Comment từ TVV Manulife kêu gọi người dùng kiểm tra Zalo để được tư vấn chi tiết.,True,False,2026-09-08T17:50:53.798580
28600647376214331,spam,trung_lap,0.0,none,,[],,Comment thông báo đã gửi tin nhắn Zalo cho người dùng.,True,False,2026-09-08T17:50:53.798580
28600683726210696,spam,trung_lap,0.0,none,,[],,Comment từ TVV Liberty thông báo đã inbox Zalo cho người dùng.,True,False,2026-09-08T17:50:53.798580
28600686329543769,spam,trung_lap,0.0,none,,[],,Comment giới thiệu chi tiết các quyền lợi của sản phẩm bảo hiểm AIA và kêu gọi liên hệ để được tư vấn.,True,False,2026-09-08T17:50:53.798580
28600757399536662,spam,trung_lap,0.0,none,,[],,Comment kêu gọi người dùng liên hệ Zalo để được tư vấn trực tiếp tại Hà Nội.,True,False,2026-09-08T17:50:53.798580
28600854369526965,spam,trung_lap,0.0,none,,[],,Comment từ TVV Manulife tự giới thiệu kinh nghiệm và kêu gọi inbox Zalo để thiết kế giải pháp.,True,False,2026-09-08T17:50:53.798580
28601075816171487,spam,trung_lap,0.0,none,,[],,Comment giới thiệu sản phẩm mới của Bảo Việt Nhân Thọ và kêu gọi inbox để được tư vấn.,True,False,2026-09-08T17:50:53.798580
28601540312791704,spam,trung_lap,0.0,none,,[],,"Comment quảng cáo chi tiết về sản phẩm bảo hiểm trợ cấp mất lương của F88, nhấn mạnh quyền lợi không thời gian chờ và cung cấp thông tin liên hệ.",True,False,2026-09-08T17:50:53.798580
28601561022789633,spam,trung_lap,0.0,none,,[],,Comment kêu gọi người dùng inbox hoặc liên hệ Zalo để tìm hiểu thêm.,True,False,2026-09-08T17:50:53.798580
28601815109430891,spam,trung_lap,0.0,none,,[],,Một tư vấn viên AIA giới thiệu chi tiết về sản phẩm bảo hiểm sức khỏe trọn đời của AIA với nhiều quyền lợi nổi bật và mời liên hệ để được tư vấn.,True,False,2026-09-08T17:51:08.412731
28601939716085097,spam,trung_lap,0.0,none,,[],,Một người dùng mời liên hệ Zalo để được tư vấn.,True,False,2026-09-08T17:51:08.412731
28601954252750310,spam,trung_lap,0.0,none,,[],,Một người dùng mời inbox để tham khảo sản phẩm của Dai-ichi.,True,False,2026-09-08T17:51:08.412731
28602081226070946,spam,trung_lap,0.0,none,,[],,Một tư vấn viên giới thiệu chi tiết về thẻ sức khỏe trọn đời của AIA và mời inbox Zalo để được tư vấn.,True,False,2026-09-08T17:51:08.412731
28602266942719041,spam,trung_lap,0.0,none,,[],,Một người dùng mời inbox Zalo để tham khảo sản phẩm của Cathay Life.,True,False,2026-09-08T17:51:08.412731
28602431599369242,spam,trung_lap,0.0,none,,[],,Một người dùng mời inbox để tham khảo sản phẩm của Manulife.,True,False,2026-09-08T17:51:08.412731
28602675782678157,spam,trung_lap,0.0,none,,[],,"Comment đưa ra hai điều tiên quyết khi tham gia bảo hiểm là phân bổ quyền lợi đầy đủ và kê khai tiền sử sức khỏe trung thực, sau đó mời tư vấn chi tiết.",True,False,2026-09-08T17:51:08.412731
28603120599300342,spam,trung_lap,0.0,none,,[],,Một tư vấn viên mời liên hệ Zalo để được tư vấn chi tiết về các gói bảo hiểm phù hợp.,True,False,2026-09-08T17:51:08.412731
28603986862547049,spam,trung_lap,0.0,none,,[],,Một người dùng mời inbox để được tư vấn.,True,False,2026-09-08T17:51:08.412731
28604084809203921,spam,trung_lap,0.0,none,,[],,Một người dùng mời inbox để tham khảo bảo hiểm Generali.,True,False,2026-09-08T17:51:08.412731
28604270469185355,spam,trung_lap,0.0,none,,[],,"Một tư vấn viên giới thiệu gói bảo hiểm nhân thọ và thẻ sức khỏe của AIA với nhiều quyền lợi chi tiết, mời liên hệ để được hỗ trợ.",True,False,2026-09-08T17:51:08.412731
28604308675848201,spam,trung_lap,0.0,none,,[],,"Một người dùng đề nghị hỗ trợ cho khách hàng ở khu vực Yên Dũng, Bắc Ninh.",True,False,2026-09-08T17:51:08.412731
28604401349172267,spam,trung_lap,0.0,none,,[],,"Một tư vấn viên của Dai-ichi mời inbox Zalo để được tư vấn chi tiết, phù hợp với nhu cầu và tài chính.",True,False,2026-09-08T17:51:08.412731
28614584178153984,spam,trung_lap,0.0,none,,[],,Một người dùng mời inbox.,True,False,2026-09-08T17:51:08.412731
28601007612844974,spam,trung_lap,0.0,none,,[],,Một người dùng mời inbox.,True,False,2026-09-08T17:51:08.412731
28601017882843947,y_kien_trung_lap,trung_lap,0.0,none,,[],,Một người dùng trả lời 'dạ chị' cho Nguyễn Bích Thùy.,False,False,2026-09-08T17:51:08.412731
28601326329479769,y_kien_trung_lap,trung_lap,0.0,none,,[],,Một người dùng bình luận 'On'.,False,False,2026-09-08T17:51:08.412731
28601327206146348,y_kien_trung_lap,trung_lap,0.0,none,,[],,Một người dùng bình luận 'QT'.,False,False,2026-09-08T17:51:08.412731
28603153235963745,spam,trung_lap,0.0,none,,[],,Một người dùng mời inbox để tham khảo sản phẩm của Cathay.,True,False,2026-09-08T17:51:08.412731
28603279515951117,spam,trung_lap,0.0,none,,[],,"Một tư vấn viên giới thiệu các quyền lợi nổi bật của bảo hiểm nhân thọ và sức khỏe AIA, đồng thời cung cấp bảng so sánh và mời liên hệ Zalo.",True,False,2026-09-08T17:51:08.412731
28603444245934644,spam,trung_lap,0.0,none,,[],,Người dùng kêu gọi kiểm tra Zalo.,True,False,2026-09-08T17:51:18.834212
28603754019237000,spam,trung_lap,0.0,none,,[],,"Người dùng tự giới thiệu là tư vấn viên Manulife, chào bán nhiều sản phẩm bảo hiểm và để lại số Zalo.",True,False,2026-09-08T17:51:18.834212
28604342652511470,spam,trung_lap,0.0,none,,[],,"Người dùng đưa ra lời khuyên chung về chọn bảo hiểm nhân thọ, sau đó yêu cầu thông tin cá nhân và kêu gọi liên hệ để tư vấn, kèm số điện thoại.",True,False,2026-09-08T17:51:18.834212
28604480185831050,spam,trung_lap,0.0,none,,[],,"Người dùng tự giới thiệu là tư vấn viên Daiichi, kêu gọi inbox để tư vấn chi tiết và cung cấp số Zalo.",True,False,2026-09-08T17:51:18.834212
28604587065820362,spam,trung_lap,0.0,none,,[],,"Người dùng quảng cáo sản phẩm mới của Bảo Việt Nhân Thọ, kêu gọi inbox để tư vấn và cung cấp số điện thoại.",True,False,2026-09-08T17:51:18.834212
28606131102332625,spam,trung_lap,0.0,none,,[],,Người dùng xác nhận đã gửi tin nhắn qua Zalo.,True,False,2026-09-08T17:51:18.834212
28610773958535006,spam,trung_lap,0.0,none,,[],,Người dùng kêu gọi inbox qua Zalo để tham khảo sản phẩm Cathay và cung cấp số điện thoại.,True,False,2026-09-08T17:51:18.834212
28615266141419121,spam,trung_lap,0.0,none,,[],,Người dùng đề xuất tham khảo sản phẩm Bảo hiểm Sức khỏe Bảo Việt HealthCare.,True,False,2026-09-08T17:51:18.834212
28643731685239233,spam,trung_lap,0.0,none,,[],,Người dùng giới thiệu một người tên Do Anh để tư vấn phương án bảo hiểm phù hợp.,False,True,2026-09-08T17:51:18.834212
28609338568678545,spam,trung_lap,0.0,none,,[],,Người dùng đưa ra lời mời tư vấn.,True,False,2026-09-08T17:51:18.834212
28620262820919453,spam,trung_lap,0.0,none,,[],,Comment chỉ chứa các biểu tượng hoa.,False,False,2026-09-08T17:51:18.834212
28616882947924107,spam,trung_lap,0.0,none,,[],,Người dùng kêu gọi inbox.,True,False,2026-09-08T17:51:18.834212
28627993056813096,spam,trung_lap,0.0,none,,[],,Người dùng yêu cầu người khác kiểm tra tin nhắn riêng.,True,False,2026-09-08T17:51:18.834212
28617567901188945,spam,trung_lap,0.0,none,,[],,Bài viết quảng cáo một gói bảo hiểm sức khỏe toàn diện với các quyền lợi cụ thể và kêu gọi liên hệ.,True,False,2026-09-08T17:51:18.834212
28608526605426408,y_kien_trung_lap,trung_lap,0.0,none,,[],,Người dùng đặt câu hỏi về việc học sản phẩm.,False,False,2026-09-08T17:51:18.834212
28608900075389061,spam,trung_lap,0.0,none,,[],,Người dùng kêu gọi inbox qua Zalo cho Ngọc và cung cấp số điện thoại.,True,False,2026-09-08T17:51:18.834212
28608967758715626,spam,trung_lap,0.0,none,,[],,Người dùng kêu gọi liên hệ qua Zalo nếu có thiện chí và cung cấp số điện thoại.,True,False,2026-09-08T17:51:18.834212
28614024494876619,spam,trung_lap,0.0,none,,[],,"Người dùng đưa ra lời khuyên về việc chọn bảo hiểm dựa trên mục tiêu cá nhân, sau đó yêu cầu thông tin chi tiết và kêu gọi liên hệ để tư vấn, kèm số điện thoại.",True,False,2026-09-08T17:51:18.834212
28615939818018420,spam,trung_lap,0.0,none,,[],,"Bài viết quảng cáo bảo hiểm trách nhiệm dân sự xe máy của F88, nhấn mạnh sự khác biệt với mũ bảo hiểm và cung cấp thông tin liên hệ.",True,False,2026-09-08T17:51:18.834212
28617565764522492,spam,trung_lap,0.0,none,,[],,Bài viết quảng cáo một gói bảo hiểm sức khỏe toàn diện với các quyền lợi cụ thể và kêu gọi liên hệ.,True,False,2026-09-08T17:51:18.834212
28616285404650528,spam,trung_lap,0.0,none,,[],,Comment kêu gọi liên hệ qua inbox và để lại số điện thoại.,True,False,2026-09-08T17:51:35.793080
28616316351314100,spam,trung_lap,0.0,none,,[],,Comment chỉ để lại số điện thoại.,True,False,2026-09-08T17:51:35.793080
28617564394522629,spam,trung_lap,0.0,none,,[],,Comment quảng cáo một gói bảo hiểm sức khỏe toàn diện với các quyền lợi cụ thể và kêu gọi liên hệ.,True,False,2026-09-08T17:51:35.793080
28619378444341224,spam,trung_lap,0.0,none,,[],,Comment xác nhận có bán và mời inbox để tư vấn.,True,False,2026-09-08T17:51:35.793080
28619381204340948,y_kien_trung_lap,trung_lap,0.1,none,,[],quy trinh tham gia bao hiem khi co benh nen,"Comment giải thích rằng có thể mua bảo hiểm sau khi ra viện nhưng sẽ bị loại trừ bệnh viêm phổi tối thiểu 1 năm, có thể xin gỡ loại trừ sau 1 năm.",True,False,2026-09-08T17:51:35.793080
28619386247673777,spam,trung_lap,0.0,none,,[],,Comment kêu gọi inbox để tư vấn và để lại số điện thoại.,True,False,2026-09-08T17:51:35.793080
28619386611007074,so_sanh_chung,trung_lap,0.3,none,,[],so sanh cac goi bao hiem suc khoe cho tre em,"Comment so sánh chi tiết hai lựa chọn thẻ sức khỏe cho trẻ em: bảo hiểm sức khỏe rời và thẻ sức khỏe kèm bảo hiểm nhân thọ, liệt kê ưu nhược điểm và các hãng cụ thể.",True,False,2026-09-08T17:51:35.793080
28619386907673711,y_kien_trung_lap,trung_lap,0.2,none,,[],thong tin chi tiet ve the bao hiem Cathay,Comment giới thiệu thẻ bảo hiểm Cathay với mức phí và quyền lợi chi trả 100%.,True,False,2026-09-08T17:51:35.793080
28619391197673282,spam,trung_lap,0.0,none,,[],,Comment kêu gọi inbox.,True,False,2026-09-08T17:51:35.793080
28619392114339857,phan_van,trung_lap,-0.1,none,,"[""lo ngai dieu kien tham gia""]",dieu kien tham gia bao hiem sau khi ra vien,Người dùng bày tỏ sự lo ngại về việc công ty bảo hiểm có bán sản phẩm cho người mới ra viện hay không.,False,False,2026-09-08T17:51:35.793080
28619394681006267,y_kien_trung_lap,trung_lap,0.1,none,,[],huong dan ho so khi tham gia bao hiem sau khi ra vien,"Comment xác nhận có thể mua bảo hiểm nếu còn giữ hồ sơ nhập viện và kê khai đầy đủ, đồng thời mời hỗ trợ tư vấn.",True,False,2026-09-08T17:51:35.793080
28619397147672687,y_kien_trung_lap,trung_lap,0.1,none,,[],cac goi bao hiem suc khoe cho tre em cua Daiichi,Comment gợi ý mua gói bảo hiểm Daiichi bảo vệ dài hạn cho con kèm xanh Tasco với thời gian chờ 60 ngày và loại trừ viêm phổi.,True,False,2026-09-08T17:51:35.793080
28619405694338499,spam,trung_lap,0.0,none,,[],,Comment mời inbox để tư vấn về sản phẩm của Gen đang có ưu đãi giảm giá 30% cho trẻ em trong tháng 9.,True,False,2026-09-08T17:51:35.793080
28619416561004079,spam,trung_lap,0.0,none,,[],,"Comment mời tham khảo bảo hiểm Manulife, inbox để tư vấn chi tiết và giới thiệu bản thân là đại lý Manulife kèm số điện thoại.",True,False,2026-09-08T17:51:35.793080
28619417444337324,spam,trung_lap,0.0,none,,[],,"Comment xác nhận có thể mua bảo hiểm và mời inbox để tư vấn, giới thiệu bản thân là Tuyến từ AIA.",True,False,2026-09-08T17:51:35.793080
28619423781003357,y_kien_trung_lap,trung_lap,0.1,none,,[],cac benh thuong bi loai tru trong bao hiem suc khoe,Comment thông báo rằng có thể mua bảo hiểm nhưng sẽ loại trừ bệnh viêm phổi trong thẻ sức khỏe.,True,False,2026-09-08T17:51:35.793080
28619438411001894,spam,trung_lap,0.0,none,,[],,"Comment thông báo có thể tham gia bảo hiểm sau 30 ngày kể từ ngày ra viện, khả năng loại trừ viêm phổi, và mời inbox hoặc liên hệ để tư vấn.",True,False,2026-09-08T17:51:35.793080
28619443167668085,spam,trung_lap,0.0,none,,[],,Comment mời inbox để tư vấn về sản phẩm Cathay chi trả 100% chi phí viện phí.,True,False,2026-09-08T17:51:35.793080
28619448161000919,spam,trung_lap,0.0,none,,[],,Comment xác nhận và mời inbox để tư vấn.,True,False,2026-09-08T17:51:35.793080
28619451074333961,spam,trung_lap,0.0,none,,[],,Comment xác nhận có thể mua bảo hiểm cho bé sau khi ra viện và giới thiệu gói của Gen đang có ưu đãi hoàn 30% phí thẻ.,True,False,2026-09-08T17:51:35.793080
28619454084333660,y_kien_trung_lap,trung_lap,0.0,none,,[],điều kiện tham gia bảo hiểm sau khi ra viện,Comment giải thích có thể tham gia bảo hiểm sau 30 ngày ra viện nhưng có khả năng bị loại trừ viêm phổi.,False,False,2026-09-08T17:51:46.600952
28619463374332731,y_kien_trung_lap,trung_lap,0.1,none,,[],quy trình gỡ bỏ điều khoản loại trừ bệnh,"Comment giải thích có thể tham gia nhưng bị loại trừ viêm phổi, có thể xin gỡ nếu không tái phát.",False,False,2026-09-08T17:51:46.600952
28619468240998911,spam,trung_lap,0.0,none,,[],,Comment xác nhận có thể tham gia bảo hiểm và mời liên hệ để tư vấn gói bảo hiểm nhân thọ kèm thẻ sức khỏe.,True,False,2026-09-08T17:51:46.600952
28619469400998795,y_kien_trung_lap,trung_lap,0.0,none,,[],thời gian loại trừ tạm thời bệnh viêm phổi,"Comment cho biết có thể mua bảo hiểm nhưng sẽ bị loại trừ tạm thời viêm phổi, sau đó có thể tái thẩm định.",False,False,2026-09-08T17:51:46.600952
28619471090998626,spam,trung_lap,0.0,none,,[],,"Chuyên viên AIA tự giới thiệu, giải thích loại trừ viêm phổi và liệt kê quyền lợi sản phẩm, kèm thông tin liên hệ.",True,False,2026-09-08T17:51:46.600952
28619476174331451,spam,trung_lap,0.0,none,,[],,Comment khuyến khích tham gia bảo hiểm sớm cho con và mời inbox để được tư vấn gói Manulife.,True,False,2026-09-08T17:51:46.600952
28619484024330666,spam,trung_lap,0.0,none,,[],,Comment xác nhận có thể mua bảo hiểm và mời inbox để được tư vấn gói phù hợp.,True,False,2026-09-08T17:51:46.600952
28619489617663440,spam,trung_lap,0.0,none,,[],,Comment mời liên hệ qua Zalo để được tư vấn về thẻ sức khỏe Cathay.,True,False,2026-09-08T17:51:46.600952
28619505174328551,spam,trung_lap,0.0,none,,[],,"Comment giải thích về loại trừ viêm phổi, quảng cáo thẻ sức khỏe Dai-ichi và thông tin liên hệ tư vấn viên.",True,False,2026-09-08T17:51:46.600952
28619508510994884,spam,trung_lap,0.0,none,,[],,"Comment giải thích về loại trừ bệnh và mời liên hệ để tư vấn lộ trình phù hợp, nhấn mạnh cách kê khai.",True,False,2026-09-08T17:51:46.600952
28619510440994691,spam,trung_lap,0.0,none,,[],,"Comment xác nhận có thể tham gia, chia sẻ kinh nghiệm và mời liên hệ để tư vấn chi tiết về quyền lợi.",True,False,2026-09-08T17:51:46.600952
28619518454327223,spam,trung_lap,0.0,none,,[],,Comment mời inbox để được hỗ trợ.,True,False,2026-09-08T17:51:46.600952
28619526510993084,spam,trung_lap,0.0,none,,[],,"Comment mời inbox để được tư vấn rõ hơn về trường hợp bệnh nền của bé, với kinh nghiệm đã hỗ trợ.",True,False,2026-09-08T17:51:46.600952
28619527934326275,y_kien_trung_lap,trung_lap,0.2,none,,[],kinh nghiệm tham gia bảo hiểm sau khi mắc RSV viêm phổi,Comment chia sẻ kinh nghiệm về trường hợp RSV viêm phổi sau 2 tháng khám clear đã được bảo vệ bởi Sun Life.,False,False,2026-09-08T17:51:46.600952
28619542194324849,spam,trung_lap,0.0,none,,[],,"Comment mời liên hệ để được tư vấn về Bảo Việt, kèm theo thông tin địa điểm và số điện thoại.",True,False,2026-09-08T17:51:46.600952
28619545907657811,spam,trung_lap,0.0,none,,[],,"Comment mời inbox, tự giới thiệu là chuyên viên hoạch định tài chính cao cấp của AIA và cam kết tư vấn.",True,False,2026-09-08T17:51:46.600952
28619576534321415,spam,trung_lap,0.0,none,,[],,Comment mời inbox ngay để được hỗ trợ tư vấn rõ ràng.,True,False,2026-09-08T17:51:46.600952
28619599414319127,spam,trung_lap,0.0,none,,[],,"Tư vấn viên AIA tự giới thiệu, nhấn mạnh chất lượng dịch vụ và mời liên hệ để được tư vấn.",True,False,2026-09-08T17:51:46.600952
28619623700983365,spam,trung_lap,0.0,none,,[],,"Comment giải thích về điều kiện mua bảo hiểm, khuyên tìm TVV uy tín và mời inbox để tư vấn phương án Gen.",True,False,2026-09-08T17:51:46.600952
28619650934313975,spam,trung_lap,0.0,none,,[],,Comment mời inbox nếu quan tâm đến AIA.,True,False,2026-09-08T17:51:46.600952
28619709840974751,spam,trung_lap,0.0,none,,[],,"Một tư vấn viên mời chào gói bảo hiểm Daiichi cho bé với quyền lợi khám ngoại trú và nội trú, phí từ 12tr/năm.",True,False,2026-09-08T17:51:58.368835
28619722544306814,spam,trung_lap,0.0,none,,[],,Một tư vấn viên mời liên hệ để được tư vấn nếu khách hàng còn phân vân.,True,False,2026-09-08T17:51:58.368835
28619734284305640,spam,trung_lap,0.0,none,,[],,Một người dùng gợi ý tham khảo Generali.,True,False,2026-09-08T17:51:58.368835
28619848800960855,spam,trung_lap,0.0,none,,[],,Một tư vấn viên thông báo về thời gian chờ 1 năm cho bệnh hô hấp và chương trình khuyến mãi giảm 30% phí thẻ.,True,False,2026-09-08T17:51:58.368835
28619878260957909,y_kien_trung_lap,trung_lap,0.0,none,,[],Điều kiện mua bảo hiểm sức khỏe sau khi ra viện,"Người dùng giải thích rằng không thể mua bảo hiểm ngay sau khi ra viện dưới 1 tháng, cần chờ đủ 1 tháng.",False,False,2026-09-08T17:51:58.368835
28619882240957511,spam,trung_lap,0.0,none,,[],,Một người dùng mời liên hệ qua inbox.,True,False,2026-09-08T17:51:58.368835
28620066494272419,spam,trung_lap,0.0,none,,[],,Một người dùng khuyên nên đợi ổn định sau khi ra viện mới mua bảo hiểm và mời liên hệ để được hỗ trợ.,True,False,2026-09-08T17:51:58.368835
28620149427597459,spam,trung_lap,0.0,none,,[],,Một tư vấn viên từ Techcombank mời liên hệ qua inbox hoặc số điện thoại để được hỗ trợ.,True,False,2026-09-08T17:51:58.368835
28620256014253467,spam,trung_lap,0.0,none,,[],,"Một tư vấn viên giới thiệu giải pháp bảo hiểm Daiichi với chi phí khoảng 1 triệu/tháng, bao gồm bảo vệ nhân thọ và thẻ sức khỏe, và mời liên hệ để được tư vấn.",True,False,2026-09-08T17:51:58.368835
28620260637586338,spam,trung_lap,0.0,none,,[],,Một tư vấn viên mời tham khảo gói bảo hiểm Daiichi và đề nghị gửi thông tin chi tiết.,True,False,2026-09-08T17:51:58.368835
28620270024252066,spam,trung_lap,0.0,none,,[],,Một tư vấn viên khẳng định khách hàng có thể mua bảo hiểm mà không bị loại trừ và mời liên hệ để được tư vấn.,True,False,2026-09-08T17:51:58.368835
28620320477580354,spam,trung_lap,0.0,none,,[],,"Một tư vấn viên mời tham khảo gói bảo hiểm toàn diện của AIA, bảo vệ từ bệnh thông thường đến ung thư/bệnh hiểm nghèo và tai nạn, kèm số điện thoại liên hệ.",True,False,2026-09-08T17:51:58.368835
28620349374244131,spam,trung_lap,0.0,none,,[],,"Một tư vấn viên giới thiệu chi tiết gói bảo hiểm sức khỏe và tích lũy cho con của Dai-ichi, nêu bật các quyền lợi và mời liên hệ để xem bảng minh họa.",True,False,2026-09-08T17:51:58.368835
28620551370890598,spam,trung_lap,0.0,none,,[],,Một tư vấn viên hỏi về nhu cầu bảo hiểm sức khỏe và mời kết nối Zalo để gửi thông tin về các gói phí tốt hơn.,True,False,2026-09-08T17:51:58.368835
28620662240879511,spam,trung_lap,0.0,none,,[],,Một tư vấn viên từ Cathay Life giới thiệu bản thân và mời liên hệ để được tư vấn phù hợp với nhu cầu và khả năng tài chính.,True,False,2026-09-08T17:51:58.368835
28620909907521411,spam,trung_lap,0.0,none,,[],,"Một người dùng giới thiệu thẻ tín dụng Supreme với ưu đãi hoàn tiền 6% cho bảo hiểm và y tế, cùng nhiều lợi ích khác, và mời liên hệ để được tư vấn mở thẻ.",True,False,2026-09-08T17:51:58.368835
28621015644177504,spam,trung_lap,0.0,none,,[],,"Một tư vấn viên giới thiệu gói bảo hiểm AIA cho bé với chi phí 1 triệu/tháng, quyền lợi nội trú/ngoại trú, thời gian chờ ngắn, và mời liên hệ để nhận bảng so sánh chi tiết.",True,False,2026-09-08T17:51:58.368835
28621085390837196,spam,trung_lap,0.0,none,,[],,Một tư vấn viên có 8 năm kinh nghiệm giới thiệu khả năng tư vấn thẻ sức khỏe từ nhiều hãng khác nhau và mời liên hệ để được tư vấn gói phù hợp.,True,False,2026-09-08T17:51:58.368835
28621185350827200,y_kien_trung_lap,trung_lap,0.0,none,,[],Các điều khoản loại trừ của bảo hiểm Generali,Người dùng thông báo rằng Generali có bán bảo hiểm nhưng sẽ có điều khoản loại trừ.,False,False,2026-09-08T17:51:58.368835
28621283837484018,spam,trung_lap,0.0,none,,[],,"Một tư vấn viên giới thiệu gói bảo hiểm nhân thọ của Generali cho con với chi phí từ 10 triệu/năm, kèm thẻ sức khỏe hạn mức cao, và mời liên hệ để được tư vấn chi tiết.",True,False,2026-09-08T17:51:58.368835
28621543964124672,spam,trung_lap,0.0,none,,[],,Người dùng tự giới thiệu có kinh nghiệm và mời inbox để được hỗ trợ.,True,False,2026-09-08T17:52:07.570635
28626044240341311,spam,trung_lap,0.0,none,,[],,Người dùng quảng cáo sản phẩm mới của Bảo Việt Nhân Thọ và mời liên hệ để tư vấn.,True,False,2026-09-08T17:52:07.570635
28626726826939719,spam,trung_lap,0.0,none,,[],,Người dùng cho biết có sản phẩm bảo hiểm sức khỏe cho bé.,True,False,2026-09-08T17:52:07.570635
28629342663344802,spam,trung_lap,0.0,none,,[],,Người dùng quảng cáo giải pháp bảo hiểm thu nhập và mời liên hệ để tư vấn chi tiết.,True,False,2026-09-08T17:52:07.570635
28626465350299200,y_kien_trung_lap,trung_lap,0.0,none,,[],Giải thích sự chênh lệch phí khi đóng theo quý/năm,Người dùng nhận định chi phí cao hơn.,False,False,2026-09-08T17:52:07.570635
28626478263631242,spam,trung_lap,0.0,none,,[],,Người dùng mời liên hệ Zalo để được hỗ trợ tư vấn miễn phí.,True,False,2026-09-08T17:52:07.570635
28626480580297677,phan_van,trung_lap,0.0,none,,[],So sánh sản phẩm bảo hiểm của các công ty khác nhau,Người dùng hỏi về thông tin của công ty bảo hiểm Dai-ichi.,False,False,2026-09-08T17:52:07.570635
28626481480297587,y_kien_trung_lap,trung_lap,0.0,none,,[],Phân tích chi phí bảo hiểm giữa các công ty,"Người dùng cho rằng chi phí bảo hiểm cao hơn ở tất cả các công ty, không riêng Manulife.",False,False,2026-09-08T17:52:07.570635
28626489556963446,phan_van,trung_lap,0.0,none,,[],Hướng dẫn điều chỉnh phương thức đóng phí bảo hiểm,Người dùng thắc mắc về việc phí bảo hiểm có thay đổi khi điều chỉnh đóng theo quý vào năm thứ 5.,False,False,2026-09-08T17:52:07.570635
28626492966963105,y_kien_trung_lap,trung_lap,0.0,none,,[],Phân biệt phí đóng theo quý và theo năm của các sản phẩm bảo hiểm,Người dùng giải thích về sự chênh lệch phí khi đóng theo quý và theo năm đối với các sản phẩm của Dai-ichi.,False,False,2026-09-08T17:52:07.570635
28626493583629710,y_kien_trung_lap,trung_lap,0.0,none,,[],Các yếu tố ảnh hưởng đến phí bảo hiểm,Người dùng cho biết phí bảo hiểm tùy thuộc vào sản phẩm và hỏi về sản phẩm đang tham gia.,False,False,2026-09-08T17:52:07.570635
28626498536962548,phan_van,trung_lap,0.0,none,,[],Hướng dẫn thay đổi phương thức đóng phí bảo hiểm,Người dùng hỏi liệu phí bảo hiểm có thay đổi khi chuyển sang đóng theo quý vào năm thứ 5.,False,False,2026-09-08T17:52:07.570635
28626596816952720,y_kien_trung_lap,trung_lap,0.0,none,,[],Phân tích sự khác biệt giữa sản phẩm bảo hiểm truyền thống và liên kết chung,"Người dùng giải thích rằng phí đóng theo quý có thể chênh lệch tùy loại sản phẩm, đặc biệt là sản phẩm truyền thống.",False,False,2026-09-08T17:52:07.570635
28626603543618714,phan_van,trung_lap,0.0,none,,[],Giải thích cách tính phí bảo hiểm khi đóng theo quý,Người dùng bày tỏ sự nhầm lẫn về việc phí bảo hiểm sẽ được chia đều theo quý khi đóng vào năm thứ 5.,False,False,2026-09-08T17:52:07.570635
28626612443617824,spam,trung_lap,0.0,none,,[],,Người dùng mời inbox để được hỗ trợ.,True,False,2026-09-08T17:52:07.570635
28626616336950768,y_kien_trung_lap,trung_lap,0.0,none,,[],Các yếu tố ảnh hưởng đến phí bảo hiểm khi đóng theo quý,Người dùng cho biết cần biết loại sản phẩm đang tham gia để xác định phí có cao hơn hay không.,False,False,2026-09-08T17:52:07.570635
28626746470271088,y_kien_trung_lap,trung_lap,0.0,none,,[],Phân loại sản phẩm bảo hiểm theo cách tính phí đóng theo quý,Người dùng giải thích rằng việc tính phí khi đóng theo quý phụ thuộc vào loại sản phẩm bảo hiểm.,False,False,2026-09-08T17:52:07.570635
28626953086917093,spam,trung_lap,0.0,none,,[],,Người dùng khẳng định phí không cao hơn và mời liên hệ để được hỗ trợ.,True,False,2026-09-08T17:52:07.570635
28628017946810607,y_kien_trung_lap,trung_lap,0.0,none,,[],Các loại sản phẩm bảo hiểm nhân thọ phổ biến,Người dùng hỏi về sản phẩm bảo hiểm mà người khác đang tham gia.,False,False,2026-09-08T17:52:07.570635
28628446930101042,y_kien_trung_lap,trung_lap,0.0,none,,[],Sự khác biệt về phí khi đóng theo quý giữa bảo hiểm nhân thọ và sản phẩm bổ trợ,"Người dùng giải thích rằng sản phẩm bán kèm khi đóng quý thường cao hơn một chút, còn bảo hiểm nhân thọ thì không tăng.",False,False,2026-09-08T17:52:07.570635
28655960277349707,y_kien_trung_lap,trung_lap,0.1,none,,[],dac diem goi bao hiem daiichi an tam httd,Người dùng chia sẻ thông tin về gói bảo hiểm An Tâm HTTD của Daiichi với đặc điểm phí không tăng.,False,False,2026-09-08T17:52:25.991083
28629681336644268,spam,trung_lap,0.0,none,,[],,Comment chỉ chứa một biểu tượng cảm xúc.,False,False,2026-09-08T17:52:25.991083
28629903859955349,y_kien_trung_lap,trung_lap,0.0,none,,[],cac ly do tu choi boi thuong bao hiem,Người dùng hỏi chi tiết về lý do bị từ chối bảo hiểm.,False,False,2026-09-08T17:52:25.991083
28630085249937210,y_kien_trung_lap,trung_lap,0.0,none,,[],cach xu ly khi bi tu choi boi thuong,Người dùng yêu cầu xem thư từ chối để hiểu rõ lý do.,False,False,2026-09-08T17:52:25.991083
28630180989927636,chinh_sach_quy_trinh_boi_thuong,tieu_cuc,-0.9,medium,"Khách hàng tố cáo quy trình bồi thường phức tạp, thiếu hỗ trợ, cố tình làm khó và từ chối chi trả không hợp lý từ MIC.","[""quy trinh boi thuong phuc tap"", ""thieu ho tro""]",quy trinh boi thuong bao hiem xe co gioi,"Khách hàng bức xúc về quy trình bồi thường bảo hiểm MIC phức tạp, thiếu hỗ trợ, bị làm khó và từ chối chi trả với lý do không hợp lý.",False,False,2026-09-08T17:52:25.991083
28630182859927449,chinh_sach_quy_trinh_boi_thuong,tieu_cuc,-0.9,medium,"Khách hàng tố cáo quy trình bồi thường phức tạp, thiếu hỗ trợ, cố tình làm khó và từ chối chi trả không hợp lý từ MIC.","[""quy trinh boi thuong phuc tap"", ""thieu ho tro""]",quy trinh boi thuong bao hiem xe co gioi,"Khách hàng bức xúc về quy trình bồi thường bảo hiểm MIC phức tạp, thiếu hỗ trợ, bị làm khó và từ chối chi trả với lý do không hợp lý.",False,False,2026-09-08T17:52:25.991083
28630217549923980,y_kien_trung_lap,trung_lap,0.0,none,,[],vai tro cua tu van vien trong ho tro boi thuong,Người dùng hỏi liệu người bán bảo hiểm có hỗ trợ khách hàng trong quá trình bồi thường hay không.,False,False,2026-09-08T17:52:25.991083
28630228759922859,dich_vu_tu_van,tieu_cuc,-0.7,low,Khách hàng phàn nàn về việc thiếu hỗ trợ từ công ty bảo hiểm.,"[""thieu ho tro""]",trach nhiem ho tro khach hang cua cong ty bao hiem,"Khách hàng phàn nàn rằng công ty bảo hiểm không hỗ trợ, ngay cả khi hợp đồng được mua qua công ty.",False,False,2026-09-08T17:52:25.991083
28630240179921717,y_kien_trung_lap,trung_lap,0.0,none,,[],phan biet quy trinh ho tro giua cac loai hinh bao hiem,"Người dùng giải thích rằng bảo hiểm sức khỏe/nhân thọ có tư vấn hỗ trợ, còn bảo hiểm thân vỏ phải làm việc với gara và giám định viên.",False,False,2026-09-08T17:52:25.991083
28630685023210566,y_kien_trung_lap,trung_lap,0.1,none,,[],cac kenh ho tro khach hang bao hiem,Người dùng gợi ý liên hệ tổng đài để được hỗ trợ.,False,False,2026-09-08T17:52:25.991083
28631119503167118,y_kien_trung_lap,trung_lap,0.0,none,,[],cac loai hinh bao hiem pho bien,Người dùng hỏi về loại bảo hiểm đã mua.,False,False,2026-09-08T17:52:25.991083
28631369036475498,y_kien_trung_lap,trung_lap,0.0,none,,[],bao hiem tnds quan doi mic,Người dùng cho biết đã mua bảo hiểm TNDS Quân đội MIC.,False,False,2026-09-08T17:52:25.991083
28631646356447766,y_kien_trung_lap,trung_lap,0.2,none,,[],cach giai quyet van de chi tra bao hiem,Người dùng chia sẻ kinh nghiệm gọi tổng đài và yêu cầu số người phụ trách miền để giải quyết vấn đề chi trả bảo hiểm.,False,False,2026-09-08T17:52:25.991083
28638002242478844,bao_hiem_chung,tieu_cuc,-0.6,low,"Lời khuyên tiêu cực chung chung, có thể ám chỉ ngành bảo hiểm.",[],nhung dieu can luu y khi tham gia bao hiem,"Người dùng đưa ra lời khuyên tiêu cực, ám chỉ nên tránh xa một điều gì đó.",False,False,2026-09-08T17:52:25.991083
28638470659098669,y_kien_trung_lap,trung_lap,0.0,none,,[],bao hiem nhan tho la gi va co bat buoc khong,Người dùng giải thích bảo hiểm nhân thọ là hình thức tự nguyện và việc tham gia là tùy thuộc vào cá nhân.,False,False,2026-09-08T17:52:25.991083
28639078045704597,bao_hiem_chung,tieu_cuc,-0.7,low,Bình luận tiêu cực chung về việc các công ty bảo hiểm trục lợi.,"[""bao hiem truc loi""]",su minh bach trong nganh bao hiem,Người dùng đồng tình với quan điểm tiêu cực rằng các công ty bảo hiểm đều tìm cách trục lợi.,False,False,2026-09-08T17:52:25.991083
28640766382202430,spam,trung_lap,0.0,none,,[],,Comment chỉ tag tên một người dùng khác.,False,False,2026-09-08T17:52:25.991083
28643555131923555,khen,tich_cuc,0.8,none,,[],phan hoi tich cuc ve san pham dich vu,Người dùng bày tỏ sự hài lòng và khen ngợi cao.,False,False,2026-09-08T17:52:25.991083
28644729341806134,khen,tich_cuc,0.7,none,,[],phan hoi tich cuc ve san pham dich vu,Người dùng bày tỏ sự hài lòng.,False,False,2026-09-08T17:52:25.991083
28646496954962706,spam,trung_lap,0.0,none,,[],,Comment chỉ tag tên người dùng và một từ xác nhận ngắn gọn.,False,False,2026-09-08T17:52:25.991083
28646500431629025,khen,tich_cuc,0.8,none,,[],,Comment khen ngợi một người bạn.,False,False,2026-09-08T17:52:35.431903
28651143287831406,khen,tich_cuc,0.8,none,,[],,Comment khen ngợi chung chung.,False,False,2026-09-08T17:52:35.431903
28651695781109490,khen,tich_cuc,0.9,none,,[],,Comment thể hiện sự ngưỡng mộ và tự hào.,False,False,2026-09-08T17:52:35.431903
28643693758576359,spam,trung_lap,0.0,none,,[],,Comment kêu gọi người khác inbox.,True,False,2026-09-08T17:52:35.431903
1747477366459587,y_kien_trung_lap,trung_lap,0.1,none,,[],,Người dùng chia sẻ ý định nộp hồ sơ mua thẻ sức khỏe AIA sau 3 năm.,False,False,2026-09-08T17:52:35.431903
1748462636361060,spam,trung_lap,0.0,none,,[],,"Tư vấn viên chào bán bảo hiểm Bảo Việt với phí rẻ, quyền lợi hay, bảo lãnh rộng và kêu gọi liên hệ.",True,False,2026-09-08T17:52:35.431903
1747478223126168,spam,trung_lap,0.0,none,,[],,Tư vấn viên AIA tự giới thiệu và mời inbox để tư vấn trực tiếp.,True,False,2026-09-08T17:52:35.431903
1748461213027869,spam,trung_lap,0.0,none,,[],,Tư vấn viên chào bán sản phẩm AIA và mời liên hệ để tham khảo.,True,False,2026-09-08T17:52:35.431903
1747421579798499,spam,trung_lap,0.0,none,,[],,"Tư vấn viên Daiichi cung cấp thông tin chi tiết về thẻ sức khỏe và bảo hiểm nhân thọ, đồng thời mời tư vấn.",True,False,2026-09-08T17:52:35.431903
1747452906462033,spam,trung_lap,0.0,none,,[],,Tư vấn viên Daiichi giới thiệu giải pháp bảo hiểm nhân thọ kèm thẻ sức khỏe và mời liên hệ qua Zalo.,True,False,2026-09-08T17:52:35.431903
1747467603127230,spam,trung_lap,0.0,none,,[],,Tư vấn viên AIA chia sẻ kinh nghiệm hỗ trợ khách hàng và mời liên hệ để tư vấn chi tiết.,True,False,2026-09-08T17:52:35.431903
1745988769941780,spam,trung_lap,0.0,none,,[],,Tư vấn viên mời tham khảo Daiichi và inbox để được tư vấn.,True,False,2026-09-08T17:52:35.431903
1746001209940536,spam,trung_lap,0.0,none,,[],,Tư vấn viên Sunlife tự giới thiệu và mời inbox để tư vấn cụ thể.,True,False,2026-09-08T17:52:35.431903
1746019153272075,y_kien_trung_lap,trung_lap,0.2,none,,[],Quy trình thẩm định bảo hiểm cho trẻ có bệnh nền,Người dùng hỏi về tình trạng thiếu men G6PD của bé và hồ sơ tái khám để thẩm định bảo hiểm.,True,False,2026-09-08T17:52:35.431903
1746055156601808,spam,trung_lap,0.0,none,,[],,Tư vấn viên mời tham khảo Daiichi và liên hệ qua inbox hoặc số điện thoại.,True,False,2026-09-08T17:52:35.431903
1746062653267725,spam,trung_lap,0.0,none,,[],,Tư vấn viên Sun Life thông tin về thẻ sức khỏe cho bé thiếu men G6PD và mời tư vấn gói phù hợp.,True,False,2026-09-08T17:52:35.431903
1746072939933363,spam,trung_lap,0.0,none,,[],,"Tư vấn viên Generali giới thiệu quyền lợi thẻ sức khỏe, so sánh với đối thủ và mời liên hệ để tư vấn.",True,False,2026-09-08T17:52:35.431903
1746090319931625,y_kien_trung_lap,trung_lap,0.3,none,,[],Quyền lợi bảo lãnh viện phí của Generali,Người dùng cung cấp thông tin về quyền lợi bảo lãnh viện phí 100% của Generali tại cả viện tư và công.,True,False,2026-09-08T17:52:35.431903
1746197359920921,spam,trung_lap,0.0,none,,[],,Tư vấn viên giới thiệu phương án thẻ sức khỏe tối ưu cho bé và mời liên hệ để tư vấn chi tiết.,True,False,2026-09-08T17:52:35.431903
1746451583228832,spam,trung_lap,0.0,none,,[],,Tư vấn viên thông tin về việc xét duyệt hồ sơ bé thiếu men G6PD và mời liên hệ Zalo để tư vấn gói bảo hiểm.,True,False,2026-09-08T17:52:35.431903
1746656536541670,spam,trung_lap,0.0,none,,[],,Một người dùng mời inbox để gửi phương án bảo hiểm Daiichi.,True,False,2026-09-08T17:52:52.589025
1748227613051229,spam,trung_lap,0.0,none,,[],,Một người dùng giới thiệu sản phẩm Sun Life cho trẻ em và mời inbox để tư vấn chi tiết.,True,False,2026-09-08T17:52:52.589025
1747473663126624,spam,trung_lap,0.0,none,,[],,Một TVV của AIA giải thích về việc loại trừ bệnh có sẵn và mời liên hệ để tư vấn chi tiết.,True,False,2026-09-08T17:52:52.589025
1748465283027462,spam,trung_lap,0.0,none,,[],,Một người dùng gợi ý tham khảo bảo hiểm AIA cho bố và mời nhắn tin để nhận bảng minh họa.,True,False,2026-09-08T17:52:52.589025
1749230216284302,spam,trung_lap,0.0,none,,[],,"Một người dùng tư vấn về bảo hiểm nhân thọ và thẻ chăm sóc sức khỏe Sun Life, mời inbox để nhận phương án chi tiết.",True,False,2026-09-08T17:52:52.589025
1747510456456278,y_kien_trung_lap,trung_lap,0.0,none,,[],cách xác định nguyên nhân đau nửa đầu,Người dùng hỏi về nguyên nhân của tình trạng đau nửa đầu.,False,False,2026-09-08T17:52:52.589025
1747549693119021,spam,trung_lap,0.0,none,,[],,"Một TVV của Daiichi tư vấn về thẻ sức khỏe và bảo hiểm nhân thọ, đồng thời mời tư vấn chi tiết.",True,False,2026-09-08T17:52:52.589025
1747474583126532,spam,trung_lap,0.0,none,,[],,Một TVV của AIA giới thiệu chi tiết gói bảo hiểm cho bé từ 0-4 tuổi và mời liên hệ để tư vấn.,True,False,2026-09-08T17:52:52.589025
1747494886457835,spam,trung_lap,0.0,none,,[],,"Một TVV của Daiichi giới thiệu chi tiết về quyền lợi ngoại trú và nội trú của thẻ sức khỏe Daiichi cho bé, đồng thời mời kết nối để trao đổi.",True,False,2026-09-08T17:52:52.589025
1747516096455714,spam,trung_lap,0.0,none,,[],,"Một TVV của Daiichi giới thiệu gói bảo hiểm nhân thọ và thẻ sức khỏe cho bé, kèm theo lời mời inbox để tư vấn.",True,False,2026-09-08T17:52:52.589025
1748218783052112,spam,trung_lap,0.0,none,,[],,"Một người dùng tư vấn về việc đính kèm thẻ sức khỏe vào hợp đồng Manulife hoặc tham khảo Sun Life, mời inbox để nhận phương án chi tiết.",True,False,2026-09-08T17:52:52.589025
1748464306360893,spam,trung_lap,0.0,none,,[],,"Một người dùng hỏi về hợp đồng nhân thọ hiện có và gợi ý các hãng bảo hiểm khác, mời nhắn tin để được tư vấn.",True,False,2026-09-08T17:52:52.589025
1748494896357834,spam,trung_lap,0.0,none,,[],,"Một người dùng so sánh thẻ sức khỏe Manulife và AIA, nêu bật các quyền lợi của AIA và mời inbox để được tư vấn.",True,False,2026-09-08T17:52:52.589025
1747472049793452,spam,trung_lap,0.0,none,,[],,Một TVV của AIA giới thiệu chi tiết gói bảo hiểm cho bé từ 0-4 tuổi và mời liên hệ để tư vấn.,True,False,2026-09-08T17:52:52.589025
1747471083126882,spam,trung_lap,0.0,none,,[],,Một TVV của AIA giới thiệu chi tiết về gói bảo hiểm thai sản và mời liên hệ để tư vấn.,True,False,2026-09-08T17:52:52.589025
1747495639791093,spam,trung_lap,0.0,none,,[],,Một người dùng gợi ý tham khảo bảo hiểm thai sản qua Zương Zuồi Nguyễn Hoa.,True,True,2026-09-08T17:52:52.589025
1748458729694784,spam,trung_lap,0.0,none,,[],,Một người dùng tự giới thiệu là nhà cung cấp sản phẩm Bảo Việt và mời nhắn tin để được tư vấn.,True,False,2026-09-08T17:52:52.589025
1749823372891653,spam,trung_lap,0.0,none,,[],,Một TVV của Bảo Việt HCM giới thiệu chương trình giảm phí bảo hiểm sức khỏe và mời liên hệ qua Zalo để tư vấn.,True,False,2026-09-08T17:52:52.589025
1750055696201754,spam,trung_lap,0.0,none,,[],,Một người dùng đưa ra lời khuyên về việc chọn bảo hiểm thai sản và mời inbox để được tư vấn phương án phù hợp.,True,False,2026-09-08T17:52:52.589025
1747457466461577,spam,trung_lap,0.0,none,,[],,Một người dùng gợi ý liên hệ Nguyễn Hoa Zương Zuồi để được hỗ trợ.,True,True,2026-09-08T17:52:52.589025
1747458563128134,khen,tich_cuc,0.8,none,,[],,Người dùng bày tỏ lời cảm ơn.,False,False,2026-09-08T17:53:07.228888
1747458636461460,khen,tich_cuc,0.8,none,,[],,Người dùng bày tỏ lời cảm ơn.,False,False,2026-09-08T17:53:07.228888
1747458999794757,khen,tich_cuc,0.9,none,,[],,Người dùng bày tỏ lời cảm ơn chân thành.,False,False,2026-09-08T17:53:07.228888
1747479829792674,y_kien_trung_lap,trung_lap,0.0,none,,[],,Người dùng chỉ dẫn đến một người khác.,False,False,2026-09-08T17:53:07.228888
1748380866369237,spam,trung_lap,0.0,none,,[],,Người dùng mời inbox để được hỗ trợ bồi thường.,True,False,2026-09-08T17:53:07.228888
1747416536465670,spam,trung_lap,0.0,none,,[],,"Một tư vấn viên giới thiệu gói bảo hiểm cho mẹ và bé của Daiichi, kèm thông tin cá nhân và kinh nghiệm.",True,False,2026-09-08T17:53:07.228888
1747469756460348,spam,trung_lap,0.0,none,,[],,"Một tư vấn viên giới thiệu gói bảo hiểm toàn diện của AIA cho mẹ và bé, kèm lời mời liên hệ.",True,False,2026-09-08T17:53:07.228888
1748458376361486,spam,trung_lap,0.0,none,,[],,Một đại lý bảo hiểm đa hãng mời khách hàng chia sẻ nhu cầu để được tư vấn.,True,False,2026-09-08T17:53:07.228888
1748527853021205,spam,trung_lap,0.0,none,,[],,Một tư vấn viên Manulife tự giới thiệu và chia sẻ website cá nhân.,True,False,2026-09-08T17:53:07.228888
1747409426466381,spam,trung_lap,0.0,none,,[],,"Một tư vấn viên Daiichi giới thiệu gói bảo hiểm độc lập cho bé, so sánh với thẻ sức khỏe rời và mời tư vấn.",True,False,2026-09-08T17:53:07.228888
1747423543131636,spam,trung_lap,0.0,none,,[],,"Người dùng gợi ý các sản phẩm bảo hiểm của AIA, MIC, VBI và mời liên hệ để được hỗ trợ.",True,False,2026-09-08T17:53:07.228888
1747426906464633,spam,trung_lap,0.0,none,,[],,Người dùng mời liên hệ Zalo để được tư vấn chi tiết các gói bảo hiểm.,True,False,2026-09-08T17:53:07.228888
1747452463128744,spam,trung_lap,0.0,none,,[],,Người dùng giới thiệu giải pháp bảo hiểm của Daiichi và mời liên hệ Zalo để tư vấn.,True,False,2026-09-08T17:53:07.228888
1747458499794807,spam,trung_lap,0.0,none,,[],,Một tư vấn viên AIA giới thiệu ưu điểm chi trả của AIA và mời liên hệ để tư vấn.,True,False,2026-09-08T17:53:07.228888
1748231179717539,y_kien_trung_lap,trung_lap,0.0,none,,[],,Người dùng gợi ý tham khảo ý kiến từ một chuyên gia về thẻ rời.,False,False,2026-09-08T17:53:07.228888
1748343696372954,spam,trung_lap,0.0,none,,[],Hướng dẫn chọn bảo hiểm sức khỏe cho bé,"Một đại lý bảo hiểm đa hãng cung cấp các tiêu chí và câu hỏi để khách hàng lựa chọn bảo hiểm sức khỏe cho bé, đồng thời mời inbox để tư vấn.",True,False,2026-09-08T17:53:07.228888
1748369036370420,spam,trung_lap,0.0,none,,[],So sánh thẻ sức khỏe rời và bảo hiểm nhân thọ kèm thẻ,"Một tư vấn viên AIA phân tích ưu nhược điểm của thẻ sức khỏe rời, giới thiệu chi tiết gói bảo hiểm nhân thọ kèm thẻ sức khỏe MR1 của AIA cho bé và mời liên hệ.",True,False,2026-09-08T17:53:07.228888
1748455266361797,spam,trung_lap,0.0,none,,[],,"Người dùng gợi ý tham khảo bảo hiểm Pacific Cross và mời liên hệ để nhận bảng phí, quyền lợi.",True,False,2026-09-08T17:53:07.228888
1747407966466527,spam,trung_lap,0.0,none,,[],,"Một tư vấn viên Daiichi giới thiệu các gói bảo hiểm sức khỏe và nhân thọ của Daiichi, kèm thông tin cá nhân và mời tư vấn.",True,False,2026-09-08T17:53:07.228888
1747470693126921,spam,trung_lap,0.0,none,,[],,Một tư vấn viên AIA nhấn mạnh tầm quan trọng của TVV phù hợp và mời liên hệ để tư vấn chi tiết.,True,False,2026-09-08T17:53:07.228888
1747496479791009,spam,trung_lap,0.0,none,,[],,Comment giới thiệu các tư vấn viên cụ thể của Generali và Manulife cho người quan tâm thẻ sức khỏe.,True,True,2026-09-08T17:53:18.849145
1747497376457586,spam,trung_lap,0.0,none,,[],,Một tư vấn viên Dai-ichi Life giới thiệu chi tiết các quyền lợi của thẻ bảo hiểm sức khỏe.,True,False,2026-09-08T17:53:18.849145
1747505329790124,khen,tich_cuc,0.8,none,,[],,Người dùng cảm ơn Cao Thị Linh.,False,False,2026-09-08T17:53:18.849145
1747608099779847,y_kien_trung_lap,trung_lap,0.0,none,,[],Tầm quan trọng của tư vấn viên trong việc chọn bảo hiểm,"Comment đưa ra quan điểm rằng công ty nào cũng có sản phẩm tốt, quan trọng là chọn được tư vấn viên chăm sóc.",True,False,2026-09-08T17:53:18.849145
1747821669758490,khen,tich_cuc,0.8,none,,[],,Người dùng cảm ơn Cao Thị Linh.,True,False,2026-09-08T17:53:18.849145
1748456963028294,spam,trung_lap,0.0,none,,[],,Một tư vấn viên mời liên hệ để được tư vấn thêm về sản phẩm của hai công ty dựa trên nhu cầu khách hàng.,True,False,2026-09-08T17:53:18.849145
1748527976354526,spam,trung_lap,0.0,none,,[],,Duyên tự giới thiệu là tư vấn viên Manulife và chia sẻ website cá nhân.,True,False,2026-09-08T17:53:18.849145
1748332466374077,chinh_sach_quy_trinh_boi_thuong,trung_lap,0.0,none,,[],Giải đáp về thời gian chờ và quyền lợi bảo hiểm khi phát hiện bệnh sớm,Người dùng hỏi về khả năng được hưởng quyền lợi bảo hiểm khi mẹ phát hiện chuỗi hạch sau thời gian chờ.,False,False,2026-09-08T17:53:18.849145
1747406323133358,spam,trung_lap,0.0,none,,[],,Một tư vấn viên Dai-ichi Life khuyên mua thẻ sức khỏe kèm nhân thọ và giới thiệu chi tiết gói sản phẩm.,True,False,2026-09-08T17:53:18.849145
1747427879797869,spam,trung_lap,0.0,none,,[],,Thương mời người dùng nhắn Zalo để được tư vấn chi tiết về các gói bảo hiểm phù hợp.,True,False,2026-09-08T17:53:18.849145
1747457399794917,spam,trung_lap,0.0,none,,[],,"Mai Trang, tư vấn viên AIA, khuyên tham gia nhân thọ kèm thẻ sức khỏe và mời liên hệ để tư vấn chi tiết.",True,False,2026-09-08T17:53:18.849145
1747466336460690,spam,trung_lap,0.0,none,,[],,"Hồng Hạnh, tư vấn viên AIA, đưa ra giải pháp bảo hiểm mẫu và mời inbox để tư vấn chi tiết.",True,False,2026-09-08T17:53:18.849145
1749682546239069,phan_van,trung_lap,0.0,none,,"[""tu choi bao hiem"", ""benh nen""]","Bảo hiểm nhân thọ và các bệnh lý tâm thần: Rối loạn lo âu, tăng động giảm chú ý",Người dùng hỏi liệu tiền sử rối loạn lo âu và tăng động giảm chú ý có khiến họ bị từ chối bảo hiểm nhân thọ không.,False,False,2026-09-08T17:53:18.849145
1749687422905248,phan_van,trung_lap,0.0,none,,"[""tu choi bao hiem"", ""benh nen""]","Bảo hiểm nhân thọ và các bệnh lý tâm thần: Rối loạn lo âu, tăng động giảm chú ý",Người dùng hỏi liệu tiền sử rối loạn lo âu và tăng động giảm chú ý có khiến họ bị từ chối bảo hiểm nhân thọ không.,False,False,2026-09-08T17:53:18.849145
1749768796230444,spam,trung_lap,0.0,none,,[],,Một tư vấn viên yêu cầu thông tin chi tiết về bệnh lý và mời inbox để được hướng dẫn cụ thể.,True,False,2026-09-08T17:53:18.849145
1749809346226389,spam,trung_lap,0.0,none,,[],,Một tư vấn viên chia sẻ kinh nghiệm về RLLA và mời gửi hồ sơ y tế để được hỗ trợ chuẩn bị trước khi nộp yêu cầu bảo hiểm.,True,False,2026-09-08T17:53:18.849145
1750321606175163,spam,trung_lap,0.0,none,,[],,"Một tư vấn viên yêu cầu xem xét hồ sơ y tế và ngân sách để tư vấn lựa chọn thẻ bảo hiểm, mời gửi hồ sơ để được tư vấn tối ưu.",True,False,2026-09-08T17:53:18.849145
1747411579799499,spam,trung_lap,0.0,none,,[],,Một tư vấn viên mời người dùng inbox để được hỗ trợ thêm về quyền lợi ngoại trú và thai sản của Dai-ichi.,True,False,2026-09-08T17:53:18.849145
1748233949717262,y_kien_trung_lap,trung_lap,0.0,none,,[],Quyền lợi thai sản trong bảo hiểm Dai-ichi,Comment cho biết có thể mua kèm quyền lợi thai sản vào hợp đồng Dai-ichi vì hãng này có cung cấp.,True,False,2026-09-08T17:53:18.849145
1747425683131422,spam,trung_lap,0.0,none,,[],,Thương mời người dùng nhắn Zalo để được tư vấn chi tiết về các gói bảo hiểm phù hợp.,True,False,2026-09-08T17:53:18.849145
1747428273131163,spam,trung_lap,0.0,none,,[],,Comment kêu gọi người dùng inbox.,True,False,2026-09-08T17:53:39.648892
1747429479797709,spam,trung_lap,0.0,none,,[],,Comment kêu gọi người dùng inbox.,True,False,2026-09-08T17:53:39.648892
1747450203128970,muon_tu_van,tich_cuc,0.5,none,,[],,Người dùng yêu cầu người ẩn danh inbox để được tư vấn.,False,False,2026-09-08T17:53:39.648892
1747453493128641,muon_tu_van,tich_cuc,0.5,none,,[],,Người dùng yêu cầu người ẩn danh nhắn tin để được tư vấn.,False,False,2026-09-08T17:53:39.648892
1747457813128209,spam,trung_lap,0.0,none,,[],,"Một tư vấn viên AIA giới thiệu gói bảo hiểm sức khỏe và nhân thọ cho gia đình kèm chi phí, sau đó kêu gọi liên hệ Zalo để biết thêm chi tiết.",True,False,2026-09-08T17:53:39.648892
1748214283052562,spam,trung_lap,0.0,none,,[],,Một tư vấn viên Daiichi giới thiệu gói An Phát Đầu Tư Thịnh Vượng và kêu gọi inbox để tư vấn chi tiết hơn.,True,False,2026-09-08T17:53:39.648892
1748220623051928,spam,trung_lap,0.0,none,,[],,Một tư vấn viên đưa ra các tiêu chí cần xem xét khi chọn bảo hiểm sức khỏe và kêu gọi inbox để được tư vấn đa hãng.,True,False,2026-09-08T17:53:39.648892
1748453909695266,spam,trung_lap,0.0,none,,[],,"Một tư vấn viên gợi ý các hãng bảo hiểm phù hợp với nhu cầu sức khỏe và tích lũy, sau đó kêu gọi nhắn tin để được tư vấn kỹ hơn.",True,False,2026-09-08T17:53:39.648892
1747375323136458,spam,trung_lap,0.0,none,,[],,"Một tư vấn viên đưa ra lời khuyên chi tiết về việc gắn thẻ sức khỏe cho bé vào hợp đồng hiện có hoặc mua mới, các tiêu chí cần xem xét, và kêu gọi inbox để được tư vấn đa hãng.",True,False,2026-09-08T17:53:39.648892
1747425173131473,spam,trung_lap,0.0,none,,[],,"Một tư vấn viên giới thiệu gói Daiichi khoảng 1 triệu/tháng với quyền lợi nhân thọ và hỗ trợ viện phí, sau đó kêu gọi inbox để phân tích chi tiết.",True,False,2026-09-08T17:53:39.648892
1747455949795062,spam,trung_lap,0.0,none,,[],,"Một tư vấn viên AIA gợi ý hai phương án bảo hiểm cho con, khen AIA và kêu gọi liên hệ để được tư vấn chi tiết.",True,False,2026-09-08T17:53:39.648892
1747594326447891,spam,trung_lap,0.0,none,,[],,Comment kêu gọi người dùng inbox.,True,False,2026-09-08T17:53:39.648892
1748226193051371,y_kien_trung_lap,tich_cuc,0.6,none,,[],Cách tối ưu chi phí bảo hiểm cho con bằng cách tận dụng hợp đồng cũ,Comment khuyên người dùng xem xét hợp đồng bảo hiểm cũ để đính kèm thẻ cho bé nhằm tối ưu chi phí.,False,False,2026-09-08T17:53:39.648892
1748232496384074,spam,trung_lap,0.0,none,,[],,"Một tư vấn viên AIA khuyên ưu tiên thẻ sức khỏe cho bé 1 tháng tuổi, gợi ý kiểm tra hợp đồng hiện có và kêu gọi liên hệ qua Messenger/Zalo để được tư vấn chi tiết.",True,False,2026-09-08T17:53:39.648892
1748630183010972,y_kien_trung_lap,tich_cuc,0.7,none,,[],Cách kết hợp các loại thẻ bảo hiểm để tối đa hóa quyền lợi cho bé,"Comment khuyên người dùng kiểm tra hợp đồng Dai-ichi và Manulife để gắn thẻ cho bé, đồng thời gợi ý mua thêm thẻ rời để bù đắp phần đồng chi trả.",False,False,2026-09-08T17:53:39.648892
1748675029673154,spam,trung_lap,0.0,none,,[],,"Một tư vấn viên giới thiệu thẻ sức khỏe đính kèm nhân thọ với ưu điểm tái tục và không tăng phí, sau đó kêu gọi liên hệ Zalo để được tư vấn.",True,False,2026-09-08T17:53:39.648892
1748675296339794,spam,trung_lap,0.0,none,,[],,"Một tư vấn viên giới thiệu thẻ sức khỏe đính kèm nhân thọ với ưu điểm tái tục và không tăng phí, sau đó kêu gọi liên hệ Zalo để được tư vấn.",True,False,2026-09-08T17:53:39.648892
1748675563006434,spam,trung_lap,0.0,none,,[],,"Một tư vấn viên giới thiệu thẻ sức khỏe đính kèm nhân thọ với ưu điểm tái tục và không tăng phí, sau đó kêu gọi liên hệ Zalo để được tư vấn.",True,False,2026-09-08T17:53:39.648892
1748675709673086,spam,trung_lap,0.0,none,,[],,"Một tư vấn viên giới thiệu thẻ sức khỏe đính kèm nhân thọ với ưu điểm tái tục và không tăng phí, sau đó kêu gọi liên hệ Zalo để được tư vấn.",True,False,2026-09-08T17:53:39.648892
1747378299802827,y_kien_trung_lap,trung_lap,0.2,none,,[],Hướng dẫn thủ tục làm bảo hiểm tại văn phòng AIA,Comment hướng dẫn người dùng về thủ tục cần thiết tại văn phòng AIA và đề nghị hỗ trợ thêm nếu ở TP.HCM.,True,False,2026-09-08T17:53:39.648892
1747391619801495,y_kien_trung_lap,tich_cuc,0.8,none,,[],quy trình thay đổi thông tin hợp đồng bảo hiểm,Comment cung cấp thông tin tích cực về việc thay đổi hợp đồng bảo hiểm.,True,False,2026-09-08T17:53:40.544677
1750378136169510,spam,trung_lap,0.0,none,,[],,Comment mời người dùng liên hệ cá nhân để được hỗ trợ.,True,False,2026-09-08T17:53:40.544677
1750394092834581,spam,trung_lap,0.0,none,,[],,Comment mời người dùng inbox để được hỗ trợ.,True,False,2026-09-08T17:53:40.544677
1747422029798454,spam,trung_lap,0.0,none,,[],,Comment mời người dùng inbox để được hỗ trợ.,True,False,2026-09-08T17:53:40.544677
1747498623124128,spam,trung_lap,0.0,none,,[],,Comment giới thiệu người dùng liên hệ một cá nhân cụ thể.,True,False,2026-09-08T17:53:40.544677
1747586106448713,spam,trung_lap,0.0,none,,[],,Comment mời liên hệ trực tiếp và cung cấp thông tin về phí bảo hiểm.,True,False,2026-09-08T17:53:40.544677
1748452023028788,spam,trung_lap,0.0,none,,[],,Comment mời người dùng nhắn tin để nhận bảng phí bảo hiểm Bảo Việt.,True,False,2026-09-08T17:53:40.544677
1749202596287064,spam,trung_lap,0.0,none,,[],,Comment tự giới thiệu là đại lý PVI và cung cấp số điện thoại liên hệ.,True,False,2026-09-08T17:53:40.544677
1747292623144728,y_kien_trung_lap,trung_lap,0.2,none,,[],hướng dẫn mua bảo hiểm qua momo và viettelmoney,Comment hướng dẫn người dùng mua bảo hiểm qua các ứng dụng thanh toán.,False,False,2026-09-08T17:53:40.544677
1747295873144403,spam,trung_lap,0.0,none,,[],,Comment mời người dùng inbox để được hỗ trợ trực tuyến.,True,False,2026-09-08T17:53:40.544677
1747313506475973,spam,trung_lap,0.0,none,,[],,"Comment tự giới thiệu dịch vụ tư vấn và cấp đơn BHYT online, mời người dùng liên hệ.",True,False,2026-09-08T17:53:40.544677
1747333303140660,spam,trung_lap,0.0,none,,[],,"Comment khuyên người dùng mua bảo hiểm qua Momo và chọn nơi khám chữa bệnh phù hợp, đồng thời mời liên hệ để được hướng dẫn.",True,False,2026-09-08T17:53:40.544677
1747380849802572,y_kien_trung_lap,trung_lap,0.2,none,,[],hướng dẫn mua bảo hiểm qua momo,Comment xác nhận việc mua bảo hiểm qua Momo là khả thi.,False,False,2026-09-08T17:53:40.544677
1747389039801753,y_kien_trung_lap,trung_lap,0.5,none,,[],lợi ích khi mua bảo hiểm qua momo,Comment khuyến khích mua bảo hiểm qua Momo vì sự tiện lợi.,True,False,2026-09-08T17:53:40.544677
1747415773132413,spam,trung_lap,0.0,none,,[],,Comment mời người dùng inbox.,True,False,2026-09-08T17:53:40.544677
1747428566464467,spam,trung_lap,0.0,none,,[],,Comment giới thiệu AIA và mời người dùng liên hệ để được hỗ trợ.,True,False,2026-09-08T17:53:40.544677
1748242459716411,y_kien_trung_lap,trung_lap,0.2,none,,[],hướng dẫn mua bảo hiểm online,Comment xác nhận có thể mua bảo hiểm online.,True,False,2026-09-08T17:53:40.544677
1747383643135626,y_kien_trung_lap,trung_lap,0.0,none,,[],,Comment không rõ nghĩa.,False,False,2026-09-08T17:53:40.544677
1747394309801226,spam,trung_lap,0.0,none,,[],,"Comment của TVV AIA giới thiệu chi tiết quyền lợi sản phẩm, so sánh với đối thủ và mời liên hệ.",True,False,2026-09-08T17:53:40.544677
1747496906457633,san_pham_giai_phap,trung_lap,0.2,none,,[],quyền lợi thẻ bảo hiểm sức khỏe sun life,Comment giải thích chi tiết quyền lợi thẻ bảo hiểm Sun Life về nội trú và ngoại trú.,False,False,2026-09-08T17:53:40.544677
1747524459788211,y_kien_trung_lap,trung_lap,0.0,none,,[],so sanh quyen loi bao hiem noi tru ngoai tru,Comment chia sẻ thông tin về chính sách chi trả nội trú và ngoại trú của FWD.,False,False,2026-09-08T17:53:53.903443
1747552509785406,spam,trung_lap,0.0,none,,[],,Một TVV giới thiệu sản phẩm AIA và giải thích lý do các gói bảo hiểm không chi trả hết các xét nghiệm âm tính.,True,False,2026-09-08T17:53:53.903443
1747652599775397,y_kien_trung_lap,trung_lap,0.0,none,,[],chi tra xet nghiem am tinh trong bao hiem,Comment đưa ra ý kiến về việc chi trả xét nghiệm âm tính nếu có liên quan đến xác định bệnh và chi phí cao.,False,False,2026-09-08T17:53:53.903443
1748473056360018,spam,trung_lap,0.0,none,,[],,"Một TVV giới thiệu sản phẩm của Gen và Sun, mời khách hàng chia sẻ ngân sách để tư vấn chi tiết.",True,False,2026-09-08T17:53:53.903443
1748551433018847,y_kien_trung_lap,trung_lap,0.0,none,,[],dieu kien chi tra xet nghiem am tinh,Comment hỏi về việc Gen có chi trả xét nghiệm âm tính không và chia sẻ kinh nghiệm bảo hiểm VIP không trả tiền nếu không có bệnh.,False,False,2026-09-08T17:53:53.903443
1748555486351775,y_kien_trung_lap,trung_lap,0.0,none,,[],cac truong hop chi tra xet nghiem am tinh,Comment giải thích rằng việc chi trả xét nghiệm âm tính còn tùy thuộc vào trường hợp cụ thể.,False,False,2026-09-08T17:53:53.903443
1749451052928885,spam,trung_lap,0.0,none,,[],,Comment chỉ chứa một dấu chấm.,False,False,2026-09-08T17:53:53.903443
1747374259803231,dich_vu_tu_van,tieu_cuc,-0.5,low,Phàn nàn về chất lượng dịch vụ bancassurance.,"[""dich vu tu van kem"", ""cham soc khach hang kem""]",so sanh uu nhuoc diem mua bao hiem qua ngan hang va dai ly,"Comment chỉ ra rằng dịch vụ tư vấn và chăm sóc khách hàng qua kênh ngân hàng thường không tốt, khuyến nghị kênh đại lý.",True,False,2026-09-08T17:53:53.903443
1747395609801096,spam,trung_lap,0.0,none,,[],,Một TVV khuyên không nên mua bảo hiểm qua ngân hàng và mời liên hệ để được tư vấn chi tiết.,True,False,2026-09-08T17:53:53.903443
1747404059800251,y_kien_trung_lap,trung_lap,0.0,none,,[],loi ich cua viec tu hoc bao hiem,Comment gợi ý người dùng nên tự học về bảo hiểm để có thể tự tham gia.,False,False,2026-09-08T17:53:53.903443
1747311669809490,spam,trung_lap,0.0,none,,[],,Comment chỉ chứa một dấu chấm.,False,False,2026-09-08T17:53:53.903443
1747460306461293,check_chi_phi,trung_lap,0.0,none,,[],giai thich chinh sach hoan phi the suc khoe,Comment hỏi về chính sách hoàn phí 30% cho thẻ sức khỏe.,False,False,2026-09-08T17:53:53.903443
1747545546452769,muon_tu_van,tich_cuc,0.7,none,,[],"tu van bao hiem nhan tho cho nguoi lon tuoi, tu van the suc khoe cho tre em","Người dùng muốn tham khảo các gói bảo hiểm của Gen, cụ thể là nhân thọ cho bố và thẻ sức khỏe cho con 2 tháng tuổi.",False,False,2026-09-08T17:53:53.903443
1747546703119320,y_kien_trung_lap,trung_lap,0.0,none,,[],,Comment phản hồi ngắn gọn 'Sen Nấm ok em'.,False,False,2026-09-08T17:53:53.903443
1747546953119295,y_kien_trung_lap,trung_lap,0.0,none,,[],chinh sach chiet khau the suc khoe,Comment giải thích rằng thẻ sức khỏe được chiết khấu 30% cho trẻ em và 20% cho người lớn.,False,False,2026-09-08T17:53:53.903443
1747291776478146,spam,trung_lap,0.0,none,,[],,"Một TVV giới thiệu thẻ sức khỏe của Gen và Sun cho trẻ em, so sánh với Manulife và mời liên hệ để tư vấn.",True,False,2026-09-08T17:53:53.903443
1747294373144553,so_sanh_chung,trung_lap,0.0,none,,[],so sanh bao hiem nhan tho va the suc khoe manulife gen,"Comment so sánh quyền lợi bảo hiểm nhân thọ và phí thẻ sức khỏe giữa Manulife và Gen, đồng thời hỏi tuổi của con để tư vấn.",False,False,2026-09-08T17:53:53.903443
1747295323144458,khen,tich_cuc,0.8,none,,[],uu diem the suc khoe gen,"Comment khen ngợi thẻ sức khỏe của Gen với các ưu điểm như không đồng chi trả, phí nhẹ, không cắt hợp đồng và quyền lợi nhân đôi.",False,False,2026-09-08T17:53:53.903443
1747295553144435,spam,trung_lap,0.0,none,,[],,Comment mời liên hệ để tham khảo thêm về Daiichi.,True,False,2026-09-08T17:53:53.903443
1747296856477638,check_chi_phi,trung_lap,0.0,none,,[],cac hang the suc khoe gen,Comment hỏi về hạng thẻ bảo hiểm Gen mà người dùng khác đã mua.,False,False,2026-09-08T17:53:53.903443
1747299236477400,khen,tich_cuc,0.7,none,,[],Chương trình hoàn phí thẻ sức khỏe cho bé của Generali.,Commenter khen ngợi Generali có chương trình hoàn phí thẻ 30% cho bé.,False,True,2026-09-08T17:54:08.354588
1747302436477080,spam,trung_lap,0.0,none,,[],,Một tư vấn viên giới thiệu về thẻ sức khỏe của Generali và mời liên hệ để được tư vấn.,True,False,2026-09-08T17:54:08.354588
1747302446477079,y_kien_trung_lap,trung_lap,0.1,none,,[],So sánh quyền lợi các hạng thẻ của Generali.,Commenter chia sẻ rằng các hạng thẻ của Generali đều có quyền lợi tốt và bản thân có hợp đồng với nhiều công ty.,False,False,2026-09-08T17:54:08.354588
1747302579810399,so_sanh_chung,trung_lap,0.2,none,,[],"Kinh nghiệm mua bảo hiểm cho mẹ và con, so sánh Manulife và Generali.",Commenter khuyên nên cân nhắc kỹ khi mua bảo hiểm mẹ kèm con và chia sẻ kinh nghiệm mua Manulife kèm thẻ rời.,False,False,2026-09-08T17:54:08.354588
1747303139810343,khen,tich_cuc,0.8,none,,[],Ưu điểm thẻ sức khỏe Generali cho trẻ em 0-5 tuổi.,Commenter khen thẻ sức khỏe của Generali rất tốt vì thanh toán 100% cho trẻ em từ 0-5 tuổi.,False,False,2026-09-08T17:54:08.354588
1747304009810256,spam,trung_lap,0.0,none,,[],,"Một tư vấn viên của Generali mời hỗ trợ minh họa quyền lợi, mức phí và thời hạn bảo vệ.",True,False,2026-09-08T17:54:08.354588
1747304099810247,spam,trung_lap,0.0,none,,[],,Comment chỉ chứa một dấu chấm.,False,False,2026-09-08T17:54:08.354588
1747304859810171,phan_van,trung_lap,0.1,none,,[],So sánh các gói bảo hiểm sức khỏe tốt nhất.,Commenter hỏi ý kiến liệu Generali có phải là lựa chọn tốt nhất nếu chỉ chú trọng bảo hiểm sức khỏe.,False,False,2026-09-08T17:54:08.354588
1747305713143419,spam,trung_lap,0.0,none,,[],,Commenter giới thiệu Generali có ưu điểm không đồng chi trả và mời inbox nếu quan tâm sản phẩm.,True,False,2026-09-08T17:54:08.354588
1747308689809788,spam,trung_lap,0.0,none,,[],,Commenter giới thiệu tham khảo Manulife qua tư vấn viên Ly Đặng.,True,False,2026-09-08T17:54:08.354588
1747308726476451,y_kien_trung_lap,trung_lap,0.1,none,,[],Giải thích chính sách đồng chi trả của Generali.,Commenter hỏi xác nhận liệu Generali có chính sách không đồng chi trả.,False,False,2026-09-08T17:54:08.354588
1747308836476440,spam,trung_lap,0.0,none,,[],,Commenter giới thiệu tham khảo Generali qua tư vấn viên Nguyễn Thảo Ngô Thị Thu Thủy.,True,False,2026-09-08T17:54:08.354588
1747308869809770,so_sanh_chung,trung_lap,0.3,none,,[],So sánh bảo hiểm Manulife và Generali cho mẹ và bé.,"Commenter khuyên chọn Manulife nếu ưu tiên bảo vệ toàn diện, Generali nếu ưu tiên thẻ sức khỏe cho con.",False,False,2026-09-08T17:54:08.354588
1747309289809728,khen,tich_cuc,0.7,none,,[],Ưu điểm chi trả của Generali cho mẹ và bé.,Commenter bình chọn cho Generali vì thấy chính sách chi trả cho bé tối ưu và cho mẹ cũng ổn.,False,False,2026-09-08T17:54:08.354588
1747309733143017,spam,trung_lap,0.0,none,,[],,Một tư vấn viên của Dai-ichi Life giới thiệu chi tiết về gói bảo hiểm nhân thọ kèm thẻ sức khỏe và mời liên hệ.,True,False,2026-09-08T17:54:08.354588
1747317543142236,y_kien_trung_lap,trung_lap,0.2,none,,[],,Commenter cảm ơn người đã cung cấp thông tin.,False,False,2026-09-08T17:54:08.354588
1747317573142233,so_sanh_chung,trung_lap,0.3,none,,[],"So sánh bảo hiểm sức khỏe cho trẻ em giữa Generali, Manulife và AIA.","Commenter so sánh Generali và Manulife về chính sách đồng chi trả cho trẻ nhỏ, và gợi ý tham khảo thêm AIA.",False,False,2026-09-08T17:54:08.354588
1747317709808886,spam,trung_lap,0.0,none,,[],,"Commenter giới thiệu Generali có lợi thế về thẻ sức khỏe cho bé, sau đó đưa ra các câu hỏi tư vấn và mời inbox.",True,False,2026-09-08T17:54:08.354588
1747320359808621,khen,tich_cuc,0.9,none,,[],Trải nghiệm quy trình bồi thường nhanh chóng của Manulife.,"Commenter khen ngợi Manulife có quy trình làm việc và xử lý giấy tờ nhanh chóng, dễ dàng dựa trên kinh nghiệm sử dụng.",False,False,2026-09-08T17:54:08.354588
1747320853141905,y_kien_trung_lap,trung_lap,0.0,none,,[],,Comment chỉ đề cập đến tên Generali.,False,False,2026-09-08T17:54:08.354588
1747323486474975,khen,tich_cuc,0.8,none,,[],Lợi ích của bảo hiểm Gen cho trẻ em,Comment bày tỏ sự yêu thích đối với sản phẩm bảo hiểm Gen dành cho trẻ em.,False,True,2026-09-08T17:54:29.873774
1747325973141393,check_chi_phi,trung_lap,0.0,none,,[],Hướng dẫn tra cứu chi phí thẻ bảo hiểm Gen,Người dùng hỏi về chi phí của thẻ bảo hiểm Gen.,False,False,2026-09-08T17:54:29.873774
1747326449808012,y_kien_trung_lap,tich_cuc,0.6,none,,[],Ưu điểm của bảo hiểm Gen: thanh toán 100% không đồng chi trả,Comment giới thiệu Gen với quyền lợi thanh toán 100% không đồng chi trả.,False,False,2026-09-08T17:54:29.873774
1747329726474351,so_sanh_chung,tich_cuc,0.5,none,,[],So sánh Gen và Manu: Lựa chọn nào tốt hơn?,Comment khuyên nên chọn Gen khi so sánh với Manu.,False,False,2026-09-08T17:54:29.873774
1747331219807535,so_sanh_chung,tich_cuc,0.6,none,,[],Ưu điểm của thẻ sức khỏe Gen cho trẻ em,"Comment đánh giá Gen tốt hơn Manu, đặc biệt về thẻ sức khỏe trẻ em không đồng chi trả.",False,False,2026-09-08T17:54:29.873774
1747334989807158,y_kien_trung_lap,trung_lap,0.1,none,,[],Cách đánh giá phạm vi thanh toán của bảo hiểm,Comment khen ngợi người khác và chia sẻ quan điểm về việc phạm vi thanh toán của bảo hiểm có thể không như kỳ vọng.,False,False,2026-09-08T17:54:29.873774
1747335906473733,so_sanh_chung,trung_lap,0.2,none,,[],Lựa chọn bảo hiểm dựa trên quyền lợi và ngân sách,"Comment so sánh Gen và Manu, gợi ý lựa chọn dựa trên ưu tiên quyền lợi hoặc cân bằng ngân sách.",True,False,2026-09-08T17:54:29.873774
1747340036473320,y_kien_trung_lap,tich_cuc,0.7,none,,[],Hướng dẫn toàn diện chọn bảo hiểm nhân thọ và sức khỏe cho gia đình,"Comment cung cấp hướng dẫn chi tiết về cách lựa chọn hợp đồng bảo hiểm phù hợp, bao gồm bảo hiểm nhân thọ, bệnh hiểm nghèo và thẻ sức khỏe.",True,False,2026-09-08T17:54:29.873774
1747348183139172,spam,trung_lap,0.0,none,,[],,Comment khuyến nghị mua bảo hiểm Dai-ichi.,False,True,2026-09-08T17:54:29.873774
1747349243139066,spam,trung_lap,0.0,none,,[],,"Comment so sánh Gen và Manu, sau đó giới thiệu sản phẩm AIA với ưu điểm về bồi thường và phạm vi chi trả, kèm theo lời mời liên hệ tư vấn.",True,False,2026-09-08T17:54:29.873774
1747357219804935,spam,trung_lap,0.0,none,,[],,"Comment giới thiệu sản phẩm bảo hiểm Dai-ichi cho mẹ và bé, nêu các quyền lợi và chi phí, kèm theo lời mời tư vấn từ một TVV.",True,False,2026-09-08T17:54:29.873774
1747358736471450,phan_van,trung_lap,0.0,none,,[],Giải thích về thẻ bảo hiểm rời và cách kết hợp,Người dùng hỏi về khái niệm 'thẻ rời' khi định mua bảo hiểm Manu.,False,False,2026-09-08T17:54:29.873774
1747364773137513,spam,trung_lap,0.0,none,,[],,Comment mời người dùng nhắn tin riêng.,True,False,2026-09-08T17:54:29.873774
1747369249803732,y_kien_trung_lap,tich_cuc,0.7,none,,[],Chiến lược kết hợp thẻ bảo hiểm rời để tối ưu chi trả viện phí,"Comment chia sẻ kinh nghiệm mua thêm thẻ rời VBI hoặc MIC để chi trả phần còn lại của Manu, giúp bù đắp viện phí.",False,False,2026-09-08T17:54:29.873774
1747370566470267,so_sanh_chung,tich_cuc,0.5,none,,[],So sánh thời gian chờ bệnh từng mắc của các gói bảo hiểm,"Comment so sánh thời gian chờ bệnh từng mắc giữa Manu và Gen, ưu tiên Manu vì thời gian chờ ngắn hơn.",False,False,2026-09-08T17:54:29.873774
1747371746470149,khen,tich_cuc,0.7,none,,[],,Comment khen ngợi người dùng khác là người tiêu dùng thông thái.,False,False,2026-09-08T17:54:29.873774
1747375756469748,spam,trung_lap,0.0,none,,[],,"Comment của một TVV AIA cung cấp thông tin chi tiết về quyền lợi thẻ sức khỏe của AIA cho trẻ em, so sánh với Gen và Manu, và mời liên hệ tư vấn.",True,False,2026-09-08T17:54:29.873774
1747376779802979,spam,trung_lap,0.0,none,,[],,"Comment của một TVV AIA khuyên chọn Gen giữa Gen và Manu, sau đó giới thiệu thẻ sức khỏe AIA và mời liên hệ tư vấn.",True,False,2026-09-08T17:54:29.873774
1747389226468401,khen,tich_cuc,0.8,none,,[],,Comment bày tỏ lời cảm ơn.,False,False,2026-09-08T17:54:29.873774
1747426673131323,khen,tich_cuc,0.8,none,,[],Ưu điểm của thẻ bảo hiểm Manu: chi trả 100% viện phí,Comment khen ngợi thẻ bảo hiểm Manu cũ với quyền lợi chi trả 100% viện phí.,False,False,2026-09-08T17:54:29.873774
1747436339797023,khen,tich_cuc,0.7,none,,[],Ưu điểm thẻ sức khỏe của Gen,Người dùng khuyên chọn Gen nếu ưu tiên thẻ sức khỏe.,False,False,2026-09-08T17:54:34.587034
1747442409796416,so_sanh_chung,trung_lap,0.0,none,,[],So sánh phí bảo hiểm Gen và các hãng khác,"Người dùng có hợp đồng cả hai bên, vote cho Gen nhưng nhận xét phí cao.",False,False,2026-09-08T17:54:34.587034
1747444319796225,khen,tich_cuc,0.8,none,,[],Quy trình bồi thường của Gen có gì nổi bật?,Người dùng khen quy trình claim và thẩm định của Gen nhẹ nhàng hơn Manulife.,False,False,2026-09-08T17:54:34.587034
1747445659796091,so_sanh_chung,tich_cuc,0.7,none,,[],Lợi ích của bảo hiểm nhân thọ dài hạn,"Người dùng khen Gen duyệt nhanh qua app và có tính lâu dài hơn Manulife, đồng thời nhấn mạnh rủi ro khi mua bảo hiểm ngắn hạn.",False,False,2026-09-08T17:54:34.587034
1747462839794373,spam,trung_lap,0.0,none,,[],,Một tư vấn viên AIA giới thiệu giải pháp bảo hiểm chi tiết cho gia đình 5 thành viên và kêu gọi liên hệ để tư vấn thêm.,True,False,2026-09-08T17:54:34.587034
1747577389782918,spam,trung_lap,0.0,none,,[],,"Một tài khoản cảm ơn người dùng đã chọn Manulife và đồng hành 7 năm, khen ngợi việc mua bảo hiểm sớm.",True,True,2026-09-08T17:54:34.587034
1747579503116040,y_kien_trung_lap,trung_lap,0.2,none,,[],Tầm quan trọng của việc mua bảo hiểm sớm trước các sự kiện lớn,Người dùng chia sẻ kinh nghiệm mua bảo hiểm trước COVID-19 để tránh bị loại trừ.,False,False,2026-09-08T17:54:34.587034
1747588886448435,y_kien_trung_lap,trung_lap,0.3,none,,[],Tại sao nên mua bảo hiểm khi còn trẻ và khỏe mạnh?,"Người dùng khuyên nên mua bảo hiểm càng sớm càng tốt, khi còn khỏe mạnh.",False,False,2026-09-08T17:54:34.587034
1747622406445083,so_sanh_chung,trung_lap,0.1,none,,[],So sánh sản phẩm chính và thẻ sức khỏe của Manulife và Gen,"Một tư vấn viên so sánh Manulife có sản phẩm chính và quyền lợi bổ sung tốt, còn Gen có thẻ sức khỏe mạnh.",True,False,2026-09-08T17:54:34.587034
1747811206426203,spam,trung_lap,0.0,none,,[],,Một tài khoản cho rằng cạnh tranh không công bằng và thông báo Manulife sắp ra dòng thẻ mới.,True,True,2026-09-08T17:54:34.587034
1747893013084689,y_kien_trung_lap,trung_lap,0.0,none,,[],,Comment chỉ là một lời gọi tên.,False,False,2026-09-08T17:54:34.587034
1748026076404716,khen,tich_cuc,0.8,none,,[],Ưu điểm của việc claim bảo hiểm qua ứng dụng di động,Người dùng khen quy trình claim qua app nhanh chóng và giấy tờ đơn giản hơn Manulife.,False,False,2026-09-08T17:54:34.587034
1748196713054319,spam,trung_lap,0.0,none,,[],,Một tài khoản khen sản phẩm mới của Prudential rất tốt.,True,True,2026-09-08T17:54:34.587034
1748447853029205,spam,trung_lap,0.0,none,,[],,"Một tư vấn viên khuyên chọn Gen cho thẻ sức khỏe của con, gợi ý thêm AIA, và đề nghị tư vấn chi tiết nếu người dùng chia sẻ ngân sách.",True,False,2026-09-08T17:54:34.587034
1749225002951490,khen,tich_cuc,0.6,none,,[],Lợi ích của bảo hiểm Gen,Người dùng khuyên chọn Gen.,False,False,2026-09-08T17:54:34.587034
1751606752713315,y_kien_trung_lap,trung_lap,0.2,none,,[],Tầm quan trọng của tư vấn viên đồng hành trong bảo hiểm,"Một tư vấn viên Manulife khuyên nên tìm người tư vấn đồng hành, nhận định các sản phẩm bảo hiểm tương đồng nhưng Gen trội hơn về thẻ sức khỏe, và nhấn mạnh bảo hiểm là kế hoạch dài hạn.",True,False,2026-09-08T17:54:34.587034
1747293453144645,y_kien_trung_lap,trung_lap,0.3,none,,[],Hướng dẫn kê khai bổ sung thông tin bảo hiểm,"Người dùng hướng dẫn cách kê khai bổ sung thông tin và gỡ mã bệnh cũ, khuyên liên hệ đại lý hỗ trợ.",True,False,2026-09-08T17:54:34.587034
1747299516477372,y_kien_trung_lap,trung_lap,0.1,none,,[],Quy trình bổ sung hồ sơ bảo hiểm,Người dùng khuyên bổ sung hồ sơ và liên hệ tư vấn viên hỗ trợ.,False,False,2026-09-08T17:54:34.587034
1747300919810565,y_kien_trung_lap,trung_lap,0.1,none,,[],,Người dùng khuyên kê khai bổ sung.,False,False,2026-09-08T17:54:34.587034
1747303069810350,y_kien_trung_lap,trung_lap,0.0,none,,[],,Người dùng hỏi về nguồn thông tin.,False,False,2026-09-08T17:54:34.587034
1747309166476407,y_kien_trung_lap,trung_lap,0.0,none,,[],Làm gì khi bác sĩ kê nhiều bệnh hơn thực tế?,Người dùng bày tỏ sự băn khoăn khi bác sĩ kê nhiều bệnh trong khi bản thân cảm thấy bình thường.,False,False,2026-09-08T17:54:50.007682
1747310096476314,y_kien_trung_lap,trung_lap,0.1,none,,[],Hướng dẫn kê khai bổ sung thông tin bảo hiểm,Comment khuyên người dùng nên kê khai bổ sung thông tin.,False,False,2026-09-08T17:54:50.007682
1747311199809537,y_kien_trung_lap,trung_lap,0.2,none,,[],Quy trình kê khai bổ sung hồ sơ y tế và thẩm định bảo hiểm,Comment hướng dẫn kê khai bổ sung hồ sơ và giải thích về việc sử dụng kết quả cận lâm sàng để xét lợi.,False,False,2026-09-08T17:54:50.007682
1747316236475700,y_kien_trung_lap,trung_lap,0.3,none,,[],Cách gỡ loại trừ bệnh đã khỏi khi tham gia bảo hiểm,"Comment hướng dẫn người dùng kiểm tra tình trạng bệnh, chứng minh đã khỏi để gỡ loại trừ và liên hệ tư vấn viên để kê khai bổ sung.",False,False,2026-09-08T17:54:50.007682
1747321493141841,y_kien_trung_lap,trung_lap,0.3,none,,[],Quy trình xử lý thông tin bệnh án khi tham gia bảo hiểm,"Comment hướng dẫn người dùng kiểm tra thông tin bệnh, chuẩn bị hồ sơ y tế bổ sung hoặc làm đơn tường trình giải trình.",False,False,2026-09-08T17:54:50.007682
1747330356474288,y_kien_trung_lap,trung_lap,0.1,none,,[],Hướng dẫn tra cứu hồ sơ sức khỏe trên VNeID,Comment hướng dẫn người dùng vào mục hồ sơ sức khỏe trên ứng dụng VNeID.,False,False,2026-09-08T17:54:50.007682
1747338496473474,y_kien_trung_lap,trung_lap,0.1,none,,[],Các bước kê khai bổ sung thông tin bảo hiểm,Comment khuyên người dùng nên kê khai bổ sung.,False,False,2026-09-08T17:54:50.007682
1747359746471349,y_kien_trung_lap,trung_lap,0.3,none,,[],Xử lý bệnh thoái hóa cột sống cổ khi tham gia bảo hiểm,"Comment khuyên người dùng kê khai bổ sung bệnh thoái hóa cột sống cổ để công ty bảo hiểm tái thẩm định, giải thích về khả năng loại trừ hoặc không loại trừ.",False,False,2026-09-08T17:54:50.007682
1747361339804523,spam,trung_lap,0.0,none,,[],,Tư vấn viên khuyên người dùng kê khai bổ sung và sẽ hướng dẫn cách có lợi nhất.,True,False,2026-09-08T17:54:50.007682
1747402639800393,spam,trung_lap,0.0,none,,[],,"Tư vấn viên hướng dẫn kê khai bổ sung, kiểm tra lịch sử khám bệnh và kêu gọi inbox để được hỗ trợ.",True,False,2026-09-08T17:54:50.007682
1747405203133470,spam,trung_lap,0.0,none,,[],,Tư vấn viên khuyên người dùng kê khai bổ sung.,True,False,2026-09-08T17:54:50.007682
1747622783111712,spam,trung_lap,0.0,none,,[],,Tư vấn viên khuyên người dùng kê khai bổ sung và chờ quyết định từ công ty.,True,False,2026-09-08T17:54:50.007682
1747657519774905,spam,trung_lap,0.0,none,,[],,Comment khuyên người dùng làm đơn kê khai bổ sung và kêu gọi inbox để được hỗ trợ.,True,False,2026-09-08T17:54:50.007682
1747291059811551,spam,trung_lap,0.0,none,,[],,Comment kêu gọi người dùng quan tâm đến Dai-ichi nhắn tin để được tư vấn.,True,False,2026-09-08T17:54:50.007682
1747293059811351,spam,trung_lap,0.0,none,,[],,Comment giới thiệu chi tiết sản phẩm bảo hiểm sức khỏe cho bé của AIA với nhiều quyền lợi và kêu gọi liên hệ để tư vấn.,True,False,2026-09-08T17:54:50.007682
1747293953144595,spam,trung_lap,0.0,none,,[],,"Chuyên viên quản lý khách hàng của Sun Life so sánh các tiêu chí chọn thẻ sức khỏe cho bé, đề xuất Sun Life và Generali, và kêu gọi liên hệ để tư vấn chi tiết.",True,False,2026-09-08T17:54:50.007682
1747296866477637,y_kien_trung_lap,trung_lap,0.0,none,,[],,"Comment mang tính xã giao, nhắc nhở người khác lo việc ở cữ.",False,False,2026-09-08T17:54:50.007682
1747297536477570,spam,trung_lap,0.0,none,,[],,Comment đề nghị kiểm tra hợp đồng bảo hiểm hiện tại và giới thiệu gói bảo hiểm sức khỏe cho bé của Generali.,True,False,2026-09-08T17:54:50.007682
1747297909810866,spam,trung_lap,0.0,none,,[],,"Tư vấn viên Dai-ichi giới thiệu sản phẩm thẻ sức khỏe gắn nhân thọ cho trẻ nhỏ với các ưu điểm về phí, quyền lợi và bảo vệ bệnh bẩm sinh, kêu gọi inbox để tư vấn chi tiết.",True,False,2026-09-08T17:54:50.007682
1747305019810155,spam,trung_lap,0.0,none,,[],,Comment giới thiệu gói bảo hiểm An10 của Generali cho bé với các quyền lợi chi tiết và kêu gọi inbox để tư vấn.,True,False,2026-09-08T17:54:50.007682
1747306919809965,spam,trung_lap,0.0,none,,[],,"Một tư vấn viên Dai-ichi Life giới thiệu chi tiết về quyền lợi bảo hiểm sức khỏe cho trẻ em, bao gồm ngoại trú 100% và nội trú 70% (dưới 6 tuổi), cùng với chi phí và lời mời liên hệ.",True,False,2026-09-08T17:55:13.983716
1747312386476085,spam,trung_lap,0.0,none,,[],,"Một tư vấn viên AIA đưa ra lời khuyên về việc mua thẻ sức khỏe cho bé, gợi ý kết hợp với BHNT hiện có hoặc chọn gói riêng của AIA, và mời liên hệ để tìm hiểu.",True,False,2026-09-08T17:55:13.983716
1747312419809415,y_kien_trung_lap,trung_lap,0.1,none,,[],cach toi uu chi phi bao hiem khi co san hop dong,Commenter hỏi về sản phẩm bảo hiểm hiện có của Manulife để kiểm tra khả năng gắn kèm thẻ sức khỏe cho con nhằm tối ưu chi phí.,False,False,2026-09-08T17:55:13.983716
1747315453142445,y_kien_trung_lap,trung_lap,0.1,none,,[],quyen loi bao hiem noi tru cua cac cong ty,Commenter thông báo rằng Generali chi trả 100% cho quyền lợi nội trú.,False,False,2026-09-08T17:55:13.983716
1747318399808817,spam,trung_lap,0.0,none,,[],,"Một tư vấn viên đa hãng đưa ra các câu hỏi để hiểu nhu cầu khách hàng và các lưu ý khi chọn thẻ sức khỏe, sau đó mời inbox để được tư vấn khách quan.",True,False,2026-09-08T17:55:13.983716
1747320269808630,spam,trung_lap,0.0,none,,[],,"Một tư vấn viên Dai-ichi Life giới thiệu về gói bảo hiểm nhân thọ kèm nội/ngoại trú cho trẻ với chi phí tốt, và mời khách hàng inbox để được hỗ trợ.",True,False,2026-09-08T17:55:13.983716
1747323029808354,y_kien_trung_lap,trung_lap,0.2,none,,[],so sanh quyen loi noi tru cac cong ty bao hiem,Commenter thông báo Generali chi trả 100% nội trú và khuyên nên mua sản phẩm của Generali.,False,False,2026-09-08T17:55:13.983716
1747331839807473,spam,trung_lap,0.0,none,,[],,Commenter liệt kê các điểm mạnh của thẻ sức khỏe AIA và mời liên hệ để tham khảo.,True,False,2026-09-08T17:55:13.983716
1747336379807019,spam,trung_lap,0.0,none,,[],,Commenter chia sẻ một liên kết đến trang tư vấn tài chính của Dai-ichi Life.,True,False,2026-09-08T17:55:13.983716
1747340429806614,spam,trung_lap,0.0,none,,[],,"Một tư vấn viên Generali tự giới thiệu kinh nghiệm, cam kết hỗ trợ sau bán hàng và cung cấp số Zalo để khách hàng liên hệ tư vấn.",True,False,2026-09-08T17:55:13.983716
1747341909806466,spam,trung_lap,0.0,none,,[],,"Commenter chia sẻ kinh nghiệm kết hợp bảo hiểm, khuyên kiểm tra khả năng thêm thẻ cho bé vào hợp đồng Manulife hiện có, và mời liên hệ qua inbox/Zalo để được tư vấn.",True,False,2026-09-08T17:55:13.983716
1747379226469401,y_kien_trung_lap,trung_lap,0.0,none,,[],thong tin chi tiet ve san pham gia dinh toi yeu va hanh trinh hanh phuc,"Commenter nhắc đến hai sản phẩm bảo hiểm của Manulife là ""Gia đình tôi yêu"" và ""Hành trình hạnh phúc"".",False,False,2026-09-08T17:55:13.983716
1747379826469341,y_kien_trung_lap,trung_lap,0.0,none,,[],thong tin chi tiet ve san pham gia dinh toi yeu va hanh trinh hanh phuc,"Commenter cho biết đã mua các sản phẩm ""Gia đình tôi yêu"" và ""Hành trình hạnh phúc"" vào năm 2019 và 2020.",False,False,2026-09-08T17:55:13.983716
1747379946469329,spam,trung_lap,0.0,none,,[],,"Commenter thông báo rằng sản phẩm ""GĐTY"" không thể gắn kèm, còn ""HTTP"" có thể tùy phiên bản, và mời inbox để được tư vấn.",True,False,2026-09-08T17:55:13.983716
1747388996468424,spam,trung_lap,0.0,none,,[],,"Commenter thông báo hai gói bảo hiểm không thể gắn thêm thẻ, sau đó mời liên hệ để tìm hiểu gói của Generali cho con.",True,False,2026-09-08T17:55:13.983716
1747390626468261,spam,trung_lap,0.0,none,,[],,"Một tư vấn viên Dai-ichi Life giới thiệu một gói bảo hiểm nhân thọ kết hợp thẻ nội trú và ngoại trú cho bé, kèm theo thông tin về kinh nghiệm và lời mời tư vấn.",True,False,2026-09-08T17:55:13.983716
1747391946468129,spam,trung_lap,0.0,none,,[],,Một tư vấn viên AIA giới thiệu về quyền lợi thẻ sức khỏe AIA không giới hạn phụ và mời liên hệ để được tư vấn chi tiết.,True,False,2026-09-08T17:55:13.983716
1747395193134471,spam,trung_lap,0.0,none,,[],,"Một tư vấn viên AIA tên Vân cung cấp thông tin liên hệ và trình bày rất chi tiết các quyền lợi nổi bật của thẻ sức khỏe AIA cho trẻ em, bao gồm chi trả 100% và không giới hạn phụ, cùng với lời mời tư vấn.",True,False,2026-09-08T17:55:13.983716
1747406139800043,spam,trung_lap,0.0,none,,[],,Một trưởng phòng kinh doanh Dai-ichi Life tên Khang tự giới thiệu và mời liên hệ qua số điện thoại để được hỗ trợ tư vấn sản phẩm.,True,False,2026-09-08T17:55:13.983716
1747417256465598,spam,trung_lap,0.0,none,,[],,"Một tư vấn viên Generali tên Khánh Hà giới thiệu về ưu đãi và quyền lợi chi trả 100% không đồng chi trả cho trẻ em của Generali, sau đó mời inbox hoặc liên hệ qua số điện thoại để được tư vấn.",True,False,2026-09-08T17:55:13.983716
1747420729798584,spam,trung_lap,0.0,none,,[],,Người dùng mời tham khảo Dai-ichi và inbox để được tư vấn.,True,True,2026-09-08T17:55:21.962781
1747423809798276,spam,trung_lap,0.0,none,,[],,Người dùng giới thiệu gói Dai-ichi kết hợp tích lũy và bảo vệ sức khỏe với ngân sách 1 triệu/tháng và mời liên hệ Zalo.,True,True,2026-09-08T17:55:21.962781
1747444699796187,so_sanh_chung,tich_cuc,0.6,none,,[],"So sánh quyền lợi bảo hiểm của Gen, Sun, Man, AIA, Dai-ichi","Người dùng so sánh các hãng bảo hiểm Gen, Sun, Man, AIA, Dai-ichi, ưu tiên Gen và Sun vì Man có đồng chi trả và AIA/Dai-ichi loại trừ xét nghiệm âm tính.",False,False,2026-09-08T17:55:21.962781
1747522786455045,spam,trung_lap,0.0,none,,[],,Người dùng tự giới thiệu là chuyên viên tư vấn AIA và mời liên hệ để được tư vấn.,True,True,2026-09-08T17:55:21.962781
1747623356444988,spam,trung_lap,0.0,none,,[],,"Người dùng gợi ý gắn thẻ sức khỏe vào hợp đồng Man hiện có để tối ưu chi phí, hoặc tham khảo Sun Life để tối ưu quyền lợi và mời inbox để biết chi tiết.",True,True,2026-09-08T17:55:21.962781
1747657909774866,spam,trung_lap,0.0,none,,[],,Người dùng thông báo Gen đang có ưu đãi 30% thẻ sức khỏe cho bé và mời inbox để được tư vấn.,True,True,2026-09-08T17:55:21.962781
1747693979771259,spam,trung_lap,0.0,none,,[],,Người dùng mời inbox nếu quan tâm Dai-ichi.,True,True,2026-09-08T17:55:21.962781
1748444939696163,spam,trung_lap,0.0,none,,[],,"Người dùng giới thiệu điều kiện và quyền lợi của thẻ sức khỏe Dai-ichi, bao gồm phí nhân thọ tối thiểu, lãi suất cam kết, tái tục hàng năm và chi trả bệnh bẩm sinh, kèm theo số điện thoại liên hệ.",True,True,2026-09-08T17:55:21.962781
1748449816362342,spam,trung_lap,0.0,none,,[],,"Người dùng so sánh mức phí của AIA, Gen, Dai-ichi, gợi ý gắn thẻ vào hợp đồng Man và mời liên hệ để được tư vấn chi tiết, kèm số điện thoại.",True,True,2026-09-08T17:55:21.962781
1747295573144433,spam,trung_lap,0.0,none,,[],,"Người dùng giải thích về chi phí tiêm vacxin và giới thiệu gói bảo hiểm nhân thọ Sun Life cho mẹ và bé với nhiều quyền lợi, kèm theo thông tin liên hệ để tư vấn chi tiết.",True,True,2026-09-08T17:55:21.962781
1747295836477740,spam,trung_lap,0.0,none,,[],,"Người dùng giới thiệu phương án bảo hiểm AIA cho bé với các quyền lợi về chi trả điều trị trong ngày, hỗ trợ tại bệnh viện công và trợ cấp nằm viện, kèm theo thông tin liên hệ để tư vấn chi tiết.",True,True,2026-09-08T17:55:21.962781
1747296129811044,spam,trung_lap,0.0,none,,[],,Người dùng mời inbox nếu quan tâm Dai-ichi.,True,True,2026-09-08T17:55:21.962781
1747297439810913,spam,trung_lap,0.0,none,,[],,Người dùng thông báo các hãng bảo hiểm không chi trả tiêm vacxin và gợi ý tham khảo gói BHNT kèm thẻ sức khỏe của Dai-ichi cho mẹ và bé.,True,True,2026-09-08T17:55:21.962781
1747298199810837,spam,trung_lap,0.0,none,,[],,"Người dùng tự giới thiệu là TVV Dai-ichi và giới thiệu ưu điểm của thẻ sức khỏe Dai-ichi cho trẻ nhỏ, bao gồm phí, hạn mức, bảo vệ bệnh bẩm sinh và chi trả khám bệnh, kèm lời mời inbox để tư vấn chi tiết.",True,True,2026-09-08T17:55:21.962781
1747298773144113,y_kien_trung_lap,trung_lap,0.1,none,,[],Bảo hiểm nào chi trả chi phí tiêm vacxin cho bé?,"Người dùng chia sẻ thông tin rằng bảo hiểm nhân thọ không chi trả tiêm vacxin cho bé, nhưng một số dòng bảo hiểm phi nhân thọ Pacific Cross có chi trả một phần với chi phí cao.",False,False,2026-09-08T17:55:21.962781
1747305586476765,spam,trung_lap,0.0,none,,[],,Người dùng thông báo về ưu đãi giảm 30% phí thẻ sức khỏe cho bé của Gen trong tháng này và mời inbox để được hỗ trợ.,True,True,2026-09-08T17:55:21.962781
1747308449809812,spam,trung_lap,0.0,none,,[],,"Người dùng giải thích về việc chi trả tiêm vacxin và giới thiệu phương án bảo hiểm Dai-ichi với quyền lợi ngoại trú 100% và nội trú 70% cho bé dưới 6 tuổi, kèm theo thông tin tự giới thiệu là TVV.",True,True,2026-09-08T17:55:21.962781
1747312966476027,spam,trung_lap,0.0,none,,[],,"Người dùng gợi ý gói BHNT cho mẹ và BHSK cho bé của AIA với ngân sách 10 triệu/năm, tự giới thiệu là TVV và mời inbox để trao đổi thêm.",True,True,2026-09-08T17:55:21.962781
1747323543141636,spam,trung_lap,0.0,none,,[],,Người dùng thông báo thẻ sức khỏe rời của Pacific có hỗ trợ chi phí tiêm vaccine và mời liên hệ để được tư vấn cụ thể.,True,True,2026-09-08T17:55:21.962781
1747328326474491,spam,trung_lap,0.0,none,,[],,"Người dùng gợi ý phương án BHNT cho mẹ và thẻ sức khỏe nội trú cho bé của AIA với ngân sách 10 triệu/năm, giải thích về chi phí tiêm vaccine và mời liên hệ để được tư vấn chi tiết.",True,True,2026-09-08T17:55:21.962781
1747333676473956,spam,trung_lap,0.0,none,,[],,"Một tư vấn viên AIA giới thiệu gói bảo hiểm cho trẻ sơ sinh với quyền lợi cao, quy trình chi trả nhanh chóng và mời inbox tư vấn.",True,True,2026-09-08T17:55:43.141965
1747336723140318,spam,trung_lap,0.0,none,,[],,Comment cung cấp một liên kết đến trang tư vấn tài chính của một cá nhân tại Dai-ichi Life.,True,True,2026-09-08T17:55:43.141965
1747342833139707,spam,trung_lap,0.0,none,,[],,"Một tư vấn viên Dai-ichi giới thiệu gói thẻ sức khỏe và nhân thọ, kèm theo dịch vụ hỗ trợ 24/24 và mời liên hệ qua Zalo.",True,True,2026-09-08T17:55:43.141965
1747346783139312,spam,trung_lap,0.0,none,,[],,"Comment quảng cáo gói bảo hiểm nhân thọ và sức khỏe của Fubon Life, kèm theo số điện thoại tư vấn.",True,True,2026-09-08T17:55:43.141965
1747347456472578,spam,trung_lap,0.0,none,,[],,"Một tư vấn viên Generali giới thiệu gói bảo hiểm nội trú với ngân sách 10 triệu/năm, nhấn mạnh quyền lợi chi trả 100% và mời liên hệ để được tư vấn.",True,True,2026-09-08T17:55:43.141965
1747375633136427,check_chi_phi,trung_lap,0.0,none,,[],Giải đáp về thời gian áp dụng quyền lợi ngoại trú miễn phí trong bảo hiểm,Người dùng hỏi về việc quyền lợi ngoại trú miễn phí được áp dụng trong suốt quá trình đóng bảo hiểm hay chỉ trong năm đầu.,False,False,2026-09-08T17:55:43.141965
1747376933136297,y_kien_trung_lap,trung_lap,0.0,none,,[],Thông tin về các chương trình khuyến mãi quyền lợi ngoại trú năm đầu,Một tư vấn viên thông báo rằng chương trình tặng quyền lợi ngoại trú chỉ áp dụng cho năm đầu tiên.,True,False,2026-09-08T17:55:43.141965
1747377466469577,spam,trung_lap,0.0,none,,[],,Một tư vấn viên mời người quan tâm inbox để được tư vấn chi tiết.,True,True,2026-09-08T17:55:43.141965
1747388786468445,spam,trung_lap,0.0,none,,[],,"Một tư vấn viên Dai-ichi thông báo không có bảo hiểm chi trả tiêm vắc xin cho bé, gợi ý gói bảo hiểm cho mẹ và bé với ngân sách 10 triệu, và mời tư vấn.",True,True,2026-09-08T17:55:43.141965
1747392956468028,spam,trung_lap,0.0,none,,[],,"Một tư vấn viên AIA giới thiệu chi tiết gói bảo hiểm cho mẹ và thẻ sức khỏe cho bé 30 ngày tuổi, bao gồm các quyền lợi và chi phí, đồng thời mời liên hệ để tư vấn.",True,True,2026-09-08T17:55:43.141965
1747408716466452,spam,trung_lap,0.0,none,,[],,Một tư vấn viên thông báo thẻ sức khỏe rời của Pacific Cross có hỗ trợ chi phí tiêm vắc xin và mời liên hệ để được tư vấn.,True,True,2026-09-08T17:55:43.141965
1747427209797936,spam,trung_lap,0.0,none,,[],,Một tư vấn viên Dai-ichi giới thiệu giải pháp bảo hiểm nhân thọ kèm thẻ sức khỏe với chi phí hơn 1 triệu/tháng và mời liên hệ qua Zalo.,True,True,2026-09-08T17:55:43.141965
1747613959779261,spam,trung_lap,0.0,none,,[],,"Một tư vấn viên gợi ý tham khảo các gói bảo hiểm sức khỏe rời cho tiêm vắc xin và bảo hiểm nhân thọ Sun Life với ngân sách khoảng 9 triệu, mời inbox để biết chi tiết.",True,True,2026-09-08T17:55:43.141965
1747645929776064,y_kien_trung_lap,trung_lap,0.0,none,,[],Các gói bảo hiểm sức khỏe phù hợp cho trẻ em,Comment đưa ra một gợi ý chung chung về việc tham khảo một gói bảo hiểm.,False,False,2026-09-08T17:55:43.141965
1747658376441486,spam,trung_lap,0.0,none,,[],,Một tư vấn viên giới thiệu gói bảo hiểm Generali 10 triệu cho con với chi trả 0 đồng và mời inbox để tư vấn chi tiết.,True,True,2026-09-08T17:55:43.141965
1747688653105125,spam,trung_lap,0.0,none,,[],,"Một tư vấn viên giới thiệu các điều kiện tối thiểu và quyền lợi của thẻ sức khỏe Dai-ichi, bao gồm phí nhân thọ, lãi suất cam kết, và mời liên hệ.",True,True,2026-09-08T17:55:43.141965
1748451629695494,spam,trung_lap,0.0,none,,[],,"Một tư vấn viên thông báo không có bảo hiểm chi trả vắc xin theo tháng, gợi ý thẻ rời Pacific Cross và các công ty bảo hiểm nhân thọ khác, đồng thời mời liên hệ để được tư vấn chi tiết.",True,True,2026-09-08T17:55:43.141965
1747357013138289,y_kien_trung_lap,trung_lap,0.1,none,,[],Hướng dẫn kê khai thông tin sức khỏe chính xác khi mua bảo hiểm,Một tư vấn viên đưa ra lời khuyên về việc kê khai đúng theo bộ câu hỏi của công ty và cung cấp đầy đủ chứng từ y tế.,True,False,2026-09-08T17:55:43.141965
1747363633137627,y_kien_trung_lap,trung_lap,0.2,none,,"[""kê khai thông tin không đầy đủ"", ""bị từ chối bồi thường""]",Hướng dẫn chi tiết cách kê khai hồ sơ sức khỏe bảo hiểm để tránh bị từ chối bồi thường,"Một tư vấn viên giải thích chi tiết các nguồn thông tin cần kê khai và vai trò quan trọng của tư vấn viên trong việc đảm bảo hồ sơ kê khai đầy đủ, chính xác để tránh rủi ro sau này.",True,False,2026-09-08T17:55:43.141965
1747369039803753,y_kien_trung_lap,trung_lap,0.1,none,,[],Sự khác biệt trong bộ câu hỏi sức khỏe của các công ty bảo hiểm và cách kê khai chính xác,Một tư vấn viên khuyên người dùng nên trả lời theo bộ câu hỏi sức khỏe của từng công ty bảo hiểm cụ thể và mời inbox để tư vấn chi tiết.,True,False,2026-09-08T17:55:43.141965
1747373229803334,spam,trung_lap,0.0,none,,[],,"Một tư vấn viên giới thiệu các gói bảo hiểm sức khỏe và nhân thọ từ Dai-ichi, VBI, Miccare, Techcom và mời liên hệ qua Zalo.",True,False,2026-09-08T17:55:43.339177
1747374826469841,y_kien_trung_lap,trung_lap,0.0,none,,[],,Người dùng đưa ra câu trả lời ngắn gọn 'Cả 3 luôn'.,False,False,2026-09-08T17:55:43.339177
1747376316469692,y_kien_trung_lap,trung_lap,0.0,none,,[],Hướng dẫn kê khai hồ sơ bảo hiểm y tế,"Comment hướng dẫn người dùng đọc kỹ và trả lời bộ câu hỏi trong hồ sơ bảo hiểm, bao gồm cả các lần khám bằng và không dùng BHYT.",False,False,2026-09-08T17:55:43.339177
1747392636468060,y_kien_trung_lap,trung_lap,0.0,none,,[],Tầm quan trọng của việc kê khai trung thực trong bảo hiểm,Người dùng khuyên kê khai tất cả thông tin để đảm bảo quyền lợi tốt nhất sau này.,False,False,2026-09-08T17:55:43.339177
1747407696466554,spam,trung_lap,0.0,none,,[],,"Người dùng khuyên kê khai đầy đủ thông tin và giữ hồ sơ giấy, đồng thời mời liên hệ riêng để được tư vấn và hỗ trợ giải trình.",True,False,2026-09-08T17:55:43.339177
1747465619794095,muon_tu_van,trung_lap,0.0,none,,[],,Người dùng hỏi về công ty bảo hiểm mà người khác đang bán sản phẩm nhân thọ.,False,False,2026-09-08T17:55:43.339177
1747541049786552,spam,trung_lap,0.0,none,,[],,"Người dùng giới thiệu Manulife là công ty bảo hiểm hàng đầu với nhiều quyền lợi, đồng thời mời khách hàng liên hệ để được hỗ trợ kê khai hồ sơ.",True,True,2026-09-08T17:55:43.339177
1747621619778495,y_kien_trung_lap,trung_lap,0.0,none,,[],Hướng dẫn kê khai thông tin bảo hiểm,Người dùng khuyên kê khai tất cả thông tin và liên hệ tư vấn viên để được hỗ trợ cách kê khai.,False,False,2026-09-08T17:55:43.339177
1747466169794040,y_kien_trung_lap,trung_lap,0.0,none,,[],Đánh giá gói bảo hiểm sức khỏe và thai sản của Dai-ichi,Người dùng gợi ý tham khảo gói bảo hiểm của Dai-ichi với quyền lợi sức khỏe và thai sản cho cả mẹ và bé.,False,False,2026-09-08T17:55:43.339177
1747516249789032,spam,trung_lap,0.0,none,,[],,Vy giới thiệu có đầy đủ các hãng bảo hiểm thai sản và mời người dùng nhắn Zalo để được tư vấn chi tiết.,True,False,2026-09-08T17:55:43.339177
1747551313118859,spam,trung_lap,0.0,none,,[],,"Chị Thảo đánh giá Bảo Việt cá nhân không tốt, so sánh các gói bảo hiểm thai sản của Fusecare, BIC, Sun Life và Pacific Cross, sau đó mời liên hệ để được tư vấn chi tiết.",True,False,2026-09-08T17:55:43.339177
1747581439782513,spam,trung_lap,0.0,none,,[],,Người dùng mời inbox để được Do Anh tư vấn về Bảo Việt.,True,False,2026-09-08T17:55:43.339177
1747595183114472,spam,trung_lap,0.0,none,,[],,"Người dùng so sánh các gói bảo hiểm sức khỏe cho bé của VBI và MIC, khuyên chọn MIC vì điều khoản và phí tốt hơn, đồng thời mời liên hệ để được tư vấn chi tiết.",True,False,2026-09-08T17:55:43.339177
1747630636444260,muon_tu_van,tich_cuc,0.7,none,,[],Cách chọn tư vấn viên bảo hiểm uy tín,Người dùng giới thiệu và đề xuất Zương Zuồi Nguyễn Hoa để tư vấn.,False,False,2026-09-08T17:55:43.339177
1747681159772541,spam,trung_lap,0.0,none,,[],,"Người dùng gợi ý gói bảo hiểm Dai-ichi kết hợp tích lũy và bảo vệ sức khỏe với mức phí 1 triệu/tháng, và mời liên hệ Zalo để nhận phương án cụ thể.",True,False,2026-09-08T17:55:43.339177
1747687993105191,y_kien_trung_lap,trung_lap,0.0,none,,[],,Comment chỉ bao gồm tên 'Nguyễn Thị Thu Thảo'.,False,False,2026-09-08T17:55:43.339177
1747693666437957,spam,trung_lap,0.0,none,,[],,Người dùng mời inbox để được hỗ trợ nếu có duyên và quan tâm.,True,False,2026-09-08T17:55:43.339177
1748259949714662,spam,trung_lap,0.0,none,,[],,"Người dùng tự giới thiệu là tư vấn viên Bảo Việt HCM, thông báo chương trình giảm phí bảo hiểm sức khỏe và mời liên hệ Zalo để được tư vấn.",True,False,2026-09-08T17:55:43.339177
1748354896371834,muon_tu_van,trung_lap,0.0,none,,[],,Người dùng yêu cầu Linh Linh inbox cho mình.,False,False,2026-09-08T17:55:43.339177
1748388136368510,y_kien_trung_lap,tich_cuc,0.6,none,,[],Đánh giá sản phẩm bảo hiểm Sống Xanh,Người dùng gợi ý tham khảo sản phẩm Sống Xanh với mức phí rẻ và quyền lợi tốt.,False,False,2026-09-08T17:55:43.339177
1748446319696025,spam,trung_lap,0.0,none,,[],,Một tư vấn viên Bảo Việt hỏi thông tin về bé và bệnh viện ưu tiên để tư vấn sản phẩm.,False,False,2026-09-08T17:56:10.373622
1747466033127387,spam,trung_lap,0.0,none,,[],,"Một tư vấn viên AIA giới thiệu chi tiết các quyền lợi của thẻ sức khỏe AIA cho bé, so sánh với các công ty khác và mời liên hệ để tư vấn.",False,False,2026-09-08T17:56:10.373622
1747466589793998,spam,trung_lap,0.0,none,,[],,Một tư vấn viên Generali giới thiệu chương trình khuyến mãi 30% phí thẻ sức khỏe cho bé và mời liên hệ để tư vấn chi tiết.,False,False,2026-09-08T17:56:10.373622
1747475709793086,spam,trung_lap,0.0,none,,[],,Một tư vấn viên giới thiệu gói bảo hiểm sức khỏe Manulife cho bé với phí giảm dần hàng năm và mời liên hệ để tham khảo.,False,False,2026-09-08T17:56:10.373622
1747479499792707,spam,trung_lap,0.0,none,,[],,"Một tư vấn viên AIA giới thiệu gói bảo hiểm sức khỏe cho bé 2 tháng tuổi với các quyền lợi nội trú, ngoại trú và ví dụ chi trả thực tế.",False,False,2026-09-08T17:56:10.373622
1747481646459159,spam,trung_lap,0.0,none,,[],,"Một tư vấn viên Dai-ichi Life giới thiệu gói bảo hiểm nhân thọ và thẻ sức khỏe cho bé, kèm thông tin về kinh nghiệm cá nhân và mời liên hệ.",False,False,2026-09-08T17:56:10.373622
1747485119792145,spam,trung_lap,0.0,none,,[],,"Một tư vấn viên Sun Life giới thiệu gói bảo hiểm cho bé với các quyền lợi như không đồng chi trả, chi trả xét nghiệm, giảm phí hàng năm và mời liên hệ.",False,False,2026-09-08T17:56:10.373622
1747489039791753,spam,trung_lap,0.0,none,,[],,"Một tư vấn viên gợi ý tham khảo bảo hiểm Dai-ichi Life bao gồm nội trú, ngoại trú và trợ cấp y tế.",False,False,2026-09-08T17:56:10.373622
1747492973124693,spam,trung_lap,0.0,none,,[],,"Một tư vấn viên Dai-ichi Life giới thiệu gói bảo hiểm sức khỏe cho bé, giải thích quyền lợi ngoại trú 100% và nội trú 70% (có giải pháp bù đắp), và mời kết nối.",False,False,2026-09-08T17:56:10.373622
1747498636457460,spam,trung_lap,0.0,none,,[],,"Một tư vấn viên AIA giới thiệu chi tiết gói bảo hiểm nhân thọ và thẻ sức khỏe cho bé 0-4 tuổi, kèm các quyền lợi và mời liên hệ để tư vấn.",False,False,2026-09-08T17:56:10.373622
1747517389788918,spam,trung_lap,0.0,none,,[],,"Một tư vấn viên AIA giới thiệu gói bảo hiểm nhân thọ và thẻ sức khỏe cho bé 2 tháng tuổi, nhấn mạnh tốc độ xử lý bồi thường và mời liên hệ để so sánh.",False,False,2026-09-08T17:56:10.373622
1747518553122135,spam,trung_lap,0.0,none,,[],,"Một tư vấn viên giới thiệu thẻ sức khỏe đính kèm nhân thọ với ưu điểm cam kết tái tục, không tăng phí hoặc cắt thẻ khi sử dụng nhiều, và mời liên hệ qua Zalo.",False,False,2026-09-08T17:56:10.373622
1747526889787968,spam,trung_lap,0.0,none,,[],,Một tư vấn viên Generali giới thiệu gói bảo hiểm nội trú và ngoại trú cho bé với chương trình hoàn 30% phí và không đồng chi trả.,False,False,2026-09-08T17:56:10.373622
1747531796454144,spam,trung_lap,0.0,none,,[],,"Một tư vấn viên đa hãng hỏi thông tin chi tiết về sức khỏe, nhu cầu y tế, ưu tiên quyền lợi và ngân sách để tư vấn gói bảo hiểm sức khỏe phù hợp cho bé.",False,False,2026-09-08T17:56:10.373622
1747581236449200,spam,trung_lap,0.0,none,,[],,"Một tư vấn viên gợi ý tham khảo bảo hiểm Sun Life với chi phí tối ưu, không đồng chi trả và phí giảm dần, mời inbox để biết chi tiết.",False,False,2026-09-08T17:56:10.373622
1747656843108306,spam,trung_lap,0.0,none,,[],,Một tư vấn viên Generali thông báo về chương trình hoàn 30% phí thẻ cho bé và mời inbox để tư vấn.,False,False,2026-09-08T17:56:10.373622
1747669266440397,so_sanh_chung,trung_lap,0.1,none,,[],So sánh chi tiết thẻ nội trú Generali và Sun Life,Người dùng đang tìm kiếm tư vấn viên để so sánh thẻ bảo hiểm nội trú của Generali và Sun Life.,False,False,2026-09-08T17:56:10.373622
1747681606439163,spam,trung_lap,0.0,none,,[],,Một tư vấn viên Dai-ichi Life giới thiệu gói bảo hiểm kết hợp tích lũy và bảo vệ sức khỏe với ngân sách 1 triệu/tháng và mời gửi phương án qua Zalo.,False,False,2026-09-08T17:56:10.373622
1747748609765796,spam,trung_lap,0.0,none,,[],,"Một tư vấn viên AIA giới thiệu gói bảo hiểm nhân thọ với thời gian đóng phí ngắn, hiệu lực dài và phí rẻ, mời inbox để nhận gói.",False,False,2026-09-08T17:56:10.373622
1747466956460628,spam,trung_lap,0.0,none,,[],,"Một tư vấn viên giới thiệu các gói bảo hiểm thai sản từ Techcom, Fuse và Xanh Hạnh Phúc, cung cấp thông tin về quyền lợi, thời gian chờ và mời liên hệ để tư vấn.",False,False,2026-09-08T17:56:10.373622
1747467966460527,spam,trung_lap,0.0,none,,[],,Người dùng mời inbox để tư vấn.,True,False,2026-09-08T17:56:12.983734
1747468509793806,spam,trung_lap,0.0,none,,[],,Người dùng chia sẻ kinh nghiệm sinh con và mời inbox để tư vấn.,True,False,2026-09-08T17:56:12.983734
1747471186460205,spam,trung_lap,0.0,none,,[],,Người dùng giới thiệu các gói thai sản và mời liên hệ để được tư vấn.,True,False,2026-09-08T17:56:12.983734
1747478196459504,spam,trung_lap,0.0,none,,[],,"Người dùng chia sẻ kinh nghiệm sinh con và bồi thường, mời inbox để tư vấn.",True,False,2026-09-08T17:56:12.983734
1747492786458045,spam,trung_lap,0.0,none,,[],,Người dùng giới thiệu bảo hiểm thai sản Daiichi với quyền lợi chi trả 100%.,True,False,2026-09-08T17:56:12.983734
1747506316456692,spam,trung_lap,0.0,none,,[],,"Người dùng cho biết khách hàng của họ đã sinh ở Hồng Ngọc, Việt Pháp và mời liên hệ để tham khảo.",True,False,2026-09-08T17:56:12.983734
1747507286456595,spam,trung_lap,0.0,none,,[],,"Người dùng giới thiệu chi tiết gói bảo hiểm thai sản Daiichi, tự giới thiệu là tư vấn viên và mời tư vấn.",True,False,2026-09-08T17:56:12.983734
1747517643122226,spam,trung_lap,0.0,none,,[],,Người dùng giới thiệu có đầy đủ các hãng bảo hiểm thai sản và mời liên hệ Zalo để tư vấn.,True,False,2026-09-08T17:56:12.983734
1747547039785953,spam,trung_lap,0.0,none,,[],,Người dùng cung cấp thông tin về các loại bảo hiểm và mời inbox để tư vấn chi tiết.,True,False,2026-09-08T17:56:12.983734
1747552103118780,spam,trung_lap,0.0,none,,[],,Người dùng so sánh chi tiết các gói bảo hiểm thai sản và mời liên hệ để được tư vấn.,True,False,2026-09-08T17:56:12.983734
1747568236450500,y_kien_trung_lap,trung_lap,0.1,none,,[],Cách chọn gói bảo hiểm thai sản tối ưu cho các bệnh viện lớn,Người dùng khuyên chọn gói bảo hiểm hợp lý dựa trên chi phí bệnh viện và giới thiệu một tư vấn viên.,False,False,2026-09-08T17:56:12.983734
1747569523117038,y_kien_trung_lap,trung_lap,0.2,none,,[],Lợi ích của bảo hiểm nhân thọ và sức khỏe dài hạn cho mẹ và bé,Người dùng khuyên nên nghiên cứu bảo hiểm nhân thọ và sức khỏe lâu dài cho mẹ và bé.,False,False,2026-09-08T17:56:12.983734
1747579636449360,spam,trung_lap,0.0,none,,[],,"Người dùng so sánh ngân sách bệnh viện, giới thiệu bảo hiểm thai sản Sun Life và mời inbox để tư vấn.",True,False,2026-09-08T17:56:12.983734
1747590199781637,spam,trung_lap,0.0,none,,[],,Người dùng mời liên hệ và tự nhận là uy tín.,True,False,2026-09-08T17:56:12.983734
1747656093108381,y_kien_trung_lap,trung_lap,0.1,none,,[],Lợi ích của việc mua thẻ bảo hiểm thai sản rời,Người dùng khuyên mua thẻ bảo hiểm thai sản rời và giới thiệu một tư vấn viên.,False,False,2026-09-08T17:56:12.983734
1747663636440960,y_kien_trung_lap,trung_lap,0.2,none,,[],Phân tích gói bảo hiểm thai sản F5 của Fuse cho chi phí sinh ở Vinmec,Người dùng giới thiệu gói bảo hiểm thai sản F5 của Fuse phù hợp với chi phí sinh ở Vinmec.,False,False,2026-09-08T17:56:12.983734
1747680756439248,spam,trung_lap,0.0,none,,[],,"Người dùng tự giới thiệu là tư vấn viên bảo hiểm, cung cấp bảng kê chi phí và mời liên hệ Zalo.",True,False,2026-09-08T17:56:12.983734
1747475539793103,spam,trung_lap,0.0,none,,[],,Comment chỉ chứa một dấu chấm.,False,False,2026-09-08T17:56:12.983734
1747476696459654,spam,trung_lap,0.0,none,,[],,"Người dùng chia sẻ feedback khách hàng và kinh nghiệm cá nhân về bảo hiểm Generali, mời liên hệ để tư vấn.",True,False,2026-09-08T17:56:12.983734
1747481353125855,spam,trung_lap,0.0,none,,[],,"Người dùng giới thiệu sản phẩm bảo hiểm AIA, chia sẻ quyền lợi chi trả và mời liên hệ để tư vấn.",True,False,2026-09-08T17:56:12.983734
1747491063124884,khen,tich_cuc,0.8,none,,[],Kinh nghiệm claim bảo hiểm từ khách hàng thực tế,Khách hàng chia sẻ kinh nghiệm đã claim bảo hiểm từ 3 hãng và đánh giá cao Generali.,False,False,2026-09-08T17:56:23.882114
1747491696458154,spam,trung_lap,0.0,none,,[],,Comment giới thiệu hai tư vấn viên của Generali kèm hashtag nội bộ.,True,True,2026-09-08T17:56:23.882114
1747494023124588,y_kien_trung_lap,trung_lap,0.1,none,,[],,Một lời cảm ơn ngắn gọn.,False,False,2026-09-08T17:56:23.882114
1747494446457879,y_kien_trung_lap,trung_lap,0.1,none,,[],Các gói bảo hiểm sức khỏe với mức phí khác nhau,Comment cung cấp thông tin về các gói bảo hiểm có mức phí thấp từ 6 triệu đến 10 triệu.,True,False,2026-09-08T17:56:23.882114
1747507009789956,y_kien_trung_lap,trung_lap,0.1,none,,[],Các chương trình ưu đãi giảm phí bảo hiểm,Comment thông báo về một chương trình giảm phí thẻ bảo hiểm.,True,False,2026-09-08T17:56:23.882114
1747514703122520,spam,trung_lap,0.0,none,,[],,"Một tư vấn viên AIA giới thiệu sản phẩm bảo hiểm sức khỏe, nhân thọ, và mời liên hệ qua inbox/Zalo để được tư vấn chi tiết.",True,False,2026-09-08T17:56:23.882114
1747517196455604,check_chi_phi,trung_lap,0.0,none,,[],Các chương trình giảm giá cho gói bảo hiểm cao cấp,Khách hàng hỏi về việc gói bảo hiểm cao cấp của Generali có được giảm giá 20% hay không.,False,False,2026-09-08T17:56:23.882114
1747520193121971,spam,trung_lap,0.0,none,,[],,Comment mời inbox để được tư vấn về gói bảo hiểm cao cấp.,True,False,2026-09-08T17:56:23.882114
1747540836453240,spam,trung_lap,0.0,none,,[],,"Một tư vấn viên Daiichi giới thiệu về biểu phí và quyền lợi sản phẩm, đồng thời mời tư vấn.",True,False,2026-09-08T17:56:23.882114
1747550263118964,spam,trung_lap,0.0,none,,[],,"Một chuyên viên Sun Life giới thiệu chi tiết về sản phẩm bảo hiểm nhân thọ và sức khỏe, đồng thời mời liên hệ qua inbox/Zalo để được tư vấn.",True,False,2026-09-08T17:56:23.882114
1747570383116952,y_kien_trung_lap,trung_lap,0.1,none,,[],,Một lời cảm ơn ngắn gọn kèm hashtag.,True,False,2026-09-08T17:56:23.882114
1747570826450241,spam,trung_lap,0.0,none,,[],,"Comment mời inbox để được hỗ trợ, kèm tên tư vấn viên Generali và hashtag.",True,False,2026-09-08T17:56:23.882114
1747608529779804,spam,trung_lap,0.0,none,,[],,Comment giới thiệu ba tư vấn viên của Generali và đánh giá họ là những người có kinh nghiệm.,True,True,2026-09-08T17:56:23.882114
1747615813112409,y_kien_trung_lap,trung_lap,0.1,none,,[],,Một lời cảm ơn ngắn gọn.,False,False,2026-09-08T17:56:23.882114
1747617299778927,phan_van,trung_lap,0.0,none,,[],Giải thích chi tiết quyền lợi tiền giường và công chăm sóc trong bảo hiểm,"Khách hàng đặt câu hỏi làm rõ về cách chi trả tiền giường và công chăm sóc trong gói bảo hiểm, đặc biệt là mối liên hệ với các hạn mức điều trị.",False,False,2026-09-08T17:56:23.882114
1747617726445551,y_kien_trung_lap,trung_lap,0.1,none,,[],,Một lời cảm ơn ngắn gọn kèm hashtag.,True,False,2026-09-08T17:56:23.882114
1747623769778280,y_kien_trung_lap,trung_lap,0.2,none,,[],So sánh cách chi trả tiền giường và công chăm sóc của các hãng bảo hiểm,"Comment giải thích chi tiết cách Sun Life chi trả tiền giường và công chăm sóc tại bệnh viện, so sánh với các công ty khác và đưa ra ví dụ cụ thể.",True,False,2026-09-08T17:56:23.882114
1747634249777232,y_kien_trung_lap,trung_lap,0.1,none,,[],,Một lời cảm ơn ngắn gọn.,False,False,2026-09-08T17:56:23.882114
1748471913026799,spam,trung_lap,0.0,none,,[],,"Một tư vấn viên giới thiệu thẻ sức khỏe AIA với quyền lợi tốt nhất thị trường, đồng thời mời liên hệ để được tư vấn chi tiết về nhu cầu và ngân sách.",True,False,2026-09-08T17:56:23.882114
1747510386456285,y_kien_trung_lap,trung_lap,0.0,none,,[],,Comment thể hiện sự mong đợi.,False,False,2026-09-08T17:56:23.882114
1747524663121524,phan_van,trung_lap,0.0,none,,[],so sanh diem manh diem yeu cac cong ty bao hiem,Người dùng mong đợi nội dung phân tích điểm yếu của các công ty bảo hiểm và chia sẻ sự phân vân khi so sánh các hợp đồng.,False,False,2026-09-08T17:56:33.490311
1747533633120627,muon_tu_van,tich_cuc,0.5,none,,[],huong dan tham gia su kien,Người dùng hỏi cách thức để nhận link tham gia sự kiện Zoom.,False,False,2026-09-08T17:56:33.490311
1747534176453906,y_kien_trung_lap,trung_lap,0.0,none,,[],huong dan tham gia su kien,Comment trả lời rằng admin sẽ gửi link tham gia Zoom trước giờ sự kiện.,False,False,2026-09-08T17:56:33.490311
1747555509785106,khen,tich_cuc,0.8,none,,[],,Người dùng bày tỏ sự ngưỡng mộ và khen ngợi Nguyễn Thị Kim Ngân.,False,False,2026-09-08T17:56:33.490311
1747558299784827,khen,tich_cuc,0.7,none,,[],,Người dùng bày tỏ sự ngưỡng mộ về kiến thức và kinh nghiệm sâu rộng của người khác trong lĩnh vực bảo hiểm.,False,False,2026-09-08T17:56:33.490311
1747567223117268,y_kien_trung_lap,trung_lap,0.2,none,,[],phan tich so sanh cac cong ty bao hiem,Người dùng bày tỏ sự mong đợi và hứng thú với nội dung phân tích các công ty bảo hiểm.,False,False,2026-09-08T17:56:33.490311
1747575566449767,y_kien_trung_lap,trung_lap,0.0,none,,[],,"Comment chỉ chứa một dấu chấm, thể hiện sự theo dõi bài viết.",False,False,2026-09-08T17:56:33.490311
1747585246448799,y_kien_trung_lap,trung_lap,0.0,none,,[],,"Comment chỉ chứa từ ""Chấm"", thể hiện sự theo dõi bài viết.",False,False,2026-09-08T17:56:33.490311
1747601743113816,y_kien_trung_lap,trung_lap,0.2,none,,[],,Người dùng bày tỏ sự quan tâm mạnh mẽ đến nội dung.,False,False,2026-09-08T17:56:33.490311
1747655449775112,y_kien_trung_lap,trung_lap,0.1,none,,[],,Comment chỉ chứa một biểu tượng cảm xúc.,False,False,2026-09-08T17:56:33.490311
1747721196435204,y_kien_trung_lap,trung_lap,0.0,none,,[],nhung goc nhin moi ve bao hiem,Người dùng nhận xét rằng chủ đề bảo hiểm dù quen thuộc nhưng vẫn luôn hấp dẫn và khơi gợi sự tò mò.,False,False,2026-09-08T17:56:33.490311
1747784739762183,khen,tich_cuc,0.6,none,,[],,Người dùng khen ngợi ảnh và mong muốn Nguyễn Thảo Generali đăng thêm những bộ ảnh tương tự.,False,False,2026-09-08T17:56:33.490311
1747884269752230,y_kien_trung_lap,trung_lap,0.0,none,,[],,"Comment chỉ chứa một dấu chấm, thể hiện sự theo dõi bài viết.",False,False,2026-09-08T17:56:33.490311
1748112333062757,khen,tich_cuc,0.7,none,,[],,Người dùng bày tỏ sự ngưỡng mộ Nguyễn Thị Kim Ngân và hỏi về khả năng tặng hoa online.,False,False,2026-09-08T17:56:33.490311
1748129589727698,y_kien_trung_lap,trung_lap,0.0,none,,[],,Comment phản hồi rằng người nhận sẽ chấp nhận quà tặng offline.,False,False,2026-09-08T17:56:33.490311
1748129793061011,khen,tich_cuc,0.5,none,,[],,Người dùng bày tỏ lời cảm ơn hoặc sự đánh giá cao một cách thân mật.,False,False,2026-09-08T17:56:33.490311
1748143096393014,khen,tich_cuc,0.7,none,,[],,Người dùng bày tỏ sự ấn tượng mạnh mẽ.,False,False,2026-09-08T17:56:33.490311
1748185326388791,y_kien_trung_lap,trung_lap,0.0,none,,[],,"Comment chỉ chứa từ ""Chấm"", thể hiện sự theo dõi bài viết.",False,False,2026-09-08T17:56:33.490311
1748214803052510,y_kien_trung_lap,trung_lap,0.0,none,,[],,Người dùng gắn thẻ và gọi tên một người khác.,False,False,2026-09-08T17:56:33.490311
1748253573048633,y_kien_trung_lap,trung_lap,0.0,none,,[],,"Comment chỉ chứa một dấu chấm, thể hiện sự theo dõi bài viết.",False,False,2026-09-08T17:56:33.490311
1748255823048408,khen,tich_cuc,0.8,none,,[],,Người dùng bày tỏ lời cảm ơn.,False,False,2026-09-08T17:56:47.189270
1748373759703281,khen,tich_cuc,0.7,none,,[],,Người dùng bày tỏ sự ủng hộ.,False,False,2026-09-08T17:56:47.189270
1748386596368664,khen,tich_cuc,0.6,none,,[],,Người dùng thể hiện sự hâm mộ đối với một cá nhân.,False,False,2026-09-08T17:56:47.189270
1748670689673588,y_kien_trung_lap,trung_lap,0.2,none,,[],,Người dùng chia sẻ những điều tâm đắc của mình.,False,False,2026-09-08T17:56:47.189270
1748970389643618,khen,tich_cuc,0.9,none,,[],,Người dùng bày tỏ sự khen ngợi.,False,False,2026-09-08T17:56:47.189270
1749411486266175,khen,tich_cuc,0.95,none,,[],,Người dùng khen ngợi và chúc các tư vấn viên thành công.,False,False,2026-09-08T17:56:47.189270
1749414446265879,khen,tich_cuc,0.8,none,,[],,Người dùng bày tỏ lời cảm ơn.,False,False,2026-09-08T17:56:47.189270
1747690409771616,y_kien_trung_lap,trung_lap,0.3,none,,[],Hướng dẫn chi tiết lộ trình học sản phẩm bảo hiểm cho người mới.,Comment đưa ra lời khuyên về việc tập trung học sản phẩm và điều khoản bảo hiểm trước khi mở rộng sang các sản phẩm khác.,False,False,2026-09-08T17:56:47.189270
1747694569771200,y_kien_trung_lap,trung_lap,0.3,none,,[],Các kỹ năng cần thiết cho tư vấn viên bảo hiểm để hỗ trợ khách hàng.,"Comment chia sẻ các bước cần thiết để tư vấn viên hiểu sản phẩm, hỗ trợ khách hàng và tăng thu nhập.",False,False,2026-09-08T17:56:47.189270
1747694676437856,khen,tich_cuc,0.8,none,,[],,Người dùng bày tỏ lời cảm ơn.,False,False,2026-09-08T17:56:47.189270
1747696579770999,muon_tu_van,trung_lap,0.1,none,,[],Các nguồn tài liệu uy tín để học về kê khai và gỡ loại trừ trong bảo hiểm.,Người dùng hỏi về nguồn tài liệu để học cách kê khai và gỡ loại trừ trong bảo hiểm.,False,False,2026-09-08T17:56:47.189270
1747706939769963,y_kien_trung_lap,trung_lap,0.2,none,,[],,Comment khuyên nên tìm hiểu kỹ sản phẩm chính trước khi học các kiến thức khác.,False,False,2026-09-08T17:56:47.189270
1747712169769440,y_kien_trung_lap,trung_lap,0.2,none,,[],Tầm quan trọng của việc hiểu rõ sản phẩm trước khi tư vấn cho khách hàng.,"Người dùng chia sẻ kinh nghiệm 3 năm làm nghề, chỉ tập trung vào bảo hiểm nhân thọ và một số thẻ rời để đảm bảo hiểu rõ sản phẩm trước khi tư vấn.",False,False,2026-09-08T17:56:47.189270
1747720589768598,phan_van,trung_lap,0.0,none,,[],Lợi ích và mục tiêu khi học thêm về sản phẩm thẻ rời trong bảo hiểm.,Người dùng đặt câu hỏi về mục tiêu và lợi ích của việc học thêm sản phẩm thẻ rời.,False,False,2026-09-08T17:56:47.189270
1747731366434187,y_kien_trung_lap,trung_lap,0.3,none,,[],Tầm quan trọng của việc học kê khai và thẩm định hồ sơ bảo hiểm.,Comment khuyên nên tập trung học kê khai và thẩm định hồ sơ bảo hiểm ở giai đoạn đầu để tránh sai sót.,False,False,2026-09-08T17:56:47.189270
1747734103100580,spam,trung_lap,0.0,none,,[],,"Người dùng ẩn danh gợi ý học từ đồng nghiệp và khóa online, đồng thời kêu gọi inbox để gửi thông tin.",True,False,2026-09-08T17:56:47.189270
1747771576430166,y_kien_trung_lap,trung_lap,0.2,none,,[],Tầm quan trọng của việc phân tích nhân khẩu học để tư vấn bảo hiểm hiệu quả.,"Comment khuyên nên dựa vào nhân khẩu học và tình trạng sức khỏe của khách hàng để tư vấn, tránh chỉ tập trung vào một loại sản phẩm hoặc sản phẩm có phí cao.",False,False,2026-09-08T17:56:47.189270
1747774306429893,y_kien_trung_lap,trung_lap,0.4,none,,[],Hướng dẫn chi tiết cho tư vấn viên mới về việc học sản phẩm và kê khai hồ sơ bảo hiểm.,"Comment đưa ra lời khuyên chi tiết cho tư vấn viên mới về việc tập trung học kỹ sản phẩm, hiểu quyền lợi, điều khoản và cách kê khai hồ sơ yêu cầu bảo hiểm chuẩn xác.",False,False,2026-09-08T17:56:47.189270
1747809496426374,y_kien_trung_lap,trung_lap,0.3,none,,[],,Comment khuyên nên tập trung học kỹ sản phẩm chính trước khi tìm hiểu các sản phẩm khác.,False,False,2026-09-08T17:56:47.189270
1747841873089803,muon_tu_van,trung_lap,0.1,none,,[],,Người dùng yêu cầu được cung cấp thông tin.,False,False,2026-09-08T17:56:47.189270
1747940666413257,y_kien_trung_lap,trung_lap,0.0,none,,[],chien luoc phat trien san pham cho tu van vien,Comment chia sẻ chiến lược tập trung vào sản phẩm chính trước khi mở rộng sang thẻ rời.,True,False,2026-09-08T17:57:12.409690
1748101653063825,spam,trung_lap,0.0,none,,[],,Comment kêu gọi người dùng kiểm tra tin nhắn riêng.,True,False,2026-09-08T17:57:12.409690
1748130979727559,y_kien_trung_lap,trung_lap,0.0,none,,[],dinh huong nghe nghiep tu van bao hiem,"Comment đặt câu hỏi về mục tiêu nghề nghiệp, cá nhân và khách hàng.",True,False,2026-09-08T17:57:12.409690
1748179959722661,y_kien_trung_lap,trung_lap,0.0,none,,[],huong dan tu van vien moi,"Comment khuyên tư vấn viên tập trung nghiên cứu sản phẩm, điều khoản và học thêm y khoa để kê khai, bồi thường.",True,False,2026-09-08T17:57:12.409690
1748286626378661,y_kien_trung_lap,trung_lap,0.0,none,,[],cam nang cho tu van vien bao hiem,"Comment đưa ra lời khuyên chi tiết cho tư vấn viên về việc hiểu sản phẩm, phân tích nhu cầu khách hàng, kê khai trung thực để tránh rủi ro kiện tụng.",True,False,2026-09-08T17:57:12.409690
1747691623104828,y_kien_trung_lap,trung_lap,0.0,none,,[],hieu ve thoi gian cho trong bao hiem,Comment khuyên người dùng cân nhắc thời điểm mua bảo hiểm dựa trên thời gian chờ của gói.,False,False,2026-09-08T17:57:12.409690
1747692456438078,spam,trung_lap,0.0,none,,[],,Comment mời người quan tâm liên hệ để được hỗ trợ chi tiết.,True,False,2026-09-08T17:57:12.409690
1747693663104624,spam,trung_lap,0.0,none,,[],,"Comment khuyên mua bảo hiểm thai sản trước khi mang thai, sau đó quảng cáo gói bảo hiểm và kêu gọi liên hệ qua Zalo.",True,False,2026-09-08T17:57:12.409690
1747697986437525,spam,trung_lap,0.0,none,,[],,"Comment tư vấn về thời điểm mua bảo hiểm thai sản, quyền lợi sinh mổ tại bệnh viện tư và kêu gọi liên hệ Zalo để được tư vấn chi tiết.",True,False,2026-09-08T17:57:12.409690
1747699546437369,spam,trung_lap,0.0,none,,[],,Comment tư vấn thời điểm mua bảo hiểm thai sản và liệt kê các quyền lợi nổi bật của gói bảo hiểm.,True,False,2026-09-08T17:57:12.409690
1747699649770692,spam,trung_lap,0.0,none,,[],,"Comment giới thiệu hai phương án bảo hiểm thai sản, quảng cáo chi tiết sản phẩm Daiichi và mời kết nối để tư vấn.",True,False,2026-09-08T17:57:12.409690
1747710113102979,spam,trung_lap,0.0,none,,[],,Comment khuyên mua bảo hiểm thai sản trước khi mang thai và mời inbox để được tư vấn gói phù hợp.,True,False,2026-09-08T17:57:12.409690
1747722266435097,phan_van,trung_lap,0.0,none,,[],thoi han hieu luc bao hiem thai san,Người dùng hỏi về thời hạn tối đa để mang thai sau khi mua bảo hiểm và liệu bảo hiểm có đủ thời hạn nếu không mang thai trong 1.5 tháng.,False,False,2026-09-08T17:57:12.409690
1747724713101519,spam,trung_lap,0.0,none,,[],,Comment giải thích về việc tái tục bảo hiểm thai sản nếu chưa mang thai trong năm đầu và mời inbox để tư vấn thêm.,True,False,2026-09-08T17:57:12.409690
1747725689768088,spam,trung_lap,0.0,none,,[],,"Comment giải thích về thời hạn bảo hiểm thai sản, so sánh các gói trên thị trường, quảng cáo sản phẩm Sun Life và mời liên hệ để tư vấn.",True,False,2026-09-08T17:57:12.409690
1747745993099391,spam,trung_lap,0.0,none,,[],,Comment quảng cáo thẻ bảo hiểm thai sản Vip của Gen e với quyền lợi chi trả 100% lên đến 60 triệu tại các bệnh viện lớn.,True,False,2026-09-08T17:57:12.409690
1747879326419391,spam,trung_lap,0.0,none,,[],,"Comment khuyên mua bảo hiểm thai sản trước khi mang thai, giới thiệu gói thịnh vượng của Daiichi và mời inbox để tư vấn chi tiết.",True,False,2026-09-08T17:57:12.409690
1747938279746829,spam,trung_lap,0.0,none,,[],,"Comment khuyên mua bảo hiểm thai sản trước khi mang thai, giới thiệu gói thịnh vượng của Daiichi với nhiều quyền lợi và tự giới thiệu là tư vấn viên có kinh nghiệm.",True,False,2026-09-08T17:57:12.409690
1748102663063724,y_kien_trung_lap,trung_lap,0.0,none,,[],,Comment chỉ chứa một tên riêng.,False,False,2026-09-08T17:57:12.409690
1748108106396513,spam,trung_lap,0.0,none,,[],,"Comment tư vấn thời điểm mua bảo hiểm thai sản cho thai tự nhiên và IVF, giới thiệu các gói bảo hiểm phù hợp với bệnh viện tư và mời liên hệ để tư vấn chi tiết.",True,False,2026-09-08T17:57:12.409690
1747757696431554,spam,trung_lap,0.0,none,,[],,Một tư vấn viên AIA giới thiệu chi tiết các quyền lợi nổi bật của thẻ sức khỏe AIA và mời liên hệ để tư vấn thêm.,True,False,2026-09-08T17:57:29.277853
1747801853093805,spam,trung_lap,0.0,none,,[],,Một tư vấn viên AIA giới thiệu các quyền lợi nổi bật của thẻ sức khỏe AIA và mời liên hệ để được đồng hành.,True,False,2026-09-08T17:57:29.277853
1747817456425578,spam,trung_lap,0.0,none,,[],,Người dùng giới thiệu liên hệ với các tư vấn viên của Generali.,True,False,2026-09-08T17:57:29.277853
1747821306425193,y_kien_trung_lap,trung_lap,0.0,none,,[],,Người dùng gửi lời cảm ơn ngắn gọn.,False,False,2026-09-08T17:57:29.277853
1747824646424859,spam,trung_lap,0.0,none,,[],,Một tư vấn viên giải thích quyền lợi nhân đôi hạn mức của thẻ sức khỏe Generali và mời liên hệ để tư vấn chi tiết.,True,False,2026-09-08T17:57:29.277853
1747942443079746,spam,trung_lap,0.0,none,,[],,Một tư vấn viên xác nhận thông tin về quyền lợi nhân đôi hạn mức và mời liên hệ để tìm hiểu thêm.,True,False,2026-09-08T17:57:29.277853
1748085733065417,y_kien_trung_lap,trung_lap,0.0,none,,[],,Người dùng gửi lời cảm ơn ngắn gọn.,False,False,2026-09-08T17:57:29.277853
1748237136383610,spam,trung_lap,0.0,none,,[],,Người dùng giới thiệu liên hệ với các tư vấn viên của Generali.,True,False,2026-09-08T17:57:29.277853
1748239876383336,y_kien_trung_lap,trung_lap,0.0,none,,[],,Một bình luận biểu cảm ngắn gọn.,False,False,2026-09-08T17:57:29.277853
1748244483049542,y_kien_trung_lap,trung_lap,0.0,none,,[],,Người dùng gửi lời cảm ơn ngắn gọn.,False,False,2026-09-08T17:57:29.277853
1748247059715951,y_kien_trung_lap,trung_lap,0.0,none,,[],,Người dùng gửi lời cảm ơn ngắn gọn.,False,False,2026-09-08T17:57:29.277853
1748420159698641,spam,trung_lap,0.0,none,,[],,"Một tư vấn viên so sánh quyền lợi nhân đôi hạn mức của Generali và AIA, đồng thời mời liên hệ để tư vấn chi tiết.",True,False,2026-09-08T17:57:29.277853
1747694333104557,spam,trung_lap,0.0,none,,[],,Một tư vấn viên khuyên tham gia bảo hiểm thai sản trước khi mang thai và mời liên hệ để được tư vấn chi tiết.,True,False,2026-09-08T17:57:29.277853
1747709126436411,y_kien_trung_lap,trung_lap,0.0,none,,[],Thời điểm thích hợp để mua bảo hiểm thai sản cho kế hoạch sinh con trong tương lai,"Bình luận đưa ra lời khuyên về thời điểm tìm hiểu và mua bảo hiểm thai sản, lưu ý về sự thay đổi liên tục của các gói sản phẩm.",True,False,2026-09-08T17:57:29.277853
1747733119767345,spam,trung_lap,0.0,none,,[],,"Một tư vấn viên khuyên về thời điểm mua bảo hiểm thai sản và gợi ý tìm hiểu thêm về bảo hiểm nhân thọ, sức khỏe, kèm theo thông tin liên hệ.",True,False,2026-09-08T17:57:29.277853
1747740439766613,muon_tu_van,trung_lap,0.0,none,,[],Chia sẻ kinh nghiệm mua bảo hiểm thai sản,Người dùng bày tỏ mong muốn được chia sẻ thông tin.,False,False,2026-09-08T17:57:29.277853
1747845426422781,y_kien_trung_lap,trung_lap,0.0,none,,[],Kinh nghiệm chọn thời điểm mua bảo hiểm thai sản hiệu quả,Người dùng khuyên nên tìm hiểu bảo hiểm thai sản gần thời điểm mang thai do các gói thay đổi liên tục và chia sẻ kinh nghiệm về sự biến động của sản phẩm.,False,False,2026-09-08T17:57:29.277853
1747940059746651,y_kien_trung_lap,trung_lap,0.0,none,,[],Khi nào nên tìm hiểu và mua bảo hiểm thai sản?,Bình luận khuyên nên tìm hiểu bảo hiểm thai sản gần thời điểm mang thai do các gói thay đổi liên tục.,True,False,2026-09-08T17:57:29.277853
1748148193059171,spam,trung_lap,0.0,none,,[],,"Một tư vấn viên Dai-ichi giới thiệu các gói bảo hiểm thai sản linh hoạt và khuyên về thời điểm mua, kèm theo thông tin liên hệ.",True,False,2026-09-08T17:57:29.277853
1748159496391374,spam,trung_lap,0.0,none,,[],,"Một tư vấn viên khuyên về thời điểm mua bảo hiểm thai sản và gợi ý tìm hiểu bảo hiểm sức khỏe lâu dài, kèm theo lời mời tư vấn chi tiết.",True,False,2026-09-08T17:57:29.277853
1748169566390367,spam,trung_lap,0.0,none,,[],,"Commenter cung cấp thông tin về thời điểm mua bảo hiểm thai sản, chi phí sinh mổ tại bệnh viện tư và mời inbox để tư vấn thêm.",True,False,2026-09-08T17:57:31.275632
1748179403056050,spam,trung_lap,0.0,none,,[],,Commenter giới thiệu chi tiết gói bảo hiểm thai sản Fusecare của Techcombank với nhiều ưu điểm và mời tư vấn thêm.,True,False,2026-09-08T17:57:31.275632
1748221813051809,spam,trung_lap,0.0,none,,[],,"Commenter khuyên mua bảo hiểm thai sản trước khi mang bầu, giải thích về tái tục và giới thiệu gói thai sản kèm BHNT của Sun Life, mời inbox để tư vấn chi tiết.",True,False,2026-09-08T17:57:31.275632
1748235693050421,spam,trung_lap,0.0,none,,[],,"Commenter liệt kê các quyền lợi của quỹ thai sản như chi phí sinh, biến chứng, khám thai, hỗ trợ IVF và mời liên hệ qua Messenger/Zalo để tư vấn.",True,False,2026-09-08T17:57:31.275632
1748435239697133,khen,tich_cuc,0.7,none,,[],Lợi ích của bảo hiểm BIC cho sinh mổ,Commenter khuyên nên chọn bảo hiểm BIC cho sinh mổ vì có hạn mức chi trả cao theo hạn mức phẫu thuật.,False,False,2026-09-08T17:57:31.275632
1748436699696987,check_chi_phi,trung_lap,0.0,none,,[],Phạm vi chi trả bảo hiểm thai sản cho sinh mổ lần 2 và các dịch vụ kèm theo,"Người dùng hỏi liệu bảo hiểm có chi trả 100% cho các dịch vụ như giảm đau sau mổ, sàng lọc cho bé, lấy máu gót chân, kiểm tra thính lực khi sinh mổ lần 2 tại Vinmec hay không.",False,False,2026-09-08T17:57:31.275632
1748438753030115,spam,trung_lap,0.0,none,,[],,Commenter mời inbox để tư vấn rõ hơn về bảo hiểm kèm theo các trường hợp chi trả thực tế của khách hàng.,True,False,2026-09-08T17:57:31.275632
1748468679693789,spam,trung_lap,0.0,none,,[],,"Commenter khuyên mua bảo hiểm thai sản trước khi thả bầu 1-1.5 tháng, gợi ý tham khảo Affina 100, Pacific Cross và mời nhắn tin để được tư vấn kỹ hơn.",True,False,2026-09-08T17:57:31.275632
1747693206438003,spam,trung_lap,0.0,none,,[],,Commenter tự giới thiệu là tư vấn viên Generali và đề nghị gửi chi tiết quyền lợi nhân đôi hạn mức cùng ví dụ minh họa.,True,False,2026-09-08T17:57:31.275632
1747693826437941,spam,trung_lap,0.0,none,,[],,"Commenter xác nhận quyền lợi nhân đôi hạn mức của Generali áp dụng cho ung thư, đột quỵ, nhồi máu cơ tim một lần duy nhất và mời inbox để tư vấn.",True,False,2026-09-08T17:57:31.275632
1747696463104344,spam,trung_lap,0.0,none,,[],,"Commenter giải thích về quyền lợi nhân đôi hạn mức của Generali và tự giới thiệu là tư vấn viên lâu năm, mời liên hệ Zalo để được hỗ trợ.",True,False,2026-09-08T17:57:31.275632
1747700343103956,spam,trung_lap,0.0,none,,[],,"Commenter giới thiệu người dùng tham khảo các tư vấn viên Generali là Hoa Nguyen, Ngô Thị Thu Thủy và Nguyễn Thảo.",True,False,2026-09-08T17:57:31.275632
1747702126437111,y_kien_trung_lap,trung_lap,0.0,none,,[],,Người dùng gửi lời cảm ơn.,False,False,2026-09-08T17:57:31.275632
1747702993103691,y_kien_trung_lap,trung_lap,0.0,none,,[],Giải thích quyền lợi nhân đôi hạn mức cho bệnh hiểm nghèo,"Commenter xác nhận quyền lợi nhân đôi hạn mức chỉ áp dụng một lần duy nhất khi hết hạn mức cho điều trị ung thư, đột quỵ và nhồi máu cơ tim.",False,False,2026-09-08T17:57:31.275632
1747706619769995,spam,trung_lap,0.0,none,,[],,"Commenter giải thích về quyền lợi nhân đôi hạn mức của Generali cho bệnh hiểm nghèo và các hạng thẻ, mời inbox để chia sẻ chi tiết hơn.",True,False,2026-09-08T17:57:31.275632
1747707059769951,spam,trung_lap,0.0,none,,[],,"Commenter giải thích chi tiết về quyền lợi nhân đôi hạn mức, thời gian sử dụng, cách kích hoạt và so sánh với các công ty bảo hiểm khác, sau đó mời inbox để tư vấn thêm.",True,False,2026-09-08T17:57:31.275632
1747712766436047,spam,trung_lap,0.0,none,,[],,"Commenter so sánh chi tiết quyền lợi nhân đôi hạn mức của Generali và AIA, sau đó mời inbox hoặc Zalo để được tư vấn kỹ hơn.",True,False,2026-09-08T17:57:31.275632
1747712996436024,so_sanh_chung,trung_lap,0.2,none,,[],So sánh quyền lợi nhân đôi hạn mức của Generali và AIA,"Commenter so sánh quyền lợi nhân đôi hạn mức của Generali (một lần, 3 bệnh) và AIA (mọi bệnh, mỗi năm), gợi ý tham khảo AIA nếu quan tâm độ rộng hơn.",False,False,2026-09-08T17:57:31.275632
1747717189768938,y_kien_trung_lap,trung_lap,0.0,none,,[],,Commenter gửi biểu cảm tương tác xã hội.,False,False,2026-09-08T17:57:31.275632
1747718863102104,spam,trung_lap,0.0,none,,[],,"Commenter xác nhận thông tin về quyền lợi nhân đôi của Generali, sau đó giới thiệu và quảng bá chi tiết các ưu điểm của bảo hiểm Sun Life cho gia đình, mời inbox hoặc Zalo để tư vấn.",True,False,2026-09-08T17:57:31.275632
1748174743056516,spam,trung_lap,0.0,none,,[],,Comment quảng cáo chi tiết gói bảo hiểm thai sản Fusecare của Techcombank và mời tư vấn thêm.,True,False,2026-09-08T17:57:51.483556
1748175456389778,spam,trung_lap,0.0,none,,[],,Comment quảng cáo chi tiết gói bảo hiểm thai sản Fusecare của Techcombank và mời tư vấn thêm.,True,False,2026-09-08T17:57:51.483556
1748231709717486,y_kien_trung_lap,trung_lap,0.1,none,,[],thoi diem thich hop mua bao hiem thai san,Comment khuyên nên tìm hiểu và mua bảo hiểm thai sản trước khi thả bầu 3-4 tháng do sản phẩm có thể thay đổi.,True,False,2026-09-08T17:57:51.483556
1748280873045903,phan_van,trung_lap,0.0,none,,[],thoi gian cho bao hiem thai san va quyen loi,Người dùng hỏi liệu tìm hiểu và mua bảo hiểm thai sản trước khi thả bầu có đủ thời gian để hưởng quyền lợi không.,False,False,2026-09-08T17:57:51.483556
1748281596379164,spam,trung_lap,0.0,none,,[],,Comment yêu cầu số điện thoại để kết nối Zalo.,True,False,2026-09-08T17:57:51.483556
1748287999711857,spam,trung_lap,0.0,none,,[],,Comment cung cấp lời khuyên về thời điểm mua bảo hiểm thai sản và kêu gọi liên hệ Zalo để được tư vấn chi tiết.,True,False,2026-09-08T17:57:51.483556
1748289463045044,spam,trung_lap,0.0,none,,[],,Comment cung cấp lời khuyên về thời điểm mua bảo hiểm thai sản và kêu gọi liên hệ Zalo để được tư vấn chi tiết.,True,False,2026-09-08T17:57:51.483556
1748297816377542,y_kien_trung_lap,trung_lap,0.1,none,,[],thoi gian cho cua bao hiem thai san,Comment thông tin về thời gian chờ thông thường của bảo hiểm thai sản là 270 ngày và lời khuyên cho trường hợp bầu nhạy.,False,False,2026-09-08T17:57:51.483556
1748422966365027,y_kien_trung_lap,trung_lap,0.1,none,,[],"lua chon the bao hiem thai san, thoi diem mua bao hiem thai san","Comment hỏi về loại thẻ bảo hiểm quan tâm và khuyên nên tìm hiểu trước khi thả bầu 4 tháng, tham gia trước 1-1.5 tháng để đảm bảo quyền lợi.",True,False,2026-09-08T17:57:51.483556
1747712086436115,y_kien_trung_lap,trung_lap,0.1,none,,[],quy trinh thay doi nghe nghiep trong bao hiem,Comment khuyên người dùng kê khai lại nhóm nghề với công ty hoặc TVV để xem xét phí và đảm bảo quyền lợi.,False,False,2026-09-08T17:57:51.483556
1747727006434623,spam,trung_lap,0.0,none,,[],,Comment hướng dẫn cập nhật nghề nghiệp trên app và kêu gọi liên hệ qua Zalo hoặc hotline để được hỗ trợ.,True,False,2026-09-08T17:57:51.483556
1747805709760086,spam,trung_lap,0.0,none,,[],,"Comment hướng dẫn tải app AIA để cập nhật thông tin và tự giới thiệu là Phương Thúy AIA, mời liên hệ để được hỗ trợ.",True,False,2026-09-08T17:57:51.483556
1747816256425698,spam,trung_lap,0.0,none,,[],,"Comment tự giới thiệu là TVV AIA, cung cấp số Zalo và hướng dẫn chi tiết cách cập nhật nghề nghiệp trên app hoặc liên hệ TVV/hotline.",True,False,2026-09-08T17:57:51.483556
1747864016420922,y_kien_trung_lap,trung_lap,0.1,none,,[],quy trinh thay doi nghe nghiep trong bao hiem,Comment khuyên người dùng nộp thông báo thay đổi nhóm nghề cho công ty để tính toán lại phí bảo hiểm.,True,False,2026-09-08T17:57:51.483556
1747870386420285,y_kien_trung_lap,trung_lap,0.2,none,,[],huong dan cap nhat nghe nghiep voi aia,"Comment hướng dẫn chi tiết các cách cập nhật nghề nghiệp với AIA, bao gồm đến văn phòng, nhờ TVV, gửi tờ khai hoặc gọi hotline.",True,False,2026-09-08T17:57:51.483556
1747938653080125,y_kien_trung_lap,trung_lap,0.1,none,,[],quy trinh khai bao thay doi nghe nghiep,Comment khuyên người dùng khai báo bổ sung về việc thay đổi nghề nghiệp của bố mẹ.,True,False,2026-09-08T17:57:51.483556
1748435403030450,y_kien_trung_lap,trung_lap,0.1,none,,[],lien he ho tro thay doi nghe nghiep bao hiem,Comment khuyên người dùng liên hệ TVV hoặc tổng đài để được hỗ trợ thay đổi nhóm nghề nghiệp.,True,False,2026-09-08T17:57:51.483556
1748436683030322,spam,trung_lap,0.0,none,,[],,Comment mời người dùng inbox để được tư vấn kỹ hơn.,True,False,2026-09-08T17:57:51.483556
1748456566361667,y_kien_trung_lap,trung_lap,0.1,none,,[],anh huong cua thay doi nghe nghiep den phi bao hiem,Comment khuyên người dùng khai báo bổ sung về việc chuyển đổi nghề nghiệp vì có thể bị tăng phí rủi ro.,False,False,2026-09-08T17:57:51.483556
1749275216279802,y_kien_trung_lap,trung_lap,0.1,none,,[],quy trinh khai bao thay doi nghe nghiep,Comment khuyên người dùng làm đơn khai báo đổi nghề nghiệp do có sự thay đổi về rủi ro.,False,False,2026-09-08T17:57:51.483556
1749394642934526,y_kien_trung_lap,trung_lap,0.0,none,,[],hướng dẫn thay đổi nghề nghiệp khi tham gia bảo hiểm,Comment nhắc nhở người dùng khai báo thay đổi nghề nghiệp vì có thể ảnh hưởng đến phí bảo hiểm rủi ro.,False,False,2026-09-08T17:58:04.500459
1747690253104965,so_sanh_chung,trung_lap,0.2,none,,[],cách so sánh bảo hiểm sun life và aia,"Comment khuyên người dùng nên so sánh quyền lợi và điều khoản giữa Sun Life và AIA thay vì chỉ nhìn phí, đồng thời đề nghị phân tích chi tiết nếu người dùng inbox.",True,False,2026-09-08T17:58:04.500459
1747700183103972,phan_van,trung_lap,0.0,none,,[],phân biệt chi trả bảo hiểm bệnh hiểm nghèo và thẻ sức khỏe,"Người dùng muốn bổ sung bảo hiểm bệnh hiểm nghèo, phân vân giữa các bên và hỏi về cơ chế chi trả nếu mua cả bảo hiểm bệnh hiểm nghèo và thẻ sức khỏe.",False,False,2026-09-08T17:58:04.500459
1747701683103822,y_kien_trung_lap,trung_lap,0.1,none,,[],lợi ích khi mua nhiều hợp đồng bảo hiểm bệnh hiểm nghèo,Comment khuyên người dùng nên mua cả hai bảo hiểm bệnh hiểm nghèo nếu có điều kiện vì mỗi loại có quyền lợi riêng và chi trả khoán.,False,False,2026-09-08T17:58:04.500459
1747706779769979,so_sanh_chung,trung_lap,0.2,none,,[],so sánh quyền lợi thẻ sức khỏe aia và sun life,"Comment giải thích sự khác biệt trong quyền lợi chi trả thẻ sức khỏe giữa AIA (chi trả X2 khi đi viện công) và Sun Life (chi trả giới hạn), đồng thời mời inbox để tư vấn cụ thể.",True,False,2026-09-08T17:58:04.500459
1747711246436199,y_kien_trung_lap,trung_lap,0.1,none,,[],cách phân bổ số tiền bảo hiểm giữa các công ty,"Comment khuyên người dùng nên chia số tiền bảo hiểm giữa hai bên vì các sản phẩm có điều khoản và định nghĩa bệnh khác nhau, giúp đảm bảo quyền lợi.",False,False,2026-09-08T17:58:04.500459
1747712299769427,muon_tu_van,trung_lap,0.1,none,,[],cách đọc và phân tích bảng minh họa bảo hiểm,Comment đề nghị người dùng gửi bảng minh họa để được phân tích và cân nhắc.,True,False,2026-09-08T17:58:04.500459
1747712609769396,so_sanh_chung,trung_lap,0.2,none,,[],so sánh phí và thời hạn bảo hiểm bệnh hiểm nghèo của sun life và aia,Comment so sánh về giá và thời gian duy trì của bảo hiểm bệnh hiểm nghèo giữa Sun Life (giữ nguyên giá 20 năm) và AIA (tăng giá theo tuổi nhưng duy trì lâu hơn).,False,False,2026-09-08T17:58:04.500459
1747715266435797,y_kien_trung_lap,trung_lap,0.0,none,,[],lợi ích khi mua nhiều hợp đồng bảo hiểm,Comment đưa ra ý kiến nên mua cả hai sản phẩm bảo hiểm nếu có thể.,False,False,2026-09-08T17:58:04.500459
1747722099768447,so_sanh_chung,trung_lap,0.3,none,,[],so sánh chi tiết bảo hiểm bệnh hiểm nghèo aia và sun life,"Comment so sánh chi tiết AIA và Sun Life về phí, số tiền bảo hiểm, số lượng bệnh, điều kiện chi trả, thời gian chờ và chương trình bác sĩ đồng hành của AIA, đồng thời mời liên hệ để được phân tích kỹ hơn.",True,False,2026-09-08T17:58:04.500459
1747751743098816,khen,tich_cuc,0.6,none,,[],lợi thế bảo hiểm bệnh hiểm nghèo aia cho người trẻ,"Comment khuyên nên chọn AIA để bổ sung bảo hiểm bệnh hiểm nghèo vì phí rẻ khi còn trẻ và quyền lợi chi trả tốt, bao gồm cả những bệnh không có trong danh sách như Covid.",False,False,2026-09-08T17:58:04.500459
1747755169765140,y_kien_trung_lap,trung_lap,0.1,none,,[],lợi ích khi mua nhiều hợp đồng bảo hiểm,Comment khuyên người dùng nên mua cả hai bảo hiểm nếu có điều kiện vì mỗi công ty sẽ chi trả độc lập.,False,False,2026-09-08T17:58:04.500459
1747943699746287,spam,trung_lap,0.0,none,,[],,"Comment giới thiệu chi tiết sản phẩm bảo hiểm bệnh hiểm nghèo của Dai-ichi Life, nêu các quyền lợi và tự giới thiệu là tư vấn viên có kinh nghiệm, mời tư vấn.",True,False,2026-09-08T17:58:04.500459
1748101806397143,spam,trung_lap,0.0,none,,[],,"Comment tự giới thiệu là tư vấn viên AIA và nêu các ưu điểm của bảo hiểm bệnh hiểm nghèo 2.0 của AIA như phí rẻ, bảo vệ cao, thời gian bảo vệ dài và số bệnh được bảo vệ nhiều.",True,False,2026-09-08T17:58:04.500459
1748444909696166,y_kien_trung_lap,trung_lap,0.1,none,,[],cách chọn bảo hiểm phù hợp qua tư vấn viên,"Comment khuyên người dùng nên nhờ tư vấn viên của từng bên để tính toán mức phí, số lượng bệnh và điều kiện chi trả trước khi quyết định.",False,False,2026-09-08T17:58:04.500459
1747736619766995,y_kien_trung_lap,trung_lap,0.1,none,,[],hướng dẫn quy trình bồi thường bảo hiểm tai nạn,"Comment hướng dẫn người dùng nộp hồ sơ bồi thường sau tai nạn và nhấn mạnh tầm quan trọng của hóa đơn, chứng từ nằm viện và tường trình tai nạn.",False,False,2026-09-08T17:58:04.500459
1747787389761918,y_kien_trung_lap,trung_lap,0.0,none,,[],hướng dẫn viết tường trình tai nạn khi yêu cầu bồi thường,Người dùng hỏi làm rõ về khái niệm 'tường trình' trong quy trình yêu cầu chi trả bảo hiểm tai nạn.,False,False,2026-09-08T17:58:04.500459
1747790033094987,y_kien_trung_lap,trung_lap,0.0,none,,[],vai trò của tư vấn viên trong quy trình bồi thường,Comment hỏi người dùng liệu tư vấn viên đã gửi hướng dẫn bồi thường hay chưa.,False,False,2026-09-08T17:58:04.500459
1747942869746370,y_kien_trung_lap,trung_lap,0.0,none,,[],các loại thời gian chờ trong bảo hiểm sức khỏe,Comment hỏi về thời gian mua bảo hiểm và thông báo về thời gian chờ 1 năm đối với trường hợp dây chằng.,False,False,2026-09-08T17:58:04.500459
1748074226399901,y_kien_trung_lap,trung_lap,0.1,none,,[],hướng dẫn bồi thường bảo hiểm cho chấn thương dây chằng và sụn chêm,"Comment giải thích về thời gian chờ đối với tai nạn và trường hợp đặc thù dây chằng/sụn chêm, khuyên làm tường trình để dễ chi trả và mời inbox để được hỗ trợ claim.",True,False,2026-09-08T17:58:04.500459
1747710559769601,spam,trung_lap,0.0,none,,[],,Comment kêu gọi người dùng inbox để được tư vấn.,True,False,2026-09-08T17:58:22.532132
1747712679769389,spam,trung_lap,0.0,none,,[],,"Comment quảng cáo sản phẩm bảo hiểm Generali cho trẻ em, nhấn mạnh quyền lợi chi trả 100% và ưu đãi, kèm thông tin liên hệ của tư vấn viên.",True,False,2026-09-08T17:58:22.532132
1747713159769341,khen,tich_cuc,0.8,none,,[],feedback khach hang ve chi tra bao hiem,Comment chia sẻ phản hồi tích cực về việc Generali chi trả 100% cho khách hàng nhí nằm viện.,True,True,2026-09-08T17:58:22.532132
1747714493102541,spam,trung_lap,0.0,none,,[],,"Comment quảng cáo sản phẩm bảo hiểm Sun Life cho trẻ em, nhấn mạnh quyền lợi chi trả 100%, bảo lãnh viện phí, claim qua app và giảm phí hàng năm, kèm thông tin liên hệ của tư vấn viên.",True,False,2026-09-08T17:58:22.532132
1747718989768758,spam,trung_lap,0.0,none,,[],,Comment kêu gọi người dùng inbox để được tư vấn gói bảo hiểm phù hợp cho bé.,True,False,2026-09-08T17:58:22.532132
1747750893098901,y_kien_trung_lap,trung_lap,0.1,none,,[],so sanh the suc khoe affina,Comment đề xuất tham khảo thẻ sức khỏe của Affina với quyền lợi chi trả 100% không đồng chi trả.,False,False,2026-09-08T17:58:22.532132
1747753903098600,spam,trung_lap,0.0,none,,[],,"Comment đề xuất tham khảo các thẻ bảo hiểm BIC, MSIG, Affina 100 với quyền lợi chi trả 100% và kêu gọi liên hệ tư vấn viên Huỳnh qua Zalo.",True,False,2026-09-08T17:58:22.532132
1747764753097515,y_kien_trung_lap,trung_lap,0.0,none,,[],,Comment đưa ra một câu trả lời ngắn gọn 'Gói này nha bạn' mà không có thêm chi tiết.,False,False,2026-09-08T17:58:22.532132
1747768873097103,y_kien_trung_lap,trung_lap,0.1,none,,[],tu van goi bao hiem generali 10 trieu,Comment khuyên chọn gói bảo hiểm Generali 10 triệu.,False,False,2026-09-08T17:58:22.532132
1747796309761026,phan_van,trung_lap,0.0,none,,[],so sanh quyen loi bao hiem noi tru ngoai tru aia va generali,"Người dùng xin ý kiến so sánh quyền lợi chi trả nội trú và ngoại trú giữa các gói bảo hiểm của AIA và Generali, với mức phí khác nhau.",False,False,2026-09-08T17:58:22.532132
1747798316427492,spam,trung_lap,0.0,none,,[],,"Comment so sánh chi tiết quyền lợi bảo hiểm của Generali và AIA cho trẻ em, đặc biệt nhấn mạnh các ưu điểm của thẻ sức khỏe MR1 của AIA, kèm thông tin liên hệ của tư vấn viên Phương Thúy.",True,False,2026-09-08T17:58:22.532132
1747810383092952,spam,trung_lap,0.0,none,,[],,Comment đề xuất tham khảo thẻ bảo hiểm Sun Life với quyền lợi chi trả 100% chi phí nội/ngoại trú và mức phí từ 9 triệu kèm hợp đồng BHNT.,True,False,2026-09-08T17:58:22.532132
1747816643092326,spam,trung_lap,0.0,none,,[],,"Comment giới thiệu thẻ bảo hiểm Dai-ichi Life cho trẻ em với nhiều ưu điểm về chi phí, quyền lợi và bảo vệ bệnh bẩm sinh, kèm lời mời inbox để tư vấn chi tiết.",True,False,2026-09-08T17:58:22.532132
1747935076413816,spam,trung_lap,0.0,none,,[],,"Comment đề xuất tham khảo bảo hiểm Generali vì không áp dụng đồng chi trả cho trẻ dưới 5 tuổi, kèm lời mời inbox từ tư vấn viên Nguyễn Thảo.",True,False,2026-09-08T17:58:22.532132
1747937626413561,spam,trung_lap,0.0,none,,[],,"Comment so sánh quyền lợi chi trả của Dai-ichi Life cho nội trú và ngoại trú, nhấn mạnh ưu điểm về chi phí và giải pháp bù đắp, kèm thông tin kinh nghiệm và lời mời tư vấn từ tư vấn viên.",True,False,2026-09-08T17:58:22.532132
1747978376409486,y_kien_trung_lap,tich_cuc,0.7,none,,[],huong dan so sanh cac goi bao hiem,"Comment khuyên người dùng nên so sánh chi tiết các quyền lợi, hạn mức và điều khoản loại trừ của hai gói bảo hiểm AIA và Generali thay vì chỉ nhìn vào mức phí, và đề nghị hỗ trợ phân tích.",False,False,2026-09-08T17:58:22.532132
1748025759738081,spam,trung_lap,0.0,none,,[],,Comment kêu gọi người dùng nhắn tin để được tư vấn kỹ hơn về quyền lợi của hai bên bảo hiểm.,True,False,2026-09-08T17:58:22.532132
1748028573071133,spam,trung_lap,0.0,none,,[],,Comment giới thiệu bản thân là tư vấn viên Huyền và mời người dùng nhắn tin qua Messenger hoặc Zalo để được tư vấn phương án bảo hiểm phù hợp.,True,False,2026-09-08T17:58:22.532132
1748111893062801,spam,trung_lap,0.0,none,,[],,"Comment đề xuất tham khảo bảo hiểm Sun Life với quyền lợi chi trả nội trú 100%, ngoại trú linh hoạt, chi trả xét nghiệm âm tính và vitamin, kèm thông tin liên hệ của tư vấn viên Minh Thảo.",True,False,2026-09-08T17:58:22.532132
1748143313059659,y_kien_trung_lap,trung_lap,0.1,none,,[],quyen loi chi tra generali,Comment thông báo rằng Generali chi trả 100%.,False,False,2026-09-08T17:58:22.532132
1748164959724161,spam,trung_lap,0.0,none,,[],,Một tư vấn viên AIA mời liên hệ để được tư vấn về chi trả theo chi phí y tế.,True,False,2026-09-08T17:58:30.745588
1748168779723779,spam,trung_lap,0.0,none,,[],,Một tư vấn viên so sánh sản phẩm AIA có hạn mức cao hơn và mời liên hệ để hỏi thêm.,True,False,2026-09-08T17:58:30.745588
1748211189719538,spam,trung_lap,0.0,none,,[],,Một tư vấn viên Dai-ichi Life giới thiệu chi tiết sản phẩm bảo hiểm sức khỏe cho trẻ em và mời liên hệ.,True,False,2026-09-08T17:58:30.745588
1748216566385667,phan_van,tieu_cuc,-0.7,low,"Người dùng cảm thấy bị ép mua bảo hiểm và gói sản phẩm không phù hợp, gây thiệt hại tài chính.","[""san pham khong phu hop"", ""tu van khong minh bach""]","huong dan chon goi bao hiem phu hop, cach xu ly hop dong bao hiem khong mong muon","Người dùng hối hận vì đã mua gói bảo hiểm không phù hợp do bị ép, cảm thấy thiệt hại tài chính và cần lời khuyên.",False,False,2026-09-08T17:58:30.745588
1748417246365599,spam,trung_lap,0.0,none,,[],,Một tư vấn viên so sánh chính sách chi trả của các hãng bảo hiểm và mời liên hệ để được tư vấn sản phẩm tối ưu.,True,False,2026-09-08T17:58:30.745588
1748432729697384,spam,trung_lap,0.0,none,,[],,Một tư vấn viên Sun Life giới thiệu thẻ CSSK chi trả 100% nội trú và mời liên hệ để tham khảo.,True,False,2026-09-08T17:58:30.745588
1748506189690038,spam,trung_lap,0.0,none,,[],,Một tư vấn viên giới thiệu gói bảo hiểm sức khỏe mini của Cathay chi trả 100% tại cả viện công và tư.,True,False,2026-09-08T17:58:30.745588
1748117769728880,y_kien_trung_lap,trung_lap,0.2,none,,[],"lua chon bao hiem thai san theo benh vien, danh gia goi bao hiem fuse",Người dùng nhận xét gói Fuse khá ổn cho việc sinh nở tại một số bệnh viện cụ thể và khuyên chọn gói theo bệnh viện.,False,False,2026-09-08T17:58:30.745588
1748162166391107,spam,trung_lap,0.0,none,,[],,"Một tư vấn viên giới thiệu gói Fuse Care của Techcom với phí mềm, quyền lợi ổn cho thai sản và khuyến khích mua sớm.",True,False,2026-09-08T17:58:30.745588
1748199686387355,check_chi_phi,trung_lap,0.0,none,,[],"quy trinh boi thuong bao hiem, cac don vi ho tro claim bao hiem",Người dùng hỏi về đơn vị chịu trách nhiệm xử lý bồi thường cho gói bảo hiểm đang được nhắc đến.,False,False,2026-09-08T17:58:30.745588
1748206363053354,spam,trung_lap,0.0,none,,[],,"Một người dùng tự xưng admin đánh giá gói Fuse, gợi ý các gói thai sản khác và hướng dẫn liên hệ để được hỗ trợ.",True,False,2026-09-08T17:58:30.745588
1748212163052774,spam,trung_lap,0.0,none,,[],,Người dùng khuyên liên hệ một cá nhân cụ thể để được tư vấn và so sánh.,True,False,2026-09-08T17:58:30.745588
1748213943052596,spam,trung_lap,0.0,none,,[],,Người dùng khuyên liên hệ một cá nhân tên Zương Zuồi.,True,False,2026-09-08T17:58:30.745588
1748215569719100,khen,tich_cuc,0.8,none,,[],,Người dùng gửi lời cảm ơn đến Cao Thị Linh.,False,False,2026-09-08T17:58:30.745588
1748228713051119,spam,trung_lap,0.0,none,,[],,Người dùng khuyên liên hệ Nguyễn Hoa Zương Zuồi để được tư vấn về thẻ rời.,True,False,2026-09-08T17:58:30.745588
1748264663047524,chinh_sach_quy_trinh_boi_thuong,tieu_cuc,-0.5,low,Quy trình bồi thường không nhanh gọn lẹ.,"[""quy trinh boi thuong lau""]","cai thien quy trinh boi thuong, danh gia quy trinh claim bao hiem",Người dùng nhận xét gói bảo hiểm có phí mềm nhưng quy trình bồi thường không nhanh gọn.,False,False,2026-09-08T17:58:30.745588
1748118113062179,y_kien_trung_lap,trung_lap,0.3,none,,[],"dieu kien chi tra thuoc tang mo mau, hieu ve chi phi y te duoc bao hiem",Người dùng giải thích rằng bảo hiểm chỉ chi trả chi phí y tế cần thiết và hợp lý về mặt y khoa.,True,False,2026-09-08T17:58:30.745588
1748125053061485,phan_van,trung_lap,-0.2,none,,[],"cach xu ly khi don thuoc bi bao hiem tu choi, thong tin ve thuoc va bao hiem","Người dùng không rõ về loại thuốc được kê và phản hồi của bảo hiểm, hỏi liệu có cần hỏi lại bác sĩ.",False,False,2026-09-08T17:58:30.745588
1748127153061275,y_kien_trung_lap,trung_lap,0.3,none,,[],"hieu ve dieu khoan loai tru, cac truong hop bao hiem khong chi tra",Người dùng giải thích rằng bảo hiểm không chi trả thuốc mỡ máu vì chẩn đoán chính là bệnh về môi.,True,False,2026-09-08T17:58:30.745588
1748138499726807,y_kien_trung_lap,trung_lap,0.0,none,,[],,Người dùng cho biết không làm thêm xét nghiệm và sẽ hỏi lại bác sĩ trong lần tái khám tới.,False,False,2026-09-08T17:58:30.745588
1748240353049955,spam,trung_lap,0.0,none,,[],,"Một tư vấn viên AIA giới thiệu chi tiết các quyền lợi và ưu điểm của sản phẩm bảo hiểm AIA cho trẻ em và người lớn, kèm thông tin liên hệ để tư vấn.",False,False,2026-09-08T17:58:53.342034
1748262853047705,spam,trung_lap,0.0,none,,[],,"Một tư vấn viên đưa ra lời khuyên về việc mua bảo hiểm nhân thọ cho mẹ và bé, đồng thời mời liên hệ để được hỗ trợ chi tiết.",False,False,2026-09-08T17:58:53.342034
1748265203047470,check_chi_phi,trung_lap,0.0,none,,[],Giải đáp về các mức phí bảo hiểm và quyền lợi thẻ sức khỏe AIA,Người dùng hỏi liệu sản phẩm bảo hiểm 5 triệu có thể gắn kèm thẻ sức khỏe trọn đời của AIA hay không.,False,False,2026-09-08T17:58:53.342034
1748267366380587,spam,trung_lap,0.0,none,,[],,Một tư vấn viên giải thích các mức thẻ sức khỏe có thể gắn với phí bảo hiểm 5 triệu và mời liên hệ để tham khảo cụ thể.,False,False,2026-09-08T17:58:53.342034
1748318456375478,y_kien_trung_lap,trung_lap,0.0,none,,[],,Người dùng gửi lời cảm ơn.,False,False,2026-09-08T17:58:53.342034
1748340323039958,spam,trung_lap,0.0,none,,[],,"Một tư vấn viên Dai-ichi Life giới thiệu gói bảo hiểm cho mẹ và bé với chi phí và quyền lợi cụ thể, đồng thời mời cung cấp thông tin để tư vấn chi tiết.",False,False,2026-09-08T17:58:53.342034
1748343166373007,phan_van,tieu_cuc,-0.3,low,"Lo ngại về cam kết lâu dài, khó rút lui khỏi hợp đồng.","[""cam ket dai han"", ""kho thoat hop dong""]",Giải đáp những lo ngại về cam kết dài hạn và tính linh hoạt của hợp đồng bảo hiểm,"Người dùng bày tỏ sự hoài nghi về quyền lợi tiền giường bệnh, cho rằng việc tham gia bảo hiểm có thể dẫn đến cam kết khó rút lui.",False,False,2026-09-08T17:58:53.342034
1748667056340618,check_chi_phi,trung_lap,0.0,none,,[],Giải thích về các loại phí bảo hiểm bổ sung và cách tính phí,Người dùng thắc mắc về mức phí 850k cho sản phẩm tử kỳ mua thêm.,False,False,2026-09-08T17:58:53.342034
1748670926340231,y_kien_trung_lap,trung_lap,0.1,none,,[],Phân biệt bảo hiểm tử kỳ gia hạn hàng năm và bảo hiểm nhân thọ gốc,"Một tư vấn viên giải thích rằng sản phẩm tử kỳ 850k là sản phẩm gia hạn hàng năm, chỉ tính phí rủi ro và phí sẽ tăng theo độ tuổi.",False,False,2026-09-08T17:58:53.342034
1748677419672915,y_kien_trung_lap,trung_lap,0.0,none,,[],,Người dùng gửi lời cảm ơn.,False,False,2026-09-08T17:58:53.342034
1748117423062248,spam,trung_lap,0.0,none,,[],,"Một tư vấn viên Sun Life giới thiệu các quyền lợi nổi bật của Sun Life so với các công ty khác, đồng thời mời liên hệ để tư vấn chi tiết.",False,False,2026-09-08T17:58:53.342034
1748126389728018,spam,trung_lap,0.0,none,,[],,"Một tư vấn viên AIA giải thích các quyền lợi nội trú và ngoại trú của AIA, đồng thời mời liên hệ để tư vấn phí dựa trên độ tuổi.",False,False,2026-09-08T17:58:53.342034
1748127166394607,spam,trung_lap,0.0,none,,[],,"Một tư vấn viên so sánh các quyền lợi của AIA và Gen, nhấn mạnh những điểm mạnh của AIA, và mời liên hệ để tư vấn kỹ hơn.",False,False,2026-09-08T17:58:53.342034
1748127853061205,y_kien_trung_lap,trung_lap,0.0,none,,[],Giải thích chi tiết về đồng chi trả và phạm vi bảo hiểm tại các loại bệnh viện của AIA,"Người dùng đính chính rằng AIA chỉ đồng chi trả tại bệnh viện tư, còn bệnh viện công vẫn chi trả 100%.",False,False,2026-09-08T17:58:53.342034
1748127993061191,so_sanh_chung,trung_lap,0.2,none,,[],So sánh chi tiết Gen và AIA: Chọn gói nào phù hợp với từng đối tượng và nhu cầu,"Người dùng so sánh Gen và AIA, cho rằng Gen phù hợp cho bệnh nhẹ và chi phí thấp, còn AIA tốt hơn cho bệnh nặng và dài ngày, tùy thuộc vào đối tượng.",False,False,2026-09-08T17:58:53.342034
1748129243061066,spam,trung_lap,0.0,none,,[],,"Một tư vấn viên so sánh AIA và Gen, nhấn mạnh các ưu điểm của AIA như không giới hạn phụ, bảo vệ đến 100 tuổi, và nhân đôi hạn mức tại bệnh viện công, đồng thời mời liên hệ để tư vấn thêm.",False,False,2026-09-08T17:58:53.342034
1748129579727699,so_sanh_chung,trung_lap,0.1,none,,[],So sánh chi tiết quyền lợi ung thư và giới hạn phụ của AIA và Gen,"Một tư vấn viên so sánh chi tiết quyền lợi của AIA và Gen ở cùng hạn mức, tập trung vào các giới hạn phụ, chi trả ung thư và tiền giường.",False,False,2026-09-08T17:58:53.342034
1748135499727107,so_sanh_chung,trung_lap,0.0,none,,[],Phạm vi chi trả xét nghiệm âm tính của các gói bảo hiểm sức khỏe,Người dùng bổ sung thông tin về việc Gen chi trả các xét nghiệm âm tính liên quan và nhận xét hai công ty tương đương nhau.,False,False,2026-09-08T17:58:53.342034
1748142376393086,phan_van,trung_lap,0.0,none,,[],Hướng dẫn cách đánh giá tổng thể các gói bảo hiểm,Người dùng hỏi về cách thiết kế các gói bảo hiểm và đề xuất đánh giá tổng thể cả hai phương án.,False,False,2026-09-08T17:58:53.342034
1748151129725544,y_kien_trung_lap,trung_lap,0.0,none,,[],,Người dùng thông báo sẽ cung cấp hai mức quyền lợi của gói AIA đã được đề cập trước đó.,False,False,2026-09-08T17:58:53.342034
1748149273059063,chinh_sach_quy_trinh_boi_thuong,tich_cuc,0.8,none,,[],Hướng dẫn giải trình thuốc không phổ biến trong hồ sơ bồi thường,"Commenter hướng dẫn cách giải trình về chức năng của thuốc để công ty bảo hiểm hiểu và chấp nhận chi trả, đồng thời đề nghị hỗ trợ thêm.",True,False,2026-09-08T17:58:58.700094
1748187529721904,y_kien_trung_lap,trung_lap,0.1,none,,[],,Commenter khuyên người hỏi nên hỏi lại bác sĩ để có thêm chẩn đoán liên quan đến thuốc để được chi trả.,False,False,2026-09-08T17:58:58.700094
1748229679717689,y_kien_trung_lap,trung_lap,0.0,none,,[],,Commenter cho biết công ty bảo hiểm sẽ không chi trả nếu chẩn đoán và đơn thuốc điều trị không phù hợp.,False,False,2026-09-08T17:58:58.700094
1748264206380903,y_kien_trung_lap,trung_lap,0.0,none,,[],,Commenter giải thích rằng việc chẩn đoán và thuốc kê đơn không liên quan là lý do không được chi trả bảo hiểm.,False,False,2026-09-08T17:58:58.700094
1748114946395829,y_kien_trung_lap,trung_lap,0.0,none,,[],,"Commenter thông báo rằng bảo hiểm vẫn có thời gian chờ, trừ trường hợp tai nạn.",False,False,2026-09-08T17:58:58.700094
1748116636395660,spam,trung_lap,0.0,none,,[],,"Một chuyên viên Sun Life giới thiệu các quyền lợi của bảo hiểm sức khỏe cho bé sơ sinh, bao gồm nội trú, ngoại trú, xét nghiệm tầm soát và vitamin, đồng thời mời liên hệ để được tư vấn chi tiết.",True,False,2026-09-08T17:58:58.700094
1748117466395577,spam,trung_lap,0.0,none,,[],,Commenter mời inbox để được hỗ trợ về AIA.,True,False,2026-09-08T17:58:58.700094
1748118096395514,y_kien_trung_lap,tich_cuc,0.7,none,,[],Giải thích chi tiết điều khoản loại trừ và thời gian chờ trong bảo hiểm,"Commenter giải thích chi tiết về điều khoản loại trừ, ngày hiệu lực và thời gian chờ của quyền lợi nhân thọ và thẻ sức khỏe, đồng thời mời liên hệ để tư vấn kỹ hơn.",True,False,2026-09-08T17:58:58.700094
1748118633062127,spam,trung_lap,0.0,none,,[],,"Một tư vấn viên đưa ra lời khuyên về việc xây dựng bảo hiểm nền tảng cho mẹ và bổ sung thẻ sức khỏe cho bé sau sinh, nhấn mạnh tầm quan trọng của kê khai sức khỏe trung thực, và mời liên hệ để được tư vấn.",True,False,2026-09-08T17:58:58.700094
1748122239728433,y_kien_trung_lap,tich_cuc,0.6,none,,[],Điều kiện và thời điểm gắn thẻ sức khỏe bổ sung vào hợp đồng bảo hiểm,Commenter khuyên tìm hiểu điều kiện gắn thẻ sức khỏe theo ngày kỷ niệm hợp đồng và thông báo Sun Life cho phép mua thêm theo ngày kỷ niệm hợp đồng tháng.,False,False,2026-09-08T17:58:58.700094
1748123546394969,spam,trung_lap,0.0,none,,[],,Một chuyên viên tư vấn của AIA thông báo chỉ có tai nạn là không có thời gian chờ và mời liên hệ để được tư vấn thêm về thẻ sức khỏe.,True,False,2026-09-08T17:58:58.700094
1748123676394956,spam,trung_lap,0.0,none,,[],,Commenter thông báo tai nạn không có thời gian chờ và giới thiệu một gói bảo hiểm nhân thọ cho mẹ và thẻ cho con.,True,False,2026-09-08T17:58:58.700094
1748124819728175,check_chi_phi,tich_cuc,0.7,none,,[],Bảng phí bảo hiểm nhân thọ và sức khỏe cho các độ tuổi và quyền lợi khác nhau,"Một tư vấn viên AIA giải thích về hiệu lực hợp đồng nhân thọ, điều kiện mua bảo hiểm sức khỏe cho bé sau sinh, và cung cấp mức phí tham khảo cho các độ tuổi, đồng thời mời liên hệ để kiểm tra mức phí phù hợp.",True,False,2026-09-08T17:58:58.700094
1748128079727849,y_kien_trung_lap,tich_cuc,0.7,none,,[],Ảnh hưởng của bệnh có sẵn đến điều khoản và phí bảo hiểm,Một tư vấn viên AIA giải thích về việc mua thẻ sức khỏe cho bé sau sinh và các cân nhắc về loại trừ hoặc tăng phí rủi ro đối với bệnh có sẵn trước khi tham gia bảo hiểm.,True,False,2026-09-08T17:58:58.700094
1748137283060262,y_kien_trung_lap,tich_cuc,0.8,none,,[],Hướng dẫn chuẩn bị bảo hiểm trước và sau sinh cho mẹ và bé,"Commenter khen ngợi việc chuẩn bị bảo hiểm trước sinh, giải thích quy trình thẩm định sức khỏe, hiệu lực hợp đồng và cách gắn thẻ sức khỏe cho bé sau 30 ngày tuổi, đồng thời mời liên hệ để được hỗ trợ lên phương án.",True,False,2026-09-08T17:58:58.700094
1748142789726378,san_pham_giai_phap,tich_cuc,0.7,none,,[],Các quyền lợi nổi bật của thẻ sức khỏe AIA,"Commenter giải thích về điều kiện loại trừ dựa trên tình trạng sức khỏe và giới thiệu thẻ sức khỏe của AIA với nhiều quyền lợi nổi trội như bảo vệ trọn đời, chi trả thực tế, không giới hạn phụ, và quyền lợi thai sản.",True,False,2026-09-08T17:58:58.700094
1748151126392211,y_kien_trung_lap,tich_cuc,0.7,none,,[],Chiến lược tham gia bảo hiểm và bổ sung sản phẩm để tối ưu thẩm định sức khỏe,"Commenter giải thích về quy trình thẩm định sức khỏe ban đầu và khi gắn thêm sản phẩm bổ sung, khuyên nên gắn tất cả sản phẩm mong muốn ngay từ đầu để tránh thẩm định lại nhiều lần.",True,False,2026-09-08T17:58:58.700094
1748157556391568,y_kien_trung_lap,tich_cuc,0.8,none,,[],Quy trình tham gia bảo hiểm nhân thọ và thẻ sức khỏe cho mẹ và bé,"Một tư vấn viên AIA giải thích về việc kê khai tiểu sử khám chữa bệnh khi tham gia bảo hiểm nhân thọ, hiệu lực hợp đồng, và điều kiện gắn thẻ sức khỏe cho bé sau sinh, bao gồm thời gian chờ.",True,False,2026-09-08T17:58:58.700094
1748162379724419,khen,tich_cuc,0.9,none,,[],,Người dùng bày tỏ sự hiểu biết và cảm ơn.,False,False,2026-09-08T17:58:58.700094
1748174406389883,y_kien_trung_lap,tich_cuc,0.7,none,,[],Hướng dẫn về hiệu lực bảo hiểm nhân thọ và điều kiện thêm thẻ sức khỏe cho con,"Commenter giải thích về hiệu lực của bảo hiểm nhân thọ, tầm quan trọng của tiền sử y tế đối với điều khoản loại trừ, và khả năng thêm thẻ sức khỏe cho con sau 30 ngày tuổi, đồng thời mời liên hệ để được hỗ trợ.",True,False,2026-09-08T17:58:58.700094
1748151423058848,spam,trung_lap,0.0,none,,[],,Comment cung cấp chi tiết các quyền lợi của thẻ nội trú tiêu chuẩn của Generali.,True,True,2026-09-08T17:59:15.375595
1748152696392054,y_kien_trung_lap,trung_lap,0.1,none,,[],,Người dùng bày tỏ lời cảm ơn.,False,False,2026-09-08T17:59:15.375595
1748159036391420,so_sanh_chung,tich_cuc,0.3,none,,[],so sanh chi tiet aia va gen,Người dùng nhận định AIA tốt hơn.,False,False,2026-09-08T17:59:15.375595
1748159586391365,y_kien_trung_lap,trung_lap,0.0,none,,[],,Comment chỉ nhắc đến tên AIA.,False,False,2026-09-08T17:59:15.375595
1748160599724597,spam,trung_lap,0.0,none,,[],,"Người dùng so sánh AIA và Generali, nêu ưu nhược điểm của từng bên và tự giới thiệu là TVV AIA mời liên hệ.",True,True,2026-09-08T17:59:15.375595
1748161149724542,y_kien_trung_lap,trung_lap,0.0,none,,[],,Comment chỉ nhắc đến tên AIA.,False,False,2026-09-08T17:59:15.375595
1748163349724322,phan_van,trung_lap,-0.1,none,,"[""dong chi tra"", ""xet nghiem am tinh khong chi tra"", ""chi phi vien phi cao""]","giai thich dong chi tra va xet nghiem am tinh, so sanh quyen loi tre em aia va generali","Người dùng chia sẻ trải nghiệm sử dụng AIA cho con, bày tỏ lo lắng về đồng chi trả và chi phí xét nghiệm âm tính, đang cân nhắc mua thêm thẻ Generali.",False,False,2026-09-08T17:59:15.375595
1748163819724275,spam,trung_lap,0.0,none,,[],,"Phương Thúy AIA giới thiệu chi tiết các đặc điểm nổi bật của thẻ sức khỏe Mr1 AIA, so sánh với Generali và mời liên hệ tư vấn.",True,True,2026-09-08T17:59:15.375595
1748167323057258,spam,trung_lap,0.0,none,,[],,"Vân, TVV AIA, so sánh chi tiết AIA và Generali, nhấn mạnh ưu điểm của AIA và mời liên hệ để tư vấn.",True,True,2026-09-08T17:59:15.375595
1748169909723666,so_sanh_chung,trung_lap,0.1,none,,[],"so sanh aia va gen cho tung truong hop vien cong/tu, quyen loi xet nghiem am tinh","Người dùng so sánh AIA và Generali, cho rằng AIA phù hợp với viện công và BHYT, còn Generali tốt hơn cho viện tư và chi trả xét nghiệm âm tính.",False,False,2026-09-08T17:59:15.375595
1748170586390265,spam,trung_lap,0.0,none,,[],,Comment bổ sung hai điểm mấu chốt về quyền lợi của AIA là nhân đôi hạn mức hàng năm tại bệnh viện công và dịch vụ Teledoc miễn phí.,True,True,2026-09-08T17:59:15.375595
1748173499723307,spam,trung_lap,0.0,none,,[],,"Khánh Hà Bảo hiểm Generali phân tích ưu điểm của Generali cho trẻ dưới 6 tuổi, đặc biệt về chi trả 100% viện tư và xét nghiệm âm tính, và mời liên hệ tư vấn.",True,True,2026-09-08T17:59:15.375595
1748174143056576,so_sanh_chung,tich_cuc,0.4,none,,[],so sanh aia va gen theo do tuoi tre em,"Người dùng chia sẻ kinh nghiệm rằng Generali tốt hơn cho trẻ dưới 6 tuổi, còn AIA tốt hơn khi trẻ trên 6 tuổi và hết đồng chi trả.",False,False,2026-09-08T17:59:15.375595
1748179049722752,spam,trung_lap,0.0,none,,[],,Comment chia sẻ thông tin về việc phí bảo hiểm Generali cho trẻ em sẽ giảm đáng kể khi trẻ tròn 6 tuổi.,True,True,2026-09-08T17:59:15.375595
1748214713052519,so_sanh_chung,tich_cuc,0.3,none,,[],so sanh aia va gen cho tre duoi 6 tuoi,Người dùng nhận định Generali tốt hơn cho trẻ dưới 6 tuổi.,False,False,2026-09-08T17:59:15.375595
1748217253052265,spam,trung_lap,0.0,none,,[],,"Comment so sánh quyền lợi của Generali, AIA và Sun Life, đặc biệt về chi trả viện tư cho trẻ em và xét nghiệm âm tính.",True,True,2026-09-08T17:59:15.375595
1748220093051981,check_chi_phi,trung_lap,0.0,none,,[],thoi gian dong phi bao hiem,Người dùng hỏi về thời gian đóng phí bảo hiểm.,False,False,2026-09-08T17:59:15.375595
1748224779718179,y_kien_trung_lap,trung_lap,0.0,none,,[],,Người dùng trả lời thời gian đóng phí là 20 năm.,False,False,2026-09-08T17:59:15.375595
1748228159717841,y_kien_trung_lap,trung_lap,0.1,none,,[],huong dan lua chon bao hiem theo tai chinh,Người dùng khuyên nên lựa chọn gói bảo hiểm phù hợp với tài chính cá nhân.,False,False,2026-09-08T17:59:15.375595
1748229833051007,check_chi_phi,trung_lap,0.0,none,,[],chi phi khi su dung bao hiem tai vien cong,Người dùng hỏi về chi phí phát sinh nếu mua Generali và đi viện công.,False,False,2026-09-08T17:59:15.375595
1748230869717570,y_kien_trung_lap,trung_lap,0.1,none,,[],Cách tối ưu quyền lợi bảo hiểm khi đi viện,Comment chia sẻ kinh nghiệm về việc sử dụng bảo hiểm và khuyên nên liên hệ tư vấn viên để xác định chi phí trước khi điều trị.,False,False,2026-09-08T17:59:24.065350
1748242946383029,spam,trung_lap,0.0,none,,[],,"Một tư vấn viên tự giới thiệu bản thân, kinh nghiệm và kêu gọi khách hàng liên hệ để được tư vấn về bảo hiểm Generali.",True,False,2026-09-08T17:59:24.065350
1748246683049322,spam,trung_lap,0.0,none,,[],,"Một tư vấn viên AIA tự giới thiệu, cung cấp thông tin liên hệ và giải thích về thời gian đóng phí bảo hiểm nhân thọ, đồng thời kêu gọi inbox để được tư vấn thêm.",True,False,2026-09-08T17:59:24.065350
1748257393048251,spam,trung_lap,0.0,none,,[],,Một tư vấn viên Dai-ichi giới thiệu gói bảo hiểm cho bé kèm theo thông tin cá nhân và kêu gọi khách hàng inbox để được tư vấn.,True,False,2026-09-08T17:59:24.065350
1748258553048135,so_sanh_chung,trung_lap,0.2,none,,[],So sánh chi tiết quyền lợi thẻ sức khỏe AIA và Generali,"Comment so sánh chi tiết các quyền lợi của thẻ bảo hiểm nội trú AIA và Generali, chỉ ra nhiều điểm AIA nhỉnh hơn.",False,False,2026-09-08T17:59:24.065350
1748278656379458,y_kien_trung_lap,trung_lap,0.0,none,,[],,Comment trích dẫn thông tin từ một người dùng khác về mức chi trả tiền giường của Generali là 1.5 triệu.,False,False,2026-09-08T17:59:24.065350
1748279246379399,y_kien_trung_lap,trung_lap,0.0,none,,[],,Comment giải thích rằng việc chi trả theo thực tế tối đa hạn mức thẻ.,False,False,2026-09-08T17:59:24.065350
1748279456379378,check_chi_phi,trung_lap,0.0,none,,[],Quyền lợi bảo hiểm khi khám dịch vụ tại bệnh viện công,"Người dùng hỏi về mức chi trả của Generali khi khám dịch vụ tại bệnh viện công, ví dụ như khám cuối tuần.",False,False,2026-09-08T17:59:24.065350
1748298633044127,y_kien_trung_lap,trung_lap,0.0,none,,[],,Comment thông báo rằng Generali chi trả 80% cho khám ngoại trú với hạng Tiêu Chuẩn và Cao Cấp.,False,False,2026-09-08T17:59:24.065350
1748304359710221,so_sanh_chung,trung_lap,0.1,none,,[],So sánh bảo hiểm Generali và AIA cho trẻ em và người lớn,"Comment so sánh Generali phù hợp hơn cho trẻ em giai đoạn đầu và AIA nhỉnh hơn cho người lớn mắc bệnh nặng, đồng thời khuyên nên tham khảo tư vấn từ cả hai bên.",False,False,2026-09-08T17:59:24.065350
1748382293035761,phan_van,trung_lap,0.0,none,,[],Generali có chi trả ngoại trú không?,Người dùng thắc mắc liệu Generali chỉ chi trả nội trú mà không chi trả ngoại trú và mong muốn được tư vấn viên Generali đính chính.,False,False,2026-09-08T17:59:24.065350
1748415146365809,so_sanh_chung,trung_lap,0.1,none,,[],Chọn bảo hiểm nào cho bé nhỏ: Generali hay các hãng khác?,"Comment nhận định Generali có phần nhỉnh hơn cho bé nhỏ nếu không xét về phí, nhưng cả hai bên đều có quyền lợi tốt và khuyên chọn theo nhu cầu gia đình.",False,False,2026-09-08T17:59:24.065350
1748442106363113,y_kien_trung_lap,trung_lap,0.0,none,,[],,Người dùng hỏi ý kiến về bảng so sánh cơ bản mà mình đã lập.,False,False,2026-09-08T17:59:24.065350
1748446333029357,y_kien_trung_lap,trung_lap,0.0,none,,[],,"Comment giải thích rằng Generali có chi trả ngoại trú nếu khách hàng mua thêm quyền lợi ngoại trú, còn mua nội trú riêng thì không.",False,False,2026-09-08T17:59:24.065350
1748451799695477,spam,trung_lap,0.0,none,,[],,"Comment bổ sung thông tin so sánh trợ cấp nằm viện và hạn mức điều trị giữa AIA, Generali và Sunlife, sau đó kêu gọi inbox/Zalo để gửi bảng so sánh chi tiết hơn.",True,False,2026-09-08T17:59:24.065350
1748490659691591,san_pham_giai_phap,tieu_cuc,-0.7,low,Phàn nàn về quyền lợi chi trả ung thư hạn chế và phí cao của Generali.,"[""quyền lợi ung thư hạn chế"", ""phí bảo hiểm cao""]",So sánh chi trả ung thư của các hãng bảo hiểm,Người dùng thắc mắc về chi trả thuốc đích ngoại trú của Generali và kết luận Generali thua kém các hãng khác về chi trả ung thư và có phí cao.,False,False,2026-09-08T17:59:24.065350
1748688726338451,khen,tich_cuc,0.8,none,,[],,Comment khen ngợi tư vấn viên là người có tâm.,False,False,2026-09-08T17:59:24.065350
1748689953004995,khen,tich_cuc,0.9,none,,[],,Comment bày tỏ lời cảm ơn.,False,False,2026-09-08T17:59:24.065350
1748941209646536,y_kien_trung_lap,trung_lap,0.2,none,,[],Đánh giá quyền lợi ngoại trú của Generali cho trẻ em,Comment nhận định quyền lợi ngoại trú của Generali khá tốt cho trẻ em nếu ít nằm viện và chỉ khám.,False,False,2026-09-08T17:59:24.065350
1749550862918904,y_kien_trung_lap,trung_lap,0.3,none,,[],Chi tiết quyền lợi bảo hiểm ung thư của Generali,"Comment giải thích chi tiết về việc Generali chi trả điều trị ung thư theo chi phí thực tế, quyền lợi nhân đôi hạn mức cho 3 bệnh hiểm nghèo và các điều kiện áp dụng.",False,False,2026-09-08T17:59:24.065350
1749555389585118,y_kien_trung_lap,trung_lap,0.1,none,,[],lam ro quy dinh chi tra bao hiem tai benh vien cong va tu,Comment làm rõ quy định chi trả của Generali đối với dịch vụ tại bệnh viện công và phân biệt với khám tại phòng khám/bệnh viện tư nhân quốc tế.,False,False,2026-09-08T17:59:42.458627
1749556962918294,spam,trung_lap,0.0,none,,[],,"Comment kêu gọi người dùng nhắn tin riêng để được hỗ trợ, kèm theo thông tin đại lý.",True,False,2026-09-08T17:59:42.458627
1749557692918221,spam,trung_lap,0.0,none,,[],,"Comment trả lời ngắn gọn về chi trả ngoại trú, kèm theo hashtag đại lý.",True,False,2026-09-08T17:59:42.458627
1749597029580954,phan_van,trung_lap,0.0,none,,[],phan biet quyen loi noi tru va ngoai tru trong bao hiem,"Người dùng hỏi để xác nhận thông tin về việc chi trả nội trú và ngoại trú, đồng thời so sánh với các công ty bảo hiểm khác.",False,False,2026-09-08T17:59:42.458627
1749598919580765,phan_van,trung_lap,0.0,none,,[],lam ro cac gioi han chi tra trong hop dong bao hiem,"Người dùng đặt câu hỏi để làm rõ về giới hạn chi trả, phản bác lại một tuyên bố trước đó.",False,False,2026-09-08T17:59:42.458627
1749712886236035,dich_vu_tu_van,tieu_cuc,-0.4,low,nghi ngo tu van sai thong tin,"[""tu van sai thong tin"", ""khong minh bach dieu khoan""]",quy dinh chi tra thuoc dich va dieu tri ung thu ngoai tru,Người dùng đặt câu hỏi về tính chính xác của thông tin tư vấn từ một đại lý Generali liên quan đến chi trả điều trị ung thư bằng thuốc đích và các điều khoản nội trú/ngoại trú.,False,False,2026-09-08T17:59:42.458627
1749713566235967,dich_vu_tu_van,tieu_cuc,-0.4,low,nghi ngo tu van sai thong tin,"[""tu van sai thong tin"", ""khong minh bach dieu khoan""]",quy dinh chi tra thuoc dich va dieu tri ung thu ngoai tru,Người dùng đặt câu hỏi về tính chính xác của thông tin tư vấn từ một đại lý Generali liên quan đến chi trả điều trị ung thư bằng thuốc đích và các điều khoản nội trú/ngoại trú.,False,False,2026-09-08T17:59:42.458627
1749812286226095,dich_vu_tu_van,tieu_cuc,-0.4,low,nghi ngo tu van sai thong tin,"[""tu van sai thong tin"", ""khong minh bach dieu khoan""]",quy dinh chi tra thuoc dich va dieu tri ung thu ngoai tru,Người dùng đặt câu hỏi về tính chính xác của thông tin tư vấn từ một đại lý Generali liên quan đến chi trả điều trị ung thư bằng thuốc đích và các điều khoản nội trú/ngoại trú.,False,False,2026-09-08T17:59:42.458627
1749853676221956,y_kien_trung_lap,trung_lap,0.1,none,,[],lam ro cach tinh han muc chi tra giuong benh trong bao hiem,Comment giải thích về việc các công ty bảo hiểm giới hạn chi trả giường bệnh theo tiêu chuẩn bệnh viện chứ không phải theo hạn mức thẻ tối đa.,False,False,2026-09-08T17:59:42.458627
1749878322886158,y_kien_trung_lap,trung_lap,0.2,none,,[],cac truong hop chi tra thuoc dich trong dieu tri ung thu,"Comment xác nhận Generali chi trả thuốc đích theo điều trị nội trú và chi phí thực tế cho ung thư, dẫn chứng bằng trường hợp khách hàng đã được chi trả.",False,False,2026-09-08T17:59:42.458627
1749882072885783,y_kien_trung_lap,trung_lap,0.2,none,,[],hieu ro dieu khoan chi tra ung thu theo phac do dieu tri,"Comment giải thích rằng việc chi trả điều trị ung thư phụ thuộc vào điều khoản của công ty và phác đồ điều trị, không phân biệt nội trú hay ngoại trú, và dẫn chứng bằng trường hợp khách hàng Generali.",False,False,2026-09-08T17:59:42.458627
1749890369551620,y_kien_trung_lap,trung_lap,0.1,none,,[],tim hieu thong tin chi tra bao hiem qua cac nguon uy tin,Comment khẳng định Generali có chi trả thuốc đích ngoại trú và khuyến khích người dùng tìm kiếm thông tin trên báo chí để xác minh.,False,False,2026-09-08T17:59:42.458627
1749892622884728,y_kien_trung_lap,trung_lap,0.1,none,,[],cau chuyen khach hang duoc chi tra bao hiem ung thu,Comment giới thiệu một nhân chứng cụ thể để xác minh thông tin về việc chi trả điều trị ung thư bằng thuốc đích.,False,False,2026-09-08T17:59:42.458627
1749893746217949,y_kien_trung_lap,trung_lap,0.0,none,,[],,Comment ngắn gọn mang tính tương tác cá nhân.,False,False,2026-09-08T17:59:42.458627
1749894559551201,spam,trung_lap,0.0,none,,[],,"Comment chia sẻ một liên kết bài viết cá nhân để chứng minh thông tin, kèm lời kêu gọi tương tác.",True,False,2026-09-08T17:59:42.458627
1748309129709744,y_kien_trung_lap,trung_lap,0.0,none,,[],,Comment ngắn gọn biểu thị sự đồng ý.,False,False,2026-09-08T17:59:42.458627
1749420539598603,y_kien_trung_lap,trung_lap,0.1,none,,[],,Comment cảm ơn những người đã tham gia khảo sát và kêu gọi thêm người khác hoàn thành khảo sát để đạt mục tiêu.,False,False,2026-09-08T17:59:42.458627
1749421819598475,y_kien_trung_lap,trung_lap,0.1,none,,[],,Comment cảm ơn một người đã tham gia khảo sát.,True,False,2026-09-08T17:59:42.458627
1748293139711343,spam,trung_lap,0.0,none,,[],,"Comment tự giới thiệu là đại lý Generali, cung cấp thông tin liên hệ và kêu gọi người dùng nhắn tin để được tư vấn.",True,False,2026-09-08T17:59:42.458627
1748293353044655,spam,trung_lap,0.0,none,,[],,"Comment liệt kê các ưu điểm nổi bật của thẻ bảo hiểm Generali, bao gồm không đồng chi trả, hạn mức cao và chi trả điều trị ung thư.",True,False,2026-09-08T17:59:42.458627
1748293953044595,y_kien_trung_lap,trung_lap,0.0,none,,[],,Người dùng xác nhận địa điểm.,False,False,2026-09-08T17:59:57.522131
1748310813042909,spam,trung_lap,0.0,none,,[],,"Một tư vấn viên Daiichi giới thiệu bản thân, kinh nghiệm và các sản phẩm, quyền lợi của Daiichi, mời kết nối để tư vấn.",True,False,2026-09-08T17:59:57.522131
1748314133042577,spam,trung_lap,0.0,none,,[],,"Một tư vấn viên Generali giới thiệu sản phẩm, ưu đãi và mời liên hệ để tư vấn.",True,False,2026-09-08T17:59:57.522131
1748326036374720,spam,trung_lap,0.0,none,,[],,Một tư vấn viên mời người dùng inbox để được tư vấn gói bảo hiểm phù hợp.,True,False,2026-09-08T17:59:57.522131
1748333866373937,spam,trung_lap,0.0,none,,[],,Một tư vấn viên đưa ra các tiêu chí cần xem xét khi chọn bảo hiểm sức khỏe và mời người dùng inbox để được tư vấn đa hãng.,True,False,2026-09-08T17:59:57.522131
1748341769706480,spam,trung_lap,0.0,none,,[],,"Một tư vấn viên Daiichi giới thiệu bản thân, sản phẩm An Phát Đầu Tư Thịnh Vượng và mời inbox để tư vấn chi tiết.",True,False,2026-09-08T17:59:57.522131
1748342049706452,spam,trung_lap,0.0,none,,[],,Người dùng chia sẻ một liên kết tham khảo đến trang tư vấn tài chính của Dai-ichi Life.,True,False,2026-09-08T17:59:57.522131
1748360869704570,spam,trung_lap,0.0,none,,[],,"Một tư vấn viên Daiichi giới thiệu kinh nghiệm, chia sẻ câu chuyện chi trả bồi thường và các quyền lợi sản phẩm, mời tư vấn.",True,False,2026-09-08T17:59:57.522131
1748403699700287,spam,trung_lap,0.0,none,,[],,"Một tư vấn viên đa hãng giới thiệu kinh nghiệm, mời người dùng chia sẻ nhu cầu và ngân sách để được tư vấn sản phẩm tối ưu, kèm số điện thoại liên hệ.",True,False,2026-09-08T17:59:57.522131
1748434933030497,spam,trung_lap,0.0,none,,[],,"Một tư vấn viên mời người dùng tham khảo Sun Life, giới thiệu các quyền lợi sản phẩm và mời inbox để nhận phương án chi tiết.",True,False,2026-09-08T17:59:57.522131
1748516716355652,spam,trung_lap,0.0,none,,[],,"Một tư vấn viên gợi ý gói Daiichi kết hợp tích lũy và bảo vệ sức khỏe với ngân sách 1 triệu/tháng, mời liên hệ Zalo để nhận phương án cụ thể.",True,False,2026-09-08T17:59:57.522131
1749005902973400,spam,trung_lap,0.0,none,,[],,"Một tư vấn viên mời người dùng inbox để được hỗ trợ, giới thiệu kinh nghiệm chăm sóc hợp đồng tại Hải Phòng.",True,False,2026-09-08T17:59:57.522131
1749271819613475,spam,trung_lap,0.0,none,,[],,"Một tư vấn viên mời người dùng inbox để được tư vấn tận tâm, nhấn mạnh kinh nghiệm phục vụ khách hàng tại Hải Phòng.",True,False,2026-09-08T17:59:57.522131
1751029869437670,spam,trung_lap,0.0,none,,[],,Một tư vấn viên Generali giới thiệu kinh nghiệm làm việc với khách hàng Hải Phòng và mời người dùng tham khảo sản phẩm của Gen.,True,False,2026-09-08T17:59:57.522131
1751203869420270,spam,trung_lap,0.0,none,,[],,Người dùng giới thiệu một số tư vấn viên từ các công ty bảo hiểm khác nhau tại Hải Phòng để tham khảo.,False,True,2026-09-08T17:59:57.522131
1748657383008252,spam,trung_lap,0.0,none,,[],,Một tư vấn viên giới thiệu sản phẩm bảo hiểm sức khỏe Pacific Cross và mời người dùng nhắn tin để được tư vấn quyền lợi và bảng phí.,True,False,2026-09-08T17:59:57.522131
1749274842946506,spam,trung_lap,0.0,none,,[],,Người dùng giới thiệu hai cá nhân tên Nguyễn Hoa và Zương Zuồi.,False,True,2026-09-08T17:59:57.522131
1749395972934393,spam,trung_lap,0.0,none,,[],,Một tư vấn viên đưa ra các tiêu chí cần xem xét khi chọn bảo hiểm sức khỏe và mời người dùng inbox để được tư vấn đa hãng.,True,False,2026-09-08T17:59:57.522131
1749574269583230,spam,trung_lap,0.0,none,,[],,Người dùng giới thiệu chuyên gia cho Pacific Cross nhưng sau đó tập trung quảng bá thẻ Sống Chất của Sun Life với nhiều ưu điểm cho mẹ và bé.,True,False,2026-09-08T17:59:57.522131
1750090986198225,spam,trung_lap,0.0,none,,[],,Người dùng gợi ý liên hệ với Zương Zuồi và Nguyễn Hoa để được hỗ trợ.,False,True,2026-09-08T17:59:57.522131
1748302293043761,spam,trung_lap,0.0,none,,[],,Comment trống rỗng.,False,False,2026-09-08T18:00:04.812502
1748303589710298,y_kien_trung_lap,trung_lap,0.0,none,,[],,Người dùng hỏi về lịch sử bồi thường của gia đình.,False,False,2026-09-08T18:00:04.812502
1748303813043609,spam,trung_lap,0.0,none,,[],,Người dùng mời hỗ trợ.,True,False,2026-09-08T18:00:04.812502
1748305476376776,y_kien_trung_lap,trung_lap,0.1,none,,[],so sanh bao hiem phi nhan tho va nhan tho,Người dùng khuyên nên mua bảo hiểm nhân thọ kèm thẻ sức khỏe.,False,False,2026-09-08T18:00:04.812502
1748305626376761,y_kien_trung_lap,trung_lap,0.0,none,,[],cac yeu to anh huong den phi bao hiem,Người dùng giải thích tỷ lệ bồi thường cao có thể dẫn đến tăng phí.,False,False,2026-09-08T18:00:04.812502
1748311686376155,spam,trung_lap,0.0,none,,[],,Người dùng giới thiệu một tư vấn viên cụ thể.,True,False,2026-09-08T18:00:04.812502
1748313529709304,dich_vu_tu_van,tieu_cuc,-0.4,low,Nghi ngờ TVV gian lận chiết khấu.,"[""tvv cat hoa hong"", ""giam chiet khau""]",,Người dùng nghi ngờ tư vấn viên tự cắt hoa hồng khi tái tục hợp đồng VBI.,False,False,2026-09-08T18:00:04.812502
1748314396375884,spam,trung_lap,0.0,none,,[],,Admin giải thích chính sách tái tục VBI và giới thiệu tư vấn viên.,True,False,2026-09-08T18:00:04.812502
1748317836375540,dich_vu_tu_van,tieu_cuc,-0.6,low,Xác nhận TVV tự cắt hoa hồng.,"[""tvv cat hoa hong""]",,Người dùng xác nhận tư vấn viên đã tự cắt hoa hồng của khách hàng.,False,False,2026-09-08T18:00:04.812502
1748319686375355,spam,trung_lap,0.0,none,,[],,Người dùng chào bán sản phẩm với ưu đãi 30% và mời inbox.,True,False,2026-09-08T18:00:04.812502
1748321333041857,y_kien_trung_lap,trung_lap,0.2,none,,[],chi tiet chinh sach giam phi tai tuc VBI,Người dùng cung cấp quy định cụ thể về mức giảm phí của VBI.,False,False,2026-09-08T18:00:04.812502
1748321833041807,khen,tich_cuc,0.8,none,,[],,Người dùng bày tỏ sự cảm ơn.,False,False,2026-09-08T18:00:04.812502
1748322229708434,khen,tich_cuc,0.8,none,,[],,Người dùng bày tỏ sự cảm ơn.,False,False,2026-09-08T18:00:04.812502
1748333283040662,y_kien_trung_lap,trung_lap,0.1,none,,[],,Người dùng cung cấp thông tin về chính sách giảm phí VBI và hỏi về hoa hồng.,False,False,2026-09-08T18:00:04.812502
1748206073053383,spam,trung_lap,0.0,none,,[],,Người dùng giới thiệu một tư vấn viên cụ thể.,True,False,2026-09-08T18:00:04.812502
1748212603052730,spam,trung_lap,0.0,none,,[],,Người dùng khuyên gọi công ty kiểm tra vào ngày kỷ niệm hợp đồng.,True,False,2026-09-08T18:00:04.812502
1748216499719007,san_pham_giai_phap,tieu_cuc,-0.8,low,"Cảm thấy bị ép mua bảo hiểm không phù hợp, quyền lợi thấp.","[""san pham khong phu hop"", ""bi ep mua bao hiem""]",huong dan chon goi bao hiem phu hop,"Người dùng hối hận vì mua gói bảo hiểm không phù hợp, cảm thấy bị ép và thiếu hiểu biết.",False,False,2026-09-08T18:00:04.812502
1748219329718724,khen,tich_cuc,0.8,none,,[],,Người dùng bày tỏ sự cảm ơn.,False,False,2026-09-08T18:00:04.812502
1748228409717816,y_kien_trung_lap,trung_lap,0.0,none,,[],,Người dùng khuyên liên hệ trực tiếp công ty.,False,False,2026-09-08T18:00:04.812502
1748264939714163,spam,trung_lap,0.0,none,,[],,Người dùng khuyên gọi tổng đài để hỏi.,True,False,2026-09-08T18:00:04.812502
1748410029699654,spam,trung_lap,0.0,none,,[],,Một người dùng đề nghị hỗ trợ nếu người khác chưa được hỗ trợ.,True,False,2026-09-08T18:00:13.285248
1748183966388927,y_kien_trung_lap,trung_lap,0.0,none,,[],,Người dùng hỏi về lý do từ chối bồi thường được ghi trên thư.,False,False,2026-09-08T18:00:13.285248
1748186263055364,spam,trung_lap,0.0,none,,"[""tu choi boi thuong""]",,Người dùng nhận định việc từ chối bồi thường là phổ biến và hướng dẫn inbox một người khác để được hỗ trợ.,True,False,2026-09-08T18:00:13.285248
1748188313055159,spam,trung_lap,0.0,none,,[],,Người dùng tự giới thiệu tên.,True,False,2026-09-08T18:00:13.285248
1748189529721704,spam,trung_lap,0.0,none,,[],,Người dùng hướng dẫn inbox ban cố vấn chuyên môn để được hỗ trợ và chúc thai kỳ khỏe mạnh.,True,False,2026-09-08T18:00:13.285248
1748191143054876,chinh_sach_quy_trinh_boi_thuong,trung_lap,0.0,none,,[],Giải thích phạm vi bảo hiểm siêu âm 4D/5D,"Người dùng giải thích rằng việc từ chối chi trả siêu âm 5D là do không có chỉ định cần thiết và 4D là đủ, phù hợp với quy định.",False,False,2026-09-08T18:00:13.285248
1748211766386147,spam,trung_lap,0.0,none,,[],,Người dùng hướng dẫn inbox một người cụ thể để được hỗ trợ.,True,False,2026-09-08T18:00:13.285248
1748226016384722,khen,tich_cuc,0.8,none,,[],,Người dùng bày tỏ lòng biết ơn.,False,False,2026-09-08T18:00:13.285248
1748226159718041,khen,tich_cuc,0.8,none,,[],,Người dùng bày tỏ lòng biết ơn đến quản trị viên.,False,False,2026-09-08T18:00:13.285248
1748226819717975,y_kien_trung_lap,trung_lap,0.0,none,,[],So sánh kinh nghiệm chi trả giữa các sản phẩm bảo hiểm,Người dùng chia sẻ kinh nghiệm về việc bán sản phẩm Fusecare và việc chi trả của Techcombank.,False,False,2026-09-08T18:00:13.285248
1748227483051242,spam,trung_lap,0.0,none,,[],,Người dùng đề nghị đưa thư hoặc inbox một người cụ thể để được hỗ trợ.,True,False,2026-09-08T18:00:13.285248
1748265423047448,chinh_sach_quy_trinh_boi_thuong,trung_lap,0.0,none,,[],Giải thích điều khoản chi trả siêu âm 4D và 5D,"Người dùng giải thích rằng việc chi trả chỉ áp dụng cho siêu âm 4D theo điều khoản, nên siêu âm 5D bị từ chối.",False,False,2026-09-08T18:00:13.285248
1748364163037574,chinh_sach_quy_trinh_boi_thuong,trung_lap,0.0,none,,[],Lưu ý khi chọn bảo hiểm về danh mục chi trả siêu âm 5D,Người dùng giải thích việc từ chối chi trả siêu âm 5D do không nằm trong danh mục bảo hiểm và khuyên nên chú ý các mục này khi chọn bảo hiểm.,False,False,2026-09-08T18:00:13.285248
1748309549709702,khen,tich_cuc,0.7,none,,[],,Người dùng bày tỏ sự đồng tình và cho rằng điều đó là hợp lý.,False,False,2026-09-08T18:00:13.285248
1748311913042799,spam,trung_lap,0.0,none,,[],,"Người dùng so sánh quy định gắn thẻ cho bé giữa AIA và Generali, đồng thời mời liên hệ để được hỗ trợ.",True,False,2026-09-08T18:00:13.285248
1748312949709362,khen,tich_cuc,0.7,none,,[],,Người dùng bày tỏ sự đồng tình và cho rằng điều đó là hợp lý.,False,False,2026-09-08T18:00:13.285248
1748315279709129,khen,tich_cuc,0.6,none,,[],,Người dùng đồng tình và cho rằng việc gắn thẻ sức khỏe là ổn.,False,False,2026-09-08T18:00:13.285248
1748315476375776,spam,trung_lap,0.0,none,,[],,"Người dùng xác nhận việc gắn thẻ cho bé qua AIA là hợp lý và có thể làm online, đồng thời mời inbox để được hướng dẫn.",True,False,2026-09-08T18:00:13.285248
1748336749706982,khen,tich_cuc,0.6,none,,[],,Người dùng bày tỏ sự đồng tình và cho rằng điều đó là ổn.,False,False,2026-09-08T18:00:13.285248
1748339963039994,khen,tich_cuc,0.5,none,,[],,Người dùng bày tỏ sự đồng tình và cho rằng điều đó là hợp lý.,False,False,2026-09-08T18:00:13.285248
1748349589705698,spam,trung_lap,0.0,none,,[],,Một tư vấn viên bảo hiểm AIA tự giới thiệu và cung cấp thông tin chi tiết về việc gắn thêm bảo hiểm cho bé.,True,False,2026-09-08T18:00:29.923367
1748350969705560,spam,trung_lap,0.0,none,,[],,Người dùng đồng tình với phương án và có hashtag tracking.,False,True,2026-09-08T18:00:29.923367
1748355556371768,check_chi_phi,trung_lap,0.0,none,,[],thong tin chi tra tai benh vien nhi trung uong,Người dùng hỏi về mức chi trả 100% và khả năng sử dụng thẻ bảo lãnh tại khoa quốc tế Bệnh viện Nhi Trung ương.,False,False,2026-09-08T18:00:29.923367
1748365396370784,y_kien_trung_lap,trung_lap,0.0,none,,[],,Người dùng bày tỏ sự đồng tình với phương án được đề xuất.,False,False,2026-09-08T18:00:29.923367
1748368943037096,y_kien_trung_lap,trung_lap,0.0,none,,[],cac truong hop khong duoc bao lanh truc tiep,"Người dùng xác nhận chi trả 100% và liên kết bảo lãnh với AIA, nhưng lưu ý về các trường hợp có thể không được bảo lãnh trực tiếp.",False,False,2026-09-08T18:00:29.923367
1748400773033913,spam,trung_lap,0.0,none,,[],,Người dùng đồng tình với phương án tách hợp đồng và có hashtag tracking.,False,True,2026-09-08T18:00:29.923367
1748418836365440,y_kien_trung_lap,trung_lap,0.0,none,,[],loi ich cua hop dong bao hiem rieng cho con,Người dùng đưa ra lời khuyên về việc tách hợp đồng cho con và nêu ưu điểm của việc gắn online qua app AIA+.,False,False,2026-09-08T18:00:29.923367
1748434309697226,spam,trung_lap,0.0,none,,[],,"Người dùng đồng tình và cung cấp thông tin về chính sách AIA, kèm hashtag tracking.",False,True,2026-09-08T18:00:29.923367
1748511213022869,khen,tich_cuc,0.5,none,,[],loi ich cua viec tham gia bao hiem som,Người dùng khen ngợi người hỏi là 'tỉnh' và khuyến khích tham gia bảo hiểm.,False,False,2026-09-08T18:00:29.923367
1748588269681830,y_kien_trung_lap,trung_lap,0.0,none,,[],,Người dùng bày tỏ sự đồng tình.,False,False,2026-09-08T18:00:29.923367
1748655999675057,y_kien_trung_lap,trung_lap,0.0,none,,[],so sanh the bao hiem cua cac cong ty,Người dùng gợi ý rằng cả hai thẻ bảo hiểm của con đều có thể thuộc Gen.,False,False,2026-09-08T18:00:29.923367
1748815639659093,y_kien_trung_lap,trung_lap,0.0,none,,[],,Người dùng bày tỏ sự đồng tình.,False,False,2026-09-08T18:00:29.923367
1748939199646737,y_kien_trung_lap,trung_lap,0.0,none,,[],,Người dùng bày tỏ sự đồng tình.,False,False,2026-09-08T18:00:29.923367
1749001846307139,y_kien_trung_lap,trung_lap,0.0,none,,[],,Người dùng bày tỏ sự đồng tình.,False,False,2026-09-08T18:00:29.923367
1749575009583156,spam,trung_lap,0.0,none,,[],,Người dùng đồng tình với phương án gắn kèm hai bé vào hợp đồng và có hashtag tracking.,False,True,2026-09-08T18:00:29.923367
1748351716372152,y_kien_trung_lap,trung_lap,0.0,none,,[],,Người dùng yêu cầu thông tin để chia sẻ.,False,False,2026-09-08T18:00:29.923367
1748361383037852,y_kien_trung_lap,trung_lap,0.0,none,,[],,Người dùng phản hồi ngắn gọn.,False,False,2026-09-08T18:00:29.923367
1748398026367521,khen,tich_cuc,0.7,none,,[],,Người dùng gửi lời chúc tốt đẹp về phác đồ điều trị.,False,False,2026-09-08T18:00:29.923367
1748398353034155,khen,tich_cuc,0.8,none,,[],,Người dùng bày tỏ lòng biết ơn.,False,False,2026-09-08T18:00:29.923367
1748399419700715,y_kien_trung_lap,trung_lap,0.0,none,,[],,Người dùng xin phép lan tỏa thông tin và cảm ơn.,False,False,2026-09-08T18:00:29.923367
1748435859697071,y_kien_trung_lap,trung_lap,0.0,none,,[],,Người dùng gửi lời chúc sức khỏe chung chung.,False,False,2026-09-08T18:00:46.481871
1748436659696991,y_kien_trung_lap,trung_lap,0.0,none,,[],,Người dùng gửi lời cảm ơn chung chung.,False,False,2026-09-08T18:00:46.481871
1748553743018616,khen,tich_cuc,0.9,none,,[],Câu chuyện khách hàng chi trả bệnh Basedow và sự tái tục của AIA,"Người dùng chia sẻ trải nghiệm tích cực về việc AIA tái tục hợp đồng, không tăng phí, không loại trừ và chi trả nhanh chóng cho bệnh Basedow.",True,False,2026-09-08T18:00:46.481871
1748558209684836,khen,tich_cuc,0.7,none,,[],,"Người dùng bày tỏ sự yêu thích đối với tính sòng phẳng của công ty bảo hiểm, cho rằng không phải công ty nào cũng làm được.",False,False,2026-09-08T18:00:46.481871
1748638803010110,y_kien_trung_lap,trung_lap,0.1,none,,[],Câu chuyện khách hàng được chi trả bảo hiểm bệnh hiểm nghèo đến cuối đời,Người dùng chia sẻ về trường hợp khách hàng được chi trả bảo hiểm bệnh hiểm nghèo và thẻ sức khỏe cho đến khi mất.,True,False,2026-09-08T18:00:46.481871
1748290663044924,spam,trung_lap,-0.29,none,,[],,Người dùng mời chào tư vấn sản phẩm Manulife và kêu gọi inbox.,True,False,2026-09-08T18:00:46.481871
1748292326378091,spam,trung_lap,-0.29,none,,[],,"Người dùng tự giới thiệu là TVV Generali, hỏi thông tin để tư vấn gói bảo hiểm sức khỏe và để lại số điện thoại.",True,False,2026-09-08T18:00:46.481871
1748294666377857,spam,trung_lap,-0.29,none,,[],,"Người dùng quảng cáo sản phẩm Cathay, nhấn mạnh quyền lợi bảo vệ, lãi suất cao và giá trị hoàn lại tốt.",True,False,2026-09-08T18:00:46.481871
1748296443044346,spam,trung_lap,-0.29,none,,[],,"Người dùng tư vấn các quyền lợi bảo hiểm Bảo Việt cho mẹ đơn thân, kêu gọi inbox qua Zalo để tham khảo chi tiết.",True,False,2026-09-08T18:00:46.481871
1748306309710026,spam,trung_lap,-0.29,none,,[],,"Người dùng tự giới thiệu là TVV Daiichi, tư vấn các sản phẩm bảo hiểm nhân thọ và thẻ sức khỏe, mời kết nối.",True,False,2026-09-08T18:00:46.481871
1748315046375819,spam,trung_lap,-0.29,none,,[],,"Người dùng quảng cáo sản phẩm Generali, nhấn mạnh quyền lợi chi trả 100% và ưu đãi phí thẻ sức khỏe, kêu gọi inbox để biết chi tiết.",True,False,2026-09-08T18:00:46.481871
1748315399709117,spam,trung_lap,-0.29,none,,[],,"Người dùng tư vấn gói bảo hiểm nhân thọ và thẻ sức khỏe, kêu gọi liên hệ qua Zalo để được tư vấn chi tiết.",True,False,2026-09-08T18:00:46.481871
1748322223041768,check_chi_phi,trung_lap,0.0,none,,[],,Người dùng hỏi làm rõ về các mốc tuổi được đề cập trong tư vấn bảo hiểm.,False,False,2026-09-08T18:00:46.481871
1748323249708332,muon_tu_van,trung_lap,0.1,none,,[],Quy định khám sức khỏe trước khi tham gia bảo hiểm,Người dùng cung cấp thông tin về tiền sử bệnh của hai mẹ con và hỏi về việc có cần khám tổng quát trước khi tham gia bảo hiểm hay không.,False,False,2026-09-08T18:00:46.481871
1748334936373830,spam,trung_lap,-0.29,none,,[],,Người dùng kêu gọi liên hệ qua Zalo để được tư vấn chính xác.,True,False,2026-09-08T18:00:46.481871
1748334983040492,spam,trung_lap,-0.29,none,,[],,Người dùng đưa ra các tiêu chí cần lưu ý khi chọn bảo hiểm sức khỏe và kêu gọi inbox để được tư vấn khách quan từ nhiều hãng.,True,False,2026-09-08T18:00:46.481871
1748336949706962,spam,trung_lap,-0.29,none,,[],,"Người dùng tự giới thiệu là TVV Daiichi, tư vấn gói An Lộc có thẻ sức khỏe và tích lũy, mời đồng hành.",True,False,2026-09-08T18:00:46.481871
1748337203040270,spam,trung_lap,-0.29,none,,[],,Người dùng chia sẻ một liên kết tư vấn tài chính của Daiichi Life.,True,False,2026-09-08T18:00:46.481871
1748338803040110,spam,trung_lap,-0.29,none,,[],,Người dùng bày tỏ sự tự tin với thẻ sức khỏe AIA và mời nghe tư vấn.,True,False,2026-09-08T18:00:46.481871
1748362133037777,spam,trung_lap,-0.29,none,,[],,"Người dùng tự giới thiệu là TVV Daiichi với kinh nghiệm và danh hiệu, tư vấn gói bảo hiểm có nội ngoại trú và quỹ học vấn, mời tư vấn.",True,False,2026-09-08T18:00:46.481871
1748364496370874,spam,trung_lap,0.0,none,,[],,"Một tư vấn viên AIA giới thiệu chi tiết về gói bảo hiểm nhân thọ và thẻ sức khỏe cho mẹ và bé, kèm thông tin liên hệ.",True,False,2026-09-08T18:01:07.841969
1748368143037176,spam,trung_lap,0.0,none,,[],,Một nhân viên bảo hiểm Cathay chào mời tư vấn nếu người dùng quan tâm.,True,False,2026-09-08T18:01:07.841969
1748380479702609,y_kien_trung_lap,trung_lap,0.1,none,,[],,Comment gợi ý người dùng tham khảo bảo hiểm của Hanwhalife.,False,False,2026-09-08T18:01:07.841969
1748394033034587,spam,trung_lap,0.0,none,,[],,"Một tư vấn viên Sun Life giới thiệu chương trình bảo hiểm sức khỏe cho mẹ và bé, mời inbox để biết thêm chi tiết.",True,False,2026-09-08T18:01:07.841969
1748398356367488,spam,trung_lap,0.0,none,,[],,Comment giới thiệu về việc đóng phí tối thiểu 3 năm của Manulife để được bảo vệ 10-15 năm.,True,False,2026-09-08T18:01:07.841969
1748398913034099,spam,trung_lap,0.0,none,,[],,"Một tư vấn viên Sun Life đưa ra gợi ý gói bảo hiểm nhân thọ và sức khỏe cho mẹ và bé, mời inbox để biết chi tiết.",True,False,2026-09-08T18:01:07.841969
1748400386367285,spam,trung_lap,0.0,none,,[],,"Một tư vấn viên giới thiệu về điều kiện và quyền lợi của thẻ sức khỏe Dai-ichi, kèm thông tin liên hệ.",True,False,2026-09-08T18:01:07.841969
1748402093033781,spam,trung_lap,0.0,none,,[],,"Một tư vấn viên AIA giới thiệu gói bảo hiểm nhân thọ và thẻ sức khỏe cho bé, mời liên hệ để được tư vấn chi tiết.",True,False,2026-09-08T18:01:07.841969
1748407753033215,spam,trung_lap,0.0,none,,[],,"Một tư vấn viên đa hãng đưa ra lời khuyên ưu tiên bảo vệ mẹ trước, sau đó mời liên hệ để thiết kế phương án phù hợp.",True,False,2026-09-08T18:01:07.841969
1748408099699847,khen,tich_cuc,0.7,none,,[],Câu chuyện khách hàng hài lòng với tư vấn viên Na Su của Dai-ichi,Người dùng giới thiệu và khen ngợi tư vấn viên Na Su của Dai-ichi.,False,False,2026-09-08T18:01:07.841969
1748412559699401,spam,trung_lap,0.0,none,,[],,"Một tư vấn viên AIA đưa ra lời khuyên ưu tiên bảo hiểm cho mẹ và bé, mời liên hệ để được tư vấn chi tiết.",True,False,2026-09-08T18:01:07.841969
1748468419693815,spam,trung_lap,0.0,none,,[],,"Một tư vấn viên AIA giới thiệu gói bảo hiểm nhân thọ cho mẹ và bé với ngân sách 12 triệu/năm, mời tìm hiểu thêm.",True,False,2026-09-08T18:01:07.841969
1748475003026490,spam,trung_lap,0.0,none,,[],,"Một tư vấn viên AIA giới thiệu gói bảo hiểm nhân thọ và thẻ sức khỏe với nhiều quyền lợi nổi bật, mời inbox để được hỗ trợ.",True,False,2026-09-08T18:01:07.841969
1748475863026404,khen,tich_cuc,0.8,none,,[],Tầm quan trọng của tư vấn viên có tâm trong ngành bảo hiểm,Comment khen ngợi tư vấn viên là người có tâm.,False,False,2026-09-08T18:01:07.841969
1748482639692393,y_kien_trung_lap,trung_lap,0.2,none,,[],,Trần Linh gửi lời cảm ơn.,True,False,2026-09-08T18:01:07.841969
1748513759689281,spam,trung_lap,0.0,none,,[],,"Một tư vấn viên Dai-ichi giới thiệu giải pháp bảo hiểm nhân thọ và sức khỏe với chi phí hơn 1 triệu/tháng, mời liên hệ để được tư vấn.",True,False,2026-09-08T18:01:07.841969
1748526856354638,spam,trung_lap,0.0,none,,[],,Một tư vấn viên Manulife tự giới thiệu và cung cấp website cá nhân.,True,False,2026-09-08T18:01:07.841969
1749005216306802,spam,trung_lap,0.0,none,,[],,Comment giới thiệu Dai-ichi có thể đáp ứng nhu cầu và mời inbox để tham khảo.,True,False,2026-09-08T18:01:07.841969
1749033869637270,spam,trung_lap,0.0,none,,[],,Comment giới thiệu gói bảo hiểm sức khỏe của Prudential có thể bảo vệ đến 100 tuổi với chi phí tối thiểu 1.5 triệu/năm.,True,False,2026-09-08T18:01:07.841969
1749084246298899,phan_van,trung_lap,0.0,none,,"[""khong chac chan ve tai tuc hop dong""]",Giải đáp thắc mắc về tái tục bảo hiểm sức khỏe cho trẻ em khi có bệnh,Người dùng hỏi về khả năng tái tục bảo hiểm riêng cho bé của Prudential nếu bé mắc bệnh trong thời gian bảo hiểm.,False,False,2026-09-08T18:01:07.841969
1749261502947840,spam,trung_lap,0.0,none,,[],,"Một đại lý bảo hiểm tư vấn về gói bảo hiểm cho mẹ đơn thân và bé, sau đó kêu gọi inbox để tư vấn chi tiết hơn.",True,False,2026-09-08T18:01:14.376930
1749576076249716,spam,trung_lap,0.0,none,,[],,Một đại lý bảo hiểm giới thiệu sản phẩm Sun Life Sống Chất cho mẹ và bé với các quyền lợi chi tiết.,True,True,2026-09-08T18:01:14.376930
1748290493044941,y_kien_trung_lap,trung_lap,0.1,none,,[],,Lời khuyên nên kê khai bổ sung đầy đủ thông tin.,False,False,2026-09-08T18:01:14.376930
1748297903044200,y_kien_trung_lap,trung_lap,0.1,none,,[],,Lời khuyên nên kê khai bổ sung.,False,False,2026-09-08T18:01:14.376930
1748299399710717,y_kien_trung_lap,trung_lap,0.2,none,,[],Tầm quan trọng của việc kê khai trung thực trong bảo hiểm,Lời khuyên kê khai bổ sung vì công ty bảo hiểm có thể phát hiện thông tin và người tham gia có thể mất quyền lợi chi trả.,True,False,2026-09-08T18:01:14.376930
1748300339710623,dich_vu_tu_van,tieu_cuc,-0.6,low,Lời tư vấn sai của đại lý có thể gây mất quyền lợi cho khách hàng.,"[""tu van sai thong tin""]",Những lời khuyên sai lầm từ đại lý bảo hiểm và cách phòng tránh,Người dùng chia sẻ việc chị mình tin lời đại lý bảo hiểm rằng không cần kê khai nếu không nằm viện và không dùng BHYT.,False,False,2026-09-08T18:01:14.376930
1748300616377262,y_kien_trung_lap,trung_lap,-0.2,none,,[],Hậu quả của việc không kê khai trung thực trong bảo hiểm,Người dùng bày tỏ sự bất lực khi người thân không tin lời khuyên về việc kê khai và chấp nhận khả năng bị loại trừ quyền lợi.,False,False,2026-09-08T18:01:14.376930
1748301213043869,dich_vu_tu_van,tieu_cuc,-0.7,low,Phản ánh về chất lượng đại lý bảo hiểm kém.,"[""tu van sai thong tin"", ""dai ly kem chat luong""]",Cách nhận biết và tránh xa đại lý bảo hiểm kém chất lượng,Người dùng bày tỏ sự khó khăn trong việc thuyết phục người thân và bức xúc về việc vẫn còn đại lý bảo hiểm tư vấn sai.,False,False,2026-09-08T18:01:14.376930
1748302053043785,y_kien_trung_lap,trung_lap,0.3,none,,[],Hậu quả nghiêm trọng của việc kê khai không trung thực trong bảo hiểm,"Người dùng giải thích rằng việc không kê khai bổ sung có thể dẫn đến việc bị từ chối chi trả hoàn toàn, kể cả với các bệnh không liên quan.",False,False,2026-09-08T18:01:14.376930
1748302519710405,y_kien_trung_lap,trung_lap,0.2,none,,[],,"Lời khuyên nên kê khai bổ sung ngay lập tức, đặc biệt là trước khi yêu cầu giải quyết quyền lợi bảo hiểm.",False,False,2026-09-08T18:01:14.376930
1748302813043709,y_kien_trung_lap,trung_lap,0.4,none,,[],Hướng dẫn chi tiết kê khai bổ sung thông tin sức khỏe trong bảo hiểm,"Một đại lý bảo hiểm hướng dẫn chi tiết về việc kê khai bổ sung thông tin sức khỏe để đảm bảo quyền lợi, bao gồm cả các trường hợp cụ thể như nang và nhịp tim chậm.",True,False,2026-09-08T18:01:14.376930
1748303576376966,y_kien_trung_lap,trung_lap,0.5,none,,[],Cách kiểm tra thông tin và bảo vệ quyền lợi khi làm việc với đại lý bảo hiểm,Một đại lý bảo hiểm tên Vân từ AIA đưa ra lời khuyên về cách xác minh thông tin từ đại lý khác bằng cách gọi hotline hoặc quay video cuộc trò chuyện.,True,False,2026-09-08T18:01:14.376930
1748304116376912,y_kien_trung_lap,trung_lap,0.1,none,,[],,Lời khuyên nên kê khai bổ sung sớm để thẩm định lại.,False,False,2026-09-08T18:01:14.376930
1748304206376903,y_kien_trung_lap,trung_lap,0.3,none,,[],Những rủi ro pháp lý khi không kê khai trung thực bảo hiểm,Một đại lý khuyên nên kê khai bổ sung gấp để tránh bị quy vào tội trục lợi và mất tiền.,True,False,2026-09-08T18:01:14.376930
1748304309710226,y_kien_trung_lap,trung_lap,0.2,none,,[],,Lời khuyên nên gọi tổng đài để được hướng dẫn nếu không làm việc được với tư vấn viên.,False,False,2026-09-08T18:01:14.376930
1748304536376870,y_kien_trung_lap,trung_lap,-0.1,none,,[],,Người dùng chia sẻ rằng chị mình chưa có kinh nghiệm nên đã liều tin theo lời đại lý.,False,False,2026-09-08T18:01:14.376930
1748305339710123,dich_vu_tu_van,tieu_cuc,-0.5,low,Lời tư vấn sai và không nhất quán từ đại lý.,"[""tu van sai thong tin"", ""thong tin khong nhat quan""]",Sự thật về việc kê khai bệnh án khi tham gia bảo hiểm,"Người dùng chia sẻ về lời tư vấn sai lệch từ đại lý rằng không cần kê khai nếu không nằm viện, và một bên khác cũng có lời khuyên tương tự.",False,False,2026-09-08T18:01:14.376930
1748305689710088,dich_vu_tu_van,tieu_cuc,-0.6,low,Lời tư vấn sai từ nhiều đại lý gây khó khăn cho khách hàng.,"[""tu van sai thong tin"", ""thong tin khong nhat quan""]",Cách xử lý khi nhận được thông tin tư vấn bảo hiểm mâu thuẫn,Người dùng bày tỏ sự bất lực khi không thể thuyết phục chị mình kê khai do hai bên bảo hiểm đều tư vấn rằng không cần khai nếu không nằm viện.,False,False,2026-09-08T18:01:14.376930
1748306219710035,spam,trung_lap,0.0,none,,[],,Một đại lý khuyên nên nộp đơn kê khai bổ sung càng sớm càng tốt và đề nghị hỗ trợ chi tiết qua inbox.,True,False,2026-09-08T18:01:14.376930
1748306296376694,y_kien_trung_lap,trung_lap,0.0,none,,[],,Người dùng cảm ơn lời khuyên và lo lắng rằng chị mình quá bận để thực hiện.,False,False,2026-09-08T18:01:14.376930
1748306866376637,dich_vu_tu_van,tieu_cuc,-0.7,low,Tư vấn sai thông tin từ đại lý.,"[""tu van sai thong tin"", ""khong minh bach dieu khoan""]",Tầm quan trọng của việc kê khai trung thực khi mua bảo hiểm.,Người dùng chia sẻ việc đại lý bảo hiểm tư vấn không cần kê khai bệnh án vì chưa nằm viện.,False,False,2026-09-08T18:01:25.998610
1748307019709955,phan_van,trung_lap,0.0,none,,[],Cách giải thích tầm quan trọng của bảo hiểm cho người thân.,Người dùng bày tỏ cần phải thuyết phục được người chị về vấn đề kê khai.,False,False,2026-09-08T18:01:25.998610
1748307209709936,y_kien_trung_lap,trung_lap,0.0,none,,[],,Người dùng cho biết sẽ thông báo cho người chị.,False,False,2026-09-08T18:01:25.998610
1748307349709922,dich_vu_tu_van,tieu_cuc,-0.5,low,Nghi ngờ chất lượng tư vấn viên.,"[""tu van sai thong tin""]",Tiêu chí đánh giá tư vấn viên bảo hiểm uy tín.,Người dùng gợi ý nên xem xét lại tư vấn viên đã đưa ra lời khuyên.,False,False,2026-09-08T18:01:25.998610
1748307956376528,y_kien_trung_lap,tich_cuc,0.8,none,,[],Hậu quả của việc không kê khai trung thực khi tham gia bảo hiểm.,Người dùng cảnh báo về rủi ro bị loại trừ bồi thường nếu không kê khai đầy đủ thông tin.,False,False,2026-09-08T18:01:25.998610
1748309023043088,y_kien_trung_lap,trung_lap,0.0,none,,[],,Người dùng nhận xét tư vấn viên đưa ra lời khuyên sai lại là người có kinh nghiệm.,False,False,2026-09-08T18:01:25.998610
1748309853043005,y_kien_trung_lap,tich_cuc,0.7,none,,[],Quy định pháp luật về kê khai bảo hiểm và hướng dẫn kê khai bổ sung.,"Người dùng khuyên nên làm đơn kê khai lại, viện dẫn điều 23 Luật Kinh doanh bảo hiểm.",False,False,2026-09-08T18:01:25.998610
1748310613042929,y_kien_trung_lap,tich_cuc,0.6,none,,[],Áp lực doanh số ảnh hưởng đến tư vấn bảo hiểm và tầm quan trọng của kê khai bổ sung.,Người dùng giải thích tư vấn viên có thể làm vậy do áp lực doanh số và khuyên nên kê khai bổ sung.,False,False,2026-09-08T18:01:25.998610
1748312496376074,dich_vu_tu_van,tieu_cuc,-0.6,low,Lo ngại về đạo đức tư vấn viên.,"[""dao duc tu van vien"", ""khong minh bach dieu khoan""]",Đạo đức nghề nghiệp của tư vấn viên bảo hiểm và cách giải thích quyền lợi cho người thân.,Người dùng bày tỏ khó khăn giải thích cho người nhà và lo ngại đại lý hưởng lợi từ việc không kê khai.,False,False,2026-09-08T18:01:25.998610
1748312573042733,khen,tich_cuc,0.9,none,,[],,Người dùng gửi lời cảm ơn.,False,False,2026-09-08T18:01:25.998610
1748313099709347,dich_vu_tu_van,tieu_cuc,-0.7,low,Tư vấn sai thông tin lặp lại.,"[""tu van sai thong tin"", ""khong minh bach dieu khoan""]",Những sai lầm thường gặp khi kê khai bảo hiểm và cách phòng tránh.,Người dùng xác nhận tư vấn viên đã khuyên không kê khai thông tin và sau đó lại nói không cần khai.,False,False,2026-09-08T18:01:25.998610
1748313849709272,dich_vu_tu_van,tieu_cuc,-0.6,low,Thái độ tư vấn viên không đúng.,"[""tu van sai thong tin"", ""thai do tu van vien""]",Cách xử lý khi tư vấn viên đưa ra lời khuyên sai hoặc có thái độ không đúng.,Người dùng cần gửi thông tin cho chị và lo lắng về thái độ cứng rắn của đại lý khi tư vấn sai.,False,False,2026-09-08T18:01:25.998610
1748314239709233,y_kien_trung_lap,tich_cuc,0.7,none,,[],,Người dùng khuyên nên kê khai bổ sung ngay lập tức.,False,False,2026-09-08T18:01:25.998610
1748315959709061,y_kien_trung_lap,tich_cuc,0.8,none,,[],Hậu quả của việc không kê khai đầy đủ thông tin khi tham gia bảo hiểm.,"Người dùng cảnh báo rằng nếu không kê khai bổ sung, hợp đồng sẽ vô giá trị và khuyên nên thực hiện ngay.",False,False,2026-09-08T18:01:25.998610
1748316999708957,y_kien_trung_lap,tich_cuc,0.6,none,,[],Hướng dẫn kê khai sức khỏe đúng cách và phạm vi câu hỏi thường gặp.,Người dùng đính chính rằng các câu hỏi kê khai sức khỏe thường hỏi từ khi sinh ra.,False,False,2026-09-08T18:01:25.998610
1748317786375545,y_kien_trung_lap,tich_cuc,0.7,none,,[],Tầm quan trọng của việc kê khai bệnh lý tim mạch và các bệnh tiềm ẩn khác.,"Người dùng khuyên nên kê khai đầy đủ tất cả thông tin sức khỏe, đặc biệt là nhịp tim chậm.",False,False,2026-09-08T18:01:25.998610
1748320653041925,dich_vu_tu_van,tieu_cuc,-0.9,low,Chỉ trích đạo đức tư vấn viên và cảnh báo hậu quả nghiêm trọng.,"[""dao duc tu van vien"", ""tu van sai thong tin""]",Cách bảo vệ quyền lợi khi giao dịch với tư vấn viên bảo hiểm và dấu hiệu tư vấn viên không trung thực.,Người dùng khuyên ghi âm làm bằng chứng khi làm việc với tư vấn viên và chỉ trích mạnh mẽ tư vấn viên thiếu đạo đức.,False,False,2026-09-08T18:01:25.998610
1748320719708585,phan_van,trung_lap,0.0,none,,[],Cách giải thích tầm quan trọng của kê khai bảo hiểm cho người thân.,Người dùng bày tỏ khó khăn trong việc thuyết phục người chị hiểu về sự cần thiết của việc kê khai.,False,False,2026-09-08T18:01:25.998610
1748320749708582,y_kien_trung_lap,tich_cuc,0.6,none,,[],Quy trình báo cáo tư vấn viên vi phạm và cách thu thập bằng chứng khiếu nại bảo hiểm.,Người dùng hỏi về bằng chứng và khuyên nên thu thập để công ty thu hồi hoa hồng của đại lý.,False,False,2026-09-08T18:01:25.998610
1748320783041912,y_kien_trung_lap,tich_cuc,0.7,none,,[],,Người dùng khẳng định thông tin không chuẩn và khuyên nên kê khai đầy đủ.,False,False,2026-09-08T18:01:25.998610
1748320843041906,y_kien_trung_lap,trung_lap,0.0,none,,[],,Commenter thông báo về công ty bảo hiểm liên quan đến 'bộ này'.,False,False,2026-09-08T18:01:35.721904
1748321573041833,phan_van,trung_lap,-0.1,none,,"[""tu van khong dong nhat""]",huong dan quy trinh ke khai ho so,Người dùng ngại ngần vì khách hàng chủ quan và đại lý bảo hiểm nói không cần kê khai.,False,False,2026-09-08T18:01:35.721904
1748322533041737,y_kien_trung_lap,trung_lap,-0.2,none,,"[""khach hang khong hieu quy dinh"", ""nguy co huy hop dong""]",tai sao can ke khai trung thuc ho so y te,Người dùng gặp khó khăn khi giải thích cho khách hàng về nguy cơ hủy hợp đồng nếu không kê khai hồ sơ khám bệnh.,False,False,2026-09-08T18:01:35.721904
1748322836375040,y_kien_trung_lap,trung_lap,0.1,none,,"[""rui ro khi ke khai sai""]",loi khuyen ve ke khai ho so bao hiem,"Người dùng khuyên nên kê khai trung thực hồ sơ y tế vì bảo hiểm đánh giá rủi ro dựa trên hồ sơ thực tế, không phải lời nói của TVV.",False,False,2026-09-08T18:01:35.721904
1748323339708323,y_kien_trung_lap,trung_lap,0.0,none,,[],,Người dùng nhận xét về việc khám bệnh ở các bệnh viện tư có liên kết với công ty bảo hiểm.,False,False,2026-09-08T18:01:35.721904
1748323936374930,phan_van,trung_lap,-0.1,none,,"[""tu van khong dong nhat"", ""khach hang kho tin""]",,Người dùng đang cố gắng khuyên khách hàng nhưng gặp khó khăn vì hai TVV từ hai công ty bảo hiểm đều đưa ra lời khuyên giống nhau.,False,False,2026-09-08T18:01:35.721904
1748324089708248,y_kien_trung_lap,trung_lap,0.0,none,,[],,Người dùng cho biết mình hiểu vấn đề nhưng khách hàng đã mệt mỏi.,False,False,2026-09-08T18:01:35.721904
1748326749707982,y_kien_trung_lap,trung_lap,-0.2,none,,"[""nguy co huy hop dong"", ""quy trinh boi thuong lau""]",rui ro khi khong ke khai trung thuc,"Người dùng chia sẻ kinh nghiệm về rủi ro khi bồi thường chi phí lớn nếu không kê khai cẩn thận, có nguy cơ hủy hợp đồng.",False,False,2026-09-08T18:01:35.721904
1748326959707961,y_kien_trung_lap,trung_lap,0.1,none,,[],,Người dùng nhấn mạnh rằng việc ngại ngần có thể gây thiệt hại đến quyền lợi tài chính của bản thân.,False,False,2026-09-08T18:01:35.721904
1748328293041161,y_kien_trung_lap,trung_lap,0.0,none,,[],,Người dùng khẳng định khả năng thực hiện và chỉ chứng minh với người muốn kết quả.,False,False,2026-09-08T18:01:35.721904
1748338363040154,y_kien_trung_lap,trung_lap,0.1,none,,[],huong dan ke khai bo sung ho so y te,Người dùng khuyên nên kê khai bổ sung và đính kèm bệnh án.,False,False,2026-09-08T18:01:35.721904
1748338919706765,phan_van,trung_lap,-0.2,low,dai ly tu van sai thong tin,"[""tu van sai thong tin"", ""khach hang khong tin tu van""]",tai sao can ke khai benh ly du nho,Người dùng cảm ơn nhưng cho biết khách hàng không tin lời khuyên đúng đắn vì bị hai đại lý bảo hiểm khác tư vấn sai và tự cho rằng bệnh lý là bình thường.,False,False,2026-09-08T18:01:35.721904
1748339363040054,y_kien_trung_lap,trung_lap,0.0,none,,[],,Người dùng thông báo rằng khách hàng là nhà đầu tư và có nhiều tiền.,False,False,2026-09-08T18:01:35.721904
1748339803040010,khen,tich_cuc,0.8,none,,[],,Người dùng bày tỏ sự đồng tình và cảm ơn.,False,False,2026-09-08T18:01:35.721904
1748339976373326,y_kien_trung_lap,trung_lap,-0.1,none,,[],,Người dùng bày tỏ sự bất lực và gợi ý mua bảo hiểm chỉ để cho vui nếu khách hàng không hợp tác.,False,False,2026-09-08T18:01:35.721904
1748340126373311,check_chi_phi,trung_lap,0.0,none,,[],cac benh ly thuong bi loai tru trong bao hiem,Người dùng hỏi về việc bệnh cường giáp có bị loại trừ khỏi bảo hiểm không.,False,False,2026-09-08T18:01:35.721904
1748344083039582,y_kien_trung_lap,trung_lap,0.0,none,,[],,Người dùng khuyên nên đưa thông tin cho người nhà đọc.,False,False,2026-09-08T18:01:35.721904
1748344576372866,y_kien_trung_lap,trung_lap,0.1,none,,[],quy dinh ve ke khai benh su trong bao hiem,"Người dùng trích dẫn quy định của công ty bảo hiểm về việc cần khai báo đầy đủ các triệu chứng, dấu hiệu bệnh lý dù đã xảy ra trên 3 năm.",False,False,2026-09-08T18:01:35.721904
1748344906372833,spam,trung_lap,0.0,none,,[],,"Người dùng khuyên kê khai bổ sung hồ sơ y tế sớm để tránh ảnh hưởng quyền lợi, đồng thời để lại thông tin liên hệ để tư vấn.",True,False,2026-09-08T18:01:35.721904
1748345643039426,check_chi_phi,trung_lap,0.0,none,,[],,Người dùng hỏi làm rõ về thời hạn kê khai và công ty bảo hiểm mà khách hàng đã mua.,False,False,2026-09-08T18:01:35.721904
1748364519704205,khen,tich_cuc,0.8,none,,[],,Người dùng cảm ơn.,False,False,2026-09-08T18:01:49.903722
1748378969702760,y_kien_trung_lap,trung_lap,0.2,none,,[],Hướng dẫn kê khai bổ sung thông tin bảo hiểm,Lời khuyên liên hệ TVV để khai bổ sung thông tin nhằm đảm bảo quyền lợi.,True,False,2026-09-08T18:01:49.903722
1748381403035850,dich_vu_tu_van,tieu_cuc,-0.6,low,TVV tư vấn sai thông tin về việc kê khai.,"[""tư vấn sai thông tin""]",,"Người dùng phản ánh TVV tư vấn sai rằng không cần khai bổ sung nếu không nằm viện, gây khó khăn trong việc khuyên người nhà.",False,False,2026-09-08T18:01:49.903722
1748382743035716,y_kien_trung_lap,trung_lap,0.0,none,,[],,Người dùng nhận định người không khai bổ sung sẽ là người chịu thiệt.,False,False,2026-09-08T18:01:49.903722
1748383726368951,y_kien_trung_lap,trung_lap,0.2,none,,[],Tầm quan trọng của việc khai báo đầy đủ hồ sơ y tế,"Người dùng chia sẻ kinh nghiệm về việc khách hàng bị kiểm tra lại hồ sơ y tế dù không nằm viện, nhấn mạnh tầm quan trọng của việc khai báo.",True,False,2026-09-08T18:01:49.903722
1748385979702059,bao_hiem_chung,tieu_cuc,-0.7,low,Mất niềm tin do quá trình giải quyết vấn đề gây giằng co.,"[""mất niềm tin bảo hiểm""]",,Người dùng bày tỏ sự mất niềm tin vào bảo hiểm do quá trình giải quyết vấn đề gây giằng co.,False,False,2026-09-08T18:01:49.903722
1748387009701956,dich_vu_tu_van,tieu_cuc,-0.8,low,TVV không chịu trách nhiệm khi hợp đồng bị hủy.,"[""bỏ mặc sau khi bán"", ""không minh bạch thông tin""]",,Người dùng lo ngại về việc TVV sẽ bỏ mặc khách hàng nếu hợp đồng bị hủy do thông tin không trung thực.,False,False,2026-09-08T18:01:49.903722
1748397893034201,y_kien_trung_lap,trung_lap,0.0,none,,[],,Người dùng đưa ra hai lựa chọn giải quyết vấn đề là kê khai lại hoặc hủy hợp đồng.,False,False,2026-09-08T18:01:49.903722
1748398416367482,y_kien_trung_lap,trung_lap,0.3,none,,[],Tầm quan trọng của việc kê khai bổ sung thông tin,Lời khuyên nên kê khai bổ sung để tránh rủi ro không được chi trả và thiệt thòi.,True,False,2026-09-08T18:01:49.903722
1748406526366671,y_kien_trung_lap,trung_lap,0.1,none,,[],,Người dùng bày tỏ ý định sẽ cố gắng giải thích cho người khác hiểu.,False,False,2026-09-08T18:01:49.903722
1748406939699963,dich_vu_tu_van,tieu_cuc,-0.7,low,Nhiều TVV tư vấn sai thông tin về việc kê khai.,"[""tư vấn sai thông tin"", ""không minh bạch điều khoản""]",,Người dùng gặp khó khăn khi khuyên người khác vì nhiều TVV từ Tech và Gen đều tư vấn sai rằng không cần kê khai.,False,False,2026-09-08T18:01:49.903722
1748408183033172,y_kien_trung_lap,trung_lap,0.3,none,,[],Sự khác biệt trong đánh giá rủi ro y tế và bảo hiểm,"Người dùng giải thích về rủi ro tiềm ẩn của các bệnh và sự khác biệt trong đánh giá rủi ro giữa thẩm định viên và bác sĩ, đồng thời đề nghị hỗ trợ tham vấn.",True,False,2026-09-08T18:01:49.903722
1748409219699735,y_kien_trung_lap,trung_lap,0.4,none,,[],Hậu quả của việc không kê khai thông tin trọng yếu trong bảo hiểm,"Lời khuyên nên kê khai bổ sung ngay lập tức, giải thích rằng việc này không chỉ ảnh hưởng đến việc loại trừ bệnh mà còn đến đánh giá thông tin trọng yếu khi thẩm định.",True,False,2026-09-08T18:01:49.903722
1748418789698778,dich_vu_tu_van,tieu_cuc,-0.8,low,TVV không chịu trách nhiệm khi khách hàng không được chi trả.,"[""không chi trả"", ""TVV không chịu trách nhiệm""]",,"Người dùng bày tỏ sự bức xúc về việc khách hàng không được chi trả và TVV không chịu trách nhiệm, dẫn đến thiệt hại cho khách hàng.",False,False,2026-09-08T18:01:49.903722
1748426966364627,y_kien_trung_lap,trung_lap,0.1,none,,[],,Người dùng bày tỏ ý định sẽ khuyên nhủ người khác.,False,False,2026-09-08T18:01:49.903722
1748427456364578,y_kien_trung_lap,trung_lap,0.0,none,,[],,Người dùng cảm ơn và cho biết người được khuyên đang hoang mang do nghe nhiều thông tin.,False,False,2026-09-08T18:01:49.903722
1748438653030125,y_kien_trung_lap,trung_lap,0.2,none,,[],,"Người dùng khuyên nên thẳng thắn để đảm bảo quyền lợi, tránh mua bực vào người.",False,False,2026-09-08T18:01:49.903722
1748439793030011,dich_vu_tu_van,tieu_cuc,-0.7,low,TVV tư vấn sai vì lợi ích cá nhân.,"[""tư vấn sai thông tin"", ""không minh bạch điều khoản""]",,"Người dùng nhận định TVV có thể tư vấn sai để nhanh chóng chốt hợp đồng, đặc biệt với khách hàng có điều kiện.",False,False,2026-09-08T18:01:49.903722
1748924529648204,spam,trung_lap,0.0,none,,[],,Người dùng kêu gọi inbox để được hỗ trợ kê khai bổ sung hồ sơ.,True,False,2026-09-08T18:01:49.903722
1748925656314758,y_kien_trung_lap,trung_lap,0.2,none,,[],Quy trình và yếu tố ảnh hưởng khi kê khai bổ sung thông tin sức khỏe,"Người dùng giải thích rằng việc kê khai bổ sung không nhất thiết dẫn đến loại trừ hoặc hủy hợp đồng, tùy thuộc vào tình trạng bệnh, và đề nghị hỗ trợ làm tường trình.",True,False,2026-09-08T18:01:49.903722
1748926219648035,y_kien_trung_lap,trung_lap,0.0,none,,[],Quy định về nghĩa vụ kê khai trong hợp đồng bảo hiểm,Comment nhắc nhở về điều khoản nghĩa vụ kê khai khi mở hợp đồng bảo hiểm.,False,False,2026-09-08T18:02:06.439589
1748976046309719,y_kien_trung_lap,trung_lap,0.0,none,,[],,Người dùng cảm ơn và xác nhận hợp đồng bảo hiểm mới được cấp.,False,False,2026-09-08T18:02:06.439589
1749036312970359,y_kien_trung_lap,trung_lap,0.0,none,,[],Quy trình và thời gian thẩm định hợp đồng bảo hiểm mới,Comment giải thích rằng hợp đồng mới cấp sẽ được thẩm định nhanh hơn trong 21 ngày cân nhắc.,False,False,2026-09-08T18:02:06.439589
1749063259634331,dich_vu_tu_van,tieu_cuc,-0.5,low,Tu van sai thong tin ve nghia vu ke khai.,"[""tu van sai thong tin""]",Tầm quan trọng của việc kê khai trung thực trong bảo hiểm,"Người dùng chia sẻ việc đại lý tư vấn rằng không cần kê khai nếu không nằm viện, cho thấy thông tin tư vấn có thể sai lệch.",False,False,2026-09-08T18:02:06.439589
1749082716299052,y_kien_trung_lap,trung_lap,-0.2,none,,[],Những rủi ro khi kê khai thông tin không chính xác trong bảo hiểm,Comment cảnh báo rằng việc kê khai không đúng có thể dẫn đến vấn đề khi yêu cầu bồi thường.,False,False,2026-09-08T18:02:06.439589
1748383026369021,khen,tich_cuc,0.8,none,,[],,Người dùng bày tỏ lời cảm ơn đến admin.,False,False,2026-09-08T18:02:06.439589
1748429273031063,khen,tich_cuc,0.9,none,,[],,Người dùng bày tỏ lời cảm ơn rất nhiều đến admin.,False,False,2026-09-08T18:02:06.439589
1748555089685148,y_kien_trung_lap,trung_lap,0.1,none,,[],So sánh khả năng tái tục của các loại thẻ bảo hiểm sức khỏe,Comment khuyên nên chia nhỏ kỳ đóng phí và nhận định về khả năng tái tục của thẻ bảo hiểm nhân thọ.,False,False,2026-09-08T18:02:06.439589
1748678363006154,y_kien_trung_lap,trung_lap,0.0,none,,[],Chiến lược mua bảo hiểm sức khỏe ngắn hạn,Người dùng cho biết mục đích mua thẻ sức khỏe chỉ để sử dụng trong năm đầu tiên.,False,False,2026-09-08T18:02:06.439589
1748720349668622,y_kien_trung_lap,trung_lap,0.1,none,,[],Tìm hiểu về sản phẩm bảo hiểm Xanh Bình An,Comment gợi ý đổi sang sản phẩm Xanh Bình An với thời gian chờ 60 ngày.,False,False,2026-09-08T18:02:06.439589
1748726549668002,spam,trung_lap,0.0,none,,[],,Một tư vấn viên cung cấp thông tin về bệnh tay chân miệng và kêu gọi liên hệ Zalo để được tư vấn chi tiết.,True,False,2026-09-08T18:02:06.439589
1748735509667106,phan_van,trung_lap,0.0,none,,[],Quy định về thời gian chờ và loại trừ bệnh tay chân miệng trong bảo hiểm,Người dùng thắc mắc về thời gian chờ và điều khoản loại trừ của sản phẩm Xanh Bình An đối với bệnh tay chân miệng mà bé đã từng mắc.,False,False,2026-09-08T18:02:06.439589
1748738239666833,muon_tu_van,trung_lap,0.2,none,,[],Tầm quan trọng của hồ sơ y tế khi mua bảo hiểm,Tư vấn viên giải thích về điều khoản loại trừ bệnh tay chân miệng và đề nghị người dùng gửi hồ sơ y tế để được tư vấn cụ thể.,True,False,2026-09-08T18:02:06.439589
1748739239666733,phan_van,trung_lap,0.0,none,,[],Các loại giấy tờ cần thiết khi yêu cầu tư vấn bảo hiểm sức khỏe,Người dùng hỏi rõ về loại hồ sơ cần gửi và cung cấp thông tin về tình trạng sức khỏe của bé sau khi khỏi bệnh.,False,False,2026-09-08T18:02:06.439589
1748740276333296,spam,trung_lap,0.0,none,,[],,Comment kêu gọi người dùng nhắn tin riêng.,True,False,2026-09-08T18:02:06.439589
1748741116333212,y_kien_trung_lap,trung_lap,0.0,none,,[],Lựa chọn gói bảo hiểm sức khỏe phù hợp với nhu cầu và ngân sách,Người dùng bổ sung thông tin về nhu cầu nằm viện tại bệnh viện nhi trung ương với chi phí giường dưới 2 triệu và chỉ mua thẻ nội trú.,False,False,2026-09-08T18:02:06.439589
1748746132999377,y_kien_trung_lap,trung_lap,0.1,none,,[],Lợi ích của việc duy trì bảo hiểm sau khi yêu cầu bồi thường,Comment khuyên không nên bỏ bảo hiểm khi bé đã có yêu cầu bồi thường và gợi ý chia nhỏ kỳ đóng phí để giảm áp lực.,True,False,2026-09-08T18:02:06.439589
1748747329665924,y_kien_trung_lap,trung_lap,0.0,none,,[],Lý do người dùng không muốn tiếp tục bảo hiểm nhân thọ,Người dùng bày tỏ không muốn tiếp tục tham gia bảo hiểm nhân thọ.,False,False,2026-09-08T18:02:06.439589
1748749626332361,san_pham_giai_phap,tieu_cuc,-0.4,low,,"[""khong cam ket tai tuc""]",Rủi ro khi mua thẻ bảo hiểm sức khỏe không cam kết tái tục,Comment bày tỏ sự lo ngại về việc các thẻ bảo hiểm rời ngắn hạn không cam kết tái tục.,False,False,2026-09-08T18:02:06.439589
1748750576332266,y_kien_trung_lap,trung_lap,0.0,none,,[],Lý do lựa chọn bảo hiểm ngắn hạn,Người dùng cho biết chỉ tham gia bảo hiểm trong năm đầu tiên.,False,False,2026-09-08T18:02:06.439589
1749002579640399,y_kien_trung_lap,trung_lap,0.1,none,,[],Lợi ích của việc chia nhỏ kỳ đóng phí bảo hiểm,Comment khuyên người khác không nên bỏ bảo hiểm và gợi ý chia nhỏ kỳ đóng phí để giảm gánh nặng.,False,False,2026-09-08T18:02:28.034485
1749080516299272,y_kien_trung_lap,trung_lap,0.0,none,,[],Hướng dẫn chuẩn bị hồ sơ yêu cầu bồi thường bảo hiểm sức khỏe,Comment liệt kê các giấy tờ cần thiết để yêu cầu bồi thường bảo hiểm.,False,False,2026-09-08T18:02:28.034485
1749093626297961,y_kien_trung_lap,trung_lap,0.2,none,,[],Đánh giá sản phẩm bảo hiểm Xanh Bình An,Comment gợi ý sản phẩm bảo hiểm Xanh Bình An và nhận xét sản phẩm này phù hợp cho ngắn hạn.,False,False,2026-09-08T18:02:28.034485
1749122922961698,y_kien_trung_lap,trung_lap,0.0,none,,[],,Comment xác nhận đã gửi tin nhắn riêng.,False,False,2026-09-08T18:02:28.034485
1749123449628312,y_kien_trung_lap,trung_lap,0.0,none,,[],Thông tin chi tiết về bảo hiểm Xanh Bình An,Comment cho biết người dùng đang tìm hiểu thông tin về sản phẩm bảo hiểm Xanh Bình An.,False,False,2026-09-08T18:02:28.034485
1749130999627557,y_kien_trung_lap,trung_lap,0.1,none,,[],Cách chọn tư vấn viên bảo hiểm uy tín,Comment gợi ý liên hệ một người tên Zương Zuồi để được hỗ trợ.,False,False,2026-09-08T18:02:28.034485
1749181302955860,y_kien_trung_lap,trung_lap,0.0,none,,[],,Comment xác nhận đã gửi tin nhắn riêng.,False,False,2026-09-08T18:02:28.034485
1749221596285164,spam,trung_lap,0.0,none,,[],,Comment kêu gọi người dùng inbox cho chuyên gia để được tư vấn về thẻ rời.,True,True,2026-09-08T18:02:28.034485
1749267392947251,spam,trung_lap,0.0,none,,[],,Comment kêu gọi người dùng inbox cho Nguyễn Hoa Zương Zuồi để được tư vấn tận tâm.,True,True,2026-09-08T18:02:28.034485
1749494679591189,y_kien_trung_lap,trung_lap,0.1,none,,[],,Comment bày tỏ lời cảm ơn.,False,False,2026-09-08T18:02:28.034485
1749494726257851,y_kien_trung_lap,trung_lap,0.1,none,,[],,Comment bày tỏ lời cảm ơn.,False,False,2026-09-08T18:02:28.034485
1749561276251196,spam,trung_lap,0.0,none,,[],,Comment kêu gọi người dùng liên hệ chuyên gia Zương Zuồi và Nguyễn Hoa để được tư vấn về thẻ rời cho bé.,True,True,2026-09-08T18:02:28.034485
1750326682841322,spam,trung_lap,0.0,none,,[],,"Comment hỏi về ngân sách, gợi ý Bảo Việt và kêu gọi cung cấp thông tin để tư vấn chi tiết.",True,True,2026-09-08T18:02:28.034485
1748531186354205,spam,trung_lap,0.0,none,,[],,"Comment từ tư vấn viên Phương Thúy AIA, giới thiệu chi tiết các quyền lợi nổi bật của thẻ sức khỏe AIA, so sánh với Gen và kêu gọi liên hệ để tư vấn.",True,True,2026-09-08T18:02:28.034485
1748537189686938,spam,trung_lap,0.0,none,,[],,"Comment từ tư vấn viên Minh Thảo Sun Life, giới thiệu các quyền lợi nổi bật của bảo hiểm Sun Life cho sức khỏe gia đình và kêu gọi liên hệ để tư vấn chi tiết.",True,True,2026-09-08T18:02:28.034485
1748543636352960,spam,trung_lap,0.0,none,,[],,"Comment từ tư vấn viên Vân AIA, phân tích gói bảo hiểm AIA phù hợp với ngân sách 15 triệu, nêu bật các quyền lợi độc quyền của AIA và kêu gọi liên hệ để tư vấn.",True,True,2026-09-08T18:02:28.034485
1748550549685602,spam,trung_lap,0.0,none,,[],,"Comment so sánh quyền lợi nhân đôi hạn mức của thẻ sức khỏe AIA và Gen, nhấn mạnh ưu điểm của AIA.",True,True,2026-09-08T18:02:28.034485
1748599113014079,spam,trung_lap,0.0,none,,[],,"Comment giới thiệu thẻ sức khỏe AIA với nhiều đặc điểm nổi trội như bảo vệ trọn đời, chi trả 100% chi phí y tế, không giới hạn phụ và các quyền lợi khác.",True,True,2026-09-08T18:02:28.034485
1748610826346241,y_kien_trung_lap,trung_lap,0.0,none,,[],Cách lựa chọn sản phẩm bảo hiểm phù hợp với ngân sách,Comment cho biết ngân sách được đề cập không đủ để tham gia bảo hiểm Gen.,False,False,2026-09-08T18:02:28.034485
1748643326342991,spam,trung_lap,0.0,none,,[],,"Comment gợi ý tham khảo Sun Life, cho biết ngân sách đủ cho bảo hiểm nhân thọ và nội trú cho con, và thẻ Sun chi trả 100% viện tư.",True,True,2026-09-08T18:02:28.034485
1748656249675032,spam,trung_lap,0.0,none,,[],,"Một tư vấn viên so sánh AIA và Gen, nghiêng về AIA và mời khách hàng liên hệ để nhận bảng minh họa.",True,True,2026-09-08T18:02:35.105886
1748667846340539,spam,trung_lap,0.0,none,,[],,Một tư vấn viên đề xuất gói bảo hiểm AIA cho gia đình 3 người với ngân sách 15 triệu/năm và mời liên hệ để tư vấn chi tiết.,True,True,2026-09-08T18:02:35.105886
1748677989672858,spam,trung_lap,0.0,none,,[],,Một tư vấn viên giới thiệu gói bảo hiểm AIA cho gia đình 3 người với các quyền lợi chi tiết và mời khách hàng inbox để được hỗ trợ.,True,True,2026-09-08T18:02:35.105886
1748689373005053,khen,tich_cuc,0.9,none,,[],Cách xây dựng đội ngũ tư vấn viên tận tâm,Khách hàng khen ngợi tư vấn viên có tâm.,False,False,2026-09-08T18:02:35.105886
1748690479671609,y_kien_trung_lap,trung_lap,0.0,none,,[],,Người dùng gửi lời cảm ơn.,False,False,2026-09-08T18:02:35.105886
1748702853003705,spam,trung_lap,0.0,none,,[],,"Một tư vấn viên AIA giới thiệu gói bảo hiểm cho bé và bố với các quyền lợi về thẻ sức khỏe và bệnh hiểm nghèo, đồng thời mời liên hệ để tư vấn chi tiết.",True,True,2026-09-08T18:02:35.105886
1748753299665327,spam,trung_lap,0.0,none,,[],,"Một tư vấn viên Dai-ichi giới thiệu gói bảo hiểm với chi phí hợp lý và quyền lợi cao, mời khách hàng liên hệ để được tư vấn.",True,True,2026-09-08T18:02:35.105886
1748981509642506,spam,trung_lap,0.0,none,,[],,"Một tư vấn viên giải thích về quy trình bồi thường và giới thiệu gói bảo hiểm sức khỏe của Gen, mời khách hàng inbox để tham khảo.",True,True,2026-09-08T18:02:35.105886
1749006876306636,so_sanh_chung,trung_lap,0.0,none,,[],So sánh chi phí bảo hiểm giữa các công ty,Người dùng so sánh mức phí của Dai-ichi với các hãng khác và giới thiệu một tư vấn viên.,False,False,2026-09-08T18:02:35.105886
1749086972965293,spam,trung_lap,0.0,none,,[],,"Một tư vấn viên đề xuất gói bảo hiểm AIA cho gia đình 3 người với mức phí và quyền lợi cụ thể, mời khách hàng inbox để xem chi tiết.",True,True,2026-09-08T18:02:35.105886
1749272296280094,so_sanh_chung,trung_lap,0.0,none,,[],Lựa chọn bảo hiểm phù hợp với ngân sách gia đình,Người dùng gợi ý AIA phù hợp với tài chính và giới thiệu hai tư vấn viên.,False,False,2026-09-08T18:02:35.105886
1749272559613401,spam,trung_lap,0.0,none,,[],,Một trưởng ban kinh doanh cấp cao của Gen giới thiệu bản thân và mời tư vấn.,False,False,2026-09-08T18:02:35.105886
1749337706273553,spam,trung_lap,0.0,none,,[],,Một tư vấn viên AIA đề xuất AIA phù hợp với tài chính và mời khách hàng liên hệ để tư vấn chi tiết.,False,False,2026-09-08T18:02:35.105886
1749572359583421,spam,trung_lap,0.0,none,,[],,Một tư vấn viên giới thiệu thẻ Sống Chất của Sun Life với các quyền lợi về bảo vệ nội trú và chi trả online.,False,False,2026-09-08T18:02:35.105886
1750091856198138,so_sanh_chung,trung_lap,0.0,none,,[],Tìm hiểu về các tư vấn viên bảo hiểm uy tín,Người dùng gợi ý tham khảo AIA và giới thiệu hai tư vấn viên.,False,False,2026-09-08T18:02:35.105886
1750092406198083,so_sanh_chung,trung_lap,0.0,none,,[],Các gói bảo hiểm phù hợp với ngân sách hạn chế,Người dùng gợi ý tham khảo Dai-ichi vì phí hợp lý với ngân sách.,False,False,2026-09-08T18:02:35.105886
1748574956349828,y_kien_trung_lap,trung_lap,0.0,none,,[],Bảo hiểm cho người có bệnh nền: Những điều cần biết,Người dùng thông báo rằng người mắc bệnh tiểu đường không thể mua bảo hiểm.,False,False,2026-09-08T18:02:35.105886
1748580113015979,spam,trung_lap,0.0,none,,[],,"Một tư vấn viên AIA giới thiệu chi tiết các quyền lợi của thẻ sức khỏe AIA, đặc biệt nhấn mạnh các điểm mạnh so với các hãng khác, và mời khách hàng liên hệ để tư vấn.",False,False,2026-09-08T18:02:35.105886
1748685503005440,y_kien_trung_lap,trung_lap,0.0,none,,[],Sự khác biệt giữa bảo hiểm y tế và bảo hiểm tư nhân cho người có bệnh nền,Người dùng thông báo rằng người mắc bệnh tiểu đường không thể mua bảo hiểm tư nhân và nên tham gia BHYT.,False,False,2026-09-08T18:02:35.105886
1748708563003134,spam,trung_lap,0.0,none,,[],,Một tư vấn viên khuyên duy trì BHYT cho người có bệnh nền và mời liên hệ để tư vấn thêm về phương án dự phòng.,False,False,2026-09-08T18:02:35.105886
1748727079667949,y_kien_trung_lap,trung_lap,0.1,none,,[],Bảo hiểm cho người có bệnh nền,Một người dùng cung cấp thông tin về việc có thể mua bảo hiểm VBI cho hai bệnh cụ thể.,True,False,2026-09-08T18:02:42.996923
1748749276332396,y_kien_trung_lap,trung_lap,0.1,none,,[],Bảo hiểm cho người tiểu đường,Một người dùng cung cấp thông tin về khả năng mua bảo hiểm MIC cho người tiểu đường với mức đường huyết cụ thể.,True,False,2026-09-08T18:02:42.996923
1749274499613207,phan_van,trung_lap,0.0,none,,[],So sánh thẻ sức khỏe rời và thẻ kèm nhân thọ,Người dùng hỏi về việc nên chọn thẻ sức khỏe rời hay thẻ sức khỏe kèm nhân thọ cho mẹ.,False,False,2026-09-08T18:02:42.996923
1749451789595478,spam,trung_lap,0.0,none,,[],,Một tư vấn viên chào bán bảo hiểm và kêu gọi liên hệ qua Zalo để được tư vấn chi tiết.,True,False,2026-09-08T18:02:42.996923
1750329656174358,spam,trung_lap,0.0,none,,[],,Một tư vấn viên yêu cầu thông tin chi tiết để tư vấn bảo hiểm và kêu gọi liên hệ.,True,False,2026-09-08T18:02:42.996923
1748591763014814,y_kien_trung_lap,trung_lap,0.1,none,,[],Ưu nhược điểm thẻ sức khỏe rời và kèm nhân thọ,Người dùng giải thích về việc mua thẻ sức khỏe rời và gợi ý mua gói tiết kiệm kèm thẻ sức khỏe nhân thọ cho bé.,True,False,2026-09-08T18:02:42.996923
1748644779676179,spam,trung_lap,0.0,none,,[],,Một tư vấn viên khuyên gắn bảo hiểm sức khỏe của con vào hợp đồng của mẹ và kêu gọi liên hệ để được hỗ trợ.,True,False,2026-09-08T18:02:42.996923
1748659566341367,spam,trung_lap,0.0,none,,[],,Một tư vấn viên khuyên gắn thẻ bảo hiểm cho bé vào hợp đồng của mẹ và kêu gọi liên hệ để được hỗ trợ.,True,False,2026-09-08T18:02:42.996923
1748663273007663,spam,trung_lap,0.0,none,,[],,"Một tư vấn viên phân tích ưu nhược điểm của việc gắn thẻ sức khỏe cho bé vào hợp đồng của mẹ và gợi ý giải pháp độc lập, sau đó kêu gọi liên hệ để được hỗ trợ.",True,False,2026-09-08T18:02:42.996923
1748665389674118,y_kien_trung_lap,trung_lap,0.0,none,,[],,Một câu trả lời ngắn gọn 'Kèm'.,False,False,2026-09-08T18:02:42.996923
1748674176339906,muon_tu_van,trung_lap,0.0,none,,[],Gắn thẻ bảo hiểm cho con vào hợp đồng hiện có,Người dùng hỏi liệu có thể gắn thẻ bảo hiểm cho con vào hợp đồng AIA hiện tại đã mua được 7 năm với phí thấp.,False,False,2026-09-08T18:02:42.996923
1748754002998590,spam,trung_lap,0.0,none,,[],,"Một tư vấn viên của Daiichi đưa ra hai lựa chọn bảo hiểm cho bé, kèm theo chi tiết quyền lợi và phí, sau đó tự giới thiệu và kêu gọi inbox.",True,False,2026-09-08T18:02:42.996923
1749074859633171,khen,tich_cuc,0.8,none,,[],Đánh giá chất lượng tư vấn viên,Người dùng khen ngợi tư vấn viên là người có tâm.,False,False,2026-09-08T18:02:42.996923
1749075719633085,y_kien_trung_lap,trung_lap,0.0,none,,[],,Một lời cảm ơn xã giao.,False,False,2026-09-08T18:02:42.996923
1749221206285203,y_kien_trung_lap,trung_lap,0.1,none,,[],Tối ưu chi phí bảo hiểm cho gia đình,Người dùng khuyên gắn bảo hiểm vào hợp đồng có sẵn để tối ưu chi phí và quyền lợi.,True,False,2026-09-08T18:02:42.996923
1749247469615910,y_kien_trung_lap,trung_lap,0.1,none,,[],Hướng dẫn thêm thẻ bảo hiểm cho bé vào hợp đồng mẹ,Người dùng khuyên mẹ gắn thẻ bảo hiểm cho bé vào hợp đồng của mình và hướng dẫn cách thực hiện trên ứng dụng AIA+.,False,False,2026-09-08T18:02:42.996923
1749263669614290,spam,trung_lap,0.0,none,,[],,Người dùng giới thiệu và kêu gọi bình chọn cho các tư vấn viên của AIA.,True,True,2026-09-08T18:02:42.996923
1749267719613885,y_kien_trung_lap,trung_lap,0.1,none,,[],Lựa chọn bảo hiểm cho con: độc lập hay kèm hợp đồng bố mẹ,"Người dùng đưa ra lời khuyên về việc tham gia bảo hiểm cho bé, nên mua riêng hay gắn kèm vào hợp đồng của bố mẹ tùy theo điều kiện tài chính và quyền lợi hiện có.",True,False,2026-09-08T18:02:42.996923
1749335149607142,y_kien_trung_lap,trung_lap,0.1,none,,[],Tối ưu chi phí bảo hiểm cho gia đình,Người dùng khuyên mua bảo hiểm kèm hợp đồng của mẹ là cách tối ưu chi phí nhất.,True,False,2026-09-08T18:02:42.996923
1749403396266984,y_kien_trung_lap,trung_lap,0.0,none,,[],,Một lời đáp ngắn gọn.,False,False,2026-09-08T18:02:42.996923
1749575866249737,y_kien_trung_lap,trung_lap,0.1,none,,[],Lợi ích của việc mua bảo hiểm sức khỏe riêng cho con,"Comment đưa ra lời khuyên về việc mua bảo hiểm sức khỏe cho con, có thể mua kèm hợp đồng mẹ hoặc mua riêng tùy tài chính.",True,True,2026-09-08T18:03:03.018405
1749801242893866,spam,trung_lap,0.0,none,,[],,Comment khuyên nên mua bảo hiểm kèm hợp đồng mẹ và kêu gọi inbox cho TVV AIA để được hỗ trợ.,True,False,2026-09-08T18:03:03.018405
1749875312886459,y_kien_trung_lap,trung_lap,0.1,none,,[],Lợi ích của việc mua bảo hiểm sức khỏe kèm bảo hiểm nhân thọ,Comment khuyên nên mua bảo hiểm sức khỏe kèm hợp đồng bảo hiểm nhân thọ vì bền lâu và không bị ràng buộc.,True,True,2026-09-08T18:03:03.018405
1749921346215189,y_kien_trung_lap,trung_lap,0.1,none,,[],Lợi ích của việc đính kèm thẻ bảo hiểm,Comment khuyên nên đính kèm thẻ bảo hiểm AIA.,False,False,2026-09-08T18:03:03.018405
1750087332865257,y_kien_trung_lap,trung_lap,0.1,none,,[],So sánh mua bảo hiểm sức khỏe kèm và riêng cho con,"Comment đưa ra lời khuyên về việc mua bảo hiểm sức khỏe cho con, cân nhắc giữa việc thêm thẻ vào hợp đồng mẹ để tối ưu chi phí hoặc mua gói riêng để bảo vệ độc lập.",True,True,2026-09-08T18:03:03.018405
1748528229687834,y_kien_trung_lap,trung_lap,0.0,none,,[],,Comment chia sẻ kinh nghiệm cá nhân chỉ mua bảo hiểm nội trú.,False,False,2026-09-08T18:03:03.018405
1748530403020950,y_kien_trung_lap,trung_lap,0.2,none,,[],Lợi ích của bảo hiểm nội trú cho người trẻ và kế hoạch tài chính dài hạn,"Comment chia sẻ kinh nghiệm chỉ mua bảo hiểm nội trú khi còn trẻ vì ít đi khám và có BHYT, đồng thời cân nhắc mua thẻ rời cao cấp khi về già để tránh bị loại trừ bệnh như bảo hiểm nhân thọ.",False,False,2026-09-08T18:03:03.018405
1748534553020535,phan_van,trung_lap,0.0,none,,[],Có nên mua bảo hiểm ngoại trú cho trẻ nhỏ?,Comment bày tỏ sự cân nhắc về việc mua bảo hiểm ngoại trú cho bé 2 tuổi.,False,False,2026-09-08T18:03:03.018405
1748536299687027,spam,trung_lap,0.0,none,,[],,"Comment của chuyên viên Sun Life giới thiệu gói bảo hiểm sức khỏe cho trẻ em bao gồm nội trú và ngoại trú, không đồng chi trả, và kêu gọi liên hệ để tư vấn.",True,False,2026-09-08T18:03:03.018405
1748536769686980,y_kien_trung_lap,trung_lap,0.2,none,,[],Lợi ích của bảo hiểm ngoại trú cho trẻ nhỏ,Comment khuyên nên mua bảo hiểm ngoại trú cho bé 1 tuổi vì trẻ nhỏ hay ốm vặt và BHYT không áp dụng ở một số phòng khám.,False,False,2026-09-08T18:03:03.018405
1748539209686736,spam,trung_lap,0.0,none,,[],,"Comment khuyên nên mua thêm bảo hiểm ngoại trú cho trẻ sơ sinh vì hay ốm vặt, đồng thời giới thiệu gói nội trú của Gen và kêu gọi inbox để tư vấn.",True,False,2026-09-08T18:03:03.018405
1748543639686293,y_kien_trung_lap,trung_lap,0.1,none,,[],Cách tối ưu ngân sách khi mua bảo hiểm sức khỏe,Comment chia sẻ kinh nghiệm chỉ mua bảo hiểm nội trú do ngân sách thấp để tập trung mức bảo vệ.,False,False,2026-09-08T18:03:03.018405
1748544606352863,y_kien_trung_lap,trung_lap,0.1,none,,[],Quyền lợi của bảo hiểm nội trú,Comment khuyên chỉ cần mua bảo hiểm nội trú vì vẫn được thanh toán nếu khám và nhập viện trong vòng 30 ngày.,False,False,2026-09-08T18:03:03.018405
1748547239685933,san_pham_giai_phap,tieu_cuc,-0.4,none,,"[""chi phi cao""]",So sánh chi phí bảo hiểm nội trú và ngoại trú,Comment chia sẻ chỉ mua bảo hiểm nội trú vì chi phí ngoại trú quá cao.,False,False,2026-09-08T18:03:03.018405
1748550419685615,y_kien_trung_lap,trung_lap,-0.1,none,,[],Khi nào nên mua bảo hiểm ngoại trú?,"Comment chia sẻ kinh nghiệm đã mua cả nội trú và ngoại trú nhưng ít sử dụng ngoại trú, nên quyết định hủy.",False,False,2026-09-08T18:03:03.018405
1748551499685507,spam,trung_lap,0.29,none,,[],,Comment của TVV giới thiệu thẻ nội trú của Gen có nhiều quyền lợi như thanh toán khám trước và tái khám sau nhập viện không giới hạn lượt.,True,False,2026-09-08T18:03:03.018405
1748553853018605,check_chi_phi,trung_lap,0.0,none,,[],Bảng giá bảo hiểm nội trú của Gen,Comment hỏi về chi phí bảo hiểm nội trú của Gen mỗi năm.,False,False,2026-09-08T18:03:03.018405
1748566383017352,y_kien_trung_lap,tich_cuc,0.6,none,,[],Lợi ích của bảo hiểm ngoại trú cho gia đình có trẻ nhỏ,"Comment chia sẻ trải nghiệm tích cực về việc có bảo hiểm ngoại trú giúp giảm chi phí khám bệnh cho con, đặc biệt khi khám ngoài giờ.",False,False,2026-09-08T18:03:03.018405
1748567136350610,y_kien_trung_lap,trung_lap,0.1,none,,[],Tần suất sử dụng bảo hiểm ngoại trú theo độ tuổi của trẻ,"Comment chia sẻ kinh nghiệm sử dụng bảo hiểm ngoại trú cho con, ít dùng khi dưới 1 tuổi nhưng dùng hết hạn mức khi 1-2 tuổi.",False,False,2026-09-08T18:03:03.018405
1748569159683741,y_kien_trung_lap,trung_lap,0.1,none,,[],So sánh lợi ích của bảo hiểm nội trú và ngoại trú,"Comment khuyên không nên mua ngoại trú mà nên tập trung vào nội trú, dựa trên kinh nghiệm chi phí và quyền lợi chi trả nhanh chóng của nội trú.",False,False,2026-09-08T18:03:03.018405
1748569626350361,y_kien_trung_lap,trung_lap,0.0,none,,[],Giải thích điều khoản loại trừ bệnh tái phát trong bảo hiểm sức khỏe,Comment chia sẻ kinh nghiệm về việc thẻ bảo hiểm rời thường loại trừ các bệnh tái phát hoặc bệnh nặng trong những năm tiếp theo.,False,False,2026-09-08T18:03:16.763207
1748572943016696,san_pham_giai_phap,tieu_cuc,-0.4,low,Phàn nàn về hiệu quả của quyền lợi ngoại trú.,"[""quyen loi ngoai tru khong hieu qua""]",Khi nào nên mua bảo hiểm ngoại trú?,Người dùng đã hủy bảo hiểm ngoại trú vì thấy không cần thiết và không có nhiều tác dụng.,False,False,2026-09-08T18:03:16.763207
1748575623016428,y_kien_trung_lap,trung_lap,0.0,none,,[],,Comment hỏi về độ tuổi của người được bảo hiểm để đưa ra lời khuyên phù hợp.,False,False,2026-09-08T18:03:16.763207
1748577529682904,y_kien_trung_lap,trung_lap,0.0,none,,[],,Người dùng trả lời rằng đối tượng được bảo hiểm là trẻ em 4 tuổi.,False,False,2026-09-08T18:03:16.763207
1748584486348875,y_kien_trung_lap,trung_lap,0.0,none,,[],Kết hợp bảo hiểm nội trú và BHYT: Lợi ích và cách tối ưu,Người dùng chia sẻ kinh nghiệm chỉ mua bảo hiểm nội trú và sử dụng bảo hiểm y tế cho các lần khám bệnh thông thường.,False,False,2026-09-08T18:03:16.763207
1748585869682070,khen,tich_cuc,0.7,none,,[],Đánh giá gói bảo hiểm nội trú Generali 10 triệu/năm,Comment khen ngợi và giới thiệu gói bảo hiểm nội trú của Generali với mức phí 10 triệu/năm và các quyền lợi chi tiết.,False,False,2026-09-08T18:03:16.763207
1748594143014576,y_kien_trung_lap,trung_lap,0.0,none,,[],Lựa chọn bảo hiểm nội trú phù hợp với ngân sách,Comment khuyên rằng bảo hiểm nội trú là lựa chọn ổn nếu điều kiện kinh tế không cao.,False,False,2026-09-08T18:03:16.763207
1748594733014517,y_kien_trung_lap,trung_lap,0.0,none,,[],Lợi ích của bảo hiểm nội trú và cách tận dụng,"Người dùng chia sẻ kinh nghiệm chỉ mua bảo hiểm nội trú để tiết kiệm, vì quyền lợi nội trú có thể chi trả cả chi phí khám trước nhập viện nếu có nằm viện qua đêm.",False,False,2026-09-08T18:03:16.763207
1748595319681125,y_kien_trung_lap,trung_lap,0.0,none,,[],Chi phí bảo hiểm sức khỏe cho trẻ em của Generali,Comment thông tin rằng phí thẻ bảo hiểm trẻ em của Generali khá cao và gợi ý các gói phù hợp cho từng loại hình bệnh viện.,False,False,2026-09-08T18:03:16.763207
1748630466344277,spam,trung_lap,0.0,none,,[],,Comment giới thiệu sản phẩm bảo hiểm nội/ngoại trú cho trẻ em của Sun Life với giá mềm hơn Generali và quyền lợi tương đương.,True,True,2026-09-08T18:03:16.763207
1748652406342083,y_kien_trung_lap,trung_lap,0.0,none,,[],"Chiến lược kết hợp bảo hiểm nội trú, ngoại trú và BHYT","Comment đưa ra lời khuyên về việc lựa chọn bảo hiểm nội trú nếu bệnh nặng, cân nhắc gói ngoại trú từ bên khác hoặc kết hợp BHYT cho khám bệnh thông thường.",True,False,2026-09-08T18:03:16.763207
1748664923007498,y_kien_trung_lap,trung_lap,0.0,none,,[],"Quản lý chi phí y tế: Khi nào nên vào viện, khi nào nên khám tư?","Comment chia sẻ kinh nghiệm rằng bệnh nặng thì vào viện, bệnh nhẹ thì đi khám tư với chi phí vài trăm nghìn.",False,False,2026-09-08T18:03:16.763207
1748667313007259,check_chi_phi,trung_lap,0.0,none,,[],Chi phí bảo hiểm nhân thọ cho cha mẹ khi mua kèm bảo hiểm trẻ em,Người dùng hỏi về chi phí bổ sung nếu mua thêm bảo hiểm nhân thọ cho bố/mẹ và bảo hiểm cho trẻ 0 tuổi.,False,False,2026-09-08T18:03:16.763207
1748673449673312,spam,trung_lap,0.0,none,,[],,"Comment từ tư vấn viên Generali phân tích về chi phí bảo hiểm trẻ em, khuyên cân nhắc giữa nội trú và ngoại trú, và mời inbox để được tư vấn cụ thể.",True,False,2026-09-08T18:03:16.763207
1748755412998449,spam,trung_lap,0.0,none,,[],,"Comment từ tư vấn viên Dai-ichi Life chia sẻ kinh nghiệm về việc trẻ nhỏ ít khi lưu viện, sau đó giới thiệu chi tiết một gói bảo hiểm nhân thọ kết hợp nội/ngoại trú cao cấp cho bé và mời inbox tư vấn.",True,False,2026-09-08T18:03:16.763207
1748966782977312,y_kien_trung_lap,trung_lap,0.0,none,,[],Quyền lợi chi trả ngoại trú trong bảo hiểm nội trú: Những điều cần biết,Comment khuyên chỉ mua bảo hiểm nội trú vì quyền lợi này có thể chi trả cả khám ngoại trú liên quan đến bệnh trong 30 ngày trước và 60 ngày sau khi nằm viện.,False,False,2026-09-08T18:03:16.763207
1748998836307440,y_kien_trung_lap,trung_lap,0.0,none,,[],Nên ưu tiên bảo hiểm nội trú hay ngoại trú?,Comment cho rằng nếu đã mua bảo hiểm thì ngoại trú được sử dụng nhiều hơn nội trú và nên ưu tiên quyền lợi này.,False,False,2026-09-08T18:03:16.763207
1749000186307305,y_kien_trung_lap,trung_lap,0.0,none,,[],Lợi ích của bảo hiểm ngoại trú,Comment khẳng định rằng quyền lợi ngoại trú là rất cần thiết.,False,False,2026-09-08T18:03:16.763207
1749273559613301,y_kien_trung_lap,trung_lap,0.0,none,,[],Các chương trình khuyến mãi bảo hiểm sức khỏe,Comment thông báo về chương trình giảm giá 30% cho bảo hiểm nội trú và ngoại trú.,False,False,2026-09-08T18:03:16.763207
1749274246279899,y_kien_trung_lap,trung_lap,0.0,none,,[],Xu hướng lựa chọn bảo hiểm nội trú của khách hàng,"Comment chia sẻ rằng khách hàng thường mua bảo hiểm nội trú hơn ngoại trú, vì nội trú đã chi trả cả chi phí khám trước và sau khi nằm viện.",False,False,2026-09-08T18:03:16.763207
1749290416278282,spam,trung_lap,0.0,none,,[],,"Comment của tư vấn viên Generali cung cấp phân tích chi tiết về việc ưu tiên quyền lợi nội trú so với ngoại trú, kèm theo thông tin liên hệ.",True,False,2026-09-08T18:03:29.381465
1749334429607214,y_kien_trung_lap,tich_cuc,0.7,none,,[],ưu tiên quyền lợi bảo hiểm khi tài chính hạn chế,Comment khuyên người có tài chính hạn chế nên ưu tiên mua bảo hiểm nội trú và cân nhắc thêm các quyền lợi khác khi có điều kiện.,False,False,2026-09-08T18:03:29.381465
1749570642916926,spam,trung_lap,0.0,none,,[],,Comment khuyên ưu tiên bảo hiểm nội trú khi ngân sách có hạn và giới thiệu sản phẩm Sống Chất 2.0 của Sun Life.,True,False,2026-09-08T18:03:29.381465
1750322806175043,spam,trung_lap,0.0,none,,[],,Comment khuyên nên tham gia bảo hiểm nội trú của Generali trước và bổ sung quyền lợi khác khi có điều kiện.,True,False,2026-09-08T18:03:29.381465
1748522213021769,y_kien_trung_lap,trung_lap,0.1,none,,[],lợi ích của thẻ sức khỏe rời cho trẻ em,Comment gợi ý người dùng tham khảo thẻ sức khỏe rời cho con.,False,False,2026-09-08T18:03:29.381465
1748522503021740,spam,trung_lap,0.0,none,,[],,Comment kêu gọi người dùng nhắn tin riêng để được tư vấn.,True,False,2026-09-08T18:03:29.381465
1748534176353906,spam,trung_lap,0.0,none,,[],,Comment kêu gọi người dùng nhắn tin riêng để được hỗ trợ.,True,False,2026-09-08T18:03:29.381465
1748534736353850,spam,trung_lap,0.0,none,,[],,Comment cung cấp số Zalo để người dùng liên hệ.,True,False,2026-09-08T18:03:29.381465
1748561729684484,spam,trung_lap,0.0,none,,[],,Comment gợi ý tham khảo thẻ Sống Xanh cho bé với phí rẻ và quyền lợi tốt.,True,False,2026-09-08T18:03:29.381465
1748640859676571,spam,trung_lap,0.0,none,,[],,"Comment gợi ý tham khảo thẻ rời của Bảo Việt cho con và mời nhắn tin để nhận bảng phí, quyền lợi.",True,False,2026-09-08T18:03:29.381465
1748728556334468,y_kien_trung_lap,trung_lap,0.2,none,,[],lợi ích của bảo hiểm nội trú và ngoại trú cho trẻ dưới 3 tuổi,Comment khuyên người dùng tham khảo gói bảo hiểm có cả nội trú và ngoại trú cho trẻ dưới 3 tuổi vì các bé thường xuyên ốm sốt.,False,False,2026-09-08T18:03:29.381465
1748748349665822,spam,trung_lap,0.0,none,,[],,Comment gợi ý sản phẩm 'xanh mới' là một lựa chọn tốt.,True,False,2026-09-08T18:03:29.381465
1749004486306875,spam,trung_lap,0.0,none,,[],,Comment gợi ý tham khảo sản phẩm 'Xanh Bình An' của Techcombank.,True,False,2026-09-08T18:03:29.381465
1749029062971084,spam,trung_lap,0.0,none,,[],,"Comment giới thiệu VBI có gói bảo hiểm nội trú và ngoại trú phù hợp ngân sách, kèm ưu đãi giảm giá.",True,False,2026-09-08T18:03:29.381465
1749097179630939,spam,trung_lap,0.0,none,,[],,"Comment cung cấp hướng dẫn chi tiết để lựa chọn bảo hiểm sức khỏe cho bé, yêu cầu thông tin cụ thể từ người dùng và mời inbox để được tư vấn khách quan từ một người phân phối nhiều hãng.",True,False,2026-09-08T18:03:29.381465
1749220952951895,spam,trung_lap,0.0,none,,[],,Comment giới thiệu 'chuyên gia thẻ rời' Zương Zuồi Nguyễn Hoa và mời người dùng inbox.,True,False,2026-09-08T18:03:29.381465
1749255749615082,spam,trung_lap,0.0,none,,[],,"Comment mời người dùng nhắn tin riêng để được tư vấn gói bảo hiểm phù hợp, kèm số điện thoại liên hệ.",True,False,2026-09-08T18:03:29.381465
1749262729614384,spam,trung_lap,0.0,none,,[],,Comment giới thiệu 'chuyên gia tư vấn tận tâm' Nguyễn Hoa Zương Zuồi và mời người dùng inbox.,True,False,2026-09-08T18:03:29.381465
1749406172933373,spam,trung_lap,0.0,none,,[],,Comment giới thiệu có nhiều gói bảo hiểm phù hợp và mời người dùng nhắn Zalo để được tư vấn chi tiết.,True,False,2026-09-08T18:03:29.381465
1749494446257879,y_kien_trung_lap,trung_lap,0.5,none,,[],,Comment bày tỏ lời cảm ơn.,False,False,2026-09-08T18:03:29.381465
1749494536257870,khen,tich_cuc,0.8,none,,[],,Người dùng bày tỏ sự cảm ơn.,False,False,2026-09-08T18:03:46.559910
1749561389584518,spam,trung_lap,0.0,none,,[],,Comment giới thiệu liên hệ chuyên gia cụ thể về thẻ rời cho bé.,True,True,2026-09-08T18:03:46.559910
1750093399531317,spam,trung_lap,0.0,none,,[],,Comment giới thiệu liên hệ chuyên gia cụ thể.,True,True,2026-09-08T18:03:46.559910
1748526436354680,spam,trung_lap,0.0,none,,[],,Người dùng tự giới thiệu là tư vấn viên Manulife và cung cấp website cá nhân.,True,False,2026-09-08T18:03:46.559910
1748535569687100,spam,trung_lap,0.0,none,,[],,"Người dùng tự giới thiệu là chuyên viên bảo hiểm thai sản và quảng bá sản phẩm Sun Life, kêu gọi liên hệ.",True,False,2026-09-08T18:03:46.559910
1748611969679460,spam,trung_lap,0.0,none,,[],,Người dùng tự giới thiệu là tư vấn viên Manulife và mời liên hệ để được tư vấn miễn phí về bảo hiểm thai sản.,True,False,2026-09-08T18:03:46.559910
1748718179668839,spam,trung_lap,0.0,none,,[],,Người dùng đưa ra lời khuyên chi tiết về việc tham gia bảo hiểm thai sản và mời liên hệ để được tư vấn cá nhân hóa.,True,False,2026-09-08T18:03:46.559910
1748723289668328,spam,trung_lap,0.0,none,,[],,Người dùng tự giới thiệu có thể tư vấn nhiều hãng bảo hiểm thai sản và mời inbox.,True,False,2026-09-08T18:03:46.559910
1748723789668278,y_kien_trung_lap,trung_lap,0.1,none,,[],,Người dùng chia sẻ kinh nghiệm về việc khách hàng đã sinh và yêu cầu bồi thường thai sản nhiều.,True,False,2026-09-08T18:03:46.559910
1748725419668115,spam,trung_lap,0.0,none,,[],,Người dùng tự giới thiệu có thể tư vấn nhiều hãng bảo hiểm thai sản và mời liên hệ qua Zalo.,True,False,2026-09-08T18:03:46.559910
1748750462998944,spam,trung_lap,0.0,none,,[],,"Người dùng tự giới thiệu là tư vấn viên Daiichi, quảng bá sản phẩm bảo hiểm thai sản của Daiichi và mời tư vấn.",True,False,2026-09-08T18:03:46.559910
1749003896306934,spam,trung_lap,0.0,none,,[],,Người dùng mời inbox để được hỗ trợ chi tiết về bảo hiểm thai sản.,True,False,2026-09-08T18:03:46.559910
1749188049621852,y_kien_trung_lap,trung_lap,0.2,none,,[],"kiểm tra quyền lợi bảo hiểm hiện có, lưu ý thời gian chờ bảo hiểm",Người dùng khuyên kiểm tra quyền lợi bảo hiểm PJICO hiện có và lưu ý thời gian chờ nếu mua thêm.,False,False,2026-09-08T18:03:46.559910
1749220762951914,spam,trung_lap,0.0,none,,[],,Comment giới thiệu liên hệ chuyên gia cụ thể về thẻ rời thai sản.,True,True,2026-09-08T18:03:46.559910
1749236619616995,spam,trung_lap,0.0,none,,[],,Người dùng mời cung cấp thông tin để được tư vấn phương án bảo hiểm tối ưu.,True,False,2026-09-08T18:03:46.559910
1749266152947375,y_kien_trung_lap,trung_lap,0.3,none,,[],thêm thẻ sức khỏe cho con sau sinh,Người dùng đưa ra lời khuyên về việc thêm thẻ sức khỏe cho con vào hợp đồng sau sinh.,True,False,2026-09-08T18:03:46.559910
1749272342946756,y_kien_trung_lap,trung_lap,0.3,none,,[],"kiểm tra quyền lợi bảo hiểm công ty, không nên mua quá nhiều bảo hiểm thai sản",Người dùng tự giới thiệu là tư vấn viên AIA và khuyên kiểm tra kỹ quyền lợi bảo hiểm công ty trước khi mua thêm bảo hiểm thai sản.,True,False,2026-09-08T18:03:46.559910
1749399122934078,spam,trung_lap,0.0,none,,[],,Người dùng đưa ra lời khuyên chi tiết về việc kiểm tra quyền lợi bảo hiểm PJICO và mời inbox để được tư vấn thêm.,True,False,2026-09-08T18:03:46.559910
1749406682933322,spam,trung_lap,0.0,none,,[],,Người dùng tự giới thiệu là tư vấn viên bảo hiểm thai sản và mời liên hệ qua Zalo để tham khảo các gói.,True,False,2026-09-08T18:03:46.559910
1749495086257815,khen,tich_cuc,0.8,none,,[],,Người dùng bày tỏ sự cảm ơn.,False,False,2026-09-08T18:03:46.559910
1749521342921856,spam,trung_lap,0.0,none,,[],,Một tư vấn viên giới thiệu sản phẩm bảo hiểm thai sản của Dai-ichi và kêu gọi inbox để tư vấn thêm.,True,True,2026-09-08T18:03:59.298625
1749523829588274,spam,trung_lap,0.0,none,,[],,Một tư vấn viên yêu cầu inbox để kiểm tra hạn mức bảo hiểm Pjico và tư vấn gói phù hợp.,True,True,2026-09-08T18:03:59.298625
1749551946252129,spam,trung_lap,0.0,none,,[],,Một tư vấn viên giới thiệu chi tiết gói bảo hiểm thai sản Sống Chất 2.0 của Sun Life.,True,True,2026-09-08T18:03:59.298625
1749558619584795,spam,trung_lap,0.0,none,,[],,Một tư vấn viên của Generali mời inbox để được tư vấn cụ thể.,True,True,2026-09-08T18:03:59.298625
1748520493021941,spam,trung_lap,0.0,none,,[],,Một tư vấn viên gợi ý gia đình nên mua thêm gói bảo hiểm cao cấp của Generali.,True,True,2026-09-08T18:03:59.298625
1748525613021429,spam,trung_lap,0.0,none,,[],,Một tư vấn viên của Manulife tự giới thiệu và chia sẻ website cá nhân.,True,True,2026-09-08T18:03:59.298625
1748526873021303,y_kien_trung_lap,trung_lap,0.1,none,,[],lợi ích khi gắn thẻ sức khỏe AIA vào hợp đồng hiện có,Người dùng khuyên nên gắn thẻ sức khỏe AIA nếu đã có hợp đồng AIA.,False,False,2026-09-08T18:03:59.298625
1748528976354426,spam,trung_lap,0.0,none,,[],,"Một tư vấn viên của AIA tự giới thiệu, cung cấp thông tin chi tiết về các gói thẻ sức khỏe và bảo hiểm nhân thọ của AIA, đồng thời mời liên hệ Zalo để tư vấn thêm.",True,True,2026-09-08T18:03:59.298625
1748529279687729,y_kien_trung_lap,trung_lap,0.2,none,,[],"lợi ích của thẻ sức khỏe AIA: không cắt thẻ, không giới hạn phụ",Người dùng khuyên nên thêm thẻ sức khỏe AIA vào hợp đồng hiện có vì không lo bị cắt thẻ và không giới hạn phụ cho mỗi lần nằm viện.,False,False,2026-09-08T18:03:59.298625
1748529443021046,y_kien_trung_lap,trung_lap,0.3,none,,[],lợi ích của thẻ sức khỏe AIA: không giới hạn viện phí mỗi đợt,Người dùng gợi ý gắn thẻ bảo hiểm sức khỏe AIA cho cả gia đình vì cho rằng đây là lựa chọn tốt nhất hiện nay với quyền lợi viện phí không giới hạn.,False,False,2026-09-08T18:03:59.298625
1748586299682027,y_kien_trung_lap,trung_lap,0.2,none,,[],chính sách không tăng phí của AIA khi sử dụng nhiều,Người dùng khuyên nên thêm thẻ sức khỏe AIA và cho biết AIA không tăng phí nếu sử dụng nhiều.,False,False,2026-09-08T18:03:59.298625
1748596729680984,spam,trung_lap,0.0,none,,[],,"Một tư vấn viên giới thiệu chi tiết các quyền lợi nổi bật của thẻ sức khỏe AIA, bao gồm bảo vệ trọn đời, chi trả thực tế, không giới hạn phụ và quyền lợi thai sản.",True,True,2026-09-08T18:03:59.298625
1748602743013716,spam,trung_lap,0.0,none,,[],,"Một tư vấn viên của Dai-ichi giới thiệu sản phẩm, nhấn mạnh quyền lợi chi trả viện phí và chính sách không tăng phí, đồng thời mời liên hệ Zalo để được tư vấn cụ thể.",True,True,2026-09-08T18:03:59.298625
1748638019676855,spam,trung_lap,0.0,none,,[],,Một tư vấn viên gợi ý gắn thẻ sức khỏe AIA vào hợp đồng hiện có để tiết kiệm chi phí.,True,True,2026-09-08T18:03:59.298625
1748641049676552,y_kien_trung_lap,trung_lap,0.4,none,,[],đánh giá về sức mạnh của thẻ AIA,Người dùng bày tỏ sự tin tưởng và đánh giá cao về thẻ AIA.,False,False,2026-09-08T18:03:59.298625
1748646319676025,y_kien_trung_lap,trung_lap,0.1,none,,[],lợi ích khi bổ sung thẻ sức khỏe AIA vào hợp đồng hiện có,Người dùng khuyên nên bổ sung thẻ sức khỏe AIA nếu đã có hợp đồng AIA.,False,False,2026-09-08T18:03:59.298625
1748647566342567,spam,trung_lap,0.0,none,,[],,"Một tư vấn viên của Dai-ichi giới thiệu sản phẩm, nhấn mạnh phí thẻ mềm và chính sách tăng phí hợp lý, đồng thời mời kết nối.",True,True,2026-09-08T18:03:59.298625
1748653036342020,spam,trung_lap,0.0,none,,[],,"Một tư vấn viên của AIA khuyên nên gắn thẻ sức khỏe AIA vào hợp đồng hiện có, nhấn mạnh các lợi ích và mời liên hệ để được hướng dẫn thêm.",True,True,2026-09-08T18:03:59.298625
1748660876341236,spam,trung_lap,0.0,none,,[],,"Một tư vấn viên gợi ý gắn thẻ bảo hiểm sức khỏe AIA cho cả gia đình, nhấn mạnh quyền lợi tốt và chính sách không tăng phí khi sử dụng nhiều.",True,True,2026-09-08T18:03:59.298625
1748672719673385,phan_van,trung_lap,0.0,none,,[],điều kiện gắn kèm thẻ sức khỏe cho con vào hợp đồng nhân thọ AIA,"Người dùng hỏi liệu hợp đồng nhân thọ AIA hiện có, đặc biệt là hợp đồng cũ với phí 5 triệu/năm, có thể gắn kèm thẻ sức khỏe cho con hay không.",False,False,2026-09-08T18:03:59.298625
1748676013006389,spam,trung_lap,0.0,none,,[],,Một tư vấn viên mời người dùng inbox để được hướng dẫn về việc gắn thẻ bảo hiểm sức khỏe vào hợp đồng bảo hiểm nhân thọ.,True,False,2026-09-08T18:04:03.587140
1748689606338363,phan_van,tieu_cuc,-0.4,none,,"[""quyền lợi không hấp dẫn""]","Hướng dẫn cách đánh giá quyền lợi thẻ sức khỏe, so sánh quyền lợi nằm viện.",Người dùng đang phân vân về thẻ sức khỏe của AIA vì thấy quyền lợi nằm viện một ngày không hấp dẫn.,False,False,2026-09-08T18:04:03.587140
1748691623004828,y_kien_trung_lap,trung_lap,0.1,none,,[],Giải thích chi tiết về giới hạn chi trả viện phí theo ngày và theo năm.,"Một người dùng khác đính chính thông tin về quyền lợi thẻ sức khỏe AIA, khẳng định không có giới hạn viện phí theo ngày.",False,False,2026-09-08T18:04:03.587140
1748694149671242,dich_vu_tu_van,tieu_cuc,-0.3,low,nghi ngờ tư vấn viên cung cấp thông tin sai,"[""tư vấn sai thông tin""]","Hướng dẫn cách kiểm tra thông tin tư vấn bảo hiểm, các dấu hiệu tư vấn sai.",Người dùng ngạc nhiên và nghi ngờ thông tin về quyền lợi bảo hiểm mà tư vấn viên đã gửi trước đó.,False,False,2026-09-08T18:04:03.587140
1748694419671215,check_chi_phi,trung_lap,0.0,none,,[],,Người dùng muốn tìm gói bảo hiểm phù hợp với mức kinh phí có thể chi trả.,False,False,2026-09-08T18:04:03.587140
1748701233003867,so_sanh_chung,trung_lap,0.2,none,,[],Phân tích ưu nhược điểm của thẻ sức khỏe gắn kèm và thẻ rời.,Một người dùng khác đưa ra ví dụ về chi trả của AIA và so sánh với thẻ sức khỏe rời.,False,False,2026-09-08T18:04:03.587140
1748703879670269,y_kien_trung_lap,trung_lap,0.3,none,,[],Hướng dẫn cách tính toán chi phí và hạn mức bảo hiểm phù hợp.,"Một người dùng khác cung cấp thông tin về mức phí và hạn mức của AIA, khuyến khích người hỏi xem xét lại.",False,False,2026-09-08T18:04:03.587140
1748752369665420,y_kien_trung_lap,tich_cuc,0.6,none,,[],Lời khuyên từ chuyên gia: Cách tối ưu hóa các gói bảo hiểm hiện có.,Một tư vấn viên của Daiichi khuyên người dùng nên thêm thẻ AIA vào hợp đồng hiện tại để tối ưu chi phí.,True,False,2026-09-08T18:04:03.587140
1748954329645224,y_kien_trung_lap,trung_lap,0.1,none,,[],,Người dùng phản hồi sẽ kiểm tra lại thông tin và cảm ơn người đã cung cấp.,False,False,2026-09-08T18:04:03.587140
1749001649640492,y_kien_trung_lap,trung_lap,0.2,none,,[],,Người dùng khuyên nên thêm thẻ sức khỏe vào hợp đồng bảo hiểm nhân thọ cũ.,False,False,2026-09-08T18:04:03.587140
1749033816303942,y_kien_trung_lap,tich_cuc,0.7,none,,[],Phân tích chi tiết các quyền lợi và điều khoản đặc biệt của thẻ sức khỏe AIA.,"Người dùng gợi ý nghiên cứu thẻ AIA, liệt kê các tiêu chí và ưu điểm nổi bật của sản phẩm này.",False,False,2026-09-08T18:04:03.587140
1749220609618596,spam,trung_lap,0.0,none,,[],,"Một tư vấn viên khuyên nên gắn thẻ vào hợp đồng AIA hiện có, đồng thời giới thiệu Sun Life và mời inbox.",True,False,2026-09-08T18:04:03.587140
1749269176280406,y_kien_trung_lap,trung_lap,0.2,none,,[],Hướng dẫn cách tích hợp thẻ sức khỏe vào hợp đồng bảo hiểm nhân thọ.,Người dùng gợi ý không mua thẻ sức khỏe rời nữa mà gắn vào hợp đồng nhân thọ hiện có hoặc tham gia thêm hợp đồng khác.,False,False,2026-09-08T18:04:03.587140
1749332802940710,y_kien_trung_lap,trung_lap,0.3,none,,[],,Người dùng khuyên nên tập trung các thẻ bảo hiểm về AIA và giữ thẻ công ty mua cho làm dự phòng.,False,False,2026-09-08T18:04:03.587140
1749567879583869,spam,trung_lap,0.0,none,,[],,Một tư vấn viên giới thiệu thẻ Sun Life với mức phí nhân thọ tối thiểu 6 triệu đồng cho cả gia đình.,True,False,2026-09-08T18:04:03.587140
1748522973021693,spam,trung_lap,0.0,none,,[],,Một tư vấn viên cung cấp lời khuyên về thời điểm tham gia bảo hiểm thai sản và mời liên hệ để được tư vấn.,True,False,2026-09-08T18:04:03.587140
1748534689687188,spam,trung_lap,0.0,none,,[],,"Một chuyên viên bảo hiểm thai sản chia sẻ kinh nghiệm, quảng bá Sun Life và mời người dùng liên hệ để được tư vấn.",True,False,2026-09-08T18:04:03.587140
1748757532998237,spam,trung_lap,0.0,none,,[],,Một tư vấn viên mời người dùng inbox hoặc gọi điện để được giải đáp thắc mắc chi tiết.,True,False,2026-09-08T18:04:03.587140
1748926906314633,spam,trung_lap,0.0,none,,[],,Một tư vấn viên mời người dùng inbox để được tư vấn.,True,False,2026-09-08T18:04:03.587140
1749219369618720,spam,trung_lap,0.0,none,,[],,Một người dùng giới thiệu chuyên gia Zương Zuồi Nguyễn Hoa và mời inbox để được tư vấn bảo hiểm thai sản.,True,False,2026-09-08T18:04:03.587140
1749264402947550,y_kien_trung_lap,tich_cuc,0.9,none,,[],"Hướng dẫn chi tiết về bảo hiểm thai sản: các loại, quyền lợi, thời gian chờ và điều khoản loại trừ","Comment cung cấp thông tin chi tiết và toàn diện về các loại bảo hiểm thai sản, quyền lợi, thời gian chờ và các điều khoản cần lưu ý.",False,False,2026-09-08T18:04:29.234207
1749270096280314,muon_tu_van,tich_cuc,0.7,none,,[],Tiêu chí chọn chuyên gia tư vấn bảo hiểm thai sản uy tín,Người dùng bày tỏ nhu cầu tìm kiếm một chuyên gia tư vấn bảo hiểm thai sản có kinh nghiệm và hiểu biết rộng.,False,False,2026-09-08T18:04:29.234207
1749494909591166,khen,tich_cuc,0.8,none,,[],,Người dùng gửi lời cảm ơn.,False,False,2026-09-08T18:04:29.234207
1749559852918005,spam,trung_lap,0.0,none,,[],,"Comment tư vấn về bảo hiểm thai sản, kết hợp BHYT/BHXH với bảo hiểm tư nhân, đồng thời giới thiệu gói sản phẩm của Sun Life.",True,True,2026-09-08T18:04:29.234207
1749578846249439,spam,trung_lap,0.0,none,,[],,"Một tư vấn viên của Daiichi giới thiệu bản thân, cung cấp thông tin chi tiết về bảo hiểm thai sản và kêu gọi liên hệ để được tư vấn riêng.",True,True,2026-09-08T18:04:29.234207
1749579616249362,spam,trung_lap,0.0,none,,[],,Người dùng tự giới thiệu kinh nghiệm bồi thường bảo hiểm thai sản và mời tư vấn riêng dựa trên nhu cầu.,True,True,2026-09-08T18:04:29.234207
1749919269548730,spam,trung_lap,0.0,none,,[],,"Comment giải đáp về các loại bảo hiểm nên tìm hiểu trước khi mang thai, bao gồm bảo hiểm thai sản tư nhân, BHYT, BHXH và BHNT.",True,True,2026-09-08T18:04:29.234207
1749919552882035,y_kien_trung_lap,trung_lap,0.2,none,,[],Ưu tiên các loại bảo hiểm để tối ưu chi phí khám thai và sinh con,"Comment tư vấn thứ tự ưu tiên các loại bảo hiểm để giảm chi phí khám thai, sinh con và nằm viện.",False,False,2026-09-08T18:04:29.234207
1749919716215352,y_kien_trung_lap,trung_lap,0.2,none,,[],Giải thích thời gian chờ và điều kiện chi trả của bảo hiểm thai sản,Comment giải thích về thời gian chờ của bảo hiểm thai sản và các trường hợp được/không được chi trả tùy thuộc vào thời điểm mua.,False,False,2026-09-08T18:04:29.234207
1749919849548672,y_kien_trung_lap,trung_lap,0.2,none,,[],Giải thích thời gian chờ và điều kiện chi trả của bảo hiểm thai sản,Comment giải thích về thời gian chờ của bảo hiểm thai sản và các trường hợp được/không được chi trả tùy thuộc vào thời điểm mua.,False,False,2026-09-08T18:04:29.234207
1749920136215310,y_kien_trung_lap,trung_lap,0.2,none,,[],Các quyền lợi và chi phí không được chi trả trong bảo hiểm thai sản,"Comment liệt kê các khoản chi phí được bảo hiểm thai sản chi trả liên quan đến ca sinh và lưu viện, cùng với các chi phí không được chi trả.",False,False,2026-09-08T18:04:29.234207
1749920302881960,y_kien_trung_lap,trung_lap,0.2,none,,[],Các trường hợp bị từ chối chi trả trong bảo hiểm thai sản cần lưu ý,Comment giải thích các trường hợp phổ biến dẫn đến việc từ chối chi trả hoặc loại trừ trong bảo hiểm thai sản.,False,False,2026-09-08T18:04:29.234207
1749920509548606,y_kien_trung_lap,trung_lap,0.2,none,,[],Những điều khoản quan trọng cần kiểm tra khi mua bảo hiểm,"Comment hướng dẫn người mua bảo hiểm kiểm tra các điều khoản quan trọng như quy tắc loại trừ, giấy tờ bồi thường, thời hạn chi trả và điều khoản tái tục.",False,False,2026-09-08T18:04:29.234207
1749920712881919,y_kien_trung_lap,trung_lap,0.2,none,,[],Thời điểm lý tưởng để mua bảo hiểm thai sản trước khi mang thai,Comment tư vấn thời điểm nên mua bảo hiểm thai sản trước khi dự định có thai để phù hợp với thời gian chờ.,False,False,2026-09-08T18:04:29.234207
1749920829548574,y_kien_trung_lap,trung_lap,0.2,none,,[],Nên mua bảo hiểm riêng cho mẹ và bé hay gói gia đình?,"Comment tư vấn về việc mua bảo hiểm riêng cho mẹ và bé, thời điểm mua cho bé và lựa chọn giữa hợp đồng riêng hoặc gắn kèm.",False,False,2026-09-08T18:04:29.234207
1749921002881890,y_kien_trung_lap,trung_lap,0.2,none,,[],Lợi ích của việc kết hợp BHYT/BHXH với bảo hiểm thai sản tư nhân,Comment giải thích sự cần thiết và cách kết hợp BHYT/BHXH với bảo hiểm sức khỏe/thai sản tư nhân để bù đắp chi phí và rủi ro.,False,False,2026-09-08T18:04:29.234207
1749921136215210,y_kien_trung_lap,trung_lap,0.2,none,,[],Cách xác định mức phí và quyền lợi bảo hiểm thai sản phù hợp với nhu cầu,Comment giải thích rằng mức phí và quyền lợi bảo hiểm thai sản phụ thuộc vào nhu cầu cá nhân như bệnh viện dự sinh và hình thức sinh.,False,False,2026-09-08T18:04:29.234207
1750051536202170,spam,trung_lap,0.0,none,,[],,"Một tư vấn viên giới thiệu bản thân, mời người dùng liên hệ trực tiếp qua Messenger hoặc Zalo để được tư vấn và nhận cẩm nang thai sản.",True,True,2026-09-08T18:04:29.234207
1748649543009036,y_kien_trung_lap,trung_lap,0.1,none,,[],Điều kiện chi trả bảo hiểm ngoại trú: tầm quan trọng của đơn thuốc,Comment giải thích rằng bảo hiểm ngoại trú thường không chi trả nếu không có đơn thuốc chứng minh việc điều trị.,False,False,2026-09-08T18:04:29.234207
1748650463008944,y_kien_trung_lap,trung_lap,0.1,none,,[],Quy trình nộp hồ sơ bồi thường bảo hiểm và các yếu tố ảnh hưởng đến việc chi trả,Comment khuyên người dùng thử nộp hồ sơ bồi thường nhưng cảnh báo rằng trường hợp không có đơn thuốc thường sẽ không được chi trả.,False,False,2026-09-08T18:04:29.234207
1748654719675185,y_kien_trung_lap,trung_lap,0.0,none,,[],điều kiện chi trả bảo hiểm ngoại trú,Comment giải thích rằng bảo hiểm ngoại trú thường yêu cầu đơn thuốc và phác đồ điều trị để được chi trả.,False,False,2026-09-08T18:04:32.799496
1748703056337018,y_kien_trung_lap,trung_lap,0.2,none,,[],kinh nghiệm chi trả bảo hiểm không cần đơn thuốc,Một TVV của FWD chia sẻ kinh nghiệm chi trả cho trường hợp không có đơn thuốc và khuyên khách hàng nộp hồ sơ bồi thường.,True,False,2026-09-08T18:04:32.799496
1748729563001034,spam,trung_lap,0.0,none,,[],điều kiện chi trả ngoại trú không cần đơn thuốc,"Một TVV hướng dẫn cách nộp hồ sơ, chia sẻ về Sun Life và mời liên hệ qua Zalo để tư vấn.",True,False,2026-09-08T18:04:32.799496
1748747749665882,y_kien_trung_lap,trung_lap,0.0,none,,[],tầm quan trọng của đơn thuốc trong claim bảo hiểm,Comment khuyên nên xin đơn thuốc để có hướng điều trị rõ ràng khi làm claim bảo hiểm.,False,False,2026-09-08T18:04:32.799496
1748965492977441,so_sanh_chung,trung_lap,0.1,none,,[],so sánh điều kiện chi trả ngoại trú các công ty bảo hiểm,Comment nhận xét mỗi công ty bảo hiểm có quy định khác nhau về chi trả ngoại trú và khuyên TVV nên nói đúng phạm vi công ty mình.,False,False,2026-09-08T18:04:32.799496
1748998919640765,y_kien_trung_lap,trung_lap,0.1,none,,[],điều kiện chi trả bảo hiểm của Daiichi,Comment thông báo Daiichi có thể chi trả nếu khám ra bệnh và gợi ý tham khảo thêm TVV của Gen.,True,False,2026-09-08T18:04:32.799496
1749192336288090,y_kien_trung_lap,trung_lap,0.0,none,,[],kiểm tra hợp đồng và thời gian chờ bảo hiểm,Comment khuyên người dùng nên hỏi lại công ty bảo hiểm về hợp đồng và thời gian chờ.,False,False,2026-09-08T18:04:32.799496
1749219079618749,y_kien_trung_lap,trung_lap,0.1,none,,[],Sun Life chi trả ngoại trú không cần đơn thuốc,Comment xác nhận Sun Life có chi trả quyền lợi ngoại trú mà không yêu cầu đơn thuốc.,False,False,2026-09-08T18:04:32.799496
1749230112950979,phan_van,trung_lap,0.0,none,,[],điều kiện chi trả của Daiichi cho bệnh không điều trị,Comment đặt câu hỏi về việc Daiichi chi trả cho trường hợp khách hàng khám ra bệnh nhưng không có điều trị.,False,False,2026-09-08T18:04:32.799496
1749230989617558,y_kien_trung_lap,trung_lap,0.2,none,,[],kinh nghiệm claim bảo hiểm Daiichi không cần toa thuốc,"Comment xác nhận Daiichi chi trả cho các trường hợp khám bệnh không có toa thuốc, chỉ cần có chẩn đoán bệnh.",True,False,2026-09-08T18:04:32.799496
1749231122950878,y_kien_trung_lap,trung_lap,0.0,none,,[],quy trình nộp claim bảo hiểm khi không có phác đồ điều trị,Comment tổng hợp ý kiến từ nhiều TVV về việc không chi trả khi không có phác đồ điều trị và khuyên nộp hồ sơ claim chính thức.,False,False,2026-09-08T18:04:32.799496
1749232479617409,muon_tu_van,tich_cuc,0.5,none,,[],chia sẻ quy tắc điều khoản và case claim thực tế,Comment bày tỏ sự ngạc nhiên tích cực và mong muốn được chia sẻ quy tắc điều khoản cùng case claim thực tế để học hỏi.,False,False,2026-09-08T18:04:32.799496
1749233406283983,y_kien_trung_lap,trung_lap,0.1,none,,[],điều kiện chi trả bảo hiểm theo loại bệnh,Comment chia sẻ rằng việc chi trả bảo hiểm tùy thuộc vào loại bệnh và khuyên khách hàng cứ nộp claim thử.,True,False,2026-09-08T18:04:32.799496
1749239119616745,y_kien_trung_lap,trung_lap,0.2,none,,[],quy tắc điều khoản chi trả của Daiichi,Comment giải thích quy tắc điều khoản của Daiichi không loại trừ việc chi trả khi khám ra bệnh không có phác đồ điều trị và chia sẻ case thực tế.,True,False,2026-09-08T18:04:32.799496
1749242669616390,y_kien_trung_lap,trung_lap,0.2,none,,[],điều kiện chi trả bảo hiểm chỉ cần chẩn đoán bệnh,"Comment xác nhận công ty của mình chi trả cho trường hợp chỉ cần chẩn đoán bệnh trên phiếu khám, không cần đơn thuốc.",True,False,2026-09-08T18:04:32.799496
1749243929616264,phan_van,trung_lap,0.0,none,,[],điều kiện chi trả của Daiichi cho bệnh không điều trị,Comment hỏi để xác nhận thông tin về việc Daiichi chi trả cho trường hợp siêu âm ra nang vú mà không điều trị hay có đơn thuốc.,False,False,2026-09-08T18:04:32.799496
1749248269615830,y_kien_trung_lap,trung_lap,0.2,none,,[],các trường hợp Daiichi chi trả không cần đơn thuốc,Comment cung cấp thêm các trường hợp thực tế Daiichi chi trả cho khách hàng khám tổng quát hoặc ù tai mà không cần đơn thuốc.,True,False,2026-09-08T18:04:32.799496
1749252866282037,y_kien_trung_lap,trung_lap,0.0,none,,[],hướng dẫn khách hàng claim bảo hiểm an toàn,Comment nhận định không phải mọi trường hợp đều được chi trả và khuyên TVV nên hướng dẫn khách hàng theo cách chắc chắn nhất.,True,False,2026-09-08T18:04:32.799496
1749263309614326,y_kien_trung_lap,trung_lap,0.1,none,,[],quyền lợi chi trả tiền khám ngoại trú,Comment giải thích rằng nếu tham gia quyền lợi ngoại trú thì sẽ được chi trả tiền khám.,False,False,2026-09-08T18:04:32.799496
1749268872947103,muon_tu_van,trung_lap,0.0,none,,[],tầm quan trọng của quy tắc điều khoản trong bảo hiểm,"Comment yêu cầu cung cấp quy tắc điều khoản của thẻ sức khỏe để xác minh thông tin chi trả, nhấn mạnh việc tuân thủ T&C.",True,False,2026-09-08T18:04:32.799496
1749269539613703,dich_vu_tu_van,tieu_cuc,-0.6,low,Phàn nàn cá nhân về tư vấn viên.,"[""tu van sai thong tin""]",cách nhận biết tư vấn viên bảo hiểm uy tín,Người dùng chia sẻ trải nghiệm tiêu cực về việc tư vấn viên của Generali trả lời sai thông tin.,False,False,2026-09-08T18:04:41.140027
1749291842944806,y_kien_trung_lap,trung_lap,0.0,none,,[],,Người dùng yêu cầu thông tin chi trả đã được che để làm tư liệu phục vụ khách hàng.,False,False,2026-09-08T18:04:41.140027
1749317012942289,y_kien_trung_lap,trung_lap,0.1,none,,[],hướng dẫn đọc hiểu điều khoản loại trừ bảo hiểm,"Người dùng thảo luận về việc không tìm thấy điều khoản loại trừ cụ thể trong hợp đồng Daiichi và Generali, khẳng định quyền được chi trả.",False,False,2026-09-08T18:04:41.140027
1748528799687777,phan_van,trung_lap,0.0,none,,[],đánh giá chi tiết bảo hiểm BIC,Người dùng hỏi xin đánh giá về trải nghiệm sử dụng bảo hiểm BIC.,False,False,2026-09-08T18:04:41.140027
1748529636354360,muon_tu_van,trung_lap,0.0,none,,[],,Người dùng bày tỏ ý định mua sản phẩm bảo hiểm.,False,False,2026-09-08T18:04:41.140027
1748658089674848,spam,trung_lap,0.0,none,,[],,Comment giới thiệu liên hệ với một chuyên gia tư vấn bảo hiểm cụ thể.,True,True,2026-09-08T18:04:41.140027
1748756132998377,spam,trung_lap,0.0,none,,[],,"Comment hỏi người dùng có cần hỗ trợ gì không, kèm hashtag.",True,True,2026-09-08T18:04:41.140027
1748946476312676,y_kien_trung_lap,trung_lap,0.0,none,,[],,Người dùng hỏi người khác có phải cũng mua bảo hiểm lần đầu không.,False,False,2026-09-08T18:04:41.140027
1748962746311049,spam,trung_lap,0.0,none,,[],,Comment mời người dùng nhắn tin Zalo để được tư vấn.,True,False,2026-09-08T18:04:41.140027
1749001216307202,spam,trung_lap,0.0,none,,[],,Comment mời người dùng nhắn tin riêng.,True,False,2026-09-08T18:04:41.140027
1749272736280050,spam,trung_lap,0.0,none,,[],,Comment kêu gọi vote cho một người cụ thể.,True,True,2026-09-08T18:04:41.140027
1749287866278537,muon_tu_van,trung_lap,0.0,none,,[],,Người dùng hỏi về nhu cầu bảo hiểm thai sản hay sức khỏe của người khác.,True,False,2026-09-08T18:04:41.140027
1749351272938863,spam,trung_lap,0.0,none,,[],,"Comment đánh giá các sản phẩm bảo hiểm BIC, Pacific Cross, Affina và giới thiệu liên hệ một tư vấn viên cụ thể.",True,True,2026-09-08T18:04:41.140027
1749538259586831,spam,trung_lap,0.0,none,,[],,Comment mời người dùng nhắn tin riêng cho một tư vấn viên cụ thể.,True,True,2026-09-08T18:04:41.140027
1750093899531267,spam,trung_lap,0.0,none,,[],,Comment gợi ý người dùng liên hệ với một người tên Zương Zuồi.,True,True,2026-09-08T18:04:41.140027
1748984802975510,check_chi_phi,trung_lap,0.0,none,,[],bảng hệ số chi trả của Daiichi theo độ tuổi,Comment cung cấp thông tin về hệ số chi trả của Daiichi cho người 28 tuổi là 130 lần.,False,False,2026-09-08T18:04:41.140027
1748987182975272,y_kien_trung_lap,trung_lap,0.0,none,,[],chi tiết hệ số bảo hiểm sản phẩm Xanh Tương Lai của Manulife,Comment cung cấp thông tin về hệ số bảo hiểm của sản phẩm Xanh Tương Lai của Manulife.,False,False,2026-09-08T18:04:41.140027
1748987312975259,y_kien_trung_lap,trung_lap,0.0,none,,[],chi tiết hệ số bảo hiểm sản phẩm Xanh Phú Quý Flex của Manulife,Comment cung cấp thông tin về hệ số bảo hiểm của sản phẩm Xanh Phú Quý Flex của Manulife.,False,False,2026-09-08T18:04:41.140027
1748987712975219,so_sanh_chung,trung_lap,0.0,none,,[],bảng so sánh hệ số chi trả của các hãng bảo hiểm hàng đầu,"Comment so sánh hệ số chi trả của FWD và Generali theo độ tuổi, nhận định đây là hai hãng có hệ số cao nhất thị trường.",False,False,2026-09-08T18:04:41.140027
1748994869641170,khen,tich_cuc,0.7,none,,[],ưu điểm hệ số chi trả cao của Generali,Người dùng nhận xét hệ số chi trả của Generali rất cao.,False,False,2026-09-08T18:04:41.140027
1749035426303781,spam,trung_lap,0.0,none,,[],,Một tư vấn viên Dai-ichi giới thiệu sản phẩm bảo hiểm sinh mệnh với hệ số cao và mời liên hệ để tư vấn thêm về bảo hiểm và đầu tư tài chính.,True,False,2026-09-08T18:05:01.533526
1749048902969100,spam,trung_lap,0.0,none,,[],,Một người dùng giới thiệu Dai-ichi và mời liên hệ Zalo để được tư vấn.,True,False,2026-09-08T18:05:01.533526
1749055549635102,y_kien_trung_lap,trung_lap,0.0,none,,[],Giải thích hệ số bảo hiểm là gì,Người dùng đặt câu hỏi về định nghĩa của hệ số bảo hiểm.,False,False,2026-09-08T18:05:01.533526
1749057032968287,y_kien_trung_lap,tich_cuc,0.7,none,,[],So sánh các sản phẩm bảo hiểm có hệ số bảo hiểm cao,Một người dùng giới thiệu sản phẩm của AIA với hệ số bảo hiểm cao và khả năng tăng số tiền bảo hiểm theo thời gian.,False,False,2026-09-08T18:05:01.533526
1749077319632925,y_kien_trung_lap,trung_lap,0.2,none,,[],,Người dùng gợi ý tham khảo Dai-ichi với hệ số bảo hiểm tối đa 150 lần.,False,False,2026-09-08T18:05:01.533526
1749080036299320,y_kien_trung_lap,trung_lap,0.0,none,,[],Giải đáp thắc mắc về tính cố định của hệ số bảo hiểm,Người dùng hỏi liệu hệ số bảo hiểm đã chọn có cố định suốt quá trình tham gia hay không.,False,False,2026-09-08T18:05:01.533526
1749083506298973,y_kien_trung_lap,trung_lap,0.2,none,,[],,Người dùng gợi ý Chubb với hệ số bảo hiểm 170.,False,False,2026-09-08T18:05:01.533526
1749116916295632,spam,trung_lap,0.0,none,,[],,"Một tư vấn viên Dai-ichi giới thiệu về hệ số bảo hiểm và dòng liên kết đầu tư, đồng thời mời inbox để được tư vấn chi tiết.",True,False,2026-09-08T18:05:01.533526
1749212209619436,y_kien_trung_lap,tich_cuc,0.6,none,,[],Hướng dẫn điều chỉnh số tiền bảo hiểm theo sự kiện cuộc đời,Người dùng giải thích về khả năng điều chỉnh số tiền bảo hiểm từ năm thứ hai và các sự kiện đặc biệt cho phép tăng số tiền bảo hiểm.,False,False,2026-09-08T18:05:01.533526
1749218289618828,y_kien_trung_lap,trung_lap,0.3,none,,[],So sánh hệ số bảo vệ của các sản phẩm ILP,Người dùng thông báo Generali có hệ số bảo vệ cao nhất trong dòng ILP.,True,False,2026-09-08T18:05:01.533526
1749231869617470,spam,trung_lap,0.0,none,,[],,Người dùng gợi ý tham khảo Generali hoặc FWD và mời nhắn tin để so sánh chi tiết về phí.,True,False,2026-09-08T18:05:01.533526
1749257486281575,y_kien_trung_lap,trung_lap,0.1,none,,[],,Người dùng gợi ý Techcomlife.,False,False,2026-09-08T18:05:01.533526
1749262599614397,y_kien_trung_lap,trung_lap,0.1,none,,[],,Người dùng gợi ý Generali.,False,False,2026-09-08T18:05:01.533526
1750104262863564,y_kien_trung_lap,trung_lap,0.3,none,,[],Giới thiệu sản phẩm ILP mới của AIA với quyền lợi x300% STBH,Người dùng thông báo AIA vừa ra mắt dòng sản phẩm ILP mới với quyền lợi gấp 300% số tiền bảo hiểm.,False,False,2026-09-08T18:05:01.533526
1749133889627268,y_kien_trung_lap,trung_lap,0.0,none,,[],Hướng dẫn thủ tục tại văn phòng chi nhánh bảo hiểm,Người dùng khuyên đến văn phòng chi nhánh bảo hiểm gần nhất để được hướng dẫn làm thủ tục.,False,False,2026-09-08T18:05:01.533526
1749141226293201,y_kien_trung_lap,tich_cuc,0.6,none,,[],Những điều cần biết khi chấm dứt hợp đồng bảo hiểm,"Người dùng hướng dẫn cách chấm dứt hợp đồng, khuyên gọi tổng đài trước và đề xuất review kỹ hợp đồng hiện tại trước khi quyết định.",True,False,2026-09-08T18:05:01.533526
1749141529626504,y_kien_trung_lap,trung_lap,0.0,none,,[],,Người dùng khuyên liên hệ tổng đài để được hướng dẫn trước khi tính toán tiếp.,True,False,2026-09-08T18:05:01.533526
1749141846293139,y_kien_trung_lap,tich_cuc,0.6,none,,[],Khi nào nên tất toán hợp đồng bảo hiểm và khi nào nên giữ lại,"Người dùng khuyên nên tất toán hợp đồng nếu sức khỏe tốt để mua sản phẩm khác, hoặc giữ lại nếu sức khỏe khó mua thêm.",False,False,2026-09-08T18:05:01.533526
1749146152959375,spam,trung_lap,0.0,none,,[],,"Người dùng khuyên kiểm tra kỹ giá trị hoàn lại và quyền lợi trước khi chấm dứt hợp đồng 11 năm, đồng thời mời liên hệ để được tư vấn chi tiết.",True,False,2026-09-08T18:05:01.533526
1749149549625702,spam,trung_lap,0.0,none,,[],,Người dùng hướng dẫn thủ tục chấm dứt hợp đồng tại chi nhánh và mời inbox nếu hợp đồng thuộc AIA để được hỗ trợ.,True,False,2026-09-08T18:05:01.533526
1749214032952587,y_kien_trung_lap,tich_cuc,0.7,none,,[],Hướng dẫn cách xem xét và điều chỉnh quyền lợi bảo hiểm hiện có.,Comment khuyên người dùng nên liên hệ tổng đài và nhờ TVV xem xét quyền lợi để nâng cấp thay vì hủy hợp đồng.,True,False,2026-09-08T18:05:06.152631
1749271472946843,spam,trung_lap,0.0,none,,[],,"Comment khuyên người dùng nên lấy giá trị hoàn lại và tham gia gói mới nếu quyền lợi thấp, đồng thời mời inbox để tư vấn.",True,False,2026-09-08T18:05:06.152631
1749292022944788,y_kien_trung_lap,tich_cuc,0.6,none,,[],Lời khuyên về việc tối ưu hóa quyền lợi bảo hiểm khi có hợp đồng cũ.,Comment khuyên nên giữ hợp đồng cũ và mua thêm quyền lợi mới thay vì hủy và mua lại toàn bộ.,False,False,2026-09-08T18:05:06.152631
1749321229608534,y_kien_trung_lap,trung_lap,0.0,none,,[],,Comment yêu cầu người dùng cung cấp thông tin về quyền lợi đang tham gia để có thể đưa ra lời khuyên.,True,False,2026-09-08T18:05:06.152631
1749331202940870,khen,tich_cuc,0.8,none,,[],,Người dùng bày tỏ lời cảm ơn.,False,False,2026-09-08T18:05:06.152631
1749331269607530,khen,tich_cuc,0.8,none,,[],,Người dùng bày tỏ lời cảm ơn.,False,False,2026-09-08T18:05:06.152631
1749331642940826,khen,tich_cuc,0.8,none,,[],,Người dùng bày tỏ lời cảm ơn.,False,False,2026-09-08T18:05:06.152631
1749331762940814,khen,tich_cuc,0.8,none,,[],,Người dùng bày tỏ lời cảm ơn.,False,False,2026-09-08T18:05:06.152631
1749331846274139,khen,tich_cuc,0.8,none,,[],,Người dùng bày tỏ lời cảm ơn.,False,False,2026-09-08T18:05:06.152631
1749332016274122,khen,tich_cuc,0.8,none,,[],,Người dùng bày tỏ lời cảm ơn.,False,False,2026-09-08T18:05:06.152631
1749332336274090,khen,tich_cuc,0.8,none,,[],,Người dùng bày tỏ lời cảm ơn.,False,False,2026-09-08T18:05:06.152631
1749332619607395,khen,tich_cuc,0.8,none,,[],,Người dùng bày tỏ lời cảm ơn.,False,False,2026-09-08T18:05:06.152631
1749332859607371,khen,tich_cuc,0.8,none,,[],,Người dùng bày tỏ lời cảm ơn.,False,False,2026-09-08T18:05:06.152631
1749335522940438,spam,trung_lap,0.0,none,,[],,Comment mời người dùng liên hệ nếu có câu hỏi.,True,False,2026-09-08T18:05:06.152631
1749412986266025,spam,trung_lap,0.0,none,,[],,Comment mời người dùng inbox để được tư vấn cụ thể.,True,False,2026-09-08T18:05:06.152631
1749438682930122,y_kien_trung_lap,tich_cuc,0.7,none,,[],Phân tích các yếu tố cần cân nhắc trước khi hủy hợp đồng bảo hiểm.,Comment giải thích về hai phần của bảo hiểm và khuyên người dùng xem xét kỹ hợp đồng trước khi quyết định hủy.,False,False,2026-09-08T18:05:06.152631
1749566359584021,y_kien_trung_lap,tich_cuc,0.6,none,,[],Hướng dẫn quy trình tất toán hợp đồng bảo hiểm và những lưu ý quan trọng.,Comment hướng dẫn người dùng lên quầy để tất toán và khuyên nên xem xét lại trước khi đóng hợp đồng.,True,False,2026-09-08T18:05:06.152631
1750092939531363,y_kien_trung_lap,trung_lap,0.2,none,,[],,Comment hướng dẫn người dùng gọi lên công ty để kiểm tra thủ tục và ra quầy hỗ trợ.,True,False,2026-09-08T18:05:06.152631
1750312802842710,y_kien_trung_lap,tich_cuc,0.9,none,,[],Hướng dẫn chi tiết cách đánh giá và tối ưu hóa hợp đồng bảo hiểm đã tham gia lâu năm.,"Comment đưa ra lời khuyên chi tiết về việc kiểm tra giá trị hoàn lại, quyền lợi và các phương án khác cho hợp đồng bảo hiểm đã đóng lâu năm.",True,False,2026-09-08T18:05:06.152631
1749134172960573,y_kien_trung_lap,trung_lap,0.1,none,,[],,Comment gợi ý người dùng liên hệ tổng đài để phản ánh.,False,False,2026-09-08T18:05:06.152631
1749135086293815,spam,trung_lap,0.0,none,,[],,Một người dùng đề nghị liên hệ để hỗ trợ xem lại hợp đồng cũ.,True,False,2026-09-08T18:05:20.658569
1749138492960141,dich_vu_tu_van,tieu_cuc,-0.4,low,ngại va chạm khi phản ánh TVV,"[""ngai va cham khi phan anh"", ""kho khan phan anh TVV""]",quy trinh phan nan bao hiem,Người dùng bày tỏ sự khó khăn và ngại va chạm khi phản ánh về tư vấn viên.,False,False,2026-09-08T18:05:20.658569
1749140636293260,y_kien_trung_lap,trung_lap,0.1,none,,[],huong dan su dung app bao hiem,Comment hướng dẫn tải ứng dụng và đến quầy giao dịch để thay đổi hợp đồng.,False,False,2026-09-08T18:05:20.658569
1749141146293209,spam,trung_lap,0.0,none,,[],,Một người dùng mời inbox để xem xét và tối ưu hóa quyền lợi hợp đồng cũ.,True,False,2026-09-08T18:05:20.658569
1749142229626434,spam,trung_lap,0.1,none,,[],,"Người dùng hỏi về công ty bảo hiểm, cung cấp thông tin và mời liên hệ.",True,False,2026-09-08T18:05:20.658569
1749142696293054,y_kien_trung_lap,trung_lap,0.0,none,,[],ban cung hop dong dien tu,Người dùng đặt câu hỏi về việc có bản cứng hợp đồng hay không.,False,False,2026-09-08T18:05:20.658569
1749146322959358,y_kien_trung_lap,trung_lap,0.0,none,,[],,Người dùng hỏi về công ty bảo hiểm mà người khác đã mua.,False,False,2026-09-08T18:05:20.658569
1749147546292569,spam,trung_lap,0.0,none,,[],,Một người dùng đề nghị hỗ trợ chăm sóc hợp đồng AIA qua inbox.,True,False,2026-09-08T18:05:20.658569
1749149359625721,khen,tich_cuc,0.5,none,,[],huong dan tu kiem tra quyen loi bao hiem,Người dùng hướng dẫn cách tự kiểm tra quyền lợi bảo hiểm và đề nghị hỗ trợ không bán hàng.,True,False,2026-09-08T18:05:20.658569
1749154672958523,spam,trung_lap,0.0,none,,[],,Một người dùng đề nghị hỗ trợ thoải mái với một 'cốc cà phê'.,True,False,2026-09-08T18:05:20.658569
1749161219624535,spam,trung_lap,0.0,none,,[],,Một người dùng đề nghị hỗ trợ cho khách hàng của AIA.,True,False,2026-09-08T18:05:20.658569
1749162212957769,spam,trung_lap,0.0,none,,[],,"Một người dùng hỏi về địa điểm của người khác, có thể để hỗ trợ tư vấn.",True,False,2026-09-08T18:05:20.658569
1749162636291060,y_kien_trung_lap,trung_lap,0.0,none,,[],,Người dùng cung cấp địa chỉ của mình.,False,False,2026-09-08T18:05:20.658569
1749173956289928,spam,trung_lap,0.0,none,,[],,Một người dùng yêu cầu địa chỉ và đề nghị hỗ trợ qua inbox nếu ở Bắc Ninh.,True,False,2026-09-08T18:05:20.658569
1749200019620655,spam,trung_lap,0.0,none,,[],,Một người dùng hỏi về công ty bảo hiểm và đề nghị hỗ trợ.,True,False,2026-09-08T18:05:20.658569
1749214706285853,spam,trung_lap,0.0,none,,[],,Một người dùng mời inbox để hỗ trợ tóm tắt quyền lợi hợp đồng.,True,False,2026-09-08T18:05:20.658569
1749228672951123,spam,trung_lap,0.0,none,,[],,Một người dùng hỏi về công ty bảo hiểm và mời inbox để hỗ trợ.,True,False,2026-09-08T18:05:20.658569
1749265932947397,spam,trung_lap,0.0,none,,[],,Một người dùng hỏi về công ty bảo hiểm và mời nhắn tin nếu cần hỗ trợ.,True,False,2026-09-08T18:05:20.658569
1749267052947285,spam,trung_lap,0.0,none,,[],,Một người dùng hỏi về công ty bảo hiểm mà người khác cần hỗ trợ.,True,False,2026-09-08T18:05:20.658569
1749280866279237,spam,trung_lap,0.0,none,,[],,"Một tư vấn viên tự giới thiệu từ Dai-ichi Life, cung cấp thông tin liên hệ và mời gửi thông tin hợp đồng.",True,False,2026-09-08T18:05:20.658569
1749322136275110,spam,trung_lap,0.0,none,,[],,Người dùng mời inbox để hỗ trợ miễn phí.,True,False,2026-09-08T18:05:41.085927
1749427119597945,y_kien_trung_lap,trung_lap,0.0,none,,[],,Người dùng hỏi về hãng bảo hiểm của hợp đồng cũ.,False,False,2026-09-08T18:05:41.085927
1749533242920666,spam,trung_lap,0.0,none,,[],,"Người dùng hỏi về hợp đồng cũ và mời inbox để hỗ trợ review quyền lợi, tự giới thiệu là TVV Generali.",True,False,2026-09-08T18:05:41.085927
1749548769585780,y_kien_trung_lap,trung_lap,0.1,none,,[],Hướng dẫn kiểm tra thông tin hợp đồng bảo hiểm,"Người dùng gợi ý cách kiểm tra thông tin hợp đồng qua hotline hoặc quầy, đồng thời đề nghị hỗ trợ nếu có thông tin cụ thể.",True,False,2026-09-08T18:05:41.085927
1749574592916531,spam,trung_lap,0.0,none,,[],,Người dùng mời liên hệ để được hỗ trợ nếu hợp đồng là của Chubb.,True,False,2026-09-08T18:05:41.085927
1749795782894412,y_kien_trung_lap,trung_lap,0.3,none,,[],Cách kiểm tra thông tin hợp đồng bảo hiểm,Người dùng hướng dẫn hai cách để kiểm tra và được tư vấn chi tiết về hợp đồng bảo hiểm: gọi tổng đài hoặc đến văn phòng/chi nhánh.,False,False,2026-09-08T18:05:41.085927
1749843076223016,spam,trung_lap,0.0,none,,[],,Người dùng mời liên hệ để được hỗ trợ về Manulife.,True,False,2026-09-08T18:05:41.085927
1750090512864939,spam,trung_lap,0.0,none,,[],,Người dùng mời inbox để được hỗ trợ nếu hợp đồng là của Dai-ichi.,True,False,2026-09-08T18:05:41.085927
1750892949451362,spam,trung_lap,0.0,none,,[],,Người dùng tự giới thiệu làm ở Bảo Việt và mời inbox để giải đáp thắc mắc.,True,False,2026-09-08T18:05:41.085927
1751004446106879,spam,trung_lap,0.0,none,,[],,"Người dùng mời inbox để được hỗ trợ giải đáp quyền lợi hợp đồng cũ và cơ cấu lại, đồng thời tư vấn về hợp đồng mới.",True,False,2026-09-08T18:05:41.085927
1751125076094816,spam,trung_lap,0.0,none,,[],,"Người dùng hỏi về hãng bảo hiểm của hợp đồng cũ và mời liên hệ để được hỗ trợ, tự giới thiệu là người phân phối sản phẩm của nhiều hãng.",True,False,2026-09-08T18:05:41.085927
1749138026293521,y_kien_trung_lap,trung_lap,0.1,none,,[],,Người dùng gợi ý tham gia buổi zoom của 'Sự kiện bảo hiểm' để hỏi thông tin.,False,False,2026-09-08T18:05:41.085927
1749138622960128,y_kien_trung_lap,trung_lap,0.2,none,,[],,"Người dùng gợi ý tìm kiếm thông tin về 'Sự kiện BH', 'Giải quyết quyền lợi BH' hoặc 'cô Trang' trên Facebook.",False,True,2026-09-08T18:05:41.085927
1749160202957970,y_kien_trung_lap,trung_lap,0.2,none,,[],,Người dùng gợi ý liên hệ ban bồi thường của 'Sự Kiện Bảo hiểm' và nhắc tên Thùy Bích.,False,True,2026-09-08T18:05:41.085927
1749172786290045,khen,tich_cuc,0.8,none,,[],,Người dùng giới thiệu 'cô Trang Do' trên Facebook và khen ngợi cô ấy là 'master của master'.,False,True,2026-09-08T18:05:41.085927
1749203166287007,khen,tich_cuc,0.7,none,,[],,Người dùng cảm ơn Generali Thanh Thuy vì đã chia sẻ.,False,False,2026-09-08T18:05:41.085927
1749214999619157,y_kien_trung_lap,trung_lap,0.2,none,,[],,"Người dùng gợi ý liên hệ Thùy Bích, admin nhóm 'Sự kiện bảo hiểm', để tìm hiểu thêm thông tin.",True,True,2026-09-08T18:05:41.085927
1749230839617573,y_kien_trung_lap,trung_lap,0.2,none,,[],,Người dùng gợi ý liên hệ admin của nhóm 'Sự Kiện Bảo Hiểm' để tìm hiểu về các lớp học.,False,True,2026-09-08T18:05:41.085927
1749266522947338,y_kien_trung_lap,trung_lap,0.0,none,,[],,Người dùng chia sẻ rằng mình đang học tại 'Sự kiện bảo hiểm'.,False,True,2026-09-08T18:05:41.085927
1749269072947083,y_kien_trung_lap,trung_lap,0.2,none,,[],,Người dùng gợi ý liên hệ Thùy Bích admin để biết thêm thông tin.,False,True,2026-09-08T18:05:41.085927
1749324309608226,y_kien_trung_lap,trung_lap,0.0,none,,[],thong tin ve su kien bao hiem va quy trinh claim,Comment cung cấp thông tin về các khóa học sự kiện bảo hiểm claims central.,True,False,2026-09-08T18:05:54.260714
1749328406274483,y_kien_trung_lap,trung_lap,0.0,none,,[],loi khuyen hoc ve su kien bao hiem,Comment khuyên người khác nên học về sự kiện bảo hiểm.,False,False,2026-09-08T18:05:54.260714
1749329542941036,muon_tu_van,tich_cuc,0.5,none,,[],huong dan lien he tu van,Người dùng hỏi cách liên hệ để được tư vấn từ chị Hồng.,False,False,2026-09-08T18:05:54.260714
1749330766274247,y_kien_trung_lap,trung_lap,0.0,none,,[],huong dan lien he,Comment hướng dẫn người dùng nhắn tin cho Thanh Thanh Pham.,False,False,2026-09-08T18:05:54.260714
1749775082896482,khen,tich_cuc,0.8,none,,[],cau chuyen ve tu van vien xuat sac,Comment khen ngợi cô Trang Trang là người giỏi nhất và giới thiệu cô ấy.,False,False,2026-09-08T18:05:54.260714
1749886786218645,khen,tich_cuc,0.7,none,,[],loi khuyen ve nguon hoc bao hiem uy tin,Comment khuyên liên hệ Trang Do và cho rằng việc học từ người này rất đáng giá.,False,False,2026-09-08T18:05:54.260714
1749921122881878,khen,tich_cuc,0.6,none,,[],loi ich tu cac su kien chia se kien thuc bao hiem,Comment cho rằng việc tham gia các buổi cafe của Sự Kiện Bảo Hiểm mang lại nhiều kiến thức.,False,False,2026-09-08T18:05:54.260714
1751499262724064,y_kien_trung_lap,trung_lap,0.0,none,,[],huong dan tim hieu san pham va quy trinh bao hiem,"Comment khuyên nên đọc cẩm nang, đối chiếu thông tin và hỏi trước khi nộp hồ sơ, nhấn mạnh kinh nghiệm thực tế quan trọng hơn lớp học.",False,False,2026-09-08T18:05:54.260714
1749144196292904,spam,trung_lap,0.0,none,,[],,Một tư vấn viên AIA khuyên nâng cấp thẻ bảo hiểm với nhiều quyền lợi hơn và mời inbox để được hỗ trợ.,True,False,2026-09-08T18:05:54.260714
1749144749626182,y_kien_trung_lap,trung_lap,0.0,none,,[],nhung dieu can biet khi nang cap the bao hiem suc khoe,Comment khuyên nên nâng cấp thẻ sức khỏe mới nhưng cần xem xét kỹ lịch sử claim và thẩm định lại sức khỏe.,True,False,2026-09-08T18:05:54.260714
1749148719625785,spam,trung_lap,0.0,none,,[],,"Comment so sánh quyền lợi thẻ bảo hiểm, đưa ra lời khuyên về việc xem xét sức khỏe khi nâng cấp hoặc tham gia 2 thẻ, và mời liên hệ để được hỗ trợ.",True,False,2026-09-08T18:05:54.260714
1749154436291880,spam,trung_lap,0.0,none,,[],,"Comment so sánh quyền lợi thẻ sức khỏe trọn đời của AIA, đưa ra lời khuyên về việc kê khai sức khỏe khi nâng cấp và khả năng sở hữu 2 thẻ cùng lúc, sau đó mời inbox để được hỗ trợ.",True,False,2026-09-08T18:05:54.260714
1749208036286520,y_kien_trung_lap,trung_lap,0.0,none,,[],nhung cau hoi can tra loi truoc khi nang cap the bao hiem,Comment đưa ra các câu hỏi về lịch sử claim và khám bệnh để người dùng tự tin nâng cấp thẻ nếu chưa có vấn đề gì.,False,False,2026-09-08T18:05:54.260714
1749216099619047,phan_van,trung_lap,0.0,none,,[],pham vi chi tra cua bao hiem suc khoe,Người dùng hỏi liệu bảo hiểm chỉ chi trả khi khám ở bệnh viện.,False,False,2026-09-08T18:05:54.260714
1749216269619030,y_kien_trung_lap,trung_lap,0.0,none,,[],dieu kien nang cap the bao hiem suc khoe,Comment khuyên nên nâng cấp thẻ nếu không có phát sinh claim hoặc bệnh lý mới trong quá trình dùng thẻ cũ.,True,False,2026-09-08T18:05:54.260714
1749216339619023,phan_van,trung_lap,0.0,none,,[],pham vi chi tra cua bao hiem suc khoe,Người dùng hỏi về việc khám hay nhập viện ở bệnh viện có được bảo hiểm chi trả không.,False,False,2026-09-08T18:05:54.260714
1749217249618932,y_kien_trung_lap,trung_lap,0.0,none,,[],loi khuyen khi tham gia nhieu the bao hiem,"Comment hỏi về tình trạng sức khỏe và lịch sử khám bệnh, đồng thời khuyên có thể tham gia 2 thẻ bảo hiểm cùng lúc trước khi hủy thẻ cũ.",False,False,2026-09-08T18:05:54.260714
1749270116280312,phan_van,trung_lap,0.0,none,,[],chi tra bao hiem khi kham tu,Người dùng cho biết đã khám tư và hỏi liệu có được dùng 2 thẻ bảo hiểm không.,False,False,2026-09-08T18:05:54.260714
1749270349613622,spam,trung_lap,0.0,none,,[],,Comment mời inbox Hồng Nhung để được tư vấn hỗ trợ.,True,False,2026-09-08T18:05:54.260714
1749325276274796,y_kien_trung_lap,trung_lap,0.0,none,,[],huong dan nang cap the bao hiem suc khoe,"Comment khuyên nên nâng cấp thẻ mới nếu không có vấn đề sức khỏe, hoặc cân nhắc giữ thẻ cũ nếu bệnh bị loại trừ, đồng thời nhấn mạnh lợi ích của thẻ mới.",True,False,2026-09-08T18:05:54.260714
1749343269606330,spam,trung_lap,0.0,none,,[],,Người dùng mời inbox để được hướng dẫn chi tiết.,True,False,2026-09-08T18:06:09.327993
1749376086269715,y_kien_trung_lap,trung_lap,0.0,none,,[],Phân tích mối quan hệ giữa chi phí và quyền lợi bảo hiểm,Comment đưa ra nhận định chung rằng sản phẩm đắt tiền hơn thường có ưu điểm hơn.,False,False,2026-09-08T18:06:09.327993
1749398789600778,y_kien_trung_lap,trung_lap,0.2,none,,[],Hướng dẫn nâng cấp và mua song song thẻ bảo hiểm sức khỏe,"Một tư vấn viên AIA cung cấp hướng dẫn chi tiết về việc giữ, nâng cấp hoặc mua song song thẻ bảo hiểm sức khỏe.",True,False,2026-09-08T18:06:09.327993
1749536912920299,y_kien_trung_lap,trung_lap,0.3,none,,[],Khi nào nên nâng cấp thẻ bảo hiểm sức khỏe?,Comment đưa ra lời khuyên về việc nâng cấp thẻ bảo hiểm sức khỏe dựa trên lịch sử bệnh lý và quyền lợi.,False,False,2026-09-08T18:06:09.327993
1749546406252683,spam,trung_lap,0.0,none,,[],,Người dùng mời inbox Hồng Nhung để được hỗ trợ.,True,False,2026-09-08T18:06:09.327993
1749145172959473,y_kien_trung_lap,trung_lap,0.1,none,,[],Đánh giá thẻ bảo hiểm sức khỏe PC: Ưu điểm và lưu ý thẩm định,Comment đánh giá thẻ PC là một trong những thẻ rời tốt nhất nhưng có quy trình thẩm định đầu vào kỹ lưỡng.,False,False,2026-09-08T18:06:09.327993
1749179952955995,chinh_sach_quy_trinh_boi_thuong,tieu_cuc,-0.3,low,Thời gian chờ bảo lãnh viện phí lâu gây bất tiện.,"[""quy trinh bao lanh cham"", ""thoi gian cho dai""]",Cải thiện quy trình và thời gian chờ bảo lãnh viện phí,Người dùng hài lòng với việc chi trả nhưng gặp khó khăn với thời gian chờ kết quả bảo lãnh viện phí kéo dài hơn 24 giờ.,False,False,2026-09-08T18:06:09.327993
1749206686286655,spam,trung_lap,0.0,none,,[],,Một chuyên gia thẻ sức khỏe cung cấp thông tin chung về sản phẩm và mời liên hệ để được tư vấn chi tiết.,True,False,2026-09-08T18:06:09.327993
1749216486285675,spam,trung_lap,0.0,none,,[],,Người dùng mời inbox chuyên gia Nguyễn Hoa Zương Zuồi để được tư vấn về thẻ rời.,True,False,2026-09-08T18:06:09.327993
1749228429617814,spam,trung_lap,0.0,none,,[],,Người dùng hỏi đối tượng mua bảo hiểm và mời nhắn tin để được tư vấn.,True,False,2026-09-08T18:06:09.327993
1749242979616359,y_kien_trung_lap,trung_lap,0.2,none,,[],"Đánh giá chi tiết thẻ bảo hiểm PC: Quyền lợi, chi phí và thẩm định","Comment đánh giá thẻ bảo hiểm PC là sản phẩm hot, thẩm định kỹ, phí cao hơn nhưng quyền lợi tốt.",False,False,2026-09-08T18:06:09.327993
1749258759614781,y_kien_trung_lap,tich_cuc,0.8,none,,[],Tổng quan về các gói bảo hiểm Pacific Cross và quyền lợi quốc tế,"Comment mô tả Pacific Cross là dòng bảo hiểm cao cấp với quyền lợi cao, quy trình bồi thường nhanh gọn và mạnh về phạm vi bảo hiểm quốc tế.",False,True,2026-09-08T18:06:09.327993
1749262119614445,spam,trung_lap,0.0,none,,[],,Người dùng mời inbox chuyên gia Nguyễn Hoa Zương Zuồi để được tư vấn mua thẻ rời.,True,False,2026-09-08T18:06:09.327993
1749522689588388,khen,tich_cuc,0.9,none,,[],Trải nghiệm claim bảo hiểm nhanh chóng qua ứng dụng di động,"Gia đình người dùng hài lòng với quy trình claim qua ứng dụng, tốc độ duyệt bồi thường và dịch vụ tổng thể.",False,False,2026-09-08T18:06:09.327993
1749553672918623,y_kien_trung_lap,trung_lap,0.2,none,,[],"Đánh giá thẻ bảo hiểm rời cao cấp: Ưu điểm, chi phí và quy trình thẩm định","Người dùng chia sẻ kinh nghiệm về một hãng bảo hiểm cao cấp với nhiều gói đa dạng, tái tục tốt, nhưng phí nhỉnh hơn.",False,False,2026-09-08T18:06:09.327993
1749309712943019,bao_hiem_chung,tieu_cuc,-0.6,low,Hãng bảo hiểm bị đánh giá là 'tai tiếng'.,"[""uy tin cong ty kem""]",Làm thế nào để chọn công ty bảo hiểm xe uy tín?,Người dùng cảnh báo về một hãng bảo hiểm bị tai tiếng và gợi ý chọn các hãng lớn để an tâm hơn.,False,False,2026-09-08T18:06:09.327993
1749505376256786,y_kien_trung_lap,trung_lap,0.0,none,,[],,Người dùng tên Đức Hiếu gửi lời cảm ơn.,False,False,2026-09-08T18:06:09.327993
1750105292863461,spam,trung_lap,0.0,none,,[],,Người dùng mời inbox Do Anh để được tư vấn.,True,False,2026-09-08T18:06:09.327993
1749198179620839,spam,trung_lap,0.0,none,,[],,Người dùng mời inbox và cung cấp số điện thoại để tư vấn chi tiết.,True,False,2026-09-08T18:06:09.327993
1749203092953681,spam,trung_lap,0.0,none,,[],,Comment chỉ chứa một dấu chấm.,False,False,2026-09-08T18:06:09.327993
1749453449595312,san_pham_giai_phap,tieu_cuc,-0.3,none,,"[""thieu quyen loi bo tro""]",Giải thích các quyền lợi bổ trợ quan trọng trong bảo hiểm,Người dùng thắc mắc về việc thiếu các quyền lợi bổ trợ quan trọng (NR17 và NR8) trong mục 6 của hợp đồng.,False,False,2026-09-08T18:06:33.627871
1749478942926096,y_kien_trung_lap,trung_lap,0.0,none,,[],,Người dùng đặt câu hỏi về ý nghĩa của cụm từ 'Trương Tiên Sinh'.,False,False,2026-09-08T18:06:33.627871
1749564702917520,spam,trung_lap,0.0,none,,[],,Một tư vấn viên giải thích về giá trị hoàn lại thấp khi rút hợp đồng sớm và đề nghị tư vấn điều chỉnh quyền lợi hoặc giới thiệu sản phẩm của Sun Life.,True,False,2026-09-08T18:06:33.627871
1749594909581166,spam,trung_lap,0.0,none,,[],,Một người tự nhận là cựu cán bộ Bảo Việt giải thích về việc rút hợp đồng sớm sẽ mất gần hết tiền và mời inbox để được tư vấn cụ thể.,True,False,2026-09-08T18:06:33.627871
1749788882895102,y_kien_trung_lap,trung_lap,0.0,none,,[],Cách đọc và hiểu bảng minh họa hợp đồng bảo hiểm,Người dùng đính chính về số năm đóng hợp đồng và yêu cầu cung cấp bảng minh họa chi tiết hơn để hiểu rõ.,False,False,2026-09-08T18:06:33.627871
1749814109559246,y_kien_trung_lap,trung_lap,0.2,none,,[],Tiêu chí lựa chọn gói bảo hiểm phù hợp với nhu cầu,Người dùng chia sẻ quan điểm rằng nên chọn gói bảo hiểm có quyền lợi tốt hơn và bảo vệ đầy đủ hơn với cùng một mức phí.,False,False,2026-09-08T18:06:33.627871
1749821492891841,san_pham_giai_phap,tieu_cuc,-0.6,low,Quyền lợi thấp so với phí đóng,"[""quyen loi thap"", ""phi cao""]",Phân tích quyền lợi bảo hiểm y tế và bệnh hiểm nghèo,Người dùng bày tỏ sự thất vọng vì quyền lợi bảo hiểm nhận được quá thấp so với mức phí đóng 20 triệu.,False,False,2026-09-08T18:06:33.627871
1749823116225012,y_kien_trung_lap,trung_lap,0.0,none,,[],,Người dùng xác nhận thông tin và thừa nhận đã quên khoản phí đóng của năm đầu tiên.,False,False,2026-09-08T18:06:33.627871
1749852289555428,y_kien_trung_lap,trung_lap,0.0,none,,[],,Người dùng làm rõ rằng ý của họ khi nói 'cân nhắc' là dừng hợp đồng bảo hiểm.,False,False,2026-09-08T18:06:33.627871
1749872156220108,phan_van,trung_lap,-0.2,none,,[],Giá trị hoàn lại khi hủy hợp đồng bảo hiểm nhân thọ sớm,"Người dùng bày tỏ sự tiếc nuối vì đã đóng 3 đợt phí và sắp đến đợt 4, đồng thời thắc mắc liệu có được hoàn lại một phần tiền nào không.",False,False,2026-09-08T18:06:33.627871
1749998549540802,y_kien_trung_lap,trung_lap,0.0,none,,[],Hướng dẫn liên hệ tổng đài bảo hiểm để giải quyết thắc mắc,Người dùng khuyên nên gọi tổng đài để kiểm tra thông tin về việc hoàn phí.,False,False,2026-09-08T18:06:33.627871
1749999462874044,y_kien_trung_lap,trung_lap,0.3,none,,[],Hiểu rõ quyền lợi bảo vệ và đáo hạn trong bảo hiểm nhân thọ,"Người dùng giải thích về quyền lợi bảo vệ và đáo hạn của bảo hiểm nhân thọ, đồng thời khuyên cân nhắc kỹ trước khi hủy hợp đồng.",False,False,2026-09-08T18:06:33.627871
1750019922871998,y_kien_trung_lap,trung_lap,0.0,none,,[],Bảo hiểm nhân thọ: Nên ưu tiên bảo vệ hay tích lũy?,"Người dùng cho biết họ ưu tiên quyền lợi bảo vệ của bảo hiểm hơn là tích lũy, vì đã có phương án dự phòng khác cho việc tích lũy.",False,False,2026-09-08T18:06:33.627871
1750079886199335,spam,trung_lap,0.0,none,,[],,"Một tư vấn viên khuyên không nên rút hợp đồng trong 2-3 năm đầu vì sẽ không được bao nhiêu, và phương án tốt nhất là duy trì.",True,False,2026-09-08T18:06:33.627871
1750316032842387,spam,trung_lap,0.0,none,,[],,"Một tư vấn viên giải thích rằng giá trị hoàn lại sẽ rất thấp nếu mới đóng 2 năm, đồng thời đề nghị review hợp đồng và phân tích nhu cầu.",True,False,2026-09-08T18:06:33.627871
1749194176287906,y_kien_trung_lap,trung_lap,0.0,none,,[],,Người dùng hỏi để xác nhận sản phẩm bảo hiểm đang tham gia có phải là 'H100 Sống khỏe hơn 100' hay không.,False,False,2026-09-08T18:06:33.627871
1749195299621127,spam,trung_lap,0.0,none,,[],,Comment chỉ chứa một dấu chấm.,False,False,2026-09-08T18:06:33.627871
1749196712954319,phan_van,trung_lap,-0.3,none,,[],Hiểu rõ mục đích bảo hiểm: bảo vệ hay tích lũy?,"Người dùng xác nhận sản phẩm là 'Sống khỏe hơn 100' và bày tỏ sự tiếc nuối khi thấy khoản tích lũy chỉ 5 triệu, dù hiểu rõ mục đích ban đầu.",False,False,2026-09-08T18:06:33.627871
1749197359620921,so_sanh_chung,tieu_cuc,-0.4,low,So sánh bất lợi về quyền lợi và tích lũy,"[""quyen loi thap"", ""tich luy it""]",So sánh quyền lợi bảo hiểm giữa các công ty hàng đầu,"Người dùng khuyên tìm tư vấn viên để review hợp đồng, đồng thời chia sẻ rằng nhiều người cho rằng quyền lợi của Bảo Việt không bằng AIA và tích lũy rút ra cũng ít.",False,False,2026-09-08T18:06:33.627871
1749197926287531,khen,tich_cuc,0.5,none,,[],,Người dùng bày tỏ lời cảm ơn.,False,False,2026-09-08T18:06:33.627871
1749212739619383,spam,trung_lap,0.0,none,,[],,Một người dùng mời liên hệ để được hỗ trợ hợp đồng bảo hiểm.,True,False,2026-09-08T18:06:33.924746
1749214169619240,y_kien_trung_lap,trung_lap,0.1,none,,[],"Lợi ích của bảo hiểm nhân thọ dài hạn, So sánh các gói bảo hiểm đời mới và cũ",Người dùng chia sẻ quan điểm về sự phát triển của các gói bảo hiểm và tính chất tích lũy dài hạn của bảo hiểm nhân thọ.,False,False,2026-09-08T18:06:33.924746
1749214512952539,spam,trung_lap,0.0,none,,[],,"Một người dùng hướng dẫn xem bảng minh họa quyền lợi và phí rút tiền, đồng thời mời inbox để được xem chi tiết.",True,False,2026-09-08T18:06:33.924746
1749225869618070,san_pham_giai_phap,tieu_cuc,-0.6,low,Khách hàng không hài lòng với quyền lợi sản phẩm.,"[""quyen loi bao hiem thap"", ""san pham khong phu hop""]","Cách đánh giá quyền lợi bảo hiểm có phù hợp với phí đóng, Làm gì khi quyền lợi bảo hiểm không như mong đợi","Người dùng bày tỏ sự thất vọng vì quyền lợi bảo hiểm quá thấp so với số tiền đóng, dù ban đầu mua với mục đích bảo vệ rủi ro.",False,False,2026-09-08T18:06:33.924746
1749226439618013,phan_van,trung_lap,-0.2,none,,"[""chi phi cao""]","Tối ưu chi phí khi mua bảo hiểm sức khỏe, Có nên mua thêm sản phẩm phụ bảo hiểm sức khỏe không",Người dùng bày tỏ sự phân vân về việc phải mua thêm sản phẩm phụ về sức khỏe và lo ngại về chi phí.,False,False,2026-09-08T18:06:33.924746
1749232926284031,y_kien_trung_lap,tich_cuc,0.7,none,,[],"Chiến lược tối ưu hóa các gói bảo hiểm, Lưu ý khi chuyển đổi bảo hiểm","Một người dùng đưa ra lời khuyên về việc giữ lại phần nhân thọ tích lũy và chuyển quyền lợi bảo vệ sang các bên khác tối ưu hơn, đồng thời lưu ý kiểm tra tình trạng sức khỏe.",True,False,2026-09-08T18:06:33.924746
1749235576283766,dich_vu_tu_van,tieu_cuc,-0.4,low,Khách hàng không hài lòng với phản hồi từ dịch vụ khách hàng.,"[""tu choi ho tro"", ""dich vu khach hang kem""]","Quy trình điều chỉnh hợp đồng bảo hiểm, Các lựa chọn khi muốn giảm phí bảo hiểm","Người dùng cho biết đã gọi hotline để đề nghị phương án giữ lại nhân thọ và giảm phí nhưng bị từ chối, đồng thời chia sẻ về tình trạng sức khỏe và gói bảo hiểm hiện tại.",False,False,2026-09-08T18:06:33.924746
1749239846283339,y_kien_trung_lap,tich_cuc,0.8,none,,"[""san pham khong phu hop"", ""phi huy hop dong cao""]","Các phương án xử lý khi hợp đồng bảo hiểm không phù hợp, Phân tích chi phí và lợi ích khi hủy hợp đồng bảo hiểm","Người dùng chia sẻ kinh nghiệm cá nhân khi mua gói bảo hiểm qua người quen và đưa ra hai hướng cân nhắc chi tiết cho người khác, bao gồm việc duy trì mức tối thiểu hoặc chuyển sang gói khác.",False,False,2026-09-08T18:06:33.924746
1749241819616475,dich_vu_tu_van,tieu_cuc,-0.7,medium,"TVV tư vấn sai thông tin, ép khách hàng mua thêm sản phẩm phụ.","[""tu van sai thong tin"", ""ep mua san pham phu"", ""dich vu tu van kem""]","Cách xử lý khi TVV tư vấn sai, Làm sao để từ chối mua thêm sản phẩm phụ không cần thiết","Người dùng bày tỏ sự khó chịu vì TVV là người thân nhưng vẫn khăng khăng gói bảo hiểm rất lời và dụ mua thêm phí phụ không hiệu quả, dẫn đến ý định bỏ ngang hợp đồng.",False,False,2026-09-08T18:06:33.924746
1749245466282777,san_pham_giai_phap,tieu_cuc,-0.5,low,Hạn chế của sản phẩm cũ gây bất tiện cho khách hàng.,"[""san pham khong linh hoat"", ""khong the them quyen loi bo sung""]","Hạn chế của các gói bảo hiểm cũ và giải pháp, Làm thế nào để nâng cấp quyền lợi bảo hiểm","Người dùng chia sẻ trường hợp tương tự và kinh nghiệm của bản thân khi phát hiện gói bảo hiểm cũ của Bảo Việt không cho phép mua thêm quyền lợi bổ sung, gây bức xúc và phải mua gói khác.",True,False,2026-09-08T18:06:33.924746
1749246899615967,spam,trung_lap,0.0,none,,[],,"Một người dùng đưa ra lời khuyên về việc không nên vội hủy hợp đồng cũ, cân nhắc giá trị hoàn lại và thiết kế phương án mới, đồng thời mời liên hệ qua Zalo để được tư vấn chi tiết.",True,False,2026-09-08T18:06:33.924746
1749264456280878,phan_van,trung_lap,-0.2,none,,"[""phi huy hop dong cao""]","Quy định về giá trị hoàn lại khi hủy hợp đồng bảo hiểm, Các yếu tố ảnh hưởng đến giá trị hoàn lại",Người dùng bày tỏ lo ngại về việc không có tiền hoàn lại nếu hủy bỏ hợp đồng.,False,False,2026-09-08T18:06:33.924746
1749277362946254,check_chi_phi,trung_lap,0.0,none,,[],,Người dùng hỏi về giá trị nhân thọ và quyền lợi bảo vệ của hợp đồng.,False,False,2026-09-08T18:06:33.924746
1749279082946082,san_pham_giai_phap,tieu_cuc,-0.6,low,Khách hàng không hài lòng với giá trị sản phẩm và tính năng tích lũy.,"[""quyen loi bao hiem thap"", ""san pham khong hieu qua""]","So sánh hiệu quả tích lũy của bảo hiểm nhân thọ và các kênh đầu tư khác, Đánh giá quyền lợi bảo hiểm nhân thọ có phù hợp với nhu cầu",Người dùng cho rằng giá trị nhân thọ 350 triệu là quá thấp so với số tiền đóng và khẳng định có nhiều kênh tích lũy sinh lời khác tốt hơn.,False,False,2026-09-08T18:06:33.924746
1749280306279293,phan_van,trung_lap,0.1,none,,[],"Hướng dẫn chuyển đổi hợp đồng bảo hiểm, Làm sao để chọn gói bảo hiểm có quyền lợi bảo vệ cao",Người dùng quyết định chuyển sang bảo hiểm khác để có quyền lợi bảo vệ cao hơn.,False,False,2026-09-08T18:06:33.924746
1749285109612146,spam,trung_lap,0.0,none,,"[""quyen loi bao hiem thap""]",,"Người dùng nhận xét quyền lợi chi trả viện phí quá ít và gợi ý tham khảo gói bảo hiểm của AIA, đồng thời mời liên hệ qua Zalo để được so sánh.",True,False,2026-09-08T18:06:33.924746
1749292102944780,spam,trung_lap,0.0,none,,"[""san pham khong phu hop"", ""phi huy hop dong cao""]",,"Một TVV chia sẻ quan điểm về việc mua bảo hiểm không đúng nhu cầu và rủi ro khi hủy hợp đồng sớm, đồng thời gợi ý tham khảo các gói khác và mời inbox để được hỗ trợ.",True,False,2026-09-08T18:06:33.924746
1749300079610649,y_kien_trung_lap,trung_lap,0.1,none,,[],,Người dùng đồng ý sẽ chuyển đổi hợp đồng nếu tìm được gói phù hợp.,False,False,2026-09-08T18:06:33.924746
1749319269608730,y_kien_trung_lap,tich_cuc,0.6,none,,[],"Cách chọn gói bảo hiểm phù hợp với độ tuổi và mức phí, So sánh các lựa chọn bảo hiểm trên thị trường",Một người dùng khuyên nên cân nhắc lại hợp đồng hiện tại vì có nhiều lựa chọn phù hợp và an toàn hơn ở độ tuổi và mức phí đó.,True,False,2026-09-08T18:06:33.924746
1749359936271330,muon_tu_van,trung_lap,0.0,none,,[],,Người dùng hỏi để được giải thích rõ hơn về khía cạnh an toàn của hợp đồng bảo hiểm.,False,False,2026-09-08T18:06:33.924746
1749198706287453,spam,trung_lap,0.0,none,,[],,Một người dùng khen sản phẩm bảo hiểm bệnh hiểm nghèo đã ngừng bán và mời hỗ trợ xem xét hợp đồng.,True,False,2026-09-08T18:07:00.830857
1749207186286605,spam,trung_lap,0.0,none,,[],,"Một tư vấn viên Dai-ichi Life khuyên tham khảo nhiều bên, ưu tiên thẻ chăm sóc sức khỏe cho trẻ nhỏ và mời liên hệ để tư vấn.",True,False,2026-09-08T18:07:00.830857
1749208106286513,so_sanh_chung,trung_lap,0.1,none,,[],phân biệt bảo hiểm bảo vệ và tích lũy,"Comment so sánh Bảo Việt có thể rẻ hơn nhưng phạm vi bảo hiểm chưa chắc rộng hơn, đồng thời phân biệt gói bảo hiểm thiên về bảo vệ và tích lũy.",False,False,2026-09-08T18:07:00.830857
1749213396285984,spam,trung_lap,0.0,none,,[],,"Lời khuyên nên xem lại hợp đồng và điều chỉnh mức phí cho hợp lý, kèm hashtag.",True,False,2026-09-08T18:07:00.830857
1749216426285681,san_pham_giai_phap,tieu_cuc,-0.6,low,Không hài lòng về giá trị tích lũy thấp.,"[""tích lũy thấp"", ""giá trị hoàn lại thấp""]",giải thích cơ chế tích lũy trong bảo hiểm,Người dùng không hài lòng vì tài khoản tích lũy chỉ có 10 triệu sau khi đóng 140 triệu.,False,False,2026-09-08T18:07:00.830857
1749216639618993,san_pham_giai_phap,tieu_cuc,-0.7,low,Cảm giác xót tiền do chi phí.,"[""xót tiền"", ""chi phí cao""]",giải thích chi phí bảo hiểm và giá trị nhận được,Người dùng bày tỏ cảm giác xót tiền khi nhìn vào số tiền đã đóng.,False,False,2026-09-08T18:07:00.830857
1749224999618157,y_kien_trung_lap,trung_lap,0.2,none,,[],tầm quan trọng của mục tiêu bảo hiểm,"Comment đưa ra lời khuyên chi tiết về việc xác định mục tiêu bảo hiểm, so sánh sản phẩm, và cảnh báo về rủi ro khi hủy hợp đồng cũ để mua hợp đồng mới.",True,False,2026-09-08T18:07:00.830857
1749227722951218,y_kien_trung_lap,trung_lap,0.1,none,,[],cách tính giá trị tích lũy trong bảo hiểm,"Comment giải thích rằng chỉ phần phí nhân thọ được tích lũy, các sản phẩm phụ là phí mất hàng năm, và giá trị tích lũy thấp có thể do mức bảo vệ cao.",False,False,2026-09-08T18:07:00.830857
1749238686283455,y_kien_trung_lap,trung_lap,0.0,none,,[],ví dụ thực tế về chi trả bảo hiểm y tế,Người dùng chia sẻ trải nghiệm được AIA thanh toán hơn 7 triệu đồng cho chi phí nằm viện 12 triệu đồng.,False,False,2026-09-08T18:07:00.830857
1749246666282657,khen,tich_cuc,0.8,none,,[],so sánh chi trả quyền lợi giữa các công ty bảo hiểm,"Người dùng khuyên nên giữ thẻ AIA, chia sẻ trải nghiệm chi trả phẫu thuật chi tiết của AIA tốt hơn Bảo Việt, và nhấn mạnh bảo hiểm là để bảo vệ.",False,False,2026-09-08T18:07:00.830857
1749246792949311,san_pham_giai_phap,tieu_cuc,-0.5,low,Không hài lòng về giá trị hoàn lại thấp.,"[""tích lũy thấp"", ""giá trị hoàn lại thấp""]",giải thích rõ ràng về sản phẩm bảo hiểm bảo vệ,"Người dùng chia sẻ trải nghiệm giá trị hoàn lại thấp của sản phẩm ""Sống khỏe hơn 100"", cảnh báo rằng sản phẩm này thiên về bảo vệ và khách hàng có thể bị sốc nếu chỉ nhìn vào số tiền hoàn lại.",False,False,2026-09-08T18:07:00.830857
1749265182947472,y_kien_trung_lap,trung_lap,0.1,none,,[],lợi ích của việc duy trì hợp đồng bảo hiểm dài hạn,Lời khuyên nên tiếp tục hợp đồng bảo hiểm đã đóng 7 năm thay vì tham gia hợp đồng mới của Bảo Việt.,False,False,2026-09-08T18:07:00.830857
1749307626276561,check_chi_phi,trung_lap,0.0,none,,[],,Người dùng hỏi về các chương trình của Bảo Việt.,False,False,2026-09-08T18:07:00.830857
1749307972943193,khen,tich_cuc,0.9,none,,[],đánh giá sản phẩm bảo hiểm sống khỏe H100,"Người dùng khen sản phẩm ""Sống khỏe H100"" là cực kỳ tốt, hot và khuyên không nên hủy vì quyền lợi bảo vệ dài hạn.",False,False,2026-09-08T18:07:00.830857
1749310232942967,y_kien_trung_lap,trung_lap,0.0,none,,[],,Người dùng hỏi thông tin chi tiết về gói bảo hiểm AIA và phí để có thể đưa ra lời khuyên.,True,False,2026-09-08T18:07:00.830857
1749320019608655,spam,trung_lap,0.0,none,,[],,"Lời mời inbox để xem lại hợp đồng, kèm hashtag.",True,False,2026-09-08T18:07:00.830857
1749321739608483,y_kien_trung_lap,trung_lap,0.0,none,,[],,Người dùng đồng tình với một nhận định trước đó.,False,False,2026-09-08T18:07:00.830857
1749326879607969,y_kien_trung_lap,trung_lap,0.1,none,,[],giới thiệu sản phẩm bảo hiểm an sinh giáo dục,Người dùng thông báo về sự tồn tại của sản phẩm bảo hiểm an sinh giáo dục.,False,False,2026-09-08T18:07:00.830857
1749338566273467,san_pham_giai_phap,tieu_cuc,-0.7,low,Xót tiền vì giá trị tích lũy thấp.,"[""tích lũy thấp"", ""xót tiền""]",giải thích cơ chế tích lũy của bảo hiểm bảo vệ,"Người dùng bày tỏ sự xót tiền vì giá trị tích lũy thấp của gói bảo hiểm ""Sống khỏe hơn 100"" sau 7 năm đóng phí.",False,False,2026-09-08T18:07:00.830857
1749349202939070,khen,tich_cuc,0.8,none,,[],lợi ích độc đáo của gói bảo hiểm sống khỏe hơn 100,"Người dùng khen ngợi gói bảo hiểm ""Sống khỏe hơn 100"" là độc đáo với quyền lợi bảo vệ trọn đời và khuyên không nên hủy hợp đồng.",False,False,2026-09-08T18:07:00.830857
1749390032934987,khen,tich_cuc,0.8,none,,[],Lợi ích của việc duy trì hợp đồng bảo hiểm nhân thọ dài hạn,Comment khuyên người dùng nên tiếp tục duy trì hợp đồng bảo hiểm hiện tại vì sản phẩm tốt và thời gian đóng phí còn lại không nhiều.,True,False,2026-09-08T18:07:12.097772
1749418236265500,y_kien_trung_lap,trung_lap,0.0,none,,[],Phân biệt sản phẩm bảo hiểm chính và sản phẩm bổ trợ: Hiểu rõ về phí rơi và tích lũy,"Comment giải thích rằng các sản phẩm bổ trợ như thẻ sức khỏe, bệnh hiểm nghèo không có giá trị tích lũy mà là 'phí rơi' hàng năm.",False,False,2026-09-08T18:07:12.097772
1749426749597982,khen,tich_cuc,0.9,none,,[],Phân tích ưu điểm của gói bảo hiểm Sống Khỏe Hơn 100 và lý do nên duy trì,"Comment khen ngợi gói bảo hiểm H100 về phí tốt, bảo vệ dài hạn, có giá trị hoàn lại cam kết và khuyên người dùng không nên hủy hợp đồng.",True,False,2026-09-08T18:07:12.097772
1749449536262370,khen,tich_cuc,0.9,none,,[],,Người dùng bày tỏ sự cảm ơn và cảm thấy an tâm hơn sau khi nhận được giải thích.,False,False,2026-09-08T18:07:12.097772
1749494616257862,y_kien_trung_lap,trung_lap,0.0,none,,[],Các gói bảo hiểm nhân thọ đã ngừng bán và lựa chọn thay thế,Người dùng hỏi về việc gói bảo hiểm đang được nhắc đến còn có thể mua được hay không.,False,False,2026-09-08T18:07:12.097772
1749529012921089,so_sanh_chung,trung_lap,0.1,none,,[],Hướng dẫn so sánh hợp đồng bảo hiểm nhân thọ: 5 yếu tố quan trọng cần xem xét,Comment khuyên người dùng không nên hủy hợp đồng chỉ vì phí rẻ hơn mà nên so sánh khách quan 5 điểm chính giữa các hợp đồng và đề nghị hỗ trợ review.,True,False,2026-09-08T18:07:12.097772
1749543516252972,y_kien_trung_lap,trung_lap,0.1,none,,[],Làm thế nào để tối ưu chi phí hợp đồng bảo hiểm nhân thọ mà không cần hủy?,"Comment giải thích hợp đồng nhân thọ ưu tiên bảo vệ rủi ro, khuyên không nên hủy sau 7 năm mà nên điều chỉnh để tối ưu chi phí và đề nghị hỗ trợ.",True,False,2026-09-08T18:07:12.097772
1749599316247392,spam,trung_lap,0.0,none,,[],,"Comment là một bài quảng cáo của tư vấn viên Daiichi, giới thiệu kinh nghiệm, sản phẩm thẻ sức khỏe và bệnh hiểm nghèo của Daiichi, kèm lời mời tư vấn.",True,True,2026-09-08T18:07:12.097772
1749900136217310,khen,tich_cuc,0.8,none,,[],Ưu điểm của gói bảo hiểm nhân thọ đóng phí giới hạn nhưng bảo vệ trọn đời,"Comment khen ngợi một gói bảo hiểm có đặc điểm đóng phí 20 năm nhưng bảo vệ đến 100 tuổi mà không cần đóng thêm, và có chi trả cho bệnh bẩm sinh.",False,False,2026-09-08T18:07:12.097772
1749915119549145,y_kien_trung_lap,trung_lap,0.0,none,,[],,Comment xác nhận thông tin được đưa ra trước đó.,False,False,2026-09-08T18:07:12.097772
1749915909549066,y_kien_trung_lap,trung_lap,0.2,none,,[],Quyền lợi linh hoạt đóng phí trong hợp đồng bảo hiểm nhân thọ AIA,Comment thông báo rằng hợp đồng AIA sau 7 năm có thể linh hoạt đóng phí.,True,False,2026-09-08T18:07:12.097772
1750089299531727,y_kien_trung_lap,trung_lap,0.2,none,,[],Lợi ích của việc duy trì hợp đồng bảo hiểm đến cùng,Comment khuyên người dùng không nên bỏ hợp đồng và cố gắng đóng nốt để đảm bảo quyền lợi.,True,False,2026-09-08T18:07:12.097772
1749278039612853,khen,tich_cuc,0.7,none,,[],Tối ưu bảo hiểm gia đình: Gắn thẻ sức khỏe vào hợp đồng nhân thọ AIA,Comment khuyên nên gắn thẻ sức khỏe của cả gia đình vào gói bảo hiểm nhân thọ AIA vì thẻ có quyền lợi tốt và mức phí hợp lý.,True,False,2026-09-08T18:07:12.097772
1749283449612312,y_kien_trung_lap,trung_lap,0.3,none,,[],Lợi ích của việc gắn thẻ sức khỏe vào hợp đồng bảo hiểm nhân thọ để đảm bảo ổn định lâu dài,"Comment khuyên nên gắn thẻ sức khỏe vào hợp đồng AIA để đảm bảo sự ổn định lâu dài, đặc biệt cho trẻ nhỏ, tránh rủi ro biến động của thẻ rời.",True,False,2026-09-08T18:07:12.097772
1749285216278802,spam,trung_lap,0.0,none,,[],,Comment quảng cáo thẻ sức khỏe của Gen cho trẻ nhỏ với chương trình ưu đãi phí tốt.,True,True,2026-09-08T18:07:12.097772
1749315966275727,y_kien_trung_lap,trung_lap,0.0,none,,[],,Comment hỏi về người được bảo hiểm chính trong hợp đồng chung của hai vợ chồng và quyền lợi hiện có.,False,False,2026-09-08T18:07:12.097772
1749393672934623,y_kien_trung_lap,trung_lap,0.3,none,,[],So sánh ưu nhược điểm của thẻ sức khỏe gắn kèm hợp đồng nhân thọ và thẻ rời,"Comment khuyên nên gắn thẻ sức khỏe của cả gia đình vào hợp đồng sẵn có để tối ưu chi phí và tránh các rủi ro của thẻ rời như tăng phí, loại trừ bệnh hoặc từ chối tái tục.",True,False,2026-09-08T18:07:12.097772
1749530866254237,y_kien_trung_lap,trung_lap,0.3,none,,[],Lợi ích của việc gắn thẻ sức khỏe vào hợp đồng bảo hiểm nhân thọ để ổn định lâu dài,"Comment khuyên nên gắn thẻ sức khỏe vào hợp đồng AIA sẵn có để tối ưu chi phí và ổn định lâu dài, tránh các rủi ro của thẻ rời.",True,False,2026-09-08T18:07:12.097772
1749536279587029,spam,trung_lap,0.0,none,,[],,"Comment là một bài quảng cáo của tư vấn viên Daiichi, giới thiệu sản phẩm thẻ sức khỏe cho bé và gia đình, kèm lời mời inbox để tư vấn chi tiết.",True,True,2026-09-08T18:07:12.097772
1749540692919921,spam,trung_lap,0.0,none,,[],,"Comment quảng cáo thẻ sức khỏe của Sun Life với các ưu điểm về phí ổn định, không tăng phí khi dùng nhiều và quyền lợi san sẻ hạn mức.",True,True,2026-09-08T18:07:12.097772
1749548829585774,y_kien_trung_lap,trung_lap,0.0,none,,[],lợi ích của việc gắn thẻ sức khỏe cho bé vào hợp đồng bảo hiểm hiện có,Comment đưa ra lời khuyên nên gắn thẻ sức khỏe cho bé sắp sinh vào hợp đồng AIA hiện có.,False,False,2026-09-08T18:07:29.152139
1749550072918983,spam,trung_lap,0.0,none,,[],,Comment kêu gọi người dùng inbox để được tư vấn cụ thể về nhu cầu tài chính.,True,False,2026-09-08T18:07:29.152139
1749560226251301,spam,trung_lap,0.0,none,,[],,Commenter tự giới thiệu là TVV Generali và kêu gọi inbox để được hỗ trợ thêm hợp đồng cũ hoặc tham khảo sản phẩm Generali.,True,False,2026-09-08T18:07:29.152139
1749567122917278,spam,trung_lap,0.0,none,,[],,Commenter đề nghị review tổng quát đến chi tiết để tối ưu chi phí bảo hiểm.,True,False,2026-09-08T18:07:29.152139
1749593762914614,spam,trung_lap,0.0,none,,[],,"Commenter khuyên nên mua thêm hợp đồng bảo hiểm cho trụ cột còn lại và thẻ sức khỏe cho bé, đồng thời quảng cáo chi tiết sản phẩm Daiichi và mời tư vấn.",True,False,2026-09-08T18:07:29.152139
1749859292888061,spam,trung_lap,0.0,none,,[],,Commenter khuyên tham gia gói bảo hiểm có thẻ sức khỏe cho cả gia đình và mời inbox để được tư vấn Generali.,True,False,2026-09-08T18:07:29.152139
1750053142868676,spam,trung_lap,0.0,none,,[],,"Commenter tự giới thiệu là tư vấn viên, khuyên gắn thẻ sức khỏe cho bé vào hợp đồng AIA và mời liên hệ qua Messenger/Zalo.",True,False,2026-09-08T18:07:29.152139
1750083179532339,spam,trung_lap,0.0,none,,[],,"Commenter khuyên gắn thẻ sức khỏe vào AIA hoặc mua gói mới cho trụ cột và bé, sau đó quảng cáo chi tiết các quyền lợi thẻ sức khỏe Daiichi và mời kết nối.",True,False,2026-09-08T18:07:29.152139
1750105102863480,y_kien_trung_lap,trung_lap,0.0,none,,[],lợi ích của việc gắn thẻ sức khỏe vào hợp đồng bảo hiểm hiện có,Comment đưa ra lời khuyên nên gắn thẻ sức khỏe vào hợp đồng bảo hiểm có sẵn để tối ưu chi phí.,False,False,2026-09-08T18:07:29.152139
1750260342847956,y_kien_trung_lap,trung_lap,0.0,none,,[],lợi ích của việc gắn thẻ bảo hiểm sức khỏe trọn đời của AIA cho gia đình,Comment khuyên nên gắn thẻ bảo hiểm sức khỏe trọn đời của AIA cho cả gia đình nếu đã có hợp đồng AIA.,False,False,2026-09-08T18:07:29.152139
1750288982845092,spam,trung_lap,0.0,none,,[],,Comment chỉ chứa một dấu chấm.,False,False,2026-09-08T18:07:29.152139
1750290222844968,y_kien_trung_lap,trung_lap,0.0,none,,[],quy trình và quyền lợi khi chờ bồi thường bảo hiểm,"Comment cung cấp thông tin về thời gian xử lý hồ sơ bồi thường, quyền lợi lãi suất và cách liên hệ công ty/cục giám sát bảo hiểm.",True,False,2026-09-08T18:07:29.152139
1750293232844667,y_kien_trung_lap,trung_lap,0.0,none,,[],quy trình điều tra lịch sử y tế khi yêu cầu bồi thường bảo hiểm,Comment giải thích rằng hồ sơ đang được điều tra lịch sử y tế và cần chờ ít nhất 3 tháng để có kết quả.,False,False,2026-09-08T18:07:29.152139
1750294986177825,y_kien_trung_lap,trung_lap,0.0,none,,[],,Comment hỏi người khác đã tham gia bảo hiểm của công ty nào.,False,False,2026-09-08T18:07:29.152139
1750295636177760,chinh_sach_quy_trinh_boi_thuong,tieu_cuc,-0.6,low,"thời gian chờ bồi thường quá lâu, không rõ lý do","[""quy trình bồi thường chậm"", ""không rõ lý do chờ"", ""không có thời hạn chờ""]",quyền lợi khách hàng khi công ty bảo hiểm chậm chi trả,Người dùng phàn nàn về việc đã nộp đủ hồ sơ 2.5 tháng nhưng công ty bảo hiểm vẫn yêu cầu chờ mà không đưa ra lý do hay thời hạn cụ thể.,False,False,2026-09-08T18:07:29.152139
1750296132844377,y_kien_trung_lap,trung_lap,0.0,none,,[],kinh nghiệm xử lý các trường hợp chờ bồi thường bảo hiểm,Commenter chia sẻ kinh nghiệm về thời gian chờ bồi thường từ nhiều công ty và hỏi thêm chi tiết về yêu cầu bồi thường.,False,False,2026-09-08T18:07:29.152139
1750297392844251,y_kien_trung_lap,trung_lap,0.0,none,,[],những yếu tố ảnh hưởng đến thời gian xử lý yêu cầu bồi thường bảo hiểm,"Comment giải thích rằng việc claim bệnh nặng khi hợp đồng còn mới cần thời gian thẩm định, và việc chưa bị từ chối là tín hiệu tốt, đồng thời chia sẻ kinh nghiệm về các trường hợp chờ bồi thường lâu.",True,False,2026-09-08T18:07:29.152139
1750298076177516,y_kien_trung_lap,trung_lap,0.0,none,,[],những lưu ý khi yêu cầu bồi thường bảo hiểm với hợp đồng dưới 1 năm,"Comment giải thích nguyên nhân có thể khiến yêu cầu bồi thường bị chậm là do hợp đồng chưa đủ 1 năm và bệnh lý nghiêm trọng, đồng thời đề nghị hướng dẫn.",False,False,2026-09-08T18:07:29.152139
1750299139510743,muon_tu_van,tich_cuc,0.5,none,,[],,Người dùng xác nhận yêu cầu bồi thường bệnh lý nghiêm trọng và xin phép inbox để được hỗ trợ.,False,False,2026-09-08T18:07:29.152139
1750328812841109,spam,trung_lap,0.0,none,,[],,Comment hỏi công ty bảo hiểm đang claim và mời inbox để được hỗ trợ nếu là khách hàng AIA.,True,False,2026-09-08T18:07:29.152139
1750333106174013,spam,trung_lap,0.0,none,,[],,Một tư vấn viên đề nghị hỗ trợ qua tin nhắn riêng nếu người dùng cần claim quyền lợi.,True,False,2026-09-08T18:07:30.057764
1750342396173084,y_kien_trung_lap,trung_lap,0.1,none,,[],,"Người dùng chia sẻ đã claim tiền viện phí, không mua quyền lợi bệnh lý nghiêm trọng và số tiền hơn 100.",False,False,2026-09-08T18:07:30.057764
1750374092836581,y_kien_trung_lap,trung_lap,0.1,none,,[],,Một tư vấn viên hỏi thêm thông tin về bệnh và giải thích rằng công ty có thể cần điều tra nếu thời gian tham gia bảo hiểm còn mới.,True,False,2026-09-08T18:07:30.057764
1750389889501668,y_kien_trung_lap,trung_lap,0.0,none,,[],,Người dùng giải thích về quy định pháp luật liên quan đến thời gian chi trả bảo hiểm và khả năng kéo dài thời gian chi trả.,False,False,2026-09-08T18:07:30.057764
1750393709501286,y_kien_trung_lap,trung_lap,0.0,none,,[],,Người dùng đặt câu hỏi về quy định 30 ngày trong luật và hiệu quả của việc khiếu nại lên Cục.,False,False,2026-09-08T18:07:30.057764
1750424702831520,y_kien_trung_lap,trung_lap,0.0,none,,[],,Người dùng chia sẻ rằng người nhà đã mổ thay van tim.,False,False,2026-09-08T18:07:30.057764
1750430922830898,y_kien_trung_lap,trung_lap,0.0,none,,[],,Người dùng khuyên người khác nên đọc điều khoản hợp đồng bảo hiểm.,False,False,2026-09-08T18:07:30.057764
1750432026164121,y_kien_trung_lap,trung_lap,0.0,none,,[],,Người dùng xác nhận rằng trường hợp được đề cập sẽ mất nhiều thời gian hơn để giải quyết.,False,False,2026-09-08T18:07:30.057764
1750441152829875,y_kien_trung_lap,trung_lap,0.0,none,,[],,Người dùng yêu cầu thêm thông tin về sản phẩm và yêu cầu bồi thường để có thể hỗ trợ.,False,False,2026-09-08T18:07:30.057764
1750678329472824,y_kien_trung_lap,trung_lap,0.0,none,,[],,Người dùng yêu cầu người khác kiểm tra lại Luật Kinh Doanh Bảo Hiểm về quy định thời gian chi trả.,False,False,2026-09-08T18:07:30.057764
1750681946139129,y_kien_trung_lap,trung_lap,0.2,none,,[],,Người dùng gợi ý kiểm tra với công ty bảo hiểm xem hồ sơ đã đầy đủ và hợp lệ chưa.,False,False,2026-09-08T18:07:30.057764
1750682806139043,y_kien_trung_lap,trung_lap,-0.1,none,,[],,"Người dùng phản hồi một cách gay gắt, khuyên người khác đọc điều khoản của hãng bảo hiểm và từ chối tranh luận thêm.",False,False,2026-09-08T18:07:30.057764
1750719702802020,spam,trung_lap,0.0,none,,[],,Một tư vấn viên khuyên liên hệ TVV trực tiếp và đề nghị hỗ trợ riêng nếu liên quan đến bảo hiểm AIA.,True,False,2026-09-08T18:07:30.057764
1750726852801305,y_kien_trung_lap,trung_lap,0.0,none,,[],,"Người dùng tranh luận về việc quy định 30 ngày có phải do luật hay điều khoản hợp đồng, trích dẫn Luật KDBH quy định 15 ngày.",False,False,2026-09-08T18:07:30.057764
1750745146132809,y_kien_trung_lap,trung_lap,-0.5,none,,[],,Người dùng từ chối trả lời một cách gay gắt.,False,False,2026-09-08T18:07:30.057764
1750816719458985,spam,trung_lap,0.0,none,,[],,Một tư vấn viên thông báo thời gian giải quyết tối đa của Daiichi và đề nghị hỗ trợ qua tin nhắn riêng.,True,False,2026-09-08T18:07:30.057764
1749417602932230,y_kien_trung_lap,trung_lap,0.1,none,,[],,Người dùng khuyên làm lại yêu cầu mới và công ty sẽ tự tính.,False,False,2026-09-08T18:07:30.057764
1749422032931787,y_kien_trung_lap,tich_cuc,0.8,none,,[],huong dan nop ho so bo sung qua web va app,Người dùng cung cấp hai cách chi tiết để nộp hồ sơ bổ sung qua website và ứng dụng của AIA.,False,False,2026-09-08T18:07:30.057764
1749429889597668,y_kien_trung_lap,tich_cuc,0.7,none,,[],huong dan giay to can thiet khi bo sung ho so,"Người dùng khuyên bổ sung đơn thuốc và các giấy tờ bắt buộc khác, lưu ý về dấu mộc và hóa đơn VAT.",True,False,2026-09-08T18:07:30.057764
1749500546257269,y_kien_trung_lap,tich_cuc,0.7,none,,[],meo nop ho so bo sung tren app,"Người dùng khuyên nộp lại hồ sơ như mới, bao gồm giấy tờ đầy đủ và cách xử lý lỗi trùng ngày trên ứng dụng.",False,False,2026-09-08T18:07:30.057764
1749514046255919,khen,tich_cuc,0.8,none,,[],Hướng dẫn khách hàng tự xử lý vấn đề trên nền tảng số,Người dùng bày tỏ sự hài lòng và cảm ơn vì đã thực hiện được thao tác.,False,False,2026-09-08T18:07:38.214043
1749532559587401,y_kien_trung_lap,tich_cuc,0.6,none,,[],Hướng dẫn chi tiết cách bổ sung chứng từ bồi thường trên AIA+,Comment hướng dẫn cách bổ sung chứng từ trực tuyến trên ứng dụng AIA+ và theo dõi tiến trình xử lý hồ sơ.,False,False,2026-09-08T18:07:38.214043
1749600386247285,y_kien_trung_lap,trung_lap,0.1,none,,[],Cách bổ sung hồ sơ bảo hiểm qua ứng dụng di động,Người dùng chia sẻ kinh nghiệm bổ sung hồ sơ bảo hiểm qua ứng dụng.,False,False,2026-09-08T18:07:38.214043
1749842489556408,spam,trung_lap,0.0,none,,[],,Comment kêu gọi người dùng inbox một tư vấn viên cụ thể để được hỗ trợ.,True,False,2026-09-08T18:07:38.214043
1749920059548651,y_kien_trung_lap,trung_lap,0.1,none,,[],Lưu ý khi bổ sung chứng từ bồi thường bảo hiểm qua hệ thống online,Comment hướng dẫn cách bổ sung bill đơn thuốc vào iclaim và lưu ý về việc hệ thống không ghi nhận hồ sơ cũ.,False,False,2026-09-08T18:07:38.214043
1750104832863507,spam,trung_lap,0.0,none,,[],,Comment kêu gọi người dùng inbox một tư vấn viên cụ thể.,True,False,2026-09-08T18:07:38.214043
1749461029594554,spam,trung_lap,0.0,none,,[],,Comment kêu gọi tư vấn khách hàng.,True,False,2026-09-08T18:07:38.214043
1749495216257802,khen,tich_cuc,0.7,none,,[],,Người dùng bày tỏ lời cảm ơn.,False,False,2026-09-08T18:07:38.214043
1749554479585209,spam,trung_lap,0.0,none,,[],,Comment kêu gọi người dùng liên hệ một tư vấn viên cụ thể.,True,False,2026-09-08T18:07:38.214043
1749557952918195,spam,trung_lap,0.0,none,,[],,Comment kêu gọi người dùng inbox một tư vấn viên cụ thể.,True,False,2026-09-08T18:07:38.214043
1749595592914431,spam,trung_lap,0.0,none,,[],,"Tư vấn viên giới thiệu gói bảo hiểm độc lập cho bé của Daiichi, so sánh với thẻ sức khỏe rời, nêu bật quyền lợi và tính tái tục, đồng thời mời tư vấn.",True,False,2026-09-08T18:07:38.214043
1750019639538693,spam,trung_lap,0.0,none,,[],,Comment kêu gọi người dùng kiểm tra tin nhắn.,True,False,2026-09-08T18:07:38.214043
1750085139532143,spam,trung_lap,0.0,none,,[],,Comment kêu gọi người dùng tham khảo một người cụ thể.,True,False,2026-09-08T18:07:38.214043
1750104619530195,spam,trung_lap,0.0,none,,[],,Comment kêu gọi người dùng inbox một tư vấn viên cụ thể để được tư vấn.,True,False,2026-09-08T18:07:38.214043
1749381299602527,y_kien_trung_lap,trung_lap,0.0,none,,[],Hướng dẫn cú pháp đăng ký tham gia bảo hiểm,Comment cung cấp cú pháp để tham gia một hoạt động liên quan đến bảo hiểm.,False,False,2026-09-08T18:07:38.214043
1749382102935780,y_kien_trung_lap,trung_lap,0.0,none,,[],Hướng dẫn tham gia sự kiện trực tuyến qua Zoom,Comment hướng dẫn người dùng tải ảnh bìa để tham gia buổi họp Zoom.,False,False,2026-09-08T18:07:38.214043
1749392396268084,y_kien_trung_lap,trung_lap,0.0,none,,[],Tóm tắt nội dung buổi chia sẻ về bảo hiểm,Comment là một tiêu đề hoặc thông báo về thông tin của một buổi chia sẻ.,False,False,2026-09-08T18:07:38.214043
1749896079551049,y_kien_trung_lap,trung_lap,0.0,none,,[],Khảo sát ý kiến cộng đồng về định nghĩa thịnh vượng,Comment đặt câu hỏi mở về định nghĩa thịnh vượng để khuyến khích mọi người chia sẻ.,False,False,2026-09-08T18:07:38.214043
1749919002882090,y_kien_trung_lap,trung_lap,0.1,none,,[],"Phân tích các khía cạnh của thịnh vượng: tài chính, tinh thần, thể chất","Người dùng chia sẻ định nghĩa thịnh vượng của bản thân bao gồm tài chính, tinh thần, thể chất và mong muốn sự thảnh thơi, an toàn.",False,False,2026-09-08T18:07:38.214043
1749920096215314,y_kien_trung_lap,trung_lap,0.1,none,,[],,Comment bày tỏ sự đồng tình với ý kiến của người khác.,False,False,2026-09-08T18:07:38.214043
1749921802881810,y_kien_trung_lap,trung_lap,0.0,none,,[],khái niệm tự do tài chính và sức khỏe,Người dùng chia sẻ định nghĩa cá nhân về tự do tài chính và sức khỏe.,False,False,2026-09-08T18:08:01.965456
1749924676214856,y_kien_trung_lap,trung_lap,0.1,none,,[],định nghĩa và các yếu tố của sự thịnh vượng,Comment định nghĩa sự thịnh vượng không chỉ là tiền bạc mà còn bao gồm nhiều khía cạnh khác của cuộc sống.,False,False,2026-09-08T18:08:01.965456
1749928026214521,khen,tich_cuc,0.8,none,,[],,Người dùng bày tỏ sự đồng tình và khen ngợi.,False,False,2026-09-08T18:08:01.965456
1750281432845847,y_kien_trung_lap,trung_lap,0.0,none,,[],,Người dùng hỏi về lịch sử hưởng quyền lợi bảo hiểm của người cha.,False,False,2026-09-08T18:08:01.965456
1750287532845237,y_kien_trung_lap,trung_lap,0.2,none,,[],hướng dẫn kê khai bổ sung hồ sơ y tế cho bảo hiểm,Comment hướng dẫn người dùng tổng hợp hồ sơ y tế và liên hệ tư vấn viên để kê khai vào hợp đồng Dai-ichi.,False,False,2026-09-08T18:08:01.965456
1750290312844959,y_kien_trung_lap,trung_lap,0.1,none,,[],xử lý hồ sơ bảo hiểm khi có bệnh nền,"Người dùng bày tỏ sự chia sẻ, nhận định về trường hợp của người cha và đề nghị hỗ trợ cho người mẹ.",True,False,2026-09-08T18:08:01.965456
1750291759511481,y_kien_trung_lap,trung_lap,0.1,none,,[],,Comment khuyên người dùng nên kê khai bổ sung thông tin cho mẹ.,False,False,2026-09-08T18:08:01.965456
1750292922844698,chinh_sach_quy_trinh_boi_thuong,tieu_cuc,-0.8,low,hợp đồng bị hủy và từ chối chi trả,"[""từ chối bồi thường"", ""hủy hợp đồng""]",quy trình kê khai và khám chữa bệnh khi tham gia bảo hiểm,Người dùng chia sẻ trải nghiệm tiêu cực khi hợp đồng bảo hiểm của mẹ bị hủy và không được chi trả cho bệnh rối loạn tiền đình do tự ý đi khám.,False,False,2026-09-08T18:08:01.965456
1750296679510989,chinh_sach_quy_trinh_boi_thuong,tieu_cuc,-0.7,low,bị từ chối chi trả quyền lợi,"[""từ chối bồi thường""]",,Người dùng cho biết chưa từng được hưởng quyền lợi bảo hiểm và đang bị từ chối chi trả sau khi mổ K đại tràng.,False,False,2026-09-08T18:08:01.965456
1750297139510943,y_kien_trung_lap,trung_lap,0.0,none,,[],,Người dùng hỏi liệu bảo hiểm y tế của mẹ có kê khai đầy đủ các bệnh hay không.,False,False,2026-09-08T18:08:01.965456
1750297806177543,phan_van,trung_lap,-0.2,none,,"[""khó khăn kê khai"", ""lịch sử bệnh án phức tạp""]",hướng dẫn xử lý lịch sử khám chữa bệnh phức tạp khi tham gia bảo hiểm,Người dùng chia sẻ khó khăn về lịch sử khám chữa bệnh bằng BHYT của cha và mong muốn tìm hướng giải quyết cho bảo hiểm của mẹ.,False,False,2026-09-08T18:08:01.965456
1750298169510840,phan_van,trung_lap,0.0,none,,[],,Người dùng hỏi về khả năng bị từ chối bán bảo hiểm hoặc loại trừ bệnh khi kê khai.,False,False,2026-09-08T18:08:01.965456
1750299819510675,y_kien_trung_lap,trung_lap,0.0,none,,[],,Người dùng xác nhận đang nói về trường hợp của người mẹ.,False,False,2026-09-08T18:08:01.965456
1750301886177135,y_kien_trung_lap,trung_lap,-0.1,none,,"[""giấu thông tin bệnh án"", ""quên lịch sử bệnh""]",tầm quan trọng của việc kê khai trung thực lịch sử bệnh án,"Người dùng giải thích về bệnh rối loạn tiền đình của mẹ và việc mẹ đã giấu thông tin, dẫn đến quên lịch sử bệnh.",False,False,2026-09-08T18:08:01.965456
1750303416176982,khen,tich_cuc,0.9,none,,[],lợi ích của bảo hiểm nhân thọ qua câu chuyện thực tế,Người dùng chia sẻ trải nghiệm tích cực khi được bảo hiểm Dai-ichi chi trả nhiều lần với số tiền lớn.,False,False,2026-09-08T18:08:01.965456
1750305146176809,so_sanh_chung,trung_lap,0.1,none,,[],chính sách hoàn phí khi hủy hợp đồng bảo hiểm,Người dùng khuyên nên kê khai và so sánh chính sách hoàn phí giữa Generali và Dai-ichi khi hủy hợp đồng.,False,False,2026-09-08T18:08:01.965456
1750311909509466,spam,trung_lap,0.0,none,,[],,Người dùng hướng dẫn tổng hợp hồ sơ và đề nghị hỗ trợ qua inbox/Zalo kèm số điện thoại.,True,False,2026-09-08T18:08:01.965456
1750321316175192,phan_van,trung_lap,-0.3,none,,"[""khó khăn kê khai"", ""quên lịch sử bệnh""]",hướng dẫn cách tra cứu lịch sử khám chữa bệnh để kê khai bảo hiểm,Người dùng bày tỏ sự khó khăn khi nhớ lại lịch sử khám bệnh và cảm thấy hoang mang khi muốn mua bảo hiểm.,False,False,2026-09-08T18:08:01.965456
1750327399507917,y_kien_trung_lap,trung_lap,0.3,none,,[],hướng dẫn tra cứu lịch sử khám chữa bệnh để kê khai bảo hiểm,Người dùng hướng dẫn cách tra cứu lịch sử khám chữa bệnh qua VssID và các nguồn khác để kê khai bảo hiểm.,False,False,2026-09-08T18:08:01.965456
1750330189507638,y_kien_trung_lap,trung_lap,0.2,none,,[],quy trình kê khai bổ sung và tái thẩm định hồ sơ bảo hiểm,"Người dùng hướng dẫn tổng hợp hồ sơ y tế của mẹ để kê khai bổ sung và tái thẩm định, đồng thời đề nghị hỗ trợ.",True,False,2026-09-08T18:08:01.965456
1750331172840873,chinh_sach_quy_trinh_boi_thuong,tieu_cuc,-0.7,low,Người thân của TVV bị từ chối bảo hiểm do lịch sử bệnh án.,"[""từ chối bảo hiểm"", ""lịch sử bệnh án phức tạp""]",Giải thích quy trình thẩm định bảo hiểm nhân thọ và các trường hợp bị từ chối.,Một tư vấn viên chia sẻ trải nghiệm cá nhân về việc mẹ chồng bị từ chối bảo hiểm nhân thọ do lịch sử bệnh án phức tạp và tuổi tác.,True,False,2026-09-08T18:08:20.539989
1750339359506721,spam,trung_lap,0.0,none,,[],,"Comment hướng dẫn tổng hợp hồ sơ và kê khai bổ sung, đồng thời gợi ý liên hệ hotline hoặc văn phòng đại diện để được hỗ trợ.",True,True,2026-09-08T18:08:20.539989
1750339996173324,y_kien_trung_lap,trung_lap,0.2,none,,[],Hướng dẫn chi tiết quy trình tái thẩm định hợp đồng bảo hiểm và kê khai bổ sung.,Comment hướng dẫn chi tiết các bước để kê khai bổ sung lịch sử khám chữa bệnh trên VSSID và quy trình tái thẩm định hợp đồng bảo hiểm.,True,False,2026-09-08T18:08:20.539989
1750343606172963,y_kien_trung_lap,trung_lap,0.0,none,,[],,Người dùng chia sẻ rằng họ hay quên sau khi tiêm ngừa COVID.,False,False,2026-09-08T18:08:20.539989
1750345012839489,y_kien_trung_lap,trung_lap,0.1,none,,[],Hướng dẫn cập nhật tình trạng sức khỏe với công ty bảo hiểm.,"Comment khuyên người dùng kiểm tra VSSID của mẹ, đối chiếu với hợp đồng và làm đơn cập nhật tình trạng sức khỏe hiện tại để công ty bảo hiểm xác nhận.",True,False,2026-09-08T18:08:20.539989
1750345522839438,dich_vu_tu_van,tieu_cuc,-0.5,low,Gợi ý TVV không thực hiện đúng trách nhiệm khai báo.,"[""tư vấn không đầy đủ"", ""trách nhiệm tư vấn viên""]",Trách nhiệm của tư vấn viên bảo hiểm trong việc khai báo thông tin.,Comment gợi ý người dùng có thể làm đơn yêu cầu công ty bảo hiểm xem xét trách nhiệm khai báo của tư vấn viên.,True,False,2026-09-08T18:08:20.539989
1750348106172513,spam,trung_lap,0.0,none,,[],,"Một tư vấn viên tự giới thiệu và cung cấp số điện thoại, sau đó hướng dẫn chi tiết cách cập nhật hồ sơ y tế với công ty bảo hiểm Daiichi.",True,True,2026-09-08T18:08:20.539989
1750353389505318,y_kien_trung_lap,trung_lap,0.0,none,,[],,Comment ngắn gọn nhận xét về một tình trạng chung.,False,False,2026-09-08T18:08:20.539989
1750355642838426,dich_vu_tu_van,tieu_cuc,-0.8,low,"Nghi ngờ TVV tư vấn không kỹ, chỉ chạy KPI.","[""tư vấn không kỹ"", ""tư vấn viên thiếu trách nhiệm""]",Tầm quan trọng của việc tư vấn kỹ lưỡng từ TVV và trách nhiệm kiểm tra VSSID.,"Người dùng đặt câu hỏi chỉ trích về việc tư vấn viên không tư vấn kỹ lưỡng về VSSID, nghi ngờ họ chỉ quan tâm đến KPI.",False,False,2026-09-08T18:08:20.539989
1750366802837310,spam,trung_lap,0.0,none,,[],,"Comment chia sẻ về trường hợp của người cha, khen ngợi tư duy của người dùng và đề nghị hỗ trợ miễn phí qua inbox về việc kê khai bổ sung.",True,True,2026-09-08T18:08:20.539989
1750369352837055,y_kien_trung_lap,trung_lap,0.2,none,,[],Tầm quan trọng của việc kê khai trung thực lịch sử bệnh án và lợi ích của việc tham gia bảo hiểm sớm.,"Comment trấn an người dùng, khuyên kê khai bổ sung khi nhớ ra và nhấn mạnh tầm quan trọng của việc tham gia bảo hiểm sớm để tránh bất lợi sau này.",True,False,2026-09-08T18:08:20.539989
1750372619503395,dich_vu_tu_van,tieu_cuc,-0.6,low,Gợi ý TVV không tư vấn đầy đủ về kê khai sức khỏe.,"[""tư vấn không đầy đủ"", ""trách nhiệm tư vấn viên""]",Quyền lợi của khách hàng khi TVV không tư vấn đầy đủ thông tin.,Comment cho rằng khách hàng có thể lật ngược tình thế nếu chứng minh được rằng họ không được tư vấn về việc kê khai sức khỏe.,False,False,2026-09-08T18:08:20.539989
1750373979503259,y_kien_trung_lap,trung_lap,0.1,none,,[],Thời điểm vàng để giải quyết các vấn đề liên quan đến hợp đồng bảo hiểm.,Comment khuyên khách hàng cần chủ động giải quyết vấn đề trước khi có quyết định chấm dứt hợp đồng.,True,False,2026-09-08T18:08:20.539989
1750381172835873,y_kien_trung_lap,trung_lap,0.2,none,,[],Hướng dẫn chi tiết quy trình tái thẩm định hợp đồng bảo hiểm.,Comment hướng dẫn cách tái thẩm định hợp đồng bằng cách làm tờ trình kèm hồ sơ y tế hoặc thông tin chi tiết từ VSSID.,True,False,2026-09-08T18:08:20.539989
1750382396169084,y_kien_trung_lap,trung_lap,0.1,none,,[],Tầm quan trọng của việc thẩm định hồ sơ bệnh án trong bảo hiểm.,"Comment khuyên người dùng nên thực hiện thẩm định hồ sơ bệnh án để yên tâm, tránh việc bỏ dở hợp đồng giữa chừng.",True,False,2026-09-08T18:08:20.539989
1750393789501278,so_sanh_chung,tieu_cuc,-0.4,low,Ngụ ý kênh bán bảo hiểm qua ngân hàng có vấn đề.,"[""dịch vụ ngân hàng kém"", ""tư vấn không chuyên nghiệp""]",So sánh ưu nhược điểm khi mua bảo hiểm qua ngân hàng và tư vấn viên.,Comment cho rằng mua bảo hiểm qua ngân hàng thường gặp vấn đề và khuyên mua qua tư vấn viên chuyên nghiệp để được chăm sóc tốt hơn.,True,True,2026-09-08T18:08:20.539989
1750411139499543,spam,trung_lap,0.0,none,,[],,Comment kêu gọi người dùng kiểm tra tin nhắn riêng.,True,True,2026-09-08T18:08:20.539989
1750436696163654,y_kien_trung_lap,trung_lap,0.2,none,,[],Hướng dẫn chi tiết quy trình kê khai trung thực và tái thẩm định bảo hiểm.,Comment hướng dẫn người dùng liên hệ tư vấn viên hoặc văn phòng Daiichi để kê khai trung thực lịch sử bệnh án của mẹ và yêu cầu tái thẩm định.,True,False,2026-09-08T18:08:20.539989
1750612526146071,y_kien_trung_lap,tich_cuc,0.7,none,,[],Case study: Xử lý thành công vấn đề lịch sử bệnh án trên VSSID và cách chứng minh sức khỏe.,"Comment chia sẻ kinh nghiệm thành công trong việc hỗ trợ khách hàng giải quyết vấn đề lịch sử bệnh án trên VSSID, giúp khách hàng được chấp thuận bảo hiểm mà không bị loại trừ.",True,False,2026-09-08T18:08:20.539989
1750651146142209,spam,trung_lap,0.0,none,,[],,Comment mời người dùng inbox để được hỗ trợ kê khai bổ sung và cung cấp số điện thoại liên hệ.,True,True,2026-09-08T18:08:20.539989
1750655132808477,san_pham_giai_phap,tieu_cuc,-0.8,low,,"[""mất tiền khi chấm dứt hợp đồng"", ""chấm dứt hợp đồng""]",Quyền lợi và rủi ro khi chấm dứt hợp đồng bảo hiểm sớm,Người dùng chia sẻ trải nghiệm mất 42 triệu đồng khi hợp đồng bảo hiểm bị chấm dứt sau năm đầu tiên.,False,False,2026-09-08T18:08:32.702342
1750657376141586,phan_van,trung_lap,0.0,none,,[],Hướng dẫn kiểm tra và kê khai lịch sử bệnh án qua VssID,Người dùng thắc mắc về độ chính xác của dữ liệu VssID và khó khăn trong việc kê khai lịch sử khám bệnh.,False,False,2026-09-08T18:08:32.702342
1750667866140537,y_kien_trung_lap,trung_lap,0.0,none,,[],,Người dùng đang thực hiện kê khai bổ sung thông tin để công ty bảo hiểm tái thẩm định.,False,False,2026-09-08T18:08:32.702342
1750671806140143,y_kien_trung_lap,trung_lap,0.2,none,,[],Hướng dẫn chi tiết kê khai bổ sung tiền sử bệnh cho hợp đồng bảo hiểm,"Comment hướng dẫn chi tiết cách bổ sung tiền sử bệnh, sử dụng VssID và chứng từ, đồng thời cảnh báo về hậu quả của việc khai báo không trung thực.",True,False,2026-09-08T18:08:32.702342
1750672599473397,bao_hiem_chung,tieu_cuc,-0.7,low,,"[""thieu minh bach"", ""quy trinh khong cong bang""]",Minh bạch trong kê khai bảo hiểm: Quyền và trách nhiệm của khách hàng,"Người dùng cho rằng việc công ty bảo hiểm không kiểm tra thông tin mà để khách hàng tự kê khai là vô lý, nhằm dễ dàng từ chối sau này.",False,False,2026-09-08T18:08:32.702342
1750676372806353,dich_vu_tu_van,tieu_cuc,-0.8,low,,"[""tu van khong ky"", ""tu van thieu trach nhiem""]",Tiêu chí chọn tư vấn viên bảo hiểm chuyên nghiệp và tận tâm,"Người dùng đặt câu hỏi về trách nhiệm của tư vấn viên khi không tư vấn kỹ về việc kiểm tra VssID, cho rằng họ chỉ quan tâm KPI.",False,False,2026-09-08T18:08:32.702342
1750679529472704,check_chi_phi,trung_lap,0.0,none,,[],Quy định về hoàn phí khi hợp đồng bảo hiểm bị chấm dứt,Người dùng thắc mắc liệu có được hoàn lại tiền đã đóng khi hợp đồng bảo hiểm bị chấm dứt hay không.,False,False,2026-09-08T18:08:32.702342
1750683359472321,y_kien_trung_lap,trung_lap,0.3,none,,[],Tầm quan trọng của tư vấn viên chuyên nghiệp trong kê khai bảo hiểm,Comment khuyên người dùng tìm tư vấn viên chuyên nghiệp để được hỗ trợ kê khai bổ sung hồ sơ y tế trước khi tham gia bảo hiểm.,False,False,2026-09-08T18:08:32.702342
1750687109471946,dich_vu_tu_van,tieu_cuc,-0.9,medium,"Tư vấn viên hướng dẫn khách hàng giấu bệnh, dẫn đến từ chối chi trả.","[""tu van sai thong tin"", ""tu choi boi thuong""]",Hậu quả của việc kê khai không trung thực và tư vấn sai thông tin,"Người dùng bức xúc kể về việc tư vấn viên hướng dẫn giấu bệnh, dẫn đến việc công ty bảo hiểm từ chối chi trả khi mẹ họ cần phẫu thuật.",False,False,2026-09-08T18:08:32.702342
1750692096138114,y_kien_trung_lap,trung_lap,0.3,none,,[],Quy trình tái thẩm định hồ sơ bảo hiểm khi có thay đổi sức khỏe,Comment gợi ý cách giải quyết vấn đề bệnh án bằng cách đưa mẹ đi khám lại và yêu cầu bảo hiểm thẩm định lại hồ sơ.,False,False,2026-09-08T18:08:32.702342
1750696419471015,phan_van,trung_lap,0.0,none,,[],Quy định về thời gian kê khai tiền sử bệnh trong hợp đồng bảo hiểm,Người dùng thắc mắc về việc kê khai bệnh án trong vòng 5 năm và liệu bệnh từ năm thứ 6 trở về trước có được chấp nhận không.,False,False,2026-09-08T18:08:32.702342
1750697292804261,dich_vu_tu_van,tieu_cuc,-0.8,low,,"[""tu van sai thong tin"", ""loi ich tu van vien""]",Rủi ro khi mua bảo hiểm qua ngân hàng và cách phòng tránh,"Người dùng chỉ trích những người bán bảo hiểm tại ngân hàng vì chạy theo chỉ tiêu lợi nhuận, làm hồ sơ không đúng, gây thiệt hại cho khách hàng.",False,False,2026-09-08T18:08:32.702342
1750702156137108,y_kien_trung_lap,trung_lap,0.0,none,,[],Tại sao công ty bảo hiểm dựa vào bản tự khai của khách hàng?,Comment giải thích rằng công ty bảo hiểm phải dựa vào bản tự khai của khách hàng vì chi phí và quyền hạn điều tra.,False,False,2026-09-08T18:08:32.702342
1750713109469346,y_kien_trung_lap,trung_lap,0.3,none,,[],Các trường hợp xử lý bệnh lý khi kê khai bổ sung bảo hiểm,Comment khuyên người dùng kê khai bổ sung thông tin bệnh lý theo VssID và giải thích các khả năng công ty bảo hiểm sẽ xử lý.,False,False,2026-09-08T18:08:32.702342
1750714992802491,y_kien_trung_lap,trung_lap,0.1,none,,[],Những hạn chế của VssID trong việc ghi nhận mã bệnh,Comment thông báo rằng VssID không phải lúc nào cũng chính xác về mã bệnh và đề nghị trao đổi riêng.,True,False,2026-09-08T18:08:32.702342
1750715306135793,phan_van,trung_lap,0.0,none,,[],Hướng dẫn chi tiết cách kiểm tra lịch sử khám bệnh trên VssID,Người dùng hỏi cách kiểm tra VssID và bày tỏ khó khăn trong việc nhớ lịch sử khám bệnh để kê khai bảo hiểm.,False,False,2026-09-08T18:08:32.702342
1750725112801479,san_pham_giai_phap,tieu_cuc,-0.7,low,,"[""dieu khoan loai tru vo ly"", ""pham vi bao hiem khong ro""]",Giải thích các điều khoản loại trừ bệnh thông thường trong bảo hiểm,Người dùng cho rằng việc loại trừ bệnh viêm họng là vô lý vì bệnh này phổ biến và thường không được chi trả khi nằm viện.,False,False,2026-09-08T18:08:32.702342
1750732219467435,y_kien_trung_lap,trung_lap,0.2,none,,[],Cách tra cứu lịch sử khám chữa bệnh trên VssID và những hạn chế,Comment hướng dẫn cách xem sổ khám chữa bệnh trên VssID nhưng lưu ý chỉ hiển thị dữ liệu khám BHYT.,False,False,2026-09-08T18:08:32.702342
1750734872800503,phan_van,trung_lap,-0.1,none,,[],Khắc phục lỗi hiển thị thông tin trên VssID khi tra cứu lịch sử bệnh án,"Người dùng gặp vấn đề khi kiểm tra VssID, thông tin hiển thị không cụ thể như người khác.",False,False,2026-09-08T18:08:32.702342
1750745672799423,y_kien_trung_lap,trung_lap,0.0,none,,[],,Comment chỉ ra các bệnh lý tăng huyết áp và viêm gan virus được ghi nhận trên trang tài liệu.,False,False,2026-09-08T18:08:32.702342
1750746912799299,chinh_sach_quy_trinh_boi_thuong,tieu_cuc,-0.8,low,Phàn nàn cá nhân về việc hủy hợp đồng và cáo buộc gian dối.,"[""huy hop dong"", ""cao buoc gian doi"", ""tu van khong ro rang""]",Hướng dẫn khai báo y tế trung thực khi mua bảo hiểm; Quy trình xử lý khi bị hủy hợp đồng bảo hiểm.,"Người dùng bị hủy hợp đồng bảo hiểm sau nhiều năm đóng vì bị cáo buộc gian dối về lịch sử khám BHYT, cho rằng tư vấn không rõ ràng.",False,False,2026-09-08T18:08:33.184939
1750750396132284,y_kien_trung_lap,trung_lap,0.0,none,,[],Giải thích các lỗi thường gặp trên ứng dụng bảo hiểm và cách khắc phục.,"Người dùng chia sẻ trải nghiệm tương tự về việc không hiển thị thông tin trên ứng dụng, nghe nói do đổi hệ thống phần mềm.",False,False,2026-09-08T18:08:33.184939
1750750572798933,y_kien_trung_lap,tich_cuc,0.5,none,,[],Hướng dẫn chi tiết cách tra cứu thông tin trên ứng dụng bảo hiểm.,Người dùng hướng dẫn cách bấm vào biểu tượng mắt để xem thông tin các loại thuốc được kê.,False,False,2026-09-08T18:08:33.184939
1750751192798871,y_kien_trung_lap,trung_lap,0.0,none,,[],,"Người dùng hỏi làm rõ tình huống của người khác, liệu có phải thẩm định lại hợp đồng hay bị từ chối quyền lợi.",False,False,2026-09-08T18:08:33.184939
1750766429464014,y_kien_trung_lap,trung_lap,0.1,none,,"[""ung dung lag""]",Các lỗi thường gặp trên VssID và cách khắc phục.,"Người dùng hướng dẫn xem chi tiết trên ứng dụng và lưu ý VssID hay bị lag, nên kiểm tra nhiều lần.",False,False,2026-09-08T18:08:33.184939
1750770689463588,chinh_sach_quy_trinh_boi_thuong,tieu_cuc,-0.7,low,Phàn nàn cá nhân về việc chấm dứt hợp đồng sau thẩm định.,"[""cham dut hop dong""]",Quy trình và quyền lợi khi hợp đồng bảo hiểm bị chấm dứt.,Người dùng cho biết hợp đồng bảo hiểm của mình đã bị chấm dứt sau khi làm hồ sơ thẩm định lại.,False,False,2026-09-08T18:08:33.184939
1750772052796785,y_kien_trung_lap,tich_cuc,0.4,none,,[],Hướng dẫn tra cứu thông tin khám chữa bệnh trên VNEID.,Người dùng thông báo có thể tìm thấy thông tin sổ khám chữa bệnh trên ứng dụng VNEID.,False,False,2026-09-08T18:08:33.184939
1750778106129513,phan_van,trung_lap,-0.2,none,,"[""quy trinh tham dinh""]",Quy trình thẩm định sức khỏe trước khi ký hợp đồng bảo hiểm.,Người dùng thắc mắc tại sao bảo hiểm không điều tra bệnh trước khi ký mà lại hủy hợp đồng sau nhiều năm đóng.,False,False,2026-09-08T18:08:33.184939
1750792386128085,spam,trung_lap,0.0,none,,[],,Comment chỉ chứa tên người dùng.,False,False,2026-09-08T18:08:33.184939
1750797432794247,y_kien_trung_lap,trung_lap,-0.1,none,,[],,"Người dùng đồng tình với ý kiến trước đó, cho rằng đây là một vấn đề đáng nói.",False,False,2026-09-08T18:08:33.184939
1750801016127222,y_kien_trung_lap,tich_cuc,0.3,none,,[],Hướng dẫn khai báo lịch sử bệnh để thẩm định lại hợp đồng bảo hiểm.,Người dùng khuyên nên báo lại lịch sử bệnh của mẹ để công ty bảo hiểm thẩm định lại.,False,False,2026-09-08T18:08:33.184939
1750801972793793,y_kien_trung_lap,trung_lap,0.0,none,,[],,Người dùng bày tỏ có cùng câu hỏi với người khác.,False,False,2026-09-08T18:08:33.184939
1750802092793781,bao_hiem_chung,tieu_cuc,-0.6,low,Chỉ trích chung về trách nhiệm của ngành bảo hiểm.,"[""trach nhiem cong ty bao hiem"", ""quy trinh tham dinh""]",Trách nhiệm của công ty bảo hiểm trong việc thẩm định hồ sơ khách hàng.,Người dùng cho rằng vô lý khi công ty bảo hiểm không điều tra bệnh sử khách hàng mà lại hủy hợp đồng.,False,False,2026-09-08T18:08:33.184939
1750803119460345,spam,trung_lap,0.0,none,,[],,"Người dùng mời inbox để hỗ trợ kê khai bổ sung, đảm bảo quyền lợi, có hashtag.",True,False,2026-09-08T18:08:33.184939
1750803262793664,y_kien_trung_lap,tich_cuc,0.4,none,,[],Kinh nghiệm khai báo sức khỏe khi mua bảo hiểm.,"Người dùng khuyên nên khai báo sức khỏe, kể cả không nhớ rõ, để công ty bảo hiểm thẩm định.",False,False,2026-09-08T18:08:33.184939
1750803856126938,y_kien_trung_lap,trung_lap,0.2,none,,[],Quyền và nghĩa vụ của khách hàng khi tham gia bảo hiểm: Khai báo trung thực và bảo mật thông tin.,Người dùng giải thích khách hàng phải khai trung thực và công ty bảo hiểm không thể tự ý điều tra thông tin bảo mật.,False,False,2026-09-08T18:08:33.184939
1750804429460214,y_kien_trung_lap,trung_lap,-0.1,none,,"[""khai bao y te""]",Những rủi ro khi không kê khai đầy đủ thông tin sức khỏe khi mua bảo hiểm.,Người dùng nhận thấy nhiều trường hợp bị ảnh hưởng do ký hợp đồng mà không kê khai đầy đủ thông tin.,False,False,2026-09-08T18:08:33.184939
1750806856126638,y_kien_trung_lap,trung_lap,-0.2,none,,"[""khai bao y te""]",Hậu quả của việc khai sai thông tin khi mua bảo hiểm.,Người dùng cho rằng nếu khai sai thông tin trên tờ khai khi mua bảo hiểm thì phải chịu trách nhiệm.,False,False,2026-09-08T18:08:33.184939
1750820746125249,check_chi_phi,trung_lap,0.0,none,,[],Quyền lợi hoàn phí khi hợp đồng bảo hiểm bị hủy.,Người dùng hỏi liệu có lấy lại được tiền đã đóng khi hợp đồng bảo hiểm bị hủy hay không.,False,False,2026-09-08T18:08:33.184939
1750821182791872,y_kien_trung_lap,trung_lap,0.0,none,,[],Sự khác biệt giữa khám BHYT và khám dịch vụ trên VssID.,Người dùng hỏi về việc sử dụng BHYT để khám và chia sẻ rằng khám dịch vụ không được ghi nhận trên VssID.,False,False,2026-09-08T18:08:33.184939
1750822676125056,y_kien_trung_lap,trung_lap,0.0,none,,[],quy trinh hoan phi bao hiem suc khoe,Người dùng chia sẻ kinh nghiệm về việc công ty bảo hiểm Gen trừ các lần sử dụng bảo hiểm sức khỏe trước đó và hoàn lại số tiền còn lại.,False,False,2026-09-08T18:08:57.259943
1750823666124957,bao_hiem_chung,tieu_cuc,-0.7,low,Phê phán quy trình điều tra không minh bạch.,"[""quy trinh dieu tra khong minh bach"", ""mau thuan trong quy trinh""]",giai thich quy trinh tham dinh va chi tra bao hiem,"Người dùng chỉ trích sự mâu thuẫn trong quy trình của bảo hiểm, cho rằng công ty không điều tra kỹ lúc mua nhưng điều tra gắt gao lúc chi trả.",False,False,2026-09-08T18:08:57.259943
1750824079458249,spam,trung_lap,0.0,none,,[],,"Người dùng mời inbox để được hỗ trợ kê khai bổ sung miễn phí, với mong muốn khách hàng giữ được hợp đồng và quyền lợi.",True,False,2026-09-08T18:08:57.259943
1750827312791259,dich_vu_tu_van,trung_lap,0.0,none,,[],vai tro cua tu van vien bao hiem,Người dùng cho rằng tư vấn viên có trách nhiệm phải hỗ trợ khách hàng.,False,False,2026-09-08T18:08:57.259943
1750835749457082,y_kien_trung_lap,trung_lap,0.0,none,,[],huong dan ke khai trung thuc khi mua bao hiem,Người dùng giải thích nguyên tắc kê khai trung thực trong bảo hiểm nhân thọ và vấn đề khi mua qua ngân hàng.,False,False,2026-09-08T18:08:57.259943
1750842966123027,y_kien_trung_lap,trung_lap,0.0,none,,[],quy trinh hoan phi bao hiem suc khoe,Người dùng giải thích rằng số tiền đã sử dụng bảo hiểm sức khỏe sẽ bị trừ đi và hoàn lại số tiền đã đóng còn lại.,False,False,2026-09-08T18:08:57.259943
1750843456122978,y_kien_trung_lap,trung_lap,0.0,none,,[],trach nhiem ke khai thong tin cua khach hang,"Người dùng cho rằng VSSID mới cập nhật không phải ai cũng có, nên không thể bắt tư vấn viên kiểm tra, và người mua phải khai báo trung thực.",False,False,2026-09-08T18:08:57.259943
1750843536122970,dich_vu_tu_van,tieu_cuc,-0.8,low,"Hợp đồng bị vô hiệu hóa do thiếu kê khai thông tin nhỏ, tư vấn viên thiếu trách nhiệm.","[""hop dong bi vo hieu"", ""tu van vien thieu trach nhiem""]",hau qua cua viec ke khai thieu trung thuc,"Người dùng chia sẻ trải nghiệm tiêu cực khi hợp đồng bảo hiểm bị vô hiệu hóa do không kê khai những lần khám bệnh nhỏ không nhớ, và chỉ trích tư vấn viên.",False,False,2026-09-08T18:08:57.259943
1750847012789289,y_kien_trung_lap,trung_lap,0.0,none,,[],nguyen tac trung thuc tuyet doi trong bao hiem,Người dùng giải thích về nguyên tắc trung thực tuyệt đối trong bảo hiểm nhân thọ và quyền riêng tư hồ sơ y tế của khách hàng.,False,False,2026-09-08T18:08:57.259943
1750849549455702,chinh_sach_quy_trinh_boi_thuong,tieu_cuc,-0.5,low,Gợi ý cần can thiệp pháp lý để giải quyết vấn đề với công ty bảo hiểm.,"[""quy trinh boi thuong kho khan"", ""khong ho tro tu nguyen""]",quy trinh khieu nai bao hiem,"Người dùng khuyên nên 'làm căng' và có thể cần đến luật sư để được hoàn phí bảo hiểm, dẫn chứng trường hợp bạn bè đã thành công.",False,False,2026-09-08T18:08:57.259943
1750850289455628,dich_vu_tu_van,tieu_cuc,-0.8,low,Đánh giá hành vi chấm dứt hợp đồng là 'lừa đảo' khi TVV thiếu trách nhiệm.,"[""tu van vien thieu trach nhiem"", ""cham dut hop dong vo ly"", ""lua dao""]",trach nhiem cua tu van vien truoc khi ky hop dong,"Người dùng phân tích các trường hợp liên quan đến trách nhiệm của tư vấn viên và việc kê khai bệnh lý, kết luận việc chấm dứt hợp đồng là vô lý và lừa đảo.",False,False,2026-09-08T18:08:57.259943
1750850729455584,y_kien_trung_lap,trung_lap,0.0,none,,[],huong dan kiem tra ma benh va ke khai bo sung,Người dùng khuyên nên kiểm tra lại mã bệnh và kê khai bổ sung sớm nhất có thể để tái thẩm định.,False,False,2026-09-08T18:08:57.259943
1750851026122221,y_kien_trung_lap,trung_lap,0.0,none,,[],quy trinh ke khai bo sung thong tin suc khoe,"Người dùng khuyên nên làm tờ khai sức khỏe, bổ sung thông tin cho mẹ và gửi công ty bảo hiểm thẩm định lại.",False,False,2026-09-08T18:08:57.259943
1750851856122138,bao_hiem_chung,tieu_cuc,-0.8,low,"Chỉ trích quảng cáo thiếu minh bạch, tư vấn sai lệch và vấn đề bancassurance.","[""quang cao thieu minh bach"", ""tu van sai thong tin"", ""phi bao hiem tang"", ""bao hiem ngan hang""]",minh bach thong tin phi bao hiem,"Người dùng đề xuất nhà nước yêu cầu bảo hiểm khám tổng quát trước khi ký hợp đồng, chỉ trích việc quảng cáo né tránh phí tăng và tư vấn sai lệch.",False,False,2026-09-08T18:08:57.259943
1750859492788041,bao_hiem_chung,tieu_cuc,-0.3,none,,[],trach nhiem cua khach hang trong ke khai bao hiem,"Người dùng phản bác ý kiến khám tổng quát, cho rằng khách hàng thường không khai trung thực và nhiều người trục lợi bảo hiểm.",False,False,2026-09-08T18:08:57.259943
1750863166121007,y_kien_trung_lap,trung_lap,0.0,none,,[],,Người dùng đưa ra một nhận định không chắc chắn.,False,False,2026-09-08T18:08:57.259943
1750864222787568,bao_hiem_chung,tieu_cuc,-0.7,low,"Chỉ trích hợp đồng khó hiểu, tư vấn viên kém chất lượng và khách hàng chịu thiệt.","[""hop dong kho hieu"", ""tu van vien kem chat luong"", ""khach hang thiet thoi""]",lam the nao de hieu ro hop dong bao hiem,"Người dùng đề xuất giải pháp kiểm tra sức khỏe trước khi ký hợp đồng, đồng thời chỉ trích việc bảo hiểm thu tiền nhưng gây khó khăn cho khách hàng.",False,False,2026-09-08T18:08:57.259943
1750875342786456,y_kien_trung_lap,trung_lap,0.0,none,,[],quy trinh tai tham dinh bao hiem,"Người dùng khuyên nên liên hệ sớm với bảo hiểm để khám lại và thẩm định, từ đó quyết định lại mức phí và các điều khoản loại trừ.",False,False,2026-09-08T18:08:57.259943
1750876769452980,chinh_sach_quy_trinh_boi_thuong,tieu_cuc,-0.6,low,Thắc mắc về thời điểm kiểm tra hồ sơ bệnh án và sự không công bằng trong đánh giá.,"[""quy trinh tham dinh cham"", ""kiem tra ho so khong hop ly"", ""danh gia benh ly khong cong bang""]",thoi diem kiem tra ho so y te trong bao hiem,Người dùng đặt câu hỏi về việc bảo hiểm kiểm tra hồ sơ khám bệnh quá muộn (năm 2023 cho lịch sử từ 2017) và sự không công bằng trong việc đánh giá nguy cơ bệnh lý.,False,False,2026-09-08T18:08:57.259943
1750878506119473,dich_vu_tu_van,tieu_cuc,-0.5,none,,"[""tu van vien thieu chuyen nghiep"", ""bao hiem ngan hang""]",chat luong tu van bao hiem qua ngan hang,Người dùng đặt câu hỏi về việc liệu tư vấn viên ngân hàng có tư vấn kỹ lưỡng hay không khi yêu cầu khách hàng khai báo trung thực.,False,False,2026-09-08T18:08:57.259943
1750878652786125,y_kien_trung_lap,trung_lap,0.2,none,,[],Hướng dẫn chi tiết về nghĩa vụ kê khai trung thực trong bảo hiểm và các điều khoản pháp lý liên quan,"Comment giải thích về nghĩa vụ kê khai trung thực của khách hàng và tư vấn viên, nhấn mạnh tầm quan trọng của việc hiểu rõ hợp đồng và tuân thủ luật kinh doanh bảo hiểm.",False,False,2026-09-08T18:09:10.608068
1750886202785370,spam,trung_lap,0.29,none,,[],,"Một người tự nhận là tư vấn viên khẳng định Prudential làm tốt việc chi trả, nhân văn hơn các công ty khác.",True,True,2026-09-08T18:09:10.608068
1750886266118697,phan_van,trung_lap,0.0,none,,[],Hướng dẫn cách tra cứu thông tin bệnh án để kê khai bảo hiểm chính xác,Người dùng thắc mắc cách lấy thông tin về bệnh đã khám tự nguyện khi không nhớ rõ để kê khai bảo hiểm.,False,False,2026-09-08T18:09:10.608068
1750892466118077,bao_hiem_chung,tieu_cuc,-0.6,low,Người dùng cho rằng công ty bảo hiểm trục lợi bằng cách từ chối chi trả sau khi đã thu tiền.,"[""tu choi boi thuong"", ""trục lợi bảo hiểm""]",Quyền và nghĩa vụ của khách hàng khi kê khai bệnh sử và quy trình giải quyết tranh chấp bảo hiểm,"Comment chỉ trích việc công ty bảo hiểm có thể không kiểm tra bệnh sử ban đầu nhưng sau đó từ chối chi trả, cho rằng đây là hành vi trục lợi và người mua có thể kiện ra tòa.",False,False,2026-09-08T18:09:10.608068
1750893772784613,bao_hiem_chung,tieu_cuc,-0.7,low,Người dùng cho rằng công ty bảo hiểm cố tình bỏ qua thông tin để bán được hợp đồng.,"[""khong minh bach dieu khoan"", ""tu van sai thong tin""]",Tầm quan trọng của sự minh bạch trong tư vấn và kê khai bảo hiểm,"Comment chỉ trích các công ty bảo hiểm biết nhưng không từ chối ngay từ đầu để đảm bảo doanh số, ngụ ý thiếu minh bạch.",False,False,2026-09-08T18:09:10.608068
1750897462784244,bao_hiem_chung,tieu_cuc,-0.7,low,Người dùng cáo buộc công ty bảo hiểm trục lợi.,"[""trục lợi bảo hiểm"", ""khong minh bach dieu khoan""]",Quyền và nghĩa vụ của công ty bảo hiểm trong việc kiểm tra thông tin kê khai,Comment cho rằng việc công ty bảo hiểm biết khách hàng khai gian nhưng vẫn duy trì hợp đồng là hành vi trục lợi.,False,False,2026-09-08T18:09:10.608068
1750897716117552,phan_van,trung_lap,0.0,none,,[],Hướng dẫn kê khai bệnh án khi có sự thay đổi chẩn đoán hoặc thông tin không rõ ràng,Người dùng không hiểu rõ về việc kê khai bệnh án khi có sự khác biệt giữa các lần chẩn đoán.,False,False,2026-09-08T18:09:10.608068
1750901049450552,y_kien_trung_lap,trung_lap,0.1,none,,[],Kinh nghiệm và lời khuyên khi chứng minh tình trạng sức khỏe để được chi trả bảo hiểm,Comment chia sẻ rằng việc chi trả bảo hiểm tùy thuộc vào trường hợp cụ thể và khuyên nên ghi đơn tường trình theo hướng có lợi cho khách hàng.,False,False,2026-09-08T18:09:10.608068
1750901436117180,dich_vu_tu_van,tieu_cuc,-0.8,low,Người dùng chỉ trích đạo đức của người bán bảo hiểm.,"[""tu van thieu dao duc""]",Tiêu chí lựa chọn tư vấn viên bảo hiểm có tâm và chuyên nghiệp,Comment khẳng định lỗi là do người bán bảo hiểm không có tâm.,False,False,2026-09-08T18:09:10.608068
1750906809449976,phan_van,trung_lap,0.0,none,,[],Hướng dẫn chi tiết về những thông tin cần kê khai khi mua bảo hiểm,Người dùng hỏi liệu có phải kê khai tất cả các lần đi khám bệnh khi mua bảo hiểm hay không.,False,False,2026-09-08T18:09:10.608068
1750907612783229,y_kien_trung_lap,trung_lap,0.0,none,,[],,Comment đặt câu hỏi ngắn gọn về mốc thời gian 'tháng 7-2027'.,False,False,2026-09-08T18:09:10.608068
1750907916116532,phan_van,trung_lap,0.0,none,,[],Chính sách hoàn phí và chấm dứt hợp đồng bảo hiểm: Những điều cần biết,Người dùng hỏi liệu công ty bảo hiểm có hoàn lại tiền đã đóng khi chấm dứt hợp đồng hay không.,False,False,2026-09-08T18:09:10.608068
1750917749448882,khen,tich_cuc,0.9,none,,[],Câu chuyện khách hàng: Trải nghiệm chi trả nhanh chóng của Manulife,"Người dùng chia sẻ trải nghiệm tích cực với Manulife, cho biết việc kê khai đơn giản và quá trình chi trả cho bệnh hiểm nghèo của chồng diễn ra rất nhanh chóng.",False,False,2026-09-08T18:09:10.608068
1750919416115382,y_kien_trung_lap,trung_lap,0.0,none,,[],,Người dùng hỏi địa chỉ của trạm y tế xã Bình Tân.,False,False,2026-09-08T18:09:10.608068
1750921259448531,bao_hiem_chung,tieu_cuc,-0.9,medium,Người dùng cáo buộc ngân hàng và công ty bảo hiểm lừa đảo khách hàng thông qua bancassurance.,"[""lua dao bao hiem"", ""ep mua bao hiem""]",Hiểu rõ quyền lợi và rủi ro khi mua bảo hiểm qua ngân hàng,"Comment chỉ trích việc ngân hàng kết hợp công ty bảo hiểm ép mua bảo hiểm nhân thọ rồi 'xù', cho rằng đây là cách làm giàu dễ dàng.",False,False,2026-09-08T18:09:10.608068
1750921356115188,spam,trung_lap,0.0,none,,[],,Một tư vấn viên Manulife tự giới thiệu và mời khách hàng inbox để được hướng dẫn kê khai bổ sung và hỗ trợ chăm sóc.,True,True,2026-09-08T18:09:10.608068
1750922962781694,san_pham_giai_phap,tieu_cuc,-0.6,low,Người dùng thấy yêu cầu kê khai bệnh án quá chi tiết và không hợp lý.,"[""quy trinh ke khai phuc tap"", ""dieu khoan loai tru mo ho""]",Giải thích chi tiết về phạm vi và mức độ cần kê khai bệnh sử khi mua bảo hiểm,"Người dùng bày tỏ sự khó khăn trong việc nhớ và kê khai tất cả các bệnh nhỏ, cho rằng chỉ những bệnh nặng mới cần kê khai.",False,False,2026-09-08T18:09:10.608068
1750932022780788,muon_tu_van,tich_cuc,0.7,none,,[],Các gói bảo hiểm nhân thọ tập trung quyền lợi ung thư và bệnh hiểm nghèo,"Người dùng cần tư vấn để mua bảo hiểm nhân thọ, đặc biệt quan tâm đến quyền lợi bệnh ung thư và bệnh hiểm nghèo.",False,False,2026-09-08T18:09:10.608068
1750944199446237,y_kien_trung_lap,trung_lap,0.0,none,,[],,Comment giới thiệu một người khác để tham khảo.,False,False,2026-09-08T18:09:10.608068
1750946306112693,dich_vu_tu_van,tieu_cuc,-0.8,low,Người dùng chỉ trích tư vấn viên cố tình tư vấn sai để bán được hợp đồng.,"[""tu van sai thong tin"", ""khong minh bach dieu khoan""]",Hậu quả của việc kê khai không trung thực và trách nhiệm của tư vấn viên,"Comment chỉ trích việc nhân viên bảo hiểm tư vấn sai về việc kê khai bệnh để bán được hợp đồng, khiến người mua chịu thiệt thòi khi có vấn đề.",False,False,2026-09-08T18:09:10.608068
1750949132779077,y_kien_trung_lap,trung_lap,0.0,none,,[],Hướng dẫn tra cứu lịch sử khám chữa bệnh trên VssID và VNeID,Comment hướng dẫn cách tra cứu lịch sử khám chữa bệnh trên VssID hoặc VNeID.,False,False,2026-09-08T18:09:14.636451
1750951562778834,y_kien_trung_lap,trung_lap,0.0,none,,[],Phạm vi thông tin hiển thị trên ứng dụng bảo hiểm y tế,"Comment chia sẻ rằng ứng dụng chỉ có thông tin khám bệnh dùng BHYT, không có thông tin khác.",False,False,2026-09-08T18:09:14.636451
1750957982778192,khen,tich_cuc,0.8,none,,[],Những trường hợp chi trả bảo hiểm thuận lợi,Comment chia sẻ trải nghiệm tích cực về việc được bảo hiểm chi trả mà không gặp khó khăn.,False,False,2026-09-08T18:09:14.636451
1750965839444073,y_kien_trung_lap,trung_lap,0.2,none,,[],Kinh nghiệm chọn mua bảo hiểm và kiểm tra điều khoản,"Comment khuyên chọn đại lý uy tín, không mua kèm ngân hàng và tham khảo hồ sơ, điều khoản qua ChatGPT.",False,False,2026-09-08T18:09:14.636451
1750967662777224,y_kien_trung_lap,trung_lap,0.0,none,,[],,Comment xác nhận thông tin đã được đề cập trước đó.,False,False,2026-09-08T18:09:14.636451
1750988489441808,dich_vu_tu_van,tieu_cuc,-0.8,low,Phàn nàn về tư vấn sai và lật kèo khi chi trả.,"[""tu van sai thong tin"", ""quy trinh boi thuong kho khan""]",Minh bạch thông tin tư vấn và quy trình chi trả bảo hiểm,"Comment đồng tình với việc nhân viên tư vấn sai thông tin để dễ bán, nhưng khi chi trả lại gây khó khăn.",False,False,2026-09-08T18:09:14.636451
1750990609441596,spam,trung_lap,0.0,none,,[],,Comment của đại lý giới thiệu sản phẩm bảo hiểm bệnh hiểm nghèo và mời inbox tư vấn.,True,False,2026-09-08T18:09:14.636451
1750996362774354,y_kien_trung_lap,trung_lap,0.0,none,,[],So sánh các gói bảo hiểm của Bảo Việt,Comment gợi ý tên công ty Bảo Việt.,False,False,2026-09-08T18:09:14.636451
1751014042772586,bao_hiem_chung,tieu_cuc,-0.7,low,Khách hàng thiệt thòi do kê khai hồ sơ y tế không đầy đủ khi mua bảo hiểm qua ngân hàng.,"[""ke khai thieu thong tin"", ""bao hiem ngan hang""]",Rủi ro khi mua bảo hiểm qua ngân hàng và tầm quan trọng của kê khai y tế,"Comment chỉ ra rằng mua bảo hiểm qua ngân hàng thường không được kê khai hồ sơ y tế đầy đủ, gây thiệt thòi cho khách hàng.",False,False,2026-09-08T18:09:14.636451
1751016639438993,check_chi_phi,trung_lap,0.0,none,,[],Giải đáp thắc mắc về thời gian đóng phí bảo hiểm,Comment đặt câu hỏi về việc thu phí bảo hiểm trong nhiều năm có sai không.,False,False,2026-09-08T18:09:14.636451
1751030569437600,spam,trung_lap,0.0,none,,[],,Comment tục tĩu và vô nghĩa.,False,False,2026-09-08T18:09:14.636451
1751044306102893,spam,trung_lap,0.0,none,,[],,Comment lăng mạ và xúc phạm người khác.,False,False,2026-09-08T18:09:14.636451
1751044722769518,phan_van,trung_lap,0.0,none,,[],Các ứng dụng tra cứu thông tin bảo hiểm phổ biến,Comment hỏi về ứng dụng để xem thông tin.,False,False,2026-09-08T18:09:14.636451
1751052806102043,y_kien_trung_lap,trung_lap,0.0,none,,[],Hướng dẫn sử dụng ứng dụng VssID,Comment cung cấp tên ứng dụng VssID của bảo hiểm xã hội.,False,False,2026-09-08T18:09:14.636451
1751103906096933,spam,trung_lap,0.0,none,,[],,Comment của đại lý giới thiệu sản phẩm của Dai-ichi Life.,True,False,2026-09-08T18:09:14.636451
1751120089428648,spam,trung_lap,0.0,none,,[],,Comment của đại lý giới thiệu các gói bảo hiểm bệnh lý nghiêm trọng của Bảo Việt và mời inbox tư vấn.,True,False,2026-09-08T18:09:14.636451
1751129842761006,y_kien_trung_lap,trung_lap,0.0,none,,[],Tầm quan trọng của việc hỏi người tư vấn bảo hiểm,Comment gợi ý nên hỏi người tư vấn.,False,False,2026-09-08T18:09:14.636451
1751160709424586,bao_hiem_chung,tieu_cuc,-0.9,low,Chỉ trích mạnh mẽ môi giới/ngân hàng là lừa đảo.,"[""bao hiem ngan hang"", ""lua dao""]",Cảnh báo rủi ro khi mua bảo hiểm qua môi giới/ngân hàng,"Comment chỉ trích gay gắt việc mua bảo hiểm qua môi giới/ngân hàng là ngu ngốc và lừa đảo, khuyên chọn chỗ uy tín.",False,False,2026-09-08T18:09:14.636451
1751177816089542,chinh_sach_quy_trinh_boi_thuong,tieu_cuc,-0.8,low,Trải nghiệm tiêu cực với bảo hiểm ngân hàng và quy trình bồi thường gây khó dễ.,"[""bao hiem ngan hang"", ""quy trinh boi thuong kho khan"", ""ho so ke khai""]",Những lưu ý khi mua bảo hiểm qua ngân hàng và quy trình yêu cầu bồi thường,"Comment chia sẻ kinh nghiệm không nên mua bảo hiểm qua ngân hàng vì quy trình bồi thường thường gây khó dễ, dù đã kê khai đầy đủ.",False,False,2026-09-08T18:09:14.636451
1751186459422011,bao_hiem_chung,tieu_cuc,-0.7,low,"Hệ thống BHYT kê khai bệnh không chính xác, gây hại cho người dùng về lâu dài.","[""ke khai benh sai"", ""thong tin vssid sai"", ""rui ro bi loai tru""]",Cảnh báo về rủi ro kê khai bệnh không chính xác trên BHYT và ảnh hưởng đến bảo hiểm nhân thọ,"Comment của một đại lý bảo hiểm nhân thọ, chia sẻ trải nghiệm cá nhân và khách hàng về việc BHYT kê khai bệnh không chính xác trên VssID, gây rủi ro bị loại trừ sau này.",True,False,2026-09-08T18:09:14.636451
1751195402754450,khen,tich_cuc,0.7,none,,[],Gói bảo hiểm bệnh lý nghiêm trọng phí rẻ của BVNT,Người dùng khen gói bảo hiểm bệnh lý nghiêm trọng của BVNT có phí rẻ.,False,False,2026-09-08T18:09:35.149261
1751202192753771,phan_van,trung_lap,0.1,none,,[],Hướng dẫn kiểm tra thông tin kê khai y tế và quyền lợi chi trả,"Người dùng hỏi cách kiểm tra hợp đồng bảo hiểm để biết quyền lợi chi trả, do không nhớ việc kê khai y tế.",False,False,2026-09-08T18:09:35.149261
1751207199419937,y_kien_trung_lap,trung_lap,0.0,none,,[],Điều kiện tham gia bảo hiểm khi đã mắc bệnh hiểm nghèo,Người dùng hỏi liệu có thể mua bảo hiểm khi đã mắc bệnh ung thư.,False,False,2026-09-08T18:09:35.149261
1751237322750258,bao_hiem_chung,tieu_cuc,-0.8,low,Cáo buộc công ty bảo hiểm hủy hợp đồng và chiếm đoạt tiền của người bệnh.,"[""huy hop dong"", ""khong chi tra""]",Quy trình thẩm định hồ sơ bảo hiểm và quyền lợi khi hợp đồng bị hủy,"Người dùng chỉ trích bảo hiểm nhân thọ thiếu minh bạch, bán rồi hủy hợp đồng khi có sự cố, gây thiệt hại.",False,False,2026-09-08T18:09:35.149261
1751242016083122,phan_van,trung_lap,-0.2,none,,[],Phân tích lợi ích và rủi ro khi rút tiền bảo hiểm sớm,Người dùng mới mua bảo hiểm và đang lăn tăn về việc rút tiền sớm có thể bị lỗ.,False,False,2026-09-08T18:09:35.149261
1751242532749737,muon_tu_van,tich_cuc,0.6,none,,[],Các gói bảo hiểm sức khỏe cho gia đình,Người dùng cần tư vấn gói bảo hiểm sức khỏe kèm một người được bảo vệ và để lại số điện thoại.,False,False,2026-09-08T18:09:35.149261
1751245562749434,phan_van,trung_lap,-0.1,none,,[],Giải đáp những lo ngại thường gặp về hợp đồng bảo hiểm,Người dùng đang duy trì hợp đồng Manulife nhưng cảm thấy lo lắng sau khi nghe câu chuyện của người khác.,False,False,2026-09-08T18:09:35.149261
1751393312734659,dich_vu_tu_van,tieu_cuc,-0.7,low,"Nhân viên tư vấn yêu cầu khách hàng không kê khai bệnh sử, tiềm ẩn rủi ro không được chi trả.","[""tu van sai thong tin"", ""khong chi tra""]",Hậu quả của việc kê khai y tế không trung thực và trách nhiệm của tư vấn viên,Người dùng lo lắng về khả năng không được chi trả vì nhân viên tư vấn đã yêu cầu không kê khai bệnh sử.,False,False,2026-09-08T18:09:35.149261
1751394102734580,dich_vu_tu_van,tieu_cuc,-0.8,low,"Tư vấn viên tư vấn hời hợt, không trung thực vì lợi ích cá nhân, gây hại cho khách hàng.","[""tu van thieu trach nhiem"", ""tu van sai thong tin""]",Tiêu chí lựa chọn tư vấn viên bảo hiểm uy tín và có tâm,"Người dùng chỉ trích tư vấn viên bảo hiểm tư vấn hời hợt, chỉ vì chạy chỉ tiêu và hoa hồng.",False,False,2026-09-08T18:09:35.149261
1751423499398307,chinh_sach_quy_trinh_boi_thuong,tieu_cuc,-0.9,low,"Công ty bảo hiểm loại trừ chi trả dựa trên lịch sử VSSID, ngay cả với các ghi nhận y tế không nghiêm trọng.","[""tu choi boi thuong"", ""dieu khoan loai tru mo ho""]",Quy định về loại trừ chi trả dựa trên lịch sử y tế và VSSID,"Người dùng bức xúc vì công ty bảo hiểm dựa vào lịch sử VSSID để loại trừ chi trả, ngay cả với ghi nhận 'rối loạn chức năng gan'.",False,False,2026-09-08T18:09:35.149261
1751467096060614,y_kien_trung_lap,trung_lap,0.2,none,,[],Vai trò của tư vấn viên có tâm trong việc lựa chọn bảo hiểm phù hợp,Người dùng nhấn mạnh tầm quan trọng của tư vấn viên có tâm khi khách hàng có tiền sử bệnh lý.,False,False,2026-09-08T18:09:35.149261
1751473899393267,spam,trung_lap,0.0,none,,[],,Một tư vấn viên chào bán các gói bảo hiểm và mời liên hệ qua Zalo.,True,False,2026-09-08T18:09:35.149261
1751479656059358,y_kien_trung_lap,trung_lap,0.1,none,,[],Quy trình khám sàng lọc y tế khi tham gia bảo hiểm và các điều khoản loại trừ,Người dùng chia sẻ kinh nghiệm về việc Dai-ichi yêu cầu khám sàng lọc ban đầu để loại trừ bệnh lý.,False,False,2026-09-08T18:09:35.149261
1751502332723757,y_kien_trung_lap,trung_lap,0.0,none,,[],,Người dùng xác nhận rằng việc kê khai đầy đủ thông tin là bắt buộc.,False,False,2026-09-08T18:09:35.149261
1751505249390132,khen,tich_cuc,0.8,none,,[],Lợi ích của việc kê khai y tế rõ ràng khi tham gia bảo hiểm,Người dùng khen ngợi bảo hiểm làm đúng quy định và hài lòng với gói bảo hiểm của Dai-ichi.,False,False,2026-09-08T18:09:35.149261
1751509712723019,spam,trung_lap,0.0,none,,[],,Một tư vấn viên mời inbox để hỗ trợ kê khai bổ sung thông tin.,True,False,2026-09-08T18:09:35.149261
1751516509389006,y_kien_trung_lap,trung_lap,0.1,none,,[],Những bệnh lý nào cần kê khai khi tham gia bảo hiểm,Người dùng giải thích rằng việc kê khai y tế phụ thuộc vào loại bệnh và danh mục cần kê khai.,True,False,2026-09-08T18:09:35.149261
1751517342722256,y_kien_trung_lap,trung_lap,-0.1,none,,[],,Người dùng bày tỏ sự ngạc nhiên và không đồng tình với việc giấu thông tin trong ngành bảo hiểm.,False,False,2026-09-08T18:09:35.149261
1751518549388802,y_kien_trung_lap,trung_lap,0.0,none,,[],Quy định về việc hoàn phí bảo hiểm khi công ty từ chối chi trả,Người dùng hỏi về khả năng lấy lại phí bảo hiểm nếu công ty không chi trả.,False,False,2026-09-08T18:09:35.149261
1751591159381541,y_kien_trung_lap,trung_lap,0.2,none,,[],Tầm quan trọng của việc kê khai y tế trung thực khi mua bảo hiểm,Người dùng giải thích rằng kê khai đầy đủ thông tin y tế là bắt buộc và các trường hợp được bảo vệ.,True,False,2026-09-08T18:09:35.149261
1751591866048137,y_kien_trung_lap,tich_cuc,0.7,none,,[],Hướng dẫn kê khai bổ sung hồ sơ bảo hiểm,"Commenter khuyên nên cân nhắc kê khai bổ sung để đảm bảo quyền lợi sau này, tùy tình trạng hồ sơ có thể không bị loại trừ.",False,False,2026-09-08T18:09:43.284788
1751594922714498,y_kien_trung_lap,trung_lap,0.0,none,,[],,"Người dùng chia sẻ kinh nghiệm về việc chồng có polyp đã cắt và sinh thiết, đã cung cấp giấy tờ cho nhân viên.",False,False,2026-09-08T18:09:43.284788
1751595262714464,y_kien_trung_lap,tich_cuc,0.6,none,,[],Cách xử lý khi có bệnh không kê khai trong hợp đồng bảo hiểm,"Commenter khuyên nếu bệnh không kê khai không ảnh hưởng quyết định bảo hiểm hoặc không liên quan bệnh hiểm nghèo, có thể tìm người hỗ trợ thương lượng với công ty.",False,False,2026-09-08T18:09:43.284788
1751604902713500,y_kien_trung_lap,tich_cuc,0.8,none,,[],Tại sao nên mua bảo hiểm sớm?,Commenter giải thích rằng không thể mua bảo hiểm khi đã mắc bệnh hiểm nghèo và khuyên nên mua bảo hiểm từ sớm.,False,False,2026-09-08T18:09:43.284788
1751626476044676,y_kien_trung_lap,trung_lap,0.0,none,,[],,"Commenter cho biết nếu kê khai bệnh thì sẽ đi khám, còn không kê khai và số tiền bảo hiểm không quá lớn thì không cần khám.",False,False,2026-09-08T18:09:43.284788
1751632529377404,spam,trung_lap,0.0,none,,[],,"Commenter khuyên kiểm tra lịch sử y tế trên VSSID và kê khai bổ sung, sau đó kêu gọi inbox để được hỗ trợ chi tiết.",True,False,2026-09-08T18:09:43.284788
1751637632710227,san_pham_giai_phap,tieu_cuc,-0.8,low,Người dùng bị loại trừ bệnh và không được chi trả bảo hiểm.,"[""bị loại trừ bệnh"", ""không được chi trả""]",,"Người dùng chia sẻ kinh nghiệm bị loại trừ toàn bộ bệnh u xơ tử cung và biến chứng sau khi kê khai, dẫn đến không được bảo hiểm chi trả khi phẫu thuật tái phát.",False,False,2026-09-08T18:09:43.284788
1751745809366076,y_kien_trung_lap,trung_lap,0.0,none,,[],,Commenter thông báo rằng AIA đã có sản phẩm bảo vệ cho bệnh viêm gan thể hoạt động.,False,False,2026-09-08T18:09:43.284788
1749891059551551,y_kien_trung_lap,trung_lap,0.0,none,,[],,"Commenter giải thích rằng bảo hiểm chỉ chi trả theo phòng đơn tiêu chuẩn thấp nhất của bệnh viện, không bao gồm 'bao phòng'.",False,False,2026-09-08T18:09:43.284788
1749894412884549,y_kien_trung_lap,trung_lap,0.0,none,,[],,"Commenter giải thích rằng giường VIP bao gồm tiền giường và tiền chăm sóc, nhưng thẻ bảo hiểm chỉ chi trả tiền giường.",False,False,2026-09-08T18:09:43.284788
1749895366217787,y_kien_trung_lap,trung_lap,0.0,none,,[],,Commenter cho biết việc chi trả còn phụ thuộc vào định nghĩa tiền giường của thẻ sức khỏe.,False,False,2026-09-08T18:09:43.284788
1749897702884220,so_sanh_chung,tich_cuc,0.9,none,,[],So sánh quyền lợi chi trả phòng VIP của các công ty bảo hiểm,"Commenter giải thích chi tiết về việc chi trả cho phòng bao và phòng VIP, cách tính khi có 2 thẻ bảo hiểm, và gợi ý các công ty như Sun Life, Generali có chính sách chi trả linh hoạt hơn.",False,False,2026-09-08T18:09:43.284788
1749915339549123,y_kien_trung_lap,trung_lap,0.0,none,,[],,Commenter hỏi người dùng đang sử dụng thẻ bảo hiểm phi nhân thọ hay cả hai đều là nhân thọ.,False,False,2026-09-08T18:09:43.284788
1749924452881545,check_chi_phi,trung_lap,0.0,none,,[],,"Người dùng cho biết đang có thẻ AIA và Fuse Care, hỏi liệu phòng bao giá 2 triệu có được chi trả hết không nếu mỗi thẻ quy định chi trả phòng đơn tiêu chuẩn 1 triệu.",False,False,2026-09-08T18:09:43.284788
1749928522881138,y_kien_trung_lap,trung_lap,0.0,none,,[],,Commenter trả lời rằng bảo hiểm sẽ không chi trả hết cho phòng bao vì các thẻ chỉ trả tối đa theo phòng đơn tiêu chuẩn.,False,False,2026-09-08T18:09:43.284788
1749948079545849,y_kien_trung_lap,trung_lap,0.0,none,,[],,"Commenter giải thích rằng khi dùng hai thẻ, chi phí sẽ được xét theo mức phòng đơn tiêu chuẩn, và tổng chi trả có thể không đủ cho các phòng VIP đắt tiền.",False,False,2026-09-08T18:09:43.284788
1749962026211121,spam,trung_lap,0.0,none,,[],,Commenter thông báo phí được chi trả sẽ theo giá phòng đơn tiêu chuẩn.,True,False,2026-09-08T18:09:43.284788
1749986426208681,spam,trung_lap,0.0,none,,[],,Commenter trả lời rằng bảo hiểm vẫn trả tối đa theo giường đơn tiêu chuẩn.,True,False,2026-09-08T18:09:43.284788
1749989736208350,y_kien_trung_lap,tich_cuc,0.7,none,,[],Giải thích chi trả phòng bao và phòng VIP trong bảo hiểm,"Commenter giải thích rằng bảo hiểm có thanh toán nhưng mức trả bằng tiền giường đơn tiêu chuẩn, đưa ví dụ về Bệnh viện Phương Đông và làm rõ điều khoản chi trả cho các hạng phòng VIP, bao.",False,False,2026-09-08T18:09:43.284788
1750056726201651,y_kien_trung_lap,trung_lap,0.0,none,,[],,Commenter cho biết không thể cộng gộp hai thẻ bảo hiểm để thanh toán.,False,False,2026-09-08T18:09:43.284788
1750080796199244,y_kien_trung_lap,trung_lap,0.1,none,,[],Giải thích chi tiết về khái niệm tiền phòng tiêu chuẩn trong bảo hiểm,Comment giải thích về việc chi trả tiền phòng tiêu chuẩn và khái niệm tiền phòng rộng hơn của nhà bảo hiểm.,True,False,2026-09-08T18:09:54.433932
1750103176197006,y_kien_trung_lap,trung_lap,0.1,none,,[],Phân biệt các loại phòng được bảo hiểm chi trả và không chi trả,Comment giải thích rằng phòng bao thường không được bảo hiểm chi trả và chỉ thẻ có định nghĩa tiền giường phòng rộng hơn mới áp dụng.,True,False,2026-09-08T18:09:54.433932
1750116016195722,phan_van,trung_lap,0.0,none,,[],Hướng dẫn đối chiếu quyền lợi bảo hiểm với chi phí thực tế,Người dùng hỏi liệu loại giường và phòng trên bảng kê có phù hợp với quyền lợi bảo hiểm phòng đơn tiêu chuẩn của mình không.,False,False,2026-09-08T18:09:54.433932
1750118646195459,y_kien_trung_lap,trung_lap,0.1,none,,[],Giải thích sự khác biệt về định nghĩa quyền lợi tiền giường giữa các loại thẻ bảo hiểm,Comment giải thích rằng việc chi trả tiền giường phụ thuộc vào định nghĩa quyền lợi của từng thẻ và phòng bao thường không được chi trả.,True,False,2026-09-08T18:09:54.433932
1750168306190493,muon_tu_van,trung_lap,0.0,none,,[],Các yếu tố cần xem xét khi so sánh quyền lợi tiền giường của các thẻ bảo hiểm,Comment hỏi về loại thẻ bảo hiểm đang sở hữu để tư vấn cụ thể về quy định thanh toán tiền giường.,True,False,2026-09-08T18:09:54.433932
1750483549492302,phan_van,trung_lap,0.0,none,,[],Hướng dẫn quy trình bồi thường khi có nhiều thẻ bảo hiểm,Người dùng hỏi về cách chi trả và quy trình claim để đạt quyền lợi cao nhất khi có hai thẻ bảo hiểm từ hai hãng khác nhau cho trẻ dưới 6 tuổi.,False,False,2026-09-08T18:09:54.433932
1750356979504959,muon_tu_van,trung_lap,0.0,none,,[],Cung cấp tài liệu/file thông tin sản phẩm bảo hiểm,Người dùng yêu cầu cung cấp một file thông tin.,False,False,2026-09-08T18:09:54.433932
1750408159499841,spam,trung_lap,0.0,none,,[],,Comment hướng dẫn người dùng nhắn tin riêng cho admin.,True,False,2026-09-08T18:09:54.433932
1750414816165842,y_kien_trung_lap,trung_lap,0.0,none,,[],,Comment là một tương tác xã hội đơn thuần.,False,False,2026-09-08T18:09:54.433932
1750786816128642,spam,trung_lap,0.0,none,,[],,Comment hướng dẫn người dùng nhắn tin riêng cho admin Thùy Bích.,True,False,2026-09-08T18:09:54.433932
1750799976127326,khen,tich_cuc,0.8,none,,[],Nội dung về các tính năng nổi bật của sản phẩm/dịch vụ,Comment bày tỏ sự khen ngợi và hài lòng.,False,False,2026-09-08T18:09:54.433932
1750844772789513,y_kien_trung_lap,trung_lap,0.0,none,,[],,Comment bày tỏ lời cảm ơn.,False,False,2026-09-08T18:09:54.433932
1749895639551093,muon_tu_van,trung_lap,0.0,none,,[],Cung cấp thông tin liên hệ tư vấn viên,Người dùng yêu cầu được tư vấn qua tin nhắn riêng.,False,False,2026-09-08T18:09:54.433932
1749898532884137,y_kien_trung_lap,trung_lap,-0.1,none,,[],Giải thích quy trình thẩm định bảo hiểm sức khỏe và các điều khoản loại trừ bệnh có sẵn,"Comment nhận xét về quy trình thẩm định chặt chẽ và điều khoản loại trừ bệnh có sẵn của Pacific Cross, đồng thời hỏi về bệnh nền của người được bảo hiểm.",False,False,2026-09-08T18:09:54.433932
1749902372883753,spam,trung_lap,0.0,none,,[],,"Comment hỏi về bệnh nền, so sánh thẩm định của Pacific Cross và giới thiệu sản phẩm VBI kèm ưu đãi, kêu gọi liên hệ tư vấn.",True,False,2026-09-08T18:09:54.433932
1749903669550290,check_chi_phi,trung_lap,0.0,none,,[],Thông tin về bảo hiểm sức khỏe cho trẻ sơ sinh của Pacific Cross,Người dùng hỏi liệu Pacific Cross có bảo hiểm cho trẻ sơ sinh không.,False,False,2026-09-08T18:09:54.433932
1749905646216759,y_kien_trung_lap,trung_lap,0.1,none,,[],Điều kiện độ tuổi tham gia bảo hiểm sức khỏe cho trẻ em,Comment trả lời rằng trẻ có thể tham gia bảo hiểm từ 15 ngày tuổi.,True,False,2026-09-08T18:09:54.433932
1749906666216657,muon_tu_van,trung_lap,0.1,none,,[],Quy trình thẩm định sơ bộ hồ sơ y tế khi mua bảo hiểm,Comment thông báo về cam kết tái tục của gói Health First và đề nghị hỗ trợ thẩm định sơ bộ hồ sơ y tế.,True,False,2026-09-08T18:09:54.433932
1749908062883184,y_kien_trung_lap,trung_lap,0.2,none,,[],Các gói bảo hiểm sức khỏe cho trẻ em có quyền lợi tiêm chủng và tầm soát,Comment gợi ý các gói bảo hiểm Pacific Cross cho trẻ em có quyền lợi ngoại trú bao gồm tiêm chủng vaccine và xét nghiệm tầm soát.,True,False,2026-09-08T18:09:54.433932
1749914582882532,muon_tu_van,trung_lap,0.0,none,,[],Các yếu tố ảnh hưởng đến việc thẩm định bảo hiểm sức khỏe cho người lớn tuổi có bệnh nền,"Comment hỏi về tuổi và bệnh nền của người được bảo hiểm để đánh giá điều kiện tham gia Pacific Cross, một thẻ rời cao cấp có thẩm định sức khỏe chặt chẽ.",True,False,2026-09-08T18:09:54.433932
1749916319549025,spam,trung_lap,0.0,none,,[],,Comment giới thiệu người dùng liên hệ với hai tài khoản cụ thể để được cung cấp thẻ sức khỏe.,True,True,2026-09-08T18:10:02.680996
1749928142881176,spam,trung_lap,0.0,none,,[],,"Người dùng khuyên mua bảo hiểm nhân thọ cho mẹ để ổn định phí và tái tục, đồng thời tự giới thiệu là TVV và mời inbox tư vấn.",True,True,2026-09-08T18:10:02.680996
1749931432880847,phan_van,tieu_cuc,-0.3,none,,"[""phí bảo hiểm cao"", ""rủi ro tái tục""]",,Người dùng bày tỏ sự phân vân về việc mua bảo hiểm Pacific vì phí cao tương đương thẻ kèm nhân thọ và lo lắng về việc tái tục.,False,False,2026-09-08T18:10:02.680996
1749970652876925,spam,trung_lap,0.0,none,,[],,Comment giới thiệu sản phẩm Care First cho bé từ 15 ngày tuổi với phí mềm và hướng dẫn liên hệ hai tài khoản cụ thể để được tư vấn.,True,True,2026-09-08T18:10:02.680996
1749985956208728,y_kien_trung_lap,trung_lap,0.1,none,,[],Quy trình thẩm định bảo hiểm và các trường hợp bị từ chối,"Người dùng hỏi về bệnh nền và giải thích rằng công ty bảo hiểm PC thẩm định rất chặt, có thể từ chối nếu tiền sử bệnh nặng.",False,False,2026-09-08T18:10:02.680996
1750078099532847,spam,trung_lap,0.0,none,,[],,"Comment hướng dẫn người dùng liên hệ một tài khoản cụ thể để được tư vấn kỹ về các gói bảo hiểm, đồng thời lưu ý về quy trình thẩm định chặt chẽ.",True,True,2026-09-08T18:10:02.680996
1750103292863661,spam,trung_lap,0.0,none,,[],,Comment hướng dẫn người dùng inbox hai tài khoản cụ thể.,True,True,2026-09-08T18:10:02.680996
1750113256195998,spam,trung_lap,0.0,none,,[],,Người dùng tự giới thiệu là người cung cấp sản phẩm của PC và mời liên hệ qua số điện thoại để được hỗ trợ.,True,True,2026-09-08T18:10:02.680996
1750679296139394,spam,trung_lap,0.0,none,,[],,Comment hướng dẫn người dùng liên hệ một tài khoản cụ thể.,True,True,2026-09-08T18:10:02.680996
1750691119471545,khen,tich_cuc,0.8,none,,[],,Người dùng gửi lời cảm ơn đến một tài khoản khác.,False,False,2026-09-08T18:10:02.680996
1750691186138205,khen,tich_cuc,0.8,none,,[],,Người dùng gửi lời cảm ơn đến một tài khoản khác.,False,False,2026-09-08T18:10:02.680996
1750691242804866,khen,tich_cuc,0.8,none,,[],,Người dùng gửi lời cảm ơn đến một tài khoản khác.,False,False,2026-09-08T18:10:02.680996
1750691309471526,khen,tich_cuc,0.8,none,,[],,Người dùng gửi lời cảm ơn đến một tài khoản khác.,False,False,2026-09-08T18:10:02.680996
1750691382804852,khen,tich_cuc,0.8,none,,[],,Người dùng gửi lời cảm ơn đến một tài khoản khác.,False,False,2026-09-08T18:10:02.680996
1750692122804778,spam,trung_lap,0.0,none,,[],,"Người dùng mời chủ bài viết liên hệ để được tư vấn về bảo hiểm Pacific, đồng thời yêu cầu thông tin tiền sử y tế do quy trình thẩm định chặt chẽ.",True,True,2026-09-08T18:10:02.680996
1749888436218480,y_kien_trung_lap,trung_lap,0.2,none,,[],Giải đáp các trường hợp chi trả bảo hiểm y tế,"Comment giải thích điều kiện chi trả bảo hiểm nếu bệnh chưa mắc trước khi tham gia và người được bảo hiểm nhập viện để mổ, với mức chi trả 100%.",False,False,2026-09-08T18:10:02.680996
1749890439551613,y_kien_trung_lap,trung_lap,0.3,none,,[],Hướng dẫn sử dụng bảo lãnh viện phí để tiết kiệm thời gian,Người dùng khuyên nên yêu cầu bệnh viện làm bảo lãnh viện phí để tránh phải tự thanh toán.,False,False,2026-09-08T18:10:02.680996
1749900036217320,spam,trung_lap,0.0,none,,[],,"Người dùng hỏi về thời điểm nẹp inox ở tay và giải thích điều kiện chi trả bảo hiểm, sau đó mời liên hệ để được tư vấn kỹ hơn.",True,True,2026-09-08T18:10:02.680996
1749909286216395,y_kien_trung_lap,trung_lap,0.1,none,,[],,"Người dùng xác nhận sự việc xảy ra sau khi tham gia bảo hiểm và đã được hỗ trợ khi té, hiện đang hỏi về việc lấy nẹp.",False,False,2026-09-08T18:10:02.680996
1749909962882994,y_kien_trung_lap,trung_lap,0.3,none,,[],Hướng dẫn chuẩn bị hồ sơ yêu cầu bồi thường bảo hiểm,"Người dùng xác nhận trường hợp được chi trả bảo hiểm và khuyên thu thập đầy đủ hóa đơn, chứng từ.",False,False,2026-09-08T18:10:02.680996
1749902059550451,spam,trung_lap,0.0,none,,[],,Người dùng kêu gọi inbox để được hỗ trợ.,True,False,2026-09-08T18:10:25.388159
1749913772882613,spam,trung_lap,0.0,none,,[],,Một tư vấn viên Sun Life tự giới thiệu và mời inbox để hỗ trợ.,True,False,2026-09-08T18:10:25.388159
1749916629548994,y_kien_trung_lap,trung_lap,0.1,none,,[],,Người dùng đề xuất liên hệ với hai tư vấn viên cụ thể và thắc mắc về việc tag.,False,False,2026-09-08T18:10:25.388159
1749946599545997,y_kien_trung_lap,trung_lap,0.0,none,,[],,Người dùng Trần Thị Hằng Nga phản hồi.,False,False,2026-09-08T18:10:25.388159
1749946962879294,spam,trung_lap,0.0,none,,[],,Một tư vấn viên Sun Life tự giới thiệu và mời inbox để hỗ trợ.,True,False,2026-09-08T18:10:25.388159
1749963132877677,spam,trung_lap,0.0,none,,[],huong dan review hop dong bao hiem,Người dùng hướng dẫn cách review hợp đồng bảo hiểm và mời inbox nếu cần hỗ trợ.,True,False,2026-09-08T18:10:25.388159
1749968719543785,y_kien_trung_lap,trung_lap,0.1,none,,[],,Admin gợi ý người dùng liên hệ với hai tư vấn viên Sun Life để được hỗ trợ review hợp đồng.,False,True,2026-09-08T18:10:25.388159
1749969366210387,khen,tich_cuc,0.5,none,,[],,Người dùng Thùy Bích cảm ơn admin.,False,False,2026-09-08T18:10:25.388159
1749986209542036,spam,trung_lap,0.0,none,,[],,Người dùng mời liên hệ để được hỗ trợ review hợp đồng.,True,False,2026-09-08T18:10:25.388159
1750018789538778,y_kien_trung_lap,trung_lap,0.0,none,,[],,Người dùng Trần Thị Hằng Nga phản hồi.,False,False,2026-09-08T18:10:25.388159
1750085449532112,spam,trung_lap,0.0,none,,[],,Người dùng gợi ý liên hệ với anh Nam để được hỗ trợ.,False,True,2026-09-08T18:10:25.388159
1750116489529008,spam,trung_lap,0.0,none,,[],,Người dùng mời liên hệ để được hỗ trợ.,True,False,2026-09-08T18:10:25.388159
1750153316191992,spam,trung_lap,0.0,none,,[],,"Một chuyên viên tư vấn Sun Life tự giới thiệu, mời hỗ trợ review hợp đồng và cung cấp số điện thoại Zalo.",True,False,2026-09-08T18:10:25.388159
1750167099523947,y_kien_trung_lap,trung_lap,0.0,none,,[],,Người dùng tag hai tư vấn viên để họ hỗ trợ người khác.,False,True,2026-09-08T18:10:25.388159
1750276136179710,y_kien_trung_lap,trung_lap,0.0,none,,[],,Người dùng gợi ý liên hệ với hai tư vấn viên.,False,True,2026-09-08T18:10:25.388159
1750380676169256,khen,tich_cuc,0.5,none,,[],,Người dùng cảm ơn Ly Đặng.,False,False,2026-09-08T18:10:25.388159
1750380722835918,khen,tich_cuc,0.5,none,,[],,Người dùng cảm ơn Nguyễn Thảo Generali.,False,False,2026-09-08T18:10:25.388159
1750444606162863,muon_tu_van,trung_lap,0.0,none,,[],,Người dùng yêu cầu tư vấn viên Nam Bui kiểm tra inbox.,False,False,2026-09-08T18:10:25.388159
1749966989543958,san_pham_giai_phap,tich_cuc,0.7,none,,[],"phan tich the suc khoe AIA Bung Gia Luc, loi ich the suc khoe cho tre duoi 4 tuoi","Người dùng cung cấp thông tin chi tiết về thẻ sức khỏe Bùng Gia Lực của AIA, bao gồm quyền lợi, chi phí và cách thức đổi thẻ.",True,False,2026-09-08T18:10:25.388159
1749968356210488,y_kien_trung_lap,trung_lap,0.2,none,,[],huong dan chon han muc the suc khoe phu hop,Người dùng khuyên nên chọn hạn mức thẻ sức khỏe phù hợp với tài chính và chi phí bệnh viện dự kiến.,False,False,2026-09-08T18:10:25.388159
1749909976216326,y_kien_trung_lap,trung_lap,0.0,none,,[],,Người dùng chia sẻ đã mua bảo hiểm được vài năm và gần đây mới gặp tai nạn.,False,False,2026-09-08T18:10:27.768616
1749910579549599,y_kien_trung_lap,trung_lap,0.1,none,,[],,Người dùng xác nhận thông tin và hỏi về bệnh viện dự định điều trị.,False,False,2026-09-08T18:10:27.768616
1749910772882913,y_kien_trung_lap,trung_lap,0.0,none,,[],,Người dùng hỏi về cách thức sử dụng thẻ bảo hiểm tại bệnh viện.,False,False,2026-09-08T18:10:27.768616
1749917666215557,khen,tich_cuc,0.6,none,,[],Hướng dẫn chi trả bảo hiểm cho phẫu thuật nẹp inox lần 2,"Người dùng giải thích rằng nếu nẹp inox được đặt sau khi mua thẻ và đã được thanh toán trước đó, thì lần thanh toán tiếp theo vẫn được chi trả.",False,False,2026-09-08T18:10:27.768616
1749924416214882,khen,tich_cuc,0.5,none,,[],Giải đáp về thời hạn thẻ bảo hiểm và chi trả phẫu thuật,Người dùng thông tin về thời hạn thẻ và xác nhận việc thanh toán chi phí lấy nẹp inox ra là bình thường nếu mới gắn gần đây.,False,False,2026-09-08T18:10:27.768616
1749925359548121,khen,tich_cuc,0.9,none,,[],Hướng dẫn sử dụng thẻ bảo lãnh viện phí AIA tại bệnh viện tư và công,"Người dùng hướng dẫn chi tiết cách sử dụng thẻ bảo lãnh viện phí AIA tại bệnh viện, so sánh quy trình giữa bệnh viện tư và công, đồng thời chia sẻ kinh nghiệm tích cực về việc thanh toán nhanh chóng cho các trường hợp tai nạn và phẫu thuật.",False,False,2026-09-08T18:10:27.768616
1749932719547385,y_kien_trung_lap,trung_lap,0.0,none,,[],,Người dùng ở Đà Nẵng cho biết sẽ chọn bệnh viện Hoàn Mỹ hoặc Gia Đình vì thấy thẻ bảo hiểm có hỗ trợ tại các bệnh viện này.,False,False,2026-09-08T18:10:27.768616
1749944556212868,khen,tich_cuc,0.8,none,,[],Lợi ích khi sử dụng thẻ bảo hiểm AIA tại bệnh viện liên kết,"Người dùng khẳng định thẻ AIA có thể claim được hết nếu đủ chứng từ và quy trình nhanh chóng, đồng thời nhấn mạnh AIA có liên kết với Bệnh viện Gia Đình, hỗ trợ bảo lãnh viện phí và giảm 5% chi phí điều trị.",False,False,2026-09-08T18:10:27.768616
1749948122879178,so_sanh_chung,trung_lap,0.0,none,,[],,Người dùng ngạc nhiên về thời hạn thẻ bảo hiểm 50 năm và so sánh với thẻ của mình mua từ Manulife chỉ có 20 năm.,False,False,2026-09-08T18:10:27.768616
1749956532878337,spam,trung_lap,0.0,none,,[],,"Người dùng giải thích về thời hạn thẻ sức khỏe của AIA và Manulife, đồng thời mời liên hệ để được tư vấn thêm về thẻ AIA có thể mua đến 100 tuổi.",True,False,2026-09-08T18:10:27.768616
1749958879544769,khen,tich_cuc,0.7,none,,[],Hướng dẫn chi tiết sử dụng bảo hiểm cho phẫu thuật lần 2 và tại các loại bệnh viện,"Người dùng giải thích rằng thẻ bảo hiểm vẫn có thể dùng cho lần mổ nẹp thứ hai nếu đã mua trước khi bị lần đầu, đồng thời hướng dẫn hai cách sử dụng thẻ tại bệnh viện tư nhân liên kết và bệnh viện công, lưu ý về các chi phí không được hỗ trợ.",False,False,2026-09-08T18:10:27.768616
1749969276210396,spam,trung_lap,0.0,none,,[],,Người dùng giới thiệu liên hệ các tư vấn viên của AIA để được hỗ trợ.,True,True,2026-09-08T18:10:27.768616
1749981416209182,spam,trung_lap,0.0,none,,[],,"Người dùng tự giới thiệu là TVV AIA, cung cấp thông tin liên hệ, xác nhận chi trả cho phẫu thuật lấy nẹp và gợi ý nâng cấp thẻ trọn đời.",True,False,2026-09-08T18:10:27.768616
1749984806208843,khen,tich_cuc,0.5,none,,[],Hướng dẫn sử dụng thẻ bảo hiểm tại bệnh viện,Người dùng hướng dẫn cách sử dụng thẻ bảo hiểm bằng cách đưa cho lễ tân để bảo lãnh hoặc tự lấy giấy tờ về claim sau.,True,False,2026-09-08T18:10:27.768616
1750077239532933,khen,tich_cuc,0.7,none,,[],Hướng dẫn chi trả bảo hiểm cho phẫu thuật nẹp inox và các hình thức thanh toán,"Người dùng xác nhận chi trả cho việc tháo nẹp inox nếu đã được chi trả lúc nẹp, và hướng dẫn hai cách sử dụng bảo hiểm: bảo lãnh trực tiếp tại viện liên kết hoặc tự thanh toán rồi nộp hồ sơ sau.",True,False,2026-09-08T18:10:27.768616
1750104499530207,khen,tich_cuc,0.6,none,,[],Điều kiện chi trả bảo hiểm cho phẫu thuật nẹp inox,"Người dùng xác nhận rằng nếu mua bảo hiểm trước khi bị ngã và phẫu thuật nẹp inox, thì chi phí lấy nẹp ra sẽ được thanh toán.",True,False,2026-09-08T18:10:27.768616
1750116116195712,khen,tich_cuc,0.6,none,,[],Điều kiện chi trả bảo hiểm cho phẫu thuật nẹp inox,"Người dùng xác nhận rằng nếu nẹp inox được đặt sau khi tham gia bảo hiểm và đủ điều kiện quyền lợi, thì sẽ được chi trả.",True,False,2026-09-08T18:10:27.768616
1749888896218434,spam,trung_lap,0.0,none,,[],,Người dùng mời liên hệ riêng để được hỗ trợ.,True,False,2026-09-08T18:10:27.768616
1749890882884902,spam,trung_lap,0.0,none,,[],,Người dùng mời liên hệ riêng để cung cấp thông tin sản phẩm.,True,False,2026-09-08T18:10:27.768616
1749894562884534,spam,trung_lap,0.0,none,,[],,Người dùng giới thiệu liên hệ Nam Bùi và Nguyễn Thị Kim Ngân để được hỗ trợ.,True,True,2026-09-08T18:10:27.768616
1749968932877097,y_kien_trung_lap,tich_cuc,0.7,none,,[],cách điều chỉnh hợp đồng bảo hiểm để giảm phí,Commenter đưa ra lời khuyên về việc điều chỉnh hợp đồng bảo hiểm nhân thọ và thẻ sức khỏe để giảm phí đóng.,False,False,2026-09-08T18:10:49.917847
1749986006208723,spam,trung_lap,0.0,none,,[],,Người dùng đưa ra lời khuyên về việc điều chỉnh hợp đồng Bùng Gia Lực để giảm phí và mời inbox để được hỗ trợ.,True,False,2026-09-08T18:10:49.917847
1749991276208196,spam,trung_lap,0.0,none,,[],,Commenter mời inbox để được tư vấn chi tiết.,True,False,2026-09-08T18:10:49.917847
1750005479540109,spam,trung_lap,0.0,none,,[],,"Người dùng hỏi về số năm đóng phí và hướng dẫn điều chỉnh trên app AIA, đồng thời mời liên hệ qua inbox hoặc Zalo.",True,False,2026-09-08T18:10:49.917847
1750007372873253,spam,trung_lap,0.0,none,,[],,"Người dùng xác nhận có thể điều chỉnh hợp đồng, hỏi thông tin gói và số năm đóng, hướng dẫn dùng app AIA+ và mời inbox nếu cần hỗ trợ.",True,False,2026-09-08T18:10:49.917847
1750019159538741,phan_van,trung_lap,0.0,none,,"[""khó khăn tài chính"", ""phí bảo hiểm cao""]",lợi ích của việc duy trì hợp đồng bảo hiểm,"Người dùng mới đóng bảo hiểm 1 năm, phân vân giữa việc bỏ hoặc điều chỉnh hợp đồng vì sợ phí.",False,False,2026-09-08T18:10:49.917847
1750021232871867,y_kien_trung_lap,trung_lap,0.1,none,,[],quy định về thời gian điều chỉnh phí bảo hiểm nhân thọ,Commenter giải thích rằng phí chính chỉ có thể điều chỉnh từ năm hợp đồng thứ 3 trở đi và hỏi tên gói bảo hiểm.,False,False,2026-09-08T18:10:49.917847
1750022516205072,y_kien_trung_lap,trung_lap,0.0,none,,[],,Người dùng trả lời tên gói bảo hiểm của mình là BGL nâng cao.,False,False,2026-09-08T18:10:49.917847
1750024239538233,spam,trung_lap,0.0,none,,[],,Commenter xác nhận có thể hỗ trợ và mời inbox Hồng Nhung.,True,False,2026-09-08T18:10:49.917847
1750028369537820,y_kien_trung_lap,trung_lap,0.0,none,,[],,Commenter hỏi để làm rõ tên sản phẩm bảo hiểm chính.,False,False,2026-09-08T18:10:49.917847
1750036126203711,y_kien_trung_lap,trung_lap,0.0,none,,[],,Người dùng trả lời tên gói bảo hiểm của mình là BH liên kết chung khoẻ trọn vẹn vượt trội - kế hoạch trọn đời.,False,False,2026-09-08T18:10:49.917847
1750039012870089,y_kien_trung_lap,trung_lap,0.1,none,,[],cách điều chỉnh định kỳ đóng phí bảo hiểm,Commenter giải thích rằng phí chính chỉ có thể thay đổi từ năm hợp đồng thứ 3 và gợi ý thay đổi định kỳ đóng phí.,False,False,2026-09-08T18:10:49.917847
1750041722869818,phan_van,trung_lap,-0.2,none,,"[""khó khăn tài chính"", ""phí bảo hiểm cao""]",,Người dùng bày tỏ sự nản lòng và cân nhắc việc hủy hợp đồng nếu quá khó khăn.,False,False,2026-09-08T18:10:49.917847
1750084852865505,spam,trung_lap,0.0,none,,[],,Commenter giải thích về việc điều chỉnh hợp đồng để giảm ngân sách và mời liên hệ tổng đài hoặc người cụ thể để được hỗ trợ.,True,False,2026-09-08T18:10:49.917847
1750099172864073,y_kien_trung_lap,trung_lap,0.2,none,,[],cách giảm phí bảo hiểm khi tài chính khó khăn,"Commenter hỏi về số năm đóng hợp đồng và đưa ra lời khuyên về việc giảm hoặc tạm ngưng phí chính, đồng thời giữ lại thẻ sức khỏe.",False,False,2026-09-08T18:10:49.917847
1750100542863936,chinh_sach_quy_trinh_boi_thuong,tieu_cuc,-0.8,medium,"Chậm giải quyết quyền lợi bảo hiểm hơn 2 tháng, công ty không cung cấp lý do rõ ràng, khách hàng tìm kiếm hướng khiếu nại cơ quan nhà nước.","[""quy trình bồi thường chậm"", ""thiếu minh bạch thông tin""]",quy trình giải quyết quyền lợi bảo hiểm,"Người dùng phản ánh việc công ty bảo hiểm chậm giải quyết quyền lợi bảo hiểm hơn 2 tháng và tìm kiếm lời khuyên về quy định pháp luật, quy trình khiếu nại.",False,False,2026-09-08T18:10:49.917847
1750117102862280,y_kien_trung_lap,trung_lap,0.0,none,,[],,Commenter xác nhận và hỏi về số năm đã đóng hợp đồng bảo hiểm.,False,False,2026-09-08T18:10:49.917847
1750757312798259,khen,tich_cuc,0.9,none,,[],tầm quan trọng của bảo hiểm khi tài chính khó khăn,"Commenter đưa ra lời khuyên chi tiết và động viên người dùng nên điều chỉnh hợp đồng để phù hợp với tài chính thay vì từ bỏ, nhấn mạnh tầm quan trọng của bảo hiểm sức khỏe.",False,False,2026-09-08T18:10:49.917847
1750815876125736,spam,trung_lap,0.0,none,,[],,Commenter mời inbox để review quyền lợi bảo hiểm và tư vấn nên bỏ hay giữ quyền lợi nào.,True,False,2026-09-08T18:10:49.917847
1751569886050335,spam,trung_lap,0.0,none,,[],,Commenter gợi ý liên hệ Chị Hồng Nhung AIA để được hỗ trợ.,True,False,2026-09-08T18:10:49.917847
1749966312877359,spam,trung_lap,0.0,none,,[],,Comment giới thiệu sản phẩm bảo hiểm sức khỏe và hướng dẫn liên hệ tư vấn viên.,True,True,2026-09-08T18:11:01.120952
1749969576210366,spam,trung_lap,0.0,none,,[],,Comment đưa ra lời chào bán chung chung về một gói bảo hiểm.,True,True,2026-09-08T18:11:01.120952
1749975476209776,muon_tu_van,trung_lap,0.0,none,,[],tư vấn bảo hiểm sức khỏe cho bé,Người dùng đang tìm mua bảo hiểm sức khỏe cho bé 2 tuổi với quyền lợi khám ngoại trú tại bệnh viện công.,False,False,2026-09-08T18:11:01.120952
1749980289542628,spam,trung_lap,0.0,none,,[],,"Comment giới thiệu thẻ sức khỏe rời của VBI cho bé, có thể mua độc lập.",True,True,2026-09-08T18:11:01.120952
1749981076209216,spam,trung_lap,0.0,none,,[],,"Comment giới thiệu sản phẩm Affina cho bé, có thể mua độc lập và không đồng chi trả.",True,True,2026-09-08T18:11:01.120952
1749984992875491,spam,trung_lap,0.0,none,,[],,Comment kêu gọi người dùng inbox để được tư vấn chi tiết hơn.,True,True,2026-09-08T18:11:01.120952
1749985379542119,spam,trung_lap,0.0,none,,[],,"Tư vấn viên giới thiệu gói bảo hiểm nhân thọ và thẻ nội trú cao cấp của Daiichi cho bé, kèm thông tin cá nhân và kêu gọi inbox.",True,True,2026-09-08T18:11:01.120952
1749985519542105,spam,trung_lap,0.0,none,,[],,Comment kêu gọi người dùng inbox để được hỗ trợ tư vấn về Manulife.,True,True,2026-09-08T18:11:01.120952
1749987219541935,spam,trung_lap,0.0,none,,[],,"Tư vấn viên AIA giới thiệu gói bảo hiểm cho bé, khoe kinh nghiệm và mời hỗ trợ tìm hiểu.",True,True,2026-09-08T18:11:01.120952
1749991006208223,spam,trung_lap,0.0,none,,[],,"Comment phân tích ưu nhược điểm của thẻ sức khỏe rời và thẻ sức khỏe gắn bảo hiểm nhân thọ cho bé, sau đó mời liên hệ để được tư vấn chi tiết.",True,True,2026-09-08T18:11:01.120952
1749992529541404,y_kien_trung_lap,trung_lap,0.0,none,,"[""chi phí tăng đột ngột"", ""khó tái tục bảo hiểm"", ""loại trừ quyền lợi""]",lợi ích của việc kết hợp bảo hiểm nhân thọ và y tế cho bé,Comment khuyên nên mua bảo hiểm nhân thọ cho bé thay vì chỉ bảo hiểm y tế để tránh rủi ro tăng phí hoặc bị loại trừ khi sử dụng dịch vụ y tế cao cấp.,False,False,2026-09-08T18:11:01.120952
1749993792874611,spam,trung_lap,0.0,none,,[],,Comment kêu gọi người dùng inbox hoặc liên hệ số điện thoại để được tư vấn.,True,True,2026-09-08T18:11:01.120952
1749995682874422,spam,trung_lap,0.0,none,,[],,Comment khuyên người dùng tham khảo thẻ sức khỏe rời cho con mà không cần kèm bảo hiểm nhân thọ.,True,True,2026-09-08T18:11:01.120952
1750008356206488,spam,trung_lap,0.0,none,,[],,"Comment mô tả các quyền lợi của một gói bảo hiểm, bao gồm chi trả 100% nội trú, ngoại trú, vitamin và xét nghiệm âm tính.",True,True,2026-09-08T18:11:01.120952
1750012836206040,spam,trung_lap,0.0,none,,[],,Comment kêu gọi người dùng liên hệ để được tư vấn về thẻ VBI.,True,True,2026-09-08T18:11:01.120952
1750024689538188,spam,trung_lap,0.0,none,,[],,Comment hướng dẫn người dùng inbox cho Zương Zuồi Nguyễn Hoa để được tư vấn.,True,True,2026-09-08T18:11:01.120952
1750034919537165,spam,trung_lap,0.0,none,,[],,"Tư vấn viên giới thiệu chi tiết các quyền lợi của gói bảo hiểm cho bé, sau đó tự giới thiệu và mời liên hệ để được tư vấn.",True,True,2026-09-08T18:11:01.120952
1750043769536280,dich_vu_tu_van,tieu_cuc,-0.7,low,Phàn nàn về việc tư vấn viên ép mua sản phẩm không đúng nhu cầu.,"[""tư vấn không đúng nhu cầu"", ""ép mua sản phẩm""]",tư vấn bảo hiểm sức khỏe độc lập,Người dùng bày tỏ sự mệt mỏi vì luôn bị tư vấn kèm bảo hiểm nhân thọ khi chỉ có nhu cầu mua bảo hiểm sức khỏe.,False,False,2026-09-08T18:11:01.120952
1750045176202806,spam,trung_lap,0.0,none,,[],,Comment giới thiệu một gói bảo hiểm có phí rẻ và quyền lợi chi trả 100% tại bệnh viện tư khi bố mẹ tham gia.,True,True,2026-09-08T18:11:01.120952
1750047169535940,spam,trung_lap,0.0,none,,[],,Comment khuyên không cần mua kèm bảo hiểm nhân thọ và nêu quyền lợi khi mua kèm bố mẹ.,True,True,2026-09-08T18:11:01.120952
1750050352868955,spam,trung_lap,0.0,none,,[],,Commenter mời tham khảo sản phẩm bảo hiểm cho bố mẹ với quyền lợi 100%.,True,True,2026-09-08T18:11:10.167779
1750052096202114,spam,trung_lap,0.0,none,,[],,"Commenter giới thiệu quyền lợi thẻ sức khỏe cho bé và bố mẹ, mời inbox để tư vấn.",True,True,2026-09-08T18:11:10.167779
1750083946198929,spam,trung_lap,0.0,none,,[],,Commenter giới thiệu liên hệ Zương Zuồi Nguyễn Hoa để chọn gói bảo hiểm tối ưu cho bé không kèm nhân thọ.,True,True,2026-09-08T18:11:10.167779
1750100086197315,spam,trung_lap,0.0,none,,[],,Commenter hướng dẫn liên hệ Zương Zuồi Nguyễn Hoa để tư vấn thẻ bảo hiểm rời.,True,True,2026-09-08T18:11:10.167779
1750100516197272,spam,trung_lap,0.0,none,,[],,"Commenter gợi ý gói nhân thọ kèm thẻ nội/ngoại trú của Sun Life, chi trả 100% và xét nghiệm âm tính.",True,True,2026-09-08T18:11:10.167779
1750110136196310,spam,trung_lap,0.0,none,,[],,"Commenter gợi ý tham khảo Pacific Cross cho viện tư/quốc tế và mời liên hệ để tư vấn quyền lợi, bảng phí.",True,True,2026-09-08T18:11:10.167779
1750141122859878,spam,trung_lap,0.0,none,,[],,Commenter mời tham khảo Facebook để được hỗ trợ 24/7 về gói bảo hiểm rời.,True,True,2026-09-08T18:11:10.167779
1750143419526315,spam,trung_lap,0.0,none,,[],,"Chuyên viên Techcombank giới thiệu thẻ rời cho bé từ 1 tuổi, chi phí 2.5tr với hạn mức ngoại trú 10tr, nội trú 60tr và mời liên hệ.",True,True,2026-09-08T18:11:10.167779
1750144249526232,spam,trung_lap,0.0,none,,[],,"Chuyên viên Techcombank giới thiệu thẻ rời cho bé từ 1 tuổi, chi phí 2.5tr với hạn mức ngoại trú 10tr, nội trú 60tr và mời liên hệ.",True,True,2026-09-08T18:11:10.167779
1750145409526116,spam,trung_lap,0.0,none,,[],,"Chuyên viên Techcombank giới thiệu thẻ rời cho bé từ 1 tuổi, chi phí 2.5tr với hạn mức ngoại trú 10tr, nội trú 60tr, có thể mua trên App Techcombank và mời liên hệ.",True,True,2026-09-08T18:11:10.167779
1750161889524468,spam,trung_lap,0.0,none,,[],,"Commenter gợi ý BHSK VBICare của Vietinbank với phí cạnh tranh, quyền lợi rõ ràng, hệ thống bảo lãnh rộng khắp và mời liên hệ để tư vấn.",True,True,2026-09-08T18:11:10.167779
1750166069524050,spam,trung_lap,0.0,none,,[],,Commenter hướng dẫn liên hệ Zương Zuồi hoặc Nguyễn Hoa để tìm hiểu thẻ bảo hiểm rời không kèm nhân thọ.,True,True,2026-09-08T18:11:10.167779
1750166739523983,spam,trung_lap,0.0,none,,[],,"Commenter gợi ý tìm hiểu Generali, không áp dụng đồng chi trả cho trẻ dưới 5 tuổi và mời inbox Hoa Nguyen để tư vấn.",True,True,2026-09-08T18:11:10.167779
1750169236190400,khen,tich_cuc,0.8,none,,[],,Người dùng bày tỏ lời cảm ơn.,False,False,2026-09-08T18:11:10.167779
1750178882856102,spam,trung_lap,0.0,none,,[],,"TVV Daiichi giới thiệu thẻ sức khỏe gắn nhân thọ cho trẻ nhỏ với nhiều ưu điểm về phí, quyền lợi và mời inbox để tư vấn chi tiết.",True,True,2026-09-08T18:11:10.167779
1750232752850715,khen,tich_cuc,0.8,none,,[],,Người dùng bày tỏ lời cảm ơn.,False,False,2026-09-08T18:11:10.167779
1750232816184042,khen,tich_cuc,0.8,none,,[],,Người dùng bày tỏ lời cảm ơn.,False,False,2026-09-08T18:11:10.167779
1750232856184038,khen,tich_cuc,0.8,none,,[],,Người dùng bày tỏ lời cảm ơn.,False,False,2026-09-08T18:11:10.167779
1750233212850669,khen,tich_cuc,0.8,none,,[],,Người dùng bày tỏ lời cảm ơn.,False,False,2026-09-08T18:11:10.167779
1750737999466857,spam,trung_lap,0.0,none,,[],,"Commenter giới thiệu giải pháp của Daiichi kết hợp nhân thọ và thẻ sức khỏe, mời liên hệ qua Zalo để tư vấn.",True,True,2026-09-08T18:11:10.167779
1750775519463105,spam,trung_lap,0.0,none,,[],,Người dùng giới thiệu các gói bảo hiểm và mời liên hệ để được hỗ trợ.,True,False,2026-09-08T18:11:33.536774
1750836656123658,spam,trung_lap,0.0,none,,[],,Một tư vấn viên cung cấp thông tin chi tiết về gói bảo hiểm AIA cho trẻ em và mời liên hệ để được tư vấn thêm.,True,False,2026-09-08T18:11:33.536774
1749964129544244,spam,trung_lap,0.0,none,,[],,Người dùng hướng dẫn liên hệ Zalo của Affina Việt Nam để được hỗ trợ.,True,False,2026-09-08T18:11:33.536774
1749981572875833,y_kien_trung_lap,trung_lap,0.0,none,,[],,Người dùng bày tỏ lời cảm ơn.,False,False,2026-09-08T18:11:33.536774
1750330362840954,spam,trung_lap,0.0,none,,[],,Một tư vấn viên đưa ra lời khuyên chi tiết về việc không nên vội vàng chuyển đổi hợp đồng bảo hiểm và mời liên hệ để được tư vấn kỹ hơn.,True,False,2026-09-08T18:11:33.536774
1750355342838456,spam,trung_lap,0.0,none,,[],,"Một tư vấn viên AIA tự giới thiệu, đưa ra lời khuyên về việc không nên bỏ ngang hợp đồng bảo hiểm cũ và mời liên hệ để được review.",True,False,2026-09-08T18:11:33.536774
1750799102794080,spam,trung_lap,0.0,none,,[],,Người dùng đưa ra lời khuyên về việc thay đổi hợp đồng nếu quyền lợi không phù hợp và mời inbox để được hỗ trợ.,True,False,2026-09-08T18:11:33.536774
1750807572793233,spam,trung_lap,0.0,none,,[],,"Người dùng thắc mắc về việc đổi hợp đồng, cảnh báo về việc mất phí và mời inbox để được hỗ trợ review.",True,False,2026-09-08T18:11:33.536774
1750827276124596,spam,trung_lap,0.0,none,,[],,"Người dùng khuyên kiểm tra giá trị hoàn lại và quyền lợi hợp đồng trước khi quyết định thay đổi, đồng thời mời liên hệ để được hỗ trợ miễn phí.",True,False,2026-09-08T18:11:33.536774
1750909556116368,dich_vu_tu_van,tieu_cuc,-0.6,low,Cảnh báo về thông tin không chính xác từ TVV cá nhân.,"[""tu van khong minh bach""]",Cảnh báo về thông tin từ tư vấn viên cá nhân và tầm quan trọng của văn bản công ty,Người dùng thắc mắc về việc đổi hợp đồng và cảnh báo không nên tin thông tin từ tư vấn viên cá nhân mà cần văn bản từ công ty.,False,False,2026-09-08T18:11:33.536774
1750282486179075,y_kien_trung_lap,trung_lap,0.1,none,,[],Chia sẻ kinh nghiệm cá nhân về thẻ bảo hiểm Gen,Người dùng chia sẻ kinh nghiệm cá nhân và khuyên tham khảo thẻ bảo hiểm của Generali.,False,False,2026-09-08T18:11:33.536774
1750283256178998,khen,tich_cuc,0.7,none,,[],Ưu điểm của bảo hiểm Generali: không đồng chi trả,Người dùng khen ngợi bảo hiểm Generali vì có quyền lợi mua độc lập và không đồng chi trả.,False,False,2026-09-08T18:11:33.536774
1750286619511995,spam,trung_lap,0.0,none,,[],,"Một tư vấn viên giới thiệu gói bảo hiểm ngoại trú của Dai-ichi, nêu rõ quyền lợi và hạn chế về nội trú cho trẻ em.",True,False,2026-09-08T18:11:33.536774
1750290949511562,check_chi_phi,trung_lap,0.0,none,,[],Hạn mức chi trả ngoại trú của Generali Thanh Thuy,Người dùng hỏi về hạn mức chi trả ngoại trú hàng năm của gói Generali Thanh Thuy.,False,False,2026-09-08T18:11:33.536774
1750292159511441,check_chi_phi,trung_lap,0.0,none,,[],Hạn mức chi trả ngoại trú của Do Anh,Người dùng hỏi về hạn mức chi trả ngoại trú hàng năm của gói Do Anh.,False,False,2026-09-08T18:11:33.536774
1750295969511060,y_kien_trung_lap,trung_lap,0.0,none,,[],,Người dùng xác nhận thông tin.,False,False,2026-09-08T18:11:33.536774
1750297122844278,spam,trung_lap,0.0,none,,[],,"Một tư vấn viên giới thiệu gói bảo hiểm AIA phù hợp với ngân sách, nêu rõ quyền lợi nội trú và trải nghiệm chi trả nhanh chóng, đồng thời mời inbox để được tư vấn.",True,False,2026-09-08T18:11:33.536774
1750297159510941,spam,trung_lap,0.0,none,,[],,"Một tư vấn viên Dai-ichi tự giới thiệu, cung cấp thông tin chi tiết về gói bảo hiểm cho trẻ 2 tuổi với nhiều quyền lợi và mời inbox để được tư vấn.",True,False,2026-09-08T18:11:33.536774
1750302072843783,check_chi_phi,trung_lap,0.0,none,,[],Giới hạn số lần khám của Generali Thanh Thuy,Người dùng hỏi về giới hạn số lần khám của gói Generali Thanh Thuy.,False,False,2026-09-08T18:11:33.536774
1750307886176535,spam,trung_lap,0.0,none,,[],,Người dùng giới thiệu bảo hiểm Dai-ichi và mời inbox để được gửi phương án tham khảo.,True,False,2026-09-08T18:11:33.536774
1750308656176458,spam,trung_lap,0.0,none,,[],,Một tư vấn viên giới thiệu các quyền lợi bảo hiểm tối ưu cho bé và mời liên hệ để được tư vấn chi tiết.,True,False,2026-09-08T18:11:48.091825
1750309332843057,spam,trung_lap,0.0,none,,[],,Một người dùng thông báo gói bảo hiểm Gen không giới hạn số lần nằm viện và đang giảm 30% phí thẻ cho trẻ nhỏ.,True,False,2026-09-08T18:11:48.091825
1750314972842493,y_kien_trung_lap,trung_lap,0.1,none,,[],lợi ích khi kết hợp bảo hiểm y tế và bảo hiểm sức khỏe,Người dùng cho rằng việc sử dụng BHYT tại bệnh viện công cho khám ngoại trú là đủ.,False,False,2026-09-08T18:11:48.091825
1750315409509116,spam,trung_lap,0.0,none,,[],,Một tư vấn viên giới thiệu quyền lợi ngoại trú của Daiichi cho trẻ em và mời inbox để được tư vấn gói.,True,False,2026-09-08T18:11:48.091825
1750322802841710,spam,trung_lap,0.0,none,,[],,Một tư vấn viên giới thiệu gói bảo hiểm Sun Life cho bé 2 tuổi với ngân sách 10-15 triệu và mời liên hệ để tư vấn chi tiết.,True,False,2026-09-08T18:11:48.091825
1750326036174720,spam,trung_lap,0.0,none,,[],,Một tư vấn viên đưa ra lời khuyên về hồ sơ sức khỏe của bé khi mua bảo hiểm và mời liên hệ để được tư vấn phương án phù hợp.,True,False,2026-09-08T18:11:48.091825
1750331989507458,spam,trung_lap,0.0,none,,[],,"Một người dùng thông báo gói Gen có quyền lợi nội trú và ngoại trú viện công 100%, viện tư ngoại trú 80%, và đang có chương trình giảm 30% phí thẻ.",True,False,2026-09-08T18:11:48.091825
1750332272840763,spam,trung_lap,0.0,none,,[],,Một người dùng thông báo gói bảo hiểm đang được giảm giá còn 15 triệu.,True,False,2026-09-08T18:11:48.091825
1750347236172600,spam,trung_lap,0.0,none,,[],,"Một tư vấn viên giới thiệu gói bảo hiểm Generali bao gồm nhân thọ, nội trú, ngoại trú, tai nạn và mời liên hệ để tư vấn chi tiết.",True,False,2026-09-08T18:11:48.091825
1750408832833107,spam,trung_lap,0.0,none,,[],,"Một người dùng gợi ý tham khảo AIA với quyền lợi nội trú rộng, bao gồm cả ngoại trú với phí từ 14 triệu, và mời liên hệ để được hỗ trợ.",True,False,2026-09-08T18:11:48.091825
1750410366166287,check_chi_phi,trung_lap,0.0,none,,[],các hình thức thanh toán bảo hiểm,"Người dùng hỏi về hình thức thanh toán, cụ thể là thẻ Visa.",False,False,2026-09-08T18:11:48.091825
1750626806144643,y_kien_trung_lap,trung_lap,0.2,none,,[],hướng dẫn thanh toán bảo hiểm bằng thẻ tín dụng,"Người dùng giải thích rằng đó là phí thẻ sức khỏe, Gen đang có khuyến mãi và có thể được hoàn phí khi thanh toán bằng thẻ tín dụng của một số ngân hàng.",False,False,2026-09-08T18:11:48.091825
1750747146132609,spam,trung_lap,0.0,none,,[],,Một tư vấn viên gợi ý gói Daiichi kết hợp tích lũy và bảo vệ sức khỏe với ngân sách 1 triệu/tháng và mời liên hệ qua Zalo để nhận phương án cụ thể.,True,False,2026-09-08T18:11:48.091825
1750755319465125,spam,trung_lap,0.0,none,,[],,"Một tư vấn viên giới thiệu chi tiết gói bảo hiểm Daiichi cho trẻ em, bao gồm quyền lợi ngoại trú 100% và nội trú 70%, và mời kết nối để trao đổi.",True,False,2026-09-08T18:11:48.091825
1750777512796239,y_kien_trung_lap,trung_lap,0.1,none,,[],,Người dùng gợi ý thương hiệu bảo hiểm Gen.,False,False,2026-09-08T18:11:48.091825
1750813099459347,spam,trung_lap,0.0,none,,[],,"Một tư vấn viên giới thiệu gói bảo hiểm Daiichi kết hợp nhân thọ, nội trú và ngoại trú cho bé, bao gồm cả quỹ học vấn, và mời inbox để được tư vấn.",True,False,2026-09-08T18:11:48.091825
1750821126125211,spam,trung_lap,0.0,none,,[],,"Một người dùng gợi ý tham khảo AIA với các quyền lợi nội trú và ngoại trú cho trẻ em, đặc biệt là các bệnh hô hấp, và mời liên hệ để được tư vấn thêm.",True,False,2026-09-08T18:11:48.091825
1750850279455629,phan_van,trung_lap,0.0,none,,[],bảo hiểm cho trẻ em có bệnh nền,Người dùng hỏi liệu bé 5 tháng tuổi bị viêm phổi có được hưởng bảo hiểm cho bệnh nền hay không.,False,False,2026-09-08T18:11:48.091825
1750910246116299,spam,trung_lap,0.0,none,,[],,"Một người dùng gợi ý tham khảo Sun Life với hạn mức 300 triệu/năm, chi trả 100% viện tư và xét nghiệm âm tính, và mời inbox để nhận phương án chi tiết.",True,False,2026-09-08T18:11:48.091825
1750913806115943,y_kien_trung_lap,trung_lap,0.2,none,,[],quy trình thẩm định bảo hiểm cho bệnh nền,"Người dùng giải thích rằng việc bảo hiểm bệnh nền phụ thuộc vào việc dùng thuốc hay nằm viện, có thể được bảo vệ từ năm thứ hai, và quy trình thẩm định của Gen khá nhẹ nhàng.",False,False,2026-09-08T18:11:48.091825
1750281792845811,y_kien_trung_lap,trung_lap,0.0,none,,[],,Comment trống rỗng.,False,False,2026-09-08T18:12:01.279660
1750282032845787,so_sanh_chung,trung_lap,0.2,none,,[],So sánh chi phí và quyền lợi bảo hiểm Gen và Sun Life,Người dùng hài lòng với Gen nhưng muốn so sánh sự khác biệt và chi phí với Sun Life.,False,False,2026-09-08T18:12:01.279660
1750287102845280,khen,tich_cuc,0.8,none,,[],Ưu điểm của Gen Life trong quy trình bảo lãnh viện phí,Người dùng khen Gen Life về quy trình bảo lãnh và tốc độ xử lý hồ sơ nhanh chóng.,False,False,2026-09-08T18:12:01.279660
1750291326178191,phan_van,trung_lap,0.0,none,,[],Nên chuyển đổi bảo hiểm hay không?,Người dùng đang phân vân giữa việc tiếp tục sử dụng Gen Life hay chuyển sang Sun Life.,False,False,2026-09-08T18:12:01.279660
1750291369511520,khen,tich_cuc,0.7,none,,[],Đánh giá quy trình chi trả và dịch vụ khách hàng của Gen Life,"Người dùng đánh giá cao Gen Life về tốc độ chi trả, quy trình claim đơn giản và dịch vụ khách hàng, nhưng cho rằng phí hơi mắc.",False,False,2026-09-08T18:12:01.279660
1750292759511381,check_chi_phi,trung_lap,0.0,none,,[],Các yếu tố cần cân nhắc khi chuyển đổi bảo hiểm,"Người dùng hỏi lý do chuyển đổi bảo hiểm, đặc biệt về chi phí.",False,False,2026-09-08T18:12:01.279660
1750294549511202,y_kien_trung_lap,trung_lap,0.0,none,,[],,Người dùng hỏi xác nhận về quy trình thẩm định của Gen Life.,False,False,2026-09-08T18:12:01.279660
1750296249511032,so_sanh_chung,trung_lap,-0.1,none,,[],So sánh chi phí và quyền lợi bảo hiểm ngoại trú của Gen Life và Sun Life,"Người dùng so sánh chi phí ngoại trú của Gen Life và Sun Life, nhận thấy Sun Life rẻ hơn và có tính năng cộng dồn thẻ, đồng thời bày tỏ sự tiếc nuối về chi phí đã bỏ ra cho Gen Life.",False,False,2026-09-08T18:12:01.279660
1750296436177680,khen,tich_cuc,0.8,none,,[],Ưu điểm của Gen Life trong quy trình claim và bảo lãnh chi phí điều trị ung thư,"Người dùng khen Gen Life về quy trình claim đơn giản, ít yêu cầu hồ sơ và khả năng bảo lãnh 100% chi phí điều trị ung thư, đồng thời so sánh với Sun Life.",False,False,2026-09-08T18:12:01.279660
1750296766177647,khen,tich_cuc,0.9,none,,[],Vai trò của tư vấn viên tận tâm trong việc tối ưu quyền lợi bảo hiểm,"Người dùng khen Gen Life và tư vấn viên có tâm, giúp giảm thiểu các điều khoản loại trừ và mang lại trải nghiệm hài lòng.",False,False,2026-09-08T18:12:01.279660
1750298202844170,khen,tich_cuc,0.8,none,,[],Đánh giá quy trình thẩm định của Gen Life từ khách hàng thực tế,Người dùng xác nhận Gen Life có quy trình thẩm định nhẹ nhàng nhất.,False,False,2026-09-08T18:12:01.279660
1750304682843522,y_kien_trung_lap,trung_lap,0.0,none,,[],,Comment trống rỗng.,False,False,2026-09-08T18:12:01.279660
1750304939510163,khen,tich_cuc,0.7,none,,[],Trải nghiệm khách hàng với Gen Life,Người dùng rất hài lòng với Gen Life nhưng không có thông tin về Sun Life.,False,False,2026-09-08T18:12:01.279660
1750306479510009,spam,trung_lap,0.0,none,,[],,Một tư vấn viên hỏi thông tin về đối tượng tham gia bảo hiểm.,True,False,2026-09-08T18:12:01.279660
1750313696175954,san_pham_giai_phap,tieu_cuc,-0.5,low,Giới hạn chi trả nằm viện,"[""gioi han chi tra nam vien"", ""pham vi bao hiem han che""]",Tìm hiểu giới hạn chi trả nằm viện trong các gói bảo hiểm,Người dùng chỉ ra nhược điểm về giới hạn chi trả cho mỗi lần nằm viện khi có kết quả dương tính.,False,False,2026-09-08T18:12:01.279660
1750313876175936,so_sanh_chung,trung_lap,0.3,none,,[],"So sánh chi tiết các gói bảo hiểm sức khỏe của AIA, Gen Life và Sun Life","Người dùng cung cấp một phân tích chi tiết về các gói bảo hiểm của AIA, Gen Life và Sun Life, so sánh về chi phí, quyền lợi, giới hạn và điều kiện tham gia.",False,False,2026-09-08T18:12:01.279660
1750316946175629,khen,tich_cuc,0.95,none,,[],"Trải nghiệm khách hàng thực tế: Gen Life - Claim nhanh, bảo lãnh hiệu quả","Người dùng bày tỏ sự hài lòng tuyệt đối với Gen Life về quy trình claim nhanh chóng, bảo lãnh trực tiếp hiệu quả, chi trả 100% và không có loại trừ, đồng thời giới thiệu chương trình ưu đãi.",False,False,2026-09-08T18:12:01.279660
1750319666175357,y_kien_trung_lap,trung_lap,0.0,none,,[],So sánh số lượng và mạng lưới tư vấn viên của các công ty bảo hiểm,Người dùng nhận xét Gen Life có nhiều tư vấn viên hơn Sun Life.,False,False,2026-09-08T18:12:01.279660
1750331016174222,y_kien_trung_lap,trung_lap,0.0,none,,[],Hiểu rõ các hạng thẻ và hạn mức chi trả trong bảo hiểm sức khỏe,Người dùng giải thích rằng sự khác biệt về chi phí ngoại trú giữa Sun Life và Gen Life là do các hạng thẻ và hạn mức chi trả khác nhau.,False,False,2026-09-08T18:12:01.279660
1750332339507423,san_pham_giai_phap,tieu_cuc,-0.6,low,Điều khoản loại trừ nhiều,"[""dieu khoan loai tru nhieu""]",So sánh các điều khoản loại trừ của các gói bảo hiểm,Người dùng nhận xét Sun Life có nhiều điều khoản loại trừ hơn.,False,False,2026-09-08T18:12:01.279660
1750357826171541,y_kien_trung_lap,trung_lap,0.0,none,,[],Hướng dẫn xử lý khi hồ sơ bảo hiểm bị chậm,Comment giải thích lý do hồ sơ có thể bị chậm do nghỉ lễ và khuyên liên hệ tổng đài để kiểm tra.,False,False,2026-09-08T18:12:16.649848
1750359206171403,khen,tich_cuc,0.8,none,,[],,Khách hàng cảm ơn người đã hướng dẫn.,False,False,2026-09-08T18:12:16.649848
1750362109504446,y_kien_trung_lap,trung_lap,0.0,none,,[],,Một phản hồi lịch sự không có nội dung cụ thể.,False,False,2026-09-08T18:12:16.649848
1750842332789757,y_kien_trung_lap,trung_lap,0.0,none,,[],,Comment đề xuất liên hệ hotline để kiểm tra phản hồi.,False,False,2026-09-08T18:12:16.649848
1750848286122495,khen,tich_cuc,0.9,none,,[],,Khách hàng báo tin tích cực rằng hồ sơ đã được cập nhật và xử lý sau khi gọi hotline của Bảo Việt.,False,False,2026-09-08T18:12:16.649848
1750912276116096,spam,trung_lap,-0.29,none,,[],,Comment hướng dẫn người dùng liên hệ một cá nhân cụ thể để được hỗ trợ.,True,False,2026-09-08T18:12:16.649848
1750842859456371,spam,trung_lap,-0.29,none,,[],,Comment hỏi người dùng cần bảo hiểm sức khỏe hay bảo hiểm ô tô.,True,False,2026-09-08T18:12:16.649848
1750684949472162,spam,trung_lap,-0.29,none,,[],,"Comment khẳng định có thể tham gia bảo hiểm sau mổ K giáp, chia sẻ trường hợp khách hàng đã tham gia gói Gen và đính kèm video.",True,False,2026-09-08T18:12:16.649848
1750685426138781,spam,trung_lap,-0.29,none,,[],,"Một tư vấn viên tự giới thiệu, hỏi thông tin về bệnh án K giáp và yêu cầu inbox để xem hồ sơ, kèm số điện thoại.",True,False,2026-09-08T18:12:16.649848
1750686099472047,y_kien_trung_lap,trung_lap,0.0,none,,[],Thời gian chờ sau điều trị K giáp để tham gia bảo hiểm,Comment cung cấp thông tin về thời gian có thể nộp yêu cầu bảo hiểm sau khi mổ K giáp nếu sức khỏe ổn định.,False,False,2026-09-08T18:12:16.649848
1750687169471940,y_kien_trung_lap,trung_lap,0.0,none,,[],Giải thích điều khoản loại trừ bệnh có sẵn trong bảo hiểm,Comment giải thích rằng bảo hiểm sẽ loại trừ các bệnh có sẵn.,False,False,2026-09-08T18:12:16.649848
1750688282805162,y_kien_trung_lap,trung_lap,0.0,none,,[],Thời gian chờ và khả năng mua bảo hiểm sau mổ K giáp,"Comment cho biết cần thời gian để đánh giá khả năng mua bảo hiểm sau mổ K giáp, có trường hợp phải chờ rất lâu.",False,False,2026-09-08T18:12:16.649848
1750688679471789,spam,trung_lap,-0.29,none,,[],,"Comment cho biết có thể mua bảo hiểm nhưng sẽ loại trừ bệnh lý tuyến giáp, đồng thời mời inbox để được tư vấn thiết kế gói phù hợp.",True,False,2026-09-08T18:12:16.649848
1750688906138433,spam,trung_lap,-0.29,none,,[],,Comment xác nhận cần xem hồ sơ bệnh án và chia sẻ trường hợp khách hàng của mình được Gen chấp thuận bán sau 1 năm phẫu thuật.,True,False,2026-09-08T18:12:16.649848
1750689516138372,spam,trung_lap,-0.29,none,,[],,Comment thông báo chương trình khuyến mãi 20% phí thẻ sức khỏe của Gen trong tháng 9 và mời inbox để lên phương án.,True,False,2026-09-08T18:12:16.649848
1750693646137959,spam,trung_lap,-0.29,none,,[],,Comment hướng dẫn người dùng liên hệ hai cá nhân cụ thể tại Generali.,True,False,2026-09-08T18:12:16.649848
1750697042804286,khen,tich_cuc,0.8,none,,[],,Một lời cảm ơn ngắn gọn.,False,False,2026-09-08T18:12:16.649848
1750701146137209,y_kien_trung_lap,trung_lap,0.0,none,,[],Lưu ý về thời gian chờ và chứng từ sau mổ K giáp khi tham gia bảo hiểm,Comment khuyên nên chờ 2 năm sau mổ K giáp và giữ toàn bộ chứng từ.,False,False,2026-09-08T18:12:16.649848
1750702409470416,y_kien_trung_lap,trung_lap,0.0,none,,[],Thời gian chờ mua bảo hiểm sau mổ K giáp không phóng xạ,Comment cho biết có thể mua bảo hiểm Generali sau 6 tháng đến 1 năm nếu mổ K giáp không phải phóng xạ.,False,False,2026-09-08T18:12:16.649848
1750703486136975,y_kien_trung_lap,trung_lap,0.0,none,,[],Khả năng mua bảo hiểm sau điều trị K giáp ổn định tại Manulife,Comment cho biết có thể mua bảo hiểm tại Manulife nếu điều trị K giáp ổn định.,False,False,2026-09-08T18:12:16.649848
1750349039505753,so_sanh_chung,tich_cuc,0.8,none,,[],"So sánh chi tiết các gói bảo hiểm sức khỏe của Sun Life, Generali, Manulife, AIA","Người dùng chia sẻ kinh nghiệm so sánh các sản phẩm bảo hiểm, đánh giá cao Sun Life về quyền lợi và chi phí.",False,False,2026-09-08T18:12:18.720148
1750350642838926,khen,tich_cuc,0.9,none,,[],,Người dùng bày tỏ sự khen ngợi về trải nghiệm được chia sẻ là tuyệt vời và thực tế.,False,False,2026-09-08T18:12:18.720148
1750350962838894,y_kien_trung_lap,trung_lap,0.1,none,,[],Quy trình bồi thường bảo hiểm cho bệnh hiểm nghèo,Người dùng chia sẻ trường hợp khách hàng được Sun Life chi trả cho điều trị ung thư máu và nhấn mạnh quy trình hồ sơ.,False,False,2026-09-08T18:12:18.720148
1750352876172036,spam,trung_lap,0.0,none,,[],,Một tư vấn viên của Generali chào mời khách hàng tìm hiểu ưu đãi thẻ sức khỏe và mời liên hệ để được tư vấn.,True,False,2026-09-08T18:12:18.720148
1750358289504828,khen,tich_cuc,0.7,none,,[],Tại sao nên chọn thẻ sức khỏe Sun Life cho quyền lợi ngoại trú,"Người dùng giới thiệu Sun Life, khen ngợi phí rẻ và quyền lợi phù hợp, đặc biệt là quyền lợi ngoại trú cao.",False,False,2026-09-08T18:12:18.720148
1750372722836718,spam,trung_lap,0.0,none,,[],,Một tư vấn viên mời người dùng tham khảo thẻ Sun Life và liên hệ để được tư vấn chi tiết.,True,False,2026-09-08T18:12:18.720148
1750416849498972,so_sanh_chung,tich_cuc,0.6,none,,[],So sánh trải nghiệm khách hàng: Generali vs Manulife,"Người dùng hài lòng với Generali sau 3 năm sử dụng, khen thủ tục gọn gàng, giấy tờ đơn giản, so sánh với Manulife.",False,False,2026-09-08T18:12:18.720148
1750557816151542,so_sanh_chung,trung_lap,0.2,none,,[],"Phân tích chi tiết các gói bảo hiểm sức khỏe của AIA, Generali, Sun Life","Người dùng phân tích chi tiết các gói bảo hiểm sức khỏe của AIA, Generali, Sun Life, nêu ưu nhược điểm và khuyên cân nhắc.",False,False,2026-09-08T18:12:18.720148
1750627206144603,y_kien_trung_lap,trung_lap,0.0,none,,[],,Người dùng trả lời về độ tuổi tham gia bảo hiểm là trên 55 tuổi.,False,False,2026-09-08T18:12:18.720148
1750698539470803,so_sanh_chung,trung_lap,0.1,none,,[],So sánh chi phí và quyền lợi ngoại trú của Generali và Sun Life,"Người dùng so sánh chi phí và hạn mức ngoại trú của Generali và Sun Life, cảnh báo về thẩm định lại sức khỏe khi đổi thẻ.",False,False,2026-09-08T18:12:18.720148
1750833036124020,spam,trung_lap,0.0,none,,[],,"Một tư vấn viên của Dai-ichi Life giới thiệu các sản phẩm thẻ sức khỏe và bảo hiểm nhân thọ, mời khách hàng liên hệ.",True,False,2026-09-08T18:12:18.720148
1750834412790549,spam,trung_lap,0.0,none,,[],,"Một tư vấn viên giới thiệu Dai-ichi Life với phí rẻ và quyền lợi cao, mời khách hàng nhắn tin để được so sánh và tư vấn.",True,False,2026-09-08T18:12:18.720148
1750841429456514,spam,trung_lap,0.0,none,,[],,Một tư vấn viên khuyên người dùng đọc kỹ điều khoản và mời liên hệ qua tin nhắn hoặc Zalo để được hỗ trợ.,True,False,2026-09-08T18:12:18.720148
1750912059449451,so_sanh_chung,trung_lap,0.2,none,,[],So sánh quyền lợi và chi phí bảo hiểm Generali và Sun Life,"Người dùng so sánh quyền lợi của Generali và Sun Life, nhận định phí của Sun Life rẻ hơn, và khuyên có bảo hiểm sớm.",True,False,2026-09-08T18:12:18.720148
1750925296114794,spam,trung_lap,0.0,none,,[],,Một tư vấn viên của Generali mời người dùng liên hệ để được tư vấn về sản phẩm của Generali và Sun Life.,True,False,2026-09-08T18:12:18.720148
1750937586113565,spam,trung_lap,0.0,none,,[],,Người dùng cung cấp số điện thoại và mời liên hệ để được hỗ trợ.,True,False,2026-09-08T18:12:18.720148
1750943626112961,so_sanh_chung,trung_lap,0.1,none,,[],Nên chọn Generali hay Sun Life khi mua bảo hiểm cá nhân hay gia đình,Người dùng đưa ra lời khuyên chọn Generali cho hợp đồng cá nhân và Sun Life cho hợp đồng mua gộp.,False,False,2026-09-08T18:12:18.720148
1750330026174321,y_kien_trung_lap,trung_lap,0.0,none,,[],,Người dùng hỏi về loại hình bảo hiểm và gợi ý liên hệ hotline để được giải đáp.,False,False,2026-09-08T18:12:18.720148
1750332582840732,y_kien_trung_lap,trung_lap,0.0,none,,[],Hướng dẫn sử dụng ứng dụng Bảo Việt Direct để yêu cầu bồi thường,Người dùng xác nhận bảo hiểm là phi nhân thọ và cho biết sẽ gọi hỏi về việc sử dụng ứng dụng Bảo Việt Direct để yêu cầu bồi thường.,False,False,2026-09-08T18:12:18.720148
1750335006173823,y_kien_trung_lap,trung_lap,0.1,none,,[],,"Người dùng trấn an rằng có thể không có vấn đề gì nghiêm trọng, chỉ là bộ phận liên quan chưa nhận hoặc xử lý yêu cầu.",False,False,2026-09-08T18:12:18.720148
1750710526136271,spam,trung_lap,0.0,none,,[],,Một tư vấn viên Generali tự giới thiệu kinh nghiệm và mời khách hàng liên hệ để được tư vấn về bảo hiểm.,True,False,2026-09-08T18:12:30.593318
1750720316135292,spam,trung_lap,0.0,none,,[],,Comment giới thiệu người dùng liên hệ với các tư vấn viên cụ thể của Generali.,True,False,2026-09-08T18:12:30.593318
1750722802801710,san_pham_giai_phap,tieu_cuc,-0.6,low,"Loại trừ bệnh lý tiền sử, không mua được thẻ sức khỏe.","[""loại trừ bệnh lý"", ""không mua được thẻ sức khỏe""]",Giải thích về điều khoản loại trừ bệnh lý nền trong bảo hiểm,Người dùng chia sẻ kinh nghiệm chồng bị ung thư tuyến giáp 5 năm sau vẫn mua được bảo hiểm nhân thọ nhưng bị loại trừ các bệnh liên quan và không mua được thẻ sức khỏe.,False,False,2026-09-08T18:12:30.593318
1750733389467318,y_kien_trung_lap,trung_lap,0.1,none,,[],,Người dùng gửi lời cảm ơn đến Nguyễn Hoa.,False,False,2026-09-08T18:12:30.593318
1750733646133959,spam,trung_lap,0.0,none,,[],,Một tư vấn viên mời người dùng nhắn tin riêng để được tư vấn về bảo hiểm Generali.,True,False,2026-09-08T18:12:30.593318
1750733669467290,spam,trung_lap,0.0,none,,[],,"Một tư vấn viên hỏi về tình trạng bệnh K tuyến giáp và đưa ra lời khuyên về việc tham gia bảo hiểm, đồng thời mời liên hệ để được hỗ trợ chi tiết.",True,False,2026-09-08T18:12:30.593318
1750736466133677,spam,trung_lap,0.0,none,,[],,Một tư vấn viên Generali giới thiệu kinh nghiệm 10 năm và mời người dùng nhắn tin riêng để được tư vấn.,True,False,2026-09-08T18:12:30.593318
1750737162800274,muon_tu_van,trung_lap,0.2,none,,[],Danh sách văn phòng Generali tại các tỉnh thành,Người dùng hỏi về sự hiện diện của văn phòng Generali tại Lào Cai và tìm kiếm tư vấn viên trực tiếp tại khu vực đó.,False,False,2026-09-08T18:12:30.593318
1750738226133501,y_kien_trung_lap,trung_lap,0.3,none,,[],Điều kiện tham gia bảo hiểm cho người có tiền sử bệnh tuyến giáp,Comment hỏi về tình trạng sức khỏe sau phẫu thuật K tuyến giáp và giải thích khả năng tham gia bảo hiểm với điều khoản loại trừ bệnh lý.,True,False,2026-09-08T18:12:30.593318
1750744949466162,y_kien_trung_lap,trung_lap,0.1,none,,[],,Người dùng gửi lời cảm ơn đến Nguyễn Hoa.,False,False,2026-09-08T18:12:30.593318
1750760359464621,y_kien_trung_lap,trung_lap,0.1,none,,[],,Người dùng tương tác với Nguyễn Hoa bằng biểu tượng cảm xúc.,False,False,2026-09-08T18:12:30.593318
1750770349463622,spam,trung_lap,0.0,none,,[],,Comment giới thiệu người dùng liên hệ với chị Nguyễn Thảo Generali.,True,False,2026-09-08T18:12:30.593318
1750794219461235,y_kien_trung_lap,trung_lap,0.1,none,,[],,Người dùng gửi lời cảm ơn đến Phạm Quốc Công.,False,False,2026-09-08T18:12:30.593318
1750795006127823,spam,trung_lap,0.0,none,,[],,Một tư vấn viên hỏi về thời gian phẫu thuật K giáp và mời người dùng nhắn tin riêng để được tư vấn và kiểm tra hồ sơ y tế.,True,False,2026-09-08T18:12:30.593318
1750809692793021,spam,trung_lap,0.0,none,,[],,"Một tư vấn viên giải thích về khả năng tham gia bảo hiểm sau phẫu thuật K giáp, so sánh sản phẩm của Generali và Daiichi, đồng thời giới thiệu bản thân và mời tư vấn.",True,False,2026-09-08T18:12:30.593318
1750905332783457,spam,trung_lap,0.0,none,,[],,Comment giới thiệu người dùng liên hệ với các tư vấn viên lâu năm của Generali.,True,False,2026-09-08T18:12:30.593318
1750910499449607,y_kien_trung_lap,trung_lap,0.1,none,,[],,Người dùng tương tác với Nam Bui bằng biểu tượng cảm xúc.,False,False,2026-09-08T18:12:30.593318
1750912419449415,y_kien_trung_lap,trung_lap,0.1,none,,[],,Người dùng gửi lời cảm ơn đến Nam Bui.,False,False,2026-09-08T18:12:30.593318
1750952626112061,y_kien_trung_lap,trung_lap,0.1,none,,[],,Người dùng gửi lời cảm ơn đến Nam Bui.,False,False,2026-09-08T18:12:30.593318
1751127162761274,spam,trung_lap,0.0,none,,[],,Một tư vấn viên hỏi về thời gian phẫu thuật và mời người dùng gửi hồ sơ y tế để được tư vấn chi tiết.,True,False,2026-09-08T18:12:30.593318
1751136932760297,khen,tich_cuc,0.8,none,,[],,Người dùng bày tỏ lời cảm ơn.,False,False,2026-09-08T18:12:45.845841
1751757592698231,y_kien_trung_lap,trung_lap,0.2,none,,[],Kinh nghiệm mua bảo hiểm sau khi mắc bệnh hiểm nghèo,Người dùng chia sẻ kinh nghiệm mua bảo hiểm sau khi mắc bệnh hiểm nghèo.,True,False,2026-09-08T18:12:45.845841
1750689692805021,spam,trung_lap,0.0,none,,[],,Người dùng gợi ý tìm hiểu thêm về sản phẩm của một công ty bảo hiểm cụ thể.,True,True,2026-09-08T18:12:45.845841
1750708682803122,spam,trung_lap,0.0,none,,[],,Người dùng tự giới thiệu là tư vấn viên AIA và mời liên hệ để được tư vấn.,True,False,2026-09-08T18:12:45.845841
1750836229457034,spam,trung_lap,0.0,none,,[],,"Tư vấn viên chê sản phẩm MB, quảng bá sản phẩm Daiichi và mời tư vấn.",True,False,2026-09-08T18:12:45.845841
1750863482787642,y_kien_trung_lap,trung_lap,0.0,none,,[],So sánh chi tiết các sản phẩm bảo hiểm của MB và Dai-ichi,"Người dùng phản bác ý kiến chê MB, so sánh phạm vi bảo vệ của MB và Dai-ichi.",False,False,2026-09-08T18:12:45.845841
1750760996131224,y_kien_trung_lap,trung_lap,0.1,none,,[],Hướng dẫn đọc và hiểu các điều khoản loại trừ trong hợp đồng bảo hiểm,Người dùng gợi ý kiểm tra điều khoản loại trừ liên quan đến bệnh lý mụn trong hợp đồng.,False,False,2026-09-08T18:12:45.845841
1750762066131117,khen,tich_cuc,0.8,none,,[],,Người dùng bày tỏ lời cảm ơn.,False,False,2026-09-08T18:12:45.845841
1750798569460800,y_kien_trung_lap,trung_lap,0.0,none,,[],Các trường hợp bệnh lý thẩm mỹ không được bảo hiểm chi trả,Người dùng chia sẻ thông tin mụn thường không được bảo hiểm chi trả do liên quan đến thẩm mỹ.,False,False,2026-09-08T18:12:45.845841
1750801316127192,khen,tich_cuc,0.8,none,,[],,Người dùng bày tỏ lời cảm ơn.,False,False,2026-09-08T18:12:45.845841
1750804469460210,y_kien_trung_lap,trung_lap,0.0,none,,[],Phân biệt các bệnh lý da liễu được và không được bảo hiểm chi trả,"Người dùng thông tin mụn thường không được chi trả, nhưng viêm da dị ứng có thể được.",True,False,2026-09-08T18:12:45.845841
1750823996124924,y_kien_trung_lap,trung_lap,0.1,none,,[],,Người dùng phản hồi ngắn gọn.,False,False,2026-09-08T18:12:45.845841
1750907559449901,y_kien_trung_lap,trung_lap,0.0,none,,[],Các trường hợp bệnh lý da liễu được bảo hiểm chi trả,"Người dùng thông tin khám mụn không được chi trả, chỉ bệnh lý cụ thể mới được.",True,False,2026-09-08T18:12:45.845841
1750932856114038,y_kien_trung_lap,trung_lap,0.2,none,,[],Kinh nghiệm claim bảo hiểm khi khám mụn tại BV ĐHYD,Người dùng chia sẻ kinh nghiệm khám mụn tại BV ĐHYD được bảo hiểm chi trả.,False,False,2026-09-08T18:12:45.845841
1750939109446746,khen,tich_cuc,0.7,none,,[],,Người dùng bày tỏ lời cảm ơn và sẽ tìm hiểu thêm thông tin.,False,False,2026-09-08T18:12:45.845841
1751128922761098,y_kien_trung_lap,trung_lap,0.1,none,,[],Giải thích chi tiết về chi trả bảo hiểm cho các bệnh lý da liễu,"Người dùng giải thích mụn thường không được chi trả, nhưng các bệnh da khác có thể được xem xét.",True,False,2026-09-08T18:12:45.845841
1750788356128488,khen,tich_cuc,0.9,none,,[],Tầm quan trọng của sự minh bạch trong tư vấn bảo hiểm,"Người dùng khen ngợi tư vấn viên Ngân vì cách chia sẻ thông tin công tâm, rõ ràng và minh bạch.",False,False,2026-09-08T18:12:45.845841
1750789566128367,khen,tich_cuc,0.7,none,,[],Những ca xử lý bồi thường bảo hiểm thành công,Người dùng biết đến tư vấn viên Ngân qua các trường hợp xử lý bồi thường thành công.,False,False,2026-09-08T18:12:45.845841
1750793926127931,khen,tich_cuc,0.6,none,,[],,Người dùng bày tỏ sự hài lòng qua biểu tượng cảm xúc.,False,False,2026-09-08T18:12:45.845841
1750818399458817,khen,tich_cuc,0.9,none,,[],Tổ chức các buổi chia sẻ thông tin bảo hiểm chất lượng cho khách hàng,"Người dùng khen ngợi buổi chia sẻ thông tin là đúng, đủ, đáng và mong muốn có thêm nhiều buổi tương tự.",False,False,2026-09-08T18:12:45.845841
1750681096139214,spam,trung_lap,0.0,none,,[],,Comment trống rỗng.,False,False,2026-09-08T18:13:03.327597
1750681579472499,spam,trung_lap,0.0,none,,[],,Một tư vấn viên mời inbox để tư vấn về gói thai sản 10 triệu.,True,False,2026-09-08T18:13:03.327597
1750821296125194,y_kien_trung_lap,trung_lap,0.2,none,,[],Hướng dẫn quy trình bảo lãnh viện phí tại bệnh viện Hồng Ngọc,Comment hướng dẫn người dùng về quy trình bảo lãnh trực tiếp tại bệnh viện Hồng Ngọc PTM.,False,False,2026-09-08T18:13:03.327597
1750823236125000,spam,trung_lap,0.0,none,,[],,"Một tư vấn viên AIA cung cấp thông tin về thẻ sức khỏe và mời liên hệ riêng để kiểm tra hợp đồng, hướng dẫn claim và tư vấn thêm.",True,False,2026-09-08T18:13:03.327597
1750825819458075,y_kien_trung_lap,trung_lap,0.3,none,,[],Cách kiểm tra quyền lợi bảo hiểm và quy trình claim,"Người dùng chia sẻ kinh nghiệm về việc kiểm tra hợp đồng, hỏi tổng đài hoặc tư vấn viên để biết hạn mức và quy trình claim.",False,False,2026-09-08T18:13:03.327597
1750826919457965,check_chi_phi,trung_lap,0.0,none,,[],,Người dùng hỏi xác nhận về việc có được trừ trực tiếp chi phí tại bệnh viện không.,False,False,2026-09-08T18:13:03.327597
1750827116124612,dich_vu_tu_van,tieu_cuc,-0.6,low,Phàn nàn về chất lượng dịch vụ tư vấn.,"[""tu van vien khong nhiet tinh""]",,Người dùng phàn nàn rằng tư vấn viên cũ đã nghỉ và tư vấn viên mới không nhiệt tình.,False,False,2026-09-08T18:13:03.327597
1750828402791150,spam,trung_lap,0.0,none,,[],,Người dùng khuyên đổi tư vấn viên nếu không nhiệt tình và đề nghị giới thiệu tư vấn viên của mình.,False,True,2026-09-08T18:13:03.327597
1750830839457573,y_kien_trung_lap,trung_lap,0.0,none,,[],,Người dùng trả lời mình ở Hà Nội và hỏi lại người kia ở đâu.,False,False,2026-09-08T18:13:03.327597
1750839839456673,spam,trung_lap,0.0,none,,[],,Một người dùng mời inbox để được hỗ trợ.,True,False,2026-09-08T18:13:03.327597
1750841636123160,spam,trung_lap,0.0,none,,[],,"Một tư vấn viên mời inbox để hỗ trợ, chia sẻ kinh nghiệm về việc sinh tại Hồng Ngọc PTM và quy trình claim.",True,False,2026-09-08T18:13:03.327597
1750846166122707,spam,trung_lap,0.0,none,,[],,"Người dùng giới thiệu liên hệ chị Vũ Ninh của AIA để kiểm tra hợp đồng và tư vấn bảo hiểm cho bé, khen chị ấy nhiệt tình, chu đáo.",False,True,2026-09-08T18:13:03.327597
1750848492789141,y_kien_trung_lap,trung_lap,0.2,none,,[],Hướng dẫn kiểm tra chính sách bảo lãnh trực tiếp tại bệnh viện,Người dùng xác nhận thông tin và khuyên kiểm tra bảo hiểm có bảo lãnh trực tiếp tại bệnh viện Hồng Ngọc PTM không.,False,False,2026-09-08T18:13:03.327597
1750853032788687,y_kien_trung_lap,trung_lap,0.3,none,,[],Chi tiết quyền lợi bảo hiểm thai sản và quy trình claim online,"Một tư vấn viên AIA cung cấp thông tin về hạn mức thai sản 10 triệu và quy trình claim online, đồng thời hỏi về kế hoạch bảo hiểm cho 2 bé.",True,False,2026-09-08T18:13:03.327597
1750865102787480,khen,tich_cuc,0.8,none,,[],,Người dùng gửi lời cảm ơn đến Thùy Vy.,False,False,2026-09-08T18:13:03.327597
1750867562787234,spam,trung_lap,0.0,none,,[],,Một tư vấn viên hỏi về thời gian mua hợp đồng và mời liên hệ qua inbox hoặc Zalo để kiểm tra quyền lợi thai sản và thêm thẻ cho bé.,True,False,2026-09-08T18:13:03.327597
1750874732786517,y_kien_trung_lap,trung_lap,0.3,none,,[],Thông tin về bảo lãnh viện phí và hạn mức thai sản tại bệnh viện Hồng Ngọc PTM,Comment xác nhận bệnh viện Hồng Ngọc PTM có bảo lãnh trực tiếp và hạn mức thai sản là 10 triệu/lần.,False,False,2026-09-08T18:13:03.327597
1750892182784772,spam,trung_lap,0.0,none,,[],,"Một tư vấn viên AIA tự giới thiệu, cung cấp thông tin về quyền lợi thai sản 10 triệu và bảo lãnh viện phí, mời liên hệ để được hỗ trợ.",True,False,2026-09-08T18:13:03.327597
1750990452774945,spam,trung_lap,0.0,none,,[],,"Một tư vấn viên AIA tự giới thiệu, cung cấp thông tin chi tiết về quyền lợi thai sản và các gói bảo hiểm sức khỏe cho trẻ em của AIA, so sánh với các công ty khác và mời liên hệ để tư vấn.",True,False,2026-09-08T18:13:03.327597
1751013189439338,chinh_sach_quy_trinh_boi_thuong,tieu_cuc,-0.7,low,Từ chối chi trả bồi thường.,"[""tu choi boi thuong"", ""khai bao benh su""]",Quy định về bệnh có sẵn và cách khai báo thông tin khi mua bảo hiểm,Người dùng hỏi về khả năng khiếu nại sau khi yêu cầu bồi thường cho con bị từ chối vì bệnh viêm tiểu phế quản được chẩn đoán trước khi mua bảo hiểm.,False,False,2026-09-08T18:13:03.327597
1751013206106003,spam,trung_lap,0.0,none,,[],,Comment kêu gọi liên hệ một tư vấn viên cụ thể của AIA.,True,True,2026-09-08T18:13:21.959253
1751014172772573,chinh_sach_quy_trinh_boi_thuong,tieu_cuc,-0.7,low,Từ chối bồi thường do bệnh có trước.,"[""tu choi boi thuong"", ""benh co truoc""]",Hướng dẫn xử lý khiếu nại bồi thường bảo hiểm,"Khách hàng bị từ chối bồi thường bảo hiểm cho con vì bệnh viêm tiểu phế quản được chẩn đoán trước khi mua bảo hiểm, và muốn biết có thể khiếu nại được không.",False,False,2026-09-08T18:13:21.959253
1751025152771475,y_kien_trung_lap,trung_lap,0.1,none,,[],,Người dùng gợi ý tìm các tư vấn viên nhiệt tình trong phần bình luận.,False,False,2026-09-08T18:13:21.959253
1751068096100514,san_pham_giai_phap,trung_lap,0.3,none,,[],Giải pháp bảo hiểm cho bệnh có trước,Một tư vấn viên giải thích lý do từ chối bồi thường cho bệnh có trước và gợi ý mua thêm thẻ rời cho bệnh hô hấp.,True,False,2026-09-08T18:13:21.959253
1751089659431691,san_pham_giai_phap,trung_lap,0.2,none,,[],Quy định về bệnh có trước và thời gian chờ trong bảo hiểm,Người dùng giải thích rằng việc từ chối bồi thường là do bệnh có trước và chưa qua thời gian chờ theo quy định của sản phẩm.,False,False,2026-09-08T18:13:21.959253
1751091349431522,spam,trung_lap,0.0,none,,[],,"Một tư vấn viên của Dai-ichi Life cung cấp thông tin chi tiết về bảo hiểm thai sản và bảo hiểm sức khỏe cho trẻ em, đồng thời mời kết nối để tư vấn.",True,True,2026-09-08T18:13:21.959253
1751111226096201,y_kien_trung_lap,trung_lap,0.2,none,,[],Danh sách bệnh viện có bảo lãnh viện phí,Người dùng thông báo có thể sử dụng bảo lãnh viện phí tại Hồng Ngọc PTM với hạn mức 10 triệu đồng.,True,False,2026-09-08T18:13:21.959253
1750831409457516,y_kien_trung_lap,trung_lap,0.1,none,,[],Cập nhật biểu phí bảo hiểm sức khỏe mới nhất,Comment chia sẻ về biểu phí thẻ bảo hiểm sức khỏe nội trú và ngoại trú sau khi giảm phí.,False,False,2026-09-08T18:13:21.959253
1750827442791246,san_pham_giai_phap,trung_lap,-0.2,none,,[],Phân biệt bảo hiểm nhân thọ và gói tích lũy,"Comment giải thích rằng đây là bảo hiểm nhân thọ, không phải gói tích lũy 1 năm, và việc hủy hợp đồng sớm sẽ mất tiền do phí ban đầu.",False,False,2026-09-08T18:13:21.959253
1750827872791203,dich_vu_tu_van,tieu_cuc,-0.8,low,Chỉ trích tư vấn ngân hàng bán bảo hiểm.,"[""tu van sai thong tin"", ""mat tien khi huy hop dong""]",Cảnh báo rủi ro khi mua bảo hiểm qua ngân hàng,Người dùng bày tỏ sự thất vọng và chỉ trích đội ngũ tư vấn ngân hàng vì việc hủy hợp đồng bảo hiểm dẫn đến mất trắng tiền.,True,False,2026-09-08T18:13:21.959253
1750836526123671,dich_vu_tu_van,tieu_cuc,-0.8,low,Chỉ trích tư vấn ngân hàng bán bảo hiểm.,"[""tu van sai thong tin"", ""mat tien khi huy hop dong""]",Hậu quả của việc tư vấn bảo hiểm không trung thực,"Người dùng bày tỏ sự bức xúc về việc tư vấn viên ngân hàng đã tư vấn sai, khiến khách hàng mất trắng tiền khi hủy hợp đồng nhân thọ 20 năm ngay trong năm đầu tiên.",False,False,2026-09-08T18:13:21.959253
1750839436123380,dich_vu_tu_van,tieu_cuc,-0.7,low,Chỉ trích tư vấn viên bán bảo hiểm.,"[""tu van sai thong tin"", ""mat tien khi huy hop dong""]",Khi nào nên hủy hợp đồng bảo hiểm nhân thọ?,"Người dùng chỉ trích tư vấn viên đã tư vấn sai, khiến khách hàng mất tiền khi hủy hợp đồng sau 1 năm, và khuyên nên hủy để tránh rắc rối thêm.",False,False,2026-09-08T18:13:21.959253
1750848389455818,dich_vu_tu_van,tieu_cuc,-0.6,low,Mô tả hành vi tư vấn sai của ngân hàng.,"[""tu van sai thong tin"", ""ep mua bao hiem""]",Cảnh giác với chiêu trò tư vấn bảo hiểm qua ngân hàng,"Người dùng kể lại việc ngân hàng tư vấn sai về gói tích lũy và yêu cầu đăng ký, sau đó dùng thẻ tín dụng để đóng tiền trước.",False,False,2026-09-08T18:13:21.959253
1750848766122447,dich_vu_tu_van,tieu_cuc,-0.9,low,Mất tiền do tư vấn sai.,"[""tu van sai thong tin"", ""mat tien khi huy hop dong""]",Bài học cho sinh viên khi tham gia bảo hiểm,"Người dùng, một sinh viên, bày tỏ sự thất vọng vì bị mất trắng tiền khi tưởng rằng mình đang tham gia gói tích lũy để có tiền tiêu Tết.",False,False,2026-09-08T18:13:21.959253
1750849076122416,dich_vu_tu_van,tieu_cuc,-0.9,low,Mất tiền do tư vấn sai.,"[""tu van sai thong tin"", ""mat tien khi huy hop dong""]",Bài học cho sinh viên khi tham gia bảo hiểm,"Người dùng, một sinh viên, bày tỏ sự thất vọng vì bị mất tiền khi tưởng rằng mình đang tham gia gói tích lũy để có tiền tiêu Tết.",False,False,2026-09-08T18:13:21.959253
1750890749451582,y_kien_trung_lap,trung_lap,-0.1,none,,[],,Người dùng bày tỏ sự đồng cảm với tình huống của người khác.,False,False,2026-09-08T18:13:21.959253
1750903196117004,dich_vu_tu_van,tieu_cuc,-0.7,low,Chỉ trích tư vấn viên bán bảo hiểm.,"[""tu van sai thong tin"", ""khong minh bach dieu khoan""]",Tầm quan trọng của tư vấn viên trung thực,Người dùng khẳng định rằng rút tiền sau 1 năm sẽ không có giá trị hoàn lại và chỉ trích tư vấn viên đã tư vấn sai.,True,False,2026-09-08T18:13:21.959253
1750825029458154,san_pham_giai_phap,trung_lap,0.4,none,,[],Hướng dẫn chi trả bảo hiểm thai sản khi sinh mổ,"Người dùng giải thích chi tiết quyền lợi bảo hiểm thai sản cho trường hợp sinh mổ theo chỉ định bác sĩ, bao gồm hạn mức, đồng chi trả và chi phí tiền phòng.",True,False,2026-09-08T18:13:21.959253
1750830162790974,san_pham_giai_phap,trung_lap,0.4,none,,[],So sánh quyền lợi bảo hiểm thai sản sinh mổ và sinh thường,"Người dùng giải thích các quyền lợi bảo hiểm thai sản cho sinh mổ và sinh thường, bao gồm hạn mức và đồng chi trả, đồng thời gợi ý kết hợp với bảo hiểm y tế.",True,False,2026-09-08T18:13:21.959253
1750874329453224,phan_van,trung_lap,0.0,none,,[],Lợi ích và hạn chế khi chỉ dùng một loại bảo hiểm,Người dùng hỏi về việc chỉ sử dụng duy nhất bảo hiểm Bảo Việt mà không dùng bảo hiểm y tế hay các loại bảo hiểm khác.,False,False,2026-09-08T18:13:21.959253
1750963319444325,y_kien_trung_lap,tich_cuc,0.8,none,,[],Hướng dẫn chi tiết quy trình bồi thường bảo hiểm thai sản khi không có bảo lãnh viện phí,Người dùng chia sẻ kinh nghiệm sinh con tại bệnh viện và hướng dẫn cách thu thập chứng từ để nộp bồi thường bảo hiểm tư nhân.,False,False,2026-09-08T18:13:31.189768
1751014489439208,spam,trung_lap,0.0,none,,[],,Comment kêu gọi người dùng inbox để được tư vấn và hỗ trợ.,True,False,2026-09-08T18:13:31.189768
1750831112790879,spam,trung_lap,0.0,none,,[],,Người dùng cung cấp thông tin về thời gian chờ thai sản của Bảo Việt và kêu gọi inbox để tư vấn thêm.,True,False,2026-09-08T18:13:31.189768
1750903582783632,spam,trung_lap,0.0,none,,[],,Comment kêu gọi người dùng inbox để được tư vấn về Bảo Việt.,True,False,2026-09-08T18:13:31.189768
1750923032781687,muon_tu_van,trung_lap,0.1,none,,[],Các gói bảo hiểm thai sản có thời gian chờ ngắn nhất,Người dùng hỏi về các gói bảo hiểm có thời gian chờ ngắn hơn.,False,False,2026-09-08T18:13:31.189768
1750932662780724,y_kien_trung_lap,tich_cuc,0.7,none,,[],So sánh thời gian chờ thai sản của các hãng bảo hiểm,"Người dùng thông báo Bảo Long đã dừng bán qua đại lý, đánh giá Bảo Việt không cạnh tranh về thai sản do thời gian chờ dài, và gợi ý các hãng khác có thời gian chờ ngắn hơn, đồng thời đặt câu hỏi để tư vấn cụ thể hơn.",True,False,2026-09-08T18:13:31.189768
1750935682780422,y_kien_trung_lap,trung_lap,0.2,none,,[],,Người dùng trả lời rằng nhiều gói bảo hiểm thai sản có thời gian chờ khoảng 270 ngày.,False,False,2026-09-08T18:13:31.189768
1750939176113406,spam,trung_lap,0.0,none,,[],,"Người dùng giới thiệu có nhiều hãng bảo hiểm thai sản rời, đề nghị tư vấn theo nhu cầu và kêu gọi inbox hoặc liên hệ số điện thoại.",True,False,2026-09-08T18:13:31.189768
1750992079441449,muon_tu_van,trung_lap,0.1,none,,[],Các gói bảo hiểm thai sản rời trên thị trường,Người dùng hỏi về các gói bảo hiểm thai sản rời.,False,False,2026-09-08T18:13:31.189768
1750994216107902,muon_tu_van,trung_lap,0.1,none,,[],Bảo hiểm thai sản cho trường hợp IVF: Điều kiện và quyền lợi,Người dùng chia sẻ dự định mang thai trong tháng này và hỏi về gói bảo hiểm cho trường hợp IVF.,False,False,2026-09-08T18:13:31.189768
1750997476107576,y_kien_trung_lap,tich_cuc,0.7,none,,[],Lưu ý khi mua bảo hiểm thai sản cho IVF,Người dùng giải thích bảo hiểm thai sản không phân biệt thai tự nhiên hay IVF nhưng cần mua trước khi chuyển phôi 1.5-2 tháng đối với IVF.,False,False,2026-09-08T18:13:31.189768
1751006026106721,spam,trung_lap,0.0,none,,[],,"Người dùng liệt kê các quyền lợi của bảo hiểm thai sản và tự giới thiệu là tư vấn viên của Dai-ichi Life, kêu gọi liên hệ để được hỗ trợ.",True,False,2026-09-08T18:13:31.189768
1751012562772734,y_kien_trung_lap,trung_lap,0.2,none,,[],,Người dùng gợi ý chọn Bảo Việt nếu chỉ có hai công ty để lựa chọn.,False,False,2026-09-08T18:13:31.189768
1751124252761565,spam,trung_lap,0.0,none,,[],,"Người dùng mời liên hệ để được hỗ trợ về Bảo Việt, đồng thời hỏi thêm thông tin để tư vấn sản phẩm phù hợp và giới thiệu cung cấp nhiều hãng khác.",True,False,2026-09-08T18:13:31.189768
1751176366089687,y_kien_trung_lap,trung_lap,0.1,none,,[],,Người dùng trả lời rằng đây là bé đầu tiên.,False,False,2026-09-08T18:13:31.189768
1751184282755562,muon_tu_van,trung_lap,0.1,none,,[],Thời gian tối thiểu cần mua bảo hiểm thai sản trước khi chuyển phôi IVF,Người dùng hỏi liệu có kịp mua bảo hiểm nếu chuyển phôi trước 10 ngày.,False,False,2026-09-08T18:13:31.189768
1751571276050196,y_kien_trung_lap,tich_cuc,0.7,none,,[],Quy định về thời gian chờ bảo hiểm thai sản cho IVF,"Người dùng trả lời rằng không kịp mua bảo hiểm nếu chuyển phôi trước 10 ngày, mà cần mua trước 1.5 - 2 tháng.",False,False,2026-09-08T18:13:31.189768
1751797212694269,spam,trung_lap,0.0,none,,[],,"Người dùng đánh giá hai hãng bảo hiểm không cạnh tranh về thai sản, gợi ý các sản phẩm khác phù hợp với nhu cầu cụ thể, và kêu gọi liên hệ để được hỗ trợ từ chuyên gia của nhóm.",True,False,2026-09-08T18:13:31.189768
1750827049457952,spam,trung_lap,0.0,none,,[],,"Người dùng giải thích việc giảm sản phẩm chính sẽ ảnh hưởng đến phí tích lũy và dòng tiền, đồng thời mời liên hệ nếu cần hỗ trợ.",True,False,2026-09-08T18:13:31.189768
1750839416123382,check_chi_phi,trung_lap,0.1,none,,[],Ảnh hưởng của việc điều chỉnh gói bảo hiểm đến tiền thưởng,Người dùng hỏi liệu việc giảm sản phẩm có ảnh hưởng đến tiền thưởng hay không.,False,False,2026-09-08T18:13:31.189768
1750887722785218,y_kien_trung_lap,trung_lap,0.0,none,,[],hậu quả khi giảm phí bảo hiểm chính,Comment giải thích rằng giảm phí bảo hiểm chính sẽ kéo theo giảm số tiền bảo hiểm và mất khoản thưởng duy trì hợp đồng.,False,False,2026-09-08T18:13:42.318985
1750888092785181,y_kien_trung_lap,trung_lap,0.0,none,,[],ảnh hưởng của việc giảm phí sản phẩm chính,Comment giải thích rằng giảm phí sản phẩm chính sẽ không nhận được thưởng duy trì hợp đồng và số tiền hoàn lại cũng giảm.,False,False,2026-09-08T18:13:42.318985
1750888599451797,check_chi_phi,trung_lap,0.0,none,,[],cách tính thưởng duy trì hợp đồng bảo hiểm,Người dùng hỏi về số tiền thưởng duy trì hợp đồng.,False,False,2026-09-08T18:13:42.318985
1750888729451784,check_chi_phi,trung_lap,0.0,none,,[],mức độ giảm phí bảo hiểm,Người dùng hỏi về mức độ giảm phí.,False,False,2026-09-08T18:13:42.318985
1750902079450449,y_kien_trung_lap,trung_lap,0.0,none,,[],tầm quan trọng của bảng minh họa khi thay đổi phí,Comment giải thích giảm phí chính sẽ giảm tiền tích lũy và khuyên liên hệ TVV để chạy lại bảng minh họa.,True,False,2026-09-08T18:13:42.318985
1750909152783075,y_kien_trung_lap,trung_lap,0.1,none,,[],các mức thưởng duy trì hợp đồng bảo hiểm,Comment giải thích về quyền lợi thưởng duy trì hợp đồng ở hai mức tỉ suất và cho biết khoản thưởng này khá.,False,False,2026-09-08T18:13:42.318985
1750911499449507,khen,tich_cuc,0.5,none,,[],,Người dùng bày tỏ lời cảm ơn.,False,False,2026-09-08T18:13:42.318985
1750823022791688,phan_van,trung_lap,0.0,none,,[],cách chọn gói bảo hiểm tối ưu,Người dùng hỏi nên chọn gói bảo hiểm nào tối ưu nhất dựa trên các tiêu chí đã đưa ra.,False,False,2026-09-08T18:13:42.318985
1750823039458353,spam,trung_lap,0.0,none,,[],,"Một tư vấn viên của Daiichi giới thiệu sản phẩm, quyền lợi và kinh nghiệm của bản thân, mời tư vấn.",True,False,2026-09-08T18:13:42.318985
1750823299458327,y_kien_trung_lap,trung_lap,0.0,none,,[],,Comment đề cập đến quyền lợi bệnh hiểm nghèo.,False,False,2026-09-08T18:13:42.318985
1750823439458313,spam,trung_lap,0.0,none,,[],,Người dùng mời inbox để được hỗ trợ tư vấn cụ thể.,True,False,2026-09-08T18:13:42.318985
1750824472791543,spam,trung_lap,0.0,none,,[],,"Một tư vấn viên giới thiệu giải pháp bảo hiểm cho hai mẹ con, nhấn mạnh tích lũy và bảo vệ, và mời gửi chi tiết qua Messenger.",True,False,2026-09-08T18:13:42.318985
1750824499458207,y_kien_trung_lap,trung_lap,0.1,none,,[],ưu điểm thẻ sức khỏe trọn đời AIA,Comment khuyên chọn sản phẩm liên kết chung cho gói nhân thọ tiết kiệm và giới thiệu thế mạnh của thẻ sức khỏe trọn đời 2.0 của AIA.,True,False,2026-09-08T18:13:42.318985
1750825682791422,spam,trung_lap,0.0,none,,[],,Comment giới thiệu sản phẩm Gen e cho mục đích tiết kiệm với tiền thưởng lớn và mời inbox để tư vấn.,True,False,2026-09-08T18:13:42.318985
1750825749458082,spam,trung_lap,0.0,none,,[],,Comment gợi ý tham khảo gói bảo hiểm của Daiichi cho hai mẹ con.,True,False,2026-09-08T18:13:42.318985
1750829759457681,spam,trung_lap,0.0,none,,[],,Một tư vấn viên giới thiệu chi tiết gói bảo hiểm nhân thọ với nhiều quyền lợi nổi bật về thẻ sức khỏe và các bệnh hiểm nghèo.,True,False,2026-09-08T18:13:42.318985
1750829746124349,muon_tu_van,trung_lap,0.0,none,,[],,Người dùng bày tỏ sự quan tâm.,False,False,2026-09-08T18:13:42.318985
1750833722790618,spam,trung_lap,0.0,none,,[],,Một tư vấn viên của Daiichi giới thiệu chi tiết gói bảo hiểm An Phát Đầu Tư Thịnh Vượng cho hai mẹ con và mời inbox để tư vấn.,True,False,2026-09-08T18:13:42.318985
1750834009457256,spam,trung_lap,0.0,none,,[],,"Một tư vấn viên AIA tự giới thiệu, cung cấp thông tin liên hệ và chi tiết các quyền lợi nổi bật của thẻ sức khỏe AIA, mời liên hệ để tư vấn.",True,False,2026-09-08T18:13:42.318985
1750834092790581,spam,trung_lap,0.0,none,,[],,Người dùng gợi ý xem các nội dung chia sẻ về gói bảo hiểm trên TikTok hoặc Facebook cá nhân.,True,False,2026-09-08T18:13:42.318985
1750840082789982,y_kien_trung_lap,trung_lap,0.1,none,,[],,"Một tư vấn viên hỏi khách hàng về mong muốn tiết kiệm, tuổi của bé và ưu tiên bệnh viện để tư vấn gói bảo hiểm phù hợp.",True,False,2026-09-08T18:13:59.736524
1750864402787550,spam,trung_lap,0.0,none,,[],,Một tư vấn viên giới thiệu gói bảo hiểm với các quyền lợi chi tiết và kêu gọi liên hệ qua Zalo/Messenger.,True,False,2026-09-08T18:13:59.736524
1750870212786969,spam,trung_lap,0.0,none,,[],,"Một tư vấn viên giới thiệu sản phẩm bảo hiểm Dai-ichi Life với điều kiện và quyền lợi cụ thể, kèm thông tin liên hệ.",True,False,2026-09-08T18:13:59.736524
1750870532786937,y_kien_trung_lap,trung_lap,0.1,none,,[],,Bình luận bày tỏ sự ngạc nhiên về sự thông thái của khách hàng hiện nay.,False,False,2026-09-08T18:13:59.736524
1750900812783909,spam,trung_lap,0.0,none,,[],,"Một tư vấn viên giới thiệu sản phẩm Sun Life với quyền lợi sức khỏe và chi phí, kêu gọi inbox để tư vấn chi tiết.",True,False,2026-09-08T18:13:59.736524
1750926169448040,spam,trung_lap,0.0,none,,[],,"Một tư vấn viên AIA giới thiệu khả năng thiết kế gói bảo hiểm mẹ và con theo nhu cầu, kêu gọi liên hệ để tư vấn.",True,False,2026-09-08T18:13:59.736524
1750940609446596,spam,trung_lap,0.0,none,,[],,"Một tư vấn viên giới thiệu giải pháp bảo hiểm Dai-ichi Life với chi phí và quyền lợi, kèm thông tin liên hệ Zalo.",True,False,2026-09-08T18:13:59.736524
1750968726110451,spam,trung_lap,0.0,none,,[],,"Một tư vấn viên giới thiệu sản phẩm An Phát Đầu Tư của Dai-ichi Life cho khách hàng ưu tiên tiết kiệm, kèm khả năng tham gia thêm các sản phẩm khác.",True,False,2026-09-08T18:13:59.736524
1751050159435641,spam,trung_lap,0.0,none,,[],,"Một tư vấn viên giới thiệu sản phẩm Premium của AIA với ưu điểm về tiết kiệm và quyền lợi, kèm chương trình khuyến mãi và thông tin liên hệ.",True,False,2026-09-08T18:13:59.736524
1751117652762225,spam,trung_lap,0.0,none,,[],,"Một tư vấn viên gợi ý các hãng bảo hiểm cho nhu cầu tiết kiệm, đồng thời hỏi thêm thông tin về bé và ngân sách để tư vấn chi tiết.",True,False,2026-09-08T18:13:59.736524
1751167422757248,spam,trung_lap,0.0,none,,[],,Một tư vấn viên hỏi về ngân sách bảo hiểm cho hai mẹ con và mời inbox để được hỗ trợ tham khảo.,True,False,2026-09-08T18:13:59.736524
1751477409392916,spam,trung_lap,0.0,none,,[],,Một tư vấn viên giới thiệu thẻ sức khỏe đính kèm nhân thọ với các ưu điểm và mời liên hệ qua Zalo để tư vấn chi tiết.,True,False,2026-09-08T18:13:59.736524
1751580896049234,spam,trung_lap,0.0,none,,[],,"Một tư vấn viên gợi ý mua bảo hiểm nhân thọ cho mẹ và các sản phẩm phụ cho cả hai mẹ con, mời liên hệ nếu quan tâm Dai-ichi Life.",True,False,2026-09-08T18:13:59.736524
1751593792714611,spam,trung_lap,0.0,none,,[],,"Một tư vấn viên hỏi chi tiết về độ tuổi, sức khỏe, nhu cầu y tế, quyền lợi mong muốn và ngân sách để tư vấn gói bảo hiểm sức khỏe phù hợp, đồng thời lưu ý về đồng chi trả và hạn mức.",True,False,2026-09-08T18:13:59.736524
1751714952702495,spam,trung_lap,0.0,none,,[],,Comment chỉ chứa ký tự vô nghĩa.,False,False,2026-09-08T18:13:59.736524
1750859159454741,y_kien_trung_lap,trung_lap,0.1,none,,[],,Bình luận gợi ý tìm hiểu Pacific Cross vì có quy định cam kết tái tục.,False,False,2026-09-08T18:13:59.736524
1750861632787827,san_pham_giai_phap,tieu_cuc,-0.5,none,,"[""chi phi bao hiem cao""]",,"Bình luận cho rằng phí bảo hiểm cao và gợi ý khách hàng nên xem xét các phương án nhân thọ kèm thẻ của Gen, AIA, Dai-ichi.",False,False,2026-09-08T18:13:59.736524
1750869562787034,y_kien_trung_lap,trung_lap,0.0,none,,[],,"Bình luận phản bác ý kiến về phí cao, cho rằng phí của các gói HF, HU là trung bình.",False,False,2026-09-08T18:13:59.736524
1750870249453632,y_kien_trung_lap,trung_lap,0.0,none,,[],,Bình luận nhận xét quyền lợi không cao nhưng vẫn là một lựa chọn bổ sung cho khách hàng.,False,False,2026-09-08T18:13:59.736524
1751145936092730,khen,tich_cuc,0.8,none,,[],,Bình luận bày tỏ sự cảm ơn đối với các thông tin đã nhận được.,False,False,2026-09-08T18:13:59.736524
1751147222759268,spam,trung_lap,0.0,none,,[],,Một người dùng mời tìm hiểu thêm về các dòng sản phẩm bảo hiểm Pacific.,True,False,2026-09-08T18:14:11.303719
1751151096092214,y_kien_trung_lap,trung_lap,0.1,none,,[],,Một người dùng bình luận 'ok la'.,False,False,2026-09-08T18:14:11.303719
1750916216115702,spam,trung_lap,0.0,none,,[],,Một tư vấn viên chào bán sản phẩm Generali với chương trình giảm phí và kêu gọi inbox.,True,False,2026-09-08T18:14:11.303719
1750919072782083,spam,trung_lap,0.0,none,,[],,"Một tư vấn viên giới thiệu sản phẩm Generali phù hợp với ngân sách 20 triệu, không đồng chi trả và có chương trình khuyến mãi, kèm lời mời inbox.",True,False,2026-09-08T18:14:11.303719
1750920302781960,spam,trung_lap,0.0,none,,[],,"Một tư vấn viên đưa ra các câu hỏi để xác định nhu cầu bảo hiểm và các lưu ý khi chọn thẻ sức khỏe, sau đó mời inbox để tư vấn.",True,False,2026-09-08T18:14:11.303719
1750922706115053,spam,trung_lap,0.0,none,,[],,Một người dùng giới thiệu sản phẩm Generali với quyền lợi không đồng chi trả cho trẻ em và phí nhân thọ từ 6 triệu.,True,False,2026-09-08T18:14:11.303719
1750922986115025,check_chi_phi,trung_lap,0.0,none,,[],Giải thích các chương trình khuyến mãi và thời gian áp dụng phí bảo hiểm.,Người dùng hỏi về thời gian áp dụng chương trình giảm phí bảo hiểm.,False,False,2026-09-08T18:14:11.303719
1750923372781653,spam,trung_lap,0.0,none,,[],,Một tư vấn viên đưa ra gợi ý thiết kế gói bảo hiểm sức khỏe cho gia đình với ngân sách 20 triệu và mời liên hệ để được tư vấn chi tiết.,True,False,2026-09-08T18:14:11.303719
1750923629448294,y_kien_trung_lap,trung_lap,0.0,none,,[],,Một người dùng trả lời rằng chương trình khuyến mãi chỉ áp dụng cho năm đầu tiên.,False,False,2026-09-08T18:14:11.303719
1750924782781512,spam,trung_lap,0.0,none,,[],,Một tư vấn viên mời người dùng xem phương án và liên hệ để được tư vấn chi tiết.,True,False,2026-09-08T18:14:11.303719
1750928596114464,spam,trung_lap,0.0,none,,[],,Một người dùng giới thiệu sản phẩm Sun Life với các quyền lợi chi trả và mời inbox để gửi phương án chi tiết.,True,False,2026-09-08T18:14:11.303719
1750930786114245,spam,trung_lap,0.0,none,,[],,"Một tư vấn viên giới thiệu chi tiết các ưu điểm của thẻ sức khỏe Generali, phù hợp với ngân sách 20 triệu cho 3 bố con, và mời liên hệ để tư vấn.",True,False,2026-09-08T18:14:11.303719
1750931876114136,spam,trung_lap,0.0,none,,[],,Một người dùng thông báo về chương trình khuyến mãi của Generali cho gói bảo hiểm 3 bố con với phí 18 triệu/năm.,True,False,2026-09-08T18:14:11.303719
1750933362780654,spam,trung_lap,0.0,none,,[],,Một tư vấn viên của AIA giới thiệu rằng ngân sách 20 triệu/năm có thể tham gia AIA và sẵn lòng hỗ trợ tìm hiểu.,True,False,2026-09-08T18:14:11.303719
1750935429447114,spam,trung_lap,0.0,none,,[],,"Một tư vấn viên của Dai-ichi Life giới thiệu gói bảo hiểm nhân thọ và thẻ sức khỏe với ngân sách 20 triệu, kèm theo thông tin chi tiết về quyền lợi và kinh nghiệm bản thân.",True,False,2026-09-08T18:14:11.303719
1750937679446889,spam,trung_lap,0.0,none,,[],,Một người dùng mời inbox để được hỗ trợ về Dai-ichi Life.,True,False,2026-09-08T18:14:11.303719
1750941469446510,spam,trung_lap,0.0,none,,[],,Một người dùng giới thiệu giải pháp bảo hiểm của Dai-ichi Life với chi phí hơn 1 triệu/tháng và mời liên hệ qua Zalo.,True,False,2026-09-08T18:14:11.303719
1750943582779632,spam,trung_lap,0.0,none,,[],,Một người dùng gợi ý tham khảo Sun Life với thẻ sức khỏe có quyền lợi gia đình giúp tối ưu chi phí.,True,False,2026-09-08T18:14:11.303719
1750948419445815,spam,trung_lap,0.0,none,,[],,"Một người dùng khuyên nên mua bảo hiểm AIA, kết hợp nhân thọ cho chồng và thẻ sức khỏe cho 2 bé.",True,False,2026-09-08T18:14:11.303719
1750977389442918,spam,trung_lap,0.0,none,,[],,"Một tư vấn viên của AIA giới thiệu chi tiết các quyền lợi và ưu điểm của thẻ sức khỏe AIA, bao gồm các mức phí và hạn mức, đồng thời mời liên hệ để được tư vấn.",True,False,2026-09-08T18:14:11.303719
1751009622773028,so_sanh_chung,trung_lap,0.0,none,,[],so sanh quyen loi bao hiem theo loai benh vien,Comment so sánh lựa chọn bảo hiểm AIA và Generali tùy thuộc vào việc ưu tiên bệnh viện công hay tư.,False,False,2026-09-08T18:14:14.849423
1751017432772247,chinh_sach_quy_trinh_boi_thuong,tieu_cuc,-0.7,low,khach hang bi tu choi boi thuong,"[""tu choi boi thuong"", ""benh co san""]",huong dan khi khieu nai tu choi boi thuong,"Khách hàng bị từ chối bồi thường cho con vì bệnh viêm tiểu phế quản được chẩn đoán trước khi mua bảo hiểm, và hỏi về khả năng khiếu nại.",False,False,2026-09-08T18:14:14.849423
1751018982772092,spam,trung_lap,0.0,none,,[],,Comment kêu gọi người dùng inbox.,True,False,2026-09-08T18:14:14.849423
1751119826095341,spam,trung_lap,0.0,none,,[],,"Người dùng tư vấn về sản phẩm AIA, nêu rõ quyền lợi chi trả cho trẻ em và kêu gọi liên hệ để được tư vấn chi tiết.",True,False,2026-09-08T18:14:14.849423
1750915432782447,spam,trung_lap,0.0,none,,[],,Comment kêu gọi người dùng inbox để nhận thông tin.,True,False,2026-09-08T18:14:14.849423
1750916112782379,spam,trung_lap,0.0,none,,[],,Người dùng tự giới thiệu hỗ trợ tại HCM và mời liên hệ để tham khảo AIA.,True,False,2026-09-08T18:14:14.849423
1750927912781199,spam,trung_lap,0.0,none,,[],,Comment hướng dẫn người dùng inbox một chuyên gia cụ thể.,True,True,2026-09-08T18:14:14.849423
1750936409447016,spam,trung_lap,0.0,none,,[],,"Người dùng giới thiệu gói bảo hiểm cho mẹ và bé của Dai-ichi, kèm theo thông tin cá nhân và kêu gọi inbox để được tư vấn.",True,False,2026-09-08T18:14:14.849423
1750949919445665,spam,trung_lap,0.0,none,,[],,Comment hướng dẫn người dùng inbox một chuyên gia cụ thể để được hỗ trợ.,True,True,2026-09-08T18:14:14.849423
1751013586105965,spam,trung_lap,0.0,none,,[],,Comment hướng dẫn người dùng inbox hai chuyên gia tư vấn cụ thể.,True,True,2026-09-08T18:14:14.849423
1751216152752375,y_kien_trung_lap,trung_lap,0.0,none,,[],huong dan cach kiem tra quyen loi bao hiem,Comment khuyên người dùng kiểm tra lại quyền lợi nội trú với tư vấn viên để biết về chi trả tiền giường.,False,False,2026-09-08T18:14:14.849423
1751235572750433,y_kien_trung_lap,trung_lap,0.0,none,,[],cach tinh chi tra vien phi cua VBI,"Comment hỏi về gói bảo hiểm VBI và giải thích rằng VBI chi trả chi phí theo ngày, không tính riêng tiền giường.",False,False,2026-09-08T18:14:14.849423
1751430262730964,y_kien_trung_lap,trung_lap,0.0,none,,[],,Người dùng trả lời rằng mình mua gói vàng.,False,False,2026-09-08T18:14:14.849423
1751430436064280,spam,trung_lap,0.0,none,,[],,Comment chỉ tag tên một người dùng khác.,False,False,2026-09-08T18:14:14.849423
1751471079393549,y_kien_trung_lap,trung_lap,0.0,none,,[],chi tra tien giuong trong bao hiem VBI,Comment giải thích rằng VBI chi trả tiền giường theo hạn mức giường đơn tiêu chuẩn và người dùng phải tự bù phần chênh lệch nếu nằm giường cao cấp hơn.,False,False,2026-09-08T18:14:14.849423
1751530222720968,y_kien_trung_lap,trung_lap,0.0,none,,[],chi tiet quyen loi chi tra vien phi theo ngay,"Comment thông báo gói bảo hiểm chi trả viện phí 6,25 triệu/ngày bao gồm giường, thuốc và xét nghiệm.",False,False,2026-09-08T18:14:14.849423
1751582182715772,y_kien_trung_lap,trung_lap,0.0,none,,[],cach tinh chi tra vien phi cua VBI,Comment xác nhận VBI thanh toán theo ngày và tiền giường được tính trong đó.,False,False,2026-09-08T18:14:14.849423
1751589049381752,y_kien_trung_lap,trung_lap,0.0,none,,[],lua chon giuong benh phu hop voi bao hiem,Comment xác nhận bảo hiểm vẫn chi trả tiền giường nhưng tối đa theo giường đơn tiêu chuẩn và khuyên người dùng cân nhắc lựa chọn giường.,True,False,2026-09-08T18:14:14.849423
1751597669380890,y_kien_trung_lap,trung_lap,0.0,none,,[],,Comment trả lời xác nhận.,False,False,2026-09-08T18:14:14.849423
1751605052713485,y_kien_trung_lap,trung_lap,0.0,none,,[],chi tra tien giuong trong bao hiem VBI,Comment xác nhận VBI chi trả tiền giường theo giá phòng đơn tiêu chuẩn và người dùng phải bù chi phí chênh lệch nếu chọn giường cao cấp hơn.,True,False,2026-09-08T18:14:14.849423
1751223206085003,spam,trung_lap,0.0,none,,[],,Comment trống rỗng.,False,False,2026-09-08T18:14:36.490100
1751169122757078,spam,trung_lap,0.0,none,,[],,Một tư vấn viên hỏi thông tin chi tiết để tư vấn sản phẩm bảo hiểm.,True,False,2026-09-08T18:14:36.490100
1751169479423709,spam,trung_lap,0.0,none,,[],,Comment giới thiệu liên hệ một chuyên gia thẻ rời.,True,True,2026-09-08T18:14:36.490100
1751067649433892,y_kien_trung_lap,tich_cuc,0.6,none,,[],Lợi ích của bảo hiểm nhân thọ kết hợp thẻ sức khỏe không đồng chi trả,"Một người mẹ có kinh nghiệm khuyên nên mua bảo hiểm nhân thọ và ưu tiên không đồng chi trả, gợi ý các hãng Gen hoặc Sun.",False,False,2026-09-08T18:14:36.490100
1751080309432626,spam,trung_lap,0.0,none,,[],,Một câu hỏi từ tư vấn viên để xác định nhu cầu mua thẻ bảo hiểm sức khỏe.,True,False,2026-09-08T18:14:36.490100
1751082892765701,spam,trung_lap,0.0,none,,[],,"Tư vấn viên chào bán cả thẻ sức khỏe rời và thẻ kèm tích lũy, mời inbox để tham khảo thông tin.",True,False,2026-09-08T18:14:36.490100
1751083332765657,spam,trung_lap,0.0,none,,[],,"Tư vấn viên Daiichi cung cấp thông tin chi tiết về quyền lợi ngoại trú và nội trú cho bé, phí bảo hiểm và điều kiện tham gia, đồng thời mời kết nối để trao đổi.",True,False,2026-09-08T18:14:36.490100
1751097066097617,spam,trung_lap,0.0,none,,[],,Tư vấn viên mời tham khảo Daiichi cho bé và inbox để được tư vấn.,True,False,2026-09-08T18:14:36.490100
1751102539430403,spam,trung_lap,0.0,none,,[],,"Tư vấn viên gợi ý gói Daiichi kết hợp tích lũy và bảo vệ sức khỏe với ngân sách 1 triệu/tháng, mời liên hệ Zalo để nhận phương án cụ thể.",True,False,2026-09-08T18:14:36.490100
1751112209429436,spam,trung_lap,0.0,none,,[],,Thông báo về gói bảo hiểm nội ngoại trú của Gen đang giảm 30% phí thẻ sức khỏe.,True,False,2026-09-08T18:14:36.490100
1751113059429351,spam,trung_lap,0.0,none,,[],,Tư vấn viên giới thiệu cung cấp đa dạng sản phẩm và mời chia sẻ nhu cầu để được tư vấn kỹ hơn.,True,False,2026-09-08T18:14:36.490100
1751116389429018,spam,trung_lap,0.0,none,,[],,"Tư vấn viên Daiichi giới thiệu về thẻ sức khỏe gắn nhân thọ cho trẻ nhỏ, nêu bật các ưu điểm và mời inbox để tư vấn chi tiết.",True,False,2026-09-08T18:14:36.490100
1751172939423363,spam,trung_lap,0.0,none,,[],,"Tư vấn viên mời tham khảo bảo hiểm nhân thọ kèm thẻ sức khỏe Sun Life, nêu các quyền lợi và mời inbox để nhận phương án chi tiết.",True,False,2026-09-08T18:14:36.490100
1751537466053577,spam,trung_lap,0.0,none,,[],,"Tư vấn viên mời tham khảo Daiichi, nêu điều kiện mua thẻ sức khỏe, lãi suất cam kết và quyền lợi, kèm số điện thoại liên hệ.",True,False,2026-09-08T18:14:36.490100
1751573162716674,spam,trung_lap,0.0,none,,[],,Lời mời liên hệ 'Công' để được đồng hành với hợp đồng bảo hiểm nếu ở TP.HCM.,True,True,2026-09-08T18:14:36.490100
1751576762716314,spam,trung_lap,0.0,none,,[],,Nhận định có nhiều lựa chọn sản phẩm bảo hiểm phù hợp cho bé 20 tháng tuổi.,True,False,2026-09-08T18:14:36.490100
1751584849382172,spam,trung_lap,0.0,none,,[],,Lời mời tham khảo.,True,False,2026-09-08T18:14:36.490100
1751586532715337,spam,trung_lap,0.0,none,,[],,Tư vấn viên cung cấp các tiêu chí quan trọng khi chọn bảo hiểm sức khỏe cho bé và mời inbox để được tư vấn khách quan.,True,False,2026-09-08T18:14:36.490100
1751612049379452,spam,trung_lap,0.0,none,,[],,"Tư vấn viên Daiichi giới thiệu sản phẩm bảo hiểm cho bé, nêu bật các quyền lợi và chi phí, đồng thời tự giới thiệu kinh nghiệm và mời tư vấn.",True,False,2026-09-08T18:14:36.490100
1751738822700108,spam,trung_lap,0.0,none,,[],,"Tư vấn viên AIA hỏi về nhu cầu bệnh viện và ngân sách, nêu ưu điểm của AIA và mời liên hệ để tư vấn chi tiết.",True,False,2026-09-08T18:14:36.490100
1751102532763737,spam,trung_lap,0.0,none,,[],,Comment kêu gọi người dùng liên hệ một cá nhân để được tư vấn.,True,False,2026-09-08T18:14:51.477134
1751172436090080,spam,trung_lap,0.0,none,,[],,Comment kêu gọi người dùng inbox một cá nhân.,True,False,2026-09-08T18:14:51.477134
1751596596047664,y_kien_trung_lap,trung_lap,0.0,none,,[],,Comment hỏi người dùng đã liên hệ được tư vấn chưa.,False,False,2026-09-08T18:14:51.477134
1751596812714309,spam,trung_lap,0.0,none,,[],,Comment kêu gọi người dùng inbox một cá nhân.,True,False,2026-09-08T18:14:51.477134
1751075216099802,so_sanh_chung,tich_cuc,0.8,none,,[],so sanh cac loai the bao hiem suc khoe cho tre em,"Comment so sánh chi tiết các lựa chọn thẻ bảo hiểm sức khỏe cho trẻ em, bao gồm cả thẻ rời và thẻ kèm nhân thọ từ nhiều hãng.",True,False,2026-09-08T18:14:51.477134
1751079429432714,spam,trung_lap,0.0,none,,[],,Comment quảng cáo sản phẩm bảo hiểm Generali với ưu đãi giảm phí và quyền lợi chi trả xét nghiệm âm tính.,True,False,2026-09-08T18:14:51.477134
1751081572765833,spam,trung_lap,0.0,none,,[],,"Comment quảng cáo sản phẩm bảo hiểm Sun Life cho trẻ em, nêu bật các quyền lợi và kêu gọi liên hệ để tư vấn.",True,False,2026-09-08T18:14:51.477134
1751084656098858,so_sanh_chung,tich_cuc,0.7,none,,[],so sanh bao hiem suc khoe cho tre em: Generali vs Daiichi,"Comment so sánh bảo hiểm sức khỏe của Generali và Daiichi cho trẻ em, khuyến nghị Daiichi vì chi phí rẻ và chi trả bệnh bẩm sinh.",True,False,2026-09-08T18:14:51.477134
1751085989432058,so_sanh_chung,tich_cuc,0.8,none,,[],so sanh cac goi bao hiem suc khoe cho tre em,"Comment so sánh các hãng bảo hiểm sức khỏe cho trẻ em, tập trung chi tiết vào quyền lợi nội trú và ngoại trú của Daiichi, kèm giải pháp cho đồng chi trả.",True,False,2026-09-08T18:14:51.477134
1751087799431877,spam,trung_lap,0.0,none,,[],,"Comment quảng cáo sản phẩm bảo hiểm Generali cho trẻ em, nêu bật các quyền lợi, ưu đãi và kêu gọi liên hệ để tư vấn.",True,False,2026-09-08T18:14:51.477134
1751097612764229,spam,trung_lap,0.0,none,,[],,Comment kêu gọi người dùng inbox để được tư vấn về gói Daiichi.,True,False,2026-09-08T18:14:51.477134
1751098656097458,spam,trung_lap,0.0,none,,[],,Comment quảng cáo sản phẩm bảo hiểm Generali cho trẻ em với chương trình hoàn phí.,True,False,2026-09-08T18:14:51.477134
1751107259429931,y_kien_trung_lap,trung_lap,0.0,none,,[],,Comment là một lời chào hỏi chung.,False,False,2026-09-08T18:14:51.477134
1751109926096331,so_sanh_chung,tich_cuc,0.7,none,,[],dieu kien chi tra xet nghiem am tinh trong bao hiem suc khoe,"Comment so sánh quyền lợi chi trả xét nghiệm âm tính của Generali và Sun Life, đồng thời giải thích điều kiện chi trả và đề nghị tư vấn dựa trên ngân sách.",True,False,2026-09-08T18:14:51.477134
1751110019429655,spam,trung_lap,0.0,none,,[],,Comment kêu gọi người dùng inbox để tìm hiểu về Generali và nhận bản chào độc quyền.,True,False,2026-09-08T18:14:51.477134
1751119206095403,spam,trung_lap,0.0,none,,[],,"Comment quảng cáo sản phẩm bảo hiểm Generali, khẳng định nhiều khách hàng ở Hải Phòng sử dụng thoải mái cả viện công và tư.",True,False,2026-09-08T18:14:51.477134
1751142852759705,muon_tu_van,tich_cuc,0.7,none,,[],huong dan chon bao hiem suc khoe cho tre em,"Comment hướng dẫn người dùng cung cấp các thông tin cần thiết để được tư vấn gói bảo hiểm sức khỏe phù hợp cho trẻ em, đồng thời nêu các tiêu chí cần lưu ý.",True,False,2026-09-08T18:14:51.477134
1751166236090700,muon_tu_van,tich_cuc,0.6,none,,[],lua chon the bao hiem suc khoe roi hay kem tich luy,"Comment hỏi về loại thẻ bảo hiểm sức khỏe và ngân sách mong muốn, đồng thời đề nghị cung cấp bảng so sánh và điều khoản chi tiết.",True,False,2026-09-08T18:14:51.477134
1751172172756773,spam,trung_lap,0.0,none,,[],,Comment nêu các hãng chi trả xét nghiệm âm tính và kêu gọi inbox để tham khảo phương án Sun Life.,True,False,2026-09-08T18:14:51.477134
1751470802726910,spam,trung_lap,0.0,none,,[],,"Comment khuyến nghị Generali cho bé, giải thích về chi trả xét nghiệm âm tính và kêu gọi inbox để được tư vấn.",True,False,2026-09-08T18:14:51.477134
1751473202726670,spam,trung_lap,0.0,none,,[],,Một tư vấn viên giới thiệu sản phẩm thẻ sức khỏe đính kèm nhân thọ và mời liên hệ qua Zalo để tư vấn chi tiết.,True,False,2026-09-08T18:15:04.706656
1751473229393334,spam,trung_lap,0.0,none,,[],,Một tư vấn viên giới thiệu sản phẩm thẻ sức khỏe đính kèm nhân thọ và mời liên hệ qua Zalo để tư vấn chi tiết.,True,False,2026-09-08T18:15:04.706656
1751482566059067,y_kien_trung_lap,trung_lap,0.2,none,,[],"huong dan chon the suc khoe cho be, so sanh cac goi bao hiem suc khoe","Commenter gợi ý các sản phẩm bảo hiểm Sun Life hoặc Generali, giải thích về chi trả xét nghiệm âm tính và cung cấp chuỗi video hướng dẫn chi tiết về thẻ sức khỏe cho bé.",True,False,2026-09-08T18:15:04.706656
1751486029392054,spam,trung_lap,0.0,none,,[],,Một tư vấn viên tự giới thiệu kinh nghiệm 9 năm và mời khách hàng liên hệ qua Zalo để được tư vấn về Generali.,True,False,2026-09-08T18:15:04.706656
1751493892724601,so_sanh_chung,trung_lap,0.3,none,,[],"so sanh cac goi bao hiem suc khoe cho be, uu nhoc diem bao hiem suc khoe","Commenter phân loại và so sánh các sản phẩm bảo hiểm sức khỏe thẻ rời cho bé, nêu rõ ưu nhược điểm, phí và thời gian chờ của từng nhóm.",False,False,2026-09-08T18:15:04.706656
1751494096057914,muon_tu_van,trung_lap,0.1,none,,[],"cac cau hoi can biet khi chon bao hiem cho be, huong dan chon goi bao hiem phu hop","Commenter giải thích rằng việc chọn gói bảo hiểm phù hợp quan trọng hơn gói tốt nhất và yêu cầu 3 thông tin về sức khỏe, thói quen khám bệnh và ngân sách để tư vấn.",True,False,2026-09-08T18:15:04.706656
1751508579389799,khen,tich_cuc,0.5,none,,[],,Người dùng gửi lời cảm ơn.,False,False,2026-09-08T18:15:04.706656
1751585126048811,khen,tich_cuc,0.5,none,,[],,Người dùng gửi lời cảm ơn.,False,False,2026-09-08T18:15:04.706656
1751614502712540,spam,trung_lap,0.0,none,,[],,"Một tư vấn viên của Dai-ichi Life giải thích về điều kiện chi trả xét nghiệm âm tính, giới thiệu sản phẩm thẻ sức khỏe và nhân thọ của Dai-ichi, và mời tư vấn.",True,False,2026-09-08T18:15:04.706656
1751691469371510,y_kien_trung_lap,trung_lap,0.1,none,,[],"quyen loi the suc khoe cathay, dieu kien chi tra xet nghiem am tinh","Commenter giới thiệu sản phẩm Cathay Life có thể đáp ứng phần lớn nhu cầu, không đồng chi trả tại viện tư nhưng chưa hỗ trợ xét nghiệm âm tính.",True,False,2026-09-08T18:15:04.706656
1751804416026882,y_kien_trung_lap,trung_lap,0.1,none,,[],,Người dùng gợi ý tham khảo sản phẩm của Sun Life.,False,False,2026-09-08T18:15:04.706656
1751169896090334,spam,trung_lap,0.0,none,,[],,Người dùng gợi ý liên hệ với Nguyễn Hoa Zương Zuồi để được tư vấn.,False,True,2026-09-08T18:15:04.706656
1751175002756490,y_kien_trung_lap,trung_lap,0.1,none,,[],"lua chon bao hiem khi khong kip thai san, su khac biet giua bao hiem thai san va suc khoe",Commenter thông báo không kịp mua bảo hiểm thai sản và khuyên cân nhắc mua bảo hiểm sức khỏe để chi trả chi phí điều trị bệnh tật.,True,False,2026-09-08T18:15:04.706656
1751175406089783,y_kien_trung_lap,trung_lap,0.2,none,,[],"thoi gian cho cua bao hiem thai san, lua chon bao hiem khi mang thai",Commenter giải thích rằng không thể mua bảo hiểm thai sản do thời gian chờ 270 ngày và khuyên mua bảo hiểm sức khỏe để phòng bị các bệnh khác.,False,False,2026-09-08T18:15:04.706656
1751184626088861,y_kien_trung_lap,trung_lap,0.1,none,,[],"cac loai bao hiem cho thai san, bao hiem bien chung thai san",Commenter xác nhận không kịp mua bảo hiểm thai sản và gợi ý sử dụng BHYT hoặc mua thêm bảo hiểm biến chứng thai sản.,False,False,2026-09-08T18:15:04.706656
1751195522754438,y_kien_trung_lap,trung_lap,0.1,none,,[],,Người dùng trấn an và nhận xét rằng sinh ở bệnh viện 175 cũng tốt.,False,False,2026-09-08T18:15:04.706656
1751215366085787,y_kien_trung_lap,trung_lap,0.1,none,,[],quy dinh thoi gian cho bao hiem thai san,Commenter giải thích rằng quy định chung của bảo hiểm thai sản là thời gian chờ ít nhất 270 ngày.,False,False,2026-09-08T18:15:04.706656
1751229022751088,y_kien_trung_lap,trung_lap,0.3,none,,[],"ket hop bao hiem nhan tho va suc khoe cho gia dinh, bao hiem cho me va be","Người dùng chia sẻ kinh nghiệm về việc mua bảo hiểm nhân thọ kèm thẻ sức khỏe cho mẹ và con, bao gồm chi trả biến chứng thai sản và dịch vụ nằm viện.",False,False,2026-09-08T18:15:04.706656
1751235002750490,spam,trung_lap,0.0,none,,[],,"Một tư vấn viên thông báo không có bảo hiểm thai sản nào chi trả và khuyên mua bảo hiểm nhân thọ kèm sức khỏe, mời inbox để được tư vấn.",True,False,2026-09-08T18:15:04.706656
1751253609415296,y_kien_trung_lap,trung_lap,0.2,none,,[],"dieu kien chi tra bien chung thai san, thoi gian cho quyen loi thai san","Commenter bổ sung rằng cần chọn thẻ sức khỏe có quyền lợi thai sản để được chi trả biến chứng thai sản, với thời gian chờ là 90 ngày.",False,False,2026-09-08T18:15:04.706656
1751579036049420,spam,trung_lap,0.0,none,,[],,"Một tư vấn viên AIA giới thiệu chi tiết các quyền lợi sản phẩm bảo hiểm nhân thọ và thẻ sức khỏe của AIA, kèm thông tin liên hệ và lời mời inbox.",True,False,2026-09-08T18:15:06.945882
1751635632710427,y_kien_trung_lap,trung_lap,0.0,none,,[],lời khuyên về bảo hiểm y tế,Comment đề xuất mua bảo hiểm y tế.,False,False,2026-09-08T18:15:06.945882
1751656366041687,spam,trung_lap,0.0,none,,[],,"Một người dùng chúc mừng và cung cấp thông tin về bảo hiểm thai sản, sau đó giới thiệu liên hệ một tư vấn viên cụ thể.",True,False,2026-09-08T18:15:06.945882
1751727046034619,y_kien_trung_lap,trung_lap,0.0,none,,[],thời điểm mua bảo hiểm cho trẻ sơ sinh,Comment đưa ra lời khuyên về thời điểm tham gia bảo hiểm cho bé.,False,False,2026-09-08T18:15:06.945882
1751102206097103,spam,trung_lap,0.0,none,,[],,Comment giới thiệu liên hệ một tư vấn viên cụ thể.,True,False,2026-09-08T18:15:06.945882
1751105222763468,y_kien_trung_lap,trung_lap,0.0,none,,[],,Một lời cảm ơn.,False,False,2026-09-08T18:15:06.945882
1751105299430127,spam,trung_lap,0.0,none,,[],,Comment mời người khác liên hệ để được tư vấn.,True,False,2026-09-08T18:15:06.945882
1751112816096042,spam,trung_lap,0.0,none,,[],,Comment giới thiệu liên hệ một tư vấn viên cụ thể.,True,False,2026-09-08T18:15:06.945882
1751126259428031,y_kien_trung_lap,trung_lap,0.0,none,,[],,Comment góp ý về cách dùng từ ngữ trong giao tiếp.,False,False,2026-09-08T18:15:06.945882
1751134479427209,y_kien_trung_lap,trung_lap,0.0,none,,[],,Comment bình luận về việc sử dụng từ 'cần' trong giao tiếp.,False,False,2026-09-08T18:15:06.945882
1751135079427149,y_kien_trung_lap,trung_lap,0.0,none,,[],,Comment phản hồi về việc sử dụng từ 'cần hỗ trợ'.,False,False,2026-09-08T18:15:06.945882
1751625322711458,y_kien_trung_lap,trung_lap,0.0,none,,[],các trường hợp từ chối bồi thường,Comment hỏi về lý do một yêu cầu bồi thường bị từ chối.,False,False,2026-09-08T18:15:06.945882
1751628606044463,spam,trung_lap,0.0,none,,[],,Comment hỏi xem người khác đã có người hỗ trợ chưa.,True,False,2026-09-08T18:15:06.945882
1751629949377662,y_kien_trung_lap,trung_lap,0.0,none,,[],,Comment thông báo rằng vấn đề đã được xử lý.,False,False,2026-09-08T18:15:06.945882
1751067189433938,spam,trung_lap,0.0,none,,[],,Comment chỉ chứa một ký tự vô nghĩa.,False,False,2026-09-08T18:15:06.945882
1751067229433934,spam,trung_lap,0.0,none,,[],,Comment chỉ chứa một ký tự vô nghĩa.,False,False,2026-09-08T18:15:06.945882
1751070959433561,spam,trung_lap,0.0,none,,[],,"Một tư vấn viên giới thiệu sản phẩm bảo hiểm của AIA cho mẹ và bé, kèm theo lời mời gửi chi tiết riêng.",True,False,2026-09-08T18:15:06.945882
1751074416099882,phan_van,trung_lap,0.0,none,,[],các lựa chọn thẻ sức khỏe riêng cho bé,Người dùng hỏi về gói bảo hiểm kèm mẹ và bày tỏ nhu cầu tìm thẻ sức khỏe riêng cho bé.,False,False,2026-09-08T18:15:06.945882
1751079559432701,spam,trung_lap,0.0,none,,[],,Một tư vấn viên Dai-ichi giới thiệu về sản phẩm thẻ sức khỏe của công ty có chi trả bệnh bẩm sinh và mời inbox để tư vấn.,True,False,2026-09-08T18:15:06.945882
1751087322765258,y_kien_trung_lap,tich_cuc,0.7,none,,[],những lưu ý khi mua thẻ sức khỏe riêng cho trẻ em,"Comment cung cấp các lưu ý quan trọng khi tìm hiểu và lựa chọn thẻ sức khỏe riêng cho trẻ em, bao gồm thời gian chờ, điều khoản loại trừ và phí.",False,False,2026-09-08T18:15:06.945882
1751088279431829,y_kien_trung_lap,trung_lap,0.0,none,,[],,Người dùng trả lời ngắn gọn.,False,False,2026-09-08T18:15:16.721749
1751089169431740,y_kien_trung_lap,trung_lap,0.0,none,,[],,Người dùng khuyên tham khảo.,False,False,2026-09-08T18:15:16.721749
1751092746098049,spam,trung_lap,0.0,none,,[],,Người dùng kêu gọi liên hệ Zalo để tư vấn.,True,False,2026-09-08T18:15:16.721749
1751096636097660,spam,trung_lap,0.0,none,,[],,Tư vấn viên Daiichi giới thiệu chi tiết sản phẩm bảo hiểm sức khỏe cho trẻ em và mời kết nối.,True,False,2026-09-08T18:15:16.721749
1751096736097650,spam,trung_lap,0.0,none,,[],,Người dùng mời inbox để được tư vấn về Daiichi.,True,False,2026-09-08T18:15:16.721749
1751102412763749,spam,trung_lap,0.0,none,,[],,Người dùng giới thiệu chương trình hoàn phí và chi trả của Gen.,True,False,2026-09-08T18:15:16.721749
1751102759430381,spam,trung_lap,0.0,none,,[],,Người dùng giới thiệu gói Daiichi và mời liên hệ Zalo để tư vấn.,True,False,2026-09-08T18:15:16.721749
1751111859429471,muon_tu_van,trung_lap,0.0,none,,[],,Người dùng hỏi về loại thẻ bảo hiểm mà khách hàng quan tâm.,True,False,2026-09-08T18:15:16.721749
1751116909428966,spam,trung_lap,0.0,none,,[],,Tư vấn viên Daiichi giới thiệu thẻ sức khỏe kèm nhân thọ cho trẻ nhỏ và mời inbox tư vấn.,True,False,2026-09-08T18:15:16.721749
1751118592762131,spam,trung_lap,0.0,none,,[],,Người dùng cung cấp thông tin chi phí gói bảo hiểm và mời inbox tư vấn.,True,False,2026-09-08T18:15:16.721749
1751166986090625,y_kien_trung_lap,trung_lap,0.0,none,,[],,Người dùng thông báo Daiichi có chi trả cho bệnh bẩm sinh.,False,False,2026-09-08T18:15:16.721749
1751171762756814,spam,trung_lap,0.0,none,,[],,Người dùng giới thiệu các tư vấn viên Daiichi có kinh nghiệm để liên hệ về bệnh bẩm sinh.,True,False,2026-09-08T18:15:16.721749
1751215472752443,spam,trung_lap,0.0,none,,[],,Người dùng thông báo gói bảo hiểm có giá 16 triệu với đầy đủ quyền lợi.,True,False,2026-09-08T18:15:16.721749
1751580389382618,spam,trung_lap,0.0,none,,[],,"Người dùng giới thiệu Daiichi và Sun Life cho bệnh bẩm sinh, mời liên hệ tư vấn viên.",True,False,2026-09-08T18:15:16.721749
1751583829382274,spam,trung_lap,0.0,none,,[],,Người dùng giới thiệu liên hệ Công để được hỗ trợ giải pháp.,True,False,2026-09-08T18:15:16.721749
1751584592715531,khen,tich_cuc,0.8,none,,[],,Người dùng bày tỏ lời cảm ơn đến Chị Ngân.,False,False,2026-09-08T18:15:16.721749
1751584782715512,khen,tich_cuc,0.8,none,,[],,Người dùng bày tỏ lời cảm ơn đến Anh Nam.,False,False,2026-09-08T18:15:16.721749
1751586002715390,khen,tich_cuc,0.8,none,,[],,Người dùng bày tỏ lời cảm ơn.,False,False,2026-09-08T18:15:16.721749
1751587206048603,spam,trung_lap,0.0,none,,[],,Tư vấn viên Daiichi giới thiệu sản phẩm bảo hiểm cho bệnh bẩm sinh và mời tư vấn.,True,False,2026-09-08T18:15:16.721749
1751621512711839,spam,trung_lap,0.0,none,,[],,Tư vấn viên giới thiệu gói bảo hiểm độc lập cho bé và mời liên hệ qua Messenger/Zalo.,True,False,2026-09-08T18:15:16.721749
1751155696091754,y_kien_trung_lap,trung_lap,0.0,none,,[],,Người dùng yêu cầu admin gửi tài liệu sau khi đăng bài và chụp lại.,False,False,2026-09-08T18:15:45.337363
1751162512757739,spam,trung_lap,0.0,none,,[],,Comment chỉ chứa một dấu chấm.,False,False,2026-09-08T18:15:45.337363
1751170092756981,khen,tich_cuc,0.8,none,,[],,Người dùng bày tỏ sự hài lòng về buổi chia sẻ.,False,False,2026-09-08T18:15:45.337363
1751183569422300,y_kien_trung_lap,trung_lap,-0.2,none,,[],,Người dùng chia sẻ trải nghiệm cá nhân bị gián đoạn và bị kick khỏi buổi chia sẻ do con nhỏ quấy phá.,False,False,2026-09-08T18:15:45.337363
1751220166085307,khen,tich_cuc,0.7,none,,[],,Người dùng nhận xét nội dung buổi chia sẻ càng về sau càng hấp dẫn.,False,False,2026-09-08T18:15:45.337363
1751220362751954,khen,tich_cuc,0.6,none,,[],,Người dùng bày tỏ sự mong chờ buổi chia sẻ tiếp theo.,False,False,2026-09-08T18:15:45.337363
1751220056085318,y_kien_trung_lap,trung_lap,0.0,none,,[],,Người dùng hỏi để làm rõ loại bảo hiểm mà người khác quan tâm.,True,False,2026-09-08T18:15:45.337363
1751222609418396,muon_tu_van,trung_lap,0.0,none,,[],bảo hiểm cho visa thăm thân,Người dùng cần mua bảo hiểm để nộp hồ sơ xin visa thăm thân.,False,False,2026-09-08T18:15:45.337363
1751224192751571,y_kien_trung_lap,trung_lap,0.0,none,,[],,Người dùng hỏi về quốc gia xin visa thăm thân.,True,False,2026-09-08T18:15:45.337363
1751230202750970,y_kien_trung_lap,trung_lap,0.0,none,,[],,Người dùng cho biết đang nộp visa thăm thân Ba Lan.,False,False,2026-09-08T18:15:45.337363
1751235109417146,y_kien_trung_lap,trung_lap,0.1,none,,[],so sánh bảo hiểm du lịch châu âu,"Người dùng gợi ý các sản phẩm bảo hiểm Liberty, Pacific Cross và chia sẻ kinh nghiệm bán cho khách đi châu Âu.",True,False,2026-09-08T18:15:45.337363
1751235919417065,y_kien_trung_lap,trung_lap,0.0,none,,[],,"Người dùng từ chối hỗ trợ do không có sản phẩm phù hợp cho Ba Lan, nhưng gợi ý sản phẩm cho Mỹ và chúc người hỏi tìm được đại lý.",True,False,2026-09-08T18:15:45.337363
1751543429386314,spam,trung_lap,0.0,none,,[],,Người dùng giải thích về bảo hiểm xin visa và chào bán dịch vụ cấp online nhanh.,True,False,2026-09-08T18:15:45.337363
1751581266049197,muon_tu_van,trung_lap,0.0,none,,[],,Người dùng muốn liên hệ với Zương Zuồi.,False,False,2026-09-08T18:15:45.337363
1751626732711317,y_kien_trung_lap,trung_lap,0.2,none,,[],,Người dùng cảm ơn mọi người đã cung cấp thông tin và thông báo đã mua được bảo hiểm.,False,False,2026-09-08T18:15:45.337363
1751634676043856,spam,trung_lap,0.0,none,,[],,"Người dùng mời inbox để được hỗ trợ, kèm hashtag.",True,False,2026-09-08T18:15:45.337363
1751718162702174,spam,trung_lap,0.0,none,,[],,Người dùng tự giới thiệu là chuyên viên bảo hiểm du lịch Bảo Việt và mời kết bạn Zalo kèm số điện thoại.,True,False,2026-09-08T18:15:45.337363
1751719002702090,y_kien_trung_lap,trung_lap,0.0,none,,[],,Người dùng hỏi về thời gian đi để có cơ sở báo phí bảo hiểm tốt nhất.,True,False,2026-09-08T18:15:45.337363
1751719622702028,muon_tu_van,trung_lap,0.0,none,,[],,Người dùng yêu cầu inbox Nguyễn Hoa và Zương Zuồi.,False,False,2026-09-08T18:15:45.337363
2506820433155181,spam,trung_lap,0.0,none,,[],,"Người dùng tự giới thiệu là đại lý Bảo Việt Hải Phòng, chào bán bảo hiểm xe với mức phí và mời liên hệ để được tư vấn.",True,False,2026-09-08T18:15:45.337363
1751737682700222,y_kien_trung_lap,trung_lap,0.0,none,,[],Điều kiện tham gia bảo hiểm cho bệnh bẩm sinh,Người dùng chia sẻ rằng việc tham gia bảo hiểm cho bệnh bẩm sinh còn tùy thuộc vào loại bệnh.,False,False,2026-09-08T18:15:45.807952
1751750912698899,y_kien_trung_lap,trung_lap,0.1,none,,[],,Người dùng gửi lời cảm ơn.,False,False,2026-09-08T18:15:45.807952
1751085822765408,spam,trung_lap,0.0,none,,[],,"Comment chỉ chứa một dấu chấm, không có nội dung.",False,False,2026-09-08T18:15:45.807952
1751087129431944,spam,trung_lap,0.0,none,,[],,Đại lý Daiichi giới thiệu gói bảo hiểm cho người lớn tuổi và mời inbox để tư vấn chi tiết.,True,False,2026-09-08T18:15:45.807952
1751089722765018,y_kien_trung_lap,trung_lap,0.1,none,,[],Cách tối ưu bảo hiểm nhân thọ cho con cái và thẻ sức khỏe cho mẹ,Người dùng khuyên mua bảo hiểm nhân thọ cho con cái và gắn thẻ sức khỏe cho mẹ.,False,False,2026-09-08T18:15:45.807952
1751090086098315,spam,trung_lap,0.0,none,,[],,"Đại lý Generali giới thiệu gói bảo hiểm nhân thọ cho người 58 tuổi với chi phí và quyền lợi cụ thể, kèm thông tin liên hệ.",True,False,2026-09-08T18:15:45.807952
1751091562764834,spam,trung_lap,0.0,none,,[],,Đại lý Generali giới thiệu chương trình ưu đãi phí thẻ sức khỏe và mời inbox để tư vấn giải pháp.,True,False,2026-09-08T18:15:45.807952
1751092156098108,spam,trung_lap,0.0,none,,[],,Đại lý Sun Life giới thiệu gói bảo hiểm tối ưu cho người lớn tuổi với nhiều quyền lợi nổi bật và mời liên hệ để tư vấn.,True,False,2026-09-08T18:15:45.807952
1751097799430877,spam,trung_lap,0.0,none,,[],,Đại lý Generali tự giới thiệu và hỏi về ngân sách của khách hàng để tư vấn gói bảo hiểm phù hợp cho mẹ.,True,False,2026-09-08T18:15:45.807952
1751101319430525,spam,trung_lap,0.0,none,,[],,"Đại lý Daiichi giới thiệu các ưu điểm của thẻ sức khỏe và bảo hiểm tai nạn/hiểm nghèo, mời khách hàng kết nối.",True,False,2026-09-08T18:15:45.807952
1751101646097159,spam,trung_lap,0.0,none,,[],,"Đại lý tư vấn cách tối ưu bảo hiểm nhân thọ cho bản thân và thẻ sức khỏe cho mẹ, mời khách hàng liên hệ để tư vấn kỹ hơn.",True,False,2026-09-08T18:15:45.807952
1751103799430277,spam,trung_lap,0.0,none,,[],,"Comment chỉ chứa dấu ba chấm, không có nội dung.",False,False,2026-09-08T18:15:45.807952
1751109416096382,spam,trung_lap,0.0,none,,[],,"Đại lý AIA tự giới thiệu, phân tích chi tiết các gói bảo hiểm nhân thọ và thẻ sức khỏe của AIA, mời liên hệ để tư vấn.",True,False,2026-09-08T18:15:45.807952
1751111659429491,spam,trung_lap,0.0,none,,[],,"Đại lý Sun Life giới thiệu thẻ bảo hiểm với quyền lợi và mức phí cụ thể, mời khách hàng inbox để tư vấn.",True,False,2026-09-08T18:15:45.807952
1751124362761554,spam,trung_lap,0.0,none,,[],,Đại lý Generali giới thiệu gói bảo hiểm full quyền lợi cho người lớn tuổi với chi phí khoảng 20 triệu/năm và thẻ sức khỏe sử dụng tại các bệnh viện lớn.,True,False,2026-09-08T18:15:45.807952
1751171046090219,spam,trung_lap,0.0,none,,[],,Đại lý Sun Life giới thiệu gói bảo hiểm combo với quyền lợi sức khỏe hàng đầu và mời inbox để nhận phương án chi tiết.,True,False,2026-09-08T18:15:45.807952
1751576142716376,y_kien_trung_lap,trung_lap,0.1,none,,[],Cách tối ưu hợp đồng bảo hiểm nhân thọ và sản phẩm bổ trợ cho gia đình,Người dùng đưa ra lời khuyên về việc gắn sản phẩm bổ trợ của mẹ vào hợp đồng nhân thọ của con để tối ưu chi phí và bảo vệ.,True,False,2026-09-08T18:15:45.807952
1751626806044643,spam,trung_lap,0.0,none,,[],,"Đại lý Daiichi giới thiệu các gói bảo hiểm với mức phí linh hoạt, nhấn mạnh ưu điểm của thẻ sức khỏe và bảo hiểm bệnh hiểm nghèo, mời khách hàng tư vấn.",True,False,2026-09-08T18:15:45.807952
1751736502700340,spam,trung_lap,0.0,none,,[],,"Đại lý AIA tự giới thiệu, hỏi về tình trạng sức khỏe và ngân sách của mẹ khách hàng để thiết kế gói bảo hiểm, mời liên hệ để tư vấn.",True,False,2026-09-08T18:15:45.807952
1751153882758602,khen,tich_cuc,0.8,none,,[],,Người dùng bày tỏ sự khen ngợi.,False,False,2026-09-08T18:15:45.807952
2502809860222905,spam,trung_lap,0.0,none,,[],,Một người dùng mời inbox để tư vấn bảo hiểm Cathay với phí rẻ và quyền lợi tối ưu.,True,False,2026-09-08T18:16:05.316191
2502811650222726,spam,trung_lap,0.0,none,,[],,Một người dùng giới thiệu sản phẩm bảo hiểm An 10 của Generali cho bé 7 tuổi với phí 5.9 triệu/năm.,True,False,2026-09-08T18:16:05.316191
2502813313555893,so_sanh_chung,trung_lap,0.2,none,,[],So sánh bảo hiểm phi nhân thọ và nhân thọ cho trẻ 7 tuổi,"Một người dùng tư vấn về bảo hiểm phi nhân thọ (MIC, VBI, Pacific Cross) và nhân thọ (Sun Life) cho bé 7 tuổi, nhấn mạnh khả năng tái tục và chi trả ung thư.",True,False,2026-09-08T18:16:05.316191
2502817420222149,spam,trung_lap,0.0,none,,[],,Một người dùng mời inbox để tư vấn.,True,False,2026-09-08T18:16:05.316191
2502818626888695,spam,trung_lap,0.0,none,,[],,Một người dùng giới thiệu sản phẩm bảo hiểm sức khỏe của VietinBank cho bé và mời inbox tư vấn.,True,False,2026-09-08T18:16:05.316191
2502823290221562,spam,trung_lap,0.0,none,,[],,Một người dùng giới thiệu bảo hiểm sức khỏe của Techcombank cho bé và cung cấp số điện thoại để tư vấn.,True,False,2026-09-08T18:16:05.316191
2502823660221525,spam,trung_lap,0.0,none,,[],,"Một người dùng giới thiệu thẻ sức khỏe BIC (BIDV) cho bé với mức phí và quyền lợi chi tiết, kèm theo thông tin liên hệ.",True,False,2026-09-08T18:16:05.316191
2502825040221387,spam,trung_lap,0.0,none,,[],,Một người dùng gợi ý tham gia bảo hiểm nhân thọ kèm thẻ sức khỏe nếu ngân sách dưới 15 triệu/năm và mời inbox để hỗ trợ.,True,False,2026-09-08T18:16:05.316191
2502825690221322,spam,trung_lap,0.0,none,,[],,"Một người dùng giới thiệu thẻ sức khỏe Fuse Care cho bé với mức phí và quyền lợi chi tiết, kèm theo thông tin liên hệ.",True,False,2026-09-08T18:16:05.316191
2502827773554447,spam,trung_lap,0.0,none,,[],,"Một người dùng tự giới thiệu là Huệ từ AIA Exchange, giới thiệu thẻ sức khỏe chi trả 100% viện phí và mời inbox để biết thêm chi tiết.",True,False,2026-09-08T18:16:05.316191
2502829880220903,so_sanh_chung,tich_cuc,0.7,none,,[],So sánh thẻ bảo hiểm phi nhân thọ VBI và MIC cho trẻ,"Một người dùng so sánh thẻ bảo hiểm phi nhân thọ VBI và MIC cho bé 7 tuổi, khuyến nghị MIC vì điều khoản bệnh hô hấp, mức phí và kinh nghiệm bồi thường nhanh chóng, ổn định.",True,False,2026-09-08T18:16:05.316191
2502832920220599,spam,trung_lap,0.0,none,,[],,Một người dùng mời inbox để tư vấn gói bảo hiểm phi nhân thọ chi trả 100% viện tư và miễn thời gian chờ bệnh thông thường.,True,False,2026-09-08T18:16:05.316191
2502835306887027,spam,trung_lap,0.0,none,,[],,Một người dùng giới thiệu gói MIC Care Kim Cương cho bé 7 tuổi với chi phí dưới 15 triệu/năm và cung cấp thông tin liên hệ.,True,False,2026-09-08T18:16:05.316191
2502839730219918,spam,trung_lap,0.0,none,,[],,Một người dùng khuyến nghị mua bảo hiểm nhân thọ AIA cho bé với quyền lợi vượt trội và cung cấp thông tin liên hệ.,True,False,2026-09-08T18:16:05.316191
2502840323553192,spam,trung_lap,0.0,none,,[],,Một người dùng mời inbox để tham khảo gói chăm sóc sức khỏe toàn diện kết hợp tích lũy tiết kiệm học đường cho bé.,True,False,2026-09-08T18:16:05.316191
2502849026885655,spam,trung_lap,0.0,none,,[],,Một người dùng mời inbox để được hỗ trợ tư vấn thêm thông tin.,True,False,2026-09-08T18:16:05.316191
2502852406885317,spam,trung_lap,0.0,none,,[],,Một người dùng giới thiệu gói bảo hiểm mini của Daiichi với đầy đủ quyền lợi và cung cấp số điện thoại Zalo.,True,False,2026-09-08T18:16:05.316191
2502855043551720,spam,trung_lap,0.0,none,,[],,Một người dùng mời nhắn tin để tư vấn gói bảo hiểm nhân thọ phù hợp cho bé dưới 15 triệu/năm tại TP.HCM.,True,False,2026-09-08T18:16:05.316191
2502859656884592,spam,trung_lap,0.0,none,,[],,Một người dùng giới thiệu gói bảo hiểm nhân thọ AIA kèm thẻ sức khỏe trọn đời với nhiều quyền lợi chi tiết và mời nhắn tin để tư vấn.,True,False,2026-09-08T18:16:05.316191
2503092340194657,y_kien_trung_lap,trung_lap,0.0,none,,[],Quy trình làm biên bản thế quyền bảo hiểm,Một người dùng cảm ơn và thông báo đã hoàn tất biên bản thế quyền với PTI.,False,False,2026-09-08T18:16:05.316191
2503366490167242,spam,trung_lap,0.0,none,,[],,Commenter chào mời hỗ trợ và để lại số điện thoại liên hệ.,True,False,2026-09-08T18:16:13.276040
2503310660172825,spam,trung_lap,0.0,none,,[],,Commenter chào mời hỗ trợ qua Zalo và để lại số điện thoại.,True,False,2026-09-08T18:16:13.276040
2503364416834116,spam,trung_lap,0.0,none,,[],,Commenter chào mời hỗ trợ và để lại số điện thoại liên hệ.,True,False,2026-09-08T18:16:13.276040
2503019606868597,y_kien_trung_lap,trung_lap,0.1,none,,[],hướng dẫn đọc quy tắc bảo hiểm,Commenter giải thích quyền lợi bảo hiểm phụ thuộc gói và điều khoản loại trừ bệnh.,False,False,2026-09-08T18:16:13.276040
2503024293534795,spam,trung_lap,0.0,none,,[],,"Commenter giải thích điều kiện chi trả, sau đó tự giới thiệu đại lý Generali và để lại số điện thoại.",True,False,2026-09-08T18:16:13.276040
2503024856868072,y_kien_trung_lap,trung_lap,0.1,none,,[],các yếu tố ảnh hưởng đến chi trả bảo hiểm,Commenter cho biết việc chi trả bảo hiểm phụ thuộc sản phẩm và nguyên nhân bệnh.,False,False,2026-09-08T18:16:13.276040
2503026700201221,muon_tu_van,trung_lap,0.2,none,,[],cách kiểm tra điều khoản bảo hiểm,Commenter hỏi về đơn vị bảo hiểm và thông tin chi tiết để kiểm tra điều khoản.,True,False,2026-09-08T18:16:13.276040
2503028636867694,y_kien_trung_lap,trung_lap,0.1,none,,[],bảo hiểm và bệnh bẩm sinh,Commenter giải thích các công ty bảo hiểm thường loại trừ chi trả bệnh hẹp bao quy đầu bẩm sinh.,False,False,2026-09-08T18:16:13.276040
2503031126867445,y_kien_trung_lap,trung_lap,0.2,none,,[],quyền lợi thẻ sức khỏe FWD,Commenter thông báo thẻ sức khỏe của FWD có thể chi trả cho trường hợp được hỏi.,False,False,2026-09-08T18:16:13.276040
2503064396864118,muon_tu_van,trung_lap,0.2,none,,[],vai trò của Insmart trong bảo hiểm,Commenter giải thích Insmart là bên trung gian chi trả và đề nghị xem xét hợp đồng.,True,False,2026-09-08T18:16:13.276040
2503075513529673,y_kien_trung_lap,trung_lap,0.1,none,,[],,Commenter xác nhận rằng công ty bảo hiểm cũng đã nói với họ điều tương tự.,False,False,2026-09-08T18:16:13.276040
2503076253529599,y_kien_trung_lap,trung_lap,0.1,none,,[],bảo hiểm phi nhân thọ và quyền lợi,Commenter chia sẻ về việc sử dụng bảo hiểm phi nhân thọ tầm thấp liên kết với MSIG và Insmart.,False,False,2026-09-08T18:16:13.276040
2503082186862339,y_kien_trung_lap,trung_lap,0.2,none,,[],cách tối ưu hồ sơ y tế để được bảo hiểm chi trả,Commenter hỏi về kinh nghiệm dùng bảo hiểm và đưa lời khuyên chuẩn bị hồ sơ.,False,False,2026-09-08T18:16:13.276040
2503201740183717,y_kien_trung_lap,trung_lap,0.2,none,,[],phân biệt bệnh bẩm sinh và mắc phải trong bảo hiểm,Commenter giải thích chi tiết chi trả bảo hiểm dựa trên nguyên nhân bệnh và mã ICD.,False,False,2026-09-08T18:16:13.276040
2503366066833951,spam,trung_lap,0.0,none,,[],,Commenter chào mời hỗ trợ và để lại số điện thoại liên hệ.,True,False,2026-09-08T18:16:13.276040
2503516590152232,y_kien_trung_lap,trung_lap,0.1,none,,[],bảo hiểm y tế và quyền lợi,Commenter giải thích hẹp bao quy đầu thường bẩm sinh và khuyên dùng bảo hiểm y tế.,False,False,2026-09-08T18:16:13.276040
2503814130122478,y_kien_trung_lap,trung_lap,0.1,none,,[],điều khoản loại trừ bệnh bẩm sinh trong bảo hiểm,Commenter khẳng định hẹp bao quy đầu thường bẩm sinh và bị từ chối chi trả nếu sản phẩm loại trừ.,False,False,2026-09-08T18:16:13.276040
2503055976864960,spam,trung_lap,0.0,none,,[],,Commenter tự giới thiệu là đại lý bảo hiểm Pjico và mời liên hệ để được tư vấn.,True,False,2026-09-08T18:16:13.276040
2503065306864027,spam,trung_lap,0.0,none,,[],,Commenter đưa ra một lời kêu gọi hành động ngắn gọn 'lên deal liền'.,True,True,2026-09-08T18:16:13.276040
2503100140193877,spam,trung_lap,0.0,none,,[],,Commenter tự giới thiệu từ Bảo Việt và mời liên hệ để được hỗ trợ tư vấn.,True,False,2026-09-08T18:16:13.276040
2503234570180434,spam,trung_lap,0.0,none,,[],,Người dùng mời inbox để tư vấn bảo hiểm.,True,False,2026-09-08T18:16:23.971643
2503241890179702,spam,trung_lap,0.0,none,,[],,Người dùng mời inbox.,True,False,2026-09-08T18:16:23.971643
2503365270167364,spam,trung_lap,0.0,none,,[],,Người dùng cung cấp số điện thoại để hỗ trợ.,True,False,2026-09-08T18:16:23.971643
2503667366803821,spam,trung_lap,0.0,none,,[],,Người dùng tự giới thiệu là TVV Bảo Việt và yêu cầu số điện thoại để tư vấn.,True,False,2026-09-08T18:16:23.971643
2503820296788528,spam,trung_lap,0.0,none,,[],,Người dùng cung cấp số điện thoại Bảo Việt Cần Thơ và mời liên hệ.,True,False,2026-09-08T18:16:23.971643
2506526189851272,spam,trung_lap,0.0,none,,[],,Người dùng cung cấp số điện thoại để được tư vấn thêm.,True,False,2026-09-08T18:16:23.971643
2506819059821985,spam,trung_lap,0.0,none,,[],,"Người dùng tự giới thiệu là TVV Bảo Việt Hải Phòng, quảng cáo dịch vụ và mời inbox.",True,False,2026-09-08T18:16:23.971643
2503130946857463,bao_hiem_chung,tieu_cuc,-0.8,low,Kêu gọi tẩy chay sản phẩm/công ty.,[],,Người dùng kêu gọi tẩy chay một loại bảo hiểm.,False,False,2026-09-08T18:16:23.971643
2503159420187949,bao_hiem_chung,tieu_cuc,-1.0,medium,"Ngôn ngữ xúc phạm nghiêm trọng, có thể gây ảnh hưởng xấu.",[],,Người dùng bày tỏ sự tức giận và chửi bới công ty Tasco.,False,False,2026-09-08T18:16:23.971643
2503166980187193,bao_hiem_chung,tieu_cuc,-0.7,low,Khuyên tránh xa sản phẩm/công ty.,[],,Người dùng chia sẻ trải nghiệm tiêu cực với bảo hiểm Tasco và khuyên nên tránh.,False,False,2026-09-08T18:16:23.971643
2503190276851530,chinh_sach_quy_trinh_boi_thuong,tieu_cuc,-0.5,low,Gợi ý khởi kiện.,[],,Người dùng thắc mắc tại sao chưa có đơn khởi kiện.,False,False,2026-09-08T18:16:23.971643
2503215313515693,chinh_sach_quy_trinh_boi_thuong,tieu_cuc,-0.5,low,Thắc mắc về việc chưa khởi kiện.,[],,Người dùng thắc mắc tại sao đã lâu mà chưa có đơn kiện.,False,False,2026-09-08T18:16:23.971643
2503233813513843,chinh_sach_quy_trinh_boi_thuong,tieu_cuc,-0.6,low,Khuyến khích khởi kiện.,[],,Người dùng thúc giục khởi kiện để giải quyết vấn đề.,False,False,2026-09-08T18:16:23.971643
2503273666843191,chinh_sach_quy_trinh_boi_thuong,tieu_cuc,-0.4,low,"Vấn đề kéo dài, gây bức xúc.","[""quy trinh boi thuong lau""]",,Người dùng bày tỏ sự đồng cảm với vấn đề đã kéo dài gần một năm.,False,False,2026-09-08T18:16:23.971643
2503280736842484,spam,trung_lap,0.0,none,,[],,Comment chỉ chứa một tên người dùng.,False,False,2026-09-08T18:16:23.971643
2503316870172204,chinh_sach_quy_trinh_boi_thuong,tieu_cuc,-0.4,low,"Vấn đề kéo dài, gây khó chịu.","[""quy trinh boi thuong lau""]",,Người dùng bày tỏ sự khó chịu về một vấn đề kéo dài.,False,False,2026-09-08T18:16:23.971643
2503364010167490,spam,trung_lap,0.0,none,,[],,Người dùng cung cấp số điện thoại để hỗ trợ.,True,False,2026-09-08T18:16:23.971643
2503716253465599,san_pham_giai_phap,tieu_cuc,-0.3,none,,"[""quyen loi bi cat giam"", ""dieu khoan loai tru mo ho""]",Phân tích mối liên hệ giữa phí bảo hiểm và quyền lợi/điều khoản,"Người dùng khuyên nên đọc kỹ điều khoản vì phí rẻ có thể đi kèm với việc cắt giảm quyền lợi, và nên từ chối nếu không phù hợp.",False,False,2026-09-08T18:16:23.971643
2503767776793780,chinh_sach_quy_trinh_boi_thuong,tieu_cuc,-0.6,low,Khuyến khích khởi kiện.,[],,Người dùng khuyên nên thuê luật sư để khởi kiện.,False,False,2026-09-08T18:16:23.971643
2503769420126949,san_pham_giai_phap,trung_lap,0.1,none,,[],Giải thích các điều khoản loại trừ bồi thường do thiên tai trong bảo hiểm,Người dùng khuyên kiểm tra điều khoản loại trừ bồi thường do thiên tai trong hợp đồng để tránh tốn kém khi kiện.,False,False,2026-09-08T18:16:23.971643
2503771330126758,y_kien_trung_lap,trung_lap,0.0,none,,[],,Người dùng trả lời ngắn gọn 'dạ có anh a'.,False,False,2026-09-08T18:16:34.860566
2503772053460019,chinh_sach_quy_trinh_boi_thuong,tieu_cuc,-0.8,low,Người dùng đã tham khảo luật sư và cho rằng công ty bảo hiểm cố tình.,"[""công ty cố tình gây khó khăn""]",,Người dùng đã tham khảo luật sư và cho rằng công ty bảo hiểm cố tình gây khó khăn.,False,False,2026-09-08T18:16:34.860566
2503779823459242,so_sanh_chung,tieu_cuc,-0.6,low,Cảnh báo về việc chọn bảo hiểm giá rẻ có thể gây bực mình.,"[""chất lượng dịch vụ kém"", ""rủi ro khi chọn bảo hiểm rẻ""]",Làm thế nào để chọn công ty bảo hiểm uy tín?,"Người dùng khuyên nên làm căng để yêu cầu bồi thường và chọn công ty top đầu, tránh công ty giá rẻ.",False,False,2026-09-08T18:16:34.860566
2503785040125387,san_pham_giai_phap,trung_lap,0.0,none,,[],Hiểu rõ các điều khoản loại trừ trong bảo hiểm xe cơ giới,Người dùng giải thích rằng nếu có điều khoản loại trừ thiên tai lũ lụt thì không thể đòi bồi thường.,False,False,2026-09-08T18:16:34.860566
2506034449900446,y_kien_trung_lap,trung_lap,0.0,none,,[],Quy trình bồi thường bảo hiểm xe khi có vay ngân hàng,Người dùng hỏi xe có vay ngân hàng không và khuyên yêu cầu ngân hàng phối hợp làm việc.,False,False,2026-09-08T18:16:34.860566
2506035669900324,chinh_sach_quy_trinh_boi_thuong,trung_lap,0.0,none,,[],Phân biệt ngập nước và thủy kích trong bảo hiểm xe ô tô,Người dùng nhận định xe bị ngập nước chứ không phải thủy kích và bảo hiểm vật chất phải chi trả chi phí dọn dẹp.,False,False,2026-09-08T18:16:34.860566
2507381953099029,y_kien_trung_lap,trung_lap,0.0,none,,[],,Người dùng bày tỏ sự ngạc nhiên và hỏi lại về một thông tin.,False,False,2026-09-08T18:16:34.860566
2507427079761183,khen,tich_cuc,0.7,none,,[],,Người dùng động viên người khác cố gắng và theo đuổi đến cùng.,False,False,2026-09-08T18:16:34.860566
2507459269757964,y_kien_trung_lap,trung_lap,0.0,none,,[],,Người dùng trả lời ngắn gọn 'Được chứ'.,False,False,2026-09-08T18:16:34.860566
2503137576856800,khen,tich_cuc,0.8,none,,[],Đánh giá bảo hiểm PJICO: Ưu và nhược điểm,"Người dùng đánh giá PJICO ổn, quy trình nhanh, hỗ trợ nhiệt tình dù phí hơi nhỉnh.",False,False,2026-09-08T18:16:34.860566
2503142733522951,y_kien_trung_lap,trung_lap,0.0,none,,[],Tìm hiểu về PJICO: Công ty bảo hiểm có vốn nhà nước,Người dùng khẳng định PJICO ổn và cung cấp thông tin về cơ cấu vốn nhà nước của công ty.,False,False,2026-09-08T18:16:34.860566
2503144070189484,so_sanh_chung,tich_cuc,0.6,none,,[],Top các công ty bảo hiểm uy tín tại Việt Nam,Người dùng khuyên chọn các công ty bảo hiểm lớn và cảnh báo về các công ty tầm trung-rẻ.,False,False,2026-09-08T18:16:34.860566
2503145106856047,muon_tu_van,tich_cuc,0.8,none,,[],,"Người dùng tìm kiếm tư vấn viên PJICO lâu năm, uy tín tại Đà Nẵng.",False,False,2026-09-08T18:16:34.860566
2503173076853250,khen,tich_cuc,0.9,none,,[],,Người dùng khẳng định PJICO là công ty bảo hiểm có uy tín thương hiệu rất tốt.,False,False,2026-09-08T18:16:34.860566
2503227530181138,spam,trung_lap,0.0,none,,[],,Người dùng mời inbox để tư vấn về PJICO tại Hải Phòng.,True,False,2026-09-08T18:16:34.860566
2503365613500663,spam,trung_lap,0.0,none,,[],,Người dùng để lại số điện thoại và mời liên hệ để được hỗ trợ.,True,False,2026-09-08T18:16:34.860566
2503895920114299,muon_tu_van,tich_cuc,0.8,none,,[],,Người dùng yêu cầu được tư vấn.,False,False,2026-09-08T18:16:34.860566
2503972970106594,so_sanh_chung,tieu_cuc,-0.7,low,Cảnh báo về trải nghiệm bồi thường tệ của các công ty bảo hiểm giá rẻ.,"[""quy trình bồi thường kém"", ""chất lượng dịch vụ kém""]",Làm thế nào để chọn công ty bảo hiểm uy tín?,Người dùng khuyên chọn các công ty lớn vì ổn định khi bồi thường và cảnh báo tránh các công ty giá rẻ.,False,False,2026-09-08T18:16:34.860566
2504326813404543,khen,tich_cuc,0.9,none,,[],,Người dùng bày tỏ sự hài lòng và đánh giá rất cao.,False,False,2026-09-08T18:16:34.860566
2503248353512389,y_kien_trung_lap,trung_lap,0.0,none,,[],,Người dùng chỉ để lại tên 'Trong Hoang'.,False,False,2026-09-08T18:16:34.860566
2503249673512257,y_kien_trung_lap,trung_lap,0.0,none,,[],,Comment chỉ chứa một tên người dùng.,False,False,2026-09-08T18:16:48.925408
2503250683512156,spam,trung_lap,0.0,none,,[],,Người dùng tự giới thiệu là đại lý DBV và mời liên hệ qua inbox để được hỗ trợ.,True,False,2026-09-08T18:16:48.925408
2503251470178744,y_kien_trung_lap,trung_lap,0.0,none,,[],,Comment là một lời kêu gọi hoặc nhắc nhở mang tính cá nhân.,False,False,2026-09-08T18:16:48.925408
2503253456845212,spam,trung_lap,0.0,none,,[],,Người dùng mời liên hệ qua inbox để nhận số điện thoại.,True,False,2026-09-08T18:16:48.925408
2503254323511792,spam,trung_lap,0.0,none,,[],,"Người dùng tự giới thiệu ở Vĩnh Phúc, mời liên hệ qua inbox và cung cấp số điện thoại để hỗ trợ.",True,False,2026-09-08T18:16:48.925408
2503269780176913,spam,trung_lap,0.0,none,,[],,Người dùng mời liên hệ qua inbox.,True,False,2026-09-08T18:16:48.925408
2503273773509847,khen,tich_cuc,0.8,none,,[],,Người dùng bày tỏ lời cảm ơn.,False,False,2026-09-08T18:16:48.925408
2503288043508420,spam,trung_lap,0.0,none,,[],,Người dùng cung cấp số điện thoại và mời gọi điện.,True,False,2026-09-08T18:16:48.925408
2503288273508397,y_kien_trung_lap,trung_lap,0.0,none,,[],,Người dùng bày tỏ ý định tag một người bạn.,False,False,2026-09-08T18:16:48.925408
2503307720173119,spam,trung_lap,0.0,none,,[],,"Người dùng tự giới thiệu là đại lý PJICO, mời liên hệ để tham khảo phí bảo hiểm và cung cấp số điện thoại.",True,False,2026-09-08T18:16:48.925408
2503364880167403,spam,trung_lap,0.0,none,,[],,Người dùng mời liên hệ và cung cấp số điện thoại để được hỗ trợ.,True,False,2026-09-08T18:16:48.925408
2503395476831010,muon_tu_van,trung_lap,0.0,none,,[],"Tư vấn bảo hiểm thân vỏ tại TP.HCM, các gói thay thế Tasco và DBV","Người dùng ở TP.HCM muốn tham khảo bảo hiểm thân vỏ, loại trừ Tasco và DBV, và cần được tư vấn.",False,False,2026-09-08T18:16:48.925408
2503546670149224,y_kien_trung_lap,trung_lap,0.0,none,,[],,Comment chỉ chứa một tên người dùng.,False,False,2026-09-08T18:16:48.925408
2503682690135622,y_kien_trung_lap,trung_lap,0.0,none,,[],,Người dùng xác nhận đã tag bạn của mình.,False,False,2026-09-08T18:16:48.925408
2503917113445513,phan_van,trung_lap,0.0,none,,[],Hướng dẫn mua bảo hiểm: Có cần mua tại tỉnh/thành phố cư trú không?,Người dùng hỏi về việc có cần mua bảo hiểm từ đại lý tại tỉnh mình ở hay có thể mua ở bất kỳ đâu.,False,False,2026-09-08T18:16:48.925408
2503962243441000,spam,trung_lap,0.0,none,,[],,"Người dùng tự giới thiệu là đại lý Bảo Việt, mời kết bạn Zalo để báo phí và cung cấp số điện thoại.",True,False,2026-09-08T18:16:48.925408
2504041070099784,y_kien_trung_lap,trung_lap,0.0,none,,[],Lợi ích của giấy tờ bảo hiểm điện tử và quy trình mua bảo hiểm online,Người dùng trả lời rằng có thể mua bảo hiểm ở bất kỳ đâu và bên họ có giấy điện tử.,True,False,2026-09-08T18:16:48.925408
2504042286766329,spam,trung_lap,0.0,none,,[],,Người dùng mời tham khảo bảo hiểm thân vỏ của bên họ và cung cấp số điện thoại.,True,False,2026-09-08T18:16:48.925408
2506753029828588,spam,trung_lap,0.0,none,,[],,"Người dùng tự giới thiệu là đại lý Bảo Việt, mời liên hệ để được hỗ trợ tư vấn và cung cấp số điện thoại.",True,False,2026-09-08T18:16:48.925408
2503330373504187,y_kien_trung_lap,trung_lap,0.0,none,,[],So sánh các gói bảo hiểm của MIC và các công ty khác,Người dùng gợi ý thử mua bảo hiểm của MIC nếu chưa hài lòng với lựa chọn hiện tại.,False,False,2026-09-08T18:16:48.925408
2503331453504079,bao_hiem_chung,tieu_cuc,-0.7,none,,[],,Người dùng bày tỏ sự thất vọng chung về các sản phẩm bảo hiểm.,False,False,2026-09-08T18:16:59.661044
2503340313503193,spam,trung_lap,0.0,none,,[],,Một tư vấn viên DBV đưa ra lời khuyên về giám định và mời liên hệ Zalo để tư vấn.,True,False,2026-09-08T18:16:59.661044
2503344853502739,spam,trung_lap,0.0,none,,[],,Người dùng giới thiệu PTI và mời inbox để được hỗ trợ.,True,False,2026-09-08T18:16:59.661044
2503355603501664,spam,trung_lap,0.0,none,,[],,"Người dùng giới thiệu MIC, nói về lợi ích phí và mời liên hệ.",True,False,2026-09-08T18:16:59.661044
2503359206834637,y_kien_trung_lap,trung_lap,0.2,none,,[],Tiêu chí chọn bảo hiểm: tư vấn viên có tâm và quy trình bồi thường uy tín,Người dùng khuyên nên chọn tư vấn viên có tâm và khâu bồi thường có uy tín.,False,False,2026-09-08T18:16:59.661044
2503361240167767,spam,trung_lap,0.0,none,,[],,Người dùng mời liên hệ số điện thoại để được hỗ trợ.,True,False,2026-09-08T18:16:59.661044
2503372640166627,y_kien_trung_lap,trung_lap,0.0,none,,[],Quy trình giám định bảo hiểm: những điều cần biết,Người dùng nhận xét rằng bảo hiểm nào cũng có quy trình giám định.,False,False,2026-09-08T18:16:59.661044
2503653260138565,y_kien_trung_lap,trung_lap,0.0,none,,[],,Người dùng thắc mắc về việc một tư vấn viên sử dụng tài khoản ẩn danh.,False,False,2026-09-08T18:16:59.661044
2503699773467247,spam,trung_lap,0.0,none,,[],,Người dùng mời liên hệ số điện thoại để được tư vấn Bảo Việt.,True,False,2026-09-08T18:16:59.661044
2503721326798425,bao_hiem_chung,tieu_cuc,-0.8,low,Cảnh báo tiêu cực về một đối tượng cụ thể.,[],,Người dùng đưa ra lời khuyên tiêu cực về Tasco.,False,False,2026-09-08T18:16:59.661044
2503912896779268,khen,tich_cuc,0.7,none,,[],Đánh giá bảo hiểm MIC cho chủ gara,Người dùng có kinh nghiệm làm gara và đánh giá MIC ổn.,False,False,2026-09-08T18:16:59.661044
2503913880112503,spam,trung_lap,0.0,none,,[],,Người dùng mời inbox để được tư vấn tại Hải Phòng.,True,False,2026-09-08T18:16:59.661044
2503938936776664,y_kien_trung_lap,trung_lap,0.0,none,,[],,Người dùng cho rằng vấn đề là do giám định.,False,False,2026-09-08T18:16:59.661044
2504018096768748,y_kien_trung_lap,tich_cuc,0.8,none,,[],Kinh nghiệm xử lý tổn thất bảo hiểm và làm việc với giám định viên,"Người dùng khuyên trang bị kiến thức, đọc kỹ hợp đồng và ghi âm làm bằng chứng khi làm việc với giám định viên.",False,False,2026-09-08T18:16:59.661044
2504037903433434,spam,trung_lap,0.0,none,,[],,Người dùng mời inbox.,True,False,2026-09-08T18:16:59.661044
2503814630122428,y_kien_trung_lap,trung_lap,0.0,none,,[],,Người dùng nhắc đến bảo hành xe.,False,False,2026-09-08T18:16:59.661044
2503821650121726,y_kien_trung_lap,trung_lap,-0.2,none,,[],,Người dùng đưa ra bình luận châm biếm về việc cố ý gây tai nạn để được bảo hiểm.,False,False,2026-09-08T18:16:59.661044
2503844366786121,y_kien_trung_lap,trung_lap,0.0,none,,[],,"Người dùng đưa ra một bình luận ngắn gọn, không rõ nghĩa.",False,False,2026-09-08T18:16:59.661044
2504023920101499,y_kien_trung_lap,trung_lap,-0.3,none,,[],,Người dùng nhận xét về những người có tư tưởng trục lợi bảo hiểm và phản ứng khi bị từ chối.,False,False,2026-09-08T18:16:59.661044
2504052053432019,y_kien_trung_lap,trung_lap,0.1,none,,[],Điều kiện bồi thường bảo hiểm cho motor quạt,Người dùng giải thích điều kiện bồi thường bảo hiểm cho motor quạt khi có tai nạn.,False,False,2026-09-08T18:16:59.661044
2504084083428816,y_kien_trung_lap,tieu_cuc,-0.8,none,,[],,Commentator công kích cá nhân người khác bằng lời lẽ xúc phạm.,False,False,2026-09-08T18:17:16.314996
2504162590087632,y_kien_trung_lap,tieu_cuc,-0.8,none,,[],,Commentator công kích cá nhân người khác bằng lời lẽ xúc phạm.,False,False,2026-09-08T18:17:16.314996
2504162830087608,y_kien_trung_lap,tieu_cuc,-0.9,none,,[],,"Commentator sử dụng lời lẽ thô tục, xúc phạm nghiêm trọng.",False,False,2026-09-08T18:17:16.314996
2504165320087359,y_kien_trung_lap,tieu_cuc,-0.9,none,,[],,"Commentator tiếp tục sử dụng lời lẽ thô tục, xúc phạm.",False,False,2026-09-08T18:17:16.314996
2504165596753998,y_kien_trung_lap,tieu_cuc,-0.95,none,,[],,"Commentator sử dụng lời lẽ thô tục, xúc phạm nghiêm trọng đến người đã khuất.",False,False,2026-09-08T18:17:16.314996
2504166046753953,y_kien_trung_lap,tieu_cuc,-0.8,none,,[],,Commentator công kích cá nhân người khác bằng lời lẽ xúc phạm.,False,False,2026-09-08T18:17:16.314996
2503926506777907,y_kien_trung_lap,trung_lap,0.1,none,,[],Hướng dẫn điền hồ sơ bảo hiểm cho cá nhân và doanh nghiệp,Commentator hướng dẫn bỏ trống một phần trong hồ sơ bảo hiểm nếu là cá nhân.,False,False,2026-09-08T18:17:16.314996
2503973230106568,y_kien_trung_lap,trung_lap,0.2,none,,[],Các trường hợp cần xác nhận trong hồ sơ yêu cầu bồi thường bảo hiểm,Commentator giải thích hai trường hợp cần xác nhận trong hồ sơ bảo hiểm.,False,False,2026-09-08T18:17:16.314996
2504119316758626,y_kien_trung_lap,trung_lap,0.1,none,,[],Hướng dẫn tự yêu cầu bồi thường bảo hiểm,Commentator khuyên rằng tự yêu cầu bồi thường không cần xác nhận doanh nghiệp.,False,False,2026-09-08T18:17:16.314996
2504345146736043,y_kien_trung_lap,trung_lap,0.1,none,,[],Khi nào cần ký xác nhận trong hồ sơ bảo hiểm,Commentator khuyên không cần ký xác nhận trừ khi công ty bảo hiểm yêu cầu.,False,False,2026-09-08T18:17:16.314996
2504082620095629,chinh_sach_quy_trinh_boi_thuong,tieu_cuc,-0.7,low,"Công ty bảo hiểm bị tố lừa bẫy, trừ tiền không minh bạch.","[""lua dao khach hang"", ""tru tien khong minh bach"", ""quy trinh boi thuong khong ro rang""]",,"Commentator tố cáo Bảo Long lừa bẫy khách hàng, trừ 30% không văn bản và so sánh tiêu cực với MI.C.",False,False,2026-09-08T18:17:16.314996
2504084263428798,chinh_sach_quy_trinh_boi_thuong,tieu_cuc,-0.6,low,Công ty bảo hiểm ép khách hàng chấp nhận điều khoản không văn bản.,"[""ep chap nhan dieu khoan"", ""khong co van ban""]",,Commentator phàn nàn bị ép chấp nhận trừ 30% mà không có văn bản từ công ty bảo hiểm.,False,False,2026-09-08T18:17:16.314996
2504086400095251,chinh_sach_quy_trinh_boi_thuong,tieu_cuc,-0.5,low,"Công ty bảo hiểm trì hoãn giải quyết bồi thường, gây thiệt hại.","[""quy trinh boi thuong lau"", ""khong ra van ban"", ""xe bi ngam""]",,"Commentator hỏi cách giải quyết khi Bảo Long không ra văn bản, khiến xe bị ngâm trong gara.",False,False,2026-09-08T18:17:16.314996
2504107766759781,y_kien_trung_lap,trung_lap,0.3,none,,[],Hướng dẫn giải quyết tranh chấp bồi thường bảo hiểm,Commentator hướng dẫn cách khởi kiện và yêu cầu văn bản từ công ty bảo hiểm khi có tranh chấp.,False,False,2026-09-08T18:17:16.314996
2504107953426429,y_kien_trung_lap,trung_lap,0.2,none,,[],Chiến lược xử lý khi công ty bảo hiểm bồi thường không thỏa đáng,"Commentator khuyên nên nhận số tiền bồi thường được đưa ra trước, sau đó tiếp tục kiện nếu muốn.",False,False,2026-09-08T18:17:16.314996
2504127043424520,y_kien_trung_lap,trung_lap,0.3,none,,[],Hướng dẫn quy trình bồi thường bảo hiểm xe cơ giới,"Commentator hướng dẫn các bước để yêu cầu bồi thường sửa chữa xe, bao gồm duyệt giá và thu thập hóa đơn.",False,False,2026-09-08T18:17:16.314996
2504128400091051,y_kien_trung_lap,trung_lap,0.1,none,,[],,Commentator gợi ý gọi hotline liên tục để giải quyết vấn đề.,False,False,2026-09-08T18:17:16.314996
2504131360090755,y_kien_trung_lap,trung_lap,0.0,none,,[],,Commentator xác nhận đã nhận được thông tin.,False,False,2026-09-08T18:17:16.314996
2504148090089082,dich_vu_tu_van,tieu_cuc,-0.4,low,Công ty bảo hiểm cố tình trì hoãn xử lý yêu cầu bồi thường.,"[""quy trinh boi thuong lau"", ""cong ty co tinh tri hoan""]",,Commentator hỏi cách giải quyết khi công ty bảo hiểm cố tình trì hoãn xử lý yêu cầu.,False,False,2026-09-08T18:17:16.314996
2504155860088305,y_kien_trung_lap,trung_lap,0.2,none,,[],Các bước cần làm khi công ty bảo hiểm trì hoãn bồi thường,"Commentator gợi ý gọi hotline, đến văn phòng đòi văn bản và thanh toán trước để lấy hóa đơn.",False,False,2026-09-08T18:17:16.314996
2504157363421488,chinh_sach_quy_trinh_boi_thuong,tieu_cuc,-0.8,low,"Tố cáo hành vi ép giá, gian lận của công ty bảo hiểm.","[""ép giá bồi thường"", ""quy trình bồi thường không minh bạch""]","cách xử lý khi bị ép giá bồi thường, quy trình khiếu nại bảo hiểm",Người dùng tố cáo Bảo Long bảo hiểm cố tình ép khách hàng chấp nhận bồi thường thấp hơn và sử dụng thủ đoạn để tránh khiếu nại.,False,False,2026-09-08T18:17:35.977105
2504657663371458,bao_hiem_chung,tieu_cuc,-0.7,none,,[],"đánh giá các công ty bảo hiểm, cách chọn công ty bảo hiểm uy tín","Người dùng bày tỏ sự may mắn vì đã không mua bảo hiểm từ công ty Bảo Long, ngụ ý công ty này có vấn đề.",False,False,2026-09-08T18:17:35.977105
2504666350037256,san_pham_giai_phap,trung_lap,0.0,none,,[],"các điều khoản loại trừ phổ biến trong bảo hiểm, những điều cần lưu ý khi đọc hợp đồng bảo hiểm","Người dùng thắc mắc về các điều khoản loại trừ trong hợp đồng bảo hiểm, cụ thể là liên quan đến cồn và khẩu trang.",False,False,2026-09-08T18:17:35.977105
2505653136605244,muon_tu_van,trung_lap,0.1,none,,[],"phân biệt bảo hiểm thân vỏ và TNDS, quy trình bồi thường bảo hiểm xe cơ giới",Người dùng hỏi về loại hình bảo hiểm (thân vỏ hay TNDS) và công ty bảo hiểm để có thể tư vấn thêm.,False,False,2026-09-08T18:17:35.977105
2505656859938205,y_kien_trung_lap,trung_lap,0.0,none,,[],,Người dùng xác nhận bảo hiểm của mình là thân vỏ của Tasco và có thiệt hại.,False,False,2026-09-08T18:17:35.977105
2505659283271296,dich_vu_tu_van,tieu_cuc,-0.6,low,Cảnh báo về các hành vi gây khó dễ trong bồi thường của công ty bảo hiểm.,"[""quy trình bồi thường phức tạp"", ""yêu cầu vô lý""]","kinh nghiệm làm việc với Tasco, những lý do bảo hiểm từ chối bồi thường","Người dùng cảnh báo về Tasco có nhiều ""phốt"" và dự đoán công ty này có thể đưa ra các yêu cầu khó khăn, đồng thời khuyên người dùng cẩn thận.",False,False,2026-09-08T18:17:35.977105
2505660676604490,y_kien_trung_lap,trung_lap,0.0,none,,[],,Người dùng khuyên nên làm đơn tố giác tội phạm nếu có bằng chứng rõ ràng về biển số xe gây tai nạn.,False,False,2026-09-08T18:17:35.977105
2505661513271073,phan_van,trung_lap,0.0,none,,[],"cách xử lý khi bảo hiểm yêu cầu giấy tờ, quyền và nghĩa vụ của người mua bảo hiểm",Người dùng hỏi về các giấy tờ cần thiết và cách thức phản ứng nếu công ty bảo hiểm đưa ra yêu cầu.,False,False,2026-09-08T18:17:35.977105
2505662016604356,y_kien_trung_lap,trung_lap,0.0,none,,[],,Người dùng cảm ơn và cho biết sẽ tìm hiểu quy trình.,False,False,2026-09-08T18:17:35.977105
2505668053270419,bao_hiem_chung,tieu_cuc,-0.5,none,,[],,"Người dùng xác nhận Tasco có nhiều ""phốt"" và chia buồn với người đang gặp vấn đề với công ty này.",False,False,2026-09-08T18:17:35.977105
2505668416603716,dich_vu_tu_van,tich_cuc,0.7,none,,"[""yêu cầu vô lý""]","hướng dẫn chi tiết quy trình bồi thường bảo hiểm xe, những yêu cầu vô lý từ bảo hiểm và cách từ chối","Người dùng hướng dẫn chi tiết các bước làm việc với giám định viên và gara, đồng thời khuyên từ chối các yêu cầu vô lý như xét nghiệm nồng độ cồn.",False,False,2026-09-08T18:17:35.977105
2505700099933881,chinh_sach_quy_trinh_boi_thuong,tieu_cuc,-0.4,none,,"[""từ chối bồi thường"", ""không giữ hiện trường""]","tầm quan trọng của việc giữ hiện trường tai nạn, những lỗi thường gặp khi làm hồ sơ bồi thường bảo hiểm",Người dùng cảnh báo Tasco có thể từ chối bồi thường nếu không giữ nguyên hiện trường và nhấn mạnh việc gọi hotline bảo hiểm ngay lập tức.,False,False,2026-09-08T18:17:35.977105
2505714953265729,phan_van,trung_lap,0.0,none,,[],"hướng dẫn xử lý tai nạn giao thông khi bị va chạm rồi bỏ chạy, cách giữ hiện trường tai nạn mà không cản trở giao thông","Người dùng băn khoăn không biết cách xử lý đúng khi bị xe khác va chạm rồi bỏ chạy, đặc biệt là việc giữ hiện trường và cản trở giao thông.",False,False,2026-09-08T18:17:35.977105
2505715646598993,khen,tich_cuc,0.5,none,,[],,Người dùng bày tỏ lòng cảm ơn sâu sắc.,False,False,2026-09-08T18:17:35.977105
2505748646595693,dich_vu_tu_van,tich_cuc,0.6,none,,[],"hướng dẫn thủ tục thế quyền bảo hiểm, vai trò của công an trong bồi thường bảo hiểm","Người dùng khuyên gọi công an và bảo hiểm, đồng thời yêu cầu công an ghi rõ thế quyền cho bảo hiểm trong biên bản.",False,False,2026-09-08T18:17:35.977105
2505794783257746,phan_van,trung_lap,0.0,none,,[],"cách xử lý tai nạn giao thông an toàn trên đường, khi nào nên di chuyển xe sau tai nạn",Người dùng bày tỏ sự quan tâm và thắc mắc về việc có nên dừng xe giữa đường để gọi bảo hiểm và công an sau tai nạn hay không.,False,False,2026-09-08T18:17:35.977105
2505917169912174,dich_vu_tu_van,tieu_cuc,-0.7,low,Cảnh báo về hành vi ép giá bồi thường của công ty bảo hiểm.,"[""ép giá bồi thường"", ""dịch vụ kém""]","kinh nghiệm làm việc với Tasco, cách đàm phán bồi thường bảo hiểm","Người dùng khuyên làm việc với Tasco bằng văn bản vì công ty này thường ép giá bồi thường, và đề nghị đổi sang hãng khác sau khi hết hợp đồng.",False,False,2026-09-08T18:17:35.977105
2505934283243796,dich_vu_tu_van,tieu_cuc,-0.5,none,,"[""dịch vụ kém"", ""quy trình phức tạp""]",,"Người dùng cho rằng Tasco rất ""lầy"" và gợi ý tìm sự hỗ trợ từ một người cụ thể tên Tùng.",False,False,2026-09-08T18:17:35.977105
2505986046571953,dich_vu_tu_van,tich_cuc,0.5,none,,[],"các bước cần làm ngay sau tai nạn giao thông, tầm quan trọng của việc giữ hiện trường","Người dùng khuyên gọi công an và bảo hiểm, đồng thời giữ nguyên hiện trường.",False,False,2026-09-08T18:17:35.977105
2505986409905250,y_kien_trung_lap,trung_lap,0.1,none,,[],"những vật dụng cần có trên xe để xử lý tai nạn, mẹo an toàn khi gặp sự cố giao thông",Người dùng xác nhận việc giữ nguyên hiện trường và gợi ý nên mua cảnh báo để trên xe.,False,False,2026-09-08T18:17:35.977105
2505995033237721,khen,tich_cuc,0.8,none,,[],,Người dùng bày tỏ sự biết ơn sau khi nhận được thông tin hữu ích.,False,False,2026-09-08T18:17:42.034968
2506196416550916,y_kien_trung_lap,trung_lap,0.0,none,,[],Hướng dẫn quy trình báo cáo sự việc cho bảo hiểm,Commenter hướng dẫn cách báo cáo sự việc cho bảo hiểm và cách xử lý nếu gặp khó khăn.,False,False,2026-09-08T18:17:42.034968
2506206086549949,y_kien_trung_lap,trung_lap,-0.1,none,,"[""điều khoản mơ hồ"", ""điều kiện bồi thường phức tạp""]",Giải thích rõ các điều kiện bồi thường bảo hiểm xe,"Người dùng bày tỏ sự mơ hồ về các điều kiện bồi thường bảo hiểm xe, đặc biệt liên quan đến nồng độ cồn và hồ sơ.",False,False,2026-09-08T18:17:42.034968
2506259826544575,y_kien_trung_lap,trung_lap,0.0,none,,[],,Người dùng xác nhận thông tin và bổ sung về việc cần hồ sơ kết luận từ công an.,False,False,2026-09-08T18:17:42.034968
2506413773195847,y_kien_trung_lap,trung_lap,0.0,none,,[],Giải đáp thắc mắc về hồ sơ công an trong bồi thường bảo hiểm,Người dùng đính chính rằng hồ sơ công an không phải là yêu cầu bắt buộc.,False,False,2026-09-08T18:17:42.034968
2506470609856830,y_kien_trung_lap,trung_lap,0.1,none,,[],Hướng dẫn xử lý hiện trường tai nạn để claim bảo hiểm,Người dùng khuyên nên dừng xe tại chỗ và gọi bảo hiểm vật chất xe ngay khi có sự cố.,False,False,2026-09-08T18:17:42.034968
2506470943190130,y_kien_trung_lap,trung_lap,0.0,none,,[],,Người dùng cho biết có thể không cần hồ sơ công an cho việc bồi thường bảo hiểm.,False,False,2026-09-08T18:17:42.034968
2506577979846093,phan_van,trung_lap,0.0,none,,"[""quy trình bồi thường phức tạp"", ""không rõ trách nhiệm""]",Hướng dẫn chi tiết các bước sau khi báo cáo sự việc cho bảo hiểm và công an,Người dùng hỏi về việc có cần tố giác vi phạm lên công an hay có thể ủy quyền cho bảo hiểm làm việc đó.,False,False,2026-09-08T18:17:42.034968
2506589799844911,y_kien_trung_lap,trung_lap,0.2,none,,[],Giải thích rõ vai trò của công an và bảo hiểm trong quá trình bồi thường,"Người dùng giải thích rằng chỉ cần báo công an, việc cung cấp hồ sơ cho bảo hiểm là quyền của công an, và bảo hiểm không được yêu cầu.",False,False,2026-09-08T18:17:42.034968
2506591019844789,muon_tu_van,tich_cuc,0.7,none,,[],,Người dùng muốn nói chuyện riêng để xin tư vấn.,False,False,2026-09-08T18:17:42.034968
2506592923177932,khen,tich_cuc,0.8,none,,[],,Người dùng bày tỏ sự hiểu biết và cảm ơn người đã tư vấn.,False,False,2026-09-08T18:17:42.034968
2506642533172971,phan_van,trung_lap,0.0,none,,"[""quy trình bồi thường phức tạp"", ""không rõ trách nhiệm""]",Hướng dẫn về việc ủy quyền cho bảo hiểm trong quá trình giải quyết bồi thường,Người dùng hỏi liệu có thể ủy quyền cho bảo hiểm làm việc với công an và bên gây thiệt hại sau khi đã báo công an.,False,False,2026-09-08T18:17:42.034968
2506651539838737,y_kien_trung_lap,trung_lap,0.0,none,,[],,Người dùng nhắc lại rằng hồ sơ công an không bắt buộc.,False,False,2026-09-08T18:17:42.034968
2506652253171999,y_kien_trung_lap,trung_lap,0.2,none,,[],Tầm quan trọng của bằng chứng và hiện trường trong yêu cầu bồi thường bảo hiểm xe,"Người dùng nhấn mạnh tầm quan trọng của hiện trường, ảnh, video và giấy phép lái xe đầy đủ cho việc bồi thường bảo hiểm.",False,False,2026-09-08T18:17:42.034968
2507554849748406,khen,tich_cuc,0.9,none,,[],,Người dùng thông báo đã giải quyết xong vụ việc và cảm ơn mọi người.,False,False,2026-09-08T18:17:42.034968
2505774909926400,y_kien_trung_lap,tich_cuc,0.7,none,,[],Giải thích phạm vi bảo hiểm toàn diện cho xe,"Người dùng khẳng định trường hợp va quẹt, đâm đụng, thiên tai đều được bảo hiểm và khuyến khích người hỏi.",False,False,2026-09-08T18:17:42.034968
2505782283258996,y_kien_trung_lap,trung_lap,0.0,none,,[],Chính sách bồi thường cho vật tư tiêu hao như lốp xe,Người dùng thông báo rằng lốp xe là vật tư tiêu hao nên chỉ được đền 50% và cần có hiện trường.,False,False,2026-09-08T18:17:42.034968
2505787853258439,khen,tich_cuc,0.8,none,,[],Kinh nghiệm thực tế về bồi thường bảo hiểm thân vỏ cho lốp và lazang,Người dùng xác nhận lốp vẫn được bảo hiểm và chia sẻ kinh nghiệm cá nhân về việc được thay lốp mới và phay mâm.,False,False,2026-09-08T18:17:42.034968
2505789863258238,y_kien_trung_lap,trung_lap,0.0,none,,[],Giải thích điều kiện bồi thường bảo hiểm khi hỏng lốp và lazang,"Người dùng cho biết chỉ khi báo bị cả lốp và lazang thì mới được bảo hiểm, còn chỉ lốp thì không.",False,False,2026-09-08T18:17:42.034968
2505795389924352,y_kien_trung_lap,tich_cuc,0.6,none,,[],Câu chuyện thực tế về bồi thường bảo hiểm khi xe bị hỏng lốp và mâm,Người dùng chia sẻ kinh nghiệm cá nhân về việc được thay mới cả mâm và lốp sau khi xe va vào vỉa hè.,False,False,2026-09-08T18:17:42.034968
2505860773251147,y_kien_trung_lap,trung_lap,0.0,none,,[],,Người dùng hỏi về nồng độ cồn khi bị tai nạn.,False,False,2026-09-08T18:17:54.883730
2505872283249996,san_pham_giai_phap,tieu_cuc,-0.8,low,Sản phẩm MIC không đền bù PIN xe điện.,"[""không đền bù pin xe điện"", ""phạm vi bảo hiểm không rõ""]",,Người dùng cảnh báo không nên mua bảo hiểm MIC cho xe điện vì không đền bù PIN.,False,False,2026-09-08T18:17:54.883730
2505877349916156,y_kien_trung_lap,trung_lap,0.0,none,,[],,Người dùng thắc mắc về mối liên hệ của nồng độ cồn.,False,False,2026-09-08T18:17:54.883730
2505877806582777,phan_van,trung_lap,0.1,none,,[],,Người dùng hỏi xin gợi ý về loại bảo hiểm tốt.,False,False,2026-09-08T18:17:54.883730
2506119239891967,y_kien_trung_lap,trung_lap,0.0,none,,[],,Người dùng thắc mắc về mối liên hệ của cồn.,False,False,2026-09-08T18:17:54.883730
2506520683185156,y_kien_trung_lap,trung_lap,0.0,none,,[],,Người dùng xác nhận có bảo hiểm.,False,False,2026-09-08T18:17:54.883730
2506548716515686,y_kien_trung_lap,trung_lap,0.2,none,,[],Hướng dẫn điều kiện bồi thường bảo hiểm xe,Người dùng giải thích điều kiện bồi thường nếu có thêm bộ phận khác bị vấn đề.,False,False,2026-09-08T18:17:54.883730
2506558853181339,spam,trung_lap,0.0,none,,[],,Người dùng kêu gọi inbox.,True,False,2026-09-08T18:17:54.883730
2506560093181215,spam,trung_lap,0.0,none,,[],,Người dùng cung cấp số điện thoại Bảo Việt và mời liên hệ hỗ trợ.,True,False,2026-09-08T18:17:54.883730
2506561676514390,muon_tu_van,tich_cuc,0.6,none,,[],,Người dùng yêu cầu được tư vấn về bảo hiểm PVI.,False,False,2026-09-08T18:17:54.883730
2506564566514101,bao_hiem_chung,tieu_cuc,-0.9,low,Chê bai hãng bảo hiểm không rõ tên.,"[""dịch vụ kém""]",,Người dùng bày tỏ sự bất mãn gay gắt về một hãng bảo hiểm.,False,False,2026-09-08T18:17:54.883730
2506566423180582,y_kien_trung_lap,trung_lap,0.0,none,,[],,Người dùng hỏi lý do của bình luận tiêu cực trước đó.,False,False,2026-09-08T18:17:54.883730
2506568116513746,khen,tich_cuc,0.7,none,,[],Lợi ích khi chọn bảo hiểm phí cao hơn,"Người dùng khuyên mua Bảo Việt, chấp nhận phí cao để có trải nghiệm tốt.",False,False,2026-09-08T18:17:54.883730
2506587359845155,spam,trung_lap,0.0,none,,[],,"Người dùng giới thiệu PVI và mời kiểm tra tin nhắn để được báo phí, tư vấn.",True,False,2026-09-08T18:17:54.883730
2506601589843732,khen,tich_cuc,0.8,none,,[],,Người dùng giới thiệu và khen ngợi một tư vấn viên làm việc có tâm và tầm.,False,False,2026-09-08T18:17:54.883730
2506675113169713,khen,tich_cuc,0.7,none,,[],Mua bảo hiểm qua ứng dụng Momo,Người dùng gợi ý xem bảo hiểm trên Momo vì phí tốt và có tư vấn viên.,False,False,2026-09-08T18:17:54.883730
2506769966493561,khen,tich_cuc,0.6,none,,[],,Người dùng khen ngợi một người bán hàng tên Linh Linh.,False,False,2026-09-08T18:17:54.883730
2507044856466072,check_chi_phi,trung_lap,0.0,none,,[],Báo giá bảo hiểm xe VinFast VF5 2024,Người dùng hỏi về chi phí bảo hiểm hàng năm cho xe VinFast VF5 2024.,False,False,2026-09-08T18:17:54.883730
2507603623076862,spam,trung_lap,0.0,none,,[],,Người dùng chỉ tag tên một người khác.,False,False,2026-09-08T18:17:54.883730
2507653113071913,y_kien_trung_lap,trung_lap,0.1,none,,[],,Người dùng cung cấp thông tin về chi phí bảo hiểm Bảo Việt cho xe biển trắng.,False,False,2026-09-08T18:17:54.883730
2506651623172062,spam,trung_lap,0.0,none,,[],,Một người tự giới thiệu là TVV của DBV và mời inbox để tham khảo.,True,False,2026-09-08T18:18:06.843406
2506666943170530,phan_van,trung_lap,0.0,none,,[],Cải thiện chất lượng dịch vụ khách hàng,Người dùng đặt câu hỏi nghi vấn về chất lượng dịch vụ của Việt Thái.,False,False,2026-09-08T18:18:06.843406
2506679213169303,spam,trung_lap,0.0,none,,[],,Một người để lại số điện thoại và mời liên hệ để được tư vấn.,True,False,2026-09-08T18:18:06.843406
2506702886500269,dich_vu_tu_van,tieu_cuc,-0.3,low,Khó khăn trong quá trình mua bảo hiểm.,"[""kho mua bao hiem""]",Hướng dẫn quy trình mua bảo hiểm trực tiếp và online,"Người dùng bày tỏ sự khó khăn khi đã hỏi mua bảo hiểm cả tháng nhưng chưa được, dù muốn mua trực tiếp nhưng phải tìm online.",False,False,2026-09-08T18:18:06.843406
2506729906497567,y_kien_trung_lap,trung_lap,0.0,none,,[],Hướng dẫn cách tìm điểm bán trực tiếp,Người dùng giải thích lý do tìm kiếm thông tin online để liên hệ mua bảo hiểm trực tiếp.,False,False,2026-09-08T18:18:06.843406
2506752283161996,y_kien_trung_lap,trung_lap,0.0,none,,[],,Bình luận thông báo về việc một người tên Thái đã nghỉ hưu.,False,False,2026-09-08T18:18:06.843406
2506791883158036,spam,trung_lap,0.0,none,,[],,Một người mời inbox để tư vấn Bảo Việt.,True,False,2026-09-08T18:18:06.843406
2506808079823083,y_kien_trung_lap,trung_lap,0.0,none,,[],Hướng dẫn tìm điểm bán bảo hiểm theo địa phương,Người dùng hướng dẫn cách tìm mua bảo hiểm trực tiếp bằng cách tìm kiếm theo địa danh.,False,False,2026-09-08T18:18:06.843406
2506817816488776,spam,trung_lap,0.0,none,,[],,Một TVV của Bảo Việt quảng cáo sản phẩm bảo hiểm xe và mời inbox để báo giá.,True,False,2026-09-08T18:18:06.843406
2506888523148372,y_kien_trung_lap,trung_lap,0.0,none,,[],So sánh lợi ích mua bảo hiểm online và trực tiếp,Người dùng cho rằng mua bảo hiểm online có thể giúp thỏa thuận giá tốt hơn so với mua trực tiếp.,False,False,2026-09-08T18:18:06.843406
2507029259800965,y_kien_trung_lap,trung_lap,0.0,none,,[],,Người dùng nhận xét về việc một người đã hỏi mua bảo hiểm cả tuần nhưng chưa thành công.,False,False,2026-09-08T18:18:06.843406
2507578003079424,spam,trung_lap,0.0,none,,[],,Một người mời inbox để báo giá bảo hiểm Bảo Việt.,True,False,2026-09-08T18:18:06.843406
2506737469830144,y_kien_trung_lap,trung_lap,0.0,none,,[],Giải thích các yếu tố ảnh hưởng đến chi trả bảo hiểm y tế,Người dùng nhấn mạnh rằng hóa đơn bệnh viện và điều khoản hợp đồng là quan trọng hơn loại giường nằm khi chi trả bảo hiểm.,False,False,2026-09-08T18:18:06.843406
2506752579828633,y_kien_trung_lap,trung_lap,0.0,none,,[],Chi tiết về quyền lợi viện phí của VBI,"Người dùng giải thích chính sách thanh toán viện phí của VBI, bao gồm giường đơn tiêu chuẩn và các chi phí y tế khác.",False,False,2026-09-08T18:18:06.843406
2506753639828527,chinh_sach_quy_trinh_boi_thuong,tieu_cuc,-0.4,low,Khả năng bị từ chối chi trả do loại giường.,"[""tu choi boi thuong"", ""dieu khoan loai tru mo ho""]",Giải thích rõ ràng về điều khoản chi trả giường bệnh,Người dùng thông báo rằng VBI có thể từ chối chi trả nếu giấy tờ bệnh viện ghi giường yêu cầu.,False,False,2026-09-08T18:18:06.843406
2506758356494722,chinh_sach_quy_trinh_boi_thuong,tieu_cuc,-0.5,low,Thiếu minh bạch trong quy trình từ chối chi trả.,"[""tu choi boi thuong"", ""khong minh bach dieu khoan""]",Quy trình và điều khoản chi trả giường bệnh rõ ràng,"Người dùng phản đối việc VBI từ chối chi trả giường yêu cầu bằng miệng, yêu cầu văn bản rõ ràng và cho rằng nên thanh toán theo giường đơn tiêu chuẩn.",False,False,2026-09-08T18:18:06.843406
2506764069827484,y_kien_trung_lap,trung_lap,0.0,none,,[],So sánh điều khoản chi trả giường bệnh của các công ty bảo hiểm,Người dùng giải thích về điều khoản chi trả giường bệnh của Prudential và nhấn mạnh sự khác biệt trong điều khoản giữa các công ty bảo hiểm.,False,False,2026-09-08T18:18:06.843406
2506844816486076,y_kien_trung_lap,trung_lap,0.0,none,,[],Giải thích cách tính chi trả bảo hiểm dựa trên hóa đơn và quyền lợi,Người dùng khẳng định hóa đơn và mức chi trả quyền lợi quan trọng hơn loại giường nằm khi thanh toán bảo hiểm.,False,False,2026-09-08T18:18:06.843406
2507301253107099,spam,trung_lap,0.0,none,,[],,Comment chỉ chứa một từ lặp lại không có ý nghĩa.,False,False,2026-09-08T18:18:06.843406
2507000586470499,y_kien_trung_lap,trung_lap,0.0,none,,[],Phân biệt quyền lợi chi trả giường bệnh giữa hợp đồng nhóm và cá nhân,Người dùng giải thích rằng việc chi trả tiền giường theo yêu cầu phụ thuộc vào loại hợp đồng bảo hiểm (nhóm có điều khoản mở rộng hay mua lẻ/online).,False,False,2026-09-08T18:18:06.843406
2507615123075712,chinh_sach_quy_trinh_boi_thuong,tieu_cuc,-0.8,low,"Người dùng không chấp nhận kết quả, có thể liên quan đến bồi thường.","[""khong chap nhan ket qua""]",cách giải quyết khiếu nại bảo hiểm,Người dùng bày tỏ sự không chấp nhận đối với một kết quả nào đó.,False,False,2026-09-08T18:18:25.364132
2130278830892252,spam,trung_lap,0.0,none,,[],,Comment mời người dùng nhắn tin để được tư vấn.,True,False,2026-09-08T18:18:25.364132
2130375337549268,spam,trung_lap,0.0,none,,[],,Comment mời người dùng nhắn tin để được tư vấn theo nhu cầu.,True,False,2026-09-08T18:18:25.364132
2130486940871441,spam,trung_lap,0.0,none,,[],,"Người dùng tự giới thiệu là quản lý kinh doanh của Dai-ichi Life, mời tư vấn và để lại số điện thoại.",True,False,2026-09-08T18:18:25.364132
2130253520894783,spam,trung_lap,0.0,none,,[],,"Người dùng tự giới thiệu là trưởng phòng kinh doanh của Dai-ichi Life, quảng bá sản phẩm và cung cấp số điện thoại.",True,False,2026-09-08T18:18:25.364132
2131118114141657,spam,trung_lap,0.0,none,,[],,Comment thông báo tuyển dụng vị trí tư vấn viên Bancassurance Manulife tại Vietinbank và cung cấp link Zalo.,True,False,2026-09-08T18:18:25.364132
2133795523873916,spam,trung_lap,0.0,none,,[],,Comment chỉ chứa một biểu tượng cảm xúc.,False,False,2026-09-08T18:18:25.364132
2134075083845960,spam,trung_lap,0.0,none,,[],,Comment chỉ chứa một biểu tượng cảm xúc.,False,False,2026-09-08T18:18:25.364132
2507300293107195,y_kien_trung_lap,trung_lap,0.0,none,,[],,Comment chỉ chứa tên người dùng.,False,False,2026-09-08T18:18:28.515053
2507439893093235,y_kien_trung_lap,tich_cuc,0.5,none,,[],Giải thích quy tắc mới về chi trả giường bệnh,Người dùng thông báo về quy tắc mới giúp chi trả tiền giường đơn giá thấp nhất.,False,False,2026-09-08T18:18:28.515053
2507475983089626,check_chi_phi,trung_lap,0.0,none,,[],Hướng dẫn chọn gói bảo hiểm VBI phù hợp,Người dùng hỏi về hạn mức chi trả và loại thẻ bảo hiểm VBI.,False,False,2026-09-08T18:18:28.515053
2507476326422925,y_kien_trung_lap,trung_lap,0.0,none,,[],Giải thích quy định chi trả phòng bệnh,Người dùng giải thích rằng phòng bao chỉ được chi trả cho một giường.,False,False,2026-09-08T18:18:28.515053
2506823976488160,y_kien_trung_lap,trung_lap,0.0,none,,[],,Người dùng hỏi về mẫu xe của người khác.,False,False,2026-09-08T18:18:28.515053
2506826593154565,san_pham_giai_phap,tieu_cuc,-0.3,low,Lỗi sản phẩm có thể ảnh hưởng đến nhiều người dùng.,"[""lỗi sản phẩm"", ""nước vào pin""]",,Người dùng bày tỏ sự ngạc nhiên tiêu cực khi nước có thể vào van pin.,False,False,2026-09-08T18:18:28.515053
2506827189821172,dich_vu_tu_van,tieu_cuc,-0.7,low,Phàn nàn cụ thể về một công ty bảo hiểm.,"[""dịch vụ kém chất lượng""]",,Người dùng hỏi về bảo hiểm pin và phàn nàn về dịch vụ của DBV.,False,False,2026-09-08T18:18:28.515053
2506829096487648,y_kien_trung_lap,trung_lap,0.0,none,,[],,Người dùng trả lời ngắn gọn.,False,False,2026-09-08T18:18:28.515053
2506829439820947,chinh_sach_quy_trinh_boi_thuong,tieu_cuc,-0.8,low,Từ chối bảo hành gây bức xúc cho người dùng.,"[""từ chối bảo hành"", ""lý do từ chối không rõ ràng""]",,Người dùng cho biết hãng từ chối bảo hành với lý do nước vào ren gây rỉ sét.,False,False,2026-09-08T18:18:28.515053
2506829639820927,y_kien_trung_lap,trung_lap,0.0,none,,[],Giải thích phạm vi bảo hiểm pin và thủy kích,Người dùng xác nhận có bảo hiểm pin và thủy kích.,False,False,2026-09-08T18:18:28.515053
2506846056485952,san_pham_giai_phap,tieu_cuc,-0.5,low,Nhận xét tiêu cực về chất lượng sản phẩm.,"[""chất lượng sản phẩm kém""]",,Người dùng mỉa mai rằng xe chỉ nên đi vào trời nắng.,False,False,2026-09-08T18:18:28.515053
2506858183151406,chinh_sach_quy_trinh_boi_thuong,tieu_cuc,-0.9,low,Người dùng bày tỏ sự bức xúc rõ ràng về một vấn đề.,"[""bức xúc về dịch vụ""]",,Người dùng bày tỏ sự bức xúc và hỏi cộng đồng về những trường hợp tương tự.,False,False,2026-09-08T18:18:28.515053
2506858416484716,y_kien_trung_lap,trung_lap,0.0,none,,[],,Người dùng hỏi về việc xe có đi qua vùng ngập nước sâu hay không.,False,False,2026-09-08T18:18:28.515053
2506859149817976,dich_vu_tu_van,tieu_cuc,-0.7,low,Phàn nàn về cách xử lý và giao tiếp của hãng.,"[""phản hồi không rõ ràng"", ""dịch vụ khách hàng kém""]",,Người dùng phủ nhận việc đi vào vùng ngập nước và bức xúc với cách hãng trả lời vòng vo.,False,False,2026-09-08T18:18:28.515053
2506902206480337,y_kien_trung_lap,trung_lap,0.0,none,,[],,Người dùng cho rằng bảo hiểm nên chịu trách nhiệm cho vấn đề.,False,False,2026-09-08T18:18:28.515053
2506909319812959,chinh_sach_quy_trinh_boi_thuong,tieu_cuc,-0.8,low,"Đề xuất người dùng phản đối quyết định từ chối bảo hành, chỉ ra lỗi sản phẩm.","[""từ chối bảo hành không hợp lý"", ""lỗi sản phẩm""]",,Người dùng khuyên nên đấu tranh với hãng vì cho rằng việc từ chối bảo hành là vô lý và có thể do lỗi sản phẩm.,False,False,2026-09-08T18:18:28.515053
2506922223145002,chinh_sach_quy_trinh_boi_thuong,tieu_cuc,-0.9,low,Người dùng cảm thấy quyết định từ chối bảo hành là vô lý.,"[""từ chối bảo hành không hợp lý"", ""quy trình đánh giá thiếu minh bạch""]",,Người dùng cho rằng việc từ chối bảo hành chỉ dựa trên một hình ảnh là quá vô lý.,False,False,2026-09-08T18:18:28.515053
2506923663144858,chinh_sach_quy_trinh_boi_thuong,tieu_cuc,-0.9,low,Cáo buộc bảo hiểm né tránh trách nhiệm.,"[""từ chối bồi thường"", ""né tránh trách nhiệm""]",,Người dùng cáo buộc bảo hiểm đang không muốn chịu trách nhiệm.,False,False,2026-09-08T18:18:28.515053
2506925153144709,chinh_sach_quy_trinh_boi_thuong,tieu_cuc,-0.9,low,Người dùng bức xúc về việc từ chối bảo hành lỗi rõ ràng.,"[""từ chối bảo hành không hợp lý""]",,"Người dùng bày tỏ sự bất bình khi lỗi rõ ràng nhưng không được bảo hành, so sánh với trường hợp xe ngập nước nặng hơn mà pin vẫn không sao.",False,False,2026-09-08T18:18:28.515053
2506928929810998,san_pham_giai_phap,tieu_cuc,-0.6,medium,"Giải thích chi tiết lỗi sản phẩm có thể mang tính hệ thống, ảnh hưởng đến nhiều xe và dẫn đến việc từ chối bảo hành.","[""lỗi thiết kế sản phẩm"", ""hỏng pin"", ""từ chối bảo hành""]",Giải thích lỗi van pin xe điện và cách khắc phục,Người dùng giải thích nguyên nhân hỏng pin xe Vinfast do van thoát hơi bị hở và gợi ý sửa chữa bên ngoài nếu hãng từ chối bảo hành.,False,False,2026-09-08T18:18:28.515053
2506937859810105,y_kien_trung_lap,trung_lap,0.0,none,,[],,Người dùng bày tỏ lời cảm ơn.,False,False,2026-09-08T18:18:45.134731
2506938526476705,y_kien_trung_lap,trung_lap,0.0,none,,[],Cách xử lý khi xe báo lỗi dù không đi vào vùng ngập,Người dùng mô tả xe báo lỗi dù di chuyển bình thường và không đi vào vùng ngập.,False,False,2026-09-08T18:18:45.134731
2506956036474954,y_kien_trung_lap,tieu_cuc,-0.5,none,,"[""gánh nặng tài chính""]",,Người dùng bày tỏ sự khó khăn và bất mãn về tình hình tài chính.,False,False,2026-09-08T18:18:45.134731
2506974639806427,chinh_sach_quy_trinh_boi_thuong,tieu_cuc,-0.6,low,Từ chối bồi thường không hợp lý.,"[""từ chối bồi thường"", ""lý do từ chối không rõ ràng""]",Quy trình khiếu nại từ chối bồi thường bảo hiểm xe,Người dùng gợi ý cách phản đối việc từ chối bảo hiểm với lý do nước vào không thuyết phục.,False,False,2026-09-08T18:18:45.134731
2506980073139217,y_kien_trung_lap,trung_lap,0.0,none,,[],,Người dùng bày tỏ lời cảm ơn.,False,False,2026-09-08T18:18:45.134731
2507056813131543,san_pham_giai_phap,tieu_cuc,-0.8,low,"Đối tác tìm cách từ chối bảo hành, phân biệt đối xử.","[""từ chối bảo hành"", ""phân biệt đối xử""]",Quyền lợi bảo hành xe điện: Điều cần biết khi mua xe cá nhân,Người dùng chia sẻ kinh nghiệm tiêu cực về việc đối tác pin của hãng xe tìm cách từ chối bảo hành cho xe cá nhân.,False,False,2026-09-08T18:18:45.134731
2507085666461991,y_kien_trung_lap,tich_cuc,0.6,none,,[],Các trường hợp được bồi thường pin xe điện theo bảo hiểm,Người dùng nhận định rằng pin xe có thể được bồi thường bởi DBV dựa trên mô tả.,False,False,2026-09-08T18:18:45.134731
2507309346439623,chinh_sach_quy_trinh_boi_thuong,tieu_cuc,-0.7,low,Lý do từ chối bồi thường không thỏa đáng.,"[""lý do từ chối không rõ ràng""]",Cách phản bác lý do từ chối bồi thường bảo hiểm xe,Người dùng chỉ trích lý do từ chối bảo hiểm là nhanh gọn và khuyến khích người khác kiên quyết phủ nhận việc xe bị ngập.,False,False,2026-09-08T18:18:45.134731
2507353006435257,y_kien_trung_lap,trung_lap,0.2,none,,[],Nguyên nhân nước vào xe điện không do ngập và cách phòng tránh,"Người dùng giải thích nguyên nhân xe bị lỗi do nước vào van một chiều vì bụi bẩn hoặc rửa xe không đúng cách, không liên quan đến việc đi qua vùng ngập.",False,False,2026-09-08T18:18:45.134731
2507377129766178,y_kien_trung_lap,trung_lap,0.0,none,,[],,Người dùng bày tỏ lời cảm ơn.,False,False,2026-09-08T18:18:45.134731
2507382046432353,phan_van,tieu_cuc,-0.4,none,,"[""trách nhiệm thiết kế xe""]",Trách nhiệm của hãng xe và bảo hiểm khi xe gặp sự cố do thiết kế,Người dùng bày tỏ sự hoài nghi về tính hợp lý của vấn đề và đặt câu hỏi về trách nhiệm thiết kế của hãng xe.,False,False,2026-09-08T18:18:45.134731
2507384833098741,san_pham_giai_phap,tieu_cuc,-0.7,low,Lỗi thiết kế xe.,"[""lỗi thiết kế xe""]",,Người dùng khẳng định vấn đề là lỗi của hãng xe.,False,False,2026-09-08T18:18:45.134731
2507396826430875,y_kien_trung_lap,trung_lap,0.3,none,,[],Hướng dẫn bảo dưỡng van thoát nhiệt xe điện để tránh nước vào,"Người dùng giải thích chi tiết về cơ chế van một chiều trên xe điện và cách bụi bẩn có thể gây nước vào, đồng thời khuyên người dùng nên kiểm tra và vệ sinh van thường xuyên.",False,False,2026-09-08T18:18:45.134731
2507398366430721,check_chi_phi,trung_lap,0.0,none,,[],Tỷ lệ chi trả bồi thường bảo hiểm xe điện,Người dùng hỏi về việc bảo hiểm sẽ chi trả bao nhiêu phần trăm cho sự cố.,False,False,2026-09-08T18:18:45.134731
2507435973093627,chinh_sach_quy_trinh_boi_thuong,tieu_cuc,-0.8,low,"Lý do từ chối bồi thường không rõ ràng, thiết kế xe bất tiện.","[""lý do từ chối không rõ ràng"", ""thiết kế xe bất tiện""]",Quyền lợi của khách hàng khi xe gặp sự cố không rõ nguyên nhân,"Người dùng khuyên liên hệ tổng đài để chất vấn lý do nước vào pin khi xe không ngập, đồng thời bày tỏ sự bức xúc về thiết kế gầm xe thấp.",False,False,2026-09-08T18:18:45.134731
2507481546422403,y_kien_trung_lap,trung_lap,0.0,none,,[],Ảnh hưởng của nước đến xe: Ngâm tĩnh và di chuyển,Người dùng chia sẻ rằng ngâm tĩnh có thể gây hại cho xe hơn là di chuyển khi có áp lực.,False,False,2026-09-08T18:18:45.134731
2507495106421047,y_kien_trung_lap,trung_lap,0.0,none,,[],Phân biệt trách nhiệm bồi thường giữa hãng xe và công ty bảo hiểm,Người dùng khẳng định trách nhiệm bồi thường thuộc về hãng xe hoặc công ty bảo hiểm.,False,False,2026-09-08T18:18:45.134731
2507584329745458,san_pham_giai_phap,tieu_cuc,-0.7,low,Thiết kế sản phẩm có lỗi.,"[""lỗi thiết kế sản phẩm""]",Đánh giá thiết kế xe điện và khả năng chống nước,"Người dùng nhận xét thiết kế của bộ phận xe chưa ổn, dễ bị kênh và không giữ kín nước khi bám bẩn.",False,False,2026-09-08T18:18:45.134731
2507612693075955,chinh_sach_quy_trinh_boi_thuong,tieu_cuc,-0.9,low,Từ chối bảo hành.,"[""từ chối bảo hành""]",Quyền lợi khi bị từ chối bảo hành xe,Người dùng thông báo rằng việc bảo hành đã bị từ chối.,False,False,2026-09-08T18:18:45.134731
2507614179742473,y_kien_trung_lap,tieu_cuc,-0.6,none,,[],,Người dùng bày tỏ sự đồng cảm hoặc mỉa mai về tình huống khó khăn của người khác.,False,False,2026-09-08T18:18:45.134731
