CommentID,checked_at,brand_catalog_size,brand_catalog_version
1616320479952252,2026-09-03T12:13:30.447907,14,474ccba59d18cf70
1616321166618850,2026-09-03T12:13:30.447907,14,474ccba59d18cf70
1616322349952065,2026-09-03T12:13:30.447907,14,474ccba59d18cf70
1616325129951787,2026-09-03T12:13:30.447907,14,474ccba59d18cf70
1616325826618384,2026-09-03T12:13:30.447907,14,474ccba59d18cf70
1616326373284996,2026-09-03T12:13:30.447907,14,474ccba59d18cf70
1616330839951216,2026-09-03T12:13:30.447907,14,474ccba59d18cf70
1616331013284532,2026-09-03T12:13:30.447907,14,474ccba59d18cf70
1616331183284515,2026-09-03T12:13:30.447907,14,474ccba59d18cf70
1616333636617603,2026-09-03T12:13:30.447907,14,474ccba59d18cf70
1616335079950792,2026-09-03T12:13:30.447907,14,474ccba59d18cf70
1616337346617232,2026-09-03T12:13:30.447907,14,474ccba59d18cf70
1616338423283791,2026-09-03T12:13:30.447907,14,474ccba59d18cf70
1616343596616607,2026-09-03T12:13:30.447907,14,474ccba59d18cf70
1616346986616268,2026-09-03T12:13:30.447907,14,474ccba59d18cf70
1616350379949262,2026-09-03T12:13:30.447907,14,474ccba59d18cf70
1616350803282553,2026-09-03T12:13:30.447907,14,474ccba59d18cf70
1616351059949194,2026-09-03T12:13:30.447907,14,474ccba59d18cf70
1616351339949166,2026-09-03T12:13:30.447907,14,474ccba59d18cf70
1616356363281997,2026-09-03T12:13:30.447907,14,474ccba59d18cf70
1616357566615210,2026-09-03T12:13:30.447907,14,474ccba59d18cf70
1616363086614658,2026-09-03T12:13:30.447907,14,474ccba59d18cf70
1616363696614597,2026-09-03T12:13:30.447907,14,474ccba59d18cf70
1616369013280732,2026-09-03T12:13:30.447907,14,474ccba59d18cf70
1616374943280139,2026-09-03T12:13:30.447907,14,474ccba59d18cf70
1616376956613271,2026-09-03T12:13:30.447907,14,474ccba59d18cf70
1616377039946596,2026-09-03T12:13:30.447907,14,474ccba59d18cf70
1616377119946588,2026-09-03T12:13:30.447907,14,474ccba59d18cf70
1616377959946504,2026-09-03T12:13:30.447907,14,474ccba59d18cf70
1616382533279380,2026-09-03T12:13:30.447907,14,474ccba59d18cf70
1616382946612672,2026-09-03T12:13:30.447907,14,474ccba59d18cf70
1616395236611443,2026-09-03T12:13:30.447907,14,474ccba59d18cf70
1616397923277841,2026-09-03T12:13:30.447907,14,474ccba59d18cf70
1616399913277642,2026-09-03T12:13:30.447907,14,474ccba59d18cf70
1616400623277571,2026-09-03T12:13:30.447907,14,474ccba59d18cf70
1616406363276997,2026-09-03T12:13:30.447907,14,474ccba59d18cf70
1616408209943479,2026-09-03T12:13:30.447907,14,474ccba59d18cf70
1616410726609894,2026-09-03T12:13:30.447907,14,474ccba59d18cf70
1616422706608696,2026-09-03T12:13:30.447907,14,474ccba59d18cf70
1616422773275356,2026-09-03T12:13:30.447907,14,474ccba59d18cf70
1616422823275351,2026-09-03T12:13:30.447907,14,474ccba59d18cf70
1616422879942012,2026-09-03T12:13:30.447907,14,474ccba59d18cf70
1616423213275312,2026-09-03T12:13:30.447907,14,474ccba59d18cf70
1616451236605843,2026-09-03T12:13:30.447907,14,474ccba59d18cf70
1616468566604110,2026-09-03T12:13:30.447907,14,474ccba59d18cf70
1616530013264632,2026-09-03T12:13:30.447907,14,474ccba59d18cf70
1616579019926398,2026-09-03T12:13:30.447907,14,474ccba59d18cf70
1616598303257803,2026-09-03T12:13:30.447907,14,474ccba59d18cf70
1617135229870777,2026-09-03T12:13:30.447907,14,474ccba59d18cf70
1617179359866364,2026-09-03T12:13:30.447907,14,474ccba59d18cf70
1617270063190627,2026-09-03T12:13:30.447907,14,474ccba59d18cf70
1617288576522109,2026-09-03T12:13:30.447907,14,474ccba59d18cf70
1617288916522075,2026-09-03T12:13:30.447907,14,474ccba59d18cf70
1617321589852141,2026-09-03T12:13:30.447907,14,474ccba59d18cf70
1616457496605217,2026-09-03T12:13:30.447907,14,474ccba59d18cf70
1616457776605189,2026-09-03T12:13:30.447907,14,474ccba59d18cf70
1616458059938494,2026-09-03T12:13:30.447907,14,474ccba59d18cf70
1616518883265745,2026-09-03T12:13:30.447907,14,474ccba59d18cf70
1616521656598801,2026-09-03T12:13:30.447907,14,474ccba59d18cf70
1616526489931651,2026-09-03T12:13:30.447907,14,474ccba59d18cf70
1616528533264780,2026-09-03T12:13:30.447907,14,474ccba59d18cf70
1616530953264538,2026-09-03T12:13:30.447907,14,474ccba59d18cf70
1616531903264443,2026-09-03T12:13:30.447907,14,474ccba59d18cf70
1616538206597146,2026-09-03T12:13:30.447907,14,474ccba59d18cf70
1616544359929864,2026-09-03T12:13:30.447907,14,474ccba59d18cf70
1616545486596418,2026-09-03T12:13:30.447907,14,474ccba59d18cf70
1616546323263001,2026-09-03T12:13:30.447907,14,474ccba59d18cf70
1616546713262962,2026-09-03T12:13:30.447907,14,474ccba59d18cf70
1616561383261495,2026-09-03T12:13:30.447907,14,474ccba59d18cf70
1616567103260923,2026-09-03T12:13:30.447907,14,474ccba59d18cf70
1616572353260398,2026-09-03T12:13:30.447907,14,474ccba59d18cf70
1616573306593636,2026-09-03T12:13:30.447907,14,474ccba59d18cf70
1616573489926951,2026-09-03T12:13:30.447907,14,474ccba59d18cf70
1616575489926751,2026-09-03T12:13:30.447907,14,474ccba59d18cf70
1616575629926737,2026-09-03T12:13:30.447907,14,474ccba59d18cf70
1616589739925326,2026-09-03T12:13:30.447907,14,474ccba59d18cf70
1616632423254391,2026-09-03T12:13:30.447907,14,474ccba59d18cf70
1616646933252940,2026-09-03T12:13:30.447907,14,474ccba59d18cf70
1616661646584802,2026-09-03T12:13:30.447907,14,474ccba59d18cf70
1616697113247922,2026-09-03T12:13:30.447907,14,474ccba59d18cf70
1616707076580259,2026-09-03T12:13:30.447907,14,474ccba59d18cf70
1616753796575587,2026-09-03T12:13:30.447907,14,474ccba59d18cf70
1617062816544685,2026-09-03T12:13:30.447907,14,474ccba59d18cf70
1617155529868747,2026-09-03T12:13:30.447907,14,474ccba59d18cf70
1618003566450610,2026-09-03T12:13:30.447907,14,474ccba59d18cf70
1323636269639618,2026-09-03T12:13:30.447907,14,474ccba59d18cf70
1323644299638815,2026-09-03T12:13:30.447907,14,474ccba59d18cf70
1323742306295681,2026-09-03T12:13:30.447907,14,474ccba59d18cf70
1324828372853741,2026-09-03T12:13:30.447907,14,474ccba59d18cf70
28558717563740646,2026-09-03T12:13:30.447907,14,474ccba59d18cf70
28558727000406369,2026-09-03T12:13:30.447907,14,474ccba59d18cf70
28558850650394004,2026-09-03T12:13:30.447907,14,474ccba59d18cf70
28558903977055338,2026-09-03T12:13:30.447907,14,474ccba59d18cf70
28558911553721247,2026-09-03T12:13:30.447907,14,474ccba59d18cf70
28558912590387810,2026-09-03T12:13:30.447907,14,474ccba59d18cf70
28558925367053199,2026-09-03T12:13:30.447907,14,474ccba59d18cf70
28558934630385606,2026-09-03T12:13:30.447907,14,474ccba59d18cf70
28558947127051023,2026-09-03T12:13:30.447907,14,474ccba59d18cf70
28558957353716667,2026-09-03T12:13:30.447907,14,474ccba59d18cf70
28558961470382922,2026-09-03T12:13:30.447907,14,474ccba59d18cf70
28558965543715848,2026-09-03T12:13:30.447907,14,474ccba59d18cf70
28558996820379387,2026-09-03T12:13:30.447907,14,474ccba59d18cf70
28559132510365818,2026-09-03T12:13:30.447907,14,474ccba59d18cf70
28559178593694543,2026-09-03T12:13:30.447907,14,474ccba59d18cf70
28559186060360463,2026-09-03T12:13:30.447907,14,474ccba59d18cf70
28559226003689802,2026-09-03T12:13:30.447907,14,474ccba59d18cf70
28559291290349940,2026-09-03T12:13:30.447907,14,474ccba59d18cf70
28559380990340970,2026-09-03T12:13:30.447907,14,474ccba59d18cf70
28559587550320314,2026-09-03T12:13:30.447907,14,474ccba59d18cf70
28559589583653444,2026-09-03T12:13:30.447907,14,474ccba59d18cf70
28559687786976957,2026-09-03T12:13:30.447907,14,474ccba59d18cf70
28559763873636015,2026-09-03T12:13:30.447907,14,474ccba59d18cf70
28559865300292539,2026-09-03T12:13:30.447907,14,474ccba59d18cf70
28560198336925902,2026-09-03T12:13:30.447907,14,474ccba59d18cf70
28560289783583424,2026-09-03T12:13:30.447907,14,474ccba59d18cf70
28560771393535263,2026-09-03T12:13:30.447907,14,474ccba59d18cf70
28560808063531596,2026-09-03T12:13:30.447907,14,474ccba59d18cf70
28560968516848884,2026-09-03T12:13:30.447907,14,474ccba59d18cf70
28561074726838263,2026-09-03T12:13:30.447907,14,474ccba59d18cf70
28561302600148809,2026-09-03T12:13:30.447907,14,474ccba59d18cf70
28561561310122938,2026-09-03T12:13:30.447907,14,474ccba59d18cf70
28561727226773013,2026-09-03T12:13:30.447907,14,474ccba59d18cf70
28562103496735386,2026-09-03T12:13:30.447907,14,474ccba59d18cf70
28562589053353497,2026-09-03T12:13:30.447907,14,474ccba59d18cf70
28562617130017356,2026-09-03T12:13:30.447907,14,474ccba59d18cf70
28562671306678605,2026-09-03T12:13:30.447907,14,474ccba59d18cf70
28562854353326967,2026-09-03T12:13:30.447907,14,474ccba59d18cf70
28562976553314747,2026-09-03T12:13:30.447907,14,474ccba59d18cf70
28565724179706651,2026-09-03T12:13:30.447907,14,474ccba59d18cf70
28566690606276675,2026-09-03T12:13:30.447907,14,474ccba59d18cf70
28567047882907614,2026-09-03T12:13:30.447907,14,474ccba59d18cf70
28574593048819764,2026-09-03T12:13:30.447907,14,474ccba59d18cf70
28560093976936338,2026-09-03T12:13:30.447907,14,474ccba59d18cf70
28560297993582603,2026-09-03T12:13:30.447907,14,474ccba59d18cf70
28560310943581308,2026-09-03T12:13:30.447907,14,474ccba59d18cf70
28560312920247777,2026-09-03T12:13:30.447907,14,474ccba59d18cf70
28560372540241815,2026-09-03T12:13:30.447907,14,474ccba59d18cf70
28560631810215888,2026-09-03T12:13:30.447907,14,474ccba59d18cf70
28560716543540748,2026-09-03T12:13:30.447907,14,474ccba59d18cf70
28560804736865262,2026-09-03T12:13:30.447907,14,474ccba59d18cf70
28561075186838217,2026-09-03T12:13:30.447907,14,474ccba59d18cf70
28561155736830162,2026-09-03T12:13:30.447907,14,474ccba59d18cf70
28561275096818226,2026-09-03T12:13:30.447907,14,474ccba59d18cf70
28562607883351614,2026-09-03T12:13:30.447907,14,474ccba59d18cf70
28563620679917001,2026-09-03T12:13:30.447907,14,474ccba59d18cf70
28566695286276207,2026-09-03T12:13:30.447907,14,474ccba59d18cf70
28567101276235608,2026-09-03T12:13:30.447907,14,474ccba59d18cf70
28575996962012706,2026-09-03T12:13:30.447907,14,474ccba59d18cf70
28577036195242116,2026-09-03T12:13:30.447907,14,474ccba59d18cf70
28587042247574844,2026-09-03T12:13:30.447907,14,474ccba59d18cf70
28587143394231396,2026-09-03T12:13:30.447907,14,474ccba59d18cf70
28571448415800894,2026-09-03T12:13:30.447907,14,474ccba59d18cf70
28571577109121358,2026-09-03T12:13:30.447907,14,474ccba59d18cf70
28573696998909369,2026-09-03T12:13:30.447907,14,474ccba59d18cf70
28573704922241910,2026-09-03T12:13:30.447907,14,474ccba59d18cf70
28573705152241887,2026-09-03T12:13:30.447907,14,474ccba59d18cf70
28573715195574216,2026-09-03T12:13:30.447907,14,474ccba59d18cf70
28573717572240645,2026-09-03T12:13:30.447907,14,474ccba59d18cf70
28573727955572940,2026-09-03T12:13:30.447907,14,474ccba59d18cf70
28573755662236836,2026-09-03T12:13:30.447907,14,474ccba59d18cf70
28573758045569931,2026-09-03T12:13:30.447907,14,474ccba59d18cf70
28573764182235984,2026-09-03T12:13:30.447907,14,474ccba59d18cf70
28573801785565557,2026-09-03T12:13:30.447907,14,474ccba59d18cf70
28573881042224298,2026-09-03T12:13:30.447907,14,474ccba59d18cf70
28573885165557219,2026-09-03T12:13:30.447907,14,474ccba59d18cf70
28573892225556513,2026-09-03T12:13:30.447907,14,474ccba59d18cf70
28573902425555493,2026-09-03T12:13:30.447907,14,474ccba59d18cf70
28573910598888009,2026-09-03T12:13:30.447907,14,474ccba59d18cf70
28573947642217638,2026-09-03T12:13:30.447907,14,474ccba59d18cf70
28573957332216669,2026-09-03T12:13:30.447907,14,474ccba59d18cf70
28573957805549955,2026-09-03T12:13:30.447907,14,474ccba59d18cf70
28573992772213125,2026-09-03T12:13:30.447907,14,474ccba59d18cf70
28573995642212838,2026-09-03T12:13:30.447907,14,474ccba59d18cf70
28574009135544822,2026-09-03T12:13:30.447907,14,474ccba59d18cf70
28574009792211423,2026-09-03T12:13:30.447907,14,474ccba59d18cf70
28574026375543098,2026-09-03T12:13:30.447907,14,474ccba59d18cf70
28574044002208002,2026-09-03T12:13:30.447907,14,474ccba59d18cf70
28574065605539175,2026-09-03T12:13:30.447907,14,474ccba59d18cf70
28574208565524879,2026-09-03T12:13:30.447907,14,474ccba59d18cf70
28574234855522250,2026-09-03T12:13:30.447907,14,474ccba59d18cf70
28574427878836281,2026-09-03T12:13:30.447907,14,474ccba59d18cf70
28574480082164394,2026-09-03T12:13:30.447907,14,474ccba59d18cf70
28574496785496057,2026-09-03T12:13:30.447907,14,474ccba59d18cf70
28574691188809950,2026-09-03T12:13:30.447907,14,474ccba59d18cf70
28575541202058282,2026-09-03T12:13:30.447907,14,474ccba59d18cf70
28575884435357292,2026-09-03T12:13:30.447907,14,474ccba59d18cf70
28577479068531162,2026-09-03T12:13:30.447907,14,474ccba59d18cf70
28578280581784344,2026-09-03T12:13:30.447907,14,474ccba59d18cf70
28580341424911593,2026-09-03T12:13:30.447907,14,474ccba59d18cf70
28584213834524352,2026-09-03T12:13:30.447907,14,474ccba59d18cf70
28585737857705283,2026-09-03T12:13:30.447907,14,474ccba59d18cf70
28585835881028814,2026-09-03T12:13:30.447907,14,474ccba59d18cf70
28579935608285508,2026-09-03T12:13:30.447907,14,474ccba59d18cf70
28579939698285099,2026-09-03T12:13:30.447907,14,474ccba59d18cf70
28579945981617804,2026-09-03T12:13:30.447907,14,474ccba59d18cf70
28580004771611925,2026-09-03T12:13:30.447907,14,474ccba59d18cf70
28580025924943143,2026-09-03T12:13:30.447907,14,474ccba59d18cf70
28580080534937682,2026-09-03T12:13:30.447907,14,474ccba59d18cf70
28580110771601325,2026-09-03T12:13:30.447907,14,474ccba59d18cf70
28580151728263896,2026-09-03T12:13:30.447907,14,474ccba59d18cf70
28580178388261230,2026-09-03T12:13:30.447907,14,474ccba59d18cf70
28580205804925155,2026-09-03T12:13:30.447907,14,474ccba59d18cf70
28580323544913381,2026-09-03T12:13:30.447907,14,474ccba59d18cf70
28580329308246138,2026-09-03T12:13:30.447907,14,474ccba59d18cf70
28580395128239556,2026-09-03T12:13:30.447907,14,474ccba59d18cf70
28580429814902754,2026-09-03T12:13:30.447907,14,474ccba59d18cf70
28580431238235945,2026-09-03T12:13:30.447907,14,474ccba59d18cf70
28584881461124256,2026-09-03T12:13:30.447907,14,474ccba59d18cf70
28585151171097285,2026-09-03T12:13:30.447907,14,474ccba59d18cf70
28585346711077731,2026-09-03T12:13:30.447907,14,474ccba59d18cf70
28585347331077669,2026-09-03T12:13:30.447907,14,474ccba59d18cf70
28585347957744273,2026-09-03T12:13:30.447907,14,474ccba59d18cf70
28585348767744192,2026-09-03T12:13:30.447907,14,474ccba59d18cf70
28585349141077488,2026-09-03T12:13:30.447907,14,474ccba59d18cf70
28585350014410734,2026-09-03T12:13:30.447907,14,474ccba59d18cf70
28585351211077281,2026-09-03T12:13:30.447907,14,474ccba59d18cf70
28585351057743963,2026-09-03T12:13:30.447907,14,474ccba59d18cf70
28585351711077231,2026-09-03T12:13:30.447907,14,474ccba59d18cf70
28585352601077142,2026-09-03T12:13:30.447907,14,474ccba59d18cf70
28585353824410353,2026-09-03T12:13:30.447907,14,474ccba59d18cf70
28585354461076956,2026-09-03T12:13:30.447907,14,474ccba59d18cf70
28585354894410246,2026-09-03T12:13:30.447907,14,474ccba59d18cf70
28585355807743488,2026-09-03T12:13:30.447907,14,474ccba59d18cf70
28585356164410119,2026-09-03T12:13:30.447907,14,474ccba59d18cf70
28585357084410027,2026-09-03T12:13:30.447907,14,474ccba59d18cf70
28585357991076603,2026-09-03T12:13:30.447907,14,474ccba59d18cf70
28585421494403586,2026-09-03T12:13:30.447907,14,474ccba59d18cf70
28585426464403089,2026-09-03T12:13:30.447907,14,474ccba59d18cf70
28585585341053868,2026-09-03T12:13:30.447907,14,474ccba59d18cf70
28585596201052782,2026-09-03T12:13:30.447907,14,474ccba59d18cf70
28585743727704696,2026-09-03T12:13:30.447907,14,474ccba59d18cf70
28585755697703499,2026-09-03T12:13:30.447907,14,474ccba59d18cf70
28585797347699334,2026-09-03T12:13:30.447907,14,474ccba59d18cf70
28585803984365337,2026-09-03T12:13:30.447907,14,474ccba59d18cf70
28585828624362873,2026-09-03T12:13:30.447907,14,474ccba59d18cf70
28585852974360438,2026-09-03T12:13:30.447907,14,474ccba59d18cf70
28586567330955669,2026-09-03T12:13:30.447907,14,474ccba59d18cf70
28587029744242761,2026-09-03T12:13:30.447907,14,474ccba59d18cf70
28587148014230934,2026-09-03T12:13:30.447907,14,474ccba59d18cf70
1745676156639708,2026-09-03T12:13:30.447907,14,474ccba59d18cf70
1745688996638424,2026-09-03T12:13:30.447907,14,474ccba59d18cf70
1745689983304992,2026-09-03T12:13:30.447907,14,474ccba59d18cf70
1745691573304833,2026-09-03T12:13:30.447907,14,474ccba59d18cf70
1745696243304366,2026-09-03T12:13:30.447907,14,474ccba59d18cf70
1745696973304293,2026-09-03T12:13:30.447907,14,474ccba59d18cf70
1745697079970949,2026-09-03T12:13:30.447907,14,474ccba59d18cf70
1745699059970751,2026-09-03T12:13:30.447907,14,474ccba59d18cf70
1745701299970527,2026-09-03T12:13:30.447907,14,474ccba59d18cf70
1745702986637025,2026-09-03T12:13:30.447907,14,474ccba59d18cf70
1745703773303613,2026-09-03T12:13:30.447907,14,474ccba59d18cf70
1745707149969942,2026-09-03T12:13:30.447907,14,474ccba59d18cf70
1745710509969606,2026-09-03T12:13:30.447907,14,474ccba59d18cf70
1745736836633640,2026-09-03T12:13:30.447907,14,474ccba59d18cf70
1745740706633253,2026-09-03T12:13:30.447907,14,474ccba59d18cf70
1745784659962191,2026-09-03T12:13:30.447907,14,474ccba59d18cf70
1745913683282622,2026-09-03T12:13:30.447907,14,474ccba59d18cf70
1745921393281851,2026-09-03T12:13:30.447907,14,474ccba59d18cf70
1746063479934309,2026-09-03T12:13:30.447907,14,474ccba59d18cf70
1746063573267633,2026-09-03T12:13:30.447907,14,474ccba59d18cf70
1746066456600678,2026-09-03T12:13:30.447907,14,474ccba59d18cf70
1746092133264777,2026-09-03T12:13:30.447907,14,474ccba59d18cf70
1746108609929796,2026-09-03T12:13:30.447907,14,474ccba59d18cf70
1746114286595895,2026-09-03T12:13:30.447907,14,474ccba59d18cf70
1746136396593684,2026-09-03T12:13:30.447907,14,474ccba59d18cf70
1745672816640042,2026-09-03T12:13:30.447907,14,474ccba59d18cf70
1745708673303123,2026-09-03T12:13:30.447907,14,474ccba59d18cf70
1745717596635564,2026-09-03T12:13:30.447907,14,474ccba59d18cf70
1745737513300239,2026-09-03T12:13:30.447907,14,474ccba59d18cf70
1745776999962957,2026-09-03T12:13:30.447907,14,474ccba59d18cf70
1745783153295675,2026-09-03T12:13:30.447907,14,474ccba59d18cf70
1746096019931055,2026-09-03T12:13:30.447907,14,474ccba59d18cf70
1746109299929727,2026-09-03T12:13:30.447907,14,474ccba59d18cf70
1745670526640271,2026-09-03T12:13:30.447907,14,474ccba59d18cf70
1745670673306923,2026-09-03T12:13:30.447907,14,474ccba59d18cf70
1745670893306901,2026-09-03T12:13:30.447907,14,474ccba59d18cf70
1745684969972160,2026-09-03T12:13:30.447907,14,474ccba59d18cf70
1745695306637793,2026-09-03T12:13:30.447907,14,474ccba59d18cf70
1745706909969966,2026-09-03T12:13:30.447907,14,474ccba59d18cf70
1745750539965603,2026-09-03T12:13:30.447907,14,474ccba59d18cf70
1745761439964513,2026-09-03T12:13:30.447907,14,474ccba59d18cf70
1745769533297037,2026-09-03T12:13:30.447907,14,474ccba59d18cf70
1745773583296632,2026-09-03T12:13:30.447907,14,474ccba59d18cf70
1745774193296571,2026-09-03T12:13:30.447907,14,474ccba59d18cf70
1745774366629887,2026-09-03T12:13:30.447907,14,474ccba59d18cf70
1745781456629178,2026-09-03T12:13:30.447907,14,474ccba59d18cf70
1745786723295318,2026-09-03T12:13:30.447907,14,474ccba59d18cf70
1746095809931076,2026-09-03T12:13:30.447907,14,474ccba59d18cf70
1746109629929694,2026-09-03T12:13:30.447907,14,474ccba59d18cf70
1745765396630784,2026-09-03T12:13:30.447907,14,474ccba59d18cf70
1745787176628606,2026-09-03T12:13:30.447907,14,474ccba59d18cf70
1745806883293302,2026-09-03T12:13:30.447907,14,474ccba59d18cf70
1745812746626049,2026-09-03T12:13:30.447907,14,474ccba59d18cf70
1745813433292647,2026-09-03T12:13:30.447907,14,474ccba59d18cf70
1746105036596820,2026-09-03T12:13:30.447907,14,474ccba59d18cf70
1746120356595288,2026-09-03T12:13:30.447907,14,474ccba59d18cf70
1746484919892165,2026-09-03T12:13:30.447907,14,474ccba59d18cf70
1746488949891762,2026-09-03T12:13:30.447907,14,474ccba59d18cf70
1746493683224622,2026-09-03T12:13:30.447907,14,474ccba59d18cf70
1746497033224287,2026-09-03T12:13:30.447907,14,474ccba59d18cf70
1746501156557208,2026-09-03T12:13:30.447907,14,474ccba59d18cf70
1746505593223431,2026-09-03T12:13:30.447907,14,474ccba59d18cf70
1746511626556161,2026-09-03T12:13:30.447907,14,474ccba59d18cf70
1746514349889222,2026-09-03T12:13:30.447907,14,474ccba59d18cf70
1746518496555474,2026-09-03T12:13:30.447907,14,474ccba59d18cf70
1746529229887734,2026-09-03T12:13:30.447907,14,474ccba59d18cf70
1746537763220214,2026-09-03T12:13:30.447907,14,474ccba59d18cf70
1746549856552338,2026-09-03T12:13:30.447907,14,474ccba59d18cf70
1746554069885250,2026-09-03T12:13:30.447907,14,474ccba59d18cf70
1746576476549676,2026-09-03T12:13:30.447907,14,474ccba59d18cf70
1746591449881512,2026-09-03T12:13:30.447907,14,474ccba59d18cf70
1746654453208545,2026-09-03T12:13:30.447907,14,474ccba59d18cf70
1746718139868843,2026-09-03T12:13:30.447907,14,474ccba59d18cf70
1746880046519319,2026-09-03T12:13:30.447907,14,474ccba59d18cf70
1746977929842864,2026-09-03T12:13:30.447907,14,474ccba59d18cf70
1745914929949164,2026-09-03T12:13:30.447907,14,474ccba59d18cf70
1745919033282087,2026-09-03T12:13:30.447907,14,474ccba59d18cf70
1745932003280790,2026-09-03T12:13:30.447907,14,474ccba59d18cf70
1745933379947319,2026-09-03T12:13:30.447907,14,474ccba59d18cf70
1745933673280623,2026-09-03T12:13:30.447907,14,474ccba59d18cf70
1745937373280253,2026-09-03T12:13:30.447907,14,474ccba59d18cf70
1745974803276510,2026-09-03T12:13:30.447907,14,474ccba59d18cf70
1745978139942843,2026-09-03T12:13:30.447907,14,474ccba59d18cf70
1745978743276116,2026-09-03T12:13:30.447907,14,474ccba59d18cf70
1745910886616235,2026-09-03T12:13:30.447907,14,474ccba59d18cf70
1745911839949473,2026-09-03T12:13:30.447907,14,474ccba59d18cf70
1745912313282759,2026-09-03T12:13:30.447907,14,474ccba59d18cf70
1745912689949388,2026-09-03T12:13:30.447907,14,474ccba59d18cf70
1745916749948982,2026-09-03T12:13:30.447907,14,474ccba59d18cf70
1745918199948837,2026-09-03T12:13:30.447907,14,474ccba59d18cf70
1745920169948640,2026-09-03T12:13:30.447907,14,474ccba59d18cf70
1745924493281541,2026-09-03T12:13:30.447907,14,474ccba59d18cf70
1745931289947528,2026-09-03T12:13:30.447907,14,474ccba59d18cf70
1745956163278374,2026-09-03T12:13:30.447907,14,474ccba59d18cf70
1745973289943328,2026-09-03T12:13:30.447907,14,474ccba59d18cf70
1745987146608609,2026-09-03T12:13:30.447907,14,474ccba59d18cf70
1745987733275217,2026-09-03T12:13:30.447907,14,474ccba59d18cf70
1745996183274372,2026-09-03T12:13:30.447907,14,474ccba59d18cf70
1746039253270065,2026-09-03T12:13:30.447907,14,474ccba59d18cf70
1746090853264905,2026-09-03T12:13:30.447907,14,474ccba59d18cf70
1746095143264476,2026-09-03T12:13:30.447907,14,474ccba59d18cf70
1746100086597315,2026-09-03T12:13:30.447907,14,474ccba59d18cf70
1746103096597014,2026-09-03T12:13:30.447907,14,474ccba59d18cf70
1746104809930176,2026-09-03T12:13:30.447907,14,474ccba59d18cf70
1746162836591040,2026-09-03T12:13:30.447907,14,474ccba59d18cf70
1746163766590947,2026-09-03T12:13:30.447907,14,474ccba59d18cf70
1746221566585167,2026-09-03T12:13:30.447907,14,474ccba59d18cf70
1746449513229039,2026-09-03T12:13:30.447907,14,474ccba59d18cf70
1746450059895651,2026-09-03T12:13:30.447907,14,474ccba59d18cf70
1746478743226116,2026-09-03T12:13:30.447907,14,474ccba59d18cf70
1746655936541730,2026-09-03T12:13:30.447907,14,474ccba59d18cf70
1745943679946289,2026-09-03T12:13:30.447907,14,474ccba59d18cf70
1745944016612922,2026-09-03T12:13:30.447907,14,474ccba59d18cf70
1745951283278862,2026-09-03T12:13:30.447907,14,474ccba59d18cf70
1745961406611183,2026-09-03T12:13:30.447907,14,474ccba59d18cf70
1745965323277458,2026-09-03T12:13:30.447907,14,474ccba59d18cf70
1745971873276803,2026-09-03T12:13:30.447907,14,474ccba59d18cf70
1745975963276394,2026-09-03T12:13:30.447907,14,474ccba59d18cf70
1745985416608782,2026-09-03T12:13:30.447907,14,474ccba59d18cf70
1745991493274841,2026-09-03T12:13:30.447907,14,474ccba59d18cf70
1745992746608049,2026-09-03T12:13:30.447907,14,474ccba59d18cf70
1745997123274278,2026-09-03T12:13:30.447907,14,474ccba59d18cf70
1745998536607470,2026-09-03T12:13:30.447907,14,474ccba59d18cf70
1746002499940407,2026-09-03T12:13:30.447907,14,474ccba59d18cf70
1746006596606664,2026-09-03T12:13:30.447907,14,474ccba59d18cf70
1746008183273172,2026-09-03T12:13:30.447907,14,474ccba59d18cf70
1746008613273129,2026-09-03T12:13:30.447907,14,474ccba59d18cf70
1746008676606456,2026-09-03T12:13:30.447907,14,474ccba59d18cf70
1746020906605233,2026-09-03T12:13:30.447907,14,474ccba59d18cf70
1746021623271828,2026-09-03T12:13:30.447907,14,474ccba59d18cf70
1746023916604932,2026-09-03T12:13:30.447907,14,474ccba59d18cf70
1746030753270915,2026-09-03T12:13:30.447907,14,474ccba59d18cf70
1746043783269612,2026-09-03T12:13:30.447907,14,474ccba59d18cf70
1746059169934740,2026-09-03T12:13:30.447907,14,474ccba59d18cf70
1746061146601209,2026-09-03T12:13:30.447907,14,474ccba59d18cf70
1746092839931373,2026-09-03T12:13:30.447907,14,474ccba59d18cf70
1746102479930409,2026-09-03T12:13:30.447907,14,474ccba59d18cf70
1746108096596514,2026-09-03T12:13:30.447907,14,474ccba59d18cf70
1746138593260131,2026-09-03T12:13:30.447907,14,474ccba59d18cf70
1746147429925914,2026-09-03T12:13:30.447907,14,474ccba59d18cf70
1746149473259043,2026-09-03T12:13:30.447907,14,474ccba59d18cf70
1746155686591755,2026-09-03T12:13:30.447907,14,474ccba59d18cf70
1746171163256874,2026-09-03T12:13:30.447907,14,474ccba59d18cf70
1746199113254079,2026-09-03T12:13:30.447907,14,474ccba59d18cf70
1746247446582579,2026-09-03T12:13:30.447907,14,474ccba59d18cf70
1746480529892604,2026-09-03T12:13:30.447907,14,474ccba59d18cf70
1746482286559095,2026-09-03T12:13:30.447907,14,474ccba59d18cf70
1746499059890751,2026-09-03T12:13:30.447907,14,474ccba59d18cf70
1745933699947287,2026-09-03T12:13:30.447907,14,474ccba59d18cf70
1745940906613233,2026-09-03T12:13:30.447907,14,474ccba59d18cf70
1745976953276295,2026-09-03T12:13:30.447907,14,474ccba59d18cf70
1746017609938896,2026-09-03T12:13:30.447907,14,474ccba59d18cf70
1746063663267624,2026-09-03T12:13:30.447907,14,474ccba59d18cf70
1746077139932943,2026-09-03T12:13:30.447907,14,474ccba59d18cf70
1746085649932092,2026-09-03T12:13:30.447907,14,474ccba59d18cf70
1746089019931755,2026-09-03T12:13:30.447907,14,474ccba59d18cf70
1746116469929010,2026-09-03T12:13:30.447907,14,474ccba59d18cf70
1746123576594966,2026-09-03T12:13:30.447907,14,474ccba59d18cf70
1746196113254379,2026-09-03T12:13:30.447907,14,474ccba59d18cf70
1746451913228799,2026-09-03T12:13:30.447907,14,474ccba59d18cf70
1746451956562128,2026-09-03T12:13:30.447907,14,474ccba59d18cf70
1746497963224194,2026-09-03T12:13:30.447907,14,474ccba59d18cf70
1745909909949666,2026-09-03T12:13:30.447907,14,474ccba59d18cf70
1745914583282532,2026-09-03T12:13:30.447907,14,474ccba59d18cf70
1745917859948871,2026-09-03T12:13:30.447907,14,474ccba59d18cf70
1745918859948771,2026-09-03T12:13:30.447907,14,474ccba59d18cf70
1745922373281753,2026-09-03T12:13:30.447907,14,474ccba59d18cf70
1745935436613780,2026-09-03T12:13:30.447907,14,474ccba59d18cf70
1745975123276478,2026-09-03T12:13:30.447907,14,474ccba59d18cf70
1745977999942857,2026-09-03T12:13:30.447907,14,474ccba59d18cf70
1745980353275955,2026-09-03T12:13:30.447907,14,474ccba59d18cf70
1745988359941821,2026-09-03T12:13:30.447907,14,474ccba59d18cf70
1745994269941230,2026-09-03T12:13:30.447907,14,474ccba59d18cf70
1746054693268521,2026-09-03T12:13:30.447907,14,474ccba59d18cf70
1746094389931218,2026-09-03T12:13:30.447907,14,474ccba59d18cf70
1746651019875555,2026-09-03T12:13:30.447907,14,474ccba59d18cf70
1746654096541914,2026-09-03T12:13:30.447907,14,474ccba59d18cf70
1746685139872143,2026-09-03T12:13:30.447907,14,474ccba59d18cf70
1746717979868859,2026-09-03T12:13:30.447907,14,474ccba59d18cf70
1745938613280129,2026-09-03T12:13:30.447907,14,474ccba59d18cf70
1745939949946662,2026-09-03T12:13:30.447907,14,474ccba59d18cf70
1745962899944367,2026-09-03T12:13:30.447907,14,474ccba59d18cf70
1745964223277568,2026-09-03T12:13:30.447907,14,474ccba59d18cf70
1745964463277544,2026-09-03T12:13:30.447907,14,474ccba59d18cf70
1745967319943925,2026-09-03T12:13:30.447907,14,474ccba59d18cf70
1745971939943463,2026-09-03T12:13:30.447907,14,474ccba59d18cf70
1745972059943451,2026-09-03T12:13:30.447907,14,474ccba59d18cf70
1745974929943164,2026-09-03T12:13:30.447907,14,474ccba59d18cf70
1745979639942693,2026-09-03T12:13:30.447907,14,474ccba59d18cf70
1745986199942037,2026-09-03T12:13:30.447907,14,474ccba59d18cf70
1745989076608416,2026-09-03T12:13:30.447907,14,474ccba59d18cf70
1745997556607568,2026-09-03T12:13:30.447907,14,474ccba59d18cf70
1746064849934172,2026-09-03T12:13:30.447907,14,474ccba59d18cf70
1746071649933492,2026-09-03T12:13:30.447907,14,474ccba59d18cf70
1746090623264928,2026-09-03T12:13:30.447907,14,474ccba59d18cf70
1746131479927509,2026-09-03T12:13:30.447907,14,474ccba59d18cf70
1746195589921098,2026-09-03T12:13:30.447907,14,474ccba59d18cf70
1746452379895419,2026-09-03T12:13:30.447907,14,474ccba59d18cf70
1746452416562082,2026-09-03T12:13:30.447907,14,474ccba59d18cf70
1746592919881365,2026-09-03T12:13:30.447907,14,474ccba59d18cf70
1746061706601153,2026-09-03T12:13:30.447907,14,474ccba59d18cf70
1746062893267701,2026-09-03T12:13:30.447907,14,474ccba59d18cf70
1746063256600998,2026-09-03T12:13:30.447907,14,474ccba59d18cf70
1746065569934100,2026-09-03T12:13:30.447907,14,474ccba59d18cf70
1746069879933669,2026-09-03T12:13:30.447907,14,474ccba59d18cf70
1746070119933645,2026-09-03T12:13:30.447907,14,474ccba59d18cf70
1746071189933538,2026-09-03T12:13:30.447907,14,474ccba59d18cf70
1746073229933334,2026-09-03T12:13:30.447907,14,474ccba59d18cf70
1746078949932762,2026-09-03T12:13:30.447907,14,474ccba59d18cf70
1746082296599094,2026-09-03T12:13:30.447907,14,474ccba59d18cf70
1746084499932207,2026-09-03T12:13:30.447907,14,474ccba59d18cf70
1746089679931689,2026-09-03T12:13:30.447907,14,474ccba59d18cf70
1746097909930866,2026-09-03T12:13:30.447907,14,474ccba59d18cf70
1746128073261183,2026-09-03T12:13:30.447907,14,474ccba59d18cf70
1746158443258146,2026-09-03T12:13:30.447907,14,474ccba59d18cf70
1746286459912011,2026-09-03T12:13:30.447907,14,474ccba59d18cf70
1746399139900743,2026-09-03T12:13:30.447907,14,474ccba59d18cf70
1746407113233279,2026-09-03T12:13:30.447907,14,474ccba59d18cf70
1746445829896074,2026-09-03T12:13:30.447907,14,474ccba59d18cf70
1746508273223163,2026-09-03T12:13:30.447907,14,474ccba59d18cf70
1746519553222035,2026-09-03T12:13:30.447907,14,474ccba59d18cf70
1746530663220924,2026-09-03T12:13:30.447907,14,474ccba59d18cf70
1746534029887254,2026-09-03T12:13:30.447907,14,474ccba59d18cf70
1746552009885456,2026-09-03T12:13:30.447907,14,474ccba59d18cf70
1746583203215670,2026-09-03T12:13:30.447907,14,474ccba59d18cf70
1746873216520002,2026-09-03T12:13:30.447907,14,474ccba59d18cf70
1746978089842848,2026-09-03T12:13:30.447907,14,474ccba59d18cf70
1747016159839041,2026-09-03T12:13:30.447907,14,474ccba59d18cf70
1746483243225666,2026-09-03T12:13:30.447907,14,474ccba59d18cf70
1746491629891494,2026-09-03T12:13:30.447907,14,474ccba59d18cf70
1746499369890720,2026-09-03T12:13:30.447907,14,474ccba59d18cf70
1746505106556813,2026-09-03T12:13:30.447907,14,474ccba59d18cf70
1746506219890035,2026-09-03T12:13:30.447907,14,474ccba59d18cf70
1746509369889720,2026-09-03T12:13:30.447907,14,474ccba59d18cf70
1746509446556379,2026-09-03T12:13:30.447907,14,474ccba59d18cf70
1746562613217729,2026-09-03T12:13:30.447907,14,474ccba59d18cf70
1746654956541828,2026-09-03T12:13:30.447907,14,474ccba59d18cf70
1747252566482067,2026-09-03T12:13:30.447907,14,474ccba59d18cf70
1747317183142272,2026-09-03T12:13:30.447907,14,474ccba59d18cf70
1746493989891258,2026-09-03T12:13:30.447907,14,474ccba59d18cf70
1746501796557144,2026-09-03T12:13:30.447907,14,474ccba59d18cf70
1746512563222734,2026-09-03T12:13:30.447907,14,474ccba59d18cf70
1746531489887508,2026-09-03T12:13:30.447907,14,474ccba59d18cf70
1746531926554131,2026-09-03T12:13:30.447907,14,474ccba59d18cf70
1746533163220674,2026-09-03T12:13:30.447907,14,474ccba59d18cf70
1746533786553945,2026-09-03T12:13:30.447907,14,474ccba59d18cf70
1746550503218940,2026-09-03T12:13:30.447907,14,474ccba59d18cf70
1746552709885386,2026-09-03T12:13:30.447907,14,474ccba59d18cf70
1746592776548046,2026-09-03T12:13:30.447907,14,474ccba59d18cf70
1746600839880573,2026-09-03T12:13:30.447907,14,474ccba59d18cf70
1746609719879685,2026-09-03T12:13:30.447907,14,474ccba59d18cf70
1746645129876144,2026-09-03T12:13:30.447907,14,474ccba59d18cf70
1746650119875645,2026-09-03T12:13:30.447907,14,474ccba59d18cf70
1746981103175880,2026-09-03T12:13:30.447907,14,474ccba59d18cf70
1746991639841493,2026-09-03T12:13:30.447907,14,474ccba59d18cf70
1747286939811963,2026-09-03T12:13:30.447907,14,474ccba59d18cf70
1746534216553902,2026-09-03T12:13:30.447907,14,474ccba59d18cf70
1746544773219513,2026-09-03T12:13:30.447907,14,474ccba59d18cf70
1746550276552296,2026-09-03T12:13:30.447907,14,474ccba59d18cf70
1746551193218871,2026-09-03T12:13:30.447907,14,474ccba59d18cf70
1746556509885006,2026-09-03T12:13:30.447907,14,474ccba59d18cf70
1746655349875122,2026-09-03T12:13:30.447907,14,474ccba59d18cf70
1746717693202221,2026-09-03T12:13:30.447907,14,474ccba59d18cf70
1746978589842798,2026-09-03T12:13:30.447907,14,474ccba59d18cf70
1747319149808742,2026-09-03T12:13:30.447907,14,474ccba59d18cf70
1747320669808590,2026-09-03T12:13:30.447907,14,474ccba59d18cf70
1747332786474045,2026-09-03T12:13:30.447907,14,474ccba59d18cf70
1747338573140133,2026-09-03T12:13:30.447907,14,474ccba59d18cf70
1746492616558062,2026-09-03T12:13:30.447907,14,474ccba59d18cf70
1746501399890517,2026-09-03T12:13:30.447907,14,474ccba59d18cf70
1746506503223340,2026-09-03T12:13:30.447907,14,474ccba59d18cf70
1746507429889914,2026-09-03T12:13:30.447907,14,474ccba59d18cf70
1746510219889635,2026-09-03T12:13:30.447907,14,474ccba59d18cf70
1746513993222591,2026-09-03T12:13:30.447907,14,474ccba59d18cf70
1746518233222167,2026-09-03T12:13:30.447907,14,474ccba59d18cf70
1746518653222125,2026-09-03T12:13:30.447907,14,474ccba59d18cf70
1746528159887841,2026-09-03T12:13:30.447907,14,474ccba59d18cf70
1746548143219176,2026-09-03T12:13:30.447907,14,474ccba59d18cf70
1746553163218674,2026-09-03T12:13:30.447907,14,474ccba59d18cf70
1746576039883053,2026-09-03T12:13:30.447907,14,474ccba59d18cf70
1746577389882918,2026-09-03T12:13:30.447907,14,474ccba59d18cf70
1746578913216099,2026-09-03T12:13:30.447907,14,474ccba59d18cf70
1746647659875891,2026-09-03T12:13:30.447907,14,474ccba59d18cf70
1746651153208875,2026-09-03T12:13:30.447907,14,474ccba59d18cf70
1746788696528454,2026-09-03T12:13:30.447907,14,474ccba59d18cf70
1746836226523701,2026-09-03T12:13:30.447907,14,474ccba59d18cf70
1747008036506520,2026-09-03T12:13:30.447907,14,474ccba59d18cf70
1747316803142310,2026-09-03T12:13:30.447907,14,474ccba59d18cf70
1747358469804810,2026-09-03T12:13:30.447907,14,474ccba59d18cf70
1746533269887330,2026-09-03T12:13:30.447907,14,474ccba59d18cf70
1747301069810550,2026-09-03T12:13:30.447907,14,474ccba59d18cf70
1746578176549506,2026-09-03T12:13:30.447907,14,474ccba59d18cf70
1746590076548316,2026-09-03T12:13:30.447907,14,474ccba59d18cf70
1746592186548105,2026-09-03T12:13:30.447907,14,474ccba59d18cf70
1746614123212578,2026-09-03T12:13:30.447907,14,474ccba59d18cf70
1746626933211297,2026-09-03T12:13:30.447907,14,474ccba59d18cf70
1746630013210989,2026-09-03T12:13:30.447907,14,474ccba59d18cf70
1746651963208794,2026-09-03T12:13:30.447907,14,474ccba59d18cf70
1746772909863366,2026-09-03T12:13:30.447907,14,474ccba59d18cf70
1747370559803601,2026-09-03T12:13:30.447907,14,474ccba59d18cf70
1746598006547523,2026-09-03T12:13:30.447907,14,474ccba59d18cf70
1746598123214178,2026-09-03T12:13:30.447907,14,474ccba59d18cf70
1746598149880842,2026-09-03T12:13:30.447907,14,474ccba59d18cf70
1746600739880583,2026-09-03T12:13:30.447907,14,474ccba59d18cf70
1746607023213288,2026-09-03T12:13:30.447907,14,474ccba59d18cf70
1746621649878492,2026-09-03T12:13:30.447907,14,474ccba59d18cf70
1746625069878150,2026-09-03T12:13:30.447907,14,474ccba59d18cf70
1746635493210441,2026-09-03T12:13:30.447907,14,474ccba59d18cf70
1746651446542179,2026-09-03T12:13:30.447907,14,474ccba59d18cf70
1747237349816922,2026-09-03T12:13:30.447907,14,474ccba59d18cf70
1747251196482204,2026-09-03T12:13:30.447907,14,474ccba59d18cf70
1747332499807407,2026-09-03T12:13:30.447907,14,474ccba59d18cf70
1746650913208899,2026-09-03T12:13:30.447907,14,474ccba59d18cf70
1746652419875415,2026-09-03T12:13:30.447907,14,474ccba59d18cf70
1746653103208680,2026-09-03T12:13:30.447907,14,474ccba59d18cf70
1746653819875275,2026-09-03T12:13:30.447907,14,474ccba59d18cf70
1746656913208299,2026-09-03T12:13:30.447907,14,474ccba59d18cf70
1746657349874922,2026-09-03T12:13:30.447907,14,474ccba59d18cf70
1746678143206176,2026-09-03T12:13:30.447907,14,474ccba59d18cf70
1746681873205803,2026-09-03T12:13:30.447907,14,474ccba59d18cf70
1746686786538645,2026-09-03T12:13:30.447907,14,474ccba59d18cf70
1746704246536899,2026-09-03T12:13:30.447907,14,474ccba59d18cf70
1746713253202665,2026-09-03T12:13:30.447907,14,474ccba59d18cf70
1746721673201823,2026-09-03T12:13:30.447907,14,474ccba59d18cf70
1746763229864334,2026-09-03T12:13:30.447907,14,474ccba59d18cf70
1746765226530801,2026-09-03T12:13:30.447907,14,474ccba59d18cf70
1746786209862036,2026-09-03T12:13:30.447907,14,474ccba59d18cf70
1746850276522296,2026-09-03T12:13:30.447907,14,474ccba59d18cf70
1746894946517829,2026-09-03T12:13:30.447907,14,474ccba59d18cf70
1746924006514923,2026-09-03T12:13:30.447907,14,474ccba59d18cf70
1747010013172989,2026-09-03T12:13:30.447907,14,474ccba59d18cf70
1746950876512236,2026-09-03T12:13:30.447907,14,474ccba59d18cf70
1746952656512058,2026-09-03T12:13:30.447907,14,474ccba59d18cf70
1746954413178549,2026-09-03T12:13:30.447907,14,474ccba59d18cf70
1746963049844352,2026-09-03T12:13:30.447907,14,474ccba59d18cf70
1746970856510238,2026-09-03T12:13:30.447907,14,474ccba59d18cf70
1746977016509622,2026-09-03T12:13:30.447907,14,474ccba59d18cf70
1746982866509037,2026-09-03T12:13:30.447907,14,474ccba59d18cf70
1746990469841610,2026-09-03T12:13:30.447907,14,474ccba59d18cf70
1747024756504848,2026-09-03T12:13:30.447907,14,474ccba59d18cf70
1747081543165836,2026-09-03T12:13:30.447907,14,474ccba59d18cf70
1747088023165188,2026-09-03T12:13:30.447907,14,474ccba59d18cf70
1747093083164682,2026-09-03T12:13:30.447907,14,474ccba59d18cf70
1747286606478663,2026-09-03T12:13:30.447907,14,474ccba59d18cf70
1746604563213534,2026-09-03T12:50:39.824921,14,474ccba59d18cf70
1747315946475729,2026-09-03T12:50:39.824921,14,474ccba59d18cf70
1747326196474704,2026-09-03T12:50:39.824921,14,474ccba59d18cf70
1747338683140122,2026-09-03T12:50:39.824921,14,474ccba59d18cf70
1747356823138308,2026-09-03T12:50:39.824921,14,474ccba59d18cf70
1746951576512166,2026-09-03T12:50:39.824921,14,474ccba59d18cf70
1746952729845384,2026-09-03T12:50:39.824921,14,474ccba59d18cf70
1746963159844341,2026-09-03T12:50:39.824921,14,474ccba59d18cf70
1746966063177384,2026-09-03T12:50:39.824921,14,474ccba59d18cf70
1746967306510593,2026-09-03T12:50:39.824921,14,474ccba59d18cf70
1746973693176621,2026-09-03T12:50:39.824921,14,474ccba59d18cf70
1746974649843192,2026-09-03T12:50:39.824921,14,474ccba59d18cf70
1746976189843038,2026-09-03T12:50:39.824921,14,474ccba59d18cf70
1746977719842885,2026-09-03T12:50:39.824921,14,474ccba59d18cf70
1746979903176000,2026-09-03T12:50:39.824921,14,474ccba59d18cf70
1746980573175933,2026-09-03T12:50:39.824921,14,474ccba59d18cf70
1746983529842304,2026-09-03T12:50:39.824921,14,474ccba59d18cf70
1746983599842297,2026-09-03T12:50:39.824921,14,474ccba59d18cf70
1746986169842040,2026-09-03T12:50:39.824921,14,474ccba59d18cf70
1746990949841562,2026-09-03T12:50:39.824921,14,474ccba59d18cf70
1747287203145270,2026-09-03T12:50:39.824921,14,474ccba59d18cf70
1747315509809106,2026-09-03T12:50:39.824921,14,474ccba59d18cf70
1747367723137218,2026-09-03T12:50:39.824921,14,474ccba59d18cf70
1746949333179057,2026-09-03T12:50:39.824921,14,474ccba59d18cf70
1746954849845172,2026-09-03T12:50:39.824921,14,474ccba59d18cf70
1746965869844070,2026-09-03T12:50:39.824921,14,474ccba59d18cf70
1746970763176914,2026-09-03T12:50:39.824921,14,474ccba59d18cf70
1746977333176257,2026-09-03T12:50:39.824921,14,474ccba59d18cf70
1746945936512730,2026-09-03T12:50:39.824921,14,474ccba59d18cf70
1746947163179274,2026-09-03T12:50:39.824921,14,474ccba59d18cf70
1746947703179220,2026-09-03T12:50:39.824921,14,474ccba59d18cf70
1746947993179191,2026-09-03T12:50:39.824921,14,474ccba59d18cf70
1746948013179189,2026-09-03T12:50:39.824921,14,474ccba59d18cf70
1746948073179183,2026-09-03T12:50:39.824921,14,474ccba59d18cf70
1746952373178753,2026-09-03T12:50:39.824921,14,474ccba59d18cf70
1746955573178433,2026-09-03T12:50:39.824921,14,474ccba59d18cf70
1746956326511691,2026-09-03T12:50:39.824921,14,474ccba59d18cf70
1746957449844912,2026-09-03T12:50:39.824921,14,474ccba59d18cf70
1746957493178241,2026-09-03T12:50:39.824921,14,474ccba59d18cf70
1746957589844898,2026-09-03T12:50:39.824921,14,474ccba59d18cf70
1746958046511519,2026-09-03T12:50:39.824921,14,474ccba59d18cf70
1746959563178034,2026-09-03T12:50:39.824921,14,474ccba59d18cf70
1746961786511145,2026-09-03T12:50:39.824921,14,474ccba59d18cf70
1746962079844449,2026-09-03T12:50:39.824921,14,474ccba59d18cf70
1746966493177341,2026-09-03T12:50:39.824921,14,474ccba59d18cf70
1746967009843956,2026-09-03T12:50:39.824921,14,474ccba59d18cf70
1746967553177235,2026-09-03T12:50:39.824921,14,474ccba59d18cf70
1746972983176692,2026-09-03T12:50:39.824921,14,474ccba59d18cf70
1746973796509944,2026-09-03T12:50:39.824921,14,474ccba59d18cf70
1746974703176520,2026-09-03T12:50:39.824921,14,474ccba59d18cf70
1746976746509649,2026-09-03T12:50:39.824921,14,474ccba59d18cf70
1746977456509578,2026-09-03T12:50:39.824921,14,474ccba59d18cf70
1746984979842159,2026-09-03T12:50:39.824921,14,474ccba59d18cf70
1746990486508275,2026-09-03T12:50:39.824921,14,474ccba59d18cf70
1746992246508099,2026-09-03T12:50:39.824921,14,474ccba59d18cf70
1746993609841296,2026-09-03T12:50:39.824921,14,474ccba59d18cf70
1746995993174391,2026-09-03T12:50:39.824921,14,474ccba59d18cf70
1746996273174363,2026-09-03T12:50:39.824921,14,474ccba59d18cf70
1747001516507172,2026-09-03T12:50:39.824921,14,474ccba59d18cf70
1747001696507154,2026-09-03T12:50:39.824921,14,474ccba59d18cf70
1747004406506883,2026-09-03T12:50:39.824921,14,474ccba59d18cf70
1747009199839737,2026-09-03T12:50:39.824921,14,474ccba59d18cf70
1747026096504714,2026-09-03T12:50:39.824921,14,474ccba59d18cf70
1747033009837356,2026-09-03T12:50:39.824921,14,474ccba59d18cf70
1747044859836171,2026-09-03T12:50:39.824921,14,474ccba59d18cf70
1747048089835848,2026-09-03T12:50:39.824921,14,474ccba59d18cf70
1747057299834927,2026-09-03T12:50:39.824921,14,474ccba59d18cf70
1747090586498265,2026-09-03T12:50:39.824921,14,474ccba59d18cf70
1747092066498117,2026-09-03T12:50:39.824921,14,474ccba59d18cf70
1747100749830582,2026-09-03T12:50:39.824921,14,474ccba59d18cf70
1747241059816551,2026-09-03T12:50:39.824921,14,474ccba59d18cf70
1747248086482515,2026-09-03T12:50:39.824921,14,474ccba59d18cf70
1747257786481545,2026-09-03T12:50:39.824921,14,474ccba59d18cf70
1747259586481365,2026-09-03T12:50:39.824921,14,474ccba59d18cf70
1747265419814115,2026-09-03T12:50:39.824921,14,474ccba59d18cf70
1747267343147256,2026-09-03T12:50:39.824921,14,474ccba59d18cf70
1747268286480495,2026-09-03T12:50:39.824921,14,474ccba59d18cf70
1747269086480415,2026-09-03T12:50:39.824921,14,474ccba59d18cf70
1747270043146986,2026-09-03T12:50:39.824921,14,474ccba59d18cf70
1747271363146854,2026-09-03T12:50:39.824921,14,474ccba59d18cf70
1747276279813029,2026-09-03T12:50:39.824921,14,474ccba59d18cf70
1747282623145728,2026-09-03T12:50:39.824921,14,474ccba59d18cf70
1747285089812148,2026-09-03T12:50:39.824921,14,474ccba59d18cf70
1747285159812141,2026-09-03T12:50:39.824921,14,474ccba59d18cf70
1747285249812132,2026-09-03T12:50:39.824921,14,474ccba59d18cf70
1747285693145421,2026-09-03T12:50:39.824921,14,474ccba59d18cf70
1747300073143983,2026-09-03T12:50:39.824921,14,474ccba59d18cf70
1747312579809399,2026-09-03T12:50:39.824921,14,474ccba59d18cf70
1747313786475945,2026-09-03T12:50:39.824921,14,474ccba59d18cf70
1747315686475755,2026-09-03T12:50:39.824921,14,474ccba59d18cf70
1747318573142133,2026-09-03T12:50:39.824921,14,474ccba59d18cf70
1747333099807347,2026-09-03T12:50:39.824921,14,474ccba59d18cf70
1747357416471582,2026-09-03T12:50:39.824921,14,474ccba59d18cf70
1746986066508717,2026-09-03T12:50:39.824921,14,474ccba59d18cf70
1746986313175359,2026-09-03T12:50:39.824921,14,474ccba59d18cf70
1746989296508394,2026-09-03T12:50:39.824921,14,474ccba59d18cf70
1746992439841413,2026-09-03T12:50:39.824921,14,474ccba59d18cf70
1746992829841374,2026-09-03T12:50:39.824921,14,474ccba59d18cf70
1747034043170586,2026-09-03T12:50:39.824921,14,474ccba59d18cf70
1747035636503760,2026-09-03T12:50:39.824921,14,474ccba59d18cf70
1747036409837016,2026-09-03T12:50:39.824921,14,474ccba59d18cf70
1747042613169729,2026-09-03T12:50:39.824921,14,474ccba59d18cf70
1747046859835971,2026-09-03T12:50:39.824921,14,474ccba59d18cf70
1747049333169057,2026-09-03T12:50:39.824921,14,474ccba59d18cf70
1747051876502136,2026-09-03T12:50:39.824921,14,474ccba59d18cf70
1747103253163665,2026-09-03T12:50:39.824921,14,474ccba59d18cf70
1747268249813832,2026-09-03T12:50:39.824921,14,474ccba59d18cf70
1747314956475828,2026-09-03T12:50:39.824921,14,474ccba59d18cf70
2501582310345660,2026-09-03T12:50:39.824921,14,474ccba59d18cf70
2501600183677206,2026-09-03T12:50:39.824921,14,474ccba59d18cf70
2501921193645105,2026-09-03T12:50:39.824921,14,474ccba59d18cf70
2502176716952886,2026-09-03T12:50:39.824921,14,474ccba59d18cf70
2502873973549827,2026-09-03T12:50:39.824921,14,474ccba59d18cf70
2501587610345130,2026-09-03T12:50:39.824921,14,474ccba59d18cf70
2501591933678031,2026-09-03T12:50:39.824921,14,474ccba59d18cf70
2501924210311470,2026-09-03T12:50:39.824921,14,474ccba59d18cf70
2501928813644343,2026-09-03T12:50:39.824921,14,474ccba59d18cf70
2501929393644285,2026-09-03T12:50:39.824921,14,474ccba59d18cf70
2501960983641126,2026-09-03T12:50:39.824921,14,474ccba59d18cf70
2501978076972750,2026-09-03T12:50:39.824921,14,474ccba59d18cf70
2501993370304554,2026-09-03T12:50:39.824921,14,474ccba59d18cf70
2502885473548677,2026-09-03T12:50:39.824921,14,474ccba59d18cf70
2502478523589372,2026-09-03T12:50:39.824921,14,474ccba59d18cf70
2502479200255971,2026-09-03T12:50:39.824921,14,474ccba59d18cf70
2502483720255519,2026-09-03T12:50:39.824921,14,474ccba59d18cf70
2502490600254831,2026-09-03T12:50:39.824921,14,474ccba59d18cf70
2502506936919864,2026-09-03T12:50:39.824921,14,474ccba59d18cf70
2502827356887822,2026-09-03T12:50:39.824921,14,474ccba59d18cf70
2502827606887797,2026-09-03T12:50:39.824921,14,474ccba59d18cf70
2128509014402567,2026-09-03T12:50:39.824921,14,474ccba59d18cf70
2128509394402529,2026-09-03T12:50:39.824921,14,474ccba59d18cf70
2128511611068974,2026-09-03T12:50:39.824921,14,474ccba59d18cf70
2128513374402131,2026-09-03T12:50:39.824921,14,474ccba59d18cf70
2128515817735220,2026-09-03T12:50:39.824921,14,474ccba59d18cf70
2128517664401702,2026-09-03T12:50:39.824921,14,474ccba59d18cf70
2128519217734880,2026-09-03T12:50:39.824921,14,474ccba59d18cf70
2128523624401106,2026-09-03T12:50:39.824921,14,474ccba59d18cf70
2128527661067369,2026-09-03T12:50:39.824921,14,474ccba59d18cf70
2128528161067319,2026-09-03T12:50:39.824921,14,474ccba59d18cf70
2128529944400474,2026-09-03T12:50:39.824921,14,474ccba59d18cf70
2128535661066569,2026-09-03T12:50:39.824921,14,474ccba59d18cf70
2128541757732626,2026-09-03T12:50:39.824921,14,474ccba59d18cf70
2128542141065921,2026-09-03T12:50:39.824921,14,474ccba59d18cf70
2128544134399055,2026-09-03T12:50:39.824921,14,474ccba59d18cf70
2128548991065236,2026-09-03T12:50:39.824921,14,474ccba59d18cf70
2128553897731412,2026-09-03T12:50:39.824921,14,474ccba59d18cf70
2128561574397311,2026-09-03T12:50:39.824921,14,474ccba59d18cf70
2128574704395998,2026-09-03T12:50:39.824921,14,474ccba59d18cf70
2128583327728469,2026-09-03T12:50:39.824921,14,474ccba59d18cf70
2128592574394211,2026-09-03T12:50:39.824921,14,474ccba59d18cf70
2128642777722524,2026-09-03T12:50:39.824921,14,474ccba59d18cf70
2128683701051765,2026-09-03T12:50:39.824921,14,474ccba59d18cf70
2128797597707042,2026-09-03T12:50:39.824921,14,474ccba59d18cf70
2129412004312268,2026-09-03T12:50:39.824921,14,474ccba59d18cf70
2129413474312121,2026-09-03T12:50:39.824921,14,474ccba59d18cf70
2129423124311156,2026-09-03T12:50:39.824921,14,474ccba59d18cf70
2129423877644414,2026-09-03T12:50:39.824921,14,474ccba59d18cf70
2129453604308108,2026-09-03T12:50:39.824921,14,474ccba59d18cf70
2129454580974677,2026-09-03T12:50:39.824921,14,474ccba59d18cf70
2129465840973551,2026-09-03T12:50:39.824921,14,474ccba59d18cf70
2129467070973428,2026-09-03T12:50:39.824921,14,474ccba59d18cf70
2129499517636850,2026-09-03T12:50:39.824921,14,474ccba59d18cf70
2129515207635281,2026-09-03T12:50:39.824921,14,474ccba59d18cf70
2129554977631304,2026-09-03T12:50:39.824921,14,474ccba59d18cf70
2129678784285590,2026-09-03T12:50:39.824921,14,474ccba59d18cf70
2249682995969654,2026-09-08T18:18:45.891606,14,474ccba59d18cf70
2250530572551563,2026-09-08T18:18:45.891606,14,474ccba59d18cf70
2250530775884876,2026-09-08T18:18:45.891606,14,474ccba59d18cf70
2250576952546925,2026-09-08T18:18:45.891606,14,474ccba59d18cf70
2250577192546901,2026-09-08T18:18:45.891606,14,474ccba59d18cf70
2250590139212273,2026-09-08T18:18:45.891606,14,474ccba59d18cf70
2250602759211011,2026-09-08T18:18:45.891606,14,474ccba59d18cf70
2250611159210171,2026-09-08T18:18:45.891606,14,474ccba59d18cf70
2250645255873428,2026-09-08T18:18:45.891606,14,474ccba59d18cf70
2250730392531581,2026-09-08T18:18:45.891606,14,474ccba59d18cf70
2250749282529692,2026-09-08T18:18:45.891606,14,474ccba59d18cf70
2250819755855978,2026-09-08T18:18:45.891606,14,474ccba59d18cf70
2251085862496034,2026-09-08T18:18:45.891606,14,474ccba59d18cf70
1618935219690778,2026-09-08T18:18:45.891606,14,474ccba59d18cf70
1618939076357059,2026-09-08T18:18:45.891606,14,474ccba59d18cf70
1619058219678478,2026-09-08T18:18:45.891606,14,474ccba59d18cf70
1621566146094352,2026-09-08T18:18:45.891606,14,474ccba59d18cf70
1621580912759542,2026-09-08T18:18:45.891606,14,474ccba59d18cf70
1622429232674710,2026-09-08T18:18:45.891606,14,474ccba59d18cf70
1622565195994447,2026-09-08T18:18:45.891606,14,474ccba59d18cf70
1622565459327754,2026-09-08T18:18:45.891606,14,474ccba59d18cf70
1618071216443845,2026-09-08T18:18:45.891606,14,474ccba59d18cf70
1618157873101846,2026-09-08T18:18:45.891606,14,474ccba59d18cf70
1619034679680832,2026-09-08T18:18:45.891606,14,474ccba59d18cf70
1619034813014152,2026-09-08T18:18:45.891606,14,474ccba59d18cf70
1619148246336142,2026-09-08T18:18:45.891606,14,474ccba59d18cf70
1619884826262484,2026-09-08T18:18:45.891606,14,474ccba59d18cf70
1619897706261196,2026-09-08T18:18:45.891606,14,474ccba59d18cf70
1619902562927377,2026-09-08T18:18:45.891606,14,474ccba59d18cf70
1620884676162499,2026-09-08T18:18:45.891606,14,474ccba59d18cf70
1621565596094407,2026-09-08T18:18:45.891606,14,474ccba59d18cf70
1622424199341880,2026-09-08T18:18:45.891606,14,474ccba59d18cf70
1618467626404204,2026-09-08T18:18:45.891606,14,474ccba59d18cf70
1618474179736882,2026-09-08T18:18:45.891606,14,474ccba59d18cf70
1618934736357493,2026-09-08T18:18:45.891606,14,474ccba59d18cf70
1618469226404044,2026-09-08T18:18:45.891606,14,474ccba59d18cf70
1618477609736539,2026-09-08T18:18:45.891606,14,474ccba59d18cf70
1618480599736240,2026-09-08T18:18:45.891606,14,474ccba59d18cf70
1618483616402605,2026-09-08T18:18:45.891606,14,474ccba59d18cf70
1618485319735768,2026-09-08T18:18:45.891606,14,474ccba59d18cf70
1618487236402243,2026-09-08T18:18:45.891606,14,474ccba59d18cf70
1618488833068750,2026-09-08T18:18:45.891606,14,474ccba59d18cf70
1618501439734156,2026-09-08T18:18:45.891606,14,474ccba59d18cf70
1618527383064895,2026-09-08T18:18:45.891606,14,474ccba59d18cf70
1618652619719038,2026-09-08T18:18:45.891606,14,474ccba59d18cf70
1618837013033932,2026-09-08T18:18:45.891606,14,474ccba59d18cf70
1618885573029076,2026-09-08T18:18:45.891606,14,474ccba59d18cf70
1619150569669243,2026-09-08T18:18:45.891606,14,474ccba59d18cf70
1620885739495726,2026-09-08T18:18:45.891606,14,474ccba59d18cf70
1618970129687287,2026-09-08T18:18:45.891606,14,474ccba59d18cf70
1619104699673830,2026-09-08T18:18:45.891606,14,474ccba59d18cf70
1619105859673714,2026-09-08T18:18:45.891606,14,474ccba59d18cf70
1619365859647714,2026-09-08T18:18:45.891606,14,474ccba59d18cf70
1619710562946577,2026-09-08T18:18:45.891606,14,474ccba59d18cf70
1619771189607181,2026-09-08T18:18:45.891606,14,474ccba59d18cf70
1620170266233940,2026-09-08T18:18:45.891606,14,474ccba59d18cf70
1619024946348472,2026-09-08T18:18:45.891606,14,474ccba59d18cf70
1619025056348461,2026-09-08T18:18:45.891606,14,474ccba59d18cf70
1619025456348421,2026-09-08T18:18:45.891606,14,474ccba59d18cf70
1619025579681742,2026-09-08T18:18:45.891606,14,474ccba59d18cf70
1619025646348402,2026-09-08T18:18:45.891606,14,474ccba59d18cf70
1619025876348379,2026-09-08T18:18:45.891606,14,474ccba59d18cf70
1619025976348369,2026-09-08T18:18:45.891606,14,474ccba59d18cf70
1619026106348356,2026-09-08T18:18:45.891606,14,474ccba59d18cf70
1619026286348338,2026-09-08T18:18:45.891606,14,474ccba59d18cf70
1619026383014995,2026-09-08T18:18:45.891606,14,474ccba59d18cf70
1619026393014994,2026-09-08T18:18:45.891606,14,474ccba59d18cf70
1619026673014966,2026-09-08T18:18:45.891606,14,474ccba59d18cf70
1619027253014908,2026-09-08T18:18:45.891606,14,474ccba59d18cf70
1619027469681553,2026-09-08T18:18:45.891606,14,474ccba59d18cf70
1619027569681543,2026-09-08T18:18:45.891606,14,474ccba59d18cf70
1619028133014820,2026-09-08T18:18:45.891606,14,474ccba59d18cf70
1619028309681469,2026-09-08T18:18:45.891606,14,474ccba59d18cf70
1619028399681460,2026-09-08T18:18:45.891606,14,474ccba59d18cf70
1619028713014762,2026-09-08T18:18:45.891606,14,474ccba59d18cf70
1619029209681379,2026-09-08T18:18:45.891606,14,474ccba59d18cf70
1619030429681257,2026-09-08T18:18:45.891606,14,474ccba59d18cf70
1619031696347797,2026-09-08T18:18:45.891606,14,474ccba59d18cf70
1619033713014262,2026-09-08T18:18:45.891606,14,474ccba59d18cf70
1619033709680929,2026-09-08T18:18:45.891606,14,474ccba59d18cf70
1619034183014215,2026-09-08T18:18:45.891606,14,474ccba59d18cf70
1619034506347516,2026-09-08T18:18:45.891606,14,474ccba59d18cf70
1619036466347320,2026-09-08T18:18:45.891606,14,474ccba59d18cf70
1619037869680513,2026-09-08T18:18:45.891606,14,474ccba59d18cf70
1619041059680194,2026-09-08T18:18:45.891606,14,474ccba59d18cf70
1619041393013494,2026-09-08T18:18:45.891606,14,474ccba59d18cf70
1619044106346556,2026-09-08T18:18:45.891606,14,474ccba59d18cf70
1619044109679889,2026-09-08T18:18:45.891606,14,474ccba59d18cf70
1619045033013130,2026-09-08T18:18:45.891606,14,474ccba59d18cf70
1619045509679749,2026-09-08T18:18:45.891606,14,474ccba59d18cf70
1619047006346266,2026-09-08T18:18:45.891606,14,474ccba59d18cf70
1619049563012677,2026-09-08T18:18:45.891606,14,474ccba59d18cf70
1619049823012651,2026-09-08T18:18:45.891606,14,474ccba59d18cf70
1619052696345697,2026-09-08T18:18:45.891606,14,474ccba59d18cf70
1619056146345352,2026-09-08T18:18:45.891606,14,474ccba59d18cf70
1619059329678367,2026-09-08T18:18:45.891606,14,474ccba59d18cf70
1619060123011621,2026-09-08T18:18:45.891606,14,474ccba59d18cf70
1619061896344777,2026-09-08T18:18:45.891606,14,474ccba59d18cf70
1619068176344149,2026-09-08T18:18:45.891606,14,474ccba59d18cf70
1619068179677482,2026-09-08T18:18:45.891606,14,474ccba59d18cf70
1619076399676660,2026-09-08T18:18:45.891606,14,474ccba59d18cf70
1619083479675952,2026-09-08T18:18:45.891606,14,474ccba59d18cf70
1619085216342445,2026-09-08T18:18:45.891606,14,474ccba59d18cf70
1619098493007784,2026-09-08T18:18:45.891606,14,474ccba59d18cf70
1619098496341117,2026-09-08T18:18:45.891606,14,474ccba59d18cf70
1619116246339342,2026-09-08T18:18:45.891606,14,474ccba59d18cf70
1619122369672063,2026-09-08T18:18:45.891606,14,474ccba59d18cf70
1619138883003745,2026-09-08T18:18:45.891606,14,474ccba59d18cf70
1619150869669213,2026-09-08T18:18:45.891606,14,474ccba59d18cf70
1619152849669015,2026-09-08T18:18:45.891606,14,474ccba59d18cf70
1619152919669008,2026-09-08T18:18:45.891606,14,474ccba59d18cf70
1619155536335413,2026-09-08T18:18:45.891606,14,474ccba59d18cf70
1619170096333957,2026-09-08T18:18:45.891606,14,474ccba59d18cf70
1619192382998395,2026-09-08T18:18:45.891606,14,474ccba59d18cf70
1619199499664350,2026-09-08T18:18:45.891606,14,474ccba59d18cf70
1619200522997581,2026-09-08T18:18:45.891606,14,474ccba59d18cf70
1619205252997108,2026-09-08T18:18:45.891606,14,474ccba59d18cf70
1619215516329415,2026-09-08T18:18:45.891606,14,474ccba59d18cf70
1619239742993659,2026-09-08T18:18:45.891606,14,474ccba59d18cf70
1619294286321538,2026-09-08T18:18:45.891606,14,474ccba59d18cf70
1619321396318827,2026-09-08T18:18:45.891606,14,474ccba59d18cf70
1619658422951791,2026-09-08T18:18:45.891606,14,474ccba59d18cf70
1619800906270876,2026-09-08T18:18:45.891606,14,474ccba59d18cf70
1619832812934352,2026-09-08T18:18:45.891606,14,474ccba59d18cf70
1619840359600264,2026-09-08T18:18:45.891606,14,474ccba59d18cf70
1619882036262763,2026-09-08T18:18:45.891606,14,474ccba59d18cf70
1619905819593718,2026-09-08T18:18:45.891606,14,474ccba59d18cf70
1619946636256303,2026-09-08T18:18:45.891606,14,474ccba59d18cf70
1620000666250900,2026-09-08T18:18:45.891606,14,474ccba59d18cf70
1620073552910278,2026-09-08T18:18:45.891606,14,474ccba59d18cf70
1620345542883079,2026-09-08T18:18:45.891606,14,474ccba59d18cf70
1620357599548540,2026-09-08T18:18:45.891606,14,474ccba59d18cf70
1620372279547072,2026-09-08T18:18:45.891606,14,474ccba59d18cf70
1621502492767384,2026-09-08T18:18:45.891606,14,474ccba59d18cf70
1621565086094458,2026-09-08T18:18:45.891606,14,474ccba59d18cf70
1622536222664011,2026-09-08T18:18:45.891606,14,474ccba59d18cf70
1622564705994496,2026-09-08T18:18:45.891606,14,474ccba59d18cf70
1622564762661157,2026-09-08T18:18:45.891606,14,474ccba59d18cf70
1622564882661145,2026-09-08T18:18:45.891606,14,474ccba59d18cf70
1622564959327804,2026-09-08T18:18:45.891606,14,474ccba59d18cf70
1622565012661132,2026-09-08T18:18:45.891606,14,474ccba59d18cf70
1620751479509152,2026-09-08T18:18:45.891606,14,474ccba59d18cf70
1619207979663502,2026-09-08T18:18:45.891606,14,474ccba59d18cf70
1619993716251595,2026-09-08T18:18:45.891606,14,474ccba59d18cf70
1619935172924116,2026-09-08T18:18:45.891606,14,474ccba59d18cf70
1619935222924111,2026-09-08T18:18:45.891606,14,474ccba59d18cf70
1619935629590737,2026-09-08T18:18:45.891606,14,474ccba59d18cf70
1619935646257402,2026-09-08T18:18:45.891606,14,474ccba59d18cf70
1619935716257395,2026-09-08T18:18:45.891606,14,474ccba59d18cf70
1619936202924013,2026-09-08T18:18:45.891606,14,474ccba59d18cf70
1619936266257340,2026-09-08T18:18:45.891606,14,474ccba59d18cf70
1619936369590663,2026-09-08T18:18:45.891606,14,474ccba59d18cf70
1619936582923975,2026-09-08T18:18:45.891606,14,474ccba59d18cf70
1619936996257267,2026-09-08T18:18:45.891606,14,474ccba59d18cf70
1619937079590592,2026-09-08T18:18:45.891606,14,474ccba59d18cf70
1619937206257246,2026-09-08T18:18:45.891606,14,474ccba59d18cf70
1619937329590567,2026-09-08T18:18:45.891606,14,474ccba59d18cf70
1619937622923871,2026-09-08T18:18:45.891606,14,474ccba59d18cf70
1619938352923798,2026-09-08T18:18:45.891606,14,474ccba59d18cf70
1619938729590427,2026-09-08T18:18:45.891606,14,474ccba59d18cf70
1619938836257083,2026-09-08T18:18:45.891606,14,474ccba59d18cf70
1619938862923747,2026-09-08T18:18:45.891606,14,474ccba59d18cf70
1619939019590398,2026-09-08T18:18:45.891606,14,474ccba59d18cf70
1619939152923718,2026-09-08T18:18:45.891606,14,474ccba59d18cf70
1619939699590330,2026-09-08T18:18:45.891606,14,474ccba59d18cf70
1619940346256932,2026-09-08T18:18:45.891606,14,474ccba59d18cf70
1619940499590250,2026-09-08T18:18:45.891606,14,474ccba59d18cf70
1619940892923544,2026-09-08T18:18:45.891606,14,474ccba59d18cf70
1619941112923522,2026-09-08T18:18:45.891606,14,474ccba59d18cf70
1619941186256848,2026-09-08T18:18:45.891606,14,474ccba59d18cf70
1619942729590027,2026-09-08T18:18:45.891606,14,474ccba59d18cf70
1619944356256531,2026-09-08T18:18:45.891606,14,474ccba59d18cf70
1619948509589449,2026-09-08T18:18:45.891606,14,474ccba59d18cf70
1619948696256097,2026-09-08T18:18:45.891606,14,474ccba59d18cf70
1619951252922508,2026-09-08T18:18:45.891606,14,474ccba59d18cf70
1619951992922434,2026-09-08T18:18:45.891606,14,474ccba59d18cf70
1619952696255697,2026-09-08T18:18:45.891606,14,474ccba59d18cf70
1619953309588969,2026-09-08T18:18:45.891606,14,474ccba59d18cf70
1619953336255633,2026-09-08T18:18:45.891606,14,474ccba59d18cf70
1619954249588875,2026-09-08T18:18:45.891606,14,474ccba59d18cf70
1619954719588828,2026-09-08T18:18:45.891606,14,474ccba59d18cf70
1619956202922013,2026-09-08T18:18:45.891606,14,474ccba59d18cf70
1619957459588554,2026-09-08T18:18:45.891606,14,474ccba59d18cf70
1619960756254891,2026-09-08T18:18:45.891606,14,474ccba59d18cf70
1619960892921544,2026-09-08T18:18:45.891606,14,474ccba59d18cf70
1619968399587460,2026-09-08T18:18:45.891606,14,474ccba59d18cf70
1619968829587417,2026-09-08T18:18:45.891606,14,474ccba59d18cf70
1619969436254023,2026-09-08T18:18:45.891606,14,474ccba59d18cf70
1619971796253787,2026-09-08T18:18:45.891606,14,474ccba59d18cf70
1619972016253765,2026-09-08T18:18:45.891606,14,474ccba59d18cf70
1619975069586793,2026-09-08T18:18:45.891606,14,474ccba59d18cf70
1619978082919825,2026-09-08T18:18:45.891606,14,474ccba59d18cf70
1619978979586402,2026-09-08T18:18:45.891606,14,474ccba59d18cf70
1619979286253038,2026-09-08T18:18:45.891606,14,474ccba59d18cf70
1619981206252846,2026-09-08T18:18:45.891606,14,474ccba59d18cf70
1619984736252493,2026-09-08T18:18:45.891606,14,474ccba59d18cf70
1619985482919085,2026-09-08T18:18:45.891606,14,474ccba59d18cf70
1619986099585690,2026-09-08T18:18:45.891606,14,474ccba59d18cf70
1619986396252327,2026-09-08T18:18:45.891606,14,474ccba59d18cf70
1619987472918886,2026-09-08T18:18:45.891606,14,474ccba59d18cf70
1619988722918761,2026-09-08T18:18:45.891606,14,474ccba59d18cf70
1619989286252038,2026-09-08T18:18:45.891606,14,474ccba59d18cf70
1619991092918524,2026-09-08T18:18:45.891606,14,474ccba59d18cf70
1619995436251423,2026-09-08T18:18:45.891606,14,474ccba59d18cf70
1619996326251334,2026-09-08T18:18:45.891606,14,474ccba59d18cf70
1620000289584271,2026-09-08T18:18:45.891606,14,474ccba59d18cf70
1620002559584044,2026-09-08T18:18:45.891606,14,474ccba59d18cf70
1620004156250551,2026-09-08T18:18:45.891606,14,474ccba59d18cf70
1620005722917061,2026-09-08T18:18:45.891606,14,474ccba59d18cf70
1620007459583554,2026-09-08T18:18:45.891606,14,474ccba59d18cf70
1620008589583441,2026-09-08T18:18:45.891606,14,474ccba59d18cf70
1620009382916695,2026-09-08T18:18:45.891606,14,474ccba59d18cf70
1620013739582926,2026-09-08T18:18:45.891606,14,474ccba59d18cf70
1620016596249307,2026-09-08T18:18:45.891606,14,474ccba59d18cf70
1620019546249012,2026-09-08T18:18:45.891606,14,474ccba59d18cf70
1620025512915082,2026-09-08T18:18:45.891606,14,474ccba59d18cf70
1620035926247374,2026-09-08T18:18:45.891606,14,474ccba59d18cf70
1620037502913883,2026-09-08T18:18:45.891606,14,474ccba59d18cf70
1620055806245386,2026-09-08T18:18:45.891606,14,474ccba59d18cf70
1620056132912020,2026-09-08T18:18:45.891606,14,474ccba59d18cf70
1620084609575839,2026-09-08T18:18:45.891606,14,474ccba59d18cf70
1620116366239330,2026-09-08T18:18:45.891606,14,474ccba59d18cf70
1620122079572092,2026-09-08T18:18:45.891606,14,474ccba59d18cf70
1620152492902384,2026-09-08T18:18:45.891606,14,474ccba59d18cf70
1620152529569047,2026-09-08T18:18:45.891606,14,474ccba59d18cf70
1620173836233583,2026-09-08T18:18:45.891606,14,474ccba59d18cf70
1620173866233580,2026-09-08T18:18:45.891606,14,474ccba59d18cf70
1620185809565719,2026-09-08T18:18:45.891606,14,474ccba59d18cf70
1620270816223885,2026-09-08T18:18:45.891606,14,474ccba59d18cf70
1620317109552589,2026-09-08T18:18:45.891606,14,474ccba59d18cf70
1620371222880511,2026-09-08T18:18:45.891606,14,474ccba59d18cf70
1620453986205568,2026-09-08T18:18:45.891606,14,474ccba59d18cf70
1620540276196939,2026-09-08T18:18:45.891606,14,474ccba59d18cf70
1620566796194287,2026-09-08T18:18:45.891606,14,474ccba59d18cf70
1620653219518978,2026-09-08T18:18:45.891606,14,474ccba59d18cf70
1620876532829980,2026-09-08T18:18:45.891606,14,474ccba59d18cf70
1621017529482547,2026-09-08T18:18:45.891606,14,474ccba59d18cf70
1621565459427754,2026-09-08T18:18:45.891606,14,474ccba59d18cf70
1621578482759785,2026-09-08T18:18:45.891606,14,474ccba59d18cf70
1621684359415864,2026-09-08T18:18:45.891606,14,474ccba59d18cf70
1622059832711650,2026-09-08T18:18:45.891606,14,474ccba59d18cf70
1622407449343555,2026-09-08T18:18:45.891606,14,474ccba59d18cf70
1622423899341910,2026-09-08T18:18:45.891606,14,474ccba59d18cf70
1622478799336420,2026-09-08T18:18:45.891606,14,474ccba59d18cf70
1622541229330177,2026-09-08T18:18:45.891606,14,474ccba59d18cf70
1620149252902708,2026-09-08T18:18:45.891606,14,474ccba59d18cf70
1620150372902596,2026-09-08T18:18:45.891606,14,474ccba59d18cf70
1620151826235784,2026-09-08T18:18:45.891606,14,474ccba59d18cf70
1620152392902394,2026-09-08T18:18:45.891606,14,474ccba59d18cf70
1620152759569024,2026-09-08T18:18:45.891606,14,474ccba59d18cf70
1620155566235410,2026-09-08T18:18:45.891606,14,474ccba59d18cf70
1620155846235382,2026-09-08T18:18:45.891606,14,474ccba59d18cf70
1620166432900990,2026-09-08T18:18:45.891606,14,474ccba59d18cf70
1620166496234317,2026-09-08T18:18:45.891606,14,474ccba59d18cf70
1620167872900846,2026-09-08T18:18:45.891606,14,474ccba59d18cf70
1620168306234136,2026-09-08T18:18:45.891606,14,474ccba59d18cf70
1620170916233875,2026-09-08T18:18:45.891606,14,474ccba59d18cf70
1620176512899982,2026-09-08T18:18:45.891606,14,474ccba59d18cf70
1620182452899388,2026-09-08T18:18:45.891606,14,474ccba59d18cf70
1620211449563155,2026-09-08T18:18:45.891606,14,474ccba59d18cf70
1620227736228193,2026-09-08T18:18:45.891606,14,474ccba59d18cf70
1620270026223964,2026-09-08T18:18:45.891606,14,474ccba59d18cf70
1620447566206210,2026-09-08T18:18:45.891606,14,474ccba59d18cf70
1620572759527024,2026-09-08T18:18:45.891606,14,474ccba59d18cf70
1620606872856946,2026-09-08T18:18:45.891606,14,474ccba59d18cf70
1620622416188725,2026-09-08T18:18:45.891606,14,474ccba59d18cf70
1620827859501514,2026-09-08T18:18:45.891606,14,474ccba59d18cf70
1620882592829374,2026-09-08T18:18:45.891606,14,474ccba59d18cf70
1620922472825386,2026-09-08T18:18:45.891606,14,474ccba59d18cf70
1620929886157978,2026-09-08T18:18:45.891606,14,474ccba59d18cf70
1621463012771332,2026-09-08T18:18:45.891606,14,474ccba59d18cf70
1621506006100366,2026-09-08T18:18:45.891606,14,474ccba59d18cf70
1621564962761137,2026-09-08T18:18:45.891606,14,474ccba59d18cf70
1621806079403692,2026-09-08T18:18:45.891606,14,474ccba59d18cf70
1622407799343520,2026-09-08T18:18:45.891606,14,474ccba59d18cf70
1622479052669728,2026-09-08T18:18:45.891606,14,474ccba59d18cf70
1620235282894105,2026-09-08T18:18:45.891606,14,474ccba59d18cf70
1620701499514150,2026-09-08T18:18:45.891606,14,474ccba59d18cf70
1620999062817727,2026-09-08T18:18:45.891606,14,474ccba59d18cf70
1620999419484358,2026-09-08T18:18:45.891606,14,474ccba59d18cf70
1621056316145335,2026-09-08T18:18:45.891606,14,474ccba59d18cf70
1621062996144667,2026-09-08T18:18:45.891606,14,474ccba59d18cf70
1621067642810869,2026-09-08T18:18:45.891606,14,474ccba59d18cf70
1621090782808555,2026-09-08T18:18:45.891606,14,474ccba59d18cf70
1621096442807989,2026-09-08T18:18:45.891606,14,474ccba59d18cf70
1621097806141186,2026-09-08T18:18:45.891606,14,474ccba59d18cf70
1621108806140086,2026-09-08T18:18:45.891606,14,474ccba59d18cf70
1621110996139867,2026-09-08T18:18:45.891606,14,474ccba59d18cf70
1621117892805844,2026-09-08T18:18:45.891606,14,474ccba59d18cf70
1621124229471877,2026-09-08T18:18:45.891606,14,474ccba59d18cf70
1621163462801287,2026-09-08T18:18:45.891606,14,474ccba59d18cf70
1621178386133128,2026-09-08T18:18:45.891606,14,474ccba59d18cf70
1621195742798059,2026-09-08T18:18:45.891606,14,474ccba59d18cf70
1621367406114226,2026-09-08T18:18:45.891606,14,474ccba59d18cf70
1621426566108310,2026-09-08T18:18:45.891606,14,474ccba59d18cf70
1621448679439432,2026-09-08T18:18:45.891606,14,474ccba59d18cf70
1621451439439156,2026-09-08T18:18:45.891606,14,474ccba59d18cf70
1621454142772219,2026-09-08T18:18:45.891606,14,474ccba59d18cf70
1621499692767664,2026-09-08T18:18:45.891606,14,474ccba59d18cf70
1621503072767326,2026-09-08T18:18:45.891606,14,474ccba59d18cf70
1621547016096265,2026-09-08T18:18:45.891606,14,474ccba59d18cf70
1621564759427824,2026-09-08T18:18:45.891606,14,474ccba59d18cf70
1622550859329214,2026-09-08T18:18:45.891606,14,474ccba59d18cf70
1622551252662508,2026-09-08T18:18:45.891606,14,474ccba59d18cf70
1622407929343507,2026-09-08T18:18:45.891606,14,474ccba59d18cf70
1622565149327785,2026-09-08T18:18:45.891606,14,474ccba59d18cf70
1622578295993137,2026-09-08T18:18:45.891606,14,474ccba59d18cf70
1621840056066961,2026-09-08T18:18:45.891606,14,474ccba59d18cf70
1621840576066909,2026-09-08T18:18:45.891606,14,474ccba59d18cf70
1621841092733524,2026-09-08T18:18:45.891606,14,474ccba59d18cf70
1621841089400191,2026-09-08T18:18:45.891606,14,474ccba59d18cf70
1621841549400145,2026-09-08T18:18:45.891606,14,474ccba59d18cf70
1621841682733465,2026-09-08T18:18:45.891606,14,474ccba59d18cf70
1621841879400112,2026-09-08T18:18:45.891606,14,474ccba59d18cf70
1621842219400078,2026-09-08T18:18:45.891606,14,474ccba59d18cf70
1621842416066725,2026-09-08T18:18:45.891606,14,474ccba59d18cf70
1621842556066711,2026-09-08T18:18:45.891606,14,474ccba59d18cf70
1621842676066699,2026-09-08T18:18:45.891606,14,474ccba59d18cf70
1621843112733322,2026-09-08T18:18:45.891606,14,474ccba59d18cf70
1621843142733319,2026-09-08T18:18:45.891606,14,474ccba59d18cf70
1621843289399971,2026-09-08T18:18:45.891606,14,474ccba59d18cf70
1621844379399862,2026-09-08T18:18:45.891606,14,474ccba59d18cf70
1621845559399744,2026-09-08T18:18:45.891606,14,474ccba59d18cf70
1621845902733043,2026-09-08T18:18:45.891606,14,474ccba59d18cf70
1621846372732996,2026-09-08T18:18:45.891606,14,474ccba59d18cf70
1621846656066301,2026-09-08T18:18:45.891606,14,474ccba59d18cf70
1621846906066276,2026-09-08T18:18:45.891606,14,474ccba59d18cf70
1621846979399602,2026-09-08T18:18:45.891606,14,474ccba59d18cf70
1621847322732901,2026-09-08T18:18:45.891606,14,474ccba59d18cf70
1621847619399538,2026-09-08T18:18:45.891606,14,474ccba59d18cf70
1621847862732847,2026-09-08T18:18:45.891606,14,474ccba59d18cf70
1621851329399167,2026-09-08T18:18:45.891606,14,474ccba59d18cf70
1621852382732395,2026-09-08T18:18:45.891606,14,474ccba59d18cf70
1621852586065708,2026-09-08T18:18:45.891606,14,474ccba59d18cf70
1621853326065634,2026-09-08T18:18:45.891606,14,474ccba59d18cf70
1621853842732249,2026-09-08T18:18:45.891606,14,474ccba59d18cf70
1621853872732246,2026-09-08T18:18:45.891606,14,474ccba59d18cf70
1621853986065568,2026-09-08T18:18:45.891606,14,474ccba59d18cf70
1621854156065551,2026-09-08T18:18:45.891606,14,474ccba59d18cf70
1621857072731926,2026-09-08T18:18:45.891606,14,474ccba59d18cf70
1621857216065245,2026-09-08T18:18:45.891606,14,474ccba59d18cf70
1621858652731768,2026-09-08T18:18:45.891606,14,474ccba59d18cf70
1621859639398336,2026-09-08T18:18:45.891606,14,474ccba59d18cf70
1621860456064921,2026-09-08T18:18:45.891606,14,474ccba59d18cf70
1621861109398189,2026-09-08T18:18:45.891606,14,474ccba59d18cf70
1621866342730999,2026-09-08T18:18:45.891606,14,474ccba59d18cf70
1621868386064128,2026-09-08T18:18:45.891606,14,474ccba59d18cf70
1621870796063887,2026-09-08T18:18:45.891606,14,474ccba59d18cf70
1621870819397218,2026-09-08T18:18:45.891606,14,474ccba59d18cf70
1621872856063681,2026-09-08T18:18:45.891606,14,474ccba59d18cf70
1621875672730066,2026-09-08T18:18:45.891606,14,474ccba59d18cf70
1621876556063311,2026-09-08T18:18:45.891606,14,474ccba59d18cf70
1621879172729716,2026-09-08T18:18:45.891606,14,474ccba59d18cf70
1621882179396082,2026-09-08T18:18:45.891606,14,474ccba59d18cf70
1621886146062352,2026-09-08T18:18:45.891606,14,474ccba59d18cf70
1621888642728769,2026-09-08T18:18:45.891606,14,474ccba59d18cf70
1621890999395200,2026-09-08T18:18:45.891606,14,474ccba59d18cf70
1621893632728270,2026-09-08T18:18:45.891606,14,474ccba59d18cf70
1621894616061505,2026-09-08T18:18:45.891606,14,474ccba59d18cf70
1621898022727831,2026-09-08T18:18:45.891606,14,474ccba59d18cf70
1621898369394463,2026-09-08T18:18:45.891606,14,474ccba59d18cf70
1621912002726433,2026-09-08T18:18:45.891606,14,474ccba59d18cf70
1621914472726186,2026-09-08T18:18:45.891606,14,474ccba59d18cf70
1621917526059214,2026-09-08T18:18:45.891606,14,474ccba59d18cf70
1621933219390978,2026-09-08T18:18:45.891606,14,474ccba59d18cf70
1621938469390453,2026-09-08T18:18:45.891606,14,474ccba59d18cf70
1621938852723748,2026-09-08T18:18:45.891606,14,474ccba59d18cf70
1621942049390095,2026-09-08T18:18:45.891606,14,474ccba59d18cf70
1621942416056725,2026-09-08T18:18:45.891606,14,474ccba59d18cf70
1621944139389886,2026-09-08T18:18:45.891606,14,474ccba59d18cf70
1621951536055813,2026-09-08T18:18:45.891606,14,474ccba59d18cf70
1621956176055349,2026-09-08T18:18:45.891606,14,474ccba59d18cf70
1621962156054751,2026-09-08T18:18:45.891606,14,474ccba59d18cf70
1621964839387816,2026-09-08T18:18:45.891606,14,474ccba59d18cf70
1621975819386718,2026-09-08T18:18:45.891606,14,474ccba59d18cf70
1621977706053196,2026-09-08T18:18:45.891606,14,474ccba59d18cf70
1622034732714160,2026-09-08T18:18:45.891606,14,474ccba59d18cf70
1622040159380284,2026-09-08T18:18:45.891606,14,474ccba59d18cf70
1622040549380245,2026-09-08T18:18:45.891606,14,474ccba59d18cf70
1622041482713485,2026-09-08T18:18:45.891606,14,474ccba59d18cf70
1622046299379670,2026-09-08T18:18:45.891606,14,474ccba59d18cf70
1622059542711679,2026-09-08T18:18:45.891606,14,474ccba59d18cf70
1622060999378200,2026-09-08T18:18:45.891606,14,474ccba59d18cf70
1622179009366399,2026-09-08T18:18:45.891606,14,474ccba59d18cf70
1622342592683374,2026-09-08T18:18:45.891606,14,474ccba59d18cf70
1622354166015550,2026-09-08T18:18:45.891606,14,474ccba59d18cf70
1622363252681308,2026-09-08T18:18:45.891606,14,474ccba59d18cf70
1622376406013326,2026-09-08T18:18:45.891606,14,474ccba59d18cf70
1622379306013036,2026-09-08T18:18:45.891606,14,474ccba59d18cf70
1622402569344043,2026-09-08T18:18:45.891606,14,474ccba59d18cf70
1622407246010242,2026-09-08T18:18:45.891606,14,474ccba59d18cf70
1622423979341902,2026-09-08T18:18:45.891606,14,474ccba59d18cf70
1622475402670093,2026-09-08T18:18:45.891606,14,474ccba59d18cf70
1622478862669747,2026-09-08T18:18:45.891606,14,474ccba59d18cf70
1622480396002927,2026-09-08T18:18:45.891606,14,474ccba59d18cf70
1622501889334111,2026-09-08T18:18:45.891606,14,474ccba59d18cf70
1622530269331273,2026-09-08T18:18:45.891606,14,474ccba59d18cf70
1622565339327766,2026-09-08T18:18:45.891606,14,474ccba59d18cf70
1622591855991781,2026-09-08T18:18:45.891606,14,474ccba59d18cf70
1622627832654850,2026-09-08T18:18:45.891606,14,474ccba59d18cf70
1621917029392597,2026-09-08T18:18:45.891606,14,474ccba59d18cf70
2109210776346724,2026-09-08T18:18:45.891606,14,474ccba59d18cf70
2109212966346505,2026-09-08T18:18:45.891606,14,474ccba59d18cf70
2109244883009980,2026-09-08T18:18:45.891606,14,474ccba59d18cf70
2109246676343134,2026-09-08T18:18:45.891606,14,474ccba59d18cf70
2109257063008762,2026-09-08T18:18:45.891606,14,474ccba59d18cf70
2109297379671397,2026-09-08T18:18:45.891606,14,474ccba59d18cf70
2109310733003395,2026-09-08T18:18:45.891606,14,474ccba59d18cf70
2109368416330960,2026-09-08T18:18:45.891606,14,474ccba59d18cf70
2109383109662824,2026-09-08T18:18:45.891606,14,474ccba59d18cf70
2109653362969132,2026-09-08T18:18:45.891606,14,474ccba59d18cf70
2109716486296153,2026-09-08T18:18:45.891606,14,474ccba59d18cf70
2110621766205625,2026-09-08T18:18:45.891606,14,474ccba59d18cf70
2110642459536889,2026-09-08T18:18:45.891606,14,474ccba59d18cf70
2111147616153040,2026-09-08T18:18:45.891606,14,474ccba59d18cf70
2111302459470889,2026-09-08T18:18:45.891606,14,474ccba59d18cf70
2111407509460384,2026-09-08T18:18:45.891606,14,474ccba59d18cf70
2111699722764496,2026-09-08T18:18:45.891606,14,474ccba59d18cf70
2111799172754551,2026-09-08T18:18:45.891606,14,474ccba59d18cf70
2112276889373446,2026-09-08T18:18:45.891606,14,474ccba59d18cf70
2111048516162950,2026-09-08T18:18:45.891606,14,474ccba59d18cf70
2111051359495999,2026-09-08T18:18:45.891606,14,474ccba59d18cf70
2111051422829326,2026-09-08T18:18:45.891606,14,474ccba59d18cf70
2111052846162517,2026-09-08T18:18:45.891606,14,474ccba59d18cf70
2111054412829027,2026-09-08T18:18:45.891606,14,474ccba59d18cf70
2111095829491552,2026-09-08T18:18:45.891606,14,474ccba59d18cf70
2111328636134938,2026-09-08T18:18:45.891606,14,474ccba59d18cf70
2111395722794896,2026-09-08T18:18:45.891606,14,474ccba59d18cf70
2112353959365739,2026-09-08T18:18:45.891606,14,474ccba59d18cf70
2111344249466710,2026-09-08T18:18:45.891606,14,474ccba59d18cf70
2111348152799653,2026-09-08T18:18:45.891606,14,474ccba59d18cf70
2111354472799021,2026-09-08T18:18:45.891606,14,474ccba59d18cf70
2111355949465540,2026-09-08T18:18:45.891606,14,474ccba59d18cf70
2111356649465470,2026-09-08T18:18:45.891606,14,474ccba59d18cf70
2111422979458837,2026-09-08T18:18:45.891606,14,474ccba59d18cf70
2111425902791878,2026-09-08T18:18:45.891606,14,474ccba59d18cf70
2111504642784004,2026-09-08T18:18:45.891606,14,474ccba59d18cf70
2111520089449126,2026-09-08T18:18:45.891606,14,474ccba59d18cf70
2112236616044140,2026-09-08T18:18:45.891606,14,474ccba59d18cf70
1325144506155461,2026-09-08T18:18:45.891606,14,474ccba59d18cf70
1325154219487823,2026-09-08T18:18:45.891606,14,474ccba59d18cf70
1325175539485691,2026-09-08T18:18:45.891606,14,474ccba59d18cf70
1325183469484898,2026-09-08T18:18:45.891606,14,474ccba59d18cf70
1325367576133154,2026-09-08T18:18:45.891606,14,474ccba59d18cf70
1325370176132894,2026-09-08T18:18:45.891606,14,474ccba59d18cf70
1325372012799377,2026-09-08T18:18:45.891606,14,474ccba59d18cf70
1325372072799371,2026-09-08T18:18:45.891606,14,474ccba59d18cf70
1327111882625390,2026-09-08T18:18:45.891606,14,474ccba59d18cf70
1327116465958265,2026-09-08T18:18:45.891606,14,474ccba59d18cf70
1327139599289285,2026-09-08T18:18:45.891606,14,474ccba59d18cf70
1327140132622565,2026-09-08T18:18:45.891606,14,474ccba59d18cf70
1327140525955859,2026-09-08T18:18:45.891606,14,474ccba59d18cf70
1327141019289143,2026-09-08T18:18:45.891606,14,474ccba59d18cf70
1327176522618926,2026-09-08T18:18:45.891606,14,474ccba59d18cf70
1327197712616807,2026-09-08T18:18:45.891606,14,474ccba59d18cf70
1327455329257712,2026-09-08T18:18:45.891606,14,474ccba59d18cf70
1327475699255675,2026-09-08T18:18:45.891606,14,474ccba59d18cf70
1327475849255660,2026-09-08T18:18:45.891606,14,474ccba59d18cf70
1327621295907782,2026-09-08T18:18:45.891606,14,474ccba59d18cf70
1327621542574424,2026-09-08T18:18:45.891606,14,474ccba59d18cf70
1327624559240789,2026-09-08T18:18:45.891606,14,474ccba59d18cf70
1327917639211481,2026-09-08T18:18:45.891606,14,474ccba59d18cf70
1327623125907599,2026-09-08T18:18:45.891606,14,474ccba59d18cf70
1327634472573131,2026-09-08T18:18:45.891606,14,474ccba59d18cf70
1327635555906356,2026-09-08T18:18:45.891606,14,474ccba59d18cf70
1327637732572805,2026-09-08T18:18:45.891606,14,474ccba59d18cf70
1327656189237626,2026-09-08T18:18:45.891606,14,474ccba59d18cf70
1327710945898817,2026-09-08T18:18:45.891606,14,474ccba59d18cf70
1327715115898400,2026-09-08T18:18:45.891606,14,474ccba59d18cf70
1327633722573206,2026-09-08T18:18:45.891606,14,474ccba59d18cf70
1327638289239416,2026-09-08T18:18:45.891606,14,474ccba59d18cf70
1327642709238974,2026-09-08T18:18:45.891606,14,474ccba59d18cf70
1328392492497329,2026-09-08T18:18:45.891606,14,474ccba59d18cf70
1328014149201830,2026-09-08T18:18:45.891606,14,474ccba59d18cf70
1328017245868187,2026-09-08T18:18:45.891606,14,474ccba59d18cf70
1328258542510724,2026-09-08T18:18:45.891606,14,474ccba59d18cf70
1328283822508196,2026-09-08T18:18:45.891606,14,474ccba59d18cf70
1328290569174188,2026-09-08T18:18:45.891606,14,474ccba59d18cf70
1328189719184273,2026-09-08T18:18:45.891606,14,474ccba59d18cf70
1328196532516925,2026-09-08T18:18:45.891606,14,474ccba59d18cf70
1328231995846712,2026-09-08T18:18:45.891606,14,474ccba59d18cf70
1328237295846182,2026-09-08T18:18:45.891606,14,474ccba59d18cf70
1328238912512687,2026-09-08T18:18:45.891606,14,474ccba59d18cf70
1328244242512154,2026-09-08T18:18:45.891606,14,474ccba59d18cf70
1328253072511271,2026-09-08T18:18:45.891606,14,474ccba59d18cf70
1328256929177552,2026-09-08T18:18:45.891606,14,474ccba59d18cf70
1328477162488862,2026-09-08T18:18:45.891606,14,474ccba59d18cf70
1328478425822069,2026-09-08T18:18:45.891606,14,474ccba59d18cf70
1328478752488703,2026-09-08T18:18:45.891606,14,474ccba59d18cf70
1328479502488628,2026-09-08T18:18:45.891606,14,474ccba59d18cf70
1328480659155179,2026-09-08T18:18:45.891606,14,474ccba59d18cf70
1328379172498661,2026-09-08T18:18:45.891606,14,474ccba59d18cf70
28639969055615496,2026-09-08T18:18:45.891606,14,474ccba59d18cf70
28587384620873940,2026-09-08T18:18:45.891606,14,474ccba59d18cf70
28587388347540234,2026-09-08T18:18:45.891606,14,474ccba59d18cf70
28587608890851513,2026-09-08T18:18:45.891606,14,474ccba59d18cf70
28588178920794510,2026-09-08T18:18:45.891606,14,474ccba59d18cf70
28588523107426758,2026-09-08T18:18:45.891606,14,474ccba59d18cf70
28588122014133534,2026-09-08T18:18:45.891606,14,474ccba59d18cf70
28589272984018437,2026-09-08T18:18:45.891606,14,474ccba59d18cf70
28591229673822768,2026-09-08T18:18:45.891606,14,474ccba59d18cf70
28593614836917585,2026-09-08T18:18:45.891606,14,474ccba59d18cf70
28652603764352025,2026-09-08T18:18:45.891606,14,474ccba59d18cf70
28653943924218009,2026-09-08T18:18:45.891606,14,474ccba59d18cf70
28588419034103832,2026-09-08T18:18:45.891606,14,474ccba59d18cf70
28588426520769750,2026-09-08T18:18:45.891606,14,474ccba59d18cf70
28588427340769668,2026-09-08T18:18:45.891606,14,474ccba59d18cf70
28588469857432083,2026-09-08T18:18:45.891606,14,474ccba59d18cf70
28588502637428805,2026-09-08T18:18:45.891606,14,474ccba59d18cf70
28589041834041552,2026-09-08T18:18:45.891606,14,474ccba59d18cf70
28589140764031659,2026-09-08T18:18:45.891606,14,474ccba59d18cf70
28589401364005599,2026-09-08T18:18:45.891606,14,474ccba59d18cf70
28590050177274051,2026-09-08T18:18:45.891606,14,474ccba59d18cf70
28614964891449246,2026-09-08T18:18:45.891606,14,474ccba59d18cf70
28592103027068766,2026-09-08T18:18:45.891606,14,474ccba59d18cf70
28592128593732876,2026-09-08T18:18:45.891606,14,474ccba59d18cf70
28592158037063265,2026-09-08T18:18:45.891606,14,474ccba59d18cf70
28592292227049846,2026-09-08T18:18:45.891606,14,474ccba59d18cf70
28592294833716252,2026-09-08T18:18:45.891606,14,474ccba59d18cf70
28592386453707090,2026-09-08T18:18:45.891606,14,474ccba59d18cf70
28592587333687002,2026-09-08T18:18:45.891606,14,474ccba59d18cf70
28593002776978791,2026-09-08T18:18:45.891606,14,474ccba59d18cf70
28593393396939729,2026-09-08T18:18:45.891606,14,474ccba59d18cf70
28593879466891122,2026-09-08T18:18:45.891606,14,474ccba59d18cf70
28604354022510333,2026-09-08T18:18:45.891606,14,474ccba59d18cf70
28604457532499982,2026-09-08T18:18:45.891606,14,474ccba59d18cf70
28604927662452969,2026-09-08T18:18:45.891606,14,474ccba59d18cf70
28594145473531188,2026-09-08T18:18:45.891606,14,474ccba59d18cf70
28594148823530853,2026-09-08T18:18:45.891606,14,474ccba59d18cf70
28594152670197135,2026-09-08T18:18:45.891606,14,474ccba59d18cf70
28594158633529872,2026-09-08T18:18:45.891606,14,474ccba59d18cf70
28594175136861555,2026-09-08T18:18:45.891606,14,474ccba59d18cf70
28594181843527551,2026-09-08T18:18:45.891606,14,474ccba59d18cf70
28594183430194059,2026-09-08T18:18:45.891606,14,474ccba59d18cf70
28594187176860351,2026-09-08T18:18:45.891606,14,474ccba59d18cf70
28594192766859792,2026-09-08T18:18:45.891606,14,474ccba59d18cf70
28594198230192579,2026-09-08T18:18:45.891606,14,474ccba59d18cf70
28594202363525499,2026-09-08T18:18:45.891606,14,474ccba59d18cf70
28594217840190618,2026-09-08T18:18:45.891606,14,474ccba59d18cf70
28594220206857048,2026-09-08T18:18:45.891606,14,474ccba59d18cf70
28594224376856631,2026-09-08T18:18:45.891606,14,474ccba59d18cf70
28594224630189939,2026-09-08T18:18:45.891606,14,474ccba59d18cf70
28594238280188574,2026-09-08T18:18:45.891606,14,474ccba59d18cf70
28594273886851680,2026-09-08T18:18:45.891606,14,474ccba59d18cf70
28594287056850363,2026-09-08T18:18:45.891606,14,474ccba59d18cf70
28594290963516639,2026-09-08T18:18:45.891606,14,474ccba59d18cf70
28594291070183295,2026-09-08T18:18:45.891606,14,474ccba59d18cf70
28594325950179807,2026-09-08T18:18:45.891606,14,474ccba59d18cf70
28594343790178023,2026-09-08T18:18:45.891606,14,474ccba59d18cf70
28594378976841171,2026-09-08T18:18:45.891606,14,474ccba59d18cf70
28594498316829237,2026-09-08T18:18:45.891606,14,474ccba59d18cf70
28594534050158997,2026-09-08T18:18:45.891606,14,474ccba59d18cf70
28594625550149847,2026-09-08T18:18:45.891606,14,474ccba59d18cf70
28594700713475664,2026-09-08T18:18:45.891606,14,474ccba59d18cf70
28594904710121931,2026-09-08T18:18:45.891606,14,474ccba59d18cf70
28594973303448405,2026-09-08T18:18:45.891606,14,474ccba59d18cf70
28595069986772070,2026-09-08T18:18:45.891606,14,474ccba59d18cf70
28595191710093231,2026-09-08T18:18:45.891606,14,474ccba59d18cf70
28595302553415480,2026-09-08T18:18:45.891606,14,474ccba59d18cf70
28595368800075522,2026-09-08T18:18:45.891606,14,474ccba59d18cf70
28595605710051831,2026-09-08T18:18:45.891606,14,474ccba59d18cf70
28595907306688338,2026-09-08T18:18:45.891606,14,474ccba59d18cf70
28597783436500725,2026-09-08T18:18:45.891606,14,474ccba59d18cf70
28598719719740430,2026-09-08T18:18:45.891606,14,474ccba59d18cf70
28598838026395266,2026-09-08T18:18:45.891606,14,474ccba59d18cf70
28598908333054902,2026-09-08T18:18:45.891606,14,474ccba59d18cf70
28598968086382260,2026-09-08T18:18:45.891606,14,474ccba59d18cf70
28599038213041914,2026-09-08T18:18:45.891606,14,474ccba59d18cf70
28599094406369628,2026-09-08T18:18:45.891606,14,474ccba59d18cf70
28599605836318485,2026-09-08T18:18:45.891606,14,474ccba59d18cf70
28600010006278068,2026-09-08T18:18:45.891606,14,474ccba59d18cf70
28600954552850280,2026-09-08T18:18:45.891606,14,474ccba59d18cf70
28601169989495403,2026-09-08T18:18:45.891606,14,474ccba59d18cf70
28601253992820336,2026-09-08T18:18:45.891606,14,474ccba59d18cf70
28601276459484756,2026-09-08T18:18:45.891606,14,474ccba59d18cf70
28601277722817963,2026-09-08T18:18:45.891606,14,474ccba59d18cf70
28601355022810233,2026-09-08T18:18:45.891606,14,474ccba59d18cf70
28601513572794378,2026-09-08T18:18:45.891606,14,474ccba59d18cf70
28601794579432944,2026-09-08T18:18:45.891606,14,474ccba59d18cf70
28602122482733487,2026-09-08T18:18:45.891606,14,474ccba59d18cf70
28603212662624469,2026-09-08T18:18:45.891606,14,474ccba59d18cf70
28604222049190197,2026-09-08T18:18:45.891606,14,474ccba59d18cf70
28605210082424727,2026-09-08T18:18:45.891606,14,474ccba59d18cf70
28605947489017653,2026-09-08T18:18:45.891606,14,474ccba59d18cf70
28612066101739125,2026-09-08T18:18:45.891606,14,474ccba59d18cf70
28617566984522370,2026-09-08T18:18:45.891606,14,474ccba59d18cf70
28618025834476485,2026-09-08T18:18:45.891606,14,474ccba59d18cf70
28619921600953575,2026-09-08T18:18:45.891606,14,474ccba59d18cf70
28631037519841983,2026-09-08T18:18:45.891606,14,474ccba59d18cf70
28631750439770691,2026-09-08T18:18:45.891606,14,474ccba59d18cf70
28653817227564012,2026-09-08T18:18:45.891606,14,474ccba59d18cf70
28594313270181075,2026-09-08T18:18:45.891606,14,474ccba59d18cf70
28594315766847492,2026-09-08T18:18:45.891606,14,474ccba59d18cf70
28594319276847141,2026-09-08T18:18:45.891606,14,474ccba59d18cf70
28594323730180029,2026-09-08T18:18:45.891606,14,474ccba59d18cf70
28594329093512826,2026-09-08T18:18:45.891606,14,474ccba59d18cf70
28594335346845534,2026-09-08T18:18:45.891606,14,474ccba59d18cf70
28594344323511303,2026-09-08T18:18:45.891606,14,474ccba59d18cf70
28594393970173005,2026-09-08T18:18:45.891606,14,474ccba59d18cf70
28594479630164439,2026-09-08T18:18:45.891606,14,474ccba59d18cf70
28594514250160977,2026-09-08T18:18:45.891606,14,474ccba59d18cf70
28594527580159644,2026-09-08T18:18:45.891606,14,474ccba59d18cf70
28594541586824910,2026-09-08T18:18:45.891606,14,474ccba59d18cf70
28594587336820335,2026-09-08T18:18:45.891606,14,474ccba59d18cf70
28594750846803984,2026-09-08T18:18:45.891606,14,474ccba59d18cf70
28594898863455849,2026-09-08T18:18:45.891606,14,474ccba59d18cf70
28594969630115439,2026-09-08T18:18:45.891606,14,474ccba59d18cf70
28595013523444383,2026-09-08T18:18:45.891606,14,474ccba59d18cf70
28595040230108379,2026-09-08T18:18:45.891606,14,474ccba59d18cf70
28595059950106407,2026-09-08T18:18:45.891606,14,474ccba59d18cf70
28595099373435798,2026-09-08T18:18:45.891606,14,474ccba59d18cf70
28595161310096271,2026-09-08T18:18:45.891606,14,474ccba59d18cf70
28595202270092175,2026-09-08T18:18:45.891606,14,474ccba59d18cf70
28595321886746880,2026-09-08T18:18:45.891606,14,474ccba59d18cf70
28598841786394890,2026-09-08T18:18:45.891606,14,474ccba59d18cf70
28598911989721203,2026-09-08T18:18:45.891606,14,474ccba59d18cf70
28601696949442707,2026-09-08T18:18:45.891606,14,474ccba59d18cf70
28601709436108125,2026-09-08T18:18:45.891606,14,474ccba59d18cf70
28602203399392062,2026-09-08T18:18:45.891606,14,474ccba59d18cf70
28602291219383280,2026-09-08T18:18:45.891606,14,474ccba59d18cf70
28605862285692840,2026-09-08T18:18:45.891606,14,474ccba59d18cf70
28619702814308787,2026-09-08T18:18:45.891606,14,474ccba59d18cf70
28627971866815215,2026-09-08T18:18:45.891606,14,474ccba59d18cf70
28600820066197062,2026-09-08T18:18:45.891606,14,474ccba59d18cf70
28600821749530227,2026-09-08T18:18:45.891606,14,474ccba59d18cf70
28600824089529993,2026-09-08T18:18:45.891606,14,474ccba59d18cf70
28600824606196608,2026-09-08T18:18:45.891606,14,474ccba59d18cf70
28600826499529752,2026-09-08T18:18:45.891606,14,474ccba59d18cf70
28600828569529545,2026-09-08T18:18:45.891606,14,474ccba59d18cf70
28600829182862817,2026-09-08T18:18:45.891606,14,474ccba59d18cf70
28600617386217330,2026-09-08T18:18:45.891606,14,474ccba59d18cf70
28600629882882747,2026-09-08T18:18:45.891606,14,474ccba59d18cf70
28600647376214331,2026-09-08T18:18:45.891606,14,474ccba59d18cf70
28600683726210696,2026-09-08T18:18:45.891606,14,474ccba59d18cf70
28600686329543769,2026-09-08T18:18:45.891606,14,474ccba59d18cf70
28600757399536662,2026-09-08T18:18:45.891606,14,474ccba59d18cf70
28600854369526965,2026-09-08T18:18:45.891606,14,474ccba59d18cf70
28601075816171487,2026-09-08T18:18:45.891606,14,474ccba59d18cf70
28601540312791704,2026-09-08T18:18:45.891606,14,474ccba59d18cf70
28601561022789633,2026-09-08T18:18:45.891606,14,474ccba59d18cf70
28601815109430891,2026-09-08T18:18:45.891606,14,474ccba59d18cf70
28601939716085097,2026-09-08T18:18:45.891606,14,474ccba59d18cf70
28601954252750310,2026-09-08T18:18:45.891606,14,474ccba59d18cf70
28602081226070946,2026-09-08T18:18:45.891606,14,474ccba59d18cf70
28602266942719041,2026-09-08T18:18:45.891606,14,474ccba59d18cf70
28602431599369242,2026-09-08T18:18:45.891606,14,474ccba59d18cf70
28602675782678157,2026-09-08T18:18:45.891606,14,474ccba59d18cf70
28603120599300342,2026-09-08T18:18:45.891606,14,474ccba59d18cf70
28603986862547049,2026-09-08T18:18:45.891606,14,474ccba59d18cf70
28604084809203921,2026-09-08T18:18:45.891606,14,474ccba59d18cf70
28604270469185355,2026-09-08T18:18:45.891606,14,474ccba59d18cf70
28604308675848201,2026-09-08T18:18:45.891606,14,474ccba59d18cf70
28604401349172267,2026-09-08T18:18:45.891606,14,474ccba59d18cf70
28614584178153984,2026-09-08T18:18:45.891606,14,474ccba59d18cf70
28601007612844974,2026-09-08T18:18:45.891606,14,474ccba59d18cf70
28601017882843947,2026-09-08T18:18:45.891606,14,474ccba59d18cf70
28601326329479769,2026-09-08T18:18:45.891606,14,474ccba59d18cf70
28601327206146348,2026-09-08T18:18:45.891606,14,474ccba59d18cf70
28603153235963745,2026-09-08T18:18:45.891606,14,474ccba59d18cf70
28603279515951117,2026-09-08T18:18:45.891606,14,474ccba59d18cf70
28603444245934644,2026-09-08T18:18:45.891606,14,474ccba59d18cf70
28603754019237000,2026-09-08T18:18:45.891606,14,474ccba59d18cf70
28604342652511470,2026-09-08T18:18:45.891606,14,474ccba59d18cf70
28604480185831050,2026-09-08T18:18:45.891606,14,474ccba59d18cf70
28604587065820362,2026-09-08T18:18:45.891606,14,474ccba59d18cf70
28606131102332625,2026-09-08T18:18:45.891606,14,474ccba59d18cf70
28610773958535006,2026-09-08T18:18:45.891606,14,474ccba59d18cf70
28615266141419121,2026-09-08T18:18:45.891606,14,474ccba59d18cf70
28643731685239233,2026-09-08T18:18:45.891606,14,474ccba59d18cf70
28609338568678545,2026-09-08T18:18:45.891606,14,474ccba59d18cf70
28620262820919453,2026-09-08T18:18:45.891606,14,474ccba59d18cf70
28616882947924107,2026-09-08T18:18:45.891606,14,474ccba59d18cf70
28627993056813096,2026-09-08T18:18:45.891606,14,474ccba59d18cf70
28617567901188945,2026-09-08T18:18:45.891606,14,474ccba59d18cf70
28608526605426408,2026-09-08T18:18:45.891606,14,474ccba59d18cf70
28608900075389061,2026-09-08T18:18:45.891606,14,474ccba59d18cf70
28608967758715626,2026-09-08T18:18:45.891606,14,474ccba59d18cf70
28614024494876619,2026-09-08T18:18:45.891606,14,474ccba59d18cf70
28615939818018420,2026-09-08T18:18:45.891606,14,474ccba59d18cf70
28617565764522492,2026-09-08T18:18:45.891606,14,474ccba59d18cf70
28616285404650528,2026-09-08T18:18:45.891606,14,474ccba59d18cf70
28616316351314100,2026-09-08T18:18:45.891606,14,474ccba59d18cf70
28617564394522629,2026-09-08T18:18:45.891606,14,474ccba59d18cf70
28619378444341224,2026-09-08T18:18:45.891606,14,474ccba59d18cf70
28619381204340948,2026-09-08T18:18:45.891606,14,474ccba59d18cf70
28619386247673777,2026-09-08T18:18:45.891606,14,474ccba59d18cf70
28619386611007074,2026-09-08T18:18:45.891606,14,474ccba59d18cf70
28619386907673711,2026-09-08T18:18:45.891606,14,474ccba59d18cf70
28619391197673282,2026-09-08T18:18:45.891606,14,474ccba59d18cf70
28619392114339857,2026-09-08T18:18:45.891606,14,474ccba59d18cf70
28619394681006267,2026-09-08T18:18:45.891606,14,474ccba59d18cf70
28619397147672687,2026-09-08T18:18:45.891606,14,474ccba59d18cf70
28619405694338499,2026-09-08T18:18:45.891606,14,474ccba59d18cf70
28619416561004079,2026-09-08T18:18:45.891606,14,474ccba59d18cf70
28619417444337324,2026-09-08T18:18:45.891606,14,474ccba59d18cf70
28619423781003357,2026-09-08T18:18:45.891606,14,474ccba59d18cf70
28619438411001894,2026-09-08T18:18:45.891606,14,474ccba59d18cf70
28619443167668085,2026-09-08T18:18:45.891606,14,474ccba59d18cf70
28619448161000919,2026-09-08T18:18:45.891606,14,474ccba59d18cf70
28619451074333961,2026-09-08T18:18:45.891606,14,474ccba59d18cf70
28619454084333660,2026-09-08T18:18:45.891606,14,474ccba59d18cf70
28619463374332731,2026-09-08T18:18:45.891606,14,474ccba59d18cf70
28619468240998911,2026-09-08T18:18:45.891606,14,474ccba59d18cf70
28619469400998795,2026-09-08T18:18:45.891606,14,474ccba59d18cf70
28619471090998626,2026-09-08T18:18:45.891606,14,474ccba59d18cf70
28619476174331451,2026-09-08T18:18:45.891606,14,474ccba59d18cf70
28619484024330666,2026-09-08T18:18:45.891606,14,474ccba59d18cf70
28619489617663440,2026-09-08T18:18:45.891606,14,474ccba59d18cf70
28619505174328551,2026-09-08T18:18:45.891606,14,474ccba59d18cf70
28619508510994884,2026-09-08T18:18:45.891606,14,474ccba59d18cf70
28619510440994691,2026-09-08T18:18:45.891606,14,474ccba59d18cf70
28619518454327223,2026-09-08T18:18:45.891606,14,474ccba59d18cf70
28619526510993084,2026-09-08T18:18:45.891606,14,474ccba59d18cf70
28619527934326275,2026-09-08T18:18:45.891606,14,474ccba59d18cf70
28619542194324849,2026-09-08T18:18:45.891606,14,474ccba59d18cf70
28619545907657811,2026-09-08T18:18:45.891606,14,474ccba59d18cf70
28619576534321415,2026-09-08T18:18:45.891606,14,474ccba59d18cf70
28619599414319127,2026-09-08T18:18:45.891606,14,474ccba59d18cf70
28619623700983365,2026-09-08T18:18:45.891606,14,474ccba59d18cf70
28619650934313975,2026-09-08T18:18:45.891606,14,474ccba59d18cf70
28619709840974751,2026-09-08T18:18:45.891606,14,474ccba59d18cf70
28619722544306814,2026-09-08T18:18:45.891606,14,474ccba59d18cf70
28619734284305640,2026-09-08T18:18:45.891606,14,474ccba59d18cf70
28619848800960855,2026-09-08T18:18:45.891606,14,474ccba59d18cf70
28619878260957909,2026-09-08T18:18:45.891606,14,474ccba59d18cf70
28619882240957511,2026-09-08T18:18:45.891606,14,474ccba59d18cf70
28620066494272419,2026-09-08T18:18:45.891606,14,474ccba59d18cf70
28620149427597459,2026-09-08T18:18:45.891606,14,474ccba59d18cf70
28620256014253467,2026-09-08T18:18:45.891606,14,474ccba59d18cf70
28620260637586338,2026-09-08T18:18:45.891606,14,474ccba59d18cf70
28620270024252066,2026-09-08T18:18:45.891606,14,474ccba59d18cf70
28620320477580354,2026-09-08T18:18:45.891606,14,474ccba59d18cf70
28620349374244131,2026-09-08T18:18:45.891606,14,474ccba59d18cf70
28620551370890598,2026-09-08T18:18:45.891606,14,474ccba59d18cf70
28620662240879511,2026-09-08T18:18:45.891606,14,474ccba59d18cf70
28620909907521411,2026-09-08T18:18:45.891606,14,474ccba59d18cf70
28621015644177504,2026-09-08T18:18:45.891606,14,474ccba59d18cf70
28621085390837196,2026-09-08T18:18:45.891606,14,474ccba59d18cf70
28621185350827200,2026-09-08T18:18:45.891606,14,474ccba59d18cf70
28621283837484018,2026-09-08T18:18:45.891606,14,474ccba59d18cf70
28621543964124672,2026-09-08T18:18:45.891606,14,474ccba59d18cf70
28626044240341311,2026-09-08T18:18:45.891606,14,474ccba59d18cf70
28626726826939719,2026-09-08T18:18:45.891606,14,474ccba59d18cf70
28629342663344802,2026-09-08T18:18:45.891606,14,474ccba59d18cf70
28626465350299200,2026-09-08T18:18:45.891606,14,474ccba59d18cf70
28626478263631242,2026-09-08T18:18:45.891606,14,474ccba59d18cf70
28626480580297677,2026-09-08T18:18:45.891606,14,474ccba59d18cf70
28626481480297587,2026-09-08T18:18:45.891606,14,474ccba59d18cf70
28626489556963446,2026-09-08T18:18:45.891606,14,474ccba59d18cf70
28626492966963105,2026-09-08T18:18:45.891606,14,474ccba59d18cf70
28626493583629710,2026-09-08T18:18:45.891606,14,474ccba59d18cf70
28626498536962548,2026-09-08T18:18:45.891606,14,474ccba59d18cf70
28626596816952720,2026-09-08T18:18:45.891606,14,474ccba59d18cf70
28626603543618714,2026-09-08T18:18:45.891606,14,474ccba59d18cf70
28626612443617824,2026-09-08T18:18:45.891606,14,474ccba59d18cf70
28626616336950768,2026-09-08T18:18:45.891606,14,474ccba59d18cf70
28626746470271088,2026-09-08T18:18:45.891606,14,474ccba59d18cf70
28626953086917093,2026-09-08T18:18:45.891606,14,474ccba59d18cf70
28628017946810607,2026-09-08T18:18:45.891606,14,474ccba59d18cf70
28628446930101042,2026-09-08T18:18:45.891606,14,474ccba59d18cf70
28655960277349707,2026-09-08T18:18:45.891606,14,474ccba59d18cf70
28629681336644268,2026-09-08T18:18:45.891606,14,474ccba59d18cf70
28629903859955349,2026-09-08T18:18:45.891606,14,474ccba59d18cf70
28630085249937210,2026-09-08T18:18:45.891606,14,474ccba59d18cf70
28630180989927636,2026-09-08T18:18:45.891606,14,474ccba59d18cf70
28630182859927449,2026-09-08T18:18:45.891606,14,474ccba59d18cf70
28630217549923980,2026-09-08T18:18:45.891606,14,474ccba59d18cf70
28630228759922859,2026-09-08T18:18:45.891606,14,474ccba59d18cf70
28630240179921717,2026-09-08T18:18:45.891606,14,474ccba59d18cf70
28630685023210566,2026-09-08T18:18:45.891606,14,474ccba59d18cf70
28631119503167118,2026-09-08T18:18:45.891606,14,474ccba59d18cf70
28631369036475498,2026-09-08T18:18:45.891606,14,474ccba59d18cf70
28631646356447766,2026-09-08T18:18:45.891606,14,474ccba59d18cf70
28638002242478844,2026-09-08T18:18:45.891606,14,474ccba59d18cf70
28638470659098669,2026-09-08T18:18:45.891606,14,474ccba59d18cf70
28639078045704597,2026-09-08T18:18:45.891606,14,474ccba59d18cf70
28640766382202430,2026-09-08T18:18:45.891606,14,474ccba59d18cf70
28643555131923555,2026-09-08T18:18:45.891606,14,474ccba59d18cf70
28644729341806134,2026-09-08T18:18:45.891606,14,474ccba59d18cf70
28646496954962706,2026-09-08T18:18:45.891606,14,474ccba59d18cf70
28646500431629025,2026-09-08T18:18:45.891606,14,474ccba59d18cf70
28651143287831406,2026-09-08T18:18:45.891606,14,474ccba59d18cf70
28651695781109490,2026-09-08T18:18:45.891606,14,474ccba59d18cf70
28643693758576359,2026-09-08T18:18:45.891606,14,474ccba59d18cf70
1747477366459587,2026-09-08T18:18:45.891606,14,474ccba59d18cf70
1748462636361060,2026-09-08T18:18:45.891606,14,474ccba59d18cf70
1747478223126168,2026-09-08T18:18:45.891606,14,474ccba59d18cf70
1748461213027869,2026-09-08T18:18:45.891606,14,474ccba59d18cf70
1747421579798499,2026-09-08T18:18:45.891606,14,474ccba59d18cf70
1747452906462033,2026-09-08T18:18:45.891606,14,474ccba59d18cf70
1747467603127230,2026-09-08T18:18:45.891606,14,474ccba59d18cf70
1745988769941780,2026-09-08T18:18:45.891606,14,474ccba59d18cf70
1746001209940536,2026-09-08T18:18:45.891606,14,474ccba59d18cf70
1746019153272075,2026-09-08T18:18:45.891606,14,474ccba59d18cf70
1746055156601808,2026-09-08T18:18:45.891606,14,474ccba59d18cf70
1746062653267725,2026-09-08T18:18:45.891606,14,474ccba59d18cf70
1746072939933363,2026-09-08T18:18:45.891606,14,474ccba59d18cf70
1746090319931625,2026-09-08T18:18:45.891606,14,474ccba59d18cf70
1746197359920921,2026-09-08T18:18:45.891606,14,474ccba59d18cf70
1746451583228832,2026-09-08T18:18:45.891606,14,474ccba59d18cf70
1746656536541670,2026-09-08T18:18:45.891606,14,474ccba59d18cf70
1748227613051229,2026-09-08T18:18:45.891606,14,474ccba59d18cf70
1747473663126624,2026-09-08T18:18:45.891606,14,474ccba59d18cf70
1748465283027462,2026-09-08T18:18:45.891606,14,474ccba59d18cf70
1749230216284302,2026-09-08T18:18:45.891606,14,474ccba59d18cf70
1747510456456278,2026-09-08T18:18:45.891606,14,474ccba59d18cf70
1747549693119021,2026-09-08T18:18:45.891606,14,474ccba59d18cf70
1747474583126532,2026-09-08T18:18:45.891606,14,474ccba59d18cf70
1747494886457835,2026-09-08T18:18:45.891606,14,474ccba59d18cf70
1747516096455714,2026-09-08T18:18:45.891606,14,474ccba59d18cf70
1748218783052112,2026-09-08T18:18:45.891606,14,474ccba59d18cf70
1748464306360893,2026-09-08T18:18:45.891606,14,474ccba59d18cf70
1748494896357834,2026-09-08T18:18:45.891606,14,474ccba59d18cf70
1747472049793452,2026-09-08T18:18:45.891606,14,474ccba59d18cf70
1747471083126882,2026-09-08T18:18:45.891606,14,474ccba59d18cf70
1747495639791093,2026-09-08T18:18:45.891606,14,474ccba59d18cf70
1748458729694784,2026-09-08T18:18:45.891606,14,474ccba59d18cf70
1749823372891653,2026-09-08T18:18:45.891606,14,474ccba59d18cf70
1750055696201754,2026-09-08T18:18:45.891606,14,474ccba59d18cf70
1747457466461577,2026-09-08T18:18:45.891606,14,474ccba59d18cf70
1747458563128134,2026-09-08T18:18:45.891606,14,474ccba59d18cf70
1747458636461460,2026-09-08T18:18:45.891606,14,474ccba59d18cf70
1747458999794757,2026-09-08T18:18:45.891606,14,474ccba59d18cf70
1747479829792674,2026-09-08T18:18:45.891606,14,474ccba59d18cf70
1748380866369237,2026-09-08T18:18:45.891606,14,474ccba59d18cf70
1747416536465670,2026-09-08T18:18:45.891606,14,474ccba59d18cf70
1747469756460348,2026-09-08T18:18:45.891606,14,474ccba59d18cf70
1748458376361486,2026-09-08T18:18:45.891606,14,474ccba59d18cf70
1748527853021205,2026-09-08T18:18:45.891606,14,474ccba59d18cf70
1747409426466381,2026-09-08T18:18:45.891606,14,474ccba59d18cf70
1747423543131636,2026-09-08T18:18:45.891606,14,474ccba59d18cf70
1747426906464633,2026-09-08T18:18:45.891606,14,474ccba59d18cf70
1747452463128744,2026-09-08T18:18:45.891606,14,474ccba59d18cf70
1747458499794807,2026-09-08T18:18:45.891606,14,474ccba59d18cf70
1748231179717539,2026-09-08T18:18:45.891606,14,474ccba59d18cf70
1748343696372954,2026-09-08T18:18:45.891606,14,474ccba59d18cf70
1748369036370420,2026-09-08T18:18:45.891606,14,474ccba59d18cf70
1748455266361797,2026-09-08T18:18:45.891606,14,474ccba59d18cf70
1747407966466527,2026-09-08T18:18:45.891606,14,474ccba59d18cf70
1747470693126921,2026-09-08T18:18:45.891606,14,474ccba59d18cf70
1747496479791009,2026-09-08T18:18:45.891606,14,474ccba59d18cf70
1747497376457586,2026-09-08T18:18:45.891606,14,474ccba59d18cf70
1747505329790124,2026-09-08T18:18:45.891606,14,474ccba59d18cf70
1747608099779847,2026-09-08T18:18:45.891606,14,474ccba59d18cf70
1747821669758490,2026-09-08T18:18:45.891606,14,474ccba59d18cf70
1748456963028294,2026-09-08T18:18:45.891606,14,474ccba59d18cf70
1748527976354526,2026-09-08T18:18:45.891606,14,474ccba59d18cf70
1748332466374077,2026-09-08T18:18:45.891606,14,474ccba59d18cf70
1747406323133358,2026-09-08T18:18:45.891606,14,474ccba59d18cf70
1747427879797869,2026-09-08T18:18:45.891606,14,474ccba59d18cf70
1747457399794917,2026-09-08T18:18:45.891606,14,474ccba59d18cf70
1747466336460690,2026-09-08T18:18:45.891606,14,474ccba59d18cf70
1749682546239069,2026-09-08T18:18:45.891606,14,474ccba59d18cf70
1749687422905248,2026-09-08T18:18:45.891606,14,474ccba59d18cf70
1749768796230444,2026-09-08T18:18:45.891606,14,474ccba59d18cf70
1749809346226389,2026-09-08T18:18:45.891606,14,474ccba59d18cf70
1750321606175163,2026-09-08T18:18:45.891606,14,474ccba59d18cf70
1747411579799499,2026-09-08T18:18:45.891606,14,474ccba59d18cf70
1748233949717262,2026-09-08T18:18:45.891606,14,474ccba59d18cf70
1747425683131422,2026-09-08T18:18:45.891606,14,474ccba59d18cf70
1747428273131163,2026-09-08T18:18:45.891606,14,474ccba59d18cf70
1747429479797709,2026-09-08T18:18:45.891606,14,474ccba59d18cf70
1747450203128970,2026-09-08T18:18:45.891606,14,474ccba59d18cf70
1747453493128641,2026-09-08T18:18:45.891606,14,474ccba59d18cf70
1747457813128209,2026-09-08T18:18:45.891606,14,474ccba59d18cf70
1748214283052562,2026-09-08T18:18:45.891606,14,474ccba59d18cf70
1748220623051928,2026-09-08T18:18:45.891606,14,474ccba59d18cf70
1748453909695266,2026-09-08T18:18:45.891606,14,474ccba59d18cf70
1747375323136458,2026-09-08T18:18:45.891606,14,474ccba59d18cf70
1747425173131473,2026-09-08T18:18:45.891606,14,474ccba59d18cf70
1747455949795062,2026-09-08T18:18:45.891606,14,474ccba59d18cf70
1747594326447891,2026-09-08T18:18:45.891606,14,474ccba59d18cf70
1748226193051371,2026-09-08T18:18:45.891606,14,474ccba59d18cf70
1748232496384074,2026-09-08T18:18:45.891606,14,474ccba59d18cf70
1748630183010972,2026-09-08T18:18:45.891606,14,474ccba59d18cf70
1748675029673154,2026-09-08T18:18:45.891606,14,474ccba59d18cf70
1748675296339794,2026-09-08T18:18:45.891606,14,474ccba59d18cf70
1748675563006434,2026-09-08T18:18:45.891606,14,474ccba59d18cf70
1748675709673086,2026-09-08T18:18:45.891606,14,474ccba59d18cf70
1747378299802827,2026-09-08T18:18:45.891606,14,474ccba59d18cf70
1747391619801495,2026-09-08T18:18:45.891606,14,474ccba59d18cf70
1750378136169510,2026-09-08T18:18:45.891606,14,474ccba59d18cf70
1750394092834581,2026-09-08T18:18:45.891606,14,474ccba59d18cf70
1747422029798454,2026-09-08T18:18:45.891606,14,474ccba59d18cf70
1747498623124128,2026-09-08T18:18:45.891606,14,474ccba59d18cf70
1747586106448713,2026-09-08T18:18:45.891606,14,474ccba59d18cf70
1748452023028788,2026-09-08T18:18:45.891606,14,474ccba59d18cf70
1749202596287064,2026-09-08T18:18:45.891606,14,474ccba59d18cf70
1747292623144728,2026-09-08T18:18:45.891606,14,474ccba59d18cf70
1747295873144403,2026-09-08T18:18:45.891606,14,474ccba59d18cf70
1747313506475973,2026-09-08T18:18:45.891606,14,474ccba59d18cf70
1747333303140660,2026-09-08T18:18:45.891606,14,474ccba59d18cf70
1747380849802572,2026-09-08T18:18:45.891606,14,474ccba59d18cf70
1747389039801753,2026-09-08T18:18:45.891606,14,474ccba59d18cf70
1747415773132413,2026-09-08T18:18:45.891606,14,474ccba59d18cf70
1747428566464467,2026-09-08T18:18:45.891606,14,474ccba59d18cf70
1748242459716411,2026-09-08T18:18:45.891606,14,474ccba59d18cf70
1747383643135626,2026-09-08T18:18:45.891606,14,474ccba59d18cf70
1747394309801226,2026-09-08T18:18:45.891606,14,474ccba59d18cf70
1747496906457633,2026-09-08T18:18:45.891606,14,474ccba59d18cf70
1747524459788211,2026-09-08T18:18:45.891606,14,474ccba59d18cf70
1747552509785406,2026-09-08T18:18:45.891606,14,474ccba59d18cf70
1747652599775397,2026-09-08T18:18:45.891606,14,474ccba59d18cf70
1748473056360018,2026-09-08T18:18:45.891606,14,474ccba59d18cf70
1748551433018847,2026-09-08T18:18:45.891606,14,474ccba59d18cf70
1748555486351775,2026-09-08T18:18:45.891606,14,474ccba59d18cf70
1749451052928885,2026-09-08T18:18:45.891606,14,474ccba59d18cf70
1747374259803231,2026-09-08T18:18:45.891606,14,474ccba59d18cf70
1747395609801096,2026-09-08T18:18:45.891606,14,474ccba59d18cf70
1747404059800251,2026-09-08T18:18:45.891606,14,474ccba59d18cf70
1747311669809490,2026-09-08T18:18:45.891606,14,474ccba59d18cf70
1747460306461293,2026-09-08T18:18:45.891606,14,474ccba59d18cf70
1747545546452769,2026-09-08T18:18:45.891606,14,474ccba59d18cf70
1747546703119320,2026-09-08T18:18:45.891606,14,474ccba59d18cf70
1747546953119295,2026-09-08T18:18:45.891606,14,474ccba59d18cf70
1747291776478146,2026-09-08T18:18:45.891606,14,474ccba59d18cf70
1747294373144553,2026-09-08T18:18:45.891606,14,474ccba59d18cf70
1747295323144458,2026-09-08T18:18:45.891606,14,474ccba59d18cf70
1747295553144435,2026-09-08T18:18:45.891606,14,474ccba59d18cf70
1747296856477638,2026-09-08T18:18:45.891606,14,474ccba59d18cf70
1747299236477400,2026-09-08T18:18:45.891606,14,474ccba59d18cf70
1747302436477080,2026-09-08T18:18:45.891606,14,474ccba59d18cf70
1747302446477079,2026-09-08T18:18:45.891606,14,474ccba59d18cf70
1747302579810399,2026-09-08T18:18:45.891606,14,474ccba59d18cf70
1747303139810343,2026-09-08T18:18:45.891606,14,474ccba59d18cf70
1747304009810256,2026-09-08T18:18:45.891606,14,474ccba59d18cf70
1747304099810247,2026-09-08T18:18:45.891606,14,474ccba59d18cf70
1747304859810171,2026-09-08T18:18:45.891606,14,474ccba59d18cf70
1747305713143419,2026-09-08T18:18:45.891606,14,474ccba59d18cf70
1747308689809788,2026-09-08T18:18:45.891606,14,474ccba59d18cf70
1747308726476451,2026-09-08T18:18:45.891606,14,474ccba59d18cf70
1747308836476440,2026-09-08T18:18:45.891606,14,474ccba59d18cf70
1747308869809770,2026-09-08T18:18:45.891606,14,474ccba59d18cf70
1747309289809728,2026-09-08T18:18:45.891606,14,474ccba59d18cf70
1747309733143017,2026-09-08T18:18:45.891606,14,474ccba59d18cf70
1747317543142236,2026-09-08T18:18:45.891606,14,474ccba59d18cf70
1747317573142233,2026-09-08T18:18:45.891606,14,474ccba59d18cf70
1747317709808886,2026-09-08T18:18:45.891606,14,474ccba59d18cf70
1747320359808621,2026-09-08T18:18:45.891606,14,474ccba59d18cf70
1747320853141905,2026-09-08T18:18:45.891606,14,474ccba59d18cf70
1747323486474975,2026-09-08T18:18:45.891606,14,474ccba59d18cf70
1747325973141393,2026-09-08T18:18:45.891606,14,474ccba59d18cf70
1747326449808012,2026-09-08T18:18:45.891606,14,474ccba59d18cf70
1747329726474351,2026-09-08T18:18:45.891606,14,474ccba59d18cf70
1747331219807535,2026-09-08T18:18:45.891606,14,474ccba59d18cf70
1747334989807158,2026-09-08T18:18:45.891606,14,474ccba59d18cf70
1747335906473733,2026-09-08T18:18:45.891606,14,474ccba59d18cf70
1747340036473320,2026-09-08T18:18:45.891606,14,474ccba59d18cf70
1747348183139172,2026-09-08T18:18:45.891606,14,474ccba59d18cf70
1747349243139066,2026-09-08T18:18:45.891606,14,474ccba59d18cf70
1747357219804935,2026-09-08T18:18:45.891606,14,474ccba59d18cf70
1747358736471450,2026-09-08T18:18:45.891606,14,474ccba59d18cf70
1747364773137513,2026-09-08T18:18:45.891606,14,474ccba59d18cf70
1747369249803732,2026-09-08T18:18:45.891606,14,474ccba59d18cf70
1747370566470267,2026-09-08T18:18:45.891606,14,474ccba59d18cf70
1747371746470149,2026-09-08T18:18:45.891606,14,474ccba59d18cf70
1747375756469748,2026-09-08T18:18:45.891606,14,474ccba59d18cf70
1747376779802979,2026-09-08T18:18:45.891606,14,474ccba59d18cf70
1747389226468401,2026-09-08T18:18:45.891606,14,474ccba59d18cf70
1747426673131323,2026-09-08T18:18:45.891606,14,474ccba59d18cf70
1747436339797023,2026-09-08T18:18:45.891606,14,474ccba59d18cf70
1747442409796416,2026-09-08T18:18:45.891606,14,474ccba59d18cf70
1747444319796225,2026-09-08T18:18:45.891606,14,474ccba59d18cf70
1747445659796091,2026-09-08T18:18:45.891606,14,474ccba59d18cf70
1747462839794373,2026-09-08T18:18:45.891606,14,474ccba59d18cf70
1747577389782918,2026-09-08T18:18:45.891606,14,474ccba59d18cf70
1747579503116040,2026-09-08T18:18:45.891606,14,474ccba59d18cf70
1747588886448435,2026-09-08T18:18:45.891606,14,474ccba59d18cf70
1747622406445083,2026-09-08T18:18:45.891606,14,474ccba59d18cf70
1747811206426203,2026-09-08T18:18:45.891606,14,474ccba59d18cf70
1747893013084689,2026-09-08T18:18:45.891606,14,474ccba59d18cf70
1748026076404716,2026-09-08T18:18:45.891606,14,474ccba59d18cf70
1748196713054319,2026-09-08T18:18:45.891606,14,474ccba59d18cf70
1748447853029205,2026-09-08T18:18:45.891606,14,474ccba59d18cf70
1749225002951490,2026-09-08T18:18:45.891606,14,474ccba59d18cf70
1751606752713315,2026-09-08T18:18:45.891606,14,474ccba59d18cf70
1747293453144645,2026-09-08T18:18:45.891606,14,474ccba59d18cf70
1747299516477372,2026-09-08T18:18:45.891606,14,474ccba59d18cf70
1747300919810565,2026-09-08T18:18:45.891606,14,474ccba59d18cf70
1747303069810350,2026-09-08T18:18:45.891606,14,474ccba59d18cf70
1747309166476407,2026-09-08T18:18:45.891606,14,474ccba59d18cf70
1747310096476314,2026-09-08T18:18:45.891606,14,474ccba59d18cf70
1747311199809537,2026-09-08T18:18:45.891606,14,474ccba59d18cf70
1747316236475700,2026-09-08T18:18:45.891606,14,474ccba59d18cf70
1747321493141841,2026-09-08T18:18:45.891606,14,474ccba59d18cf70
1747330356474288,2026-09-08T18:18:45.891606,14,474ccba59d18cf70
1747338496473474,2026-09-08T18:18:45.891606,14,474ccba59d18cf70
1747359746471349,2026-09-08T18:18:45.891606,14,474ccba59d18cf70
1747361339804523,2026-09-08T18:18:45.891606,14,474ccba59d18cf70
1747402639800393,2026-09-08T18:18:45.891606,14,474ccba59d18cf70
1747405203133470,2026-09-08T18:18:45.891606,14,474ccba59d18cf70
1747622783111712,2026-09-08T18:18:45.891606,14,474ccba59d18cf70
1747657519774905,2026-09-08T18:18:45.891606,14,474ccba59d18cf70
1747291059811551,2026-09-08T18:18:45.891606,14,474ccba59d18cf70
1747293059811351,2026-09-08T18:18:45.891606,14,474ccba59d18cf70
1747293953144595,2026-09-08T18:18:45.891606,14,474ccba59d18cf70
1747296866477637,2026-09-08T18:18:45.891606,14,474ccba59d18cf70
1747297536477570,2026-09-08T18:18:45.891606,14,474ccba59d18cf70
1747297909810866,2026-09-08T18:18:45.891606,14,474ccba59d18cf70
1747305019810155,2026-09-08T18:18:45.891606,14,474ccba59d18cf70
1747306919809965,2026-09-08T18:18:45.891606,14,474ccba59d18cf70
1747312386476085,2026-09-08T18:18:45.891606,14,474ccba59d18cf70
1747312419809415,2026-09-08T18:18:45.891606,14,474ccba59d18cf70
1747315453142445,2026-09-08T18:18:45.891606,14,474ccba59d18cf70
1747318399808817,2026-09-08T18:18:45.891606,14,474ccba59d18cf70
1747320269808630,2026-09-08T18:18:45.891606,14,474ccba59d18cf70
1747323029808354,2026-09-08T18:18:45.891606,14,474ccba59d18cf70
1747331839807473,2026-09-08T18:18:45.891606,14,474ccba59d18cf70
1747336379807019,2026-09-08T18:18:45.891606,14,474ccba59d18cf70
1747340429806614,2026-09-08T18:18:45.891606,14,474ccba59d18cf70
1747341909806466,2026-09-08T18:18:45.891606,14,474ccba59d18cf70
1747379226469401,2026-09-08T18:18:45.891606,14,474ccba59d18cf70
1747379826469341,2026-09-08T18:18:45.891606,14,474ccba59d18cf70
1747379946469329,2026-09-08T18:18:45.891606,14,474ccba59d18cf70
1747388996468424,2026-09-08T18:18:45.891606,14,474ccba59d18cf70
1747390626468261,2026-09-08T18:18:45.891606,14,474ccba59d18cf70
1747391946468129,2026-09-08T18:18:45.891606,14,474ccba59d18cf70
1747395193134471,2026-09-08T18:18:45.891606,14,474ccba59d18cf70
1747406139800043,2026-09-08T18:18:45.891606,14,474ccba59d18cf70
1747417256465598,2026-09-08T18:18:45.891606,14,474ccba59d18cf70
1747420729798584,2026-09-08T18:18:45.891606,14,474ccba59d18cf70
1747423809798276,2026-09-08T18:18:45.891606,14,474ccba59d18cf70
1747444699796187,2026-09-08T18:18:45.891606,14,474ccba59d18cf70
1747522786455045,2026-09-08T18:18:45.891606,14,474ccba59d18cf70
1747623356444988,2026-09-08T18:18:45.891606,14,474ccba59d18cf70
1747657909774866,2026-09-08T18:18:45.891606,14,474ccba59d18cf70
1747693979771259,2026-09-08T18:18:45.891606,14,474ccba59d18cf70
1748444939696163,2026-09-08T18:18:45.891606,14,474ccba59d18cf70
1748449816362342,2026-09-08T18:18:45.891606,14,474ccba59d18cf70
1747295573144433,2026-09-08T18:18:45.891606,14,474ccba59d18cf70
1747295836477740,2026-09-08T18:18:45.891606,14,474ccba59d18cf70
1747296129811044,2026-09-08T18:18:45.891606,14,474ccba59d18cf70
1747297439810913,2026-09-08T18:18:45.891606,14,474ccba59d18cf70
1747298199810837,2026-09-08T18:18:45.891606,14,474ccba59d18cf70
1747298773144113,2026-09-08T18:18:45.891606,14,474ccba59d18cf70
1747305586476765,2026-09-08T18:18:45.891606,14,474ccba59d18cf70
1747308449809812,2026-09-08T18:18:45.891606,14,474ccba59d18cf70
1747312966476027,2026-09-08T18:18:45.891606,14,474ccba59d18cf70
1747323543141636,2026-09-08T18:18:45.891606,14,474ccba59d18cf70
1747328326474491,2026-09-08T18:18:45.891606,14,474ccba59d18cf70
1747333676473956,2026-09-08T18:18:45.891606,14,474ccba59d18cf70
1747336723140318,2026-09-08T18:18:45.891606,14,474ccba59d18cf70
1747342833139707,2026-09-08T18:18:45.891606,14,474ccba59d18cf70
1747346783139312,2026-09-08T18:18:45.891606,14,474ccba59d18cf70
1747347456472578,2026-09-08T18:18:45.891606,14,474ccba59d18cf70
1747375633136427,2026-09-08T18:18:45.891606,14,474ccba59d18cf70
1747376933136297,2026-09-08T18:18:45.891606,14,474ccba59d18cf70
1747377466469577,2026-09-08T18:18:45.891606,14,474ccba59d18cf70
1747388786468445,2026-09-08T18:18:45.891606,14,474ccba59d18cf70
1747392956468028,2026-09-08T18:18:45.891606,14,474ccba59d18cf70
1747408716466452,2026-09-08T18:18:45.891606,14,474ccba59d18cf70
1747427209797936,2026-09-08T18:18:45.891606,14,474ccba59d18cf70
1747613959779261,2026-09-08T18:18:45.891606,14,474ccba59d18cf70
1747645929776064,2026-09-08T18:18:45.891606,14,474ccba59d18cf70
1747658376441486,2026-09-08T18:18:45.891606,14,474ccba59d18cf70
1747688653105125,2026-09-08T18:18:45.891606,14,474ccba59d18cf70
1748451629695494,2026-09-08T18:18:45.891606,14,474ccba59d18cf70
1747357013138289,2026-09-08T18:18:45.891606,14,474ccba59d18cf70
1747363633137627,2026-09-08T18:18:45.891606,14,474ccba59d18cf70
1747369039803753,2026-09-08T18:18:45.891606,14,474ccba59d18cf70
1747373229803334,2026-09-08T18:18:45.891606,14,474ccba59d18cf70
1747374826469841,2026-09-08T18:18:45.891606,14,474ccba59d18cf70
1747376316469692,2026-09-08T18:18:45.891606,14,474ccba59d18cf70
1747392636468060,2026-09-08T18:18:45.891606,14,474ccba59d18cf70
1747407696466554,2026-09-08T18:18:45.891606,14,474ccba59d18cf70
1747465619794095,2026-09-08T18:18:45.891606,14,474ccba59d18cf70
1747541049786552,2026-09-08T18:18:45.891606,14,474ccba59d18cf70
1747621619778495,2026-09-08T18:18:45.891606,14,474ccba59d18cf70
1747466169794040,2026-09-08T18:18:45.891606,14,474ccba59d18cf70
1747516249789032,2026-09-08T18:18:45.891606,14,474ccba59d18cf70
1747551313118859,2026-09-08T18:18:45.891606,14,474ccba59d18cf70
1747581439782513,2026-09-08T18:18:45.891606,14,474ccba59d18cf70
1747595183114472,2026-09-08T18:18:45.891606,14,474ccba59d18cf70
1747630636444260,2026-09-08T18:18:45.891606,14,474ccba59d18cf70
1747681159772541,2026-09-08T18:18:45.891606,14,474ccba59d18cf70
1747687993105191,2026-09-08T18:18:45.891606,14,474ccba59d18cf70
1747693666437957,2026-09-08T18:18:45.891606,14,474ccba59d18cf70
1748259949714662,2026-09-08T18:18:45.891606,14,474ccba59d18cf70
1748354896371834,2026-09-08T18:18:45.891606,14,474ccba59d18cf70
1748388136368510,2026-09-08T18:18:45.891606,14,474ccba59d18cf70
1748446319696025,2026-09-08T18:18:45.891606,14,474ccba59d18cf70
1747466033127387,2026-09-08T18:18:45.891606,14,474ccba59d18cf70
1747466589793998,2026-09-08T18:18:45.891606,14,474ccba59d18cf70
1747475709793086,2026-09-08T18:18:45.891606,14,474ccba59d18cf70
1747479499792707,2026-09-08T18:18:45.891606,14,474ccba59d18cf70
1747481646459159,2026-09-08T18:18:45.891606,14,474ccba59d18cf70
1747485119792145,2026-09-08T18:18:45.891606,14,474ccba59d18cf70
1747489039791753,2026-09-08T18:18:45.891606,14,474ccba59d18cf70
1747492973124693,2026-09-08T18:18:45.891606,14,474ccba59d18cf70
1747498636457460,2026-09-08T18:18:45.891606,14,474ccba59d18cf70
1747517389788918,2026-09-08T18:18:45.891606,14,474ccba59d18cf70
1747518553122135,2026-09-08T18:18:45.891606,14,474ccba59d18cf70
1747526889787968,2026-09-08T18:18:45.891606,14,474ccba59d18cf70
1747531796454144,2026-09-08T18:18:45.891606,14,474ccba59d18cf70
1747581236449200,2026-09-08T18:18:45.891606,14,474ccba59d18cf70
1747656843108306,2026-09-08T18:18:45.891606,14,474ccba59d18cf70
1747669266440397,2026-09-08T18:18:45.891606,14,474ccba59d18cf70
1747681606439163,2026-09-08T18:18:45.891606,14,474ccba59d18cf70
1747748609765796,2026-09-08T18:18:45.891606,14,474ccba59d18cf70
1747466956460628,2026-09-08T18:18:45.891606,14,474ccba59d18cf70
1747467966460527,2026-09-08T18:18:45.891606,14,474ccba59d18cf70
1747468509793806,2026-09-08T18:18:45.891606,14,474ccba59d18cf70
1747471186460205,2026-09-08T18:18:45.891606,14,474ccba59d18cf70
1747478196459504,2026-09-08T18:18:45.891606,14,474ccba59d18cf70
1747492786458045,2026-09-08T18:18:45.891606,14,474ccba59d18cf70
1747506316456692,2026-09-08T18:18:45.891606,14,474ccba59d18cf70
1747507286456595,2026-09-08T18:18:45.891606,14,474ccba59d18cf70
1747517643122226,2026-09-08T18:18:45.891606,14,474ccba59d18cf70
1747547039785953,2026-09-08T18:18:45.891606,14,474ccba59d18cf70
1747552103118780,2026-09-08T18:18:45.891606,14,474ccba59d18cf70
1747568236450500,2026-09-08T18:18:45.891606,14,474ccba59d18cf70
1747569523117038,2026-09-08T18:18:45.891606,14,474ccba59d18cf70
1747579636449360,2026-09-08T18:18:45.891606,14,474ccba59d18cf70
1747590199781637,2026-09-08T18:18:45.891606,14,474ccba59d18cf70
1747656093108381,2026-09-08T18:18:45.891606,14,474ccba59d18cf70
1747663636440960,2026-09-08T18:18:45.891606,14,474ccba59d18cf70
1747680756439248,2026-09-08T18:18:45.891606,14,474ccba59d18cf70
1747475539793103,2026-09-08T18:18:45.891606,14,474ccba59d18cf70
1747476696459654,2026-09-08T18:18:45.891606,14,474ccba59d18cf70
1747481353125855,2026-09-08T18:18:45.891606,14,474ccba59d18cf70
1747491063124884,2026-09-08T18:18:45.891606,14,474ccba59d18cf70
1747491696458154,2026-09-08T18:18:45.891606,14,474ccba59d18cf70
1747494023124588,2026-09-08T18:18:45.891606,14,474ccba59d18cf70
1747494446457879,2026-09-08T18:18:45.891606,14,474ccba59d18cf70
1747507009789956,2026-09-08T18:18:45.891606,14,474ccba59d18cf70
1747514703122520,2026-09-08T18:18:45.891606,14,474ccba59d18cf70
1747517196455604,2026-09-08T18:18:45.891606,14,474ccba59d18cf70
1747520193121971,2026-09-08T18:18:45.891606,14,474ccba59d18cf70
1747540836453240,2026-09-08T18:18:45.891606,14,474ccba59d18cf70
1747550263118964,2026-09-08T18:18:45.891606,14,474ccba59d18cf70
1747570383116952,2026-09-08T18:18:45.891606,14,474ccba59d18cf70
1747570826450241,2026-09-08T18:18:45.891606,14,474ccba59d18cf70
1747608529779804,2026-09-08T18:18:45.891606,14,474ccba59d18cf70
1747615813112409,2026-09-08T18:18:45.891606,14,474ccba59d18cf70
1747617299778927,2026-09-08T18:18:45.891606,14,474ccba59d18cf70
1747617726445551,2026-09-08T18:18:45.891606,14,474ccba59d18cf70
1747623769778280,2026-09-08T18:18:45.891606,14,474ccba59d18cf70
1747634249777232,2026-09-08T18:18:45.891606,14,474ccba59d18cf70
1748471913026799,2026-09-08T18:18:45.891606,14,474ccba59d18cf70
1747510386456285,2026-09-08T18:18:45.891606,14,474ccba59d18cf70
1747524663121524,2026-09-08T18:18:45.891606,14,474ccba59d18cf70
1747533633120627,2026-09-08T18:18:45.891606,14,474ccba59d18cf70
1747534176453906,2026-09-08T18:18:45.891606,14,474ccba59d18cf70
1747555509785106,2026-09-08T18:18:45.891606,14,474ccba59d18cf70
1747558299784827,2026-09-08T18:18:45.891606,14,474ccba59d18cf70
1747567223117268,2026-09-08T18:18:45.891606,14,474ccba59d18cf70
1747575566449767,2026-09-08T18:18:45.891606,14,474ccba59d18cf70
1747585246448799,2026-09-08T18:18:45.891606,14,474ccba59d18cf70
1747601743113816,2026-09-08T18:18:45.891606,14,474ccba59d18cf70
1747655449775112,2026-09-08T18:18:45.891606,14,474ccba59d18cf70
1747721196435204,2026-09-08T18:18:45.891606,14,474ccba59d18cf70
1747784739762183,2026-09-08T18:18:45.891606,14,474ccba59d18cf70
1747884269752230,2026-09-08T18:18:45.891606,14,474ccba59d18cf70
1748112333062757,2026-09-08T18:18:45.891606,14,474ccba59d18cf70
1748129589727698,2026-09-08T18:18:45.891606,14,474ccba59d18cf70
1748129793061011,2026-09-08T18:18:45.891606,14,474ccba59d18cf70
1748143096393014,2026-09-08T18:18:45.891606,14,474ccba59d18cf70
1748185326388791,2026-09-08T18:18:45.891606,14,474ccba59d18cf70
1748214803052510,2026-09-08T18:18:45.891606,14,474ccba59d18cf70
1748253573048633,2026-09-08T18:18:45.891606,14,474ccba59d18cf70
1748255823048408,2026-09-08T18:18:45.891606,14,474ccba59d18cf70
1748373759703281,2026-09-08T18:18:45.891606,14,474ccba59d18cf70
1748386596368664,2026-09-08T18:18:45.891606,14,474ccba59d18cf70
1748670689673588,2026-09-08T18:18:45.891606,14,474ccba59d18cf70
1748970389643618,2026-09-08T18:18:45.891606,14,474ccba59d18cf70
1749411486266175,2026-09-08T18:18:45.891606,14,474ccba59d18cf70
1749414446265879,2026-09-08T18:18:45.891606,14,474ccba59d18cf70
1747690409771616,2026-09-08T18:18:45.891606,14,474ccba59d18cf70
1747694569771200,2026-09-08T18:18:45.891606,14,474ccba59d18cf70
1747694676437856,2026-09-08T18:18:45.891606,14,474ccba59d18cf70
1747696579770999,2026-09-08T18:18:45.891606,14,474ccba59d18cf70
1747706939769963,2026-09-08T18:18:45.891606,14,474ccba59d18cf70
1747712169769440,2026-09-08T18:18:45.891606,14,474ccba59d18cf70
1747720589768598,2026-09-08T18:18:45.891606,14,474ccba59d18cf70
1747731366434187,2026-09-08T18:18:45.891606,14,474ccba59d18cf70
1747734103100580,2026-09-08T18:18:45.891606,14,474ccba59d18cf70
1747771576430166,2026-09-08T18:18:45.891606,14,474ccba59d18cf70
1747774306429893,2026-09-08T18:18:45.891606,14,474ccba59d18cf70
1747809496426374,2026-09-08T18:18:45.891606,14,474ccba59d18cf70
1747841873089803,2026-09-08T18:18:45.891606,14,474ccba59d18cf70
1747940666413257,2026-09-08T18:18:45.891606,14,474ccba59d18cf70
1748101653063825,2026-09-08T18:18:45.891606,14,474ccba59d18cf70
1748130979727559,2026-09-08T18:18:45.891606,14,474ccba59d18cf70
1748179959722661,2026-09-08T18:18:45.891606,14,474ccba59d18cf70
1748286626378661,2026-09-08T18:18:45.891606,14,474ccba59d18cf70
1747691623104828,2026-09-08T18:18:45.891606,14,474ccba59d18cf70
1747692456438078,2026-09-08T18:18:45.891606,14,474ccba59d18cf70
1747693663104624,2026-09-08T18:18:45.891606,14,474ccba59d18cf70
1747697986437525,2026-09-08T18:18:45.891606,14,474ccba59d18cf70
1747699546437369,2026-09-08T18:18:45.891606,14,474ccba59d18cf70
1747699649770692,2026-09-08T18:18:45.891606,14,474ccba59d18cf70
1747710113102979,2026-09-08T18:18:45.891606,14,474ccba59d18cf70
1747722266435097,2026-09-08T18:18:45.891606,14,474ccba59d18cf70
1747724713101519,2026-09-08T18:18:45.891606,14,474ccba59d18cf70
1747725689768088,2026-09-08T18:18:45.891606,14,474ccba59d18cf70
1747745993099391,2026-09-08T18:18:45.891606,14,474ccba59d18cf70
1747879326419391,2026-09-08T18:18:45.891606,14,474ccba59d18cf70
1747938279746829,2026-09-08T18:18:45.891606,14,474ccba59d18cf70
1748102663063724,2026-09-08T18:18:45.891606,14,474ccba59d18cf70
1748108106396513,2026-09-08T18:18:45.891606,14,474ccba59d18cf70
1748169566390367,2026-09-08T18:18:45.891606,14,474ccba59d18cf70
1748179403056050,2026-09-08T18:18:45.891606,14,474ccba59d18cf70
1748221813051809,2026-09-08T18:18:45.891606,14,474ccba59d18cf70
1748235693050421,2026-09-08T18:18:45.891606,14,474ccba59d18cf70
1748435239697133,2026-09-08T18:18:45.891606,14,474ccba59d18cf70
1748436699696987,2026-09-08T18:18:45.891606,14,474ccba59d18cf70
1748438753030115,2026-09-08T18:18:45.891606,14,474ccba59d18cf70
1748468679693789,2026-09-08T18:18:45.891606,14,474ccba59d18cf70
1747693206438003,2026-09-08T18:18:45.891606,14,474ccba59d18cf70
1747693826437941,2026-09-08T18:18:45.891606,14,474ccba59d18cf70
1747696463104344,2026-09-08T18:18:45.891606,14,474ccba59d18cf70
1747700343103956,2026-09-08T18:18:45.891606,14,474ccba59d18cf70
1747702126437111,2026-09-08T18:18:45.891606,14,474ccba59d18cf70
1747702993103691,2026-09-08T18:18:45.891606,14,474ccba59d18cf70
1747706619769995,2026-09-08T18:18:45.891606,14,474ccba59d18cf70
1747707059769951,2026-09-08T18:18:45.891606,14,474ccba59d18cf70
1747712766436047,2026-09-08T18:18:45.891606,14,474ccba59d18cf70
1747712996436024,2026-09-08T18:18:45.891606,14,474ccba59d18cf70
1747717189768938,2026-09-08T18:18:45.891606,14,474ccba59d18cf70
1747718863102104,2026-09-08T18:18:45.891606,14,474ccba59d18cf70
1747757696431554,2026-09-08T18:18:45.891606,14,474ccba59d18cf70
1747801853093805,2026-09-08T18:18:45.891606,14,474ccba59d18cf70
1747817456425578,2026-09-08T18:18:45.891606,14,474ccba59d18cf70
1747821306425193,2026-09-08T18:18:45.891606,14,474ccba59d18cf70
1747824646424859,2026-09-08T18:18:45.891606,14,474ccba59d18cf70
1747942443079746,2026-09-08T18:18:45.891606,14,474ccba59d18cf70
1748085733065417,2026-09-08T18:18:45.891606,14,474ccba59d18cf70
1748237136383610,2026-09-08T18:18:45.891606,14,474ccba59d18cf70
1748239876383336,2026-09-08T18:18:45.891606,14,474ccba59d18cf70
1748244483049542,2026-09-08T18:18:45.891606,14,474ccba59d18cf70
1748247059715951,2026-09-08T18:18:45.891606,14,474ccba59d18cf70
1748420159698641,2026-09-08T18:18:45.891606,14,474ccba59d18cf70
1747694333104557,2026-09-08T18:18:45.891606,14,474ccba59d18cf70
1747709126436411,2026-09-08T18:18:45.891606,14,474ccba59d18cf70
1747733119767345,2026-09-08T18:18:45.891606,14,474ccba59d18cf70
1747740439766613,2026-09-08T18:18:45.891606,14,474ccba59d18cf70
1747845426422781,2026-09-08T18:18:45.891606,14,474ccba59d18cf70
1747940059746651,2026-09-08T18:18:45.891606,14,474ccba59d18cf70
1748148193059171,2026-09-08T18:18:45.891606,14,474ccba59d18cf70
1748159496391374,2026-09-08T18:18:45.891606,14,474ccba59d18cf70
1748174743056516,2026-09-08T18:18:45.891606,14,474ccba59d18cf70
1748175456389778,2026-09-08T18:18:45.891606,14,474ccba59d18cf70
1748231709717486,2026-09-08T18:18:45.891606,14,474ccba59d18cf70
1748280873045903,2026-09-08T18:18:45.891606,14,474ccba59d18cf70
1748281596379164,2026-09-08T18:18:45.891606,14,474ccba59d18cf70
1748287999711857,2026-09-08T18:18:45.891606,14,474ccba59d18cf70
1748289463045044,2026-09-08T18:18:45.891606,14,474ccba59d18cf70
1748297816377542,2026-09-08T18:18:45.891606,14,474ccba59d18cf70
1748422966365027,2026-09-08T18:18:45.891606,14,474ccba59d18cf70
1747712086436115,2026-09-08T18:18:45.891606,14,474ccba59d18cf70
1747727006434623,2026-09-08T18:18:45.891606,14,474ccba59d18cf70
1747805709760086,2026-09-08T18:18:45.891606,14,474ccba59d18cf70
1747816256425698,2026-09-08T18:18:45.891606,14,474ccba59d18cf70
1747864016420922,2026-09-08T18:18:45.891606,14,474ccba59d18cf70
1747870386420285,2026-09-08T18:18:45.891606,14,474ccba59d18cf70
1747938653080125,2026-09-08T18:18:45.891606,14,474ccba59d18cf70
1748435403030450,2026-09-08T18:18:45.891606,14,474ccba59d18cf70
1748436683030322,2026-09-08T18:18:45.891606,14,474ccba59d18cf70
1748456566361667,2026-09-08T18:18:45.891606,14,474ccba59d18cf70
1749275216279802,2026-09-08T18:18:45.891606,14,474ccba59d18cf70
1749394642934526,2026-09-08T18:18:45.891606,14,474ccba59d18cf70
1747690253104965,2026-09-08T18:18:45.891606,14,474ccba59d18cf70
1747700183103972,2026-09-08T18:18:45.891606,14,474ccba59d18cf70
1747701683103822,2026-09-08T18:18:45.891606,14,474ccba59d18cf70
1747706779769979,2026-09-08T18:18:45.891606,14,474ccba59d18cf70
1747711246436199,2026-09-08T18:18:45.891606,14,474ccba59d18cf70
1747712299769427,2026-09-08T18:18:45.891606,14,474ccba59d18cf70
1747712609769396,2026-09-08T18:18:45.891606,14,474ccba59d18cf70
1747715266435797,2026-09-08T18:18:45.891606,14,474ccba59d18cf70
1747722099768447,2026-09-08T18:18:45.891606,14,474ccba59d18cf70
1747751743098816,2026-09-08T18:18:45.891606,14,474ccba59d18cf70
1747755169765140,2026-09-08T18:18:45.891606,14,474ccba59d18cf70
1747943699746287,2026-09-08T18:18:45.891606,14,474ccba59d18cf70
1748101806397143,2026-09-08T18:18:45.891606,14,474ccba59d18cf70
1748444909696166,2026-09-08T18:18:45.891606,14,474ccba59d18cf70
1747736619766995,2026-09-08T18:18:45.891606,14,474ccba59d18cf70
1747787389761918,2026-09-08T18:18:45.891606,14,474ccba59d18cf70
1747790033094987,2026-09-08T18:18:45.891606,14,474ccba59d18cf70
1747942869746370,2026-09-08T18:18:45.891606,14,474ccba59d18cf70
1748074226399901,2026-09-08T18:18:45.891606,14,474ccba59d18cf70
1747710559769601,2026-09-08T18:18:45.891606,14,474ccba59d18cf70
1747712679769389,2026-09-08T18:18:45.891606,14,474ccba59d18cf70
1747713159769341,2026-09-08T18:18:45.891606,14,474ccba59d18cf70
1747714493102541,2026-09-08T18:18:45.891606,14,474ccba59d18cf70
1747718989768758,2026-09-08T18:18:45.891606,14,474ccba59d18cf70
1747750893098901,2026-09-08T18:18:45.891606,14,474ccba59d18cf70
1747753903098600,2026-09-08T18:18:45.891606,14,474ccba59d18cf70
1747764753097515,2026-09-08T18:18:45.891606,14,474ccba59d18cf70
1747768873097103,2026-09-08T18:18:45.891606,14,474ccba59d18cf70
1747796309761026,2026-09-08T18:18:45.891606,14,474ccba59d18cf70
1747798316427492,2026-09-08T18:18:45.891606,14,474ccba59d18cf70
1747810383092952,2026-09-08T18:18:45.891606,14,474ccba59d18cf70
1747816643092326,2026-09-08T18:18:45.891606,14,474ccba59d18cf70
1747935076413816,2026-09-08T18:18:45.891606,14,474ccba59d18cf70
1747937626413561,2026-09-08T18:18:45.891606,14,474ccba59d18cf70
1747978376409486,2026-09-08T18:18:45.891606,14,474ccba59d18cf70
1748025759738081,2026-09-08T18:18:45.891606,14,474ccba59d18cf70
1748028573071133,2026-09-08T18:18:45.891606,14,474ccba59d18cf70
1748111893062801,2026-09-08T18:18:45.891606,14,474ccba59d18cf70
1748143313059659,2026-09-08T18:18:45.891606,14,474ccba59d18cf70
1748164959724161,2026-09-08T18:18:45.891606,14,474ccba59d18cf70
1748168779723779,2026-09-08T18:18:45.891606,14,474ccba59d18cf70
1748211189719538,2026-09-08T18:18:45.891606,14,474ccba59d18cf70
1748216566385667,2026-09-08T18:18:45.891606,14,474ccba59d18cf70
1748417246365599,2026-09-08T18:18:45.891606,14,474ccba59d18cf70
1748432729697384,2026-09-08T18:18:45.891606,14,474ccba59d18cf70
1748506189690038,2026-09-08T18:18:45.891606,14,474ccba59d18cf70
1748117769728880,2026-09-08T18:18:45.891606,14,474ccba59d18cf70
1748162166391107,2026-09-08T18:18:45.891606,14,474ccba59d18cf70
1748199686387355,2026-09-08T18:18:45.891606,14,474ccba59d18cf70
1748206363053354,2026-09-08T18:18:45.891606,14,474ccba59d18cf70
1748212163052774,2026-09-08T18:18:45.891606,14,474ccba59d18cf70
1748213943052596,2026-09-08T18:18:45.891606,14,474ccba59d18cf70
1748215569719100,2026-09-08T18:18:45.891606,14,474ccba59d18cf70
1748228713051119,2026-09-08T18:18:45.891606,14,474ccba59d18cf70
1748264663047524,2026-09-08T18:18:45.891606,14,474ccba59d18cf70
1748118113062179,2026-09-08T18:18:45.891606,14,474ccba59d18cf70
1748125053061485,2026-09-08T18:18:45.891606,14,474ccba59d18cf70
1748127153061275,2026-09-08T18:18:45.891606,14,474ccba59d18cf70
1748138499726807,2026-09-08T18:18:45.891606,14,474ccba59d18cf70
1748149273059063,2026-09-08T18:18:45.891606,14,474ccba59d18cf70
1748187529721904,2026-09-08T18:18:45.891606,14,474ccba59d18cf70
1748229679717689,2026-09-08T18:18:45.891606,14,474ccba59d18cf70
1748264206380903,2026-09-08T18:18:45.891606,14,474ccba59d18cf70
1748114946395829,2026-09-08T18:18:45.891606,14,474ccba59d18cf70
1748116636395660,2026-09-08T18:18:45.891606,14,474ccba59d18cf70
1748117466395577,2026-09-08T18:18:45.891606,14,474ccba59d18cf70
1748118096395514,2026-09-08T18:18:45.891606,14,474ccba59d18cf70
1748118633062127,2026-09-08T18:18:45.891606,14,474ccba59d18cf70
1748122239728433,2026-09-08T18:18:45.891606,14,474ccba59d18cf70
1748123546394969,2026-09-08T18:18:45.891606,14,474ccba59d18cf70
1748123676394956,2026-09-08T18:18:45.891606,14,474ccba59d18cf70
1748124819728175,2026-09-08T18:18:45.891606,14,474ccba59d18cf70
1748128079727849,2026-09-08T18:18:45.891606,14,474ccba59d18cf70
1748137283060262,2026-09-08T18:18:45.891606,14,474ccba59d18cf70
1748142789726378,2026-09-08T18:18:45.891606,14,474ccba59d18cf70
1748151126392211,2026-09-08T18:18:45.891606,14,474ccba59d18cf70
1748157556391568,2026-09-08T18:18:45.891606,14,474ccba59d18cf70
1748162379724419,2026-09-08T18:18:45.891606,14,474ccba59d18cf70
1748174406389883,2026-09-08T18:18:45.891606,14,474ccba59d18cf70
1748240353049955,2026-09-08T18:18:45.891606,14,474ccba59d18cf70
1748262853047705,2026-09-08T18:18:45.891606,14,474ccba59d18cf70
1748265203047470,2026-09-08T18:18:45.891606,14,474ccba59d18cf70
1748267366380587,2026-09-08T18:18:45.891606,14,474ccba59d18cf70
1748318456375478,2026-09-08T18:18:45.891606,14,474ccba59d18cf70
1748340323039958,2026-09-08T18:18:45.891606,14,474ccba59d18cf70
1748343166373007,2026-09-08T18:18:45.891606,14,474ccba59d18cf70
1748667056340618,2026-09-08T18:18:45.891606,14,474ccba59d18cf70
1748670926340231,2026-09-08T18:18:45.891606,14,474ccba59d18cf70
1748677419672915,2026-09-08T18:18:45.891606,14,474ccba59d18cf70
1748117423062248,2026-09-08T18:18:45.891606,14,474ccba59d18cf70
1748126389728018,2026-09-08T18:18:45.891606,14,474ccba59d18cf70
1748127166394607,2026-09-08T18:18:45.891606,14,474ccba59d18cf70
1748127853061205,2026-09-08T18:18:45.891606,14,474ccba59d18cf70
1748127993061191,2026-09-08T18:18:45.891606,14,474ccba59d18cf70
1748129243061066,2026-09-08T18:18:45.891606,14,474ccba59d18cf70
1748129579727699,2026-09-08T18:18:45.891606,14,474ccba59d18cf70
1748135499727107,2026-09-08T18:18:45.891606,14,474ccba59d18cf70
1748142376393086,2026-09-08T18:18:45.891606,14,474ccba59d18cf70
1748151129725544,2026-09-08T18:18:45.891606,14,474ccba59d18cf70
1748151423058848,2026-09-08T18:18:45.891606,14,474ccba59d18cf70
1748152696392054,2026-09-08T18:18:45.891606,14,474ccba59d18cf70
1748159036391420,2026-09-08T18:18:45.891606,14,474ccba59d18cf70
1748159586391365,2026-09-08T18:18:45.891606,14,474ccba59d18cf70
1748160599724597,2026-09-08T18:18:45.891606,14,474ccba59d18cf70
1748161149724542,2026-09-08T18:18:45.891606,14,474ccba59d18cf70
1748163349724322,2026-09-08T18:18:45.891606,14,474ccba59d18cf70
1748163819724275,2026-09-08T18:18:45.891606,14,474ccba59d18cf70
1748167323057258,2026-09-08T18:18:45.891606,14,474ccba59d18cf70
1748169909723666,2026-09-08T18:18:45.891606,14,474ccba59d18cf70
1748170586390265,2026-09-08T18:18:45.891606,14,474ccba59d18cf70
1748173499723307,2026-09-08T18:18:45.891606,14,474ccba59d18cf70
1748174143056576,2026-09-08T18:18:45.891606,14,474ccba59d18cf70
1748179049722752,2026-09-08T18:18:45.891606,14,474ccba59d18cf70
1748214713052519,2026-09-08T18:18:45.891606,14,474ccba59d18cf70
1748217253052265,2026-09-08T18:18:45.891606,14,474ccba59d18cf70
1748220093051981,2026-09-08T18:18:45.891606,14,474ccba59d18cf70
1748224779718179,2026-09-08T18:18:45.891606,14,474ccba59d18cf70
1748228159717841,2026-09-08T18:18:45.891606,14,474ccba59d18cf70
1748229833051007,2026-09-08T18:18:45.891606,14,474ccba59d18cf70
1748230869717570,2026-09-08T18:18:45.891606,14,474ccba59d18cf70
1748242946383029,2026-09-08T18:18:45.891606,14,474ccba59d18cf70
1748246683049322,2026-09-08T18:18:45.891606,14,474ccba59d18cf70
1748257393048251,2026-09-08T18:18:45.891606,14,474ccba59d18cf70
1748258553048135,2026-09-08T18:18:45.891606,14,474ccba59d18cf70
1748278656379458,2026-09-08T18:18:45.891606,14,474ccba59d18cf70
1748279246379399,2026-09-08T18:18:45.891606,14,474ccba59d18cf70
1748279456379378,2026-09-08T18:18:45.891606,14,474ccba59d18cf70
1748298633044127,2026-09-08T18:18:45.891606,14,474ccba59d18cf70
1748304359710221,2026-09-08T18:18:45.891606,14,474ccba59d18cf70
1748382293035761,2026-09-08T18:18:45.891606,14,474ccba59d18cf70
1748415146365809,2026-09-08T18:18:45.891606,14,474ccba59d18cf70
1748442106363113,2026-09-08T18:18:45.891606,14,474ccba59d18cf70
1748446333029357,2026-09-08T18:18:45.891606,14,474ccba59d18cf70
1748451799695477,2026-09-08T18:18:45.891606,14,474ccba59d18cf70
1748490659691591,2026-09-08T18:18:45.891606,14,474ccba59d18cf70
1748688726338451,2026-09-08T18:18:45.891606,14,474ccba59d18cf70
1748689953004995,2026-09-08T18:18:45.891606,14,474ccba59d18cf70
1748941209646536,2026-09-08T18:18:45.891606,14,474ccba59d18cf70
1749550862918904,2026-09-08T18:18:45.891606,14,474ccba59d18cf70
1749555389585118,2026-09-08T18:18:45.891606,14,474ccba59d18cf70
1749556962918294,2026-09-08T18:18:45.891606,14,474ccba59d18cf70
1749557692918221,2026-09-08T18:18:45.891606,14,474ccba59d18cf70
1749597029580954,2026-09-08T18:18:45.891606,14,474ccba59d18cf70
1749598919580765,2026-09-08T18:18:45.891606,14,474ccba59d18cf70
1749712886236035,2026-09-08T18:18:45.891606,14,474ccba59d18cf70
1749713566235967,2026-09-08T18:18:45.891606,14,474ccba59d18cf70
1749812286226095,2026-09-08T18:18:45.891606,14,474ccba59d18cf70
1749853676221956,2026-09-08T18:18:45.891606,14,474ccba59d18cf70
1749878322886158,2026-09-08T18:18:45.891606,14,474ccba59d18cf70
1749882072885783,2026-09-08T18:18:45.891606,14,474ccba59d18cf70
1749890369551620,2026-09-08T18:18:45.891606,14,474ccba59d18cf70
1749892622884728,2026-09-08T18:18:45.891606,14,474ccba59d18cf70
1749893746217949,2026-09-08T18:18:45.891606,14,474ccba59d18cf70
1749894559551201,2026-09-08T18:18:45.891606,14,474ccba59d18cf70
1748309129709744,2026-09-08T18:18:45.891606,14,474ccba59d18cf70
1749420539598603,2026-09-08T18:18:45.891606,14,474ccba59d18cf70
1749421819598475,2026-09-08T18:18:45.891606,14,474ccba59d18cf70
1748293139711343,2026-09-08T18:18:45.891606,14,474ccba59d18cf70
1748293353044655,2026-09-08T18:18:45.891606,14,474ccba59d18cf70
1748293953044595,2026-09-08T18:18:45.891606,14,474ccba59d18cf70
1748310813042909,2026-09-08T18:18:45.891606,14,474ccba59d18cf70
1748314133042577,2026-09-08T18:18:45.891606,14,474ccba59d18cf70
1748326036374720,2026-09-08T18:18:45.891606,14,474ccba59d18cf70
1748333866373937,2026-09-08T18:18:45.891606,14,474ccba59d18cf70
1748341769706480,2026-09-08T18:18:45.891606,14,474ccba59d18cf70
1748342049706452,2026-09-08T18:18:45.891606,14,474ccba59d18cf70
1748360869704570,2026-09-08T18:18:45.891606,14,474ccba59d18cf70
1748403699700287,2026-09-08T18:18:45.891606,14,474ccba59d18cf70
1748434933030497,2026-09-08T18:18:45.891606,14,474ccba59d18cf70
1748516716355652,2026-09-08T18:18:45.891606,14,474ccba59d18cf70
1749005902973400,2026-09-08T18:18:45.891606,14,474ccba59d18cf70
1749271819613475,2026-09-08T18:18:45.891606,14,474ccba59d18cf70
1751029869437670,2026-09-08T18:18:45.891606,14,474ccba59d18cf70
1751203869420270,2026-09-08T18:18:45.891606,14,474ccba59d18cf70
1748657383008252,2026-09-08T18:18:45.891606,14,474ccba59d18cf70
1749274842946506,2026-09-08T18:18:45.891606,14,474ccba59d18cf70
1749395972934393,2026-09-08T18:18:45.891606,14,474ccba59d18cf70
1749574269583230,2026-09-08T18:18:45.891606,14,474ccba59d18cf70
1750090986198225,2026-09-08T18:18:45.891606,14,474ccba59d18cf70
1748302293043761,2026-09-08T18:18:45.891606,14,474ccba59d18cf70
1748303589710298,2026-09-08T18:18:45.891606,14,474ccba59d18cf70
1748303813043609,2026-09-08T18:18:45.891606,14,474ccba59d18cf70
1748305476376776,2026-09-08T18:18:45.891606,14,474ccba59d18cf70
1748305626376761,2026-09-08T18:18:45.891606,14,474ccba59d18cf70
1748311686376155,2026-09-08T18:18:45.891606,14,474ccba59d18cf70
1748313529709304,2026-09-08T18:18:45.891606,14,474ccba59d18cf70
1748314396375884,2026-09-08T18:18:45.891606,14,474ccba59d18cf70
1748317836375540,2026-09-08T18:18:45.891606,14,474ccba59d18cf70
1748319686375355,2026-09-08T18:18:45.891606,14,474ccba59d18cf70
1748321333041857,2026-09-08T18:18:45.891606,14,474ccba59d18cf70
1748321833041807,2026-09-08T18:18:45.891606,14,474ccba59d18cf70
1748322229708434,2026-09-08T18:18:45.891606,14,474ccba59d18cf70
1748333283040662,2026-09-08T18:18:45.891606,14,474ccba59d18cf70
1748206073053383,2026-09-08T18:18:45.891606,14,474ccba59d18cf70
1748212603052730,2026-09-08T18:18:45.891606,14,474ccba59d18cf70
1748216499719007,2026-09-08T18:18:45.891606,14,474ccba59d18cf70
1748219329718724,2026-09-08T18:18:45.891606,14,474ccba59d18cf70
1748228409717816,2026-09-08T18:18:45.891606,14,474ccba59d18cf70
1748264939714163,2026-09-08T18:18:45.891606,14,474ccba59d18cf70
1748410029699654,2026-09-08T18:18:45.891606,14,474ccba59d18cf70
1748183966388927,2026-09-08T18:18:45.891606,14,474ccba59d18cf70
1748186263055364,2026-09-08T18:18:45.891606,14,474ccba59d18cf70
1748188313055159,2026-09-08T18:18:45.891606,14,474ccba59d18cf70
1748189529721704,2026-09-08T18:18:45.891606,14,474ccba59d18cf70
1748191143054876,2026-09-08T18:18:45.891606,14,474ccba59d18cf70
1748211766386147,2026-09-08T18:18:45.891606,14,474ccba59d18cf70
1748226016384722,2026-09-08T18:18:45.891606,14,474ccba59d18cf70
1748226159718041,2026-09-08T18:18:45.891606,14,474ccba59d18cf70
1748226819717975,2026-09-08T18:18:45.891606,14,474ccba59d18cf70
1748227483051242,2026-09-08T18:18:45.891606,14,474ccba59d18cf70
1748265423047448,2026-09-08T18:18:45.891606,14,474ccba59d18cf70
1748364163037574,2026-09-08T18:18:45.891606,14,474ccba59d18cf70
1748309549709702,2026-09-08T18:18:45.891606,14,474ccba59d18cf70
1748311913042799,2026-09-08T18:18:45.891606,14,474ccba59d18cf70
1748312949709362,2026-09-08T18:18:45.891606,14,474ccba59d18cf70
1748315279709129,2026-09-08T18:18:45.891606,14,474ccba59d18cf70
1748315476375776,2026-09-08T18:18:45.891606,14,474ccba59d18cf70
1748336749706982,2026-09-08T18:18:45.891606,14,474ccba59d18cf70
1748339963039994,2026-09-08T18:18:45.891606,14,474ccba59d18cf70
1748349589705698,2026-09-08T18:18:45.891606,14,474ccba59d18cf70
1748350969705560,2026-09-08T18:18:45.891606,14,474ccba59d18cf70
1748355556371768,2026-09-08T18:18:45.891606,14,474ccba59d18cf70
1748365396370784,2026-09-08T18:18:45.891606,14,474ccba59d18cf70
1748368943037096,2026-09-08T18:18:45.891606,14,474ccba59d18cf70
1748400773033913,2026-09-08T18:18:45.891606,14,474ccba59d18cf70
1748418836365440,2026-09-08T18:18:45.891606,14,474ccba59d18cf70
1748434309697226,2026-09-08T18:18:45.891606,14,474ccba59d18cf70
1748511213022869,2026-09-08T18:18:45.891606,14,474ccba59d18cf70
1748588269681830,2026-09-08T18:18:45.891606,14,474ccba59d18cf70
1748655999675057,2026-09-08T18:18:45.891606,14,474ccba59d18cf70
1748815639659093,2026-09-08T18:18:45.891606,14,474ccba59d18cf70
1748939199646737,2026-09-08T18:18:45.891606,14,474ccba59d18cf70
1749001846307139,2026-09-08T18:18:45.891606,14,474ccba59d18cf70
1749575009583156,2026-09-08T18:18:45.891606,14,474ccba59d18cf70
1748351716372152,2026-09-08T18:18:45.891606,14,474ccba59d18cf70
1748361383037852,2026-09-08T18:18:45.891606,14,474ccba59d18cf70
1748398026367521,2026-09-08T18:18:45.891606,14,474ccba59d18cf70
1748398353034155,2026-09-08T18:18:45.891606,14,474ccba59d18cf70
1748399419700715,2026-09-08T18:18:45.891606,14,474ccba59d18cf70
1748435859697071,2026-09-08T18:18:45.891606,14,474ccba59d18cf70
1748436659696991,2026-09-08T18:18:45.891606,14,474ccba59d18cf70
1748553743018616,2026-09-08T18:18:45.891606,14,474ccba59d18cf70
1748558209684836,2026-09-08T18:18:45.891606,14,474ccba59d18cf70
1748638803010110,2026-09-08T18:18:45.891606,14,474ccba59d18cf70
1748290663044924,2026-09-08T18:18:45.891606,14,474ccba59d18cf70
1748292326378091,2026-09-08T18:18:45.891606,14,474ccba59d18cf70
1748294666377857,2026-09-08T18:18:45.891606,14,474ccba59d18cf70
1748296443044346,2026-09-08T18:18:45.891606,14,474ccba59d18cf70
1748306309710026,2026-09-08T18:18:45.891606,14,474ccba59d18cf70
1748315046375819,2026-09-08T18:18:45.891606,14,474ccba59d18cf70
1748315399709117,2026-09-08T18:18:45.891606,14,474ccba59d18cf70
1748322223041768,2026-09-08T18:18:45.891606,14,474ccba59d18cf70
1748323249708332,2026-09-08T18:18:45.891606,14,474ccba59d18cf70
1748334936373830,2026-09-08T18:18:45.891606,14,474ccba59d18cf70
1748334983040492,2026-09-08T18:18:45.891606,14,474ccba59d18cf70
1748336949706962,2026-09-08T18:18:45.891606,14,474ccba59d18cf70
1748337203040270,2026-09-08T18:18:45.891606,14,474ccba59d18cf70
1748338803040110,2026-09-08T18:18:45.891606,14,474ccba59d18cf70
1748362133037777,2026-09-08T18:18:45.891606,14,474ccba59d18cf70
1748364496370874,2026-09-08T18:18:45.891606,14,474ccba59d18cf70
1748368143037176,2026-09-08T18:18:45.891606,14,474ccba59d18cf70
1748380479702609,2026-09-08T18:18:45.891606,14,474ccba59d18cf70
1748394033034587,2026-09-08T18:18:45.891606,14,474ccba59d18cf70
1748398356367488,2026-09-08T18:18:45.891606,14,474ccba59d18cf70
1748398913034099,2026-09-08T18:18:45.891606,14,474ccba59d18cf70
1748400386367285,2026-09-08T18:18:45.891606,14,474ccba59d18cf70
1748402093033781,2026-09-08T18:18:45.891606,14,474ccba59d18cf70
1748407753033215,2026-09-08T18:18:45.891606,14,474ccba59d18cf70
1748408099699847,2026-09-08T18:18:45.891606,14,474ccba59d18cf70
1748412559699401,2026-09-08T18:18:45.891606,14,474ccba59d18cf70
1748468419693815,2026-09-08T18:18:45.891606,14,474ccba59d18cf70
1748475003026490,2026-09-08T18:18:45.891606,14,474ccba59d18cf70
1748475863026404,2026-09-08T18:18:45.891606,14,474ccba59d18cf70
1748482639692393,2026-09-08T18:18:45.891606,14,474ccba59d18cf70
1748513759689281,2026-09-08T18:18:45.891606,14,474ccba59d18cf70
1748526856354638,2026-09-08T18:18:45.891606,14,474ccba59d18cf70
1749005216306802,2026-09-08T18:18:45.891606,14,474ccba59d18cf70
1749033869637270,2026-09-08T18:18:45.891606,14,474ccba59d18cf70
1749084246298899,2026-09-08T18:18:45.891606,14,474ccba59d18cf70
1749261502947840,2026-09-08T18:18:45.891606,14,474ccba59d18cf70
1749576076249716,2026-09-08T18:18:45.891606,14,474ccba59d18cf70
1748290493044941,2026-09-08T18:18:45.891606,14,474ccba59d18cf70
1748297903044200,2026-09-08T18:18:45.891606,14,474ccba59d18cf70
1748299399710717,2026-09-08T18:18:45.891606,14,474ccba59d18cf70
1748300339710623,2026-09-08T18:18:45.891606,14,474ccba59d18cf70
1748300616377262,2026-09-08T18:18:45.891606,14,474ccba59d18cf70
1748301213043869,2026-09-08T18:18:45.891606,14,474ccba59d18cf70
1748302053043785,2026-09-08T18:18:45.891606,14,474ccba59d18cf70
1748302519710405,2026-09-08T18:18:45.891606,14,474ccba59d18cf70
1748302813043709,2026-09-08T18:18:45.891606,14,474ccba59d18cf70
1748303576376966,2026-09-08T18:18:45.891606,14,474ccba59d18cf70
1748304116376912,2026-09-08T18:18:45.891606,14,474ccba59d18cf70
1748304206376903,2026-09-08T18:18:45.891606,14,474ccba59d18cf70
1748304309710226,2026-09-08T18:18:45.891606,14,474ccba59d18cf70
1748304536376870,2026-09-08T18:18:45.891606,14,474ccba59d18cf70
1748305339710123,2026-09-08T18:18:45.891606,14,474ccba59d18cf70
1748305689710088,2026-09-08T18:18:45.891606,14,474ccba59d18cf70
1748306219710035,2026-09-08T18:18:45.891606,14,474ccba59d18cf70
1748306296376694,2026-09-08T18:18:45.891606,14,474ccba59d18cf70
1748306866376637,2026-09-08T18:18:45.891606,14,474ccba59d18cf70
1748307019709955,2026-09-08T18:18:45.891606,14,474ccba59d18cf70
1748307209709936,2026-09-08T18:18:45.891606,14,474ccba59d18cf70
1748307349709922,2026-09-08T18:18:45.891606,14,474ccba59d18cf70
1748307956376528,2026-09-08T18:18:45.891606,14,474ccba59d18cf70
1748309023043088,2026-09-08T18:18:45.891606,14,474ccba59d18cf70
1748309853043005,2026-09-08T18:18:45.891606,14,474ccba59d18cf70
1748310613042929,2026-09-08T18:18:45.891606,14,474ccba59d18cf70
1748312496376074,2026-09-08T18:18:45.891606,14,474ccba59d18cf70
1748312573042733,2026-09-08T18:18:45.891606,14,474ccba59d18cf70
1748313099709347,2026-09-08T18:18:45.891606,14,474ccba59d18cf70
1748313849709272,2026-09-08T18:18:45.891606,14,474ccba59d18cf70
1748314239709233,2026-09-08T18:18:45.891606,14,474ccba59d18cf70
1748315959709061,2026-09-08T18:18:45.891606,14,474ccba59d18cf70
1748316999708957,2026-09-08T18:18:45.891606,14,474ccba59d18cf70
1748317786375545,2026-09-08T18:18:45.891606,14,474ccba59d18cf70
1748320653041925,2026-09-08T18:18:45.891606,14,474ccba59d18cf70
1748320719708585,2026-09-08T18:18:45.891606,14,474ccba59d18cf70
1748320749708582,2026-09-08T18:18:45.891606,14,474ccba59d18cf70
1748320783041912,2026-09-08T18:18:45.891606,14,474ccba59d18cf70
1748320843041906,2026-09-08T18:18:45.891606,14,474ccba59d18cf70
1748321573041833,2026-09-08T18:18:45.891606,14,474ccba59d18cf70
1748322533041737,2026-09-08T18:18:45.891606,14,474ccba59d18cf70
1748322836375040,2026-09-08T18:18:45.891606,14,474ccba59d18cf70
1748323339708323,2026-09-08T18:18:45.891606,14,474ccba59d18cf70
1748323936374930,2026-09-08T18:18:45.891606,14,474ccba59d18cf70
1748324089708248,2026-09-08T18:18:45.891606,14,474ccba59d18cf70
1748326749707982,2026-09-08T18:18:45.891606,14,474ccba59d18cf70
1748326959707961,2026-09-08T18:18:45.891606,14,474ccba59d18cf70
1748328293041161,2026-09-08T18:18:45.891606,14,474ccba59d18cf70
1748338363040154,2026-09-08T18:18:45.891606,14,474ccba59d18cf70
1748338919706765,2026-09-08T18:18:45.891606,14,474ccba59d18cf70
1748339363040054,2026-09-08T18:18:45.891606,14,474ccba59d18cf70
1748339803040010,2026-09-08T18:18:45.891606,14,474ccba59d18cf70
1748339976373326,2026-09-08T18:18:45.891606,14,474ccba59d18cf70
1748340126373311,2026-09-08T18:18:45.891606,14,474ccba59d18cf70
1748344083039582,2026-09-08T18:18:45.891606,14,474ccba59d18cf70
1748344576372866,2026-09-08T18:18:45.891606,14,474ccba59d18cf70
1748344906372833,2026-09-08T18:18:45.891606,14,474ccba59d18cf70
1748345643039426,2026-09-08T18:18:45.891606,14,474ccba59d18cf70
1748364519704205,2026-09-08T18:18:45.891606,14,474ccba59d18cf70
1748378969702760,2026-09-08T18:18:45.891606,14,474ccba59d18cf70
1748381403035850,2026-09-08T18:18:45.891606,14,474ccba59d18cf70
1748382743035716,2026-09-08T18:18:45.891606,14,474ccba59d18cf70
1748383726368951,2026-09-08T18:18:45.891606,14,474ccba59d18cf70
1748385979702059,2026-09-08T18:18:45.891606,14,474ccba59d18cf70
1748387009701956,2026-09-08T18:18:45.891606,14,474ccba59d18cf70
1748397893034201,2026-09-08T18:18:45.891606,14,474ccba59d18cf70
1748398416367482,2026-09-08T18:18:45.891606,14,474ccba59d18cf70
1748406526366671,2026-09-08T18:18:45.891606,14,474ccba59d18cf70
1748406939699963,2026-09-08T18:18:45.891606,14,474ccba59d18cf70
1748408183033172,2026-09-08T18:18:45.891606,14,474ccba59d18cf70
1748409219699735,2026-09-08T18:18:45.891606,14,474ccba59d18cf70
1748418789698778,2026-09-08T18:18:45.891606,14,474ccba59d18cf70
1748426966364627,2026-09-08T18:18:45.891606,14,474ccba59d18cf70
1748427456364578,2026-09-08T18:18:45.891606,14,474ccba59d18cf70
1748438653030125,2026-09-08T18:18:45.891606,14,474ccba59d18cf70
1748439793030011,2026-09-08T18:18:45.891606,14,474ccba59d18cf70
1748924529648204,2026-09-08T18:18:45.891606,14,474ccba59d18cf70
1748925656314758,2026-09-08T18:18:45.891606,14,474ccba59d18cf70
1748926219648035,2026-09-08T18:18:45.891606,14,474ccba59d18cf70
1748976046309719,2026-09-08T18:18:45.891606,14,474ccba59d18cf70
1749036312970359,2026-09-08T18:18:45.891606,14,474ccba59d18cf70
1749063259634331,2026-09-08T18:18:45.891606,14,474ccba59d18cf70
1749082716299052,2026-09-08T18:18:45.891606,14,474ccba59d18cf70
1748383026369021,2026-09-08T18:18:45.891606,14,474ccba59d18cf70
1748429273031063,2026-09-08T18:18:45.891606,14,474ccba59d18cf70
1748555089685148,2026-09-08T18:18:45.891606,14,474ccba59d18cf70
1748678363006154,2026-09-08T18:18:45.891606,14,474ccba59d18cf70
1748720349668622,2026-09-08T18:18:45.891606,14,474ccba59d18cf70
1748726549668002,2026-09-08T18:18:45.891606,14,474ccba59d18cf70
1748735509667106,2026-09-08T18:18:45.891606,14,474ccba59d18cf70
1748738239666833,2026-09-08T18:18:45.891606,14,474ccba59d18cf70
1748739239666733,2026-09-08T18:18:45.891606,14,474ccba59d18cf70
1748740276333296,2026-09-08T18:18:45.891606,14,474ccba59d18cf70
1748741116333212,2026-09-08T18:18:45.891606,14,474ccba59d18cf70
1748746132999377,2026-09-08T18:18:45.891606,14,474ccba59d18cf70
1748747329665924,2026-09-08T18:18:45.891606,14,474ccba59d18cf70
1748749626332361,2026-09-08T18:18:45.891606,14,474ccba59d18cf70
1748750576332266,2026-09-08T18:18:45.891606,14,474ccba59d18cf70
1749002579640399,2026-09-08T18:18:45.891606,14,474ccba59d18cf70
1749080516299272,2026-09-08T18:18:45.891606,14,474ccba59d18cf70
1749093626297961,2026-09-08T18:18:45.891606,14,474ccba59d18cf70
1749122922961698,2026-09-08T18:18:45.891606,14,474ccba59d18cf70
1749123449628312,2026-09-08T18:18:45.891606,14,474ccba59d18cf70
1749130999627557,2026-09-08T18:18:45.891606,14,474ccba59d18cf70
1749181302955860,2026-09-08T18:18:45.891606,14,474ccba59d18cf70
1749221596285164,2026-09-08T18:18:45.891606,14,474ccba59d18cf70
1749267392947251,2026-09-08T18:18:45.891606,14,474ccba59d18cf70
1749494679591189,2026-09-08T18:18:45.891606,14,474ccba59d18cf70
1749494726257851,2026-09-08T18:18:45.891606,14,474ccba59d18cf70
1749561276251196,2026-09-08T18:18:45.891606,14,474ccba59d18cf70
1750326682841322,2026-09-08T18:18:45.891606,14,474ccba59d18cf70
1748531186354205,2026-09-08T18:18:45.891606,14,474ccba59d18cf70
1748537189686938,2026-09-08T18:18:45.891606,14,474ccba59d18cf70
1748543636352960,2026-09-08T18:18:45.891606,14,474ccba59d18cf70
1748550549685602,2026-09-08T18:18:45.891606,14,474ccba59d18cf70
1748599113014079,2026-09-08T18:18:45.891606,14,474ccba59d18cf70
1748610826346241,2026-09-08T18:18:45.891606,14,474ccba59d18cf70
1748643326342991,2026-09-08T18:18:45.891606,14,474ccba59d18cf70
1748656249675032,2026-09-08T18:18:45.891606,14,474ccba59d18cf70
1748667846340539,2026-09-08T18:18:45.891606,14,474ccba59d18cf70
1748677989672858,2026-09-08T18:18:45.891606,14,474ccba59d18cf70
1748689373005053,2026-09-08T18:18:45.891606,14,474ccba59d18cf70
1748690479671609,2026-09-08T18:18:45.891606,14,474ccba59d18cf70
1748702853003705,2026-09-08T18:18:45.891606,14,474ccba59d18cf70
1748753299665327,2026-09-08T18:18:45.891606,14,474ccba59d18cf70
1748981509642506,2026-09-08T18:18:45.891606,14,474ccba59d18cf70
1749006876306636,2026-09-08T18:18:45.891606,14,474ccba59d18cf70
1749086972965293,2026-09-08T18:18:45.891606,14,474ccba59d18cf70
1749272296280094,2026-09-08T18:18:45.891606,14,474ccba59d18cf70
1749272559613401,2026-09-08T18:18:45.891606,14,474ccba59d18cf70
1749337706273553,2026-09-08T18:18:45.891606,14,474ccba59d18cf70
1749572359583421,2026-09-08T18:18:45.891606,14,474ccba59d18cf70
1750091856198138,2026-09-08T18:18:45.891606,14,474ccba59d18cf70
1750092406198083,2026-09-08T18:18:45.891606,14,474ccba59d18cf70
1748574956349828,2026-09-08T18:18:45.891606,14,474ccba59d18cf70
1748580113015979,2026-09-08T18:18:45.891606,14,474ccba59d18cf70
1748685503005440,2026-09-08T18:18:45.891606,14,474ccba59d18cf70
1748708563003134,2026-09-08T18:18:45.891606,14,474ccba59d18cf70
1748727079667949,2026-09-08T18:18:45.891606,14,474ccba59d18cf70
1748749276332396,2026-09-08T18:18:45.891606,14,474ccba59d18cf70
1749274499613207,2026-09-08T18:18:45.891606,14,474ccba59d18cf70
1749451789595478,2026-09-08T18:18:45.891606,14,474ccba59d18cf70
1750329656174358,2026-09-08T18:18:45.891606,14,474ccba59d18cf70
1748591763014814,2026-09-08T18:18:45.891606,14,474ccba59d18cf70
1748644779676179,2026-09-08T18:18:45.891606,14,474ccba59d18cf70
1748659566341367,2026-09-08T18:18:45.891606,14,474ccba59d18cf70
1748663273007663,2026-09-08T18:18:45.891606,14,474ccba59d18cf70
1748665389674118,2026-09-08T18:18:45.891606,14,474ccba59d18cf70
1748674176339906,2026-09-08T18:18:45.891606,14,474ccba59d18cf70
1748754002998590,2026-09-08T18:18:45.891606,14,474ccba59d18cf70
1749074859633171,2026-09-08T18:18:45.891606,14,474ccba59d18cf70
1749075719633085,2026-09-08T18:18:45.891606,14,474ccba59d18cf70
1749221206285203,2026-09-08T18:18:45.891606,14,474ccba59d18cf70
1749247469615910,2026-09-08T18:18:45.891606,14,474ccba59d18cf70
1749263669614290,2026-09-08T18:18:45.891606,14,474ccba59d18cf70
1749267719613885,2026-09-08T18:18:45.891606,14,474ccba59d18cf70
1749335149607142,2026-09-08T18:18:45.891606,14,474ccba59d18cf70
1749403396266984,2026-09-08T18:18:45.891606,14,474ccba59d18cf70
1749575866249737,2026-09-08T18:18:45.891606,14,474ccba59d18cf70
1749801242893866,2026-09-08T18:18:45.891606,14,474ccba59d18cf70
1749875312886459,2026-09-08T18:18:45.891606,14,474ccba59d18cf70
1749921346215189,2026-09-08T18:18:45.891606,14,474ccba59d18cf70
1750087332865257,2026-09-08T18:18:45.891606,14,474ccba59d18cf70
1748528229687834,2026-09-08T18:18:45.891606,14,474ccba59d18cf70
1748530403020950,2026-09-08T18:18:45.891606,14,474ccba59d18cf70
1748534553020535,2026-09-08T18:18:45.891606,14,474ccba59d18cf70
1748536299687027,2026-09-08T18:18:45.891606,14,474ccba59d18cf70
1748536769686980,2026-09-08T18:18:45.891606,14,474ccba59d18cf70
1748539209686736,2026-09-08T18:18:45.891606,14,474ccba59d18cf70
1748543639686293,2026-09-08T18:18:45.891606,14,474ccba59d18cf70
1748544606352863,2026-09-08T18:18:45.891606,14,474ccba59d18cf70
1748547239685933,2026-09-08T18:18:45.891606,14,474ccba59d18cf70
1748550419685615,2026-09-08T18:18:45.891606,14,474ccba59d18cf70
1748551499685507,2026-09-08T18:18:45.891606,14,474ccba59d18cf70
1748553853018605,2026-09-08T18:18:45.891606,14,474ccba59d18cf70
1748566383017352,2026-09-08T18:18:45.891606,14,474ccba59d18cf70
1748567136350610,2026-09-08T18:18:45.891606,14,474ccba59d18cf70
1748569159683741,2026-09-08T18:18:45.891606,14,474ccba59d18cf70
1748569626350361,2026-09-08T18:18:45.891606,14,474ccba59d18cf70
1748572943016696,2026-09-08T18:18:45.891606,14,474ccba59d18cf70
1748575623016428,2026-09-08T18:18:45.891606,14,474ccba59d18cf70
1748577529682904,2026-09-08T18:18:45.891606,14,474ccba59d18cf70
1748584486348875,2026-09-08T18:18:45.891606,14,474ccba59d18cf70
1748585869682070,2026-09-08T18:18:45.891606,14,474ccba59d18cf70
1748594143014576,2026-09-08T18:18:45.891606,14,474ccba59d18cf70
1748594733014517,2026-09-08T18:18:45.891606,14,474ccba59d18cf70
1748595319681125,2026-09-08T18:18:45.891606,14,474ccba59d18cf70
1748630466344277,2026-09-08T18:18:45.891606,14,474ccba59d18cf70
1748652406342083,2026-09-08T18:18:45.891606,14,474ccba59d18cf70
1748664923007498,2026-09-08T18:18:45.891606,14,474ccba59d18cf70
1748667313007259,2026-09-08T18:18:45.891606,14,474ccba59d18cf70
1748673449673312,2026-09-08T18:18:45.891606,14,474ccba59d18cf70
1748755412998449,2026-09-08T18:18:45.891606,14,474ccba59d18cf70
1748966782977312,2026-09-08T18:18:45.891606,14,474ccba59d18cf70
1748998836307440,2026-09-08T18:18:45.891606,14,474ccba59d18cf70
1749000186307305,2026-09-08T18:18:45.891606,14,474ccba59d18cf70
1749273559613301,2026-09-08T18:18:45.891606,14,474ccba59d18cf70
1749274246279899,2026-09-08T18:18:45.891606,14,474ccba59d18cf70
1749290416278282,2026-09-08T18:18:45.891606,14,474ccba59d18cf70
1749334429607214,2026-09-08T18:18:45.891606,14,474ccba59d18cf70
1749570642916926,2026-09-08T18:18:45.891606,14,474ccba59d18cf70
1750322806175043,2026-09-08T18:18:45.891606,14,474ccba59d18cf70
1748522213021769,2026-09-08T18:18:45.891606,14,474ccba59d18cf70
1748522503021740,2026-09-08T18:18:45.891606,14,474ccba59d18cf70
1748534176353906,2026-09-08T18:18:45.891606,14,474ccba59d18cf70
1748534736353850,2026-09-08T18:18:45.891606,14,474ccba59d18cf70
1748561729684484,2026-09-08T18:18:45.891606,14,474ccba59d18cf70
1748640859676571,2026-09-08T18:18:45.891606,14,474ccba59d18cf70
1748728556334468,2026-09-08T18:18:45.891606,14,474ccba59d18cf70
1748748349665822,2026-09-08T18:18:45.891606,14,474ccba59d18cf70
1749004486306875,2026-09-08T18:18:45.891606,14,474ccba59d18cf70
1749029062971084,2026-09-08T18:18:45.891606,14,474ccba59d18cf70
1749097179630939,2026-09-08T18:18:45.891606,14,474ccba59d18cf70
1749220952951895,2026-09-08T18:18:45.891606,14,474ccba59d18cf70
1749255749615082,2026-09-08T18:18:45.891606,14,474ccba59d18cf70
1749262729614384,2026-09-08T18:18:45.891606,14,474ccba59d18cf70
1749406172933373,2026-09-08T18:18:45.891606,14,474ccba59d18cf70
1749494446257879,2026-09-08T18:18:45.891606,14,474ccba59d18cf70
1749494536257870,2026-09-08T18:18:45.891606,14,474ccba59d18cf70
1749561389584518,2026-09-08T18:18:45.891606,14,474ccba59d18cf70
1750093399531317,2026-09-08T18:18:45.891606,14,474ccba59d18cf70
1748526436354680,2026-09-08T18:18:45.891606,14,474ccba59d18cf70
1748535569687100,2026-09-08T18:18:45.891606,14,474ccba59d18cf70
1748611969679460,2026-09-08T18:18:45.891606,14,474ccba59d18cf70
1748718179668839,2026-09-08T18:18:45.891606,14,474ccba59d18cf70
1748723289668328,2026-09-08T18:18:45.891606,14,474ccba59d18cf70
1748723789668278,2026-09-08T18:18:45.891606,14,474ccba59d18cf70
1748725419668115,2026-09-08T18:18:45.891606,14,474ccba59d18cf70
1748750462998944,2026-09-08T18:18:45.891606,14,474ccba59d18cf70
1749003896306934,2026-09-08T18:18:45.891606,14,474ccba59d18cf70
1749188049621852,2026-09-08T18:18:45.891606,14,474ccba59d18cf70
1749220762951914,2026-09-08T18:18:45.891606,14,474ccba59d18cf70
1749236619616995,2026-09-08T18:18:45.891606,14,474ccba59d18cf70
1749266152947375,2026-09-08T18:18:45.891606,14,474ccba59d18cf70
1749272342946756,2026-09-08T18:18:45.891606,14,474ccba59d18cf70
1749399122934078,2026-09-08T18:18:45.891606,14,474ccba59d18cf70
1749406682933322,2026-09-08T18:18:45.891606,14,474ccba59d18cf70
1749495086257815,2026-09-08T18:18:45.891606,14,474ccba59d18cf70
1749521342921856,2026-09-08T18:18:45.891606,14,474ccba59d18cf70
1749523829588274,2026-09-08T18:18:45.891606,14,474ccba59d18cf70
1749551946252129,2026-09-08T18:18:45.891606,14,474ccba59d18cf70
1749558619584795,2026-09-08T18:18:45.891606,14,474ccba59d18cf70
1748520493021941,2026-09-08T18:18:45.891606,14,474ccba59d18cf70
1748525613021429,2026-09-08T18:18:45.891606,14,474ccba59d18cf70
1748526873021303,2026-09-08T18:18:45.891606,14,474ccba59d18cf70
1748528976354426,2026-09-08T18:18:45.891606,14,474ccba59d18cf70
1748529279687729,2026-09-08T18:18:45.891606,14,474ccba59d18cf70
1748529443021046,2026-09-08T18:18:45.891606,14,474ccba59d18cf70
1748586299682027,2026-09-08T18:18:45.891606,14,474ccba59d18cf70
1748596729680984,2026-09-08T18:18:45.891606,14,474ccba59d18cf70
1748602743013716,2026-09-08T18:18:45.891606,14,474ccba59d18cf70
1748638019676855,2026-09-08T18:18:45.891606,14,474ccba59d18cf70
1748641049676552,2026-09-08T18:18:45.891606,14,474ccba59d18cf70
1748646319676025,2026-09-08T18:18:45.891606,14,474ccba59d18cf70
1748647566342567,2026-09-08T18:18:45.891606,14,474ccba59d18cf70
1748653036342020,2026-09-08T18:18:45.891606,14,474ccba59d18cf70
1748660876341236,2026-09-08T18:18:45.891606,14,474ccba59d18cf70
1748672719673385,2026-09-08T18:18:45.891606,14,474ccba59d18cf70
1748676013006389,2026-09-08T18:18:45.891606,14,474ccba59d18cf70
1748689606338363,2026-09-08T18:18:45.891606,14,474ccba59d18cf70
1748691623004828,2026-09-08T18:18:45.891606,14,474ccba59d18cf70
1748694149671242,2026-09-08T18:18:45.891606,14,474ccba59d18cf70
1748694419671215,2026-09-08T18:18:45.891606,14,474ccba59d18cf70
1748701233003867,2026-09-08T18:18:45.891606,14,474ccba59d18cf70
1748703879670269,2026-09-08T18:18:45.891606,14,474ccba59d18cf70
1748752369665420,2026-09-08T18:18:45.891606,14,474ccba59d18cf70
1748954329645224,2026-09-08T18:18:45.891606,14,474ccba59d18cf70
1749001649640492,2026-09-08T18:18:45.891606,14,474ccba59d18cf70
1749033816303942,2026-09-08T18:18:45.891606,14,474ccba59d18cf70
1749220609618596,2026-09-08T18:18:45.891606,14,474ccba59d18cf70
1749269176280406,2026-09-08T18:18:45.891606,14,474ccba59d18cf70
1749332802940710,2026-09-08T18:18:45.891606,14,474ccba59d18cf70
1749567879583869,2026-09-08T18:18:45.891606,14,474ccba59d18cf70
1748522973021693,2026-09-08T18:18:45.891606,14,474ccba59d18cf70
1748534689687188,2026-09-08T18:18:45.891606,14,474ccba59d18cf70
1748757532998237,2026-09-08T18:18:45.891606,14,474ccba59d18cf70
1748926906314633,2026-09-08T18:18:45.891606,14,474ccba59d18cf70
1749219369618720,2026-09-08T18:18:45.891606,14,474ccba59d18cf70
1749264402947550,2026-09-08T18:18:45.891606,14,474ccba59d18cf70
1749270096280314,2026-09-08T18:18:45.891606,14,474ccba59d18cf70
1749494909591166,2026-09-08T18:18:45.891606,14,474ccba59d18cf70
1749559852918005,2026-09-08T18:18:45.891606,14,474ccba59d18cf70
1749578846249439,2026-09-08T18:18:45.891606,14,474ccba59d18cf70
1749579616249362,2026-09-08T18:18:45.891606,14,474ccba59d18cf70
1749919269548730,2026-09-08T18:18:45.891606,14,474ccba59d18cf70
1749919552882035,2026-09-08T18:18:45.891606,14,474ccba59d18cf70
1749919716215352,2026-09-08T18:18:45.891606,14,474ccba59d18cf70
1749919849548672,2026-09-08T18:18:45.891606,14,474ccba59d18cf70
1749920136215310,2026-09-08T18:18:45.891606,14,474ccba59d18cf70
1749920302881960,2026-09-08T18:18:45.891606,14,474ccba59d18cf70
1749920509548606,2026-09-08T18:18:45.891606,14,474ccba59d18cf70
1749920712881919,2026-09-08T18:18:45.891606,14,474ccba59d18cf70
1749920829548574,2026-09-08T18:18:45.891606,14,474ccba59d18cf70
1749921002881890,2026-09-08T18:18:45.891606,14,474ccba59d18cf70
1749921136215210,2026-09-08T18:18:45.891606,14,474ccba59d18cf70
1750051536202170,2026-09-08T18:18:45.891606,14,474ccba59d18cf70
1748649543009036,2026-09-08T18:18:45.891606,14,474ccba59d18cf70
1748650463008944,2026-09-08T18:18:45.891606,14,474ccba59d18cf70
1748654719675185,2026-09-08T18:18:45.891606,14,474ccba59d18cf70
1748703056337018,2026-09-08T18:18:45.891606,14,474ccba59d18cf70
1748729563001034,2026-09-08T18:18:45.891606,14,474ccba59d18cf70
1748747749665882,2026-09-08T18:18:45.891606,14,474ccba59d18cf70
1748965492977441,2026-09-08T18:18:45.891606,14,474ccba59d18cf70
1748998919640765,2026-09-08T18:18:45.891606,14,474ccba59d18cf70
1749192336288090,2026-09-08T18:18:45.891606,14,474ccba59d18cf70
1749219079618749,2026-09-08T18:18:45.891606,14,474ccba59d18cf70
1749230112950979,2026-09-08T18:18:45.891606,14,474ccba59d18cf70
1749230989617558,2026-09-08T18:18:45.891606,14,474ccba59d18cf70
1749231122950878,2026-09-08T18:18:45.891606,14,474ccba59d18cf70
1749232479617409,2026-09-08T18:18:45.891606,14,474ccba59d18cf70
1749233406283983,2026-09-08T18:18:45.891606,14,474ccba59d18cf70
1749239119616745,2026-09-08T18:18:45.891606,14,474ccba59d18cf70
1749242669616390,2026-09-08T18:18:45.891606,14,474ccba59d18cf70
1749243929616264,2026-09-08T18:18:45.891606,14,474ccba59d18cf70
1749248269615830,2026-09-08T18:18:45.891606,14,474ccba59d18cf70
1749252866282037,2026-09-08T18:18:45.891606,14,474ccba59d18cf70
1749263309614326,2026-09-08T18:18:45.891606,14,474ccba59d18cf70
1749268872947103,2026-09-08T18:18:45.891606,14,474ccba59d18cf70
1749269539613703,2026-09-08T18:18:45.891606,14,474ccba59d18cf70
1749291842944806,2026-09-08T18:18:45.891606,14,474ccba59d18cf70
1749317012942289,2026-09-08T18:18:45.891606,14,474ccba59d18cf70
1748528799687777,2026-09-08T18:18:45.891606,14,474ccba59d18cf70
1748529636354360,2026-09-08T18:18:45.891606,14,474ccba59d18cf70
1748658089674848,2026-09-08T18:18:45.891606,14,474ccba59d18cf70
1748756132998377,2026-09-08T18:18:45.891606,14,474ccba59d18cf70
1748946476312676,2026-09-08T18:18:45.891606,14,474ccba59d18cf70
1748962746311049,2026-09-08T18:18:45.891606,14,474ccba59d18cf70
1749001216307202,2026-09-08T18:18:45.891606,14,474ccba59d18cf70
1749272736280050,2026-09-08T18:18:45.891606,14,474ccba59d18cf70
1749287866278537,2026-09-08T18:18:45.891606,14,474ccba59d18cf70
1749351272938863,2026-09-08T18:18:45.891606,14,474ccba59d18cf70
1749538259586831,2026-09-08T18:18:45.891606,14,474ccba59d18cf70
1750093899531267,2026-09-08T18:18:45.891606,14,474ccba59d18cf70
1748984802975510,2026-09-08T18:18:45.891606,14,474ccba59d18cf70
1748987182975272,2026-09-08T18:18:45.891606,14,474ccba59d18cf70
1748987312975259,2026-09-08T18:18:45.891606,14,474ccba59d18cf70
1748987712975219,2026-09-08T18:18:45.891606,14,474ccba59d18cf70
1748994869641170,2026-09-08T18:18:45.891606,14,474ccba59d18cf70
1749035426303781,2026-09-08T18:18:45.891606,14,474ccba59d18cf70
1749048902969100,2026-09-08T18:18:45.891606,14,474ccba59d18cf70
1749055549635102,2026-09-08T18:18:45.891606,14,474ccba59d18cf70
1749057032968287,2026-09-08T18:18:45.891606,14,474ccba59d18cf70
1749077319632925,2026-09-08T18:18:45.891606,14,474ccba59d18cf70
1749080036299320,2026-09-08T18:18:45.891606,14,474ccba59d18cf70
1749083506298973,2026-09-08T18:18:45.891606,14,474ccba59d18cf70
1749116916295632,2026-09-08T18:18:45.891606,14,474ccba59d18cf70
1749212209619436,2026-09-08T18:18:45.891606,14,474ccba59d18cf70
1749218289618828,2026-09-08T18:18:45.891606,14,474ccba59d18cf70
1749231869617470,2026-09-08T18:18:45.891606,14,474ccba59d18cf70
1749257486281575,2026-09-08T18:18:45.891606,14,474ccba59d18cf70
1749262599614397,2026-09-08T18:18:45.891606,14,474ccba59d18cf70
1750104262863564,2026-09-08T18:18:45.891606,14,474ccba59d18cf70
1749133889627268,2026-09-08T18:18:45.891606,14,474ccba59d18cf70
1749141226293201,2026-09-08T18:18:45.891606,14,474ccba59d18cf70
1749141529626504,2026-09-08T18:18:45.891606,14,474ccba59d18cf70
1749141846293139,2026-09-08T18:18:45.891606,14,474ccba59d18cf70
1749146152959375,2026-09-08T18:18:45.891606,14,474ccba59d18cf70
1749149549625702,2026-09-08T18:18:45.891606,14,474ccba59d18cf70
1749214032952587,2026-09-08T18:18:45.891606,14,474ccba59d18cf70
1749271472946843,2026-09-08T18:18:45.891606,14,474ccba59d18cf70
1749292022944788,2026-09-08T18:18:45.891606,14,474ccba59d18cf70
1749321229608534,2026-09-08T18:18:45.891606,14,474ccba59d18cf70
1749331202940870,2026-09-08T18:18:45.891606,14,474ccba59d18cf70
1749331269607530,2026-09-08T18:18:45.891606,14,474ccba59d18cf70
1749331642940826,2026-09-08T18:18:45.891606,14,474ccba59d18cf70
1749331762940814,2026-09-08T18:18:45.891606,14,474ccba59d18cf70
1749331846274139,2026-09-08T18:18:45.891606,14,474ccba59d18cf70
1749332016274122,2026-09-08T18:18:45.891606,14,474ccba59d18cf70
1749332336274090,2026-09-08T18:18:45.891606,14,474ccba59d18cf70
1749332619607395,2026-09-08T18:18:45.891606,14,474ccba59d18cf70
1749332859607371,2026-09-08T18:18:45.891606,14,474ccba59d18cf70
1749335522940438,2026-09-08T18:18:45.891606,14,474ccba59d18cf70
1749412986266025,2026-09-08T18:18:45.891606,14,474ccba59d18cf70
1749438682930122,2026-09-08T18:18:45.891606,14,474ccba59d18cf70
1749566359584021,2026-09-08T18:18:45.891606,14,474ccba59d18cf70
1750092939531363,2026-09-08T18:18:45.891606,14,474ccba59d18cf70
1750312802842710,2026-09-08T18:18:45.891606,14,474ccba59d18cf70
1749134172960573,2026-09-08T18:18:45.891606,14,474ccba59d18cf70
1749135086293815,2026-09-08T18:18:45.891606,14,474ccba59d18cf70
1749138492960141,2026-09-08T18:18:45.891606,14,474ccba59d18cf70
1749140636293260,2026-09-08T18:18:45.891606,14,474ccba59d18cf70
1749141146293209,2026-09-08T18:18:45.891606,14,474ccba59d18cf70
1749142229626434,2026-09-08T18:18:45.891606,14,474ccba59d18cf70
1749142696293054,2026-09-08T18:18:45.891606,14,474ccba59d18cf70
1749146322959358,2026-09-08T18:18:45.891606,14,474ccba59d18cf70
1749147546292569,2026-09-08T18:18:45.891606,14,474ccba59d18cf70
1749149359625721,2026-09-08T18:18:45.891606,14,474ccba59d18cf70
1749154672958523,2026-09-08T18:18:45.891606,14,474ccba59d18cf70
1749161219624535,2026-09-08T18:18:45.891606,14,474ccba59d18cf70
1749162212957769,2026-09-08T18:18:45.891606,14,474ccba59d18cf70
1749162636291060,2026-09-08T18:18:45.891606,14,474ccba59d18cf70
1749173956289928,2026-09-08T18:18:45.891606,14,474ccba59d18cf70
1749200019620655,2026-09-08T18:18:45.891606,14,474ccba59d18cf70
1749214706285853,2026-09-08T18:18:45.891606,14,474ccba59d18cf70
1749228672951123,2026-09-08T18:18:45.891606,14,474ccba59d18cf70
1749265932947397,2026-09-08T18:18:45.891606,14,474ccba59d18cf70
1749267052947285,2026-09-08T18:18:45.891606,14,474ccba59d18cf70
1749280866279237,2026-09-08T18:18:45.891606,14,474ccba59d18cf70
1749322136275110,2026-09-08T18:18:45.891606,14,474ccba59d18cf70
1749427119597945,2026-09-08T18:18:45.891606,14,474ccba59d18cf70
1749533242920666,2026-09-08T18:18:45.891606,14,474ccba59d18cf70
1749548769585780,2026-09-08T18:18:45.891606,14,474ccba59d18cf70
1749574592916531,2026-09-08T18:18:45.891606,14,474ccba59d18cf70
1749795782894412,2026-09-08T18:18:45.891606,14,474ccba59d18cf70
1749843076223016,2026-09-08T18:18:45.891606,14,474ccba59d18cf70
1750090512864939,2026-09-08T18:18:45.891606,14,474ccba59d18cf70
1750892949451362,2026-09-08T18:18:45.891606,14,474ccba59d18cf70
1751004446106879,2026-09-08T18:18:45.891606,14,474ccba59d18cf70
1751125076094816,2026-09-08T18:18:45.891606,14,474ccba59d18cf70
1749138026293521,2026-09-08T18:18:45.891606,14,474ccba59d18cf70
1749138622960128,2026-09-08T18:18:45.891606,14,474ccba59d18cf70
1749160202957970,2026-09-08T18:18:45.891606,14,474ccba59d18cf70
1749172786290045,2026-09-08T18:18:45.891606,14,474ccba59d18cf70
1749203166287007,2026-09-08T18:18:45.891606,14,474ccba59d18cf70
1749214999619157,2026-09-08T18:18:45.891606,14,474ccba59d18cf70
1749230839617573,2026-09-08T18:18:45.891606,14,474ccba59d18cf70
1749266522947338,2026-09-08T18:18:45.891606,14,474ccba59d18cf70
1749269072947083,2026-09-08T18:18:45.891606,14,474ccba59d18cf70
1749324309608226,2026-09-08T18:18:45.891606,14,474ccba59d18cf70
1749328406274483,2026-09-08T18:18:45.891606,14,474ccba59d18cf70
1749329542941036,2026-09-08T18:18:45.891606,14,474ccba59d18cf70
1749330766274247,2026-09-08T18:18:45.891606,14,474ccba59d18cf70
1749775082896482,2026-09-08T18:18:45.891606,14,474ccba59d18cf70
1749886786218645,2026-09-08T18:18:45.891606,14,474ccba59d18cf70
1749921122881878,2026-09-08T18:18:45.891606,14,474ccba59d18cf70
1751499262724064,2026-09-08T18:18:45.891606,14,474ccba59d18cf70
1749144196292904,2026-09-08T18:18:45.891606,14,474ccba59d18cf70
1749144749626182,2026-09-08T18:18:45.891606,14,474ccba59d18cf70
1749148719625785,2026-09-08T18:18:45.891606,14,474ccba59d18cf70
1749154436291880,2026-09-08T18:18:45.891606,14,474ccba59d18cf70
1749208036286520,2026-09-08T18:18:45.891606,14,474ccba59d18cf70
1749216099619047,2026-09-08T18:18:45.891606,14,474ccba59d18cf70
1749216269619030,2026-09-08T18:18:45.891606,14,474ccba59d18cf70
1749216339619023,2026-09-08T18:18:45.891606,14,474ccba59d18cf70
1749217249618932,2026-09-08T18:18:45.891606,14,474ccba59d18cf70
1749270116280312,2026-09-08T18:18:45.891606,14,474ccba59d18cf70
1749270349613622,2026-09-08T18:18:45.891606,14,474ccba59d18cf70
1749325276274796,2026-09-08T18:18:45.891606,14,474ccba59d18cf70
1749343269606330,2026-09-08T18:18:45.891606,14,474ccba59d18cf70
1749376086269715,2026-09-08T18:18:45.891606,14,474ccba59d18cf70
1749398789600778,2026-09-08T18:18:45.891606,14,474ccba59d18cf70
1749536912920299,2026-09-08T18:18:45.891606,14,474ccba59d18cf70
1749546406252683,2026-09-08T18:18:45.891606,14,474ccba59d18cf70
1749145172959473,2026-09-08T18:18:45.891606,14,474ccba59d18cf70
1749179952955995,2026-09-08T18:18:45.891606,14,474ccba59d18cf70
1749206686286655,2026-09-08T18:18:45.891606,14,474ccba59d18cf70
1749216486285675,2026-09-08T18:18:45.891606,14,474ccba59d18cf70
1749228429617814,2026-09-08T18:18:45.891606,14,474ccba59d18cf70
1749242979616359,2026-09-08T18:18:45.891606,14,474ccba59d18cf70
1749258759614781,2026-09-08T18:18:45.891606,14,474ccba59d18cf70
1749262119614445,2026-09-08T18:18:45.891606,14,474ccba59d18cf70
1749522689588388,2026-09-08T18:18:45.891606,14,474ccba59d18cf70
1749553672918623,2026-09-08T18:18:45.891606,14,474ccba59d18cf70
1749309712943019,2026-09-08T18:18:45.891606,14,474ccba59d18cf70
1749505376256786,2026-09-08T18:18:45.891606,14,474ccba59d18cf70
1750105292863461,2026-09-08T18:18:45.891606,14,474ccba59d18cf70
1749198179620839,2026-09-08T18:18:45.891606,14,474ccba59d18cf70
1749203092953681,2026-09-08T18:18:45.891606,14,474ccba59d18cf70
1749212739619383,2026-09-08T18:18:45.891606,14,474ccba59d18cf70
1749214169619240,2026-09-08T18:18:45.891606,14,474ccba59d18cf70
1749214512952539,2026-09-08T18:18:45.891606,14,474ccba59d18cf70
1749225869618070,2026-09-08T18:18:45.891606,14,474ccba59d18cf70
1749226439618013,2026-09-08T18:18:45.891606,14,474ccba59d18cf70
1749232926284031,2026-09-08T18:18:45.891606,14,474ccba59d18cf70
1749235576283766,2026-09-08T18:18:45.891606,14,474ccba59d18cf70
1749239846283339,2026-09-08T18:18:45.891606,14,474ccba59d18cf70
1749241819616475,2026-09-08T18:18:45.891606,14,474ccba59d18cf70
1749245466282777,2026-09-08T18:18:45.891606,14,474ccba59d18cf70
1749246899615967,2026-09-08T18:18:45.891606,14,474ccba59d18cf70
1749264456280878,2026-09-08T18:18:45.891606,14,474ccba59d18cf70
1749277362946254,2026-09-08T18:18:45.891606,14,474ccba59d18cf70
1749279082946082,2026-09-08T18:18:45.891606,14,474ccba59d18cf70
1749280306279293,2026-09-08T18:18:45.891606,14,474ccba59d18cf70
1749285109612146,2026-09-08T18:18:45.891606,14,474ccba59d18cf70
1749292102944780,2026-09-08T18:18:45.891606,14,474ccba59d18cf70
1749300079610649,2026-09-08T18:18:45.891606,14,474ccba59d18cf70
1749319269608730,2026-09-08T18:18:45.891606,14,474ccba59d18cf70
1749359936271330,2026-09-08T18:18:45.891606,14,474ccba59d18cf70
1749453449595312,2026-09-08T18:18:45.891606,14,474ccba59d18cf70
1749478942926096,2026-09-08T18:18:45.891606,14,474ccba59d18cf70
1749564702917520,2026-09-08T18:18:45.891606,14,474ccba59d18cf70
1749594909581166,2026-09-08T18:18:45.891606,14,474ccba59d18cf70
1749788882895102,2026-09-08T18:18:45.891606,14,474ccba59d18cf70
1749814109559246,2026-09-08T18:18:45.891606,14,474ccba59d18cf70
1749821492891841,2026-09-08T18:18:45.891606,14,474ccba59d18cf70
1749823116225012,2026-09-08T18:18:45.891606,14,474ccba59d18cf70
1749852289555428,2026-09-08T18:18:45.891606,14,474ccba59d18cf70
1749872156220108,2026-09-08T18:18:45.891606,14,474ccba59d18cf70
1749998549540802,2026-09-08T18:18:45.891606,14,474ccba59d18cf70
1749999462874044,2026-09-08T18:18:45.891606,14,474ccba59d18cf70
1750019922871998,2026-09-08T18:18:45.891606,14,474ccba59d18cf70
1750079886199335,2026-09-08T18:18:45.891606,14,474ccba59d18cf70
1750316032842387,2026-09-08T18:18:45.891606,14,474ccba59d18cf70
1749194176287906,2026-09-08T18:18:45.891606,14,474ccba59d18cf70
1749195299621127,2026-09-08T18:18:45.891606,14,474ccba59d18cf70
1749196712954319,2026-09-08T18:18:45.891606,14,474ccba59d18cf70
1749197359620921,2026-09-08T18:18:45.891606,14,474ccba59d18cf70
1749197926287531,2026-09-08T18:18:45.891606,14,474ccba59d18cf70
1749198706287453,2026-09-08T18:18:45.891606,14,474ccba59d18cf70
1749207186286605,2026-09-08T18:18:45.891606,14,474ccba59d18cf70
1749208106286513,2026-09-08T18:18:45.891606,14,474ccba59d18cf70
1749213396285984,2026-09-08T18:18:45.891606,14,474ccba59d18cf70
1749216426285681,2026-09-08T18:18:45.891606,14,474ccba59d18cf70
1749216639618993,2026-09-08T18:18:45.891606,14,474ccba59d18cf70
1749224999618157,2026-09-08T18:18:45.891606,14,474ccba59d18cf70
1749227722951218,2026-09-08T18:18:45.891606,14,474ccba59d18cf70
1749238686283455,2026-09-08T18:18:45.891606,14,474ccba59d18cf70
1749246666282657,2026-09-08T18:18:45.891606,14,474ccba59d18cf70
1749246792949311,2026-09-08T18:18:45.891606,14,474ccba59d18cf70
1749265182947472,2026-09-08T18:18:45.891606,14,474ccba59d18cf70
1749307626276561,2026-09-08T18:18:45.891606,14,474ccba59d18cf70
1749307972943193,2026-09-08T18:18:45.891606,14,474ccba59d18cf70
1749310232942967,2026-09-08T18:18:45.891606,14,474ccba59d18cf70
1749320019608655,2026-09-08T18:18:45.891606,14,474ccba59d18cf70
1749321739608483,2026-09-08T18:18:45.891606,14,474ccba59d18cf70
1749326879607969,2026-09-08T18:18:45.891606,14,474ccba59d18cf70
1749338566273467,2026-09-08T18:18:45.891606,14,474ccba59d18cf70
1749349202939070,2026-09-08T18:18:45.891606,14,474ccba59d18cf70
1749390032934987,2026-09-08T18:18:45.891606,14,474ccba59d18cf70
1749418236265500,2026-09-08T18:18:45.891606,14,474ccba59d18cf70
1749426749597982,2026-09-08T18:18:45.891606,14,474ccba59d18cf70
1749449536262370,2026-09-08T18:18:45.891606,14,474ccba59d18cf70
1749494616257862,2026-09-08T18:18:45.891606,14,474ccba59d18cf70
1749529012921089,2026-09-08T18:18:45.891606,14,474ccba59d18cf70
1749543516252972,2026-09-08T18:18:45.891606,14,474ccba59d18cf70
1749599316247392,2026-09-08T18:18:45.891606,14,474ccba59d18cf70
1749900136217310,2026-09-08T18:18:45.891606,14,474ccba59d18cf70
1749915119549145,2026-09-08T18:18:45.891606,14,474ccba59d18cf70
1749915909549066,2026-09-08T18:18:45.891606,14,474ccba59d18cf70
1750089299531727,2026-09-08T18:18:45.891606,14,474ccba59d18cf70
1749278039612853,2026-09-08T18:18:45.891606,14,474ccba59d18cf70
1749283449612312,2026-09-08T18:18:45.891606,14,474ccba59d18cf70
1749285216278802,2026-09-08T18:18:45.891606,14,474ccba59d18cf70
1749315966275727,2026-09-08T18:18:45.891606,14,474ccba59d18cf70
1749393672934623,2026-09-08T18:18:45.891606,14,474ccba59d18cf70
1749530866254237,2026-09-08T18:18:45.891606,14,474ccba59d18cf70
1749536279587029,2026-09-08T18:18:45.891606,14,474ccba59d18cf70
1749540692919921,2026-09-08T18:18:45.891606,14,474ccba59d18cf70
1749548829585774,2026-09-08T18:18:45.891606,14,474ccba59d18cf70
1749550072918983,2026-09-08T18:18:45.891606,14,474ccba59d18cf70
1749560226251301,2026-09-08T18:18:45.891606,14,474ccba59d18cf70
1749567122917278,2026-09-08T18:18:45.891606,14,474ccba59d18cf70
1749593762914614,2026-09-08T18:18:45.891606,14,474ccba59d18cf70
1749859292888061,2026-09-08T18:18:45.891606,14,474ccba59d18cf70
1750053142868676,2026-09-08T18:18:45.891606,14,474ccba59d18cf70
1750083179532339,2026-09-08T18:18:45.891606,14,474ccba59d18cf70
1750105102863480,2026-09-08T18:18:45.891606,14,474ccba59d18cf70
1750260342847956,2026-09-08T18:18:45.891606,14,474ccba59d18cf70
1750288982845092,2026-09-08T18:18:45.891606,14,474ccba59d18cf70
1750290222844968,2026-09-08T18:18:45.891606,14,474ccba59d18cf70
1750293232844667,2026-09-08T18:18:45.891606,14,474ccba59d18cf70
1750294986177825,2026-09-08T18:18:45.891606,14,474ccba59d18cf70
1750295636177760,2026-09-08T18:18:45.891606,14,474ccba59d18cf70
1750296132844377,2026-09-08T18:18:45.891606,14,474ccba59d18cf70
1750297392844251,2026-09-08T18:18:45.891606,14,474ccba59d18cf70
1750298076177516,2026-09-08T18:18:45.891606,14,474ccba59d18cf70
1750299139510743,2026-09-08T18:18:45.891606,14,474ccba59d18cf70
1750328812841109,2026-09-08T18:18:45.891606,14,474ccba59d18cf70
1750333106174013,2026-09-08T18:18:45.891606,14,474ccba59d18cf70
1750342396173084,2026-09-08T18:18:45.891606,14,474ccba59d18cf70
1750374092836581,2026-09-08T18:18:45.891606,14,474ccba59d18cf70
1750389889501668,2026-09-08T18:18:45.891606,14,474ccba59d18cf70
1750393709501286,2026-09-08T18:18:45.891606,14,474ccba59d18cf70
1750424702831520,2026-09-08T18:18:45.891606,14,474ccba59d18cf70
1750430922830898,2026-09-08T18:18:45.891606,14,474ccba59d18cf70
1750432026164121,2026-09-08T18:18:45.891606,14,474ccba59d18cf70
1750441152829875,2026-09-08T18:18:45.891606,14,474ccba59d18cf70
1750678329472824,2026-09-08T18:18:45.891606,14,474ccba59d18cf70
1750681946139129,2026-09-08T18:18:45.891606,14,474ccba59d18cf70
1750682806139043,2026-09-08T18:18:45.891606,14,474ccba59d18cf70
1750719702802020,2026-09-08T18:18:45.891606,14,474ccba59d18cf70
1750726852801305,2026-09-08T18:18:45.891606,14,474ccba59d18cf70
1750745146132809,2026-09-08T18:18:45.891606,14,474ccba59d18cf70
1750816719458985,2026-09-08T18:18:45.891606,14,474ccba59d18cf70
1749417602932230,2026-09-08T18:18:45.891606,14,474ccba59d18cf70
1749422032931787,2026-09-08T18:18:45.891606,14,474ccba59d18cf70
1749429889597668,2026-09-08T18:18:45.891606,14,474ccba59d18cf70
1749500546257269,2026-09-08T18:18:45.891606,14,474ccba59d18cf70
1749514046255919,2026-09-08T18:18:45.891606,14,474ccba59d18cf70
1749532559587401,2026-09-08T18:18:45.891606,14,474ccba59d18cf70
1749600386247285,2026-09-08T18:18:45.891606,14,474ccba59d18cf70
1749842489556408,2026-09-08T18:18:45.891606,14,474ccba59d18cf70
1749920059548651,2026-09-08T18:18:45.891606,14,474ccba59d18cf70
1750104832863507,2026-09-08T18:18:45.891606,14,474ccba59d18cf70
1749461029594554,2026-09-08T18:18:45.891606,14,474ccba59d18cf70
1749495216257802,2026-09-08T18:18:45.891606,14,474ccba59d18cf70
1749554479585209,2026-09-08T18:18:45.891606,14,474ccba59d18cf70
1749557952918195,2026-09-08T18:18:45.891606,14,474ccba59d18cf70
1749595592914431,2026-09-08T18:18:45.891606,14,474ccba59d18cf70
1750019639538693,2026-09-08T18:18:45.891606,14,474ccba59d18cf70
1750085139532143,2026-09-08T18:18:45.891606,14,474ccba59d18cf70
1750104619530195,2026-09-08T18:18:45.891606,14,474ccba59d18cf70
1749381299602527,2026-09-08T18:18:45.891606,14,474ccba59d18cf70
1749382102935780,2026-09-08T18:18:45.891606,14,474ccba59d18cf70
1749392396268084,2026-09-08T18:18:45.891606,14,474ccba59d18cf70
1749896079551049,2026-09-08T18:18:45.891606,14,474ccba59d18cf70
1749919002882090,2026-09-08T18:18:45.891606,14,474ccba59d18cf70
1749920096215314,2026-09-08T18:18:45.891606,14,474ccba59d18cf70
1749921802881810,2026-09-08T18:18:45.891606,14,474ccba59d18cf70
1749924676214856,2026-09-08T18:18:45.891606,14,474ccba59d18cf70
1749928026214521,2026-09-08T18:18:45.891606,14,474ccba59d18cf70
1750281432845847,2026-09-08T18:18:45.891606,14,474ccba59d18cf70
1750287532845237,2026-09-08T18:18:45.891606,14,474ccba59d18cf70
1750290312844959,2026-09-08T18:18:45.891606,14,474ccba59d18cf70
1750291759511481,2026-09-08T18:18:45.891606,14,474ccba59d18cf70
1750292922844698,2026-09-08T18:18:45.891606,14,474ccba59d18cf70
1750296679510989,2026-09-08T18:18:45.891606,14,474ccba59d18cf70
1750297139510943,2026-09-08T18:18:45.891606,14,474ccba59d18cf70
1750297806177543,2026-09-08T18:18:45.891606,14,474ccba59d18cf70
1750298169510840,2026-09-08T18:18:45.891606,14,474ccba59d18cf70
1750299819510675,2026-09-08T18:18:45.891606,14,474ccba59d18cf70
1750301886177135,2026-09-08T18:18:45.891606,14,474ccba59d18cf70
1750303416176982,2026-09-08T18:18:45.891606,14,474ccba59d18cf70
1750305146176809,2026-09-08T18:18:45.891606,14,474ccba59d18cf70
1750311909509466,2026-09-08T18:18:45.891606,14,474ccba59d18cf70
1750321316175192,2026-09-08T18:18:45.891606,14,474ccba59d18cf70
1750327399507917,2026-09-08T18:18:45.891606,14,474ccba59d18cf70
1750330189507638,2026-09-08T18:18:45.891606,14,474ccba59d18cf70
1750331172840873,2026-09-08T18:18:45.891606,14,474ccba59d18cf70
1750339359506721,2026-09-08T18:18:45.891606,14,474ccba59d18cf70
1750339996173324,2026-09-08T18:18:45.891606,14,474ccba59d18cf70
1750343606172963,2026-09-08T18:18:45.891606,14,474ccba59d18cf70
1750345012839489,2026-09-08T18:18:45.891606,14,474ccba59d18cf70
1750345522839438,2026-09-08T18:18:45.891606,14,474ccba59d18cf70
1750348106172513,2026-09-08T18:18:45.891606,14,474ccba59d18cf70
1750353389505318,2026-09-08T18:18:45.891606,14,474ccba59d18cf70
1750355642838426,2026-09-08T18:18:45.891606,14,474ccba59d18cf70
1750366802837310,2026-09-08T18:18:45.891606,14,474ccba59d18cf70
1750369352837055,2026-09-08T18:18:45.891606,14,474ccba59d18cf70
1750372619503395,2026-09-08T18:18:45.891606,14,474ccba59d18cf70
1750373979503259,2026-09-08T18:18:45.891606,14,474ccba59d18cf70
1750381172835873,2026-09-08T18:18:45.891606,14,474ccba59d18cf70
1750382396169084,2026-09-08T18:18:45.891606,14,474ccba59d18cf70
1750393789501278,2026-09-08T18:18:45.891606,14,474ccba59d18cf70
1750411139499543,2026-09-08T18:18:45.891606,14,474ccba59d18cf70
1750436696163654,2026-09-08T18:18:45.891606,14,474ccba59d18cf70
1750612526146071,2026-09-08T18:18:45.891606,14,474ccba59d18cf70
1750651146142209,2026-09-08T18:18:45.891606,14,474ccba59d18cf70
1750655132808477,2026-09-08T18:18:45.891606,14,474ccba59d18cf70
1750657376141586,2026-09-08T18:18:45.891606,14,474ccba59d18cf70
1750667866140537,2026-09-08T18:18:45.891606,14,474ccba59d18cf70
1750671806140143,2026-09-08T18:18:45.891606,14,474ccba59d18cf70
1750672599473397,2026-09-08T18:18:45.891606,14,474ccba59d18cf70
1750676372806353,2026-09-08T18:18:45.891606,14,474ccba59d18cf70
1750679529472704,2026-09-08T18:18:45.891606,14,474ccba59d18cf70
1750683359472321,2026-09-08T18:18:45.891606,14,474ccba59d18cf70
1750687109471946,2026-09-08T18:18:45.891606,14,474ccba59d18cf70
1750692096138114,2026-09-08T18:18:45.891606,14,474ccba59d18cf70
1750696419471015,2026-09-08T18:18:45.891606,14,474ccba59d18cf70
1750697292804261,2026-09-08T18:18:45.891606,14,474ccba59d18cf70
1750702156137108,2026-09-08T18:18:45.891606,14,474ccba59d18cf70
1750713109469346,2026-09-08T18:18:45.891606,14,474ccba59d18cf70
1750714992802491,2026-09-08T18:18:45.891606,14,474ccba59d18cf70
1750715306135793,2026-09-08T18:18:45.891606,14,474ccba59d18cf70
1750725112801479,2026-09-08T18:18:45.891606,14,474ccba59d18cf70
1750732219467435,2026-09-08T18:18:45.891606,14,474ccba59d18cf70
1750734872800503,2026-09-08T18:18:45.891606,14,474ccba59d18cf70
1750745672799423,2026-09-08T18:18:45.891606,14,474ccba59d18cf70
1750746912799299,2026-09-08T18:18:45.891606,14,474ccba59d18cf70
1750750396132284,2026-09-08T18:18:45.891606,14,474ccba59d18cf70
1750750572798933,2026-09-08T18:18:45.891606,14,474ccba59d18cf70
1750751192798871,2026-09-08T18:18:45.891606,14,474ccba59d18cf70
1750766429464014,2026-09-08T18:18:45.891606,14,474ccba59d18cf70
1750770689463588,2026-09-08T18:18:45.891606,14,474ccba59d18cf70
1750772052796785,2026-09-08T18:18:45.891606,14,474ccba59d18cf70
1750778106129513,2026-09-08T18:18:45.891606,14,474ccba59d18cf70
1750792386128085,2026-09-08T18:18:45.891606,14,474ccba59d18cf70
1750797432794247,2026-09-08T18:18:45.891606,14,474ccba59d18cf70
1750801016127222,2026-09-08T18:18:45.891606,14,474ccba59d18cf70
1750801972793793,2026-09-08T18:18:45.891606,14,474ccba59d18cf70
1750802092793781,2026-09-08T18:18:45.891606,14,474ccba59d18cf70
1750803119460345,2026-09-08T18:18:45.891606,14,474ccba59d18cf70
1750803262793664,2026-09-08T18:18:45.891606,14,474ccba59d18cf70
1750803856126938,2026-09-08T18:18:45.891606,14,474ccba59d18cf70
1750804429460214,2026-09-08T18:18:45.891606,14,474ccba59d18cf70
1750806856126638,2026-09-08T18:18:45.891606,14,474ccba59d18cf70
1750820746125249,2026-09-08T18:18:45.891606,14,474ccba59d18cf70
1750821182791872,2026-09-08T18:18:45.891606,14,474ccba59d18cf70
1750822676125056,2026-09-08T18:18:45.891606,14,474ccba59d18cf70
1750823666124957,2026-09-08T18:18:45.891606,14,474ccba59d18cf70
1750824079458249,2026-09-08T18:18:45.891606,14,474ccba59d18cf70
1750827312791259,2026-09-08T18:18:45.891606,14,474ccba59d18cf70
1750835749457082,2026-09-08T18:18:45.891606,14,474ccba59d18cf70
1750842966123027,2026-09-08T18:18:45.891606,14,474ccba59d18cf70
1750843456122978,2026-09-08T18:18:45.891606,14,474ccba59d18cf70
1750843536122970,2026-09-08T18:18:45.891606,14,474ccba59d18cf70
1750847012789289,2026-09-08T18:18:45.891606,14,474ccba59d18cf70
1750849549455702,2026-09-08T18:18:45.891606,14,474ccba59d18cf70
1750850289455628,2026-09-08T18:18:45.891606,14,474ccba59d18cf70
1750850729455584,2026-09-08T18:18:45.891606,14,474ccba59d18cf70
1750851026122221,2026-09-08T18:18:45.891606,14,474ccba59d18cf70
1750851856122138,2026-09-08T18:18:45.891606,14,474ccba59d18cf70
1750859492788041,2026-09-08T18:18:45.891606,14,474ccba59d18cf70
1750863166121007,2026-09-08T18:18:45.891606,14,474ccba59d18cf70
1750864222787568,2026-09-08T18:18:45.891606,14,474ccba59d18cf70
1750875342786456,2026-09-08T18:18:45.891606,14,474ccba59d18cf70
1750876769452980,2026-09-08T18:18:45.891606,14,474ccba59d18cf70
1750878506119473,2026-09-08T18:18:45.891606,14,474ccba59d18cf70
1750878652786125,2026-09-08T18:18:45.891606,14,474ccba59d18cf70
1750886202785370,2026-09-08T18:18:45.891606,14,474ccba59d18cf70
1750886266118697,2026-09-08T18:18:45.891606,14,474ccba59d18cf70
1750892466118077,2026-09-08T18:18:45.891606,14,474ccba59d18cf70
1750893772784613,2026-09-08T18:18:45.891606,14,474ccba59d18cf70
1750897462784244,2026-09-08T18:18:45.891606,14,474ccba59d18cf70
1750897716117552,2026-09-08T18:18:45.891606,14,474ccba59d18cf70
1750901049450552,2026-09-08T18:18:45.891606,14,474ccba59d18cf70
1750901436117180,2026-09-08T18:18:45.891606,14,474ccba59d18cf70
1750906809449976,2026-09-08T18:18:45.891606,14,474ccba59d18cf70
1750907612783229,2026-09-08T18:18:45.891606,14,474ccba59d18cf70
1750907916116532,2026-09-08T18:18:45.891606,14,474ccba59d18cf70
1750917749448882,2026-09-08T18:18:45.891606,14,474ccba59d18cf70
1750919416115382,2026-09-08T18:18:45.891606,14,474ccba59d18cf70
1750921259448531,2026-09-08T18:18:45.891606,14,474ccba59d18cf70
1750921356115188,2026-09-08T18:18:45.891606,14,474ccba59d18cf70
1750922962781694,2026-09-08T18:18:45.891606,14,474ccba59d18cf70
1750932022780788,2026-09-08T18:18:45.891606,14,474ccba59d18cf70
1750944199446237,2026-09-08T18:18:45.891606,14,474ccba59d18cf70
1750946306112693,2026-09-08T18:18:45.891606,14,474ccba59d18cf70
1750949132779077,2026-09-08T18:18:45.891606,14,474ccba59d18cf70
1750951562778834,2026-09-08T18:18:45.891606,14,474ccba59d18cf70
1750957982778192,2026-09-08T18:18:45.891606,14,474ccba59d18cf70
1750965839444073,2026-09-08T18:18:45.891606,14,474ccba59d18cf70
1750967662777224,2026-09-08T18:18:45.891606,14,474ccba59d18cf70
1750988489441808,2026-09-08T18:18:45.891606,14,474ccba59d18cf70
1750990609441596,2026-09-08T18:18:45.891606,14,474ccba59d18cf70
1750996362774354,2026-09-08T18:18:45.891606,14,474ccba59d18cf70
1751014042772586,2026-09-08T18:18:45.891606,14,474ccba59d18cf70
1751016639438993,2026-09-08T18:18:45.891606,14,474ccba59d18cf70
1751030569437600,2026-09-08T18:18:45.891606,14,474ccba59d18cf70
1751044306102893,2026-09-08T18:18:45.891606,14,474ccba59d18cf70
1751044722769518,2026-09-08T18:18:45.891606,14,474ccba59d18cf70
1751052806102043,2026-09-08T18:18:45.891606,14,474ccba59d18cf70
1751103906096933,2026-09-08T18:18:45.891606,14,474ccba59d18cf70
1751120089428648,2026-09-08T18:18:45.891606,14,474ccba59d18cf70
1751129842761006,2026-09-08T18:18:45.891606,14,474ccba59d18cf70
1751160709424586,2026-09-08T18:18:45.891606,14,474ccba59d18cf70
1751177816089542,2026-09-08T18:18:45.891606,14,474ccba59d18cf70
1751186459422011,2026-09-08T18:18:45.891606,14,474ccba59d18cf70
1751195402754450,2026-09-08T18:18:45.891606,14,474ccba59d18cf70
1751202192753771,2026-09-08T18:18:45.891606,14,474ccba59d18cf70
1751207199419937,2026-09-08T18:18:45.891606,14,474ccba59d18cf70
1751237322750258,2026-09-08T18:18:45.891606,14,474ccba59d18cf70
1751242016083122,2026-09-08T18:18:45.891606,14,474ccba59d18cf70
1751242532749737,2026-09-08T18:18:45.891606,14,474ccba59d18cf70
1751245562749434,2026-09-08T18:18:45.891606,14,474ccba59d18cf70
1751393312734659,2026-09-08T18:18:45.891606,14,474ccba59d18cf70
1751394102734580,2026-09-08T18:18:45.891606,14,474ccba59d18cf70
1751423499398307,2026-09-08T18:18:45.891606,14,474ccba59d18cf70
1751467096060614,2026-09-08T18:18:45.891606,14,474ccba59d18cf70
1751473899393267,2026-09-08T18:18:45.891606,14,474ccba59d18cf70
1751479656059358,2026-09-08T18:18:45.891606,14,474ccba59d18cf70
1751502332723757,2026-09-08T18:18:45.891606,14,474ccba59d18cf70
1751505249390132,2026-09-08T18:18:45.891606,14,474ccba59d18cf70
1751509712723019,2026-09-08T18:18:45.891606,14,474ccba59d18cf70
1751516509389006,2026-09-08T18:18:45.891606,14,474ccba59d18cf70
1751517342722256,2026-09-08T18:18:45.891606,14,474ccba59d18cf70
1751518549388802,2026-09-08T18:18:45.891606,14,474ccba59d18cf70
1751591159381541,2026-09-08T18:18:45.891606,14,474ccba59d18cf70
1751591866048137,2026-09-08T18:18:45.891606,14,474ccba59d18cf70
1751594922714498,2026-09-08T18:18:45.891606,14,474ccba59d18cf70
1751595262714464,2026-09-08T18:18:45.891606,14,474ccba59d18cf70
1751604902713500,2026-09-08T18:18:45.891606,14,474ccba59d18cf70
1751626476044676,2026-09-08T18:18:45.891606,14,474ccba59d18cf70
1751632529377404,2026-09-08T18:18:45.891606,14,474ccba59d18cf70
1751637632710227,2026-09-08T18:18:45.891606,14,474ccba59d18cf70
1751745809366076,2026-09-08T18:18:45.891606,14,474ccba59d18cf70
1749891059551551,2026-09-08T18:18:45.891606,14,474ccba59d18cf70
1749894412884549,2026-09-08T18:18:45.891606,14,474ccba59d18cf70
1749895366217787,2026-09-08T18:18:45.891606,14,474ccba59d18cf70
1749897702884220,2026-09-08T18:18:45.891606,14,474ccba59d18cf70
1749915339549123,2026-09-08T18:18:45.891606,14,474ccba59d18cf70
1749924452881545,2026-09-08T18:18:45.891606,14,474ccba59d18cf70
1749928522881138,2026-09-08T18:18:45.891606,14,474ccba59d18cf70
1749948079545849,2026-09-08T18:18:45.891606,14,474ccba59d18cf70
1749962026211121,2026-09-08T18:18:45.891606,14,474ccba59d18cf70
1749986426208681,2026-09-08T18:18:45.891606,14,474ccba59d18cf70
1749989736208350,2026-09-08T18:18:45.891606,14,474ccba59d18cf70
1750056726201651,2026-09-08T18:18:45.891606,14,474ccba59d18cf70
1750080796199244,2026-09-08T18:18:45.891606,14,474ccba59d18cf70
1750103176197006,2026-09-08T18:18:45.891606,14,474ccba59d18cf70
1750116016195722,2026-09-08T18:18:45.891606,14,474ccba59d18cf70
1750118646195459,2026-09-08T18:18:45.891606,14,474ccba59d18cf70
1750168306190493,2026-09-08T18:18:45.891606,14,474ccba59d18cf70
1750483549492302,2026-09-08T18:18:45.891606,14,474ccba59d18cf70
1750356979504959,2026-09-08T18:18:45.891606,14,474ccba59d18cf70
1750408159499841,2026-09-08T18:18:45.891606,14,474ccba59d18cf70
1750414816165842,2026-09-08T18:18:45.891606,14,474ccba59d18cf70
1750786816128642,2026-09-08T18:18:45.891606,14,474ccba59d18cf70
1750799976127326,2026-09-08T18:18:45.891606,14,474ccba59d18cf70
1750844772789513,2026-09-08T18:18:45.891606,14,474ccba59d18cf70
1749895639551093,2026-09-08T18:18:45.891606,14,474ccba59d18cf70
1749898532884137,2026-09-08T18:18:45.891606,14,474ccba59d18cf70
1749902372883753,2026-09-08T18:18:45.891606,14,474ccba59d18cf70
1749903669550290,2026-09-08T18:18:45.891606,14,474ccba59d18cf70
1749905646216759,2026-09-08T18:18:45.891606,14,474ccba59d18cf70
1749906666216657,2026-09-08T18:18:45.891606,14,474ccba59d18cf70
1749908062883184,2026-09-08T18:18:45.891606,14,474ccba59d18cf70
1749914582882532,2026-09-08T18:18:45.891606,14,474ccba59d18cf70
1749916319549025,2026-09-08T18:18:45.891606,14,474ccba59d18cf70
1749928142881176,2026-09-08T18:18:45.891606,14,474ccba59d18cf70
1749931432880847,2026-09-08T18:18:45.891606,14,474ccba59d18cf70
1749970652876925,2026-09-08T18:18:45.891606,14,474ccba59d18cf70
1749985956208728,2026-09-08T18:18:45.891606,14,474ccba59d18cf70
1750078099532847,2026-09-08T18:18:45.891606,14,474ccba59d18cf70
1750103292863661,2026-09-08T18:18:45.891606,14,474ccba59d18cf70
1750113256195998,2026-09-08T18:18:45.891606,14,474ccba59d18cf70
1750679296139394,2026-09-08T18:18:45.891606,14,474ccba59d18cf70
1750691119471545,2026-09-08T18:18:45.891606,14,474ccba59d18cf70
1750691186138205,2026-09-08T18:18:45.891606,14,474ccba59d18cf70
1750691242804866,2026-09-08T18:18:45.891606,14,474ccba59d18cf70
1750691309471526,2026-09-08T18:18:45.891606,14,474ccba59d18cf70
1750691382804852,2026-09-08T18:18:45.891606,14,474ccba59d18cf70
1750692122804778,2026-09-08T18:18:45.891606,14,474ccba59d18cf70
1749888436218480,2026-09-08T18:18:45.891606,14,474ccba59d18cf70
1749890439551613,2026-09-08T18:18:45.891606,14,474ccba59d18cf70
1749900036217320,2026-09-08T18:18:45.891606,14,474ccba59d18cf70
1749909286216395,2026-09-08T18:18:45.891606,14,474ccba59d18cf70
1749909962882994,2026-09-08T18:18:45.891606,14,474ccba59d18cf70
1749909976216326,2026-09-08T18:18:45.891606,14,474ccba59d18cf70
1749910579549599,2026-09-08T18:18:45.891606,14,474ccba59d18cf70
1749910772882913,2026-09-08T18:18:45.891606,14,474ccba59d18cf70
1749917666215557,2026-09-08T18:18:45.891606,14,474ccba59d18cf70
1749924416214882,2026-09-08T18:18:45.891606,14,474ccba59d18cf70
1749925359548121,2026-09-08T18:18:45.891606,14,474ccba59d18cf70
1749932719547385,2026-09-08T18:18:45.891606,14,474ccba59d18cf70
1749944556212868,2026-09-08T18:18:45.891606,14,474ccba59d18cf70
1749948122879178,2026-09-08T18:18:45.891606,14,474ccba59d18cf70
1749956532878337,2026-09-08T18:18:45.891606,14,474ccba59d18cf70
1749958879544769,2026-09-08T18:18:45.891606,14,474ccba59d18cf70
1749969276210396,2026-09-08T18:18:45.891606,14,474ccba59d18cf70
1749981416209182,2026-09-08T18:18:45.891606,14,474ccba59d18cf70
1749984806208843,2026-09-08T18:18:45.891606,14,474ccba59d18cf70
1750077239532933,2026-09-08T18:18:45.891606,14,474ccba59d18cf70
1750104499530207,2026-09-08T18:18:45.891606,14,474ccba59d18cf70
1750116116195712,2026-09-08T18:18:45.891606,14,474ccba59d18cf70
1749888896218434,2026-09-08T18:18:45.891606,14,474ccba59d18cf70
1749890882884902,2026-09-08T18:18:45.891606,14,474ccba59d18cf70
1749894562884534,2026-09-08T18:18:45.891606,14,474ccba59d18cf70
1749902059550451,2026-09-08T18:18:45.891606,14,474ccba59d18cf70
1749913772882613,2026-09-08T18:18:45.891606,14,474ccba59d18cf70
1749916629548994,2026-09-08T18:18:45.891606,14,474ccba59d18cf70
1749946599545997,2026-09-08T18:18:45.891606,14,474ccba59d18cf70
1749946962879294,2026-09-08T18:18:45.891606,14,474ccba59d18cf70
1749963132877677,2026-09-08T18:18:45.891606,14,474ccba59d18cf70
1749968719543785,2026-09-08T18:18:45.891606,14,474ccba59d18cf70
1749969366210387,2026-09-08T18:18:45.891606,14,474ccba59d18cf70
1749986209542036,2026-09-08T18:18:45.891606,14,474ccba59d18cf70
1750018789538778,2026-09-08T18:18:45.891606,14,474ccba59d18cf70
1750085449532112,2026-09-08T18:18:45.891606,14,474ccba59d18cf70
1750116489529008,2026-09-08T18:18:45.891606,14,474ccba59d18cf70
1750153316191992,2026-09-08T18:18:45.891606,14,474ccba59d18cf70
1750167099523947,2026-09-08T18:18:45.891606,14,474ccba59d18cf70
1750276136179710,2026-09-08T18:18:45.891606,14,474ccba59d18cf70
1750380676169256,2026-09-08T18:18:45.891606,14,474ccba59d18cf70
1750380722835918,2026-09-08T18:18:45.891606,14,474ccba59d18cf70
1750444606162863,2026-09-08T18:18:45.891606,14,474ccba59d18cf70
1749966989543958,2026-09-08T18:18:45.891606,14,474ccba59d18cf70
1749968356210488,2026-09-08T18:18:45.891606,14,474ccba59d18cf70
1749968932877097,2026-09-08T18:18:45.891606,14,474ccba59d18cf70
1749986006208723,2026-09-08T18:18:45.891606,14,474ccba59d18cf70
1749991276208196,2026-09-08T18:18:45.891606,14,474ccba59d18cf70
1750005479540109,2026-09-08T18:18:45.891606,14,474ccba59d18cf70
1750007372873253,2026-09-08T18:18:45.891606,14,474ccba59d18cf70
1750019159538741,2026-09-08T18:18:45.891606,14,474ccba59d18cf70
1750021232871867,2026-09-08T18:18:45.891606,14,474ccba59d18cf70
1750022516205072,2026-09-08T18:18:45.891606,14,474ccba59d18cf70
1750024239538233,2026-09-08T18:18:45.891606,14,474ccba59d18cf70
1750028369537820,2026-09-08T18:18:45.891606,14,474ccba59d18cf70
1750036126203711,2026-09-08T18:18:45.891606,14,474ccba59d18cf70
1750039012870089,2026-09-08T18:18:45.891606,14,474ccba59d18cf70
1750041722869818,2026-09-08T18:18:45.891606,14,474ccba59d18cf70
1750084852865505,2026-09-08T18:18:45.891606,14,474ccba59d18cf70
1750099172864073,2026-09-08T18:18:45.891606,14,474ccba59d18cf70
1750100542863936,2026-09-08T18:18:45.891606,14,474ccba59d18cf70
1750117102862280,2026-09-08T18:18:45.891606,14,474ccba59d18cf70
1750757312798259,2026-09-08T18:18:45.891606,14,474ccba59d18cf70
1750815876125736,2026-09-08T18:18:45.891606,14,474ccba59d18cf70
1751569886050335,2026-09-08T18:18:45.891606,14,474ccba59d18cf70
1749966312877359,2026-09-08T18:18:45.891606,14,474ccba59d18cf70
1749969576210366,2026-09-08T18:18:45.891606,14,474ccba59d18cf70
1749975476209776,2026-09-08T18:18:45.891606,14,474ccba59d18cf70
1749980289542628,2026-09-08T18:18:45.891606,14,474ccba59d18cf70
1749981076209216,2026-09-08T18:18:45.891606,14,474ccba59d18cf70
1749984992875491,2026-09-08T18:18:45.891606,14,474ccba59d18cf70
1749985379542119,2026-09-08T18:18:45.891606,14,474ccba59d18cf70
1749985519542105,2026-09-08T18:18:45.891606,14,474ccba59d18cf70
1749987219541935,2026-09-08T18:18:45.891606,14,474ccba59d18cf70
1749991006208223,2026-09-08T18:18:45.891606,14,474ccba59d18cf70
1749992529541404,2026-09-08T18:18:45.891606,14,474ccba59d18cf70
1749993792874611,2026-09-08T18:18:45.891606,14,474ccba59d18cf70
1749995682874422,2026-09-08T18:18:45.891606,14,474ccba59d18cf70
1750008356206488,2026-09-08T18:18:45.891606,14,474ccba59d18cf70
1750012836206040,2026-09-08T18:18:45.891606,14,474ccba59d18cf70
1750024689538188,2026-09-08T18:18:45.891606,14,474ccba59d18cf70
1750034919537165,2026-09-08T18:18:45.891606,14,474ccba59d18cf70
1750043769536280,2026-09-08T18:18:45.891606,14,474ccba59d18cf70
1750045176202806,2026-09-08T18:18:45.891606,14,474ccba59d18cf70
1750047169535940,2026-09-08T18:18:45.891606,14,474ccba59d18cf70
1750050352868955,2026-09-08T18:18:45.891606,14,474ccba59d18cf70
1750052096202114,2026-09-08T18:18:45.891606,14,474ccba59d18cf70
1750083946198929,2026-09-08T18:18:45.891606,14,474ccba59d18cf70
1750100086197315,2026-09-08T18:18:45.891606,14,474ccba59d18cf70
1750100516197272,2026-09-08T18:18:45.891606,14,474ccba59d18cf70
1750110136196310,2026-09-08T18:18:45.891606,14,474ccba59d18cf70
1750141122859878,2026-09-08T18:18:45.891606,14,474ccba59d18cf70
1750143419526315,2026-09-08T18:18:45.891606,14,474ccba59d18cf70
1750144249526232,2026-09-08T18:18:45.891606,14,474ccba59d18cf70
1750145409526116,2026-09-08T18:18:45.891606,14,474ccba59d18cf70
1750161889524468,2026-09-08T18:18:45.891606,14,474ccba59d18cf70
1750166069524050,2026-09-08T18:18:45.891606,14,474ccba59d18cf70
1750166739523983,2026-09-08T18:18:45.891606,14,474ccba59d18cf70
1750169236190400,2026-09-08T18:18:45.891606,14,474ccba59d18cf70
1750178882856102,2026-09-08T18:18:45.891606,14,474ccba59d18cf70
1750232752850715,2026-09-08T18:18:45.891606,14,474ccba59d18cf70
1750232816184042,2026-09-08T18:18:45.891606,14,474ccba59d18cf70
1750232856184038,2026-09-08T18:18:45.891606,14,474ccba59d18cf70
1750233212850669,2026-09-08T18:18:45.891606,14,474ccba59d18cf70
1750737999466857,2026-09-08T18:18:45.891606,14,474ccba59d18cf70
1750775519463105,2026-09-08T18:18:45.891606,14,474ccba59d18cf70
1750836656123658,2026-09-08T18:18:45.891606,14,474ccba59d18cf70
1749964129544244,2026-09-08T18:18:45.891606,14,474ccba59d18cf70
1749981572875833,2026-09-08T18:18:45.891606,14,474ccba59d18cf70
1750330362840954,2026-09-08T18:18:45.891606,14,474ccba59d18cf70
1750355342838456,2026-09-08T18:18:45.891606,14,474ccba59d18cf70
1750799102794080,2026-09-08T18:18:45.891606,14,474ccba59d18cf70
1750807572793233,2026-09-08T18:18:45.891606,14,474ccba59d18cf70
1750827276124596,2026-09-08T18:18:45.891606,14,474ccba59d18cf70
1750909556116368,2026-09-08T18:18:45.891606,14,474ccba59d18cf70
1750282486179075,2026-09-08T18:18:45.891606,14,474ccba59d18cf70
1750283256178998,2026-09-08T18:18:45.891606,14,474ccba59d18cf70
1750286619511995,2026-09-08T18:18:45.891606,14,474ccba59d18cf70
1750290949511562,2026-09-08T18:18:45.891606,14,474ccba59d18cf70
1750292159511441,2026-09-08T18:18:45.891606,14,474ccba59d18cf70
1750295969511060,2026-09-08T18:18:45.891606,14,474ccba59d18cf70
1750297122844278,2026-09-08T18:18:45.891606,14,474ccba59d18cf70
1750297159510941,2026-09-08T18:18:45.891606,14,474ccba59d18cf70
1750302072843783,2026-09-08T18:18:45.891606,14,474ccba59d18cf70
1750307886176535,2026-09-08T18:18:45.891606,14,474ccba59d18cf70
1750308656176458,2026-09-08T18:18:45.891606,14,474ccba59d18cf70
1750309332843057,2026-09-08T18:18:45.891606,14,474ccba59d18cf70
1750314972842493,2026-09-08T18:18:45.891606,14,474ccba59d18cf70
1750315409509116,2026-09-08T18:18:45.891606,14,474ccba59d18cf70
1750322802841710,2026-09-08T18:18:45.891606,14,474ccba59d18cf70
1750326036174720,2026-09-08T18:18:45.891606,14,474ccba59d18cf70
1750331989507458,2026-09-08T18:18:45.891606,14,474ccba59d18cf70
1750332272840763,2026-09-08T18:18:45.891606,14,474ccba59d18cf70
1750347236172600,2026-09-08T18:18:45.891606,14,474ccba59d18cf70
1750408832833107,2026-09-08T18:18:45.891606,14,474ccba59d18cf70
1750410366166287,2026-09-08T18:18:45.891606,14,474ccba59d18cf70
1750626806144643,2026-09-08T18:18:45.891606,14,474ccba59d18cf70
1750747146132609,2026-09-08T18:18:45.891606,14,474ccba59d18cf70
1750755319465125,2026-09-08T18:18:45.891606,14,474ccba59d18cf70
1750777512796239,2026-09-08T18:18:45.891606,14,474ccba59d18cf70
1750813099459347,2026-09-08T18:18:45.891606,14,474ccba59d18cf70
1750821126125211,2026-09-08T18:18:45.891606,14,474ccba59d18cf70
1750850279455629,2026-09-08T18:18:45.891606,14,474ccba59d18cf70
1750910246116299,2026-09-08T18:18:45.891606,14,474ccba59d18cf70
1750913806115943,2026-09-08T18:18:45.891606,14,474ccba59d18cf70
1750281792845811,2026-09-08T18:18:45.891606,14,474ccba59d18cf70
1750282032845787,2026-09-08T18:18:45.891606,14,474ccba59d18cf70
1750287102845280,2026-09-08T18:18:45.891606,14,474ccba59d18cf70
1750291326178191,2026-09-08T18:18:45.891606,14,474ccba59d18cf70
1750291369511520,2026-09-08T18:18:45.891606,14,474ccba59d18cf70
1750292759511381,2026-09-08T18:18:45.891606,14,474ccba59d18cf70
1750294549511202,2026-09-08T18:18:45.891606,14,474ccba59d18cf70
1750296249511032,2026-09-08T18:18:45.891606,14,474ccba59d18cf70
1750296436177680,2026-09-08T18:18:45.891606,14,474ccba59d18cf70
1750296766177647,2026-09-08T18:18:45.891606,14,474ccba59d18cf70
1750298202844170,2026-09-08T18:18:45.891606,14,474ccba59d18cf70
1750304682843522,2026-09-08T18:18:45.891606,14,474ccba59d18cf70
1750304939510163,2026-09-08T18:18:45.891606,14,474ccba59d18cf70
1750306479510009,2026-09-08T18:18:45.891606,14,474ccba59d18cf70
1750313696175954,2026-09-08T18:18:45.891606,14,474ccba59d18cf70
1750313876175936,2026-09-08T18:18:45.891606,14,474ccba59d18cf70
1750316946175629,2026-09-08T18:18:45.891606,14,474ccba59d18cf70
1750319666175357,2026-09-08T18:18:45.891606,14,474ccba59d18cf70
1750331016174222,2026-09-08T18:18:45.891606,14,474ccba59d18cf70
1750332339507423,2026-09-08T18:18:45.891606,14,474ccba59d18cf70
1750349039505753,2026-09-08T18:18:45.891606,14,474ccba59d18cf70
1750350642838926,2026-09-08T18:18:45.891606,14,474ccba59d18cf70
1750350962838894,2026-09-08T18:18:45.891606,14,474ccba59d18cf70
1750352876172036,2026-09-08T18:18:45.891606,14,474ccba59d18cf70
1750358289504828,2026-09-08T18:18:45.891606,14,474ccba59d18cf70
1750372722836718,2026-09-08T18:18:45.891606,14,474ccba59d18cf70
1750416849498972,2026-09-08T18:18:45.891606,14,474ccba59d18cf70
1750557816151542,2026-09-08T18:18:45.891606,14,474ccba59d18cf70
1750627206144603,2026-09-08T18:18:45.891606,14,474ccba59d18cf70
1750698539470803,2026-09-08T18:18:45.891606,14,474ccba59d18cf70
1750833036124020,2026-09-08T18:18:45.891606,14,474ccba59d18cf70
1750834412790549,2026-09-08T18:18:45.891606,14,474ccba59d18cf70
1750841429456514,2026-09-08T18:18:45.891606,14,474ccba59d18cf70
1750912059449451,2026-09-08T18:18:45.891606,14,474ccba59d18cf70
1750925296114794,2026-09-08T18:18:45.891606,14,474ccba59d18cf70
1750937586113565,2026-09-08T18:18:45.891606,14,474ccba59d18cf70
1750943626112961,2026-09-08T18:18:45.891606,14,474ccba59d18cf70
1750330026174321,2026-09-08T18:18:45.891606,14,474ccba59d18cf70
1750332582840732,2026-09-08T18:18:45.891606,14,474ccba59d18cf70
1750335006173823,2026-09-08T18:18:45.891606,14,474ccba59d18cf70
1750357826171541,2026-09-08T18:18:45.891606,14,474ccba59d18cf70
1750359206171403,2026-09-08T18:18:45.891606,14,474ccba59d18cf70
1750362109504446,2026-09-08T18:18:45.891606,14,474ccba59d18cf70
1750842332789757,2026-09-08T18:18:45.891606,14,474ccba59d18cf70
1750848286122495,2026-09-08T18:18:45.891606,14,474ccba59d18cf70
1750912276116096,2026-09-08T18:18:45.891606,14,474ccba59d18cf70
1750842859456371,2026-09-08T18:18:45.891606,14,474ccba59d18cf70
1750684949472162,2026-09-08T18:18:45.891606,14,474ccba59d18cf70
1750685426138781,2026-09-08T18:18:45.891606,14,474ccba59d18cf70
1750686099472047,2026-09-08T18:18:45.891606,14,474ccba59d18cf70
1750687169471940,2026-09-08T18:18:45.891606,14,474ccba59d18cf70
1750688282805162,2026-09-08T18:18:45.891606,14,474ccba59d18cf70
1750688679471789,2026-09-08T18:18:45.891606,14,474ccba59d18cf70
1750688906138433,2026-09-08T18:18:45.891606,14,474ccba59d18cf70
1750689516138372,2026-09-08T18:18:45.891606,14,474ccba59d18cf70
1750693646137959,2026-09-08T18:18:45.891606,14,474ccba59d18cf70
1750697042804286,2026-09-08T18:18:45.891606,14,474ccba59d18cf70
1750701146137209,2026-09-08T18:18:45.891606,14,474ccba59d18cf70
1750702409470416,2026-09-08T18:18:45.891606,14,474ccba59d18cf70
1750703486136975,2026-09-08T18:18:45.891606,14,474ccba59d18cf70
1750710526136271,2026-09-08T18:18:45.891606,14,474ccba59d18cf70
1750720316135292,2026-09-08T18:18:45.891606,14,474ccba59d18cf70
1750722802801710,2026-09-08T18:18:45.891606,14,474ccba59d18cf70
1750733389467318,2026-09-08T18:18:45.891606,14,474ccba59d18cf70
1750733646133959,2026-09-08T18:18:45.891606,14,474ccba59d18cf70
1750733669467290,2026-09-08T18:18:45.891606,14,474ccba59d18cf70
1750736466133677,2026-09-08T18:18:45.891606,14,474ccba59d18cf70
1750737162800274,2026-09-08T18:18:45.891606,14,474ccba59d18cf70
1750738226133501,2026-09-08T18:18:45.891606,14,474ccba59d18cf70
1750744949466162,2026-09-08T18:18:45.891606,14,474ccba59d18cf70
1750760359464621,2026-09-08T18:18:45.891606,14,474ccba59d18cf70
1750770349463622,2026-09-08T18:18:45.891606,14,474ccba59d18cf70
1750794219461235,2026-09-08T18:18:45.891606,14,474ccba59d18cf70
1750795006127823,2026-09-08T18:18:45.891606,14,474ccba59d18cf70
1750809692793021,2026-09-08T18:18:45.891606,14,474ccba59d18cf70
1750905332783457,2026-09-08T18:18:45.891606,14,474ccba59d18cf70
1750910499449607,2026-09-08T18:18:45.891606,14,474ccba59d18cf70
1750912419449415,2026-09-08T18:18:45.891606,14,474ccba59d18cf70
1750952626112061,2026-09-08T18:18:45.891606,14,474ccba59d18cf70
1751127162761274,2026-09-08T18:18:45.891606,14,474ccba59d18cf70
1751136932760297,2026-09-08T18:18:45.891606,14,474ccba59d18cf70
1751757592698231,2026-09-08T18:18:45.891606,14,474ccba59d18cf70
1750689692805021,2026-09-08T18:18:45.891606,14,474ccba59d18cf70
1750708682803122,2026-09-08T18:18:45.891606,14,474ccba59d18cf70
1750836229457034,2026-09-08T18:18:45.891606,14,474ccba59d18cf70
1750863482787642,2026-09-08T18:18:45.891606,14,474ccba59d18cf70
1750760996131224,2026-09-08T18:18:45.891606,14,474ccba59d18cf70
1750762066131117,2026-09-08T18:18:45.891606,14,474ccba59d18cf70
1750798569460800,2026-09-08T18:18:45.891606,14,474ccba59d18cf70
1750801316127192,2026-09-08T18:18:45.891606,14,474ccba59d18cf70
1750804469460210,2026-09-08T18:18:45.891606,14,474ccba59d18cf70
1750823996124924,2026-09-08T18:18:45.891606,14,474ccba59d18cf70
1750907559449901,2026-09-08T18:18:45.891606,14,474ccba59d18cf70
1750932856114038,2026-09-08T18:18:45.891606,14,474ccba59d18cf70
1750939109446746,2026-09-08T18:18:45.891606,14,474ccba59d18cf70
1751128922761098,2026-09-08T18:18:45.891606,14,474ccba59d18cf70
1750788356128488,2026-09-08T18:18:45.891606,14,474ccba59d18cf70
1750789566128367,2026-09-08T18:18:45.891606,14,474ccba59d18cf70
1750793926127931,2026-09-08T18:18:45.891606,14,474ccba59d18cf70
1750818399458817,2026-09-08T18:18:45.891606,14,474ccba59d18cf70
1750681096139214,2026-09-08T18:18:45.891606,14,474ccba59d18cf70
1750681579472499,2026-09-08T18:18:45.891606,14,474ccba59d18cf70
1750821296125194,2026-09-08T18:18:45.891606,14,474ccba59d18cf70
1750823236125000,2026-09-08T18:18:45.891606,14,474ccba59d18cf70
1750825819458075,2026-09-08T18:18:45.891606,14,474ccba59d18cf70
1750826919457965,2026-09-08T18:18:45.891606,14,474ccba59d18cf70
1750827116124612,2026-09-08T18:18:45.891606,14,474ccba59d18cf70
1750828402791150,2026-09-08T18:18:45.891606,14,474ccba59d18cf70
1750830839457573,2026-09-08T18:18:45.891606,14,474ccba59d18cf70
1750839839456673,2026-09-08T18:18:45.891606,14,474ccba59d18cf70
1750841636123160,2026-09-08T18:18:45.891606,14,474ccba59d18cf70
1750846166122707,2026-09-08T18:18:45.891606,14,474ccba59d18cf70
1750848492789141,2026-09-08T18:18:45.891606,14,474ccba59d18cf70
1750853032788687,2026-09-08T18:18:45.891606,14,474ccba59d18cf70
1750865102787480,2026-09-08T18:18:45.891606,14,474ccba59d18cf70
1750867562787234,2026-09-08T18:18:45.891606,14,474ccba59d18cf70
1750874732786517,2026-09-08T18:18:45.891606,14,474ccba59d18cf70
1750892182784772,2026-09-08T18:18:45.891606,14,474ccba59d18cf70
1750990452774945,2026-09-08T18:18:45.891606,14,474ccba59d18cf70
1751013189439338,2026-09-08T18:18:45.891606,14,474ccba59d18cf70
1751013206106003,2026-09-08T18:18:45.891606,14,474ccba59d18cf70
1751014172772573,2026-09-08T18:18:45.891606,14,474ccba59d18cf70
1751025152771475,2026-09-08T18:18:45.891606,14,474ccba59d18cf70
1751068096100514,2026-09-08T18:18:45.891606,14,474ccba59d18cf70
1751089659431691,2026-09-08T18:18:45.891606,14,474ccba59d18cf70
1751091349431522,2026-09-08T18:18:45.891606,14,474ccba59d18cf70
1751111226096201,2026-09-08T18:18:45.891606,14,474ccba59d18cf70
1750831409457516,2026-09-08T18:18:45.891606,14,474ccba59d18cf70
1750827442791246,2026-09-08T18:18:45.891606,14,474ccba59d18cf70
1750827872791203,2026-09-08T18:18:45.891606,14,474ccba59d18cf70
1750836526123671,2026-09-08T18:18:45.891606,14,474ccba59d18cf70
1750839436123380,2026-09-08T18:18:45.891606,14,474ccba59d18cf70
1750848389455818,2026-09-08T18:18:45.891606,14,474ccba59d18cf70
1750848766122447,2026-09-08T18:18:45.891606,14,474ccba59d18cf70
1750849076122416,2026-09-08T18:18:45.891606,14,474ccba59d18cf70
1750890749451582,2026-09-08T18:18:45.891606,14,474ccba59d18cf70
1750903196117004,2026-09-08T18:18:45.891606,14,474ccba59d18cf70
1750825029458154,2026-09-08T18:18:45.891606,14,474ccba59d18cf70
1750830162790974,2026-09-08T18:18:45.891606,14,474ccba59d18cf70
1750874329453224,2026-09-08T18:18:45.891606,14,474ccba59d18cf70
1750963319444325,2026-09-08T18:18:45.891606,14,474ccba59d18cf70
1751014489439208,2026-09-08T18:18:45.891606,14,474ccba59d18cf70
1750831112790879,2026-09-08T18:18:45.891606,14,474ccba59d18cf70
1750903582783632,2026-09-08T18:18:45.891606,14,474ccba59d18cf70
1750923032781687,2026-09-08T18:18:45.891606,14,474ccba59d18cf70
1750932662780724,2026-09-08T18:18:45.891606,14,474ccba59d18cf70
1750935682780422,2026-09-08T18:18:45.891606,14,474ccba59d18cf70
1750939176113406,2026-09-08T18:18:45.891606,14,474ccba59d18cf70
1750992079441449,2026-09-08T18:18:45.891606,14,474ccba59d18cf70
1750994216107902,2026-09-08T18:18:45.891606,14,474ccba59d18cf70
1750997476107576,2026-09-08T18:18:45.891606,14,474ccba59d18cf70
1751006026106721,2026-09-08T18:18:45.891606,14,474ccba59d18cf70
1751012562772734,2026-09-08T18:18:45.891606,14,474ccba59d18cf70
1751124252761565,2026-09-08T18:18:45.891606,14,474ccba59d18cf70
1751176366089687,2026-09-08T18:18:45.891606,14,474ccba59d18cf70
1751184282755562,2026-09-08T18:18:45.891606,14,474ccba59d18cf70
1751571276050196,2026-09-08T18:18:45.891606,14,474ccba59d18cf70
1751797212694269,2026-09-08T18:18:45.891606,14,474ccba59d18cf70
1750827049457952,2026-09-08T18:18:45.891606,14,474ccba59d18cf70
1750839416123382,2026-09-08T18:18:45.891606,14,474ccba59d18cf70
1750887722785218,2026-09-08T18:18:45.891606,14,474ccba59d18cf70
1750888092785181,2026-09-08T18:18:45.891606,14,474ccba59d18cf70
1750888599451797,2026-09-08T18:18:45.891606,14,474ccba59d18cf70
1750888729451784,2026-09-08T18:18:45.891606,14,474ccba59d18cf70
1750902079450449,2026-09-08T18:18:45.891606,14,474ccba59d18cf70
1750909152783075,2026-09-08T18:18:45.891606,14,474ccba59d18cf70
1750911499449507,2026-09-08T18:18:45.891606,14,474ccba59d18cf70
1750823022791688,2026-09-08T18:18:45.891606,14,474ccba59d18cf70
1750823039458353,2026-09-08T18:18:45.891606,14,474ccba59d18cf70
1750823299458327,2026-09-08T18:18:45.891606,14,474ccba59d18cf70
1750823439458313,2026-09-08T18:18:45.891606,14,474ccba59d18cf70
1750824472791543,2026-09-08T18:18:45.891606,14,474ccba59d18cf70
1750824499458207,2026-09-08T18:18:45.891606,14,474ccba59d18cf70
1750825682791422,2026-09-08T18:18:45.891606,14,474ccba59d18cf70
1750825749458082,2026-09-08T18:18:45.891606,14,474ccba59d18cf70
1750829759457681,2026-09-08T18:18:45.891606,14,474ccba59d18cf70
1750829746124349,2026-09-08T18:18:45.891606,14,474ccba59d18cf70
1750833722790618,2026-09-08T18:18:45.891606,14,474ccba59d18cf70
1750834009457256,2026-09-08T18:18:45.891606,14,474ccba59d18cf70
1750834092790581,2026-09-08T18:18:45.891606,14,474ccba59d18cf70
1750840082789982,2026-09-08T18:18:45.891606,14,474ccba59d18cf70
1750864402787550,2026-09-08T18:18:45.891606,14,474ccba59d18cf70
1750870212786969,2026-09-08T18:18:45.891606,14,474ccba59d18cf70
1750870532786937,2026-09-08T18:18:45.891606,14,474ccba59d18cf70
1750900812783909,2026-09-08T18:18:45.891606,14,474ccba59d18cf70
1750926169448040,2026-09-08T18:18:45.891606,14,474ccba59d18cf70
1750940609446596,2026-09-08T18:18:45.891606,14,474ccba59d18cf70
1750968726110451,2026-09-08T18:18:45.891606,14,474ccba59d18cf70
1751050159435641,2026-09-08T18:18:45.891606,14,474ccba59d18cf70
1751117652762225,2026-09-08T18:18:45.891606,14,474ccba59d18cf70
1751167422757248,2026-09-08T18:18:45.891606,14,474ccba59d18cf70
1751477409392916,2026-09-08T18:18:45.891606,14,474ccba59d18cf70
1751580896049234,2026-09-08T18:18:45.891606,14,474ccba59d18cf70
1751593792714611,2026-09-08T18:18:45.891606,14,474ccba59d18cf70
1751714952702495,2026-09-08T18:18:45.891606,14,474ccba59d18cf70
1750859159454741,2026-09-08T18:18:45.891606,14,474ccba59d18cf70
1750861632787827,2026-09-08T18:18:45.891606,14,474ccba59d18cf70
1750869562787034,2026-09-08T18:18:45.891606,14,474ccba59d18cf70
1750870249453632,2026-09-08T18:18:45.891606,14,474ccba59d18cf70
1751145936092730,2026-09-08T18:18:45.891606,14,474ccba59d18cf70
1751147222759268,2026-09-08T18:18:45.891606,14,474ccba59d18cf70
1751151096092214,2026-09-08T18:18:45.891606,14,474ccba59d18cf70
1750916216115702,2026-09-08T18:18:45.891606,14,474ccba59d18cf70
1750919072782083,2026-09-08T18:18:45.891606,14,474ccba59d18cf70
1750920302781960,2026-09-08T18:18:45.891606,14,474ccba59d18cf70
1750922706115053,2026-09-08T18:18:45.891606,14,474ccba59d18cf70
1750922986115025,2026-09-08T18:18:45.891606,14,474ccba59d18cf70
1750923372781653,2026-09-08T18:18:45.891606,14,474ccba59d18cf70
1750923629448294,2026-09-08T18:18:45.891606,14,474ccba59d18cf70
1750924782781512,2026-09-08T18:18:45.891606,14,474ccba59d18cf70
1750928596114464,2026-09-08T18:18:45.891606,14,474ccba59d18cf70
1750930786114245,2026-09-08T18:18:45.891606,14,474ccba59d18cf70
1750931876114136,2026-09-08T18:18:45.891606,14,474ccba59d18cf70
1750933362780654,2026-09-08T18:18:45.891606,14,474ccba59d18cf70
1750935429447114,2026-09-08T18:18:45.891606,14,474ccba59d18cf70
1750937679446889,2026-09-08T18:18:45.891606,14,474ccba59d18cf70
1750941469446510,2026-09-08T18:18:45.891606,14,474ccba59d18cf70
1750943582779632,2026-09-08T18:18:45.891606,14,474ccba59d18cf70
1750948419445815,2026-09-08T18:18:45.891606,14,474ccba59d18cf70
1750977389442918,2026-09-08T18:18:45.891606,14,474ccba59d18cf70
1751009622773028,2026-09-08T18:18:45.891606,14,474ccba59d18cf70
1751017432772247,2026-09-08T18:18:45.891606,14,474ccba59d18cf70
1751018982772092,2026-09-08T18:18:45.891606,14,474ccba59d18cf70
1751119826095341,2026-09-08T18:18:45.891606,14,474ccba59d18cf70
1750915432782447,2026-09-08T18:18:45.891606,14,474ccba59d18cf70
1750916112782379,2026-09-08T18:18:45.891606,14,474ccba59d18cf70
1750927912781199,2026-09-08T18:18:45.891606,14,474ccba59d18cf70
1750936409447016,2026-09-08T18:18:45.891606,14,474ccba59d18cf70
1750949919445665,2026-09-08T18:18:45.891606,14,474ccba59d18cf70
1751013586105965,2026-09-08T18:18:45.891606,14,474ccba59d18cf70
1751216152752375,2026-09-08T18:18:45.891606,14,474ccba59d18cf70
1751235572750433,2026-09-08T18:18:45.891606,14,474ccba59d18cf70
1751430262730964,2026-09-08T18:18:45.891606,14,474ccba59d18cf70
1751430436064280,2026-09-08T18:18:45.891606,14,474ccba59d18cf70
1751471079393549,2026-09-08T18:18:45.891606,14,474ccba59d18cf70
1751530222720968,2026-09-08T18:18:45.891606,14,474ccba59d18cf70
1751582182715772,2026-09-08T18:18:45.891606,14,474ccba59d18cf70
1751589049381752,2026-09-08T18:18:45.891606,14,474ccba59d18cf70
1751597669380890,2026-09-08T18:18:45.891606,14,474ccba59d18cf70
1751605052713485,2026-09-08T18:18:45.891606,14,474ccba59d18cf70
1751223206085003,2026-09-08T18:18:45.891606,14,474ccba59d18cf70
1751169122757078,2026-09-08T18:18:45.891606,14,474ccba59d18cf70
1751169479423709,2026-09-08T18:18:45.891606,14,474ccba59d18cf70
1751067649433892,2026-09-08T18:18:45.891606,14,474ccba59d18cf70
1751080309432626,2026-09-08T18:18:45.891606,14,474ccba59d18cf70
1751082892765701,2026-09-08T18:18:45.891606,14,474ccba59d18cf70
1751083332765657,2026-09-08T18:18:45.891606,14,474ccba59d18cf70
1751097066097617,2026-09-08T18:18:45.891606,14,474ccba59d18cf70
1751102539430403,2026-09-08T18:18:45.891606,14,474ccba59d18cf70
1751112209429436,2026-09-08T18:18:45.891606,14,474ccba59d18cf70
1751113059429351,2026-09-08T18:18:45.891606,14,474ccba59d18cf70
1751116389429018,2026-09-08T18:18:45.891606,14,474ccba59d18cf70
1751172939423363,2026-09-08T18:18:45.891606,14,474ccba59d18cf70
1751537466053577,2026-09-08T18:18:45.891606,14,474ccba59d18cf70
1751573162716674,2026-09-08T18:18:45.891606,14,474ccba59d18cf70
1751576762716314,2026-09-08T18:18:45.891606,14,474ccba59d18cf70
1751584849382172,2026-09-08T18:18:45.891606,14,474ccba59d18cf70
1751586532715337,2026-09-08T18:18:45.891606,14,474ccba59d18cf70
1751612049379452,2026-09-08T18:18:45.891606,14,474ccba59d18cf70
1751738822700108,2026-09-08T18:18:45.891606,14,474ccba59d18cf70
1751102532763737,2026-09-08T18:18:45.891606,14,474ccba59d18cf70
1751172436090080,2026-09-08T18:18:45.891606,14,474ccba59d18cf70
1751596596047664,2026-09-08T18:18:45.891606,14,474ccba59d18cf70
1751596812714309,2026-09-08T18:18:45.891606,14,474ccba59d18cf70
1751075216099802,2026-09-08T18:18:45.891606,14,474ccba59d18cf70
1751079429432714,2026-09-08T18:18:45.891606,14,474ccba59d18cf70
1751081572765833,2026-09-08T18:18:45.891606,14,474ccba59d18cf70
1751084656098858,2026-09-08T18:18:45.891606,14,474ccba59d18cf70
1751085989432058,2026-09-08T18:18:45.891606,14,474ccba59d18cf70
1751087799431877,2026-09-08T18:18:45.891606,14,474ccba59d18cf70
1751097612764229,2026-09-08T18:18:45.891606,14,474ccba59d18cf70
1751098656097458,2026-09-08T18:18:45.891606,14,474ccba59d18cf70
1751107259429931,2026-09-08T18:18:45.891606,14,474ccba59d18cf70
1751109926096331,2026-09-08T18:18:45.891606,14,474ccba59d18cf70
1751110019429655,2026-09-08T18:18:45.891606,14,474ccba59d18cf70
1751119206095403,2026-09-08T18:18:45.891606,14,474ccba59d18cf70
1751142852759705,2026-09-08T18:18:45.891606,14,474ccba59d18cf70
1751166236090700,2026-09-08T18:18:45.891606,14,474ccba59d18cf70
1751172172756773,2026-09-08T18:18:45.891606,14,474ccba59d18cf70
1751470802726910,2026-09-08T18:18:45.891606,14,474ccba59d18cf70
1751473202726670,2026-09-08T18:18:45.891606,14,474ccba59d18cf70
1751473229393334,2026-09-08T18:18:45.891606,14,474ccba59d18cf70
1751482566059067,2026-09-08T18:18:45.891606,14,474ccba59d18cf70
1751486029392054,2026-09-08T18:18:45.891606,14,474ccba59d18cf70
1751493892724601,2026-09-08T18:18:45.891606,14,474ccba59d18cf70
1751494096057914,2026-09-08T18:18:45.891606,14,474ccba59d18cf70
1751508579389799,2026-09-08T18:18:45.891606,14,474ccba59d18cf70
1751585126048811,2026-09-08T18:18:45.891606,14,474ccba59d18cf70
1751614502712540,2026-09-08T18:18:45.891606,14,474ccba59d18cf70
1751691469371510,2026-09-08T18:18:45.891606,14,474ccba59d18cf70
1751804416026882,2026-09-08T18:18:45.891606,14,474ccba59d18cf70
1751169896090334,2026-09-08T18:18:45.891606,14,474ccba59d18cf70
1751175002756490,2026-09-08T18:18:45.891606,14,474ccba59d18cf70
1751175406089783,2026-09-08T18:18:45.891606,14,474ccba59d18cf70
1751184626088861,2026-09-08T18:18:45.891606,14,474ccba59d18cf70
1751195522754438,2026-09-08T18:18:45.891606,14,474ccba59d18cf70
1751215366085787,2026-09-08T18:18:45.891606,14,474ccba59d18cf70
1751229022751088,2026-09-08T18:18:45.891606,14,474ccba59d18cf70
1751235002750490,2026-09-08T18:18:45.891606,14,474ccba59d18cf70
1751253609415296,2026-09-08T18:18:45.891606,14,474ccba59d18cf70
1751579036049420,2026-09-08T18:18:45.891606,14,474ccba59d18cf70
1751635632710427,2026-09-08T18:18:45.891606,14,474ccba59d18cf70
1751656366041687,2026-09-08T18:18:45.891606,14,474ccba59d18cf70
1751727046034619,2026-09-08T18:18:45.891606,14,474ccba59d18cf70
1751102206097103,2026-09-08T18:18:45.891606,14,474ccba59d18cf70
1751105222763468,2026-09-08T18:18:45.891606,14,474ccba59d18cf70
1751105299430127,2026-09-08T18:18:45.891606,14,474ccba59d18cf70
1751112816096042,2026-09-08T18:18:45.891606,14,474ccba59d18cf70
1751126259428031,2026-09-08T18:18:45.891606,14,474ccba59d18cf70
1751134479427209,2026-09-08T18:18:45.891606,14,474ccba59d18cf70
1751135079427149,2026-09-08T18:18:45.891606,14,474ccba59d18cf70
1751625322711458,2026-09-08T18:18:45.891606,14,474ccba59d18cf70
1751628606044463,2026-09-08T18:18:45.891606,14,474ccba59d18cf70
1751629949377662,2026-09-08T18:18:45.891606,14,474ccba59d18cf70
1751067189433938,2026-09-08T18:18:45.891606,14,474ccba59d18cf70
1751067229433934,2026-09-08T18:18:45.891606,14,474ccba59d18cf70
1751070959433561,2026-09-08T18:18:45.891606,14,474ccba59d18cf70
1751074416099882,2026-09-08T18:18:45.891606,14,474ccba59d18cf70
1751079559432701,2026-09-08T18:18:45.891606,14,474ccba59d18cf70
1751087322765258,2026-09-08T18:18:45.891606,14,474ccba59d18cf70
1751088279431829,2026-09-08T18:18:45.891606,14,474ccba59d18cf70
1751089169431740,2026-09-08T18:18:45.891606,14,474ccba59d18cf70
1751092746098049,2026-09-08T18:18:45.891606,14,474ccba59d18cf70
1751096636097660,2026-09-08T18:18:45.891606,14,474ccba59d18cf70
1751096736097650,2026-09-08T18:18:45.891606,14,474ccba59d18cf70
1751102412763749,2026-09-08T18:18:45.891606,14,474ccba59d18cf70
1751102759430381,2026-09-08T18:18:45.891606,14,474ccba59d18cf70
1751111859429471,2026-09-08T18:18:45.891606,14,474ccba59d18cf70
1751116909428966,2026-09-08T18:18:45.891606,14,474ccba59d18cf70
1751118592762131,2026-09-08T18:18:45.891606,14,474ccba59d18cf70
1751166986090625,2026-09-08T18:18:45.891606,14,474ccba59d18cf70
1751171762756814,2026-09-08T18:18:45.891606,14,474ccba59d18cf70
1751215472752443,2026-09-08T18:18:45.891606,14,474ccba59d18cf70
1751580389382618,2026-09-08T18:18:45.891606,14,474ccba59d18cf70
1751583829382274,2026-09-08T18:18:45.891606,14,474ccba59d18cf70
1751584592715531,2026-09-08T18:18:45.891606,14,474ccba59d18cf70
1751584782715512,2026-09-08T18:18:45.891606,14,474ccba59d18cf70
1751586002715390,2026-09-08T18:18:45.891606,14,474ccba59d18cf70
1751587206048603,2026-09-08T18:18:45.891606,14,474ccba59d18cf70
1751621512711839,2026-09-08T18:18:45.891606,14,474ccba59d18cf70
1751737682700222,2026-09-08T18:18:45.891606,14,474ccba59d18cf70
1751750912698899,2026-09-08T18:18:45.891606,14,474ccba59d18cf70
1751085822765408,2026-09-08T18:18:45.891606,14,474ccba59d18cf70
1751087129431944,2026-09-08T18:18:45.891606,14,474ccba59d18cf70
1751089722765018,2026-09-08T18:18:45.891606,14,474ccba59d18cf70
1751090086098315,2026-09-08T18:18:45.891606,14,474ccba59d18cf70
1751091562764834,2026-09-08T18:18:45.891606,14,474ccba59d18cf70
1751092156098108,2026-09-08T18:18:45.891606,14,474ccba59d18cf70
1751097799430877,2026-09-08T18:18:45.891606,14,474ccba59d18cf70
1751101319430525,2026-09-08T18:18:45.891606,14,474ccba59d18cf70
1751101646097159,2026-09-08T18:18:45.891606,14,474ccba59d18cf70
1751103799430277,2026-09-08T18:18:45.891606,14,474ccba59d18cf70
1751109416096382,2026-09-08T18:18:45.891606,14,474ccba59d18cf70
1751111659429491,2026-09-08T18:18:45.891606,14,474ccba59d18cf70
1751124362761554,2026-09-08T18:18:45.891606,14,474ccba59d18cf70
1751171046090219,2026-09-08T18:18:45.891606,14,474ccba59d18cf70
1751576142716376,2026-09-08T18:18:45.891606,14,474ccba59d18cf70
1751626806044643,2026-09-08T18:18:45.891606,14,474ccba59d18cf70
1751736502700340,2026-09-08T18:18:45.891606,14,474ccba59d18cf70
1751153882758602,2026-09-08T18:18:45.891606,14,474ccba59d18cf70
1751155696091754,2026-09-08T18:18:45.891606,14,474ccba59d18cf70
1751162512757739,2026-09-08T18:18:45.891606,14,474ccba59d18cf70
1751170092756981,2026-09-08T18:18:45.891606,14,474ccba59d18cf70
1751183569422300,2026-09-08T18:18:45.891606,14,474ccba59d18cf70
1751220166085307,2026-09-08T18:18:45.891606,14,474ccba59d18cf70
1751220362751954,2026-09-08T18:18:45.891606,14,474ccba59d18cf70
1751220056085318,2026-09-08T18:18:45.891606,14,474ccba59d18cf70
1751222609418396,2026-09-08T18:18:45.891606,14,474ccba59d18cf70
1751224192751571,2026-09-08T18:18:45.891606,14,474ccba59d18cf70
1751230202750970,2026-09-08T18:18:45.891606,14,474ccba59d18cf70
1751235109417146,2026-09-08T18:18:45.891606,14,474ccba59d18cf70
1751235919417065,2026-09-08T18:18:45.891606,14,474ccba59d18cf70
1751543429386314,2026-09-08T18:18:45.891606,14,474ccba59d18cf70
1751581266049197,2026-09-08T18:18:45.891606,14,474ccba59d18cf70
1751626732711317,2026-09-08T18:18:45.891606,14,474ccba59d18cf70
1751634676043856,2026-09-08T18:18:45.891606,14,474ccba59d18cf70
1751718162702174,2026-09-08T18:18:45.891606,14,474ccba59d18cf70
1751719002702090,2026-09-08T18:18:45.891606,14,474ccba59d18cf70
1751719622702028,2026-09-08T18:18:45.891606,14,474ccba59d18cf70
2506820433155181,2026-09-08T18:18:45.891606,14,474ccba59d18cf70
2502809860222905,2026-09-08T18:18:45.891606,14,474ccba59d18cf70
2502811650222726,2026-09-08T18:18:45.891606,14,474ccba59d18cf70
2502813313555893,2026-09-08T18:18:45.891606,14,474ccba59d18cf70
2502817420222149,2026-09-08T18:18:45.891606,14,474ccba59d18cf70
2502818626888695,2026-09-08T18:18:45.891606,14,474ccba59d18cf70
2502823290221562,2026-09-08T18:18:45.891606,14,474ccba59d18cf70
2502823660221525,2026-09-08T18:18:45.891606,14,474ccba59d18cf70
2502825040221387,2026-09-08T18:18:45.891606,14,474ccba59d18cf70
2502825690221322,2026-09-08T18:18:45.891606,14,474ccba59d18cf70
2502827773554447,2026-09-08T18:18:45.891606,14,474ccba59d18cf70
2502829880220903,2026-09-08T18:18:45.891606,14,474ccba59d18cf70
2502832920220599,2026-09-08T18:18:45.891606,14,474ccba59d18cf70
2502835306887027,2026-09-08T18:18:45.891606,14,474ccba59d18cf70
2502839730219918,2026-09-08T18:18:45.891606,14,474ccba59d18cf70
2502840323553192,2026-09-08T18:18:45.891606,14,474ccba59d18cf70
2502849026885655,2026-09-08T18:18:45.891606,14,474ccba59d18cf70
2502852406885317,2026-09-08T18:18:45.891606,14,474ccba59d18cf70
2502855043551720,2026-09-08T18:18:45.891606,14,474ccba59d18cf70
2502859656884592,2026-09-08T18:18:45.891606,14,474ccba59d18cf70
2503092340194657,2026-09-08T18:18:45.891606,14,474ccba59d18cf70
2503366490167242,2026-09-08T18:18:45.891606,14,474ccba59d18cf70
2503310660172825,2026-09-08T18:18:45.891606,14,474ccba59d18cf70
2503364416834116,2026-09-08T18:18:45.891606,14,474ccba59d18cf70
2503019606868597,2026-09-08T18:18:45.891606,14,474ccba59d18cf70
2503024293534795,2026-09-08T18:18:45.891606,14,474ccba59d18cf70
2503024856868072,2026-09-08T18:18:45.891606,14,474ccba59d18cf70
2503026700201221,2026-09-08T18:18:45.891606,14,474ccba59d18cf70
2503028636867694,2026-09-08T18:18:45.891606,14,474ccba59d18cf70
2503031126867445,2026-09-08T18:18:45.891606,14,474ccba59d18cf70
2503064396864118,2026-09-08T18:18:45.891606,14,474ccba59d18cf70
2503075513529673,2026-09-08T18:18:45.891606,14,474ccba59d18cf70
2503076253529599,2026-09-08T18:18:45.891606,14,474ccba59d18cf70
2503082186862339,2026-09-08T18:18:45.891606,14,474ccba59d18cf70
2503201740183717,2026-09-08T18:18:45.891606,14,474ccba59d18cf70
2503366066833951,2026-09-08T18:18:45.891606,14,474ccba59d18cf70
2503516590152232,2026-09-08T18:18:45.891606,14,474ccba59d18cf70
2503814130122478,2026-09-08T18:18:45.891606,14,474ccba59d18cf70
2503055976864960,2026-09-08T18:18:45.891606,14,474ccba59d18cf70
2503065306864027,2026-09-08T18:18:45.891606,14,474ccba59d18cf70
2503100140193877,2026-09-08T18:18:45.891606,14,474ccba59d18cf70
2503234570180434,2026-09-08T18:18:45.891606,14,474ccba59d18cf70
2503241890179702,2026-09-08T18:18:45.891606,14,474ccba59d18cf70
2503365270167364,2026-09-08T18:18:45.891606,14,474ccba59d18cf70
2503667366803821,2026-09-08T18:18:45.891606,14,474ccba59d18cf70
2503820296788528,2026-09-08T18:18:45.891606,14,474ccba59d18cf70
2506526189851272,2026-09-08T18:18:45.891606,14,474ccba59d18cf70
2506819059821985,2026-09-08T18:18:45.891606,14,474ccba59d18cf70
2503130946857463,2026-09-08T18:18:45.891606,14,474ccba59d18cf70
2503159420187949,2026-09-08T18:18:45.891606,14,474ccba59d18cf70
2503166980187193,2026-09-08T18:18:45.891606,14,474ccba59d18cf70
2503190276851530,2026-09-08T18:18:45.891606,14,474ccba59d18cf70
2503215313515693,2026-09-08T18:18:45.891606,14,474ccba59d18cf70
2503233813513843,2026-09-08T18:18:45.891606,14,474ccba59d18cf70
2503273666843191,2026-09-08T18:18:45.891606,14,474ccba59d18cf70
2503280736842484,2026-09-08T18:18:45.891606,14,474ccba59d18cf70
2503316870172204,2026-09-08T18:18:45.891606,14,474ccba59d18cf70
2503364010167490,2026-09-08T18:18:45.891606,14,474ccba59d18cf70
2503716253465599,2026-09-08T18:18:45.891606,14,474ccba59d18cf70
2503767776793780,2026-09-08T18:18:45.891606,14,474ccba59d18cf70
2503769420126949,2026-09-08T18:18:45.891606,14,474ccba59d18cf70
2503771330126758,2026-09-08T18:18:45.891606,14,474ccba59d18cf70
2503772053460019,2026-09-08T18:18:45.891606,14,474ccba59d18cf70
2503779823459242,2026-09-08T18:18:45.891606,14,474ccba59d18cf70
2503785040125387,2026-09-08T18:18:45.891606,14,474ccba59d18cf70
2506034449900446,2026-09-08T18:18:45.891606,14,474ccba59d18cf70
2506035669900324,2026-09-08T18:18:45.891606,14,474ccba59d18cf70
2507381953099029,2026-09-08T18:18:45.891606,14,474ccba59d18cf70
2507427079761183,2026-09-08T18:18:45.891606,14,474ccba59d18cf70
2507459269757964,2026-09-08T18:18:45.891606,14,474ccba59d18cf70
2503137576856800,2026-09-08T18:18:45.891606,14,474ccba59d18cf70
2503142733522951,2026-09-08T18:18:45.891606,14,474ccba59d18cf70
2503144070189484,2026-09-08T18:18:45.891606,14,474ccba59d18cf70
2503145106856047,2026-09-08T18:18:45.891606,14,474ccba59d18cf70
2503173076853250,2026-09-08T18:18:45.891606,14,474ccba59d18cf70
2503227530181138,2026-09-08T18:18:45.891606,14,474ccba59d18cf70
2503365613500663,2026-09-08T18:18:45.891606,14,474ccba59d18cf70
2503895920114299,2026-09-08T18:18:45.891606,14,474ccba59d18cf70
2503972970106594,2026-09-08T18:18:45.891606,14,474ccba59d18cf70
2504326813404543,2026-09-08T18:18:45.891606,14,474ccba59d18cf70
2503248353512389,2026-09-08T18:18:45.891606,14,474ccba59d18cf70
2503249673512257,2026-09-08T18:18:45.891606,14,474ccba59d18cf70
2503250683512156,2026-09-08T18:18:45.891606,14,474ccba59d18cf70
2503251470178744,2026-09-08T18:18:45.891606,14,474ccba59d18cf70
2503253456845212,2026-09-08T18:18:45.891606,14,474ccba59d18cf70
2503254323511792,2026-09-08T18:18:45.891606,14,474ccba59d18cf70
2503269780176913,2026-09-08T18:18:45.891606,14,474ccba59d18cf70
2503273773509847,2026-09-08T18:18:45.891606,14,474ccba59d18cf70
2503288043508420,2026-09-08T18:18:45.891606,14,474ccba59d18cf70
2503288273508397,2026-09-08T18:18:45.891606,14,474ccba59d18cf70
2503307720173119,2026-09-08T18:18:45.891606,14,474ccba59d18cf70
2503364880167403,2026-09-08T18:18:45.891606,14,474ccba59d18cf70
2503395476831010,2026-09-08T18:18:45.891606,14,474ccba59d18cf70
2503546670149224,2026-09-08T18:18:45.891606,14,474ccba59d18cf70
2503682690135622,2026-09-08T18:18:45.891606,14,474ccba59d18cf70
2503917113445513,2026-09-08T18:18:45.891606,14,474ccba59d18cf70
2503962243441000,2026-09-08T18:18:45.891606,14,474ccba59d18cf70
2504041070099784,2026-09-08T18:18:45.891606,14,474ccba59d18cf70
2504042286766329,2026-09-08T18:18:45.891606,14,474ccba59d18cf70
2506753029828588,2026-09-08T18:18:45.891606,14,474ccba59d18cf70
2503330373504187,2026-09-08T18:18:45.891606,14,474ccba59d18cf70
2503331453504079,2026-09-08T18:18:45.891606,14,474ccba59d18cf70
2503340313503193,2026-09-08T18:18:45.891606,14,474ccba59d18cf70
2503344853502739,2026-09-08T18:18:45.891606,14,474ccba59d18cf70
2503355603501664,2026-09-08T18:18:45.891606,14,474ccba59d18cf70
2503359206834637,2026-09-08T18:18:45.891606,14,474ccba59d18cf70
2503361240167767,2026-09-08T18:18:45.891606,14,474ccba59d18cf70
2503372640166627,2026-09-08T18:18:45.891606,14,474ccba59d18cf70
2503653260138565,2026-09-08T18:18:45.891606,14,474ccba59d18cf70
2503699773467247,2026-09-08T18:18:45.891606,14,474ccba59d18cf70
2503721326798425,2026-09-08T18:18:45.891606,14,474ccba59d18cf70
2503912896779268,2026-09-08T18:18:45.891606,14,474ccba59d18cf70
2503913880112503,2026-09-08T18:18:45.891606,14,474ccba59d18cf70
2503938936776664,2026-09-08T18:18:45.891606,14,474ccba59d18cf70
2504018096768748,2026-09-08T18:18:45.891606,14,474ccba59d18cf70
2504037903433434,2026-09-08T18:18:45.891606,14,474ccba59d18cf70
2503814630122428,2026-09-08T18:18:45.891606,14,474ccba59d18cf70
2503821650121726,2026-09-08T18:18:45.891606,14,474ccba59d18cf70
2503844366786121,2026-09-08T18:18:45.891606,14,474ccba59d18cf70
2504023920101499,2026-09-08T18:18:45.891606,14,474ccba59d18cf70
2504052053432019,2026-09-08T18:18:45.891606,14,474ccba59d18cf70
2504084083428816,2026-09-08T18:18:45.891606,14,474ccba59d18cf70
2504162590087632,2026-09-08T18:18:45.891606,14,474ccba59d18cf70
2504162830087608,2026-09-08T18:18:45.891606,14,474ccba59d18cf70
2504165320087359,2026-09-08T18:18:45.891606,14,474ccba59d18cf70
2504165596753998,2026-09-08T18:18:45.891606,14,474ccba59d18cf70
2504166046753953,2026-09-08T18:18:45.891606,14,474ccba59d18cf70
2503926506777907,2026-09-08T18:18:45.891606,14,474ccba59d18cf70
2503973230106568,2026-09-08T18:18:45.891606,14,474ccba59d18cf70
2504119316758626,2026-09-08T18:18:45.891606,14,474ccba59d18cf70
2504345146736043,2026-09-08T18:18:45.891606,14,474ccba59d18cf70
2504082620095629,2026-09-08T18:18:45.891606,14,474ccba59d18cf70
2504084263428798,2026-09-08T18:18:45.891606,14,474ccba59d18cf70
2504086400095251,2026-09-08T18:18:45.891606,14,474ccba59d18cf70
2504107766759781,2026-09-08T18:18:45.891606,14,474ccba59d18cf70
2504107953426429,2026-09-08T18:18:45.891606,14,474ccba59d18cf70
2504127043424520,2026-09-08T18:18:45.891606,14,474ccba59d18cf70
2504128400091051,2026-09-08T18:18:45.891606,14,474ccba59d18cf70
2504131360090755,2026-09-08T18:18:45.891606,14,474ccba59d18cf70
2504148090089082,2026-09-08T18:18:45.891606,14,474ccba59d18cf70
2504155860088305,2026-09-08T18:18:45.891606,14,474ccba59d18cf70
2504157363421488,2026-09-08T18:18:45.891606,14,474ccba59d18cf70
2504657663371458,2026-09-08T18:18:45.891606,14,474ccba59d18cf70
2504666350037256,2026-09-08T18:18:45.891606,14,474ccba59d18cf70
2505653136605244,2026-09-08T18:18:45.891606,14,474ccba59d18cf70
2505656859938205,2026-09-08T18:18:45.891606,14,474ccba59d18cf70
2505659283271296,2026-09-08T18:18:45.891606,14,474ccba59d18cf70
2505660676604490,2026-09-08T18:18:45.891606,14,474ccba59d18cf70
2505661513271073,2026-09-08T18:18:45.891606,14,474ccba59d18cf70
2505662016604356,2026-09-08T18:18:45.891606,14,474ccba59d18cf70
2505668053270419,2026-09-08T18:18:45.891606,14,474ccba59d18cf70
2505668416603716,2026-09-08T18:18:45.891606,14,474ccba59d18cf70
2505700099933881,2026-09-08T18:18:45.891606,14,474ccba59d18cf70
2505714953265729,2026-09-08T18:18:45.891606,14,474ccba59d18cf70
2505715646598993,2026-09-08T18:18:45.891606,14,474ccba59d18cf70
2505748646595693,2026-09-08T18:18:45.891606,14,474ccba59d18cf70
2505794783257746,2026-09-08T18:18:45.891606,14,474ccba59d18cf70
2505917169912174,2026-09-08T18:18:45.891606,14,474ccba59d18cf70
2505934283243796,2026-09-08T18:18:45.891606,14,474ccba59d18cf70
2505986046571953,2026-09-08T18:18:45.891606,14,474ccba59d18cf70
2505986409905250,2026-09-08T18:18:45.891606,14,474ccba59d18cf70
2505995033237721,2026-09-08T18:18:45.891606,14,474ccba59d18cf70
2506196416550916,2026-09-08T18:18:45.891606,14,474ccba59d18cf70
2506206086549949,2026-09-08T18:18:45.891606,14,474ccba59d18cf70
2506259826544575,2026-09-08T18:18:45.891606,14,474ccba59d18cf70
2506413773195847,2026-09-08T18:18:45.891606,14,474ccba59d18cf70
2506470609856830,2026-09-08T18:18:45.891606,14,474ccba59d18cf70
2506470943190130,2026-09-08T18:18:45.891606,14,474ccba59d18cf70
2506577979846093,2026-09-08T18:18:45.891606,14,474ccba59d18cf70
2506589799844911,2026-09-08T18:18:45.891606,14,474ccba59d18cf70
2506591019844789,2026-09-08T18:18:45.891606,14,474ccba59d18cf70
2506592923177932,2026-09-08T18:18:45.891606,14,474ccba59d18cf70
2506642533172971,2026-09-08T18:18:45.891606,14,474ccba59d18cf70
2506651539838737,2026-09-08T18:18:45.891606,14,474ccba59d18cf70
2506652253171999,2026-09-08T18:18:45.891606,14,474ccba59d18cf70
2507554849748406,2026-09-08T18:18:45.891606,14,474ccba59d18cf70
2505774909926400,2026-09-08T18:18:45.891606,14,474ccba59d18cf70
2505782283258996,2026-09-08T18:18:45.891606,14,474ccba59d18cf70
2505787853258439,2026-09-08T18:18:45.891606,14,474ccba59d18cf70
2505789863258238,2026-09-08T18:18:45.891606,14,474ccba59d18cf70
2505795389924352,2026-09-08T18:18:45.891606,14,474ccba59d18cf70
2505860773251147,2026-09-08T18:18:45.891606,14,474ccba59d18cf70
2505872283249996,2026-09-08T18:18:45.891606,14,474ccba59d18cf70
2505877349916156,2026-09-08T18:18:45.891606,14,474ccba59d18cf70
2505877806582777,2026-09-08T18:18:45.891606,14,474ccba59d18cf70
2506119239891967,2026-09-08T18:18:45.891606,14,474ccba59d18cf70
2506520683185156,2026-09-08T18:18:45.891606,14,474ccba59d18cf70
2506548716515686,2026-09-08T18:18:45.891606,14,474ccba59d18cf70
2506558853181339,2026-09-08T18:18:45.891606,14,474ccba59d18cf70
2506560093181215,2026-09-08T18:18:45.891606,14,474ccba59d18cf70
2506561676514390,2026-09-08T18:18:45.891606,14,474ccba59d18cf70
2506564566514101,2026-09-08T18:18:45.891606,14,474ccba59d18cf70
2506566423180582,2026-09-08T18:18:45.891606,14,474ccba59d18cf70
2506568116513746,2026-09-08T18:18:45.891606,14,474ccba59d18cf70
2506587359845155,2026-09-08T18:18:45.891606,14,474ccba59d18cf70
2506601589843732,2026-09-08T18:18:45.891606,14,474ccba59d18cf70
2506675113169713,2026-09-08T18:18:45.891606,14,474ccba59d18cf70
2506769966493561,2026-09-08T18:18:45.891606,14,474ccba59d18cf70
2507044856466072,2026-09-08T18:18:45.891606,14,474ccba59d18cf70
2507603623076862,2026-09-08T18:18:45.891606,14,474ccba59d18cf70
2507653113071913,2026-09-08T18:18:45.891606,14,474ccba59d18cf70
2506651623172062,2026-09-08T18:18:45.891606,14,474ccba59d18cf70
2506666943170530,2026-09-08T18:18:45.891606,14,474ccba59d18cf70
2506679213169303,2026-09-08T18:18:45.891606,14,474ccba59d18cf70
2506702886500269,2026-09-08T18:18:45.891606,14,474ccba59d18cf70
2506729906497567,2026-09-08T18:18:45.891606,14,474ccba59d18cf70
2506752283161996,2026-09-08T18:18:45.891606,14,474ccba59d18cf70
2506791883158036,2026-09-08T18:18:45.891606,14,474ccba59d18cf70
2506808079823083,2026-09-08T18:18:45.891606,14,474ccba59d18cf70
2506817816488776,2026-09-08T18:18:45.891606,14,474ccba59d18cf70
2506888523148372,2026-09-08T18:18:45.891606,14,474ccba59d18cf70
2507029259800965,2026-09-08T18:18:45.891606,14,474ccba59d18cf70
2507578003079424,2026-09-08T18:18:45.891606,14,474ccba59d18cf70
2506737469830144,2026-09-08T18:18:45.891606,14,474ccba59d18cf70
2506752579828633,2026-09-08T18:18:45.891606,14,474ccba59d18cf70
2506753639828527,2026-09-08T18:18:45.891606,14,474ccba59d18cf70
2506758356494722,2026-09-08T18:18:45.891606,14,474ccba59d18cf70
2506764069827484,2026-09-08T18:18:45.891606,14,474ccba59d18cf70
2506844816486076,2026-09-08T18:18:45.891606,14,474ccba59d18cf70
2507301253107099,2026-09-08T18:18:45.891606,14,474ccba59d18cf70
2507000586470499,2026-09-08T18:18:45.891606,14,474ccba59d18cf70
2507300293107195,2026-09-08T18:18:45.891606,14,474ccba59d18cf70
2507439893093235,2026-09-08T18:18:45.891606,14,474ccba59d18cf70
2507475983089626,2026-09-08T18:18:45.891606,14,474ccba59d18cf70
2507476326422925,2026-09-08T18:18:45.891606,14,474ccba59d18cf70
2506823976488160,2026-09-08T18:18:45.891606,14,474ccba59d18cf70
2506826593154565,2026-09-08T18:18:45.891606,14,474ccba59d18cf70
2506827189821172,2026-09-08T18:18:45.891606,14,474ccba59d18cf70
2506829096487648,2026-09-08T18:18:45.891606,14,474ccba59d18cf70
2506829439820947,2026-09-08T18:18:45.891606,14,474ccba59d18cf70
2506829639820927,2026-09-08T18:18:45.891606,14,474ccba59d18cf70
2506846056485952,2026-09-08T18:18:45.891606,14,474ccba59d18cf70
2506858183151406,2026-09-08T18:18:45.891606,14,474ccba59d18cf70
2506858416484716,2026-09-08T18:18:45.891606,14,474ccba59d18cf70
2506859149817976,2026-09-08T18:18:45.891606,14,474ccba59d18cf70
2506902206480337,2026-09-08T18:18:45.891606,14,474ccba59d18cf70
2506909319812959,2026-09-08T18:18:45.891606,14,474ccba59d18cf70
2506922223145002,2026-09-08T18:18:45.891606,14,474ccba59d18cf70
2506923663144858,2026-09-08T18:18:45.891606,14,474ccba59d18cf70
2506925153144709,2026-09-08T18:18:45.891606,14,474ccba59d18cf70
2506928929810998,2026-09-08T18:18:45.891606,14,474ccba59d18cf70
2506937859810105,2026-09-08T18:18:45.891606,14,474ccba59d18cf70
2506938526476705,2026-09-08T18:18:45.891606,14,474ccba59d18cf70
2506956036474954,2026-09-08T18:18:45.891606,14,474ccba59d18cf70
2506974639806427,2026-09-08T18:18:45.891606,14,474ccba59d18cf70
2506980073139217,2026-09-08T18:18:45.891606,14,474ccba59d18cf70
2507056813131543,2026-09-08T18:18:45.891606,14,474ccba59d18cf70
2507085666461991,2026-09-08T18:18:45.891606,14,474ccba59d18cf70
2507309346439623,2026-09-08T18:18:45.891606,14,474ccba59d18cf70
2507353006435257,2026-09-08T18:18:45.891606,14,474ccba59d18cf70
2507377129766178,2026-09-08T18:18:45.891606,14,474ccba59d18cf70
2507382046432353,2026-09-08T18:18:45.891606,14,474ccba59d18cf70
2507384833098741,2026-09-08T18:18:45.891606,14,474ccba59d18cf70
2507396826430875,2026-09-08T18:18:45.891606,14,474ccba59d18cf70
2507398366430721,2026-09-08T18:18:45.891606,14,474ccba59d18cf70
2507435973093627,2026-09-08T18:18:45.891606,14,474ccba59d18cf70
2507481546422403,2026-09-08T18:18:45.891606,14,474ccba59d18cf70
2507495106421047,2026-09-08T18:18:45.891606,14,474ccba59d18cf70
2507584329745458,2026-09-08T18:18:45.891606,14,474ccba59d18cf70
2507612693075955,2026-09-08T18:18:45.891606,14,474ccba59d18cf70
2507614179742473,2026-09-08T18:18:45.891606,14,474ccba59d18cf70
2507615123075712,2026-09-08T18:18:45.891606,14,474ccba59d18cf70
2130278830892252,2026-09-08T18:18:45.891606,14,474ccba59d18cf70
2130375337549268,2026-09-08T18:18:45.891606,14,474ccba59d18cf70
2130486940871441,2026-09-08T18:18:45.891606,14,474ccba59d18cf70
2130253520894783,2026-09-08T18:18:45.891606,14,474ccba59d18cf70
2131118114141657,2026-09-08T18:18:45.891606,14,474ccba59d18cf70
2133795523873916,2026-09-08T18:18:45.891606,14,474ccba59d18cf70
2134075083845960,2026-09-08T18:18:45.891606,14,474ccba59d18cf70
2251470985790855,2026-09-15T14:55:28.245718,14,474ccba59d18cf70
2252598985678055,2026-09-15T14:55:28.245718,14,474ccba59d18cf70
2253274318943855,2026-09-15T14:55:28.245718,14,474ccba59d18cf70
2253220672282553,2026-09-15T14:55:28.245718,14,474ccba59d18cf70
2253221402282480,2026-09-15T14:55:28.245718,14,474ccba59d18cf70
2253241865613767,2026-09-15T14:55:28.245718,14,474ccba59d18cf70
2253255338945753,2026-09-15T14:55:28.245718,14,474ccba59d18cf70
2253256898945597,2026-09-15T14:55:28.245718,14,474ccba59d18cf70
2253262108945076,2026-09-15T14:55:28.245718,14,474ccba59d18cf70
2253299705607983,2026-09-15T14:55:28.245718,14,474ccba59d18cf70
2253300185607935,2026-09-15T14:55:28.245718,14,474ccba59d18cf70
2253334975604456,2026-09-15T14:55:28.245718,14,474ccba59d18cf70
2253335165604437,2026-09-15T14:55:28.245718,14,474ccba59d18cf70
2253336438937643,2026-09-15T14:55:28.245718,14,474ccba59d18cf70
1622949952622638,2026-09-15T14:55:28.245718,14,474ccba59d18cf70
1622950075955959,2026-09-15T14:55:28.245718,14,474ccba59d18cf70
1622976522619981,2026-09-15T14:55:28.245718,14,474ccba59d18cf70
1622976612619972,2026-09-15T14:55:28.245718,14,474ccba59d18cf70
1623045185946448,2026-09-15T14:55:28.245718,14,474ccba59d18cf70
1623657755885191,2026-09-15T14:55:28.245718,14,474ccba59d18cf70
1624174445833522,2026-09-15T14:55:28.245718,14,474ccba59d18cf70
1624175035833463,2026-09-15T14:55:28.245718,14,474ccba59d18cf70
1619055229678777,2026-09-15T14:55:28.245718,14,474ccba59d18cf70
1622949429289357,2026-09-15T14:55:28.245718,14,474ccba59d18cf70
1623041749280125,2026-09-15T14:55:28.245718,14,474ccba59d18cf70
1625748325676134,2026-09-15T14:55:28.245718,14,474ccba59d18cf70
1627708035480163,2026-09-15T14:55:28.245718,14,474ccba59d18cf70
1622949805955986,2026-09-15T14:55:28.245718,14,474ccba59d18cf70
1623048015946165,2026-09-15T14:55:28.245718,14,474ccba59d18cf70
1623308589253441,2026-09-15T14:55:28.245718,14,474ccba59d18cf70
1623327245918242,2026-09-15T14:55:28.245718,14,474ccba59d18cf70
1623333792584254,2026-09-15T14:55:28.245718,14,474ccba59d18cf70
1623658659218434,2026-09-15T14:55:28.245718,14,474ccba59d18cf70
1623668419217458,2026-09-15T14:55:28.245718,14,474ccba59d18cf70
1624162372501396,2026-09-15T14:55:28.245718,14,474ccba59d18cf70
1624172819167018,2026-09-15T14:55:28.245718,14,474ccba59d18cf70
1624427645808202,2026-09-15T14:55:28.245718,14,474ccba59d18cf70
1625281459056154,2026-09-15T14:55:28.245718,14,474ccba59d18cf70
1625745775676389,2026-09-15T14:55:28.245718,14,474ccba59d18cf70
1626255812292052,2026-09-15T14:55:28.245718,14,474ccba59d18cf70
1624146509169649,2026-09-15T14:55:28.245718,14,474ccba59d18cf70
1622949675955999,2026-09-15T14:55:28.245718,14,474ccba59d18cf70
1623046399279660,2026-09-15T14:55:28.245718,14,474ccba59d18cf70
1623494679234832,2026-09-15T14:55:28.245718,14,474ccba59d18cf70
1624175332500100,2026-09-15T14:55:28.245718,14,474ccba59d18cf70
1623699535881013,2026-09-15T14:55:28.245718,14,474ccba59d18cf70
1622655259318774,2026-09-15T14:55:28.245718,14,474ccba59d18cf70
1622675605983406,2026-09-15T14:55:28.245718,14,474ccba59d18cf70
1622691972648436,2026-09-15T14:55:28.245718,14,474ccba59d18cf70
1622713602646273,2026-09-15T14:55:28.245718,14,474ccba59d18cf70
1622746019309698,2026-09-15T14:55:28.245718,14,474ccba59d18cf70
1622948412622792,2026-09-15T14:55:28.245718,14,474ccba59d18cf70
1623310035919963,2026-09-15T14:55:28.245718,14,474ccba59d18cf70
1623455802572053,2026-09-15T14:55:28.245718,14,474ccba59d18cf70
1623457192571914,2026-09-15T14:55:28.245718,14,474ccba59d18cf70
1623658162551817,2026-09-15T14:55:28.245718,14,474ccba59d18cf70
1624174132500220,2026-09-15T14:55:28.245718,14,474ccba59d18cf70
1622536019330698,2026-09-15T14:55:28.245718,14,474ccba59d18cf70
1622448429339457,2026-09-15T14:55:28.245718,14,474ccba59d18cf70
1622448746006092,2026-09-15T14:55:28.245718,14,474ccba59d18cf70
1622448766006090,2026-09-15T14:55:28.245718,14,474ccba59d18cf70
1622449092672724,2026-09-15T14:55:28.245718,14,474ccba59d18cf70
1622449292672704,2026-09-15T14:55:28.245718,14,474ccba59d18cf70
1622449469339353,2026-09-15T14:55:28.245718,14,474ccba59d18cf70
1622449546006012,2026-09-15T14:55:28.245718,14,474ccba59d18cf70
1622449796005987,2026-09-15T14:55:28.245718,14,474ccba59d18cf70
1622450112672622,2026-09-15T14:55:28.245718,14,474ccba59d18cf70
1622450319339268,2026-09-15T14:55:28.245718,14,474ccba59d18cf70
1622450359339264,2026-09-15T14:55:28.245718,14,474ccba59d18cf70
1622450706005896,2026-09-15T14:55:28.245718,14,474ccba59d18cf70
1622450999339200,2026-09-15T14:55:28.245718,14,474ccba59d18cf70
1622451036005863,2026-09-15T14:55:28.245718,14,474ccba59d18cf70
1622451016005865,2026-09-15T14:55:28.245718,14,474ccba59d18cf70
1622451319339168,2026-09-15T14:55:28.245718,14,474ccba59d18cf70
1622451352672498,2026-09-15T14:55:28.245718,14,474ccba59d18cf70
1622451462672487,2026-09-15T14:55:28.245718,14,474ccba59d18cf70
1622451676005799,2026-09-15T14:55:28.245718,14,474ccba59d18cf70
1622451936005773,2026-09-15T14:55:28.245718,14,474ccba59d18cf70
1622452166005750,2026-09-15T14:55:28.245718,14,474ccba59d18cf70
1622452909339009,2026-09-15T14:55:28.245718,14,474ccba59d18cf70
1622453189338981,2026-09-15T14:55:28.245718,14,474ccba59d18cf70
1622453622672271,2026-09-15T14:55:28.245718,14,474ccba59d18cf70
1622453869338913,2026-09-15T14:55:28.245718,14,474ccba59d18cf70
1622455212672112,2026-09-15T14:55:28.245718,14,474ccba59d18cf70
1622456069338693,2026-09-15T14:55:28.245718,14,474ccba59d18cf70
1622456719338628,2026-09-15T14:55:28.245718,14,474ccba59d18cf70
1622456749338625,2026-09-15T14:55:28.245718,14,474ccba59d18cf70
1622457576005209,2026-09-15T14:55:28.245718,14,474ccba59d18cf70
1622459292671704,2026-09-15T14:55:28.245718,14,474ccba59d18cf70
1622459539338346,2026-09-15T14:55:28.245718,14,474ccba59d18cf70
1622460762671557,2026-09-15T14:55:28.245718,14,474ccba59d18cf70
1622461159338184,2026-09-15T14:55:28.245718,14,474ccba59d18cf70
1622462216004745,2026-09-15T14:55:28.245718,14,474ccba59d18cf70
1622462306004736,2026-09-15T14:55:28.245718,14,474ccba59d18cf70
1622462432671390,2026-09-15T14:55:28.245718,14,474ccba59d18cf70
1622463446004622,2026-09-15T14:55:28.245718,14,474ccba59d18cf70
1622465129337787,2026-09-15T14:55:28.245718,14,474ccba59d18cf70
1622465986004368,2026-09-15T14:55:28.245718,14,474ccba59d18cf70
1622469806003986,2026-09-15T14:55:28.245718,14,474ccba59d18cf70
1622472046003762,2026-09-15T14:55:28.245718,14,474ccba59d18cf70
1622472416003725,2026-09-15T14:55:28.245718,14,474ccba59d18cf70
1622475442670089,2026-09-15T14:55:28.245718,14,474ccba59d18cf70
1622476666003300,2026-09-15T14:55:28.245718,14,474ccba59d18cf70
1622478236003143,2026-09-15T14:55:28.245718,14,474ccba59d18cf70
1622478349336465,2026-09-15T14:55:28.245718,14,474ccba59d18cf70
1622484582669175,2026-09-15T14:55:28.245718,14,474ccba59d18cf70
1622488012668832,2026-09-15T14:55:28.245718,14,474ccba59d18cf70
1622488282668805,2026-09-15T14:55:28.245718,14,474ccba59d18cf70
1622489992668634,2026-09-15T14:55:28.245718,14,474ccba59d18cf70
1622490966001870,2026-09-15T14:55:28.245718,14,474ccba59d18cf70
1622510399333260,2026-09-15T14:55:28.245718,14,474ccba59d18cf70
1622511349333165,2026-09-15T14:55:28.245718,14,474ccba59d18cf70
1622514409332859,2026-09-15T14:55:28.245718,14,474ccba59d18cf70
1622516649332635,2026-09-15T14:55:28.245718,14,474ccba59d18cf70
1622523019331998,2026-09-15T14:55:28.245718,14,474ccba59d18cf70
1622539169330383,2026-09-15T14:55:28.245718,14,474ccba59d18cf70
1622552865995680,2026-09-15T14:55:28.245718,14,474ccba59d18cf70
1622557739328526,2026-09-15T14:55:28.245718,14,474ccba59d18cf70
1622564729327827,2026-09-15T14:55:28.245718,14,474ccba59d18cf70
1622573422660291,2026-09-15T14:55:28.245718,14,474ccba59d18cf70
1622576932659940,2026-09-15T14:55:28.245718,14,474ccba59d18cf70
1622585395992427,2026-09-15T14:55:28.245718,14,474ccba59d18cf70
1622586589325641,2026-09-15T14:55:28.245718,14,474ccba59d18cf70
1622591015991865,2026-09-15T14:55:28.245718,14,474ccba59d18cf70
1622597415991225,2026-09-15T14:55:28.245718,14,474ccba59d18cf70
1622626819321618,2026-09-15T14:55:28.245718,14,474ccba59d18cf70
1622746342642999,2026-09-15T14:55:28.245718,14,474ccba59d18cf70
1622807295970237,2026-09-15T14:55:28.245718,14,474ccba59d18cf70
1622949145956052,2026-09-15T14:55:28.245718,14,474ccba59d18cf70
1623310862586547,2026-09-15T14:55:28.245718,14,474ccba59d18cf70
1623364905914476,2026-09-15T14:55:28.245718,14,474ccba59d18cf70
1623384835912483,2026-09-15T14:55:28.245718,14,474ccba59d18cf70
1623658375885129,2026-09-15T14:55:28.245718,14,474ccba59d18cf70
1624173689166931,2026-09-15T14:55:28.245718,14,474ccba59d18cf70
1624736759110624,2026-09-15T14:55:28.245718,14,474ccba59d18cf70
1625746795676287,2026-09-15T14:55:28.245718,14,474ccba59d18cf70
1626160785634888,2026-09-15T14:55:28.245718,14,474ccba59d18cf70
1626355892282044,2026-09-15T14:55:28.245718,14,474ccba59d18cf70
1626394295611537,2026-09-15T14:55:28.245718,14,474ccba59d18cf70
1623364865914480,2026-09-15T14:55:28.245718,14,474ccba59d18cf70
1623364792581154,2026-09-15T14:55:28.245718,14,474ccba59d18cf70
1623373785913588,2026-09-15T14:55:28.245718,14,474ccba59d18cf70
1622800489304251,2026-09-15T14:55:28.245718,14,474ccba59d18cf70
1622801192637514,2026-09-15T14:55:28.245718,14,474ccba59d18cf70
1622803445970622,2026-09-15T14:55:28.245718,14,474ccba59d18cf70
1622804612637172,2026-09-15T14:55:28.245718,14,474ccba59d18cf70
1622809645970002,2026-09-15T14:55:28.245718,14,474ccba59d18cf70
1622812572636376,2026-09-15T14:55:28.245718,14,474ccba59d18cf70
1622814529302847,2026-09-15T14:55:28.245718,14,474ccba59d18cf70
1622825575968409,2026-09-15T14:55:28.245718,14,474ccba59d18cf70
1622845209299779,2026-09-15T14:55:28.245718,14,474ccba59d18cf70
1622945615956405,2026-09-15T14:55:28.245718,14,474ccba59d18cf70
1623049812612652,2026-09-15T14:55:28.245718,14,474ccba59d18cf70
1623053212612312,2026-09-15T14:55:28.245718,14,474ccba59d18cf70
1623246432592990,2026-09-15T14:55:28.245718,14,474ccba59d18cf70
1623250479259252,2026-09-15T14:55:28.245718,14,474ccba59d18cf70
1623253472592286,2026-09-15T14:55:28.245718,14,474ccba59d18cf70
1623255052592128,2026-09-15T14:55:28.245718,14,474ccba59d18cf70
1623256749258625,2026-09-15T14:55:28.245718,14,474ccba59d18cf70
1623257172591916,2026-09-15T14:55:28.245718,14,474ccba59d18cf70
1623258125925154,2026-09-15T14:55:28.245718,14,474ccba59d18cf70
1623259022591731,2026-09-15T14:55:28.245718,14,474ccba59d18cf70
1623268039257496,2026-09-15T14:55:28.245718,14,474ccba59d18cf70
1623272145923752,2026-09-15T14:55:28.245718,14,474ccba59d18cf70
1623281082589525,2026-09-15T14:55:28.245718,14,474ccba59d18cf70
1623287619255538,2026-09-15T14:55:28.245718,14,474ccba59d18cf70
1623307205920246,2026-09-15T14:55:28.245718,14,474ccba59d18cf70
1623323232585310,2026-09-15T14:55:28.245718,14,474ccba59d18cf70
1623323422585291,2026-09-15T14:55:28.245718,14,474ccba59d18cf70
1623364695914497,2026-09-15T14:55:28.245718,14,474ccba59d18cf70
1626143698969930,2026-09-15T14:55:28.245718,14,474ccba59d18cf70
1623364659247834,2026-09-15T14:55:28.245718,14,474ccba59d18cf70
1623431699241130,2026-09-15T14:55:28.245718,14,474ccba59d18cf70
1623364605914506,2026-09-15T14:55:28.245718,14,474ccba59d18cf70
1623390222578611,2026-09-15T14:55:28.245718,14,474ccba59d18cf70
1623401152577518,2026-09-15T14:55:28.245718,14,474ccba59d18cf70
1623211449263155,2026-09-15T14:55:28.245718,14,474ccba59d18cf70
1623218519262448,2026-09-15T14:55:28.245718,14,474ccba59d18cf70
1623220752595558,2026-09-15T14:55:28.245718,14,474ccba59d18cf70
1623223999261900,2026-09-15T14:55:28.245718,14,474ccba59d18cf70
1623228175928149,2026-09-15T14:55:28.245718,14,474ccba59d18cf70
1623228895928077,2026-09-15T14:55:28.245718,14,474ccba59d18cf70
1623228949261405,2026-09-15T14:55:28.245718,14,474ccba59d18cf70
1623229609261339,2026-09-15T14:55:28.245718,14,474ccba59d18cf70
1623236859260614,2026-09-15T14:55:28.245718,14,474ccba59d18cf70
1623266709257629,2026-09-15T14:55:28.245718,14,474ccba59d18cf70
1623278942589739,2026-09-15T14:55:28.245718,14,474ccba59d18cf70
1623295139254786,2026-09-15T14:55:28.245718,14,474ccba59d18cf70
1623319379252362,2026-09-15T14:55:28.245718,14,474ccba59d18cf70
1623342292583404,2026-09-15T14:55:28.245718,14,474ccba59d18cf70
1623361765914790,2026-09-15T14:55:28.245718,14,474ccba59d18cf70
1623370592580574,2026-09-15T14:55:28.245718,14,474ccba59d18cf70
1623405162577117,2026-09-15T14:55:28.245718,14,474ccba59d18cf70
1623506675900299,2026-09-15T14:55:28.245718,14,474ccba59d18cf70
1623571062560527,2026-09-15T14:55:28.245718,14,474ccba59d18cf70
1624120175838949,2026-09-15T14:55:28.245718,14,474ccba59d18cf70
1624377429146557,2026-09-15T14:55:28.245718,14,474ccba59d18cf70
1624484549135845,2026-09-15T14:55:28.245718,14,474ccba59d18cf70
1626928008891499,2026-09-15T14:55:28.245718,14,474ccba59d18cf70
1626928168891483,2026-09-15T14:55:28.245718,14,474ccba59d18cf70
1623508609233439,2026-09-15T14:55:28.245718,14,474ccba59d18cf70
1623364515914515,2026-09-15T14:55:28.245718,14,474ccba59d18cf70
1623314489252851,2026-09-15T14:55:28.245718,14,474ccba59d18cf70
1623314862586147,2026-09-15T14:55:28.245718,14,474ccba59d18cf70
1623314992586134,2026-09-15T14:55:28.245718,14,474ccba59d18cf70
1623315175919449,2026-09-15T14:55:28.245718,14,474ccba59d18cf70
1623315549252745,2026-09-15T14:55:28.245718,14,474ccba59d18cf70
1623315675919399,2026-09-15T14:55:28.245718,14,474ccba59d18cf70
1623315795919387,2026-09-15T14:55:28.245718,14,474ccba59d18cf70
1623316019252698,2026-09-15T14:55:28.245718,14,474ccba59d18cf70
1623316045919362,2026-09-15T14:55:28.245718,14,474ccba59d18cf70
1623317029252597,2026-09-15T14:55:28.245718,14,474ccba59d18cf70
1623317529252547,2026-09-15T14:55:28.245718,14,474ccba59d18cf70
1623317679252532,2026-09-15T14:55:28.245718,14,474ccba59d18cf70
1623317745919192,2026-09-15T14:55:28.245718,14,474ccba59d18cf70
1623319815918985,2026-09-15T14:55:28.245718,14,474ccba59d18cf70
1623320315918935,2026-09-15T14:55:28.245718,14,474ccba59d18cf70
1623320389252261,2026-09-15T14:55:28.245718,14,474ccba59d18cf70
1623321335918833,2026-09-15T14:55:28.245718,14,474ccba59d18cf70
1623323559251944,2026-09-15T14:55:28.245718,14,474ccba59d18cf70
1623324109251889,2026-09-15T14:55:28.245718,14,474ccba59d18cf70
1623324275918539,2026-09-15T14:55:28.245718,14,474ccba59d18cf70
1623327899251510,2026-09-15T14:55:28.245718,14,474ccba59d18cf70
1623333365917630,2026-09-15T14:55:28.245718,14,474ccba59d18cf70
1623340395916927,2026-09-15T14:55:28.245718,14,474ccba59d18cf70
1623352995915667,2026-09-15T14:55:28.245718,14,474ccba59d18cf70
1623364455914521,2026-09-15T14:55:28.245718,14,474ccba59d18cf70
1623370492580584,2026-09-15T14:55:28.245718,14,474ccba59d18cf70
1623373365913630,2026-09-15T14:55:28.245718,14,474ccba59d18cf70
1623409622576671,2026-09-15T14:55:28.245718,14,474ccba59d18cf70
1623422659242034,2026-09-15T14:55:28.245718,14,474ccba59d18cf70
1623423939241906,2026-09-15T14:55:28.245718,14,474ccba59d18cf70
1623450262572607,2026-09-15T14:55:28.245718,14,474ccba59d18cf70
1623456232572010,2026-09-15T14:55:28.245718,14,474ccba59d18cf70
1623457959238504,2026-09-15T14:55:28.245718,14,474ccba59d18cf70
1623563175894649,2026-09-15T14:55:28.245718,14,474ccba59d18cf70
1623650219219278,2026-09-15T14:55:28.245718,14,474ccba59d18cf70
1623657909218509,2026-09-15T14:55:28.245718,14,474ccba59d18cf70
1623672369217063,2026-09-15T14:55:28.245718,14,474ccba59d18cf70
1623754465875520,2026-09-15T14:55:28.245718,14,474ccba59d18cf70
1624060529178247,2026-09-15T14:55:28.245718,14,474ccba59d18cf70
1624075875843379,2026-09-15T14:55:28.245718,14,474ccba59d18cf70
1624076152510018,2026-09-15T14:55:28.245718,14,474ccba59d18cf70
1625746332343000,2026-09-15T14:55:28.245718,14,474ccba59d18cf70
1623360409248259,2026-09-15T14:55:28.245718,14,474ccba59d18cf70
1623361212581512,2026-09-15T14:55:28.245718,14,474ccba59d18cf70
1623361335914833,2026-09-15T14:55:28.245718,14,474ccba59d18cf70
1623370372580596,2026-09-15T14:55:28.245718,14,474ccba59d18cf70
1623383009245999,2026-09-15T14:55:28.245718,14,474ccba59d18cf70
1623401309244169,2026-09-15T14:55:28.245718,14,474ccba59d18cf70
1623401869244113,2026-09-15T14:55:28.245718,14,474ccba59d18cf70
1623430525907914,2026-09-15T14:55:28.245718,14,474ccba59d18cf70
1623455689238731,2026-09-15T14:55:28.245718,14,474ccba59d18cf70
1623459849238315,2026-09-15T14:55:28.245718,14,474ccba59d18cf70
1623477412569892,2026-09-15T14:55:28.245718,14,474ccba59d18cf70
1623491115901855,2026-09-15T14:55:28.245718,14,474ccba59d18cf70
1623491592568474,2026-09-15T14:55:28.245718,14,474ccba59d18cf70
1623491935901773,2026-09-15T14:55:28.245718,14,474ccba59d18cf70
1623529832564650,2026-09-15T14:55:28.245718,14,474ccba59d18cf70
1624164399167860,2026-09-15T14:55:28.245718,14,474ccba59d18cf70
1624257329158567,2026-09-15T14:55:28.245718,14,474ccba59d18cf70
1624383852479248,2026-09-15T14:55:28.245718,14,474ccba59d18cf70
1624416222476011,2026-09-15T14:55:28.245718,14,474ccba59d18cf70
1624242272493406,2026-09-15T14:55:28.245718,14,474ccba59d18cf70
1624250589159241,2026-09-15T14:55:28.245718,14,474ccba59d18cf70
1624252042492429,2026-09-15T14:55:28.245718,14,474ccba59d18cf70
1624252102492423,2026-09-15T14:55:28.245718,14,474ccba59d18cf70
1624252089159091,2026-09-15T14:55:28.245718,14,474ccba59d18cf70
1624252429159057,2026-09-15T14:55:28.245718,14,474ccba59d18cf70
1624252549159045,2026-09-15T14:55:28.245718,14,474ccba59d18cf70
1624252589159041,2026-09-15T14:55:28.245718,14,474ccba59d18cf70
1624254652492168,2026-09-15T14:55:28.245718,14,474ccba59d18cf70
1624256012492032,2026-09-15T14:55:28.245718,14,474ccba59d18cf70
1624256092492024,2026-09-15T14:55:28.245718,14,474ccba59d18cf70
1624256649158635,2026-09-15T14:55:28.245718,14,474ccba59d18cf70
1624256765825290,2026-09-15T14:55:28.245718,14,474ccba59d18cf70
1624257069158593,2026-09-15T14:55:28.245718,14,474ccba59d18cf70
1624257805825186,2026-09-15T14:55:28.245718,14,474ccba59d18cf70
1624258065825160,2026-09-15T14:55:28.245718,14,474ccba59d18cf70
1624258982491735,2026-09-15T14:55:28.245718,14,474ccba59d18cf70
1624260765824890,2026-09-15T14:55:28.245718,14,474ccba59d18cf70
1624261085824858,2026-09-15T14:55:28.245718,14,474ccba59d18cf70
1624264805824486,2026-09-15T14:55:28.245718,14,474ccba59d18cf70
1624265885824378,2026-09-15T14:55:28.245718,14,474ccba59d18cf70
1624267199157580,2026-09-15T14:55:28.245718,14,474ccba59d18cf70
1624268035824163,2026-09-15T14:55:28.245718,14,474ccba59d18cf70
1624268449157455,2026-09-15T14:55:28.245718,14,474ccba59d18cf70
1624270052490628,2026-09-15T14:55:28.245718,14,474ccba59d18cf70
1624272375823729,2026-09-15T14:55:28.245718,14,474ccba59d18cf70
1624275235823443,2026-09-15T14:55:28.245718,14,474ccba59d18cf70
1624276129156687,2026-09-15T14:55:28.245718,14,474ccba59d18cf70
1624279649156335,2026-09-15T14:55:28.245718,14,474ccba59d18cf70
1624283599155940,2026-09-15T14:55:28.245718,14,474ccba59d18cf70
1624284252489208,2026-09-15T14:55:28.245718,14,474ccba59d18cf70
1624287205822246,2026-09-15T14:55:28.245718,14,474ccba59d18cf70
1624289582488675,2026-09-15T14:55:28.245718,14,474ccba59d18cf70
1624300392487594,2026-09-15T14:55:28.245718,14,474ccba59d18cf70
1624301882487445,2026-09-15T14:55:28.245718,14,474ccba59d18cf70
1624301905820776,2026-09-15T14:55:28.245718,14,474ccba59d18cf70
1624303955820571,2026-09-15T14:55:28.245718,14,474ccba59d18cf70
1624304702487163,2026-09-15T14:55:28.245718,14,474ccba59d18cf70
1624310269153273,2026-09-15T14:55:28.245718,14,474ccba59d18cf70
1624311772486456,2026-09-15T14:55:28.245718,14,474ccba59d18cf70
1624313209152979,2026-09-15T14:55:28.245718,14,474ccba59d18cf70
1624339625817004,2026-09-15T14:55:28.245718,14,474ccba59d18cf70
1624341629150137,2026-09-15T14:55:28.245718,14,474ccba59d18cf70
1624346672482966,2026-09-15T14:55:28.245718,14,474ccba59d18cf70
1624347965816170,2026-09-15T14:55:28.245718,14,474ccba59d18cf70
1624352962482337,2026-09-15T14:55:28.245718,14,474ccba59d18cf70
1624372445813722,2026-09-15T14:55:28.245718,14,474ccba59d18cf70
1624385352479098,2026-09-15T14:55:28.245718,14,474ccba59d18cf70
1624403089143991,2026-09-15T14:55:28.245718,14,474ccba59d18cf70
1624409165810050,2026-09-15T14:55:28.245718,14,474ccba59d18cf70
1624416129142687,2026-09-15T14:55:28.245718,14,474ccba59d18cf70
1624426372474996,2026-09-15T14:55:28.245718,14,474ccba59d18cf70
1624430089141291,2026-09-15T14:55:28.245718,14,474ccba59d18cf70
1624450682472565,2026-09-15T14:55:28.245718,14,474ccba59d18cf70
1624510912466542,2026-09-15T14:55:28.245718,14,474ccba59d18cf70
1624554879128812,2026-09-15T14:55:28.245718,14,474ccba59d18cf70
1624592035791763,2026-09-15T14:55:28.245718,14,474ccba59d18cf70
1624624355788531,2026-09-15T14:55:28.245718,14,474ccba59d18cf70
1624629019121398,2026-09-15T14:55:28.245718,14,474ccba59d18cf70
1624629459121354,2026-09-15T14:55:28.245718,14,474ccba59d18cf70
1624721649112135,2026-09-15T14:55:28.245718,14,474ccba59d18cf70
1624727615778205,2026-09-15T14:55:28.245718,14,474ccba59d18cf70
1624735992444034,2026-09-15T14:55:28.245718,14,474ccba59d18cf70
1625055102412123,2026-09-15T14:55:28.245718,14,474ccba59d18cf70
1625128202404813,2026-09-15T14:55:28.245718,14,474ccba59d18cf70
1625221075728859,2026-09-15T14:55:28.245718,14,474ccba59d18cf70
1625229889061311,2026-09-15T14:55:28.245718,14,474ccba59d18cf70
1624337062483927,2026-09-15T14:55:28.245718,14,474ccba59d18cf70
1624344272483206,2026-09-15T14:55:28.245718,14,474ccba59d18cf70
1624348909149409,2026-09-15T14:55:28.245718,14,474ccba59d18cf70
1624357779148522,2026-09-15T14:55:28.245718,14,474ccba59d18cf70
1624358072481826,2026-09-15T14:55:28.245718,14,474ccba59d18cf70
1624358109148489,2026-09-15T14:55:28.245718,14,474ccba59d18cf70
1624359009148399,2026-09-15T14:55:28.245718,14,474ccba59d18cf70
1624416075809359,2026-09-15T14:55:28.245718,14,474ccba59d18cf70
1624424132475220,2026-09-15T14:55:28.245718,14,474ccba59d18cf70
1624432235807743,2026-09-15T14:55:28.245718,14,474ccba59d18cf70
1624510192466614,2026-09-15T14:55:28.245718,14,474ccba59d18cf70
1624589725791994,2026-09-15T14:55:28.245718,14,474ccba59d18cf70
1624332949151005,2026-09-15T14:55:28.245718,14,474ccba59d18cf70
1624371802480453,2026-09-15T14:55:28.245718,14,474ccba59d18cf70
1624416002476033,2026-09-15T14:55:28.245718,14,474ccba59d18cf70
1624426919141608,2026-09-15T14:55:28.245718,14,474ccba59d18cf70
1624427285808238,2026-09-15T14:55:28.245718,14,474ccba59d18cf70
1624460605804906,2026-09-15T14:55:28.245718,14,474ccba59d18cf70
1624460765804890,2026-09-15T14:55:28.245718,14,474ccba59d18cf70
1624415862476047,2026-09-15T14:55:28.245718,14,474ccba59d18cf70
1625091759075124,2026-09-15T14:55:28.245718,14,474ccba59d18cf70
1625091762408457,2026-09-15T14:55:28.245718,14,474ccba59d18cf70
1625091769075123,2026-09-15T14:55:28.245718,14,474ccba59d18cf70
1625158722401761,2026-09-15T14:55:28.245718,14,474ccba59d18cf70
1625158859068414,2026-09-15T14:55:28.245718,14,474ccba59d18cf70
1625158865735080,2026-09-15T14:55:28.245718,14,474ccba59d18cf70
1625159602401673,2026-09-15T14:55:28.245718,14,474ccba59d18cf70
1625159789068321,2026-09-15T14:55:28.245718,14,474ccba59d18cf70
1625160329068267,2026-09-15T14:55:28.245718,14,474ccba59d18cf70
1625161199068180,2026-09-15T14:55:28.245718,14,474ccba59d18cf70
1625161819068118,2026-09-15T14:55:28.245718,14,474ccba59d18cf70
1625162679068032,2026-09-15T14:55:28.245718,14,474ccba59d18cf70
1625163859067914,2026-09-15T14:55:28.245718,14,474ccba59d18cf70
1625165602401073,2026-09-15T14:55:28.245718,14,474ccba59d18cf70
1625166142401019,2026-09-15T14:55:28.245718,14,474ccba59d18cf70
1625167295734237,2026-09-15T14:55:28.245718,14,474ccba59d18cf70
1625168579067442,2026-09-15T14:55:28.245718,14,474ccba59d18cf70
1625171945733772,2026-09-15T14:55:28.245718,14,474ccba59d18cf70
1625177815733185,2026-09-15T14:55:28.245718,14,474ccba59d18cf70
1625186365732330,2026-09-15T14:55:28.245718,14,474ccba59d18cf70
1625193472398286,2026-09-15T14:55:28.245718,14,474ccba59d18cf70
1625194705731496,2026-09-15T14:55:28.245718,14,474ccba59d18cf70
1625207655730201,2026-09-15T14:55:28.245718,14,474ccba59d18cf70
1625225499061750,2026-09-15T14:55:28.245718,14,474ccba59d18cf70
1625232585727708,2026-09-15T14:55:28.245718,14,474ccba59d18cf70
1625255589058741,2026-09-15T14:55:28.245718,14,474ccba59d18cf70
1625306972386936,2026-09-15T14:55:28.245718,14,474ccba59d18cf70
1625310135719953,2026-09-15T14:55:28.245718,14,474ccba59d18cf70
1625318859052414,2026-09-15T14:55:28.245718,14,474ccba59d18cf70
1625347195716247,2026-09-15T14:55:28.245718,14,474ccba59d18cf70
1625507599033540,2026-09-15T14:55:28.245718,14,474ccba59d18cf70
1625529312364702,2026-09-15T14:55:28.245718,14,474ccba59d18cf70
1625558419028458,2026-09-15T14:55:28.245718,14,474ccba59d18cf70
1625744889009811,2026-09-15T14:55:28.245718,14,474ccba59d18cf70
1625903568993943,2026-09-15T14:55:28.245718,14,474ccba59d18cf70
1625905838993716,2026-09-15T14:55:28.245718,14,474ccba59d18cf70
1625965302321103,2026-09-15T14:55:28.245718,14,474ccba59d18cf70
1625970185653948,2026-09-15T14:55:28.245718,14,474ccba59d18cf70
1625996625651304,2026-09-15T14:55:28.245718,14,474ccba59d18cf70
1626068098977490,2026-09-15T14:55:28.245718,14,474ccba59d18cf70
1626207945630172,2026-09-15T14:55:28.245718,14,474ccba59d18cf70
1625233462394287,2026-09-15T14:55:28.245718,14,474ccba59d18cf70
1625234272394206,2026-09-15T14:55:28.245718,14,474ccba59d18cf70
1625235022394131,2026-09-15T14:55:28.245718,14,474ccba59d18cf70
1625235122394121,2026-09-15T14:55:28.245718,14,474ccba59d18cf70
1625238655727101,2026-09-15T14:55:28.245718,14,474ccba59d18cf70
1625239019060398,2026-09-15T14:55:28.245718,14,474ccba59d18cf70
1625240382393595,2026-09-15T14:55:28.245718,14,474ccba59d18cf70
1625241035726863,2026-09-15T14:55:28.245718,14,474ccba59d18cf70
1625242159060084,2026-09-15T14:55:28.245718,14,474ccba59d18cf70
1625251529059147,2026-09-15T14:55:28.245718,14,474ccba59d18cf70
1625261325724834,2026-09-15T14:55:28.245718,14,474ccba59d18cf70
1625262025724764,2026-09-15T14:55:28.245718,14,474ccba59d18cf70
1625262882391345,2026-09-15T14:55:28.245718,14,474ccba59d18cf70
1625264459057854,2026-09-15T14:55:28.245718,14,474ccba59d18cf70
1625264785724488,2026-09-15T14:55:28.245718,14,474ccba59d18cf70
1625266262391007,2026-09-15T14:55:28.245718,14,474ccba59d18cf70
1625266909057609,2026-09-15T14:55:28.245718,14,474ccba59d18cf70
1625272199057080,2026-09-15T14:55:28.245718,14,474ccba59d18cf70
1625286252389008,2026-09-15T14:55:28.245718,14,474ccba59d18cf70
1625291339055166,2026-09-15T14:55:28.245718,14,474ccba59d18cf70
1625291765721790,2026-09-15T14:55:28.245718,14,474ccba59d18cf70
1625305062387127,2026-09-15T14:55:28.245718,14,474ccba59d18cf70
1625322242385409,2026-09-15T14:55:28.245718,14,474ccba59d18cf70
1625380315712935,2026-09-15T14:55:28.245718,14,474ccba59d18cf70
1625404625710504,2026-09-15T14:55:28.245718,14,474ccba59d18cf70
1625420099042290,2026-09-15T14:55:28.245718,14,474ccba59d18cf70
1625428699041430,2026-09-15T14:55:28.245718,14,474ccba59d18cf70
1625468225704144,2026-09-15T14:55:28.245718,14,474ccba59d18cf70
1625493722368261,2026-09-15T14:55:28.245718,14,474ccba59d18cf70
1625511039033196,2026-09-15T14:55:28.245718,14,474ccba59d18cf70
1625745442343089,2026-09-15T14:55:28.245718,14,474ccba59d18cf70
1625901842327449,2026-09-15T14:55:28.245718,14,474ccba59d18cf70
1625927502324883,2026-09-15T14:55:28.245718,14,474ccba59d18cf70
1626407188943581,2026-09-15T14:55:28.245718,14,474ccba59d18cf70
1626761238908176,2026-09-15T14:55:28.245718,14,474ccba59d18cf70
1626822285568738,2026-09-15T14:55:28.245718,14,474ccba59d18cf70
1626993298884970,2026-09-15T14:55:28.245718,14,474ccba59d18cf70
1627311068853193,2026-09-15T14:55:28.245718,14,474ccba59d18cf70
1627732402144393,2026-09-15T14:55:28.245718,14,474ccba59d18cf70
1625625972355036,2026-09-15T14:55:28.245718,14,474ccba59d18cf70
1625626022355031,2026-09-15T14:55:28.245718,14,474ccba59d18cf70
1625628025688164,2026-09-15T14:55:28.245718,14,474ccba59d18cf70
1625629202354713,2026-09-15T14:55:28.245718,14,474ccba59d18cf70
1625630002354633,2026-09-15T14:55:28.245718,14,474ccba59d18cf70
1625630135687953,2026-09-15T14:55:28.245718,14,474ccba59d18cf70
1625631035687863,2026-09-15T14:55:28.245718,14,474ccba59d18cf70
1625631369021163,2026-09-15T14:55:28.245718,14,474ccba59d18cf70
1625631429021157,2026-09-15T14:55:28.245718,14,474ccba59d18cf70
1625631682354465,2026-09-15T14:55:28.245718,14,474ccba59d18cf70
1625633622354271,2026-09-15T14:55:28.245718,14,474ccba59d18cf70
1625633852354248,2026-09-15T14:55:28.245718,14,474ccba59d18cf70
1625636819020618,2026-09-15T14:55:28.245718,14,474ccba59d18cf70
1625638135687153,2026-09-15T14:55:28.245718,14,474ccba59d18cf70
1625638909020409,2026-09-15T14:55:28.245718,14,474ccba59d18cf70
1625638965687070,2026-09-15T14:55:28.245718,14,474ccba59d18cf70
1625639282353705,2026-09-15T14:55:28.245718,14,474ccba59d18cf70
1625641342353499,2026-09-15T14:55:28.245718,14,474ccba59d18cf70
1625641662353467,2026-09-15T14:55:28.245718,14,474ccba59d18cf70
1625642279020072,2026-09-15T14:55:28.245718,14,474ccba59d18cf70
1625642315686735,2026-09-15T14:55:28.245718,14,474ccba59d18cf70
1625649819019318,2026-09-15T14:55:28.245718,14,474ccba59d18cf70
1625651085685858,2026-09-15T14:55:28.245718,14,474ccba59d18cf70
1625651432352490,2026-09-15T14:55:28.245718,14,474ccba59d18cf70
1625651965685770,2026-09-15T14:55:28.245718,14,474ccba59d18cf70
1625660172351616,2026-09-15T14:55:28.245718,14,474ccba59d18cf70
1625662645684702,2026-09-15T14:55:28.245718,14,474ccba59d18cf70
1625662952351338,2026-09-15T14:55:28.245718,14,474ccba59d18cf70
1625696062348027,2026-09-15T14:55:28.245718,14,474ccba59d18cf70
1625721845678782,2026-09-15T14:55:28.245718,14,474ccba59d18cf70
1625744199009880,2026-09-15T14:55:28.245718,14,474ccba59d18cf70
1625766395674327,2026-09-15T14:55:28.245718,14,474ccba59d18cf70
1625816709002629,2026-09-15T14:55:28.245718,14,474ccba59d18cf70
1625821229002177,2026-09-15T14:55:28.245718,14,474ccba59d18cf70
1625832685667698,2026-09-15T14:55:28.245718,14,474ccba59d18cf70
1625833005667666,2026-09-15T14:55:28.245718,14,474ccba59d18cf70
1625833589000941,2026-09-15T14:55:28.245718,14,474ccba59d18cf70
1625833615667605,2026-09-15T14:55:28.245718,14,474ccba59d18cf70
1625842049000095,2026-09-15T14:55:28.245718,14,474ccba59d18cf70
1625847645666202,2026-09-15T14:55:28.245718,14,474ccba59d18cf70
1625854265665540,2026-09-15T14:55:28.245718,14,474ccba59d18cf70
1625854905665476,2026-09-15T14:55:28.245718,14,474ccba59d18cf70
1625855762332057,2026-09-15T14:55:28.245718,14,474ccba59d18cf70
1625855915665375,2026-09-15T14:55:28.245718,14,474ccba59d18cf70
1625858245665142,2026-09-15T14:55:28.245718,14,474ccba59d18cf70
1625861848998115,2026-09-15T14:55:28.245718,14,474ccba59d18cf70
1625862315664735,2026-09-15T14:55:28.245718,14,474ccba59d18cf70
1625864125664554,2026-09-15T14:55:28.245718,14,474ccba59d18cf70
1625941785656788,2026-09-15T14:55:28.245718,14,474ccba59d18cf70
1625941798990120,2026-09-15T14:55:28.245718,14,474ccba59d18cf70
1625941812323452,2026-09-15T14:55:28.245718,14,474ccba59d18cf70
1625975825653384,2026-09-15T14:55:28.245718,14,474ccba59d18cf70
1625978408986459,2026-09-15T14:55:28.245718,14,474ccba59d18cf70
1625983705652596,2026-09-15T14:55:28.245718,14,474ccba59d18cf70
1625986175652349,2026-09-15T14:55:28.245718,14,474ccba59d18cf70
1625991765651790,2026-09-15T14:55:28.245718,14,474ccba59d18cf70
1625992855651681,2026-09-15T14:55:28.245718,14,474ccba59d18cf70
1625993178984982,2026-09-15T14:55:28.245718,14,474ccba59d18cf70
1625994768984823,2026-09-15T14:55:28.245718,14,474ccba59d18cf70
1625995385651428,2026-09-15T14:55:28.245718,14,474ccba59d18cf70
1625996732317960,2026-09-15T14:55:28.245718,14,474ccba59d18cf70
1626000718984228,2026-09-15T14:55:28.245718,14,474ccba59d18cf70
1626006678983632,2026-09-15T14:55:28.245718,14,474ccba59d18cf70
1626021745648792,2026-09-15T14:55:28.245718,14,474ccba59d18cf70
1626030455647921,2026-09-15T14:55:28.245718,14,474ccba59d18cf70
1626039798980320,2026-09-15T14:55:28.245718,14,474ccba59d18cf70
1626040985646868,2026-09-15T14:55:28.245718,14,474ccba59d18cf70
1626047552312878,2026-09-15T14:55:28.245718,14,474ccba59d18cf70
1626049435646023,2026-09-15T14:55:28.245718,14,474ccba59d18cf70
1626058878978412,2026-09-15T14:55:28.245718,14,474ccba59d18cf70
1626067885644178,2026-09-15T14:55:28.245718,14,474ccba59d18cf70
1626070342310599,2026-09-15T14:55:28.245718,14,474ccba59d18cf70
1626094785641488,2026-09-15T14:55:28.245718,14,474ccba59d18cf70
1626102415640725,2026-09-15T14:55:28.245718,14,474ccba59d18cf70
1626112788973021,2026-09-15T14:55:28.245718,14,474ccba59d18cf70
1626112922306341,2026-09-15T14:55:28.245718,14,474ccba59d18cf70
1626136692303964,2026-09-15T14:55:28.245718,14,474ccba59d18cf70
1626163932301240,2026-09-15T14:55:28.245718,14,474ccba59d18cf70
1626164755634491,2026-09-15T14:55:28.245718,14,474ccba59d18cf70
1626173385633628,2026-09-15T14:55:28.245718,14,474ccba59d18cf70
1626183248965975,2026-09-15T14:55:28.245718,14,474ccba59d18cf70
1626266735624293,2026-09-15T14:55:28.245718,14,474ccba59d18cf70
1626311492286484,2026-09-15T14:55:28.245718,14,474ccba59d18cf70
1626311718953128,2026-09-15T14:55:28.245718,14,474ccba59d18cf70
1626708322246801,2026-09-15T14:55:28.245718,14,474ccba59d18cf70
1626789885571978,2026-09-15T14:55:28.245718,14,474ccba59d18cf70
1626801888904111,2026-09-15T14:55:28.245718,14,474ccba59d18cf70
1626907478893552,2026-09-15T14:55:28.245718,14,474ccba59d18cf70
1627733455477621,2026-09-15T14:55:28.245718,14,474ccba59d18cf70
1626064638977836,2026-09-15T14:55:28.245718,14,474ccba59d18cf70
1626065762311057,2026-09-15T14:55:28.245718,14,474ccba59d18cf70
1626066142311019,2026-09-15T14:55:28.245718,14,474ccba59d18cf70
1626066605644306,2026-09-15T14:55:28.245718,14,474ccba59d18cf70
1626067112310922,2026-09-15T14:55:28.245718,14,474ccba59d18cf70
1626067172310916,2026-09-15T14:55:28.245718,14,474ccba59d18cf70
1626067208977579,2026-09-15T14:55:28.245718,14,474ccba59d18cf70
1626067305644236,2026-09-15T14:55:28.245718,14,474ccba59d18cf70
1626067302310903,2026-09-15T14:55:28.245718,14,474ccba59d18cf70
1626067455644221,2026-09-15T14:55:28.245718,14,474ccba59d18cf70
1626067695644197,2026-09-15T14:55:28.245718,14,474ccba59d18cf70
1626067838977516,2026-09-15T14:55:28.245718,14,474ccba59d18cf70
1626067872310846,2026-09-15T14:55:28.245718,14,474ccba59d18cf70
1626069638977336,2026-09-15T14:55:28.245718,14,474ccba59d18cf70
1626069808977319,2026-09-15T14:55:28.245718,14,474ccba59d18cf70
1626070098977290,2026-09-15T14:55:28.245718,14,474ccba59d18cf70
1626072532310380,2026-09-15T14:55:28.245718,14,474ccba59d18cf70
1626073025643664,2026-09-15T14:55:28.245718,14,474ccba59d18cf70
1626073162310317,2026-09-15T14:55:28.245718,14,474ccba59d18cf70
1626076332310000,2026-09-15T14:55:28.245718,14,474ccba59d18cf70
1626077378976562,2026-09-15T14:55:28.245718,14,474ccba59d18cf70
1626080892309544,2026-09-15T14:55:28.245718,14,474ccba59d18cf70
1626082222309411,2026-09-15T14:55:28.245718,14,474ccba59d18cf70
1626084868975813,2026-09-15T14:55:28.245718,14,474ccba59d18cf70
1626089218975378,2026-09-15T14:55:28.245718,14,474ccba59d18cf70
1626091598975140,2026-09-15T14:55:28.245718,14,474ccba59d18cf70
1626099475641019,2026-09-15T14:55:28.245718,14,474ccba59d18cf70
1626104355640531,2026-09-15T14:55:28.245718,14,474ccba59d18cf70
1626125018971798,2026-09-15T14:55:28.245718,14,474ccba59d18cf70
1626130808971219,2026-09-15T14:55:28.245718,14,474ccba59d18cf70
1626138375637129,2026-09-15T14:55:28.245718,14,474ccba59d18cf70
1626138832303750,2026-09-15T14:55:28.245718,14,474ccba59d18cf70
1626142125636754,2026-09-15T14:55:28.245718,14,474ccba59d18cf70
1626142505636716,2026-09-15T14:55:28.245718,14,474ccba59d18cf70
1626150215635945,2026-09-15T14:55:28.245718,14,474ccba59d18cf70
1626173932300240,2026-09-15T14:55:28.245718,14,474ccba59d18cf70
1626239965626970,2026-09-15T14:55:28.245718,14,474ccba59d18cf70
1626241502293483,2026-09-15T14:55:28.245718,14,474ccba59d18cf70
1626243172293316,2026-09-15T14:55:28.245718,14,474ccba59d18cf70
1626364945614472,2026-09-15T14:55:28.245718,14,474ccba59d18cf70
1626393542278279,2026-09-15T14:55:28.245718,14,474ccba59d18cf70
1626412895609677,2026-09-15T14:55:28.245718,14,474ccba59d18cf70
1626417522275881,2026-09-15T14:55:28.245718,14,474ccba59d18cf70
1626437132273920,2026-09-15T14:55:28.245718,14,474ccba59d18cf70
1626847228899577,2026-09-15T14:55:28.245718,14,474ccba59d18cf70
1626907168893583,2026-09-15T14:55:28.245718,14,474ccba59d18cf70
1627735708810729,2026-09-15T14:55:28.245718,14,474ccba59d18cf70
1627755805475386,2026-09-15T14:55:28.245718,14,474ccba59d18cf70
1626261292291504,2026-09-15T14:55:28.245718,14,474ccba59d18cf70
1626265932291040,2026-09-15T14:55:28.245718,14,474ccba59d18cf70
1626481502269483,2026-09-15T14:55:28.245718,14,474ccba59d18cf70
1626481918936108,2026-09-15T14:55:28.245718,14,474ccba59d18cf70
1626482128936087,2026-09-15T14:55:28.245718,14,474ccba59d18cf70
1626482588936041,2026-09-15T14:55:28.245718,14,474ccba59d18cf70
1626483378935962,2026-09-15T14:55:28.245718,14,474ccba59d18cf70
1626484448935855,2026-09-15T14:55:28.245718,14,474ccba59d18cf70
1626484898935810,2026-09-15T14:55:28.245718,14,474ccba59d18cf70
1626485272269106,2026-09-15T14:55:28.245718,14,474ccba59d18cf70
1626486035602363,2026-09-15T14:55:28.245718,14,474ccba59d18cf70
1626487838935516,2026-09-15T14:55:28.245718,14,474ccba59d18cf70
1626488178935482,2026-09-15T14:55:28.245718,14,474ccba59d18cf70
1626489752268658,2026-09-15T14:55:28.245718,14,474ccba59d18cf70
1626489852268648,2026-09-15T14:55:28.245718,14,474ccba59d18cf70
1626490698935230,2026-09-15T14:55:28.245718,14,474ccba59d18cf70
1626490945601872,2026-09-15T14:55:28.245718,14,474ccba59d18cf70
1626493358934964,2026-09-15T14:55:28.245718,14,474ccba59d18cf70
1626495638934736,2026-09-15T14:55:28.245718,14,474ccba59d18cf70
1626496528934647,2026-09-15T14:55:28.245718,14,474ccba59d18cf70
1626512812266352,2026-09-15T14:55:28.245718,14,474ccba59d18cf70
1626518772265756,2026-09-15T14:55:28.245718,14,474ccba59d18cf70
1626529085598058,2026-09-15T14:55:28.245718,14,474ccba59d18cf70
1626688118915488,2026-09-15T14:55:28.245718,14,474ccba59d18cf70
1626707035580263,2026-09-15T14:55:28.245718,14,474ccba59d18cf70
1626709975579969,2026-09-15T14:55:28.245718,14,474ccba59d18cf70
1626716002246033,2026-09-15T14:55:28.245718,14,474ccba59d18cf70
1626723588911941,2026-09-15T14:55:28.245718,14,474ccba59d18cf70
1626739058910394,2026-09-15T14:55:28.245718,14,474ccba59d18cf70
1626740195576947,2026-09-15T14:55:28.245718,14,474ccba59d18cf70
1626742798910020,2026-09-15T14:55:28.245718,14,474ccba59d18cf70
1626780618906238,2026-09-15T14:55:28.245718,14,474ccba59d18cf70
1626789348905365,2026-09-15T14:55:28.245718,14,474ccba59d18cf70
1626796762237957,2026-09-15T14:55:28.245718,14,474ccba59d18cf70
1626850878899212,2026-09-15T14:55:28.245718,14,474ccba59d18cf70
1626857665565200,2026-09-15T14:55:28.245718,14,474ccba59d18cf70
1626858738898426,2026-09-15T14:55:28.245718,14,474ccba59d18cf70
1627039258880374,2026-09-15T14:55:28.245718,14,474ccba59d18cf70
1627039702213663,2026-09-15T14:55:28.245718,14,474ccba59d18cf70
1627039758880324,2026-09-15T14:55:28.245718,14,474ccba59d18cf70
1627271672190466,2026-09-15T14:55:28.245718,14,474ccba59d18cf70
1627317658852534,2026-09-15T14:55:28.245718,14,474ccba59d18cf70
1627581395492827,2026-09-15T14:55:28.245718,14,474ccba59d18cf70
1627729598811340,2026-09-15T14:55:28.245718,14,474ccba59d18cf70
1626959608888339,2026-09-15T14:55:28.245718,14,474ccba59d18cf70
1626962588888041,2026-09-15T14:55:28.245718,14,474ccba59d18cf70
1626963898887910,2026-09-15T14:55:28.245718,14,474ccba59d18cf70
1626965962221037,2026-09-15T14:55:28.245718,14,474ccba59d18cf70
1626974075553559,2026-09-15T14:55:28.245718,14,474ccba59d18cf70
1626976472219986,2026-09-15T14:55:28.245718,14,474ccba59d18cf70
1626978582219775,2026-09-15T14:55:28.245718,14,474ccba59d18cf70
1627026438881656,2026-09-15T14:55:28.245718,14,474ccba59d18cf70
1627028035548163,2026-09-15T14:55:28.245718,14,474ccba59d18cf70
1627029995547967,2026-09-15T14:55:28.245718,14,474ccba59d18cf70
1627031635547803,2026-09-15T14:55:28.245718,14,474ccba59d18cf70
1627046982212935,2026-09-15T14:55:28.245718,14,474ccba59d18cf70
1627123902205243,2026-09-15T14:55:28.245718,14,474ccba59d18cf70
1627125462205087,2026-09-15T14:55:28.245718,14,474ccba59d18cf70
1627172008867099,2026-09-15T14:55:28.245718,14,474ccba59d18cf70
1627206578863642,2026-09-15T14:55:28.245718,14,474ccba59d18cf70
1627295288854771,2026-09-15T14:55:28.245718,14,474ccba59d18cf70
1627591025491864,2026-09-15T14:55:28.245718,14,474ccba59d18cf70
1627630055487961,2026-09-15T14:55:28.245718,14,474ccba59d18cf70
1627727158811584,2026-09-15T14:55:28.245718,14,474ccba59d18cf70
1627728638811436,2026-09-15T14:55:28.245718,14,474ccba59d18cf70
1627849862132647,2026-09-15T14:55:28.245718,14,474ccba59d18cf70
1626970952220538,2026-09-15T14:55:28.245718,14,474ccba59d18cf70
1626971425553824,2026-09-15T14:55:28.245718,14,474ccba59d18cf70
1626971768887123,2026-09-15T14:55:28.245718,14,474ccba59d18cf70
1626971838887116,2026-09-15T14:55:28.245718,14,474ccba59d18cf70
1626972252220408,2026-09-15T14:55:28.245718,14,474ccba59d18cf70
1626972262220407,2026-09-15T14:55:28.245718,14,474ccba59d18cf70
1626972285553738,2026-09-15T14:55:28.245718,14,474ccba59d18cf70
1626972332220400,2026-09-15T14:55:28.245718,14,474ccba59d18cf70
1626972405553726,2026-09-15T14:55:28.245718,14,474ccba59d18cf70
1626972435553723,2026-09-15T14:55:28.245718,14,474ccba59d18cf70
1626972485553718,2026-09-15T14:55:28.245718,14,474ccba59d18cf70
1626973025553664,2026-09-15T14:55:28.245718,14,474ccba59d18cf70
1626973485553618,2026-09-15T14:55:28.245718,14,474ccba59d18cf70
1626973762220257,2026-09-15T14:55:28.245718,14,474ccba59d18cf70
1626974822220151,2026-09-15T14:55:28.245718,14,474ccba59d18cf70
1626975622220071,2026-09-15T14:55:28.245718,14,474ccba59d18cf70
1626976042220029,2026-09-15T14:55:28.245718,14,474ccba59d18cf70
1626976155553351,2026-09-15T14:55:28.245718,14,474ccba59d18cf70
1626976478886652,2026-09-15T14:55:28.245718,14,474ccba59d18cf70
1626976588886641,2026-09-15T14:55:28.245718,14,474ccba59d18cf70
1626976852219948,2026-09-15T14:55:28.245718,14,474ccba59d18cf70
1626978825553084,2026-09-15T14:55:28.245718,14,474ccba59d18cf70
1626979025553064,2026-09-15T14:55:28.245718,14,474ccba59d18cf70
1626979108886389,2026-09-15T14:55:28.245718,14,474ccba59d18cf70
1626979372219696,2026-09-15T14:55:28.245718,14,474ccba59d18cf70
1626979422219691,2026-09-15T14:55:28.245718,14,474ccba59d18cf70
1626979798886320,2026-09-15T14:55:28.245718,14,474ccba59d18cf70
1626980322219601,2026-09-15T14:55:28.245718,14,474ccba59d18cf70
1626980462219587,2026-09-15T14:55:28.245718,14,474ccba59d18cf70
1626980708886229,2026-09-15T14:55:28.245718,14,474ccba59d18cf70
1626982288886071,2026-09-15T14:55:28.245718,14,474ccba59d18cf70
1626982972219336,2026-09-15T14:55:28.245718,14,474ccba59d18cf70
1626983048885995,2026-09-15T14:55:28.245718,14,474ccba59d18cf70
1626983438885956,2026-09-15T14:55:28.245718,14,474ccba59d18cf70
1626984048885895,2026-09-15T14:55:28.245718,14,474ccba59d18cf70
1626984038885896,2026-09-15T14:55:28.245718,14,474ccba59d18cf70
1626984285552538,2026-09-15T14:55:28.245718,14,474ccba59d18cf70
1626984835552483,2026-09-15T14:55:28.245718,14,474ccba59d18cf70
1626984878885812,2026-09-15T14:55:28.245718,14,474ccba59d18cf70
1626985718885728,2026-09-15T14:55:28.245718,14,474ccba59d18cf70
1626985722219061,2026-09-15T14:55:28.245718,14,474ccba59d18cf70
1626985822219051,2026-09-15T14:55:28.245718,14,474ccba59d18cf70
1626986588885641,2026-09-15T14:55:28.245718,14,474ccba59d18cf70
1626987985552168,2026-09-15T14:55:28.245718,14,474ccba59d18cf70
1626988522218781,2026-09-15T14:55:28.245718,14,474ccba59d18cf70
1626990078885292,2026-09-15T14:55:28.245718,14,474ccba59d18cf70
1626990095551957,2026-09-15T14:55:28.245718,14,474ccba59d18cf70
1626990368885263,2026-09-15T14:55:28.245718,14,474ccba59d18cf70
1626990428885257,2026-09-15T14:55:28.245718,14,474ccba59d18cf70
1626990865551880,2026-09-15T14:55:28.245718,14,474ccba59d18cf70
1626991668885133,2026-09-15T14:55:28.245718,14,474ccba59d18cf70
1626991722218461,2026-09-15T14:55:28.245718,14,474ccba59d18cf70
1626991912218442,2026-09-15T14:55:28.245718,14,474ccba59d18cf70
1626991945551772,2026-09-15T14:55:28.245718,14,474ccba59d18cf70
1626997885551178,2026-09-15T14:55:28.245718,14,474ccba59d18cf70
1626999962217637,2026-09-15T14:55:28.245718,14,474ccba59d18cf70
1627000188884281,2026-09-15T14:55:28.245718,14,474ccba59d18cf70
1627000598884240,2026-09-15T14:55:28.245718,14,474ccba59d18cf70
1627002178884082,2026-09-15T14:55:28.245718,14,474ccba59d18cf70
1627006022217031,2026-09-15T14:55:28.245718,14,474ccba59d18cf70
1627007332216900,2026-09-15T14:55:28.245718,14,474ccba59d18cf70
1627007935550173,2026-09-15T14:55:28.245718,14,474ccba59d18cf70
1627008005550166,2026-09-15T14:55:28.245718,14,474ccba59d18cf70
1627008122216821,2026-09-15T14:55:28.245718,14,474ccba59d18cf70
1627008218883478,2026-09-15T14:55:28.245718,14,474ccba59d18cf70
1627008555550111,2026-09-15T14:55:28.245718,14,474ccba59d18cf70
1627010388883261,2026-09-15T14:55:28.245718,14,474ccba59d18cf70
1627010908883209,2026-09-15T14:55:28.245718,14,474ccba59d18cf70
1627011408883159,2026-09-15T14:55:28.245718,14,474ccba59d18cf70
1627011478883152,2026-09-15T14:55:28.245718,14,474ccba59d18cf70
1627011772216456,2026-09-15T14:55:28.245718,14,474ccba59d18cf70
1627016182216015,2026-09-15T14:55:28.245718,14,474ccba59d18cf70
1627022038882096,2026-09-15T14:55:28.245718,14,474ccba59d18cf70
1627022065548760,2026-09-15T14:55:28.245718,14,474ccba59d18cf70
1627027808881519,2026-09-15T14:55:28.245718,14,474ccba59d18cf70
1627033502214283,2026-09-15T14:55:28.245718,14,474ccba59d18cf70
1627034555547511,2026-09-15T14:55:28.245718,14,474ccba59d18cf70
1627040275546939,2026-09-15T14:55:28.245718,14,474ccba59d18cf70
1627077958876504,2026-09-15T14:55:28.245718,14,474ccba59d18cf70
1627082525542714,2026-09-15T14:55:28.245718,14,474ccba59d18cf70
1627092185541748,2026-09-15T14:55:28.245718,14,474ccba59d18cf70
1627108675540099,2026-09-15T14:55:28.245718,14,474ccba59d18cf70
1627143965536570,2026-09-15T14:55:28.245718,14,474ccba59d18cf70
1627161542201479,2026-09-15T14:55:28.245718,14,474ccba59d18cf70
1627317028852597,2026-09-15T14:55:28.245718,14,474ccba59d18cf70
1627624258821874,2026-09-15T14:55:28.245718,14,474ccba59d18cf70
1627669425484024,2026-09-15T14:55:28.245718,14,474ccba59d18cf70
1627719908812309,2026-09-15T14:55:28.245718,14,474ccba59d18cf70
1627043345546632,2026-09-15T14:55:28.245718,14,474ccba59d18cf70
2113186009282534,2026-09-15T14:55:28.245718,14,474ccba59d18cf70
2112192396048562,2026-09-15T14:55:28.245718,14,474ccba59d18cf70
2112192639381871,2026-09-15T14:55:28.245718,14,474ccba59d18cf70
2112199182714550,2026-09-15T14:55:28.245718,14,474ccba59d18cf70
2112199836047818,2026-09-15T14:55:28.245718,14,474ccba59d18cf70
2112218006046001,2026-09-15T14:55:28.245718,14,474ccba59d18cf70
2112228869378248,2026-09-15T14:55:28.245718,14,474ccba59d18cf70
2112230289378106,2026-09-15T14:55:28.245718,14,474ccba59d18cf70
2112231406044661,2026-09-15T14:55:28.245718,14,474ccba59d18cf70
2112231536044648,2026-09-15T14:55:28.245718,14,474ccba59d18cf70
2112239752710493,2026-09-15T14:55:28.245718,14,474ccba59d18cf70
2112249146042887,2026-09-15T14:55:28.245718,14,474ccba59d18cf70
2112251506042651,2026-09-15T14:55:28.245718,14,474ccba59d18cf70
2112306239370511,2026-09-15T14:55:28.245718,14,474ccba59d18cf70
2112367012697767,2026-09-15T14:55:28.245718,14,474ccba59d18cf70
2112636139337521,2026-09-15T14:55:28.245718,14,474ccba59d18cf70
2112639386003863,2026-09-15T14:55:28.245718,14,474ccba59d18cf70
2112640286003773,2026-09-15T14:55:28.245718,14,474ccba59d18cf70
2112640356003766,2026-09-15T14:55:28.245718,14,474ccba59d18cf70
2112673992667069,2026-09-15T14:55:28.245718,14,474ccba59d18cf70
2112690919332043,2026-09-15T14:55:28.245718,14,474ccba59d18cf70
2112695075998294,2026-09-15T14:55:28.245718,14,474ccba59d18cf70
2112696502664818,2026-09-15T14:55:28.245718,14,474ccba59d18cf70
2112698102664658,2026-09-15T14:55:28.245718,14,474ccba59d18cf70
2112920809309054,2026-09-15T14:55:28.245718,14,474ccba59d18cf70
2112947149306420,2026-09-15T14:55:28.245718,14,474ccba59d18cf70
2112970502637418,2026-09-15T14:55:28.245718,14,474ccba59d18cf70
2112974822636986,2026-09-15T14:55:28.245718,14,474ccba59d18cf70
2113011059300029,2026-09-15T14:55:28.245718,14,474ccba59d18cf70
2113025229298612,2026-09-15T14:55:28.245718,14,474ccba59d18cf70
2113027145965087,2026-09-15T14:55:28.245718,14,474ccba59d18cf70
2113053182629150,2026-09-15T14:55:28.245718,14,474ccba59d18cf70
2113054825962319,2026-09-15T14:55:28.245718,14,474ccba59d18cf70
2113055995962202,2026-09-15T14:55:28.245718,14,474ccba59d18cf70
2113057119295423,2026-09-15T14:55:28.245718,14,474ccba59d18cf70
2113058559295279,2026-09-15T14:55:28.245718,14,474ccba59d18cf70
2113078615959940,2026-09-15T14:55:28.245718,14,474ccba59d18cf70
2113327622601706,2026-09-15T14:55:28.245718,14,474ccba59d18cf70
2113891402545328,2026-09-15T14:55:28.245718,14,474ccba59d18cf70
2113900365877765,2026-09-15T14:55:28.245718,14,474ccba59d18cf70
2113910495876752,2026-09-15T14:55:28.245718,14,474ccba59d18cf70
2113183705949431,2026-09-15T14:55:28.245718,14,474ccba59d18cf70
2113186385949163,2026-09-15T14:55:28.245718,14,474ccba59d18cf70
2113186452615823,2026-09-15T14:55:28.245718,14,474ccba59d18cf70
2113186525949149,2026-09-15T14:55:28.245718,14,474ccba59d18cf70
2113187052615763,2026-09-15T14:55:28.245718,14,474ccba59d18cf70
2113193935948408,2026-09-15T14:55:28.245718,14,474ccba59d18cf70
2113206545947147,2026-09-15T14:55:28.245718,14,474ccba59d18cf70
2113213142613154,2026-09-15T14:55:28.245718,14,474ccba59d18cf70
2113216225946179,2026-09-15T14:55:28.245718,14,474ccba59d18cf70
2113225359278599,2026-09-15T14:55:28.245718,14,474ccba59d18cf70
2113283139272821,2026-09-15T14:55:28.245718,14,474ccba59d18cf70
2113222525945549,2026-09-15T14:55:28.245718,14,474ccba59d18cf70
2113250899276045,2026-09-15T14:55:28.245718,14,474ccba59d18cf70
2113276082606860,2026-09-15T14:55:28.245718,14,474ccba59d18cf70
2113283399272795,2026-09-15T14:55:28.245718,14,474ccba59d18cf70
2113723362562132,2026-09-15T14:55:28.245718,14,474ccba59d18cf70
2113754892558979,2026-09-15T14:55:28.245718,14,474ccba59d18cf70
2113923332542135,2026-09-15T14:55:28.245718,14,474ccba59d18cf70
2113929545874847,2026-09-15T14:55:28.245718,14,474ccba59d18cf70
2113929582541510,2026-09-15T14:55:28.245718,14,474ccba59d18cf70
2113310922603376,2026-09-15T14:55:28.245718,14,474ccba59d18cf70
2113354025932399,2026-09-15T14:55:28.245718,14,474ccba59d18cf70
2113865255881276,2026-09-15T14:55:28.245718,14,474ccba59d18cf70
2113867925881009,2026-09-15T14:55:28.245718,14,474ccba59d18cf70
2113876839213451,2026-09-15T14:55:28.245718,14,474ccba59d18cf70
2113877635880038,2026-09-15T14:55:28.245718,14,474ccba59d18cf70
2113945559206579,2026-09-15T14:55:28.245718,14,474ccba59d18cf70
2113945935873208,2026-09-15T14:55:28.245718,14,474ccba59d18cf70
2114298032504665,2026-09-15T14:55:28.245718,14,474ccba59d18cf70
2114911909109944,2026-09-15T14:55:28.245718,14,474ccba59d18cf70
2114217029179432,2026-09-15T14:55:28.245718,14,474ccba59d18cf70
2114249965842805,2026-09-15T14:55:28.245718,14,474ccba59d18cf70
2114330492501419,2026-09-15T14:55:28.245718,14,474ccba59d18cf70
2114638395803962,2026-09-15T14:55:28.245718,14,474ccba59d18cf70
2114646389136496,2026-09-15T14:55:28.245718,14,474ccba59d18cf70
2114652375802564,2026-09-15T14:55:28.245718,14,474ccba59d18cf70
2114770835790718,2026-09-15T14:55:28.245718,14,474ccba59d18cf70
2114771149124020,2026-09-15T14:55:28.245718,14,474ccba59d18cf70
2114771482457320,2026-09-15T14:55:28.245718,14,474ccba59d18cf70
2114311542503314,2026-09-15T14:55:28.245718,14,474ccba59d18cf70
2114322609168874,2026-09-15T14:55:28.245718,14,474ccba59d18cf70
2114337002500768,2026-09-15T14:55:28.245718,14,474ccba59d18cf70
2114340129167122,2026-09-15T14:55:28.245718,14,474ccba59d18cf70
2114565075811294,2026-09-15T14:55:28.245718,14,474ccba59d18cf70
2114587345809067,2026-09-15T14:55:28.245718,14,474ccba59d18cf70
2114587512475717,2026-09-15T14:55:28.245718,14,474ccba59d18cf70
2114620965805705,2026-09-15T14:55:28.245718,14,474ccba59d18cf70
2115472535720548,2026-09-15T14:55:28.245718,14,474ccba59d18cf70
2115476162386852,2026-09-15T14:55:28.245718,14,474ccba59d18cf70
2115478149053320,2026-09-15T14:55:28.245718,14,474ccba59d18cf70
2115480185719783,2026-09-15T14:55:28.245718,14,474ccba59d18cf70
2115481112386357,2026-09-15T14:55:28.245718,14,474ccba59d18cf70
2115481862386282,2026-09-15T14:55:28.245718,14,474ccba59d18cf70
2115483755719426,2026-09-15T14:55:28.245718,14,474ccba59d18cf70
2115484362386032,2026-09-15T14:55:28.245718,14,474ccba59d18cf70
2115485249052610,2026-09-15T14:55:28.245718,14,474ccba59d18cf70
2115489875718814,2026-09-15T14:55:28.245718,14,474ccba59d18cf70
2115493685718433,2026-09-15T14:55:28.245718,14,474ccba59d18cf70
2115493775718424,2026-09-15T14:55:28.245718,14,474ccba59d18cf70
2115494482385020,2026-09-15T14:55:28.245718,14,474ccba59d18cf70
2115494625718339,2026-09-15T14:55:28.245718,14,474ccba59d18cf70
2115495155718286,2026-09-15T14:55:28.245718,14,474ccba59d18cf70
2115495219051613,2026-09-15T14:55:28.245718,14,474ccba59d18cf70
2115498319051303,2026-09-15T14:55:28.245718,14,474ccba59d18cf70
2115499662384502,2026-09-15T14:55:28.245718,14,474ccba59d18cf70
2115500005717801,2026-09-15T14:55:28.245718,14,474ccba59d18cf70
2115501042384364,2026-09-15T14:55:28.245718,14,474ccba59d18cf70
2115501522384316,2026-09-15T14:55:28.245718,14,474ccba59d18cf70
2115502455717556,2026-09-15T14:55:28.245718,14,474ccba59d18cf70
2115504459050689,2026-09-15T14:55:28.245718,14,474ccba59d18cf70
2115504595717342,2026-09-15T14:55:28.245718,14,474ccba59d18cf70
2115505492383919,2026-09-15T14:55:28.245718,14,474ccba59d18cf70
2115505825717219,2026-09-15T14:55:28.245718,14,474ccba59d18cf70
2115515269049608,2026-09-15T14:55:28.245718,14,474ccba59d18cf70
2115516135716188,2026-09-15T14:55:28.245718,14,474ccba59d18cf70
2115524972381971,2026-09-15T14:55:28.245718,14,474ccba59d18cf70
2115541902380278,2026-09-15T14:55:28.245718,14,474ccba59d18cf70
2115547215713080,2026-09-15T14:55:28.245718,14,474ccba59d18cf70
2115575215710280,2026-09-15T14:55:28.245718,14,474ccba59d18cf70
2115591222375346,2026-09-15T14:55:28.245718,14,474ccba59d18cf70
2115596645708137,2026-09-15T14:55:28.245718,14,474ccba59d18cf70
2115598285707973,2026-09-15T14:55:28.245718,14,474ccba59d18cf70
2115605539040581,2026-09-15T14:55:28.245718,14,474ccba59d18cf70
2115610532373415,2026-09-15T14:55:28.245718,14,474ccba59d18cf70
2116153872319081,2026-09-15T14:55:28.245718,14,474ccba59d18cf70
2115473879053747,2026-09-15T14:55:28.245718,14,474ccba59d18cf70
2115475459053589,2026-09-15T14:55:28.245718,14,474ccba59d18cf70
2115476205720181,2026-09-15T14:55:28.245718,14,474ccba59d18cf70
2115476952386773,2026-09-15T14:55:28.245718,14,474ccba59d18cf70
2115477135720088,2026-09-15T14:55:28.245718,14,474ccba59d18cf70
2115477325720069,2026-09-15T14:55:28.245718,14,474ccba59d18cf70
2115477785720023,2026-09-15T14:55:28.245718,14,474ccba59d18cf70
2115477965720005,2026-09-15T14:55:28.245718,14,474ccba59d18cf70
2115478602386608,2026-09-15T14:55:28.245718,14,474ccba59d18cf70
2115480555719746,2026-09-15T14:55:28.245718,14,474ccba59d18cf70
2115482009052934,2026-09-15T14:55:28.245718,14,474ccba59d18cf70
2115482029052932,2026-09-15T14:55:28.245718,14,474ccba59d18cf70
2115482735719528,2026-09-15T14:55:28.245718,14,474ccba59d18cf70
2115483192386149,2026-09-15T14:55:28.245718,14,474ccba59d18cf70
2115483732386095,2026-09-15T14:55:28.245718,14,474ccba59d18cf70
2115484099052725,2026-09-15T14:55:28.245718,14,474ccba59d18cf70
2115485509052584,2026-09-15T14:55:28.245718,14,474ccba59d18cf70
2115493965718405,2026-09-15T14:55:28.245718,14,474ccba59d18cf70
2115493972385071,2026-09-15T14:55:28.245718,14,474ccba59d18cf70
2115494785718323,2026-09-15T14:55:28.245718,14,474ccba59d18cf70
2115496942384774,2026-09-15T14:55:28.245718,14,474ccba59d18cf70
2115497979051337,2026-09-15T14:55:28.245718,14,474ccba59d18cf70
2115499882384480,2026-09-15T14:55:28.245718,14,474ccba59d18cf70
2115500022384466,2026-09-15T14:55:28.245718,14,474ccba59d18cf70
2115500875717714,2026-09-15T14:55:28.245718,14,474ccba59d18cf70
2115510942383374,2026-09-15T14:55:28.245718,14,474ccba59d18cf70
2115519159049219,2026-09-15T14:55:28.245718,14,474ccba59d18cf70
2115532159047919,2026-09-15T14:55:28.245718,14,474ccba59d18cf70
2115561812378287,2026-09-15T14:55:28.245718,14,474ccba59d18cf70
2115604392374029,2026-09-15T14:55:28.245718,14,474ccba59d18cf70
2115607899040345,2026-09-15T14:55:28.245718,14,474ccba59d18cf70
2115646085703193,2026-09-15T14:55:28.245718,14,474ccba59d18cf70
2115667392367729,2026-09-15T14:55:28.245718,14,474ccba59d18cf70
2115703099030825,2026-09-15T14:55:28.245718,14,474ccba59d18cf70
2115721155695686,2026-09-15T14:55:28.245718,14,474ccba59d18cf70
2115810495686752,2026-09-15T14:55:28.245718,14,474ccba59d18cf70
2115992235668578,2026-09-15T14:55:28.245718,14,474ccba59d18cf70
2116152362319232,2026-09-15T14:55:28.245718,14,474ccba59d18cf70
2116313012303167,2026-09-15T14:55:28.245718,14,474ccba59d18cf70
2116371338964001,2026-09-15T14:55:28.245718,14,474ccba59d18cf70
2116489702285498,2026-09-15T14:55:28.245718,14,474ccba59d18cf70
2116509675616834,2026-09-15T14:55:28.245718,14,474ccba59d18cf70
2117133085554493,2026-09-15T14:55:28.245718,14,474ccba59d18cf70
2117259265541875,2026-09-15T14:55:28.245718,14,474ccba59d18cf70
2115680889033046,2026-09-15T14:55:28.245718,14,474ccba59d18cf70
2115596152374853,2026-09-15T14:55:28.245718,14,474ccba59d18cf70
2115596382374830,2026-09-15T14:55:28.245718,14,474ccba59d18cf70
2115596565708145,2026-09-15T14:55:28.245718,14,474ccba59d18cf70
2115596789041456,2026-09-15T14:55:28.245718,14,474ccba59d18cf70
2115597229041412,2026-09-15T14:55:28.245718,14,474ccba59d18cf70
2115597989041336,2026-09-15T14:55:28.245718,14,474ccba59d18cf70
2115598355707966,2026-09-15T14:55:28.245718,14,474ccba59d18cf70
2115598392374629,2026-09-15T14:55:28.245718,14,474ccba59d18cf70
2115598479041287,2026-09-15T14:55:28.245718,14,474ccba59d18cf70
2115598662374602,2026-09-15T14:55:28.245718,14,474ccba59d18cf70
2115598882374580,2026-09-15T14:55:28.245718,14,474ccba59d18cf70
2115599232374545,2026-09-15T14:55:28.245718,14,474ccba59d18cf70
2115599432374525,2026-09-15T14:55:28.245718,14,474ccba59d18cf70
2115600922374376,2026-09-15T14:55:28.245718,14,474ccba59d18cf70
2115601029041032,2026-09-15T14:55:28.245718,14,474ccba59d18cf70
2115601099041025,2026-09-15T14:55:28.245718,14,474ccba59d18cf70
2115603359040799,2026-09-15T14:55:28.245718,14,474ccba59d18cf70
2115603539040781,2026-09-15T14:55:28.245718,14,474ccba59d18cf70
2115604785707323,2026-09-15T14:55:28.245718,14,474ccba59d18cf70
2115605765707225,2026-09-15T14:55:28.245718,14,474ccba59d18cf70
2115608225706979,2026-09-15T14:55:28.245718,14,474ccba59d18cf70
2115609675706834,2026-09-15T14:55:28.245718,14,474ccba59d18cf70
2115611385706663,2026-09-15T14:55:28.245718,14,474ccba59d18cf70
2115612399039895,2026-09-15T14:55:28.245718,14,474ccba59d18cf70
2115613465706455,2026-09-15T14:55:28.245718,14,474ccba59d18cf70
2115615522372916,2026-09-15T14:55:28.245718,14,474ccba59d18cf70
2115621592372309,2026-09-15T14:55:28.245718,14,474ccba59d18cf70
2115636469037488,2026-09-15T14:55:28.245718,14,474ccba59d18cf70
2115664759034659,2026-09-15T14:55:28.245718,14,474ccba59d18cf70
2115673299033805,2026-09-15T14:55:28.245718,14,474ccba59d18cf70
2115675105700291,2026-09-15T14:55:28.245718,14,474ccba59d18cf70
2115686935699108,2026-09-15T14:55:28.245718,14,474ccba59d18cf70
2115703785697423,2026-09-15T14:55:28.245718,14,474ccba59d18cf70
2115732112361257,2026-09-15T14:55:28.245718,14,474ccba59d18cf70
2115740032360465,2026-09-15T14:55:28.245718,14,474ccba59d18cf70
2115826612351807,2026-09-15T14:55:28.245718,14,474ccba59d18cf70
2115937562340712,2026-09-15T14:55:28.245718,14,474ccba59d18cf70
2116370545630747,2026-09-15T14:55:28.245718,14,474ccba59d18cf70
2116519665615835,2026-09-15T14:55:28.245718,14,474ccba59d18cf70
2116374745630327,2026-09-15T14:55:28.245718,14,474ccba59d18cf70
2116377332296735,2026-09-15T14:55:28.245718,14,474ccba59d18cf70
2116421365625665,2026-09-15T14:55:28.245718,14,474ccba59d18cf70
2116588632275605,2026-09-15T14:55:28.245718,14,474ccba59d18cf70
2116356252298843,2026-09-15T14:55:28.245718,14,474ccba59d18cf70
2116356852298783,2026-09-15T14:55:28.245718,14,474ccba59d18cf70
2116357388965396,2026-09-15T14:55:28.245718,14,474ccba59d18cf70
2116375652296903,2026-09-15T14:55:28.245718,14,474ccba59d18cf70
2116382142296254,2026-09-15T14:55:28.245718,14,474ccba59d18cf70
2116387188962416,2026-09-15T14:55:28.245718,14,474ccba59d18cf70
2116397342294734,2026-09-15T14:55:28.245718,14,474ccba59d18cf70
2116399235627878,2026-09-15T14:55:28.245718,14,474ccba59d18cf70
2116402858960849,2026-09-15T14:55:28.245718,14,474ccba59d18cf70
2116403538960781,2026-09-15T14:55:28.245718,14,474ccba59d18cf70
2116407208960414,2026-09-15T14:55:28.245718,14,474ccba59d18cf70
2116408412293627,2026-09-15T14:55:28.245718,14,474ccba59d18cf70
2116408738960261,2026-09-15T14:55:28.245718,14,474ccba59d18cf70
2116413305626471,2026-09-15T14:55:28.245718,14,474ccba59d18cf70
2116414002293068,2026-09-15T14:55:28.245718,14,474ccba59d18cf70
2116417708959364,2026-09-15T14:55:28.245718,14,474ccba59d18cf70
2116421245625677,2026-09-15T14:55:28.245718,14,474ccba59d18cf70
2116424708958664,2026-09-15T14:55:28.245718,14,474ccba59d18cf70
2116427308958404,2026-09-15T14:55:28.245718,14,474ccba59d18cf70
2116428715624930,2026-09-15T14:55:28.245718,14,474ccba59d18cf70
2116429505624851,2026-09-15T14:55:28.245718,14,474ccba59d18cf70
2116467632287705,2026-09-15T14:55:28.245718,14,474ccba59d18cf70
2116480392286429,2026-09-15T14:55:28.245718,14,474ccba59d18cf70
2116501988950936,2026-09-15T14:55:28.245718,14,474ccba59d18cf70
2116676265600175,2026-09-15T14:55:28.245718,14,474ccba59d18cf70
1329136005756311,2026-09-15T14:55:28.245718,14,474ccba59d18cf70
1329137299089515,2026-09-15T14:55:28.245718,14,474ccba59d18cf70
1329138275756084,2026-09-15T14:55:28.245718,14,474ccba59d18cf70
1329144652422113,2026-09-15T14:55:28.245718,14,474ccba59d18cf70
1329145442422034,2026-09-15T14:55:28.245718,14,474ccba59d18cf70
1329151372421441,2026-09-15T14:55:28.245718,14,474ccba59d18cf70
1329152565754655,2026-09-15T14:55:28.245718,14,474ccba59d18cf70
1329165865753325,2026-09-15T14:55:28.245718,14,474ccba59d18cf70
1329165979086647,2026-09-15T14:55:28.245718,14,474ccba59d18cf70
1329166215753290,2026-09-15T14:55:28.245718,14,474ccba59d18cf70
1329170815752830,2026-09-15T14:55:28.245718,14,474ccba59d18cf70
1329258859077359,2026-09-15T14:55:28.245718,14,474ccba59d18cf70
1329260339077211,2026-09-15T14:55:28.245718,14,474ccba59d18cf70
1329260412410537,2026-09-15T14:55:28.245718,14,474ccba59d18cf70
1329261415743770,2026-09-15T14:55:28.245718,14,474ccba59d18cf70
1329263139076931,2026-09-15T14:55:28.245718,14,474ccba59d18cf70
1329315412405037,2026-09-15T14:55:28.245718,14,474ccba59d18cf70
1329777409025504,2026-09-15T14:55:28.245718,14,474ccba59d18cf70
1329777849025460,2026-09-15T14:55:28.245718,14,474ccba59d18cf70
1329136505756261,2026-09-15T14:55:28.245718,14,474ccba59d18cf70
1329174115752500,2026-09-15T14:55:28.245718,14,474ccba59d18cf70
1330289162307662,2026-09-15T14:55:28.245718,14,474ccba59d18cf70
1330767982259780,2026-09-15T14:55:28.245718,14,474ccba59d18cf70
1331603212176257,2026-09-15T14:55:28.245718,14,474ccba59d18cf70
1331603748842870,2026-09-15T14:55:28.245718,14,474ccba59d18cf70
1331603932176185,2026-09-15T14:55:28.245718,14,474ccba59d18cf70
1331630895506822,2026-09-15T14:55:28.245718,14,474ccba59d18cf70
1331668102169768,2026-09-15T14:55:28.245718,14,474ccba59d18cf70
28657686477177087,2026-09-15T14:55:28.245718,14,474ccba59d18cf70
28658143057131429,2026-09-15T14:55:28.245718,14,474ccba59d18cf70
28665305816415153,2026-09-15T14:55:28.245718,14,474ccba59d18cf70
28696711706607897,2026-09-15T14:55:28.245718,14,474ccba59d18cf70
28681979061414495,2026-09-15T14:55:28.245718,14,474ccba59d18cf70
28694270230185378,2026-09-15T14:55:28.245718,14,474ccba59d18cf70
28664800999798968,2026-09-15T14:55:28.245718,14,474ccba59d18cf70
28665218206423914,2026-09-15T14:55:28.245718,14,474ccba59d18cf70
28665224773089924,2026-09-15T14:55:28.245718,14,474ccba59d18cf70
28665229349756133,2026-09-15T14:55:28.245718,14,474ccba59d18cf70
28666730992939302,2026-09-15T14:55:28.245718,14,474ccba59d18cf70
28666821509596917,2026-09-15T14:55:28.245718,14,474ccba59d18cf70
28666847559594312,2026-09-15T14:55:28.245718,14,474ccba59d18cf70
28671027325843002,2026-09-15T14:55:28.245718,14,474ccba59d18cf70
28655865457359189,2026-09-15T14:55:28.245718,14,474ccba59d18cf70
28656071597338575,2026-09-15T14:55:28.245718,14,474ccba59d18cf70
28658448100434258,2026-09-15T14:55:28.245718,14,474ccba59d18cf70
28660231853589216,2026-09-15T14:55:28.245718,14,474ccba59d18cf70
28660232913589110,2026-09-15T14:55:28.245718,14,474ccba59d18cf70
28653878070891261,2026-09-15T14:55:28.245718,14,474ccba59d18cf70
28653325467613188,2026-09-15T14:55:28.245718,14,474ccba59d18cf70
28653407944271607,2026-09-15T14:55:28.245718,14,474ccba59d18cf70
28653513084261093,2026-09-15T14:55:28.245718,14,474ccba59d18cf70
28653639210915147,2026-09-15T14:55:28.245718,14,474ccba59d18cf70
28656076184004783,2026-09-15T14:55:28.245718,14,474ccba59d18cf70
28656074470671621,2026-09-15T14:55:28.245718,14,474ccba59d18cf70
28658819947063740,2026-09-15T14:55:28.245718,14,474ccba59d18cf70
28666684296277305,2026-09-15T14:55:28.245718,14,474ccba59d18cf70
28656072554005146,2026-09-15T14:55:28.245718,14,474ccba59d18cf70
28656070284005373,2026-09-15T14:55:28.245718,14,474ccba59d18cf70
28665180269761041,2026-09-15T14:55:28.245718,14,474ccba59d18cf70
28665195379759530,2026-09-15T14:55:28.245718,14,474ccba59d18cf70
28665195659759502,2026-09-15T14:55:28.245718,14,474ccba59d18cf70
28665196393092762,2026-09-15T14:55:28.245718,14,474ccba59d18cf70
28665197089759359,2026-09-15T14:55:28.245718,14,474ccba59d18cf70
28665204736425261,2026-09-15T14:55:28.245718,14,474ccba59d18cf70
28665206349758433,2026-09-15T14:55:28.245718,14,474ccba59d18cf70
28665209183091483,2026-09-15T14:55:28.245718,14,474ccba59d18cf70
28665209839758084,2026-09-15T14:55:28.245718,14,474ccba59d18cf70
28665216543090747,2026-09-15T14:55:28.245718,14,474ccba59d18cf70
28665216729757395,2026-09-15T14:55:28.245718,14,474ccba59d18cf70
28665217136424021,2026-09-15T14:55:28.245718,14,474ccba59d18cf70
28665217316424003,2026-09-15T14:55:28.245718,14,474ccba59d18cf70
28665222619756806,2026-09-15T14:55:28.245718,14,474ccba59d18cf70
28665222823090119,2026-09-15T14:55:28.245718,14,474ccba59d18cf70
28665224173089984,2026-09-15T14:55:28.245718,14,474ccba59d18cf70
28665228959756172,2026-09-15T14:55:28.245718,14,474ccba59d18cf70
28665233766422358,2026-09-15T14:55:28.245718,14,474ccba59d18cf70
28665237803088621,2026-09-15T14:55:28.245718,14,474ccba59d18cf70
28665239049755163,2026-09-15T14:55:28.245718,14,474ccba59d18cf70
28665245469754521,2026-09-15T14:55:28.245718,14,474ccba59d18cf70
28665245586421176,2026-09-15T14:55:28.245718,14,474ccba59d18cf70
28665247149754353,2026-09-15T14:55:28.245718,14,474ccba59d18cf70
28665253273087074,2026-09-15T14:55:28.245718,14,474ccba59d18cf70
28665253499753718,2026-09-15T14:55:28.245718,14,474ccba59d18cf70
28665253519753716,2026-09-15T14:55:28.245718,14,474ccba59d18cf70
28665256846420050,2026-09-15T14:55:28.245718,14,474ccba59d18cf70
28665257973086604,2026-09-15T14:55:28.245718,14,474ccba59d18cf70
28665261069752961,2026-09-15T14:55:28.245718,14,474ccba59d18cf70
28665261643086237,2026-09-15T14:55:28.245718,14,474ccba59d18cf70
28665274473084954,2026-09-15T14:55:28.245718,14,474ccba59d18cf70
28665278989751169,2026-09-15T14:55:28.245718,14,474ccba59d18cf70
28665287339750334,2026-09-15T14:55:28.245718,14,474ccba59d18cf70
28665292206416514,2026-09-15T14:55:28.245718,14,474ccba59d18cf70
28665307213081680,2026-09-15T14:55:28.245718,14,474ccba59d18cf70
28665314316414303,2026-09-15T14:55:28.245718,14,474ccba59d18cf70
28665322003080201,2026-09-15T14:55:28.245718,14,474ccba59d18cf70
28665337096412025,2026-09-15T14:55:28.245718,14,474ccba59d18cf70
28665340439745024,2026-09-15T14:55:28.245718,14,474ccba59d18cf70
28665346086411126,2026-09-15T14:55:28.245718,14,474ccba59d18cf70
28665358436409891,2026-09-15T14:55:28.245718,14,474ccba59d18cf70
28665364699742598,2026-09-15T14:55:28.245718,14,474ccba59d18cf70
28665369836408751,2026-09-15T14:55:28.245718,14,474ccba59d18cf70
28665380853074316,2026-09-15T14:55:28.245718,14,474ccba59d18cf70
28665391496406585,2026-09-15T14:55:28.245718,14,474ccba59d18cf70
28665403016405433,2026-09-15T14:55:28.245718,14,474ccba59d18cf70
28665413043071097,2026-09-15T14:55:28.245718,14,474ccba59d18cf70
28665418063070595,2026-09-15T14:55:28.245718,14,474ccba59d18cf70
28665421429736925,2026-09-15T14:55:28.245718,14,474ccba59d18cf70
28665433256402409,2026-09-15T14:55:28.245718,14,474ccba59d18cf70
28665437736401961,2026-09-15T14:55:28.245718,14,474ccba59d18cf70
28665438156401919,2026-09-15T14:55:28.245718,14,474ccba59d18cf70
28665439583068443,2026-09-15T14:55:28.245718,14,474ccba59d18cf70
28665445856401149,2026-09-15T14:55:28.245718,14,474ccba59d18cf70
28665457819733286,2026-09-15T14:55:28.245718,14,474ccba59d18cf70
28665459419733126,2026-09-15T14:55:28.245718,14,474ccba59d18cf70
28665459866399748,2026-09-15T14:55:28.245718,14,474ccba59d18cf70
28665478083064593,2026-09-15T14:55:28.245718,14,474ccba59d18cf70
28665490813063320,2026-09-15T14:55:28.245718,14,474ccba59d18cf70
28665520443060357,2026-09-15T14:55:28.245718,14,474ccba59d18cf70
28665524553059946,2026-09-15T14:55:28.245718,14,474ccba59d18cf70
28665526999726368,2026-09-15T14:55:28.245718,14,474ccba59d18cf70
28665533199725748,2026-09-15T14:55:28.245718,14,474ccba59d18cf70
28665538416391893,2026-09-15T14:55:28.245718,14,474ccba59d18cf70
28665545183057883,2026-09-15T14:55:28.245718,14,474ccba59d18cf70
28665551989723869,2026-09-15T14:55:28.245718,14,474ccba59d18cf70
28665557266390008,2026-09-15T14:55:28.245718,14,474ccba59d18cf70
28665604849718583,2026-09-15T14:55:28.245718,14,474ccba59d18cf70
28665607546384980,2026-09-15T14:55:28.245718,14,474ccba59d18cf70
28665618153050586,2026-09-15T14:55:28.245718,14,474ccba59d18cf70
28665627523049649,2026-09-15T14:55:28.245718,14,474ccba59d18cf70
28665628716382863,2026-09-15T14:55:28.245718,14,474ccba59d18cf70
28665629089716159,2026-09-15T14:55:28.245718,14,474ccba59d18cf70
28665640153048386,2026-09-15T14:55:28.245718,14,474ccba59d18cf70
28665889333023468,2026-09-15T14:55:28.245718,14,474ccba59d18cf70
28665939963018405,2026-09-15T14:55:28.245718,14,474ccba59d18cf70
28666017543010647,2026-09-15T14:55:28.245718,14,474ccba59d18cf70
28666033399675728,2026-09-15T14:55:28.245718,14,474ccba59d18cf70
28666081029670965,2026-09-15T14:55:28.245718,14,474ccba59d18cf70
28666159456329789,2026-09-15T14:55:28.245718,14,474ccba59d18cf70
28666159609663107,2026-09-15T14:55:28.245718,14,474ccba59d18cf70
28666164756329259,2026-09-15T14:55:28.245718,14,474ccba59d18cf70
28666232852989116,2026-09-15T14:55:28.245718,14,474ccba59d18cf70
28666265129652555,2026-09-15T14:55:28.245718,14,474ccba59d18cf70
28666302656315469,2026-09-15T14:55:28.245718,14,474ccba59d18cf70
28666306446315090,2026-09-15T14:55:28.245718,14,474ccba59d18cf70
28666320939646974,2026-09-15T14:55:28.245718,14,474ccba59d18cf70
28666416296304105,2026-09-15T14:55:28.245718,14,474ccba59d18cf70
28666440369635031,2026-09-15T14:55:28.245718,14,474ccba59d18cf70
28666484386297296,2026-09-15T14:55:28.245718,14,474ccba59d18cf70
28666551412957260,2026-09-15T14:55:28.245718,14,474ccba59d18cf70
28666584119620656,2026-09-15T14:55:28.245718,14,474ccba59d18cf70
28666657936279941,2026-09-15T14:55:28.245718,14,474ccba59d18cf70
28666679622944439,2026-09-15T14:55:28.245718,14,474ccba59d18cf70
28666768409602227,2026-09-15T14:55:28.245718,14,474ccba59d18cf70
28667015672910834,2026-09-15T14:55:28.245718,14,474ccba59d18cf70
28667020069577061,2026-09-15T14:55:28.245718,14,474ccba59d18cf70
28667026409576427,2026-09-15T14:55:28.245718,14,474ccba59d18cf70
28667033279575740,2026-09-15T14:55:28.245718,14,474ccba59d18cf70
28667122689566799,2026-09-15T14:55:28.245718,14,474ccba59d18cf70
28667260126219722,2026-09-15T14:55:28.245718,14,474ccba59d18cf70
28667263729552695,2026-09-15T14:55:28.245718,14,474ccba59d18cf70
28667428206202914,2026-09-15T14:55:28.245718,14,474ccba59d18cf70
28667463972866004,2026-09-15T14:55:28.245718,14,474ccba59d18cf70
28667500982862303,2026-09-15T14:55:28.245718,14,474ccba59d18cf70
28667713006174434,2026-09-15T14:55:28.245718,14,474ccba59d18cf70
28667728439506224,2026-09-15T14:55:28.245718,14,474ccba59d18cf70
28667742552838146,2026-09-15T14:55:28.245718,14,474ccba59d18cf70
28667834756162259,2026-09-15T14:55:28.245718,14,474ccba59d18cf70
28668040466141688,2026-09-15T14:55:28.245718,14,474ccba59d18cf70
28668170156128719,2026-09-15T14:55:28.245718,14,474ccba59d18cf70
28668484982763903,2026-09-15T14:55:28.245718,14,474ccba59d18cf70
28669271116018623,2026-09-15T14:55:28.245718,14,474ccba59d18cf70
28670336142578787,2026-09-15T14:55:28.245718,14,474ccba59d18cf70
28670597842552617,2026-09-15T14:55:28.245718,14,474ccba59d18cf70
28671905899088478,2026-09-15T14:55:28.245718,14,474ccba59d18cf70
28678018855143849,2026-09-15T14:55:28.245718,14,474ccba59d18cf70
28678219798457088,2026-09-15T14:55:28.245718,14,474ccba59d18cf70
28682857181326683,2026-09-15T14:55:28.245718,14,474ccba59d18cf70
28683703847908683,2026-09-15T14:55:28.245718,14,474ccba59d18cf70
28687717994173935,2026-09-15T14:55:28.245718,14,474ccba59d18cf70
28695516556727412,2026-09-15T14:55:28.245718,14,474ccba59d18cf70
28695531013392633,2026-09-15T14:55:28.245718,14,474ccba59d18cf70
28697501003195634,2026-09-15T14:55:28.245718,14,474ccba59d18cf70
28666454929633575,2026-09-15T14:55:28.245718,14,474ccba59d18cf70
28666464696299265,2026-09-15T14:55:28.245718,14,474ccba59d18cf70
28666465282965873,2026-09-15T14:55:28.245718,14,474ccba59d18cf70
28666468552965546,2026-09-15T14:55:28.245718,14,474ccba59d18cf70
28666505896295145,2026-09-15T14:55:28.245718,14,474ccba59d18cf70
28666540026291732,2026-09-15T14:55:28.245718,14,474ccba59d18cf70
28666552672957134,2026-09-15T14:55:28.245718,14,474ccba59d18cf70
28666559876289747,2026-09-15T14:55:28.245718,14,474ccba59d18cf70
28666663192946082,2026-09-15T14:55:28.245718,14,474ccba59d18cf70
28666766406269094,2026-09-15T14:55:28.245718,14,474ccba59d18cf70
28666808856264849,2026-09-15T14:55:28.245718,14,474ccba59d18cf70
28666920296253705,2026-09-15T14:55:28.245718,14,474ccba59d18cf70
28666974432914958,2026-09-15T14:55:28.245718,14,474ccba59d18cf70
28667147412897660,2026-09-15T14:55:28.245718,14,474ccba59d18cf70
28667925936153141,2026-09-15T14:55:28.245718,14,474ccba59d18cf70
28668370276108707,2026-09-15T14:55:28.245718,14,474ccba59d18cf70
28668407212771680,2026-09-15T14:55:28.245718,14,474ccba59d18cf70
28668727062739695,2026-09-15T14:55:28.245718,14,474ccba59d18cf70
28669254469353621,2026-09-15T14:55:28.245718,14,474ccba59d18cf70
28678024401809961,2026-09-15T14:55:28.245718,14,474ccba59d18cf70
28686769634268771,2026-09-15T14:55:28.245718,14,474ccba59d18cf70
28696683979944003,2026-09-15T14:55:28.245718,14,474ccba59d18cf70
28696707833274951,2026-09-15T14:55:28.245718,14,474ccba59d18cf70
28669846105961124,2026-09-15T14:55:28.245718,14,474ccba59d18cf70
28669853285960406,2026-09-15T14:55:28.245718,14,474ccba59d18cf70
28669861802626221,2026-09-15T14:55:28.245718,14,474ccba59d18cf70
28669870155958719,2026-09-15T14:55:28.245718,14,474ccba59d18cf70
28669875172624884,2026-09-15T14:55:28.245718,14,474ccba59d18cf70
28669884425957292,2026-09-15T14:55:28.245718,14,474ccba59d18cf70
28669893912623010,2026-09-15T14:55:28.245718,14,474ccba59d18cf70
28669898959289172,2026-09-15T14:55:28.245718,14,474ccba59d18cf70
28669909679288100,2026-09-15T14:55:28.245718,14,474ccba59d18cf70
28669936839285384,2026-09-15T14:55:28.245718,14,474ccba59d18cf70
28669942512618150,2026-09-15T14:55:28.245718,14,474ccba59d18cf70
28669953229283745,2026-09-15T14:55:28.245718,14,474ccba59d18cf70
28669991109279957,2026-09-15T14:55:28.245718,14,474ccba59d18cf70
28670021502610251,2026-09-15T14:55:28.245718,14,474ccba59d18cf70
28670031752609226,2026-09-15T14:55:28.245718,14,474ccba59d18cf70
28670060225939712,2026-09-15T14:55:28.245718,14,474ccba59d18cf70
28670077972604604,2026-09-15T14:55:28.245718,14,474ccba59d18cf70
28670086499270418,2026-09-15T14:55:28.245718,14,474ccba59d18cf70
28670165365929198,2026-09-15T14:55:28.245718,14,474ccba59d18cf70
28670193789259689,2026-09-15T14:55:28.245718,14,474ccba59d18cf70
28670195315926203,2026-09-15T14:55:28.245718,14,474ccba59d18cf70
28670200602592341,2026-09-15T14:55:28.245718,14,474ccba59d18cf70
28670691399209928,2026-09-15T14:55:28.245718,14,474ccba59d18cf70
28670786589200409,2026-09-15T14:55:28.245718,14,474ccba59d18cf70
28670871295858605,2026-09-15T14:55:28.245718,14,474ccba59d18cf70
28671089845836750,2026-09-15T14:55:28.245718,14,474ccba59d18cf70
28671142559164812,2026-09-15T14:55:28.245718,14,474ccba59d18cf70
28671302092482192,2026-09-15T14:55:28.245718,14,474ccba59d18cf70
28671305735815161,2026-09-15T14:55:28.245718,14,474ccba59d18cf70
28671501369128931,2026-09-15T14:55:28.245718,14,474ccba59d18cf70
28672047825740952,2026-09-15T14:55:28.245718,14,474ccba59d18cf70
28672435709035497,2026-09-15T14:55:28.245718,14,474ccba59d18cf70
28673178512294550,2026-09-15T14:55:28.245718,14,474ccba59d18cf70
28673561495589585,2026-09-15T14:55:28.245718,14,474ccba59d18cf70
28678030435142691,2026-09-15T14:55:28.245718,14,474ccba59d18cf70
28678777538401314,2026-09-15T14:55:28.245718,14,474ccba59d18cf70
28679646774981057,2026-09-15T14:55:28.245718,14,474ccba59d18cf70
28679850431627358,2026-09-15T14:55:28.245718,14,474ccba59d18cf70
28679910531621348,2026-09-15T14:55:28.245718,14,474ccba59d18cf70
28680138691598532,2026-09-15T14:55:28.245718,14,474ccba59d18cf70
28680334248245643,2026-09-15T14:55:28.245718,14,474ccba59d18cf70
28681237288155339,2026-09-15T14:55:28.245718,14,474ccba59d18cf70
28683320657947002,2026-09-15T14:55:28.245718,14,474ccba59d18cf70
28683558404589894,2026-09-15T14:55:28.245718,14,474ccba59d18cf70
28706972102248524,2026-09-15T14:55:28.245718,14,474ccba59d18cf70
28679127488366319,2026-09-15T14:55:28.245718,14,474ccba59d18cf70
28679246421687759,2026-09-15T14:55:28.245718,14,474ccba59d18cf70
28680299014915833,2026-09-15T14:55:28.245718,14,474ccba59d18cf70
28680305631581838,2026-09-15T14:55:28.245718,14,474ccba59d18cf70
28680475314898203,2026-09-15T14:55:28.245718,14,474ccba59d18cf70
28683345404611194,2026-09-15T14:55:28.245718,14,474ccba59d18cf70
28681758848103183,2026-09-15T14:55:28.245718,14,474ccba59d18cf70
28682375748041493,2026-09-15T14:55:28.245718,14,474ccba59d18cf70
28683834154562319,2026-09-15T14:55:28.245718,14,474ccba59d18cf70
28694824923463242,2026-09-15T14:55:28.245718,14,474ccba59d18cf70
28696001010012300,2026-09-15T14:55:28.245718,14,474ccba59d18cf70
28708129015466166,2026-09-15T14:55:28.245718,14,474ccba59d18cf70
28735496586062742,2026-09-15T14:55:28.245718,14,474ccba59d18cf70
28693838610228540,2026-09-15T14:55:28.245718,14,474ccba59d18cf70
28693838873561847,2026-09-15T14:55:28.245718,14,474ccba59d18cf70
28693839490228452,2026-09-15T14:55:28.245718,14,474ccba59d18cf70
28702630329349368,2026-09-15T14:55:28.245718,14,474ccba59d18cf70
28707505138861887,2026-09-15T14:55:28.245718,14,474ccba59d18cf70
28707505228861878,2026-09-15T14:55:28.245718,14,474ccba59d18cf70
28707505275528540,2026-09-15T14:55:28.245718,14,474ccba59d18cf70
28712544675024600,2026-09-15T14:55:28.245718,14,474ccba59d18cf70
28712558858356515,2026-09-15T14:55:28.245718,14,474ccba59d18cf70
28713114038300997,2026-09-15T14:55:28.245718,14,474ccba59d18cf70
28719845127627888,2026-09-15T14:55:28.245718,14,474ccba59d18cf70
28721864667425934,2026-09-15T14:55:28.245718,14,474ccba59d18cf70
28716647581280976,2026-09-15T14:55:28.245718,14,474ccba59d18cf70
28725428750402859,2026-09-15T14:55:28.245718,14,474ccba59d18cf70
28732986549647079,2026-09-15T14:55:28.245718,14,474ccba59d18cf70
1755749185632405,2026-09-15T14:55:28.245718,14,474ccba59d18cf70
1755769055630418,2026-09-15T14:55:28.245718,14,474ccba59d18cf70
1755817692292221,2026-09-15T14:55:28.245718,14,474ccba59d18cf70
1755852555622068,2026-09-15T14:55:28.245718,14,474ccba59d18cf70
1755852712288719,2026-09-15T14:55:28.245718,14,474ccba59d18cf70
1755852852288705,2026-09-15T14:55:28.245718,14,474ccba59d18cf70
1755870682286922,2026-09-15T14:55:28.245718,14,474ccba59d18cf70
1755874912286499,2026-09-15T14:55:28.245718,14,474ccba59d18cf70
1755875838953073,2026-09-15T14:55:28.245718,14,474ccba59d18cf70
1755876832286307,2026-09-15T14:55:28.245718,14,474ccba59d18cf70
1756021612271829,2026-09-15T14:55:28.245718,14,474ccba59d18cf70
1751796209361036,2026-09-15T14:55:28.245718,14,474ccba59d18cf70
1751870729353584,2026-09-15T14:55:28.245718,14,474ccba59d18cf70
1751871829353474,2026-09-15T14:55:28.245718,14,474ccba59d18cf70
1751901482683842,2026-09-15T14:55:28.245718,14,474ccba59d18cf70
1751903956016928,2026-09-15T14:55:28.245718,14,474ccba59d18cf70
1751910776016246,2026-09-15T14:55:28.245718,14,474ccba59d18cf70
1751918252682165,2026-09-15T14:55:28.245718,14,474ccba59d18cf70
1751919386015385,2026-09-15T14:55:28.245718,14,474ccba59d18cf70
1751929909347666,2026-09-15T14:55:28.245718,14,474ccba59d18cf70
1752017436005580,2026-09-15T14:55:28.245718,14,474ccba59d18cf70
1752040159336641,2026-09-15T14:55:28.245718,14,474ccba59d18cf70
1752129152661075,2026-09-15T14:55:28.245718,14,474ccba59d18cf70
1752331435974180,2026-09-15T14:55:28.245718,14,474ccba59d18cf70
1752333565973967,2026-09-15T14:55:28.245718,14,474ccba59d18cf70
1752339552640035,2026-09-15T14:55:28.245718,14,474ccba59d18cf70
1752340572639933,2026-09-15T14:55:28.245718,14,474ccba59d18cf70
1752341259306531,2026-09-15T14:55:28.245718,14,474ccba59d18cf70
1752358039304853,2026-09-15T14:55:28.245718,14,474ccba59d18cf70
1752383235969000,2026-09-15T14:55:28.245718,14,474ccba59d18cf70
1752402289300428,2026-09-15T14:55:28.245718,14,474ccba59d18cf70
1752405125966811,2026-09-15T14:55:28.245718,14,474ccba59d18cf70
1752418632632127,2026-09-15T14:55:28.245718,14,474ccba59d18cf70
1752510592622931,2026-09-15T14:55:28.245718,14,474ccba59d18cf70
1752514852622505,2026-09-15T14:55:28.245718,14,474ccba59d18cf70
1752538552620135,2026-09-15T14:55:28.245718,14,474ccba59d18cf70
1752683762605614,2026-09-15T14:55:28.245718,14,474ccba59d18cf70
1752716915935632,2026-09-15T14:55:28.245718,14,474ccba59d18cf70
1752717832602207,2026-09-15T14:55:28.245718,14,474ccba59d18cf70
1752732912600699,2026-09-15T14:55:28.245718,14,474ccba59d18cf70
1752752979265359,2026-09-15T14:55:28.245718,14,474ccba59d18cf70
1752768425930481,2026-09-15T14:55:28.245718,14,474ccba59d18cf70
1752770032596987,2026-09-15T14:55:28.245718,14,474ccba59d18cf70
1752772899263367,2026-09-15T14:55:28.245718,14,474ccba59d18cf70
1752824139258243,2026-09-15T14:55:28.245718,14,474ccba59d18cf70
1752944889246168,2026-09-15T14:55:28.245718,14,474ccba59d18cf70
1752949702579020,2026-09-15T14:55:28.245718,14,474ccba59d18cf70
1753005522573438,2026-09-15T14:55:28.245718,14,474ccba59d18cf70
1753023082571682,2026-09-15T14:55:28.245718,14,474ccba59d18cf70
1753054522568538,2026-09-15T14:55:28.245718,14,474ccba59d18cf70
1753058332568157,2026-09-15T14:55:28.245718,14,474ccba59d18cf70
1753062609234396,2026-09-15T14:55:28.245718,14,474ccba59d18cf70
1753245445882779,2026-09-15T14:55:28.245718,14,474ccba59d18cf70
1753685789172078,2026-09-15T14:55:28.245718,14,474ccba59d18cf70
1753775409163116,2026-09-15T14:55:28.245718,14,474ccba59d18cf70
1753779842496006,2026-09-15T14:55:28.245718,14,474ccba59d18cf70
1753824465824877,2026-09-15T14:55:28.245718,14,474ccba59d18cf70
1753825189158138,2026-09-15T14:55:28.245718,14,474ccba59d18cf70
1753880852485905,2026-09-15T14:55:28.245718,14,474ccba59d18cf70
1753888585818465,2026-09-15T14:55:28.245718,14,474ccba59d18cf70
1753892315818092,2026-09-15T14:55:28.245718,14,474ccba59d18cf70
1754025012471489,2026-09-15T14:55:28.245718,14,474ccba59d18cf70
1754070012466989,2026-09-15T14:55:28.245718,14,474ccba59d18cf70
1754579789082678,2026-09-15T14:55:28.245718,14,474ccba59d18cf70
1754864135720910,2026-09-15T14:55:28.245718,14,474ccba59d18cf70
1755067305700593,2026-09-15T14:55:28.245718,14,474ccba59d18cf70
1755077395699584,2026-09-15T14:55:28.245718,14,474ccba59d18cf70
1755099172364073,2026-09-15T14:55:28.245718,14,474ccba59d18cf70
1755099409030716,2026-09-15T14:55:28.245718,14,474ccba59d18cf70
1755100739030583,2026-09-15T14:55:28.245718,14,474ccba59d18cf70
1755111302362860,2026-09-15T14:55:28.245718,14,474ccba59d18cf70
1755116519029005,2026-09-15T14:55:28.245718,14,474ccba59d18cf70
1755118355695488,2026-09-15T14:55:28.245718,14,474ccba59d18cf70
1755129135694410,2026-09-15T14:55:28.245718,14,474ccba59d18cf70
1755132069027450,2026-09-15T14:55:28.245718,14,474ccba59d18cf70
1755142075693116,2026-09-15T14:55:28.245718,14,474ccba59d18cf70
1755157835691540,2026-09-15T14:55:28.245718,14,474ccba59d18cf70
1755159475691376,2026-09-15T14:55:28.245718,14,474ccba59d18cf70
1755161472357843,2026-09-15T14:55:28.245718,14,474ccba59d18cf70
1755161665691157,2026-09-15T14:55:28.245718,14,474ccba59d18cf70
1755162942357696,2026-09-15T14:55:28.245718,14,474ccba59d18cf70
1755167635690560,2026-09-15T14:55:28.245718,14,474ccba59d18cf70
1755178672356123,2026-09-15T14:55:28.245718,14,474ccba59d18cf70
1755179402356050,2026-09-15T14:55:28.245718,14,474ccba59d18cf70
1755181935689130,2026-09-15T14:55:28.245718,14,474ccba59d18cf70
1755191199021537,2026-09-15T14:55:28.245718,14,474ccba59d18cf70
1755240892349901,2026-09-15T14:55:28.245718,14,474ccba59d18cf70
1755243955682928,2026-09-15T14:55:28.245718,14,474ccba59d18cf70
1755305219010135,2026-09-15T14:55:28.245718,14,474ccba59d18cf70
1755367119003945,2026-09-15T14:55:28.245718,14,474ccba59d18cf70
1755374299003227,2026-09-15T14:55:28.245718,14,474ccba59d18cf70
1755381872335803,2026-09-15T14:55:28.245718,14,474ccba59d18cf70
1755385682335422,2026-09-15T14:55:28.245718,14,474ccba59d18cf70
1755386522335338,2026-09-15T14:55:28.245718,14,474ccba59d18cf70
1755387875668536,2026-09-15T14:55:28.245718,14,474ccba59d18cf70
1755391115668212,2026-09-15T14:55:28.245718,14,474ccba59d18cf70
1755910418949615,2026-09-15T14:55:28.245718,14,474ccba59d18cf70
1755914988949158,2026-09-15T14:55:28.245718,14,474ccba59d18cf70
1755957898944867,2026-09-15T14:55:28.245718,14,474ccba59d18cf70
1756161248924532,2026-09-15T14:55:28.245718,14,474ccba59d18cf70
1756248725582451,2026-09-15T14:55:28.245718,14,474ccba59d18cf70
1756283902245600,2026-09-15T14:55:28.245718,14,474ccba59d18cf70
1756699835537340,2026-09-15T14:55:28.245718,14,474ccba59d18cf70
1756795065527817,2026-09-15T14:55:28.245718,14,474ccba59d18cf70
1751927569347900,2026-09-15T14:55:28.245718,14,474ccba59d18cf70
1751832869357370,2026-09-15T14:55:28.245718,14,474ccba59d18cf70
1752381945969129,2026-09-15T14:55:28.245718,14,474ccba59d18cf70
1752014219339235,2026-09-15T14:55:28.245718,14,474ccba59d18cf70
1752046009336056,2026-09-15T14:55:28.245718,14,474ccba59d18cf70
1752424855964838,2026-09-15T14:55:28.245718,14,474ccba59d18cf70
1752175032656487,2026-09-15T14:55:28.245718,14,474ccba59d18cf70
1752341345973189,2026-09-15T14:55:28.245718,14,474ccba59d18cf70
1752352772638713,2026-09-15T14:55:28.245718,14,474ccba59d18cf70
1751924259348231,2026-09-15T14:55:28.245718,14,474ccba59d18cf70
1752451925962131,2026-09-15T14:55:28.245718,14,474ccba59d18cf70
1754119789128678,2026-09-15T14:55:28.245718,14,474ccba59d18cf70
1754196389121018,2026-09-15T14:55:28.245718,14,474ccba59d18cf70
1754314725775851,2026-09-15T14:55:28.245718,14,474ccba59d18cf70
1754315792442411,2026-09-15T14:55:28.245718,14,474ccba59d18cf70
1754627249077932,2026-09-15T14:55:28.245718,14,474ccba59d18cf70
1752008172673173,2026-09-15T14:55:28.245718,14,474ccba59d18cf70
1752499849290672,2026-09-15T14:55:28.245718,14,474ccba59d18cf70
1752502525957071,2026-09-15T14:55:28.245718,14,474ccba59d18cf70
1751737126033611,2026-09-15T14:55:28.245718,14,474ccba59d18cf70
1751524746054849,2026-09-15T14:55:28.245718,14,474ccba59d18cf70
1751526282721362,2026-09-15T14:55:28.245718,14,474ccba59d18cf70
1751526476054676,2026-09-15T14:55:28.245718,14,474ccba59d18cf70
1751532382720752,2026-09-15T14:55:28.245718,14,474ccba59d18cf70
1751532922720698,2026-09-15T14:55:28.245718,14,474ccba59d18cf70
1751533149387342,2026-09-15T14:55:28.245718,14,474ccba59d18cf70
1751533719387285,2026-09-15T14:55:28.245718,14,474ccba59d18cf70
1751540499386607,2026-09-15T14:55:28.245718,14,474ccba59d18cf70
1751541789386478,2026-09-15T14:55:28.245718,14,474ccba59d18cf70
1751543022719688,2026-09-15T14:55:28.245718,14,474ccba59d18cf70
1751550162718974,2026-09-15T14:55:28.245718,14,474ccba59d18cf70
1751560172717973,2026-09-15T14:55:28.245718,14,474ccba59d18cf70
1751561309384526,2026-09-15T14:55:28.245718,14,474ccba59d18cf70
1751561456051178,2026-09-15T14:55:28.245718,14,474ccba59d18cf70
1751562592717731,2026-09-15T14:55:28.245718,14,474ccba59d18cf70
1751572479383409,2026-09-15T14:55:28.245718,14,474ccba59d18cf70
1751585469382110,2026-09-15T14:55:28.245718,14,474ccba59d18cf70
1751587962715194,2026-09-15T14:55:28.245718,14,474ccba59d18cf70
1751592422714748,2026-09-15T14:55:28.245718,14,474ccba59d18cf70
1751610486046275,2026-09-15T14:55:28.245718,14,474ccba59d18cf70
1751694056037918,2026-09-15T14:55:28.245718,14,474ccba59d18cf70
1751733362700654,2026-09-15T14:55:28.245718,14,474ccba59d18cf70
1751738356033488,2026-09-15T14:55:28.245718,14,474ccba59d18cf70
1751842609356396,2026-09-15T14:55:28.245718,14,474ccba59d18cf70
1751848289355828,2026-09-15T14:55:28.245718,14,474ccba59d18cf70
1751904016016922,2026-09-15T14:55:28.245718,14,474ccba59d18cf70
1751904882683502,2026-09-15T14:55:28.245718,14,474ccba59d18cf70
1751936769346980,2026-09-15T14:55:28.245718,14,474ccba59d18cf70
1752110089329648,2026-09-15T14:55:28.245718,14,474ccba59d18cf70
1752587805948543,2026-09-15T14:55:28.245718,14,474ccba59d18cf70
1752619075945416,2026-09-15T14:55:28.245718,14,474ccba59d18cf70
1751529536054370,2026-09-15T14:55:28.245718,14,474ccba59d18cf70
1751530292720961,2026-09-15T14:55:28.245718,14,474ccba59d18cf70
1751542859386371,2026-09-15T14:55:28.245718,14,474ccba59d18cf70
1751544882719502,2026-09-15T14:55:28.245718,14,474ccba59d18cf70
1751546179386039,2026-09-15T14:55:28.245718,14,474ccba59d18cf70
1751549432719047,2026-09-15T14:55:28.245718,14,474ccba59d18cf70
1751553539385303,2026-09-15T14:55:28.245718,14,474ccba59d18cf70
1751558769384780,2026-09-15T14:55:28.245718,14,474ccba59d18cf70
1751577876049536,2026-09-15T14:55:28.245718,14,474ccba59d18cf70
1751584349382222,2026-09-15T14:55:28.245718,14,474ccba59d18cf70
1751585052715485,2026-09-15T14:55:28.245718,14,474ccba59d18cf70
1751635709377086,2026-09-15T14:55:28.245718,14,474ccba59d18cf70
1751733819367275,2026-09-15T14:55:28.245718,14,474ccba59d18cf70
1752588272615163,2026-09-15T14:55:28.245718,14,474ccba59d18cf70
1751590412714949,2026-09-15T14:55:28.245718,14,474ccba59d18cf70
1751591292714861,2026-09-15T14:55:28.245718,14,474ccba59d18cf70
1751597246047599,2026-09-15T14:55:28.245718,14,474ccba59d18cf70
1751598316047492,2026-09-15T14:55:28.245718,14,474ccba59d18cf70
1751869609353696,2026-09-15T14:55:28.245718,14,474ccba59d18cf70
1752588505948473,2026-09-15T14:55:28.245718,14,474ccba59d18cf70
1752702719270385,2026-09-15T14:55:28.245718,14,474ccba59d18cf70
1751521656055158,2026-09-15T14:55:28.245718,14,474ccba59d18cf70
1751532712720719,2026-09-15T14:55:28.245718,14,474ccba59d18cf70
1751548149385842,2026-09-15T14:55:28.245718,14,474ccba59d18cf70
1751603649380292,2026-09-15T14:55:28.245718,14,474ccba59d18cf70
1751608019379855,2026-09-15T14:55:28.245718,14,474ccba59d18cf70
1751734459367211,2026-09-15T14:55:28.245718,14,474ccba59d18cf70
1752588965948427,2026-09-15T14:55:28.245718,14,474ccba59d18cf70
1751522009388456,2026-09-15T14:55:28.245718,14,474ccba59d18cf70
1751533749387282,2026-09-15T14:55:28.245718,14,474ccba59d18cf70
1751534252720565,2026-09-15T14:55:28.245718,14,474ccba59d18cf70
1751534509387206,2026-09-15T14:55:28.245718,14,474ccba59d18cf70
1751542119386445,2026-09-15T14:55:28.245718,14,474ccba59d18cf70
1751581406049183,2026-09-15T14:55:28.245718,14,474ccba59d18cf70
1751617149378942,2026-09-15T14:55:28.245718,14,474ccba59d18cf70
1751697802704210,2026-09-15T14:55:28.245718,14,474ccba59d18cf70
1751722192701771,2026-09-15T14:55:28.245718,14,474ccba59d18cf70
1751897972684193,2026-09-15T14:55:28.245718,14,474ccba59d18cf70
1752139879326669,2026-09-15T14:55:28.245718,14,474ccba59d18cf70
1752589169281740,2026-09-15T14:55:28.245718,14,474ccba59d18cf70
1752598885947435,2026-09-15T14:55:28.245718,14,474ccba59d18cf70
1752636155943708,2026-09-15T14:55:28.245718,14,474ccba59d18cf70
1752788799261777,2026-09-15T14:55:28.245718,14,474ccba59d18cf70
1751662506041073,2026-09-15T14:55:28.245718,14,474ccba59d18cf70
1751667579373899,2026-09-15T14:55:28.245718,14,474ccba59d18cf70
1751668152707175,2026-09-15T14:55:28.245718,14,474ccba59d18cf70
1751668222707168,2026-09-15T14:55:28.245718,14,474ccba59d18cf70
1751668756040448,2026-09-15T14:55:28.245718,14,474ccba59d18cf70
1751668896040434,2026-09-15T14:55:28.245718,14,474ccba59d18cf70
1751677912706199,2026-09-15T14:55:28.245718,14,474ccba59d18cf70
1751678322706158,2026-09-15T14:55:28.245718,14,474ccba59d18cf70
1751678439372813,2026-09-15T14:55:28.245718,14,474ccba59d18cf70
1751678492706141,2026-09-15T14:55:28.245718,14,474ccba59d18cf70
1751679222706068,2026-09-15T14:55:28.245718,14,474ccba59d18cf70
1751684722705518,2026-09-15T14:55:28.245718,14,474ccba59d18cf70
1751686772705313,2026-09-15T14:55:28.245718,14,474ccba59d18cf70
1751690392704951,2026-09-15T14:55:28.245718,14,474ccba59d18cf70
1751690506038273,2026-09-15T14:55:28.245718,14,474ccba59d18cf70
1751690812704909,2026-09-15T14:55:28.245718,14,474ccba59d18cf70
1751691319371525,2026-09-15T14:55:28.245718,14,474ccba59d18cf70
1751692832704707,2026-09-15T14:55:28.245718,14,474ccba59d18cf70
1751692916038032,2026-09-15T14:55:28.245718,14,474ccba59d18cf70
1751696166037707,2026-09-15T14:55:28.245718,14,474ccba59d18cf70
1751715529369104,2026-09-15T14:55:28.245718,14,474ccba59d18cf70
1751720216035302,2026-09-15T14:55:28.245718,14,474ccba59d18cf70
1751721762701814,2026-09-15T14:55:28.245718,14,474ccba59d18cf70
1751728596034464,2026-09-15T14:55:28.245718,14,474ccba59d18cf70
1751731216034202,2026-09-15T14:55:28.245718,14,474ccba59d18cf70
1751731712700819,2026-09-15T14:55:28.245718,14,474ccba59d18cf70
1751733129367344,2026-09-15T14:55:28.245718,14,474ccba59d18cf70
1751779006029423,2026-09-15T14:55:28.245718,14,474ccba59d18cf70
1751812702692720,2026-09-15T14:55:28.245718,14,474ccba59d18cf70
1751821226025201,2026-09-15T14:55:28.245718,14,474ccba59d18cf70
1751838319356825,2026-09-15T14:55:28.245718,14,474ccba59d18cf70
1751893882684602,2026-09-15T14:55:28.245718,14,474ccba59d18cf70
1751899026017421,2026-09-15T14:55:28.245718,14,474ccba59d18cf70
1752336512640339,2026-09-15T14:55:28.245718,14,474ccba59d18cf70
1752419892632001,2026-09-15T14:55:28.245718,14,474ccba59d18cf70
1752581179282539,2026-09-15T14:55:28.245718,14,474ccba59d18cf70
1751659826041341,2026-09-15T14:55:28.245718,14,474ccba59d18cf70
1751659869374670,2026-09-15T14:55:28.245718,14,474ccba59d18cf70
1751663372707653,2026-09-15T14:55:28.245718,14,474ccba59d18cf70
1751665586040765,2026-09-15T14:55:28.245718,14,474ccba59d18cf70
1751666049374052,2026-09-15T14:55:28.245718,14,474ccba59d18cf70
1751666589373998,2026-09-15T14:55:28.245718,14,474ccba59d18cf70
1751667426040581,2026-09-15T14:55:28.245718,14,474ccba59d18cf70
1751668379373819,2026-09-15T14:55:28.245718,14,474ccba59d18cf70
1751669089373748,2026-09-15T14:55:28.245718,14,474ccba59d18cf70
1751670172706973,2026-09-15T14:55:28.245718,14,474ccba59d18cf70
1751670682706922,2026-09-15T14:55:28.245718,14,474ccba59d18cf70
1751670822706908,2026-09-15T14:55:28.245718,14,474ccba59d18cf70
1751673512706639,2026-09-15T14:55:28.245718,14,474ccba59d18cf70
1751673746039949,2026-09-15T14:55:28.245718,14,474ccba59d18cf70
1751674522706538,2026-09-15T14:55:28.245718,14,474ccba59d18cf70
1751676596039664,2026-09-15T14:55:28.245718,14,474ccba59d18cf70
1751677526039571,2026-09-15T14:55:28.245718,14,474ccba59d18cf70
1751677582706232,2026-09-15T14:55:28.245718,14,474ccba59d18cf70
1751677852706205,2026-09-15T14:55:28.245718,14,474ccba59d18cf70
1751679076039416,2026-09-15T14:55:28.245718,14,474ccba59d18cf70
1751684849372172,2026-09-15T14:55:28.245718,14,474ccba59d18cf70
1751689066038417,2026-09-15T14:55:28.245718,14,474ccba59d18cf70
1751690162704974,2026-09-15T14:55:28.245718,14,474ccba59d18cf70
1751694016037922,2026-09-15T14:55:28.245718,14,474ccba59d18cf70
1751694276037896,2026-09-15T14:55:28.245718,14,474ccba59d18cf70
1751703516036972,2026-09-15T14:55:28.245718,14,474ccba59d18cf70
1751711599369497,2026-09-15T14:55:28.245718,14,474ccba59d18cf70
1751712606036063,2026-09-15T14:55:28.245718,14,474ccba59d18cf70
1751716706035653,2026-09-15T14:55:28.245718,14,474ccba59d18cf70
1751720476035276,2026-09-15T14:55:28.245718,14,474ccba59d18cf70
1751729449367712,2026-09-15T14:55:28.245718,14,474ccba59d18cf70
1751732346034089,2026-09-15T14:55:28.245718,14,474ccba59d18cf70
1751737566033567,2026-09-15T14:55:28.245718,14,474ccba59d18cf70
1751763672697623,2026-09-15T14:55:28.245718,14,474ccba59d18cf70
1751772739363383,2026-09-15T14:55:28.245718,14,474ccba59d18cf70
1751774406029883,2026-09-15T14:55:28.245718,14,474ccba59d18cf70
1751823132691677,2026-09-15T14:55:28.245718,14,474ccba59d18cf70
1751916266015697,2026-09-15T14:55:28.245718,14,474ccba59d18cf70
1752582052615785,2026-09-15T14:55:28.245718,14,474ccba59d18cf70
1751662262707764,2026-09-15T14:55:28.245718,14,474ccba59d18cf70
1751681876039136,2026-09-15T14:55:28.245718,14,474ccba59d18cf70
1751681946039129,2026-09-15T14:55:28.245718,14,474ccba59d18cf70
1751755692698421,2026-09-15T14:55:28.245718,14,474ccba59d18cf70
1751786309362026,2026-09-15T14:55:28.245718,14,474ccba59d18cf70
1751794909361166,2026-09-15T14:55:28.245718,14,474ccba59d18cf70
1751848782689112,2026-09-15T14:55:28.245718,14,474ccba59d18cf70
1751903116017012,2026-09-15T14:55:28.245718,14,474ccba59d18cf70
1751904812683509,2026-09-15T14:55:28.245718,14,474ccba59d18cf70
1752581399282517,2026-09-15T14:55:28.245718,14,474ccba59d18cf70
1751660039374653,2026-09-15T14:55:28.245718,14,474ccba59d18cf70
1751660849374572,2026-09-15T14:55:28.245718,14,474ccba59d18cf70
1751660976041226,2026-09-15T14:55:28.245718,14,474ccba59d18cf70
1751663189374338,2026-09-15T14:55:28.245718,14,474ccba59d18cf70
1751663402707650,2026-09-15T14:55:28.245718,14,474ccba59d18cf70
1751664236040900,2026-09-15T14:55:28.245718,14,474ccba59d18cf70
1751664686040855,2026-09-15T14:55:28.245718,14,474ccba59d18cf70
1751667232707267,2026-09-15T14:55:28.245718,14,474ccba59d18cf70
1751670719373585,2026-09-15T14:55:28.245718,14,474ccba59d18cf70
1751671736040150,2026-09-15T14:55:28.245718,14,474ccba59d18cf70
1751673649373292,2026-09-15T14:55:28.245718,14,474ccba59d18cf70
1751677309372926,2026-09-15T14:55:28.245718,14,474ccba59d18cf70
1751678956039428,2026-09-15T14:55:28.245718,14,474ccba59d18cf70
1751679409372716,2026-09-15T14:55:28.245718,14,474ccba59d18cf70
1751685979372059,2026-09-15T14:55:28.245718,14,474ccba59d18cf70
1751691792704811,2026-09-15T14:55:28.245718,14,474ccba59d18cf70
1751716086035715,2026-09-15T14:55:28.245718,14,474ccba59d18cf70
1751730602700930,2026-09-15T14:55:28.245718,14,474ccba59d18cf70
1751740612699929,2026-09-15T14:55:28.245718,14,474ccba59d18cf70
1751758296031494,2026-09-15T14:55:28.245718,14,474ccba59d18cf70
1751766509364006,2026-09-15T14:55:28.245718,14,474ccba59d18cf70
1751767576030566,2026-09-15T14:55:28.245718,14,474ccba59d18cf70
1751775829363074,2026-09-15T14:55:28.245718,14,474ccba59d18cf70
1751779222696068,2026-09-15T14:55:28.245718,14,474ccba59d18cf70
1751780176029306,2026-09-15T14:55:28.245718,14,474ccba59d18cf70
1751798899360767,2026-09-15T14:55:28.245718,14,474ccba59d18cf70
1751868286020495,2026-09-15T14:55:28.245718,14,474ccba59d18cf70
1751899699350687,2026-09-15T14:55:28.245718,14,474ccba59d18cf70
1752584049282252,2026-09-15T14:55:28.245718,14,474ccba59d18cf70
1752953502578640,2026-09-15T14:55:28.245718,14,474ccba59d18cf70
1752954999245157,2026-09-15T14:55:28.245718,14,474ccba59d18cf70
1753617539178903,2026-09-15T14:55:28.245718,14,474ccba59d18cf70
1751617586045565,2026-09-15T14:55:28.245718,14,474ccba59d18cf70
1751631346044189,2026-09-15T14:55:28.245718,14,474ccba59d18cf70
1751632466044077,2026-09-15T14:55:28.245718,14,474ccba59d18cf70
1751632736044050,2026-09-15T14:55:28.245718,14,474ccba59d18cf70
1751632826044041,2026-09-15T14:55:28.245718,14,474ccba59d18cf70
1751650882708902,2026-09-15T14:55:28.245718,14,474ccba59d18cf70
1752585852615405,2026-09-15T14:55:28.245718,14,474ccba59d18cf70
1751669716040352,2026-09-15T14:55:28.245718,14,474ccba59d18cf70
1751675662706424,2026-09-15T14:55:28.245718,14,474ccba59d18cf70
1751692526038071,2026-09-15T14:55:28.245718,14,474ccba59d18cf70
1751693066038017,2026-09-15T14:55:28.245718,14,474ccba59d18cf70
1751708562703134,2026-09-15T14:55:28.245718,14,474ccba59d18cf70
1751708869369770,2026-09-15T14:55:28.245718,14,474ccba59d18cf70
1751782882695702,2026-09-15T14:55:28.245718,14,474ccba59d18cf70
1751783959362261,2026-09-15T14:55:28.245718,14,474ccba59d18cf70
1751943469346310,2026-09-15T14:55:28.245718,14,474ccba59d18cf70
1752109032663087,2026-09-15T14:55:28.245718,14,474ccba59d18cf70
1752584789282178,2026-09-15T14:55:28.245718,14,474ccba59d18cf70
1751665759374081,2026-09-15T14:55:28.245718,14,474ccba59d18cf70
1751666516040672,2026-09-15T14:55:28.245718,14,474ccba59d18cf70
1751671252706865,2026-09-15T14:55:28.245718,14,474ccba59d18cf70
1751680082705982,2026-09-15T14:55:28.245718,14,474ccba59d18cf70
1751680692705921,2026-09-15T14:55:28.245718,14,474ccba59d18cf70
1751692652704725,2026-09-15T14:55:28.245718,14,474ccba59d18cf70
1751694582704532,2026-09-15T14:55:28.245718,14,474ccba59d18cf70
1751702182703772,2026-09-15T14:55:28.245718,14,474ccba59d18cf70
1751716929368964,2026-09-15T14:55:28.245718,14,474ccba59d18cf70
1751728419367815,2026-09-15T14:55:28.245718,14,474ccba59d18cf70
1752585462615444,2026-09-15T14:55:28.245718,14,474ccba59d18cf70
1751693162704674,2026-09-15T14:55:28.245718,14,474ccba59d18cf70
1751739322700058,2026-09-15T14:55:28.245718,14,474ccba59d18cf70
1751742272699763,2026-09-15T14:55:28.245718,14,474ccba59d18cf70
1751789722695018,2026-09-15T14:55:28.245718,14,474ccba59d18cf70
1751810302692960,2026-09-15T14:55:28.245718,14,474ccba59d18cf70
1751811436026180,2026-09-15T14:55:28.245718,14,474ccba59d18cf70
1751704682703522,2026-09-15T14:55:28.245718,14,474ccba59d18cf70
1751704726036851,2026-09-15T14:55:28.245718,14,474ccba59d18cf70
1751721942701796,2026-09-15T14:55:28.245718,14,474ccba59d18cf70
1751738706033453,2026-09-15T14:55:28.245718,14,474ccba59d18cf70
1751789959361661,2026-09-15T14:55:28.245718,14,474ccba59d18cf70
1751795769361080,2026-09-15T14:55:28.245718,14,474ccba59d18cf70
1751796159361041,2026-09-15T14:55:28.245718,14,474ccba59d18cf70
1751803989360258,2026-09-15T14:55:28.245718,14,474ccba59d18cf70
1751830849357572,2026-09-15T14:55:28.245718,14,474ccba59d18cf70
1752174665989857,2026-09-15T14:55:28.245718,14,474ccba59d18cf70
1752578599282797,2026-09-15T14:55:28.245718,14,474ccba59d18cf70
1752588362615154,2026-09-15T14:55:28.245718,14,474ccba59d18cf70
1753262049214452,2026-09-15T14:55:28.245718,14,474ccba59d18cf70
1753285429212114,2026-09-15T14:55:28.245718,14,474ccba59d18cf70
1755799675627356,2026-09-15T14:55:28.245718,14,474ccba59d18cf70
1756609722213018,2026-09-15T14:55:28.245718,14,474ccba59d18cf70
1751711102702880,2026-09-15T14:55:28.245718,14,474ccba59d18cf70
1751720979368559,2026-09-15T14:55:28.245718,14,474ccba59d18cf70
1751747262699264,2026-09-15T14:55:28.245718,14,474ccba59d18cf70
1751836176023706,2026-09-15T14:55:28.245718,14,474ccba59d18cf70
1751906242683366,2026-09-15T14:55:28.245718,14,474ccba59d18cf70
1752175482656442,2026-09-15T14:55:28.245718,14,474ccba59d18cf70
1752578809282776,2026-09-15T14:55:28.245718,14,474ccba59d18cf70
1751704409370216,2026-09-15T14:55:28.245718,14,474ccba59d18cf70
1751708252703165,2026-09-15T14:55:28.245718,14,474ccba59d18cf70
1751709089369748,2026-09-15T14:55:28.245718,14,474ccba59d18cf70
1751711399369517,2026-09-15T14:55:28.245718,14,474ccba59d18cf70
1751712009369456,2026-09-15T14:55:28.245718,14,474ccba59d18cf70
1751719372702053,2026-09-15T14:55:28.245718,14,474ccba59d18cf70
1751730652700925,2026-09-15T14:55:28.245718,14,474ccba59d18cf70
1751735216033802,2026-09-15T14:55:28.245718,14,474ccba59d18cf70
1751737872700203,2026-09-15T14:55:28.245718,14,474ccba59d18cf70
1751746712699319,2026-09-15T14:55:28.245718,14,474ccba59d18cf70
1751837656023558,2026-09-15T14:55:28.245718,14,474ccba59d18cf70
1751905406016783,2026-09-15T14:55:28.245718,14,474ccba59d18cf70
1751905866016737,2026-09-15T14:55:28.245718,14,474ccba59d18cf70
1752110802662910,2026-09-15T14:55:28.245718,14,474ccba59d18cf70
1752163459324311,2026-09-15T14:55:28.245718,14,474ccba59d18cf70
1752580245949299,2026-09-15T14:55:28.245718,14,474ccba59d18cf70
1751717109368946,2026-09-15T14:55:28.245718,14,474ccba59d18cf70
1751788199361837,2026-09-15T14:55:28.245718,14,474ccba59d18cf70
1751788902695100,2026-09-15T14:55:28.245718,14,474ccba59d18cf70
1751789076028416,2026-09-15T14:55:28.245718,14,474ccba59d18cf70
1751795046027819,2026-09-15T14:55:28.245718,14,474ccba59d18cf70
1751823212691669,2026-09-15T14:55:28.245718,14,474ccba59d18cf70
1751916536015670,2026-09-15T14:55:28.245718,14,474ccba59d18cf70
1751969229343734,2026-09-15T14:55:28.245718,14,474ccba59d18cf70
1752121079328549,2026-09-15T14:55:28.245718,14,474ccba59d18cf70
1752160135991310,2026-09-15T14:55:28.245718,14,474ccba59d18cf70
1752334599307197,2026-09-15T14:55:28.245718,14,474ccba59d18cf70
1752334629307194,2026-09-15T14:55:28.245718,14,474ccba59d18cf70
1752576622616328,2026-09-15T14:55:28.245718,14,474ccba59d18cf70
1752580452615945,2026-09-15T14:55:28.245718,14,474ccba59d18cf70
1751751642698826,2026-09-15T14:55:28.245718,14,474ccba59d18cf70
1751756606031663,2026-09-15T14:55:28.245718,14,474ccba59d18cf70
1751761176031206,2026-09-15T14:55:28.245718,14,474ccba59d18cf70
1751763566030967,2026-09-15T14:55:28.245718,14,474ccba59d18cf70
1751776646029659,2026-09-15T14:55:28.245718,14,474ccba59d18cf70
1751785899362067,2026-09-15T14:55:28.245718,14,474ccba59d18cf70
1751826882691302,2026-09-15T14:55:28.245718,14,474ccba59d18cf70
1751837296023594,2026-09-15T14:55:28.245718,14,474ccba59d18cf70
1751844996022824,2026-09-15T14:55:28.245718,14,474ccba59d18cf70
1751859699354687,2026-09-15T14:55:28.245718,14,474ccba59d18cf70
1751868762687114,2026-09-15T14:55:28.245718,14,474ccba59d18cf70
1751898019350855,2026-09-15T14:55:28.245718,14,474ccba59d18cf70
1751919259348731,2026-09-15T14:55:28.245718,14,474ccba59d18cf70
1751927766014547,2026-09-15T14:55:28.245718,14,474ccba59d18cf70
1751937426013581,2026-09-15T14:55:28.245718,14,474ccba59d18cf70
1751950442678946,2026-09-15T14:55:28.245718,14,474ccba59d18cf70
1751962329344424,2026-09-15T14:55:28.245718,14,474ccba59d18cf70
1752174135989910,2026-09-15T14:55:28.245718,14,474ccba59d18cf70
1752182735989050,2026-09-15T14:55:28.245718,14,474ccba59d18cf70
1751752646032059,2026-09-15T14:55:28.245718,14,474ccba59d18cf70
1751756549365002,2026-09-15T14:55:28.245718,14,474ccba59d18cf70
1751760776031246,2026-09-15T14:55:28.245718,14,474ccba59d18cf70
1751770849363572,2026-09-15T14:55:28.245718,14,474ccba59d18cf70
1751771259363531,2026-09-15T14:55:28.245718,14,474ccba59d18cf70
1751771486030175,2026-09-15T14:55:28.245718,14,474ccba59d18cf70
1751772066030117,2026-09-15T14:55:28.245718,14,474ccba59d18cf70
1751783912695599,2026-09-15T14:55:28.245718,14,474ccba59d18cf70
1751834186023905,2026-09-15T14:55:28.245718,14,474ccba59d18cf70
1751902666017057,2026-09-15T14:55:28.245718,14,474ccba59d18cf70
1751908802683110,2026-09-15T14:55:28.245718,14,474ccba59d18cf70
1752161532657837,2026-09-15T14:55:28.245718,14,474ccba59d18cf70
1752577925949531,2026-09-15T14:55:28.245718,14,474ccba59d18cf70
1751752632698727,2026-09-15T14:55:28.245718,14,474ccba59d18cf70
1751764836030840,2026-09-15T14:55:28.245718,14,474ccba59d18cf70
1751765636030760,2026-09-15T14:55:28.245718,14,474ccba59d18cf70
1751775029363154,2026-09-15T14:55:28.245718,14,474ccba59d18cf70
1751778026029521,2026-09-15T14:55:28.245718,14,474ccba59d18cf70
1751781102695880,2026-09-15T14:55:28.245718,14,474ccba59d18cf70
1751783259362331,2026-09-15T14:55:28.245718,14,474ccba59d18cf70
1751786519362005,2026-09-15T14:55:28.245718,14,474ccba59d18cf70
1751829339357723,2026-09-15T14:55:28.245718,14,474ccba59d18cf70
1751835806023743,2026-09-15T14:55:28.245718,14,474ccba59d18cf70
1751902692683721,2026-09-15T14:55:28.245718,14,474ccba59d18cf70
1752176689322988,2026-09-15T14:55:28.245718,14,474ccba59d18cf70
1752578355949488,2026-09-15T14:55:28.245718,14,474ccba59d18cf70
1752786145928709,2026-09-15T14:55:28.245718,14,474ccba59d18cf70
1752790669261590,2026-09-15T14:55:28.245718,14,474ccba59d18cf70
1751766846030639,2026-09-15T14:55:28.245718,14,474ccba59d18cf70
1751782666029057,2026-09-15T14:55:28.245718,14,474ccba59d18cf70
1751822182691772,2026-09-15T14:55:28.245718,14,474ccba59d18cf70
1751833799357277,2026-09-15T14:55:28.245718,14,474ccba59d18cf70
1751969019343755,2026-09-15T14:55:28.245718,14,474ccba59d18cf70
1752108489329808,2026-09-15T14:55:28.245718,14,474ccba59d18cf70
1752168002657190,2026-09-15T14:55:28.245718,14,474ccba59d18cf70
1752576385949685,2026-09-15T14:55:28.245718,14,474ccba59d18cf70
1751922556015068,2026-09-15T14:55:28.245718,14,474ccba59d18cf70
1752173402656650,2026-09-15T14:55:28.245718,14,474ccba59d18cf70
1752184872655503,2026-09-15T14:55:28.245718,14,474ccba59d18cf70
1752566055950718,2026-09-15T14:55:28.245718,14,474ccba59d18cf70
1751924392681551,2026-09-15T14:55:28.245718,14,474ccba59d18cf70
1751965782677412,2026-09-15T14:55:28.245718,14,474ccba59d18cf70
1751971282676862,2026-09-15T14:55:28.245718,14,474ccba59d18cf70
1751980899342567,2026-09-15T14:55:28.245718,14,474ccba59d18cf70
1751981122675878,2026-09-15T14:55:28.245718,14,474ccba59d18cf70
1751984902675500,2026-09-15T14:55:28.245718,14,474ccba59d18cf70
1752019256005398,2026-09-15T14:55:28.245718,14,474ccba59d18cf70
1752035322670458,2026-09-15T14:55:28.245718,14,474ccba59d18cf70
1752044899336167,2026-09-15T14:55:28.245718,14,474ccba59d18cf70
1752107975996526,2026-09-15T14:55:28.245718,14,474ccba59d18cf70
1752168462657144,2026-09-15T14:55:28.245718,14,474ccba59d18cf70
1751907672683223,2026-09-15T14:55:28.245718,14,474ccba59d18cf70
1751908096016514,2026-09-15T14:55:28.245718,14,474ccba59d18cf70
1751909692683021,2026-09-15T14:55:28.245718,14,474ccba59d18cf70
1751910056016318,2026-09-15T14:55:28.245718,14,474ccba59d18cf70
1751914572682533,2026-09-15T14:55:28.245718,14,474ccba59d18cf70
1751915442682446,2026-09-15T14:55:28.245718,14,474ccba59d18cf70
1751915792682411,2026-09-15T14:55:28.245718,14,474ccba59d18cf70
1751917892682201,2026-09-15T14:55:28.245718,14,474ccba59d18cf70
1751918792682111,2026-09-15T14:55:28.245718,14,474ccba59d18cf70
1751924576014866,2026-09-15T14:55:28.245718,14,474ccba59d18cf70
1751927962681194,2026-09-15T14:55:28.245718,14,474ccba59d18cf70
1751928026014521,2026-09-15T14:55:28.245718,14,474ccba59d18cf70
1751934736013850,2026-09-15T14:55:28.245718,14,474ccba59d18cf70
1751941156013208,2026-09-15T14:55:28.245718,14,474ccba59d18cf70
1751941702679820,2026-09-15T14:55:28.245718,14,474ccba59d18cf70
1751942372679753,2026-09-15T14:55:28.245718,14,474ccba59d18cf70
1751957619344895,2026-09-15T14:55:28.245718,14,474ccba59d18cf70
1751958642678126,2026-09-15T14:55:28.245718,14,474ccba59d18cf70
1751963859344271,2026-09-15T14:55:28.245718,14,474ccba59d18cf70
1751985359342121,2026-09-15T14:55:28.245718,14,474ccba59d18cf70
1752014519339205,2026-09-15T14:55:28.245718,14,474ccba59d18cf70
1752020839338573,2026-09-15T14:55:28.245718,14,474ccba59d18cf70
1752033229337334,2026-09-15T14:55:28.245718,14,474ccba59d18cf70
1752042659336391,2026-09-15T14:55:28.245718,14,474ccba59d18cf70
1752053879335269,2026-09-15T14:55:28.245718,14,474ccba59d18cf70
1752098545997469,2026-09-15T14:55:28.245718,14,474ccba59d18cf70
1752099289330728,2026-09-15T14:55:28.245718,14,474ccba59d18cf70
1752157112658279,2026-09-15T14:55:28.245718,14,474ccba59d18cf70
1752159435991380,2026-09-15T14:55:28.245718,14,474ccba59d18cf70
1752183812655609,2026-09-15T14:55:28.245718,14,474ccba59d18cf70
1752367355970588,2026-09-15T14:55:28.245718,14,474ccba59d18cf70
1752416032632387,2026-09-15T14:55:28.245718,14,474ccba59d18cf70
1752416485965675,2026-09-15T14:55:28.245718,14,474ccba59d18cf70
1752427712631219,2026-09-15T14:55:28.245718,14,474ccba59d18cf70
1752567772617213,2026-09-15T14:55:28.245718,14,474ccba59d18cf70
1752610192612971,2026-09-15T14:55:28.245718,14,474ccba59d18cf70
1752632712610719,2026-09-15T14:55:28.245718,14,474ccba59d18cf70
1752666049274052,2026-09-15T14:55:28.245718,14,474ccba59d18cf70
1752696899270967,2026-09-15T14:55:28.245718,14,474ccba59d18cf70
1752697892604201,2026-09-15T14:55:28.245718,14,474ccba59d18cf70
1752757935931530,2026-09-15T14:55:28.245718,14,474ccba59d18cf70
1752934429247214,2026-09-15T14:55:28.245718,14,474ccba59d18cf70
1753288452545145,2026-09-15T14:55:28.245718,14,474ccba59d18cf70
1751907302683260,2026-09-15T14:55:28.245718,14,474ccba59d18cf70
1751907999349857,2026-09-15T14:55:28.245718,14,474ccba59d18cf70
1751909179349739,2026-09-15T14:55:28.245718,14,474ccba59d18cf70
1751910322682958,2026-09-15T14:55:28.245718,14,474ccba59d18cf70
1751913539349303,2026-09-15T14:55:28.245718,14,474ccba59d18cf70
1751914422682548,2026-09-15T14:55:28.245718,14,474ccba59d18cf70
1751915046015819,2026-09-15T14:55:28.245718,14,474ccba59d18cf70
1751915252682465,2026-09-15T14:55:28.245718,14,474ccba59d18cf70
1751915566015767,2026-09-15T14:55:28.245718,14,474ccba59d18cf70
1751916826015641,2026-09-15T14:55:28.245718,14,474ccba59d18cf70
1751917002682290,2026-09-15T14:55:28.245718,14,474ccba59d18cf70
1751917249348932,2026-09-15T14:55:28.245718,14,474ccba59d18cf70
1751917289348928,2026-09-15T14:55:28.245718,14,474ccba59d18cf70
1751917442682246,2026-09-15T14:55:28.245718,14,474ccba59d18cf70
1751920472681943,2026-09-15T14:55:28.245718,14,474ccba59d18cf70
1751920896015234,2026-09-15T14:55:28.245718,14,474ccba59d18cf70
1751927959347861,2026-09-15T14:55:28.245718,14,474ccba59d18cf70
1751928506014473,2026-09-15T14:55:28.245718,14,474ccba59d18cf70
1751928792681111,2026-09-15T14:55:28.245718,14,474ccba59d18cf70
1751929012681089,2026-09-15T14:55:28.245718,14,474ccba59d18cf70
1751930192680971,2026-09-15T14:55:28.245718,14,474ccba59d18cf70
1751930686014255,2026-09-15T14:55:28.245718,14,474ccba59d18cf70
1751939572680033,2026-09-15T14:55:28.245718,14,474ccba59d18cf70
1751983432675647,2026-09-15T14:55:28.245718,14,474ccba59d18cf70
1752001249340532,2026-09-15T14:55:28.245718,14,474ccba59d18cf70
1752006586006665,2026-09-15T14:55:28.245718,14,474ccba59d18cf70
1752172152656775,2026-09-15T14:55:28.245718,14,474ccba59d18cf70
1752405035966820,2026-09-15T14:55:28.245718,14,474ccba59d18cf70
1752412552632735,2026-09-15T14:55:28.245718,14,474ccba59d18cf70
1752454879295169,2026-09-15T14:55:28.245718,14,474ccba59d18cf70
1752485105958813,2026-09-15T14:55:28.245718,14,474ccba59d18cf70
1752568795950444,2026-09-15T14:55:28.245718,14,474ccba59d18cf70
1752578912616099,2026-09-15T14:55:28.245718,14,474ccba59d18cf70
1752639952609995,2026-09-15T14:55:28.245718,14,474ccba59d18cf70
1752662422607748,2026-09-15T14:55:28.245718,14,474ccba59d18cf70
1752690499271607,2026-09-15T14:55:28.245718,14,474ccba59d18cf70
1752736742600316,2026-09-15T14:55:28.245718,14,474ccba59d18cf70
1753407955866528,2026-09-15T14:55:28.245718,14,474ccba59d18cf70
1753414355865888,2026-09-15T14:55:28.245718,14,474ccba59d18cf70
1753418702532120,2026-09-15T14:55:28.245718,14,474ccba59d18cf70
1753607359179921,2026-09-15T14:55:28.245718,14,474ccba59d18cf70
1753676842506306,2026-09-15T14:55:28.245718,14,474ccba59d18cf70
1753796232494367,2026-09-15T14:55:28.245718,14,474ccba59d18cf70
1751906542683336,2026-09-15T14:55:28.245718,14,474ccba59d18cf70
1751912662682724,2026-09-15T14:55:28.245718,14,474ccba59d18cf70
1751912949349362,2026-09-15T14:55:28.245718,14,474ccba59d18cf70
1751913349349322,2026-09-15T14:55:28.245718,14,474ccba59d18cf70
1751936859346971,2026-09-15T14:55:28.245718,14,474ccba59d18cf70
1751945789346078,2026-09-15T14:55:28.245718,14,474ccba59d18cf70
1751951526012171,2026-09-15T14:55:28.245718,14,474ccba59d18cf70
1751967726010551,2026-09-15T14:55:28.245718,14,474ccba59d18cf70
1751970452676945,2026-09-15T14:55:28.245718,14,474ccba59d18cf70
1752003116007012,2026-09-15T14:55:28.245718,14,474ccba59d18cf70
1752012036006120,2026-09-15T14:55:28.245718,14,474ccba59d18cf70
1752012762672714,2026-09-15T14:55:28.245718,14,474ccba59d18cf70
1752047562669234,2026-09-15T14:55:28.245718,14,474ccba59d18cf70
1752054442668546,2026-09-15T14:55:28.245718,14,474ccba59d18cf70
1752058032668187,2026-09-15T14:55:28.245718,14,474ccba59d18cf70
1752097942664196,2026-09-15T14:55:28.245718,14,474ccba59d18cf70
1752571229283534,2026-09-15T14:55:28.245718,14,474ccba59d18cf70
1751916386015685,2026-09-15T14:55:28.245718,14,474ccba59d18cf70
1751930202680970,2026-09-15T14:55:28.245718,14,474ccba59d18cf70
1751931569347500,2026-09-15T14:55:28.245718,14,474ccba59d18cf70
1751937142680276,2026-09-15T14:55:28.245718,14,474ccba59d18cf70
1751952276012096,2026-09-15T14:55:28.245718,14,474ccba59d18cf70
1751968356010488,2026-09-15T14:55:28.245718,14,474ccba59d18cf70
1751986142675376,2026-09-15T14:55:28.245718,14,474ccba59d18cf70
1752001649340492,2026-09-15T14:55:28.245718,14,474ccba59d18cf70
1752008112673179,2026-09-15T14:55:28.245718,14,474ccba59d18cf70
1752049042669086,2026-09-15T14:55:28.245718,14,474ccba59d18cf70
1752100095997314,2026-09-15T14:55:28.245718,14,474ccba59d18cf70
1752318742642116,2026-09-15T14:55:28.245718,14,474ccba59d18cf70
1752337672640223,2026-09-15T14:55:28.245718,14,474ccba59d18cf70
1752340075973316,2026-09-15T14:55:28.245718,14,474ccba59d18cf70
1752575645949759,2026-09-15T14:55:28.245718,14,474ccba59d18cf70
1752612512612739,2026-09-15T14:55:28.245718,14,474ccba59d18cf70
1752616905945633,2026-09-15T14:55:28.245718,14,474ccba59d18cf70
1752634502610540,2026-09-15T14:55:28.245718,14,474ccba59d18cf70
1752664722607518,2026-09-15T14:55:28.245718,14,474ccba59d18cf70
1752698365937487,2026-09-15T14:55:28.245718,14,474ccba59d18cf70
1751931292680861,2026-09-15T14:55:28.245718,14,474ccba59d18cf70
1751931746014149,2026-09-15T14:55:28.245718,14,474ccba59d18cf70
1751931819347475,2026-09-15T14:55:28.245718,14,474ccba59d18cf70
1751945092679481,2026-09-15T14:55:28.245718,14,474ccba59d18cf70
1751949672679023,2026-09-15T14:55:28.245718,14,474ccba59d18cf70
1751951652678825,2026-09-15T14:55:28.245718,14,474ccba59d18cf70
1751964712677519,2026-09-15T14:55:28.245718,14,474ccba59d18cf70
1752004412673549,2026-09-15T14:55:28.245718,14,474ccba59d18cf70
1752051426002181,2026-09-15T14:55:28.245718,14,474ccba59d18cf70
1752064432667547,2026-09-15T14:55:28.245718,14,474ccba59d18cf70
1752064586000865,2026-09-15T14:55:28.245718,14,474ccba59d18cf70
1752095139331143,2026-09-15T14:55:28.245718,14,474ccba59d18cf70
1752316592642331,2026-09-15T14:55:28.245718,14,474ccba59d18cf70
1752565002617490,2026-09-15T14:55:28.245718,14,474ccba59d18cf70
1752788592595131,2026-09-15T14:55:28.245718,14,474ccba59d18cf70
1751937736013550,2026-09-15T14:55:28.245718,14,474ccba59d18cf70
1751946586012665,2026-09-15T14:55:28.245718,14,474ccba59d18cf70
1751946996012624,2026-09-15T14:55:28.245718,14,474ccba59d18cf70
1751957812678209,2026-09-15T14:55:28.245718,14,474ccba59d18cf70
1751974732676517,2026-09-15T14:55:28.245718,14,474ccba59d18cf70
1752002149340442,2026-09-15T14:55:28.245718,14,474ccba59d18cf70
1752108185996505,2026-09-15T14:55:28.245718,14,474ccba59d18cf70
1752389502635040,2026-09-15T14:55:28.245718,14,474ccba59d18cf70
1752565172617473,2026-09-15T14:55:28.245718,14,474ccba59d18cf70
1752696492604341,2026-09-15T14:55:28.245718,14,474ccba59d18cf70
1754644119076245,2026-09-15T14:55:28.245718,14,474ccba59d18cf70
1752581139282543,2026-09-15T14:55:28.245718,14,474ccba59d18cf70
1752718075935516,2026-09-15T14:55:28.245718,14,474ccba59d18cf70
1752736852600305,2026-09-15T14:55:28.245718,14,474ccba59d18cf70
1755323645674959,2026-09-15T14:55:28.245718,14,474ccba59d18cf70
1755489785658345,2026-09-15T14:55:28.245718,14,474ccba59d18cf70
1751974622676528,2026-09-15T14:55:28.245718,14,474ccba59d18cf70
1751975106009813,2026-09-15T14:55:28.245718,14,474ccba59d18cf70
1755071599033497,2026-09-15T14:55:28.245718,14,474ccba59d18cf70
1751997042674286,2026-09-15T14:55:28.245718,14,474ccba59d18cf70
1752494382624552,2026-09-15T14:55:28.245718,14,474ccba59d18cf70
1752640799276577,2026-09-15T14:55:28.245718,14,474ccba59d18cf70
1752659879274669,2026-09-15T14:55:28.245718,14,474ccba59d18cf70
1752375009303156,2026-09-15T14:55:28.245718,14,474ccba59d18cf70
1752375105969813,2026-09-15T14:55:28.245718,14,474ccba59d18cf70
1752383295968994,2026-09-15T14:55:28.245718,14,474ccba59d18cf70
1752384015968922,2026-09-15T14:55:28.245718,14,474ccba59d18cf70
1752384142635576,2026-09-15T14:55:28.245718,14,474ccba59d18cf70
1752387302635260,2026-09-15T14:55:28.245718,14,474ccba59d18cf70
1752399035967420,2026-09-15T14:55:28.245718,14,474ccba59d18cf70
1752417685965555,2026-09-15T14:55:28.245718,14,474ccba59d18cf70
1752422345965089,2026-09-15T14:55:28.245718,14,474ccba59d18cf70
1752431059297551,2026-09-15T14:55:28.245718,14,474ccba59d18cf70
1752486185958705,2026-09-15T14:55:28.245718,14,474ccba59d18cf70
1752563859284271,2026-09-15T14:55:28.245718,14,474ccba59d18cf70
1752580629282594,2026-09-15T14:55:28.245718,14,474ccba59d18cf70
1752580679282589,2026-09-15T14:55:28.245718,14,474ccba59d18cf70
1752375525969771,2026-09-15T14:55:28.245718,14,474ccba59d18cf70
1752377392636251,2026-09-15T14:55:28.245718,14,474ccba59d18cf70
1752378062636184,2026-09-15T14:55:28.245718,14,474ccba59d18cf70
1752378152636175,2026-09-15T14:55:28.245718,14,474ccba59d18cf70
1752379352636055,2026-09-15T14:55:28.245718,14,474ccba59d18cf70
1752379522636038,2026-09-15T14:55:28.245718,14,474ccba59d18cf70
1752385765968747,2026-09-15T14:55:28.245718,14,474ccba59d18cf70
1752386922635298,2026-09-15T14:55:28.245718,14,474ccba59d18cf70
1752391069301550,2026-09-15T14:55:28.245718,14,474ccba59d18cf70
1752391179301539,2026-09-15T14:55:28.245718,14,474ccba59d18cf70
1752399265967397,2026-09-15T14:55:28.245718,14,474ccba59d18cf70
1752405962633394,2026-09-15T14:55:28.245718,14,474ccba59d18cf70
1752409252633065,2026-09-15T14:55:28.245718,14,474ccba59d18cf70
1752416575965666,2026-09-15T14:55:28.245718,14,474ccba59d18cf70
1752419105965413,2026-09-15T14:55:28.245718,14,474ccba59d18cf70
1752420169298640,2026-09-15T14:55:28.245718,14,474ccba59d18cf70
1752421699298487,2026-09-15T14:55:28.245718,14,474ccba59d18cf70
1752422729298384,2026-09-15T14:55:28.245718,14,474ccba59d18cf70
1752425625964761,2026-09-15T14:55:28.245718,14,474ccba59d18cf70
1752500152623975,2026-09-15T14:55:28.245718,14,474ccba59d18cf70
1752564515950872,2026-09-15T14:55:28.245718,14,474ccba59d18cf70
1752641952609795,2026-09-15T14:55:28.245718,14,474ccba59d18cf70
1753067352567255,2026-09-15T14:55:28.245718,14,474ccba59d18cf70
1752430035964320,2026-09-15T14:55:28.245718,14,474ccba59d18cf70
1752430409297616,2026-09-15T14:55:28.245718,14,474ccba59d18cf70
1752431102630880,2026-09-15T14:55:28.245718,14,474ccba59d18cf70
1752431622630828,2026-09-15T14:55:28.245718,14,474ccba59d18cf70
1752447632629227,2026-09-15T14:55:28.245718,14,474ccba59d18cf70
1752452162628774,2026-09-15T14:55:28.245718,14,474ccba59d18cf70
1752470522626938,2026-09-15T14:55:28.245718,14,474ccba59d18cf70
1752476775959646,2026-09-15T14:55:28.245718,14,474ccba59d18cf70
1752561802617810,2026-09-15T14:55:28.245718,14,474ccba59d18cf70
1752564799284177,2026-09-15T14:55:28.245718,14,474ccba59d18cf70
1752666339274023,2026-09-15T14:55:28.245718,14,474ccba59d18cf70
1752671799273477,2026-09-15T14:55:28.245718,14,474ccba59d18cf70
1752454539295203,2026-09-15T14:55:28.245718,14,474ccba59d18cf70
1752563649284292,2026-09-15T14:55:28.245718,14,474ccba59d18cf70
1752514555955868,2026-09-15T14:55:28.245718,14,474ccba59d18cf70
1752517159288941,2026-09-15T14:55:28.245718,14,474ccba59d18cf70
1752525219288135,2026-09-15T14:55:28.245718,14,474ccba59d18cf70
1752534982620492,2026-09-15T14:55:28.245718,14,474ccba59d18cf70
1752536175953706,2026-09-15T14:55:28.245718,14,474ccba59d18cf70
1752560292617961,2026-09-15T14:55:28.245718,14,474ccba59d18cf70
1752573279283329,2026-09-15T14:55:28.245718,14,474ccba59d18cf70
1752596249281032,2026-09-15T14:55:28.245718,14,474ccba59d18cf70
1752693162604674,2026-09-15T14:55:28.245718,14,474ccba59d18cf70
1753057619234895,2026-09-15T14:55:28.245718,14,474ccba59d18cf70
1753380242535966,2026-09-15T14:55:28.245718,14,474ccba59d18cf70
1752514505955873,2026-09-15T14:55:28.245718,14,474ccba59d18cf70
1752517399288917,2026-09-15T14:55:28.245718,14,474ccba59d18cf70
1752520592621931,2026-09-15T14:55:28.245718,14,474ccba59d18cf70
1752529695954354,2026-09-15T14:55:28.245718,14,474ccba59d18cf70
1752529849287672,2026-09-15T14:55:28.245718,14,474ccba59d18cf70
1752530419287615,2026-09-15T14:55:28.245718,14,474ccba59d18cf70
1752535032620487,2026-09-15T14:55:28.245718,14,474ccba59d18cf70
1752536259287031,2026-09-15T14:55:28.245718,14,474ccba59d18cf70
1752542055953118,2026-09-15T14:55:28.245718,14,474ccba59d18cf70
1752560505951273,2026-09-15T14:55:28.245718,14,474ccba59d18cf70
1752564465950877,2026-09-15T14:55:28.245718,14,474ccba59d18cf70
1752590675948256,2026-09-15T14:55:28.245718,14,474ccba59d18cf70
1752594222614568,2026-09-15T14:55:28.245718,14,474ccba59d18cf70
1752596949280962,2026-09-15T14:55:28.245718,14,474ccba59d18cf70
1752597779280879,2026-09-15T14:55:28.245718,14,474ccba59d18cf70
1752598295947494,2026-09-15T14:55:28.245718,14,474ccba59d18cf70
1752607202613270,2026-09-15T14:55:28.245718,14,474ccba59d18cf70
1752620949278562,2026-09-15T14:55:28.245718,14,474ccba59d18cf70
1752644519276205,2026-09-15T14:55:28.245718,14,474ccba59d18cf70
1752658862608104,2026-09-15T14:55:28.245718,14,474ccba59d18cf70
1752659455941378,2026-09-15T14:55:28.245718,14,474ccba59d18cf70
1752700955937228,2026-09-15T14:55:28.245718,14,474ccba59d18cf70
1752723515934972,2026-09-15T14:55:28.245718,14,474ccba59d18cf70
1753061505901173,2026-09-15T14:55:28.245718,14,474ccba59d18cf70
1752519089288748,2026-09-15T14:55:28.245718,14,474ccba59d18cf70
1752526615954662,2026-09-15T14:55:28.245718,14,474ccba59d18cf70
1752535335953790,2026-09-15T14:55:28.245718,14,474ccba59d18cf70
1752539519286705,2026-09-15T14:55:28.245718,14,474ccba59d18cf70
1752543139286343,2026-09-15T14:55:28.245718,14,474ccba59d18cf70
1752543639286293,2026-09-15T14:55:28.245718,14,474ccba59d18cf70
1752543905952933,2026-09-15T14:55:28.245718,14,474ccba59d18cf70
1752586149282042,2026-09-15T14:55:28.245718,14,474ccba59d18cf70
1753063929234264,2026-09-15T14:55:28.245718,14,474ccba59d18cf70
1753317872542203,2026-09-15T14:55:28.245718,14,474ccba59d18cf70
1752517969288860,2026-09-15T14:55:28.245718,14,474ccba59d18cf70
1752518279288829,2026-09-15T14:55:28.245718,14,474ccba59d18cf70
1752520822621908,2026-09-15T14:55:28.245718,14,474ccba59d18cf70
1752521379288519,2026-09-15T14:55:28.245718,14,474ccba59d18cf70
1752521455955178,2026-09-15T14:55:28.245718,14,474ccba59d18cf70
1752521609288496,2026-09-15T14:55:28.245718,14,474ccba59d18cf70
1752528662621124,2026-09-15T14:55:28.245718,14,474ccba59d18cf70
1752528779287779,2026-09-15T14:55:28.245718,14,474ccba59d18cf70
1752528849287772,2026-09-15T14:55:28.245718,14,474ccba59d18cf70
1752533635953960,2026-09-15T14:55:28.245718,14,474ccba59d18cf70
1752535169287140,2026-09-15T14:55:28.245718,14,474ccba59d18cf70
1752535729287084,2026-09-15T14:55:28.245718,14,474ccba59d18cf70
1752544142619576,2026-09-15T14:55:28.245718,14,474ccba59d18cf70
1752559622618028,2026-09-15T14:55:28.245718,14,474ccba59d18cf70
1752560225951301,2026-09-15T14:55:28.245718,14,474ccba59d18cf70
1752560519284605,2026-09-15T14:55:28.245718,14,474ccba59d18cf70
1752560999284557,2026-09-15T14:55:28.245718,14,474ccba59d18cf70
1752561342617856,2026-09-15T14:55:28.245718,14,474ccba59d18cf70
1752587059281951,2026-09-15T14:55:28.245718,14,474ccba59d18cf70
1752592809281376,2026-09-15T14:55:28.245718,14,474ccba59d18cf70
1752598385947485,2026-09-15T14:55:28.245718,14,474ccba59d18cf70
1752598575947466,2026-09-15T14:55:28.245718,14,474ccba59d18cf70
1752605889280068,2026-09-15T14:55:28.245718,14,474ccba59d18cf70
1752631219277535,2026-09-15T14:55:28.245718,14,474ccba59d18cf70
1752631352610855,2026-09-15T14:55:28.245718,14,474ccba59d18cf70
1752631489277508,2026-09-15T14:55:28.245718,14,474ccba59d18cf70
1752644842609506,2026-09-15T14:55:28.245718,14,474ccba59d18cf70
1752656002608390,2026-09-15T14:55:28.245718,14,474ccba59d18cf70
1752665365940787,2026-09-15T14:55:28.245718,14,474ccba59d18cf70
1752665769274080,2026-09-15T14:55:28.245718,14,474ccba59d18cf70
1752666499274007,2026-09-15T14:55:28.245718,14,474ccba59d18cf70
1752666912607299,2026-09-15T14:55:28.245718,14,474ccba59d18cf70
1752675262606464,2026-09-15T14:55:28.245718,14,474ccba59d18cf70
1752689749271682,2026-09-15T14:55:28.245718,14,474ccba59d18cf70
1753285875878736,2026-09-15T14:55:28.245718,14,474ccba59d18cf70
1753290989211558,2026-09-15T14:55:28.245718,14,474ccba59d18cf70
1753291062544884,2026-09-15T14:55:28.245718,14,474ccba59d18cf70
1753309015876422,2026-09-15T14:55:28.245718,14,474ccba59d18cf70
1753343349206322,2026-09-15T14:55:28.245718,14,474ccba59d18cf70
1753533255853998,2026-09-15T14:55:28.245718,14,474ccba59d18cf70
1752573952616595,2026-09-15T14:55:28.245718,14,474ccba59d18cf70
1752575449283112,2026-09-15T14:55:28.245718,14,474ccba59d18cf70
1752575702616420,2026-09-15T14:55:28.245718,14,474ccba59d18cf70
1752577519282905,2026-09-15T14:55:28.245718,14,474ccba59d18cf70
1752580155949308,2026-09-15T14:55:28.245718,14,474ccba59d18cf70
1752581289282528,2026-09-15T14:55:28.245718,14,474ccba59d18cf70
1752581929282464,2026-09-15T14:55:28.245718,14,474ccba59d18cf70
1752584545948869,2026-09-15T14:55:28.245718,14,474ccba59d18cf70
1752586589281998,2026-09-15T14:55:28.245718,14,474ccba59d18cf70
1752587649281892,2026-09-15T14:55:28.245718,14,474ccba59d18cf70
1752605205946803,2026-09-15T14:55:28.245718,14,474ccba59d18cf70
1752625209278136,2026-09-15T14:55:28.245718,14,474ccba59d18cf70
1752631375944186,2026-09-15T14:55:28.245718,14,474ccba59d18cf70
1752632882610702,2026-09-15T14:55:28.245718,14,474ccba59d18cf70
1752635329277124,2026-09-15T14:55:28.245718,14,474ccba59d18cf70
1752663952607595,2026-09-15T14:55:28.245718,14,474ccba59d18cf70
1753482655859058,2026-09-15T14:55:28.245718,14,474ccba59d18cf70
1753926709147986,2026-09-15T14:55:28.245718,14,474ccba59d18cf70
1753927102481280,2026-09-15T14:55:28.245718,14,474ccba59d18cf70
1752582359282421,2026-09-15T14:55:28.245718,14,474ccba59d18cf70
1752585682615422,2026-09-15T14:55:28.245718,14,474ccba59d18cf70
1752587532615237,2026-09-15T14:55:28.245718,14,474ccba59d18cf70
1752594522614538,2026-09-15T14:55:28.245718,14,474ccba59d18cf70
1752609659279691,2026-09-15T14:55:28.245718,14,474ccba59d18cf70
1752609759279681,2026-09-15T14:55:28.245718,14,474ccba59d18cf70
1752611179279539,2026-09-15T14:55:28.245718,14,474ccba59d18cf70
1752612272612763,2026-09-15T14:55:28.245718,14,474ccba59d18cf70
1752613849279272,2026-09-15T14:55:28.245718,14,474ccba59d18cf70
1752614992612491,2026-09-15T14:55:28.245718,14,474ccba59d18cf70
1752620272611963,2026-09-15T14:55:28.245718,14,474ccba59d18cf70
1752622632611727,2026-09-15T14:55:28.245718,14,474ccba59d18cf70
1752625922611398,2026-09-15T14:55:28.245718,14,474ccba59d18cf70
1752627789277878,2026-09-15T14:55:28.245718,14,474ccba59d18cf70
1752631472610843,2026-09-15T14:55:28.245718,14,474ccba59d18cf70
1752632639277393,2026-09-15T14:55:28.245718,14,474ccba59d18cf70
1752635122610478,2026-09-15T14:55:28.245718,14,474ccba59d18cf70
1752635969277060,2026-09-15T14:55:28.245718,14,474ccba59d18cf70
1752636135943710,2026-09-15T14:55:28.245718,14,474ccba59d18cf70
1752636855943638,2026-09-15T14:55:28.245718,14,474ccba59d18cf70
1752637539276903,2026-09-15T14:55:28.245718,14,474ccba59d18cf70
1752648562609134,2026-09-15T14:55:28.245718,14,474ccba59d18cf70
1752648735942450,2026-09-15T14:55:28.245718,14,474ccba59d18cf70
1752649155942408,2026-09-15T14:55:28.245718,14,474ccba59d18cf70
1752649419275715,2026-09-15T14:55:28.245718,14,474ccba59d18cf70
1752652099275447,2026-09-15T14:55:28.245718,14,474ccba59d18cf70
1752657379274919,2026-09-15T14:55:28.245718,14,474ccba59d18cf70
1752657559274901,2026-09-15T14:55:28.245718,14,474ccba59d18cf70
1752658349274822,2026-09-15T14:55:28.245718,14,474ccba59d18cf70
1752665895940734,2026-09-15T14:55:28.245718,14,474ccba59d18cf70
1752675212606469,2026-09-15T14:55:28.245718,14,474ccba59d18cf70
1752676869272970,2026-09-15T14:55:28.245718,14,474ccba59d18cf70
1752684709272186,2026-09-15T14:55:28.245718,14,474ccba59d18cf70
1752688852605105,2026-09-15T14:55:28.245718,14,474ccba59d18cf70
1752720312601959,2026-09-15T14:55:28.245718,14,474ccba59d18cf70
1752720392601951,2026-09-15T14:55:28.245718,14,474ccba59d18cf70
1752765212597469,2026-09-15T14:55:28.245718,14,474ccba59d18cf70
1752770559263601,2026-09-15T14:55:28.245718,14,474ccba59d18cf70
1752773939263263,2026-09-15T14:55:28.245718,14,474ccba59d18cf70
1752899202584070,2026-09-15T14:55:28.245718,14,474ccba59d18cf70
1752906619249995,2026-09-15T14:55:28.245718,14,474ccba59d18cf70
1753251959215461,2026-09-15T14:55:28.245718,14,474ccba59d18cf70
1753293955877928,2026-09-15T14:55:28.245718,14,474ccba59d18cf70
1752870625920261,2026-09-15T14:55:28.245718,14,474ccba59d18cf70
1752604192613571,2026-09-15T14:55:28.245718,14,474ccba59d18cf70
1752606069280050,2026-09-15T14:55:28.245718,14,474ccba59d18cf70
1752612589279398,2026-09-15T14:55:28.245718,14,474ccba59d18cf70
1752614299279227,2026-09-15T14:55:28.245718,14,474ccba59d18cf70
1752614469279210,2026-09-15T14:55:28.245718,14,474ccba59d18cf70
1752614965945827,2026-09-15T14:55:28.245718,14,474ccba59d18cf70
1752616652612325,2026-09-15T14:55:28.245718,14,474ccba59d18cf70
1752618225945501,2026-09-15T14:55:28.245718,14,474ccba59d18cf70
1752619069278750,2026-09-15T14:55:28.245718,14,474ccba59d18cf70
1752622372611753,2026-09-15T14:55:28.245718,14,474ccba59d18cf70
1752626432611347,2026-09-15T14:55:28.245718,14,474ccba59d18cf70
1752629829277674,2026-09-15T14:55:28.245718,14,474ccba59d18cf70
1752636472610343,2026-09-15T14:55:28.245718,14,474ccba59d18cf70
1752643592609631,2026-09-15T14:55:28.245718,14,474ccba59d18cf70
1752643929276264,2026-09-15T14:55:28.245718,14,474ccba59d18cf70
1752659599274697,2026-09-15T14:55:28.245718,14,474ccba59d18cf70
1752756692598321,2026-09-15T14:55:28.245718,14,474ccba59d18cf70
1752763872597603,2026-09-15T14:55:28.245718,14,474ccba59d18cf70
1752778302596160,2026-09-15T14:55:28.245718,14,474ccba59d18cf70
1752776659262991,2026-09-15T14:55:28.245718,14,474ccba59d18cf70
1752777842596206,2026-09-15T14:55:28.245718,14,474ccba59d18cf70
1752794065927917,2026-09-15T14:55:28.245718,14,474ccba59d18cf70
1752814325925891,2026-09-15T14:55:28.245718,14,474ccba59d18cf70
1752820329258624,2026-09-15T14:55:28.245718,14,474ccba59d18cf70
1752854192588571,2026-09-15T14:55:28.245718,14,474ccba59d18cf70
1753043969236260,2026-09-15T14:55:28.245718,14,474ccba59d18cf70
1753493715857952,2026-09-15T14:55:28.245718,14,474ccba59d18cf70
1753833755823948,2026-09-15T14:55:28.245718,14,474ccba59d18cf70
1752763772597613,2026-09-15T14:55:28.245718,14,474ccba59d18cf70
1752764285930895,2026-09-15T14:55:28.245718,14,474ccba59d18cf70
1752765519264105,2026-09-15T14:55:28.245718,14,474ccba59d18cf70
1752766012597389,2026-09-15T14:55:28.245718,14,474ccba59d18cf70
1752770159263641,2026-09-15T14:55:28.245718,14,474ccba59d18cf70
1752772335930090,2026-09-15T14:55:28.245718,14,474ccba59d18cf70
1752788715928452,2026-09-15T14:55:28.245718,14,474ccba59d18cf70
1752789575928366,2026-09-15T14:55:28.245718,14,474ccba59d18cf70
1752795852594405,2026-09-15T14:55:28.245718,14,474ccba59d18cf70
1752798585927465,2026-09-15T14:55:28.245718,14,474ccba59d18cf70
1752802775927046,2026-09-15T14:55:28.245718,14,474ccba59d18cf70
1752826332591357,2026-09-15T14:55:28.245718,14,474ccba59d18cf70
1752838219256835,2026-09-15T14:55:28.245718,14,474ccba59d18cf70
1752841295923194,2026-09-15T14:55:28.245718,14,474ccba59d18cf70
1752887769251880,2026-09-15T14:55:28.245718,14,474ccba59d18cf70
1752891712584819,2026-09-15T14:55:28.245718,14,474ccba59d18cf70
1752967772577213,2026-09-15T14:55:28.245718,14,474ccba59d18cf70
1753156455891678,2026-09-15T14:55:28.245718,14,474ccba59d18cf70
1753367202537270,2026-09-15T14:55:28.245718,14,474ccba59d18cf70
1753368132537177,2026-09-15T14:55:28.245718,14,474ccba59d18cf70
1753382589202398,2026-09-15T14:55:28.245718,14,474ccba59d18cf70
1753396992534291,2026-09-15T14:55:28.245718,14,474ccba59d18cf70
1753411512532839,2026-09-15T14:55:28.245718,14,474ccba59d18cf70
1753417979198859,2026-09-15T14:55:28.245718,14,474ccba59d18cf70
1753419585865365,2026-09-15T14:55:28.245718,14,474ccba59d18cf70
1753419632532027,2026-09-15T14:55:28.245718,14,474ccba59d18cf70
1753422449198412,2026-09-15T14:55:28.245718,14,474ccba59d18cf70
1753493419191315,2026-09-15T14:55:28.245718,14,474ccba59d18cf70
1752767342597256,2026-09-15T14:55:28.245718,14,474ccba59d18cf70
1752768199263837,2026-09-15T14:55:28.245718,14,474ccba59d18cf70
1752769822597008,2026-09-15T14:55:28.245718,14,474ccba59d18cf70
1752790502594940,2026-09-15T14:55:28.245718,14,474ccba59d18cf70
1752802699260387,2026-09-15T14:55:28.245718,14,474ccba59d18cf70
1752850542588936,2026-09-15T14:55:28.245718,14,474ccba59d18cf70
1753042255903098,2026-09-15T14:55:28.245718,14,474ccba59d18cf70
1753213029219354,2026-09-15T14:55:28.245718,14,474ccba59d18cf70
1753423449198312,2026-09-15T14:55:28.245718,14,474ccba59d18cf70
1752766912597299,2026-09-15T14:55:28.245718,14,474ccba59d18cf70
1752771169263540,2026-09-15T14:55:28.245718,14,474ccba59d18cf70
1752773519263305,2026-09-15T14:55:28.245718,14,474ccba59d18cf70
1752774349263222,2026-09-15T14:55:28.245718,14,474ccba59d18cf70
1752775932596397,2026-09-15T14:55:28.245718,14,474ccba59d18cf70
1752778755929448,2026-09-15T14:55:28.245718,14,474ccba59d18cf70
1752781802595810,2026-09-15T14:55:28.245718,14,474ccba59d18cf70
1752782515929072,2026-09-15T14:55:28.245718,14,474ccba59d18cf70
1752788815928442,2026-09-15T14:55:28.245718,14,474ccba59d18cf70
1752799489260708,2026-09-15T14:55:28.245718,14,474ccba59d18cf70
1752819789258678,2026-09-15T14:55:28.245718,14,474ccba59d18cf70
1752824445924879,2026-09-15T14:55:28.245718,14,474ccba59d18cf70
1752828642591126,2026-09-15T14:55:28.245718,14,474ccba59d18cf70
1752836059257051,2026-09-15T14:55:28.245718,14,474ccba59d18cf70
1752844329256224,2026-09-15T14:55:28.245718,14,474ccba59d18cf70
1752846072589383,2026-09-15T14:55:28.245718,14,474ccba59d18cf70
1752934542580536,2026-09-15T14:55:28.245718,14,474ccba59d18cf70
1753039849236672,2026-09-15T14:55:28.245718,14,474ccba59d18cf70
1753040799236577,2026-09-15T14:55:28.245718,14,474ccba59d18cf70
1753492632524727,2026-09-15T14:55:28.245718,14,474ccba59d18cf70
1752840195923304,2026-09-15T14:55:28.245718,14,474ccba59d18cf70
1752961365911187,2026-09-15T14:55:28.245718,14,474ccba59d18cf70
1753165402557450,2026-09-15T14:55:28.245718,14,474ccba59d18cf70
1753229062551084,2026-09-15T14:55:28.245718,14,474ccba59d18cf70
1753288892545101,2026-09-15T14:55:28.245718,14,474ccba59d18cf70
1753414752532515,2026-09-15T14:55:28.245718,14,474ccba59d18cf70
1753416275865696,2026-09-15T14:55:28.245718,14,474ccba59d18cf70
1753451455862178,2026-09-15T14:55:28.245718,14,474ccba59d18cf70
1753496279191029,2026-09-15T14:55:28.245718,14,474ccba59d18cf70
1752787002595290,2026-09-15T14:55:28.245718,14,474ccba59d18cf70
1752798219260835,2026-09-15T14:55:28.245718,14,474ccba59d18cf70
1752812989259358,2026-09-15T14:55:28.245718,14,474ccba59d18cf70
1752918415915482,2026-09-15T14:55:28.245718,14,474ccba59d18cf70
1752937362580254,2026-09-15T14:55:28.245718,14,474ccba59d18cf70
1752981935909130,2026-09-15T14:55:28.245718,14,474ccba59d18cf70
1752982542575736,2026-09-15T14:55:28.245718,14,474ccba59d18cf70
1752982952575695,2026-09-15T14:55:28.245718,14,474ccba59d18cf70
1752983075909016,2026-09-15T14:55:28.245718,14,474ccba59d18cf70
1752983565908967,2026-09-15T14:55:28.245718,14,474ccba59d18cf70
1753026389238018,2026-09-15T14:55:28.245718,14,474ccba59d18cf70
1753168335890490,2026-09-15T14:55:28.245718,14,474ccba59d18cf70
1753244589216198,2026-09-15T14:55:28.245718,14,474ccba59d18cf70
1753257015881622,2026-09-15T14:55:28.245718,14,474ccba59d18cf70
1753264182547572,2026-09-15T14:55:28.245718,14,474ccba59d18cf70
1753269019213755,2026-09-15T14:55:28.245718,14,474ccba59d18cf70
1753273132546677,2026-09-15T14:55:28.245718,14,474ccba59d18cf70
1753273285879995,2026-09-15T14:55:28.245718,14,474ccba59d18cf70
1753274422546548,2026-09-15T14:55:28.245718,14,474ccba59d18cf70
1753285635878760,2026-09-15T14:55:28.245718,14,474ccba59d18cf70
1753319905875333,2026-09-15T14:55:28.245718,14,474ccba59d18cf70
1753324062541584,2026-09-15T14:55:28.245718,14,474ccba59d18cf70
1754037339136923,2026-09-15T14:55:28.245718,14,474ccba59d18cf70
1752866689253988,2026-09-15T14:55:28.245718,14,474ccba59d18cf70
1752897492584241,2026-09-15T14:55:28.245718,14,474ccba59d18cf70
1752958935911430,2026-09-15T14:55:28.245718,14,474ccba59d18cf70
1753491689191488,2026-09-15T14:55:28.245718,14,474ccba59d18cf70
1753492712524719,2026-09-15T14:55:28.245718,14,474ccba59d18cf70
1753556032518387,2026-09-15T14:55:28.245718,14,474ccba59d18cf70
1752867122587278,2026-09-15T14:55:28.245718,14,474ccba59d18cf70
1752869032587087,2026-09-15T14:55:28.245718,14,474ccba59d18cf70
1752880235919300,2026-09-15T14:55:28.245718,14,474ccba59d18cf70
1752999842574006,2026-09-15T14:55:28.245718,14,474ccba59d18cf70
1755062529034404,2026-09-15T14:55:28.245718,14,474ccba59d18cf70
1752814329259224,2026-09-15T14:55:28.245718,14,474ccba59d18cf70
1756648375542486,2026-09-15T14:55:28.245718,14,474ccba59d18cf70
1752867599253897,2026-09-15T14:55:28.245718,14,474ccba59d18cf70
1752870275920296,2026-09-15T14:55:28.245718,14,474ccba59d18cf70
1752874889253168,2026-09-15T14:55:28.245718,14,474ccba59d18cf70
1752882065919117,2026-09-15T14:55:28.245718,14,474ccba59d18cf70
1752882365919087,2026-09-15T14:55:28.245718,14,474ccba59d18cf70
1752882525919071,2026-09-15T14:55:28.245718,14,474ccba59d18cf70
1752884162585574,2026-09-15T14:55:28.245718,14,474ccba59d18cf70
1752890685918255,2026-09-15T14:55:28.245718,14,474ccba59d18cf70
1752891229251534,2026-09-15T14:55:28.245718,14,474ccba59d18cf70
1752900769250580,2026-09-15T14:55:28.245718,14,474ccba59d18cf70
1752905995916724,2026-09-15T14:55:28.245718,14,474ccba59d18cf70
1752906472583343,2026-09-15T14:55:28.245718,14,474ccba59d18cf70
1752907275916596,2026-09-15T14:55:28.245718,14,474ccba59d18cf70
1752931559247501,2026-09-15T14:55:28.245718,14,474ccba59d18cf70
1752934629247194,2026-09-15T14:55:28.245718,14,474ccba59d18cf70
1752939355913388,2026-09-15T14:55:28.245718,14,474ccba59d18cf70
1752939799246677,2026-09-15T14:55:28.245718,14,474ccba59d18cf70
1752940082579982,2026-09-15T14:55:28.245718,14,474ccba59d18cf70
1752940232579967,2026-09-15T14:55:28.245718,14,474ccba59d18cf70
1752940825913241,2026-09-15T14:55:28.245718,14,474ccba59d18cf70
1752941679246489,2026-09-15T14:55:28.245718,14,474ccba59d18cf70
1752941765913147,2026-09-15T14:55:28.245718,14,474ccba59d18cf70
1752942059246451,2026-09-15T14:55:28.245718,14,474ccba59d18cf70
1752942205913103,2026-09-15T14:55:28.245718,14,474ccba59d18cf70
1752942915913032,2026-09-15T14:55:28.245718,14,474ccba59d18cf70
1752943685912955,2026-09-15T14:55:28.245718,14,474ccba59d18cf70
1752945879246069,2026-09-15T14:55:28.245718,14,474ccba59d18cf70
1752950349245622,2026-09-15T14:55:28.245718,14,474ccba59d18cf70
1752950532578937,2026-09-15T14:55:28.245718,14,474ccba59d18cf70
1752973722576618,2026-09-15T14:55:28.245718,14,474ccba59d18cf70
1753147099225947,2026-09-15T14:55:28.245718,14,474ccba59d18cf70
1753164432557547,2026-09-15T14:55:28.245718,14,474ccba59d18cf70
1753172502556740,2026-09-15T14:55:28.245718,14,474ccba59d18cf70
1753175822556408,2026-09-15T14:55:28.245718,14,474ccba59d18cf70
1753177069222950,2026-09-15T14:55:28.245718,14,474ccba59d18cf70
1753190245888299,2026-09-15T14:55:28.245718,14,474ccba59d18cf70
1753214075885916,2026-09-15T14:55:28.245718,14,474ccba59d18cf70
1753217595885564,2026-09-15T14:55:28.245718,14,474ccba59d18cf70
1753225815884742,2026-09-15T14:55:28.245718,14,474ccba59d18cf70
1753234255883898,2026-09-15T14:55:28.245718,14,474ccba59d18cf70
1753243195883004,2026-09-15T14:55:28.245718,14,474ccba59d18cf70
1753246749215982,2026-09-15T14:55:28.245718,14,474ccba59d18cf70
1753270659213591,2026-09-15T14:55:28.245718,14,474ccba59d18cf70
1753273062546684,2026-09-15T14:55:28.245718,14,474ccba59d18cf70
1753282485879075,2026-09-15T14:55:28.245718,14,474ccba59d18cf70
1753346552539335,2026-09-15T14:55:28.245718,14,474ccba59d18cf70
1753349872539003,2026-09-15T14:55:28.245718,14,474ccba59d18cf70
1753349885872335,2026-09-15T14:55:28.245718,14,474ccba59d18cf70
1753350949205562,2026-09-15T14:55:28.245718,14,474ccba59d18cf70
1753351355872188,2026-09-15T14:55:28.245718,14,474ccba59d18cf70
1753351742538816,2026-09-15T14:55:28.245718,14,474ccba59d18cf70
1753352432538747,2026-09-15T14:55:28.245718,14,474ccba59d18cf70
1753352485872075,2026-09-15T14:55:28.245718,14,474ccba59d18cf70
1753352625872061,2026-09-15T14:55:28.245718,14,474ccba59d18cf70
1753352712538719,2026-09-15T14:55:28.245718,14,474ccba59d18cf70
1753352975872026,2026-09-15T14:55:28.245718,14,474ccba59d18cf70
1753353049205352,2026-09-15T14:55:28.245718,14,474ccba59d18cf70
1753353059205351,2026-09-15T14:55:28.245718,14,474ccba59d18cf70
1753353262538664,2026-09-15T14:55:28.245718,14,474ccba59d18cf70
1753353609205296,2026-09-15T14:55:28.245718,14,474ccba59d18cf70
1753353759205281,2026-09-15T14:55:28.245718,14,474ccba59d18cf70
1753360195871304,2026-09-15T14:55:28.245718,14,474ccba59d18cf70
1753380675869256,2026-09-15T14:55:28.245718,14,474ccba59d18cf70
1753384412535549,2026-09-15T14:55:28.245718,14,474ccba59d18cf70
1753395429201114,2026-09-15T14:55:28.245718,14,474ccba59d18cf70
1753625869178070,2026-09-15T14:55:28.245718,14,474ccba59d18cf70
1753720359168621,2026-09-15T14:55:28.245718,14,474ccba59d18cf70
1753721362501854,2026-09-15T14:55:28.245718,14,474ccba59d18cf70
1753724012501589,2026-09-15T14:55:28.245718,14,474ccba59d18cf70
1754273159113341,2026-09-15T14:55:28.245718,14,474ccba59d18cf70
1754594625747861,2026-09-15T14:55:28.245718,14,474ccba59d18cf70
1753223465884977,2026-09-15T14:55:28.245718,14,474ccba59d18cf70
1753229015884422,2026-09-15T14:55:28.245718,14,474ccba59d18cf70
1753276935879630,2026-09-15T14:55:28.245718,14,474ccba59d18cf70
1753279162546074,2026-09-15T14:55:28.245718,14,474ccba59d18cf70
1753289899211667,2026-09-15T14:55:28.245718,14,474ccba59d18cf70
1753443675862956,2026-09-15T14:55:28.245718,14,474ccba59d18cf70
1753497529190904,2026-09-15T14:55:28.245718,14,474ccba59d18cf70
1753216235885700,2026-09-15T14:55:28.245718,14,474ccba59d18cf70
1753217742552216,2026-09-15T14:55:28.245718,14,474ccba59d18cf70
1753221615885162,2026-09-15T14:55:28.245718,14,474ccba59d18cf70
1753221915885132,2026-09-15T14:55:28.245718,14,474ccba59d18cf70
1753252209215436,2026-09-15T14:55:28.245718,14,474ccba59d18cf70
1753278159212841,2026-09-15T14:55:28.245718,14,474ccba59d18cf70
1753283565878967,2026-09-15T14:55:28.245718,14,474ccba59d18cf70
1753308905876433,2026-09-15T14:55:28.245718,14,474ccba59d18cf70
1753311545876169,2026-09-15T14:55:28.245718,14,474ccba59d18cf70
1753312595876064,2026-09-15T14:55:28.245718,14,474ccba59d18cf70
1753313672542623,2026-09-15T14:55:28.245718,14,474ccba59d18cf70
1753314222542568,2026-09-15T14:55:28.245718,14,474ccba59d18cf70
1753315535875770,2026-09-15T14:55:28.245718,14,474ccba59d18cf70
1753317295875594,2026-09-15T14:55:28.245718,14,474ccba59d18cf70
1753444635862860,2026-09-15T14:55:28.245718,14,474ccba59d18cf70
1753491489191508,2026-09-15T14:55:28.245718,14,474ccba59d18cf70
1753215549219102,2026-09-15T14:55:28.245718,14,474ccba59d18cf70
1753231109217546,2026-09-15T14:55:28.245718,14,474ccba59d18cf70
1753274112546579,2026-09-15T14:55:28.245718,14,474ccba59d18cf70
1753283962545594,2026-09-15T14:55:28.245718,14,474ccba59d18cf70
1753314905875833,2026-09-15T14:55:28.245718,14,474ccba59d18cf70
1753383915868932,2026-09-15T14:55:28.245718,14,474ccba59d18cf70
1753420342531956,2026-09-15T14:55:28.245718,14,474ccba59d18cf70
1753484209192236,2026-09-15T14:55:28.245718,14,474ccba59d18cf70
1753486019192055,2026-09-15T14:55:28.245718,14,474ccba59d18cf70
1753486115858712,2026-09-15T14:55:28.245718,14,474ccba59d18cf70
1753489679191689,2026-09-15T14:55:28.245718,14,474ccba59d18cf70
1753494855857838,2026-09-15T14:55:28.245718,14,474ccba59d18cf70
1753780869162570,2026-09-15T14:55:28.245718,14,474ccba59d18cf70
1754365775770746,2026-09-15T14:55:28.245718,14,474ccba59d18cf70
1753255709215086,2026-09-15T14:55:28.245718,14,474ccba59d18cf70
1753275065879817,2026-09-15T14:55:28.245718,14,474ccba59d18cf70
1753280175879306,2026-09-15T14:55:28.245718,14,474ccba59d18cf70
1753292832544707,2026-09-15T14:55:28.245718,14,474ccba59d18cf70
1753293172544673,2026-09-15T14:55:28.245718,14,474ccba59d18cf70
1753298389210818,2026-09-15T14:55:28.245718,14,474ccba59d18cf70
1753300845877239,2026-09-15T14:55:28.245718,14,474ccba59d18cf70
1753302595877064,2026-09-15T14:55:28.245718,14,474ccba59d18cf70
1753308675876456,2026-09-15T14:55:28.245718,14,474ccba59d18cf70
1753309435876380,2026-09-15T14:55:28.245718,14,474ccba59d18cf70
1753314899209167,2026-09-15T14:55:28.245718,14,474ccba59d18cf70
1753314969209160,2026-09-15T14:55:28.245718,14,474ccba59d18cf70
1753417675865556,2026-09-15T14:55:28.245718,14,474ccba59d18cf70
1753696899170967,2026-09-15T14:55:28.245718,14,474ccba59d18cf70
1753259632548027,2026-09-15T14:55:28.245718,14,474ccba59d18cf70
1753273729213284,2026-09-15T14:55:28.245718,14,474ccba59d18cf70
1753421519198505,2026-09-15T14:55:28.245718,14,474ccba59d18cf70
1753422402531750,2026-09-15T14:55:28.245718,14,474ccba59d18cf70
1753437312530259,2026-09-15T14:55:28.245718,14,474ccba59d18cf70
1753448375862486,2026-09-15T14:55:28.245718,14,474ccba59d18cf70
1753496962524294,2026-09-15T14:55:28.245718,14,474ccba59d18cf70
1753526239188033,2026-09-15T14:55:28.245718,14,474ccba59d18cf70
1753699689170688,2026-09-15T14:55:28.245718,14,474ccba59d18cf70
1753366125870711,2026-09-15T14:55:28.245718,14,474ccba59d18cf70
1753366429204014,2026-09-15T14:55:28.245718,14,474ccba59d18cf70
1753367979203859,2026-09-15T14:55:28.245718,14,474ccba59d18cf70
1753369495870374,2026-09-15T14:55:28.245718,14,474ccba59d18cf70
1753416525865671,2026-09-15T14:55:28.245718,14,474ccba59d18cf70
1753420985865225,2026-09-15T14:55:28.245718,14,474ccba59d18cf70
1753371772536813,2026-09-15T14:55:28.245718,14,474ccba59d18cf70
1753376279203029,2026-09-15T14:55:28.245718,14,474ccba59d18cf70
1753390229201634,2026-09-15T14:55:28.245718,14,474ccba59d18cf70
1753410152532975,2026-09-15T14:55:28.245718,14,474ccba59d18cf70
1753416302532360,2026-09-15T14:55:28.245718,14,474ccba59d18cf70
1753433432530647,2026-09-15T14:55:28.245718,14,474ccba59d18cf70
1753472462526744,2026-09-15T14:55:28.245718,14,474ccba59d18cf70
1753490792524911,2026-09-15T14:55:28.245718,14,474ccba59d18cf70
1753490835858240,2026-09-15T14:55:28.245718,14,474ccba59d18cf70
1753494052524585,2026-09-15T14:55:28.245718,14,474ccba59d18cf70
1753509409189716,2026-09-15T14:55:28.245718,14,474ccba59d18cf70
1753509685856355,2026-09-15T14:55:28.245718,14,474ccba59d18cf70
1753509979189659,2026-09-15T14:55:28.245718,14,474ccba59d18cf70
1753529985854325,2026-09-15T14:55:28.245718,14,474ccba59d18cf70
1753537642520226,2026-09-15T14:55:28.245718,14,474ccba59d18cf70
1753695645837759,2026-09-15T14:55:28.245718,14,474ccba59d18cf70
1753488515858472,2026-09-15T14:55:28.245718,14,474ccba59d18cf70
1753495592524431,2026-09-15T14:55:28.245718,14,474ccba59d18cf70
1753508965856427,2026-09-15T14:55:28.245718,14,474ccba59d18cf70
1753509229189734,2026-09-15T14:55:28.245718,14,474ccba59d18cf70
1753394489201208,2026-09-15T14:55:28.245718,14,474ccba59d18cf70
1753394492534541,2026-09-15T14:55:28.245718,14,474ccba59d18cf70
1753408332533157,2026-09-15T14:55:28.245718,14,474ccba59d18cf70
1753409715866352,2026-09-15T14:55:28.245718,14,474ccba59d18cf70
1753409789199678,2026-09-15T14:55:28.245718,14,474ccba59d18cf70
1753411709199486,2026-09-15T14:55:28.245718,14,474ccba59d18cf70
1753416399199017,2026-09-15T14:55:28.245718,14,474ccba59d18cf70
1753418199198837,2026-09-15T14:55:28.245718,14,474ccba59d18cf70
1753419135865410,2026-09-15T14:55:28.245718,14,474ccba59d18cf70
1753423109198346,2026-09-15T14:55:28.245718,14,474ccba59d18cf70
1753436145863709,2026-09-15T14:55:28.245718,14,474ccba59d18cf70
1753436562530334,2026-09-15T14:55:28.245718,14,474ccba59d18cf70
1753481159192541,2026-09-15T14:55:28.245718,14,474ccba59d18cf70
1753496052524385,2026-09-15T14:55:28.245718,14,474ccba59d18cf70
1753559702518020,2026-09-15T14:55:28.245718,14,474ccba59d18cf70
1753694172504573,2026-09-15T14:55:28.245718,14,474ccba59d18cf70
1754179105789413,2026-09-15T14:55:28.245718,14,474ccba59d18cf70
1754389365768387,2026-09-15T14:55:28.245718,14,474ccba59d18cf70
1754638875743436,2026-09-15T14:55:28.245718,14,474ccba59d18cf70
1753593805847943,2026-09-15T14:55:28.245718,14,474ccba59d18cf70
1753594985847825,2026-09-15T14:55:28.245718,14,474ccba59d18cf70
1753610535846270,2026-09-15T14:55:28.245718,14,474ccba59d18cf70
1753671382506852,2026-09-15T14:55:28.245718,14,474ccba59d18cf70
1753680392505951,2026-09-15T14:55:28.245718,14,474ccba59d18cf70
1753688935838430,2026-09-15T14:55:28.245718,14,474ccba59d18cf70
1754224649118192,2026-09-15T14:55:28.245718,14,474ccba59d18cf70
1753594039181253,2026-09-15T14:55:28.245718,14,474ccba59d18cf70
1753596722514318,2026-09-15T14:55:28.245718,14,474ccba59d18cf70
1753604772513513,2026-09-15T14:55:28.245718,14,474ccba59d18cf70
1753606349180022,2026-09-15T14:55:28.245718,14,474ccba59d18cf70
1753634125843911,2026-09-15T14:55:28.245718,14,474ccba59d18cf70
1753721672501823,2026-09-15T14:55:28.245718,14,474ccba59d18cf70
1753756052498385,2026-09-15T14:55:28.245718,14,474ccba59d18cf70
1753803575826966,2026-09-15T14:55:28.245718,14,474ccba59d18cf70
1754348535772470,2026-09-15T14:55:28.245718,14,474ccba59d18cf70
1754363122437678,2026-09-15T14:55:28.245718,14,474ccba59d18cf70
1753593482514642,2026-09-15T14:55:28.245718,14,474ccba59d18cf70
1753597929180864,2026-09-15T14:55:28.245718,14,474ccba59d18cf70
1753598812514109,2026-09-15T14:55:28.245718,14,474ccba59d18cf70
1753599212514069,2026-09-15T14:55:28.245718,14,474ccba59d18cf70
1753600542513936,2026-09-15T14:55:28.245718,14,474ccba59d18cf70
1753616462512344,2026-09-15T14:55:28.245718,14,474ccba59d18cf70
1753620349178622,2026-09-15T14:55:28.245718,14,474ccba59d18cf70
1753643625842961,2026-09-15T14:55:28.245718,14,474ccba59d18cf70
1753592692514721,2026-09-15T14:55:28.245718,14,474ccba59d18cf70
1753593312514659,2026-09-15T14:55:28.245718,14,474ccba59d18cf70
1753594435847880,2026-09-15T14:55:28.245718,14,474ccba59d18cf70
1753594899181167,2026-09-15T14:55:28.245718,14,474ccba59d18cf70
1753600149180642,2026-09-15T14:55:28.245718,14,474ccba59d18cf70
1753611349179522,2026-09-15T14:55:28.245718,14,474ccba59d18cf70
1753611875846136,2026-09-15T14:55:28.245718,14,474ccba59d18cf70
1753613465845977,2026-09-15T14:55:28.245718,14,474ccba59d18cf70
1753614762512514,2026-09-15T14:55:28.245718,14,474ccba59d18cf70
1753631115844212,2026-09-15T14:55:28.245718,14,474ccba59d18cf70
1753631855844138,2026-09-15T14:55:28.245718,14,474ccba59d18cf70
1753646859175971,2026-09-15T14:55:28.245718,14,474ccba59d18cf70
1753673925839931,2026-09-15T14:55:28.245718,14,474ccba59d18cf70
1753691102504880,2026-09-15T14:55:28.245718,14,474ccba59d18cf70
1753715525835771,2026-09-15T14:55:28.245718,14,474ccba59d18cf70
1753718502502140,2026-09-15T14:55:28.245718,14,474ccba59d18cf70
1753719532502037,2026-09-15T14:55:28.245718,14,474ccba59d18cf70
1753720969168560,2026-09-15T14:55:28.245718,14,474ccba59d18cf70
1753767549163902,2026-09-15T14:55:28.245718,14,474ccba59d18cf70
1753777182496272,2026-09-15T14:55:28.245718,14,474ccba59d18cf70
1753795845827739,2026-09-15T14:55:28.245718,14,474ccba59d18cf70
1754160319124625,2026-09-15T14:55:28.245718,14,474ccba59d18cf70
1754160515791272,2026-09-15T14:55:28.245718,14,474ccba59d18cf70
1754164285790895,2026-09-15T14:55:28.245718,14,474ccba59d18cf70
1754176745789649,2026-09-15T14:55:28.245718,14,474ccba59d18cf70
1754288769111780,2026-09-15T14:55:28.245718,14,474ccba59d18cf70
1754289449111712,2026-09-15T14:55:28.245718,14,474ccba59d18cf70
1754474089093248,2026-09-15T14:55:28.245718,14,474ccba59d18cf70
1754633555743968,2026-09-15T14:55:28.245718,14,474ccba59d18cf70
1755394215667902,2026-09-15T14:55:28.245718,14,474ccba59d18cf70
1756120412261949,2026-09-15T14:55:28.245718,14,474ccba59d18cf70
1756598815547442,2026-09-15T14:55:28.245718,14,474ccba59d18cf70
1753595872514403,2026-09-15T14:55:28.245718,14,474ccba59d18cf70
1753596035847720,2026-09-15T14:55:28.245718,14,474ccba59d18cf70
1753596332514357,2026-09-15T14:55:28.245718,14,474ccba59d18cf70
1753596769180980,2026-09-15T14:55:28.245718,14,474ccba59d18cf70
1753692262504764,2026-09-15T14:55:28.245718,14,474ccba59d18cf70
1753716089169048,2026-09-15T14:55:28.245718,14,474ccba59d18cf70
1753732502500740,2026-09-15T14:55:28.245718,14,474ccba59d18cf70
1753760522497938,2026-09-15T14:55:28.245718,14,474ccba59d18cf70
1753777592496231,2026-09-15T14:55:28.245718,14,474ccba59d18cf70
1753795032494487,2026-09-15T14:55:28.245718,14,474ccba59d18cf70
1753795169161140,2026-09-15T14:55:28.245718,14,474ccba59d18cf70
1754141609126496,2026-09-15T14:55:28.245718,14,474ccba59d18cf70
1754161652457825,2026-09-15T14:55:28.245718,14,474ccba59d18cf70
1754224785784845,2026-09-15T14:55:28.245718,14,474ccba59d18cf70
1753610332512957,2026-09-15T14:55:28.245718,14,474ccba59d18cf70
1753633682510622,2026-09-15T14:55:28.245718,14,474ccba59d18cf70
1753758649164792,2026-09-15T14:55:28.245718,14,474ccba59d18cf70
1753790952494895,2026-09-15T14:55:28.245718,14,474ccba59d18cf70
1754516359089021,2026-09-15T14:55:28.245718,14,474ccba59d18cf70
1754593732414617,2026-09-15T14:55:28.245718,14,474ccba59d18cf70
1753684369172220,2026-09-15T14:55:28.245718,14,474ccba59d18cf70
1753923685814955,2026-09-15T14:55:28.245718,14,474ccba59d18cf70
1754096739130983,2026-09-15T14:55:28.245718,14,474ccba59d18cf70
1754224232451567,2026-09-15T14:55:28.245718,14,474ccba59d18cf70
1753692385838085,2026-09-15T14:55:28.245718,14,474ccba59d18cf70
1753695145837809,2026-09-15T14:55:28.245718,14,474ccba59d18cf70
1753697155837608,2026-09-15T14:55:28.245718,14,474ccba59d18cf70
1753701169170540,2026-09-15T14:55:28.245718,14,474ccba59d18cf70
1753703135837010,2026-09-15T14:55:28.245718,14,474ccba59d18cf70
1753706692503321,2026-09-15T14:55:28.245718,14,474ccba59d18cf70
1753709742503016,2026-09-15T14:55:28.245718,14,474ccba59d18cf70
1753717185835605,2026-09-15T14:55:28.245718,14,474ccba59d18cf70
1753717932502197,2026-09-15T14:55:28.245718,14,474ccba59d18cf70
1753719652502025,2026-09-15T14:55:28.245718,14,474ccba59d18cf70
1753719695835354,2026-09-15T14:55:28.245718,14,474ccba59d18cf70
1753720062501984,2026-09-15T14:55:28.245718,14,474ccba59d18cf70
1753723045835019,2026-09-15T14:55:28.245718,14,474ccba59d18cf70
1753750575832266,2026-09-15T14:55:28.245718,14,474ccba59d18cf70
1753753795831944,2026-09-15T14:55:28.245718,14,474ccba59d18cf70
1753755815831742,2026-09-15T14:55:28.245718,14,474ccba59d18cf70
1753765415830782,2026-09-15T14:55:28.245718,14,474ccba59d18cf70
1753784942495496,2026-09-15T14:55:28.245718,14,474ccba59d18cf70
1753800489160608,2026-09-15T14:55:28.245718,14,474ccba59d18cf70
1753923325814991,2026-09-15T14:55:28.245718,14,474ccba59d18cf70
1754024329138224,2026-09-15T14:55:28.245718,14,474ccba59d18cf70
1754033509137306,2026-09-15T14:55:28.245718,14,474ccba59d18cf70
1754042449136412,2026-09-15T14:55:28.245718,14,474ccba59d18cf70
1754082002465790,2026-09-15T14:55:28.245718,14,474ccba59d18cf70
1754083529132304,2026-09-15T14:55:28.245718,14,474ccba59d18cf70
1754085399132117,2026-09-15T14:55:28.245718,14,474ccba59d18cf70
1754109025796421,2026-09-15T14:55:28.245718,14,474ccba59d18cf70
1754160825791241,2026-09-15T14:55:28.245718,14,474ccba59d18cf70
1754162439124413,2026-09-15T14:55:28.245718,14,474ccba59d18cf70
1754162549124402,2026-09-15T14:55:28.245718,14,474ccba59d18cf70
1754190602454930,2026-09-15T14:55:28.245718,14,474ccba59d18cf70
1754223745784949,2026-09-15T14:55:28.245718,14,474ccba59d18cf70
1754225685784755,2026-09-15T14:55:28.245718,14,474ccba59d18cf70
1754225809118076,2026-09-15T14:55:28.245718,14,474ccba59d18cf70
1754230212450969,2026-09-15T14:55:28.245718,14,474ccba59d18cf70
1754238815783442,2026-09-15T14:55:28.245718,14,474ccba59d18cf70
1754307172443273,2026-09-15T14:55:28.245718,14,474ccba59d18cf70
1754325102441480,2026-09-15T14:55:28.245718,14,474ccba59d18cf70
1754369209103736,2026-09-15T14:55:28.245718,14,474ccba59d18cf70
1754386002435390,2026-09-15T14:55:28.245718,14,474ccba59d18cf70
1754403885766935,2026-09-15T14:55:28.245718,14,474ccba59d18cf70
1754635249077132,2026-09-15T14:55:28.245718,14,474ccba59d18cf70
1754103452463645,2026-09-15T14:55:28.245718,14,474ccba59d18cf70
1754133209127336,2026-09-15T14:55:28.245718,14,474ccba59d18cf70
1754147175792606,2026-09-15T14:55:28.245718,14,474ccba59d18cf70
1754253655781958,2026-09-15T14:55:28.245718,14,474ccba59d18cf70
1754270249113632,2026-09-15T14:55:28.245718,14,474ccba59d18cf70
1754314172442573,2026-09-15T14:55:28.245718,14,474ccba59d18cf70
1754315169109140,2026-09-15T14:55:28.245718,14,474ccba59d18cf70
1754084089132248,2026-09-15T14:55:28.245718,14,474ccba59d18cf70
1754085929132064,2026-09-15T14:55:28.245718,14,474ccba59d18cf70
1754097602464230,2026-09-15T14:55:28.245718,14,474ccba59d18cf70
1754106095796714,2026-09-15T14:55:28.245718,14,474ccba59d18cf70
1754115982462392,2026-09-15T14:55:28.245718,14,474ccba59d18cf70
1754166429124014,2026-09-15T14:55:28.245718,14,474ccba59d18cf70
1754175169123140,2026-09-15T14:55:28.245718,14,474ccba59d18cf70
1754531049087552,2026-09-15T14:55:28.245718,14,474ccba59d18cf70
1754617262412264,2026-09-15T14:55:28.245718,14,474ccba59d18cf70
1754221355785188,2026-09-15T14:55:28.245718,14,474ccba59d18cf70
1754227119117945,2026-09-15T14:55:28.245718,14,474ccba59d18cf70
1754256862448304,2026-09-15T14:55:28.245718,14,474ccba59d18cf70
1754354465771877,2026-09-15T14:55:28.245718,14,474ccba59d18cf70
1754362555771068,2026-09-15T14:55:28.245718,14,474ccba59d18cf70
1754421455765178,2026-09-15T14:55:28.245718,14,474ccba59d18cf70
1754451502428840,2026-09-15T14:55:28.245718,14,474ccba59d18cf70
1754452225762101,2026-09-15T14:55:28.245718,14,474ccba59d18cf70
1754459349094722,2026-09-15T14:55:28.245718,14,474ccba59d18cf70
1754526652421325,2026-09-15T14:55:28.245718,14,474ccba59d18cf70
1754624355744888,2026-09-15T14:55:28.245718,14,474ccba59d18cf70
1754214435785880,2026-09-15T14:55:28.245718,14,474ccba59d18cf70
1754222442451746,2026-09-15T14:55:28.245718,14,474ccba59d18cf70
1754224992451491,2026-09-15T14:55:28.245718,14,474ccba59d18cf70
1754233452450645,2026-09-15T14:55:28.245718,14,474ccba59d18cf70
1754233989117258,2026-09-15T14:55:28.245718,14,474ccba59d18cf70
1754238649116792,2026-09-15T14:55:28.245718,14,474ccba59d18cf70
1754292249111432,2026-09-15T14:55:28.245718,14,474ccba59d18cf70
1754331659107491,2026-09-15T14:55:28.245718,14,474ccba59d18cf70
1754333229107334,2026-09-15T14:55:28.245718,14,474ccba59d18cf70
1754333689107288,2026-09-15T14:55:28.245718,14,474ccba59d18cf70
1754356415771682,2026-09-15T14:55:28.245718,14,474ccba59d18cf70
1754359825771341,2026-09-15T14:55:28.245718,14,474ccba59d18cf70
1754362042437786,2026-09-15T14:55:28.245718,14,474ccba59d18cf70
1754362349104422,2026-09-15T14:55:28.245718,14,474ccba59d18cf70
1754528192421171,2026-09-15T14:55:28.245718,14,474ccba59d18cf70
1754604432413547,2026-09-15T14:55:28.245718,14,474ccba59d18cf70
1754604519080205,2026-09-15T14:55:28.245718,14,474ccba59d18cf70
1754664899074167,2026-09-15T14:55:28.245718,14,474ccba59d18cf70
1754912449049412,2026-09-15T14:55:28.245718,14,474ccba59d18cf70
1754918382382152,2026-09-15T14:55:28.245718,14,474ccba59d18cf70
1754919339048723,2026-09-15T14:55:28.245718,14,474ccba59d18cf70
1754920515715272,2026-09-15T14:55:28.245718,14,474ccba59d18cf70
1754945222379468,2026-09-15T14:55:28.245718,14,474ccba59d18cf70
1755128069027850,2026-09-15T14:55:28.245718,14,474ccba59d18cf70
1755633428977314,2026-09-15T14:55:28.245718,14,474ccba59d18cf70
1755695275637796,2026-09-15T14:55:28.245718,14,474ccba59d18cf70
1754223042451686,2026-09-15T14:55:28.245718,14,474ccba59d18cf70
1754226825784641,2026-09-15T14:55:28.245718,14,474ccba59d18cf70
1754239815783342,2026-09-15T14:55:28.245718,14,474ccba59d18cf70
1754255999115057,2026-09-15T14:55:28.245718,14,474ccba59d18cf70
1754257385781585,2026-09-15T14:55:28.245718,14,474ccba59d18cf70
1754258892448101,2026-09-15T14:55:28.245718,14,474ccba59d18cf70
1754261992447791,2026-09-15T14:55:28.245718,14,474ccba59d18cf70
1754266125780711,2026-09-15T14:55:28.245718,14,474ccba59d18cf70
1754273865779937,2026-09-15T14:55:28.245718,14,474ccba59d18cf70
1754276819112975,2026-09-15T14:55:28.245718,14,474ccba59d18cf70
1754278659112791,2026-09-15T14:55:28.245718,14,474ccba59d18cf70
1754283665778957,2026-09-15T14:55:28.245718,14,474ccba59d18cf70
1754372152436775,2026-09-15T14:55:28.245718,14,474ccba59d18cf70
1754394939101163,2026-09-15T14:55:28.245718,14,474ccba59d18cf70
1754529612421029,2026-09-15T14:55:28.245718,14,474ccba59d18cf70
1754621269078530,2026-09-15T14:55:28.245718,14,474ccba59d18cf70
1754921865715137,2026-09-15T14:55:28.245718,14,474ccba59d18cf70
1754942535713070,2026-09-15T14:55:28.245718,14,474ccba59d18cf70
1755094042364586,2026-09-15T14:55:28.245718,14,474ccba59d18cf70
1755094789031178,2026-09-15T14:55:28.245718,14,474ccba59d18cf70
1756764238864233,2026-09-15T14:55:28.245718,14,474ccba59d18cf70
1754176595789664,2026-09-15T14:55:28.245718,14,474ccba59d18cf70
1754177542456236,2026-09-15T14:55:28.245718,14,474ccba59d18cf70
1754180592455931,2026-09-15T14:55:28.245718,14,474ccba59d18cf70
1754184489122208,2026-09-15T14:55:28.245718,14,474ccba59d18cf70
1754185522455438,2026-09-15T14:55:28.245718,14,474ccba59d18cf70
1754185869122070,2026-09-15T14:55:28.245718,14,474ccba59d18cf70
1754194299121227,2026-09-15T14:55:28.245718,14,474ccba59d18cf70
1754199079120749,2026-09-15T14:55:28.245718,14,474ccba59d18cf70
1754202749120382,2026-09-15T14:55:28.245718,14,474ccba59d18cf70
1754204192453571,2026-09-15T14:55:28.245718,14,474ccba59d18cf70
1754205332453457,2026-09-15T14:55:28.245718,14,474ccba59d18cf70
1754206289120028,2026-09-15T14:55:28.245718,14,474ccba59d18cf70
1754206435786680,2026-09-15T14:55:28.245718,14,474ccba59d18cf70
1754207479119909,2026-09-15T14:55:28.245718,14,474ccba59d18cf70
1754210099119647,2026-09-15T14:55:28.245718,14,474ccba59d18cf70
1754214655785858,2026-09-15T14:55:28.245718,14,474ccba59d18cf70
1754248999115757,2026-09-15T14:55:28.245718,14,474ccba59d18cf70
1754272822446708,2026-09-15T14:55:28.245718,14,474ccba59d18cf70
1754275692446421,2026-09-15T14:55:28.245718,14,474ccba59d18cf70
1754283535778970,2026-09-15T14:55:28.245718,14,474ccba59d18cf70
1754287465778577,2026-09-15T14:55:28.245718,14,474ccba59d18cf70
1754289239111733,2026-09-15T14:55:28.245718,14,474ccba59d18cf70
1754290205778303,2026-09-15T14:55:28.245718,14,474ccba59d18cf70
1754293012444689,2026-09-15T14:55:28.245718,14,474ccba59d18cf70
1754297035777620,2026-09-15T14:55:28.245718,14,474ccba59d18cf70
1754301042443886,2026-09-15T14:55:28.245718,14,474ccba59d18cf70
1754302105777113,2026-09-15T14:55:28.245718,14,474ccba59d18cf70
1754360142437976,2026-09-15T14:55:28.245718,14,474ccba59d18cf70
1754217622452228,2026-09-15T14:55:28.245718,14,474ccba59d18cf70
1754219582452032,2026-09-15T14:55:28.245718,14,474ccba59d18cf70
1754219682452022,2026-09-15T14:55:28.245718,14,474ccba59d18cf70
1754219935785330,2026-09-15T14:55:28.245718,14,474ccba59d18cf70
1754220999118557,2026-09-15T14:55:28.245718,14,474ccba59d18cf70
1754221442451846,2026-09-15T14:55:28.245718,14,474ccba59d18cf70
1754224072451583,2026-09-15T14:55:28.245718,14,474ccba59d18cf70
1754224552451535,2026-09-15T14:55:28.245718,14,474ccba59d18cf70
1754365702437420,2026-09-15T14:55:28.245718,14,474ccba59d18cf70
1754368435770480,2026-09-15T14:55:28.245718,14,474ccba59d18cf70
1754525719088085,2026-09-15T14:55:28.245718,14,474ccba59d18cf70
1754606612413329,2026-09-15T14:55:28.245718,14,474ccba59d18cf70
1754669195740404,2026-09-15T14:55:28.245718,14,474ccba59d18cf70
1754215635785760,2026-09-15T14:55:28.245718,14,474ccba59d18cf70
1754222589118398,2026-09-15T14:55:28.245718,14,474ccba59d18cf70
1754223282451662,2026-09-15T14:55:28.245718,14,474ccba59d18cf70
1754235879117069,2026-09-15T14:55:28.245718,14,474ccba59d18cf70
1754239185783405,2026-09-15T14:55:28.245718,14,474ccba59d18cf70
1754252752448715,2026-09-15T14:55:28.245718,14,474ccba59d18cf70
1754254445781879,2026-09-15T14:55:28.245718,14,474ccba59d18cf70
1754256239115033,2026-09-15T14:55:28.245718,14,474ccba59d18cf70
1754257915781532,2026-09-15T14:55:28.245718,14,474ccba59d18cf70
1754258765781447,2026-09-15T14:55:28.245718,14,474ccba59d18cf70
1754279279112729,2026-09-15T14:55:28.245718,14,474ccba59d18cf70
1754279949112662,2026-09-15T14:55:28.245718,14,474ccba59d18cf70
1754282692445721,2026-09-15T14:55:28.245718,14,474ccba59d18cf70
1754286859111971,2026-09-15T14:55:28.245718,14,474ccba59d18cf70
1754294115777912,2026-09-15T14:55:28.245718,14,474ccba59d18cf70
1754294289111228,2026-09-15T14:55:28.245718,14,474ccba59d18cf70
1754312995776024,2026-09-15T14:55:28.245718,14,474ccba59d18cf70
1754316992442291,2026-09-15T14:55:28.245718,14,474ccba59d18cf70
1754367902437200,2026-09-15T14:55:28.245718,14,474ccba59d18cf70
1754370779103579,2026-09-15T14:55:28.245718,14,474ccba59d18cf70
1754407412433249,2026-09-15T14:55:28.245718,14,474ccba59d18cf70
1754421849098472,2026-09-15T14:55:28.245718,14,474ccba59d18cf70
1754431332430857,2026-09-15T14:55:28.245718,14,474ccba59d18cf70
1754523542421636,2026-09-15T14:55:28.245718,14,474ccba59d18cf70
1754629422411048,2026-09-15T14:55:28.245718,14,474ccba59d18cf70
1754936679046989,2026-09-15T14:55:28.245718,14,474ccba59d18cf70
1754945475712776,2026-09-15T14:55:28.245718,14,474ccba59d18cf70
1754988382375152,2026-09-15T14:55:28.245718,14,474ccba59d18cf70
1756764812197509,2026-09-15T14:55:28.245718,14,474ccba59d18cf70
1756806535526670,2026-09-15T14:55:28.245718,14,474ccba59d18cf70
1754532542420736,2026-09-15T14:55:28.245718,14,474ccba59d18cf70
1754544065752917,2026-09-15T14:55:28.245718,14,474ccba59d18cf70
1754552225752101,2026-09-15T14:55:28.245718,14,474ccba59d18cf70
1754557102418280,2026-09-15T14:55:28.245718,14,474ccba59d18cf70
1754601779080479,2026-09-15T14:55:28.245718,14,474ccba59d18cf70
1754601892413801,2026-09-15T14:55:28.245718,14,474ccba59d18cf70
1754616149079042,2026-09-15T14:55:28.245718,14,474ccba59d18cf70
1754668809073776,2026-09-15T14:55:28.245718,14,474ccba59d18cf70
1754682349072422,2026-09-15T14:55:28.245718,14,474ccba59d18cf70
1754875935719730,2026-09-15T14:55:28.245718,14,474ccba59d18cf70
1754971679043489,2026-09-15T14:55:28.245718,14,474ccba59d18cf70
1754972275710096,2026-09-15T14:55:28.245718,14,474ccba59d18cf70
1754979679042689,2026-09-15T14:55:28.245718,14,474ccba59d18cf70
1755058152368175,2026-09-15T14:55:28.245718,14,474ccba59d18cf70
1755215515685772,2026-09-15T14:55:28.245718,14,474ccba59d18cf70
1755525012321489,2026-09-15T14:55:28.245718,14,474ccba59d18cf70
1755628235644500,2026-09-15T14:55:28.245718,14,474ccba59d18cf70
1756778688862788,2026-09-15T14:55:28.245718,14,474ccba59d18cf70
1756786735528650,2026-09-15T14:55:28.245718,14,474ccba59d18cf70
1754613799079277,2026-09-15T14:55:28.245718,14,474ccba59d18cf70
1754686505738673,2026-09-15T14:55:28.245718,14,474ccba59d18cf70
1754537559086901,2026-09-15T14:55:28.245718,14,474ccba59d18cf70
1754540765753247,2026-09-15T14:55:28.245718,14,474ccba59d18cf70
1754553829085274,2026-09-15T14:55:28.245718,14,474ccba59d18cf70
1754557192418271,2026-09-15T14:55:28.245718,14,474ccba59d18cf70
1754557939084863,2026-09-15T14:55:28.245718,14,474ccba59d18cf70
1754560435751280,2026-09-15T14:55:28.245718,14,474ccba59d18cf70
1754573825749941,2026-09-15T14:55:28.245718,14,474ccba59d18cf70
1754600909080566,2026-09-15T14:55:28.245718,14,474ccba59d18cf70
1754604522413538,2026-09-15T14:55:28.245718,14,474ccba59d18cf70
1754605975746726,2026-09-15T14:55:28.245718,14,474ccba59d18cf70
1754609682413022,2026-09-15T14:55:28.245718,14,474ccba59d18cf70
1754641359076521,2026-09-15T14:55:28.245718,14,474ccba59d18cf70
1754651299075527,2026-09-15T14:55:28.245718,14,474ccba59d18cf70
1754652252408765,2026-09-15T14:55:28.245718,14,474ccba59d18cf70
1754654855741838,2026-09-15T14:55:28.245718,14,474ccba59d18cf70
1754657695741554,2026-09-15T14:55:28.245718,14,474ccba59d18cf70
1754659052408085,2026-09-15T14:55:28.245718,14,474ccba59d18cf70
1754665282407462,2026-09-15T14:55:28.245718,14,474ccba59d18cf70
1754685325738791,2026-09-15T14:55:28.245718,14,474ccba59d18cf70
1754964819044175,2026-09-15T14:55:28.245718,14,474ccba59d18cf70
1755058832368107,2026-09-15T14:55:28.245718,14,474ccba59d18cf70
1755059709034686,2026-09-15T14:55:28.245718,14,474ccba59d18cf70
1754534412420549,2026-09-15T14:55:28.245718,14,474ccba59d18cf70
1754535499087107,2026-09-15T14:55:28.245718,14,474ccba59d18cf70
1754540289086628,2026-09-15T14:55:28.245718,14,474ccba59d18cf70
1754543032419687,2026-09-15T14:55:28.245718,14,474ccba59d18cf70
1754565149084142,2026-09-15T14:55:28.245718,14,474ccba59d18cf70
1754587972415193,2026-09-15T14:55:28.245718,14,474ccba59d18cf70
1754609902413000,2026-09-15T14:55:28.245718,14,474ccba59d18cf70
1754618182412172,2026-09-15T14:55:28.245718,14,474ccba59d18cf70
1754667415740582,2026-09-15T14:55:28.245718,14,474ccba59d18cf70
1754683809072276,2026-09-15T14:55:28.245718,14,474ccba59d18cf70
1754937552380235,2026-09-15T14:55:28.245718,14,474ccba59d18cf70
1754968319043825,2026-09-15T14:55:28.245718,14,474ccba59d18cf70
1754985089042148,2026-09-15T14:55:28.245718,14,474ccba59d18cf70
1755093125698011,2026-09-15T14:55:28.245718,14,474ccba59d18cf70
1755156755691648,2026-09-15T14:55:28.245718,14,474ccba59d18cf70
1755188622355128,2026-09-15T14:55:28.245718,14,474ccba59d18cf70
1756649102209080,2026-09-15T14:55:28.245718,14,474ccba59d18cf70
1754553325751991,2026-09-15T14:55:28.245718,14,474ccba59d18cf70
1754570909083566,2026-09-15T14:55:28.245718,14,474ccba59d18cf70
1754601292413861,2026-09-15T14:55:28.245718,14,474ccba59d18cf70
1754669515740372,2026-09-15T14:55:28.245718,14,474ccba59d18cf70
1754681502405840,2026-09-15T14:55:28.245718,14,474ccba59d18cf70
1754985279042129,2026-09-15T14:55:28.245718,14,474ccba59d18cf70
1755055625701761,2026-09-15T14:55:28.245718,14,474ccba59d18cf70
1755637455643578,2026-09-15T14:55:28.245718,14,474ccba59d18cf70
1756749588865698,2026-09-15T14:55:28.245718,14,474ccba59d18cf70
1754614055745918,2026-09-15T14:55:28.245718,14,474ccba59d18cf70
1754622815745042,2026-09-15T14:55:28.245718,14,474ccba59d18cf70
1754626899077967,2026-09-15T14:55:28.245718,14,474ccba59d18cf70
1754686035738720,2026-09-15T14:55:28.245718,14,474ccba59d18cf70
1754913375715986,2026-09-15T14:55:28.245718,14,474ccba59d18cf70
1754929352381055,2026-09-15T14:55:28.245718,14,474ccba59d18cf70
1754929445714379,2026-09-15T14:55:28.245718,14,474ccba59d18cf70
1754929865714337,2026-09-15T14:55:28.245718,14,474ccba59d18cf70
1754936345713689,2026-09-15T14:55:28.245718,14,474ccba59d18cf70
1754968839043773,2026-09-15T14:55:28.245718,14,474ccba59d18cf70
1754986205708703,2026-09-15T14:55:28.245718,14,474ccba59d18cf70
1754994789041178,2026-09-15T14:55:28.245718,14,474ccba59d18cf70
1755031139037543,2026-09-15T14:55:28.245718,14,474ccba59d18cf70
1755037375703586,2026-09-15T14:55:28.245718,14,474ccba59d18cf70
1755037735703550,2026-09-15T14:55:28.245718,14,474ccba59d18cf70
1755039442370046,2026-09-15T14:55:28.245718,14,474ccba59d18cf70
1755040852369905,2026-09-15T14:55:28.245718,14,474ccba59d18cf70
1755635745643749,2026-09-15T14:55:28.245718,14,474ccba59d18cf70
1755636268977030,2026-09-15T14:55:28.245718,14,474ccba59d18cf70
1754540305753293,2026-09-15T14:55:28.245718,14,474ccba59d18cf70
1754540339086623,2026-09-15T14:55:28.245718,14,474ccba59d18cf70
1754541295753194,2026-09-15T14:55:28.245718,14,474ccba59d18cf70
1754541839086473,2026-09-15T14:55:28.245718,14,474ccba59d18cf70
1754541892419801,2026-09-15T14:55:28.245718,14,474ccba59d18cf70
1754542909086366,2026-09-15T14:55:28.245718,14,474ccba59d18cf70
1754543099086347,2026-09-15T14:55:28.245718,14,474ccba59d18cf70
1754543289086328,2026-09-15T14:55:28.245718,14,474ccba59d18cf70
1754544779086179,2026-09-15T14:55:28.245718,14,474ccba59d18cf70
1754549262419064,2026-09-15T14:55:28.245718,14,474ccba59d18cf70
1754552842418706,2026-09-15T14:55:28.245718,14,474ccba59d18cf70
1754553372418653,2026-09-15T14:55:28.245718,14,474ccba59d18cf70
1754553699085287,2026-09-15T14:55:28.245718,14,474ccba59d18cf70
1754557575751566,2026-09-15T14:55:28.245718,14,474ccba59d18cf70
1754558499084807,2026-09-15T14:55:28.245718,14,474ccba59d18cf70
1754559439084713,2026-09-15T14:55:28.245718,14,474ccba59d18cf70
1754560725751251,2026-09-15T14:55:28.245718,14,474ccba59d18cf70
1754562335751090,2026-09-15T14:55:28.245718,14,474ccba59d18cf70
1754563719084285,2026-09-15T14:55:28.245718,14,474ccba59d18cf70
1754573175750006,2026-09-15T14:55:28.245718,14,474ccba59d18cf70
1754573625749961,2026-09-15T14:55:28.245718,14,474ccba59d18cf70
1754599532414037,2026-09-15T14:55:28.245718,14,474ccba59d18cf70
1754639515743372,2026-09-15T14:55:28.245718,14,474ccba59d18cf70
1754685725738751,2026-09-15T14:55:28.245718,14,474ccba59d18cf70
1754688549071802,2026-09-15T14:55:28.245718,14,474ccba59d18cf70
1754695675737756,2026-09-15T14:55:28.245718,14,474ccba59d18cf70
1754982295709094,2026-09-15T14:55:28.245718,14,474ccba59d18cf70
1755057765701547,2026-09-15T14:55:28.245718,14,474ccba59d18cf70
1755102859030371,2026-09-15T14:55:28.245718,14,474ccba59d18cf70
1755117362362254,2026-09-15T14:55:28.245718,14,474ccba59d18cf70
1755117979028859,2026-09-15T14:55:28.245718,14,474ccba59d18cf70
1755126229028034,2026-09-15T14:55:28.245718,14,474ccba59d18cf70
1755142355693088,2026-09-15T14:55:28.245718,14,474ccba59d18cf70
1755631682310822,2026-09-15T14:55:28.245718,14,474ccba59d18cf70
1756775705529753,2026-09-15T14:55:28.245718,14,474ccba59d18cf70
1754605849080072,2026-09-15T14:55:28.245718,14,474ccba59d18cf70
1754666579073999,2026-09-15T14:55:28.245718,14,474ccba59d18cf70
1754969075710416,2026-09-15T14:55:28.245718,14,474ccba59d18cf70
1755017995705524,2026-09-15T14:55:28.245718,14,474ccba59d18cf70
1755018035705520,2026-09-15T14:55:28.245718,14,474ccba59d18cf70
1754586715748652,2026-09-15T14:55:28.245718,14,474ccba59d18cf70
1754586899081967,2026-09-15T14:55:28.245718,14,474ccba59d18cf70
1754587112415279,2026-09-15T14:55:28.245718,14,474ccba59d18cf70
1754589432415047,2026-09-15T14:55:28.245718,14,474ccba59d18cf70
1754589449081712,2026-09-15T14:55:28.245718,14,474ccba59d18cf70
1754594405747883,2026-09-15T14:55:28.245718,14,474ccba59d18cf70
1754599222414068,2026-09-15T14:55:28.245718,14,474ccba59d18cf70
1754601882413802,2026-09-15T14:55:28.245718,14,474ccba59d18cf70
1754603039080353,2026-09-15T14:55:28.245718,14,474ccba59d18cf70
1754606252413365,2026-09-15T14:55:28.245718,14,474ccba59d18cf70
1754610492412941,2026-09-15T14:55:28.245718,14,474ccba59d18cf70
1754615615745762,2026-09-15T14:55:28.245718,14,474ccba59d18cf70
1754626472411343,2026-09-15T14:55:28.245718,14,474ccba59d18cf70
1754653179075339,2026-09-15T14:55:28.245718,14,474ccba59d18cf70
1754654925741831,2026-09-15T14:55:28.245718,14,474ccba59d18cf70
1754666022407388,2026-09-15T14:55:28.245718,14,474ccba59d18cf70
1754677645739559,2026-09-15T14:55:28.245718,14,474ccba59d18cf70
1754680569072600,2026-09-15T14:55:28.245718,14,474ccba59d18cf70
1754686549072002,2026-09-15T14:55:28.245718,14,474ccba59d18cf70
1754984312375559,2026-09-15T14:55:28.245718,14,474ccba59d18cf70
1755057115701612,2026-09-15T14:55:28.245718,14,474ccba59d18cf70
1755264029014254,2026-09-15T14:55:28.245718,14,474ccba59d18cf70
1755385382335452,2026-09-15T14:55:28.245718,14,474ccba59d18cf70
1755827132291277,2026-09-15T14:55:28.245718,14,474ccba59d18cf70
1756747745532549,2026-09-15T14:55:28.245718,14,474ccba59d18cf70
1754920485715275,2026-09-15T14:55:28.245718,14,474ccba59d18cf70
1754925405714783,2026-09-15T14:55:28.245718,14,474ccba59d18cf70
1754927812381209,2026-09-15T14:55:28.245718,14,474ccba59d18cf70
1754940052379985,2026-09-15T14:55:28.245718,14,474ccba59d18cf70
1754967319043925,2026-09-15T14:55:28.245718,14,474ccba59d18cf70
1755053605701963,2026-09-15T14:55:28.245718,14,474ccba59d18cf70
1755102369030420,2026-09-15T14:55:28.245718,14,474ccba59d18cf70
1755105049030152,2026-09-15T14:55:28.245718,14,474ccba59d18cf70
1755634715643852,2026-09-15T14:55:28.245718,14,474ccba59d18cf70
1754952359045421,2026-09-15T14:55:28.245718,14,474ccba59d18cf70
1754952942378696,2026-09-15T14:55:28.245718,14,474ccba59d18cf70
1754954872378503,2026-09-15T14:55:28.245718,14,474ccba59d18cf70
1754959042378086,2026-09-15T14:55:28.245718,14,474ccba59d18cf70
1754961512377839,2026-09-15T14:55:28.245718,14,474ccba59d18cf70
1754961999044457,2026-09-15T14:55:28.245718,14,474ccba59d18cf70
1754965932377397,2026-09-15T14:55:28.245718,14,474ccba59d18cf70
1754967672377223,2026-09-15T14:55:28.245718,14,474ccba59d18cf70
1754995065707817,2026-09-15T14:55:28.245718,14,474ccba59d18cf70
1755038409036816,2026-09-15T14:55:28.245718,14,474ccba59d18cf70
1755048625702461,2026-09-15T14:55:28.245718,14,474ccba59d18cf70
1755051655702158,2026-09-15T14:55:28.245718,14,474ccba59d18cf70
1755054295701894,2026-09-15T14:55:28.245718,14,474ccba59d18cf70
1755054929035164,2026-09-15T14:55:28.245718,14,474ccba59d18cf70
1755073855699938,2026-09-15T14:55:28.245718,14,474ccba59d18cf70
1755101445697179,2026-09-15T14:55:28.245718,14,474ccba59d18cf70
1755106282363362,2026-09-15T14:55:28.245718,14,474ccba59d18cf70
1755133292360661,2026-09-15T14:55:28.245718,14,474ccba59d18cf70
1755213582352632,2026-09-15T14:55:28.245718,14,474ccba59d18cf70
1755629902311000,2026-09-15T14:55:28.245718,14,474ccba59d18cf70
1756670788873578,2026-09-15T14:55:28.245718,14,474ccba59d18cf70
1756694188871238,2026-09-15T14:55:28.245718,14,474ccba59d18cf70
1756749795532344,2026-09-15T14:55:28.245718,14,474ccba59d18cf70
1755070252366965,2026-09-15T14:55:28.245718,14,474ccba59d18cf70
1755079425699381,2026-09-15T14:55:28.245718,14,474ccba59d18cf70
1755095945697729,2026-09-15T14:55:28.245718,14,474ccba59d18cf70
1755120499028607,2026-09-15T14:55:28.245718,14,474ccba59d18cf70
1755120905695233,2026-09-15T14:55:28.245718,14,474ccba59d18cf70
1755121739028483,2026-09-15T14:55:28.245718,14,474ccba59d18cf70
1755124622361528,2026-09-15T14:55:28.245718,14,474ccba59d18cf70
1755171279023529,2026-09-15T14:55:28.245718,14,474ccba59d18cf70
1755202662353724,2026-09-15T14:55:28.245718,14,474ccba59d18cf70
1755207349019922,2026-09-15T14:55:28.245718,14,474ccba59d18cf70
1755319305675393,2026-09-15T14:55:28.245718,14,474ccba59d18cf70
1755360385671285,2026-09-15T14:55:28.245718,14,474ccba59d18cf70
1755416375665686,2026-09-15T14:55:28.245718,14,474ccba59d18cf70
1755472202326770,2026-09-15T14:55:28.245718,14,474ccba59d18cf70
1755478528992804,2026-09-15T14:55:28.245718,14,474ccba59d18cf70
1755047895702534,2026-09-15T14:55:28.245718,14,474ccba59d18cf70
1755049679035689,2026-09-15T14:55:28.245718,14,474ccba59d18cf70
1755050085702315,2026-09-15T14:55:28.245718,14,474ccba59d18cf70
1755052879035369,2026-09-15T14:55:28.245718,14,474ccba59d18cf70
1755062665701057,2026-09-15T14:55:28.245718,14,474ccba59d18cf70
1755064695700854,2026-09-15T14:55:28.245718,14,474ccba59d18cf70
1755068099033847,2026-09-15T14:55:28.245718,14,474ccba59d18cf70
1755079269032730,2026-09-15T14:55:28.245718,14,474ccba59d18cf70
1755079479032709,2026-09-15T14:55:28.245718,14,474ccba59d18cf70
1755079645699359,2026-09-15T14:55:28.245718,14,474ccba59d18cf70
1755079945699329,2026-09-15T14:55:28.245718,14,474ccba59d18cf70
1755081692365821,2026-09-15T14:55:28.245718,14,474ccba59d18cf70
1755110332362957,2026-09-15T14:55:28.245718,14,474ccba59d18cf70
1755114805695843,2026-09-15T14:55:28.245718,14,474ccba59d18cf70
1755118752362115,2026-09-15T14:55:28.245718,14,474ccba59d18cf70
1755126682361322,2026-09-15T14:55:28.245718,14,474ccba59d18cf70
1755138502360140,2026-09-15T14:55:28.245718,14,474ccba59d18cf70
1755138849026772,2026-09-15T14:55:28.245718,14,474ccba59d18cf70
1755139449026712,2026-09-15T14:55:28.245718,14,474ccba59d18cf70
1755140049026652,2026-09-15T14:55:28.245718,14,474ccba59d18cf70
1755142262359764,2026-09-15T14:55:28.245718,14,474ccba59d18cf70
1755144082359582,2026-09-15T14:55:28.245718,14,474ccba59d18cf70
1755146652359325,2026-09-15T14:55:28.245718,14,474ccba59d18cf70
1755152472358743,2026-09-15T14:55:28.245718,14,474ccba59d18cf70
1755173322356658,2026-09-15T14:55:28.245718,14,474ccba59d18cf70
1755178872356103,2026-09-15T14:55:28.245718,14,474ccba59d18cf70
1755179102356080,2026-09-15T14:55:28.245718,14,474ccba59d18cf70
1755179922355998,2026-09-15T14:55:28.245718,14,474ccba59d18cf70
1755185132355477,2026-09-15T14:55:28.245718,14,474ccba59d18cf70
1755260659014591,2026-09-15T14:55:28.245718,14,474ccba59d18cf70
1755264629014194,2026-09-15T14:55:28.245718,14,474ccba59d18cf70
1755269925680331,2026-09-15T14:55:28.245718,14,474ccba59d18cf70
1755270759013581,2026-09-15T14:55:28.245718,14,474ccba59d18cf70
1755271922346798,2026-09-15T14:55:28.245718,14,474ccba59d18cf70
1755276585679665,2026-09-15T14:55:28.245718,14,474ccba59d18cf70
1755280829012574,2026-09-15T14:55:28.245718,14,474ccba59d18cf70
1755299895677334,2026-09-15T14:55:28.245718,14,474ccba59d18cf70
1755305575676766,2026-09-15T14:55:28.245718,14,474ccba59d18cf70
1755350839005573,2026-09-15T14:55:28.245718,14,474ccba59d18cf70
1755363965670927,2026-09-15T14:55:28.245718,14,474ccba59d18cf70
1755390749001582,2026-09-15T14:55:28.245718,14,474ccba59d18cf70
1755391252334865,2026-09-15T14:55:28.245718,14,474ccba59d18cf70
1755391682334822,2026-09-15T14:55:28.245718,14,474ccba59d18cf70
1755415642332426,2026-09-15T14:55:28.245718,14,474ccba59d18cf70
1755425292331461,2026-09-15T14:55:28.245718,14,474ccba59d18cf70
1755434352330555,2026-09-15T14:55:28.245718,14,474ccba59d18cf70
1755441582329832,2026-09-15T14:55:28.245718,14,474ccba59d18cf70
1755444792329511,2026-09-15T14:55:28.245718,14,474ccba59d18cf70
1755445975662726,2026-09-15T14:55:28.245718,14,474ccba59d18cf70
1755459385661385,2026-09-15T14:55:28.245718,14,474ccba59d18cf70
1755467468993910,2026-09-15T14:55:28.245718,14,474ccba59d18cf70
1755479035659420,2026-09-15T14:55:28.245718,14,474ccba59d18cf70
1755511308989526,2026-09-15T14:55:28.245718,14,474ccba59d18cf70
1755511782322812,2026-09-15T14:55:28.245718,14,474ccba59d18cf70
1755737855633538,2026-09-15T14:55:28.245718,14,474ccba59d18cf70
1755740185633305,2026-09-15T14:55:28.245718,14,474ccba59d18cf70
1755753255631998,2026-09-15T14:55:28.245718,14,474ccba59d18cf70
1755753575631966,2026-09-15T14:55:28.245718,14,474ccba59d18cf70
1755774752296515,2026-09-15T14:55:28.245718,14,474ccba59d18cf70
1755780755629248,2026-09-15T14:55:28.245718,14,474ccba59d18cf70
1755781702295820,2026-09-15T14:55:28.245718,14,474ccba59d18cf70
1755782472295743,2026-09-15T14:55:28.245718,14,474ccba59d18cf70
1755875738953083,2026-09-15T14:55:28.245718,14,474ccba59d18cf70
1756005172273473,2026-09-15T14:55:28.245718,14,474ccba59d18cf70
1756082268932430,2026-09-15T14:55:28.245718,14,474ccba59d18cf70
1756237988916858,2026-09-15T14:55:28.245718,14,474ccba59d18cf70
1756246642249326,2026-09-15T14:55:28.245718,14,474ccba59d18cf70
1756347935572530,2026-09-15T14:55:28.245718,14,474ccba59d18cf70
1756386198902037,2026-09-15T14:55:28.245718,14,474ccba59d18cf70
1756793815527942,2026-09-15T14:55:28.245718,14,474ccba59d18cf70
1755071065700217,2026-09-15T14:55:28.245718,14,474ccba59d18cf70
1755074909033166,2026-09-15T14:55:28.245718,14,474ccba59d18cf70
1755077282366262,2026-09-15T14:55:28.245718,14,474ccba59d18cf70
1755077932366197,2026-09-15T14:55:28.245718,14,474ccba59d18cf70
1755096405697683,2026-09-15T14:55:28.245718,14,474ccba59d18cf70
1755100622363928,2026-09-15T14:55:28.245718,14,474ccba59d18cf70
1755103822363608,2026-09-15T14:55:28.245718,14,474ccba59d18cf70
1755113749029282,2026-09-15T14:55:28.245718,14,474ccba59d18cf70
1755172272356763,2026-09-15T14:55:28.245718,14,474ccba59d18cf70
1755202149020442,2026-09-15T14:55:28.245718,14,474ccba59d18cf70
1755208615686462,2026-09-15T14:55:28.245718,14,474ccba59d18cf70
1755212585686065,2026-09-15T14:55:28.245718,14,474ccba59d18cf70
1755212925686031,2026-09-15T14:55:28.245718,14,474ccba59d18cf70
1755214242352566,2026-09-15T14:55:28.245718,14,474ccba59d18cf70
1755420995665224,2026-09-15T14:55:28.245718,14,474ccba59d18cf70
1755465178994139,2026-09-15T14:55:28.245718,14,474ccba59d18cf70
1755473575659966,2026-09-15T14:55:28.245718,14,474ccba59d18cf70
1755775532296437,2026-09-15T14:55:28.245718,14,474ccba59d18cf70
1755880522285938,2026-09-15T14:55:28.245718,14,474ccba59d18cf70
1756281908912466,2026-09-15T14:55:28.245718,14,474ccba59d18cf70
1756742828866374,2026-09-15T14:55:28.245718,14,474ccba59d18cf70
1756747095532614,2026-09-15T14:55:28.245718,14,474ccba59d18cf70
1755069279033729,2026-09-15T14:55:28.245718,14,474ccba59d18cf70
1755080072365983,2026-09-15T14:55:28.245718,14,474ccba59d18cf70
1755081132365877,2026-09-15T14:55:28.245718,14,474ccba59d18cf70
1755092445698079,2026-09-15T14:55:28.245718,14,474ccba59d18cf70
1755095605697763,2026-09-15T14:55:28.245718,14,474ccba59d18cf70
1755127099027947,2026-09-15T14:55:28.245718,14,474ccba59d18cf70
1755130042360986,2026-09-15T14:55:28.245718,14,474ccba59d18cf70
1755168722357118,2026-09-15T14:55:28.245718,14,474ccba59d18cf70
1755211355686188,2026-09-15T14:55:28.245718,14,474ccba59d18cf70
1755213399019317,2026-09-15T14:55:28.245718,14,474ccba59d18cf70
1755229545684369,2026-09-15T14:55:28.245718,14,474ccba59d18cf70
1755240362349954,2026-09-15T14:55:28.245718,14,474ccba59d18cf70
1755292915678032,2026-09-15T14:55:28.245718,14,474ccba59d18cf70
1755342309006426,2026-09-15T14:55:28.245718,14,474ccba59d18cf70
1755358852338105,2026-09-15T14:55:28.245718,14,474ccba59d18cf70
1755359032338087,2026-09-15T14:55:28.245718,14,474ccba59d18cf70
1755391002334890,2026-09-15T14:55:28.245718,14,474ccba59d18cf70
1755477992326191,2026-09-15T14:55:28.245718,14,474ccba59d18cf70
1755733268967330,2026-09-15T14:55:28.245718,14,474ccba59d18cf70
1756061775601146,2026-09-15T14:55:28.245718,14,474ccba59d18cf70
1756281088912548,2026-09-15T14:55:28.245718,14,474ccba59d18cf70
1755071659033491,2026-09-15T14:55:28.245718,14,474ccba59d18cf70
1755073865699937,2026-09-15T14:55:28.245718,14,474ccba59d18cf70
1755074752366515,2026-09-15T14:55:28.245718,14,474ccba59d18cf70
1755075632366427,2026-09-15T14:55:28.245718,14,474ccba59d18cf70
1755093992364591,2026-09-15T14:55:28.245718,14,474ccba59d18cf70
1755122629028394,2026-09-15T14:55:28.245718,14,474ccba59d18cf70
1755151049025552,2026-09-15T14:55:28.245718,14,474ccba59d18cf70
1755365915670732,2026-09-15T14:55:28.245718,14,474ccba59d18cf70
1755370149003642,2026-09-15T14:55:28.245718,14,474ccba59d18cf70
1755371289003528,2026-09-15T14:55:28.245718,14,474ccba59d18cf70
1755379819002675,2026-09-15T14:55:28.245718,14,474ccba59d18cf70
1755390509001606,2026-09-15T14:55:28.245718,14,474ccba59d18cf70
1755490712324919,2026-09-15T14:55:28.245718,14,474ccba59d18cf70
1756622935545030,2026-09-15T14:55:28.245718,14,474ccba59d18cf70
1755195275687796,2026-09-15T14:55:28.245718,14,474ccba59d18cf70
1755417562332234,2026-09-15T14:55:28.245718,14,474ccba59d18cf70
1755818448958812,2026-09-15T14:55:28.245718,14,474ccba59d18cf70
1755819882292002,2026-09-15T14:55:28.245718,14,474ccba59d18cf70
1755819955625328,2026-09-15T14:55:28.245718,14,474ccba59d18cf70
1755820132291977,2026-09-15T14:55:28.245718,14,474ccba59d18cf70
1755822902291700,2026-09-15T14:55:28.245718,14,474ccba59d18cf70
1755824815624842,2026-09-15T14:55:28.245718,14,474ccba59d18cf70
1755064522367538,2026-09-15T14:55:28.245718,14,474ccba59d18cf70
1755065732367417,2026-09-15T14:55:28.245718,14,474ccba59d18cf70
1755070635700260,2026-09-15T14:55:28.245718,14,474ccba59d18cf70
1755071179033539,2026-09-15T14:55:28.245718,14,474ccba59d18cf70
1755074625699861,2026-09-15T14:55:28.245718,14,474ccba59d18cf70
1755075839033073,2026-09-15T14:55:28.245718,14,474ccba59d18cf70
1755086149032042,2026-09-15T14:55:28.245718,14,474ccba59d18cf70
1755092395698084,2026-09-15T14:55:28.245718,14,474ccba59d18cf70
1755094145697909,2026-09-15T14:55:28.245718,14,474ccba59d18cf70
1755094402364550,2026-09-15T14:55:28.245718,14,474ccba59d18cf70
1755110965696227,2026-09-15T14:55:28.245718,14,474ccba59d18cf70
1755115542362436,2026-09-15T14:55:28.245718,14,474ccba59d18cf70
1755145139026143,2026-09-15T14:55:28.245718,14,474ccba59d18cf70
1755153515691972,2026-09-15T14:55:28.245718,14,474ccba59d18cf70
1756650955542228,2026-09-15T14:55:28.245718,14,474ccba59d18cf70
1755172779023379,2026-09-15T14:55:28.245718,14,474ccba59d18cf70
1755174222356568,2026-09-15T14:55:28.245718,14,474ccba59d18cf70
1755182039022453,2026-09-15T14:55:28.245718,14,474ccba59d18cf70
1755186675688656,2026-09-15T14:55:28.245718,14,474ccba59d18cf70
1756061342267856,2026-09-15T14:55:28.245718,14,474ccba59d18cf70
1755297402344250,2026-09-15T14:55:28.245718,14,474ccba59d18cf70
1755297969010860,2026-09-15T14:55:28.245718,14,474ccba59d18cf70
1755300522343938,2026-09-15T14:55:28.245718,14,474ccba59d18cf70
1755303729010284,2026-09-15T14:55:28.245718,14,474ccba59d18cf70
1755309832343007,2026-09-15T14:55:28.245718,14,474ccba59d18cf70
1755331842340806,2026-09-15T14:55:28.245718,14,474ccba59d18cf70
1755349809005676,2026-09-15T14:55:28.245718,14,474ccba59d18cf70
1755365745670749,2026-09-15T14:55:28.245718,14,474ccba59d18cf70
1755401999000457,2026-09-15T14:55:28.245718,14,474ccba59d18cf70
1755475128993144,2026-09-15T14:55:28.245718,14,474ccba59d18cf70
1755484808992176,2026-09-15T14:55:28.245718,14,474ccba59d18cf70
1755505328990124,2026-09-15T14:55:28.245718,14,474ccba59d18cf70
1755520932321897,2026-09-15T14:55:28.245718,14,474ccba59d18cf70
1755298085677515,2026-09-15T14:55:28.245718,14,474ccba59d18cf70
1755300342343956,2026-09-15T14:55:28.245718,14,474ccba59d18cf70
1755301905677133,2026-09-15T14:55:28.245718,14,474ccba59d18cf70
1755306335676690,2026-09-15T14:55:28.245718,14,474ccba59d18cf70
1755307232343267,2026-09-15T14:55:28.245718,14,474ccba59d18cf70
1755308475676476,2026-09-15T14:55:28.245718,14,474ccba59d18cf70
1755309825676341,2026-09-15T14:55:28.245718,14,474ccba59d18cf70
1755309949009662,2026-09-15T14:55:28.245718,14,474ccba59d18cf70
1755311262342864,2026-09-15T14:55:28.245718,14,474ccba59d18cf70
1755311872342803,2026-09-15T14:55:28.245718,14,474ccba59d18cf70
1755312689009388,2026-09-15T14:55:28.245718,14,474ccba59d18cf70
1755315095675814,2026-09-15T14:55:28.245718,14,474ccba59d18cf70
1755325279008129,2026-09-15T14:55:28.245718,14,474ccba59d18cf70
1755326089008048,2026-09-15T14:55:28.245718,14,474ccba59d18cf70
1755333505673973,2026-09-15T14:55:28.245718,14,474ccba59d18cf70
1755336002340390,2026-09-15T14:55:28.245718,14,474ccba59d18cf70
1755350752338915,2026-09-15T14:55:28.245718,14,474ccba59d18cf70
1755354269005230,2026-09-15T14:55:28.245718,14,474ccba59d18cf70
1755360362337954,2026-09-15T14:55:28.245718,14,474ccba59d18cf70
1755363909004266,2026-09-15T14:55:28.245718,14,474ccba59d18cf70
1755364305670893,2026-09-15T14:55:28.245718,14,474ccba59d18cf70
1755371435670180,2026-09-15T14:55:28.245718,14,474ccba59d18cf70
1755371842336806,2026-09-15T14:55:28.245718,14,474ccba59d18cf70
1755372842336706,2026-09-15T14:55:28.245718,14,474ccba59d18cf70
1755374322336558,2026-09-15T14:55:28.245718,14,474ccba59d18cf70
1755380622335928,2026-09-15T14:55:28.245718,14,474ccba59d18cf70
1755387272335263,2026-09-15T14:55:28.245718,14,474ccba59d18cf70
1755399385667385,2026-09-15T14:55:28.245718,14,474ccba59d18cf70
1755400149000642,2026-09-15T14:55:28.245718,14,474ccba59d18cf70
1755408285666495,2026-09-15T14:55:28.245718,14,474ccba59d18cf70
1755421965665127,2026-09-15T14:55:28.245718,14,474ccba59d18cf70
1755449592329031,2026-09-15T14:55:28.245718,14,474ccba59d18cf70
1755457698994887,2026-09-15T14:55:28.245718,14,474ccba59d18cf70
1755463298994327,2026-09-15T14:55:28.245718,14,474ccba59d18cf70
1755463835660940,2026-09-15T14:55:28.245718,14,474ccba59d18cf70
1755465038994153,2026-09-15T14:55:28.245718,14,474ccba59d18cf70
1755477342326256,2026-09-15T14:55:28.245718,14,474ccba59d18cf70
1755490622324928,2026-09-15T14:55:28.245718,14,474ccba59d18cf70
1755491038991553,2026-09-15T14:55:28.245718,14,474ccba59d18cf70
1755628955644428,2026-09-15T14:55:28.245718,14,474ccba59d18cf70
1755702025637121,2026-09-15T14:55:28.245718,14,474ccba59d18cf70
1755771898963467,2026-09-15T14:55:28.245718,14,474ccba59d18cf70
1756059158934741,2026-09-15T14:55:28.245718,14,474ccba59d18cf70
1756281282245862,2026-09-15T14:55:28.245718,14,474ccba59d18cf70
1756600225547301,2026-09-15T14:55:28.245718,14,474ccba59d18cf70
1756623672211623,2026-09-15T14:55:28.245718,14,474ccba59d18cf70
1756628725544451,2026-09-15T14:55:28.245718,14,474ccba59d18cf70
1756644048876252,2026-09-15T14:55:28.245718,14,474ccba59d18cf70
1755338045673519,2026-09-15T14:55:28.245718,14,474ccba59d18cf70
1755354705671853,2026-09-15T14:55:28.245718,14,474ccba59d18cf70
1755375572336433,2026-09-15T14:55:28.245718,14,474ccba59d18cf70
1755381222335868,2026-09-15T14:55:28.245718,14,474ccba59d18cf70
1755382712335719,2026-09-15T14:55:28.245718,14,474ccba59d18cf70
1755400565667267,2026-09-15T14:55:28.245718,14,474ccba59d18cf70
1755406998999957,2026-09-15T14:55:28.245718,14,474ccba59d18cf70
1755458432328147,2026-09-15T14:55:28.245718,14,474ccba59d18cf70
1755480625659261,2026-09-15T14:55:28.245718,14,474ccba59d18cf70
1755693372304653,2026-09-15T14:55:28.245718,14,474ccba59d18cf70
1756662488874408,2026-09-15T14:55:28.245718,14,474ccba59d18cf70
1756668165540507,2026-09-15T14:55:28.245718,14,474ccba59d18cf70
1756696835537640,2026-09-15T14:55:28.245718,14,474ccba59d18cf70
1755355835671740,2026-09-15T14:55:28.245718,14,474ccba59d18cf70
1755364689004188,2026-09-15T14:55:28.245718,14,474ccba59d18cf70
1755966465610677,2026-09-15T14:55:28.245718,14,474ccba59d18cf70
1756058715601452,2026-09-15T14:55:28.245718,14,474ccba59d18cf70
1755773648963292,2026-09-15T14:55:28.245718,14,474ccba59d18cf70
1755792858961371,2026-09-15T14:55:28.245718,14,474ccba59d18cf70
1755799912293999,2026-09-15T14:55:28.245718,14,474ccba59d18cf70
1755801032293887,2026-09-15T14:55:28.245718,14,474ccba59d18cf70
1755801305627193,2026-09-15T14:55:28.245718,14,474ccba59d18cf70
1755808868959770,2026-09-15T14:55:28.245718,14,474ccba59d18cf70
1755880032285987,2026-09-15T14:55:28.245718,14,474ccba59d18cf70
1755902798950377,2026-09-15T14:55:28.245718,14,474ccba59d18cf70
1755903235617000,2026-09-15T14:55:28.245718,14,474ccba59d18cf70
1755904015616922,2026-09-15T14:55:28.245718,14,474ccba59d18cf70
1755904182283572,2026-09-15T14:55:28.245718,14,474ccba59d18cf70
1755921488948508,2026-09-15T14:55:28.245718,14,474ccba59d18cf70
1755982452275745,2026-09-15T14:55:28.245718,14,474ccba59d18cf70
1755982965609027,2026-09-15T14:55:28.245718,14,474ccba59d18cf70
1755983652275625,2026-09-15T14:55:28.245718,14,474ccba59d18cf70
1756260362247954,2026-09-15T14:55:28.245718,14,474ccba59d18cf70
1756278512246139,2026-09-15T14:55:28.245718,14,474ccba59d18cf70
1756331542240836,2026-09-15T14:55:28.245718,14,474ccba59d18cf70
1756570402216950,2026-09-15T14:55:28.245718,14,474ccba59d18cf70
1756610912212899,2026-09-15T14:55:28.245718,14,474ccba59d18cf70
1756651075542216,2026-09-15T14:55:28.245718,14,474ccba59d18cf70
1756665158874141,2026-09-15T14:55:28.245718,14,474ccba59d18cf70
1756683255538998,2026-09-15T14:55:28.245718,14,474ccba59d18cf70
1756698045537519,2026-09-15T14:55:28.245718,14,474ccba59d18cf70
1755886418952015,2026-09-15T14:55:28.245718,14,474ccba59d18cf70
1755888452285145,2026-09-15T14:55:28.245718,14,474ccba59d18cf70
1755753435631980,2026-09-15T14:55:28.245718,14,474ccba59d18cf70
1755753558965301,2026-09-15T14:55:28.245718,14,474ccba59d18cf70
1755753898965267,2026-09-15T14:55:28.245718,14,474ccba59d18cf70
1755754315631892,2026-09-15T14:55:28.245718,14,474ccba59d18cf70
1755754522298538,2026-09-15T14:55:28.245718,14,474ccba59d18cf70
1755754665631857,2026-09-15T14:55:28.245718,14,474ccba59d18cf70
1755754785631845,2026-09-15T14:55:28.245718,14,474ccba59d18cf70
1755755435631780,2026-09-15T14:55:28.245718,14,474ccba59d18cf70
1755756282298362,2026-09-15T14:55:28.245718,14,474ccba59d18cf70
1755756472298343,2026-09-15T14:55:28.245718,14,474ccba59d18cf70
1755756595631664,2026-09-15T14:55:28.245718,14,474ccba59d18cf70
1755756625631661,2026-09-15T14:55:28.245718,14,474ccba59d18cf70
1755757102298280,2026-09-15T14:55:28.245718,14,474ccba59d18cf70
1755759055631418,2026-09-15T14:55:28.245718,14,474ccba59d18cf70
1755759828964674,2026-09-15T14:55:28.245718,14,474ccba59d18cf70
1755759935631330,2026-09-15T14:55:28.245718,14,474ccba59d18cf70
1755760452297945,2026-09-15T14:55:28.245718,14,474ccba59d18cf70
1755761025631221,2026-09-15T14:55:28.245718,14,474ccba59d18cf70
1755761682297822,2026-09-15T14:55:28.245718,14,474ccba59d18cf70
1755765625630761,2026-09-15T14:55:28.245718,14,474ccba59d18cf70
1755768508963806,2026-09-15T14:55:28.245718,14,474ccba59d18cf70
1755770782296912,2026-09-15T14:55:28.245718,14,474ccba59d18cf70
1755772805630043,2026-09-15T14:55:28.245718,14,474ccba59d18cf70
1755773235630000,2026-09-15T14:55:28.245718,14,474ccba59d18cf70
1755773385629985,2026-09-15T14:55:28.245718,14,474ccba59d18cf70
1755785232295467,2026-09-15T14:55:28.245718,14,474ccba59d18cf70
1755787155628608,2026-09-15T14:55:28.245718,14,474ccba59d18cf70
1755793792294611,2026-09-15T14:55:28.245718,14,474ccba59d18cf70
1755794632294527,2026-09-15T14:55:28.245718,14,474ccba59d18cf70
1755797232294267,2026-09-15T14:55:28.245718,14,474ccba59d18cf70
1755809255626398,2026-09-15T14:55:28.245718,14,474ccba59d18cf70
1755817342292256,2026-09-15T14:55:28.245718,14,474ccba59d18cf70
1755824075624916,2026-09-15T14:55:28.245718,14,474ccba59d18cf70
1755827362291254,2026-09-15T14:55:28.245718,14,474ccba59d18cf70
1755835948957062,2026-09-15T14:55:28.245718,14,474ccba59d18cf70
1755837718956885,2026-09-15T14:55:28.245718,14,474ccba59d18cf70
1755838232290167,2026-09-15T14:55:28.245718,14,474ccba59d18cf70
1755841932289797,2026-09-15T14:55:28.245718,14,474ccba59d18cf70
1755846148956042,2026-09-15T14:55:28.245718,14,474ccba59d18cf70
1755846515622672,2026-09-15T14:55:28.245718,14,474ccba59d18cf70
1755850302288960,2026-09-15T14:55:28.245718,14,474ccba59d18cf70
1755860472287943,2026-09-15T14:55:28.245718,14,474ccba59d18cf70
1755862878954369,2026-09-15T14:55:28.245718,14,474ccba59d18cf70
1755866105620713,2026-09-15T14:55:28.245718,14,474ccba59d18cf70
1755871938953463,2026-09-15T14:55:28.245718,14,474ccba59d18cf70
1755874628953194,2026-09-15T14:55:28.245718,14,474ccba59d18cf70
1755880572285933,2026-09-15T14:55:28.245718,14,474ccba59d18cf70
1755891618951495,2026-09-15T14:55:28.245718,14,474ccba59d18cf70
1755893078951349,2026-09-15T14:55:28.245718,14,474ccba59d18cf70
1755893412284649,2026-09-15T14:55:28.245718,14,474ccba59d18cf70
1756018455605478,2026-09-15T14:55:28.245718,14,474ccba59d18cf70
1756030072270983,2026-09-15T14:55:28.245718,14,474ccba59d18cf70
1756158632258127,2026-09-15T14:55:28.245718,14,474ccba59d18cf70
1756189062255084,2026-09-15T14:55:28.245718,14,474ccba59d18cf70
1756189358921721,2026-09-15T14:55:28.245718,14,474ccba59d18cf70
1756203748920282,2026-09-15T14:55:28.245718,14,474ccba59d18cf70
1756280568912600,2026-09-15T14:55:28.245718,14,474ccba59d18cf70
1756529205554403,2026-09-15T14:55:28.245718,14,474ccba59d18cf70
1756545132219477,2026-09-15T14:55:28.245718,14,474ccba59d18cf70
1756556315551692,2026-09-15T14:55:28.245718,14,474ccba59d18cf70
1756556582218332,2026-09-15T14:55:28.245718,14,474ccba59d18cf70
1756664268874230,2026-09-15T14:55:28.245718,14,474ccba59d18cf70
1756677208872936,2026-09-15T14:55:28.245718,14,474ccba59d18cf70
1756760148864642,2026-09-15T14:55:28.245718,14,474ccba59d18cf70
1755855692288421,2026-09-15T14:55:28.245718,14,474ccba59d18cf70
1755868035620520,2026-09-15T14:55:28.245718,14,474ccba59d18cf70
1755946148946042,2026-09-15T14:55:28.245718,14,474ccba59d18cf70
1755946832279307,2026-09-15T14:55:28.245718,14,474ccba59d18cf70
1755980232275967,2026-09-15T14:55:28.245718,14,474ccba59d18cf70
1756022285605095,2026-09-15T14:55:28.245718,14,474ccba59d18cf70
1756024715604852,2026-09-15T14:55:28.245718,14,474ccba59d18cf70
1756039782270012,2026-09-15T14:55:28.245718,14,474ccba59d18cf70
1756048832269107,2026-09-15T14:55:28.245718,14,474ccba59d18cf70
1756060472267943,2026-09-15T14:55:28.245718,14,474ccba59d18cf70
1756066765600647,2026-09-15T14:55:28.245718,14,474ccba59d18cf70
1756070005600323,2026-09-15T14:55:28.245718,14,474ccba59d18cf70
1756126608927996,2026-09-15T14:55:28.245718,14,474ccba59d18cf70
1756136822260308,2026-09-15T14:55:28.245718,14,474ccba59d18cf70
1756526392221351,2026-09-15T14:55:28.245718,14,474ccba59d18cf70
1756545178886139,2026-09-15T14:55:28.245718,14,474ccba59d18cf70
1756546385552685,2026-09-15T14:55:28.245718,14,474ccba59d18cf70
1756568272217163,2026-09-15T14:55:28.245718,14,474ccba59d18cf70
1756571292216861,2026-09-15T14:55:28.245718,14,474ccba59d18cf70
1756572362216754,2026-09-15T14:55:28.245718,14,474ccba59d18cf70
1756573222216668,2026-09-15T14:55:28.245718,14,474ccba59d18cf70
1756585175548806,2026-09-15T14:55:28.245718,14,474ccba59d18cf70
1756586052215385,2026-09-15T14:55:28.245718,14,474ccba59d18cf70
1756590675548256,2026-09-15T14:55:28.245718,14,474ccba59d18cf70
1756605918880065,2026-09-15T14:55:28.245718,14,474ccba59d18cf70
1756617542212236,2026-09-15T14:55:28.245718,14,474ccba59d18cf70
1756626805544643,2026-09-15T14:55:28.245718,14,474ccba59d18cf70
1756671938873463,2026-09-15T14:55:28.245718,14,474ccba59d18cf70
1756703312203659,2026-09-15T14:55:28.245718,14,474ccba59d18cf70
1756739392200051,2026-09-15T14:55:28.245718,14,474ccba59d18cf70
1756740162199974,2026-09-15T14:55:28.245718,14,474ccba59d18cf70
1756762502197740,2026-09-15T14:55:28.245718,14,474ccba59d18cf70
1756783028862354,2026-09-15T14:55:28.245718,14,474ccba59d18cf70
1756797322194258,2026-09-15T14:55:28.245718,14,474ccba59d18cf70
1756797912194199,2026-09-15T14:55:28.245718,14,474ccba59d18cf70
1755768562297134,2026-09-15T14:55:28.245718,14,474ccba59d18cf70
1755880815619242,2026-09-15T14:55:28.245718,14,474ccba59d18cf70
1756606162213374,2026-09-15T14:55:28.245718,14,474ccba59d18cf70
1756743565532967,2026-09-15T14:55:28.245718,14,474ccba59d18cf70
1756751398865517,2026-09-15T14:55:28.245718,14,474ccba59d18cf70
1755763182297672,2026-09-15T14:55:28.245718,14,474ccba59d18cf70
1755768882297102,2026-09-15T14:55:28.245718,14,474ccba59d18cf70
1755779688962688,2026-09-15T14:55:28.245718,14,474ccba59d18cf70
1755782298962427,2026-09-15T14:55:28.245718,14,474ccba59d18cf70
1755785052295485,2026-09-15T14:55:28.245718,14,474ccba59d18cf70
1755794672294523,2026-09-15T14:55:28.245718,14,474ccba59d18cf70
1755805755626748,2026-09-15T14:55:28.245718,14,474ccba59d18cf70
1755808608959796,2026-09-15T14:55:28.245718,14,474ccba59d18cf70
1755812945626029,2026-09-15T14:55:28.245718,14,474ccba59d18cf70
1755869832287007,2026-09-15T14:55:28.245718,14,474ccba59d18cf70
1755870685620255,2026-09-15T14:55:28.245718,14,474ccba59d18cf70
1755871312286859,2026-09-15T14:55:28.245718,14,474ccba59d18cf70
1755877888952868,2026-09-15T14:55:28.245718,14,474ccba59d18cf70
1755883008952356,2026-09-15T14:55:28.245718,14,474ccba59d18cf70
1755894152284575,2026-09-15T14:55:28.245718,14,474ccba59d18cf70
1755904545616869,2026-09-15T14:55:28.245718,14,474ccba59d18cf70
1756031392270851,2026-09-15T14:55:28.245718,14,474ccba59d18cf70
1756596675547656,2026-09-15T14:55:28.245718,14,474ccba59d18cf70
1756623682211622,2026-09-15T14:55:28.245718,14,474ccba59d18cf70
1755857405621583,2026-09-15T14:55:28.245718,14,474ccba59d18cf70
1755859358954721,2026-09-15T14:55:28.245718,14,474ccba59d18cf70
1755860002287990,2026-09-15T14:55:28.245718,14,474ccba59d18cf70
1755864628954194,2026-09-15T14:55:28.245718,14,474ccba59d18cf70
1755864702287520,2026-09-15T14:55:28.245718,14,474ccba59d18cf70
1755864735620850,2026-09-15T14:55:28.245718,14,474ccba59d18cf70
1755865238954133,2026-09-15T14:55:28.245718,14,474ccba59d18cf70
1755865632287427,2026-09-15T14:55:28.245718,14,474ccba59d18cf70
1755868235620500,2026-09-15T14:55:28.245718,14,474ccba59d18cf70
1755870582286932,2026-09-15T14:55:28.245718,14,474ccba59d18cf70
1755873878953269,2026-09-15T14:55:28.245718,14,474ccba59d18cf70
1755875268953130,2026-09-15T14:55:28.245718,14,474ccba59d18cf70
1755877328952924,2026-09-15T14:55:28.245718,14,474ccba59d18cf70
1755877905619533,2026-09-15T14:55:28.245718,14,474ccba59d18cf70
1755879905619333,2026-09-15T14:55:28.245718,14,474ccba59d18cf70
1755880368952620,2026-09-15T14:55:28.245718,14,474ccba59d18cf70
1755882115619112,2026-09-15T14:55:28.245718,14,474ccba59d18cf70
1755882432285747,2026-09-15T14:55:28.245718,14,474ccba59d18cf70
1755895708951086,2026-09-15T14:55:28.245718,14,474ccba59d18cf70
1755902228950434,2026-09-15T14:55:28.245718,14,474ccba59d18cf70
1755907608949896,2026-09-15T14:55:28.245718,14,474ccba59d18cf70
1755908675616456,2026-09-15T14:55:28.245718,14,474ccba59d18cf70
1755910802282910,2026-09-15T14:55:28.245718,14,474ccba59d18cf70
1755914975615826,2026-09-15T14:55:28.245718,14,474ccba59d18cf70
1755919672282023,2026-09-15T14:55:28.245718,14,474ccba59d18cf70
1755924005614923,2026-09-15T14:55:28.245718,14,474ccba59d18cf70
1755925208948136,2026-09-15T14:55:28.245718,14,474ccba59d18cf70
1755925325614791,2026-09-15T14:55:28.245718,14,474ccba59d18cf70
1755932165614107,2026-09-15T14:55:28.245718,14,474ccba59d18cf70
1755963958944261,2026-09-15T14:55:28.245718,14,474ccba59d18cf70
1755983475608976,2026-09-15T14:55:28.245718,14,474ccba59d18cf70
1755984995608824,2026-09-15T14:55:28.245718,14,474ccba59d18cf70
1755992422274748,2026-09-15T14:55:28.245718,14,474ccba59d18cf70
1755994285607895,2026-09-15T14:55:28.245718,14,474ccba59d18cf70
1755998818940775,2026-09-15T14:55:28.245718,14,474ccba59d18cf70
1756039355603388,2026-09-15T14:55:28.245718,14,474ccba59d18cf70
1756066408934016,2026-09-15T14:55:28.245718,14,474ccba59d18cf70
1756102725597051,2026-09-15T14:55:28.245718,14,474ccba59d18cf70
1756216225585701,2026-09-15T14:55:28.245718,14,474ccba59d18cf70
1756280825579241,2026-09-15T14:55:28.245718,14,474ccba59d18cf70
1756330502240940,2026-09-15T14:55:28.245718,14,474ccba59d18cf70
1756520798888577,2026-09-15T14:55:28.245718,14,474ccba59d18cf70
1756551778885479,2026-09-15T14:55:28.245718,14,474ccba59d18cf70
1756574378883219,2026-09-15T14:55:28.245718,14,474ccba59d18cf70
1756663115541012,2026-09-15T14:55:28.245718,14,474ccba59d18cf70
1756688095538514,2026-09-15T14:55:28.245718,14,474ccba59d18cf70
1756759132198077,2026-09-15T14:55:28.245718,14,474ccba59d18cf70
1755919002282090,2026-09-15T14:55:28.245718,14,474ccba59d18cf70
1755919118948745,2026-09-15T14:55:28.245718,14,474ccba59d18cf70
1755919268948730,2026-09-15T14:55:28.245718,14,474ccba59d18cf70
1755919305615393,2026-09-15T14:55:28.245718,14,474ccba59d18cf70
1755920048948652,2026-09-15T14:55:28.245718,14,474ccba59d18cf70
1755922612281729,2026-09-15T14:55:28.245718,14,474ccba59d18cf70
1755925082281482,2026-09-15T14:55:28.245718,14,474ccba59d18cf70
1755947772279213,2026-09-15T14:55:28.245718,14,474ccba59d18cf70
1755968545610469,2026-09-15T14:55:28.245718,14,474ccba59d18cf70
1755974592276531,2026-09-15T14:55:28.245718,14,474ccba59d18cf70
1755974868943170,2026-09-15T14:55:28.245718,14,474ccba59d18cf70
1755981042275886,2026-09-15T14:55:28.245718,14,474ccba59d18cf70
1756016305605693,2026-09-15T14:55:28.245718,14,474ccba59d18cf70
1756020785605245,2026-09-15T14:55:28.245718,14,474ccba59d18cf70
1756020952271895,2026-09-15T14:55:28.245718,14,474ccba59d18cf70
1756021128938544,2026-09-15T14:55:28.245718,14,474ccba59d18cf70
1756021378938519,2026-09-15T14:55:28.245718,14,474ccba59d18cf70
1756021502271840,2026-09-15T14:55:28.245718,14,474ccba59d18cf70
1756026472271343,2026-09-15T14:55:28.245718,14,474ccba59d18cf70
1756031238937533,2026-09-15T14:55:28.245718,14,474ccba59d18cf70
1756042358936421,2026-09-15T14:55:28.245718,14,474ccba59d18cf70
1756043475602976,2026-09-15T14:55:28.245718,14,474ccba59d18cf70
1756044282269562,2026-09-15T14:55:28.245718,14,474ccba59d18cf70
1756045865602737,2026-09-15T14:55:28.245718,14,474ccba59d18cf70
1756050998935557,2026-09-15T14:55:28.245718,14,474ccba59d18cf70
1756114988929158,2026-09-15T14:55:28.245718,14,474ccba59d18cf70
1756124382261552,2026-09-15T14:55:28.245718,14,474ccba59d18cf70
1756230042250986,2026-09-15T14:55:28.245718,14,474ccba59d18cf70
1756280328912624,2026-09-15T14:55:28.245718,14,474ccba59d18cf70
1756306125576711,2026-09-15T14:55:28.245718,14,474ccba59d18cf70
1756329652241025,2026-09-15T14:55:28.245718,14,474ccba59d18cf70
1756599708880686,2026-09-15T14:55:28.245718,14,474ccba59d18cf70
1756602388880418,2026-09-15T14:55:28.245718,14,474ccba59d18cf70
1756619495545374,2026-09-15T14:55:28.245718,14,474ccba59d18cf70
1756619968878660,2026-09-15T14:55:28.245718,14,474ccba59d18cf70
1756661185541205,2026-09-15T14:55:28.245718,14,474ccba59d18cf70
1755918685615455,2026-09-15T14:55:28.245718,14,474ccba59d18cf70
1755919542282036,2026-09-15T14:55:28.245718,14,474ccba59d18cf70
1755926288948028,2026-09-15T14:55:28.245718,14,474ccba59d18cf70
1755927638947893,2026-09-15T14:55:28.245718,14,474ccba59d18cf70
1755949038945753,2026-09-15T14:55:28.245718,14,474ccba59d18cf70
1755967042277286,2026-09-15T14:55:28.245718,14,474ccba59d18cf70
1755975758943081,2026-09-15T14:55:28.245718,14,474ccba59d18cf70
1755977702276220,2026-09-15T14:55:28.245718,14,474ccba59d18cf70
1755981308942526,2026-09-15T14:55:28.245718,14,474ccba59d18cf70
1755983498942307,2026-09-15T14:55:28.245718,14,474ccba59d18cf70
1756011832272807,2026-09-15T14:55:28.245718,14,474ccba59d18cf70
1756012265606097,2026-09-15T14:55:28.245718,14,474ccba59d18cf70
1756029545604369,2026-09-15T14:55:28.245718,14,474ccba59d18cf70
1756048458935811,2026-09-15T14:55:28.245718,14,474ccba59d18cf70
1756281485579175,2026-09-15T14:55:28.245718,14,474ccba59d18cf70
1756329918907665,2026-09-15T14:55:28.245718,14,474ccba59d18cf70
1756582915549032,2026-09-15T14:55:28.245718,14,474ccba59d18cf70
1756597865547537,2026-09-15T14:55:28.245718,14,474ccba59d18cf70
1756652008875456,2026-09-15T14:55:28.245718,14,474ccba59d18cf70
1756670098873647,2026-09-15T14:55:28.245718,14,474ccba59d18cf70
1756701315537192,2026-09-15T14:55:28.245718,14,474ccba59d18cf70
1756723775534946,2026-09-15T14:55:28.245718,14,474ccba59d18cf70
1756105412263449,2026-09-15T14:55:28.245718,14,474ccba59d18cf70
1756105785596745,2026-09-15T14:55:28.245718,14,474ccba59d18cf70
1756106658929991,2026-09-15T14:55:28.245718,14,474ccba59d18cf70
1756116915595632,2026-09-15T14:55:28.245718,14,474ccba59d18cf70
1756120268928630,2026-09-15T14:55:28.245718,14,474ccba59d18cf70
1756122565595067,2026-09-15T14:55:28.245718,14,474ccba59d18cf70
1756125075594816,2026-09-15T14:55:28.245718,14,474ccba59d18cf70
1756141365593187,2026-09-15T14:55:28.245718,14,474ccba59d18cf70
1756145205592803,2026-09-15T14:55:28.245718,14,474ccba59d18cf70
1756161878924469,2026-09-15T14:55:28.245718,14,474ccba59d18cf70
1756223598918297,2026-09-15T14:55:28.245718,14,474ccba59d18cf70
1756231932250797,2026-09-15T14:55:28.245718,14,474ccba59d18cf70
1756279578912699,2026-09-15T14:55:28.245718,14,474ccba59d18cf70
1756331042240886,2026-09-15T14:55:28.245718,14,474ccba59d18cf70
1756651212208869,2026-09-15T14:55:28.245718,14,474ccba59d18cf70
1756725672201423,2026-09-15T14:55:28.245718,14,474ccba59d18cf70
1756107538929903,2026-09-15T14:55:28.245718,14,474ccba59d18cf70
1756108105596513,2026-09-15T14:55:28.245718,14,474ccba59d18cf70
1756119008928756,2026-09-15T14:55:28.245718,14,474ccba59d18cf70
1756125422261448,2026-09-15T14:55:28.245718,14,474ccba59d18cf70
1756129165594407,2026-09-15T14:55:28.245718,14,474ccba59d18cf70
1756243245582999,2026-09-15T14:55:28.245718,14,474ccba59d18cf70
1756248785582445,2026-09-15T14:55:28.245718,14,474ccba59d18cf70
1756278795579444,2026-09-15T14:55:28.245718,14,474ccba59d18cf70
1756319925575331,2026-09-15T14:55:28.245718,14,474ccba59d18cf70
1756329318907725,2026-09-15T14:55:28.245718,14,474ccba59d18cf70
1756794558861201,2026-09-15T14:55:28.245718,14,474ccba59d18cf70
2508428499661041,2026-09-15T14:55:28.245718,14,474ccba59d18cf70
2509779706192587,2026-09-15T14:55:28.245718,14,474ccba59d18cf70
2509804569523434,2026-09-15T14:55:28.245718,14,474ccba59d18cf70
2511232732713951,2026-09-15T14:55:28.245718,14,474ccba59d18cf70
2511233496047208,2026-09-15T14:55:28.245718,14,474ccba59d18cf70
2511260589377832,2026-09-15T14:55:28.245718,14,474ccba59d18cf70
2511285529375338,2026-09-15T14:55:28.245718,14,474ccba59d18cf70
2511286946041863,2026-09-15T14:55:28.245718,14,474ccba59d18cf70
2511302429373648,2026-09-15T14:55:28.245718,14,474ccba59d18cf70
2511365506034007,2026-09-15T14:55:28.245718,14,474ccba59d18cf70
2510298916140666,2026-09-15T14:55:28.245718,14,474ccba59d18cf70
2504842473352977,2026-09-15T14:55:28.245718,14,474ccba59d18cf70
2509404546230103,2026-09-15T14:55:28.245718,14,474ccba59d18cf70
2509579456212612,2026-09-15T14:55:28.245718,14,474ccba59d18cf70
2509321982905026,2026-09-15T14:55:28.245718,14,474ccba59d18cf70
2509333672903857,2026-09-15T14:55:28.245718,14,474ccba59d18cf70
2509406636229894,2026-09-15T14:55:28.245718,14,474ccba59d18cf70
2509685346202023,2026-09-15T14:55:28.245718,14,474ccba59d18cf70
2509686779535213,2026-09-15T14:55:28.245718,14,474ccba59d18cf70
2510230396147518,2026-09-15T14:55:28.245718,14,474ccba59d18cf70
2510232212814003,2026-09-15T14:55:28.245718,14,474ccba59d18cf70
2510469592790265,2026-09-15T14:55:28.245718,14,474ccba59d18cf70
2510469942790230,2026-09-15T14:55:28.245718,14,474ccba59d18cf70
2508288353008389,2026-09-15T14:55:28.245718,14,474ccba59d18cf70
2507440496426508,2026-09-15T14:55:28.245718,14,474ccba59d18cf70
2507447089759182,2026-09-15T14:55:28.245718,14,474ccba59d18cf70
2507449266425631,2026-09-15T14:55:28.245718,14,474ccba59d18cf70
2507451326425425,2026-09-15T14:55:28.245718,14,474ccba59d18cf70
2507452239758667,2026-09-15T14:55:28.245718,14,474ccba59d18cf70
2507453126425245,2026-09-15T14:55:28.245718,14,474ccba59d18cf70
2507453549758536,2026-09-15T14:55:28.245718,14,474ccba59d18cf70
2507454413091783,2026-09-15T14:55:28.245718,14,474ccba59d18cf70
2507478443089380,2026-09-15T14:55:28.245718,14,474ccba59d18cf70
2507532009750690,2026-09-15T14:55:28.245718,14,474ccba59d18cf70
2507640866406471,2026-09-15T14:55:28.245718,14,474ccba59d18cf70
2508174409686450,2026-09-15T14:55:28.245718,14,474ccba59d18cf70
2508354949668396,2026-09-15T14:55:28.245718,14,474ccba59d18cf70
2507712286399329,2026-09-15T14:55:28.245718,14,474ccba59d18cf70
2507715199732371,2026-09-15T14:55:28.245718,14,474ccba59d18cf70
2507777519726139,2026-09-15T14:55:28.245718,14,474ccba59d18cf70
2507786399725251,2026-09-15T14:55:28.245718,14,474ccba59d18cf70
2507805423056682,2026-09-15T14:55:28.245718,14,474ccba59d18cf70
2507805669723324,2026-09-15T14:55:28.245718,14,474ccba59d18cf70
2507805696389988,2026-09-15T14:55:28.245718,14,474ccba59d18cf70
2507805836389974,2026-09-15T14:55:28.245718,14,474ccba59d18cf70
2507807653056459,2026-09-15T14:55:28.245718,14,474ccba59d18cf70
2507819093055315,2026-09-15T14:55:28.245718,14,474ccba59d18cf70
2507823213054903,2026-09-15T14:55:28.245718,14,474ccba59d18cf70
2507823623054862,2026-09-15T14:55:28.245718,14,474ccba59d18cf70
2507824296388128,2026-09-15T14:55:28.245718,14,474ccba59d18cf70
2507828573054367,2026-09-15T14:55:28.245718,14,474ccba59d18cf70
2507830653054159,2026-09-15T14:55:28.245718,14,474ccba59d18cf70
2507852819718609,2026-09-15T14:55:28.245718,14,474ccba59d18cf70
2507853349718556,2026-09-15T14:55:28.245718,14,474ccba59d18cf70
2508280779675813,2026-09-15T14:55:28.245718,14,474ccba59d18cf70
2508291809674710,2026-09-15T14:55:28.245718,14,474ccba59d18cf70
2508343949669496,2026-09-15T14:55:28.245718,14,474ccba59d18cf70
2508334693003755,2026-09-15T14:55:28.245718,14,474ccba59d18cf70
2508336009670290,2026-09-15T14:55:28.245718,14,474ccba59d18cf70
2508336716336886,2026-09-15T14:55:28.245718,14,474ccba59d18cf70
2508340053003219,2026-09-15T14:55:28.245718,14,474ccba59d18cf70
2508341733003051,2026-09-15T14:55:28.245718,14,474ccba59d18cf70
2508345193002705,2026-09-15T14:55:28.245718,14,474ccba59d18cf70
2508347963002428,2026-09-15T14:55:28.245718,14,474ccba59d18cf70
2508348439669047,2026-09-15T14:55:28.245718,14,474ccba59d18cf70
2508348623002362,2026-09-15T14:55:28.245718,14,474ccba59d18cf70
2508349193002305,2026-09-15T14:55:28.245718,14,474ccba59d18cf70
2508358479668043,2026-09-15T14:55:28.245718,14,474ccba59d18cf70
2508362513000973,2026-09-15T14:55:28.245718,14,474ccba59d18cf70
2508363369667554,2026-09-15T14:55:28.245718,14,474ccba59d18cf70
2508366909667200,2026-09-15T14:55:28.245718,14,474ccba59d18cf70
2508371406333417,2026-09-15T14:55:28.245718,14,474ccba59d18cf70
2508377482999476,2026-09-15T14:55:28.245718,14,474ccba59d18cf70
2508381389665752,2026-09-15T14:55:28.245718,14,474ccba59d18cf70
2508383246332233,2026-09-15T14:55:28.245718,14,474ccba59d18cf70
2508384852998739,2026-09-15T14:55:28.245718,14,474ccba59d18cf70
2508410406329517,2026-09-15T14:55:28.245718,14,474ccba59d18cf70
2508437712993453,2026-09-15T14:55:28.245718,14,474ccba59d18cf70
2508452986325259,2026-09-15T14:55:28.245718,14,474ccba59d18cf70
2508493136321244,2026-09-15T14:55:28.245718,14,474ccba59d18cf70
2508499046320653,2026-09-15T14:55:28.245718,14,474ccba59d18cf70
2508521669651724,2026-09-15T14:55:28.245718,14,474ccba59d18cf70
2508529362984288,2026-09-15T14:55:28.245718,14,474ccba59d18cf70
2508534596317098,2026-09-15T14:55:28.245718,14,474ccba59d18cf70
2508535279650363,2026-09-15T14:55:28.245718,14,474ccba59d18cf70
2508544959649395,2026-09-15T14:55:28.245718,14,474ccba59d18cf70
2508597369644154,2026-09-15T14:55:28.245718,14,474ccba59d18cf70
2508637919640099,2026-09-15T14:55:28.245718,14,474ccba59d18cf70
2508687439635147,2026-09-15T14:55:28.245718,14,474ccba59d18cf70
2508687609635130,2026-09-15T14:55:28.245718,14,474ccba59d18cf70
2508755726294985,2026-09-15T14:55:28.245718,14,474ccba59d18cf70
2508806032956621,2026-09-15T14:55:28.245718,14,474ccba59d18cf70
2508883982948826,2026-09-15T14:55:28.245718,14,474ccba59d18cf70
2509329199570971,2026-09-15T14:55:28.245718,14,474ccba59d18cf70
2509330856237472,2026-09-15T14:55:28.245718,14,474ccba59d18cf70
2509343909569500,2026-09-15T14:55:28.245718,14,474ccba59d18cf70
2509408962896328,2026-09-15T14:55:28.245718,14,474ccba59d18cf70
2508334813003743,2026-09-15T14:55:28.245718,14,474ccba59d18cf70
2508335319670359,2026-09-15T14:55:28.245718,14,474ccba59d18cf70
2508336063003618,2026-09-15T14:55:28.245718,14,474ccba59d18cf70
2508340926336465,2026-09-15T14:55:28.245718,14,474ccba59d18cf70
2508341503003074,2026-09-15T14:55:28.245718,14,474ccba59d18cf70
2508345613002663,2026-09-15T14:55:28.245718,14,474ccba59d18cf70
2508346226335935,2026-09-15T14:55:28.245718,14,474ccba59d18cf70
2508350619668829,2026-09-15T14:55:28.245718,14,474ccba59d18cf70
2508370476333510,2026-09-15T14:55:28.245718,14,474ccba59d18cf70
2508375359666355,2026-09-15T14:55:28.245718,14,474ccba59d18cf70
2508381179665773,2026-09-15T14:55:28.245718,14,474ccba59d18cf70
2508400739663817,2026-09-15T14:55:28.245718,14,474ccba59d18cf70
2508625219641369,2026-09-15T14:55:28.245718,14,474ccba59d18cf70
2508672259636665,2026-09-15T14:55:28.245718,14,474ccba59d18cf70
2508715919632299,2026-09-15T14:55:28.245718,14,474ccba59d18cf70
2508768842960340,2026-09-15T14:55:28.245718,14,474ccba59d18cf70
2509231056247452,2026-09-15T14:55:28.245718,14,474ccba59d18cf70
2511485206022037,2026-09-15T14:55:28.245718,14,474ccba59d18cf70
2511577139346177,2026-09-15T14:55:28.245718,14,474ccba59d18cf70
2511588649345026,2026-09-15T14:55:28.245718,14,474ccba59d18cf70
2511611606009397,2026-09-15T14:55:28.245718,14,474ccba59d18cf70
2512040629299828,2026-09-15T14:55:28.245718,14,474ccba59d18cf70
2508332573003967,2026-09-15T14:55:28.245718,14,474ccba59d18cf70
2508343269669564,2026-09-15T14:55:28.245718,14,474ccba59d18cf70
2508351436335414,2026-09-15T14:55:28.245718,14,474ccba59d18cf70
2508356126334945,2026-09-15T14:55:28.245718,14,474ccba59d18cf70
2508356179668273,2026-09-15T14:55:28.245718,14,474ccba59d18cf70
2508357613001463,2026-09-15T14:55:28.245718,14,474ccba59d18cf70
2508357756334782,2026-09-15T14:55:28.245718,14,474ccba59d18cf70
2508362189667672,2026-09-15T14:55:28.245718,14,474ccba59d18cf70
2508362803000944,2026-09-15T14:55:28.245718,14,474ccba59d18cf70
2508364483000776,2026-09-15T14:55:28.245718,14,474ccba59d18cf70
2508371176333440,2026-09-15T14:55:28.245718,14,474ccba59d18cf70
2508384432998781,2026-09-15T14:55:28.245718,14,474ccba59d18cf70
2508391612998063,2026-09-15T14:55:28.245718,14,474ccba59d18cf70
2508395136331044,2026-09-15T14:55:28.245718,14,474ccba59d18cf70
2508449426325615,2026-09-15T14:55:28.245718,14,474ccba59d18cf70
2508457796324778,2026-09-15T14:55:28.245718,14,474ccba59d18cf70
2508514152985809,2026-09-15T14:55:28.245718,14,474ccba59d18cf70
2508538209650070,2026-09-15T14:55:28.245718,14,474ccba59d18cf70
2508541239649767,2026-09-15T14:55:28.245718,14,474ccba59d18cf70
2508555222981702,2026-09-15T14:55:28.245718,14,474ccba59d18cf70
2508572652979959,2026-09-15T14:55:28.245718,14,474ccba59d18cf70
2508623649641526,2026-09-15T14:55:28.245718,14,474ccba59d18cf70
2508871059616785,2026-09-15T14:55:28.245718,14,474ccba59d18cf70
2509260786244479,2026-09-15T14:55:28.245718,14,474ccba59d18cf70
2509265206244037,2026-09-15T14:55:28.245718,14,474ccba59d18cf70
2508359849667906,2026-09-15T14:55:28.245718,14,474ccba59d18cf70
2508360013001223,2026-09-15T14:55:28.245718,14,474ccba59d18cf70
2508360806334477,2026-09-15T14:55:28.245718,14,474ccba59d18cf70
2508361969667694,2026-09-15T14:55:28.245718,14,474ccba59d18cf70
2508368543000370,2026-09-15T14:55:28.245718,14,474ccba59d18cf70
2508369119666979,2026-09-15T14:55:28.245718,14,474ccba59d18cf70
2508370143000210,2026-09-15T14:55:28.245718,14,474ccba59d18cf70
2508371013000123,2026-09-15T14:55:28.245718,14,474ccba59d18cf70
2508371549666736,2026-09-15T14:55:28.245718,14,474ccba59d18cf70
2508374279666463,2026-09-15T14:55:28.245718,14,474ccba59d18cf70
2508374672999757,2026-09-15T14:55:28.245718,14,474ccba59d18cf70
2508375089666382,2026-09-15T14:55:28.245718,14,474ccba59d18cf70
2508376352999589,2026-09-15T14:55:28.245718,14,474ccba59d18cf70
2508377209666170,2026-09-15T14:55:28.245718,14,474ccba59d18cf70
2508378169666074,2026-09-15T14:55:28.245718,14,474ccba59d18cf70
2508379276332630,2026-09-15T14:55:28.245718,14,474ccba59d18cf70
2508379309665960,2026-09-15T14:55:28.245718,14,474ccba59d18cf70
2508380056332552,2026-09-15T14:55:28.245718,14,474ccba59d18cf70
2508380179665873,2026-09-15T14:55:28.245718,14,474ccba59d18cf70
2508380362999188,2026-09-15T14:55:28.245718,14,474ccba59d18cf70
2508380686332489,2026-09-15T14:55:28.245718,14,474ccba59d18cf70
2508380906332467,2026-09-15T14:55:28.245718,14,474ccba59d18cf70
2508381242999100,2026-09-15T14:55:28.245718,14,474ccba59d18cf70
2508387432998481,2026-09-15T14:55:28.245718,14,474ccba59d18cf70
2508392189664672,2026-09-15T14:55:28.245718,14,474ccba59d18cf70
2508392409664650,2026-09-15T14:55:28.245718,14,474ccba59d18cf70
2508398366330721,2026-09-15T14:55:28.245718,14,474ccba59d18cf70
2508404329663458,2026-09-15T14:55:28.245718,14,474ccba59d18cf70
2508408699663021,2026-09-15T14:55:28.245718,14,474ccba59d18cf70
2508408926329665,2026-09-15T14:55:28.245718,14,474ccba59d18cf70
2508410746329483,2026-09-15T14:55:28.245718,14,474ccba59d18cf70
2508411852996039,2026-09-15T14:55:28.245718,14,474ccba59d18cf70
2508412102996014,2026-09-15T14:55:28.245718,14,474ccba59d18cf70
2508413549662536,2026-09-15T14:55:28.245718,14,474ccba59d18cf70
2508413762995848,2026-09-15T14:55:28.245718,14,474ccba59d18cf70
2508413916329166,2026-09-15T14:55:28.245718,14,474ccba59d18cf70
2508414696329088,2026-09-15T14:55:28.245718,14,474ccba59d18cf70
2508415012995723,2026-09-15T14:55:28.245718,14,474ccba59d18cf70
2508417302995494,2026-09-15T14:55:28.245718,14,474ccba59d18cf70
2508429066327651,2026-09-15T14:55:28.245718,14,474ccba59d18cf70
2508431699660721,2026-09-15T14:55:28.245718,14,474ccba59d18cf70
2508431839660707,2026-09-15T14:55:28.245718,14,474ccba59d18cf70
2508440259659865,2026-09-15T14:55:28.245718,14,474ccba59d18cf70
2508441619659729,2026-09-15T14:55:28.245718,14,474ccba59d18cf70
2508442946326263,2026-09-15T14:55:28.245718,14,474ccba59d18cf70
2508449142992310,2026-09-15T14:55:28.245718,14,474ccba59d18cf70
2508472609656630,2026-09-15T14:55:28.245718,14,474ccba59d18cf70
2508482236322334,2026-09-15T14:55:28.245718,14,474ccba59d18cf70
2508483462988878,2026-09-15T14:55:28.245718,14,474ccba59d18cf70
2508493456321212,2026-09-15T14:55:28.245718,14,474ccba59d18cf70
2508496286320929,2026-09-15T14:55:28.245718,14,474ccba59d18cf70
2508497162987508,2026-09-15T14:55:28.245718,14,474ccba59d18cf70
2508497366320821,2026-09-15T14:55:28.245718,14,474ccba59d18cf70
2508497776320780,2026-09-15T14:55:28.245718,14,474ccba59d18cf70
2508498606320697,2026-09-15T14:55:28.245718,14,474ccba59d18cf70
2508536816316876,2026-09-15T14:55:28.245718,14,474ccba59d18cf70
2508537759650115,2026-09-15T14:55:28.245718,14,474ccba59d18cf70
2508547762982448,2026-09-15T14:55:28.245718,14,474ccba59d18cf70
2508549212982303,2026-09-15T14:55:28.245718,14,474ccba59d18cf70
2508549392982285,2026-09-15T14:55:28.245718,14,474ccba59d18cf70
2508570682980156,2026-09-15T14:55:28.245718,14,474ccba59d18cf70
2508578222979402,2026-09-15T14:55:28.245718,14,474ccba59d18cf70
2508636959640195,2026-09-15T14:55:28.245718,14,474ccba59d18cf70
2508680289635862,2026-09-15T14:55:28.245718,14,474ccba59d18cf70
2508700449633846,2026-09-15T14:55:28.245718,14,474ccba59d18cf70
2508728362964388,2026-09-15T14:55:28.245718,14,474ccba59d18cf70
2508729829630908,2026-09-15T14:55:28.245718,14,474ccba59d18cf70
2508742132963011,2026-09-15T14:55:28.245718,14,474ccba59d18cf70
2508889962948228,2026-09-15T14:55:28.245718,14,474ccba59d18cf70
2509057026264855,2026-09-15T14:55:28.245718,14,474ccba59d18cf70
2509164849587406,2026-09-15T14:55:28.245718,14,474ccba59d18cf70
2509171029586788,2026-09-15T14:55:28.245718,14,474ccba59d18cf70
2509184476252110,2026-09-15T14:55:28.245718,14,474ccba59d18cf70
2509211406249417,2026-09-15T14:55:28.245718,14,474ccba59d18cf70
2509396036230954,2026-09-15T14:55:28.245718,14,474ccba59d18cf70
2509397216230836,2026-09-15T14:55:28.245718,14,474ccba59d18cf70
2510258069478084,2026-09-15T14:55:28.245718,14,474ccba59d18cf70
2510351319468759,2026-09-15T14:55:28.245718,14,474ccba59d18cf70
2510354222801802,2026-09-15T14:55:28.245718,14,474ccba59d18cf70
2510355282801696,2026-09-15T14:55:28.245718,14,474ccba59d18cf70
2510429426127615,2026-09-15T14:55:28.245718,14,474ccba59d18cf70
2508629092974315,2026-09-15T14:55:28.245718,14,474ccba59d18cf70
2508888152948409,2026-09-15T14:55:28.245718,14,474ccba59d18cf70
2508637356306822,2026-09-15T14:55:28.245718,14,474ccba59d18cf70
2508657059638185,2026-09-15T14:55:28.245718,14,474ccba59d18cf70
2508658629638028,2026-09-15T14:55:28.245718,14,474ccba59d18cf70
2508662806304277,2026-09-15T14:55:28.245718,14,474ccba59d18cf70
2508663856304172,2026-09-15T14:55:28.245718,14,474ccba59d18cf70
2508664556304102,2026-09-15T14:55:28.245718,14,474ccba59d18cf70
2508665719637319,2026-09-15T14:55:28.245718,14,474ccba59d18cf70
2508666309637260,2026-09-15T14:55:28.245718,14,474ccba59d18cf70
2508666486303909,2026-09-15T14:55:28.245718,14,474ccba59d18cf70
2508672402969984,2026-09-15T14:55:28.245718,14,474ccba59d18cf70
2508673256303232,2026-09-15T14:55:28.245718,14,474ccba59d18cf70
2508674266303131,2026-09-15T14:55:28.245718,14,474ccba59d18cf70
2508676876302870,2026-09-15T14:55:28.245718,14,474ccba59d18cf70
2508679129635978,2026-09-15T14:55:28.245718,14,474ccba59d18cf70
2508679152969309,2026-09-15T14:55:28.245718,14,474ccba59d18cf70
2508683659635525,2026-09-15T14:55:28.245718,14,474ccba59d18cf70
2508686779635213,2026-09-15T14:55:28.245718,14,474ccba59d18cf70
2508687342968490,2026-09-15T14:55:28.245718,14,474ccba59d18cf70
2508691502968074,2026-09-15T14:55:28.245718,14,474ccba59d18cf70
2508704639633427,2026-09-15T14:55:28.245718,14,474ccba59d18cf70
2508714276299130,2026-09-15T14:55:28.245718,14,474ccba59d18cf70
2508718589632032,2026-09-15T14:55:28.245718,14,474ccba59d18cf70
2508718776298680,2026-09-15T14:55:28.245718,14,474ccba59d18cf70
2508722446298313,2026-09-15T14:55:28.245718,14,474ccba59d18cf70
2508732852963939,2026-09-15T14:55:28.245718,14,474ccba59d18cf70
2508734309630460,2026-09-15T14:55:28.245718,14,474ccba59d18cf70
2508737029630188,2026-09-15T14:55:28.245718,14,474ccba59d18cf70
2508742029629688,2026-09-15T14:55:28.245718,14,474ccba59d18cf70
2508767709627120,2026-09-15T14:55:28.245718,14,474ccba59d18cf70
2508784262958798,2026-09-15T14:55:28.245718,14,474ccba59d18cf70
2508798466290711,2026-09-15T14:55:28.245718,14,474ccba59d18cf70
2508803752956849,2026-09-15T14:55:28.245718,14,474ccba59d18cf70
2508808692956355,2026-09-15T14:55:28.245718,14,474ccba59d18cf70
2508812786289279,2026-09-15T14:55:28.245718,14,474ccba59d18cf70
2508818752955349,2026-09-15T14:55:28.245718,14,474ccba59d18cf70
2508840699619821,2026-09-15T14:55:28.245718,14,474ccba59d18cf70
2508861106284447,2026-09-15T14:55:28.245718,14,474ccba59d18cf70
2508898236280734,2026-09-15T14:55:28.245718,14,474ccba59d18cf70
2509165506254007,2026-09-15T14:55:28.245718,14,474ccba59d18cf70
2509180752919149,2026-09-15T14:55:28.245718,14,474ccba59d18cf70
2509467282890496,2026-09-15T14:55:28.245718,14,474ccba59d18cf70
2510952479408643,2026-09-15T14:55:28.245718,14,474ccba59d18cf70
2510988762738348,2026-09-15T14:55:28.245718,14,474ccba59d18cf70
2511137879390103,2026-09-15T14:55:28.245718,14,474ccba59d18cf70
2508716429632248,2026-09-15T14:55:28.245718,14,474ccba59d18cf70
2508736269630264,2026-09-15T14:55:28.245718,14,474ccba59d18cf70
2508739496296608,2026-09-15T14:55:28.245718,14,474ccba59d18cf70
2508758846294673,2026-09-15T14:55:28.245718,14,474ccba59d18cf70
2509306286239929,2026-09-15T14:55:28.245718,14,474ccba59d18cf70
2509318296238728,2026-09-15T14:55:28.245718,14,474ccba59d18cf70
2509324666238091,2026-09-15T14:55:28.245718,14,474ccba59d18cf70
2509326232904601,2026-09-15T14:55:28.245718,14,474ccba59d18cf70
2509329229570968,2026-09-15T14:55:28.245718,14,474ccba59d18cf70
2509329552904269,2026-09-15T14:55:28.245718,14,474ccba59d18cf70
2509330232904201,2026-09-15T14:55:28.245718,14,474ccba59d18cf70
2509337232903501,2026-09-15T14:55:28.245718,14,474ccba59d18cf70
2509357932901431,2026-09-15T14:55:28.245718,14,474ccba59d18cf70
2509358299568061,2026-09-15T14:55:28.245718,14,474ccba59d18cf70
2509359016234656,2026-09-15T14:55:28.245718,14,474ccba59d18cf70
2509360226234535,2026-09-15T14:55:28.245718,14,474ccba59d18cf70
2509366069567284,2026-09-15T14:55:28.245718,14,474ccba59d18cf70
2509383592898865,2026-09-15T14:55:28.245718,14,474ccba59d18cf70
2509386646231893,2026-09-15T14:55:28.245718,14,474ccba59d18cf70
2509391006231457,2026-09-15T14:55:28.245718,14,474ccba59d18cf70
2509400212897203,2026-09-15T14:55:28.245718,14,474ccba59d18cf70
2509402632896961,2026-09-15T14:55:28.245718,14,474ccba59d18cf70
2509402702896954,2026-09-15T14:55:28.245718,14,474ccba59d18cf70
2509406599563231,2026-09-15T14:55:28.245718,14,474ccba59d18cf70
2509411136229444,2026-09-15T14:55:28.245718,14,474ccba59d18cf70
2509431882894036,2026-09-15T14:55:28.245718,14,474ccba59d18cf70
2509443749559516,2026-09-15T14:55:28.245718,14,474ccba59d18cf70
2509458216224736,2026-09-15T14:55:28.245718,14,474ccba59d18cf70
2509459836224574,2026-09-15T14:55:28.245718,14,474ccba59d18cf70
2509480346222523,2026-09-15T14:55:28.245718,14,474ccba59d18cf70
2509488569555034,2026-09-15T14:55:28.245718,14,474ccba59d18cf70
2509691012868123,2026-09-15T14:55:28.245718,14,474ccba59d18cf70
2510189112818313,2026-09-15T14:55:28.245718,14,474ccba59d18cf70
2510437022793522,2026-09-15T14:55:28.245718,14,474ccba59d18cf70
2509386182898606,2026-09-15T14:55:28.245718,14,474ccba59d18cf70
2509386639565227,2026-09-15T14:55:28.245718,14,474ccba59d18cf70
2509386916231866,2026-09-15T14:55:28.245718,14,474ccba59d18cf70
2509387142898510,2026-09-15T14:55:28.245718,14,474ccba59d18cf70
2509387152898509,2026-09-15T14:55:28.245718,14,474ccba59d18cf70
2509387556231802,2026-09-15T14:55:28.245718,14,474ccba59d18cf70
2509387876231770,2026-09-15T14:55:28.245718,14,474ccba59d18cf70
2509388732898351,2026-09-15T14:55:28.245718,14,474ccba59d18cf70
2509390266231531,2026-09-15T14:55:28.245718,14,474ccba59d18cf70
2509393392897885,2026-09-15T14:55:28.245718,14,474ccba59d18cf70
2509393779564513,2026-09-15T14:55:28.245718,14,474ccba59d18cf70
2509394036231154,2026-09-15T14:55:28.245718,14,474ccba59d18cf70
2509394569564434,2026-09-15T14:55:28.245718,14,474ccba59d18cf70
2509394976231060,2026-09-15T14:55:28.245718,14,474ccba59d18cf70
2509395116231046,2026-09-15T14:55:28.245718,14,474ccba59d18cf70
2509395339564357,2026-09-15T14:55:28.245718,14,474ccba59d18cf70
2509396572897567,2026-09-15T14:55:28.245718,14,474ccba59d18cf70
2509400329563858,2026-09-15T14:55:28.245718,14,474ccba59d18cf70
2509402739563617,2026-09-15T14:55:28.245718,14,474ccba59d18cf70
2509403486230209,2026-09-15T14:55:28.245718,14,474ccba59d18cf70
2509405339563357,2026-09-15T14:55:28.245718,14,474ccba59d18cf70
2509406099563281,2026-09-15T14:55:28.245718,14,474ccba59d18cf70
2509408269563064,2026-09-15T14:55:28.245718,14,474ccba59d18cf70
2509408686229689,2026-09-15T14:55:28.245718,14,474ccba59d18cf70
2509410829562808,2026-09-15T14:55:28.245718,14,474ccba59d18cf70
2509411306229427,2026-09-15T14:55:28.245718,14,474ccba59d18cf70
2509411902896034,2026-09-15T14:55:28.245718,14,474ccba59d18cf70
2509413116229246,2026-09-15T14:55:28.245718,14,474ccba59d18cf70
2509413269562564,2026-09-15T14:55:28.245718,14,474ccba59d18cf70
2509413272895897,2026-09-15T14:55:28.245718,14,474ccba59d18cf70
2509413576229200,2026-09-15T14:55:28.245718,14,474ccba59d18cf70
2509414792895745,2026-09-15T14:55:28.245718,14,474ccba59d18cf70
2509416536228904,2026-09-15T14:55:28.245718,14,474ccba59d18cf70
2509420696228488,2026-09-15T14:55:28.245718,14,474ccba59d18cf70
2509421229561768,2026-09-15T14:55:28.245718,14,474ccba59d18cf70
2509422112895013,2026-09-15T14:55:28.245718,14,474ccba59d18cf70
2509422272894997,2026-09-15T14:55:28.245718,14,474ccba59d18cf70
2509422542894970,2026-09-15T14:55:28.245718,14,474ccba59d18cf70
2509423306228227,2026-09-15T14:55:28.245718,14,474ccba59d18cf70
2509429096227648,2026-09-15T14:55:28.245718,14,474ccba59d18cf70
2509429879560903,2026-09-15T14:55:28.245718,14,474ccba59d18cf70
2509432609560630,2026-09-15T14:55:28.245718,14,474ccba59d18cf70
2509432746227283,2026-09-15T14:55:28.245718,14,474ccba59d18cf70
2509433592893865,2026-09-15T14:55:28.245718,14,474ccba59d18cf70
2509436212893603,2026-09-15T14:55:28.245718,14,474ccba59d18cf70
2509438012893423,2026-09-15T14:55:28.245718,14,474ccba59d18cf70
2509440946226463,2026-09-15T14:55:28.245718,14,474ccba59d18cf70
2509440969559794,2026-09-15T14:55:28.245718,14,474ccba59d18cf70
2509442402892984,2026-09-15T14:55:28.245718,14,474ccba59d18cf70
2509444506226107,2026-09-15T14:55:28.245718,14,474ccba59d18cf70
2509448126225745,2026-09-15T14:55:28.245718,14,474ccba59d18cf70
2509450079558883,2026-09-15T14:55:28.245718,14,474ccba59d18cf70
2509461319557759,2026-09-15T14:55:28.245718,14,474ccba59d18cf70
2509462409557650,2026-09-15T14:55:28.245718,14,474ccba59d18cf70
2509466856223872,2026-09-15T14:55:28.245718,14,474ccba59d18cf70
2509473156223242,2026-09-15T14:55:28.245718,14,474ccba59d18cf70
2509474216223136,2026-09-15T14:55:28.245718,14,474ccba59d18cf70
2509477432889481,2026-09-15T14:55:28.245718,14,474ccba59d18cf70
2509485032888721,2026-09-15T14:55:28.245718,14,474ccba59d18cf70
2509491726221385,2026-09-15T14:55:28.245718,14,474ccba59d18cf70
2509494172887807,2026-09-15T14:55:28.245718,14,474ccba59d18cf70
2509494252887799,2026-09-15T14:55:28.245718,14,474ccba59d18cf70
2509496349554256,2026-09-15T14:55:28.245718,14,474ccba59d18cf70
2509496799554211,2026-09-15T14:55:28.245718,14,474ccba59d18cf70
2509496932887531,2026-09-15T14:55:28.245718,14,474ccba59d18cf70
2509498346220723,2026-09-15T14:55:28.245718,14,474ccba59d18cf70
2509499159553975,2026-09-15T14:55:28.245718,14,474ccba59d18cf70
2509502002887024,2026-09-15T14:55:28.245718,14,474ccba59d18cf70
2509502526220305,2026-09-15T14:55:28.245718,14,474ccba59d18cf70
2509515152885709,2026-09-15T14:55:28.245718,14,474ccba59d18cf70
2509517196218838,2026-09-15T14:55:28.245718,14,474ccba59d18cf70
2509518139552077,2026-09-15T14:55:28.245718,14,474ccba59d18cf70
2509518766218681,2026-09-15T14:55:28.245718,14,474ccba59d18cf70
2509528879551003,2026-09-15T14:55:28.245718,14,474ccba59d18cf70
2509528986217659,2026-09-15T14:55:28.245718,14,474ccba59d18cf70
2509529939550897,2026-09-15T14:55:28.245718,14,474ccba59d18cf70
2509530452884179,2026-09-15T14:55:28.245718,14,474ccba59d18cf70
2509532162884008,2026-09-15T14:55:28.245718,14,474ccba59d18cf70
2509533599550531,2026-09-15T14:55:28.245718,14,474ccba59d18cf70
2509540069549884,2026-09-15T14:55:28.245718,14,474ccba59d18cf70
2509545219549369,2026-09-15T14:55:28.245718,14,474ccba59d18cf70
2509562016214356,2026-09-15T14:55:28.245718,14,474ccba59d18cf70
2509570032880221,2026-09-15T14:55:28.245718,14,474ccba59d18cf70
2509571172880107,2026-09-15T14:55:28.245718,14,474ccba59d18cf70
2509604156210142,2026-09-15T14:55:28.245718,14,474ccba59d18cf70
2509635402873684,2026-09-15T14:55:28.245718,14,474ccba59d18cf70
2509645196206038,2026-09-15T14:55:28.245718,14,474ccba59d18cf70
2509655172871707,2026-09-15T14:55:28.245718,14,474ccba59d18cf70
2509657422871482,2026-09-15T14:55:28.245718,14,474ccba59d18cf70
2509657426204815,2026-09-15T14:55:28.245718,14,474ccba59d18cf70
2509663182870906,2026-09-15T14:55:28.245718,14,474ccba59d18cf70
2509670612870163,2026-09-15T14:55:28.245718,14,474ccba59d18cf70
2509683169535574,2026-09-15T14:55:28.245718,14,474ccba59d18cf70
2509697959534095,2026-09-15T14:55:28.245718,14,474ccba59d18cf70
2509775856192972,2026-09-15T14:55:28.245718,14,474ccba59d18cf70
2509794309524460,2026-09-15T14:55:28.245718,14,474ccba59d18cf70
2510105309493360,2026-09-15T14:55:28.245718,14,474ccba59d18cf70
2510117932825431,2026-09-15T14:55:28.245718,14,474ccba59d18cf70
2510162639487627,2026-09-15T14:55:28.245718,14,474ccba59d18cf70
2510164856154072,2026-09-15T14:55:28.245718,14,474ccba59d18cf70
2510195299484361,2026-09-15T14:55:28.245718,14,474ccba59d18cf70
2510204089483482,2026-09-15T14:55:28.245718,14,474ccba59d18cf70
2510220662815158,2026-09-15T14:55:28.245718,14,474ccba59d18cf70
2510224472814777,2026-09-15T14:55:28.245718,14,474ccba59d18cf70
2510226826147875,2026-09-15T14:55:28.245718,14,474ccba59d18cf70
2510228332814391,2026-09-15T14:55:28.245718,14,474ccba59d18cf70
2510261136144444,2026-09-15T14:55:28.245718,14,474ccba59d18cf70
2510273682809856,2026-09-15T14:55:28.245718,14,474ccba59d18cf70
2510330846137473,2026-09-15T14:55:28.245718,14,474ccba59d18cf70
2511006046069953,2026-09-15T14:55:28.245718,14,474ccba59d18cf70
2509503202886904,2026-09-15T14:55:28.245718,14,474ccba59d18cf70
2509506762886548,2026-09-15T14:55:28.245718,14,474ccba59d18cf70
2509507246219833,2026-09-15T14:55:28.245718,14,474ccba59d18cf70
2509511056219452,2026-09-15T14:55:28.245718,14,474ccba59d18cf70
2509511142886110,2026-09-15T14:55:28.245718,14,474ccba59d18cf70
2509511372886087,2026-09-15T14:55:28.245718,14,474ccba59d18cf70
2509521342885090,2026-09-15T14:55:28.245718,14,474ccba59d18cf70
2509521926218365,2026-09-15T14:55:28.245718,14,474ccba59d18cf70
2509523709551520,2026-09-15T14:55:28.245718,14,474ccba59d18cf70
2509523759551515,2026-09-15T14:55:28.245718,14,474ccba59d18cf70
2509525049551386,2026-09-15T14:55:28.245718,14,474ccba59d18cf70
2509525139551377,2026-09-15T14:55:28.245718,14,474ccba59d18cf70
2509526136217944,2026-09-15T14:55:28.245718,14,474ccba59d18cf70
2509526809551210,2026-09-15T14:55:28.245718,14,474ccba59d18cf70
2509527746217783,2026-09-15T14:55:28.245718,14,474ccba59d18cf70
2509528919550999,2026-09-15T14:55:28.245718,14,474ccba59d18cf70
2509528926217665,2026-09-15T14:55:28.245718,14,474ccba59d18cf70
2509538229550068,2026-09-15T14:55:28.245718,14,474ccba59d18cf70
2509547112882513,2026-09-15T14:55:28.245718,14,474ccba59d18cf70
2509548446215713,2026-09-15T14:55:28.245718,14,474ccba59d18cf70
2509548589549032,2026-09-15T14:55:28.245718,14,474ccba59d18cf70
2509549399548951,2026-09-15T14:55:28.245718,14,474ccba59d18cf70
2509550292882195,2026-09-15T14:55:28.245718,14,474ccba59d18cf70
2509568269547064,2026-09-15T14:55:28.245718,14,474ccba59d18cf70
2509570166213541,2026-09-15T14:55:28.245718,14,474ccba59d18cf70
2509592089544682,2026-09-15T14:55:28.245718,14,474ccba59d18cf70
2509656216204936,2026-09-15T14:55:28.245718,14,474ccba59d18cf70
2510197892817435,2026-09-15T14:55:28.245718,14,474ccba59d18cf70
2510339646136593,2026-09-15T14:55:28.245718,14,474ccba59d18cf70
2510346626135895,2026-09-15T14:55:28.245718,14,474ccba59d18cf70
2510443259459565,2026-09-15T14:55:28.245718,14,474ccba59d18cf70
2510549666115591,2026-09-15T14:55:28.245718,14,474ccba59d18cf70
2510554062781818,2026-09-15T14:55:28.245718,14,474ccba59d18cf70
2510719892765235,2026-09-15T14:55:28.245718,14,474ccba59d18cf70
2510725342764690,2026-09-15T14:55:28.245718,14,474ccba59d18cf70
2510727009431190,2026-09-15T14:55:28.245718,14,474ccba59d18cf70
2510734349430456,2026-09-15T14:55:28.245718,14,474ccba59d18cf70
2510745132762711,2026-09-15T14:55:28.245718,14,474ccba59d18cf70
2510751232762101,2026-09-15T14:55:28.245718,14,474ccba59d18cf70
2511093329394558,2026-09-15T14:55:28.245718,14,474ccba59d18cf70
2511125229391368,2026-09-15T14:55:28.245718,14,474ccba59d18cf70
2510304946140063,2026-09-15T14:55:28.245718,14,474ccba59d18cf70
2510309309472960,2026-09-15T14:55:28.245718,14,474ccba59d18cf70
2510309756139582,2026-09-15T14:55:28.245718,14,474ccba59d18cf70
2510310042806220,2026-09-15T14:55:28.245718,14,474ccba59d18cf70
2510310916139466,2026-09-15T14:55:28.245718,14,474ccba59d18cf70
2510315619472329,2026-09-15T14:55:28.245718,14,474ccba59d18cf70
2510321219471769,2026-09-15T14:55:28.245718,14,474ccba59d18cf70
2510334102803814,2026-09-15T14:55:28.245718,14,474ccba59d18cf70
2510340396136518,2026-09-15T14:55:28.245718,14,474ccba59d18cf70
2510343332802891,2026-09-15T14:55:28.245718,14,474ccba59d18cf70
2510346712802553,2026-09-15T14:55:28.245718,14,474ccba59d18cf70
2510354696135088,2026-09-15T14:55:28.245718,14,474ccba59d18cf70
2510362409467650,2026-09-15T14:55:28.245718,14,474ccba59d18cf70
2510370369466854,2026-09-15T14:55:28.245718,14,474ccba59d18cf70
2510377619466129,2026-09-15T14:55:28.245718,14,474ccba59d18cf70
2510422022795022,2026-09-15T14:55:28.245718,14,474ccba59d18cf70
2510424219461469,2026-09-15T14:55:28.245718,14,474ccba59d18cf70
2510437046126853,2026-09-15T14:55:28.245718,14,474ccba59d18cf70
2510458599458031,2026-09-15T14:55:28.245718,14,474ccba59d18cf70
2510463986124159,2026-09-15T14:55:28.245718,14,474ccba59d18cf70
2510476476122910,2026-09-15T14:55:28.245718,14,474ccba59d18cf70
2510486706121887,2026-09-15T14:55:28.245718,14,474ccba59d18cf70
2510487456121812,2026-09-15T14:55:28.245718,14,474ccba59d18cf70
2510574442779780,2026-09-15T14:55:28.245718,14,474ccba59d18cf70
2510695999434291,2026-09-15T14:55:28.245718,14,474ccba59d18cf70
2510729112764313,2026-09-15T14:55:28.245718,14,474ccba59d18cf70
2510748872762337,2026-09-15T14:55:28.245718,14,474ccba59d18cf70
2510753496095208,2026-09-15T14:55:28.245718,14,474ccba59d18cf70
2511285526042005,2026-09-15T14:55:28.245718,14,474ccba59d18cf70
2511303632706861,2026-09-15T14:55:28.245718,14,474ccba59d18cf70
2512041289299762,2026-09-15T14:55:28.245718,14,474ccba59d18cf70
2513078072529417,2026-09-15T14:55:28.245718,14,474ccba59d18cf70
2510306549473236,2026-09-15T14:55:28.245718,14,474ccba59d18cf70
2510308156139742,2026-09-15T14:55:28.245718,14,474ccba59d18cf70
2510308519473039,2026-09-15T14:55:28.245718,14,474ccba59d18cf70
2510308862806338,2026-09-15T14:55:28.245718,14,474ccba59d18cf70
2510309316139626,2026-09-15T14:55:28.245718,14,474ccba59d18cf70
2510309429472948,2026-09-15T14:55:28.245718,14,474ccba59d18cf70
2510309472806277,2026-09-15T14:55:28.245718,14,474ccba59d18cf70
2510311992806025,2026-09-15T14:55:28.245718,14,474ccba59d18cf70
2510313392805885,2026-09-15T14:55:28.245718,14,474ccba59d18cf70
2510370489466842,2026-09-15T14:55:28.245718,14,474ccba59d18cf70
2510373759466515,2026-09-15T14:55:28.245718,14,474ccba59d18cf70
2510375282799696,2026-09-15T14:55:28.245718,14,474ccba59d18cf70
2510375749466316,2026-09-15T14:55:28.245718,14,474ccba59d18cf70
2510375809466310,2026-09-15T14:55:28.245718,14,474ccba59d18cf70
2510415882795636,2026-09-15T14:55:28.245718,14,474ccba59d18cf70
2510416379462253,2026-09-15T14:55:28.245718,14,474ccba59d18cf70
2510427109461180,2026-09-15T14:55:28.245718,14,474ccba59d18cf70
2511304302706794,2026-09-15T14:55:28.245718,14,474ccba59d18cf70
2511306019373289,2026-09-15T14:55:28.245718,14,474ccba59d18cf70
2511335429370348,2026-09-15T14:55:28.245718,14,474ccba59d18cf70
2512041005966457,2026-09-15T14:55:28.245718,14,474ccba59d18cf70
2510410046129553,2026-09-15T14:55:28.245718,14,474ccba59d18cf70
2510413452795879,2026-09-15T14:55:28.245718,14,474ccba59d18cf70
2510415642795660,2026-09-15T14:55:28.245718,14,474ccba59d18cf70
2510417082795516,2026-09-15T14:55:28.245718,14,474ccba59d18cf70
2510419656128592,2026-09-15T14:55:28.245718,14,474ccba59d18cf70
2510420502795174,2026-09-15T14:55:28.245718,14,474ccba59d18cf70
2510446829459208,2026-09-15T14:55:28.245718,14,474ccba59d18cf70
2510458986124659,2026-09-15T14:55:28.245718,14,474ccba59d18cf70
2510459882791236,2026-09-15T14:55:28.245718,14,474ccba59d18cf70
2510463996124158,2026-09-15T14:55:28.245718,14,474ccba59d18cf70
2510487779455113,2026-09-15T14:55:28.245718,14,474ccba59d18cf70
2510488066121751,2026-09-15T14:55:28.245718,14,474ccba59d18cf70
2510488472788377,2026-09-15T14:55:28.245718,14,474ccba59d18cf70
2510490496121508,2026-09-15T14:55:28.245718,14,474ccba59d18cf70
2510491119454779,2026-09-15T14:55:28.245718,14,474ccba59d18cf70
2510491746121383,2026-09-15T14:55:28.245718,14,474ccba59d18cf70
2510614432775781,2026-09-15T14:55:28.245718,14,474ccba59d18cf70
2512160319287859,2026-09-15T14:55:28.245718,14,474ccba59d18cf70
2510528019451089,2026-09-15T14:55:28.245718,14,474ccba59d18cf70
2510532146117343,2026-09-15T14:55:28.245718,14,474ccba59d18cf70
2510534516117106,2026-09-15T14:55:28.245718,14,474ccba59d18cf70
2510536846116873,2026-09-15T14:55:28.245718,14,474ccba59d18cf70
2510542136116344,2026-09-15T14:55:28.245718,14,474ccba59d18cf70
2510543849449506,2026-09-15T14:55:28.245718,14,474ccba59d18cf70
2510551372782087,2026-09-15T14:55:28.245718,14,474ccba59d18cf70
2510553356115222,2026-09-15T14:55:28.245718,14,474ccba59d18cf70
2510554066115151,2026-09-15T14:55:28.245718,14,474ccba59d18cf70
2510554716115086,2026-09-15T14:55:28.245718,14,474ccba59d18cf70
2510564552780769,2026-09-15T14:55:28.245718,14,474ccba59d18cf70
2510585906111967,2026-09-15T14:55:28.245718,14,474ccba59d18cf70
2510602979443593,2026-09-15T14:55:28.245718,14,474ccba59d18cf70
2510623399441551,2026-09-15T14:55:28.245718,14,474ccba59d18cf70
2510761526094405,2026-09-15T14:55:28.245718,14,474ccba59d18cf70
2511031222734102,2026-09-15T14:55:28.245718,14,474ccba59d18cf70
2511228892714335,2026-09-15T14:55:28.245718,14,474ccba59d18cf70
2511291709374720,2026-09-15T14:55:28.245718,14,474ccba59d18cf70
2511299392707285,2026-09-15T14:55:28.245718,14,474ccba59d18cf70
2511329382704286,2026-09-15T14:55:28.245718,14,474ccba59d18cf70
2511371982700026,2026-09-15T14:55:28.245718,14,474ccba59d18cf70
2510569886113569,2026-09-15T14:55:28.245718,14,474ccba59d18cf70
2512264095944148,2026-09-15T14:55:28.245718,14,474ccba59d18cf70
2512264175944140,2026-09-15T14:55:28.245718,14,474ccba59d18cf70
2511316889372202,2026-09-15T14:55:28.245718,14,474ccba59d18cf70
2511320942705130,2026-09-15T14:55:28.245718,14,474ccba59d18cf70
2511324829371408,2026-09-15T14:55:28.245718,14,474ccba59d18cf70
2511325986037959,2026-09-15T14:55:28.245718,14,474ccba59d18cf70
2511328986037659,2026-09-15T14:55:28.245718,14,474ccba59d18cf70
2511332342703990,2026-09-15T14:55:28.245718,14,474ccba59d18cf70
2511339086036649,2026-09-15T14:55:28.245718,14,474ccba59d18cf70
2511339482703276,2026-09-15T14:55:28.245718,14,474ccba59d18cf70
2511340979369793,2026-09-15T14:55:28.245718,14,474ccba59d18cf70
2511341199369771,2026-09-15T14:55:28.245718,14,474ccba59d18cf70
2511341419369749,2026-09-15T14:55:28.245718,14,474ccba59d18cf70
2511343392702885,2026-09-15T14:55:28.245718,14,474ccba59d18cf70
2511344866036071,2026-09-15T14:55:28.245718,14,474ccba59d18cf70
2511349659368925,2026-09-15T14:55:28.245718,14,474ccba59d18cf70
2511351656035392,2026-09-15T14:55:28.245718,14,474ccba59d18cf70
2511363096034248,2026-09-15T14:55:28.245718,14,474ccba59d18cf70
2511365616033996,2026-09-15T14:55:28.245718,14,474ccba59d18cf70
2511373892699835,2026-09-15T14:55:28.245718,14,474ccba59d18cf70
2511382672698957,2026-09-15T14:55:28.245718,14,474ccba59d18cf70
2511387826031775,2026-09-15T14:55:28.245718,14,474ccba59d18cf70
2511392399364651,2026-09-15T14:55:28.245718,14,474ccba59d18cf70
2511400972697127,2026-09-15T14:55:28.245718,14,474ccba59d18cf70
2511404139363477,2026-09-15T14:55:28.245718,14,474ccba59d18cf70
2511416129362278,2026-09-15T14:55:28.245718,14,474ccba59d18cf70
2511421146028443,2026-09-15T14:55:28.245718,14,474ccba59d18cf70
2511488512688373,2026-09-15T14:55:28.245718,14,474ccba59d18cf70
2511887342648490,2026-09-15T14:55:28.245718,14,474ccba59d18cf70
2511900095980548,2026-09-15T14:55:28.245718,14,474ccba59d18cf70
2511997769304114,2026-09-15T14:55:28.245718,14,474ccba59d18cf70
2512008082636416,2026-09-15T14:55:28.245718,14,474ccba59d18cf70
2512038662633358,2026-09-15T14:55:28.245718,14,474ccba59d18cf70
2512812345889323,2026-09-15T14:55:28.245718,14,474ccba59d18cf70
2512821339221757,2026-09-15T14:55:28.245718,14,474ccba59d18cf70
2511686462668578,2026-09-15T14:55:28.245718,14,474ccba59d18cf70
2511704666000091,2026-09-15T14:55:28.245718,14,474ccba59d18cf70
2511813165989241,2026-09-15T14:55:28.245718,14,474ccba59d18cf70
2511884759315415,2026-09-15T14:55:28.245718,14,474ccba59d18cf70
2511896132647611,2026-09-15T14:55:28.245718,14,474ccba59d18cf70
2511933695977188,2026-09-15T14:55:28.245718,14,474ccba59d18cf70
2511939572643267,2026-09-15T14:55:28.245718,14,474ccba59d18cf70
2512100989293792,2026-09-15T14:55:28.245718,14,474ccba59d18cf70
2512134702623754,2026-09-15T14:55:28.245718,14,474ccba59d18cf70
2512135492623675,2026-09-15T14:55:28.245718,14,474ccba59d18cf70
2512186655951892,2026-09-15T14:55:28.245718,14,474ccba59d18cf70
2512192385951319,2026-09-15T14:55:28.245718,14,474ccba59d18cf70
2512242435946314,2026-09-15T14:55:28.245718,14,474ccba59d18cf70
2512054665965091,2026-09-15T14:55:28.245718,14,474ccba59d18cf70
2512055655964992,2026-09-15T14:55:28.245718,14,474ccba59d18cf70
2512067759297115,2026-09-15T14:55:28.245718,14,474ccba59d18cf70
2512077339296157,2026-09-15T14:55:28.245718,14,474ccba59d18cf70
2512079135962644,2026-09-15T14:55:28.245718,14,474ccba59d18cf70
2512079302629294,2026-09-15T14:55:28.245718,14,474ccba59d18cf70
2512080232629201,2026-09-15T14:55:28.245718,14,474ccba59d18cf70
2512091639294727,2026-09-15T14:55:28.245718,14,474ccba59d18cf70
2512092229294668,2026-09-15T14:55:28.245718,14,474ccba59d18cf70
2512099899293901,2026-09-15T14:55:28.245718,14,474ccba59d18cf70
2512104945960063,2026-09-15T14:55:28.245718,14,474ccba59d18cf70
2512107655959792,2026-09-15T14:55:28.245718,14,474ccba59d18cf70
2512108025959755,2026-09-15T14:55:28.245718,14,474ccba59d18cf70
2512108315959726,2026-09-15T14:55:28.245718,14,474ccba59d18cf70
2512109635959594,2026-09-15T14:55:28.245718,14,474ccba59d18cf70
2512112022626022,2026-09-15T14:55:28.245718,14,474ccba59d18cf70
2512115859292305,2026-09-15T14:55:28.245718,14,474ccba59d18cf70
2512147379289153,2026-09-15T14:55:28.245718,14,474ccba59d18cf70
2512155742621650,2026-09-15T14:55:28.245718,14,474ccba59d18cf70
2512185969285294,2026-09-15T14:55:28.245718,14,474ccba59d18cf70
2512211795949378,2026-09-15T14:55:28.245718,14,474ccba59d18cf70
2512214745949083,2026-09-15T14:55:28.245718,14,474ccba59d18cf70
2512890342548190,2026-09-15T14:55:28.245718,14,474ccba59d18cf70
2512907189213172,2026-09-15T14:55:28.245718,14,474ccba59d18cf70
2513049559198935,2026-09-15T14:55:28.245718,14,474ccba59d18cf70
2512290502608174,2026-09-15T14:55:28.245718,14,474ccba59d18cf70
2512294229274468,2026-09-15T14:55:28.245718,14,474ccba59d18cf70
2512294632607761,2026-09-15T14:55:28.245718,14,474ccba59d18cf70
2512299969273894,2026-09-15T14:55:28.245718,14,474ccba59d18cf70
2512300645940493,2026-09-15T14:55:28.245718,14,474ccba59d18cf70
2512300889273802,2026-09-15T14:55:28.245718,14,474ccba59d18cf70
2512301149273776,2026-09-15T14:55:28.245718,14,474ccba59d18cf70
2512305322606692,2026-09-15T14:55:28.245718,14,474ccba59d18cf70
2512307509273140,2026-09-15T14:55:28.245718,14,474ccba59d18cf70
2512312152606009,2026-09-15T14:55:28.245718,14,474ccba59d18cf70
2512317525938805,2026-09-15T14:55:28.245718,14,474ccba59d18cf70
2512317542605470,2026-09-15T14:55:28.245718,14,474ccba59d18cf70
2512318655938692,2026-09-15T14:55:28.245718,14,474ccba59d18cf70
2512338159270075,2026-09-15T14:55:28.245718,14,474ccba59d18cf70
2512341055936452,2026-09-15T14:55:28.245718,14,474ccba59d18cf70
2512346392602585,2026-09-15T14:55:28.245718,14,474ccba59d18cf70
2512347705935787,2026-09-15T14:55:28.245718,14,474ccba59d18cf70
2512349812602243,2026-09-15T14:55:28.245718,14,474ccba59d18cf70
2512353772601847,2026-09-15T14:55:28.245718,14,474ccba59d18cf70
2512359509267940,2026-09-15T14:55:28.245718,14,474ccba59d18cf70
2512383275932230,2026-09-15T14:55:28.245718,14,474ccba59d18cf70
2512384855932072,2026-09-15T14:55:28.245718,14,474ccba59d18cf70
2512386435931914,2026-09-15T14:55:28.245718,14,474ccba59d18cf70
2512386559265235,2026-09-15T14:55:28.245718,14,474ccba59d18cf70
2512389909264900,2026-09-15T14:55:28.245718,14,474ccba59d18cf70
2512400255930532,2026-09-15T14:55:28.245718,14,474ccba59d18cf70
2512428635927694,2026-09-15T14:55:28.245718,14,474ccba59d18cf70
2512481839255707,2026-09-15T14:55:28.245718,14,474ccba59d18cf70
2512486775921880,2026-09-15T14:55:28.245718,14,474ccba59d18cf70
2512501569253734,2026-09-15T14:55:28.245718,14,474ccba59d18cf70
2512502449253646,2026-09-15T14:55:28.245718,14,474ccba59d18cf70
2512503645920193,2026-09-15T14:55:28.245718,14,474ccba59d18cf70
2512507129253178,2026-09-15T14:55:28.245718,14,474ccba59d18cf70
2512523759251515,2026-09-15T14:55:28.245718,14,474ccba59d18cf70
2512826199221271,2026-09-15T14:55:28.245718,14,474ccba59d18cf70
2512339829269908,2026-09-15T14:55:28.245718,14,474ccba59d18cf70
2512351729268718,2026-09-15T14:55:28.245718,14,474ccba59d18cf70
2512354169268474,2026-09-15T14:55:28.245718,14,474ccba59d18cf70
2512362682600956,2026-09-15T14:55:28.245718,14,474ccba59d18cf70
2512362985934259,2026-09-15T14:55:28.245718,14,474ccba59d18cf70
2512363725934185,2026-09-15T14:55:28.245718,14,474ccba59d18cf70
2512385692598655,2026-09-15T14:55:28.245718,14,474ccba59d18cf70
2512422689261622,2026-09-15T14:55:28.245718,14,474ccba59d18cf70
2135343557052446,2026-09-15T14:55:28.245718,14,474ccba59d18cf70
2135777663675702,2026-09-15T14:55:28.245718,14,474ccba59d18cf70
2137174826869319,2026-09-15T14:55:28.245718,14,474ccba59d18cf70
2137184006868401,2026-09-15T14:55:28.245718,14,474ccba59d18cf70
2137185450201590,2026-09-15T14:55:28.245718,14,474ccba59d18cf70
2137194203534048,2026-09-15T14:55:28.245718,14,474ccba59d18cf70
2137211870198948,2026-09-15T14:55:28.245718,14,474ccba59d18cf70
2137225160197619,2026-09-15T14:55:28.245718,14,474ccba59d18cf70
2137245053528963,2026-09-15T14:55:28.245718,14,474ccba59d18cf70
2137806286806173,2026-09-15T14:55:28.245718,14,474ccba59d18cf70
2137864426800359,2026-09-15T14:55:28.245718,14,474ccba59d18cf70
2139092603344208,2026-09-15T14:55:28.245718,14,474ccba59d18cf70
2139092970010838,2026-09-15T14:55:28.245718,14,474ccba59d18cf70
2139107400009395,2026-09-15T14:55:28.245718,14,474ccba59d18cf70
2139113123342156,2026-09-15T14:55:28.245718,14,474ccba59d18cf70
2139243109995824,2026-09-15T14:55:28.245718,14,474ccba59d18cf70
2139502856636516,2026-09-15T14:55:28.245718,14,474ccba59d18cf70
2139545026632299,2026-09-15T14:55:28.245718,14,474ccba59d18cf70
1627729178811382,2026-09-16T11:01:05.274550,14,474ccba59d18cf70
1627729188811381,2026-09-16T11:01:05.274550,14,474ccba59d18cf70
1627729192144714,2026-09-16T11:01:05.274550,14,474ccba59d18cf70
1627729198811380,2026-09-16T11:01:05.274550,14,474ccba59d18cf70
1627729232144710,2026-09-16T11:01:05.274550,14,474ccba59d18cf70
1627793735471593,2026-09-16T11:01:05.274550,14,474ccba59d18cf70
1627793962138237,2026-09-16T11:01:05.274550,14,474ccba59d18cf70
1627800865470880,2026-09-16T11:01:05.274550,14,474ccba59d18cf70
1627801558804144,2026-09-16T11:01:05.274550,14,474ccba59d18cf70
1627808062136827,2026-09-16T11:01:05.274550,14,474ccba59d18cf70
1627811048803195,2026-09-16T11:01:05.274550,14,474ccba59d18cf70
1627811382136495,2026-09-16T11:01:05.274550,14,474ccba59d18cf70
1627811808803119,2026-09-16T11:01:05.274550,14,474ccba59d18cf70
1627819972135636,2026-09-16T11:01:05.274550,14,474ccba59d18cf70
1627822038802096,2026-09-16T11:01:05.274550,14,474ccba59d18cf70
1627822392135394,2026-09-16T11:01:05.274550,14,474ccba59d18cf70
1627826965468270,2026-09-16T11:01:05.274550,14,474ccba59d18cf70
1627829048801395,2026-09-16T11:01:05.274550,14,474ccba59d18cf70
1627835865467380,2026-09-16T11:01:05.274550,14,474ccba59d18cf70
1627868288797471,2026-09-16T11:01:05.274550,14,474ccba59d18cf70
1627928755458091,2026-09-16T11:01:05.274550,14,474ccba59d18cf70
1627985005452466,2026-09-16T11:01:05.274550,14,474ccba59d18cf70
1628001195450847,2026-09-16T11:01:05.274550,14,474ccba59d18cf70
1628021012115532,2026-09-16T11:01:05.274550,14,474ccba59d18cf70
1628113192106314,2026-09-16T11:01:05.274550,14,474ccba59d18cf70
1627843748799925,2026-09-16T11:01:05.274550,14,474ccba59d18cf70
1627844565466510,2026-09-16T11:01:05.274550,14,474ccba59d18cf70
1627907035460263,2026-09-16T11:01:05.274550,14,474ccba59d18cf70
1627907678793532,2026-09-16T11:01:05.274550,14,474ccba59d18cf70
1627907825460184,2026-09-16T11:01:05.274550,14,474ccba59d18cf70
1627908002126833,2026-09-16T11:01:05.274550,14,474ccba59d18cf70
1627908722126761,2026-09-16T11:01:05.274550,14,474ccba59d18cf70
1627909242126709,2026-09-16T11:01:05.274550,14,474ccba59d18cf70
1627909818793318,2026-09-16T11:01:05.274550,14,474ccba59d18cf70
1627909925459974,2026-09-16T11:01:05.274550,14,474ccba59d18cf70
1627909928793307,2026-09-16T11:01:05.274550,14,474ccba59d18cf70
1627910338793266,2026-09-16T11:01:05.274550,14,474ccba59d18cf70
1627910372126596,2026-09-16T11:01:05.274550,14,474ccba59d18cf70
1627911078793192,2026-09-16T11:01:05.274550,14,474ccba59d18cf70
1627911198793180,2026-09-16T11:01:05.274550,14,474ccba59d18cf70
1627911982126435,2026-09-16T11:01:05.274550,14,474ccba59d18cf70
1627912005459766,2026-09-16T11:01:05.274550,14,474ccba59d18cf70
1627912342126399,2026-09-16T11:01:05.274550,14,474ccba59d18cf70
1627912612126372,2026-09-16T11:01:05.274550,14,474ccba59d18cf70
1627913498792950,2026-09-16T11:01:05.274550,14,474ccba59d18cf70
1627915502126083,2026-09-16T11:01:05.274550,14,474ccba59d18cf70
1627915632126070,2026-09-16T11:01:05.274550,14,474ccba59d18cf70
1627915718792728,2026-09-16T11:01:05.274550,14,474ccba59d18cf70
1627915728792727,2026-09-16T11:01:05.274550,14,474ccba59d18cf70
1627915785459388,2026-09-16T11:01:05.274550,14,474ccba59d18cf70
1627916215459345,2026-09-16T11:01:05.274550,14,474ccba59d18cf70
1627916678792632,2026-09-16T11:01:05.274550,14,474ccba59d18cf70
1627918762125757,2026-09-16T11:01:05.274550,14,474ccba59d18cf70
1627919065459060,2026-09-16T11:01:05.274550,14,474ccba59d18cf70
1627919808792319,2026-09-16T11:01:05.274550,14,474ccba59d18cf70
1627920542125579,2026-09-16T11:01:05.274550,14,474ccba59d18cf70
1627920685458898,2026-09-16T11:01:05.274550,14,474ccba59d18cf70
1627920922125541,2026-09-16T11:01:05.274550,14,474ccba59d18cf70
1627921885458778,2026-09-16T11:01:05.274550,14,474ccba59d18cf70
1627922008792099,2026-09-16T11:01:05.274550,14,474ccba59d18cf70
1627922798792020,2026-09-16T11:01:05.274550,14,474ccba59d18cf70
1627923115458655,2026-09-16T11:01:05.274550,14,474ccba59d18cf70
1627923148791985,2026-09-16T11:01:05.274550,14,474ccba59d18cf70
1627923235458643,2026-09-16T11:01:05.274550,14,474ccba59d18cf70
1627924758791824,2026-09-16T11:01:05.274550,14,474ccba59d18cf70
1627924855458481,2026-09-16T11:01:05.274550,14,474ccba59d18cf70
1627925385458428,2026-09-16T11:01:05.274550,14,474ccba59d18cf70
1627927445458222,2026-09-16T11:01:05.274550,14,474ccba59d18cf70
1627927475458219,2026-09-16T11:01:05.274550,14,474ccba59d18cf70
1627927562124877,2026-09-16T11:01:05.274550,14,474ccba59d18cf70
1627928252124808,2026-09-16T11:01:05.274550,14,474ccba59d18cf70
1627929178791382,2026-09-16T11:01:05.274550,14,474ccba59d18cf70
1627930958791204,2026-09-16T11:01:05.274550,14,474ccba59d18cf70
1627931788791121,2026-09-16T11:01:05.274550,14,474ccba59d18cf70
1627931812124452,2026-09-16T11:01:05.274550,14,474ccba59d18cf70
1627932752124358,2026-09-16T11:01:05.274550,14,474ccba59d18cf70
1627934392124194,2026-09-16T11:01:05.274550,14,474ccba59d18cf70
1627936618790638,2026-09-16T11:01:05.274550,14,474ccba59d18cf70
1627936858790614,2026-09-16T11:01:05.274550,14,474ccba59d18cf70
1627937268790573,2026-09-16T11:01:05.274550,14,474ccba59d18cf70
1627937445457222,2026-09-16T11:01:05.274550,14,474ccba59d18cf70
1627938392123794,2026-09-16T11:01:05.274550,14,474ccba59d18cf70
1627939195457047,2026-09-16T11:01:05.274550,14,474ccba59d18cf70
1627939845456982,2026-09-16T11:01:05.274550,14,474ccba59d18cf70
1627941178790182,2026-09-16T11:01:05.274550,14,474ccba59d18cf70
1627941898790110,2026-09-16T11:01:05.274550,14,474ccba59d18cf70
1627941965456770,2026-09-16T11:01:05.274550,14,474ccba59d18cf70
1627944105456556,2026-09-16T11:01:05.274550,14,474ccba59d18cf70
1627946395456327,2026-09-16T11:01:05.274550,14,474ccba59d18cf70
1627947422122891,2026-09-16T11:01:05.274550,14,474ccba59d18cf70
1627948162122817,2026-09-16T11:01:05.274550,14,474ccba59d18cf70
1627949695455997,2026-09-16T11:01:05.274550,14,474ccba59d18cf70
1627951188789181,2026-09-16T11:01:05.274550,14,474ccba59d18cf70
1627955265455440,2026-09-16T11:01:05.274550,14,474ccba59d18cf70
1627955448788755,2026-09-16T11:01:05.274550,14,474ccba59d18cf70
1627956292122004,2026-09-16T11:01:05.274550,14,474ccba59d18cf70
1627957058788594,2026-09-16T11:01:05.274550,14,474ccba59d18cf70
1627961658788134,2026-09-16T11:01:05.274550,14,474ccba59d18cf70
1627965635454403,2026-09-16T11:01:05.274550,14,474ccba59d18cf70
1627966458787654,2026-09-16T11:01:05.274550,14,474ccba59d18cf70
1627966542120979,2026-09-16T11:01:05.274550,14,474ccba59d18cf70
1627969632120670,2026-09-16T11:01:05.274550,14,474ccba59d18cf70
1627971758787124,2026-09-16T11:01:05.274550,14,474ccba59d18cf70
1627975125453454,2026-09-16T11:01:05.274550,14,474ccba59d18cf70
1627977805453186,2026-09-16T11:01:05.274550,14,474ccba59d18cf70
1627979375453029,2026-09-16T11:01:05.274550,14,474ccba59d18cf70
1627979815452985,2026-09-16T11:01:05.274550,14,474ccba59d18cf70
1627980768786223,2026-09-16T11:01:05.274550,14,474ccba59d18cf70
1627981632119470,2026-09-16T11:01:05.274550,14,474ccba59d18cf70
1627984285452538,2026-09-16T11:01:05.274550,14,474ccba59d18cf70
1627984742119159,2026-09-16T11:01:05.274550,14,474ccba59d18cf70
1627985482119085,2026-09-16T11:01:05.274550,14,474ccba59d18cf70
1627985695452397,2026-09-16T11:01:05.274550,14,474ccba59d18cf70
1627990972118536,2026-09-16T11:01:05.274550,14,474ccba59d18cf70
1627994302118203,2026-09-16T11:01:05.274550,14,474ccba59d18cf70
1627996172118016,2026-09-16T11:01:05.274550,14,474ccba59d18cf70
1627998985451068,2026-09-16T11:01:05.274550,14,474ccba59d18cf70
1628003695450597,2026-09-16T11:01:05.274550,14,474ccba59d18cf70
1628005832117050,2026-09-16T11:01:05.274550,14,474ccba59d18cf70
1628012872116346,2026-09-16T11:01:05.274550,14,474ccba59d18cf70
1628015872116046,2026-09-16T11:01:05.274550,14,474ccba59d18cf70
1628020045448962,2026-09-16T11:01:05.274550,14,474ccba59d18cf70
1628078155443151,2026-09-16T11:01:05.274550,14,474ccba59d18cf70
1628104128773887,2026-09-16T11:01:05.274550,14,474ccba59d18cf70
1628107075440259,2026-09-16T11:01:05.274550,14,474ccba59d18cf70
1628109288773371,2026-09-16T11:01:05.274550,14,474ccba59d18cf70
1628113338772966,2026-09-16T11:01:05.274550,14,474ccba59d18cf70
1628123855438581,2026-09-16T11:01:05.274550,14,474ccba59d18cf70
1628132575437709,2026-09-16T11:01:05.274550,14,474ccba59d18cf70
1628194248764875,2026-09-16T11:01:05.274550,14,474ccba59d18cf70
2117236335544168,2026-09-16T11:01:05.274550,14,474ccba59d18cf70
2117276878873447,2026-09-16T11:01:05.274550,14,474ccba59d18cf70
2117279092206559,2026-09-16T11:01:05.274550,14,474ccba59d18cf70
2117440012190467,2026-09-16T11:01:05.274550,14,474ccba59d18cf70
2117497958851339,2026-09-16T11:01:05.274550,14,474ccba59d18cf70
2117504088850726,2026-09-16T11:01:05.274550,14,474ccba59d18cf70
2117607478840387,2026-09-16T11:01:05.274550,14,474ccba59d18cf70
2117277725540029,2026-09-16T11:01:05.274550,14,474ccba59d18cf70
2117309135536888,2026-09-16T11:01:05.274550,14,474ccba59d18cf70
2117323918868743,2026-09-16T11:01:05.274550,14,474ccba59d18cf70
2117656732168795,2026-09-16T11:01:05.274550,14,474ccba59d18cf70
2117399012194567,2026-09-16T11:01:05.274550,14,474ccba59d18cf70
2117427815525020,2026-09-16T11:01:05.274550,14,474ccba59d18cf70
2117431905524611,2026-09-16T11:01:05.274550,14,474ccba59d18cf70
2117432675524534,2026-09-16T11:01:05.274550,14,474ccba59d18cf70
2117433012191167,2026-09-16T11:01:05.274550,14,474ccba59d18cf70
2117454688855666,2026-09-16T11:01:05.274550,14,474ccba59d18cf70
2117539452180523,2026-09-16T11:01:05.274550,14,474ccba59d18cf70
2117541855513616,2026-09-16T11:01:05.274550,14,474ccba59d18cf70
2117548358846299,2026-09-16T11:01:05.274550,14,474ccba59d18cf70
2117554675512334,2026-09-16T11:01:05.274550,14,474ccba59d18cf70
2117556535512148,2026-09-16T11:01:05.274550,14,474ccba59d18cf70
2117569278844207,2026-09-16T11:01:05.274550,14,474ccba59d18cf70
1333718595298052,2026-09-16T11:01:05.274550,14,474ccba59d18cf70
1333731855296726,2026-09-16T11:01:05.274550,14,474ccba59d18cf70
1333732698629975,2026-09-16T11:01:05.274550,14,474ccba59d18cf70
1333801035289808,2026-09-16T11:01:05.274550,14,474ccba59d18cf70
1333853801951198,2026-09-16T11:01:05.274550,14,474ccba59d18cf70
28735873772691690,2026-09-16T11:01:05.274550,14,474ccba59d18cf70
28735873866025014,2026-09-16T11:01:05.274550,14,474ccba59d18cf70
28735873936025007,2026-09-16T11:01:05.274550,14,474ccba59d18cf70
28735874199358314,2026-09-16T11:01:05.274550,14,474ccba59d18cf70
28739790022300065,2026-09-16T11:01:05.274550,14,474ccba59d18cf70
28739788232300244,2026-09-16T11:01:05.274550,14,474ccba59d18cf70
28739786752300392,2026-09-16T11:01:05.274550,14,474ccba59d18cf70
28739785195633881,2026-09-16T11:01:05.274550,14,474ccba59d18cf70
1756570705550253,2026-09-16T11:01:05.274550,14,474ccba59d18cf70
1756597615547562,2026-09-16T11:01:05.274550,14,474ccba59d18cf70
1756608045546519,2026-09-16T11:01:05.274550,14,474ccba59d18cf70
1756648825542441,2026-09-16T11:01:05.274550,14,474ccba59d18cf70
1756671038873553,2026-09-16T11:01:05.274550,14,474ccba59d18cf70
1756675822206408,2026-09-16T11:01:05.274550,14,474ccba59d18cf70
1756723808868276,2026-09-16T11:01:05.274550,14,474ccba59d18cf70
1756567675550556,2026-09-16T11:01:05.274550,14,474ccba59d18cf70
1756568208883836,2026-09-16T11:01:05.274550,14,474ccba59d18cf70
1756579222216068,2026-09-16T11:01:05.274550,14,474ccba59d18cf70
1756587065548617,2026-09-16T11:01:05.274550,14,474ccba59d18cf70
1756588755548448,2026-09-16T11:01:05.274550,14,474ccba59d18cf70
1756598822214108,2026-09-16T11:01:05.274550,14,474ccba59d18cf70
1756606282213362,2026-09-16T11:01:05.274550,14,474ccba59d18cf70
1756609482213042,2026-09-16T11:01:05.274550,14,474ccba59d18cf70
1756646772209313,2026-09-16T11:01:05.274550,14,474ccba59d18cf70
1756666652207325,2026-09-16T11:01:05.274550,14,474ccba59d18cf70
1756671555540168,2026-09-16T11:01:05.274550,14,474ccba59d18cf70
1756728112201179,2026-09-16T11:01:05.274550,14,474ccba59d18cf70
1756730795534244,2026-09-16T11:01:05.274550,14,474ccba59d18cf70
1756847705522553,2026-09-16T11:01:05.274550,14,474ccba59d18cf70
1757111432162847,2026-09-16T11:01:05.274550,14,474ccba59d18cf70
1756699012204089,2026-09-16T11:01:05.274550,14,474ccba59d18cf70
1756699725537351,2026-09-16T11:01:05.274550,14,474ccba59d18cf70
1756707755536548,2026-09-16T11:01:05.274550,14,474ccba59d18cf70
1756708982203092,2026-09-16T11:01:05.274550,14,474ccba59d18cf70
1756710852202905,2026-09-16T11:01:05.274550,14,474ccba59d18cf70
1756717585535565,2026-09-16T11:01:05.274550,14,474ccba59d18cf70
1756739495533374,2026-09-16T11:01:05.274550,14,474ccba59d18cf70
1756741545533169,2026-09-16T11:01:05.274550,14,474ccba59d18cf70
1756742822199708,2026-09-16T11:01:05.274550,14,474ccba59d18cf70
1756746722199318,2026-09-16T11:01:05.274550,14,474ccba59d18cf70
1756750902198900,2026-09-16T11:01:05.274550,14,474ccba59d18cf70
1757173722156618,2026-09-16T11:01:05.274550,14,474ccba59d18cf70
1756696698870987,2026-09-16T11:01:05.274550,14,474ccba59d18cf70
1756697345537589,2026-09-16T11:01:05.274550,14,474ccba59d18cf70
1756698522204138,2026-09-16T11:01:05.274550,14,474ccba59d18cf70
1756698622204128,2026-09-16T11:01:05.274550,14,474ccba59d18cf70
1756699195537404,2026-09-16T11:01:05.274550,14,474ccba59d18cf70
1756706162203374,2026-09-16T11:01:05.274550,14,474ccba59d18cf70
1756708965536427,2026-09-16T11:01:05.274550,14,474ccba59d18cf70
1756710792202911,2026-09-16T11:01:05.274550,14,474ccba59d18cf70
1756711592202831,2026-09-16T11:01:05.274550,14,474ccba59d18cf70
1756711658869491,2026-09-16T11:01:05.274550,14,474ccba59d18cf70
1756716622202328,2026-09-16T11:01:05.274550,14,474ccba59d18cf70
1756721715535152,2026-09-16T11:01:05.274550,14,474ccba59d18cf70
1756733298867327,2026-09-16T11:01:05.274550,14,474ccba59d18cf70
1756733845533939,2026-09-16T11:01:05.274550,14,474ccba59d18cf70
1756736495533674,2026-09-16T11:01:05.274550,14,474ccba59d18cf70
1756744725532851,2026-09-16T11:01:05.274550,14,474ccba59d18cf70
1756750618865595,2026-09-16T11:01:05.274550,14,474ccba59d18cf70
1756751288865528,2026-09-16T11:01:05.274550,14,474ccba59d18cf70
1756762975531026,2026-09-16T11:01:05.274550,14,474ccba59d18cf70
1756764202197570,2026-09-16T11:01:05.274550,14,474ccba59d18cf70
1756766432197347,2026-09-16T11:01:05.274550,14,474ccba59d18cf70
1756766712197319,2026-09-16T11:01:05.274550,14,474ccba59d18cf70
1756774548863202,2026-09-16T11:01:05.274550,14,474ccba59d18cf70
1756776862196304,2026-09-16T11:01:05.274550,14,474ccba59d18cf70
1756777408862916,2026-09-16T11:01:05.274550,14,474ccba59d18cf70
1756778015529522,2026-09-16T11:01:05.274550,14,474ccba59d18cf70
1756778098862847,2026-09-16T11:01:05.274550,14,474ccba59d18cf70
1756778795529444,2026-09-16T11:01:05.274550,14,474ccba59d18cf70
1756780095529314,2026-09-16T11:01:05.274550,14,474ccba59d18cf70
1756784188862238,2026-09-16T11:01:05.274550,14,474ccba59d18cf70
1756785328862124,2026-09-16T11:01:05.274550,14,474ccba59d18cf70
1756788112195179,2026-09-16T11:01:05.274550,14,474ccba59d18cf70
1756790428861614,2026-09-16T11:01:05.274550,14,474ccba59d18cf70
1756792338861423,2026-09-16T11:01:05.274550,14,474ccba59d18cf70
1756894335517890,2026-09-16T11:01:05.274550,14,474ccba59d18cf70
1756713172202673,2026-09-16T11:01:05.274550,14,474ccba59d18cf70
1756718905535433,2026-09-16T11:01:05.274550,14,474ccba59d18cf70
1756719595535364,2026-09-16T11:01:05.274550,14,474ccba59d18cf70
1756741652199825,2026-09-16T11:01:05.274550,14,474ccba59d18cf70
1756763128864344,2026-09-16T11:01:05.274550,14,474ccba59d18cf70
1756793555527968,2026-09-16T11:01:05.274550,14,474ccba59d18cf70
1756896478851009,2026-09-16T11:01:05.274550,14,474ccba59d18cf70
1756979282176062,2026-09-16T11:01:05.274550,14,474ccba59d18cf70
1757009388839718,2026-09-16T11:01:05.274550,14,474ccba59d18cf70
1756696545537669,2026-09-16T11:01:05.274550,14,474ccba59d18cf70
1756700142203976,2026-09-16T11:01:05.274550,14,474ccba59d18cf70
1756703718870285,2026-09-16T11:01:05.274550,14,474ccba59d18cf70
1756713192202671,2026-09-16T11:01:05.274550,14,474ccba59d18cf70
1756713758869281,2026-09-16T11:01:05.274550,14,474ccba59d18cf70
1756715025535821,2026-09-16T11:01:05.274550,14,474ccba59d18cf70
1756716488869008,2026-09-16T11:01:05.274550,14,474ccba59d18cf70
1756718112202179,2026-09-16T11:01:05.274550,14,474ccba59d18cf70
1756722895535034,2026-09-16T11:01:05.274550,14,474ccba59d18cf70
1756727075534616,2026-09-16T11:01:05.274550,14,474ccba59d18cf70
1756727758867881,2026-09-16T11:01:05.274550,14,474ccba59d18cf70
1756750248865632,2026-09-16T11:01:05.274550,14,474ccba59d18cf70
1756813275525996,2026-09-16T11:01:05.274550,14,474ccba59d18cf70
1756697392204251,2026-09-16T11:01:05.274550,14,474ccba59d18cf70
1756700585537265,2026-09-16T11:01:05.274550,14,474ccba59d18cf70
1756702195537104,2026-09-16T11:01:05.274550,14,474ccba59d18cf70
1756751565532167,2026-09-16T11:01:05.274550,14,474ccba59d18cf70
1756727765534547,2026-09-16T11:01:05.274550,14,474ccba59d18cf70
1756729545534369,2026-09-16T11:01:05.274550,14,474ccba59d18cf70
1756731818867475,2026-09-16T11:01:05.274550,14,474ccba59d18cf70
1756734745533849,2026-09-16T11:01:05.274550,14,474ccba59d18cf70
1756737448866912,2026-09-16T11:01:05.274550,14,474ccba59d18cf70
1756739012200089,2026-09-16T11:01:05.274550,14,474ccba59d18cf70
1756750182198972,2026-09-16T11:01:05.274550,14,474ccba59d18cf70
1756752355532088,2026-09-16T11:01:05.274550,14,474ccba59d18cf70
1756760408864616,2026-09-16T11:01:05.274550,14,474ccba59d18cf70
1756762742197716,2026-09-16T11:01:05.274550,14,474ccba59d18cf70
1756763878864269,2026-09-16T11:01:05.274550,14,474ccba59d18cf70
1756769128863744,2026-09-16T11:01:05.274550,14,474ccba59d18cf70
1756788428861814,2026-09-16T11:01:05.274550,14,474ccba59d18cf70
1756792885528035,2026-09-16T11:01:05.274550,14,474ccba59d18cf70
1756794525527871,2026-09-16T11:01:05.274550,14,474ccba59d18cf70
1756867945520529,2026-09-16T11:01:05.274550,14,474ccba59d18cf70
1756897922184198,2026-09-16T11:01:05.274550,14,474ccba59d18cf70
1756960538844603,2026-09-16T11:01:05.274550,14,474ccba59d18cf70
1757165572157433,2026-09-16T11:01:05.274550,14,474ccba59d18cf70
1757035702170420,2026-09-16T11:01:05.274550,14,474ccba59d18cf70
1757052285502095,2026-09-16T11:01:05.274550,14,474ccba59d18cf70
1756765972197393,2026-09-16T11:01:05.274550,14,474ccba59d18cf70
1756771312196859,2026-09-16T11:01:05.274550,14,474ccba59d18cf70
1756777575529566,2026-09-16T11:01:05.274550,14,474ccba59d18cf70
1756786348862022,2026-09-16T11:01:05.274550,14,474ccba59d18cf70
1756787228861934,2026-09-16T11:01:05.274550,14,474ccba59d18cf70
1756791402194850,2026-09-16T11:01:05.274550,14,474ccba59d18cf70
1756792525528071,2026-09-16T11:01:05.274550,14,474ccba59d18cf70
1756801948860462,2026-09-16T11:01:05.274550,14,474ccba59d18cf70
1756812995526024,2026-09-16T11:01:05.274550,14,474ccba59d18cf70
1756827552191235,2026-09-16T11:01:05.274550,14,474ccba59d18cf70
1756887035518620,2026-09-16T11:01:05.274550,14,474ccba59d18cf70
1756898272184163,2026-09-16T11:01:05.274550,14,474ccba59d18cf70
1756899328850724,2026-09-16T11:01:05.274550,14,474ccba59d18cf70
1756902922183698,2026-09-16T11:01:05.274550,14,474ccba59d18cf70
1756906288850028,2026-09-16T11:01:05.274550,14,474ccba59d18cf70
1756909608849696,2026-09-16T11:01:05.274550,14,474ccba59d18cf70
1756911055516218,2026-09-16T11:01:05.274550,14,474ccba59d18cf70
1756783358862321,2026-09-16T11:01:05.274550,14,474ccba59d18cf70
1756789385528385,2026-09-16T11:01:05.274550,14,474ccba59d18cf70
1756794375527886,2026-09-16T11:01:05.274550,14,474ccba59d18cf70
1756807492193241,2026-09-16T11:01:05.274550,14,474ccba59d18cf70
1756816012192389,2026-09-16T11:01:05.274550,14,474ccba59d18cf70
1756887682185222,2026-09-16T11:01:05.274550,14,474ccba59d18cf70
1756793882194602,2026-09-16T11:01:05.274550,14,474ccba59d18cf70
1756986858841971,2026-09-16T11:01:05.274550,14,474ccba59d18cf70
1756991805508143,2026-09-16T11:01:05.274550,14,474ccba59d18cf70
1757006975506626,2026-09-16T11:01:05.274550,14,474ccba59d18cf70
1757054145501909,2026-09-16T11:01:05.274550,14,474ccba59d18cf70
1757054275501896,2026-09-16T11:01:05.274550,14,474ccba59d18cf70
1757055438835113,2026-09-16T11:01:05.274550,14,474ccba59d18cf70
1756946368846020,2026-09-16T11:01:05.274550,14,474ccba59d18cf70
1756955498845107,2026-09-16T11:01:05.274550,14,474ccba59d18cf70
1756958005511523,2026-09-16T11:01:05.274550,14,474ccba59d18cf70
1756962072177783,2026-09-16T11:01:05.274550,14,474ccba59d18cf70
1756964482177542,2026-09-16T11:01:05.274550,14,474ccba59d18cf70
1756970335510290,2026-09-16T11:01:05.274550,14,474ccba59d18cf70
1756970875510236,2026-09-16T11:01:05.274550,14,474ccba59d18cf70
1756972288843428,2026-09-16T11:01:05.274550,14,474ccba59d18cf70
1756974512176539,2026-09-16T11:01:05.274550,14,474ccba59d18cf70
1756977958842861,2026-09-16T11:01:05.274550,14,474ccba59d18cf70
1756984042175586,2026-09-16T11:01:05.274550,14,474ccba59d18cf70
1756985008842156,2026-09-16T11:01:05.274550,14,474ccba59d18cf70
1756986062175384,2026-09-16T11:01:05.274550,14,474ccba59d18cf70
1756986125508711,2026-09-16T11:01:05.274550,14,474ccba59d18cf70
1756991785508145,2026-09-16T11:01:05.274550,14,474ccba59d18cf70
1757003805506943,2026-09-16T11:01:05.274550,14,474ccba59d18cf70
1757047352169255,2026-09-16T11:01:05.274550,14,474ccba59d18cf70
1757048528835804,2026-09-16T11:01:05.274550,14,474ccba59d18cf70
1757048595502464,2026-09-16T11:01:05.274550,14,474ccba59d18cf70
1757075858833071,2026-09-16T11:01:05.274550,14,474ccba59d18cf70
1757090268831630,2026-09-16T11:01:05.274550,14,474ccba59d18cf70
1757108082163182,2026-09-16T11:01:05.274550,14,474ccba59d18cf70
1756842025523121,2026-09-16T11:01:05.274550,14,474ccba59d18cf70
1756842355523088,2026-09-16T11:01:05.274550,14,474ccba59d18cf70
1756843428856314,2026-09-16T11:01:05.274550,14,474ccba59d18cf70
1756843952189595,2026-09-16T11:01:05.274550,14,474ccba59d18cf70
1756844518856205,2026-09-16T11:01:05.274550,14,474ccba59d18cf70
1756846235522700,2026-09-16T11:01:05.274550,14,474ccba59d18cf70
1756846978855959,2026-09-16T11:01:05.274550,14,474ccba59d18cf70
1756848502189140,2026-09-16T11:01:05.274550,14,474ccba59d18cf70
1756850728855584,2026-09-16T11:01:05.274550,14,474ccba59d18cf70
1756851022188888,2026-09-16T11:01:05.274550,14,474ccba59d18cf70
1756853025522021,2026-09-16T11:01:05.274550,14,474ccba59d18cf70
1756855715521752,2026-09-16T11:01:05.274550,14,474ccba59d18cf70
1756860148854642,2026-09-16T11:01:05.274550,14,474ccba59d18cf70
1756867918853865,2026-09-16T11:01:05.274550,14,474ccba59d18cf70
1756868345520489,2026-09-16T11:01:05.274550,14,474ccba59d18cf70
1756870962186894,2026-09-16T11:01:05.274550,14,474ccba59d18cf70
1756872685520055,2026-09-16T11:01:05.274550,14,474ccba59d18cf70
1756873508853306,2026-09-16T11:01:05.274550,14,474ccba59d18cf70
1756874642186526,2026-09-16T11:01:05.274550,14,474ccba59d18cf70
1756876452186345,2026-09-16T11:01:05.274550,14,474ccba59d18cf70
1756877092186281,2026-09-16T11:01:05.274550,14,474ccba59d18cf70
1756878545519469,2026-09-16T11:01:05.274550,14,474ccba59d18cf70
1756879862186004,2026-09-16T11:01:05.274550,14,474ccba59d18cf70
1756881845519139,2026-09-16T11:01:05.274550,14,474ccba59d18cf70
1756884148852242,2026-09-16T11:01:05.274550,14,474ccba59d18cf70
1756884498852207,2026-09-16T11:01:05.274550,14,474ccba59d18cf70
1756891358851521,2026-09-16T11:01:05.274550,14,474ccba59d18cf70
1756891945518129,2026-09-16T11:01:05.274550,14,474ccba59d18cf70
1756905678850089,2026-09-16T11:01:05.274550,14,474ccba59d18cf70
1756907702183220,2026-09-16T11:01:05.274550,14,474ccba59d18cf70
1756909078849749,2026-09-16T11:01:05.274550,14,474ccba59d18cf70
1756910035516320,2026-09-16T11:01:05.274550,14,474ccba59d18cf70
1756911438849513,2026-09-16T11:01:05.274550,14,474ccba59d18cf70
1756911598849497,2026-09-16T11:01:05.274550,14,474ccba59d18cf70
1756915358849121,2026-09-16T11:01:05.274550,14,474ccba59d18cf70
1756915692182421,2026-09-16T11:01:05.274550,14,474ccba59d18cf70
1756917925515531,2026-09-16T11:01:05.274550,14,474ccba59d18cf70
1756920562181934,2026-09-16T11:01:05.274550,14,474ccba59d18cf70
1756922212181769,2026-09-16T11:01:05.274550,14,474ccba59d18cf70
1756922865515037,2026-09-16T11:01:05.274550,14,474ccba59d18cf70
1756936428847014,2026-09-16T11:01:05.274550,14,474ccba59d18cf70
1756940698846587,2026-09-16T11:01:05.274550,14,474ccba59d18cf70
1756942442179746,2026-09-16T11:01:05.274550,14,474ccba59d18cf70
1756943115513012,2026-09-16T11:01:05.274550,14,474ccba59d18cf70
1756943632179627,2026-09-16T11:01:05.274550,14,474ccba59d18cf70
1756944105512913,2026-09-16T11:01:05.274550,14,474ccba59d18cf70
1756946702179320,2026-09-16T11:01:05.274550,14,474ccba59d18cf70
1756952828845374,2026-09-16T11:01:05.274550,14,474ccba59d18cf70
1756953232178667,2026-09-16T11:01:05.274550,14,474ccba59d18cf70
1756953328845324,2026-09-16T11:01:05.274550,14,474ccba59d18cf70
1756955522178438,2026-09-16T11:01:05.274550,14,474ccba59d18cf70
1756956195511704,2026-09-16T11:01:05.274550,14,474ccba59d18cf70
1756959995511324,2026-09-16T11:01:05.274550,14,474ccba59d18cf70
1756960158844641,2026-09-16T11:01:05.274550,14,474ccba59d18cf70
1756960738844583,2026-09-16T11:01:05.274550,14,474ccba59d18cf70
1756962782177712,2026-09-16T11:01:05.274550,14,474ccba59d18cf70
1756963415510982,2026-09-16T11:01:05.274550,14,474ccba59d18cf70
1756965322177458,2026-09-16T11:01:05.274550,14,474ccba59d18cf70
1756979912175999,2026-09-16T11:01:05.274550,14,474ccba59d18cf70
1756981602175830,2026-09-16T11:01:05.274550,14,474ccba59d18cf70
1756986458842011,2026-09-16T11:01:05.274550,14,474ccba59d18cf70
1756988472175143,2026-09-16T11:01:05.274550,14,474ccba59d18cf70
1756992278841429,2026-09-16T11:01:05.274550,14,474ccba59d18cf70
1757006212173369,2026-09-16T11:01:05.274550,14,474ccba59d18cf70
1757053478835309,2026-09-16T11:01:05.274550,14,474ccba59d18cf70
1757053878835269,2026-09-16T11:01:05.274550,14,474ccba59d18cf70
1757054175501906,2026-09-16T11:01:05.274550,14,474ccba59d18cf70
1757056058835051,2026-09-16T11:01:05.274550,14,474ccba59d18cf70
1757064135500910,2026-09-16T11:01:05.274550,14,474ccba59d18cf70
1757073978833259,2026-09-16T11:01:05.274550,14,474ccba59d18cf70
1756945365512787,2026-09-16T11:01:05.274550,14,474ccba59d18cf70
1756946182179372,2026-09-16T11:01:05.274550,14,474ccba59d18cf70
1756955195511804,2026-09-16T11:01:05.274550,14,474ccba59d18cf70
1756971152176875,2026-09-16T11:01:05.274550,14,474ccba59d18cf70
1756972482176742,2026-09-16T11:01:05.274550,14,474ccba59d18cf70
1756993485507975,2026-09-16T11:01:05.274550,14,474ccba59d18cf70
1757000112173979,2026-09-16T11:01:05.274550,14,474ccba59d18cf70
1757104408830216,2026-09-16T11:01:05.274550,14,474ccba59d18cf70
1756988628841794,2026-09-16T11:01:05.274550,14,474ccba59d18cf70
1756991882174802,2026-09-16T11:01:05.274550,14,474ccba59d18cf70
1756993148841342,2026-09-16T11:01:05.274550,14,474ccba59d18cf70
1757003542173636,2026-09-16T11:01:05.274550,14,474ccba59d18cf70
1757009425506381,2026-09-16T11:01:05.274550,14,474ccba59d18cf70
1757010135506310,2026-09-16T11:01:05.274550,14,474ccba59d18cf70
1757012878839369,2026-09-16T11:01:05.274550,14,474ccba59d18cf70
1757016962172294,2026-09-16T11:01:05.274550,14,474ccba59d18cf70
1757019385505385,2026-09-16T11:01:05.274550,14,474ccba59d18cf70
1757027118837945,2026-09-16T11:01:05.274550,14,474ccba59d18cf70
1757027135504610,2026-09-16T11:01:05.274550,14,474ccba59d18cf70
1757030615504262,2026-09-16T11:01:05.274550,14,474ccba59d18cf70
1757032512170739,2026-09-16T11:01:05.274550,14,474ccba59d18cf70
1757037702170220,2026-09-16T11:01:05.274550,14,474ccba59d18cf70
1757038548836802,2026-09-16T11:01:05.274550,14,474ccba59d18cf70
1757051322168858,2026-09-16T11:01:05.274550,14,474ccba59d18cf70
1757066575500666,2026-09-16T11:01:05.274550,14,474ccba59d18cf70
1757066855500638,2026-09-16T11:01:05.274550,14,474ccba59d18cf70
1757070728833584,2026-09-16T11:01:05.274550,14,474ccba59d18cf70
1757096245497699,2026-09-16T11:01:05.274550,14,474ccba59d18cf70
1757097578830899,2026-09-16T11:01:05.274550,14,474ccba59d18cf70
1757101915497132,2026-09-16T11:01:05.274550,14,474ccba59d18cf70
1757102292163761,2026-09-16T11:01:05.274550,14,474ccba59d18cf70
1757103645496959,2026-09-16T11:01:05.274550,14,474ccba59d18cf70
1757112032162787,2026-09-16T11:01:05.274550,14,474ccba59d18cf70
1757113945495929,2026-09-16T11:01:05.274550,14,474ccba59d18cf70
1757125128828144,2026-09-16T11:01:05.274550,14,474ccba59d18cf70
1757139435493380,2026-09-16T11:01:05.274550,14,474ccba59d18cf70
1757141518826505,2026-09-16T11:01:05.274550,14,474ccba59d18cf70
1757141795493144,2026-09-16T11:01:05.274550,14,474ccba59d18cf70
1757154585491865,2026-09-16T11:01:05.274550,14,474ccba59d18cf70
1757164402157550,2026-09-16T11:01:05.274550,14,474ccba59d18cf70
1757048338835823,2026-09-16T11:01:05.274550,14,474ccba59d18cf70
1757051762168814,2026-09-16T11:01:05.274550,14,474ccba59d18cf70
1757162408824416,2026-09-16T11:01:05.274550,14,474ccba59d18cf70
1757040385503285,2026-09-16T11:01:05.274550,14,474ccba59d18cf70
1757069382167052,2026-09-16T11:01:05.274550,14,474ccba59d18cf70
1757015445505779,2026-09-16T11:01:05.274550,14,474ccba59d18cf70
1757020965505227,2026-09-16T11:01:05.274550,14,474ccba59d18cf70
1757027308837926,2026-09-16T11:01:05.274550,14,474ccba59d18cf70
1757030385504285,2026-09-16T11:01:05.274550,14,474ccba59d18cf70
1757031072170883,2026-09-16T11:01:05.274550,14,474ccba59d18cf70
1757032915504032,2026-09-16T11:01:05.274550,14,474ccba59d18cf70
1757033988837258,2026-09-16T11:01:05.274550,14,474ccba59d18cf70
1757039625503361,2026-09-16T11:01:05.274550,14,474ccba59d18cf70
1757043492169641,2026-09-16T11:01:05.274550,14,474ccba59d18cf70
1757046335502690,2026-09-16T11:01:05.274550,14,474ccba59d18cf70
1757049655502358,2026-09-16T11:01:05.274550,14,474ccba59d18cf70
1757052668835390,2026-09-16T11:01:05.274550,14,474ccba59d18cf70
1757053375501986,2026-09-16T11:01:05.274550,14,474ccba59d18cf70
1757053958835261,2026-09-16T11:01:05.274550,14,474ccba59d18cf70
1757054048835252,2026-09-16T11:01:05.274550,14,474ccba59d18cf70
1757055105501813,2026-09-16T11:01:05.274550,14,474ccba59d18cf70
1757088552165135,2026-09-16T11:01:05.274550,14,474ccba59d18cf70
1757103175497006,2026-09-16T11:01:05.274550,14,474ccba59d18cf70
1757154405491883,2026-09-16T11:01:05.274550,14,474ccba59d18cf70
1757155615491762,2026-09-16T11:01:05.274550,14,474ccba59d18cf70
1757013988839258,2026-09-16T11:01:05.274550,14,474ccba59d18cf70
1757035752170415,2026-09-16T11:01:05.274550,14,474ccba59d18cf70
1757035845503739,2026-09-16T11:01:05.274550,14,474ccba59d18cf70
1757036762170314,2026-09-16T11:01:05.274550,14,474ccba59d18cf70
1757044895502834,2026-09-16T11:01:05.274550,14,474ccba59d18cf70
1757059925501331,2026-09-16T11:01:05.274550,14,474ccba59d18cf70
1757064645500859,2026-09-16T11:01:05.274550,14,474ccba59d18cf70
1757068548833802,2026-09-16T11:01:05.274550,14,474ccba59d18cf70
1757069288833728,2026-09-16T11:01:05.274550,14,474ccba59d18cf70
1757070642166926,2026-09-16T11:01:05.274550,14,474ccba59d18cf70
1757075962166394,2026-09-16T11:01:05.274550,14,474ccba59d18cf70
1757077158832941,2026-09-16T11:01:05.274550,14,474ccba59d18cf70
1757081808832476,2026-09-16T11:01:05.274550,14,474ccba59d18cf70
1757091532164837,2026-09-16T11:01:05.274550,14,474ccba59d18cf70
1757092245498099,2026-09-16T11:01:05.274550,14,474ccba59d18cf70
1757098035497520,2026-09-16T11:01:05.274550,14,474ccba59d18cf70
1757102218830435,2026-09-16T11:01:05.274550,14,474ccba59d18cf70
1757120888828568,2026-09-16T11:01:05.274550,14,474ccba59d18cf70
1757121225495201,2026-09-16T11:01:05.274550,14,474ccba59d18cf70
1757139332160057,2026-09-16T11:01:05.274550,14,474ccba59d18cf70
1757067355500588,2026-09-16T11:01:05.274550,14,474ccba59d18cf70
1757068605500463,2026-09-16T11:01:05.274550,14,474ccba59d18cf70
1757093615497962,2026-09-16T11:01:05.274550,14,474ccba59d18cf70
1757112095496114,2026-09-16T11:01:05.274550,14,474ccba59d18cf70
1757126198828037,2026-09-16T11:01:05.274550,14,474ccba59d18cf70
2512801832557041,2026-09-16T11:01:05.274550,14,474ccba59d18cf70
2512808289223062,2026-09-16T11:01:05.274550,14,474ccba59d18cf70
2512813485889209,2026-09-16T11:01:05.274550,14,474ccba59d18cf70
2512818099222081,2026-09-16T11:01:05.274550,14,474ccba59d18cf70
2512823055888252,2026-09-16T11:01:05.274550,14,474ccba59d18cf70
2512828349221056,2026-09-16T11:01:05.274550,14,474ccba59d18cf70
2512858892551335,2026-09-16T11:01:05.274550,14,474ccba59d18cf70
2512903189213572,2026-09-16T11:01:05.274550,14,474ccba59d18cf70
2512924965878061,2026-09-16T11:01:05.274550,14,474ccba59d18cf70
2513223572514867,2026-09-16T11:01:05.274550,14,474ccba59d18cf70
2512857325884825,2026-09-16T11:01:05.274550,14,474ccba59d18cf70
2512868609217030,2026-09-16T11:01:05.274550,14,474ccba59d18cf70
2512872565883301,2026-09-16T11:01:05.274550,14,474ccba59d18cf70
2512874982549726,2026-09-16T11:01:05.274550,14,474ccba59d18cf70
2512876715882886,2026-09-16T11:01:05.274550,14,474ccba59d18cf70
2512880879215803,2026-09-16T11:01:05.274550,14,474ccba59d18cf70
2512892225881335,2026-09-16T11:01:05.274550,14,474ccba59d18cf70
2512894739214417,2026-09-16T11:01:05.274550,14,474ccba59d18cf70
2512895749214316,2026-09-16T11:01:05.274550,14,474ccba59d18cf70
2512900179213873,2026-09-16T11:01:05.274550,14,474ccba59d18cf70
2512900912547133,2026-09-16T11:01:05.274550,14,474ccba59d18cf70
2512931925877365,2026-09-16T11:01:05.274550,14,474ccba59d18cf70
2512933389210552,2026-09-16T11:01:05.274550,14,474ccba59d18cf70
2512983532538871,2026-09-16T11:01:05.274550,14,474ccba59d18cf70
2513018769202014,2026-09-16T11:01:05.274550,14,474ccba59d18cf70
2513078535862704,2026-09-16T11:01:05.274550,14,474ccba59d18cf70
2513111985859359,2026-09-16T11:01:05.274550,14,474ccba59d18cf70
2513127672524457,2026-09-16T11:01:05.274550,14,474ccba59d18cf70
2513134389190452,2026-09-16T11:01:05.274550,14,474ccba59d18cf70
2513148509189040,2026-09-16T11:01:05.274550,14,474ccba59d18cf70
2513182689185622,2026-09-16T11:01:05.274550,14,474ccba59d18cf70
2513241669179724,2026-09-16T11:01:05.274550,14,474ccba59d18cf70
2513275872509637,2026-09-16T11:01:05.274550,14,474ccba59d18cf70
2513338335836724,2026-09-16T11:01:05.274550,14,474ccba59d18cf70
2513207022516522,2026-09-16T11:01:05.274550,14,474ccba59d18cf70
2513210452516179,2026-09-16T11:01:05.274550,14,474ccba59d18cf70
2513211272516097,2026-09-16T11:01:05.274550,14,474ccba59d18cf70
2513212445849313,2026-09-16T11:01:05.274550,14,474ccba59d18cf70
2513218052515419,2026-09-16T11:01:05.274550,14,474ccba59d18cf70
2513219205848637,2026-09-16T11:01:05.274550,14,474ccba59d18cf70
2513219365848621,2026-09-16T11:01:05.274550,14,474ccba59d18cf70
2513222169181674,2026-09-16T11:01:05.274550,14,474ccba59d18cf70
2513225122514712,2026-09-16T11:01:05.274550,14,474ccba59d18cf70
2513230889180802,2026-09-16T11:01:05.274550,14,474ccba59d18cf70
2513231875847370,2026-09-16T11:01:05.274550,14,474ccba59d18cf70
2513234895847068,2026-09-16T11:01:05.274550,14,474ccba59d18cf70
2513237605846797,2026-09-16T11:01:05.274550,14,474ccba59d18cf70
2513240159179875,2026-09-16T11:01:05.274550,14,474ccba59d18cf70
2513251962512028,2026-09-16T11:01:05.274550,14,474ccba59d18cf70
2513255225845035,2026-09-16T11:01:05.274550,14,474ccba59d18cf70
2513257929178098,2026-09-16T11:01:05.274550,14,474ccba59d18cf70
2513259282511296,2026-09-16T11:01:05.274550,14,474ccba59d18cf70
2513263912510833,2026-09-16T11:01:05.274550,14,474ccba59d18cf70
2513280645842493,2026-09-16T11:01:05.274550,14,474ccba59d18cf70
2513298279174063,2026-09-16T11:01:05.274550,14,474ccba59d18cf70
2513362725834285,2026-09-16T11:01:05.274550,14,474ccba59d18cf70
2513365989167292,2026-09-16T11:01:05.274550,14,474ccba59d18cf70
2513379305832627,2026-09-16T11:01:05.274550,14,474ccba59d18cf70
2513387675831790,2026-09-16T11:01:05.274550,14,474ccba59d18cf70
2513389869164904,2026-09-16T11:01:05.274550,14,474ccba59d18cf70
2513392329164658,2026-09-16T11:01:05.274550,14,474ccba59d18cf70
2513392899164601,2026-09-16T11:01:05.274550,14,474ccba59d18cf70
2513394449164446,2026-09-16T11:01:05.274550,14,474ccba59d18cf70
2513398535830704,2026-09-16T11:01:05.274550,14,474ccba59d18cf70
2513399585830599,2026-09-16T11:01:05.274550,14,474ccba59d18cf70
2513401889163702,2026-09-16T11:01:05.274550,14,474ccba59d18cf70
2513432905827267,2026-09-16T11:01:05.274550,14,474ccba59d18cf70
2513436052493619,2026-09-16T11:01:05.274550,14,474ccba59d18cf70
1628110498773250,2026-09-18T14:33:52.623735,14,474ccba59d18cf70
1628182548766045,2026-09-18T14:33:52.623735,14,474ccba59d18cf70
1628828015368165,2026-09-18T14:33:52.623735,14,474ccba59d18cf70
1630280465222920,2026-09-18T14:33:52.623735,14,474ccba59d18cf70
1630391525211814,2026-09-18T14:33:52.623735,14,474ccba59d18cf70
1627981675452799,2026-09-18T14:33:52.623735,14,474ccba59d18cf70
1628828222034811,2026-09-18T14:33:52.623735,14,474ccba59d18cf70
1628994542018179,2026-09-18T14:33:52.623735,14,474ccba59d18cf70
1629058352011798,2026-09-18T14:33:52.623735,14,474ccba59d18cf70
1629837095267257,2026-09-18T14:33:52.623735,14,474ccba59d18cf70
1630726321845001,2026-09-18T14:33:52.623735,14,474ccba59d18cf70
1630766551840978,2026-09-18T14:33:52.623735,14,474ccba59d18cf70
1630767098507590,2026-09-18T14:33:52.623735,14,474ccba59d18cf70
1627979962119637,2026-09-18T14:33:52.623735,14,474ccba59d18cf70
1629060955344871,2026-09-18T14:33:52.623735,14,474ccba59d18cf70
1627980132119620,2026-09-18T14:33:52.623735,14,474ccba59d18cf70
1628110138773286,2026-09-18T14:33:52.623735,14,474ccba59d18cf70
1628828412034792,2026-09-18T14:33:52.623735,14,474ccba59d18cf70
1627865965464370,2026-09-18T14:33:52.623735,14,474ccba59d18cf70
1627982248786075,2026-09-18T14:33:52.623735,14,474ccba59d18cf70
1629060638678236,2026-09-18T14:33:52.623735,14,474ccba59d18cf70
1627891915461775,2026-09-18T14:33:52.623735,14,474ccba59d18cf70
1627982778786022,2026-09-18T14:33:52.623735,14,474ccba59d18cf70
1628107465440220,2026-09-18T14:33:52.623735,14,474ccba59d18cf70
1628108195440147,2026-09-18T14:33:52.623735,14,474ccba59d18cf70
1629059958678304,2026-09-18T14:33:52.623735,14,474ccba59d18cf70
1630474478536852,2026-09-18T14:33:52.623735,14,474ccba59d18cf70
1627872865463680,2026-09-18T14:33:52.623735,14,474ccba59d18cf70
1628828348701465,2026-09-18T14:33:52.623735,14,474ccba59d18cf70
1629058062011827,2026-09-18T14:33:52.623735,14,474ccba59d18cf70
1630416455209321,2026-09-18T14:33:52.623735,14,474ccba59d18cf70
1630427425208224,2026-09-18T14:33:52.623735,14,474ccba59d18cf70
1628108278773472,2026-09-18T14:33:52.623735,14,474ccba59d18cf70
1628828112034822,2026-09-18T14:33:52.623735,14,474ccba59d18cf70
1629917221925911,2026-09-18T14:33:52.623735,14,474ccba59d18cf70
1630474661870167,2026-09-18T14:33:52.623735,14,474ccba59d18cf70
1628828762034757,2026-09-18T14:33:52.623735,14,474ccba59d18cf70
1629057375345229,2026-09-18T14:33:52.623735,14,474ccba59d18cf70
1629064918677808,2026-09-18T14:33:52.623735,14,474ccba59d18cf70
1629081228676177,2026-09-18T14:33:52.623735,14,474ccba59d18cf70
1629427578641542,2026-09-18T14:33:52.623735,14,474ccba59d18cf70
1630351581882475,2026-09-18T14:33:52.623735,14,474ccba59d18cf70
1630402698544030,2026-09-18T14:33:52.623735,14,474ccba59d18cf70
1628502162067417,2026-09-18T14:33:52.623735,14,474ccba59d18cf70
1628709198713380,2026-09-18T14:33:52.623735,14,474ccba59d18cf70
1628748085376158,2026-09-18T14:33:52.623735,14,474ccba59d18cf70
1628748132042820,2026-09-18T14:33:52.623735,14,474ccba59d18cf70
1628748192042814,2026-09-18T14:33:52.623735,14,474ccba59d18cf70
1628748775376089,2026-09-18T14:33:52.623735,14,474ccba59d18cf70
1628749252042708,2026-09-18T14:33:52.623735,14,474ccba59d18cf70
1628749778709322,2026-09-18T14:33:52.623735,14,474ccba59d18cf70
1628827888701511,2026-09-18T14:33:52.623735,14,474ccba59d18cf70
1630214685229498,2026-09-18T14:33:52.623735,14,474ccba59d18cf70
1628251202092513,2026-09-18T14:33:52.623735,14,474ccba59d18cf70
1628432965407670,2026-09-18T14:33:52.623735,14,474ccba59d18cf70
1628475632070070,2026-09-18T14:33:52.623735,14,474ccba59d18cf70
1628507818733518,2026-09-18T14:33:52.623735,14,474ccba59d18cf70
1628525818731718,2026-09-18T14:33:52.623735,14,474ccba59d18cf70
1628528122064821,2026-09-18T14:33:52.623735,14,474ccba59d18cf70
1628634328720867,2026-09-18T14:33:52.623735,14,474ccba59d18cf70
1628671542050479,2026-09-18T14:33:52.623735,14,474ccba59d18cf70
1628673665383600,2026-09-18T14:33:52.623735,14,474ccba59d18cf70
1628675872050046,2026-09-18T14:33:52.623735,14,474ccba59d18cf70
1628688978715402,2026-09-18T14:33:52.623735,14,474ccba59d18cf70
1628765238707776,2026-09-18T14:33:52.623735,14,474ccba59d18cf70
1628765688707731,2026-09-18T14:33:52.623735,14,474ccba59d18cf70
1628766175374349,2026-09-18T14:33:52.623735,14,474ccba59d18cf70
1628769858707314,2026-09-18T14:33:52.623735,14,474ccba59d18cf70
1628827762034857,2026-09-18T14:33:52.623735,14,474ccba59d18cf70
1629059565345010,2026-09-18T14:33:52.623735,14,474ccba59d18cf70
1629465228637777,2026-09-18T14:33:52.623735,14,474ccba59d18cf70
1629469178637382,2026-09-18T14:33:52.623735,14,474ccba59d18cf70
1629594438624856,2026-09-18T14:33:52.623735,14,474ccba59d18cf70
1629638938620406,2026-09-18T14:33:52.623735,14,474ccba59d18cf70
1630360531881580,2026-09-18T14:33:52.623735,14,474ccba59d18cf70
1630389685211998,2026-09-18T14:33:52.623735,14,474ccba59d18cf70
1630473711870262,2026-09-18T14:33:52.623735,14,474ccba59d18cf70
1628678808716419,2026-09-18T14:33:52.623735,14,474ccba59d18cf70
1628699922047641,2026-09-18T14:33:52.623735,14,474ccba59d18cf70
1628710062046627,2026-09-18T14:33:52.623735,14,474ccba59d18cf70
1628827922034841,2026-09-18T14:33:52.623735,14,474ccba59d18cf70
1629427211974912,2026-09-18T14:33:52.623735,14,474ccba59d18cf70
1628576702059963,2026-09-18T14:33:52.623735,14,474ccba59d18cf70
1628827972034836,2026-09-18T14:33:52.623735,14,474ccba59d18cf70
1628632292054404,2026-09-18T14:33:52.623735,14,474ccba59d18cf70
1628714988712801,2026-09-18T14:33:52.623735,14,474ccba59d18cf70
1628715015379465,2026-09-18T14:33:52.623735,14,474ccba59d18cf70
1628715065379460,2026-09-18T14:33:52.623735,14,474ccba59d18cf70
1628715102046123,2026-09-18T14:33:52.623735,14,474ccba59d18cf70
1628715155379451,2026-09-18T14:33:52.623735,14,474ccba59d18cf70
1628735395377427,2026-09-18T14:33:52.623735,14,474ccba59d18cf70
1628860705364896,2026-09-18T14:33:52.623735,14,474ccba59d18cf70
1628958305355136,2026-09-18T14:33:52.623735,14,474ccba59d18cf70
1628958418688458,2026-09-18T14:33:52.623735,14,474ccba59d18cf70
1629357561981877,2026-09-18T14:33:52.623735,14,474ccba59d18cf70
1629359251981708,2026-09-18T14:33:52.623735,14,474ccba59d18cf70
1629359468648353,2026-09-18T14:33:52.623735,14,474ccba59d18cf70
1629360218648278,2026-09-18T14:33:52.623735,14,474ccba59d18cf70
1629360388648261,2026-09-18T14:33:52.623735,14,474ccba59d18cf70
1629360895314877,2026-09-18T14:33:52.623735,14,474ccba59d18cf70
1629361305314836,2026-09-18T14:33:52.623735,14,474ccba59d18cf70
1629362038648096,2026-09-18T14:33:52.623735,14,474ccba59d18cf70
1629362505314716,2026-09-18T14:33:52.623735,14,474ccba59d18cf70
1629362681981365,2026-09-18T14:33:52.623735,14,474ccba59d18cf70
1629363408647959,2026-09-18T14:33:52.623735,14,474ccba59d18cf70
1629364058647894,2026-09-18T14:33:52.623735,14,474ccba59d18cf70
1629364791981154,2026-09-18T14:33:52.623735,14,474ccba59d18cf70
1629364918647808,2026-09-18T14:33:52.623735,14,474ccba59d18cf70
1629367868647513,2026-09-18T14:33:52.623735,14,474ccba59d18cf70
1629371991980434,2026-09-18T14:33:52.623735,14,474ccba59d18cf70
1629373688646931,2026-09-18T14:33:52.623735,14,474ccba59d18cf70
1629379435313023,2026-09-18T14:33:52.623735,14,474ccba59d18cf70
1629379871979646,2026-09-18T14:33:52.623735,14,474ccba59d18cf70
1629381158646184,2026-09-18T14:33:52.623735,14,474ccba59d18cf70
1629383715312595,2026-09-18T14:33:52.623735,14,474ccba59d18cf70
1629385105312456,2026-09-18T14:33:52.623735,14,474ccba59d18cf70
1629387921978841,2026-09-18T14:33:52.623735,14,474ccba59d18cf70
1629390025311964,2026-09-18T14:33:52.623735,14,474ccba59d18cf70
1629400405310926,2026-09-18T14:33:52.623735,14,474ccba59d18cf70
1629406508643649,2026-09-18T14:33:52.623735,14,474ccba59d18cf70
1629411791976454,2026-09-18T14:33:52.623735,14,474ccba59d18cf70
1629419168642383,2026-09-18T14:33:52.623735,14,474ccba59d18cf70
1629423505308616,2026-09-18T14:33:52.623735,14,474ccba59d18cf70
1629431988641101,2026-09-18T14:33:52.623735,14,474ccba59d18cf70
1629443811973252,2026-09-18T14:33:52.623735,14,474ccba59d18cf70
1629448531972780,2026-09-18T14:33:52.623735,14,474ccba59d18cf70
1629493025301664,2026-09-18T14:33:52.623735,14,474ccba59d18cf70
1629504285300538,2026-09-18T14:33:52.623735,14,474ccba59d18cf70
1629505025300464,2026-09-18T14:33:52.623735,14,474ccba59d18cf70
1629532495297717,2026-09-18T14:33:52.623735,14,474ccba59d18cf70
1629563731961260,2026-09-18T14:33:52.623735,14,474ccba59d18cf70
1629566045294362,2026-09-18T14:33:52.623735,14,474ccba59d18cf70
1629583531959280,2026-09-18T14:33:52.623735,14,474ccba59d18cf70
1629612008623099,2026-09-18T14:33:52.623735,14,474ccba59d18cf70
1629629025288064,2026-09-18T14:33:52.623735,14,474ccba59d18cf70
1629689368615363,2026-09-18T14:33:52.623735,14,474ccba59d18cf70
1629921361925497,2026-09-18T14:33:52.623735,14,474ccba59d18cf70
1630196588564641,2026-09-18T14:33:52.623735,14,474ccba59d18cf70
1630200298564270,2026-09-18T14:33:52.623735,14,474ccba59d18cf70
1630321035218863,2026-09-18T14:33:52.623735,14,474ccba59d18cf70
1630390745211892,2026-09-18T14:33:52.623735,14,474ccba59d18cf70
1630518211865812,2026-09-18T14:33:52.623735,14,474ccba59d18cf70
1629402588644041,2026-09-18T14:33:52.623735,14,474ccba59d18cf70
1629406131977020,2026-09-18T14:33:52.623735,14,474ccba59d18cf70
1629406568643643,2026-09-18T14:33:52.623735,14,474ccba59d18cf70
1629406758643624,2026-09-18T14:33:52.623735,14,474ccba59d18cf70
1629407275310239,2026-09-18T14:33:52.623735,14,474ccba59d18cf70
1629407835310183,2026-09-18T14:33:52.623735,14,474ccba59d18cf70
1629408268643473,2026-09-18T14:33:52.623735,14,474ccba59d18cf70
1629408708643429,2026-09-18T14:33:52.623735,14,474ccba59d18cf70
1629408841976749,2026-09-18T14:33:52.623735,14,474ccba59d18cf70
1629409535310013,2026-09-18T14:33:52.623735,14,474ccba59d18cf70
1629409791976654,2026-09-18T14:33:52.623735,14,474ccba59d18cf70
1629409995309967,2026-09-18T14:33:52.623735,14,474ccba59d18cf70
1629410071976626,2026-09-18T14:33:52.623735,14,474ccba59d18cf70
1629410755309891,2026-09-18T14:33:52.623735,14,474ccba59d18cf70
1629411041976529,2026-09-18T14:33:52.623735,14,474ccba59d18cf70
1629411118643188,2026-09-18T14:33:52.623735,14,474ccba59d18cf70
1629411851976448,2026-09-18T14:33:52.623735,14,474ccba59d18cf70
1629412001976433,2026-09-18T14:33:52.623735,14,474ccba59d18cf70
1629412555309711,2026-09-18T14:33:52.623735,14,474ccba59d18cf70
1629413025309664,2026-09-18T14:33:52.623735,14,474ccba59d18cf70
1629413318642968,2026-09-18T14:33:52.623735,14,474ccba59d18cf70
1629414281976205,2026-09-18T14:33:52.623735,14,474ccba59d18cf70
1629414451976188,2026-09-18T14:33:52.623735,14,474ccba59d18cf70
1629416115309355,2026-09-18T14:33:52.623735,14,474ccba59d18cf70
1629418098642490,2026-09-18T14:33:52.623735,14,474ccba59d18cf70
1629419005309066,2026-09-18T14:33:52.623735,14,474ccba59d18cf70
1629420288642271,2026-09-18T14:33:52.623735,14,474ccba59d18cf70
1629422778642022,2026-09-18T14:33:52.623735,14,474ccba59d18cf70
1629423448641955,2026-09-18T14:33:52.623735,14,474ccba59d18cf70
1629423478641952,2026-09-18T14:33:52.623735,14,474ccba59d18cf70
1629424911975142,2026-09-18T14:33:52.623735,14,474ccba59d18cf70
1629426588641641,2026-09-18T14:33:52.623735,14,474ccba59d18cf70
1629426771974956,2026-09-18T14:33:52.623735,14,474ccba59d18cf70
1629429001974733,2026-09-18T14:33:52.623735,14,474ccba59d18cf70
1629429081974725,2026-09-18T14:33:52.623735,14,474ccba59d18cf70
1629431725307794,2026-09-18T14:33:52.623735,14,474ccba59d18cf70
1629432821974351,2026-09-18T14:33:52.623735,14,474ccba59d18cf70
1629433095307657,2026-09-18T14:33:52.623735,14,474ccba59d18cf70
1629433321974301,2026-09-18T14:33:52.623735,14,474ccba59d18cf70
1629434148640885,2026-09-18T14:33:52.623735,14,474ccba59d18cf70
1629434755307491,2026-09-18T14:33:52.623735,14,474ccba59d18cf70
1629436448640655,2026-09-18T14:33:52.623735,14,474ccba59d18cf70
1629439271973706,2026-09-18T14:33:52.623735,14,474ccba59d18cf70
1629442005306766,2026-09-18T14:33:52.623735,14,474ccba59d18cf70
1629459381971695,2026-09-18T14:33:52.623735,14,474ccba59d18cf70
1629469938637306,2026-09-18T14:33:52.623735,14,474ccba59d18cf70
1629470305303936,2026-09-18T14:33:52.623735,14,474ccba59d18cf70
1629474915303475,2026-09-18T14:33:52.623735,14,474ccba59d18cf70
1629480185302948,2026-09-18T14:33:52.623735,14,474ccba59d18cf70
1629488415302125,2026-09-18T14:33:52.623735,14,474ccba59d18cf70
1629490698635230,2026-09-18T14:33:52.623735,14,474ccba59d18cf70
1629497111967922,2026-09-18T14:33:52.623735,14,474ccba59d18cf70
1629526275298339,2026-09-18T14:33:52.623735,14,474ccba59d18cf70
1629531238631176,2026-09-18T14:33:52.623735,14,474ccba59d18cf70
1629538348630465,2026-09-18T14:33:52.623735,14,474ccba59d18cf70
1629547331962900,2026-09-18T14:33:52.623735,14,474ccba59d18cf70
1629551115295855,2026-09-18T14:33:52.623735,14,474ccba59d18cf70
1629557995295167,2026-09-18T14:33:52.623735,14,474ccba59d18cf70
1629575518626748,2026-09-18T14:33:52.623735,14,474ccba59d18cf70
1629586735292293,2026-09-18T14:33:52.623735,14,474ccba59d18cf70
1629589315292035,2026-09-18T14:33:52.623735,14,474ccba59d18cf70
1629592695291697,2026-09-18T14:33:52.623735,14,474ccba59d18cf70
1629600468624253,2026-09-18T14:33:52.623735,14,474ccba59d18cf70
1629603365290630,2026-09-18T14:33:52.623735,14,474ccba59d18cf70
1629684475282519,2026-09-18T14:33:52.623735,14,474ccba59d18cf70
1629705898613710,2026-09-18T14:33:52.623735,14,474ccba59d18cf70
1629743108609989,2026-09-18T14:33:52.623735,14,474ccba59d18cf70
1629801438604156,2026-09-18T14:33:52.623735,14,474ccba59d18cf70
1629811015269865,2026-09-18T14:33:52.623735,14,474ccba59d18cf70
1629911641926469,2026-09-18T14:33:52.623735,14,474ccba59d18cf70
1629968271920806,2026-09-18T14:33:52.623735,14,474ccba59d18cf70
1630175825233384,2026-09-18T14:33:52.623735,14,474ccba59d18cf70
1630196171898016,2026-09-18T14:33:52.623735,14,474ccba59d18cf70
1630257045225262,2026-09-18T14:33:52.623735,14,474ccba59d18cf70
1630278115223155,2026-09-18T14:33:52.623735,14,474ccba59d18cf70
1630313098552990,2026-09-18T14:33:52.623735,14,474ccba59d18cf70
1630378945213072,2026-09-18T14:33:52.623735,14,474ccba59d18cf70
1630465101871123,2026-09-18T14:33:52.623735,14,474ccba59d18cf70
1630498168534483,2026-09-18T14:33:52.623735,14,474ccba59d18cf70
1630568271860806,2026-09-18T14:33:52.623735,14,474ccba59d18cf70
1630725625178404,2026-09-18T14:33:52.623735,14,474ccba59d18cf70
1630767601840873,2026-09-18T14:33:52.623735,14,474ccba59d18cf70
1629428755308091,2026-09-18T14:33:52.623735,14,474ccba59d18cf70
1629430515307915,2026-09-18T14:33:52.623735,14,474ccba59d18cf70
1629433861974247,2026-09-18T14:33:52.623735,14,474ccba59d18cf70
1629434448640855,2026-09-18T14:33:52.623735,14,474ccba59d18cf70
1629445018639798,2026-09-18T14:33:52.623735,14,474ccba59d18cf70
1629737445277222,2026-09-18T14:33:52.623735,14,474ccba59d18cf70
1629737648610535,2026-09-18T14:33:52.623735,14,474ccba59d18cf70
1629828821934751,2026-09-18T14:33:52.623735,14,474ccba59d18cf70
1630195735231393,2026-09-18T14:33:52.623735,14,474ccba59d18cf70
1630207498563550,2026-09-18T14:33:52.623735,14,474ccba59d18cf70
1630335081884125,2026-09-18T14:33:52.623735,14,474ccba59d18cf70
1630345788549721,2026-09-18T14:33:52.623735,14,474ccba59d18cf70
1629448135306153,2026-09-18T14:33:52.623735,14,474ccba59d18cf70
1629448295306137,2026-09-18T14:33:52.623735,14,474ccba59d18cf70
1629449255306041,2026-09-18T14:33:52.623735,14,474ccba59d18cf70
1629449285306038,2026-09-18T14:33:52.623735,14,474ccba59d18cf70
1629449551972678,2026-09-18T14:33:52.623735,14,474ccba59d18cf70
1629450181972615,2026-09-18T14:33:52.623735,14,474ccba59d18cf70
1629452201972413,2026-09-18T14:33:52.623735,14,474ccba59d18cf70
1629453048638995,2026-09-18T14:33:52.623735,14,474ccba59d18cf70
1629453148638985,2026-09-18T14:33:52.623735,14,474ccba59d18cf70
1629453188638981,2026-09-18T14:33:52.623735,14,474ccba59d18cf70
1629453641972269,2026-09-18T14:33:52.623735,14,474ccba59d18cf70
1629454115305555,2026-09-18T14:33:52.623735,14,474ccba59d18cf70
1629454758638824,2026-09-18T14:33:52.623735,14,474ccba59d18cf70
1629455275305439,2026-09-18T14:33:52.623735,14,474ccba59d18cf70
1629455378638762,2026-09-18T14:33:52.623735,14,474ccba59d18cf70
1629455821972051,2026-09-18T14:33:52.623735,14,474ccba59d18cf70
1629456631971970,2026-09-18T14:33:52.623735,14,474ccba59d18cf70
1629456935305273,2026-09-18T14:33:52.623735,14,474ccba59d18cf70
1629457108638589,2026-09-18T14:33:52.623735,14,474ccba59d18cf70
1629458821971751,2026-09-18T14:33:52.623735,14,474ccba59d18cf70
1629460038638296,2026-09-18T14:33:52.623735,14,474ccba59d18cf70
1629461458638154,2026-09-18T14:33:52.623735,14,474ccba59d18cf70
1629462521971381,2026-09-18T14:33:52.623735,14,474ccba59d18cf70
1629463021971331,2026-09-18T14:33:52.623735,14,474ccba59d18cf70
1629463138637986,2026-09-18T14:33:52.623735,14,474ccba59d18cf70
1629463381971295,2026-09-18T14:33:52.623735,14,474ccba59d18cf70
1629464055304561,2026-09-18T14:33:52.623735,14,474ccba59d18cf70
1629465088637791,2026-09-18T14:33:52.623735,14,474ccba59d18cf70
1629466861970947,2026-09-18T14:33:52.623735,14,474ccba59d18cf70
1629468445304122,2026-09-18T14:33:52.623735,14,474ccba59d18cf70
1629470445303922,2026-09-18T14:33:52.623735,14,474ccba59d18cf70
1629470925303874,2026-09-18T14:33:52.623735,14,474ccba59d18cf70
1629475161970117,2026-09-18T14:33:52.623735,14,474ccba59d18cf70
1629478001969833,2026-09-18T14:33:52.623735,14,474ccba59d18cf70
1629478251969808,2026-09-18T14:33:52.623735,14,474ccba59d18cf70
1629481088636191,2026-09-18T14:33:52.623735,14,474ccba59d18cf70
1629482371969396,2026-09-18T14:33:52.623735,14,474ccba59d18cf70
1629490098635290,2026-09-18T14:33:52.623735,14,474ccba59d18cf70
1629493515301615,2026-09-18T14:33:52.623735,14,474ccba59d18cf70
1629496111968022,2026-09-18T14:33:52.623735,14,474ccba59d18cf70
1629497255301241,2026-09-18T14:33:52.623735,14,474ccba59d18cf70
1629497331967900,2026-09-18T14:33:52.623735,14,474ccba59d18cf70
1629525238631776,2026-09-18T14:33:52.623735,14,474ccba59d18cf70
1629533665297600,2026-09-18T14:33:52.623735,14,474ccba59d18cf70
1629533751964258,2026-09-18T14:33:52.623735,14,474ccba59d18cf70
1629534865297480,2026-09-18T14:33:52.623735,14,474ccba59d18cf70
1629535031964130,2026-09-18T14:33:52.623735,14,474ccba59d18cf70
1629553321962301,2026-09-18T14:33:52.623735,14,474ccba59d18cf70
1629567491960884,2026-09-18T14:33:52.623735,14,474ccba59d18cf70
1629573445293622,2026-09-18T14:33:52.623735,14,474ccba59d18cf70
1629578135293153,2026-09-18T14:33:52.623735,14,474ccba59d18cf70
1629593175291649,2026-09-18T14:33:52.623735,14,474ccba59d18cf70
1629608488623451,2026-09-18T14:33:52.623735,14,474ccba59d18cf70
1629629345288032,2026-09-18T14:33:52.623735,14,474ccba59d18cf70
1629631371954496,2026-09-18T14:33:52.623735,14,474ccba59d18cf70
1629631821954451,2026-09-18T14:33:52.623735,14,474ccba59d18cf70
1629635305287436,2026-09-18T14:33:52.623735,14,474ccba59d18cf70
1629654118618888,2026-09-18T14:33:52.623735,14,474ccba59d18cf70
1629659001951733,2026-09-18T14:33:52.623735,14,474ccba59d18cf70
1629659351951698,2026-09-18T14:33:52.623735,14,474ccba59d18cf70
1629726358611664,2026-09-18T14:33:52.623735,14,474ccba59d18cf70
1629736131944020,2026-09-18T14:33:52.623735,14,474ccba59d18cf70
1629760998608200,2026-09-18T14:33:52.623735,14,474ccba59d18cf70
1629796071938026,2026-09-18T14:33:52.623735,14,474ccba59d18cf70
1629797271937906,2026-09-18T14:33:52.623735,14,474ccba59d18cf70
1629817181935915,2026-09-18T14:33:52.623735,14,474ccba59d18cf70
1629833751934258,2026-09-18T14:33:52.623735,14,474ccba59d18cf70
1629862748598025,2026-09-18T14:33:52.623735,14,474ccba59d18cf70
1629875271930106,2026-09-18T14:33:52.623735,14,474ccba59d18cf70
1629878075263159,2026-09-18T14:33:52.623735,14,474ccba59d18cf70
1629939708590329,2026-09-18T14:33:52.623735,14,474ccba59d18cf70
1629955768588723,2026-09-18T14:33:52.623735,14,474ccba59d18cf70
1629967385254228,2026-09-18T14:33:52.623735,14,474ccba59d18cf70
1630303591887274,2026-09-18T14:33:52.623735,14,474ccba59d18cf70
1630391271878506,2026-09-18T14:33:52.623735,14,474ccba59d18cf70
1630469405204026,2026-09-18T14:33:52.623735,14,474ccba59d18cf70
1630470948537205,2026-09-18T14:33:52.623735,14,474ccba59d18cf70
1630490911868542,2026-09-18T14:33:52.623735,14,474ccba59d18cf70
1630169138567386,2026-09-18T14:33:52.623735,14,474ccba59d18cf70
1629513368632963,2026-09-18T14:33:52.623735,14,474ccba59d18cf70
1629513695299597,2026-09-18T14:33:52.623735,14,474ccba59d18cf70
1629513818632918,2026-09-18T14:33:52.623735,14,474ccba59d18cf70
1629513925299574,2026-09-18T14:33:52.623735,14,474ccba59d18cf70
1629514135299553,2026-09-18T14:33:52.623735,14,474ccba59d18cf70
1629514795299487,2026-09-18T14:33:52.623735,14,474ccba59d18cf70
1629515255299441,2026-09-18T14:33:52.623735,14,474ccba59d18cf70
1629515625299404,2026-09-18T14:33:52.623735,14,474ccba59d18cf70
1629516901965943,2026-09-18T14:33:52.623735,14,474ccba59d18cf70
1629518328632467,2026-09-18T14:33:52.623735,14,474ccba59d18cf70
1629518405299126,2026-09-18T14:33:52.623735,14,474ccba59d18cf70
1629519495299017,2026-09-18T14:33:52.623735,14,474ccba59d18cf70
1629522758632024,2026-09-18T14:33:52.623735,14,474ccba59d18cf70
1629524915298475,2026-09-18T14:33:52.623735,14,474ccba59d18cf70
1629525318631768,2026-09-18T14:33:52.623735,14,474ccba59d18cf70
1629526031965030,2026-09-18T14:33:52.623735,14,474ccba59d18cf70
1629532801964353,2026-09-18T14:33:52.623735,14,474ccba59d18cf70
1629535135297453,2026-09-18T14:33:52.623735,14,474ccba59d18cf70
1629536215297345,2026-09-18T14:33:52.623735,14,474ccba59d18cf70
1629536641963969,2026-09-18T14:33:52.623735,14,474ccba59d18cf70
1629538105297156,2026-09-18T14:33:52.623735,14,474ccba59d18cf70
1629539941963639,2026-09-18T14:33:52.623735,14,474ccba59d18cf70
1629540061963627,2026-09-18T14:33:52.623735,14,474ccba59d18cf70
1629549781962655,2026-09-18T14:33:52.623735,14,474ccba59d18cf70
1629553198628980,2026-09-18T14:33:52.623735,14,474ccba59d18cf70
1629569978627302,2026-09-18T14:33:52.623735,14,474ccba59d18cf70
1629574375293529,2026-09-18T14:33:52.623735,14,474ccba59d18cf70
1629576638626636,2026-09-18T14:33:52.623735,14,474ccba59d18cf70
1629593375291629,2026-09-18T14:33:52.623735,14,474ccba59d18cf70
1629599561957677,2026-09-18T14:33:52.623735,14,474ccba59d18cf70
1629601645290802,2026-09-18T14:33:52.623735,14,474ccba59d18cf70
1629620118622288,2026-09-18T14:33:52.623735,14,474ccba59d18cf70
1629628548621445,2026-09-18T14:33:52.623735,14,474ccba59d18cf70
1629639638620336,2026-09-18T14:33:52.623735,14,474ccba59d18cf70
1629648285286138,2026-09-18T14:33:52.623735,14,474ccba59d18cf70
1629659598618340,2026-09-18T14:33:52.623735,14,474ccba59d18cf70
1629688868615413,2026-09-18T14:33:52.623735,14,474ccba59d18cf70
1629715971946036,2026-09-18T14:33:52.623735,14,474ccba59d18cf70
1629828858601414,2026-09-18T14:33:52.623735,14,474ccba59d18cf70
1629836288600671,2026-09-18T14:33:52.623735,14,474ccba59d18cf70
1630161585234808,2026-09-18T14:33:52.623735,14,474ccba59d18cf70
1630196391897994,2026-09-18T14:33:52.623735,14,474ccba59d18cf70
1630281101889523,2026-09-18T14:33:52.623735,14,474ccba59d18cf70
1630326595218307,2026-09-18T14:33:52.623735,14,474ccba59d18cf70
1630390451878588,2026-09-18T14:33:52.623735,14,474ccba59d18cf70
1630475445203422,2026-09-18T14:33:52.623735,14,474ccba59d18cf70
1630730928511207,2026-09-18T14:33:52.623735,14,474ccba59d18cf70
1630742578510042,2026-09-18T14:33:52.623735,14,474ccba59d18cf70
1630743088509991,2026-09-18T14:33:52.623735,14,474ccba59d18cf70
1630743185176648,2026-09-18T14:33:52.623735,14,474ccba59d18cf70
1630743391843294,2026-09-18T14:33:52.623735,14,474ccba59d18cf70
1630743495176617,2026-09-18T14:33:52.623735,14,474ccba59d18cf70
1630743565176610,2026-09-18T14:33:52.623735,14,474ccba59d18cf70
1630743645176602,2026-09-18T14:33:52.623735,14,474ccba59d18cf70
1630743741843259,2026-09-18T14:33:52.623735,14,474ccba59d18cf70
1630743805176586,2026-09-18T14:33:52.623735,14,474ccba59d18cf70
1630743931843240,2026-09-18T14:33:52.623735,14,474ccba59d18cf70
1630743975176569,2026-09-18T14:33:52.623735,14,474ccba59d18cf70
1630744051843228,2026-09-18T14:33:52.623735,14,474ccba59d18cf70
1630744121843221,2026-09-18T14:33:52.623735,14,474ccba59d18cf70
1630744235176543,2026-09-18T14:33:52.623735,14,474ccba59d18cf70
1630744318509868,2026-09-18T14:33:52.623735,14,474ccba59d18cf70
1630744465176520,2026-09-18T14:33:52.623735,14,474ccba59d18cf70
1630744628509837,2026-09-18T14:33:52.623735,14,474ccba59d18cf70
1630749745175992,2026-09-18T14:33:52.623735,14,474ccba59d18cf70
1630750315175935,2026-09-18T14:33:52.623735,14,474ccba59d18cf70
1629519521965681,2026-09-18T14:33:52.623735,14,474ccba59d18cf70
1629525865298380,2026-09-18T14:33:52.623735,14,474ccba59d18cf70
1629533188630981,2026-09-18T14:33:52.623735,14,474ccba59d18cf70
1629556425295324,2026-09-18T14:33:52.623735,14,474ccba59d18cf70
1629631591954474,2026-09-18T14:33:52.623735,14,474ccba59d18cf70
1629654291952204,2026-09-18T14:33:52.623735,14,474ccba59d18cf70
1629654901952143,2026-09-18T14:33:52.623735,14,474ccba59d18cf70
1629658051951828,2026-09-18T14:33:52.623735,14,474ccba59d18cf70
1629692185281748,2026-09-18T14:33:52.623735,14,474ccba59d18cf70
1629693718614928,2026-09-18T14:33:52.623735,14,474ccba59d18cf70
1629740235276943,2026-09-18T14:33:52.623735,14,474ccba59d18cf70
1629749975275969,2026-09-18T14:33:52.623735,14,474ccba59d18cf70
1629909805259986,2026-09-18T14:33:52.623735,14,474ccba59d18cf70
1630059585245008,2026-09-18T14:33:52.623735,14,474ccba59d18cf70
1630520955198871,2026-09-18T14:33:52.623735,14,474ccba59d18cf70
1629658821951751,2026-09-18T14:33:52.623735,14,474ccba59d18cf70
1629599605291006,2026-09-18T14:33:52.623735,14,474ccba59d18cf70
1629603878623912,2026-09-18T14:33:52.623735,14,474ccba59d18cf70
1629605898623710,2026-09-18T14:33:52.623735,14,474ccba59d18cf70
1629608121956821,2026-09-18T14:33:52.623735,14,474ccba59d18cf70
1629628028621497,2026-09-18T14:33:52.623735,14,474ccba59d18cf70
1629634911954142,2026-09-18T14:33:52.623735,14,474ccba59d18cf70
1629636408620659,2026-09-18T14:33:52.623735,14,474ccba59d18cf70
1629639158620384,2026-09-18T14:33:52.623735,14,474ccba59d18cf70
1629640788620221,2026-09-18T14:33:52.623735,14,474ccba59d18cf70
1629641525286814,2026-09-18T14:33:52.623735,14,474ccba59d18cf70
1629642741953359,2026-09-18T14:33:52.623735,14,474ccba59d18cf70
1629643555286611,2026-09-18T14:33:52.623735,14,474ccba59d18cf70
1629644278619872,2026-09-18T14:33:52.623735,14,474ccba59d18cf70
1629644335286533,2026-09-18T14:33:52.623735,14,474ccba59d18cf70
1629644501953183,2026-09-18T14:33:52.623735,14,474ccba59d18cf70
1629644788619821,2026-09-18T14:33:52.623735,14,474ccba59d18cf70
1629645085286458,2026-09-18T14:33:52.623735,14,474ccba59d18cf70
1629650641952569,2026-09-18T14:33:52.623735,14,474ccba59d18cf70
1629654798618820,2026-09-18T14:33:52.623735,14,474ccba59d18cf70
1629656225285344,2026-09-18T14:33:52.623735,14,474ccba59d18cf70
1629658225285144,2026-09-18T14:33:52.623735,14,474ccba59d18cf70
1629658405285126,2026-09-18T14:33:52.623735,14,474ccba59d18cf70
1629661368618163,2026-09-18T14:33:52.623735,14,474ccba59d18cf70
1629663711951262,2026-09-18T14:33:52.623735,14,474ccba59d18cf70
1629663891951244,2026-09-18T14:33:52.623735,14,474ccba59d18cf70
1629665085284458,2026-09-18T14:33:52.623735,14,474ccba59d18cf70
1629665141951119,2026-09-18T14:33:52.623735,14,474ccba59d18cf70
1629669158617384,2026-09-18T14:33:52.623735,14,474ccba59d18cf70
1629670851950548,2026-09-18T14:33:52.623735,14,474ccba59d18cf70
1629671398617160,2026-09-18T14:33:52.623735,14,474ccba59d18cf70
1629672985283668,2026-09-18T14:33:52.623735,14,474ccba59d18cf70
1629673171950316,2026-09-18T14:33:52.623735,14,474ccba59d18cf70
1629692928615007,2026-09-18T14:33:52.623735,14,474ccba59d18cf70
1629697268614573,2026-09-18T14:33:52.623735,14,474ccba59d18cf70
1629699775280989,2026-09-18T14:33:52.623735,14,474ccba59d18cf70
1629700968614203,2026-09-18T14:33:52.623735,14,474ccba59d18cf70
1629708365280130,2026-09-18T14:33:52.623735,14,474ccba59d18cf70
1629712325279734,2026-09-18T14:33:52.623735,14,474ccba59d18cf70
1629720958612204,2026-09-18T14:33:52.623735,14,474ccba59d18cf70
1629752778609022,2026-09-18T14:33:52.623735,14,474ccba59d18cf70
1629759578608342,2026-09-18T14:33:52.623735,14,474ccba59d18cf70
1629766241941009,2026-09-18T14:33:52.623735,14,474ccba59d18cf70
1629799265271040,2026-09-18T14:33:52.623735,14,474ccba59d18cf70
1629891455261821,2026-09-18T14:33:52.623735,14,474ccba59d18cf70
1629898991927734,2026-09-18T14:33:52.623735,14,474ccba59d18cf70
1629911028593197,2026-09-18T14:33:52.623735,14,474ccba59d18cf70
1629922261925407,2026-09-18T14:33:52.623735,14,474ccba59d18cf70
1630062525244714,2026-09-18T14:33:52.623735,14,474ccba59d18cf70
1630096791907954,2026-09-18T14:33:52.623735,14,474ccba59d18cf70
1630158721901761,2026-09-18T14:33:52.623735,14,474ccba59d18cf70
1630162731901360,2026-09-18T14:33:52.623735,14,474ccba59d18cf70
1630182288566071,2026-09-18T14:33:52.623735,14,474ccba59d18cf70
1630186478565652,2026-09-18T14:33:52.623735,14,474ccba59d18cf70
1630195661898067,2026-09-18T14:33:52.623735,14,474ccba59d18cf70
1630229065228060,2026-09-18T14:33:52.623735,14,474ccba59d18cf70
1630309471886686,2026-09-18T14:33:52.623735,14,474ccba59d18cf70
1630316995219267,2026-09-18T14:33:52.623735,14,474ccba59d18cf70
1630349221882711,2026-09-18T14:33:52.623735,14,474ccba59d18cf70
1630375495213417,2026-09-18T14:33:52.623735,14,474ccba59d18cf70
1630389338545366,2026-09-18T14:33:52.623735,14,474ccba59d18cf70
1630389458545354,2026-09-18T14:33:52.623735,14,474ccba59d18cf70
1630451801872453,2026-09-18T14:33:52.623735,14,474ccba59d18cf70
1630493125201654,2026-09-18T14:33:52.623735,14,474ccba59d18cf70
1630498521867781,2026-09-18T14:33:52.623735,14,474ccba59d18cf70
1630548321862801,2026-09-18T14:33:52.623735,14,474ccba59d18cf70
1630628011854832,2026-09-18T14:33:52.623735,14,474ccba59d18cf70
1630672398517060,2026-09-18T14:33:52.623735,14,474ccba59d18cf70
1630730021844631,2026-09-18T14:33:52.623735,14,474ccba59d18cf70
1630783118505988,2026-09-18T14:33:52.623735,14,474ccba59d18cf70
1630784311839202,2026-09-18T14:33:52.623735,14,474ccba59d18cf70
1629624415288525,2026-09-18T14:33:52.623735,14,474ccba59d18cf70
1629636058620694,2026-09-18T14:33:52.623735,14,474ccba59d18cf70
1629638568620443,2026-09-18T14:33:52.623735,14,474ccba59d18cf70
1629647615286205,2026-09-18T14:33:52.623735,14,474ccba59d18cf70
1629648255286141,2026-09-18T14:33:52.623735,14,474ccba59d18cf70
1629650718619228,2026-09-18T14:33:52.623735,14,474ccba59d18cf70
1629654568618843,2026-09-18T14:33:52.623735,14,474ccba59d18cf70
1629658648618435,2026-09-18T14:33:52.623735,14,474ccba59d18cf70
1629661498618150,2026-09-18T14:33:52.623735,14,474ccba59d18cf70
1629664688617831,2026-09-18T14:33:52.623735,14,474ccba59d18cf70
1629667385284228,2026-09-18T14:33:52.623735,14,474ccba59d18cf70
1629671015283865,2026-09-18T14:33:52.623735,14,474ccba59d18cf70
1629672571950376,2026-09-18T14:33:52.623735,14,474ccba59d18cf70
1629704475280519,2026-09-18T14:33:52.623735,14,474ccba59d18cf70
1629828195268147,2026-09-18T14:33:52.623735,14,474ccba59d18cf70
1629904528593847,2026-09-18T14:33:52.623735,14,474ccba59d18cf70
1629652998619000,2026-09-18T14:33:52.623735,14,474ccba59d18cf70
1629659471951686,2026-09-18T14:33:52.623735,14,474ccba59d18cf70
1629647848619515,2026-09-18T14:33:52.623735,14,474ccba59d18cf70
1629647851952848,2026-09-18T14:33:52.623735,14,474ccba59d18cf70
1629647865286180,2026-09-18T14:33:52.623735,14,474ccba59d18cf70
1629647878619512,2026-09-18T14:33:52.623735,14,474ccba59d18cf70
1629647885286178,2026-09-18T14:33:52.623735,14,474ccba59d18cf70
1629827911934842,2026-09-18T14:33:52.623735,14,474ccba59d18cf70
1629930885257878,2026-09-18T14:33:52.623735,14,474ccba59d18cf70
1629931221924511,2026-09-18T14:33:52.623735,14,474ccba59d18cf70
1629931975257769,2026-09-18T14:33:52.623735,14,474ccba59d18cf70
1629933371924296,2026-09-18T14:33:52.623735,14,474ccba59d18cf70
1629933508590949,2026-09-18T14:33:52.623735,14,474ccba59d18cf70
1629933565257610,2026-09-18T14:33:52.623735,14,474ccba59d18cf70
1629934061924227,2026-09-18T14:33:52.623735,14,474ccba59d18cf70
1629935625257404,2026-09-18T14:33:52.623735,14,474ccba59d18cf70
1629936601923973,2026-09-18T14:33:52.623735,14,474ccba59d18cf70
1629939431923690,2026-09-18T14:33:52.623735,14,474ccba59d18cf70
1629940308590269,2026-09-18T14:33:52.623735,14,474ccba59d18cf70
1629940465256920,2026-09-18T14:33:52.623735,14,474ccba59d18cf70
1629942205256746,2026-09-18T14:33:52.623735,14,474ccba59d18cf70
1629942728590027,2026-09-18T14:33:52.623735,14,474ccba59d18cf70
1629945601923073,2026-09-18T14:33:52.623735,14,474ccba59d18cf70
1629946615256305,2026-09-18T14:33:52.623735,14,474ccba59d18cf70
1629946651922968,2026-09-18T14:33:52.623735,14,474ccba59d18cf70
1629947461922887,2026-09-18T14:33:52.623735,14,474ccba59d18cf70
1629948018589498,2026-09-18T14:33:52.623735,14,474ccba59d18cf70
1629950308589269,2026-09-18T14:33:52.623735,14,474ccba59d18cf70
1629951048589195,2026-09-18T14:33:52.623735,14,474ccba59d18cf70
1629963255254641,2026-09-18T14:33:52.623735,14,474ccba59d18cf70
1629965298587770,2026-09-18T14:33:52.623735,14,474ccba59d18cf70
1629965395254427,2026-09-18T14:33:52.623735,14,474ccba59d18cf70
1629966425254324,2026-09-18T14:33:52.623735,14,474ccba59d18cf70
1629976225253344,2026-09-18T14:33:52.623735,14,474ccba59d18cf70
1629988175252149,2026-09-18T14:33:52.623735,14,474ccba59d18cf70
1630006761916957,2026-09-18T14:33:52.623735,14,474ccba59d18cf70
1630090281908605,2026-09-18T14:33:52.623735,14,474ccba59d18cf70
1630161718568128,2026-09-18T14:33:52.623735,14,474ccba59d18cf70
1630180091899624,2026-09-18T14:33:52.623735,14,474ccba59d18cf70
1630198625231104,2026-09-18T14:33:52.623735,14,474ccba59d18cf70
1630200505230916,2026-09-18T14:33:52.623735,14,474ccba59d18cf70
1630211908563109,2026-09-18T14:33:52.623735,14,474ccba59d18cf70
1630213025229664,2026-09-18T14:33:52.623735,14,474ccba59d18cf70
1630216895229277,2026-09-18T14:33:52.623735,14,474ccba59d18cf70
1630226031895030,2026-09-18T14:33:52.623735,14,474ccba59d18cf70
1630234588560841,2026-09-18T14:33:52.623735,14,474ccba59d18cf70
1630239271893706,2026-09-18T14:33:52.623735,14,474ccba59d18cf70
1630262648558035,2026-09-18T14:33:52.623735,14,474ccba59d18cf70
1630277015223265,2026-09-18T14:33:52.623735,14,474ccba59d18cf70
1630297481887885,2026-09-18T14:33:52.623735,14,474ccba59d18cf70
1630301865220780,2026-09-18T14:33:52.623735,14,474ccba59d18cf70
1630317655219201,2026-09-18T14:33:52.623735,14,474ccba59d18cf70
1630318748552425,2026-09-18T14:33:52.623735,14,474ccba59d18cf70
1630359845214982,2026-09-18T14:33:52.623735,14,474ccba59d18cf70
1630389891878644,2026-09-18T14:33:52.623735,14,474ccba59d18cf70
1630391688545131,2026-09-18T14:33:52.623735,14,474ccba59d18cf70
1630397108544589,2026-09-18T14:33:52.623735,14,474ccba59d18cf70
1630450001872633,2026-09-18T14:33:52.623735,14,474ccba59d18cf70
1630476141870019,2026-09-18T14:33:52.623735,14,474ccba59d18cf70
1630492275201739,2026-09-18T14:33:52.623735,14,474ccba59d18cf70
1630595058524794,2026-09-18T14:33:52.623735,14,474ccba59d18cf70
1630613405189626,2026-09-18T14:33:52.623735,14,474ccba59d18cf70
1630701151847518,2026-09-18T14:33:52.623735,14,474ccba59d18cf70
1630726748511625,2026-09-18T14:33:52.623735,14,474ccba59d18cf70
1630327838551516,2026-09-18T14:33:52.623735,14,474ccba59d18cf70
1630380618546238,2026-09-18T14:33:52.623735,14,474ccba59d18cf70
1630346328549667,2026-09-18T14:33:52.623735,14,474ccba59d18cf70
1630346335216333,2026-09-18T14:33:52.623735,14,474ccba59d18cf70
1630346345216332,2026-09-18T14:33:52.623735,14,474ccba59d18cf70
1630346395216327,2026-09-18T14:33:52.623735,14,474ccba59d18cf70
1630688298515470,2026-09-18T14:33:52.623735,14,474ccba59d18cf70
1630726161845017,2026-09-18T14:33:52.623735,14,474ccba59d18cf70
1630726468511653,2026-09-18T14:33:52.623735,14,474ccba59d18cf70
1630763688507931,2026-09-18T14:33:52.623735,14,474ccba59d18cf70
2118869715380830,2026-09-18T14:33:52.623735,14,474ccba59d18cf70
2117398638861271,2026-09-18T14:33:52.623735,14,474ccba59d18cf70
2119820145285787,2026-09-18T14:33:52.623735,14,474ccba59d18cf70
2117952278805907,2026-09-18T14:33:52.623735,14,474ccba59d18cf70
2117981552136313,2026-09-18T14:33:52.623735,14,474ccba59d18cf70
2118090362125432,2026-09-18T14:33:52.623735,14,474ccba59d18cf70
2118100548791080,2026-09-18T14:33:52.623735,14,474ccba59d18cf70
2118105768790558,2026-09-18T14:33:52.623735,14,474ccba59d18cf70
2118153902119078,2026-09-18T14:33:52.623735,14,474ccba59d18cf70
2118155178785617,2026-09-18T14:33:52.623735,14,474ccba59d18cf70
2118157518785383,2026-09-18T14:33:52.623735,14,474ccba59d18cf70
2118225292111939,2026-09-18T14:33:52.623735,14,474ccba59d18cf70
2118227662111702,2026-09-18T14:33:52.623735,14,474ccba59d18cf70
2118280805439721,2026-09-18T14:33:52.623735,14,474ccba59d18cf70
2118331645434637,2026-09-18T14:33:52.623735,14,474ccba59d18cf70
2118372308763904,2026-09-18T14:33:52.623735,14,474ccba59d18cf70
2118546112079857,2026-09-18T14:33:52.623735,14,474ccba59d18cf70
2118652908735844,2026-09-18T14:33:52.623735,14,474ccba59d18cf70
2118834132051055,2026-09-18T14:33:52.623735,14,474ccba59d18cf70
2119008072033661,2026-09-18T14:33:52.623735,14,474ccba59d18cf70
2119008462033622,2026-09-18T14:33:52.623735,14,474ccba59d18cf70
2119008805366921,2026-09-18T14:33:52.623735,14,474ccba59d18cf70
2119009242033544,2026-09-18T14:33:52.623735,14,474ccba59d18cf70
2119027072031761,2026-09-18T14:33:52.623735,14,474ccba59d18cf70
2119027348698400,2026-09-18T14:33:52.623735,14,474ccba59d18cf70
2119027585365043,2026-09-18T14:33:52.623735,14,474ccba59d18cf70
2119027728698362,2026-09-18T14:33:52.623735,14,474ccba59d18cf70
2119039432030525,2026-09-18T14:33:52.623735,14,474ccba59d18cf70
2119039545363847,2026-09-18T14:33:52.623735,14,474ccba59d18cf70
2119039728697162,2026-09-18T14:33:52.623735,14,474ccba59d18cf70
2119039902030478,2026-09-18T14:33:52.623735,14,474ccba59d18cf70
2119053822029086,2026-09-18T14:33:52.623735,14,474ccba59d18cf70
2119053992029069,2026-09-18T14:33:52.623735,14,474ccba59d18cf70
2119054182029050,2026-09-18T14:33:52.623735,14,474ccba59d18cf70
2119054338695701,2026-09-18T14:33:52.623735,14,474ccba59d18cf70
2119059958695139,2026-09-18T14:33:52.623735,14,474ccba59d18cf70
2119063292028139,2026-09-18T14:33:52.623735,14,474ccba59d18cf70
2119100408691094,2026-09-18T14:33:52.623735,14,474ccba59d18cf70
2119902588610876,2026-09-18T14:33:52.623735,14,474ccba59d18cf70
2117912548809880,2026-09-18T14:33:52.623735,14,474ccba59d18cf70
2117956008805534,2026-09-18T14:33:52.623735,14,474ccba59d18cf70
2118016245466177,2026-09-18T14:33:52.623735,14,474ccba59d18cf70
2118608498740285,2026-09-18T14:33:52.623735,14,474ccba59d18cf70
2118036068797528,2026-09-18T14:33:52.623735,14,474ccba59d18cf70
2118037052130763,2026-09-18T14:33:52.623735,14,474ccba59d18cf70
2118037525464049,2026-09-18T14:33:52.623735,14,474ccba59d18cf70
2118043215463480,2026-09-18T14:33:52.623735,14,474ccba59d18cf70
2118044232130045,2026-09-18T14:33:52.623735,14,474ccba59d18cf70
2118044612130007,2026-09-18T14:33:52.623735,14,474ccba59d18cf70
2118045352129933,2026-09-18T14:33:52.623735,14,474ccba59d18cf70
2118048018796333,2026-09-18T14:33:52.623735,14,474ccba59d18cf70
2118062065461595,2026-09-18T14:33:52.623735,14,474ccba59d18cf70
2118064365461365,2026-09-18T14:33:52.623735,14,474ccba59d18cf70
2118066002127868,2026-09-18T14:33:52.623735,14,474ccba59d18cf70
2118074522127016,2026-09-18T14:33:52.623735,14,474ccba59d18cf70
2118084238792711,2026-09-18T14:33:52.623735,14,474ccba59d18cf70
2118086128792522,2026-09-18T14:33:52.623735,14,474ccba59d18cf70
2118088738792261,2026-09-18T14:33:52.623735,14,474ccba59d18cf70
2118100212124447,2026-09-18T14:33:52.623735,14,474ccba59d18cf70
2118119815455820,2026-09-18T14:33:52.623735,14,474ccba59d18cf70
2118123608788774,2026-09-18T14:33:52.623735,14,474ccba59d18cf70
2118140028787132,2026-09-18T14:33:52.623735,14,474ccba59d18cf70
2118150988786036,2026-09-18T14:33:52.623735,14,474ccba59d18cf70
2118151242119344,2026-09-18T14:33:52.623735,14,474ccba59d18cf70
2118157132118755,2026-09-18T14:33:52.623735,14,474ccba59d18cf70
2118172185450583,2026-09-18T14:33:52.623735,14,474ccba59d18cf70
2118213898779745,2026-09-18T14:33:52.623735,14,474ccba59d18cf70
2118343455433456,2026-09-18T14:33:52.623735,14,474ccba59d18cf70
2118381665429635,2026-09-18T14:33:52.623735,14,474ccba59d18cf70
2118405752093893,2026-09-18T14:33:52.623735,14,474ccba59d18cf70
2118512762083192,2026-09-18T14:33:52.623735,14,474ccba59d18cf70
2118806202053848,2026-09-18T14:33:52.623735,14,474ccba59d18cf70
2119070555360746,2026-09-18T14:33:52.623735,14,474ccba59d18cf70
2118136165454185,2026-09-18T14:33:52.623735,14,474ccba59d18cf70
2118171248784010,2026-09-18T14:33:52.623735,14,474ccba59d18cf70
2118234355444366,2026-09-18T14:33:52.623735,14,474ccba59d18cf70
2118741402060328,2026-09-18T14:33:52.623735,14,474ccba59d18cf70
2119064032028065,2026-09-18T14:33:52.623735,14,474ccba59d18cf70
2119073818693753,2026-09-18T14:33:52.623735,14,474ccba59d18cf70
2119116962022772,2026-09-18T14:33:52.623735,14,474ccba59d18cf70
2118180988783036,2026-09-18T14:33:52.623735,14,474ccba59d18cf70
2118234458777689,2026-09-18T14:33:52.623735,14,474ccba59d18cf70
2118254642109004,2026-09-18T14:33:52.623735,14,474ccba59d18cf70
2118570812077387,2026-09-18T14:33:52.623735,14,474ccba59d18cf70
2118759605391841,2026-09-18T14:33:52.623735,14,474ccba59d18cf70
2118168592117609,2026-09-18T14:33:52.623735,14,474ccba59d18cf70
2118178082116660,2026-09-18T14:33:52.623735,14,474ccba59d18cf70
2118189958782139,2026-09-18T14:33:52.623735,14,474ccba59d18cf70
2118543542080114,2026-09-18T14:33:52.623735,14,474ccba59d18cf70
2118552135412588,2026-09-18T14:33:52.623735,14,474ccba59d18cf70
2118555102078958,2026-09-18T14:33:52.623735,14,474ccba59d18cf70
2118855875382214,2026-09-18T14:33:52.623735,14,474ccba59d18cf70
2118857635382038,2026-09-18T14:33:52.623735,14,474ccba59d18cf70
2118884502046018,2026-09-18T14:33:52.623735,14,474ccba59d18cf70
2118937048707430,2026-09-18T14:33:52.623735,14,474ccba59d18cf70
2119074515360350,2026-09-18T14:33:52.623735,14,474ccba59d18cf70
2119075858693549,2026-09-18T14:33:52.623735,14,474ccba59d18cf70
2119153408685794,2026-09-18T14:33:52.623735,14,474ccba59d18cf70
2119559135311888,2026-09-18T14:33:52.623735,14,474ccba59d18cf70
2119597905308011,2026-09-18T14:33:52.623735,14,474ccba59d18cf70
2119673305300471,2026-09-18T14:33:52.623735,14,474ccba59d18cf70
2119901725277629,2026-09-18T14:33:52.623735,14,474ccba59d18cf70
2119107678690367,2026-09-18T14:33:52.623735,14,474ccba59d18cf70
2119109932023475,2026-09-18T14:33:52.623735,14,474ccba59d18cf70
2119110075356794,2026-09-18T14:33:52.623735,14,474ccba59d18cf70
2119111272023341,2026-09-18T14:33:52.623735,14,474ccba59d18cf70
2119111275356674,2026-09-18T14:33:52.623735,14,474ccba59d18cf70
2119112302023238,2026-09-18T14:33:52.623735,14,474ccba59d18cf70
2119112548689880,2026-09-18T14:33:52.623735,14,474ccba59d18cf70
2119112572023211,2026-09-18T14:33:52.623735,14,474ccba59d18cf70
2119113988689736,2026-09-18T14:33:52.623735,14,474ccba59d18cf70
2119114085356393,2026-09-18T14:33:52.623735,14,474ccba59d18cf70
2119115142022954,2026-09-18T14:33:52.623735,14,474ccba59d18cf70
2119115458689589,2026-09-18T14:33:52.623735,14,474ccba59d18cf70
2119121158689019,2026-09-18T14:33:52.623735,14,474ccba59d18cf70
2119123492022119,2026-09-18T14:33:52.623735,14,474ccba59d18cf70
2119123698688765,2026-09-18T14:33:52.623735,14,474ccba59d18cf70
2119124562022012,2026-09-18T14:33:52.623735,14,474ccba59d18cf70
2119126768688458,2026-09-18T14:33:52.623735,14,474ccba59d18cf70
2119134255354376,2026-09-18T14:33:52.623735,14,474ccba59d18cf70
2119142132020255,2026-09-18T14:33:52.623735,14,474ccba59d18cf70
2119143545353447,2026-09-18T14:33:52.623735,14,474ccba59d18cf70
2119151795352622,2026-09-18T14:33:52.623735,14,474ccba59d18cf70
2119153302019138,2026-09-18T14:33:52.623735,14,474ccba59d18cf70
2119167495351052,2026-09-18T14:33:52.623735,14,474ccba59d18cf70
2119174952016973,2026-09-18T14:33:52.623735,14,474ccba59d18cf70
2119177538683381,2026-09-18T14:33:52.623735,14,474ccba59d18cf70
2119216445346157,2026-09-18T14:33:52.623735,14,474ccba59d18cf70
2119223762012092,2026-09-18T14:33:52.623735,14,474ccba59d18cf70
2119242825343519,2026-09-18T14:33:52.623735,14,474ccba59d18cf70
2119243712010097,2026-09-18T14:33:52.623735,14,474ccba59d18cf70
2119307978670337,2026-09-18T14:33:52.623735,14,474ccba59d18cf70
2119401505327651,2026-09-18T14:33:52.623735,14,474ccba59d18cf70
2119587528642382,2026-09-18T14:33:52.623735,14,474ccba59d18cf70
2119881941946274,2026-09-18T14:33:52.623735,14,474ccba59d18cf70
2119206688680466,2026-09-18T14:33:52.623735,14,474ccba59d18cf70
2119208155346986,2026-09-18T14:33:52.623735,14,474ccba59d18cf70
2119208405346961,2026-09-18T14:33:52.623735,14,474ccba59d18cf70
2119230045344797,2026-09-18T14:33:52.623735,14,474ccba59d18cf70
2119247172009751,2026-09-18T14:33:52.623735,14,474ccba59d18cf70
2119251128676022,2026-09-18T14:33:52.623735,14,474ccba59d18cf70
2119288522005616,2026-09-18T14:33:52.623735,14,474ccba59d18cf70
2119292188671916,2026-09-18T14:33:52.623735,14,474ccba59d18cf70
2119304722003996,2026-09-18T14:33:52.623735,14,474ccba59d18cf70
2119308078670327,2026-09-18T14:33:52.623735,14,474ccba59d18cf70
2119647111969757,2026-09-18T14:33:52.623735,14,474ccba59d18cf70
2119666645301137,2026-09-18T14:33:52.623735,14,474ccba59d18cf70
2119956901938778,2026-09-18T14:33:52.623735,14,474ccba59d18cf70
2119672181967250,2026-09-18T14:33:52.623735,14,474ccba59d18cf70
2120093785258423,2026-09-18T14:33:52.623735,14,474ccba59d18cf70
2120176288583506,2026-09-18T14:33:52.623735,14,474ccba59d18cf70
1334325065237405,2026-09-18T14:33:52.623735,14,474ccba59d18cf70
1334495801886998,2026-09-18T14:33:52.623735,14,474ccba59d18cf70
1334510248552220,2026-09-18T14:33:52.623735,14,474ccba59d18cf70
1334580138545231,2026-09-18T14:33:52.623735,14,474ccba59d18cf70
1334580668545178,2026-09-18T14:33:52.623735,14,474ccba59d18cf70
1334581005211811,2026-09-18T14:33:52.623735,14,474ccba59d18cf70
1334613978541847,2026-09-18T14:33:52.623735,14,474ccba59d18cf70
1334655398537705,2026-09-18T14:33:52.623735,14,474ccba59d18cf70
1334680801868498,2026-09-18T14:33:52.623735,14,474ccba59d18cf70
1334709778532267,2026-09-18T14:33:52.623735,14,474ccba59d18cf70
1335028808500364,2026-09-18T14:33:52.623735,14,474ccba59d18cf70
1334523915217520,2026-09-18T14:33:52.623735,14,474ccba59d18cf70
1334525611884017,2026-09-18T14:33:52.623735,14,474ccba59d18cf70
1334527345217177,2026-09-18T14:33:52.623735,14,474ccba59d18cf70
1334528435217068,2026-09-18T14:33:52.623735,14,474ccba59d18cf70
1334530775216834,2026-09-18T14:33:52.623735,14,474ccba59d18cf70
1335473461789232,2026-09-18T14:33:52.623735,14,474ccba59d18cf70
28765893403023060,2026-09-18T14:33:52.623735,14,474ccba59d18cf70
28765901603022240,2026-09-18T14:33:52.623735,14,474ccba59d18cf70
28778123325133401,2026-09-18T14:33:52.623735,14,474ccba59d18cf70
28778186661793734,2026-09-18T14:33:52.623735,14,474ccba59d18cf70
28781982464747487,2026-09-18T14:33:52.623735,14,474ccba59d18cf70
28778191531793247,2026-09-18T14:33:52.623735,14,474ccba59d18cf70
28778736015072132,2026-09-18T14:33:52.623735,14,474ccba59d18cf70
28778792695066464,2026-09-18T14:33:52.623735,14,474ccba59d18cf70
28778183475127386,2026-09-18T14:33:52.623735,14,474ccba59d18cf70
28778177855127948,2026-09-18T14:33:52.623735,14,474ccba59d18cf70
28778171825128551,2026-09-18T14:33:52.623735,14,474ccba59d18cf70
28665476236398111,2026-09-18T14:33:52.623735,14,474ccba59d18cf70
28778156951796705,2026-09-18T14:33:52.623735,14,474ccba59d18cf70
28782014948077572,2026-09-18T14:33:52.623735,14,474ccba59d18cf70
28778144561797944,2026-09-18T14:33:52.623735,14,474ccba59d18cf70
28782087174737016,2026-09-18T14:33:52.623735,14,474ccba59d18cf70
28782811641331236,2026-09-18T14:33:52.623735,14,474ccba59d18cf70
28783330087946058,2026-09-18T14:33:52.623735,14,474ccba59d18cf70
28785453721067028,2026-09-18T14:33:52.623735,14,474ccba59d18cf70
28764936696452064,2026-09-18T14:33:52.623735,14,474ccba59d18cf70
28764131686532565,2026-09-18T14:33:52.623735,14,474ccba59d18cf70
28780837808195286,2026-09-18T14:33:52.623735,14,474ccba59d18cf70
28753464520932615,2026-09-18T14:33:52.623735,14,474ccba59d18cf70
28748530864759314,2026-09-18T14:33:52.623735,14,474ccba59d18cf70
28751193674493033,2026-09-18T14:33:52.623735,14,474ccba59d18cf70
28750356941243373,2026-09-18T14:33:52.623735,14,474ccba59d18cf70
28751773624435038,2026-09-18T14:33:52.623735,14,474ccba59d18cf70
28750384867907247,2026-09-18T14:33:52.623735,14,474ccba59d18cf70
28750384904573910,2026-09-18T14:33:52.623735,14,474ccba59d18cf70
28750384957907238,2026-09-18T14:33:52.623735,14,474ccba59d18cf70
28750385501240517,2026-09-18T14:33:52.623735,14,474ccba59d18cf70
28750875897858144,2026-09-18T14:33:52.623735,14,474ccba59d18cf70
28750902717855462,2026-09-18T14:33:52.623735,14,474ccba59d18cf70
28750911994521201,2026-09-18T14:33:52.623735,14,474ccba59d18cf70
28750928274519573,2026-09-18T14:33:52.623735,14,474ccba59d18cf70
28750942167851517,2026-09-18T14:33:52.623735,14,474ccba59d18cf70
28750942241184843,2026-09-18T14:33:52.623735,14,474ccba59d18cf70
28750948657850868,2026-09-18T14:33:52.623735,14,474ccba59d18cf70
28750954664516934,2026-09-18T14:33:52.623735,14,474ccba59d18cf70
28750985861180481,2026-09-18T14:33:52.623735,14,474ccba59d18cf70
28750989717846762,2026-09-18T14:33:52.623735,14,474ccba59d18cf70
28751042251174842,2026-09-18T14:33:52.623735,14,474ccba59d18cf70
28751097214502679,2026-09-18T14:33:52.623735,14,474ccba59d18cf70
28751121014500299,2026-09-18T14:33:52.623735,14,474ccba59d18cf70
28751154534496947,2026-09-18T14:33:52.623735,14,474ccba59d18cf70
28751181951160872,2026-09-18T14:33:52.623735,14,474ccba59d18cf70
28751293844483016,2026-09-18T14:33:52.623735,14,474ccba59d18cf70
28751322397813494,2026-09-18T14:33:52.623735,14,474ccba59d18cf70
28751403751138692,2026-09-18T14:33:52.623735,14,474ccba59d18cf70
28751673501111717,2026-09-18T14:33:52.623735,14,474ccba59d18cf70
28751864581092609,2026-09-18T14:33:52.623735,14,474ccba59d18cf70
28751931821085885,2026-09-18T14:33:52.623735,14,474ccba59d18cf70
28751987941080273,2026-09-18T14:33:52.623735,14,474ccba59d18cf70
28752061944406206,2026-09-18T14:33:52.623735,14,474ccba59d18cf70
28752386034373797,2026-09-18T14:33:52.623735,14,474ccba59d18cf70
28752469641032103,2026-09-18T14:33:52.623735,14,474ccba59d18cf70
28752759127669821,2026-09-18T14:33:52.623735,14,474ccba59d18cf70
28752831320995935,2026-09-18T14:33:52.623735,14,474ccba59d18cf70
28752834847662249,2026-09-18T14:33:52.623735,14,474ccba59d18cf70
28753427884269612,2026-09-18T14:33:52.623735,14,474ccba59d18cf70
28753457750933292,2026-09-18T14:33:52.623735,14,474ccba59d18cf70
28753461104266290,2026-09-18T14:33:52.623735,14,474ccba59d18cf70
28753585810920486,2026-09-18T14:33:52.623735,14,474ccba59d18cf70
28754271657518568,2026-09-18T14:33:52.623735,14,474ccba59d18cf70
28754850297460704,2026-09-18T14:33:52.623735,14,474ccba59d18cf70
28758259073786493,2026-09-18T14:33:52.623735,14,474ccba59d18cf70
28762131050065962,2026-09-18T14:33:52.623735,14,474ccba59d18cf70
28762251280053939,2026-09-18T14:33:52.623735,14,474ccba59d18cf70
28763040419975025,2026-09-18T14:33:52.623735,14,474ccba59d18cf70
28770056799273387,2026-09-18T14:33:52.623735,14,474ccba59d18cf70
28770654785880255,2026-09-18T14:33:52.623735,14,474ccba59d18cf70
28772214022390998,2026-09-18T14:33:52.623735,14,474ccba59d18cf70
28780127164933017,2026-09-18T14:33:52.623735,14,474ccba59d18cf70
28780952324850501,2026-09-18T14:33:52.623735,14,474ccba59d18cf70
28751294684482932,2026-09-18T14:33:52.623735,14,474ccba59d18cf70
28768519766093757,2026-09-18T14:33:52.623735,14,474ccba59d18cf70
28780204158258651,2026-09-18T14:33:52.623735,14,474ccba59d18cf70
28780407634904970,2026-09-18T14:33:52.623735,14,474ccba59d18cf70
28780408081571592,2026-09-18T14:33:52.623735,14,474ccba59d18cf70
28780409324904801,2026-09-18T14:33:52.623735,14,474ccba59d18cf70
28755546724057728,2026-09-18T14:33:52.623735,14,474ccba59d18cf70
28755604024051998,2026-09-18T14:33:52.623735,14,474ccba59d18cf70
28755666017379132,2026-09-18T14:33:52.623735,14,474ccba59d18cf70
28758151197130614,2026-09-18T14:33:52.623735,14,474ccba59d18cf70
28762771063335294,2026-09-18T14:33:52.623735,14,474ccba59d18cf70
28763437563268644,2026-09-18T14:33:52.623735,14,474ccba59d18cf70
28763655296580204,2026-09-18T14:33:52.623735,14,474ccba59d18cf70
28763675176578216,2026-09-18T14:33:52.623735,14,474ccba59d18cf70
28765130476432686,2026-09-18T14:33:52.623735,14,474ccba59d18cf70
28767343536211380,2026-09-18T14:33:52.623735,14,474ccba59d18cf70
28767659322846468,2026-09-18T14:33:52.623735,14,474ccba59d18cf70
28764444716501262,2026-09-18T14:33:52.623735,14,474ccba59d18cf70
28765606789718388,2026-09-18T14:33:52.623735,14,474ccba59d18cf70
28765820769696990,2026-09-18T14:33:52.623735,14,474ccba59d18cf70
28768453876100346,2026-09-18T14:33:52.623735,14,474ccba59d18cf70
28780232721589128,2026-09-18T14:33:52.623735,14,474ccba59d18cf70
28780390111573389,2026-09-18T14:33:52.623735,14,474ccba59d18cf70
28773736708905396,2026-09-18T14:33:52.623735,14,474ccba59d18cf70
28773741742238226,2026-09-18T14:33:52.623735,14,474ccba59d18cf70
28773759668903100,2026-09-18T14:33:52.623735,14,474ccba59d18cf70
28773762262236174,2026-09-18T14:33:52.623735,14,474ccba59d18cf70
28773770105568723,2026-09-18T14:33:52.623735,14,474ccba59d18cf70
28773774335568300,2026-09-18T14:33:52.623735,14,474ccba59d18cf70
28773804008898666,2026-09-18T14:33:52.623735,14,474ccba59d18cf70
28773822965563437,2026-09-18T14:33:52.623735,14,474ccba59d18cf70
28773865352225865,2026-09-18T14:33:52.623735,14,474ccba59d18cf70
28774100738868993,2026-09-18T14:33:52.623735,14,474ccba59d18cf70
28774213602191040,2026-09-18T14:33:52.623735,14,474ccba59d18cf70
28774217448857322,2026-09-18T14:33:52.623735,14,474ccba59d18cf70
28774263362186064,2026-09-18T14:33:52.623735,14,474ccba59d18cf70
28774597645485969,2026-09-18T14:33:52.623735,14,474ccba59d18cf70
28774684935477240,2026-09-18T14:33:52.623735,14,474ccba59d18cf70
28775267892085611,2026-09-18T14:33:52.623735,14,474ccba59d18cf70
28775553932057007,2026-09-18T14:33:52.623735,14,474ccba59d18cf70
28775558022056598,2026-09-18T14:33:52.623735,14,474ccba59d18cf70
28775765515369182,2026-09-18T14:33:52.623735,14,474ccba59d18cf70
28775766348702432,2026-09-18T14:33:52.623735,14,474ccba59d18cf70
28775767852035615,2026-09-18T14:33:52.623735,14,474ccba59d18cf70
28775796692032731,2026-09-18T14:33:52.623735,14,474ccba59d18cf70
28775832568695810,2026-09-18T14:33:52.623735,14,474ccba59d18cf70
28775832588695808,2026-09-18T14:33:52.623735,14,474ccba59d18cf70
28775941482018252,2026-09-18T14:33:52.623735,14,474ccba59d18cf70
28775988302013570,2026-09-18T14:33:52.623735,14,474ccba59d18cf70
28776008048678262,2026-09-18T14:33:52.623735,14,474ccba59d18cf70
28776114162000984,2026-09-18T14:33:52.623735,14,474ccba59d18cf70
28776115988667468,2026-09-18T14:33:52.623735,14,474ccba59d18cf70
28776144941997906,2026-09-18T14:33:52.623735,14,474ccba59d18cf70
28776163308662736,2026-09-18T14:33:52.623735,14,474ccba59d18cf70
28776234645322269,2026-09-18T14:33:52.623735,14,474ccba59d18cf70
28776249751987425,2026-09-18T14:33:52.623735,14,474ccba59d18cf70
28776326885313045,2026-09-18T14:33:52.623735,14,474ccba59d18cf70
28776344588644608,2026-09-18T14:33:52.623735,14,474ccba59d18cf70
28776441415301592,2026-09-18T14:33:52.623735,14,474ccba59d18cf70
28776456951966705,2026-09-18T14:33:52.623735,14,474ccba59d18cf70
28776505218628545,2026-09-18T14:33:52.623735,14,474ccba59d18cf70
28776572575288476,2026-09-18T14:33:52.623735,14,474ccba59d18cf70
28776595311952869,2026-09-18T14:33:52.623735,14,474ccba59d18cf70
28776666378612429,2026-09-18T14:33:52.623735,14,474ccba59d18cf70
28776667505278983,2026-09-18T14:33:52.623735,14,474ccba59d18cf70
28776689671943433,2026-09-18T14:33:52.623735,14,474ccba59d18cf70
28776838321928568,2026-09-18T14:33:52.623735,14,474ccba59d18cf70
28776845321927868,2026-09-18T14:33:52.623735,14,474ccba59d18cf70
28776861448592922,2026-09-18T14:33:52.623735,14,474ccba59d18cf70
28776870645258669,2026-09-18T14:33:52.623735,14,474ccba59d18cf70
28776923701920030,2026-09-18T14:33:52.623735,14,474ccba59d18cf70
28776972775248456,2026-09-18T14:33:52.623735,14,474ccba59d18cf70
28776984721913928,2026-09-18T14:33:52.623735,14,474ccba59d18cf70
28777115091900891,2026-09-18T14:33:52.623735,14,474ccba59d18cf70
28777289125216821,2026-09-18T14:33:52.623735,14,474ccba59d18cf70
28777334298545637,2026-09-18T14:33:52.623735,14,474ccba59d18cf70
28777605448518522,2026-09-18T14:33:52.623735,14,474ccba59d18cf70
28777727998506267,2026-09-18T14:33:52.623735,14,474ccba59d18cf70
28777763595169374,2026-09-18T14:33:52.623735,14,474ccba59d18cf70
28777818431830557,2026-09-18T14:33:52.623735,14,474ccba59d18cf70
28777820278497039,2026-09-18T14:33:52.623735,14,474ccba59d18cf70
28777856185160115,2026-09-18T14:33:52.623735,14,474ccba59d18cf70
28777857878493279,2026-09-18T14:33:52.623735,14,474ccba59d18cf70
28777888305156903,2026-09-18T14:33:52.623735,14,474ccba59d18cf70
28777914118487655,2026-09-18T14:33:52.623735,14,474ccba59d18cf70
28778059978473069,2026-09-18T14:33:52.623735,14,474ccba59d18cf70
28778101315135602,2026-09-18T14:33:52.623735,14,474ccba59d18cf70
28778145761797824,2026-09-18T14:33:52.623735,14,474ccba59d18cf70
28778163348462732,2026-09-18T14:33:52.623735,14,474ccba59d18cf70
28778181808460886,2026-09-18T14:33:52.623735,14,474ccba59d18cf70
28778303035115430,2026-09-18T14:33:52.623735,14,474ccba59d18cf70
28778676475078086,2026-09-18T14:33:52.623735,14,474ccba59d18cf70
28778728005072933,2026-09-18T14:33:52.623735,14,474ccba59d18cf70
28778733105072423,2026-09-18T14:33:52.623735,14,474ccba59d18cf70
28778737398405327,2026-09-18T14:33:52.623735,14,474ccba59d18cf70
28778739211738479,2026-09-18T14:33:52.623735,14,474ccba59d18cf70
28778803185065415,2026-09-18T14:33:52.623735,14,474ccba59d18cf70
28779185785027155,2026-09-18T14:33:52.623735,14,474ccba59d18cf70
28779299888349078,2026-09-18T14:33:52.623735,14,474ccba59d18cf70
28779578234987910,2026-09-18T14:33:52.623735,14,474ccba59d18cf70
28779631901649210,2026-09-18T14:33:52.623735,14,474ccba59d18cf70
28780255124920221,2026-09-18T14:33:52.623735,14,474ccba59d18cf70
28780940778184989,2026-09-18T14:33:52.623735,14,474ccba59d18cf70
28781285698150497,2026-09-18T14:33:52.623735,14,474ccba59d18cf70
28781309734814760,2026-09-18T14:33:52.623735,14,474ccba59d18cf70
28781963774749356,2026-09-18T14:33:52.623735,14,474ccba59d18cf70
28783567547922312,2026-09-18T14:33:52.623735,14,474ccba59d18cf70
28785650521047348,2026-09-18T14:33:52.623735,14,474ccba59d18cf70
28779970651615335,2026-09-18T14:33:52.623735,14,474ccba59d18cf70
28779290421683358,2026-09-18T14:33:52.623735,14,474ccba59d18cf70
28779290498350017,2026-09-18T14:33:52.623735,14,474ccba59d18cf70
28779290598350007,2026-09-18T14:33:52.623735,14,474ccba59d18cf70
28782704294675304,2026-09-18T14:33:52.623735,14,474ccba59d18cf70
28782705604675173,2026-09-18T14:33:52.623735,14,474ccba59d18cf70
28782723778006689,2026-09-18T14:33:52.623735,14,474ccba59d18cf70
28782723921340008,2026-09-18T14:33:52.623735,14,474ccba59d18cf70
28782726034673130,2026-09-18T14:33:52.623735,14,474ccba59d18cf70
28782726378006429,2026-09-18T14:33:52.623735,14,474ccba59d18cf70
28782730454672688,2026-09-18T14:33:52.623735,14,474ccba59d18cf70
28782731771339223,2026-09-18T14:33:52.623735,14,474ccba59d18cf70
28782736778005389,2026-09-18T14:33:52.623735,14,474ccba59d18cf70
28782742504671483,2026-09-18T14:33:52.623735,14,474ccba59d18cf70
28782742744671459,2026-09-18T14:33:52.623735,14,474ccba59d18cf70
28782743008004766,2026-09-18T14:33:52.623735,14,474ccba59d18cf70
28782749718004095,2026-09-18T14:33:52.623735,14,474ccba59d18cf70
28782755141336886,2026-09-18T14:33:52.623735,14,474ccba59d18cf70
28782758741336526,2026-09-18T14:33:52.623735,14,474ccba59d18cf70
28782758758003191,2026-09-18T14:33:52.623735,14,474ccba59d18cf70
28782774188001648,2026-09-18T14:33:52.623735,14,474ccba59d18cf70
28782777948001272,2026-09-18T14:33:52.623735,14,474ccba59d18cf70
28782787551333645,2026-09-18T14:33:52.623735,14,474ccba59d18cf70
28782797784665955,2026-09-18T14:33:52.623735,14,474ccba59d18cf70
28782798361332564,2026-09-18T14:33:52.623735,14,474ccba59d18cf70
28782801641332236,2026-09-18T14:33:52.623735,14,474ccba59d18cf70
28782811244664609,2026-09-18T14:33:52.623735,14,474ccba59d18cf70
28782826104663123,2026-09-18T14:33:52.623735,14,474ccba59d18cf70
28782834527995614,2026-09-18T14:33:52.623735,14,474ccba59d18cf70
28782842914661442,2026-09-18T14:33:52.623735,14,474ccba59d18cf70
28782847814660952,2026-09-18T14:33:52.623735,14,474ccba59d18cf70
28782856997993367,2026-09-18T14:33:52.623735,14,474ccba59d18cf70
28782876294658104,2026-09-18T14:33:52.623735,14,474ccba59d18cf70
28782895047989562,2026-09-18T14:33:52.623735,14,474ccba59d18cf70
28782898194655914,2026-09-18T14:33:52.623735,14,474ccba59d18cf70
28782908844654849,2026-09-18T14:33:52.623735,14,474ccba59d18cf70
28782909374654796,2026-09-18T14:33:52.623735,14,474ccba59d18cf70
28782924567986610,2026-09-18T14:33:52.623735,14,474ccba59d18cf70
28782929894652744,2026-09-18T14:33:52.623735,14,474ccba59d18cf70
28782946041317796,2026-09-18T14:33:52.623735,14,474ccba59d18cf70
28782981021314298,2026-09-18T14:33:52.623735,14,474ccba59d18cf70
28782987154647018,2026-09-18T14:33:52.623735,14,474ccba59d18cf70
28783029321309468,2026-09-18T14:33:52.623735,14,474ccba59d18cf70
28783037147975352,2026-09-18T14:33:52.623735,14,474ccba59d18cf70
28783041421308258,2026-09-18T14:33:52.623735,14,474ccba59d18cf70
28783065967972470,2026-09-18T14:33:52.623735,14,474ccba59d18cf70
28783077191304681,2026-09-18T14:33:52.623735,14,474ccba59d18cf70
28783083291304071,2026-09-18T14:33:52.623735,14,474ccba59d18cf70
28783155117963555,2026-09-18T14:33:52.623735,14,474ccba59d18cf70
28783208271291573,2026-09-18T14:33:52.623735,14,474ccba59d18cf70
28783249401287460,2026-09-18T14:33:52.623735,14,474ccba59d18cf70
28783355951276805,2026-09-18T14:33:52.623735,14,474ccba59d18cf70
28783361461276254,2026-09-18T14:33:52.623735,14,474ccba59d18cf70
28783365917942475,2026-09-18T14:33:52.623735,14,474ccba59d18cf70
28783382007940866,2026-09-18T14:33:52.623735,14,474ccba59d18cf70
28783528394592894,2026-09-18T14:33:52.623735,14,474ccba59d18cf70
28783592537919813,2026-09-18T14:33:52.623735,14,474ccba59d18cf70
28783810157898051,2026-09-18T14:33:52.623735,14,474ccba59d18cf70
28783866804559053,2026-09-18T14:33:52.623735,14,474ccba59d18cf70
28783885761223824,2026-09-18T14:33:52.623735,14,474ccba59d18cf70
28783906214555112,2026-09-18T14:33:52.623735,14,474ccba59d18cf70
28783939554551778,2026-09-18T14:33:52.623735,14,474ccba59d18cf70
28784055017873565,2026-09-18T14:33:52.623735,14,474ccba59d18cf70
28784057444539989,2026-09-18T14:33:52.623735,14,474ccba59d18cf70
28784123797866687,2026-09-18T14:33:52.623735,14,474ccba59d18cf70
28784145311197869,2026-09-18T14:33:52.623735,14,474ccba59d18cf70
28784296944516039,2026-09-18T14:33:52.623735,14,474ccba59d18cf70
28784302557848811,2026-09-18T14:33:52.623735,14,474ccba59d18cf70
28784358397843227,2026-09-18T14:33:52.623735,14,474ccba59d18cf70
28784363781176022,2026-09-18T14:33:52.623735,14,474ccba59d18cf70
28784391114506622,2026-09-18T14:33:52.623735,14,474ccba59d18cf70
28784632884482445,2026-09-18T14:33:52.623735,14,474ccba59d18cf70
28784755424470191,2026-09-18T14:33:52.623735,14,474ccba59d18cf70
28784759147803152,2026-09-18T14:33:52.623735,14,474ccba59d18cf70
28784775041134896,2026-09-18T14:33:52.623735,14,474ccba59d18cf70
28784897674455966,2026-09-18T14:33:52.623735,14,474ccba59d18cf70
28785285014417232,2026-09-18T14:33:52.623735,14,474ccba59d18cf70
28785351534410580,2026-09-18T14:33:52.623735,14,474ccba59d18cf70
28785359861076414,2026-09-18T14:33:52.623735,14,474ccba59d18cf70
28785443424401391,2026-09-18T14:33:52.623735,14,474ccba59d18cf70
28785730411039359,2026-09-18T14:33:52.623735,14,474ccba59d18cf70
28786173440995056,2026-09-18T14:33:52.623735,14,474ccba59d18cf70
28786453557633711,2026-09-18T14:33:52.623735,14,474ccba59d18cf70
1758680078672649,2026-09-18T14:33:52.623735,14,474ccba59d18cf70
1757508432123147,2026-09-18T14:33:52.623735,14,474ccba59d18cf70
1759225658618091,2026-09-18T14:33:52.623735,14,474ccba59d18cf70
1759230655284258,2026-09-18T14:33:52.623735,14,474ccba59d18cf70
1759231771950813,2026-09-18T14:33:52.623735,14,474ccba59d18cf70
1759235088617148,2026-09-18T14:33:52.623735,14,474ccba59d18cf70
1759236415283682,2026-09-18T14:33:52.623735,14,474ccba59d18cf70
1759237091950281,2026-09-18T14:33:52.623735,14,474ccba59d18cf70
1759241098616547,2026-09-18T14:33:52.623735,14,474ccba59d18cf70
1757135312160459,2026-09-18T14:33:52.623735,14,474ccba59d18cf70
1757177908822866,2026-09-18T14:33:52.623735,14,474ccba59d18cf70
1756843502189640,2026-09-18T14:33:52.623735,14,474ccba59d18cf70
1756884772185513,2026-09-18T14:33:52.623735,14,474ccba59d18cf70
1756922328848424,2026-09-18T14:33:52.623735,14,474ccba59d18cf70
1757530532120937,2026-09-18T14:33:52.623735,14,474ccba59d18cf70
1757605062113484,2026-09-18T14:33:52.623735,14,474ccba59d18cf70
1757669212107069,2026-09-18T14:33:52.623735,14,474ccba59d18cf70
1757669278773729,2026-09-18T14:33:52.623735,14,474ccba59d18cf70
1758310285376295,2026-09-18T14:33:52.623735,14,474ccba59d18cf70
1758323145375009,2026-09-18T14:33:52.623735,14,474ccba59d18cf70
1758621038678553,2026-09-18T14:33:52.623735,14,474ccba59d18cf70
1758628562011134,2026-09-18T14:33:52.623735,14,474ccba59d18cf70
1759051091968881,2026-09-18T14:33:52.623735,14,474ccba59d18cf70
1759260138614643,2026-09-18T14:33:52.623735,14,474ccba59d18cf70
1759534755253848,2026-09-18T14:33:52.623735,14,474ccba59d18cf70
1756862818854375,2026-09-18T14:33:52.623735,14,474ccba59d18cf70
1756907708849886,2026-09-18T14:33:52.623735,14,474ccba59d18cf70
1756910205516303,2026-09-18T14:33:52.623735,14,474ccba59d18cf70
1756911862182804,2026-09-18T14:33:52.623735,14,474ccba59d18cf70
1756914778849179,2026-09-18T14:33:52.623735,14,474ccba59d18cf70
1756915895515734,2026-09-18T14:33:52.623735,14,474ccba59d18cf70
1756917105515613,2026-09-18T14:33:52.623735,14,474ccba59d18cf70
1756858482188142,2026-09-18T14:33:52.623735,14,474ccba59d18cf70
1756858622188128,2026-09-18T14:33:52.623735,14,474ccba59d18cf70
1757455032128487,2026-09-18T14:33:52.623735,14,474ccba59d18cf70
1757464652127525,2026-09-18T14:33:52.623735,14,474ccba59d18cf70
1756845562189434,2026-09-18T14:33:52.623735,14,474ccba59d18cf70
1756884458852211,2026-09-18T14:33:52.623735,14,474ccba59d18cf70
1756903505516973,2026-09-18T14:33:52.623735,14,474ccba59d18cf70
1756904208850236,2026-09-18T14:33:52.623735,14,474ccba59d18cf70
1756907978849859,2026-09-18T14:33:52.623735,14,474ccba59d18cf70
1757012478839409,2026-09-18T14:33:52.623735,14,474ccba59d18cf70
1757014355505888,2026-09-18T14:33:52.623735,14,474ccba59d18cf70
1757053282168662,2026-09-18T14:33:52.623735,14,474ccba59d18cf70
1757077365499587,2026-09-18T14:33:52.623735,14,474ccba59d18cf70
1757080485499275,2026-09-18T14:33:52.623735,14,474ccba59d18cf70
1757083458832311,2026-09-18T14:33:52.623735,14,474ccba59d18cf70
1757085605498763,2026-09-18T14:33:52.623735,14,474ccba59d18cf70
1757104975496826,2026-09-18T14:33:52.623735,14,474ccba59d18cf70
1757107648829892,2026-09-18T14:33:52.623735,14,474ccba59d18cf70
1757109075496416,2026-09-18T14:33:52.623735,14,474ccba59d18cf70
1757316272142363,2026-09-18T14:33:52.623735,14,474ccba59d18cf70
1757560402117950,2026-09-18T14:33:52.623735,14,474ccba59d18cf70
1757754642098526,2026-09-18T14:33:52.623735,14,474ccba59d18cf70
1757777645429559,2026-09-18T14:33:52.623735,14,474ccba59d18cf70
1757865665420757,2026-09-18T14:33:52.623735,14,474ccba59d18cf70
1758614835345840,2026-09-18T14:33:52.623735,14,474ccba59d18cf70
1758903731983617,2026-09-18T14:33:52.623735,14,474ccba59d18cf70
1759174728623184,2026-09-18T14:33:52.623735,14,474ccba59d18cf70
1759638085243515,2026-09-18T14:33:52.623735,14,474ccba59d18cf70
1756818755525448,2026-09-18T14:33:52.623735,14,474ccba59d18cf70
1756827022191288,2026-09-18T14:33:52.623735,14,474ccba59d18cf70
1756835798857077,2026-09-18T14:33:52.623735,14,474ccba59d18cf70
1756928112181179,2026-09-18T14:33:52.623735,14,474ccba59d18cf70
1756931178847539,2026-09-18T14:33:52.623735,14,474ccba59d18cf70
1756935428847114,2026-09-18T14:33:52.623735,14,474ccba59d18cf70
1756947505512573,2026-09-18T14:33:52.623735,14,474ccba59d18cf70
1757034205503903,2026-09-18T14:33:52.623735,14,474ccba59d18cf70
1757070255500298,2026-09-18T14:33:52.623735,14,474ccba59d18cf70
1757107645496559,2026-09-18T14:33:52.623735,14,474ccba59d18cf70
1757115312162459,2026-09-18T14:33:52.623735,14,474ccba59d18cf70
1757183455488978,2026-09-18T14:33:52.623735,14,474ccba59d18cf70
1757185415488782,2026-09-18T14:33:52.623735,14,474ccba59d18cf70
1757364918804165,2026-09-18T14:33:52.623735,14,474ccba59d18cf70
1757381495469174,2026-09-18T14:33:52.623735,14,474ccba59d18cf70
1757386232135367,2026-09-18T14:33:52.623735,14,474ccba59d18cf70
1757414548799202,2026-09-18T14:33:52.623735,14,474ccba59d18cf70
1757467115460612,2026-09-18T14:33:52.623735,14,474ccba59d18cf70
1757644932109497,2026-09-18T14:33:52.623735,14,474ccba59d18cf70
1757667818773875,2026-09-18T14:33:52.623735,14,474ccba59d18cf70
1757680292105961,2026-09-18T14:33:52.623735,14,474ccba59d18cf70
1757680632105927,2026-09-18T14:33:52.623735,14,474ccba59d18cf70
1757719778768679,2026-09-18T14:33:52.623735,14,474ccba59d18cf70
1757789888761668,2026-09-18T14:33:52.623735,14,474ccba59d18cf70
1757798138760843,2026-09-18T14:33:52.623735,14,474ccba59d18cf70
1757810552092935,2026-09-18T14:33:52.623735,14,474ccba59d18cf70
1757824005424923,2026-09-18T14:33:52.623735,14,474ccba59d18cf70
1757889145418409,2026-09-18T14:33:52.623735,14,474ccba59d18cf70
1758025045404819,2026-09-18T14:33:52.623735,14,474ccba59d18cf70
1758242112049779,2026-09-18T14:33:52.623735,14,474ccba59d18cf70
1758268572047133,2026-09-18T14:33:52.623735,14,474ccba59d18cf70
1758271722046818,2026-09-18T14:33:52.623735,14,474ccba59d18cf70
1758347592039231,2026-09-18T14:33:52.623735,14,474ccba59d18cf70
1758352232038767,2026-09-18T14:33:52.623735,14,474ccba59d18cf70
1758448778695779,2026-09-18T14:33:52.623735,14,474ccba59d18cf70
1758451422028848,2026-09-18T14:33:52.623735,14,474ccba59d18cf70
1758456182028372,2026-09-18T14:33:52.623735,14,474ccba59d18cf70
1758635825343741,2026-09-18T14:33:52.623735,14,474ccba59d18cf70
1759612801912710,2026-09-18T14:33:52.623735,14,474ccba59d18cf70
1757714498769207,2026-09-18T14:33:52.623735,14,474ccba59d18cf70
1757727728767884,2026-09-18T14:33:52.623735,14,474ccba59d18cf70
1757735592100431,2026-09-18T14:33:52.623735,14,474ccba59d18cf70
1757877448752912,2026-09-18T14:33:52.623735,14,474ccba59d18cf70
1758609055346418,2026-09-18T14:33:52.623735,14,474ccba59d18cf70
1759457878594869,2026-09-18T14:33:52.623735,14,474ccba59d18cf70
1759629068577750,2026-09-18T14:33:52.623735,14,474ccba59d18cf70
1759629255244398,2026-09-18T14:33:52.623735,14,474ccba59d18cf70
1759632395244084,2026-09-18T14:33:52.623735,14,474ccba59d18cf70
1756899072184083,2026-09-18T14:33:52.623735,14,474ccba59d18cf70
1756907955516528,2026-09-18T14:33:52.623735,14,474ccba59d18cf70
1756909958849661,2026-09-18T14:33:52.623735,14,474ccba59d18cf70
1756911515516172,2026-09-18T14:33:52.623735,14,474ccba59d18cf70
1756915185515805,2026-09-18T14:33:52.623735,14,474ccba59d18cf70
1756915612182429,2026-09-18T14:33:52.623735,14,474ccba59d18cf70
1756917452182245,2026-09-18T14:33:52.623735,14,474ccba59d18cf70
1756900842183906,2026-09-18T14:33:52.623735,14,474ccba59d18cf70
1757166812157309,2026-09-18T14:33:52.623735,14,474ccba59d18cf70
1757167958823861,2026-09-18T14:33:52.623735,14,474ccba59d18cf70
1757304925476831,2026-09-18T14:33:52.623735,14,474ccba59d18cf70
1757314398809217,2026-09-18T14:33:52.623735,14,474ccba59d18cf70
1757302832143707,2026-09-18T14:33:52.623735,14,474ccba59d18cf70
1757494072124583,2026-09-18T14:33:52.623735,14,474ccba59d18cf70
1757545815452742,2026-09-18T14:33:52.623735,14,474ccba59d18cf70
1757551748785482,2026-09-18T14:33:52.623735,14,474ccba59d18cf70
1757555912118399,2026-09-18T14:33:52.623735,14,474ccba59d18cf70
1757447012129289,2026-09-18T14:33:52.623735,14,474ccba59d18cf70
1757454795461844,2026-09-18T14:33:52.623735,14,474ccba59d18cf70
1758367635370560,2026-09-18T14:33:52.623735,14,474ccba59d18cf70
1758368312037159,2026-09-18T14:33:52.623735,14,474ccba59d18cf70
1757306862143304,2026-09-18T14:33:52.623735,14,474ccba59d18cf70
1757458805461443,2026-09-18T14:33:52.623735,14,474ccba59d18cf70
1757479002126090,2026-09-18T14:33:52.623735,14,474ccba59d18cf70
1757894648751192,2026-09-18T14:33:52.623735,14,474ccba59d18cf70
1757979278742729,2026-09-18T14:33:52.623735,14,474ccba59d18cf70
1758313042042686,2026-09-18T14:33:52.623735,14,474ccba59d18cf70
1758313398709317,2026-09-18T14:33:52.623735,14,474ccba59d18cf70
1758330782040912,2026-09-18T14:33:52.623735,14,474ccba59d18cf70
1757413632132627,2026-09-18T14:33:52.623735,14,474ccba59d18cf70
1757431042130886,2026-09-18T14:33:52.623735,14,474ccba59d18cf70
1757434098797247,2026-09-18T14:33:52.623735,14,474ccba59d18cf70
1757557848784872,2026-09-18T14:33:52.623735,14,474ccba59d18cf70
1757745122099478,2026-09-18T14:33:52.623735,14,474ccba59d18cf70
1757850282088962,2026-09-18T14:33:52.623735,14,474ccba59d18cf70
1757986935408630,2026-09-18T14:33:52.623735,14,474ccba59d18cf70
1758303025377021,2026-09-18T14:33:52.623735,14,474ccba59d18cf70
1758344075372916,2026-09-18T14:33:52.623735,14,474ccba59d18cf70
1757187288821928,2026-09-18T14:33:52.623735,14,474ccba59d18cf70
1757188068821850,2026-09-18T14:33:52.623735,14,474ccba59d18cf70
1757299862144004,2026-09-18T14:33:52.623735,14,474ccba59d18cf70
1757401198800537,2026-09-18T14:33:52.623735,14,474ccba59d18cf70
1757429228797734,2026-09-18T14:33:52.623735,14,474ccba59d18cf70
1757481058792551,2026-09-18T14:33:52.623735,14,474ccba59d18cf70
1757489912124999,2026-09-18T14:33:52.623735,14,474ccba59d18cf70
1757507702123220,2026-09-18T14:33:52.623735,14,474ccba59d18cf70
1757509992122991,2026-09-18T14:33:52.623735,14,474ccba59d18cf70
1757513742122616,2026-09-18T14:33:52.623735,14,474ccba59d18cf70
1757520452121945,2026-09-18T14:33:52.623735,14,474ccba59d18cf70
1757533768787280,2026-09-18T14:33:52.623735,14,474ccba59d18cf70
1757534815453842,2026-09-18T14:33:52.623735,14,474ccba59d18cf70
1757686668771990,2026-09-18T14:33:52.623735,14,474ccba59d18cf70
1757758968764760,2026-09-18T14:33:52.623735,14,474ccba59d18cf70
1758616335345690,2026-09-18T14:33:52.623735,14,474ccba59d18cf70
1757185238822133,2026-09-18T14:33:52.623735,14,474ccba59d18cf70
1757301045477219,2026-09-18T14:33:52.623735,14,474ccba59d18cf70
1757439082130082,2026-09-18T14:33:52.623735,14,474ccba59d18cf70
1757476298793027,2026-09-18T14:33:52.623735,14,474ccba59d18cf70
1757478202126170,2026-09-18T14:33:52.623735,14,474ccba59d18cf70
1757480868792570,2026-09-18T14:33:52.623735,14,474ccba59d18cf70
1757519242122066,2026-09-18T14:33:52.623735,14,474ccba59d18cf70
1757534602120530,2026-09-18T14:33:52.623735,14,474ccba59d18cf70
1757536218787035,2026-09-18T14:33:52.623735,14,474ccba59d18cf70
1757559945451329,2026-09-18T14:33:52.623735,14,474ccba59d18cf70
1757677498772907,2026-09-18T14:33:52.623735,14,474ccba59d18cf70
1757739615433362,2026-09-18T14:33:52.623735,14,474ccba59d18cf70
1757740162099974,2026-09-18T14:33:52.623735,14,474ccba59d18cf70
1757780305429293,2026-09-18T14:33:52.623735,14,474ccba59d18cf70
1757785605428763,2026-09-18T14:33:52.623735,14,474ccba59d18cf70
1757812692092721,2026-09-18T14:33:52.623735,14,474ccba59d18cf70
1757835818757075,2026-09-18T14:33:52.623735,14,474ccba59d18cf70
1757864885420835,2026-09-18T14:33:52.623735,14,474ccba59d18cf70
1757899722084018,2026-09-18T14:33:52.623735,14,474ccba59d18cf70
1757908645416459,2026-09-18T14:33:52.623735,14,474ccba59d18cf70
1757936275413696,2026-09-18T14:33:52.623735,14,474ccba59d18cf70
1757941102079880,2026-09-18T14:33:52.623735,14,474ccba59d18cf70
1757955195411804,2026-09-18T14:33:52.623735,14,474ccba59d18cf70
1757956552078335,2026-09-18T14:33:52.623735,14,474ccba59d18cf70
1758030218737635,2026-09-18T14:33:52.623735,14,474ccba59d18cf70
1758242882049702,2026-09-18T14:33:52.623735,14,474ccba59d18cf70
1758288562045134,2026-09-18T14:33:52.623735,14,474ccba59d18cf70
1758329208707736,2026-09-18T14:33:52.623735,14,474ccba59d18cf70
1758389945368329,2026-09-18T14:33:52.623735,14,474ccba59d18cf70
1758391968701460,2026-09-18T14:33:52.623735,14,474ccba59d18cf70
1758504512023539,2026-09-18T14:33:52.623735,14,474ccba59d18cf70
1758511358689521,2026-09-18T14:33:52.623735,14,474ccba59d18cf70
1758522275355096,2026-09-18T14:33:52.623735,14,474ccba59d18cf70
1758532485354075,2026-09-18T14:33:52.623735,14,474ccba59d18cf70
1758537508686906,2026-09-18T14:33:52.623735,14,474ccba59d18cf70
1758542558686401,2026-09-18T14:33:52.623735,14,474ccba59d18cf70
1758542845353039,2026-09-18T14:33:52.623735,14,474ccba59d18cf70
1758569275350396,2026-09-18T14:33:52.623735,14,474ccba59d18cf70
1758569595350364,2026-09-18T14:33:52.623735,14,474ccba59d18cf70
1758577822016208,2026-09-18T14:33:52.623735,14,474ccba59d18cf70
1758578148682842,2026-09-18T14:33:52.623735,14,474ccba59d18cf70
1758588628681794,2026-09-18T14:33:52.623735,14,474ccba59d18cf70
1758589352015055,2026-09-18T14:33:52.623735,14,474ccba59d18cf70
1758594402014550,2026-09-18T14:33:52.623735,14,474ccba59d18cf70
1758594778681179,2026-09-18T14:33:52.623735,14,474ccba59d18cf70
1758612935346030,2026-09-18T14:33:52.623735,14,474ccba59d18cf70
1758613662012624,2026-09-18T14:33:52.623735,14,474ccba59d18cf70
1757317412142249,2026-09-18T14:33:52.623735,14,474ccba59d18cf70
1757558908784766,2026-09-18T14:33:52.623735,14,474ccba59d18cf70
1757894045417919,2026-09-18T14:33:52.623735,14,474ccba59d18cf70
1757980038742653,2026-09-18T14:33:52.623735,14,474ccba59d18cf70
1757191308821526,2026-09-18T14:33:52.623735,14,474ccba59d18cf70
1757298118810845,2026-09-18T14:33:52.623735,14,474ccba59d18cf70
1757391648801492,2026-09-18T14:33:52.623735,14,474ccba59d18cf70
1757392968801360,2026-09-18T14:33:52.623735,14,474ccba59d18cf70
1757398115467512,2026-09-18T14:33:52.623735,14,474ccba59d18cf70
1757421325465191,2026-09-18T14:33:52.623735,14,474ccba59d18cf70
1757428902131100,2026-09-18T14:33:52.623735,14,474ccba59d18cf70
1757437852130205,2026-09-18T14:33:52.623735,14,474ccba59d18cf70
1757438718796785,2026-09-18T14:33:52.623735,14,474ccba59d18cf70
1757451985462125,2026-09-18T14:33:52.623735,14,474ccba59d18cf70
1757543342119656,2026-09-18T14:33:52.623735,14,474ccba59d18cf70
1757544942119496,2026-09-18T14:33:52.623735,14,474ccba59d18cf70
1757557122118278,2026-09-18T14:33:52.623735,14,474ccba59d18cf70
1757578402116150,2026-09-18T14:33:52.623735,14,474ccba59d18cf70
1757582942115696,2026-09-18T14:33:52.623735,14,474ccba59d18cf70
1757640615443262,2026-09-18T14:33:52.623735,14,474ccba59d18cf70
1757641058776551,2026-09-18T14:33:52.623735,14,474ccba59d18cf70
1757641192109871,2026-09-18T14:33:52.623735,14,474ccba59d18cf70
1757644875442836,2026-09-18T14:33:52.623735,14,474ccba59d18cf70
1757646815442642,2026-09-18T14:33:52.623735,14,474ccba59d18cf70
1757650452108945,2026-09-18T14:33:52.623735,14,474ccba59d18cf70
1757656102108380,2026-09-18T14:33:52.623735,14,474ccba59d18cf70
1757658245441499,2026-09-18T14:33:52.623735,14,474ccba59d18cf70
1757664678774189,2026-09-18T14:33:52.623735,14,474ccba59d18cf70
1757669692107021,2026-09-18T14:33:52.623735,14,474ccba59d18cf70
1757681535439170,2026-09-18T14:33:52.623735,14,474ccba59d18cf70
1757683435438980,2026-09-18T14:33:52.623735,14,474ccba59d18cf70
1757689185438405,2026-09-18T14:33:52.623735,14,474ccba59d18cf70
1757692375438086,2026-09-18T14:33:52.623735,14,474ccba59d18cf70
1757713452102645,2026-09-18T14:33:52.623735,14,474ccba59d18cf70
1757721638768493,2026-09-18T14:33:52.623735,14,474ccba59d18cf70
1757732675434056,2026-09-18T14:33:52.623735,14,474ccba59d18cf70
1758263618714295,2026-09-18T14:33:52.623735,14,474ccba59d18cf70
1758273995379924,2026-09-18T14:33:52.623735,14,474ccba59d18cf70
1759130331960957,2026-09-18T14:33:52.623735,14,474ccba59d18cf70
1759132121960778,2026-09-18T14:33:52.623735,14,474ccba59d18cf70
1759181085289215,2026-09-18T14:33:52.623735,14,474ccba59d18cf70
1759200845287239,2026-09-18T14:33:52.623735,14,474ccba59d18cf70
1759202465287077,2026-09-18T14:33:52.623735,14,474ccba59d18cf70
1757308105476513,2026-09-18T14:33:52.623735,14,474ccba59d18cf70
1757399275467396,2026-09-18T14:33:52.623735,14,474ccba59d18cf70
1757399425467381,2026-09-18T14:33:52.623735,14,474ccba59d18cf70
1757399502134040,2026-09-18T14:33:52.623735,14,474ccba59d18cf70
1757414242132566,2026-09-18T14:33:52.623735,14,474ccba59d18cf70
1757429808797676,2026-09-18T14:33:52.623735,14,474ccba59d18cf70
1757440782129912,2026-09-18T14:33:52.623735,14,474ccba59d18cf70
1757445465462777,2026-09-18T14:33:52.623735,14,474ccba59d18cf70
1758299865377337,2026-09-18T14:33:52.623735,14,474ccba59d18cf70
1758307815376542,2026-09-18T14:33:52.623735,14,474ccba59d18cf70
1757219698818687,2026-09-18T14:33:52.623735,14,474ccba59d18cf70
1757291438811513,2026-09-18T14:33:52.623735,14,474ccba59d18cf70
1757413782132612,2026-09-18T14:33:52.623735,14,474ccba59d18cf70
1757430522130938,2026-09-18T14:33:52.623735,14,474ccba59d18cf70
1757630868777570,2026-09-18T14:33:52.623735,14,474ccba59d18cf70
1757688118771845,2026-09-18T14:33:52.623735,14,474ccba59d18cf70
1757698978770759,2026-09-18T14:33:52.623735,14,474ccba59d18cf70
1757729068767750,2026-09-18T14:33:52.623735,14,474ccba59d18cf70
1757851428755514,2026-09-18T14:33:52.623735,14,474ccba59d18cf70
1757983055409018,2026-09-18T14:33:52.623735,14,474ccba59d18cf70
1757223108818346,2026-09-18T14:33:52.623735,14,474ccba59d18cf70
1757616902112300,2026-09-18T14:33:52.623735,14,474ccba59d18cf70
1757617095445614,2026-09-18T14:33:52.623735,14,474ccba59d18cf70
1757619972111993,2026-09-18T14:33:52.623735,14,474ccba59d18cf70
1757691765438147,2026-09-18T14:33:52.623735,14,474ccba59d18cf70
1757702438770413,2026-09-18T14:33:52.623735,14,474ccba59d18cf70
1757730392100951,2026-09-18T14:33:52.623735,14,474ccba59d18cf70
1757851165422207,2026-09-18T14:33:52.623735,14,474ccba59d18cf70
1757984018742255,2026-09-18T14:33:52.623735,14,474ccba59d18cf70
1758381465369177,2026-09-18T14:33:52.623735,14,474ccba59d18cf70
1758510365356287,2026-09-18T14:33:52.623735,14,474ccba59d18cf70
1757514738789183,2026-09-18T14:33:52.623735,14,474ccba59d18cf70
1757530045454319,2026-09-18T14:33:52.623735,14,474ccba59d18cf70
1757737432100247,2026-09-18T14:33:52.623735,14,474ccba59d18cf70
1757186775488646,2026-09-18T14:33:52.623735,14,474ccba59d18cf70
1757220515485272,2026-09-18T14:33:52.623735,14,474ccba59d18cf70
1757242852149705,2026-09-18T14:33:52.623735,14,474ccba59d18cf70
1757288598811797,2026-09-18T14:33:52.623735,14,474ccba59d18cf70
1757457965461527,2026-09-18T14:33:52.623735,14,474ccba59d18cf70
1757473925459931,2026-09-18T14:33:52.623735,14,474ccba59d18cf70
1757483698792287,2026-09-18T14:33:52.623735,14,474ccba59d18cf70
1757530895454234,2026-09-18T14:33:52.623735,14,474ccba59d18cf70
1757540115453312,2026-09-18T14:33:52.623735,14,474ccba59d18cf70
1757311372142853,2026-09-18T14:33:52.623735,14,474ccba59d18cf70
1757404152133575,2026-09-18T14:33:52.623735,14,474ccba59d18cf70
1757431482130842,2026-09-18T14:33:52.623735,14,474ccba59d18cf70
1757460558794601,2026-09-18T14:33:52.623735,14,474ccba59d18cf70
1757463668794290,2026-09-18T14:33:52.623735,14,474ccba59d18cf70
1757465515460772,2026-09-18T14:33:52.623735,14,474ccba59d18cf70
1757478285459495,2026-09-18T14:33:52.623735,14,474ccba59d18cf70
1757489482125042,2026-09-18T14:33:52.623735,14,474ccba59d18cf70
1757553468785310,2026-09-18T14:33:52.623735,14,474ccba59d18cf70
1757747162099274,2026-09-18T14:33:52.623735,14,474ccba59d18cf70
1757460802127910,2026-09-18T14:33:52.623735,14,474ccba59d18cf70
1757463082127682,2026-09-18T14:33:52.623735,14,474ccba59d18cf70
1757464632127527,2026-09-18T14:33:52.623735,14,474ccba59d18cf70
1757465185460805,2026-09-18T14:33:52.623735,14,474ccba59d18cf70
1757466328794024,2026-09-18T14:33:52.623735,14,474ccba59d18cf70
1757473842126606,2026-09-18T14:33:52.623735,14,474ccba59d18cf70
1757475165459807,2026-09-18T14:33:52.623735,14,474ccba59d18cf70
1757478908792766,2026-09-18T14:33:52.623735,14,474ccba59d18cf70
1757493795457944,2026-09-18T14:33:52.623735,14,474ccba59d18cf70
1757508742123116,2026-09-18T14:33:52.623735,14,474ccba59d18cf70
1757509662123024,2026-09-18T14:33:52.623735,14,474ccba59d18cf70
1757516938788963,2026-09-18T14:33:52.623735,14,474ccba59d18cf70
1757521415455182,2026-09-18T14:33:52.623735,14,474ccba59d18cf70
1757523658788291,2026-09-18T14:33:52.623735,14,474ccba59d18cf70
1757525948788062,2026-09-18T14:33:52.623735,14,474ccba59d18cf70
1757527445454579,2026-09-18T14:33:52.623735,14,474ccba59d18cf70
1757531502120840,2026-09-18T14:33:52.623735,14,474ccba59d18cf70
1757533682120622,2026-09-18T14:33:52.623735,14,474ccba59d18cf70
1757535695453754,2026-09-18T14:33:52.623735,14,474ccba59d18cf70
1757535898787067,2026-09-18T14:33:52.623735,14,474ccba59d18cf70
1757536082120382,2026-09-18T14:33:52.623735,14,474ccba59d18cf70
1757536382120352,2026-09-18T14:33:52.623735,14,474ccba59d18cf70
1757536985453625,2026-09-18T14:33:52.623735,14,474ccba59d18cf70
1757537255453598,2026-09-18T14:33:52.623735,14,474ccba59d18cf70
1757552605452063,2026-09-18T14:33:52.623735,14,474ccba59d18cf70
1757554495451874,2026-09-18T14:33:52.623735,14,474ccba59d18cf70
1757597645447559,2026-09-18T14:33:52.623735,14,474ccba59d18cf70
1757598082114182,2026-09-18T14:33:52.623735,14,474ccba59d18cf70
1757598835447440,2026-09-18T14:33:52.623735,14,474ccba59d18cf70
1757668748773782,2026-09-18T14:33:52.623735,14,474ccba59d18cf70
1757669222107068,2026-09-18T14:33:52.623735,14,474ccba59d18cf70
1757677228772934,2026-09-18T14:33:52.623735,14,474ccba59d18cf70
1757677872106203,2026-09-18T14:33:52.623735,14,474ccba59d18cf70
1757679982105992,2026-09-18T14:33:52.623735,14,474ccba59d18cf70
1757462332127757,2026-09-18T14:33:52.623735,14,474ccba59d18cf70
1757465222127468,2026-09-18T14:33:52.623735,14,474ccba59d18cf70
1757471195460204,2026-09-18T14:33:52.623735,14,474ccba59d18cf70
1757474462126544,2026-09-18T14:33:52.623735,14,474ccba59d18cf70
1757477382126252,2026-09-18T14:33:52.623735,14,474ccba59d18cf70
1757478288792828,2026-09-18T14:33:52.623735,14,474ccba59d18cf70
1757478578792799,2026-09-18T14:33:52.623735,14,474ccba59d18cf70
1757481845459139,2026-09-18T14:33:52.623735,14,474ccba59d18cf70
1757513668789290,2026-09-18T14:33:52.623735,14,474ccba59d18cf70
1757515185455805,2026-09-18T14:33:52.623735,14,474ccba59d18cf70
1757536968786960,2026-09-18T14:33:52.623735,14,474ccba59d18cf70
1757541135453210,2026-09-18T14:33:52.623735,14,474ccba59d18cf70
1757604665446857,2026-09-18T14:33:52.623735,14,474ccba59d18cf70
1757694555437868,2026-09-18T14:33:52.623735,14,474ccba59d18cf70
1759278158612841,2026-09-18T14:33:52.623735,14,474ccba59d18cf70
1757466812127309,2026-09-18T14:33:52.623735,14,474ccba59d18cf70
1757492138791443,2026-09-18T14:33:52.623735,14,474ccba59d18cf70
1757610615446262,2026-09-18T14:33:52.623735,14,474ccba59d18cf70
1757462345461089,2026-09-18T14:33:52.623735,14,474ccba59d18cf70
1757462692127721,2026-09-18T14:33:52.623735,14,474ccba59d18cf70
1757463328794324,2026-09-18T14:33:52.623735,14,474ccba59d18cf70
1757465545460769,2026-09-18T14:33:52.623735,14,474ccba59d18cf70
1757467208793936,2026-09-18T14:33:52.623735,14,474ccba59d18cf70
1757467315460592,2026-09-18T14:33:52.623735,14,474ccba59d18cf70
1757467825460541,2026-09-18T14:33:52.623735,14,474ccba59d18cf70
1757468668793790,2026-09-18T14:33:52.623735,14,474ccba59d18cf70
1757468852127105,2026-09-18T14:33:52.623735,14,474ccba59d18cf70
1757469248793732,2026-09-18T14:33:52.623735,14,474ccba59d18cf70
1757469325460391,2026-09-18T14:33:52.623735,14,474ccba59d18cf70
1757469892127001,2026-09-18T14:33:52.623735,14,474ccba59d18cf70
1757470115460312,2026-09-18T14:33:52.623735,14,474ccba59d18cf70
1757470618793595,2026-09-18T14:33:52.623735,14,474ccba59d18cf70
1757471745460149,2026-09-18T14:33:52.623735,14,474ccba59d18cf70
1757475998793057,2026-09-18T14:33:52.623735,14,474ccba59d18cf70
1757476408793016,2026-09-18T14:33:52.623735,14,474ccba59d18cf70
1757476788792978,2026-09-18T14:33:52.623735,14,474ccba59d18cf70
1757479595459364,2026-09-18T14:33:52.623735,14,474ccba59d18cf70
1757480668792590,2026-09-18T14:33:52.623735,14,474ccba59d18cf70
1757480752125915,2026-09-18T14:33:52.623735,14,474ccba59d18cf70
1757481172125873,2026-09-18T14:33:52.623735,14,474ccba59d18cf70
1757484182125572,2026-09-18T14:33:52.623735,14,474ccba59d18cf70
1757484528792204,2026-09-18T14:33:52.623735,14,474ccba59d18cf70
1757485125458811,2026-09-18T14:33:52.623735,14,474ccba59d18cf70
1757500605457263,2026-09-18T14:33:52.623735,14,474ccba59d18cf70
1757500678790589,2026-09-18T14:33:52.623735,14,474ccba59d18cf70
1757502368790420,2026-09-18T14:33:52.623735,14,474ccba59d18cf70
1757507708789886,2026-09-18T14:33:52.623735,14,474ccba59d18cf70
1757522808788376,2026-09-18T14:33:52.623735,14,474ccba59d18cf70
1757538042120186,2026-09-18T14:33:52.623735,14,474ccba59d18cf70
1757547232119267,2026-09-18T14:33:52.623735,14,474ccba59d18cf70
1757549708785686,2026-09-18T14:33:52.623735,14,474ccba59d18cf70
1757549892119001,2026-09-18T14:33:52.623735,14,474ccba59d18cf70
1757606068780050,2026-09-18T14:33:52.623735,14,474ccba59d18cf70
1757693928771264,2026-09-18T14:33:52.623735,14,474ccba59d18cf70
1757730582100932,2026-09-18T14:33:52.623735,14,474ccba59d18cf70
1757480385459285,2026-09-18T14:33:52.623735,14,474ccba59d18cf70
1757485365458787,2026-09-18T14:33:52.623735,14,474ccba59d18cf70
1757493718791285,2026-09-18T14:33:52.623735,14,474ccba59d18cf70
1757499708790686,2026-09-18T14:33:52.623735,14,474ccba59d18cf70
1757503622123628,2026-09-18T14:33:52.623735,14,474ccba59d18cf70
1757504392123551,2026-09-18T14:33:52.623735,14,474ccba59d18cf70
1757519765455347,2026-09-18T14:33:52.623735,14,474ccba59d18cf70
1757528718787785,2026-09-18T14:33:52.623735,14,474ccba59d18cf70
1757529832121007,2026-09-18T14:33:52.623735,14,474ccba59d18cf70
1757534508787206,2026-09-18T14:33:52.623735,14,474ccba59d18cf70
1757535418787115,2026-09-18T14:33:52.623735,14,474ccba59d18cf70
1757535835453740,2026-09-18T14:33:52.623735,14,474ccba59d18cf70
1757537522120238,2026-09-18T14:33:52.623735,14,474ccba59d18cf70
1757538148786842,2026-09-18T14:33:52.623735,14,474ccba59d18cf70
1757538482120142,2026-09-18T14:33:52.623735,14,474ccba59d18cf70
1757539002120090,2026-09-18T14:33:52.623735,14,474ccba59d18cf70
1757540395453284,2026-09-18T14:33:52.623735,14,474ccba59d18cf70
1757540818786575,2026-09-18T14:33:52.623735,14,474ccba59d18cf70
1757542662119724,2026-09-18T14:33:52.623735,14,474ccba59d18cf70
1757559172118073,2026-09-18T14:33:52.623735,14,474ccba59d18cf70
1757561835451140,2026-09-18T14:33:52.623735,14,474ccba59d18cf70
1757563245450999,2026-09-18T14:33:52.623735,14,474ccba59d18cf70
1757567568783900,2026-09-18T14:33:52.623735,14,474ccba59d18cf70
1757568705450453,2026-09-18T14:33:52.623735,14,474ccba59d18cf70
1757641148776542,2026-09-18T14:33:52.623735,14,474ccba59d18cf70
1757644942109496,2026-09-18T14:33:52.623735,14,474ccba59d18cf70
1757649578775699,2026-09-18T14:33:52.623735,14,474ccba59d18cf70
1757706112103379,2026-09-18T14:33:52.623735,14,474ccba59d18cf70
1757717338768923,2026-09-18T14:33:52.623735,14,474ccba59d18cf70
1757721968768460,2026-09-18T14:33:52.623735,14,474ccba59d18cf70
1757730652100925,2026-09-18T14:33:52.623735,14,474ccba59d18cf70
1757736532100337,2026-09-18T14:33:52.623735,14,474ccba59d18cf70
1757754598765197,2026-09-18T14:33:52.623735,14,474ccba59d18cf70
1757757978764859,2026-09-18T14:33:52.623735,14,474ccba59d18cf70
1757798302094160,2026-09-18T14:33:52.623735,14,474ccba59d18cf70
1757809628759694,2026-09-18T14:33:52.623735,14,474ccba59d18cf70
1757811642092826,2026-09-18T14:33:52.623735,14,474ccba59d18cf70
1757814505425873,2026-09-18T14:33:52.623735,14,474ccba59d18cf70
1757825388758118,2026-09-18T14:33:52.623735,14,474ccba59d18cf70
1757933278747329,2026-09-18T14:33:52.623735,14,474ccba59d18cf70
1757933585413965,2026-09-18T14:33:52.623735,14,474ccba59d18cf70
1757974945409829,2026-09-18T14:33:52.623735,14,474ccba59d18cf70
1758035168737140,2026-09-18T14:33:52.623735,14,474ccba59d18cf70
1758247275382596,2026-09-18T14:33:52.623735,14,474ccba59d18cf70
1758248635382460,2026-09-18T14:33:52.623735,14,474ccba59d18cf70
1758249432049047,2026-09-18T14:33:52.623735,14,474ccba59d18cf70
1758250542048936,2026-09-18T14:33:52.623735,14,474ccba59d18cf70
1758292175378106,2026-09-18T14:33:52.623735,14,474ccba59d18cf70
1758448762029114,2026-09-18T14:33:52.623735,14,474ccba59d18cf70
1758536118687045,2026-09-18T14:33:52.623735,14,474ccba59d18cf70
1758536488687008,2026-09-18T14:33:52.623735,14,474ccba59d18cf70
1758587248681932,2026-09-18T14:33:52.623735,14,474ccba59d18cf70
1757560645451259,2026-09-18T14:33:52.623735,14,474ccba59d18cf70
1757572082116782,2026-09-18T14:33:52.623735,14,474ccba59d18cf70
1757580175449306,2026-09-18T14:33:52.623735,14,474ccba59d18cf70
1757687445438579,2026-09-18T14:33:52.623735,14,474ccba59d18cf70
1757704565436867,2026-09-18T14:33:52.623735,14,474ccba59d18cf70
1757849768755680,2026-09-18T14:33:52.623735,14,474ccba59d18cf70
1758278925379431,2026-09-18T14:33:52.623735,14,474ccba59d18cf70
1758305995376724,2026-09-18T14:33:52.623735,14,474ccba59d18cf70
1757694462104544,2026-09-18T14:33:52.623735,14,474ccba59d18cf70
1757707718769885,2026-09-18T14:33:52.623735,14,474ccba59d18cf70
1757725102101480,2026-09-18T14:33:52.623735,14,474ccba59d18cf70
1757738372100153,2026-09-18T14:33:52.623735,14,474ccba59d18cf70
1757756948764962,2026-09-18T14:33:52.623735,14,474ccba59d18cf70
1757773235430000,2026-09-18T14:33:52.623735,14,474ccba59d18cf70
1757935638747093,2026-09-18T14:33:52.623735,14,474ccba59d18cf70
1757936002080390,2026-09-18T14:33:52.623735,14,474ccba59d18cf70
1757957932078197,2026-09-18T14:33:52.623735,14,474ccba59d18cf70
1758335295373794,2026-09-18T14:33:52.623735,14,474ccba59d18cf70
1758349475372376,2026-09-18T14:33:52.623735,14,474ccba59d18cf70
1758514135355910,2026-09-18T14:33:52.623735,14,474ccba59d18cf70
1758517432022247,2026-09-18T14:33:52.623735,14,474ccba59d18cf70
1758711728669484,2026-09-18T14:33:52.623735,14,474ccba59d18cf70
1758749131999077,2026-09-18T14:33:52.623735,14,474ccba59d18cf70
1758824621991528,2026-09-18T14:33:52.623735,14,474ccba59d18cf70
1757589498781707,2026-09-18T14:33:52.623735,14,474ccba59d18cf70
1757591612114829,2026-09-18T14:33:52.623735,14,474ccba59d18cf70
1757597558780901,2026-09-18T14:33:52.623735,14,474ccba59d18cf70
1757599745447349,2026-09-18T14:33:52.623735,14,474ccba59d18cf70
1757601252113865,2026-09-18T14:33:52.623735,14,474ccba59d18cf70
1757609155446408,2026-09-18T14:33:52.623735,14,474ccba59d18cf70
1757610152112975,2026-09-18T14:33:52.623735,14,474ccba59d18cf70
1757611508779506,2026-09-18T14:33:52.623735,14,474ccba59d18cf70
1757614558779201,2026-09-18T14:33:52.623735,14,474ccba59d18cf70
1757615372112453,2026-09-18T14:33:52.623735,14,474ccba59d18cf70
1757621258778531,2026-09-18T14:33:52.623735,14,474ccba59d18cf70
1757621628778494,2026-09-18T14:33:52.623735,14,474ccba59d18cf70
1757624568778200,2026-09-18T14:33:52.623735,14,474ccba59d18cf70
1757640395443284,2026-09-18T14:33:52.623735,14,474ccba59d18cf70
1757641232109867,2026-09-18T14:33:52.623735,14,474ccba59d18cf70
1757692202104770,2026-09-18T14:33:52.623735,14,474ccba59d18cf70
1757701438770513,2026-09-18T14:33:52.623735,14,474ccba59d18cf70
1757704242103566,2026-09-18T14:33:52.623735,14,474ccba59d18cf70
1757716712102319,2026-09-18T14:33:52.623735,14,474ccba59d18cf70
1757734455433878,2026-09-18T14:33:52.623735,14,474ccba59d18cf70
1757737478766909,2026-09-18T14:33:52.623735,14,474ccba59d18cf70
1757745802099410,2026-09-18T14:33:52.623735,14,474ccba59d18cf70
1757749368765720,2026-09-18T14:33:52.623735,14,474ccba59d18cf70
1757753322098658,2026-09-18T14:33:52.623735,14,474ccba59d18cf70
1757769852097005,2026-09-18T14:33:52.623735,14,474ccba59d18cf70
1757844332089557,2026-09-18T14:33:52.623735,14,474ccba59d18cf70
1757847792089211,2026-09-18T14:33:52.623735,14,474ccba59d18cf70
1757930075414316,2026-09-18T14:33:52.623735,14,474ccba59d18cf70
1758005848740072,2026-09-18T14:33:52.623735,14,474ccba59d18cf70
1758084755398848,2026-09-18T14:33:52.623735,14,474ccba59d18cf70
1758086325398691,2026-09-18T14:33:52.623735,14,474ccba59d18cf70
1758291002044890,2026-09-18T14:33:52.623735,14,474ccba59d18cf70
1758301145377209,2026-09-18T14:33:52.623735,14,474ccba59d18cf70
1758302292043761,2026-09-18T14:33:52.623735,14,474ccba59d18cf70
1758312948709362,2026-09-18T14:33:52.623735,14,474ccba59d18cf70
1758315275375796,2026-09-18T14:33:52.623735,14,474ccba59d18cf70
1758327588707898,2026-09-18T14:33:52.623735,14,474ccba59d18cf70
1758361268704530,2026-09-18T14:33:52.623735,14,474ccba59d18cf70
1758369205370403,2026-09-18T14:33:52.623735,14,474ccba59d18cf70
1758415875365736,2026-09-18T14:33:52.623735,14,474ccba59d18cf70
1758663162007674,2026-09-18T14:33:52.623735,14,474ccba59d18cf70
1758751918665465,2026-09-18T14:33:52.623735,14,474ccba59d18cf70
1758786875328636,2026-09-18T14:33:52.623735,14,474ccba59d18cf70
1758798198660837,2026-09-18T14:33:52.623735,14,474ccba59d18cf70
1759227595284564,2026-09-18T14:33:52.623735,14,474ccba59d18cf70
1757670028773654,2026-09-18T14:33:52.623735,14,474ccba59d18cf70
1757751318765525,2026-09-18T14:33:52.623735,14,474ccba59d18cf70
1757799385427385,2026-09-18T14:33:52.623735,14,474ccba59d18cf70
1757804312093559,2026-09-18T14:33:52.623735,14,474ccba59d18cf70
1757804542093536,2026-09-18T14:33:52.623735,14,474ccba59d18cf70
1757810388759618,2026-09-18T14:33:52.623735,14,474ccba59d18cf70
1757811482092842,2026-09-18T14:33:52.623735,14,474ccba59d18cf70
1757812548759402,2026-09-18T14:33:52.623735,14,474ccba59d18cf70
1757820842091906,2026-09-18T14:33:52.623735,14,474ccba59d18cf70
1757837605423563,2026-09-18T14:33:52.623735,14,474ccba59d18cf70
1757839545423369,2026-09-18T14:33:52.623735,14,474ccba59d18cf70
1757841248756532,2026-09-18T14:33:52.623735,14,474ccba59d18cf70
1757845235422800,2026-09-18T14:33:52.623735,14,474ccba59d18cf70
1757848642089126,2026-09-18T14:33:52.623735,14,474ccba59d18cf70
1757873658753291,2026-09-18T14:33:52.623735,14,474ccba59d18cf70
1757882338752423,2026-09-18T14:33:52.623735,14,474ccba59d18cf70
1757898048750852,2026-09-18T14:33:52.623735,14,474ccba59d18cf70
1758278735379450,2026-09-18T14:33:52.623735,14,474ccba59d18cf70
1758297462044244,2026-09-18T14:33:52.623735,14,474ccba59d18cf70
1758363962037594,2026-09-18T14:33:52.623735,14,474ccba59d18cf70
1758509588689698,2026-09-18T14:33:52.623735,14,474ccba59d18cf70
1757902212083769,2026-09-18T14:33:52.623735,14,474ccba59d18cf70
1757902922083698,2026-09-18T14:33:52.623735,14,474ccba59d18cf70
1757906065416717,2026-09-18T14:33:52.623735,14,474ccba59d18cf70
1757906278750029,2026-09-18T14:33:52.623735,14,474ccba59d18cf70
1757906315416692,2026-09-18T14:33:52.623735,14,474ccba59d18cf70
1757907415416582,2026-09-18T14:33:52.623735,14,474ccba59d18cf70
1757911338749523,2026-09-18T14:33:52.623735,14,474ccba59d18cf70
1757912732082717,2026-09-18T14:33:52.623735,14,474ccba59d18cf70
1757912875416036,2026-09-18T14:33:52.623735,14,474ccba59d18cf70
1757915042082486,2026-09-18T14:33:52.623735,14,474ccba59d18cf70
1757915238749133,2026-09-18T14:33:52.623735,14,474ccba59d18cf70
1757917505415573,2026-09-18T14:33:52.623735,14,474ccba59d18cf70
1757917745415549,2026-09-18T14:33:52.623735,14,474ccba59d18cf70
1757917838748873,2026-09-18T14:33:52.623735,14,474ccba59d18cf70
1757918122082178,2026-09-18T14:33:52.623735,14,474ccba59d18cf70
1757918715415452,2026-09-18T14:33:52.623735,14,474ccba59d18cf70
1757919472082043,2026-09-18T14:33:52.623735,14,474ccba59d18cf70
1757920392081951,2026-09-18T14:33:52.623735,14,474ccba59d18cf70
1757920855415238,2026-09-18T14:33:52.623735,14,474ccba59d18cf70
1757921055415218,2026-09-18T14:33:52.623735,14,474ccba59d18cf70
1757921922081798,2026-09-18T14:33:52.623735,14,474ccba59d18cf70
1757922775415046,2026-09-18T14:33:52.623735,14,474ccba59d18cf70
1757923632081627,2026-09-18T14:33:52.623735,14,474ccba59d18cf70
1757926825414641,2026-09-18T14:33:52.623735,14,474ccba59d18cf70
1757926915414632,2026-09-18T14:33:52.623735,14,474ccba59d18cf70
1757928295414494,2026-09-18T14:33:52.623735,14,474ccba59d18cf70
1757928485414475,2026-09-18T14:33:52.623735,14,474ccba59d18cf70
1757930125414311,2026-09-18T14:33:52.623735,14,474ccba59d18cf70
1757930635414260,2026-09-18T14:33:52.623735,14,474ccba59d18cf70
1757931498747507,2026-09-18T14:33:52.623735,14,474ccba59d18cf70
1757931565414167,2026-09-18T14:33:52.623735,14,474ccba59d18cf70
1757931742080816,2026-09-18T14:33:52.623735,14,474ccba59d18cf70
1757932022080788,2026-09-18T14:33:52.623735,14,474ccba59d18cf70
1757932212080769,2026-09-18T14:33:52.623735,14,474ccba59d18cf70
1757932245414099,2026-09-18T14:33:52.623735,14,474ccba59d18cf70
1757932345414089,2026-09-18T14:33:52.623735,14,474ccba59d18cf70
1757932628747394,2026-09-18T14:33:52.623735,14,474ccba59d18cf70
1757933452080645,2026-09-18T14:33:52.623735,14,474ccba59d18cf70
1757933688747288,2026-09-18T14:33:52.623735,14,474ccba59d18cf70
1757934238747233,2026-09-18T14:33:52.623735,14,474ccba59d18cf70
1757934415413882,2026-09-18T14:33:52.623735,14,474ccba59d18cf70
1757934735413850,2026-09-18T14:33:52.623735,14,474ccba59d18cf70
1757934805413843,2026-09-18T14:33:52.623735,14,474ccba59d18cf70
1757934875413836,2026-09-18T14:33:52.623735,14,474ccba59d18cf70
1757935045413819,2026-09-18T14:33:52.623735,14,474ccba59d18cf70
1757935042080486,2026-09-18T14:33:52.623735,14,474ccba59d18cf70
1757935168747140,2026-09-18T14:33:52.623735,14,474ccba59d18cf70
1757935462080444,2026-09-18T14:33:52.623735,14,474ccba59d18cf70
1757935712080419,2026-09-18T14:33:52.623735,14,474ccba59d18cf70
1757936148747042,2026-09-18T14:33:52.623735,14,474ccba59d18cf70
1757936215413702,2026-09-18T14:33:52.623735,14,474ccba59d18cf70
1757936442080346,2026-09-18T14:33:52.623735,14,474ccba59d18cf70
1757936852080305,2026-09-18T14:33:52.623735,14,474ccba59d18cf70
1757936882080302,2026-09-18T14:33:52.623735,14,474ccba59d18cf70
1757937375413586,2026-09-18T14:33:52.623735,14,474ccba59d18cf70
1757937612080229,2026-09-18T14:33:52.623735,14,474ccba59d18cf70
1757937942080196,2026-09-18T14:33:52.623735,14,474ccba59d18cf70
1757938508746806,2026-09-18T14:33:52.623735,14,474ccba59d18cf70
1757938755413448,2026-09-18T14:33:52.623735,14,474ccba59d18cf70
1757938798746777,2026-09-18T14:33:52.623735,14,474ccba59d18cf70
1757938808746776,2026-09-18T14:33:52.623735,14,474ccba59d18cf70
1757938958746761,2026-09-18T14:33:52.623735,14,474ccba59d18cf70
1757939545413369,2026-09-18T14:33:52.623735,14,474ccba59d18cf70
1757939562080034,2026-09-18T14:33:52.623735,14,474ccba59d18cf70
1757939608746696,2026-09-18T14:33:52.623735,14,474ccba59d18cf70
1757939818746675,2026-09-18T14:33:52.623735,14,474ccba59d18cf70
1757939825413341,2026-09-18T14:33:52.623735,14,474ccba59d18cf70
1757940525413271,2026-09-18T14:33:52.623735,14,474ccba59d18cf70
1757940902079900,2026-09-18T14:33:52.623735,14,474ccba59d18cf70
1757941082079882,2026-09-18T14:33:52.623735,14,474ccba59d18cf70
1757941218746535,2026-09-18T14:33:52.623735,14,474ccba59d18cf70
1757941448746512,2026-09-18T14:33:52.623735,14,474ccba59d18cf70
1757941598746497,2026-09-18T14:33:52.623735,14,474ccba59d18cf70
1757941792079811,2026-09-18T14:33:52.623735,14,474ccba59d18cf70
1757943698746287,2026-09-18T14:33:52.623735,14,474ccba59d18cf70
1757944615412862,2026-09-18T14:33:52.623735,14,474ccba59d18cf70
1757945138746143,2026-09-18T14:33:52.623735,14,474ccba59d18cf70
1757946148746042,2026-09-18T14:33:52.623735,14,474ccba59d18cf70
1757946918745965,2026-09-18T14:33:52.623735,14,474ccba59d18cf70
1757947225412601,2026-09-18T14:33:52.623735,14,474ccba59d18cf70
1757948068745850,2026-09-18T14:33:52.623735,14,474ccba59d18cf70
1757948325412491,2026-09-18T14:33:52.623735,14,474ccba59d18cf70
1757950245412299,2026-09-18T14:33:52.623735,14,474ccba59d18cf70
1757951688745488,2026-09-18T14:33:52.623735,14,474ccba59d18cf70
1758311445376179,2026-09-18T14:33:52.623735,14,474ccba59d18cf70
1758315452042445,2026-09-18T14:33:52.623735,14,474ccba59d18cf70
1758316158709041,2026-09-18T14:33:52.623735,14,474ccba59d18cf70
1758316318709025,2026-09-18T14:33:52.623735,14,474ccba59d18cf70
1758348845372439,2026-09-18T14:33:52.623735,14,474ccba59d18cf70
1758373765369947,2026-09-18T14:33:52.623735,14,474ccba59d18cf70
1758376175369706,2026-09-18T14:33:52.623735,14,474ccba59d18cf70
1758376362036354,2026-09-18T14:33:52.623735,14,474ccba59d18cf70
1758383715368952,2026-09-18T14:33:52.623735,14,474ccba59d18cf70
1758410912032899,2026-09-18T14:33:52.623735,14,474ccba59d18cf70
1758413015366022,2026-09-18T14:33:52.623735,14,474ccba59d18cf70
1758415502032440,2026-09-18T14:33:52.623735,14,474ccba59d18cf70
1758457578694899,2026-09-18T14:33:52.623735,14,474ccba59d18cf70
1758458502028140,2026-09-18T14:33:52.623735,14,474ccba59d18cf70
1758459845361339,2026-09-18T14:33:52.623735,14,474ccba59d18cf70
1758469338693723,2026-09-18T14:33:52.623735,14,474ccba59d18cf70
1758469908693666,2026-09-18T14:33:52.623735,14,474ccba59d18cf70
1758514015355922,2026-09-18T14:33:52.623735,14,474ccba59d18cf70
1758519552022035,2026-09-18T14:33:52.623735,14,474ccba59d18cf70
1758623355344988,2026-09-18T14:33:52.623735,14,474ccba59d18cf70
1758631292010861,2026-09-18T14:33:52.623735,14,474ccba59d18cf70
1758632302010760,2026-09-18T14:33:52.623735,14,474ccba59d18cf70
1758633852010605,2026-09-18T14:33:52.623735,14,474ccba59d18cf70
1758639388676718,2026-09-18T14:33:52.623735,14,474ccba59d18cf70
1758646398676017,2026-09-18T14:33:52.623735,14,474ccba59d18cf70
1758672585340065,2026-09-18T14:33:52.623735,14,474ccba59d18cf70
1758680075339316,2026-09-18T14:33:52.623735,14,474ccba59d18cf70
1758733892000601,2026-09-18T14:33:52.623735,14,474ccba59d18cf70
1758744458666211,2026-09-18T14:33:52.623735,14,474ccba59d18cf70
1758815458659111,2026-09-18T14:33:52.623735,14,474ccba59d18cf70
1759212675286056,2026-09-18T14:33:52.623735,14,474ccba59d18cf70
1759227258617931,2026-09-18T14:33:52.623735,14,474ccba59d18cf70
1759276998612957,2026-09-18T14:33:52.623735,14,474ccba59d18cf70
1758301935377130,2026-09-18T14:33:52.623735,14,474ccba59d18cf70
1758301998710457,2026-09-18T14:33:52.623735,14,474ccba59d18cf70
1758306162043374,2026-09-18T14:33:52.623735,14,474ccba59d18cf70
1758307512043239,2026-09-18T14:33:52.623735,14,474ccba59d18cf70
1758313225376001,2026-09-18T14:33:52.623735,14,474ccba59d18cf70
1758315325375791,2026-09-18T14:33:52.623735,14,474ccba59d18cf70
1758321985375125,2026-09-18T14:33:52.623735,14,474ccba59d18cf70
1758333098707347,2026-09-18T14:33:52.623735,14,474ccba59d18cf70
1758339278706729,2026-09-18T14:33:52.623735,14,474ccba59d18cf70
1758340238706633,2026-09-18T14:33:52.623735,14,474ccba59d18cf70
1758344005372923,2026-09-18T14:33:52.623735,14,474ccba59d18cf70
1758344568706200,2026-09-18T14:33:52.623735,14,474ccba59d18cf70
1758378485369475,2026-09-18T14:33:52.623735,14,474ccba59d18cf70
1758380882035902,2026-09-18T14:33:52.623735,14,474ccba59d18cf70
1758439928696664,2026-09-18T14:33:52.623735,14,474ccba59d18cf70
1758444462029544,2026-09-18T14:33:52.623735,14,474ccba59d18cf70
1758507365356587,2026-09-18T14:33:52.623735,14,474ccba59d18cf70
1758508895356434,2026-09-18T14:33:52.623735,14,474ccba59d18cf70
1758549202019070,2026-09-18T14:33:52.623735,14,474ccba59d18cf70
1758550968685560,2026-09-18T14:33:52.623735,14,474ccba59d18cf70
1758559142018076,2026-09-18T14:33:52.623735,14,474ccba59d18cf70
1758617105345613,2026-09-18T14:33:52.623735,14,474ccba59d18cf70
1758617995345524,2026-09-18T14:33:52.623735,14,474ccba59d18cf70
1758298635377460,2026-09-18T14:33:52.623735,14,474ccba59d18cf70
1758300238710633,2026-09-18T14:33:52.623735,14,474ccba59d18cf70
1758301525377171,2026-09-18T14:33:52.623735,14,474ccba59d18cf70
1758306012043389,2026-09-18T14:33:52.623735,14,474ccba59d18cf70
1758308768709780,2026-09-18T14:33:52.623735,14,474ccba59d18cf70
1758309235376400,2026-09-18T14:33:52.623735,14,474ccba59d18cf70
1758309992042991,2026-09-18T14:33:52.623735,14,474ccba59d18cf70
1758315968709060,2026-09-18T14:33:52.623735,14,474ccba59d18cf70
1758316435375680,2026-09-18T14:33:52.623735,14,474ccba59d18cf70
1758318542042136,2026-09-18T14:33:52.623735,14,474ccba59d18cf70
1758318698708787,2026-09-18T14:33:52.623735,14,474ccba59d18cf70
1758319982041992,2026-09-18T14:33:52.623735,14,474ccba59d18cf70
1758320668708590,2026-09-18T14:33:52.623735,14,474ccba59d18cf70
1758333492040641,2026-09-18T14:33:52.623735,14,474ccba59d18cf70
1758333865373937,2026-09-18T14:33:52.623735,14,474ccba59d18cf70
1758334958707161,2026-09-18T14:33:52.623735,14,474ccba59d18cf70
1758339432040047,2026-09-18T14:33:52.623735,14,474ccba59d18cf70
1758339902040000,2026-09-18T14:33:52.623735,14,474ccba59d18cf70
1758340308706626,2026-09-18T14:33:52.623735,14,474ccba59d18cf70
1758340612039929,2026-09-18T14:33:52.623735,14,474ccba59d18cf70
1758344625372861,2026-09-18T14:33:52.623735,14,474ccba59d18cf70
1758349182039072,2026-09-18T14:33:52.623735,14,474ccba59d18cf70
1758358382038152,2026-09-18T14:33:52.623735,14,474ccba59d18cf70
1758365622037428,2026-09-18T14:33:52.623735,14,474ccba59d18cf70
1758372652036725,2026-09-18T14:33:52.623735,14,474ccba59d18cf70
1758384612035529,2026-09-18T14:33:52.623735,14,474ccba59d18cf70
1758445495362774,2026-09-18T14:33:52.623735,14,474ccba59d18cf70
1758509325356391,2026-09-18T14:33:52.623735,14,474ccba59d18cf70
1758553158685341,2026-09-18T14:33:52.623735,14,474ccba59d18cf70
1759124941961496,2026-09-18T14:33:52.623735,14,474ccba59d18cf70
1758370618703595,2026-09-18T14:33:52.623735,14,474ccba59d18cf70
1758371482036842,2026-09-18T14:33:52.623735,14,474ccba59d18cf70
1758371532036837,2026-09-18T14:33:52.623735,14,474ccba59d18cf70
1758371785370145,2026-09-18T14:33:52.623735,14,474ccba59d18cf70
1758400698700587,2026-09-18T14:33:52.623735,14,474ccba59d18cf70
1758423898698267,2026-09-18T14:33:52.623735,14,474ccba59d18cf70
1758433958697261,2026-09-18T14:33:52.623735,14,474ccba59d18cf70
1758468355360488,2026-09-18T14:33:52.623735,14,474ccba59d18cf70
1758469275360396,2026-09-18T14:33:52.623735,14,474ccba59d18cf70
1758472202026770,2026-09-18T14:33:52.623735,14,474ccba59d18cf70
1758481378692519,2026-09-18T14:33:52.623735,14,474ccba59d18cf70
1758482062025784,2026-09-18T14:33:52.623735,14,474ccba59d18cf70
1758549275352396,2026-09-18T14:33:52.623735,14,474ccba59d18cf70
1758621295345194,2026-09-18T14:33:52.623735,14,474ccba59d18cf70
1758857535321570,2026-09-18T14:33:52.623735,14,474ccba59d18cf70
1758908255316498,2026-09-18T14:33:52.623735,14,474ccba59d18cf70
1758345695372754,2026-09-18T14:33:52.623735,14,474ccba59d18cf70
1758384682035522,2026-09-18T14:33:52.623735,14,474ccba59d18cf70
1758447322029258,2026-09-18T14:33:52.623735,14,474ccba59d18cf70
1758458235361500,2026-09-18T14:33:52.623735,14,474ccba59d18cf70
1758458385361485,2026-09-18T14:33:52.623735,14,474ccba59d18cf70
1758479338692723,2026-09-18T14:33:52.623735,14,474ccba59d18cf70
1758480272025963,2026-09-18T14:33:52.623735,14,474ccba59d18cf70
1759300958610561,2026-09-18T14:33:52.623735,14,474ccba59d18cf70
1758491222024868,2026-09-18T14:33:52.623735,14,474ccba59d18cf70
1758463945360929,2026-09-18T14:33:52.623735,14,474ccba59d18cf70
1758464265360897,2026-09-18T14:33:52.623735,14,474ccba59d18cf70
1758464498694207,2026-09-18T14:33:52.623735,14,474ccba59d18cf70
1758464945360829,2026-09-18T14:33:52.623735,14,474ccba59d18cf70
1758466322027358,2026-09-18T14:33:52.623735,14,474ccba59d18cf70
1758531108687546,2026-09-18T14:33:52.623735,14,474ccba59d18cf70
1758445508696106,2026-09-18T14:33:52.623735,14,474ccba59d18cf70
1758447355362588,2026-09-18T14:33:52.623735,14,474ccba59d18cf70
1758452608695396,2026-09-18T14:33:52.623735,14,474ccba59d18cf70
1758452922028698,2026-09-18T14:33:52.623735,14,474ccba59d18cf70
1758463318694325,2026-09-18T14:33:52.623735,14,474ccba59d18cf70
1758466168694040,2026-09-18T14:33:52.623735,14,474ccba59d18cf70
1758468392027151,2026-09-18T14:33:52.623735,14,474ccba59d18cf70
1758474085359915,2026-09-18T14:33:52.623735,14,474ccba59d18cf70
1758503222023668,2026-09-18T14:33:52.623735,14,474ccba59d18cf70
1758547148685942,2026-09-18T14:33:52.623735,14,474ccba59d18cf70
1758659032008087,2026-09-18T14:33:52.623735,14,474ccba59d18cf70
1758660025341321,2026-09-18T14:33:52.623735,14,474ccba59d18cf70
1758661758674481,2026-09-18T14:33:52.623735,14,474ccba59d18cf70
1758661958674461,2026-09-18T14:33:52.623735,14,474ccba59d18cf70
1758662925341031,2026-09-18T14:33:52.623735,14,474ccba59d18cf70
1758664948674162,2026-09-18T14:33:52.623735,14,474ccba59d18cf70
1758667435340580,2026-09-18T14:33:52.623735,14,474ccba59d18cf70
1758668078673849,2026-09-18T14:33:52.623735,14,474ccba59d18cf70
1758668532007137,2026-09-18T14:33:52.623735,14,474ccba59d18cf70
1758669448673712,2026-09-18T14:33:52.623735,14,474ccba59d18cf70
1758670342006956,2026-09-18T14:33:52.623735,14,474ccba59d18cf70
1758670852006905,2026-09-18T14:33:52.623735,14,474ccba59d18cf70
1758671885340135,2026-09-18T14:33:52.623735,14,474ccba59d18cf70
1758672408673416,2026-09-18T14:33:52.623735,14,474ccba59d18cf70
1758672595340064,2026-09-18T14:33:52.623735,14,474ccba59d18cf70
1758672848673372,2026-09-18T14:33:52.623735,14,474ccba59d18cf70
1758673522006638,2026-09-18T14:33:52.623735,14,474ccba59d18cf70
1758675212006469,2026-09-18T14:33:52.623735,14,474ccba59d18cf70
1758676142006376,2026-09-18T14:33:52.623735,14,474ccba59d18cf70
1758676465339677,2026-09-18T14:33:52.623735,14,474ccba59d18cf70
1758676822006308,2026-09-18T14:33:52.623735,14,474ccba59d18cf70
1758677735339550,2026-09-18T14:33:52.623735,14,474ccba59d18cf70
1758677828672874,2026-09-18T14:33:52.623735,14,474ccba59d18cf70
1758681635339160,2026-09-18T14:33:52.623735,14,474ccba59d18cf70
1758683125339011,2026-09-18T14:33:52.623735,14,474ccba59d18cf70
1758683295338994,2026-09-18T14:33:52.623735,14,474ccba59d18cf70
1758684932005497,2026-09-18T14:33:52.623735,14,474ccba59d18cf70
1758690632004927,2026-09-18T14:33:52.623735,14,474ccba59d18cf70
1758691302004860,2026-09-18T14:33:52.623735,14,474ccba59d18cf70
1758699718670685,2026-09-18T14:33:52.623735,14,474ccba59d18cf70
1758700932003897,2026-09-18T14:33:52.623735,14,474ccba59d18cf70
1758701705337153,2026-09-18T14:33:52.623735,14,474ccba59d18cf70
1758703048670352,2026-09-18T14:33:52.623735,14,474ccba59d18cf70
1758703162003674,2026-09-18T14:33:52.623735,14,474ccba59d18cf70
1758704002003590,2026-09-18T14:33:52.623735,14,474ccba59d18cf70
1758704358670221,2026-09-18T14:33:52.623735,14,474ccba59d18cf70
1758705518670105,2026-09-18T14:33:52.623735,14,474ccba59d18cf70
1758716085335715,2026-09-18T14:33:52.623735,14,474ccba59d18cf70
1758721875335136,2026-09-18T14:33:52.623735,14,474ccba59d18cf70
1758725318668125,2026-09-18T14:33:52.623735,14,474ccba59d18cf70
1758732345334089,2026-09-18T14:33:52.623735,14,474ccba59d18cf70
1758733322000658,2026-09-18T14:33:52.623735,14,474ccba59d18cf70
1758733508667306,2026-09-18T14:33:52.623735,14,474ccba59d18cf70
1758733872000603,2026-09-18T14:33:52.623735,14,474ccba59d18cf70
1758735632000427,2026-09-18T14:33:52.623735,14,474ccba59d18cf70
1758735842000406,2026-09-18T14:33:52.623735,14,474ccba59d18cf70
1758736832000307,2026-09-18T14:33:52.623735,14,474ccba59d18cf70
1758737222000268,2026-09-18T14:33:52.623735,14,474ccba59d18cf70
1758738468666810,2026-09-18T14:33:52.623735,14,474ccba59d18cf70
1758739278666729,2026-09-18T14:33:52.623735,14,474ccba59d18cf70
1758744348666222,2026-09-18T14:33:52.623735,14,474ccba59d18cf70
1758751311998859,2026-09-18T14:33:52.623735,14,474ccba59d18cf70
1758755118665145,2026-09-18T14:33:52.623735,14,474ccba59d18cf70
1758755248665132,2026-09-18T14:33:52.623735,14,474ccba59d18cf70
1758756055331718,2026-09-18T14:33:52.623735,14,474ccba59d18cf70
1758777951996195,2026-09-18T14:33:52.623735,14,474ccba59d18cf70
1758806235326700,2026-09-18T14:33:52.623735,14,474ccba59d18cf70
1758849121989078,2026-09-18T14:33:52.623735,14,474ccba59d18cf70
1758855841988406,2026-09-18T14:33:52.623735,14,474ccba59d18cf70
1758859805321343,2026-09-18T14:33:52.623735,14,474ccba59d18cf70
1758870195320304,2026-09-18T14:33:52.623735,14,474ccba59d18cf70
1759218815285442,2026-09-18T14:33:52.623735,14,474ccba59d18cf70
1759238071950183,2026-09-18T14:33:52.623735,14,474ccba59d18cf70
1759321311941859,2026-09-18T14:33:52.623735,14,474ccba59d18cf70
1758465318694125,2026-09-18T14:33:52.623735,14,474ccba59d18cf70
1758465502027440,2026-09-18T14:33:52.623735,14,474ccba59d18cf70
1758466435360680,2026-09-18T14:33:52.623735,14,474ccba59d18cf70
1758467095360614,2026-09-18T14:33:52.623735,14,474ccba59d18cf70
1758468265360497,2026-09-18T14:33:52.623735,14,474ccba59d18cf70
1758468492027141,2026-09-18T14:33:52.623735,14,474ccba59d18cf70
1758468712027119,2026-09-18T14:33:52.623735,14,474ccba59d18cf70
1758469252027065,2026-09-18T14:33:52.623735,14,474ccba59d18cf70
1758472158693441,2026-09-18T14:33:52.623735,14,474ccba59d18cf70
1758475705359753,2026-09-18T14:33:52.623735,14,474ccba59d18cf70
1758475788693078,2026-09-18T14:33:52.623735,14,474ccba59d18cf70
1758476265359697,2026-09-18T14:33:52.623735,14,474ccba59d18cf70
1758478055359518,2026-09-18T14:33:52.623735,14,474ccba59d18cf70
1758478395359484,2026-09-18T14:33:52.623735,14,474ccba59d18cf70
1758500812023909,2026-09-18T14:33:52.623735,14,474ccba59d18cf70
1758505405356783,2026-09-18T14:33:52.623735,14,474ccba59d18cf70
1758656028675054,2026-09-18T14:33:52.623735,14,474ccba59d18cf70
1759133205294003,2026-09-18T14:33:52.623735,14,474ccba59d18cf70
1758663155341008,2026-09-18T14:33:52.623735,14,474ccba59d18cf70
1758664428674214,2026-09-18T14:33:52.623735,14,474ccba59d18cf70
1758667365340587,2026-09-18T14:33:52.623735,14,474ccba59d18cf70
1758668122007178,2026-09-18T14:33:52.623735,14,474ccba59d18cf70
1758668288673828,2026-09-18T14:33:52.623735,14,474ccba59d18cf70
1758668465340477,2026-09-18T14:33:52.623735,14,474ccba59d18cf70
1758678425339481,2026-09-18T14:33:52.623735,14,474ccba59d18cf70
1758684558672201,2026-09-18T14:33:52.623735,14,474ccba59d18cf70
1758692162004774,2026-09-18T14:33:52.623735,14,474ccba59d18cf70
1758708748669782,2026-09-18T14:33:52.623735,14,474ccba59d18cf70
1758711865336137,2026-09-18T14:33:52.623735,14,474ccba59d18cf70
1758725055334818,2026-09-18T14:33:52.623735,14,474ccba59d18cf70
1758727262001264,2026-09-18T14:33:52.623735,14,474ccba59d18cf70
1758730495334274,2026-09-18T14:33:52.623735,14,474ccba59d18cf70
1758747958665861,2026-09-18T14:33:52.623735,14,474ccba59d18cf70
1758756948664962,2026-09-18T14:33:52.623735,14,474ccba59d18cf70
1758784998662157,2026-09-18T14:33:52.623735,14,474ccba59d18cf70
1758791418661515,2026-09-18T14:33:52.623735,14,474ccba59d18cf70
1758792441994746,2026-09-18T14:33:52.623735,14,474ccba59d18cf70
1758793025328021,2026-09-18T14:33:52.623735,14,474ccba59d18cf70
1758793758661281,2026-09-18T14:33:52.623735,14,474ccba59d18cf70
1758794201994570,2026-09-18T14:33:52.623735,14,474ccba59d18cf70
1758797881994202,2026-09-18T14:33:52.623735,14,474ccba59d18cf70
1758798591994131,2026-09-18T14:33:52.623735,14,474ccba59d18cf70
1758822758658381,2026-09-18T14:33:52.623735,14,474ccba59d18cf70
1758826685324655,2026-09-18T14:33:52.623735,14,474ccba59d18cf70
1758846858655971,2026-09-18T14:33:52.623735,14,474ccba59d18cf70
1758848638655793,2026-09-18T14:33:52.623735,14,474ccba59d18cf70
1758877291986261,2026-09-18T14:33:52.623735,14,474ccba59d18cf70
1758878255319498,2026-09-18T14:33:52.623735,14,474ccba59d18cf70
1758883681985622,2026-09-18T14:33:52.623735,14,474ccba59d18cf70
1758887201985270,2026-09-18T14:33:52.623735,14,474ccba59d18cf70
1758889865318337,2026-09-18T14:33:52.623735,14,474ccba59d18cf70
1759060368634620,2026-09-18T14:33:52.623735,14,474ccba59d18cf70
1759090985298225,2026-09-18T14:33:52.623735,14,474ccba59d18cf70
1758662692007721,2026-09-18T14:33:52.623735,14,474ccba59d18cf70
1758663545340969,2026-09-18T14:33:52.623735,14,474ccba59d18cf70
1758665288674128,2026-09-18T14:33:52.623735,14,474ccba59d18cf70
1758667312007259,2026-09-18T14:33:52.623735,14,474ccba59d18cf70
1758687698671887,2026-09-18T14:33:52.623735,14,474ccba59d18cf70
1758699608670696,2026-09-18T14:33:52.623735,14,474ccba59d18cf70
1758700515337272,2026-09-18T14:33:52.623735,14,474ccba59d18cf70
1758701508670506,2026-09-18T14:33:52.623735,14,474ccba59d18cf70
1758715498669107,2026-09-18T14:33:52.623735,14,474ccba59d18cf70
1758716998668957,2026-09-18T14:33:52.623735,14,474ccba59d18cf70
1758720972001893,2026-09-18T14:33:52.623735,14,474ccba59d18cf70
1758724862001504,2026-09-18T14:33:52.623735,14,474ccba59d18cf70
1758727945334529,2026-09-18T14:33:52.623735,14,474ccba59d18cf70
1758728268667830,2026-09-18T14:33:52.623735,14,474ccba59d18cf70
1758751231998867,2026-09-18T14:33:52.623735,14,474ccba59d18cf70
1758857091988281,2026-09-18T14:33:52.623735,14,474ccba59d18cf70
1758914998649157,2026-09-18T14:33:52.623735,14,474ccba59d18cf70
1758980398642617,2026-09-18T14:33:52.623735,14,474ccba59d18cf70
1759155988625058,2026-09-18T14:33:52.623735,14,474ccba59d18cf70
1759156995291624,2026-09-18T14:33:52.623735,14,474ccba59d18cf70
1759184711955519,2026-09-18T14:33:52.623735,14,474ccba59d18cf70
1759195548621102,2026-09-18T14:33:52.623735,14,474ccba59d18cf70
1759196608620996,2026-09-18T14:33:52.623735,14,474ccba59d18cf70
1759237455283578,2026-09-18T14:33:52.623735,14,474ccba59d18cf70
1759247861949204,2026-09-18T14:33:52.623735,14,474ccba59d18cf70
1759364205270903,2026-09-18T14:33:52.623735,14,474ccba59d18cf70
1758690088671648,2026-09-18T14:33:52.623735,14,474ccba59d18cf70
1758699825337341,2026-09-18T14:33:52.623735,14,474ccba59d18cf70
1758700232003967,2026-09-18T14:33:52.623735,14,474ccba59d18cf70
1758701922003798,2026-09-18T14:33:52.623735,14,474ccba59d18cf70
1758711028669554,2026-09-18T14:33:52.623735,14,474ccba59d18cf70
1758717692002221,2026-09-18T14:33:52.623735,14,474ccba59d18cf70
1758721612001829,2026-09-18T14:33:52.623735,14,474ccba59d18cf70
1758749301999060,2026-09-18T14:33:52.623735,14,474ccba59d18cf70
1758764098664247,2026-09-18T14:33:52.623735,14,474ccba59d18cf70
1758764575330866,2026-09-18T14:33:52.623735,14,474ccba59d18cf70
1758833928657264,2026-09-18T14:33:52.623735,14,474ccba59d18cf70
1758836585323665,2026-09-18T14:33:52.623735,14,474ccba59d18cf70
1758837018656955,2026-09-18T14:33:52.623735,14,474ccba59d18cf70
1758838511990139,2026-09-18T14:33:52.623735,14,474ccba59d18cf70
1758840978656559,2026-09-18T14:33:52.623735,14,474ccba59d18cf70
1759107258629931,2026-09-18T14:33:52.623735,14,474ccba59d18cf70
1759187941955196,2026-09-18T14:33:52.623735,14,474ccba59d18cf70
1759188188621838,2026-09-18T14:33:52.623735,14,474ccba59d18cf70
1759189521955038,2026-09-18T14:33:52.623735,14,474ccba59d18cf70
1759270465280277,2026-09-18T14:33:52.623735,14,474ccba59d18cf70
1759317408608916,2026-09-18T14:33:52.623735,14,474ccba59d18cf70
1759368528603804,2026-09-18T14:33:52.623735,14,474ccba59d18cf70
1759156171958373,2026-09-18T14:33:52.623735,14,474ccba59d18cf70
1759177015289622,2026-09-18T14:33:52.623735,14,474ccba59d18cf70
1759212365286087,2026-09-18T14:33:52.623735,14,474ccba59d18cf70
1759368068603850,2026-09-18T14:33:52.623735,14,474ccba59d18cf70
1759372568603400,2026-09-18T14:33:52.623735,14,474ccba59d18cf70
1759373471936643,2026-09-18T14:33:52.623735,14,474ccba59d18cf70
1759463888594268,2026-09-18T14:33:52.623735,14,474ccba59d18cf70
1759490115258312,2026-09-18T14:33:52.623735,14,474ccba59d18cf70
1759490671924923,2026-09-18T14:33:52.623735,14,474ccba59d18cf70
1759535518587105,2026-09-18T14:33:52.623735,14,474ccba59d18cf70
1758502132023777,2026-09-18T14:33:52.623735,14,474ccba59d18cf70
1758504812023509,2026-09-18T14:33:52.623735,14,474ccba59d18cf70
1758505805356743,2026-09-18T14:33:52.623735,14,474ccba59d18cf70
1758506402023350,2026-09-18T14:33:52.623735,14,474ccba59d18cf70
1758508792023111,2026-09-18T14:33:52.623735,14,474ccba59d18cf70
1758508988689758,2026-09-18T14:33:52.623735,14,474ccba59d18cf70
1758509985356325,2026-09-18T14:33:52.623735,14,474ccba59d18cf70
1758510822022908,2026-09-18T14:33:52.623735,14,474ccba59d18cf70
1758511122022878,2026-09-18T14:33:52.623735,14,474ccba59d18cf70
1758511992022791,2026-09-18T14:33:52.623735,14,474ccba59d18cf70
1758514002022590,2026-09-18T14:33:52.623735,14,474ccba59d18cf70
1758515538689103,2026-09-18T14:33:52.623735,14,474ccba59d18cf70
1758519102022080,2026-09-18T14:33:52.623735,14,474ccba59d18cf70
1758521195355204,2026-09-18T14:33:52.623735,14,474ccba59d18cf70
1758521518688505,2026-09-18T14:33:52.623735,14,474ccba59d18cf70
1758523178688339,2026-09-18T14:33:52.623735,14,474ccba59d18cf70
1758528462021144,2026-09-18T14:33:52.623735,14,474ccba59d18cf70
1758531885354135,2026-09-18T14:33:52.623735,14,474ccba59d18cf70
1758532255354098,2026-09-18T14:33:52.623735,14,474ccba59d18cf70
1758532565354067,2026-09-18T14:33:52.623735,14,474ccba59d18cf70
1758542455353078,2026-09-18T14:33:52.623735,14,474ccba59d18cf70
1758565988684058,2026-09-18T14:33:52.623735,14,474ccba59d18cf70
1758582835349040,2026-09-18T14:33:52.623735,14,474ccba59d18cf70
1758594058681251,2026-09-18T14:33:52.623735,14,474ccba59d18cf70
1758595558681101,2026-09-18T14:33:52.623735,14,474ccba59d18cf70
1758601828680474,2026-09-18T14:33:52.623735,14,474ccba59d18cf70
1758605065346817,2026-09-18T14:33:52.623735,14,474ccba59d18cf70
1758606412013349,2026-09-18T14:33:52.623735,14,474ccba59d18cf70
1758620542011936,2026-09-18T14:33:52.623735,14,474ccba59d18cf70
1758622628678394,2026-09-18T14:33:52.623735,14,474ccba59d18cf70
1758623322011658,2026-09-18T14:33:52.623735,14,474ccba59d18cf70
1758637255343598,2026-09-18T14:33:52.623735,14,474ccba59d18cf70
1758655835341740,2026-09-18T14:33:52.623735,14,474ccba59d18cf70
1758687032005287,2026-09-18T14:33:52.623735,14,474ccba59d18cf70
1758710675336256,2026-09-18T14:33:52.623735,14,474ccba59d18cf70
1758747798665877,2026-09-18T14:33:52.623735,14,474ccba59d18cf70
1758755008665156,2026-09-18T14:33:52.623735,14,474ccba59d18cf70
1758756091998381,2026-09-18T14:33:52.623735,14,474ccba59d18cf70
1758781401995850,2026-09-18T14:33:52.623735,14,474ccba59d18cf70
1758811941992796,2026-09-18T14:33:52.623735,14,474ccba59d18cf70
1758819218658735,2026-09-18T14:33:52.623735,14,474ccba59d18cf70
1758845501989440,2026-09-18T14:33:52.623735,14,474ccba59d18cf70
1758845508656106,2026-09-18T14:33:52.623735,14,474ccba59d18cf70
1758847291989261,2026-09-18T14:33:52.623735,14,474ccba59d18cf70
1759119838628673,2026-09-18T14:33:52.623735,14,474ccba59d18cf70
1759134745293849,2026-09-18T14:33:52.623735,14,474ccba59d18cf70
1759229068617750,2026-09-18T14:33:52.623735,14,474ccba59d18cf70
1759242891949701,2026-09-18T14:33:52.623735,14,474ccba59d18cf70
1759245431949447,2026-09-18T14:33:52.623735,14,474ccba59d18cf70
1759259351948055,2026-09-18T14:33:52.623735,14,474ccba59d18cf70
1759275008613156,2026-09-18T14:33:52.623735,14,474ccba59d18cf70
1759287675278556,2026-09-18T14:33:52.623735,14,474ccba59d18cf70
1759320388608618,2026-09-18T14:33:52.623735,14,474ccba59d18cf70
1759323331941657,2026-09-18T14:33:52.623735,14,474ccba59d18cf70
1759373768603280,2026-09-18T14:33:52.623735,14,474ccba59d18cf70
1759401718600485,2026-09-18T14:33:52.623735,14,474ccba59d18cf70
1759402258600431,2026-09-18T14:33:52.623735,14,474ccba59d18cf70
1759402581933732,2026-09-18T14:33:52.623735,14,474ccba59d18cf70
1759410548599602,2026-09-18T14:33:52.623735,14,474ccba59d18cf70
1759414061932584,2026-09-18T14:33:52.623735,14,474ccba59d18cf70
1759446201929370,2026-09-18T14:33:52.623735,14,474ccba59d18cf70
1759508921923098,2026-09-18T14:33:52.623735,14,474ccba59d18cf70
1759528648587792,2026-09-18T14:33:52.623735,14,474ccba59d18cf70
1759608458579811,2026-09-18T14:33:52.623735,14,474ccba59d18cf70
1759626435244680,2026-09-18T14:33:52.623735,14,474ccba59d18cf70
1759659095241414,2026-09-18T14:33:52.623735,14,474ccba59d18cf70
1758663715340952,2026-09-18T14:33:52.623735,14,474ccba59d18cf70
1758667065340617,2026-09-18T14:33:52.623735,14,474ccba59d18cf70
1758718288668828,2026-09-18T14:33:52.623735,14,474ccba59d18cf70
1758725145334809,2026-09-18T14:33:52.623735,14,474ccba59d18cf70
1758728625334461,2026-09-18T14:33:52.623735,14,474ccba59d18cf70
1758758611998129,2026-09-18T14:33:52.623735,14,474ccba59d18cf70
1758788425328481,2026-09-18T14:33:52.623735,14,474ccba59d18cf70
1758842815323042,2026-09-18T14:33:52.623735,14,474ccba59d18cf70
1758843845322939,2026-09-18T14:33:52.623735,14,474ccba59d18cf70
1758856311988359,2026-09-18T14:33:52.623735,14,474ccba59d18cf70
1758862655321058,2026-09-18T14:33:52.623735,14,474ccba59d18cf70
1758893861984604,2026-09-18T14:33:52.623735,14,474ccba59d18cf70
1758896445317679,2026-09-18T14:33:52.623735,14,474ccba59d18cf70
1758657728674884,2026-09-18T14:33:52.623735,14,474ccba59d18cf70
1758660322007958,2026-09-18T14:33:52.623735,14,474ccba59d18cf70
1758666775340646,2026-09-18T14:33:52.623735,14,474ccba59d18cf70
1758671112006879,2026-09-18T14:33:52.623735,14,474ccba59d18cf70
1758672202006770,2026-09-18T14:33:52.623735,14,474ccba59d18cf70
1758679002006090,2026-09-18T14:33:52.623735,14,474ccba59d18cf70
1758679602006030,2026-09-18T14:33:52.623735,14,474ccba59d18cf70
1758685818672075,2026-09-18T14:33:52.623735,14,474ccba59d18cf70
1758703725336951,2026-09-18T14:33:52.623735,14,474ccba59d18cf70
1758704075336916,2026-09-18T14:33:52.623735,14,474ccba59d18cf70
1758709388669718,2026-09-18T14:33:52.623735,14,474ccba59d18cf70
1758709722003018,2026-09-18T14:33:52.623735,14,474ccba59d18cf70
1758714172002573,2026-09-18T14:33:52.623735,14,474ccba59d18cf70
1758714688669188,2026-09-18T14:33:52.623735,14,474ccba59d18cf70
1758714795335844,2026-09-18T14:33:52.623735,14,474ccba59d18cf70
1758719712002019,2026-09-18T14:33:52.623735,14,474ccba59d18cf70
1758721172001873,2026-09-18T14:33:52.623735,14,474ccba59d18cf70
1758721815335142,2026-09-18T14:33:52.623735,14,474ccba59d18cf70
1758723312001659,2026-09-18T14:33:52.623735,14,474ccba59d18cf70
1758755488665108,2026-09-18T14:33:52.623735,14,474ccba59d18cf70
1758791528661504,2026-09-18T14:33:52.623735,14,474ccba59d18cf70
1758796111994379,2026-09-18T14:33:52.623735,14,474ccba59d18cf70
1758859501988040,2026-09-18T14:33:52.623735,14,474ccba59d18cf70
1759173148623342,2026-09-18T14:33:52.623735,14,474ccba59d18cf70
1759176715289652,2026-09-18T14:33:52.623735,14,474ccba59d18cf70
1759201681953822,2026-09-18T14:33:52.623735,14,474ccba59d18cf70
1759232071950783,2026-09-18T14:33:52.623735,14,474ccba59d18cf70
1759241018616555,2026-09-18T14:33:52.623735,14,474ccba59d18cf70
1759427068597950,2026-09-18T14:33:52.623735,14,474ccba59d18cf70
1758664415340882,2026-09-18T14:33:52.623735,14,474ccba59d18cf70
1758675918673065,2026-09-18T14:33:52.623735,14,474ccba59d18cf70
1758677122006278,2026-09-18T14:33:52.623735,14,474ccba59d18cf70
1758705308670126,2026-09-18T14:33:52.623735,14,474ccba59d18cf70
1758707118669945,2026-09-18T14:33:52.623735,14,474ccba59d18cf70
1758710542002936,2026-09-18T14:33:52.623735,14,474ccba59d18cf70
1758722505335073,2026-09-18T14:33:52.623735,14,474ccba59d18cf70
1758757261998264,2026-09-18T14:33:52.623735,14,474ccba59d18cf70
1758778991996091,2026-09-18T14:33:52.623735,14,474ccba59d18cf70
1758779985329325,2026-09-18T14:33:52.623735,14,474ccba59d18cf70
1758804288660228,2026-09-18T14:33:52.623735,14,474ccba59d18cf70
1758849911988999,2026-09-18T14:33:52.623735,14,474ccba59d18cf70
1758850045322319,2026-09-18T14:33:52.623735,14,474ccba59d18cf70
1758854905321833,2026-09-18T14:33:52.623735,14,474ccba59d18cf70
1758927731981217,2026-09-18T14:33:52.623735,14,474ccba59d18cf70
1759478975259426,2026-09-18T14:33:52.623735,14,474ccba59d18cf70
1759625888578068,2026-09-18T14:33:52.623735,14,474ccba59d18cf70
1758664025340921,2026-09-18T14:33:52.623735,14,474ccba59d18cf70
1758666462007344,2026-09-18T14:33:52.623735,14,474ccba59d18cf70
1758670645340259,2026-09-18T14:33:52.623735,14,474ccba59d18cf70
1758674508673206,2026-09-18T14:33:52.623735,14,474ccba59d18cf70
1758677965339527,2026-09-18T14:33:52.623735,14,474ccba59d18cf70
1758681492005841,2026-09-18T14:33:52.623735,14,474ccba59d18cf70
1758681778672479,2026-09-18T14:33:52.623735,14,474ccba59d18cf70
1758708258669831,2026-09-18T14:33:52.623735,14,474ccba59d18cf70
1758716068669050,2026-09-18T14:33:52.623735,14,474ccba59d18cf70
1758716218669035,2026-09-18T14:33:52.623735,14,474ccba59d18cf70
1758716252002365,2026-09-18T14:33:52.623735,14,474ccba59d18cf70
1758726178668039,2026-09-18T14:33:52.623735,14,474ccba59d18cf70
1758757611998229,2026-09-18T14:33:52.623735,14,474ccba59d18cf70
1758803445326979,2026-09-18T14:33:52.623735,14,474ccba59d18cf70
1758804498660207,2026-09-18T14:33:52.623735,14,474ccba59d18cf70
1758849865322337,2026-09-18T14:33:52.623735,14,474ccba59d18cf70
1759064178634239,2026-09-18T14:33:52.623735,14,474ccba59d18cf70
1759123135295010,2026-09-18T14:33:52.623735,14,474ccba59d18cf70
1759475838593073,2026-09-18T14:33:52.623735,14,474ccba59d18cf70
1759476671926323,2026-09-18T14:33:52.623735,14,474ccba59d18cf70
1759146368626020,2026-09-18T14:33:52.623735,14,474ccba59d18cf70
1759146548626002,2026-09-18T14:33:52.623735,14,474ccba59d18cf70
1759161288624528,2026-09-18T14:33:52.623735,14,474ccba59d18cf70
1759161868624470,2026-09-18T14:33:52.623735,14,474ccba59d18cf70
1759174375289886,2026-09-18T14:33:52.623735,14,474ccba59d18cf70
1759177928622864,2026-09-18T14:33:52.623735,14,474ccba59d18cf70
1759179625289361,2026-09-18T14:33:52.623735,14,474ccba59d18cf70
1759200175287306,2026-09-18T14:33:52.623735,14,474ccba59d18cf70
1759212111952779,2026-09-18T14:33:52.623735,14,474ccba59d18cf70
1759248345282489,2026-09-18T14:33:52.623735,14,474ccba59d18cf70
1759258421948148,2026-09-18T14:33:52.623735,14,474ccba59d18cf70
1759265821947408,2026-09-18T14:33:52.623735,14,474ccba59d18cf70
1759336481940342,2026-09-18T14:33:52.623735,14,474ccba59d18cf70
1759430278597629,2026-09-18T14:33:52.623735,14,474ccba59d18cf70
1759483245258999,2026-09-18T14:33:52.623735,14,474ccba59d18cf70
1759606925246631,2026-09-18T14:33:52.623735,14,474ccba59d18cf70
1759170928623564,2026-09-18T14:33:52.623735,14,474ccba59d18cf70
1759176441956346,2026-09-18T14:33:52.623735,14,474ccba59d18cf70
1759179938622663,2026-09-18T14:33:52.623735,14,474ccba59d18cf70
1759183508622306,2026-09-18T14:33:52.623735,14,474ccba59d18cf70
1759203285286995,2026-09-18T14:33:52.623735,14,474ccba59d18cf70
1759205021953488,2026-09-18T14:33:52.623735,14,474ccba59d18cf70
1759265225280801,2026-09-18T14:33:52.623735,14,474ccba59d18cf70
1759266505280673,2026-09-18T14:33:52.623735,14,474ccba59d18cf70
1759300415277282,2026-09-18T14:33:52.623735,14,474ccba59d18cf70
1759432401930750,2026-09-18T14:33:52.623735,14,474ccba59d18cf70
1759466551927335,2026-09-18T14:33:52.623735,14,474ccba59d18cf70
1759628475244476,2026-09-18T14:33:52.623735,14,474ccba59d18cf70
1759167068623950,2026-09-18T14:33:52.623735,14,474ccba59d18cf70
1759171875290136,2026-09-18T14:33:52.623735,14,474ccba59d18cf70
1759175458623111,2026-09-18T14:33:52.623735,14,474ccba59d18cf70
1759180168622640,2026-09-18T14:33:52.623735,14,474ccba59d18cf70
1759186451955345,2026-09-18T14:33:52.623735,14,474ccba59d18cf70
1759206281953362,2026-09-18T14:33:52.623735,14,474ccba59d18cf70
1759220768618580,2026-09-18T14:33:52.623735,14,474ccba59d18cf70
1759233205284003,2026-09-18T14:33:52.623735,14,474ccba59d18cf70
1759241768616480,2026-09-18T14:33:52.623735,14,474ccba59d18cf70
1759145715292752,2026-09-18T14:33:52.623735,14,474ccba59d18cf70
1759154888625168,2026-09-18T14:33:52.623735,14,474ccba59d18cf70
1759160651957925,2026-09-18T14:33:52.623735,14,474ccba59d18cf70
1759161508624506,2026-09-18T14:33:52.623735,14,474ccba59d18cf70
1759161878624469,2026-09-18T14:33:52.623735,14,474ccba59d18cf70
1759171755290148,2026-09-18T14:33:52.623735,14,474ccba59d18cf70
1759171995290124,2026-09-18T14:33:52.623735,14,474ccba59d18cf70
1759177355289588,2026-09-18T14:33:52.623735,14,474ccba59d18cf70
1759177448622912,2026-09-18T14:33:52.623735,14,474ccba59d18cf70
1759177925289531,2026-09-18T14:33:52.623735,14,474ccba59d18cf70
1759180238622633,2026-09-18T14:33:52.623735,14,474ccba59d18cf70
1759180811955909,2026-09-18T14:33:52.623735,14,474ccba59d18cf70
1759266275280696,2026-09-18T14:33:52.623735,14,474ccba59d18cf70
1759332021940788,2026-09-18T14:33:52.623735,14,474ccba59d18cf70
1759387988601858,2026-09-18T14:33:52.623735,14,474ccba59d18cf70
1759390775268246,2026-09-18T14:33:52.623735,14,474ccba59d18cf70
1759407565266567,2026-09-18T14:33:52.623735,14,474ccba59d18cf70
1759456958594961,2026-09-18T14:33:52.623735,14,474ccba59d18cf70
1759475591926431,2026-09-18T14:33:52.623735,14,474ccba59d18cf70
1759628028577854,2026-09-18T14:33:52.623735,14,474ccba59d18cf70
1759636861910304,2026-09-18T14:33:52.623735,14,474ccba59d18cf70
1759155308625126,2026-09-18T14:33:52.623735,14,474ccba59d18cf70
1759160445291279,2026-09-18T14:33:52.623735,14,474ccba59d18cf70
1759161631957827,2026-09-18T14:33:52.623735,14,474ccba59d18cf70
1759165188624138,2026-09-18T14:33:52.623735,14,474ccba59d18cf70
1759167558623901,2026-09-18T14:33:52.623735,14,474ccba59d18cf70
1759168308623826,2026-09-18T14:33:52.623735,14,474ccba59d18cf70
1759181611955829,2026-09-18T14:33:52.623735,14,474ccba59d18cf70
1759184901955500,2026-09-18T14:33:52.623735,14,474ccba59d18cf70
1759239365283387,2026-09-18T14:33:52.623735,14,474ccba59d18cf70
1759261495281174,2026-09-18T14:33:52.623735,14,474ccba59d18cf70
1759411788599478,2026-09-18T14:33:52.623735,14,474ccba59d18cf70
1759632951910695,2026-09-18T14:33:52.623735,14,474ccba59d18cf70
1759146345292689,2026-09-18T14:33:52.623735,14,474ccba59d18cf70
1759148528625804,2026-09-18T14:33:52.623735,14,474ccba59d18cf70
1759153501958640,2026-09-18T14:33:52.623735,14,474ccba59d18cf70
1759155378625119,2026-09-18T14:33:52.623735,14,474ccba59d18cf70
1759156641958326,2026-09-18T14:33:52.623735,14,474ccba59d18cf70
1759159908624666,2026-09-18T14:33:52.623735,14,474ccba59d18cf70
1759161265291197,2026-09-18T14:33:52.623735,14,474ccba59d18cf70
1759161915291132,2026-09-18T14:33:52.623735,14,474ccba59d18cf70
1759168631957127,2026-09-18T14:33:52.623735,14,474ccba59d18cf70
1759170095290314,2026-09-18T14:33:52.623735,14,474ccba59d18cf70
1759181225289201,2026-09-18T14:33:52.623735,14,474ccba59d18cf70
1759198125287511,2026-09-18T14:33:52.623735,14,474ccba59d18cf70
1759214891952501,2026-09-18T14:33:52.623735,14,474ccba59d18cf70
1759240641949926,2026-09-18T14:33:52.623735,14,474ccba59d18cf70
1759248968615760,2026-09-18T14:33:52.623735,14,474ccba59d18cf70
1759257358614921,2026-09-18T14:33:52.623735,14,474ccba59d18cf70
1759266818613975,2026-09-18T14:33:52.623735,14,474ccba59d18cf70
1759433538597303,2026-09-18T14:33:52.623735,14,474ccba59d18cf70
1759618295245494,2026-09-18T14:33:52.623735,14,474ccba59d18cf70
1759623491911641,2026-09-18T14:33:52.623735,14,474ccba59d18cf70
1759636018577055,2026-09-18T14:33:52.623735,14,474ccba59d18cf70
1759161181957872,2026-09-18T14:33:52.623735,14,474ccba59d18cf70
1759161811957809,2026-09-18T14:33:52.623735,14,474ccba59d18cf70
1759175105289813,2026-09-18T14:33:52.623735,14,474ccba59d18cf70
1759175515289772,2026-09-18T14:33:52.623735,14,474ccba59d18cf70
1759180578622599,2026-09-18T14:33:52.623735,14,474ccba59d18cf70
1759198995287424,2026-09-18T14:33:52.623735,14,474ccba59d18cf70
1759201741953816,2026-09-18T14:33:52.623735,14,474ccba59d18cf70
1759250005282323,2026-09-18T14:33:52.623735,14,474ccba59d18cf70
1759255458615111,2026-09-18T14:33:52.623735,14,474ccba59d18cf70
1759295275277796,2026-09-18T14:33:52.623735,14,474ccba59d18cf70
1759320411941949,2026-09-18T14:33:52.623735,14,474ccba59d18cf70
1759343475272976,2026-09-18T14:33:52.623735,14,474ccba59d18cf70
1759271291946861,2026-09-18T14:33:52.623735,14,474ccba59d18cf70
1759271608613496,2026-09-18T14:33:52.623735,14,474ccba59d18cf70
1759272928613364,2026-09-18T14:33:52.623735,14,474ccba59d18cf70
1759273615279962,2026-09-18T14:33:52.623735,14,474ccba59d18cf70
1759274705279853,2026-09-18T14:33:52.623735,14,474ccba59d18cf70
1759275058613151,2026-09-18T14:33:52.623735,14,474ccba59d18cf70
1759289031945087,2026-09-18T14:33:52.623735,14,474ccba59d18cf70
1759289808611676,2026-09-18T14:33:52.623735,14,474ccba59d18cf70
1759303128610344,2026-09-18T14:33:52.623735,14,474ccba59d18cf70
1759305818610075,2026-09-18T14:33:52.623735,14,474ccba59d18cf70
1759308261943164,2026-09-18T14:33:52.623735,14,474ccba59d18cf70
1759315078609149,2026-09-18T14:33:52.623735,14,474ccba59d18cf70
1759318738608783,2026-09-18T14:33:52.623735,14,474ccba59d18cf70
1759326901941300,2026-09-18T14:33:52.623735,14,474ccba59d18cf70
1759330835274240,2026-09-18T14:33:52.623735,14,474ccba59d18cf70
1759336895273634,2026-09-18T14:33:52.623735,14,474ccba59d18cf70
1759373265269997,2026-09-18T14:33:52.623735,14,474ccba59d18cf70
1759375388603118,2026-09-18T14:33:52.623735,14,474ccba59d18cf70
1759396545267669,2026-09-18T14:33:52.623735,14,474ccba59d18cf70
1759401931933797,2026-09-18T14:33:52.623735,14,474ccba59d18cf70
1759428501931140,2026-09-18T14:33:52.623735,14,474ccba59d18cf70
1759429728597684,2026-09-18T14:33:52.623735,14,474ccba59d18cf70
1759630925244231,2026-09-18T14:33:52.623735,14,474ccba59d18cf70
1759634901910500,2026-09-18T14:33:52.623735,14,474ccba59d18cf70
1759635211910469,2026-09-18T14:33:52.623735,14,474ccba59d18cf70
1759270221946968,2026-09-18T14:33:52.623735,14,474ccba59d18cf70
1759273348613322,2026-09-18T14:33:52.623735,14,474ccba59d18cf70
1759275548613102,2026-09-18T14:33:52.623735,14,474ccba59d18cf70
1759276688612988,2026-09-18T14:33:52.623735,14,474ccba59d18cf70
1759280988612558,2026-09-18T14:33:52.623735,14,474ccba59d18cf70
1759286715278652,2026-09-18T14:33:52.623735,14,474ccba59d18cf70
1759298128610844,2026-09-18T14:33:52.623735,14,474ccba59d18cf70
1759298938610763,2026-09-18T14:33:52.623735,14,474ccba59d18cf70
1759299378610719,2026-09-18T14:33:52.623735,14,474ccba59d18cf70
1759302155277108,2026-09-18T14:33:52.623735,14,474ccba59d18cf70
1759321441941846,2026-09-18T14:33:52.623735,14,474ccba59d18cf70
1759337138606943,2026-09-18T14:33:52.623735,14,474ccba59d18cf70
1759338241940166,2026-09-18T14:33:52.623735,14,474ccba59d18cf70
1759339088606748,2026-09-18T14:33:52.623735,14,474ccba59d18cf70
1759341295273194,2026-09-18T14:33:52.623735,14,474ccba59d18cf70
1759341775273146,2026-09-18T14:33:52.623735,14,474ccba59d18cf70
1759343575272966,2026-09-18T14:33:52.623735,14,474ccba59d18cf70
1759354281938562,2026-09-18T14:33:52.623735,14,474ccba59d18cf70
1759359628604694,2026-09-18T14:33:52.623735,14,474ccba59d18cf70
1759362865271037,2026-09-18T14:33:52.623735,14,474ccba59d18cf70
1759366001937390,2026-09-18T14:33:52.623735,14,474ccba59d18cf70
1759367711937219,2026-09-18T14:33:52.623735,14,474ccba59d18cf70
1759379735269350,2026-09-18T14:33:52.623735,14,474ccba59d18cf70
1759402451933745,2026-09-18T14:33:52.623735,14,474ccba59d18cf70
1759428211931169,2026-09-18T14:33:52.623735,14,474ccba59d18cf70
1759430048597652,2026-09-18T14:33:52.623735,14,474ccba59d18cf70
1759486355258688,2026-09-18T14:33:52.623735,14,474ccba59d18cf70
1759486511925339,2026-09-18T14:33:52.623735,14,474ccba59d18cf70
1759518561922134,2026-09-18T14:33:52.623735,14,474ccba59d18cf70
1759522675255056,2026-09-18T14:33:52.623735,14,474ccba59d18cf70
1759576165249707,2026-09-18T14:33:52.623735,14,474ccba59d18cf70
1759624075244916,2026-09-18T14:33:52.623735,14,474ccba59d18cf70
1759628788577778,2026-09-18T14:33:52.623735,14,474ccba59d18cf70
1759630521910938,2026-09-18T14:33:52.623735,14,474ccba59d18cf70
1759270948613562,2026-09-18T14:33:52.623735,14,474ccba59d18cf70
1759271035280220,2026-09-18T14:33:52.623735,14,474ccba59d18cf70
1759271658613491,2026-09-18T14:33:52.623735,14,474ccba59d18cf70
1759272271946763,2026-09-18T14:33:52.623735,14,474ccba59d18cf70
1759272371946753,2026-09-18T14:33:52.623735,14,474ccba59d18cf70
1759272638613393,2026-09-18T14:33:52.623735,14,474ccba59d18cf70
1759273695279954,2026-09-18T14:33:52.623735,14,474ccba59d18cf70
1759283528612304,2026-09-18T14:33:52.623735,14,474ccba59d18cf70
1759285805278743,2026-09-18T14:33:52.623735,14,474ccba59d18cf70
1759286338612023,2026-09-18T14:33:52.623735,14,474ccba59d18cf70
1759308511943139,2026-09-18T14:33:52.623735,14,474ccba59d18cf70
1759314405275883,2026-09-18T14:33:52.623735,14,474ccba59d18cf70
1759314665275857,2026-09-18T14:33:52.623735,14,474ccba59d18cf70
1759315125275811,2026-09-18T14:33:52.623735,14,474ccba59d18cf70
1759316658608991,2026-09-18T14:33:52.623735,14,474ccba59d18cf70
1759317968608860,2026-09-18T14:33:52.623735,14,474ccba59d18cf70
1759319931941997,2026-09-18T14:33:52.623735,14,474ccba59d18cf70
1759321081941882,2026-09-18T14:33:52.623735,14,474ccba59d18cf70
1759321191941871,2026-09-18T14:33:52.623735,14,474ccba59d18cf70
1759323021941688,2026-09-18T14:33:52.623735,14,474ccba59d18cf70
1759328458607811,2026-09-18T14:33:52.623735,14,474ccba59d18cf70
1759328698607787,2026-09-18T14:33:52.623735,14,474ccba59d18cf70
1759329438607713,2026-09-18T14:33:52.623735,14,474ccba59d18cf70
1759335951940395,2026-09-18T14:33:52.623735,14,474ccba59d18cf70
1759336601940330,2026-09-18T14:33:52.623735,14,474ccba59d18cf70
1759339108606746,2026-09-18T14:33:52.623735,14,474ccba59d18cf70
1759361128604544,2026-09-18T14:33:52.623735,14,474ccba59d18cf70
1759364838604173,2026-09-18T14:33:52.623735,14,474ccba59d18cf70
1759365155270808,2026-09-18T14:33:52.623735,14,474ccba59d18cf70
1759365725270751,2026-09-18T14:33:52.623735,14,474ccba59d18cf70
1759377441936246,2026-09-18T14:33:52.623735,14,474ccba59d18cf70
1759414325265891,2026-09-18T14:33:52.623735,14,474ccba59d18cf70
1759426765264647,2026-09-18T14:33:52.623735,14,474ccba59d18cf70
1759445478596109,2026-09-18T14:33:52.623735,14,474ccba59d18cf70
1759449521929038,2026-09-18T14:33:52.623735,14,474ccba59d18cf70
1759476691926321,2026-09-18T14:33:52.623735,14,474ccba59d18cf70
1759552011918789,2026-09-18T14:33:52.623735,14,474ccba59d18cf70
1759553235252000,2026-09-18T14:33:52.623735,14,474ccba59d18cf70
1759554008585256,2026-09-18T14:33:52.623735,14,474ccba59d18cf70
1759624708578186,2026-09-18T14:33:52.623735,14,474ccba59d18cf70
1759624971911493,2026-09-18T14:33:52.623735,14,474ccba59d18cf70
1759628465244477,2026-09-18T14:33:52.623735,14,474ccba59d18cf70
1759279825279341,2026-09-18T14:33:52.623735,14,474ccba59d18cf70
1759280881945902,2026-09-18T14:33:52.623735,14,474ccba59d18cf70
1759285625278761,2026-09-18T14:33:52.623735,14,474ccba59d18cf70
1759297105277613,2026-09-18T14:33:52.623735,14,474ccba59d18cf70
1759299355277388,2026-09-18T14:33:52.623735,14,474ccba59d18cf70
1759303215277002,2026-09-18T14:33:52.623735,14,474ccba59d18cf70
1759333745273949,2026-09-18T14:33:52.623735,14,474ccba59d18cf70
1759622761911714,2026-09-18T14:33:52.623735,14,474ccba59d18cf70
1759270781946912,2026-09-18T14:33:52.623735,14,474ccba59d18cf70
1759312111942779,2026-09-18T14:33:52.623735,14,474ccba59d18cf70
1759313385275985,2026-09-18T14:33:52.623735,14,474ccba59d18cf70
1759313998609257,2026-09-18T14:33:52.623735,14,474ccba59d18cf70
1759332925274031,2026-09-18T14:33:52.623735,14,474ccba59d18cf70
1759390221934968,2026-09-18T14:33:52.623735,14,474ccba59d18cf70
1759393915267932,2026-09-18T14:33:52.623735,14,474ccba59d18cf70
1759399035267420,2026-09-18T14:33:52.623735,14,474ccba59d18cf70
1759413078599349,2026-09-18T14:33:52.623735,14,474ccba59d18cf70
1759418698598787,2026-09-18T14:33:52.623735,14,474ccba59d18cf70
1759420671931923,2026-09-18T14:33:52.623735,14,474ccba59d18cf70
1759421091931881,2026-09-18T14:33:52.623735,14,474ccba59d18cf70
1759421598598497,2026-09-18T14:33:52.623735,14,474ccba59d18cf70
1759424068598250,2026-09-18T14:33:52.623735,14,474ccba59d18cf70
1759469351927055,2026-09-18T14:33:52.623735,14,474ccba59d18cf70
1759532521920738,2026-09-18T14:33:52.623735,14,474ccba59d18cf70
1759544005252923,2026-09-18T14:33:52.623735,14,474ccba59d18cf70
1759564898584167,2026-09-18T14:33:52.623735,14,474ccba59d18cf70
1759583055249018,2026-09-18T14:33:52.623735,14,474ccba59d18cf70
1759623875244936,2026-09-18T14:33:52.623735,14,474ccba59d18cf70
1759667678573889,2026-09-18T14:33:52.623735,14,474ccba59d18cf70
1759279788612678,2026-09-18T14:33:52.623735,14,474ccba59d18cf70
1759280315279292,2026-09-18T14:33:52.623735,14,474ccba59d18cf70
1759288685278455,2026-09-18T14:33:52.623735,14,474ccba59d18cf70
1759292781944712,2026-09-18T14:33:52.623735,14,474ccba59d18cf70
1759297748610882,2026-09-18T14:33:52.623735,14,474ccba59d18cf70
1759306448610012,2026-09-18T14:33:52.623735,14,474ccba59d18cf70
1759309798609677,2026-09-18T14:33:52.623735,14,474ccba59d18cf70
1759287165278607,2026-09-18T14:33:52.623735,14,474ccba59d18cf70
1759288798611777,2026-09-18T14:33:52.623735,14,474ccba59d18cf70
1759290995278224,2026-09-18T14:33:52.623735,14,474ccba59d18cf70
1759292105278113,2026-09-18T14:33:52.623735,14,474ccba59d18cf70
1759292941944696,2026-09-18T14:33:52.623735,14,474ccba59d18cf70
1759293328611324,2026-09-18T14:33:52.623735,14,474ccba59d18cf70
1759293605277963,2026-09-18T14:33:52.623735,14,474ccba59d18cf70
1759296965277627,2026-09-18T14:33:52.623735,14,474ccba59d18cf70
1759298888610768,2026-09-18T14:33:52.623735,14,474ccba59d18cf70
1759300151943975,2026-09-18T14:33:52.623735,14,474ccba59d18cf70
1759301651943825,2026-09-18T14:33:52.623735,14,474ccba59d18cf70
1759302931943697,2026-09-18T14:33:52.623735,14,474ccba59d18cf70
1759305701943420,2026-09-18T14:33:52.623735,14,474ccba59d18cf70
1759307431943247,2026-09-18T14:33:52.623735,14,474ccba59d18cf70
1759311531942837,2026-09-18T14:33:52.623735,14,474ccba59d18cf70
1759312698609387,2026-09-18T14:33:52.623735,14,474ccba59d18cf70
1759314475275876,2026-09-18T14:33:52.623735,14,474ccba59d18cf70
1759314975275826,2026-09-18T14:33:52.623735,14,474ccba59d18cf70
1759320541941936,2026-09-18T14:33:52.623735,14,474ccba59d18cf70
1759321118608545,2026-09-18T14:33:52.623735,14,474ccba59d18cf70
1759321811941809,2026-09-18T14:33:52.623735,14,474ccba59d18cf70
1759325985274725,2026-09-18T14:33:52.623735,14,474ccba59d18cf70
1759327935274530,2026-09-18T14:33:52.623735,14,474ccba59d18cf70
1759328965274427,2026-09-18T14:33:52.623735,14,474ccba59d18cf70
1759330018607655,2026-09-18T14:33:52.623735,14,474ccba59d18cf70
1759330238607633,2026-09-18T14:33:52.623735,14,474ccba59d18cf70
1759330408607616,2026-09-18T14:33:52.623735,14,474ccba59d18cf70
1759339201940070,2026-09-18T14:33:52.623735,14,474ccba59d18cf70
1759343595272964,2026-09-18T14:33:52.623735,14,474ccba59d18cf70
1759353041938686,2026-09-18T14:33:52.623735,14,474ccba59d18cf70
1759370041936986,2026-09-18T14:33:52.623735,14,474ccba59d18cf70
1759371478603509,2026-09-18T14:33:52.623735,14,474ccba59d18cf70
1759417278598929,2026-09-18T14:33:52.623735,14,474ccba59d18cf70
1759436965263627,2026-09-18T14:33:52.623735,14,474ccba59d18cf70
1759512555256068,2026-09-18T14:33:52.623735,14,474ccba59d18cf70
1759576441916346,2026-09-18T14:33:52.623735,14,474ccba59d18cf70
1759588511915139,2026-09-18T14:33:52.623735,14,474ccba59d18cf70
1759590038581653,2026-09-18T14:33:52.623735,14,474ccba59d18cf70
1759601218580535,2026-09-18T14:33:52.623735,14,474ccba59d18cf70
1759601458580511,2026-09-18T14:33:52.623735,14,474ccba59d18cf70
1759622401911750,2026-09-18T14:33:52.623735,14,474ccba59d18cf70
1759345905272733,2026-09-18T14:33:52.623735,14,474ccba59d18cf70
1759498185257505,2026-09-18T14:33:52.623735,14,474ccba59d18cf70
1759557981918192,2026-09-18T14:33:52.623735,14,474ccba59d18cf70
1759354791938511,2026-09-18T14:33:52.623735,14,474ccba59d18cf70
1759357095271614,2026-09-18T14:33:52.623735,14,474ccba59d18cf70
1759362295271094,2026-09-18T14:33:52.623735,14,474ccba59d18cf70
1759363921937598,2026-09-18T14:33:52.623735,14,474ccba59d18cf70
1759371331936857,2026-09-18T14:33:52.623735,14,474ccba59d18cf70
1759377048602952,2026-09-18T14:33:52.623735,14,474ccba59d18cf70
1759388121935178,2026-09-18T14:33:52.623735,14,474ccba59d18cf70
1759392995268024,2026-09-18T14:33:52.623735,14,474ccba59d18cf70
1759394841934506,2026-09-18T14:33:52.623735,14,474ccba59d18cf70
1759396005267723,2026-09-18T14:33:52.623735,14,474ccba59d18cf70
1759412685266055,2026-09-18T14:33:52.623735,14,474ccba59d18cf70
1759447481929242,2026-09-18T14:33:52.623735,14,474ccba59d18cf70
1759450955262228,2026-09-18T14:33:52.623735,14,474ccba59d18cf70
1759451578595499,2026-09-18T14:33:52.623735,14,474ccba59d18cf70
1759456178595039,2026-09-18T14:33:52.623735,14,474ccba59d18cf70
1759516121922378,2026-09-18T14:33:52.623735,14,474ccba59d18cf70
1759605578580099,2026-09-18T14:33:52.623735,14,474ccba59d18cf70
1759350858605571,2026-09-18T14:33:52.623735,14,474ccba59d18cf70
1759634315243892,2026-09-18T14:33:52.623735,14,474ccba59d18cf70
1759604965246827,2026-09-18T14:33:52.623735,14,474ccba59d18cf70
1759606711913319,2026-09-18T14:33:52.623735,14,474ccba59d18cf70
1759607305246593,2026-09-18T14:33:52.623735,14,474ccba59d18cf70
1759607645246559,2026-09-18T14:33:52.623735,14,474ccba59d18cf70
1759611578579499,2026-09-18T14:33:52.623735,14,474ccba59d18cf70
1759614741912516,2026-09-18T14:33:52.623735,14,474ccba59d18cf70
1759615321912458,2026-09-18T14:33:52.623735,14,474ccba59d18cf70
1759635568577100,2026-09-18T14:33:52.623735,14,474ccba59d18cf70
1759677891906201,2026-09-18T14:33:52.623735,14,474ccba59d18cf70
1759706681903322,2026-09-18T14:33:52.623735,14,474ccba59d18cf70
1759610041912986,2026-09-18T14:33:52.623735,14,474ccba59d18cf70
1759658135241510,2026-09-18T14:33:52.623735,14,474ccba59d18cf70
1759663488574308,2026-09-18T14:33:52.623735,14,474ccba59d18cf70
1759666725240651,2026-09-18T14:33:52.623735,14,474ccba59d18cf70
1759667218573935,2026-09-18T14:33:52.623735,14,474ccba59d18cf70
1759620165245307,2026-09-18T14:33:52.623735,14,474ccba59d18cf70
1759640721909918,2026-09-18T14:33:52.623735,14,474ccba59d18cf70
1759640928576564,2026-09-18T14:33:52.623735,14,474ccba59d18cf70
1759641631909827,2026-09-18T14:33:52.623735,14,474ccba59d18cf70
1759673238573333,2026-09-18T14:33:52.623735,14,474ccba59d18cf70
1759678921906098,2026-09-18T14:33:52.623735,14,474ccba59d18cf70
1759678938572763,2026-09-18T14:33:52.623735,14,474ccba59d18cf70
1759686005238723,2026-09-18T14:33:52.623735,14,474ccba59d18cf70
1759698548570802,2026-09-18T14:33:52.623735,14,474ccba59d18cf70
1759704881903502,2026-09-18T14:33:52.623735,14,474ccba59d18cf70
1759603411913649,2026-09-18T14:33:52.623735,14,474ccba59d18cf70
1759616605245663,2026-09-18T14:33:52.623735,14,474ccba59d18cf70
1759618681912122,2026-09-18T14:33:52.623735,14,474ccba59d18cf70
1759621915245132,2026-09-18T14:33:52.623735,14,474ccba59d18cf70
1759622438578413,2026-09-18T14:33:52.623735,14,474ccba59d18cf70
1759688735238450,2026-09-18T14:33:52.623735,14,474ccba59d18cf70
1759598821914108,2026-09-18T14:33:52.623735,14,474ccba59d18cf70
1759600131913977,2026-09-18T14:33:52.623735,14,474ccba59d18cf70
1759603138580343,2026-09-18T14:33:52.623735,14,474ccba59d18cf70
1759606415246682,2026-09-18T14:33:52.623735,14,474ccba59d18cf70
1759599148580742,2026-09-18T14:33:52.623735,14,474ccba59d18cf70
1759643848576272,2026-09-18T14:33:52.623735,14,474ccba59d18cf70
1759695715237752,2026-09-18T14:33:52.623735,14,474ccba59d18cf70
1759698071904183,2026-09-18T14:33:52.623735,14,474ccba59d18cf70
1759598318580825,2026-09-18T14:33:52.623735,14,474ccba59d18cf70
1759605298580127,2026-09-18T14:33:52.623735,14,474ccba59d18cf70
1759661245241199,2026-09-18T14:33:52.623735,14,474ccba59d18cf70
1759665438574113,2026-09-18T14:33:52.623735,14,474ccba59d18cf70
1759633118577345,2026-09-18T14:33:52.623735,14,474ccba59d18cf70
1759637895243534,2026-09-18T14:33:52.623735,14,474ccba59d18cf70
1759641098576547,2026-09-18T14:33:52.623735,14,474ccba59d18cf70
1759645801909410,2026-09-18T14:33:52.623735,14,474ccba59d18cf70
1759660728574584,2026-09-18T14:33:52.623735,14,474ccba59d18cf70
1759671441906846,2026-09-18T14:33:52.623735,14,474ccba59d18cf70
1759693571904633,2026-09-18T14:33:52.623735,14,474ccba59d18cf70
1759631498577507,2026-09-18T14:33:52.623735,14,474ccba59d18cf70
1759632388577418,2026-09-18T14:33:52.623735,14,474ccba59d18cf70
1759633278577329,2026-09-18T14:33:52.623735,14,474ccba59d18cf70
1759636338577023,2026-09-18T14:33:52.623735,14,474ccba59d18cf70
1759637995243524,2026-09-18T14:33:52.623735,14,474ccba59d18cf70
1759639265243397,2026-09-18T14:33:52.623735,14,474ccba59d18cf70
1759639751910015,2026-09-18T14:33:52.623735,14,474ccba59d18cf70
1759642395243084,2026-09-18T14:33:52.623735,14,474ccba59d18cf70
1759645258576131,2026-09-18T14:33:52.623735,14,474ccba59d18cf70
1759645865242737,2026-09-18T14:33:52.623735,14,474ccba59d18cf70
1759653958575261,2026-09-18T14:33:52.623735,14,474ccba59d18cf70
1759660378574619,2026-09-18T14:33:52.623735,14,474ccba59d18cf70
1759661008574556,2026-09-18T14:33:52.623735,14,474ccba59d18cf70
1759663868574270,2026-09-18T14:33:52.623735,14,474ccba59d18cf70
2513918355778722,2026-09-18T14:33:52.623735,14,474ccba59d18cf70
2514635549040336,2026-09-18T14:33:52.623735,14,474ccba59d18cf70
2514914792345745,2026-09-18T14:33:52.623735,14,474ccba59d18cf70
2515635978940293,2026-09-18T14:33:52.623735,14,474ccba59d18cf70
2515097278994163,2026-09-18T14:33:52.623735,14,474ccba59d18cf70
2513342989169592,2026-09-18T14:33:52.623735,14,474ccba59d18cf70
2513557645814793,2026-09-18T14:33:52.623735,14,474ccba59d18cf70
2513657025804855,2026-09-18T14:33:52.623735,14,474ccba59d18cf70
2514130695757488,2026-09-18T14:33:52.623735,14,474ccba59d18cf70
2514619305708627,2026-09-18T14:33:52.623735,14,474ccba59d18cf70
2514639572373267,2026-09-18T14:33:52.623735,14,474ccba59d18cf70
2514677969036094,2026-09-18T14:33:52.623735,14,474ccba59d18cf70
2515589985611559,2026-09-18T14:33:52.623735,14,474ccba59d18cf70
2515590198944871,2026-09-18T14:33:52.623735,14,474ccba59d18cf70
2515627372274487,2026-09-18T14:33:52.623735,14,474ccba59d18cf70
2515677035602854,2026-09-18T14:33:52.623735,14,474ccba59d18cf70
2514008862436338,2026-09-18T14:33:52.623735,14,474ccba59d18cf70
2515239155646642,2026-09-18T14:33:52.623735,14,474ccba59d18cf70
2515562452280979,2026-09-18T14:33:52.623735,14,474ccba59d18cf70
2515564592280765,2026-09-18T14:33:52.623735,14,474ccba59d18cf70
2515664352270789,2026-09-18T14:33:52.623735,14,474ccba59d18cf70
2515680215602536,2026-09-18T14:33:52.623735,14,474ccba59d18cf70
2515683255602232,2026-09-18T14:33:52.623735,14,474ccba59d18cf70
2515768868927004,2026-09-18T14:33:52.623735,14,474ccba59d18cf70
2513211289182762,2026-09-18T14:33:52.623735,14,474ccba59d18cf70
2513965525774005,2026-09-18T14:33:52.623735,14,474ccba59d18cf70
2514244932412731,2026-09-18T14:33:52.623735,14,474ccba59d18cf70
2515044335666124,2026-09-18T14:33:52.623735,14,474ccba59d18cf70
2513109162526308,2026-09-18T14:33:52.623735,14,474ccba59d18cf70
2513109475859610,2026-09-18T14:33:52.623735,14,474ccba59d18cf70
2514963959007495,2026-09-18T14:33:52.623735,14,474ccba59d18cf70
2513844832452741,2026-09-18T14:33:52.623735,14,474ccba59d18cf70
2513565619147329,2026-09-18T14:33:52.623735,14,474ccba59d18cf70
2513714515799106,2026-09-18T14:33:52.623735,14,474ccba59d18cf70
2513816065788951,2026-09-18T14:33:52.623735,14,474ccba59d18cf70
2514029782434246,2026-09-18T14:33:52.623735,14,474ccba59d18cf70
2514077212429503,2026-09-18T14:33:52.623735,14,474ccba59d18cf70
2514084915762066,2026-09-18T14:33:52.623735,14,474ccba59d18cf70
2514090529094838,2026-09-18T14:33:52.623735,14,474ccba59d18cf70
2514157209088170,2026-09-18T14:33:52.623735,14,474ccba59d18cf70
2514186865751871,2026-09-18T14:33:52.623735,14,474ccba59d18cf70
2513467809157110,2026-09-18T14:33:52.623735,14,474ccba59d18cf70
2513488589155032,2026-09-18T14:33:52.623735,14,474ccba59d18cf70
2513496299154261,2026-09-18T14:33:52.623735,14,474ccba59d18cf70
2513538865816671,2026-09-18T14:33:52.623735,14,474ccba59d18cf70
2513679719135919,2026-09-18T14:33:52.623735,14,474ccba59d18cf70
2513694049134486,2026-09-18T14:33:52.623735,14,474ccba59d18cf70
2513696105800947,2026-09-18T14:33:52.623735,14,474ccba59d18cf70
2513699579133933,2026-09-18T14:33:52.623735,14,474ccba59d18cf70
2513705419133349,2026-09-18T14:33:52.623735,14,474ccba59d18cf70
2513705622466662,2026-09-18T14:33:52.623735,14,474ccba59d18cf70
2513706089133282,2026-09-18T14:33:52.623735,14,474ccba59d18cf70
2513714632465761,2026-09-18T14:33:52.623735,14,474ccba59d18cf70
2513714889132402,2026-09-18T14:33:52.623735,14,474ccba59d18cf70
2513730549130836,2026-09-18T14:33:52.623735,14,474ccba59d18cf70
2513730909130800,2026-09-18T14:33:52.623735,14,474ccba59d18cf70
2513740129129878,2026-09-18T14:33:52.623735,14,474ccba59d18cf70
2513756679128223,2026-09-18T14:33:52.623735,14,474ccba59d18cf70
2513843059119585,2026-09-18T14:33:52.623735,14,474ccba59d18cf70
2513704672466757,2026-09-18T14:33:52.623735,14,474ccba59d18cf70
2513705515800006,2026-09-18T14:33:52.623735,14,474ccba59d18cf70
2513729012464323,2026-09-18T14:33:52.623735,14,474ccba59d18cf70
2513739015796656,2026-09-18T14:33:52.623735,14,474ccba59d18cf70
2513839285786629,2026-09-18T14:33:52.623735,14,474ccba59d18cf70
2513802325790325,2026-09-18T14:33:52.623735,14,474ccba59d18cf70
2513806109123280,2026-09-18T14:33:52.623735,14,474ccba59d18cf70
2513807629123128,2026-09-18T14:33:52.623735,14,474ccba59d18cf70
2513808039123087,2026-09-18T14:33:52.623735,14,474ccba59d18cf70
2513808345789723,2026-09-18T14:33:52.623735,14,474ccba59d18cf70
2513808855789672,2026-09-18T14:33:52.623735,14,474ccba59d18cf70
2513809292456295,2026-09-18T14:33:52.623735,14,474ccba59d18cf70
2513809892456235,2026-09-18T14:33:52.623735,14,474ccba59d18cf70
2513811982456026,2026-09-18T14:33:52.623735,14,474ccba59d18cf70
2513817662455458,2026-09-18T14:33:52.623735,14,474ccba59d18cf70
2513818109122080,2026-09-18T14:33:52.623735,14,474ccba59d18cf70
2513821549121736,2026-09-18T14:33:52.623735,14,474ccba59d18cf70
2513851115785446,2026-09-18T14:33:52.623735,14,474ccba59d18cf70
2513852362451988,2026-09-18T14:33:52.623735,14,474ccba59d18cf70
2513854669118424,2026-09-18T14:33:52.623735,14,474ccba59d18cf70
2513856385784919,2026-09-18T14:33:52.623735,14,474ccba59d18cf70
2513859225784635,2026-09-18T14:33:52.623735,14,474ccba59d18cf70
2513860079117883,2026-09-18T14:33:52.623735,14,474ccba59d18cf70
2513862985784259,2026-09-18T14:33:52.623735,14,474ccba59d18cf70
2513865172450707,2026-09-18T14:33:52.623735,14,474ccba59d18cf70
2513883212448903,2026-09-18T14:33:52.623735,14,474ccba59d18cf70
2513902299113661,2026-09-18T14:33:52.623735,14,474ccba59d18cf70
2513903769113514,2026-09-18T14:33:52.623735,14,474ccba59d18cf70
2513909875779570,2026-09-18T14:33:52.623735,14,474ccba59d18cf70
2513936172443607,2026-09-18T14:33:52.623735,14,474ccba59d18cf70
2513949352442289,2026-09-18T14:33:52.623735,14,474ccba59d18cf70
2513958995774658,2026-09-18T14:33:52.623735,14,474ccba59d18cf70
2513967512440473,2026-09-18T14:33:52.623735,14,474ccba59d18cf70
2513967675773790,2026-09-18T14:33:52.623735,14,474ccba59d18cf70
2513968835773674,2026-09-18T14:33:52.623735,14,474ccba59d18cf70
2513970819106809,2026-09-18T14:33:52.623735,14,474ccba59d18cf70
2513970922440132,2026-09-18T14:33:52.623735,14,474ccba59d18cf70
2513973392439885,2026-09-18T14:33:52.623735,14,474ccba59d18cf70
2513974415773116,2026-09-18T14:33:52.623735,14,474ccba59d18cf70
2513976179106273,2026-09-18T14:33:52.623735,14,474ccba59d18cf70
2513976205772937,2026-09-18T14:33:52.623735,14,474ccba59d18cf70
2513986415771916,2026-09-18T14:33:52.623735,14,474ccba59d18cf70
2513987765771781,2026-09-18T14:33:52.623735,14,474ccba59d18cf70
2514030392434185,2026-09-18T14:33:52.623735,14,474ccba59d18cf70
2514047319099159,2026-09-18T14:33:52.623735,14,474ccba59d18cf70
2514056332431591,2026-09-18T14:33:52.623735,14,474ccba59d18cf70
2514060739097817,2026-09-18T14:33:52.623735,14,474ccba59d18cf70
2514062862430938,2026-09-18T14:33:52.623735,14,474ccba59d18cf70
2514063005764257,2026-09-18T14:33:52.623735,14,474ccba59d18cf70
2514084462428778,2026-09-18T14:33:52.623735,14,474ccba59d18cf70
2514084602428764,2026-09-18T14:33:52.623735,14,474ccba59d18cf70
2514086049095286,2026-09-18T14:33:52.623735,14,474ccba59d18cf70
2514093352427889,2026-09-18T14:33:52.623735,14,474ccba59d18cf70
2514093832427841,2026-09-18T14:33:52.623735,14,474ccba59d18cf70
2514094992427725,2026-09-18T14:33:52.623735,14,474ccba59d18cf70
2514096932427531,2026-09-18T14:33:52.623735,14,474ccba59d18cf70
2514102229093668,2026-09-18T14:33:52.623735,14,474ccba59d18cf70
2514108719093019,2026-09-18T14:33:52.623735,14,474ccba59d18cf70
2514110802426144,2026-09-18T14:33:52.623735,14,474ccba59d18cf70
2514111759092715,2026-09-18T14:33:52.623735,14,474ccba59d18cf70
2514113379092553,2026-09-18T14:33:52.623735,14,474ccba59d18cf70
2514114259092465,2026-09-18T14:33:52.623735,14,474ccba59d18cf70
2514114535759104,2026-09-18T14:33:52.623735,14,474ccba59d18cf70
2514115729092318,2026-09-18T14:33:52.623735,14,474ccba59d18cf70
2514125385758019,2026-09-18T14:33:52.623735,14,474ccba59d18cf70
2514127262424498,2026-09-18T14:33:52.623735,14,474ccba59d18cf70
2514128969090994,2026-09-18T14:33:52.623735,14,474ccba59d18cf70
2514141682423056,2026-09-18T14:33:52.623735,14,474ccba59d18cf70
2514142645756293,2026-09-18T14:33:52.623735,14,474ccba59d18cf70
2514146475755910,2026-09-18T14:33:52.623735,14,474ccba59d18cf70
2514147882422436,2026-09-18T14:33:52.623735,14,474ccba59d18cf70
2514159779087913,2026-09-18T14:33:52.623735,14,474ccba59d18cf70
2514161319087759,2026-09-18T14:33:52.623735,14,474ccba59d18cf70
2514168279087063,2026-09-18T14:33:52.623735,14,474ccba59d18cf70
2514168975753660,2026-09-18T14:33:52.623735,14,474ccba59d18cf70
2514169519086939,2026-09-18T14:33:52.623735,14,474ccba59d18cf70
2514173425753215,2026-09-18T14:33:52.623735,14,474ccba59d18cf70
2514180765752481,2026-09-18T14:33:52.623735,14,474ccba59d18cf70
2514189645751593,2026-09-18T14:33:52.623735,14,474ccba59d18cf70
2514196625750895,2026-09-18T14:33:52.623735,14,474ccba59d18cf70
2514205619083329,2026-09-18T14:33:52.623735,14,474ccba59d18cf70
2514210192416205,2026-09-18T14:33:52.623735,14,474ccba59d18cf70
2514215382415686,2026-09-18T14:33:52.623735,14,474ccba59d18cf70
2514217472415477,2026-09-18T14:33:52.623735,14,474ccba59d18cf70
2514218075748750,2026-09-18T14:33:52.623735,14,474ccba59d18cf70
2514218145748743,2026-09-18T14:33:52.623735,14,474ccba59d18cf70
2514224209081470,2026-09-18T14:33:52.623735,14,474ccba59d18cf70
2514244265746131,2026-09-18T14:33:52.623735,14,474ccba59d18cf70
2514244985746059,2026-09-18T14:33:52.623735,14,474ccba59d18cf70
2514251979078693,2026-09-18T14:33:52.623735,14,474ccba59d18cf70
2514257892411435,2026-09-18T14:33:52.623735,14,474ccba59d18cf70
2514270855743472,2026-09-18T14:33:52.623735,14,474ccba59d18cf70
2514278862409338,2026-09-18T14:33:52.623735,14,474ccba59d18cf70
2514280312409193,2026-09-18T14:33:52.623735,14,474ccba59d18cf70
2514289892408235,2026-09-18T14:33:52.623735,14,474ccba59d18cf70
2514296145740943,2026-09-18T14:33:52.623735,14,474ccba59d18cf70
2514320425738515,2026-09-18T14:33:52.623735,14,474ccba59d18cf70
2514323092404915,2026-09-18T14:33:52.623735,14,474ccba59d18cf70
2514324355738122,2026-09-18T14:33:52.623735,14,474ccba59d18cf70
2514327459071145,2026-09-18T14:33:52.623735,14,474ccba59d18cf70
2514327972404427,2026-09-18T14:33:52.623735,14,474ccba59d18cf70
2514329679070923,2026-09-18T14:33:52.623735,14,474ccba59d18cf70
2514346815735876,2026-09-18T14:33:52.623735,14,474ccba59d18cf70
2514358579068033,2026-09-18T14:33:52.623735,14,474ccba59d18cf70
2514385745731983,2026-09-18T14:33:52.623735,14,474ccba59d18cf70
2514436105726947,2026-09-18T14:33:52.623735,14,474ccba59d18cf70
2514591125711445,2026-09-18T14:33:52.623735,14,474ccba59d18cf70
2514593332377891,2026-09-18T14:33:52.623735,14,474ccba59d18cf70
2514597745710783,2026-09-18T14:33:52.623735,14,474ccba59d18cf70
2514604109043480,2026-09-18T14:33:52.623735,14,474ccba59d18cf70
2514618432375381,2026-09-18T14:33:52.623735,14,474ccba59d18cf70
2514639729039918,2026-09-18T14:33:52.623735,14,474ccba59d18cf70
2514653035705254,2026-09-18T14:33:52.623735,14,474ccba59d18cf70
2514657229038168,2026-09-18T14:33:52.623735,14,474ccba59d18cf70
2514662332370991,2026-09-18T14:33:52.623735,14,474ccba59d18cf70
2514685625701995,2026-09-18T14:33:52.623735,14,474ccba59d18cf70
2514754762361748,2026-09-18T14:33:52.623735,14,474ccba59d18cf70
2514757922361432,2026-09-18T14:33:52.623735,14,474ccba59d18cf70
2514803352356889,2026-09-18T14:33:52.623735,14,474ccba59d18cf70
2514806492356575,2026-09-18T14:33:52.623735,14,474ccba59d18cf70
2514815805688977,2026-09-18T14:33:52.623735,14,474ccba59d18cf70
2514900389013852,2026-09-18T14:33:52.623735,14,474ccba59d18cf70
2514990532338171,2026-09-18T14:33:52.623735,14,474ccba59d18cf70
2515011665669391,2026-09-18T14:33:52.623735,14,474ccba59d18cf70
2515061138997777,2026-09-18T14:33:52.623735,14,474ccba59d18cf70
2515121595658398,2026-09-18T14:33:52.623735,14,474ccba59d18cf70
2515528308951060,2026-09-18T14:33:52.623735,14,474ccba59d18cf70
2515552932281931,2026-09-18T14:33:52.623735,14,474ccba59d18cf70
2515584428945448,2026-09-18T14:33:52.623735,14,474ccba59d18cf70
2515588118945079,2026-09-18T14:33:52.623735,14,474ccba59d18cf70
2515641302273094,2026-09-18T14:33:52.623735,14,474ccba59d18cf70
2515706685599889,2026-09-18T14:33:52.623735,14,474ccba59d18cf70
2515710545599503,2026-09-18T14:33:52.623735,14,474ccba59d18cf70
2515729948930896,2026-09-18T14:33:52.623735,14,474ccba59d18cf70
2515809475589610,2026-09-18T14:33:52.623735,14,474ccba59d18cf70
2515858625584695,2026-09-18T14:33:52.623735,14,474ccba59d18cf70
2515881692249055,2026-09-18T14:33:52.623735,14,474ccba59d18cf70
2516041172233107,2026-09-18T14:33:52.623735,14,474ccba59d18cf70
2513824109121480,2026-09-18T14:33:52.623735,14,474ccba59d18cf70
2513827035787854,2026-09-18T14:33:52.623735,14,474ccba59d18cf70
2513829855787572,2026-09-18T14:33:52.623735,14,474ccba59d18cf70
2513829979120893,2026-09-18T14:33:52.623735,14,474ccba59d18cf70
2513875732449651,2026-09-18T14:33:52.623735,14,474ccba59d18cf70
2513895175781040,2026-09-18T14:33:52.623735,14,474ccba59d18cf70
2513925419111349,2026-09-18T14:33:52.623735,14,474ccba59d18cf70
2513945789109312,2026-09-18T14:33:52.623735,14,474ccba59d18cf70
2513822899121601,2026-09-18T14:33:52.623735,14,474ccba59d18cf70
2513828202454404,2026-09-18T14:33:52.623735,14,474ccba59d18cf70
2513835059120385,2026-09-18T14:33:52.623735,14,474ccba59d18cf70
2513838365786721,2026-09-18T14:33:52.623735,14,474ccba59d18cf70
2513841772453047,2026-09-18T14:33:52.623735,14,474ccba59d18cf70
2513845649119326,2026-09-18T14:33:52.623735,14,474ccba59d18cf70
2513859892451235,2026-09-18T14:33:52.623735,14,474ccba59d18cf70
2513925255778032,2026-09-18T14:33:52.623735,14,474ccba59d18cf70
2513926119111279,2026-09-18T14:33:52.623735,14,474ccba59d18cf70
2513952962441928,2026-09-18T14:33:52.623735,14,474ccba59d18cf70
2514000195770538,2026-09-18T14:33:52.623735,14,474ccba59d18cf70
2514693742367850,2026-09-18T14:33:52.623735,14,474ccba59d18cf70
2513957009108190,2026-09-18T14:33:52.623735,14,474ccba59d18cf70
2513964275774130,2026-09-18T14:33:52.623735,14,474ccba59d18cf70
2513970079106883,2026-09-18T14:33:52.623735,14,474ccba59d18cf70
2513975302439694,2026-09-18T14:33:52.623735,14,474ccba59d18cf70
2514044652432759,2026-09-18T14:33:52.623735,14,474ccba59d18cf70
2514224639081427,2026-09-18T14:33:52.623735,14,474ccba59d18cf70
2514260679077823,2026-09-18T14:33:52.623735,14,474ccba59d18cf70
2515920622245162,2026-09-18T14:33:52.623735,14,474ccba59d18cf70
2513932989110592,2026-09-18T14:33:52.623735,14,474ccba59d18cf70
2513949815775576,2026-09-18T14:33:52.623735,14,474ccba59d18cf70
2514102482426976,2026-09-18T14:33:52.623735,14,474ccba59d18cf70
2514106125759945,2026-09-18T14:33:52.623735,14,474ccba59d18cf70
2514125022424722,2026-09-18T14:33:52.623735,14,474ccba59d18cf70
2514130372424187,2026-09-18T14:33:52.623735,14,474ccba59d18cf70
2514052602431964,2026-09-18T14:33:52.623735,14,474ccba59d18cf70
2514053439098547,2026-09-18T14:33:52.623735,14,474ccba59d18cf70
2514059545764603,2026-09-18T14:33:52.623735,14,474ccba59d18cf70
2514060622431162,2026-09-18T14:33:52.623735,14,474ccba59d18cf70
2514079915762566,2026-09-18T14:33:52.623735,14,474ccba59d18cf70
2514102965760261,2026-09-18T14:33:52.623735,14,474ccba59d18cf70
2514112479092643,2026-09-18T14:33:52.623735,14,474ccba59d18cf70
2514113972425827,2026-09-18T14:33:52.623735,14,474ccba59d18cf70
2514116259092265,2026-09-18T14:33:52.623735,14,474ccba59d18cf70
2514117342425490,2026-09-18T14:33:52.623735,14,474ccba59d18cf70
2514120429091848,2026-09-18T14:33:52.623735,14,474ccba59d18cf70
2514123165758241,2026-09-18T14:33:52.623735,14,474ccba59d18cf70
2514131192424105,2026-09-18T14:33:52.623735,14,474ccba59d18cf70
2514140829089808,2026-09-18T14:33:52.623735,14,474ccba59d18cf70
2514150242422200,2026-09-18T14:33:52.623735,14,474ccba59d18cf70
2514171489086742,2026-09-18T14:33:52.623735,14,474ccba59d18cf70
2514172155753342,2026-09-18T14:33:52.623735,14,474ccba59d18cf70
2514196555750902,2026-09-18T14:33:52.623735,14,474ccba59d18cf70
2514216609082230,2026-09-18T14:33:52.623735,14,474ccba59d18cf70
2514623805708177,2026-09-18T14:33:52.623735,14,474ccba59d18cf70
2514685962368628,2026-09-18T14:33:52.623735,14,474ccba59d18cf70
2514759985694559,2026-09-18T14:33:52.623735,14,474ccba59d18cf70
2514045112432713,2026-09-18T14:33:52.623735,14,474ccba59d18cf70
2514046185765939,2026-09-18T14:33:52.623735,14,474ccba59d18cf70
2514047919099099,2026-09-18T14:33:52.623735,14,474ccba59d18cf70
2514049115765646,2026-09-18T14:33:52.623735,14,474ccba59d18cf70
2514051459098745,2026-09-18T14:33:52.623735,14,474ccba59d18cf70
2514051822432042,2026-09-18T14:33:52.623735,14,474ccba59d18cf70
2514052422431982,2026-09-18T14:33:52.623735,14,474ccba59d18cf70
2514055695764988,2026-09-18T14:33:52.623735,14,474ccba59d18cf70
2514067385763819,2026-09-18T14:33:52.623735,14,474ccba59d18cf70
2514074075763150,2026-09-18T14:33:52.623735,14,474ccba59d18cf70
2514087289095162,2026-09-18T14:33:52.623735,14,474ccba59d18cf70
2514102329093658,2026-09-18T14:33:52.623735,14,474ccba59d18cf70
2514106935759864,2026-09-18T14:33:52.623735,14,474ccba59d18cf70
2514130932424131,2026-09-18T14:33:52.623735,14,474ccba59d18cf70
2514155452421679,2026-09-18T14:33:52.623735,14,474ccba59d18cf70
2514189119084979,2026-09-18T14:33:52.623735,14,474ccba59d18cf70
2514264152410809,2026-09-18T14:33:52.623735,14,474ccba59d18cf70
2514265545744003,2026-09-18T14:33:52.623735,14,474ccba59d18cf70
2514273092409915,2026-09-18T14:33:52.623735,14,474ccba59d18cf70
2514635079040383,2026-09-18T14:33:52.623735,14,474ccba59d18cf70
2514653382371886,2026-09-18T14:33:52.623735,14,474ccba59d18cf70
2515123122324912,2026-09-18T14:33:52.623735,14,474ccba59d18cf70
2515586255611932,2026-09-18T14:33:52.623735,14,474ccba59d18cf70
2515823738921517,2026-09-18T14:33:52.623735,14,474ccba59d18cf70
2515829022254322,2026-09-18T14:33:52.623735,14,474ccba59d18cf70
2514188822418342,2026-09-18T14:33:52.623735,14,474ccba59d18cf70
2514189569084934,2026-09-18T14:33:52.623735,14,474ccba59d18cf70
2514211072416117,2026-09-18T14:33:52.623735,14,474ccba59d18cf70
2514223012414923,2026-09-18T14:33:52.623735,14,474ccba59d18cf70
2514224425748115,2026-09-18T14:33:52.623735,14,474ccba59d18cf70
2514707892366435,2026-09-18T14:33:52.623735,14,474ccba59d18cf70
2514708122366412,2026-09-18T14:33:52.623735,14,474ccba59d18cf70
2514710212366203,2026-09-18T14:33:52.623735,14,474ccba59d18cf70
2514710305699527,2026-09-18T14:33:52.623735,14,474ccba59d18cf70
2514722249031666,2026-09-18T14:33:52.623735,14,474ccba59d18cf70
2514747319029159,2026-09-18T14:33:52.623735,14,474ccba59d18cf70
2514764139027477,2026-09-18T14:33:52.623735,14,474ccba59d18cf70
2514766212360603,2026-09-18T14:33:52.623735,14,474ccba59d18cf70
2514782742358950,2026-09-18T14:33:52.623735,14,474ccba59d18cf70
2514908035679754,2026-09-18T14:33:52.623735,14,474ccba59d18cf70
2514711792366045,2026-09-18T14:33:52.623735,14,474ccba59d18cf70
2514714192365805,2026-09-18T14:33:52.623735,14,474ccba59d18cf70
2514715122365712,2026-09-18T14:33:52.623735,14,474ccba59d18cf70
2514717055698852,2026-09-18T14:33:52.623735,14,474ccba59d18cf70
2514717829032108,2026-09-18T14:33:52.623735,14,474ccba59d18cf70
2514720915698466,2026-09-18T14:33:52.623735,14,474ccba59d18cf70
2514721652365059,2026-09-18T14:33:52.623735,14,474ccba59d18cf70
2514722559031635,2026-09-18T14:33:52.623735,14,474ccba59d18cf70
2514735189030372,2026-09-18T14:33:52.623735,14,474ccba59d18cf70
2514735815696976,2026-09-18T14:33:52.623735,14,474ccba59d18cf70
2514746955695862,2026-09-18T14:33:52.623735,14,474ccba59d18cf70
2514750979028793,2026-09-18T14:33:52.623735,14,474ccba59d18cf70
2514751949028696,2026-09-18T14:33:52.623735,14,474ccba59d18cf70
2514810075689550,2026-09-18T14:33:52.623735,14,474ccba59d18cf70
2514812245689333,2026-09-18T14:33:52.623735,14,474ccba59d18cf70
2514812729022618,2026-09-18T14:33:52.623735,14,474ccba59d18cf70
2514826109021280,2026-09-18T14:33:52.623735,14,474ccba59d18cf70
2514904572346767,2026-09-18T14:33:52.623735,14,474ccba59d18cf70
2514904792346745,2026-09-18T14:33:52.623735,14,474ccba59d18cf70
2514910012346223,2026-09-18T14:33:52.623735,14,474ccba59d18cf70
2514910855679472,2026-09-18T14:33:52.623735,14,474ccba59d18cf70
2514915415679016,2026-09-18T14:33:52.623735,14,474ccba59d18cf70
2514929845677573,2026-09-18T14:33:52.623735,14,474ccba59d18cf70
2514937155676842,2026-09-18T14:33:52.623735,14,474ccba59d18cf70
2514951412342083,2026-09-18T14:33:52.623735,14,474ccba59d18cf70
2514955119008379,2026-09-18T14:33:52.623735,14,474ccba59d18cf70
2514956032341621,2026-09-18T14:33:52.623735,14,474ccba59d18cf70
2514987925671765,2026-09-18T14:33:52.623735,14,474ccba59d18cf70
2515016105668947,2026-09-18T14:33:52.623735,14,474ccba59d18cf70
2515062662330958,2026-09-18T14:33:52.623735,14,474ccba59d18cf70
2515063878997503,2026-09-18T14:33:52.623735,14,474ccba59d18cf70
2515088892328335,2026-09-18T14:33:52.623735,14,474ccba59d18cf70
2515090752328149,2026-09-18T14:33:52.623735,14,474ccba59d18cf70
2515094002327824,2026-09-18T14:33:52.623735,14,474ccba59d18cf70
2515094575661100,2026-09-18T14:33:52.623735,14,474ccba59d18cf70
2515096615660896,2026-09-18T14:33:52.623735,14,474ccba59d18cf70
2515110025659555,2026-09-18T14:33:52.623735,14,474ccba59d18cf70
2515119998991891,2026-09-18T14:33:52.623735,14,474ccba59d18cf70
2515123648991526,2026-09-18T14:33:52.623735,14,474ccba59d18cf70
2515125895657968,2026-09-18T14:33:52.623735,14,474ccba59d18cf70
2515129318990959,2026-09-18T14:33:52.623735,14,474ccba59d18cf70
2515129448990946,2026-09-18T14:33:52.623735,14,474ccba59d18cf70
2515134195657138,2026-09-18T14:33:52.623735,14,474ccba59d18cf70
2515138048990086,2026-09-18T14:33:52.623735,14,474ccba59d18cf70
2515142398989651,2026-09-18T14:33:52.623735,14,474ccba59d18cf70
2515145788989312,2026-09-18T14:33:52.623735,14,474ccba59d18cf70
2515160842321140,2026-09-18T14:33:52.623735,14,474ccba59d18cf70
2515172465653311,2026-09-18T14:33:52.623735,14,474ccba59d18cf70
2515175322319692,2026-09-18T14:33:52.623735,14,474ccba59d18cf70
2515194042317820,2026-09-18T14:33:52.623735,14,474ccba59d18cf70
2515200242317200,2026-09-18T14:33:52.623735,14,474ccba59d18cf70
2515201302317094,2026-09-18T14:33:52.623735,14,474ccba59d18cf70
2515210445649513,2026-09-18T14:33:52.623735,14,474ccba59d18cf70
2515211782316046,2026-09-18T14:33:52.623735,14,474ccba59d18cf70
2515222732314951,2026-09-18T14:33:52.623735,14,474ccba59d18cf70
2515232042314020,2026-09-18T14:33:52.623735,14,474ccba59d18cf70
2515249665645591,2026-09-18T14:33:52.623735,14,474ccba59d18cf70
2515258202311404,2026-09-18T14:33:52.623735,14,474ccba59d18cf70
2515290215641536,2026-09-18T14:33:52.623735,14,474ccba59d18cf70
2515437462293478,2026-09-18T14:33:52.623735,14,474ccba59d18cf70
2515521808951710,2026-09-18T14:33:52.623735,14,474ccba59d18cf70
2515546832282541,2026-09-18T14:33:52.623735,14,474ccba59d18cf70
2515548732282351,2026-09-18T14:33:52.623735,14,474ccba59d18cf70
2515556802281544,2026-09-18T14:33:52.623735,14,474ccba59d18cf70
2515570012280223,2026-09-18T14:33:52.623735,14,474ccba59d18cf70
2515574182279806,2026-09-18T14:33:52.623735,14,474ccba59d18cf70
2515586752278549,2026-09-18T14:33:52.623735,14,474ccba59d18cf70
2515599302277294,2026-09-18T14:33:52.623735,14,474ccba59d18cf70
2515600915610466,2026-09-18T14:33:52.623735,14,474ccba59d18cf70
2515618738942017,2026-09-18T14:33:52.623735,14,474ccba59d18cf70
2515629792274245,2026-09-18T14:33:52.623735,14,474ccba59d18cf70
2515652725605285,2026-09-18T14:33:52.623735,14,474ccba59d18cf70
2515656625604895,2026-09-18T14:33:52.623735,14,474ccba59d18cf70
2515658822271342,2026-09-18T14:33:52.623735,14,474ccba59d18cf70
2515662585604299,2026-09-18T14:33:52.623735,14,474ccba59d18cf70
2515683488935542,2026-09-18T14:33:52.623735,14,474ccba59d18cf70
2515694448934446,2026-09-18T14:33:52.623735,14,474ccba59d18cf70
2515702895600268,2026-09-18T14:33:52.623735,14,474ccba59d18cf70
2515722162265008,2026-09-18T14:33:52.623735,14,474ccba59d18cf70
2515722752264949,2026-09-18T14:33:52.623735,14,474ccba59d18cf70
2515723702264854,2026-09-18T14:33:52.623735,14,474ccba59d18cf70
2515744602262764,2026-09-18T14:33:52.623735,14,474ccba59d18cf70
2515759028927988,2026-09-18T14:33:52.623735,14,474ccba59d18cf70
2515767255593832,2026-09-18T14:33:52.623735,14,474ccba59d18cf70
2515788192258405,2026-09-18T14:33:52.623735,14,474ccba59d18cf70
2515793282257896,2026-09-18T14:33:52.623735,14,474ccba59d18cf70
2515799288923962,2026-09-18T14:33:52.623735,14,474ccba59d18cf70
2515815598922331,2026-09-18T14:33:52.623735,14,474ccba59d18cf70
2515822185588339,2026-09-18T14:33:52.623735,14,474ccba59d18cf70
2515825165588041,2026-09-18T14:33:52.623735,14,474ccba59d18cf70
2515826738921217,2026-09-18T14:33:52.623735,14,474ccba59d18cf70
2515844242252800,2026-09-18T14:33:52.623735,14,474ccba59d18cf70
2515849052252319,2026-09-18T14:33:52.623735,14,474ccba59d18cf70
2515888208915070,2026-09-18T14:33:52.623735,14,474ccba59d18cf70
2515908018913089,2026-09-18T14:33:52.623735,14,474ccba59d18cf70
2515946408909250,2026-09-18T14:33:52.623735,14,474ccba59d18cf70
2515952348908656,2026-09-18T14:33:52.623735,14,474ccba59d18cf70
2516004772236747,2026-09-18T14:33:52.623735,14,474ccba59d18cf70
2516029735567584,2026-09-18T14:33:52.623735,14,474ccba59d18cf70
2516061828897708,2026-09-18T14:33:52.623735,14,474ccba59d18cf70
2514735825696975,2026-09-18T14:33:52.623735,14,474ccba59d18cf70
2514741695696388,2026-09-18T14:33:52.623735,14,474ccba59d18cf70
2514742402362984,2026-09-18T14:33:52.623735,14,474ccba59d18cf70
2514746685695889,2026-09-18T14:33:52.623735,14,474ccba59d18cf70
2514747419029149,2026-09-18T14:33:52.623735,14,474ccba59d18cf70
2514752725695285,2026-09-18T14:33:52.623735,14,474ccba59d18cf70
2514763195694238,2026-09-18T14:33:52.623735,14,474ccba59d18cf70
2514765565694001,2026-09-18T14:33:52.623735,14,474ccba59d18cf70
2514767039027187,2026-09-18T14:33:52.623735,14,474ccba59d18cf70
2514788909025000,2026-09-18T14:33:52.623735,14,474ccba59d18cf70
2514794695691088,2026-09-18T14:33:52.623735,14,474ccba59d18cf70
2515532932283931,2026-09-18T14:33:52.623735,14,474ccba59d18cf70
2514758612361363,2026-09-18T14:33:52.623735,14,474ccba59d18cf70
2514765635693994,2026-09-18T14:33:52.623735,14,474ccba59d18cf70
2514766992360525,2026-09-18T14:33:52.623735,14,474ccba59d18cf70
2514778875692670,2026-09-18T14:33:52.623735,14,474ccba59d18cf70
2514790905691467,2026-09-18T14:33:52.623735,14,474ccba59d18cf70
2514939025676655,2026-09-18T14:33:52.623735,14,474ccba59d18cf70
2514955905674967,2026-09-18T14:33:52.623735,14,474ccba59d18cf70
2514969355673622,2026-09-18T14:33:52.623735,14,474ccba59d18cf70
2515026945667863,2026-09-18T14:33:52.623735,14,474ccba59d18cf70
2514978039006087,2026-09-18T14:33:52.623735,14,474ccba59d18cf70
2514981485672409,2026-09-18T14:33:52.623735,14,474ccba59d18cf70
2514987179005173,2026-09-18T14:33:52.623735,14,474ccba59d18cf70
2514987489005142,2026-09-18T14:33:52.623735,14,474ccba59d18cf70
2514991092338115,2026-09-18T14:33:52.623735,14,474ccba59d18cf70
2514992072338017,2026-09-18T14:33:52.623735,14,474ccba59d18cf70
2514992419004649,2026-09-18T14:33:52.623735,14,474ccba59d18cf70
2514993145671243,2026-09-18T14:33:52.623735,14,474ccba59d18cf70
2514993272337897,2026-09-18T14:33:52.623735,14,474ccba59d18cf70
2514993669004524,2026-09-18T14:33:52.623735,14,474ccba59d18cf70
2514997459004145,2026-09-18T14:33:52.623735,14,474ccba59d18cf70
2515007742336450,2026-09-18T14:33:52.623735,14,474ccba59d18cf70
2515012519002639,2026-09-18T14:33:52.623735,14,474ccba59d18cf70
2515012985669259,2026-09-18T14:33:52.623735,14,474ccba59d18cf70
2515059858997905,2026-09-18T14:33:52.623735,14,474ccba59d18cf70
2515104065660151,2026-09-18T14:33:52.623735,14,474ccba59d18cf70
2515182375652320,2026-09-18T14:33:52.623735,14,474ccba59d18cf70
2515183538985537,2026-09-18T14:33:52.623735,14,474ccba59d18cf70
2515185425652015,2026-09-18T14:33:52.623735,14,474ccba59d18cf70
2515225305648027,2026-09-18T14:33:52.623735,14,474ccba59d18cf70
2515244232312801,2026-09-18T14:33:52.623735,14,474ccba59d18cf70
2515528888951002,2026-09-18T14:33:52.623735,14,474ccba59d18cf70
2515559842281240,2026-09-18T14:33:52.623735,14,474ccba59d18cf70
2515578658946025,2026-09-18T14:33:52.623735,14,474ccba59d18cf70
2515579075612650,2026-09-18T14:33:52.623735,14,474ccba59d18cf70
2515584048945486,2026-09-18T14:33:52.623735,14,474ccba59d18cf70
2515608978942993,2026-09-18T14:33:52.623735,14,474ccba59d18cf70
2515696722267552,2026-09-18T14:33:52.623735,14,474ccba59d18cf70
2515712052266019,2026-09-18T14:33:52.623735,14,474ccba59d18cf70
2515862108917680,2026-09-18T14:33:52.623735,14,474ccba59d18cf70
2515864448917446,2026-09-18T14:33:52.623735,14,474ccba59d18cf70
2515867558917135,2026-09-18T14:33:52.623735,14,474ccba59d18cf70
2515923948911496,2026-09-18T14:33:52.623735,14,474ccba59d18cf70
2515928345577723,2026-09-18T14:33:52.623735,14,474ccba59d18cf70
2515672965603261,2026-09-18T14:33:52.623735,14,474ccba59d18cf70
2515683975602160,2026-09-18T14:33:52.623735,14,474ccba59d18cf70
2515687022268522,2026-09-18T14:33:52.623735,14,474ccba59d18cf70
2515698818934009,2026-09-18T14:33:52.623735,14,474ccba59d18cf70
2515699008933990,2026-09-18T14:33:52.623735,14,474ccba59d18cf70
2515701022267122,2026-09-18T14:33:52.623735,14,474ccba59d18cf70
2515814792255745,2026-09-18T14:33:52.623735,14,474ccba59d18cf70
2515859282251296,2026-09-18T14:33:52.623735,14,474ccba59d18cf70
2515866132250611,2026-09-18T14:33:52.623735,14,474ccba59d18cf70
2515673355603222,2026-09-18T14:33:52.623735,14,474ccba59d18cf70
2515673612269863,2026-09-18T14:33:52.623735,14,474ccba59d18cf70
2515673718936519,2026-09-18T14:33:52.623735,14,474ccba59d18cf70
2515674095603148,2026-09-18T14:33:52.623735,14,474ccba59d18cf70
2515674675603090,2026-09-18T14:33:52.623735,14,474ccba59d18cf70
2515679568935934,2026-09-18T14:33:52.623735,14,474ccba59d18cf70
2515679835602574,2026-09-18T14:33:52.623735,14,474ccba59d18cf70
2515681415602416,2026-09-18T14:33:52.623735,14,474ccba59d18cf70
2515685188935372,2026-09-18T14:33:52.623735,14,474ccba59d18cf70
2515689438934947,2026-09-18T14:33:52.623735,14,474ccba59d18cf70
2515690835601474,2026-09-18T14:33:52.623735,14,474ccba59d18cf70
2515694155601142,2026-09-18T14:33:52.623735,14,474ccba59d18cf70
2515697518934139,2026-09-18T14:33:52.623735,14,474ccba59d18cf70
2515697895600768,2026-09-18T14:33:52.623735,14,474ccba59d18cf70
2515698395600718,2026-09-18T14:33:52.623735,14,474ccba59d18cf70
2515699062267318,2026-09-18T14:33:52.623735,14,474ccba59d18cf70
2515701085600449,2026-09-18T14:33:52.623735,14,474ccba59d18cf70
2515703605600197,2026-09-18T14:33:52.623735,14,474ccba59d18cf70
2515705302266694,2026-09-18T14:33:52.623735,14,474ccba59d18cf70
2515709302266294,2026-09-18T14:33:52.623735,14,474ccba59d18cf70
2515725968931294,2026-09-18T14:33:52.623735,14,474ccba59d18cf70
2515731042264120,2026-09-18T14:33:52.623735,14,474ccba59d18cf70
2515734422263782,2026-09-18T14:33:52.623735,14,474ccba59d18cf70
2515737188930172,2026-09-18T14:33:52.623735,14,474ccba59d18cf70
2515855675584990,2026-09-18T14:33:52.623735,14,474ccba59d18cf70
2515855982251626,2026-09-18T14:33:52.623735,14,474ccba59d18cf70
2515856612251563,2026-09-18T14:33:52.623735,14,474ccba59d18cf70
2515857288918162,2026-09-18T14:33:52.623735,14,474ccba59d18cf70
2515712682265956,2026-09-18T14:33:52.623735,14,474ccba59d18cf70
2515732348930656,2026-09-18T14:33:52.623735,14,474ccba59d18cf70
2515709178932973,2026-09-18T14:33:52.623735,14,474ccba59d18cf70
2515711085599449,2026-09-18T14:33:52.623735,14,474ccba59d18cf70
2515720575598500,2026-09-18T14:33:52.623735,14,474ccba59d18cf70
2515722025598355,2026-09-18T14:33:52.623735,14,474ccba59d18cf70
2515728858931005,2026-09-18T14:33:52.623735,14,474ccba59d18cf70
2515743532262871,2026-09-18T14:33:52.623735,14,474ccba59d18cf70
2515843815586176,2026-09-18T14:33:52.623735,14,474ccba59d18cf70
2516158842221340,2026-09-18T14:33:52.623735,14,474ccba59d18cf70
2515857905584767,2026-09-18T14:33:52.623735,14,474ccba59d18cf70
2515936985576859,2026-09-18T14:33:52.623735,14,474ccba59d18cf70
2515947822242442,2026-09-18T14:33:52.623735,14,474ccba59d18cf70
2515948432242381,2026-09-18T14:33:52.623735,14,474ccba59d18cf70
2515955392241685,2026-09-18T14:33:52.623735,14,474ccba59d18cf70
2515956965574861,2026-09-18T14:33:52.623735,14,474ccba59d18cf70
2515957402241484,2026-09-18T14:33:52.623735,14,474ccba59d18cf70
2515960238907867,2026-09-18T14:33:52.623735,14,474ccba59d18cf70
2515967608907130,2026-09-18T14:33:52.623735,14,474ccba59d18cf70
2515970602240164,2026-09-18T14:33:52.623735,14,474ccba59d18cf70
2515975888906302,2026-09-18T14:33:52.623735,14,474ccba59d18cf70
2515984508905440,2026-09-18T14:33:52.623735,14,474ccba59d18cf70
2515990125571545,2026-09-18T14:33:52.623735,14,474ccba59d18cf70
2515996315570926,2026-09-18T14:33:52.623735,14,474ccba59d18cf70
2516016525568905,2026-09-18T14:33:52.623735,14,474ccba59d18cf70
2516064078897483,2026-09-18T14:33:52.623735,14,474ccba59d18cf70
2516065345564023,2026-09-18T14:33:52.623735,14,474ccba59d18cf70
2516094712227753,2026-09-18T14:33:52.623735,14,474ccba59d18cf70
2516104652226759,2026-09-18T14:33:52.623735,14,474ccba59d18cf70
2515945035576054,2026-09-18T14:33:52.623735,14,474ccba59d18cf70
2515951818908709,2026-09-18T14:33:52.623735,14,474ccba59d18cf70
2515955998908291,2026-09-18T14:33:52.623735,14,474ccba59d18cf70
2515974045573153,2026-09-18T14:33:52.623735,14,474ccba59d18cf70
2516004602236764,2026-09-18T14:33:52.623735,14,474ccba59d18cf70
2516025662234658,2026-09-18T14:33:52.623735,14,474ccba59d18cf70
2516054898898401,2026-09-18T14:33:52.623735,14,474ccba59d18cf70
2515963842240840,2026-09-18T14:33:52.623735,14,474ccba59d18cf70
2141323946454407,2026-09-18T14:33:52.623735,14,474ccba59d18cf70
2141559003097568,2026-09-18T14:33:52.623735,14,474ccba59d18cf70
2141559013097567,2026-09-18T14:33:52.623735,14,474ccba59d18cf70
2141559016430900,2026-09-18T14:33:52.623735,14,474ccba59d18cf70
2141559019764233,2026-09-18T14:33:52.623735,14,474ccba59d18cf70
2141559023097566,2026-09-18T14:33:52.623735,14,474ccba59d18cf70
2142242176362584,2026-09-18T14:33:52.623735,14,474ccba59d18cf70
2142242179695917,2026-09-18T14:33:52.623735,14,474ccba59d18cf70
2142242183029250,2026-09-18T14:33:52.623735,14,474ccba59d18cf70
2142242506362551,2026-09-18T14:33:52.623735,14,474ccba59d18cf70
