CommentID,brand_id,detected_at
1616320479952252,aia,2026-09-03T12:13:30.447907
1616321166618850,cathay_life,2026-09-03T12:13:30.447907
1616322349952065,cathay_life,2026-09-03T12:13:30.447907
1616325129951787,manulife,2026-09-03T12:13:30.447907
1616333636617603,manulife,2026-09-03T12:13:30.447907
1616337346617232,aia,2026-09-03T12:13:30.447907
1616343596616607,hanwha_life,2026-09-03T12:13:30.447907
1616346986616268,dai_ichi,2026-09-03T12:13:30.447907
1616350379949262,bao_viet,2026-09-03T12:13:30.447907
1616356363281997,bao_viet,2026-09-03T12:13:30.447907
1616363696614597,bao_viet,2026-09-03T12:13:30.447907
1616369013280732,bao_viet,2026-09-03T12:13:30.447907
1616374943280139,aia,2026-09-03T12:13:30.447907
1616382533279380,bao_viet,2026-09-03T12:13:30.447907
1616382946612672,prudential,2026-09-03T12:13:30.447907
1616400623277571,bao_viet,2026-09-03T12:13:30.447907
1616406363276997,aia,2026-09-03T12:13:30.447907
1616410726609894,generali,2026-09-03T12:13:30.447907
1616451236605843,aia,2026-09-03T12:13:30.447907
1616457776605189,generali,2026-09-03T12:13:30.447907
1616458059938494,generali,2026-09-03T12:13:30.447907
1616521656598801,fwd,2026-09-03T12:13:30.447907
1616528533264780,aia,2026-09-03T12:13:30.447907
1616531903264443,aia,2026-09-03T12:13:30.447907
1616544359929864,bao_viet,2026-09-03T12:13:30.447907
1616546713262962,bao_viet,2026-09-03T12:13:30.447907
1616572353260398,prudential,2026-09-03T12:13:30.447907
1616573306593636,bao_viet,2026-09-03T12:13:30.447907
1616575489926751,aia,2026-09-03T12:13:30.447907
1616575629926737,aia,2026-09-03T12:13:30.447907
1616661646584802,bao_viet,2026-09-03T12:13:30.447907
1616707076580259,aia,2026-09-03T12:13:30.447907
1616753796575587,manulife,2026-09-03T12:13:30.447907
1617062816544685,dai_ichi,2026-09-03T12:13:30.447907
28558717563740646,aia,2026-09-03T12:13:30.447907
28558727000406369,aia,2026-09-03T12:13:30.447907
28558903977055338,cathay_life,2026-09-03T12:13:30.447907
28558911553721247,aia,2026-09-03T12:13:30.447907
28558925367053199,bao_viet,2026-09-03T12:13:30.447907
28558934630385606,manulife,2026-09-03T12:13:30.447907
28558947127051023,bao_viet,2026-09-03T12:13:30.447907
28558965543715848,aia,2026-09-03T12:13:30.447907
28558996820379387,manulife,2026-09-03T12:13:30.447907
28559186060360463,aia,2026-09-03T12:13:30.447907
28559291290349940,aia,2026-09-03T12:13:30.447907
28559763873636015,aia,2026-09-03T12:13:30.447907
28560289783583424,generali,2026-09-03T12:13:30.447907
28560808063531596,bao_viet,2026-09-03T12:13:30.447907
28561302600148809,aia,2026-09-03T12:13:30.447907
28561727226773013,generali,2026-09-03T12:13:30.447907
28562103496735386,aia,2026-09-03T12:13:30.447907
28562589053353497,manulife,2026-09-03T12:13:30.447907
28565724179706651,aia,2026-09-03T12:13:30.447907
28566690606276675,dai_ichi,2026-09-03T12:13:30.447907
28567047882907614,aia,2026-09-03T12:13:30.447907
28560093976936338,cathay_life,2026-09-03T12:13:30.447907
28560297993582603,aia,2026-09-03T12:13:30.447907
28560310943581308,aia,2026-09-03T12:13:30.447907
28560312920247777,aia,2026-09-03T12:13:30.447907
28560716543540748,aia,2026-09-03T12:13:30.447907
28560804736865262,bao_viet,2026-09-03T12:13:30.447907
28563620679917001,generali,2026-09-03T12:13:30.447907
28566695286276207,dai_ichi,2026-09-03T12:13:30.447907
28567101276235608,aia,2026-09-03T12:13:30.447907
28575996962012706,aia,2026-09-03T12:13:30.447907
28577036195242116,aia,2026-09-03T12:13:30.447907
28587042247574844,bao_viet,2026-09-03T12:13:30.447907
28573696998909369,manulife,2026-09-03T12:13:30.447907
28573705152241887,dai_ichi,2026-09-03T12:13:30.447907
28573715195574216,dai_ichi,2026-09-03T12:13:30.447907
28573727955572940,manulife,2026-09-03T12:13:30.447907
28573755662236836,generali,2026-09-03T12:13:30.447907
28573764182235984,generali,2026-09-03T12:13:30.447907
28573801785565557,aia,2026-09-03T12:13:30.447907
28573881042224298,manulife,2026-09-03T12:13:30.447907
28573902425555493,bao_viet,2026-09-03T12:13:30.447907
28573910598888009,aia,2026-09-03T12:13:30.447907
28573947642217638,manulife,2026-09-03T12:13:30.447907
28573957332216669,dai_ichi,2026-09-03T12:13:30.447907
28573957805549955,prudential,2026-09-03T12:13:30.447907
28574044002208002,generali,2026-09-03T12:13:30.447907
28574208565524879,generali,2026-09-03T12:13:30.447907
28574427878836281,manulife,2026-09-03T12:13:30.447907
28574480082164394,chubb_life,2026-09-03T12:13:30.447907
28574496785496057,aia,2026-09-03T12:13:30.447907
28574691188809950,manulife,2026-09-03T12:13:30.447907
28575541202058282,manulife,2026-09-03T12:13:30.447907
28575884435357292,generali,2026-09-03T12:13:30.447907
28580341424911593,aia,2026-09-03T12:13:30.447907
28585737857705283,dai_ichi,2026-09-03T12:13:30.447907
28585835881028814,hanwha_life,2026-09-03T12:13:30.447907
28580025924943143,aia,2026-09-03T12:13:30.447907
28580110771601325,bao_viet,2026-09-03T12:13:30.447907
28580205804925155,aia,2026-09-03T12:13:30.447907
28580429814902754,aia,2026-09-03T12:13:30.447907
28580431238235945,aia,2026-09-03T12:13:30.447907
28584881461124256,generali,2026-09-03T12:13:30.447907
28585151171097285,bao_viet,2026-09-03T12:13:30.447907
28587029744242761,bao_viet,2026-09-03T12:13:30.447907
1745703773303613,generali,2026-09-03T12:13:30.447907
1745707149969942,generali,2026-09-03T12:13:30.447907
1745740706633253,generali,2026-09-03T12:13:30.447907
1745921393281851,generali,2026-09-03T12:13:30.447907
1746066456600678,generali,2026-09-03T12:13:30.447907
1746108609929796,generali,2026-09-03T12:13:30.447907
1745672816640042,sun_life,2026-09-03T12:13:30.447907
1745708673303123,dai_ichi,2026-09-03T12:13:30.447907
1745783153295675,manulife,2026-09-03T12:13:30.447907
1745684969972160,aia,2026-09-03T12:13:30.447907
1745695306637793,aia,2026-09-03T12:13:30.447907
1745706909969966,aia,2026-09-03T12:13:30.447907
1745773583296632,aia,2026-09-03T12:13:30.447907
1746109629929694,aia,2026-09-03T12:13:30.447907
1746493683224622,dai_ichi,2026-09-03T12:13:30.447907
1746497033224287,sun_life,2026-09-03T12:13:30.447907
1746501156557208,aia,2026-09-03T12:13:30.447907
1746505593223431,dai_ichi,2026-09-03T12:13:30.447907
1746511626556161,dai_ichi,2026-09-03T12:13:30.447907
1746529229887734,generali,2026-09-03T12:13:30.447907
1746537763220214,sun_life,2026-09-03T12:13:30.447907
1746549856552338,aia,2026-09-03T12:13:30.447907
1746554069885250,manulife,2026-09-03T12:13:30.447907
1746576476549676,generali,2026-09-03T12:13:30.447907
1746718139868843,dai_ichi,2026-09-03T12:13:30.447907
1746977929842864,generali,2026-09-03T12:13:30.447907
1745919033282087,generali,2026-09-03T12:13:30.447907
1745933379947319,aia,2026-09-03T12:13:30.447907
1745933673280623,dai_ichi,2026-09-03T12:13:30.447907
1745937373280253,dai_ichi,2026-09-03T12:13:30.447907
1745974803276510,generali,2026-09-03T12:13:30.447907
1745978139942843,sun_life,2026-09-03T12:13:30.447907
1745978743276116,dai_ichi,2026-09-03T12:13:30.447907
1745911839949473,aia,2026-09-03T12:13:30.447907
1745912689949388,aia,2026-09-03T12:13:30.447907
1745920169948640,dai_ichi,2026-09-03T12:13:30.447907
1745973289943328,aia,2026-09-03T12:13:30.447907
1745987146608609,aia,2026-09-03T12:13:30.447907
1745996183274372,sun_life,2026-09-03T12:13:30.447907
1746039253270065,aia,2026-09-03T12:13:30.447907
1746095143264476,aia,2026-09-03T12:13:30.447907
1746095143264476,sun_life,2026-09-03T12:13:30.447907
1746162836591040,aia,2026-09-03T12:13:30.447907
1746162836591040,generali,2026-09-03T12:13:30.447907
1746162836591040,sun_life,2026-09-03T12:13:30.447907
1746163766590947,generali,2026-09-03T12:13:30.447907
1746221566585167,prudential,2026-09-03T12:13:30.447907
1746221566585167,aia,2026-09-03T12:13:30.447907
1746221566585167,manulife,2026-09-03T12:13:30.447907
1746221566585167,dai_ichi,2026-09-03T12:13:30.447907
1746655936541730,dai_ichi,2026-09-03T12:13:30.447907
1745943679946289,dai_ichi,2026-09-03T12:13:30.447907
1745961406611183,aia,2026-09-03T12:13:30.447907
1745965323277458,generali,2026-09-03T12:13:30.447907
1745975963276394,sun_life,2026-09-03T12:13:30.447907
1745985416608782,dai_ichi,2026-09-03T12:13:30.447907
1745991493274841,cathay_life,2026-09-03T12:13:30.447907
1745998536607470,generali,2026-09-03T12:13:30.447907
1746002499940407,aia,2026-09-03T12:13:30.447907
1746043783269612,dai_ichi,2026-09-03T12:13:30.447907
1746061146601209,sun_life,2026-09-03T12:13:30.447907
1746102479930409,aia,2026-09-03T12:13:30.447907
1746199113254079,prudential,2026-09-03T12:13:30.447907
1746199113254079,aia,2026-09-03T12:13:30.447907
1746199113254079,manulife,2026-09-03T12:13:30.447907
1746199113254079,dai_ichi,2026-09-03T12:13:30.447907
1746199113254079,generali,2026-09-03T12:13:30.447907
1746480529892604,generali,2026-09-03T12:13:30.447907
1746482286559095,dai_ichi,2026-09-03T12:13:30.447907
1745940906613233,manulife,2026-09-03T12:13:30.447907
1745976953276295,sun_life,2026-09-03T12:13:30.447907
1746017609938896,aia,2026-09-03T12:13:30.447907
1746063663267624,sun_life,2026-09-03T12:13:30.447907
1746077139932943,dai_ichi,2026-09-03T12:13:30.447907
1746085649932092,manulife,2026-09-03T12:13:30.447907
1746085649932092,dai_ichi,2026-09-03T12:13:30.447907
1746116469929010,dai_ichi,2026-09-03T12:13:30.447907
1746123576594966,manulife,2026-09-03T12:13:30.447907
1746497963224194,aia,2026-09-03T12:13:30.447907
1745909909949666,aia,2026-09-03T12:13:30.447907
1745914583282532,aia,2026-09-03T12:13:30.447907
1745980353275955,generali,2026-09-03T12:13:30.447907
1745980353275955,sun_life,2026-09-03T12:13:30.447907
1745988359941821,sun_life,2026-09-03T12:13:30.447907
1745994269941230,aia,2026-09-03T12:13:30.447907
1745994269941230,generali,2026-09-03T12:13:30.447907
1746094389931218,generali,2026-09-03T12:13:30.447907
1746654096541914,dai_ichi,2026-09-03T12:13:30.447907
1746717979868859,dai_ichi,2026-09-03T12:13:30.447907
1745964223277568,generali,2026-09-03T12:13:30.447907
1745964463277544,generali,2026-09-03T12:13:30.447907
1745967319943925,dai_ichi,2026-09-03T12:13:30.447907
1745971939943463,dai_ichi,2026-09-03T12:13:30.447907
1745972059943451,generali,2026-09-03T12:13:30.447907
1745974929943164,sun_life,2026-09-03T12:13:30.447907
1745979639942693,generali,2026-09-03T12:13:30.447907
1745986199942037,dai_ichi,2026-09-03T12:13:30.447907
1746064849934172,sun_life,2026-09-03T12:13:30.447907
1746131479927509,dai_ichi,2026-09-03T12:13:30.447907
1746592919881365,generali,2026-09-03T12:13:30.447907
1746061706601153,bao_viet,2026-09-03T12:13:30.447907
1746063256600998,aia,2026-09-03T12:13:30.447907
1746069879933669,sun_life,2026-09-03T12:13:30.447907
1746070119933645,bao_viet,2026-09-03T12:13:30.447907
1746078949932762,bao_viet,2026-09-03T12:13:30.447907
1746084499932207,bao_viet,2026-09-03T12:13:30.447907
1746089679931689,generali,2026-09-03T12:13:30.447907
1746128073261183,bao_viet,2026-09-03T12:13:30.447907
1746158443258146,bao_viet,2026-09-03T12:13:30.447907
1746286459912011,aia,2026-09-03T12:13:30.447907
1746399139900743,sun_life,2026-09-03T12:13:30.447907
1746483243225666,aia,2026-09-03T12:13:30.447907
1746491629891494,aia,2026-09-03T12:13:30.447907
1746499369890720,generali,2026-09-03T12:13:30.447907
1746499369890720,sun_life,2026-09-03T12:13:30.447907
1746506219890035,dai_ichi,2026-09-03T12:13:30.447907
1747252566482067,generali,2026-09-03T12:13:30.447907
1747317183142272,dai_ichi,2026-09-03T12:13:30.447907
1746493989891258,aia,2026-09-03T12:13:30.447907
1746501796557144,sun_life,2026-09-03T12:13:30.447907
1746531489887508,generali,2026-09-03T12:13:30.447907
1746531926554131,generali,2026-09-03T12:13:30.447907
1746533163220674,generali,2026-09-03T12:13:30.447907
1746533786553945,dai_ichi,2026-09-03T12:13:30.447907
1746550503218940,aia,2026-09-03T12:13:30.447907
1746592776548046,dai_ichi,2026-09-03T12:13:30.447907
1746991639841493,dai_ichi,2026-09-03T12:13:30.447907
1746556509885006,manulife,2026-09-03T12:13:30.447907
1746717693202221,aia,2026-09-03T12:13:30.447907
1746978589842798,generali,2026-09-03T12:13:30.447907
1747319149808742,dai_ichi,2026-09-03T12:13:30.447907
1747338573140133,aia,2026-09-03T12:13:30.447907
1746492616558062,dai_ichi,2026-09-03T12:13:30.447907
1746501399890517,aia,2026-09-03T12:13:30.447907
1746501399890517,manulife,2026-09-03T12:13:30.447907
1746501399890517,generali,2026-09-03T12:13:30.447907
1746501399890517,sun_life,2026-09-03T12:13:30.447907
1746507429889914,dai_ichi,2026-09-03T12:13:30.447907
1746513993222591,sun_life,2026-09-03T12:13:30.447907
1746528159887841,generali,2026-09-03T12:13:30.447907
1746553163218674,manulife,2026-09-03T12:13:30.447907
1746647659875891,manulife,2026-09-03T12:13:30.447907
1746647659875891,generali,2026-09-03T12:13:30.447907
1746651153208875,dai_ichi,2026-09-03T12:13:30.447907
1746836226523701,generali,2026-09-03T12:13:30.447907
1747008036506520,generali,2026-09-03T12:13:30.447907
1747358469804810,aia,2026-09-03T12:13:30.447907
1746578176549506,aia,2026-09-03T12:13:30.447907
1746590076548316,sun_life,2026-09-03T12:13:30.447907
1746630013210989,aia,2026-09-03T12:13:30.447907
1747370559803601,aia,2026-09-03T12:13:30.447907
1746598006547523,dai_ichi,2026-09-03T12:13:30.447907
1746598123214178,sun_life,2026-09-03T12:13:30.447907
1746598149880842,dai_ichi,2026-09-03T12:13:30.447907
1746600739880583,aia,2026-09-03T12:13:30.447907
1746607023213288,dai_ichi,2026-09-03T12:13:30.447907
1746625069878150,sun_life,2026-09-03T12:13:30.447907
1746651446542179,dai_ichi,2026-09-03T12:13:30.447907
1747332499807407,dai_ichi,2026-09-03T12:13:30.447907
1746652419875415,aia,2026-09-03T12:13:30.447907
1746653103208680,aia,2026-09-03T12:13:30.447907
1746656913208299,sun_life,2026-09-03T12:13:30.447907
1746678143206176,generali,2026-09-03T12:13:30.447907
1746681873205803,generali,2026-09-03T12:13:30.447907
1746686786538645,sun_life,2026-09-03T12:13:30.447907
1746713253202665,dai_ichi,2026-09-03T12:13:30.447907
1746721673201823,dai_ichi,2026-09-03T12:13:30.447907
1746763229864334,aia,2026-09-03T12:13:30.447907
1746765226530801,aia,2026-09-03T12:13:30.447907
1746786209862036,dai_ichi,2026-09-03T12:13:30.447907
1746850276522296,generali,2026-09-03T12:13:30.447907
1746894946517829,dai_ichi,2026-09-03T12:13:30.447907
1746924006514923,aia,2026-09-03T12:13:30.447907
1747010013172989,generali,2026-09-03T12:13:30.447907
1747010013172989,sun_life,2026-09-03T12:13:30.447907
1746963049844352,sun_life,2026-09-03T12:13:30.447907
1746970856510238,dai_ichi,2026-09-03T12:13:30.447907
1746977016509622,generali,2026-09-03T12:13:30.447907
1746990469841610,dai_ichi,2026-09-03T12:13:30.447907
1747024756504848,manulife,2026-09-03T12:13:30.447907
1747024756504848,dai_ichi,2026-09-03T12:13:30.447907
1747081543165836,aia,2026-09-03T12:13:30.447907
1747088023165188,dai_ichi,2026-09-03T12:13:30.447907
1747093083164682,aia,2026-09-03T12:13:30.447907
1747286606478663,manulife,2026-09-03T12:13:30.447907
1747315946475729,manulife,2026-09-03T12:50:39.824921
1747315946475729,dai_ichi,2026-09-03T12:50:39.824921
1747356823138308,aia,2026-09-03T12:50:39.824921
1746966063177384,aia,2026-09-03T12:50:39.824921
1746974649843192,aia,2026-09-03T12:50:39.824921
1746983529842304,aia,2026-09-03T12:50:39.824921
1746983599842297,aia,2026-09-03T12:50:39.824921
1746986169842040,aia,2026-09-03T12:50:39.824921
1746945936512730,sun_life,2026-09-03T12:50:39.824921
1746947703179220,generali,2026-09-03T12:50:39.824921
1746948013179189,generali,2026-09-03T12:50:39.824921
1746948013179189,sun_life,2026-09-03T12:50:39.824921
1746948073179183,generali,2026-09-03T12:50:39.824921
1746957589844898,generali,2026-09-03T12:50:39.824921
1746957589844898,sun_life,2026-09-03T12:50:39.824921
1746959563178034,sun_life,2026-09-03T12:50:39.824921
1746962079844449,generali,2026-09-03T12:50:39.824921
1746962079844449,sun_life,2026-09-03T12:50:39.824921
1746966493177341,generali,2026-09-03T12:50:39.824921
1746967553177235,generali,2026-09-03T12:50:39.824921
1746967553177235,sun_life,2026-09-03T12:50:39.824921
1746972983176692,generali,2026-09-03T12:50:39.824921
1746976746509649,generali,2026-09-03T12:50:39.824921
1746977456509578,generali,2026-09-03T12:50:39.824921
1746990486508275,generali,2026-09-03T12:50:39.824921
1746990486508275,sun_life,2026-09-03T12:50:39.824921
1746992246508099,sun_life,2026-09-03T12:50:39.824921
1746993609841296,generali,2026-09-03T12:50:39.824921
1747001696507154,generali,2026-09-03T12:50:39.824921
1747001696507154,sun_life,2026-09-03T12:50:39.824921
1747009199839737,sun_life,2026-09-03T12:50:39.824921
1747026096504714,generali,2026-09-03T12:50:39.824921
1747026096504714,sun_life,2026-09-03T12:50:39.824921
1747033009837356,generali,2026-09-03T12:50:39.824921
1747092066498117,aia,2026-09-03T12:50:39.824921
1747100749830582,dai_ichi,2026-09-03T12:50:39.824921
1747100749830582,generali,2026-09-03T12:50:39.824921
1747100749830582,sun_life,2026-09-03T12:50:39.824921
1747248086482515,generali,2026-09-03T12:50:39.824921
1747259586481365,generali,2026-09-03T12:50:39.824921
1747267343147256,generali,2026-09-03T12:50:39.824921
1747267343147256,sun_life,2026-09-03T12:50:39.824921
1747269086480415,generali,2026-09-03T12:50:39.824921
1747269086480415,sun_life,2026-09-03T12:50:39.824921
1747271363146854,dai_ichi,2026-09-03T12:50:39.824921
1747271363146854,generali,2026-09-03T12:50:39.824921
1747271363146854,sun_life,2026-09-03T12:50:39.824921
1747282623145728,generali,2026-09-03T12:50:39.824921
1747282623145728,sun_life,2026-09-03T12:50:39.824921
1747300073143983,generali,2026-09-03T12:50:39.824921
1747300073143983,sun_life,2026-09-03T12:50:39.824921
1747313786475945,dai_ichi,2026-09-03T12:50:39.824921
1747313786475945,generali,2026-09-03T12:50:39.824921
1747313786475945,sun_life,2026-09-03T12:50:39.824921
1747034043170586,aia,2026-09-03T12:50:39.824921
1747036409837016,sun_life,2026-09-03T12:50:39.824921
1747049333169057,aia,2026-09-03T12:50:39.824921
1747103253163665,dai_ichi,2026-09-03T12:50:39.824921
1747314956475828,aia,2026-09-03T12:50:39.824921
2501600183677206,bao_viet,2026-09-03T12:50:39.824921
2502176716952886,bao_viet,2026-09-03T12:50:39.824921
2502873973549827,bao_viet,2026-09-03T12:50:39.824921
2128513374402131,aia,2026-09-03T12:50:39.824921
2128515817735220,sun_life,2026-09-03T12:50:39.824921
2128517664401702,aia,2026-09-03T12:50:39.824921
2128523624401106,aia,2026-09-03T12:50:39.824921
2128527661067369,aia,2026-09-03T12:50:39.824921
2128527661067369,generali,2026-09-03T12:50:39.824921
2128535661066569,generali,2026-09-03T12:50:39.824921
2128544134399055,bao_viet,2026-09-03T12:50:39.824921
2128548991065236,sun_life,2026-09-03T12:50:39.824921
2128553897731412,manulife,2026-09-03T12:50:39.824921
2128561574397311,manulife,2026-09-03T12:50:39.824921
2128574704395998,aia,2026-09-03T12:50:39.824921
2128583327728469,aia,2026-09-03T12:50:39.824921
2128592574394211,aia,2026-09-03T12:50:39.824921
2128683701051765,dai_ichi,2026-09-03T12:50:39.824921
2129412004312268,dai_ichi,2026-09-03T12:50:39.824921
2129423124311156,prudential,2026-09-03T12:50:39.824921
2129453604308108,bao_viet,2026-09-03T12:50:39.824921
2129499517636850,aia,2026-09-03T12:50:39.824921
2129515207635281,aia,2026-09-03T12:50:39.824921
2129678784285590,bao_viet,2026-09-03T12:50:39.824921
2250602759211011,generali,2026-09-08T18:18:45.891606
1618935219690778,manulife,2026-09-08T18:18:45.891606
1618939076357059,dai_ichi,2026-09-08T18:18:45.891606
1619058219678478,generali,2026-09-08T18:18:45.891606
1618071216443845,dai_ichi,2026-09-08T18:18:45.891606
1619034679680832,bao_viet,2026-09-08T18:18:45.891606
1619034813014152,bao_viet,2026-09-08T18:18:45.891606
1620884676162499,fwd,2026-09-08T18:18:45.891606
1622424199341880,dai_ichi,2026-09-08T18:18:45.891606
1618934736357493,manulife,2026-09-08T18:18:45.891606
1618480599736240,aia,2026-09-08T18:18:45.891606
1618483616402605,manulife,2026-09-08T18:18:45.891606
1618483616402605,aviva,2026-09-08T18:18:45.891606
1618485319735768,manulife,2026-09-08T18:18:45.891606
1618487236402243,manulife,2026-09-08T18:18:45.891606
1618487236402243,aviva,2026-09-08T18:18:45.891606
1618488833068750,aviva,2026-09-08T18:18:45.891606
1618527383064895,aviva,2026-09-08T18:18:45.891606
1618652619719038,aviva,2026-09-08T18:18:45.891606
1618837013033932,dai_ichi,2026-09-08T18:18:45.891606
1618837013033932,aviva,2026-09-08T18:18:45.891606
1620885739495726,aviva,2026-09-08T18:18:45.891606
1619025976348369,aia,2026-09-08T18:18:45.891606
1619026106348356,aia,2026-09-08T18:18:45.891606
1619026286348338,manulife,2026-09-08T18:18:45.891606
1619026393014994,aia,2026-09-08T18:18:45.891606
1619026673014966,generali,2026-09-08T18:18:45.891606
1619027469681553,manulife,2026-09-08T18:18:45.891606
1619027569681543,aia,2026-09-08T18:18:45.891606
1619028399681460,cathay_life,2026-09-08T18:18:45.891606
1619028713014762,bao_viet,2026-09-08T18:18:45.891606
1619029209681379,dai_ichi,2026-09-08T18:18:45.891606
1619033713014262,bao_viet,2026-09-08T18:18:45.891606
1619033709680929,dai_ichi,2026-09-08T18:18:45.891606
1619034183014215,generali,2026-09-08T18:18:45.891606
1619034506347516,dai_ichi,2026-09-08T18:18:45.891606
1619036466347320,prudential,2026-09-08T18:18:45.891606
1619041059680194,dai_ichi,2026-09-08T18:18:45.891606
1619045509679749,manulife,2026-09-08T18:18:45.891606
1619049563012677,aia,2026-09-08T18:18:45.891606
1619049823012651,aia,2026-09-08T18:18:45.891606
1619052696345697,dai_ichi,2026-09-08T18:18:45.891606
1619056146345352,generali,2026-09-08T18:18:45.891606
1619059329678367,aia,2026-09-08T18:18:45.891606
1619061896344777,aia,2026-09-08T18:18:45.891606
1619098493007784,dai_ichi,2026-09-08T18:18:45.891606
1619122369672063,aia,2026-09-08T18:18:45.891606
1619155536335413,dai_ichi,2026-09-08T18:18:45.891606
1619170096333957,bao_viet,2026-09-08T18:18:45.891606
1619199499664350,aia,2026-09-08T18:18:45.891606
1619200522997581,dai_ichi,2026-09-08T18:18:45.891606
1619205252997108,bao_viet,2026-09-08T18:18:45.891606
1619215516329415,bao_viet,2026-09-08T18:18:45.891606
1619321396318827,cathay_life,2026-09-08T18:18:45.891606
1619658422951791,manulife,2026-09-08T18:18:45.891606
1619832812934352,generali,2026-09-08T18:18:45.891606
1619946636256303,fwd,2026-09-08T18:18:45.891606
1620073552910278,manulife,2026-09-08T18:18:45.891606
1620372279547072,dai_ichi,2026-09-08T18:18:45.891606
1619935172924116,fwd,2026-09-08T18:18:45.891606
1619935629590737,manulife,2026-09-08T18:18:45.891606
1619936266257340,manulife,2026-09-08T18:18:45.891606
1619936369590663,aia,2026-09-08T18:18:45.891606
1619936582923975,dai_ichi,2026-09-08T18:18:45.891606
1619936996257267,dai_ichi,2026-09-08T18:18:45.891606
1619937079590592,manulife,2026-09-08T18:18:45.891606
1619937622923871,bao_viet,2026-09-08T18:18:45.891606
1619938836257083,manulife,2026-09-08T18:18:45.891606
1619938862923747,dai_ichi,2026-09-08T18:18:45.891606
1619941112923522,manulife,2026-09-08T18:18:45.891606
1619942729590027,generali,2026-09-08T18:18:45.891606
1619944356256531,manulife,2026-09-08T18:18:45.891606
1619953309588969,dai_ichi,2026-09-08T18:18:45.891606
1619953336255633,bao_viet,2026-09-08T18:18:45.891606
1619954249588875,bao_viet,2026-09-08T18:18:45.891606
1619954719588828,bao_viet,2026-09-08T18:18:45.891606
1619956202922013,aia,2026-09-08T18:18:45.891606
1619957459588554,aia,2026-09-08T18:18:45.891606
1619968399587460,aia,2026-09-08T18:18:45.891606
1619968829587417,dai_ichi,2026-09-08T18:18:45.891606
1619972016253765,generali,2026-09-08T18:18:45.891606
1619978979586402,aia,2026-09-08T18:18:45.891606
1619979286253038,aia,2026-09-08T18:18:45.891606
1619981206252846,bao_viet,2026-09-08T18:18:45.891606
1619985482919085,dai_ichi,2026-09-08T18:18:45.891606
1619987472918886,cathay_life,2026-09-08T18:18:45.891606
1619988722918761,generali,2026-09-08T18:18:45.891606
1619991092918524,aia,2026-09-08T18:18:45.891606
1620005722917061,chubb_life,2026-09-08T18:18:45.891606
1620008589583441,cathay_life,2026-09-08T18:18:45.891606
1620009382916695,manulife,2026-09-08T18:18:45.891606
1620013739582926,aia,2026-09-08T18:18:45.891606
1620025512915082,bao_viet,2026-09-08T18:18:45.891606
1620037502913883,bao_viet,2026-09-08T18:18:45.891606
1620055806245386,dai_ichi,2026-09-08T18:18:45.891606
1620116366239330,dai_ichi,2026-09-08T18:18:45.891606
1620122079572092,dai_ichi,2026-09-08T18:18:45.891606
1620173836233583,aia,2026-09-08T18:18:45.891606
1620173866233580,aia,2026-09-08T18:18:45.891606
1620185809565719,bao_viet,2026-09-08T18:18:45.891606
1620270816223885,manulife,2026-09-08T18:18:45.891606
1620371222880511,dai_ichi,2026-09-08T18:18:45.891606
1620453986205568,fwd,2026-09-08T18:18:45.891606
1620540276196939,generali,2026-09-08T18:18:45.891606
1620876532829980,dai_ichi,2026-09-08T18:18:45.891606
1621017529482547,bao_viet,2026-09-08T18:18:45.891606
1621578482759785,dai_ichi,2026-09-08T18:18:45.891606
1621684359415864,hanwha_life,2026-09-08T18:18:45.891606
1622423899341910,dai_ichi,2026-09-08T18:18:45.891606
1622541229330177,aia,2026-09-08T18:18:45.891606
1620152392902394,aia,2026-09-08T18:18:45.891606
1620166496234317,aia,2026-09-08T18:18:45.891606
1620167872900846,manulife,2026-09-08T18:18:45.891606
1620176512899982,manulife,2026-09-08T18:18:45.891606
1620182452899388,aia,2026-09-08T18:18:45.891606
1620211449563155,aia,2026-09-08T18:18:45.891606
1620447566206210,fwd,2026-09-08T18:18:45.891606
1620622416188725,fwd,2026-09-08T18:18:45.891606
1620882592829374,aia,2026-09-08T18:18:45.891606
1620882592829374,dai_ichi,2026-09-08T18:18:45.891606
1620882592829374,generali,2026-09-08T18:18:45.891606
1620882592829374,sun_life,2026-09-08T18:18:45.891606
1620882592829374,fwd,2026-09-08T18:18:45.891606
1620929886157978,dai_ichi,2026-09-08T18:18:45.891606
1621506006100366,manulife,2026-09-08T18:18:45.891606
1621806079403692,fwd,2026-09-08T18:18:45.891606
1621056316145335,manulife,2026-09-08T18:18:45.891606
1621067642810869,sun_life,2026-09-08T18:18:45.891606
1621090782808555,aia,2026-09-08T18:18:45.891606
1621097806141186,sun_life,2026-09-08T18:18:45.891606
1621117892805844,sun_life,2026-09-08T18:18:45.891606
1621124229471877,generali,2026-09-08T18:18:45.891606
1621163462801287,generali,2026-09-08T18:18:45.891606
1621195742798059,aia,2026-09-08T18:18:45.891606
1621367406114226,aia,2026-09-08T18:18:45.891606
1621426566108310,bao_viet,2026-09-08T18:18:45.891606
1621454142772219,generali,2026-09-08T18:18:45.891606
1621454142772219,sun_life,2026-09-08T18:18:45.891606
1621499692767664,aia,2026-09-08T18:18:45.891606
1621503072767326,aia,2026-09-08T18:18:45.891606
1621840576066909,aia,2026-09-08T18:18:45.891606
1621841092733524,dai_ichi,2026-09-08T18:18:45.891606
1621841089400191,cathay_life,2026-09-08T18:18:45.891606
1621842416066725,manulife,2026-09-08T18:18:45.891606
1621842556066711,aia,2026-09-08T18:18:45.891606
1621843142733319,aia,2026-09-08T18:18:45.891606
1621845902733043,bao_viet,2026-09-08T18:18:45.891606
1621846656066301,dai_ichi,2026-09-08T18:18:45.891606
1621847322732901,aia,2026-09-08T18:18:45.891606
1621847862732847,aia,2026-09-08T18:18:45.891606
1621851329399167,aia,2026-09-08T18:18:45.891606
1621851329399167,dai_ichi,2026-09-08T18:18:45.891606
1621851329399167,generali,2026-09-08T18:18:45.891606
1621852382732395,manulife,2026-09-08T18:18:45.891606
1621853326065634,sun_life,2026-09-08T18:18:45.891606
1621854156065551,bao_viet,2026-09-08T18:18:45.891606
1621857072731926,manulife,2026-09-08T18:18:45.891606
1621859639398336,bao_viet,2026-09-08T18:18:45.891606
1621860456064921,aia,2026-09-08T18:18:45.891606
1621870819397218,dai_ichi,2026-09-08T18:18:45.891606
1621872856063681,dai_ichi,2026-09-08T18:18:45.891606
1621875672730066,aia,2026-09-08T18:18:45.891606
1621879172729716,aia,2026-09-08T18:18:45.891606
1621882179396082,dai_ichi,2026-09-08T18:18:45.891606
1621890999395200,aia,2026-09-08T18:18:45.891606
1621933219390978,dai_ichi,2026-09-08T18:18:45.891606
1621938852723748,generali,2026-09-08T18:18:45.891606
1621942049390095,sun_life,2026-09-08T18:18:45.891606
1621956176055349,prudential,2026-09-08T18:18:45.891606
1621962156054751,manulife,2026-09-08T18:18:45.891606
1621964839387816,aia,2026-09-08T18:18:45.891606
1621975819386718,aia,2026-09-08T18:18:45.891606
1622060999378200,manulife,2026-09-08T18:18:45.891606
1622354166015550,dai_ichi,2026-09-08T18:18:45.891606
1622376406013326,sun_life,2026-09-08T18:18:45.891606
1622379306013036,aia,2026-09-08T18:18:45.891606
1622402569344043,aia,2026-09-08T18:18:45.891606
1622423979341902,dai_ichi,2026-09-08T18:18:45.891606
1622478862669747,dai_ichi,2026-09-08T18:18:45.891606
1622480396002927,aia,2026-09-08T18:18:45.891606
1622591855991781,aia,2026-09-08T18:18:45.891606
2109383109662824,aia,2026-09-08T18:18:45.891606
2109716486296153,manulife,2026-09-08T18:18:45.891606
28639969055615496,aia,2026-09-08T18:18:45.891606
28588178920794510,aia,2026-09-08T18:18:45.891606
28588523107426758,manulife,2026-09-08T18:18:45.891606
28591229673822768,bao_viet,2026-09-08T18:18:45.891606
28652603764352025,aia,2026-09-08T18:18:45.891606
28652603764352025,dai_ichi,2026-09-08T18:18:45.891606
28652603764352025,bao_viet,2026-09-08T18:18:45.891606
28652603764352025,fwd,2026-09-08T18:18:45.891606
28653943924218009,aia,2026-09-08T18:18:45.891606
28588426520769750,aia,2026-09-08T18:18:45.891606
28588427340769668,aia,2026-09-08T18:18:45.891606
28589041834041552,dai_ichi,2026-09-08T18:18:45.891606
28590050177274051,bao_viet,2026-09-08T18:18:45.891606
28592103027068766,generali,2026-09-08T18:18:45.891606
28592158037063265,manulife,2026-09-08T18:18:45.891606
28592292227049846,aia,2026-09-08T18:18:45.891606
28592294833716252,aia,2026-09-08T18:18:45.891606
28593393396939729,bao_viet,2026-09-08T18:18:45.891606
28604354022510333,aia,2026-09-08T18:18:45.891606
28604354022510333,dai_ichi,2026-09-08T18:18:45.891606
28604354022510333,bao_viet,2026-09-08T18:18:45.891606
28604354022510333,fwd,2026-09-08T18:18:45.891606
28604457532499982,dai_ichi,2026-09-08T18:18:45.891606
28594148823530853,dai_ichi,2026-09-08T18:18:45.891606
28594152670197135,generali,2026-09-08T18:18:45.891606
28594158633529872,generali,2026-09-08T18:18:45.891606
28594175136861555,manulife,2026-09-08T18:18:45.891606
28594181843527551,aia,2026-09-08T18:18:45.891606
28594183430194059,aia,2026-09-08T18:18:45.891606
28594187176860351,aia,2026-09-08T18:18:45.891606
28594220206857048,chubb_life,2026-09-08T18:18:45.891606
28594290963516639,dai_ichi,2026-09-08T18:18:45.891606
28594291070183295,generali,2026-09-08T18:18:45.891606
28594498316829237,aia,2026-09-08T18:18:45.891606
28594534050158997,cathay_life,2026-09-08T18:18:45.891606
28594625550149847,generali,2026-09-08T18:18:45.891606
28594700713475664,manulife,2026-09-08T18:18:45.891606
28594973303448405,generali,2026-09-08T18:18:45.891606
28595069986772070,aia,2026-09-08T18:18:45.891606
28595605710051831,aia,2026-09-08T18:18:45.891606
28597783436500725,generali,2026-09-08T18:18:45.891606
28598838026395266,bao_viet,2026-09-08T18:18:45.891606
28599038213041914,dai_ichi,2026-09-08T18:18:45.891606
28599094406369628,aia,2026-09-08T18:18:45.891606
28600954552850280,bao_viet,2026-09-08T18:18:45.891606
28601277722817963,sun_life,2026-09-08T18:18:45.891606
28612066101739125,bao_viet,2026-09-08T18:18:45.891606
28631750439770691,aia,2026-09-08T18:18:45.891606
28653817227564012,generali,2026-09-08T18:18:45.891606
28594313270181075,aia,2026-09-08T18:18:45.891606
28594479630164439,generali,2026-09-08T18:18:45.891606
28595059950106407,generali,2026-09-08T18:18:45.891606
28595099373435798,aia,2026-09-08T18:18:45.891606
28600617386217330,manulife,2026-09-08T18:18:45.891606
28600629882882747,manulife,2026-09-08T18:18:45.891606
28600686329543769,aia,2026-09-08T18:18:45.891606
28600854369526965,manulife,2026-09-08T18:18:45.891606
28601075816171487,bao_viet,2026-09-08T18:18:45.891606
28601815109430891,aia,2026-09-08T18:18:45.891606
28601954252750310,dai_ichi,2026-09-08T18:18:45.891606
28602081226070946,aia,2026-09-08T18:18:45.891606
28602431599369242,manulife,2026-09-08T18:18:45.891606
28604084809203921,generali,2026-09-08T18:18:45.891606
28604401349172267,dai_ichi,2026-09-08T18:18:45.891606
28603153235963745,cathay_life,2026-09-08T18:18:45.891606
28603279515951117,aia,2026-09-08T18:18:45.891606
28603754019237000,manulife,2026-09-08T18:18:45.891606
28604342652511470,aia,2026-09-08T18:18:45.891606
28604342652511470,dai_ichi,2026-09-08T18:18:45.891606
28604342652511470,bao_viet,2026-09-08T18:18:45.891606
28604342652511470,generali,2026-09-08T18:18:45.891606
28604342652511470,sun_life,2026-09-08T18:18:45.891606
28604342652511470,fwd,2026-09-08T18:18:45.891606
28604480185831050,dai_ichi,2026-09-08T18:18:45.891606
28604587065820362,bao_viet,2026-09-08T18:18:45.891606
28610773958535006,cathay_life,2026-09-08T18:18:45.891606
28615266141419121,bao_viet,2026-09-08T18:18:45.891606
28614024494876619,aia,2026-09-08T18:18:45.891606
28614024494876619,dai_ichi,2026-09-08T18:18:45.891606
28614024494876619,bao_viet,2026-09-08T18:18:45.891606
28614024494876619,fwd,2026-09-08T18:18:45.891606
28619386611007074,dai_ichi,2026-09-08T18:18:45.891606
28619386907673711,cathay_life,2026-09-08T18:18:45.891606
28619392114339857,cathay_life,2026-09-08T18:18:45.891606
28619397147672687,dai_ichi,2026-09-08T18:18:45.891606
28619405694338499,generali,2026-09-08T18:18:45.891606
28619416561004079,manulife,2026-09-08T18:18:45.891606
28619417444337324,aia,2026-09-08T18:18:45.891606
28619438411001894,dai_ichi,2026-09-08T18:18:45.891606
28619443167668085,cathay_life,2026-09-08T18:18:45.891606
28619451074333961,generali,2026-09-08T18:18:45.891606
28619471090998626,aia,2026-09-08T18:18:45.891606
28619476174331451,manulife,2026-09-08T18:18:45.891606
28619489617663440,cathay_life,2026-09-08T18:18:45.891606
28619505174328551,dai_ichi,2026-09-08T18:18:45.891606
28619527934326275,sun_life,2026-09-08T18:18:45.891606
28619542194324849,bao_viet,2026-09-08T18:18:45.891606
28619545907657811,aia,2026-09-08T18:18:45.891606
28619599414319127,aia,2026-09-08T18:18:45.891606
28619623700983365,generali,2026-09-08T18:18:45.891606
28619650934313975,aia,2026-09-08T18:18:45.891606
28619709840974751,dai_ichi,2026-09-08T18:18:45.891606
28619734284305640,generali,2026-09-08T18:18:45.891606
28620256014253467,dai_ichi,2026-09-08T18:18:45.891606
28620260637586338,dai_ichi,2026-09-08T18:18:45.891606
28620320477580354,aia,2026-09-08T18:18:45.891606
28620349374244131,dai_ichi,2026-09-08T18:18:45.891606
28620662240879511,cathay_life,2026-09-08T18:18:45.891606
28621015644177504,aia,2026-09-08T18:18:45.891606
28621085390837196,cathay_life,2026-09-08T18:18:45.891606
28621185350827200,generali,2026-09-08T18:18:45.891606
28621283837484018,generali,2026-09-08T18:18:45.891606
28626044240341311,bao_viet,2026-09-08T18:18:45.891606
28626480580297677,dai_ichi,2026-09-08T18:18:45.891606
28626481480297587,manulife,2026-09-08T18:18:45.891606
28626492966963105,dai_ichi,2026-09-08T18:18:45.891606
28655960277349707,dai_ichi,2026-09-08T18:18:45.891606
1747477366459587,aia,2026-09-08T18:18:45.891606
1748462636361060,bao_viet,2026-09-08T18:18:45.891606
1747478223126168,aia,2026-09-08T18:18:45.891606
1748461213027869,aia,2026-09-08T18:18:45.891606
1747421579798499,dai_ichi,2026-09-08T18:18:45.891606
1747452906462033,dai_ichi,2026-09-08T18:18:45.891606
1747467603127230,aia,2026-09-08T18:18:45.891606
1745988769941780,dai_ichi,2026-09-08T18:18:45.891606
1746001209940536,sun_life,2026-09-08T18:18:45.891606
1746055156601808,dai_ichi,2026-09-08T18:18:45.891606
1746062653267725,sun_life,2026-09-08T18:18:45.891606
1746072939933363,generali,2026-09-08T18:18:45.891606
1746090319931625,generali,2026-09-08T18:18:45.891606
1746656536541670,dai_ichi,2026-09-08T18:18:45.891606
1748227613051229,sun_life,2026-09-08T18:18:45.891606
1747473663126624,aia,2026-09-08T18:18:45.891606
1748465283027462,aia,2026-09-08T18:18:45.891606
1749230216284302,sun_life,2026-09-08T18:18:45.891606
1747549693119021,dai_ichi,2026-09-08T18:18:45.891606
1747474583126532,aia,2026-09-08T18:18:45.891606
1747494886457835,dai_ichi,2026-09-08T18:18:45.891606
1747516096455714,dai_ichi,2026-09-08T18:18:45.891606
1748218783052112,manulife,2026-09-08T18:18:45.891606
1748218783052112,sun_life,2026-09-08T18:18:45.891606
1748464306360893,aia,2026-09-08T18:18:45.891606
1748464306360893,dai_ichi,2026-09-08T18:18:45.891606
1748464306360893,generali,2026-09-08T18:18:45.891606
1748464306360893,sun_life,2026-09-08T18:18:45.891606
1748494896357834,aia,2026-09-08T18:18:45.891606
1747472049793452,aia,2026-09-08T18:18:45.891606
1747471083126882,aia,2026-09-08T18:18:45.891606
1748458729694784,bao_viet,2026-09-08T18:18:45.891606
1749823372891653,bao_viet,2026-09-08T18:18:45.891606
1747458563128134,generali,2026-09-08T18:18:45.891606
1747416536465670,dai_ichi,2026-09-08T18:18:45.891606
1747469756460348,aia,2026-09-08T18:18:45.891606
1748458376361486,aia,2026-09-08T18:18:45.891606
1748458376361486,dai_ichi,2026-09-08T18:18:45.891606
1748458376361486,generali,2026-09-08T18:18:45.891606
1748527853021205,manulife,2026-09-08T18:18:45.891606
1747409426466381,dai_ichi,2026-09-08T18:18:45.891606
1747423543131636,aia,2026-09-08T18:18:45.891606
1747452463128744,dai_ichi,2026-09-08T18:18:45.891606
1747458499794807,aia,2026-09-08T18:18:45.891606
1748369036370420,aia,2026-09-08T18:18:45.891606
1747407966466527,dai_ichi,2026-09-08T18:18:45.891606
1747407966466527,generali,2026-09-08T18:18:45.891606
1747470693126921,aia,2026-09-08T18:18:45.891606
1747470693126921,generali,2026-09-08T18:18:45.891606
1747496479791009,manulife,2026-09-08T18:18:45.891606
1747496479791009,generali,2026-09-08T18:18:45.891606
1747497376457586,dai_ichi,2026-09-08T18:18:45.891606
1747497376457586,generali,2026-09-08T18:18:45.891606
1748527976354526,manulife,2026-09-08T18:18:45.891606
1748332466374077,bao_viet,2026-09-08T18:18:45.891606
1747406323133358,dai_ichi,2026-09-08T18:18:45.891606
1747457399794917,aia,2026-09-08T18:18:45.891606
1747466336460690,aia,2026-09-08T18:18:45.891606
1749809346226389,sun_life,2026-09-08T18:18:45.891606
1750321606175163,aia,2026-09-08T18:18:45.891606
1747411579799499,dai_ichi,2026-09-08T18:18:45.891606
1748233949717262,dai_ichi,2026-09-08T18:18:45.891606
1747429479797709,generali,2026-09-08T18:18:45.891606
1747457813128209,aia,2026-09-08T18:18:45.891606
1748214283052562,dai_ichi,2026-09-08T18:18:45.891606
1748453909695266,aia,2026-09-08T18:18:45.891606
1748453909695266,fwd,2026-09-08T18:18:45.891606
1747425173131473,dai_ichi,2026-09-08T18:18:45.891606
1747455949795062,aia,2026-09-08T18:18:45.891606
1748232496384074,aia,2026-09-08T18:18:45.891606
1748232496384074,manulife,2026-09-08T18:18:45.891606
1748232496384074,dai_ichi,2026-09-08T18:18:45.891606
1747378299802827,aia,2026-09-08T18:18:45.891606
1748452023028788,bao_viet,2026-09-08T18:18:45.891606
1747428566464467,aia,2026-09-08T18:18:45.891606
1747394309801226,aia,2026-09-08T18:18:45.891606
1747496906457633,sun_life,2026-09-08T18:18:45.891606
1747524459788211,fwd,2026-09-08T18:18:45.891606
1747552509785406,aia,2026-09-08T18:18:45.891606
1748473056360018,generali,2026-09-08T18:18:45.891606
1748473056360018,sun_life,2026-09-08T18:18:45.891606
1748551433018847,generali,2026-09-08T18:18:45.891606
1747395609801096,aia,2026-09-08T18:18:45.891606
1747545546452769,generali,2026-09-08T18:18:45.891606
1747291776478146,manulife,2026-09-08T18:18:45.891606
1747291776478146,generali,2026-09-08T18:18:45.891606
1747291776478146,sun_life,2026-09-08T18:18:45.891606
1747294373144553,manulife,2026-09-08T18:18:45.891606
1747294373144553,generali,2026-09-08T18:18:45.891606
1747295323144458,generali,2026-09-08T18:18:45.891606
1747295553144435,dai_ichi,2026-09-08T18:18:45.891606
1747296856477638,generali,2026-09-08T18:18:45.891606
1747299236477400,generali,2026-09-08T18:18:45.891606
1747302436477080,generali,2026-09-08T18:18:45.891606
1747302446477079,prudential,2026-09-08T18:18:45.891606
1747302446477079,generali,2026-09-08T18:18:45.891606
1747302579810399,manulife,2026-09-08T18:18:45.891606
1747302579810399,generali,2026-09-08T18:18:45.891606
1747303139810343,generali,2026-09-08T18:18:45.891606
1747304009810256,generali,2026-09-08T18:18:45.891606
1747304859810171,generali,2026-09-08T18:18:45.891606
1747305713143419,generali,2026-09-08T18:18:45.891606
1747308689809788,manulife,2026-09-08T18:18:45.891606
1747308726476451,generali,2026-09-08T18:18:45.891606
1747308836476440,generali,2026-09-08T18:18:45.891606
1747308869809770,manulife,2026-09-08T18:18:45.891606
1747308869809770,generali,2026-09-08T18:18:45.891606
1747309289809728,generali,2026-09-08T18:18:45.891606
1747309733143017,dai_ichi,2026-09-08T18:18:45.891606
1747317573142233,aia,2026-09-08T18:18:45.891606
1747317573142233,generali,2026-09-08T18:18:45.891606
1747317709808886,generali,2026-09-08T18:18:45.891606
1747320359808621,manulife,2026-09-08T18:18:45.891606
1747320853141905,generali,2026-09-08T18:18:45.891606
1747323486474975,generali,2026-09-08T18:18:45.891606
1747325973141393,generali,2026-09-08T18:18:45.891606
1747326449808012,generali,2026-09-08T18:18:45.891606
1747329726474351,manulife,2026-09-08T18:18:45.891606
1747329726474351,generali,2026-09-08T18:18:45.891606
1747331219807535,generali,2026-09-08T18:18:45.891606
1747348183139172,dai_ichi,2026-09-08T18:18:45.891606
1747349243139066,aia,2026-09-08T18:18:45.891606
1747349243139066,manulife,2026-09-08T18:18:45.891606
1747349243139066,generali,2026-09-08T18:18:45.891606
1747357219804935,dai_ichi,2026-09-08T18:18:45.891606
1747369249803732,manulife,2026-09-08T18:18:45.891606
1747370566470267,manulife,2026-09-08T18:18:45.891606
1747370566470267,generali,2026-09-08T18:18:45.891606
1747375756469748,aia,2026-09-08T18:18:45.891606
1747375756469748,generali,2026-09-08T18:18:45.891606
1747376779802979,aia,2026-09-08T18:18:45.891606
1747376779802979,manulife,2026-09-08T18:18:45.891606
1747376779802979,generali,2026-09-08T18:18:45.891606
1747426673131323,manulife,2026-09-08T18:18:45.891606
1747436339797023,generali,2026-09-08T18:18:45.891606
1747442409796416,generali,2026-09-08T18:18:45.891606
1747444319796225,generali,2026-09-08T18:18:45.891606
1747445659796091,generali,2026-09-08T18:18:45.891606
1747462839794373,aia,2026-09-08T18:18:45.891606
1747577389782918,manulife,2026-09-08T18:18:45.891606
1747622406445083,generali,2026-09-08T18:18:45.891606
1747811206426203,manulife,2026-09-08T18:18:45.891606
1748447853029205,aia,2026-09-08T18:18:45.891606
1748447853029205,generali,2026-09-08T18:18:45.891606
1749225002951490,generali,2026-09-08T18:18:45.891606
1751606752713315,generali,2026-09-08T18:18:45.891606
1747291059811551,dai_ichi,2026-09-08T18:18:45.891606
1747293059811351,aia,2026-09-08T18:18:45.891606
1747293953144595,generali,2026-09-08T18:18:45.891606
1747293953144595,sun_life,2026-09-08T18:18:45.891606
1747297536477570,generali,2026-09-08T18:18:45.891606
1747297909810866,dai_ichi,2026-09-08T18:18:45.891606
1747305019810155,generali,2026-09-08T18:18:45.891606
1747306919809965,dai_ichi,2026-09-08T18:18:45.891606
1747312386476085,aia,2026-09-08T18:18:45.891606
1747315453142445,generali,2026-09-08T18:18:45.891606
1747320269808630,dai_ichi,2026-09-08T18:18:45.891606
1747323029808354,generali,2026-09-08T18:18:45.891606
1747331839807473,aia,2026-09-08T18:18:45.891606
1747336379807019,dai_ichi,2026-09-08T18:18:45.891606
1747340429806614,generali,2026-09-08T18:18:45.891606
1747341909806466,aia,2026-09-08T18:18:45.891606
1747388996468424,generali,2026-09-08T18:18:45.891606
1747390626468261,dai_ichi,2026-09-08T18:18:45.891606
1747391946468129,aia,2026-09-08T18:18:45.891606
1747395193134471,aia,2026-09-08T18:18:45.891606
1747406139800043,dai_ichi,2026-09-08T18:18:45.891606
1747417256465598,generali,2026-09-08T18:18:45.891606
1747420729798584,dai_ichi,2026-09-08T18:18:45.891606
1747423809798276,dai_ichi,2026-09-08T18:18:45.891606
1747444699796187,aia,2026-09-08T18:18:45.891606
1747444699796187,generali,2026-09-08T18:18:45.891606
1747444699796187,sun_life,2026-09-08T18:18:45.891606
1747522786455045,aia,2026-09-08T18:18:45.891606
1747623356444988,sun_life,2026-09-08T18:18:45.891606
1747657909774866,generali,2026-09-08T18:18:45.891606
1747693979771259,dai_ichi,2026-09-08T18:18:45.891606
1748444939696163,dai_ichi,2026-09-08T18:18:45.891606
1748449816362342,aia,2026-09-08T18:18:45.891606
1747295573144433,sun_life,2026-09-08T18:18:45.891606
1747295836477740,aia,2026-09-08T18:18:45.891606
1747296129811044,dai_ichi,2026-09-08T18:18:45.891606
1747297439810913,dai_ichi,2026-09-08T18:18:45.891606
1747298199810837,dai_ichi,2026-09-08T18:18:45.891606
1747305586476765,generali,2026-09-08T18:18:45.891606
1747308449809812,dai_ichi,2026-09-08T18:18:45.891606
1747312966476027,aia,2026-09-08T18:18:45.891606
1747328326474491,aia,2026-09-08T18:18:45.891606
1747333676473956,aia,2026-09-08T18:18:45.891606
1747336723140318,dai_ichi,2026-09-08T18:18:45.891606
1747342833139707,dai_ichi,2026-09-08T18:18:45.891606
1747347456472578,generali,2026-09-08T18:18:45.891606
1747388786468445,dai_ichi,2026-09-08T18:18:45.891606
1747392956468028,aia,2026-09-08T18:18:45.891606
1747427209797936,dai_ichi,2026-09-08T18:18:45.891606
1747613959779261,sun_life,2026-09-08T18:18:45.891606
1747658376441486,generali,2026-09-08T18:18:45.891606
1747688653105125,dai_ichi,2026-09-08T18:18:45.891606
1748451629695494,aia,2026-09-08T18:18:45.891606
1748451629695494,generali,2026-09-08T18:18:45.891606
1748451629695494,sun_life,2026-09-08T18:18:45.891606
1747373229803334,dai_ichi,2026-09-08T18:18:45.891606
1747541049786552,manulife,2026-09-08T18:18:45.891606
1747466169794040,dai_ichi,2026-09-08T18:18:45.891606
1747551313118859,bao_viet,2026-09-08T18:18:45.891606
1747551313118859,sun_life,2026-09-08T18:18:45.891606
1747581439782513,bao_viet,2026-09-08T18:18:45.891606
1747681159772541,dai_ichi,2026-09-08T18:18:45.891606
1748259949714662,bao_viet,2026-09-08T18:18:45.891606
1748446319696025,bao_viet,2026-09-08T18:18:45.891606
1747466033127387,aia,2026-09-08T18:18:45.891606
1747466589793998,generali,2026-09-08T18:18:45.891606
1747475709793086,manulife,2026-09-08T18:18:45.891606
1747479499792707,aia,2026-09-08T18:18:45.891606
1747481646459159,dai_ichi,2026-09-08T18:18:45.891606
1747485119792145,sun_life,2026-09-08T18:18:45.891606
1747489039791753,dai_ichi,2026-09-08T18:18:45.891606
1747492973124693,dai_ichi,2026-09-08T18:18:45.891606
1747498636457460,aia,2026-09-08T18:18:45.891606
1747517389788918,aia,2026-09-08T18:18:45.891606
1747517389788918,generali,2026-09-08T18:18:45.891606
1747517389788918,sun_life,2026-09-08T18:18:45.891606
1747526889787968,generali,2026-09-08T18:18:45.891606
1747581236449200,sun_life,2026-09-08T18:18:45.891606
1747656843108306,generali,2026-09-08T18:18:45.891606
1747669266440397,generali,2026-09-08T18:18:45.891606
1747669266440397,sun_life,2026-09-08T18:18:45.891606
1747681606439163,dai_ichi,2026-09-08T18:18:45.891606
1747748609765796,aia,2026-09-08T18:18:45.891606
1747492786458045,dai_ichi,2026-09-08T18:18:45.891606
1747507286456595,dai_ichi,2026-09-08T18:18:45.891606
1747552103118780,sun_life,2026-09-08T18:18:45.891606
1747579636449360,sun_life,2026-09-08T18:18:45.891606
1747476696459654,generali,2026-09-08T18:18:45.891606
1747481353125855,aia,2026-09-08T18:18:45.891606
1747491063124884,manulife,2026-09-08T18:18:45.891606
1747491063124884,generali,2026-09-08T18:18:45.891606
1747491696458154,generali,2026-09-08T18:18:45.891606
1747514703122520,aia,2026-09-08T18:18:45.891606
1747517196455604,generali,2026-09-08T18:18:45.891606
1747540836453240,dai_ichi,2026-09-08T18:18:45.891606
1747550263118964,sun_life,2026-09-08T18:18:45.891606
1747570826450241,generali,2026-09-08T18:18:45.891606
1747608529779804,generali,2026-09-08T18:18:45.891606
1747623769778280,sun_life,2026-09-08T18:18:45.891606
1748471913026799,aia,2026-09-08T18:18:45.891606
1748471913026799,generali,2026-09-08T18:18:45.891606
1747784739762183,generali,2026-09-08T18:18:45.891606
1747699649770692,dai_ichi,2026-09-08T18:18:45.891606
1747725689768088,sun_life,2026-09-08T18:18:45.891606
1747745993099391,generali,2026-09-08T18:18:45.891606
1747879326419391,dai_ichi,2026-09-08T18:18:45.891606
1747938279746829,dai_ichi,2026-09-08T18:18:45.891606
1748108106396513,dai_ichi,2026-09-08T18:18:45.891606
1748221813051809,sun_life,2026-09-08T18:18:45.891606
1747693206438003,generali,2026-09-08T18:18:45.891606
1747693826437941,generali,2026-09-08T18:18:45.891606
1747696463104344,generali,2026-09-08T18:18:45.891606
1747700343103956,generali,2026-09-08T18:18:45.891606
1747706619769995,generali,2026-09-08T18:18:45.891606
1747712766436047,aia,2026-09-08T18:18:45.891606
1747712766436047,generali,2026-09-08T18:18:45.891606
1747712996436024,aia,2026-09-08T18:18:45.891606
1747712996436024,generali,2026-09-08T18:18:45.891606
1747718863102104,aia,2026-09-08T18:18:45.891606
1747718863102104,generali,2026-09-08T18:18:45.891606
1747718863102104,sun_life,2026-09-08T18:18:45.891606
1747757696431554,aia,2026-09-08T18:18:45.891606
1747801853093805,aia,2026-09-08T18:18:45.891606
1747817456425578,generali,2026-09-08T18:18:45.891606
1747824646424859,generali,2026-09-08T18:18:45.891606
1748237136383610,generali,2026-09-08T18:18:45.891606
1748420159698641,aia,2026-09-08T18:18:45.891606
1748420159698641,generali,2026-09-08T18:18:45.891606
1748148193059171,dai_ichi,2026-09-08T18:18:45.891606
1747805709760086,aia,2026-09-08T18:18:45.891606
1747816256425698,aia,2026-09-08T18:18:45.891606
1747870386420285,aia,2026-09-08T18:18:45.891606
1747690253104965,aia,2026-09-08T18:18:45.891606
1747690253104965,sun_life,2026-09-08T18:18:45.891606
1747706779769979,aia,2026-09-08T18:18:45.891606
1747706779769979,sun_life,2026-09-08T18:18:45.891606
1747712609769396,aia,2026-09-08T18:18:45.891606
1747712609769396,sun_life,2026-09-08T18:18:45.891606
1747722099768447,aia,2026-09-08T18:18:45.891606
1747722099768447,sun_life,2026-09-08T18:18:45.891606
1747751743098816,aia,2026-09-08T18:18:45.891606
1747943699746287,dai_ichi,2026-09-08T18:18:45.891606
1748101806397143,aia,2026-09-08T18:18:45.891606
1748074226399901,sun_life,2026-09-08T18:18:45.891606
1747712679769389,generali,2026-09-08T18:18:45.891606
1747713159769341,generali,2026-09-08T18:18:45.891606
1747714493102541,sun_life,2026-09-08T18:18:45.891606
1747768873097103,generali,2026-09-08T18:18:45.891606
1747796309761026,aia,2026-09-08T18:18:45.891606
1747796309761026,generali,2026-09-08T18:18:45.891606
1747798316427492,aia,2026-09-08T18:18:45.891606
1747798316427492,generali,2026-09-08T18:18:45.891606
1747810383092952,sun_life,2026-09-08T18:18:45.891606
1747816643092326,dai_ichi,2026-09-08T18:18:45.891606
1747935076413816,generali,2026-09-08T18:18:45.891606
1747937626413561,dai_ichi,2026-09-08T18:18:45.891606
1747978376409486,aia,2026-09-08T18:18:45.891606
1747978376409486,generali,2026-09-08T18:18:45.891606
1748111893062801,sun_life,2026-09-08T18:18:45.891606
1748143313059659,generali,2026-09-08T18:18:45.891606
1748164959724161,aia,2026-09-08T18:18:45.891606
1748168779723779,aia,2026-09-08T18:18:45.891606
1748211189719538,dai_ichi,2026-09-08T18:18:45.891606
1748211189719538,generali,2026-09-08T18:18:45.891606
1748211189719538,sun_life,2026-09-08T18:18:45.891606
1748417246365599,aia,2026-09-08T18:18:45.891606
1748417246365599,dai_ichi,2026-09-08T18:18:45.891606
1748417246365599,bao_viet,2026-09-08T18:18:45.891606
1748417246365599,generali,2026-09-08T18:18:45.891606
1748417246365599,sun_life,2026-09-08T18:18:45.891606
1748432729697384,sun_life,2026-09-08T18:18:45.891606
1748506189690038,cathay_life,2026-09-08T18:18:45.891606
1748264206380903,generali,2026-09-08T18:18:45.891606
1748116636395660,sun_life,2026-09-08T18:18:45.891606
1748117466395577,aia,2026-09-08T18:18:45.891606
1748122239728433,sun_life,2026-09-08T18:18:45.891606
1748123546394969,aia,2026-09-08T18:18:45.891606
1748124819728175,aia,2026-09-08T18:18:45.891606
1748128079727849,aia,2026-09-08T18:18:45.891606
1748137283060262,aia,2026-09-08T18:18:45.891606
1748142789726378,aia,2026-09-08T18:18:45.891606
1748157556391568,aia,2026-09-08T18:18:45.891606
1748240353049955,aia,2026-09-08T18:18:45.891606
1748265203047470,aia,2026-09-08T18:18:45.891606
1748340323039958,dai_ichi,2026-09-08T18:18:45.891606
1748117423062248,generali,2026-09-08T18:18:45.891606
1748117423062248,sun_life,2026-09-08T18:18:45.891606
1748126389728018,aia,2026-09-08T18:18:45.891606
1748127166394607,aia,2026-09-08T18:18:45.891606
1748127166394607,generali,2026-09-08T18:18:45.891606
1748127853061205,aia,2026-09-08T18:18:45.891606
1748127993061191,aia,2026-09-08T18:18:45.891606
1748127993061191,generali,2026-09-08T18:18:45.891606
1748129243061066,aia,2026-09-08T18:18:45.891606
1748129243061066,generali,2026-09-08T18:18:45.891606
1748129579727699,aia,2026-09-08T18:18:45.891606
1748129579727699,generali,2026-09-08T18:18:45.891606
1748135499727107,generali,2026-09-08T18:18:45.891606
1748151129725544,aia,2026-09-08T18:18:45.891606
1748151423058848,generali,2026-09-08T18:18:45.891606
1748159036391420,aia,2026-09-08T18:18:45.891606
1748159586391365,aia,2026-09-08T18:18:45.891606
1748160599724597,aia,2026-09-08T18:18:45.891606
1748160599724597,generali,2026-09-08T18:18:45.891606
1748161149724542,aia,2026-09-08T18:18:45.891606
1748163349724322,aia,2026-09-08T18:18:45.891606
1748163349724322,generali,2026-09-08T18:18:45.891606
1748163819724275,aia,2026-09-08T18:18:45.891606
1748163819724275,generali,2026-09-08T18:18:45.891606
1748167323057258,aia,2026-09-08T18:18:45.891606
1748167323057258,generali,2026-09-08T18:18:45.891606
1748169909723666,aia,2026-09-08T18:18:45.891606
1748169909723666,generali,2026-09-08T18:18:45.891606
1748170586390265,aia,2026-09-08T18:18:45.891606
1748173499723307,generali,2026-09-08T18:18:45.891606
1748174143056576,aia,2026-09-08T18:18:45.891606
1748174143056576,generali,2026-09-08T18:18:45.891606
1748179049722752,generali,2026-09-08T18:18:45.891606
1748214713052519,generali,2026-09-08T18:18:45.891606
1748217253052265,aia,2026-09-08T18:18:45.891606
1748217253052265,generali,2026-09-08T18:18:45.891606
1748217253052265,sun_life,2026-09-08T18:18:45.891606
1748229833051007,generali,2026-09-08T18:18:45.891606
1748242946383029,generali,2026-09-08T18:18:45.891606
1748246683049322,aia,2026-09-08T18:18:45.891606
1748257393048251,dai_ichi,2026-09-08T18:18:45.891606
1748258553048135,aia,2026-09-08T18:18:45.891606
1748258553048135,generali,2026-09-08T18:18:45.891606
1748278656379458,generali,2026-09-08T18:18:45.891606
1748279456379378,generali,2026-09-08T18:18:45.891606
1748298633044127,generali,2026-09-08T18:18:45.891606
1748304359710221,aia,2026-09-08T18:18:45.891606
1748304359710221,generali,2026-09-08T18:18:45.891606
1748382293035761,generali,2026-09-08T18:18:45.891606
1748415146365809,generali,2026-09-08T18:18:45.891606
1748446333029357,generali,2026-09-08T18:18:45.891606
1748451799695477,aia,2026-09-08T18:18:45.891606
1748451799695477,generali,2026-09-08T18:18:45.891606
1748451799695477,sun_life,2026-09-08T18:18:45.891606
1748490659691591,aia,2026-09-08T18:18:45.891606
1748490659691591,manulife,2026-09-08T18:18:45.891606
1748490659691591,generali,2026-09-08T18:18:45.891606
1748490659691591,sun_life,2026-09-08T18:18:45.891606
1748941209646536,generali,2026-09-08T18:18:45.891606
1749550862918904,generali,2026-09-08T18:18:45.891606
1749555389585118,generali,2026-09-08T18:18:45.891606
1749556962918294,generali,2026-09-08T18:18:45.891606
1749712886236035,generali,2026-09-08T18:18:45.891606
1749713566235967,generali,2026-09-08T18:18:45.891606
1749812286226095,generali,2026-09-08T18:18:45.891606
1749878322886158,generali,2026-09-08T18:18:45.891606
1749882072885783,generali,2026-09-08T18:18:45.891606
1749890369551620,generali,2026-09-08T18:18:45.891606
1749421819598475,generali,2026-09-08T18:18:45.891606
1748293139711343,generali,2026-09-08T18:18:45.891606
1748293353044655,generali,2026-09-08T18:18:45.891606
1748310813042909,dai_ichi,2026-09-08T18:18:45.891606
1748314133042577,generali,2026-09-08T18:18:45.891606
1748341769706480,dai_ichi,2026-09-08T18:18:45.891606
1748342049706452,dai_ichi,2026-09-08T18:18:45.891606
1748360869704570,dai_ichi,2026-09-08T18:18:45.891606
1748403699700287,aia,2026-09-08T18:18:45.891606
1748403699700287,dai_ichi,2026-09-08T18:18:45.891606
1748403699700287,bao_viet,2026-09-08T18:18:45.891606
1748403699700287,generali,2026-09-08T18:18:45.891606
1748403699700287,sun_life,2026-09-08T18:18:45.891606
1748434933030497,sun_life,2026-09-08T18:18:45.891606
1748516716355652,dai_ichi,2026-09-08T18:18:45.891606
1751029869437670,generali,2026-09-08T18:18:45.891606
1751203869420270,aia,2026-09-08T18:18:45.891606
1751203869420270,manulife,2026-09-08T18:18:45.891606
1751203869420270,generali,2026-09-08T18:18:45.891606
1749574269583230,sun_life,2026-09-08T18:18:45.891606
1748311913042799,aia,2026-09-08T18:18:45.891606
1748311913042799,generali,2026-09-08T18:18:45.891606
1748315476375776,aia,2026-09-08T18:18:45.891606
1748349589705698,aia,2026-09-08T18:18:45.891606
1748349589705698,generali,2026-09-08T18:18:45.891606
1748368943037096,aia,2026-09-08T18:18:45.891606
1748418836365440,aia,2026-09-08T18:18:45.891606
1748434309697226,aia,2026-09-08T18:18:45.891606
1748655999675057,generali,2026-09-08T18:18:45.891606
1748553743018616,aia,2026-09-08T18:18:45.891606
1748290663044924,manulife,2026-09-08T18:18:45.891606
1748292326378091,generali,2026-09-08T18:18:45.891606
1748294666377857,cathay_life,2026-09-08T18:18:45.891606
1748296443044346,bao_viet,2026-09-08T18:18:45.891606
1748306309710026,dai_ichi,2026-09-08T18:18:45.891606
1748315046375819,generali,2026-09-08T18:18:45.891606
1748336949706962,dai_ichi,2026-09-08T18:18:45.891606
1748337203040270,dai_ichi,2026-09-08T18:18:45.891606
1748338803040110,aia,2026-09-08T18:18:45.891606
1748362133037777,dai_ichi,2026-09-08T18:18:45.891606
1748364496370874,aia,2026-09-08T18:18:45.891606
1748368143037176,cathay_life,2026-09-08T18:18:45.891606
1748394033034587,sun_life,2026-09-08T18:18:45.891606
1748398356367488,manulife,2026-09-08T18:18:45.891606
1748398913034099,sun_life,2026-09-08T18:18:45.891606
1748400386367285,dai_ichi,2026-09-08T18:18:45.891606
1748402093033781,aia,2026-09-08T18:18:45.891606
1748408099699847,dai_ichi,2026-09-08T18:18:45.891606
1748412559699401,aia,2026-09-08T18:18:45.891606
1748468419693815,aia,2026-09-08T18:18:45.891606
1748475003026490,aia,2026-09-08T18:18:45.891606
1748513759689281,dai_ichi,2026-09-08T18:18:45.891606
1748526856354638,manulife,2026-09-08T18:18:45.891606
1749005216306802,dai_ichi,2026-09-08T18:18:45.891606
1749033869637270,prudential,2026-09-08T18:18:45.891606
1749084246298899,prudential,2026-09-08T18:18:45.891606
1749576076249716,sun_life,2026-09-08T18:18:45.891606
1748303576376966,aia,2026-09-08T18:18:45.891606
1748320843041906,generali,2026-09-08T18:18:45.891606
1748345643039426,generali,2026-09-08T18:18:45.891606
1748406939699963,generali,2026-09-08T18:18:45.891606
1750326682841322,bao_viet,2026-09-08T18:18:45.891606
1748531186354205,aia,2026-09-08T18:18:45.891606
1748531186354205,generali,2026-09-08T18:18:45.891606
1748537189686938,sun_life,2026-09-08T18:18:45.891606
1748543636352960,aia,2026-09-08T18:18:45.891606
1748550549685602,aia,2026-09-08T18:18:45.891606
1748550549685602,generali,2026-09-08T18:18:45.891606
1748599113014079,aia,2026-09-08T18:18:45.891606
1748610826346241,generali,2026-09-08T18:18:45.891606
1748643326342991,sun_life,2026-09-08T18:18:45.891606
1748656249675032,aia,2026-09-08T18:18:45.891606
1748656249675032,generali,2026-09-08T18:18:45.891606
1748667846340539,aia,2026-09-08T18:18:45.891606
1748677989672858,aia,2026-09-08T18:18:45.891606
1748702853003705,aia,2026-09-08T18:18:45.891606
1748753299665327,dai_ichi,2026-09-08T18:18:45.891606
1748981509642506,aia,2026-09-08T18:18:45.891606
1748981509642506,generali,2026-09-08T18:18:45.891606
1749006876306636,dai_ichi,2026-09-08T18:18:45.891606
1749086972965293,aia,2026-09-08T18:18:45.891606
1749272296280094,aia,2026-09-08T18:18:45.891606
1749272559613401,generali,2026-09-08T18:18:45.891606
1749337706273553,aia,2026-09-08T18:18:45.891606
1749572359583421,sun_life,2026-09-08T18:18:45.891606
1750091856198138,aia,2026-09-08T18:18:45.891606
1750092406198083,dai_ichi,2026-09-08T18:18:45.891606
1748580113015979,aia,2026-09-08T18:18:45.891606
1748644779676179,aia,2026-09-08T18:18:45.891606
1748663273007663,aia,2026-09-08T18:18:45.891606
1748674176339906,aia,2026-09-08T18:18:45.891606
1748754002998590,aia,2026-09-08T18:18:45.891606
1748754002998590,dai_ichi,2026-09-08T18:18:45.891606
1749247469615910,aia,2026-09-08T18:18:45.891606
1749263669614290,aia,2026-09-08T18:18:45.891606
1749801242893866,aia,2026-09-08T18:18:45.891606
1749875312886459,aia,2026-09-08T18:18:45.891606
1749921346215189,aia,2026-09-08T18:18:45.891606
1748536299687027,sun_life,2026-09-08T18:18:45.891606
1748539209686736,generali,2026-09-08T18:18:45.891606
1748551499685507,generali,2026-09-08T18:18:45.891606
1748553853018605,generali,2026-09-08T18:18:45.891606
1748585869682070,generali,2026-09-08T18:18:45.891606
1748595319681125,generali,2026-09-08T18:18:45.891606
1748630466344277,generali,2026-09-08T18:18:45.891606
1748630466344277,sun_life,2026-09-08T18:18:45.891606
1748652406342083,generali,2026-09-08T18:18:45.891606
1748673449673312,generali,2026-09-08T18:18:45.891606
1748755412998449,dai_ichi,2026-09-08T18:18:45.891606
1749290416278282,generali,2026-09-08T18:18:45.891606
1749570642916926,sun_life,2026-09-08T18:18:45.891606
1750322806175043,generali,2026-09-08T18:18:45.891606
1748640859676571,bao_viet,2026-09-08T18:18:45.891606
1748526436354680,manulife,2026-09-08T18:18:45.891606
1748535569687100,sun_life,2026-09-08T18:18:45.891606
1748611969679460,manulife,2026-09-08T18:18:45.891606
1748718179668839,aia,2026-09-08T18:18:45.891606
1748750462998944,dai_ichi,2026-09-08T18:18:45.891606
1749272342946756,aia,2026-09-08T18:18:45.891606
1749521342921856,dai_ichi,2026-09-08T18:18:45.891606
1749551946252129,sun_life,2026-09-08T18:18:45.891606
1749558619584795,generali,2026-09-08T18:18:45.891606
1748520493021941,generali,2026-09-08T18:18:45.891606
1748525613021429,manulife,2026-09-08T18:18:45.891606
1748526873021303,aia,2026-09-08T18:18:45.891606
1748528976354426,aia,2026-09-08T18:18:45.891606
1748529279687729,aia,2026-09-08T18:18:45.891606
1748529443021046,aia,2026-09-08T18:18:45.891606
1748586299682027,aia,2026-09-08T18:18:45.891606
1748596729680984,aia,2026-09-08T18:18:45.891606
1748602743013716,dai_ichi,2026-09-08T18:18:45.891606
1748638019676855,aia,2026-09-08T18:18:45.891606
1748641049676552,aia,2026-09-08T18:18:45.891606
1748646319676025,aia,2026-09-08T18:18:45.891606
1748647566342567,dai_ichi,2026-09-08T18:18:45.891606
1748653036342020,aia,2026-09-08T18:18:45.891606
1748660876341236,aia,2026-09-08T18:18:45.891606
1748672719673385,aia,2026-09-08T18:18:45.891606
1748689606338363,aia,2026-09-08T18:18:45.891606
1748691623004828,aia,2026-09-08T18:18:45.891606
1748701233003867,aia,2026-09-08T18:18:45.891606
1748703879670269,aia,2026-09-08T18:18:45.891606
1748752369665420,aia,2026-09-08T18:18:45.891606
1748752369665420,dai_ichi,2026-09-08T18:18:45.891606
1749033816303942,aia,2026-09-08T18:18:45.891606
1749220609618596,aia,2026-09-08T18:18:45.891606
1749220609618596,sun_life,2026-09-08T18:18:45.891606
1749269176280406,aia,2026-09-08T18:18:45.891606
1749332802940710,aia,2026-09-08T18:18:45.891606
1749567879583869,sun_life,2026-09-08T18:18:45.891606
1748534689687188,sun_life,2026-09-08T18:18:45.891606
1749559852918005,sun_life,2026-09-08T18:18:45.891606
1749578846249439,dai_ichi,2026-09-08T18:18:45.891606
1748703056337018,fwd,2026-09-08T18:18:45.891606
1748729563001034,sun_life,2026-09-08T18:18:45.891606
1748965492977441,sun_life,2026-09-08T18:18:45.891606
1748998919640765,dai_ichi,2026-09-08T18:18:45.891606
1748998919640765,generali,2026-09-08T18:18:45.891606
1749192336288090,generali,2026-09-08T18:18:45.891606
1749219079618749,sun_life,2026-09-08T18:18:45.891606
1749230989617558,dai_ichi,2026-09-08T18:18:45.891606
1749231122950878,generali,2026-09-08T18:18:45.891606
1749239119616745,dai_ichi,2026-09-08T18:18:45.891606
1749248269615830,dai_ichi,2026-09-08T18:18:45.891606
1749269539613703,generali,2026-09-08T18:18:45.891606
1749317012942289,dai_ichi,2026-09-08T18:18:45.891606
1749317012942289,generali,2026-09-08T18:18:45.891606
1748984802975510,dai_ichi,2026-09-08T18:18:45.891606
1748987182975272,manulife,2026-09-08T18:18:45.891606
1748987312975259,manulife,2026-09-08T18:18:45.891606
1748987712975219,generali,2026-09-08T18:18:45.891606
1748987712975219,fwd,2026-09-08T18:18:45.891606
1748994869641170,generali,2026-09-08T18:18:45.891606
1749035426303781,dai_ichi,2026-09-08T18:18:45.891606
1749048902969100,dai_ichi,2026-09-08T18:18:45.891606
1749057032968287,aia,2026-09-08T18:18:45.891606
1749077319632925,dai_ichi,2026-09-08T18:18:45.891606
1749083506298973,chubb_life,2026-09-08T18:18:45.891606
1749116916295632,dai_ichi,2026-09-08T18:18:45.891606
1749218289618828,generali,2026-09-08T18:18:45.891606
1749231869617470,generali,2026-09-08T18:18:45.891606
1749231869617470,fwd,2026-09-08T18:18:45.891606
1749262599614397,generali,2026-09-08T18:18:45.891606
1750104262863564,aia,2026-09-08T18:18:45.891606
1749149549625702,aia,2026-09-08T18:18:45.891606
1749142229626434,aia,2026-09-08T18:18:45.891606
1749147546292569,aia,2026-09-08T18:18:45.891606
1749161219624535,aia,2026-09-08T18:18:45.891606
1749280866279237,dai_ichi,2026-09-08T18:18:45.891606
1749533242920666,generali,2026-09-08T18:18:45.891606
1749574592916531,chubb_life,2026-09-08T18:18:45.891606
1749843076223016,manulife,2026-09-08T18:18:45.891606
1750090512864939,dai_ichi,2026-09-08T18:18:45.891606
1750892949451362,bao_viet,2026-09-08T18:18:45.891606
1749203166287007,generali,2026-09-08T18:18:45.891606
1749144196292904,aia,2026-09-08T18:18:45.891606
1749148719625785,aia,2026-09-08T18:18:45.891606
1749154436291880,aia,2026-09-08T18:18:45.891606
1749217249618932,aia,2026-09-08T18:18:45.891606
1749398789600778,aia,2026-09-08T18:18:45.891606
1749309712943019,bao_viet,2026-09-08T18:18:45.891606
1749232926284031,aia,2026-09-08T18:18:45.891606
1749232926284031,generali,2026-09-08T18:18:45.891606
1749232926284031,sun_life,2026-09-08T18:18:45.891606
1749246899615967,bao_viet,2026-09-08T18:18:45.891606
1749285109612146,aia,2026-09-08T18:18:45.891606
1749292102944780,aia,2026-09-08T18:18:45.891606
1749564702917520,sun_life,2026-09-08T18:18:45.891606
1750019922871998,bao_viet,2026-09-08T18:18:45.891606
1750316032842387,aia,2026-09-08T18:18:45.891606
1750316032842387,dai_ichi,2026-09-08T18:18:45.891606
1750316032842387,bao_viet,2026-09-08T18:18:45.891606
1750316032842387,generali,2026-09-08T18:18:45.891606
1749197359620921,aia,2026-09-08T18:18:45.891606
1749207186286605,dai_ichi,2026-09-08T18:18:45.891606
1749224999618157,aia,2026-09-08T18:18:45.891606
1749238686283455,aia,2026-09-08T18:18:45.891606
1749246666282657,aia,2026-09-08T18:18:45.891606
1749265182947472,bao_viet,2026-09-08T18:18:45.891606
1749310232942967,aia,2026-09-08T18:18:45.891606
1749338566273467,aia,2026-09-08T18:18:45.891606
1749390032934987,aia,2026-09-08T18:18:45.891606
1749529012921089,aia,2026-09-08T18:18:45.891606
1749529012921089,bao_viet,2026-09-08T18:18:45.891606
1749599316247392,dai_ichi,2026-09-08T18:18:45.891606
1749915909549066,aia,2026-09-08T18:18:45.891606
1749278039612853,aia,2026-09-08T18:18:45.891606
1749283449612312,aia,2026-09-08T18:18:45.891606
1749285216278802,generali,2026-09-08T18:18:45.891606
1749315966275727,aia,2026-09-08T18:18:45.891606
1749530866254237,aia,2026-09-08T18:18:45.891606
1749536279587029,dai_ichi,2026-09-08T18:18:45.891606
1749540692919921,sun_life,2026-09-08T18:18:45.891606
1749548829585774,aia,2026-09-08T18:18:45.891606
1749560226251301,generali,2026-09-08T18:18:45.891606
1749593762914614,aia,2026-09-08T18:18:45.891606
1749593762914614,dai_ichi,2026-09-08T18:18:45.891606
1749859292888061,generali,2026-09-08T18:18:45.891606
1750053142868676,aia,2026-09-08T18:18:45.891606
1750083179532339,aia,2026-09-08T18:18:45.891606
1750083179532339,dai_ichi,2026-09-08T18:18:45.891606
1750260342847956,aia,2026-09-08T18:18:45.891606
1750296132844377,aia,2026-09-08T18:18:45.891606
1750328812841109,aia,2026-09-08T18:18:45.891606
1750719702802020,aia,2026-09-08T18:18:45.891606
1750816719458985,dai_ichi,2026-09-08T18:18:45.891606
1749422032931787,aia,2026-09-08T18:18:45.891606
1749532559587401,aia,2026-09-08T18:18:45.891606
1749842489556408,aia,2026-09-08T18:18:45.891606
1750104832863507,aia,2026-09-08T18:18:45.891606
1749595592914431,dai_ichi,2026-09-08T18:18:45.891606
1750303416176982,dai_ichi,2026-09-08T18:18:45.891606
1750305146176809,dai_ichi,2026-09-08T18:18:45.891606
1750331172840873,aia,2026-09-08T18:18:45.891606
1750348106172513,aia,2026-09-08T18:18:45.891606
1750348106172513,dai_ichi,2026-09-08T18:18:45.891606
1750822676125056,generali,2026-09-08T18:18:45.891606
1750849549455702,manulife,2026-09-08T18:18:45.891606
1750886202785370,prudential,2026-09-08T18:18:45.891606
1750917749448882,manulife,2026-09-08T18:18:45.891606
1750921356115188,manulife,2026-09-08T18:18:45.891606
1750996362774354,bao_viet,2026-09-08T18:18:45.891606
1751103906096933,dai_ichi,2026-09-08T18:18:45.891606
1751120089428648,bao_viet,2026-09-08T18:18:45.891606
1751195402754450,bao_viet,2026-09-08T18:18:45.891606
1751245562749434,manulife,2026-09-08T18:18:45.891606
1751479656059358,dai_ichi,2026-09-08T18:18:45.891606
1751505249390132,dai_ichi,2026-09-08T18:18:45.891606
1751745809366076,aia,2026-09-08T18:18:45.891606
1749897702884220,generali,2026-09-08T18:18:45.891606
1749897702884220,sun_life,2026-09-08T18:18:45.891606
1749924452881545,aia,2026-09-08T18:18:45.891606
1749989736208350,aia,2026-09-08T18:18:45.891606
1749925359548121,aia,2026-09-08T18:18:45.891606
1749944556212868,aia,2026-09-08T18:18:45.891606
1749948122879178,manulife,2026-09-08T18:18:45.891606
1749956532878337,aia,2026-09-08T18:18:45.891606
1749969276210396,aia,2026-09-08T18:18:45.891606
1749981416209182,aia,2026-09-08T18:18:45.891606
1749913772882613,sun_life,2026-09-08T18:18:45.891606
1749946962879294,sun_life,2026-09-08T18:18:45.891606
1749968719543785,sun_life,2026-09-08T18:18:45.891606
1750153316191992,sun_life,2026-09-08T18:18:45.891606
1750380722835918,generali,2026-09-08T18:18:45.891606
1749966989543958,aia,2026-09-08T18:18:45.891606
1750005479540109,aia,2026-09-08T18:18:45.891606
1750007372873253,aia,2026-09-08T18:18:45.891606
1751569886050335,aia,2026-09-08T18:18:45.891606
1749985379542119,dai_ichi,2026-09-08T18:18:45.891606
1749985519542105,manulife,2026-09-08T18:18:45.891606
1749987219541935,aia,2026-09-08T18:18:45.891606
1750100516197272,sun_life,2026-09-08T18:18:45.891606
1750166739523983,generali,2026-09-08T18:18:45.891606
1750169236190400,generali,2026-09-08T18:18:45.891606
1750178882856102,dai_ichi,2026-09-08T18:18:45.891606
1750737999466857,dai_ichi,2026-09-08T18:18:45.891606
1750836656123658,aia,2026-09-08T18:18:45.891606
1750330362840954,aia,2026-09-08T18:18:45.891606
1750330362840954,generali,2026-09-08T18:18:45.891606
1750355342838456,aia,2026-09-08T18:18:45.891606
1750355342838456,generali,2026-09-08T18:18:45.891606
1750282486179075,generali,2026-09-08T18:18:45.891606
1750283256178998,generali,2026-09-08T18:18:45.891606
1750286619511995,dai_ichi,2026-09-08T18:18:45.891606
1750290949511562,generali,2026-09-08T18:18:45.891606
1750297122844278,aia,2026-09-08T18:18:45.891606
1750297159510941,dai_ichi,2026-09-08T18:18:45.891606
1750302072843783,generali,2026-09-08T18:18:45.891606
1750307886176535,dai_ichi,2026-09-08T18:18:45.891606
1750309332843057,generali,2026-09-08T18:18:45.891606
1750315409509116,dai_ichi,2026-09-08T18:18:45.891606
1750322802841710,sun_life,2026-09-08T18:18:45.891606
1750326036174720,aia,2026-09-08T18:18:45.891606
1750331989507458,generali,2026-09-08T18:18:45.891606
1750347236172600,generali,2026-09-08T18:18:45.891606
1750408832833107,aia,2026-09-08T18:18:45.891606
1750626806144643,generali,2026-09-08T18:18:45.891606
1750747146132609,dai_ichi,2026-09-08T18:18:45.891606
1750755319465125,dai_ichi,2026-09-08T18:18:45.891606
1750777512796239,generali,2026-09-08T18:18:45.891606
1750813099459347,dai_ichi,2026-09-08T18:18:45.891606
1750821126125211,aia,2026-09-08T18:18:45.891606
1750910246116299,sun_life,2026-09-08T18:18:45.891606
1750913806115943,generali,2026-09-08T18:18:45.891606
1750282032845787,generali,2026-09-08T18:18:45.891606
1750282032845787,sun_life,2026-09-08T18:18:45.891606
1750287102845280,generali,2026-09-08T18:18:45.891606
1750291326178191,generali,2026-09-08T18:18:45.891606
1750291326178191,sun_life,2026-09-08T18:18:45.891606
1750291369511520,generali,2026-09-08T18:18:45.891606
1750294549511202,generali,2026-09-08T18:18:45.891606
1750296249511032,generali,2026-09-08T18:18:45.891606
1750296249511032,sun_life,2026-09-08T18:18:45.891606
1750296436177680,generali,2026-09-08T18:18:45.891606
1750296436177680,sun_life,2026-09-08T18:18:45.891606
1750298202844170,generali,2026-09-08T18:18:45.891606
1750304939510163,generali,2026-09-08T18:18:45.891606
1750304939510163,sun_life,2026-09-08T18:18:45.891606
1750313876175936,aia,2026-09-08T18:18:45.891606
1750313876175936,generali,2026-09-08T18:18:45.891606
1750313876175936,sun_life,2026-09-08T18:18:45.891606
1750316946175629,manulife,2026-09-08T18:18:45.891606
1750316946175629,generali,2026-09-08T18:18:45.891606
1750319666175357,generali,2026-09-08T18:18:45.891606
1750319666175357,sun_life,2026-09-08T18:18:45.891606
1750331016174222,generali,2026-09-08T18:18:45.891606
1750331016174222,sun_life,2026-09-08T18:18:45.891606
1750332339507423,sun_life,2026-09-08T18:18:45.891606
1750349039505753,aia,2026-09-08T18:18:45.891606
1750349039505753,manulife,2026-09-08T18:18:45.891606
1750349039505753,generali,2026-09-08T18:18:45.891606
1750349039505753,sun_life,2026-09-08T18:18:45.891606
1750350962838894,sun_life,2026-09-08T18:18:45.891606
1750352876172036,generali,2026-09-08T18:18:45.891606
1750358289504828,generali,2026-09-08T18:18:45.891606
1750358289504828,sun_life,2026-09-08T18:18:45.891606
1750372722836718,sun_life,2026-09-08T18:18:45.891606
1750416849498972,generali,2026-09-08T18:18:45.891606
1750416849498972,sun_life,2026-09-08T18:18:45.891606
1750557816151542,aia,2026-09-08T18:18:45.891606
1750557816151542,generali,2026-09-08T18:18:45.891606
1750557816151542,sun_life,2026-09-08T18:18:45.891606
1750698539470803,generali,2026-09-08T18:18:45.891606
1750698539470803,sun_life,2026-09-08T18:18:45.891606
1750833036124020,dai_ichi,2026-09-08T18:18:45.891606
1750834412790549,dai_ichi,2026-09-08T18:18:45.891606
1750912059449451,generali,2026-09-08T18:18:45.891606
1750912059449451,sun_life,2026-09-08T18:18:45.891606
1750925296114794,generali,2026-09-08T18:18:45.891606
1750925296114794,sun_life,2026-09-08T18:18:45.891606
1750943626112961,generali,2026-09-08T18:18:45.891606
1750943626112961,sun_life,2026-09-08T18:18:45.891606
1750332582840732,bao_viet,2026-09-08T18:18:45.891606
1750359206171403,generali,2026-09-08T18:18:45.891606
1750684949472162,generali,2026-09-08T18:18:45.891606
1750688679471789,generali,2026-09-08T18:18:45.891606
1750688906138433,generali,2026-09-08T18:18:45.891606
1750689516138372,generali,2026-09-08T18:18:45.891606
1750693646137959,generali,2026-09-08T18:18:45.891606
1750702409470416,generali,2026-09-08T18:18:45.891606
1750710526136271,generali,2026-09-08T18:18:45.891606
1750720316135292,generali,2026-09-08T18:18:45.891606
1750733646133959,generali,2026-09-08T18:18:45.891606
1750736466133677,generali,2026-09-08T18:18:45.891606
1750737162800274,generali,2026-09-08T18:18:45.891606
1750770349463622,generali,2026-09-08T18:18:45.891606
1750795006127823,generali,2026-09-08T18:18:45.891606
1750809692793021,dai_ichi,2026-09-08T18:18:45.891606
1750809692793021,generali,2026-09-08T18:18:45.891606
1750905332783457,generali,2026-09-08T18:18:45.891606
1751757592698231,generali,2026-09-08T18:18:45.891606
1750689692805021,generali,2026-09-08T18:18:45.891606
1750708682803122,aia,2026-09-08T18:18:45.891606
1750836229457034,dai_ichi,2026-09-08T18:18:45.891606
1750863482787642,dai_ichi,2026-09-08T18:18:45.891606
1750788356128488,sun_life,2026-09-08T18:18:45.891606
1750823236125000,aia,2026-09-08T18:18:45.891606
1750846166122707,aia,2026-09-08T18:18:45.891606
1750853032788687,aia,2026-09-08T18:18:45.891606
1750892182784772,aia,2026-09-08T18:18:45.891606
1750990452774945,aia,2026-09-08T18:18:45.891606
1751013206106003,aia,2026-09-08T18:18:45.891606
1751091349431522,dai_ichi,2026-09-08T18:18:45.891606
1750874329453224,bao_viet,2026-09-08T18:18:45.891606
1750831112790879,bao_viet,2026-09-08T18:18:45.891606
1750903582783632,bao_viet,2026-09-08T18:18:45.891606
1750932662780724,bao_viet,2026-09-08T18:18:45.891606
1751006026106721,dai_ichi,2026-09-08T18:18:45.891606
1751012562772734,bao_viet,2026-09-08T18:18:45.891606
1751124252761565,bao_viet,2026-09-08T18:18:45.891606
1750823039458353,dai_ichi,2026-09-08T18:18:45.891606
1750824499458207,aia,2026-09-08T18:18:45.891606
1750825682791422,generali,2026-09-08T18:18:45.891606
1750825749458082,dai_ichi,2026-09-08T18:18:45.891606
1750833722790618,dai_ichi,2026-09-08T18:18:45.891606
1750834009457256,aia,2026-09-08T18:18:45.891606
1750870212786969,dai_ichi,2026-09-08T18:18:45.891606
1750900812783909,sun_life,2026-09-08T18:18:45.891606
1750926169448040,aia,2026-09-08T18:18:45.891606
1750940609446596,dai_ichi,2026-09-08T18:18:45.891606
1750968726110451,dai_ichi,2026-09-08T18:18:45.891606
1751050159435641,aia,2026-09-08T18:18:45.891606
1751117652762225,dai_ichi,2026-09-08T18:18:45.891606
1751117652762225,generali,2026-09-08T18:18:45.891606
1751117652762225,sun_life,2026-09-08T18:18:45.891606
1751117652762225,fwd,2026-09-08T18:18:45.891606
1751580896049234,dai_ichi,2026-09-08T18:18:45.891606
1750861632787827,aia,2026-09-08T18:18:45.891606
1750861632787827,generali,2026-09-08T18:18:45.891606
1750916216115702,generali,2026-09-08T18:18:45.891606
1750919072782083,generali,2026-09-08T18:18:45.891606
1750922706115053,generali,2026-09-08T18:18:45.891606
1750923372781653,aia,2026-09-08T18:18:45.891606
1750923372781653,generali,2026-09-08T18:18:45.891606
1750924782781512,aia,2026-09-08T18:18:45.891606
1750928596114464,sun_life,2026-09-08T18:18:45.891606
1750930786114245,generali,2026-09-08T18:18:45.891606
1750931876114136,generali,2026-09-08T18:18:45.891606
1750933362780654,aia,2026-09-08T18:18:45.891606
1750935429447114,dai_ichi,2026-09-08T18:18:45.891606
1750937679446889,dai_ichi,2026-09-08T18:18:45.891606
1750941469446510,dai_ichi,2026-09-08T18:18:45.891606
1750943582779632,sun_life,2026-09-08T18:18:45.891606
1750948419445815,aia,2026-09-08T18:18:45.891606
1750977389442918,aia,2026-09-08T18:18:45.891606
1751009622773028,aia,2026-09-08T18:18:45.891606
1751009622773028,generali,2026-09-08T18:18:45.891606
1751119826095341,aia,2026-09-08T18:18:45.891606
1750916112782379,aia,2026-09-08T18:18:45.891606
1750936409447016,dai_ichi,2026-09-08T18:18:45.891606
1751067649433892,generali,2026-09-08T18:18:45.891606
1751067649433892,sun_life,2026-09-08T18:18:45.891606
1751083332765657,dai_ichi,2026-09-08T18:18:45.891606
1751097066097617,dai_ichi,2026-09-08T18:18:45.891606
1751102539430403,dai_ichi,2026-09-08T18:18:45.891606
1751112209429436,generali,2026-09-08T18:18:45.891606
1751116389429018,dai_ichi,2026-09-08T18:18:45.891606
1751172939423363,sun_life,2026-09-08T18:18:45.891606
1751537466053577,dai_ichi,2026-09-08T18:18:45.891606
1751612049379452,dai_ichi,2026-09-08T18:18:45.891606
1751738822700108,aia,2026-09-08T18:18:45.891606
1751075216099802,aia,2026-09-08T18:18:45.891606
1751075216099802,dai_ichi,2026-09-08T18:18:45.891606
1751075216099802,generali,2026-09-08T18:18:45.891606
1751079429432714,generali,2026-09-08T18:18:45.891606
1751081572765833,sun_life,2026-09-08T18:18:45.891606
1751084656098858,dai_ichi,2026-09-08T18:18:45.891606
1751084656098858,generali,2026-09-08T18:18:45.891606
1751085989432058,dai_ichi,2026-09-08T18:18:45.891606
1751085989432058,generali,2026-09-08T18:18:45.891606
1751085989432058,sun_life,2026-09-08T18:18:45.891606
1751087799431877,generali,2026-09-08T18:18:45.891606
1751097612764229,dai_ichi,2026-09-08T18:18:45.891606
1751098656097458,generali,2026-09-08T18:18:45.891606
1751109926096331,generali,2026-09-08T18:18:45.891606
1751109926096331,sun_life,2026-09-08T18:18:45.891606
1751110019429655,generali,2026-09-08T18:18:45.891606
1751119206095403,generali,2026-09-08T18:18:45.891606
1751172172756773,generali,2026-09-08T18:18:45.891606
1751172172756773,sun_life,2026-09-08T18:18:45.891606
1751470802726910,generali,2026-09-08T18:18:45.891606
1751482566059067,aia,2026-09-08T18:18:45.891606
1751482566059067,generali,2026-09-08T18:18:45.891606
1751482566059067,sun_life,2026-09-08T18:18:45.891606
1751486029392054,generali,2026-09-08T18:18:45.891606
1751614502712540,dai_ichi,2026-09-08T18:18:45.891606
1751691469371510,cathay_life,2026-09-08T18:18:45.891606
1751804416026882,sun_life,2026-09-08T18:18:45.891606
1751579036049420,aia,2026-09-08T18:18:45.891606
1751070959433561,aia,2026-09-08T18:18:45.891606
1751079559432701,dai_ichi,2026-09-08T18:18:45.891606
1751096636097660,dai_ichi,2026-09-08T18:18:45.891606
1751096736097650,dai_ichi,2026-09-08T18:18:45.891606
1751102412763749,generali,2026-09-08T18:18:45.891606
1751102759430381,dai_ichi,2026-09-08T18:18:45.891606
1751116909428966,dai_ichi,2026-09-08T18:18:45.891606
1751118592762131,dai_ichi,2026-09-08T18:18:45.891606
1751166986090625,dai_ichi,2026-09-08T18:18:45.891606
1751171762756814,dai_ichi,2026-09-08T18:18:45.891606
1751580389382618,dai_ichi,2026-09-08T18:18:45.891606
1751580389382618,sun_life,2026-09-08T18:18:45.891606
1751587206048603,dai_ichi,2026-09-08T18:18:45.891606
1751087129431944,dai_ichi,2026-09-08T18:18:45.891606
1751090086098315,generali,2026-09-08T18:18:45.891606
1751091562764834,generali,2026-09-08T18:18:45.891606
1751092156098108,sun_life,2026-09-08T18:18:45.891606
1751097799430877,generali,2026-09-08T18:18:45.891606
1751101319430525,dai_ichi,2026-09-08T18:18:45.891606
1751101646097159,aia,2026-09-08T18:18:45.891606
1751109416096382,aia,2026-09-08T18:18:45.891606
1751111659429491,sun_life,2026-09-08T18:18:45.891606
1751124362761554,generali,2026-09-08T18:18:45.891606
1751171046090219,sun_life,2026-09-08T18:18:45.891606
1751626806044643,dai_ichi,2026-09-08T18:18:45.891606
1751736502700340,aia,2026-09-08T18:18:45.891606
1751718162702174,bao_viet,2026-09-08T18:18:45.891606
2506820433155181,bao_viet,2026-09-08T18:18:45.891606
2502809860222905,cathay_life,2026-09-08T18:18:45.891606
2502811650222726,generali,2026-09-08T18:18:45.891606
2502813313555893,sun_life,2026-09-08T18:18:45.891606
2502827773554447,aia,2026-09-08T18:18:45.891606
2502839730219918,aia,2026-09-08T18:18:45.891606
2502852406885317,dai_ichi,2026-09-08T18:18:45.891606
2503031126867445,fwd,2026-09-08T18:18:45.891606
2503100140193877,bao_viet,2026-09-08T18:18:45.891606
2503667366803821,bao_viet,2026-09-08T18:18:45.891606
2503820296788528,bao_viet,2026-09-08T18:18:45.891606
2506819059821985,bao_viet,2026-09-08T18:18:45.891606
2503779823459242,bao_viet,2026-09-08T18:18:45.891606
2503144070189484,bao_viet,2026-09-08T18:18:45.891606
2503972970106594,bao_viet,2026-09-08T18:18:45.891606
2503962243441000,bao_viet,2026-09-08T18:18:45.891606
2506753029828588,bao_viet,2026-09-08T18:18:45.891606
2503699773467247,bao_viet,2026-09-08T18:18:45.891606
2506560093181215,bao_viet,2026-09-08T18:18:45.891606
2506568116513746,bao_viet,2026-09-08T18:18:45.891606
2506791883158036,bao_viet,2026-09-08T18:18:45.891606
2506808079823083,bao_viet,2026-09-08T18:18:45.891606
2506817816488776,bao_viet,2026-09-08T18:18:45.891606
2507578003079424,bao_viet,2026-09-08T18:18:45.891606
2506764069827484,prudential,2026-09-08T18:18:45.891606
2130486940871441,dai_ichi,2026-09-08T18:18:45.891606
2130253520894783,dai_ichi,2026-09-08T18:18:45.891606
2131118114141657,manulife,2026-09-08T18:18:45.891606
2251470985790855,aia,2026-09-15T14:55:28.245718
2253221402282480,dai_ichi,2026-09-15T14:55:28.245718
2253255338945753,hanwha_life,2026-09-15T14:55:28.245718
1622949952622638,aia,2026-09-15T14:55:28.245718
1622950075955959,aia,2026-09-15T14:55:28.245718
1622976522619981,aia,2026-09-15T14:55:28.245718
1622976612619972,aia,2026-09-15T14:55:28.245718
1624174445833522,dai_ichi,2026-09-15T14:55:28.245718
1619055229678777,generali,2026-09-15T14:55:28.245718
1622949429289357,aia,2026-09-15T14:55:28.245718
1625748325676134,dai_ichi,2026-09-15T14:55:28.245718
1622949805955986,aia,2026-09-15T14:55:28.245718
1623048015946165,sun_life,2026-09-15T14:55:28.245718
1623333792584254,dai_ichi,2026-09-15T14:55:28.245718
1623668419217458,manulife,2026-09-15T14:55:28.245718
1624427645808202,manulife,2026-09-15T14:55:28.245718
1624146509169649,fwd,2026-09-15T14:55:28.245718
1622949675955999,aia,2026-09-15T14:55:28.245718
1623046399279660,generali,2026-09-15T14:55:28.245718
1623046399279660,sun_life,2026-09-15T14:55:28.245718
1623494679234832,dai_ichi,2026-09-15T14:55:28.245718
1624175332500100,dai_ichi,2026-09-15T14:55:28.245718
1623699535881013,mb_ageas_life,2026-09-15T14:55:28.245718
1622691972648436,dai_ichi,2026-09-15T14:55:28.245718
1622948412622792,aia,2026-09-15T14:55:28.245718
1623455802572053,dai_ichi,2026-09-15T14:55:28.245718
1624174132500220,dai_ichi,2026-09-15T14:55:28.245718
1622448429339457,aia,2026-09-15T14:55:28.245718
1622449092672724,dai_ichi,2026-09-15T14:55:28.245718
1622449292672704,sun_life,2026-09-15T14:55:28.245718
1622449546006012,generali,2026-09-15T14:55:28.245718
1622450359339264,dai_ichi,2026-09-15T14:55:28.245718
1622450706005896,generali,2026-09-15T14:55:28.245718
1622451352672498,aia,2026-09-15T14:55:28.245718
1622451352672498,dai_ichi,2026-09-15T14:55:28.245718
1622451352672498,generali,2026-09-15T14:55:28.245718
1622451352672498,sun_life,2026-09-15T14:55:28.245718
1622451462672487,generali,2026-09-15T14:55:28.245718
1622451676005799,generali,2026-09-15T14:55:28.245718
1622452909339009,generali,2026-09-15T14:55:28.245718
1622453622672271,generali,2026-09-15T14:55:28.245718
1622453622672271,cathay_life,2026-09-15T14:55:28.245718
1622455212672112,dai_ichi,2026-09-15T14:55:28.245718
1622456069338693,cathay_life,2026-09-15T14:55:28.245718
1622456749338625,aia,2026-09-15T14:55:28.245718
1622459539338346,aia,2026-09-15T14:55:28.245718
1622459539338346,dai_ichi,2026-09-15T14:55:28.245718
1622462216004745,prudential,2026-09-15T14:55:28.245718
1622462306004736,dai_ichi,2026-09-15T14:55:28.245718
1622462432671390,dai_ichi,2026-09-15T14:55:28.245718
1622463446004622,dai_ichi,2026-09-15T14:55:28.245718
1622465129337787,aia,2026-09-15T14:55:28.245718
1622465986004368,aia,2026-09-15T14:55:28.245718
1622469806003986,generali,2026-09-15T14:55:28.245718
1622469806003986,sun_life,2026-09-15T14:55:28.245718
1622472416003725,aia,2026-09-15T14:55:28.245718
1622476666003300,aia,2026-09-15T14:55:28.245718
1622476666003300,generali,2026-09-15T14:55:28.245718
1622478236003143,manulife,2026-09-15T14:55:28.245718
1622484582669175,dai_ichi,2026-09-15T14:55:28.245718
1622488012668832,aia,2026-09-15T14:55:28.245718
1622510399333260,generali,2026-09-15T14:55:28.245718
1622514409332859,dai_ichi,2026-09-15T14:55:28.245718
1622539169330383,bao_viet,2026-09-15T14:55:28.245718
1622552865995680,dai_ichi,2026-09-15T14:55:28.245718
1622564729327827,cathay_life,2026-09-15T14:55:28.245718
1622573422660291,dai_ichi,2026-09-15T14:55:28.245718
1622576932659940,dai_ichi,2026-09-15T14:55:28.245718
1622586589325641,dai_ichi,2026-09-15T14:55:28.245718
1622591015991865,aia,2026-09-15T14:55:28.245718
1622597415991225,dai_ichi,2026-09-15T14:55:28.245718
1622626819321618,dai_ichi,2026-09-15T14:55:28.245718
1622746342642999,aia,2026-09-15T14:55:28.245718
1622807295970237,aia,2026-09-15T14:55:28.245718
1622949145956052,aia,2026-09-15T14:55:28.245718
1623310862586547,dai_ichi,2026-09-15T14:55:28.245718
1624173689166931,dai_ichi,2026-09-15T14:55:28.245718
1624736759110624,dai_ichi,2026-09-15T14:55:28.245718
1626160785634888,cathay_life,2026-09-15T14:55:28.245718
1626394295611537,dai_ichi,2026-09-15T14:55:28.245718
1622814529302847,prudential,2026-09-15T14:55:28.245718
1623253472592286,prudential,2026-09-15T14:55:28.245718
1623361765914790,dai_ichi,2026-09-15T14:55:28.245718
1623405162577117,manulife,2026-09-15T14:55:28.245718
1623506675900299,prudential,2026-09-15T14:55:28.245718
1623571062560527,prudential,2026-09-15T14:55:28.245718
1623314489252851,sun_life,2026-09-15T14:55:28.245718
1623314862586147,aia,2026-09-15T14:55:28.245718
1623314992586134,aia,2026-09-15T14:55:28.245718
1623315175919449,generali,2026-09-15T14:55:28.245718
1623315675919399,dai_ichi,2026-09-15T14:55:28.245718
1623316019252698,aia,2026-09-15T14:55:28.245718
1623316045919362,aia,2026-09-15T14:55:28.245718
1623317029252597,generali,2026-09-15T14:55:28.245718
1623317679252532,sun_life,2026-09-15T14:55:28.245718
1623317745919192,manulife,2026-09-15T14:55:28.245718
1623319815918985,dai_ichi,2026-09-15T14:55:28.245718
1623320315918935,generali,2026-09-15T14:55:28.245718
1623320389252261,dai_ichi,2026-09-15T14:55:28.245718
1623321335918833,aia,2026-09-15T14:55:28.245718
1623324275918539,dai_ichi,2026-09-15T14:55:28.245718
1623333365917630,cathay_life,2026-09-15T14:55:28.245718
1623340395916927,sun_life,2026-09-15T14:55:28.245718
1623352995915667,manulife,2026-09-15T14:55:28.245718
1623409622576671,dai_ichi,2026-09-15T14:55:28.245718
1623422659242034,bao_viet,2026-09-15T14:55:28.245718
1623450262572607,aia,2026-09-15T14:55:28.245718
1623456232572010,aia,2026-09-15T14:55:28.245718
1623563175894649,aia,2026-09-15T14:55:28.245718
1623650219219278,dai_ichi,2026-09-15T14:55:28.245718
1624075875843379,aia,2026-09-15T14:55:28.245718
1623361212581512,fwd,2026-09-15T14:55:28.245718
1623529832564650,dai_ichi,2026-09-15T14:55:28.245718
1624252089159091,aia,2026-09-15T14:55:28.245718
1624252429159057,manulife,2026-09-15T14:55:28.245718
1624252589159041,generali,2026-09-15T14:55:28.245718
1624256012492032,dai_ichi,2026-09-15T14:55:28.245718
1624257069158593,sun_life,2026-09-15T14:55:28.245718
1624257805825186,manulife,2026-09-15T14:55:28.245718
1624258982491735,prudential,2026-09-15T14:55:28.245718
1624261085824858,bao_viet,2026-09-15T14:55:28.245718
1624264805824486,aia,2026-09-15T14:55:28.245718
1624267199157580,dai_ichi,2026-09-15T14:55:28.245718
1624268035824163,bao_viet,2026-09-15T14:55:28.245718
1624268449157455,bao_viet,2026-09-15T14:55:28.245718
1624272375823729,manulife,2026-09-15T14:55:28.245718
1624275235823443,aia,2026-09-15T14:55:28.245718
1624276129156687,aia,2026-09-15T14:55:28.245718
1624276129156687,dai_ichi,2026-09-15T14:55:28.245718
1624276129156687,bao_viet,2026-09-15T14:55:28.245718
1624276129156687,fwd,2026-09-15T14:55:28.245718
1624284252489208,manulife,2026-09-15T14:55:28.245718
1624287205822246,bao_viet,2026-09-15T14:55:28.245718
1624372445813722,bao_viet,2026-09-15T14:55:28.245718
1624409165810050,aia,2026-09-15T14:55:28.245718
1624426372474996,manulife,2026-09-15T14:55:28.245718
1624450682472565,generali,2026-09-15T14:55:28.245718
1624554879128812,dai_ichi,2026-09-15T14:55:28.245718
1624592035791763,manulife,2026-09-15T14:55:28.245718
1624629459121354,manulife,2026-09-15T14:55:28.245718
1624721649112135,generali,2026-09-15T14:55:28.245718
1624727615778205,aia,2026-09-15T14:55:28.245718
1624735992444034,dai_ichi,2026-09-15T14:55:28.245718
1625055102412123,dai_ichi,2026-09-15T14:55:28.245718
1625229889061311,dai_ichi,2026-09-15T14:55:28.245718
1624424132475220,manulife,2026-09-15T14:55:28.245718
1625159602401673,manulife,2026-09-15T14:55:28.245718
1625159789068321,manulife,2026-09-15T14:55:28.245718
1625161819068118,aia,2026-09-15T14:55:28.245718
1625162679068032,manulife,2026-09-15T14:55:28.245718
1625165602401073,bao_viet,2026-09-15T14:55:28.245718
1625166142401019,sun_life,2026-09-15T14:55:28.245718
1625167295734237,aia,2026-09-15T14:55:28.245718
1625168579067442,prudential,2026-09-15T14:55:28.245718
1625171945733772,aia,2026-09-15T14:55:28.245718
1625177815733185,bao_viet,2026-09-15T14:55:28.245718
1625186365732330,bao_viet,2026-09-15T14:55:28.245718
1625194705731496,manulife,2026-09-15T14:55:28.245718
1625225499061750,dai_ichi,2026-09-15T14:55:28.245718
1625232585727708,dai_ichi,2026-09-15T14:55:28.245718
1625255589058741,dai_ichi,2026-09-15T14:55:28.245718
1625306972386936,dai_ichi,2026-09-15T14:55:28.245718
1625347195716247,aia,2026-09-15T14:55:28.245718
1625558419028458,generali,2026-09-15T14:55:28.245718
1625744889009811,dai_ichi,2026-09-15T14:55:28.245718
1625903568993943,bao_viet,2026-09-15T14:55:28.245718
1625965302321103,bao_viet,2026-09-15T14:55:28.245718
1626207945630172,manulife,2026-09-15T14:55:28.245718
1625261325724834,dai_ichi,2026-09-15T14:55:28.245718
1625266262391007,bao_viet,2026-09-15T14:55:28.245718
1625291339055166,bao_viet,2026-09-15T14:55:28.245718
1625380315712935,aia,2026-09-15T14:55:28.245718
1625404625710504,sun_life,2026-09-15T14:55:28.245718
1625468225704144,aia,2026-09-15T14:55:28.245718
1625901842327449,chubb_life,2026-09-15T14:55:28.245718
1626761238908176,bao_viet,2026-09-15T14:55:28.245718
1626993298884970,bao_viet,2026-09-15T14:55:28.245718
1625628025688164,aia,2026-09-15T14:55:28.245718
1625629202354713,generali,2026-09-15T14:55:28.245718
1625630002354633,aia,2026-09-15T14:55:28.245718
1625630135687953,prudential,2026-09-15T14:55:28.245718
1625631369021163,prudential,2026-09-15T14:55:28.245718
1625633622354271,dai_ichi,2026-09-15T14:55:28.245718
1625633852354248,generali,2026-09-15T14:55:28.245718
1625636819020618,cathay_life,2026-09-15T14:55:28.245718
1625638909020409,generali,2026-09-15T14:55:28.245718
1625638965687070,sun_life,2026-09-15T14:55:28.245718
1625639282353705,aia,2026-09-15T14:55:28.245718
1625641662353467,manulife,2026-09-15T14:55:28.245718
1625642279020072,aia,2026-09-15T14:55:28.245718
1625649819019318,sun_life,2026-09-15T14:55:28.245718
1625651085685858,generali,2026-09-15T14:55:28.245718
1625651432352490,generali,2026-09-15T14:55:28.245718
1625651965685770,aia,2026-09-15T14:55:28.245718
1625660172351616,aia,2026-09-15T14:55:28.245718
1625662645684702,dai_ichi,2026-09-15T14:55:28.245718
1625662952351338,aia,2026-09-15T14:55:28.245718
1625696062348027,dai_ichi,2026-09-15T14:55:28.245718
1625696062348027,generali,2026-09-15T14:55:28.245718
1625721845678782,sun_life,2026-09-15T14:55:28.245718
1625744199009880,dai_ichi,2026-09-15T14:55:28.245718
1625766395674327,prudential,2026-09-15T14:55:28.245718
1625821229002177,aia,2026-09-15T14:55:28.245718
1625833005667666,bao_viet,2026-09-15T14:55:28.245718
1625833589000941,aia,2026-09-15T14:55:28.245718
1625833615667605,aia,2026-09-15T14:55:28.245718
1625842049000095,aia,2026-09-15T14:55:28.245718
1625847645666202,generali,2026-09-15T14:55:28.245718
1625858245665142,aia,2026-09-15T14:55:28.245718
1625862315664735,prudential,2026-09-15T14:55:28.245718
1625978408986459,aia,2026-09-15T14:55:28.245718
1625983705652596,generali,2026-09-15T14:55:28.245718
1625986175652349,generali,2026-09-15T14:55:28.245718
1625991765651790,dai_ichi,2026-09-15T14:55:28.245718
1625991765651790,generali,2026-09-15T14:55:28.245718
1625991765651790,sun_life,2026-09-15T14:55:28.245718
1625992855651681,dai_ichi,2026-09-15T14:55:28.245718
1625993178984982,generali,2026-09-15T14:55:28.245718
1625994768984823,manulife,2026-09-15T14:55:28.245718
1625995385651428,generali,2026-09-15T14:55:28.245718
1625996732317960,generali,2026-09-15T14:55:28.245718
1626000718984228,generali,2026-09-15T14:55:28.245718
1626021745648792,dai_ichi,2026-09-15T14:55:28.245718
1626030455647921,generali,2026-09-15T14:55:28.245718
1626040985646868,generali,2026-09-15T14:55:28.245718
1626047552312878,aia,2026-09-15T14:55:28.245718
1626049435646023,dai_ichi,2026-09-15T14:55:28.245718
1626094785641488,aia,2026-09-15T14:55:28.245718
1626102415640725,dai_ichi,2026-09-15T14:55:28.245718
1626136692303964,dai_ichi,2026-09-15T14:55:28.245718
1626163932301240,generali,2026-09-15T14:55:28.245718
1626789885571978,dai_ichi,2026-09-15T14:55:28.245718
1626801888904111,generali,2026-09-15T14:55:28.245718
1626907478893552,dai_ichi,2026-09-15T14:55:28.245718
1627733455477621,aia,2026-09-15T14:55:28.245718
1627733455477621,dai_ichi,2026-09-15T14:55:28.245718
1627733455477621,bao_viet,2026-09-15T14:55:28.245718
1627733455477621,generali,2026-09-15T14:55:28.245718
1627733455477621,sun_life,2026-09-15T14:55:28.245718
1627733455477621,fwd,2026-09-15T14:55:28.245718
1626066142311019,aia,2026-09-15T14:55:28.245718
1626066605644306,bao_viet,2026-09-15T14:55:28.245718
1626067208977579,dai_ichi,2026-09-15T14:55:28.245718
1626067305644236,manulife,2026-09-15T14:55:28.245718
1626067302310903,dai_ichi,2026-09-15T14:55:28.245718
1626069638977336,generali,2026-09-15T14:55:28.245718
1626069808977319,manulife,2026-09-15T14:55:28.245718
1626070098977290,aia,2026-09-15T14:55:28.245718
1626070098977290,dai_ichi,2026-09-15T14:55:28.245718
1626070098977290,generali,2026-09-15T14:55:28.245718
1626070098977290,fwd,2026-09-15T14:55:28.245718
1626072532310380,aia,2026-09-15T14:55:28.245718
1626073025643664,aia,2026-09-15T14:55:28.245718
1626073162310317,dai_ichi,2026-09-15T14:55:28.245718
1626089218975378,aia,2026-09-15T14:55:28.245718
1626091598975140,generali,2026-09-15T14:55:28.245718
1626125018971798,dai_ichi,2026-09-15T14:55:28.245718
1626138832303750,dai_ichi,2026-09-15T14:55:28.245718
1626142125636754,aia,2026-09-15T14:55:28.245718
1626142505636716,bao_viet,2026-09-15T14:55:28.245718
1626150215635945,generali,2026-09-15T14:55:28.245718
1626239965626970,generali,2026-09-15T14:55:28.245718
1626364945614472,prudential,2026-09-15T14:55:28.245718
1626393542278279,dai_ichi,2026-09-15T14:55:28.245718
1626412895609677,bao_viet,2026-09-15T14:55:28.245718
1626417522275881,aia,2026-09-15T14:55:28.245718
1626437132273920,aia,2026-09-15T14:55:28.245718
1626847228899577,generali,2026-09-15T14:55:28.245718
1626907168893583,dai_ichi,2026-09-15T14:55:28.245718
1626481502269483,dai_ichi,2026-09-15T14:55:28.245718
1626481918936108,aia,2026-09-15T14:55:28.245718
1626482588936041,dai_ichi,2026-09-15T14:55:28.245718
1626483378935962,aia,2026-09-15T14:55:28.245718
1626484448935855,aia,2026-09-15T14:55:28.245718
1626485272269106,aia,2026-09-15T14:55:28.245718
1626486035602363,aia,2026-09-15T14:55:28.245718
1626488178935482,dai_ichi,2026-09-15T14:55:28.245718
1626489752268658,aia,2026-09-15T14:55:28.245718
1626489852268648,aia,2026-09-15T14:55:28.245718
1626489852268648,dai_ichi,2026-09-15T14:55:28.245718
1626489852268648,generali,2026-09-15T14:55:28.245718
1626489852268648,sun_life,2026-09-15T14:55:28.245718
1626490698935230,aia,2026-09-15T14:55:28.245718
1626490945601872,aia,2026-09-15T14:55:28.245718
1626493358934964,aia,2026-09-15T14:55:28.245718
1626496528934647,aia,2026-09-15T14:55:28.245718
1626518772265756,aia,2026-09-15T14:55:28.245718
1626529085598058,aia,2026-09-15T14:55:28.245718
1626688118915488,aia,2026-09-15T14:55:28.245718
1626709975579969,aia,2026-09-15T14:55:28.245718
1626739058910394,aia,2026-09-15T14:55:28.245718
1626740195576947,aia,2026-09-15T14:55:28.245718
1626742798910020,cathay_life,2026-09-15T14:55:28.245718
1626780618906238,aia,2026-09-15T14:55:28.245718
1626789348905365,dai_ichi,2026-09-15T14:55:28.245718
1626796762237957,prudential,2026-09-15T14:55:28.245718
1626850878899212,bao_viet,2026-09-15T14:55:28.245718
1626858738898426,bao_viet,2026-09-15T14:55:28.245718
1627039258880374,aia,2026-09-15T14:55:28.245718
1627039702213663,aia,2026-09-15T14:55:28.245718
1627039758880324,aia,2026-09-15T14:55:28.245718
1627271672190466,aia,2026-09-15T14:55:28.245718
1627317658852534,dai_ichi,2026-09-15T14:55:28.245718
1627581395492827,generali,2026-09-15T14:55:28.245718
1627729598811340,aia,2026-09-15T14:55:28.245718
1626959608888339,manulife,2026-09-15T14:55:28.245718
1626959608888339,dai_ichi,2026-09-15T14:55:28.245718
1626959608888339,generali,2026-09-15T14:55:28.245718
1626962588888041,generali,2026-09-15T14:55:28.245718
1626963898887910,aia,2026-09-15T14:55:28.245718
1626965962221037,generali,2026-09-15T14:55:28.245718
1626974075553559,dai_ichi,2026-09-15T14:55:28.245718
1627026438881656,manulife,2026-09-15T14:55:28.245718
1627028035548163,dai_ichi,2026-09-15T14:55:28.245718
1627029995547967,dai_ichi,2026-09-15T14:55:28.245718
1627031635547803,generali,2026-09-15T14:55:28.245718
1627046982212935,dai_ichi,2026-09-15T14:55:28.245718
1627123902205243,dai_ichi,2026-09-15T14:55:28.245718
1627125462205087,aia,2026-09-15T14:55:28.245718
1627125462205087,dai_ichi,2026-09-15T14:55:28.245718
1627172008867099,generali,2026-09-15T14:55:28.245718
1627206578863642,generali,2026-09-15T14:55:28.245718
1627295288854771,generali,2026-09-15T14:55:28.245718
1627591025491864,dai_ichi,2026-09-15T14:55:28.245718
1627630055487961,manulife,2026-09-15T14:55:28.245718
1627849862132647,aia,2026-09-15T14:55:28.245718
1626971425553824,generali,2026-09-15T14:55:28.245718
1626972252220408,dai_ichi,2026-09-15T14:55:28.245718
1626974822220151,aia,2026-09-15T14:55:28.245718
1626976588886641,aia,2026-09-15T14:55:28.245718
1626978825553084,dai_ichi,2026-09-15T14:55:28.245718
1626979025553064,generali,2026-09-15T14:55:28.245718
1626980322219601,generali,2026-09-15T14:55:28.245718
1626984038885896,bao_viet,2026-09-15T14:55:28.245718
1626984835552483,aia,2026-09-15T14:55:28.245718
1626985718885728,dai_ichi,2026-09-15T14:55:28.245718
1626988522218781,sun_life,2026-09-15T14:55:28.245718
1626990078885292,bao_viet,2026-09-15T14:55:28.245718
1626990368885263,cathay_life,2026-09-15T14:55:28.245718
1626990428885257,aia,2026-09-15T14:55:28.245718
1626991945551772,manulife,2026-09-15T14:55:28.245718
1626999962217637,bao_viet,2026-09-15T14:55:28.245718
1627000598884240,bao_viet,2026-09-15T14:55:28.245718
1627007332216900,bao_viet,2026-09-15T14:55:28.245718
1627007935550173,aia,2026-09-15T14:55:28.245718
1627008005550166,aia,2026-09-15T14:55:28.245718
1627008122216821,bao_viet,2026-09-15T14:55:28.245718
1627008555550111,bao_viet,2026-09-15T14:55:28.245718
1627010908883209,cathay_life,2026-09-15T14:55:28.245718
1627011478883152,bao_viet,2026-09-15T14:55:28.245718
1627016182216015,aia,2026-09-15T14:55:28.245718
1627022065548760,dai_ichi,2026-09-15T14:55:28.245718
1627027808881519,aia,2026-09-15T14:55:28.245718
1627027808881519,dai_ichi,2026-09-15T14:55:28.245718
1627027808881519,generali,2026-09-15T14:55:28.245718
1627092185541748,aia,2026-09-15T14:55:28.245718
1627143965536570,aia,2026-09-15T14:55:28.245718
1627669425484024,aia,2026-09-15T14:55:28.245718
2112695075998294,aia,2026-09-15T14:55:28.245718
2113187052615763,generali,2026-09-15T14:55:28.245718
2113206545947147,aia,2026-09-15T14:55:28.245718
2113213142613154,generali,2026-09-15T14:55:28.245718
2113216225946179,aia,2026-09-15T14:55:28.245718
2114322609168874,aia,2026-09-15T14:55:28.245718
2114337002500768,aia,2026-09-15T14:55:28.245718
2114587512475717,aia,2026-09-15T14:55:28.245718
2115481862386282,aia,2026-09-15T14:55:28.245718
2115501042384364,manulife,2026-09-15T14:55:28.245718
2115502455717556,aia,2026-09-15T14:55:28.245718
2115504459050689,bao_viet,2026-09-15T14:55:28.245718
2115605539040581,dai_ichi,2026-09-15T14:55:28.245718
2115475459053589,aia,2026-09-15T14:55:28.245718
2115476205720181,aia,2026-09-15T14:55:28.245718
2115477965720005,aia,2026-09-15T14:55:28.245718
2115482029052932,sun_life,2026-09-15T14:55:28.245718
2115482735719528,bao_viet,2026-09-15T14:55:28.245718
2115483192386149,aia,2026-09-15T14:55:28.245718
2115496942384774,aia,2026-09-15T14:55:28.245718
2115519159049219,prudential,2026-09-15T14:55:28.245718
2115646085703193,aia,2026-09-15T14:55:28.245718
2115667392367729,bao_viet,2026-09-15T14:55:28.245718
2115703099030825,cathay_life,2026-09-15T14:55:28.245718
2115721155695686,bao_viet,2026-09-15T14:55:28.245718
2116313012303167,prudential,2026-09-15T14:55:28.245718
2115621592372309,aia,2026-09-15T14:55:28.245718
2116519665615835,aia,2026-09-15T14:55:28.245718
2116408738960261,prudential,2026-09-15T14:55:28.245718
28658143057131429,dai_ichi,2026-09-15T14:55:28.245718
28655865457359189,manulife,2026-09-15T14:55:28.245718
28660231853589216,aia,2026-09-15T14:55:28.245718
28660232913589110,aia,2026-09-15T14:55:28.245718
28665195379759530,bao_viet,2026-09-15T14:55:28.245718
28665196393092762,generali,2026-09-15T14:55:28.245718
28665197089759359,aia,2026-09-15T14:55:28.245718
28665204736425261,cathay_life,2026-09-15T14:55:28.245718
28665206349758433,aia,2026-09-15T14:55:28.245718
28665209839758084,generali,2026-09-15T14:55:28.245718
28665216543090747,dai_ichi,2026-09-15T14:55:28.245718
28665217136424021,dai_ichi,2026-09-15T14:55:28.245718
28665222619756806,dai_ichi,2026-09-15T14:55:28.245718
28665224173089984,generali,2026-09-15T14:55:28.245718
28665228959756172,dai_ichi,2026-09-15T14:55:28.245718
28665239049755163,generali,2026-09-15T14:55:28.245718
28665245469754521,dai_ichi,2026-09-15T14:55:28.245718
28665245586421176,dai_ichi,2026-09-15T14:55:28.245718
28665247149754353,dai_ichi,2026-09-15T14:55:28.245718
28665253499753718,sun_life,2026-09-15T14:55:28.245718
28665253519753716,dai_ichi,2026-09-15T14:55:28.245718
28665257973086604,generali,2026-09-15T14:55:28.245718
28665261069752961,aia,2026-09-15T14:55:28.245718
28665261643086237,aia,2026-09-15T14:55:28.245718
28665261643086237,bao_viet,2026-09-15T14:55:28.245718
28665274473084954,dai_ichi,2026-09-15T14:55:28.245718
28665307213081680,aia,2026-09-15T14:55:28.245718
28665314316414303,dai_ichi,2026-09-15T14:55:28.245718
28665322003080201,dai_ichi,2026-09-15T14:55:28.245718
28665337096412025,aia,2026-09-15T14:55:28.245718
28665340439745024,generali,2026-09-15T14:55:28.245718
28665346086411126,manulife,2026-09-15T14:55:28.245718
28665369836408751,generali,2026-09-15T14:55:28.245718
28665403016405433,aia,2026-09-15T14:55:28.245718
28665403016405433,generali,2026-09-15T14:55:28.245718
28665433256402409,bao_viet,2026-09-15T14:55:28.245718
28665437736401961,dai_ichi,2026-09-15T14:55:28.245718
28665438156401919,aia,2026-09-15T14:55:28.245718
28665439583068443,sun_life,2026-09-15T14:55:28.245718
28665445856401149,aia,2026-09-15T14:55:28.245718
28665457819733286,aia,2026-09-15T14:55:28.245718
28665459419733126,aia,2026-09-15T14:55:28.245718
28665459866399748,dai_ichi,2026-09-15T14:55:28.245718
28665478083064593,aia,2026-09-15T14:55:28.245718
28665478083064593,generali,2026-09-15T14:55:28.245718
28665490813063320,dai_ichi,2026-09-15T14:55:28.245718
28665520443060357,dai_ichi,2026-09-15T14:55:28.245718
28665520443060357,bao_viet,2026-09-15T14:55:28.245718
28665524553059946,generali,2026-09-15T14:55:28.245718
28665545183057883,dai_ichi,2026-09-15T14:55:28.245718
28665618153050586,cathay_life,2026-09-15T14:55:28.245718
28665627523049649,cathay_life,2026-09-15T14:55:28.245718
28665640153048386,cathay_life,2026-09-15T14:55:28.245718
28665889333023468,aia,2026-09-15T14:55:28.245718
28666081029670965,generali,2026-09-15T14:55:28.245718
28666159456329789,bao_viet,2026-09-15T14:55:28.245718
28666159609663107,aia,2026-09-15T14:55:28.245718
28666232852989116,dai_ichi,2026-09-15T14:55:28.245718
28666265129652555,dai_ichi,2026-09-15T14:55:28.245718
28666302656315469,manulife,2026-09-15T14:55:28.245718
28666306446315090,dai_ichi,2026-09-15T14:55:28.245718
28666320939646974,dai_ichi,2026-09-15T14:55:28.245718
28666416296304105,sun_life,2026-09-15T14:55:28.245718
28666484386297296,aia,2026-09-15T14:55:28.245718
28666584119620656,generali,2026-09-15T14:55:28.245718
28666657936279941,dai_ichi,2026-09-15T14:55:28.245718
28666768409602227,bao_viet,2026-09-15T14:55:28.245718
28667122689566799,aia,2026-09-15T14:55:28.245718
28667263729552695,generali,2026-09-15T14:55:28.245718
28667500982862303,aia,2026-09-15T14:55:28.245718
28667713006174434,generali,2026-09-15T14:55:28.245718
28667728439506224,generali,2026-09-15T14:55:28.245718
28667834756162259,dai_ichi,2026-09-15T14:55:28.245718
28668040466141688,dai_ichi,2026-09-15T14:55:28.245718
28668170156128719,generali,2026-09-15T14:55:28.245718
28668484982763903,dai_ichi,2026-09-15T14:55:28.245718
28669271116018623,bao_viet,2026-09-15T14:55:28.245718
28670336142578787,dai_ichi,2026-09-15T14:55:28.245718
28678018855143849,dai_ichi,2026-09-15T14:55:28.245718
28682857181326683,bao_viet,2026-09-15T14:55:28.245718
28683703847908683,dai_ichi,2026-09-15T14:55:28.245718
28695516556727412,sun_life,2026-09-15T14:55:28.245718
28697501003195634,cathay_life,2026-09-15T14:55:28.245718
28666505896295145,manulife,2026-09-15T14:55:28.245718
28666663192946082,dai_ichi,2026-09-15T14:55:28.245718
28669254469353621,manulife,2026-09-15T14:55:28.245718
28669861802626221,manulife,2026-09-15T14:55:28.245718
28669870155958719,aia,2026-09-15T14:55:28.245718
28669893912623010,bao_viet,2026-09-15T14:55:28.245718
28669898959289172,cathay_life,2026-09-15T14:55:28.245718
28669936839285384,bao_viet,2026-09-15T14:55:28.245718
28669942512618150,bao_viet,2026-09-15T14:55:28.245718
28670165365929198,dai_ichi,2026-09-15T14:55:28.245718
28671501369128931,aia,2026-09-15T14:55:28.245718
28672047825740952,bao_viet,2026-09-15T14:55:28.245718
28679646774981057,bao_viet,2026-09-15T14:55:28.245718
28679910531621348,aia,2026-09-15T14:55:28.245718
28679127488366319,fwd,2026-09-15T14:55:28.245718
28716647581280976,prudential,2026-09-15T14:55:28.245718
1753023082571682,aia,2026-09-15T14:55:28.245718
1755374299003227,manulife,2026-09-15T14:55:28.245718
1751832869357370,aia,2026-09-15T14:55:28.245718
1752381945969129,manulife,2026-09-15T14:55:28.245718
1752014219339235,manulife,2026-09-15T14:55:28.245718
1752046009336056,sun_life,2026-09-15T14:55:28.245718
1752424855964838,aia,2026-09-15T14:55:28.245718
1752175032656487,dai_ichi,2026-09-15T14:55:28.245718
1752341345973189,dai_ichi,2026-09-15T14:55:28.245718
1752352772638713,generali,2026-09-15T14:55:28.245718
1751924259348231,aia,2026-09-15T14:55:28.245718
1752451925962131,generali,2026-09-15T14:55:28.245718
1754119789128678,generali,2026-09-15T14:55:28.245718
1754196389121018,aia,2026-09-15T14:55:28.245718
1754315792442411,aia,2026-09-15T14:55:28.245718
1754627249077932,aia,2026-09-15T14:55:28.245718
1752499849290672,dai_ichi,2026-09-15T14:55:28.245718
1751737126033611,aia,2026-09-15T14:55:28.245718
1751524746054849,dai_ichi,2026-09-15T14:55:28.245718
1751526282721362,generali,2026-09-15T14:55:28.245718
1751532922720698,dai_ichi,2026-09-15T14:55:28.245718
1751540499386607,dai_ichi,2026-09-15T14:55:28.245718
1751541789386478,aia,2026-09-15T14:55:28.245718
1751550162718974,dai_ichi,2026-09-15T14:55:28.245718
1751561309384526,aia,2026-09-15T14:55:28.245718
1751562592717731,sun_life,2026-09-15T14:55:28.245718
1751587962715194,aia,2026-09-15T14:55:28.245718
1751587962715194,dai_ichi,2026-09-15T14:55:28.245718
1751587962715194,generali,2026-09-15T14:55:28.245718
1751587962715194,sun_life,2026-09-15T14:55:28.245718
1751610486046275,dai_ichi,2026-09-15T14:55:28.245718
1751694056037918,cathay_life,2026-09-15T14:55:28.245718
1751733362700654,aia,2026-09-15T14:55:28.245718
1751738356033488,dai_ichi,2026-09-15T14:55:28.245718
1751842609356396,prudential,2026-09-15T14:55:28.245718
1751842609356396,aia,2026-09-15T14:55:28.245718
1751842609356396,dai_ichi,2026-09-15T14:55:28.245718
1751842609356396,generali,2026-09-15T14:55:28.245718
1751842609356396,sun_life,2026-09-15T14:55:28.245718
1751904016016922,dai_ichi,2026-09-15T14:55:28.245718
1751936769346980,dai_ichi,2026-09-15T14:55:28.245718
1752110089329648,dai_ichi,2026-09-15T14:55:28.245718
1752587805948543,sun_life,2026-09-15T14:55:28.245718
1751558769384780,aia,2026-09-15T14:55:28.245718
1752702719270385,generali,2026-09-15T14:55:28.245718
1751734459367211,aia,2026-09-15T14:55:28.245718
1751522009388456,dai_ichi,2026-09-15T14:55:28.245718
1751534252720565,dai_ichi,2026-09-15T14:55:28.245718
1751617149378942,dai_ichi,2026-09-15T14:55:28.245718
1752589169281740,sun_life,2026-09-15T14:55:28.245718
1752598885947435,dai_ichi,2026-09-15T14:55:28.245718
1752636155943708,sun_life,2026-09-15T14:55:28.245718
1751662506041073,generali,2026-09-15T14:55:28.245718
1751668152707175,sun_life,2026-09-15T14:55:28.245718
1751679222706068,aia,2026-09-15T14:55:28.245718
1751686772705313,sun_life,2026-09-15T14:55:28.245718
1751690392704951,cathay_life,2026-09-15T14:55:28.245718
1751690812704909,dai_ichi,2026-09-15T14:55:28.245718
1751691319371525,dai_ichi,2026-09-15T14:55:28.245718
1751696166037707,aia,2026-09-15T14:55:28.245718
1751720216035302,generali,2026-09-15T14:55:28.245718
1751728596034464,aia,2026-09-15T14:55:28.245718
1751731216034202,aia,2026-09-15T14:55:28.245718
1751731712700819,dai_ichi,2026-09-15T14:55:28.245718
1751733129367344,dai_ichi,2026-09-15T14:55:28.245718
1751821226025201,generali,2026-09-15T14:55:28.245718
1752419892632001,aia,2026-09-15T14:55:28.245718
1752581179282539,sun_life,2026-09-15T14:55:28.245718
1751663372707653,aia,2026-09-15T14:55:28.245718
1751666049374052,generali,2026-09-15T14:55:28.245718
1751667426040581,aia,2026-09-15T14:55:28.245718
1751669089373748,sun_life,2026-09-15T14:55:28.245718
1751670172706973,aia,2026-09-15T14:55:28.245718
1751673512706639,prudential,2026-09-15T14:55:28.245718
1751674522706538,aia,2026-09-15T14:55:28.245718
1751676596039664,dai_ichi,2026-09-15T14:55:28.245718
1751684849372172,generali,2026-09-15T14:55:28.245718
1751690162704974,dai_ichi,2026-09-15T14:55:28.245718
1751694016037922,sun_life,2026-09-15T14:55:28.245718
1751694276037896,aia,2026-09-15T14:55:28.245718
1751694276037896,generali,2026-09-15T14:55:28.245718
1751703516036972,aia,2026-09-15T14:55:28.245718
1751711599369497,generali,2026-09-15T14:55:28.245718
1751712606036063,dai_ichi,2026-09-15T14:55:28.245718
1751720476035276,aia,2026-09-15T14:55:28.245718
1751720476035276,generali,2026-09-15T14:55:28.245718
1751729449367712,aia,2026-09-15T14:55:28.245718
1751732346034089,aia,2026-09-15T14:55:28.245718
1751737566033567,dai_ichi,2026-09-15T14:55:28.245718
1751763672697623,dai_ichi,2026-09-15T14:55:28.245718
1751823132691677,prudential,2026-09-15T14:55:28.245718
1751916266015697,dai_ichi,2026-09-15T14:55:28.245718
1752582052615785,sun_life,2026-09-15T14:55:28.245718
1751662262707764,dai_ichi,2026-09-15T14:55:28.245718
1751755692698421,aia,2026-09-15T14:55:28.245718
1751786309362026,aia,2026-09-15T14:55:28.245718
1751786309362026,dai_ichi,2026-09-15T14:55:28.245718
1751786309362026,generali,2026-09-15T14:55:28.245718
1751786309362026,sun_life,2026-09-15T14:55:28.245718
1751848782689112,generali,2026-09-15T14:55:28.245718
1751660039374653,generali,2026-09-15T14:55:28.245718
1751664236040900,aia,2026-09-15T14:55:28.245718
1751670719373585,aia,2026-09-15T14:55:28.245718
1751780176029306,aia,2026-09-15T14:55:28.245718
1751798899360767,aia,2026-09-15T14:55:28.245718
1751617586045565,aia,2026-09-15T14:55:28.245718
1751632466044077,dai_ichi,2026-09-15T14:55:28.245718
1751632736044050,sun_life,2026-09-15T14:55:28.245718
1751708562703134,dai_ichi,2026-09-15T14:55:28.245718
1751708869369770,generali,2026-09-15T14:55:28.245718
1751666516040672,dai_ichi,2026-09-15T14:55:28.245718
1751671252706865,aia,2026-09-15T14:55:28.245718
1751680692705921,dai_ichi,2026-09-15T14:55:28.245718
1751694582704532,sun_life,2026-09-15T14:55:28.245718
1751702182703772,aia,2026-09-15T14:55:28.245718
1751693162704674,dai_ichi,2026-09-15T14:55:28.245718
1751738706033453,dai_ichi,2026-09-15T14:55:28.245718
1751789959361661,dai_ichi,2026-09-15T14:55:28.245718
1752174665989857,dai_ichi,2026-09-15T14:55:28.245718
1751747262699264,dai_ichi,2026-09-15T14:55:28.245718
1751704409370216,dai_ichi,2026-09-15T14:55:28.245718
1751708252703165,aia,2026-09-15T14:55:28.245718
1751708252703165,generali,2026-09-15T14:55:28.245718
1751711399369517,aia,2026-09-15T14:55:28.245718
1751730652700925,aia,2026-09-15T14:55:28.245718
1751735216033802,dai_ichi,2026-09-15T14:55:28.245718
1751737872700203,dai_ichi,2026-09-15T14:55:28.245718
1751837656023558,aia,2026-09-15T14:55:28.245718
1751837656023558,dai_ichi,2026-09-15T14:55:28.245718
1751837656023558,bao_viet,2026-09-15T14:55:28.245718
1751837656023558,generali,2026-09-15T14:55:28.245718
1751837656023558,sun_life,2026-09-15T14:55:28.245718
1751905406016783,dai_ichi,2026-09-15T14:55:28.245718
1752163459324311,dai_ichi,2026-09-15T14:55:28.245718
1752580245949299,sun_life,2026-09-15T14:55:28.245718
1751756606031663,aia,2026-09-15T14:55:28.245718
1751763566030967,dai_ichi,2026-09-15T14:55:28.245718
1751776646029659,dai_ichi,2026-09-15T14:55:28.245718
1751785899362067,generali,2026-09-15T14:55:28.245718
1751826882691302,aia,2026-09-15T14:55:28.245718
1751826882691302,dai_ichi,2026-09-15T14:55:28.245718
1751826882691302,generali,2026-09-15T14:55:28.245718
1751826882691302,sun_life,2026-09-15T14:55:28.245718
1751837296023594,dai_ichi,2026-09-15T14:55:28.245718
1751859699354687,sun_life,2026-09-15T14:55:28.245718
1751868762687114,sun_life,2026-09-15T14:55:28.245718
1751898019350855,dai_ichi,2026-09-15T14:55:28.245718
1751919259348731,aia,2026-09-15T14:55:28.245718
1751927766014547,dai_ichi,2026-09-15T14:55:28.245718
1751937426013581,dai_ichi,2026-09-15T14:55:28.245718
1751950442678946,aia,2026-09-15T14:55:28.245718
1751962329344424,aia,2026-09-15T14:55:28.245718
1751962329344424,generali,2026-09-15T14:55:28.245718
1752174135989910,dai_ichi,2026-09-15T14:55:28.245718
1752182735989050,generali,2026-09-15T14:55:28.245718
1751756549365002,dai_ichi,2026-09-15T14:55:28.245718
1751760776031246,sun_life,2026-09-15T14:55:28.245718
1751770849363572,dai_ichi,2026-09-15T14:55:28.245718
1751771486030175,dai_ichi,2026-09-15T14:55:28.245718
1751902666017057,sun_life,2026-09-15T14:55:28.245718
1751908802683110,dai_ichi,2026-09-15T14:55:28.245718
1752161532657837,dai_ichi,2026-09-15T14:55:28.245718
1752577925949531,sun_life,2026-09-15T14:55:28.245718
1751835806023743,dai_ichi,2026-09-15T14:55:28.245718
1751902692683721,dai_ichi,2026-09-15T14:55:28.245718
1752176689322988,dai_ichi,2026-09-15T14:55:28.245718
1751766846030639,aia,2026-09-15T14:55:28.245718
1751833799357277,aia,2026-09-15T14:55:28.245718
1751969019343755,generali,2026-09-15T14:55:28.245718
1752168002657190,dai_ichi,2026-09-15T14:55:28.245718
1752576385949685,sun_life,2026-09-15T14:55:28.245718
1751922556015068,aia,2026-09-15T14:55:28.245718
1752173402656650,dai_ichi,2026-09-15T14:55:28.245718
1752184872655503,aia,2026-09-15T14:55:28.245718
1752566055950718,sun_life,2026-09-15T14:55:28.245718
1751980899342567,generali,2026-09-15T14:55:28.245718
1752044899336167,sun_life,2026-09-15T14:55:28.245718
1752168462657144,dai_ichi,2026-09-15T14:55:28.245718
1751909692683021,manulife,2026-09-15T14:55:28.245718
1751914572682533,aia,2026-09-15T14:55:28.245718
1751917892682201,dai_ichi,2026-09-15T14:55:28.245718
1751918792682111,dai_ichi,2026-09-15T14:55:28.245718
1751928026014521,sun_life,2026-09-15T14:55:28.245718
1751934736013850,dai_ichi,2026-09-15T14:55:28.245718
1751958642678126,aia,2026-09-15T14:55:28.245718
1751963859344271,generali,2026-09-15T14:55:28.245718
1751985359342121,generali,2026-09-15T14:55:28.245718
1752014519339205,aia,2026-09-15T14:55:28.245718
1752020839338573,dai_ichi,2026-09-15T14:55:28.245718
1752020839338573,cathay_life,2026-09-15T14:55:28.245718
1752033229337334,generali,2026-09-15T14:55:28.245718
1752042659336391,sun_life,2026-09-15T14:55:28.245718
1752053879335269,aia,2026-09-15T14:55:28.245718
1752098545997469,dai_ichi,2026-09-15T14:55:28.245718
1752367355970588,aia,2026-09-15T14:55:28.245718
1752416485965675,aia,2026-09-15T14:55:28.245718
1752567772617213,sun_life,2026-09-15T14:55:28.245718
1752610192612971,aia,2026-09-15T14:55:28.245718
1752632712610719,aia,2026-09-15T14:55:28.245718
1752632712610719,dai_ichi,2026-09-15T14:55:28.245718
1752632712610719,sun_life,2026-09-15T14:55:28.245718
1752666049274052,dai_ichi,2026-09-15T14:55:28.245718
1752757935931530,dai_ichi,2026-09-15T14:55:28.245718
1751909179349739,prudential,2026-09-15T14:55:28.245718
1751909179349739,aia,2026-09-15T14:55:28.245718
1751909179349739,dai_ichi,2026-09-15T14:55:28.245718
1751909179349739,generali,2026-09-15T14:55:28.245718
1751909179349739,sun_life,2026-09-15T14:55:28.245718
1751914422682548,bao_viet,2026-09-15T14:55:28.245718
1751915046015819,prudential,2026-09-15T14:55:28.245718
1751915252682465,prudential,2026-09-15T14:55:28.245718
1751915566015767,prudential,2026-09-15T14:55:28.245718
1751916826015641,prudential,2026-09-15T14:55:28.245718
1751916826015641,aia,2026-09-15T14:55:28.245718
1751916826015641,generali,2026-09-15T14:55:28.245718
1751916826015641,sun_life,2026-09-15T14:55:28.245718
1751917002682290,aia,2026-09-15T14:55:28.245718
1751917249348932,prudential,2026-09-15T14:55:28.245718
1751917289348928,prudential,2026-09-15T14:55:28.245718
1751917442682246,prudential,2026-09-15T14:55:28.245718
1751920472681943,aia,2026-09-15T14:55:28.245718
1751928506014473,prudential,2026-09-15T14:55:28.245718
1751928506014473,aia,2026-09-15T14:55:28.245718
1751928792681111,bao_viet,2026-09-15T14:55:28.245718
1751929012681089,bao_viet,2026-09-15T14:55:28.245718
1752001249340532,prudential,2026-09-15T14:55:28.245718
1752006586006665,bao_viet,2026-09-15T14:55:28.245718
1752172152656775,prudential,2026-09-15T14:55:28.245718
1752405035966820,prudential,2026-09-15T14:55:28.245718
1752412552632735,prudential,2026-09-15T14:55:28.245718
1752412552632735,aia,2026-09-15T14:55:28.245718
1752485105958813,prudential,2026-09-15T14:55:28.245718
1752568795950444,prudential,2026-09-15T14:55:28.245718
1752568795950444,aia,2026-09-15T14:55:28.245718
1752568795950444,manulife,2026-09-15T14:55:28.245718
1752568795950444,dai_ichi,2026-09-15T14:55:28.245718
1752568795950444,bao_viet,2026-09-15T14:55:28.245718
1752568795950444,generali,2026-09-15T14:55:28.245718
1752568795950444,sun_life,2026-09-15T14:55:28.245718
1752578912616099,prudential,2026-09-15T14:55:28.245718
1752639952609995,prudential,2026-09-15T14:55:28.245718
1752639952609995,dai_ichi,2026-09-15T14:55:28.245718
1752662422607748,prudential,2026-09-15T14:55:28.245718
1752690499271607,prudential,2026-09-15T14:55:28.245718
1752736742600316,prudential,2026-09-15T14:55:28.245718
1753796232494367,prudential,2026-09-15T14:55:28.245718
1751906542683336,generali,2026-09-15T14:55:28.245718
1751912662682724,generali,2026-09-15T14:55:28.245718
1751936859346971,manulife,2026-09-15T14:55:28.245718
1751945789346078,generali,2026-09-15T14:55:28.245718
1751951526012171,generali,2026-09-15T14:55:28.245718
1752012036006120,generali,2026-09-15T14:55:28.245718
1752012762672714,cathay_life,2026-09-15T14:55:28.245718
1752097942664196,dai_ichi,2026-09-15T14:55:28.245718
1751930202680970,sun_life,2026-09-15T14:55:28.245718
1751937142680276,dai_ichi,2026-09-15T14:55:28.245718
1751952276012096,aia,2026-09-15T14:55:28.245718
1751986142675376,dai_ichi,2026-09-15T14:55:28.245718
1752001649340492,generali,2026-09-15T14:55:28.245718
1752049042669086,sun_life,2026-09-15T14:55:28.245718
1752100095997314,dai_ichi,2026-09-15T14:55:28.245718
1752318742642116,generali,2026-09-15T14:55:28.245718
1752340075973316,dai_ichi,2026-09-15T14:55:28.245718
1752575645949759,sun_life,2026-09-15T14:55:28.245718
1752616905945633,aia,2026-09-15T14:55:28.245718
1752664722607518,dai_ichi,2026-09-15T14:55:28.245718
1752698365937487,generali,2026-09-15T14:55:28.245718
1751931746014149,sun_life,2026-09-15T14:55:28.245718
1751945092679481,aia,2026-09-15T14:55:28.245718
1751951652678825,dai_ichi,2026-09-15T14:55:28.245718
1752004412673549,dai_ichi,2026-09-15T14:55:28.245718
1752051426002181,sun_life,2026-09-15T14:55:28.245718
1752095139331143,dai_ichi,2026-09-15T14:55:28.245718
1751946586012665,dai_ichi,2026-09-15T14:55:28.245718
1752002149340442,dai_ichi,2026-09-15T14:55:28.245718
1752581139282543,generali,2026-09-15T14:55:28.245718
1752718075935516,generali,2026-09-15T14:55:28.245718
1752580679282589,generali,2026-09-15T14:55:28.245718
1752385765968747,dai_ichi,2026-09-15T14:55:28.245718
1752500152623975,dai_ichi,2026-09-15T14:55:28.245718
1752430035964320,aia,2026-09-15T14:55:28.245718
1752430409297616,aia,2026-09-15T14:55:28.245718
1752430409297616,dai_ichi,2026-09-15T14:55:28.245718
1752430409297616,generali,2026-09-15T14:55:28.245718
1752430409297616,sun_life,2026-09-15T14:55:28.245718
1752431102630880,dai_ichi,2026-09-15T14:55:28.245718
1752431622630828,dai_ichi,2026-09-15T14:55:28.245718
1752476775959646,dai_ichi,2026-09-15T14:55:28.245718
1752561802617810,sun_life,2026-09-15T14:55:28.245718
1752564799284177,aia,2026-09-15T14:55:28.245718
1752666339274023,aia,2026-09-15T14:55:28.245718
1752671799273477,sun_life,2026-09-15T14:55:28.245718
1752514555955868,aia,2026-09-15T14:55:28.245718
1752517159288941,aia,2026-09-15T14:55:28.245718
1752534982620492,aia,2026-09-15T14:55:28.245718
1752536175953706,aia,2026-09-15T14:55:28.245718
1752560292617961,aia,2026-09-15T14:55:28.245718
1752596249281032,aia,2026-09-15T14:55:28.245718
1752693162604674,aia,2026-09-15T14:55:28.245718
1752517399288917,dai_ichi,2026-09-15T14:55:28.245718
1752535032620487,generali,2026-09-15T14:55:28.245718
1752536259287031,dai_ichi,2026-09-15T14:55:28.245718
1752542055953118,aia,2026-09-15T14:55:28.245718
1752564465950877,aia,2026-09-15T14:55:28.245718
1752594222614568,bao_viet,2026-09-15T14:55:28.245718
1752596949280962,aia,2026-09-15T14:55:28.245718
1752597779280879,aia,2026-09-15T14:55:28.245718
1752598295947494,dai_ichi,2026-09-15T14:55:28.245718
1752644519276205,dai_ichi,2026-09-15T14:55:28.245718
1752659455941378,dai_ichi,2026-09-15T14:55:28.245718
1752723515934972,sun_life,2026-09-15T14:55:28.245718
1753061505901173,aia,2026-09-15T14:55:28.245718
1753061505901173,generali,2026-09-15T14:55:28.245718
1752519089288748,dai_ichi,2026-09-15T14:55:28.245718
1752535335953790,sun_life,2026-09-15T14:55:28.245718
1752539519286705,sun_life,2026-09-15T14:55:28.245718
1752543639286293,sun_life,2026-09-15T14:55:28.245718
1752543905952933,sun_life,2026-09-15T14:55:28.245718
1752586149282042,sun_life,2026-09-15T14:55:28.245718
1753063929234264,sun_life,2026-09-15T14:55:28.245718
1752517969288860,dai_ichi,2026-09-15T14:55:28.245718
1752518279288829,dai_ichi,2026-09-15T14:55:28.245718
1752521379288519,dai_ichi,2026-09-15T14:55:28.245718
1752528779287779,generali,2026-09-15T14:55:28.245718
1752535729287084,dai_ichi,2026-09-15T14:55:28.245718
1752544142619576,aia,2026-09-15T14:55:28.245718
1752559622618028,dai_ichi,2026-09-15T14:55:28.245718
1752561342617856,dai_ichi,2026-09-15T14:55:28.245718
1752587059281951,sun_life,2026-09-15T14:55:28.245718
1752598385947485,aia,2026-09-15T14:55:28.245718
1752631489277508,generali,2026-09-15T14:55:28.245718
1752644842609506,aia,2026-09-15T14:55:28.245718
1752656002608390,dai_ichi,2026-09-15T14:55:28.245718
1752665365940787,dai_ichi,2026-09-15T14:55:28.245718
1752675262606464,dai_ichi,2026-09-15T14:55:28.245718
1752689749271682,generali,2026-09-15T14:55:28.245718
1753285875878736,dai_ichi,2026-09-15T14:55:28.245718
1753343349206322,dai_ichi,2026-09-15T14:55:28.245718
1752605205946803,generali,2026-09-15T14:55:28.245718
1752631375944186,generali,2026-09-15T14:55:28.245718
1752635329277124,generali,2026-09-15T14:55:28.245718
1752663952607595,aia,2026-09-15T14:55:28.245718
1753926709147986,cathay_life,2026-09-15T14:55:28.245718
1753927102481280,cathay_life,2026-09-15T14:55:28.245718
1752582359282421,generali,2026-09-15T14:55:28.245718
1752585682615422,sun_life,2026-09-15T14:55:28.245718
1752587532615237,aia,2026-09-15T14:55:28.245718
1752587532615237,dai_ichi,2026-09-15T14:55:28.245718
1752587532615237,generali,2026-09-15T14:55:28.245718
1752594522614538,aia,2026-09-15T14:55:28.245718
1752609659279691,generali,2026-09-15T14:55:28.245718
1752611179279539,sun_life,2026-09-15T14:55:28.245718
1752614992612491,aia,2026-09-15T14:55:28.245718
1752625922611398,generali,2026-09-15T14:55:28.245718
1752627789277878,sun_life,2026-09-15T14:55:28.245718
1752632639277393,aia,2026-09-15T14:55:28.245718
1752632639277393,generali,2026-09-15T14:55:28.245718
1752635122610478,dai_ichi,2026-09-15T14:55:28.245718
1752636855943638,generali,2026-09-15T14:55:28.245718
1752648562609134,generali,2026-09-15T14:55:28.245718
1752648735942450,aia,2026-09-15T14:55:28.245718
1752657379274919,aia,2026-09-15T14:55:28.245718
1752657559274901,generali,2026-09-15T14:55:28.245718
1752658349274822,dai_ichi,2026-09-15T14:55:28.245718
1752675212606469,generali,2026-09-15T14:55:28.245718
1752676869272970,aia,2026-09-15T14:55:28.245718
1752676869272970,generali,2026-09-15T14:55:28.245718
1752676869272970,sun_life,2026-09-15T14:55:28.245718
1752688852605105,generali,2026-09-15T14:55:28.245718
1752906619249995,aia,2026-09-15T14:55:28.245718
1752906619249995,generali,2026-09-15T14:55:28.245718
1753251959215461,aia,2026-09-15T14:55:28.245718
1753293955877928,manulife,2026-09-15T14:55:28.245718
1752763772597613,dai_ichi,2026-09-15T14:55:28.245718
1752764285930895,manulife,2026-09-15T14:55:28.245718
1752765519264105,aia,2026-09-15T14:55:28.245718
1752766012597389,aia,2026-09-15T14:55:28.245718
1752772335930090,aia,2026-09-15T14:55:28.245718
1752788715928452,generali,2026-09-15T14:55:28.245718
1752789575928366,generali,2026-09-15T14:55:28.245718
1752795852594405,aia,2026-09-15T14:55:28.245718
1752802775927046,dai_ichi,2026-09-15T14:55:28.245718
1752826332591357,aia,2026-09-15T14:55:28.245718
1752838219256835,sun_life,2026-09-15T14:55:28.245718
1752841295923194,dai_ichi,2026-09-15T14:55:28.245718
1752967772577213,aia,2026-09-15T14:55:28.245718
1753156455891678,aia,2026-09-15T14:55:28.245718
1753367202537270,generali,2026-09-15T14:55:28.245718
1753382589202398,aia,2026-09-15T14:55:28.245718
1753396992534291,aia,2026-09-15T14:55:28.245718
1753417979198859,aia,2026-09-15T14:55:28.245718
1753419585865365,aia,2026-09-15T14:55:28.245718
1753419585865365,dai_ichi,2026-09-15T14:55:28.245718
1753419585865365,generali,2026-09-15T14:55:28.245718
1753419632532027,aia,2026-09-15T14:55:28.245718
1753419632532027,generali,2026-09-15T14:55:28.245718
1753493419191315,sun_life,2026-09-15T14:55:28.245718
1753423449198312,dai_ichi,2026-09-15T14:55:28.245718
1752781802595810,dai_ichi,2026-09-15T14:55:28.245718
1752799489260708,generali,2026-09-15T14:55:28.245718
1752819789258678,dai_ichi,2026-09-15T14:55:28.245718
1752844329256224,dai_ichi,2026-09-15T14:55:28.245718
1752934542580536,aia,2026-09-15T14:55:28.245718
1753039849236672,aia,2026-09-15T14:55:28.245718
1752983565908967,generali,2026-09-15T14:55:28.245718
1753257015881622,manulife,2026-09-15T14:55:28.245718
1752882525919071,aia,2026-09-15T14:55:28.245718
1752950349245622,manulife,2026-09-15T14:55:28.245718
1753380675869256,generali,2026-09-15T14:55:28.245718
1753229015884422,sun_life,2026-09-15T14:55:28.245718
1753443675862956,sun_life,2026-09-15T14:55:28.245718
1753216235885700,generali,2026-09-15T14:55:28.245718
1753217742552216,generali,2026-09-15T14:55:28.245718
1753221615885162,generali,2026-09-15T14:55:28.245718
1753308905876433,generali,2026-09-15T14:55:28.245718
1753312595876064,generali,2026-09-15T14:55:28.245718
1753313672542623,generali,2026-09-15T14:55:28.245718
1753215549219102,aia,2026-09-15T14:55:28.245718
1753383915868932,cathay_life,2026-09-15T14:55:28.245718
1753489679191689,generali,2026-09-15T14:55:28.245718
1753275065879817,generali,2026-09-15T14:55:28.245718
1753293172544673,generali,2026-09-15T14:55:28.245718
1753298389210818,aia,2026-09-15T14:55:28.245718
1753309435876380,dai_ichi,2026-09-15T14:55:28.245718
1753422402531750,sun_life,2026-09-15T14:55:28.245718
1753437312530259,dai_ichi,2026-09-15T14:55:28.245718
1753367979203859,generali,2026-09-15T14:55:28.245718
1753369495870374,generali,2026-09-15T14:55:28.245718
1753376279203029,aia,2026-09-15T14:55:28.245718
1753390229201634,aia,2026-09-15T14:55:28.245718
1753390229201634,manulife,2026-09-15T14:55:28.245718
1753390229201634,generali,2026-09-15T14:55:28.245718
1753390229201634,sun_life,2026-09-15T14:55:28.245718
1753390229201634,fwd,2026-09-15T14:55:28.245718
1753410152532975,dai_ichi,2026-09-15T14:55:28.245718
1753416302532360,aia,2026-09-15T14:55:28.245718
1753433432530647,dai_ichi,2026-09-15T14:55:28.245718
1753490792524911,sun_life,2026-09-15T14:55:28.245718
1753490835858240,sun_life,2026-09-15T14:55:28.245718
1753494052524585,aia,2026-09-15T14:55:28.245718
1753494052524585,dai_ichi,2026-09-15T14:55:28.245718
1753494052524585,bao_viet,2026-09-15T14:55:28.245718
1753494052524585,generali,2026-09-15T14:55:28.245718
1753509685856355,generali,2026-09-15T14:55:28.245718
1753537642520226,generali,2026-09-15T14:55:28.245718
1753695645837759,bao_viet,2026-09-15T14:55:28.245718
1753394489201208,aia,2026-09-15T14:55:28.245718
1753394492534541,aia,2026-09-15T14:55:28.245718
1753411709199486,dai_ichi,2026-09-15T14:55:28.245718
1753416399199017,aia,2026-09-15T14:55:28.245718
1753418199198837,dai_ichi,2026-09-15T14:55:28.245718
1753419135865410,sun_life,2026-09-15T14:55:28.245718
1753436145863709,dai_ichi,2026-09-15T14:55:28.245718
1753436562530334,dai_ichi,2026-09-15T14:55:28.245718
1753481159192541,generali,2026-09-15T14:55:28.245718
1753496052524385,dai_ichi,2026-09-15T14:55:28.245718
1753559702518020,aia,2026-09-15T14:55:28.245718
1753694172504573,generali,2026-09-15T14:55:28.245718
1753694172504573,sun_life,2026-09-15T14:55:28.245718
1754179105789413,dai_ichi,2026-09-15T14:55:28.245718
1754389365768387,sun_life,2026-09-15T14:55:28.245718
1754638875743436,aia,2026-09-15T14:55:28.245718
1753634125843911,dai_ichi,2026-09-15T14:55:28.245718
1753803575826966,aia,2026-09-15T14:55:28.245718
1754348535772470,cathay_life,2026-09-15T14:55:28.245718
1753597929180864,generali,2026-09-15T14:55:28.245718
1753593312514659,dai_ichi,2026-09-15T14:55:28.245718
1753594899181167,dai_ichi,2026-09-15T14:55:28.245718
1753600149180642,generali,2026-09-15T14:55:28.245718
1753611349179522,dai_ichi,2026-09-15T14:55:28.245718
1753611875846136,dai_ichi,2026-09-15T14:55:28.245718
1753613465845977,dai_ichi,2026-09-15T14:55:28.245718
1753631115844212,dai_ichi,2026-09-15T14:55:28.245718
1753631855844138,dai_ichi,2026-09-15T14:55:28.245718
1753646859175971,dai_ichi,2026-09-15T14:55:28.245718
1753673925839931,dai_ichi,2026-09-15T14:55:28.245718
1753691102504880,dai_ichi,2026-09-15T14:55:28.245718
1753767549163902,aia,2026-09-15T14:55:28.245718
1753777182496272,dai_ichi,2026-09-15T14:55:28.245718
1754160319124625,generali,2026-09-15T14:55:28.245718
1754160515791272,dai_ichi,2026-09-15T14:55:28.245718
1754164285790895,dai_ichi,2026-09-15T14:55:28.245718
1754176745789649,dai_ichi,2026-09-15T14:55:28.245718
1754474089093248,dai_ichi,2026-09-15T14:55:28.245718
1754633555743968,dai_ichi,2026-09-15T14:55:28.245718
1753596332514357,dai_ichi,2026-09-15T14:55:28.245718
1753692262504764,bao_viet,2026-09-15T14:55:28.245718
1753732502500740,aia,2026-09-15T14:55:28.245718
1753760522497938,aia,2026-09-15T14:55:28.245718
1753777592496231,dai_ichi,2026-09-15T14:55:28.245718
1754141609126496,aia,2026-09-15T14:55:28.245718
1754224785784845,dai_ichi,2026-09-15T14:55:28.245718
1753692385838085,aia,2026-09-15T14:55:28.245718
1753697155837608,aia,2026-09-15T14:55:28.245718
1753719652502025,aia,2026-09-15T14:55:28.245718
1753719695835354,aia,2026-09-15T14:55:28.245718
1753755815831742,aia,2026-09-15T14:55:28.245718
1753765415830782,aia,2026-09-15T14:55:28.245718
1753800489160608,aia,2026-09-15T14:55:28.245718
1753923325814991,dai_ichi,2026-09-15T14:55:28.245718
1754042449136412,aia,2026-09-15T14:55:28.245718
1754083529132304,aia,2026-09-15T14:55:28.245718
1754223745784949,aia,2026-09-15T14:55:28.245718
1754238815783442,aia,2026-09-15T14:55:28.245718
1754403885766935,aia,2026-09-15T14:55:28.245718
1754133209127336,generali,2026-09-15T14:55:28.245718
1754106095796714,aia,2026-09-15T14:55:28.245718
1754354465771877,aia,2026-09-15T14:55:28.245718
1754421455765178,dai_ichi,2026-09-15T14:55:28.245718
1754452225762101,dai_ichi,2026-09-15T14:55:28.245718
1754624355744888,aia,2026-09-15T14:55:28.245718
1754214435785880,sun_life,2026-09-15T14:55:28.245718
1754222442451746,sun_life,2026-09-15T14:55:28.245718
1754224992451491,dai_ichi,2026-09-15T14:55:28.245718
1754233452450645,cathay_life,2026-09-15T14:55:28.245718
1754233989117258,cathay_life,2026-09-15T14:55:28.245718
1754238649116792,generali,2026-09-15T14:55:28.245718
1754292249111432,generali,2026-09-15T14:55:28.245718
1754331659107491,dai_ichi,2026-09-15T14:55:28.245718
1754333229107334,dai_ichi,2026-09-15T14:55:28.245718
1754333689107288,dai_ichi,2026-09-15T14:55:28.245718
1754356415771682,aia,2026-09-15T14:55:28.245718
1754359825771341,generali,2026-09-15T14:55:28.245718
1754362042437786,dai_ichi,2026-09-15T14:55:28.245718
1754362042437786,generali,2026-09-15T14:55:28.245718
1754528192421171,sun_life,2026-09-15T14:55:28.245718
1754912449049412,generali,2026-09-15T14:55:28.245718
1754919339048723,generali,2026-09-15T14:55:28.245718
1754945222379468,manulife,2026-09-15T14:55:28.245718
1754945222379468,generali,2026-09-15T14:55:28.245718
1755633428977314,aia,2026-09-15T14:55:28.245718
1754223042451686,manulife,2026-09-15T14:55:28.245718
1754239815783342,manulife,2026-09-15T14:55:28.245718
1754255999115057,aia,2026-09-15T14:55:28.245718
1754257385781585,manulife,2026-09-15T14:55:28.245718
1754921865715137,aia,2026-09-15T14:55:28.245718
1754942535713070,manulife,2026-09-15T14:55:28.245718
1754177542456236,dai_ichi,2026-09-15T14:55:28.245718
1754194299121227,dai_ichi,2026-09-15T14:55:28.245718
1754202749120382,aia,2026-09-15T14:55:28.245718
1754204192453571,aia,2026-09-15T14:55:28.245718
1754206289120028,aia,2026-09-15T14:55:28.245718
1754210099119647,aia,2026-09-15T14:55:28.245718
1754297035777620,dai_ichi,2026-09-15T14:55:28.245718
1754360142437976,aia,2026-09-15T14:55:28.245718
1754217622452228,aia,2026-09-15T14:55:28.245718
1754219582452032,dai_ichi,2026-09-15T14:55:28.245718
1754219682452022,dai_ichi,2026-09-15T14:55:28.245718
1754219935785330,dai_ichi,2026-09-15T14:55:28.245718
1754220999118557,dai_ichi,2026-09-15T14:55:28.245718
1754221442451846,sun_life,2026-09-15T14:55:28.245718
1754224072451583,sun_life,2026-09-15T14:55:28.245718
1754224552451535,dai_ichi,2026-09-15T14:55:28.245718
1754365702437420,dai_ichi,2026-09-15T14:55:28.245718
1754368435770480,dai_ichi,2026-09-15T14:55:28.245718
1754525719088085,aia,2026-09-15T14:55:28.245718
1754525719088085,dai_ichi,2026-09-15T14:55:28.245718
1754525719088085,sun_life,2026-09-15T14:55:28.245718
1754215635785760,aia,2026-09-15T14:55:28.245718
1754316992442291,aia,2026-09-15T14:55:28.245718
1754407412433249,aia,2026-09-15T14:55:28.245718
1754629422411048,aia,2026-09-15T14:55:28.245718
1754936679046989,aia,2026-09-15T14:55:28.245718
1754945475712776,aia,2026-09-15T14:55:28.245718
1754532542420736,bao_viet,2026-09-15T14:55:28.245718
1754544065752917,generali,2026-09-15T14:55:28.245718
1754552225752101,generali,2026-09-15T14:55:28.245718
1754557102418280,generali,2026-09-15T14:55:28.245718
1754616149079042,dai_ichi,2026-09-15T14:55:28.245718
1754668809073776,generali,2026-09-15T14:55:28.245718
1754682349072422,dai_ichi,2026-09-15T14:55:28.245718
1754971679043489,dai_ichi,2026-09-15T14:55:28.245718
1754979679042689,dai_ichi,2026-09-15T14:55:28.245718
1755058152368175,dai_ichi,2026-09-15T14:55:28.245718
1755628235644500,aia,2026-09-15T14:55:28.245718
1756778688862788,aia,2026-09-15T14:55:28.245718
1754686505738673,dai_ichi,2026-09-15T14:55:28.245718
1754686505738673,bao_viet,2026-09-15T14:55:28.245718
1754540765753247,generali,2026-09-15T14:55:28.245718
1754557192418271,bao_viet,2026-09-15T14:55:28.245718
1754560435751280,aia,2026-09-15T14:55:28.245718
1754573825749941,sun_life,2026-09-15T14:55:28.245718
1754600909080566,bao_viet,2026-09-15T14:55:28.245718
1754605975746726,aia,2026-09-15T14:55:28.245718
1754609682413022,aia,2026-09-15T14:55:28.245718
1754641359076521,bao_viet,2026-09-15T14:55:28.245718
1754651299075527,dai_ichi,2026-09-15T14:55:28.245718
1754652252408765,bao_viet,2026-09-15T14:55:28.245718
1754654855741838,dai_ichi,2026-09-15T14:55:28.245718
1754665282407462,generali,2026-09-15T14:55:28.245718
1754685325738791,dai_ichi,2026-09-15T14:55:28.245718
1755058832368107,dai_ichi,2026-09-15T14:55:28.245718
1755059709034686,dai_ichi,2026-09-15T14:55:28.245718
1754534412420549,sun_life,2026-09-15T14:55:28.245718
1754535499087107,aia,2026-09-15T14:55:28.245718
1754535499087107,generali,2026-09-15T14:55:28.245718
1754540289086628,aia,2026-09-15T14:55:28.245718
1754540289086628,generali,2026-09-15T14:55:28.245718
1754543032419687,generali,2026-09-15T14:55:28.245718
1754565149084142,aia,2026-09-15T14:55:28.245718
1754565149084142,generali,2026-09-15T14:55:28.245718
1754609902413000,aia,2026-09-15T14:55:28.245718
1754618182412172,generali,2026-09-15T14:55:28.245718
1754667415740582,generali,2026-09-15T14:55:28.245718
1754683809072276,dai_ichi,2026-09-15T14:55:28.245718
1754683809072276,generali,2026-09-15T14:55:28.245718
1754937552380235,generali,2026-09-15T14:55:28.245718
1754968319043825,generali,2026-09-15T14:55:28.245718
1755156755691648,generali,2026-09-15T14:55:28.245718
1755188622355128,generali,2026-09-15T14:55:28.245718
1754570909083566,prudential,2026-09-15T14:55:28.245718
1754985279042129,prudential,2026-09-15T14:55:28.245718
1755637455643578,prudential,2026-09-15T14:55:28.245718
1754994789041178,manulife,2026-09-15T14:55:28.245718
1755037375703586,manulife,2026-09-15T14:55:28.245718
1755037735703550,prudential,2026-09-15T14:55:28.245718
1755040852369905,prudential,2026-09-15T14:55:28.245718
1754540305753293,prudential,2026-09-15T14:55:28.245718
1754540305753293,aia,2026-09-15T14:55:28.245718
1754540339086623,aia,2026-09-15T14:55:28.245718
1754541295753194,prudential,2026-09-15T14:55:28.245718
1754541295753194,aia,2026-09-15T14:55:28.245718
1754541839086473,aia,2026-09-15T14:55:28.245718
1754541839086473,generali,2026-09-15T14:55:28.245718
1754541892419801,aia,2026-09-15T14:55:28.245718
1754542909086366,prudential,2026-09-15T14:55:28.245718
1754543099086347,aia,2026-09-15T14:55:28.245718
1754543099086347,generali,2026-09-15T14:55:28.245718
1754543099086347,sun_life,2026-09-15T14:55:28.245718
1754543289086328,prudential,2026-09-15T14:55:28.245718
1754543289086328,aia,2026-09-15T14:55:28.245718
1754544779086179,aia,2026-09-15T14:55:28.245718
1754549262419064,prudential,2026-09-15T14:55:28.245718
1754552842418706,prudential,2026-09-15T14:55:28.245718
1754552842418706,aia,2026-09-15T14:55:28.245718
1754558499084807,prudential,2026-09-15T14:55:28.245718
1754560725751251,aia,2026-09-15T14:55:28.245718
1754562335751090,generali,2026-09-15T14:55:28.245718
1754573625749961,aia,2026-09-15T14:55:28.245718
1754599532414037,aia,2026-09-15T14:55:28.245718
1754639515743372,prudential,2026-09-15T14:55:28.245718
1754639515743372,aia,2026-09-15T14:55:28.245718
1754685725738751,dai_ichi,2026-09-15T14:55:28.245718
1754688549071802,prudential,2026-09-15T14:55:28.245718
1754688549071802,aia,2026-09-15T14:55:28.245718
1754688549071802,sun_life,2026-09-15T14:55:28.245718
1754695675737756,aia,2026-09-15T14:55:28.245718
1754982295709094,prudential,2026-09-15T14:55:28.245718
1754982295709094,aia,2026-09-15T14:55:28.245718
1755102859030371,prudential,2026-09-15T14:55:28.245718
1755102859030371,aia,2026-09-15T14:55:28.245718
1755631682310822,prudential,2026-09-15T14:55:28.245718
1755631682310822,aia,2026-09-15T14:55:28.245718
1756775705529753,prudential,2026-09-15T14:55:28.245718
1756775705529753,aia,2026-09-15T14:55:28.245718
1754586715748652,dai_ichi,2026-09-15T14:55:28.245718
1754589432415047,aia,2026-09-15T14:55:28.245718
1754653179075339,aia,2026-09-15T14:55:28.245718
1754680569072600,dai_ichi,2026-09-15T14:55:28.245718
1754954872378503,sun_life,2026-09-15T14:55:28.245718
1754959042378086,aia,2026-09-15T14:55:28.245718
1754961512377839,generali,2026-09-15T14:55:28.245718
1754965932377397,dai_ichi,2026-09-15T14:55:28.245718
1754967672377223,aia,2026-09-15T14:55:28.245718
1755048625702461,aia,2026-09-15T14:55:28.245718
1755051655702158,dai_ichi,2026-09-15T14:55:28.245718
1755054295701894,dai_ichi,2026-09-15T14:55:28.245718
1755054929035164,dai_ichi,2026-09-15T14:55:28.245718
1755073855699938,dai_ichi,2026-09-15T14:55:28.245718
1755133292360661,aia,2026-09-15T14:55:28.245718
1755629902311000,aia,2026-09-15T14:55:28.245718
1755629902311000,generali,2026-09-15T14:55:28.245718
1756694188871238,aia,2026-09-15T14:55:28.245718
1756749795532344,dai_ichi,2026-09-15T14:55:28.245718
1755070252366965,dai_ichi,2026-09-15T14:55:28.245718
1755079425699381,dai_ichi,2026-09-15T14:55:28.245718
1755079425699381,bao_viet,2026-09-15T14:55:28.245718
1755120905695233,generali,2026-09-15T14:55:28.245718
1755121739028483,aia,2026-09-15T14:55:28.245718
1755121739028483,bao_viet,2026-09-15T14:55:28.245718
1755124622361528,aia,2026-09-15T14:55:28.245718
1755171279023529,bao_viet,2026-09-15T14:55:28.245718
1755202662353724,dai_ichi,2026-09-15T14:55:28.245718
1755319305675393,bao_viet,2026-09-15T14:55:28.245718
1755416375665686,aia,2026-09-15T14:55:28.245718
1755472202326770,bao_viet,2026-09-15T14:55:28.245718
1755472202326770,sun_life,2026-09-15T14:55:28.245718
1755478528992804,aia,2026-09-15T14:55:28.245718
1755049679035689,dai_ichi,2026-09-15T14:55:28.245718
1755270759013581,bao_viet,2026-09-15T14:55:28.245718
1755299895677334,sun_life,2026-09-15T14:55:28.245718
1755391682334822,sun_life,2026-09-15T14:55:28.245718
1755479035659420,bao_viet,2026-09-15T14:55:28.245718
1755737855633538,aia,2026-09-15T14:55:28.245718
1755737855633538,manulife,2026-09-15T14:55:28.245718
1755737855633538,bao_viet,2026-09-15T14:55:28.245718
1755737855633538,generali,2026-09-15T14:55:28.245718
1755737855633538,sun_life,2026-09-15T14:55:28.245718
1755737855633538,hanwha_life,2026-09-15T14:55:28.245718
1755737855633538,cathay_life,2026-09-15T14:55:28.245718
1755753255631998,bao_viet,2026-09-15T14:55:28.245718
1755753575631966,bao_viet,2026-09-15T14:55:28.245718
1755774752296515,bao_viet,2026-09-15T14:55:28.245718
1755780755629248,bao_viet,2026-09-15T14:55:28.245718
1756386198902037,bao_viet,2026-09-15T14:55:28.245718
1756793815527942,cathay_life,2026-09-15T14:55:28.245718
1755071065700217,dai_ichi,2026-09-15T14:55:28.245718
1755077282366262,aia,2026-09-15T14:55:28.245718
1755077932366197,dai_ichi,2026-09-15T14:55:28.245718
1755103822363608,aia,2026-09-15T14:55:28.245718
1755208615686462,dai_ichi,2026-09-15T14:55:28.245718
1755212585686065,dai_ichi,2026-09-15T14:55:28.245718
1755212925686031,dai_ichi,2026-09-15T14:55:28.245718
1755214242352566,dai_ichi,2026-09-15T14:55:28.245718
1755420995665224,aia,2026-09-15T14:55:28.245718
1755465178994139,sun_life,2026-09-15T14:55:28.245718
1755473575659966,aia,2026-09-15T14:55:28.245718
1755775532296437,sun_life,2026-09-15T14:55:28.245718
1755880522285938,dai_ichi,2026-09-15T14:55:28.245718
1756281908912466,dai_ichi,2026-09-15T14:55:28.245718
1755069279033729,dai_ichi,2026-09-15T14:55:28.245718
1755080072365983,dai_ichi,2026-09-15T14:55:28.245718
1755213399019317,dai_ichi,2026-09-15T14:55:28.245718
1755229545684369,aia,2026-09-15T14:55:28.245718
1755292915678032,dai_ichi,2026-09-15T14:55:28.245718
1755358852338105,aia,2026-09-15T14:55:28.245718
1755477992326191,sun_life,2026-09-15T14:55:28.245718
1756281088912548,dai_ichi,2026-09-15T14:55:28.245718
1755071659033491,dai_ichi,2026-09-15T14:55:28.245718
1755073865699937,dai_ichi,2026-09-15T14:55:28.245718
1755074752366515,dai_ichi,2026-09-15T14:55:28.245718
1755371289003528,aia,2026-09-15T14:55:28.245718
1755490712324919,aia,2026-09-15T14:55:28.245718
1755490712324919,sun_life,2026-09-15T14:55:28.245718
1755065732367417,bao_viet,2026-09-15T14:55:28.245718
1755086149032042,bao_viet,2026-09-15T14:55:28.245718
1755092395698084,bao_viet,2026-09-15T14:55:28.245718
1755094145697909,bao_viet,2026-09-15T14:55:28.245718
1755110965696227,bao_viet,2026-09-15T14:55:28.245718
1755115542362436,bao_viet,2026-09-15T14:55:28.245718
1755153515691972,bao_viet,2026-09-15T14:55:28.245718
1756650955542228,bao_viet,2026-09-15T14:55:28.245718
1755475128993144,sun_life,2026-09-15T14:55:28.245718
1755298085677515,aia,2026-09-15T14:55:28.245718
1755301905677133,sun_life,2026-09-15T14:55:28.245718
1755307232343267,manulife,2026-09-15T14:55:28.245718
1755308475676476,dai_ichi,2026-09-15T14:55:28.245718
1755309825676341,aia,2026-09-15T14:55:28.245718
1755309949009662,dai_ichi,2026-09-15T14:55:28.245718
1755311262342864,generali,2026-09-15T14:55:28.245718
1755311872342803,generali,2026-09-15T14:55:28.245718
1755312689009388,bao_viet,2026-09-15T14:55:28.245718
1755315095675814,aia,2026-09-15T14:55:28.245718
1755326089008048,aia,2026-09-15T14:55:28.245718
1755333505673973,generali,2026-09-15T14:55:28.245718
1755336002340390,aia,2026-09-15T14:55:28.245718
1755354269005230,aia,2026-09-15T14:55:28.245718
1755360362337954,aia,2026-09-15T14:55:28.245718
1755360362337954,generali,2026-09-15T14:55:28.245718
1755360362337954,sun_life,2026-09-15T14:55:28.245718
1755363909004266,aia,2026-09-15T14:55:28.245718
1755363909004266,dai_ichi,2026-09-15T14:55:28.245718
1755363909004266,sun_life,2026-09-15T14:55:28.245718
1755364305670893,dai_ichi,2026-09-15T14:55:28.245718
1755371842336806,aia,2026-09-15T14:55:28.245718
1755380622335928,aia,2026-09-15T14:55:28.245718
1755387272335263,aia,2026-09-15T14:55:28.245718
1755399385667385,dai_ichi,2026-09-15T14:55:28.245718
1755400149000642,aia,2026-09-15T14:55:28.245718
1755400149000642,dai_ichi,2026-09-15T14:55:28.245718
1755408285666495,generali,2026-09-15T14:55:28.245718
1755421965665127,aia,2026-09-15T14:55:28.245718
1755457698994887,aia,2026-09-15T14:55:28.245718
1755463298994327,sun_life,2026-09-15T14:55:28.245718
1755463835660940,aia,2026-09-15T14:55:28.245718
1755491038991553,generali,2026-09-15T14:55:28.245718
1755628955644428,dai_ichi,2026-09-15T14:55:28.245718
1755702025637121,dai_ichi,2026-09-15T14:55:28.245718
1755771898963467,aia,2026-09-15T14:55:28.245718
1756059158934741,dai_ichi,2026-09-15T14:55:28.245718
1756281282245862,dai_ichi,2026-09-15T14:55:28.245718
1756600225547301,prudential,2026-09-15T14:55:28.245718
1756623672211623,aia,2026-09-15T14:55:28.245718
1756628725544451,aia,2026-09-15T14:55:28.245718
1756644048876252,aia,2026-09-15T14:55:28.245718
1755381222335868,aia,2026-09-15T14:55:28.245718
1755406998999957,aia,2026-09-15T14:55:28.245718
1755773648963292,sun_life,2026-09-15T14:55:28.245718
1755792858961371,generali,2026-09-15T14:55:28.245718
1755799912293999,generali,2026-09-15T14:55:28.245718
1755801032293887,dai_ichi,2026-09-15T14:55:28.245718
1755801305627193,dai_ichi,2026-09-15T14:55:28.245718
1755808868959770,cathay_life,2026-09-15T14:55:28.245718
1755880032285987,dai_ichi,2026-09-15T14:55:28.245718
1755902798950377,generali,2026-09-15T14:55:28.245718
1755904015616922,generali,2026-09-15T14:55:28.245718
1755982452275745,aia,2026-09-15T14:55:28.245718
1755982965609027,dai_ichi,2026-09-15T14:55:28.245718
1755983652275625,dai_ichi,2026-09-15T14:55:28.245718
1756260362247954,generali,2026-09-15T14:55:28.245718
1756278512246139,dai_ichi,2026-09-15T14:55:28.245718
1756331542240836,dai_ichi,2026-09-15T14:55:28.245718
1756570402216950,generali,2026-09-15T14:55:28.245718
1756610912212899,aia,2026-09-15T14:55:28.245718
1756610912212899,generali,2026-09-15T14:55:28.245718
1756610912212899,sun_life,2026-09-15T14:55:28.245718
1756651075542216,generali,2026-09-15T14:55:28.245718
1756665158874141,aia,2026-09-15T14:55:28.245718
1756683255538998,generali,2026-09-15T14:55:28.245718
1756698045537519,aia,2026-09-15T14:55:28.245718
1755753435631980,aia,2026-09-15T14:55:28.245718
1755753558965301,dai_ichi,2026-09-15T14:55:28.245718
1755753898965267,prudential,2026-09-15T14:55:28.245718
1755754522298538,manulife,2026-09-15T14:55:28.245718
1755754665631857,aia,2026-09-15T14:55:28.245718
1755754785631845,cathay_life,2026-09-15T14:55:28.245718
1755755435631780,generali,2026-09-15T14:55:28.245718
1755756282298362,aia,2026-09-15T14:55:28.245718
1755756472298343,generali,2026-09-15T14:55:28.245718
1755756625631661,manulife,2026-09-15T14:55:28.245718
1755759935631330,manulife,2026-09-15T14:55:28.245718
1755761682297822,prudential,2026-09-15T14:55:28.245718
1755765625630761,aia,2026-09-15T14:55:28.245718
1755765625630761,manulife,2026-09-15T14:55:28.245718
1755765625630761,generali,2026-09-15T14:55:28.245718
1755768508963806,dai_ichi,2026-09-15T14:55:28.245718
1755772805630043,aia,2026-09-15T14:55:28.245718
1755773235630000,sun_life,2026-09-15T14:55:28.245718
1755773385629985,aia,2026-09-15T14:55:28.245718
1755797232294267,sun_life,2026-09-15T14:55:28.245718
1755817342292256,bao_viet,2026-09-15T14:55:28.245718
1755824075624916,aia,2026-09-15T14:55:28.245718
1755827362291254,prudential,2026-09-15T14:55:28.245718
1755835948957062,dai_ichi,2026-09-15T14:55:28.245718
1755837718956885,aia,2026-09-15T14:55:28.245718
1755838232290167,generali,2026-09-15T14:55:28.245718
1755846148956042,aia,2026-09-15T14:55:28.245718
1755880572285933,manulife,2026-09-15T14:55:28.245718
1755893078951349,aia,2026-09-15T14:55:28.245718
1756158632258127,generali,2026-09-15T14:55:28.245718
1756189062255084,generali,2026-09-15T14:55:28.245718
1756203748920282,generali,2026-09-15T14:55:28.245718
1756280568912600,dai_ichi,2026-09-15T14:55:28.245718
1756529205554403,aia,2026-09-15T14:55:28.245718
1756545132219477,aia,2026-09-15T14:55:28.245718
1756545132219477,generali,2026-09-15T14:55:28.245718
1756556315551692,generali,2026-09-15T14:55:28.245718
1756664268874230,aia,2026-09-15T14:55:28.245718
1756760148864642,aia,2026-09-15T14:55:28.245718
1755794672294523,manulife,2026-09-15T14:55:28.245718
1755857405621583,aia,2026-09-15T14:55:28.245718
1755859358954721,aia,2026-09-15T14:55:28.245718
1755860002287990,manulife,2026-09-15T14:55:28.245718
1755864628954194,aia,2026-09-15T14:55:28.245718
1755864735620850,aia,2026-09-15T14:55:28.245718
1755865238954133,aia,2026-09-15T14:55:28.245718
1755865632287427,aia,2026-09-15T14:55:28.245718
1755865632287427,manulife,2026-09-15T14:55:28.245718
1755868235620500,aia,2026-09-15T14:55:28.245718
1755868235620500,dai_ichi,2026-09-15T14:55:28.245718
1755868235620500,sun_life,2026-09-15T14:55:28.245718
1755870582286932,manulife,2026-09-15T14:55:28.245718
1755875268953130,aia,2026-09-15T14:55:28.245718
1755875268953130,manulife,2026-09-15T14:55:28.245718
1755877328952924,dai_ichi,2026-09-15T14:55:28.245718
1755879905619333,aia,2026-09-15T14:55:28.245718
1755880368952620,aia,2026-09-15T14:55:28.245718
1755882115619112,manulife,2026-09-15T14:55:28.245718
1755882432285747,dai_ichi,2026-09-15T14:55:28.245718
1755895708951086,aia,2026-09-15T14:55:28.245718
1755895708951086,manulife,2026-09-15T14:55:28.245718
1755902228950434,prudential,2026-09-15T14:55:28.245718
1755907608949896,aia,2026-09-15T14:55:28.245718
1755907608949896,manulife,2026-09-15T14:55:28.245718
1755910802282910,cathay_life,2026-09-15T14:55:28.245718
1755914975615826,aia,2026-09-15T14:55:28.245718
1755925208948136,aia,2026-09-15T14:55:28.245718
1755925325614791,manulife,2026-09-15T14:55:28.245718
1755984995608824,aia,2026-09-15T14:55:28.245718
1755984995608824,manulife,2026-09-15T14:55:28.245718
1756039355603388,aia,2026-09-15T14:55:28.245718
1756066408934016,aia,2026-09-15T14:55:28.245718
1756102725597051,aia,2026-09-15T14:55:28.245718
1756216225585701,aia,2026-09-15T14:55:28.245718
1756280825579241,dai_ichi,2026-09-15T14:55:28.245718
1756330502240940,dai_ichi,2026-09-15T14:55:28.245718
1756574378883219,aia,2026-09-15T14:55:28.245718
1756663115541012,aia,2026-09-15T14:55:28.245718
1756688095538514,aia,2026-09-15T14:55:28.245718
1756759132198077,aia,2026-09-15T14:55:28.245718
1756759132198077,manulife,2026-09-15T14:55:28.245718
1755919118948745,aia,2026-09-15T14:55:28.245718
1755920048948652,aia,2026-09-15T14:55:28.245718
1755922612281729,aia,2026-09-15T14:55:28.245718
1755925082281482,sun_life,2026-09-15T14:55:28.245718
1755947772279213,sun_life,2026-09-15T14:55:28.245718
1755974592276531,dai_ichi,2026-09-15T14:55:28.245718
1755974868943170,dai_ichi,2026-09-15T14:55:28.245718
1755981042275886,aia,2026-09-15T14:55:28.245718
1756016305605693,bao_viet,2026-09-15T14:55:28.245718
1756020952271895,sun_life,2026-09-15T14:55:28.245718
1756021128938544,aia,2026-09-15T14:55:28.245718
1756026472271343,dai_ichi,2026-09-15T14:55:28.245718
1756026472271343,sun_life,2026-09-15T14:55:28.245718
1756042358936421,sun_life,2026-09-15T14:55:28.245718
1756043475602976,dai_ichi,2026-09-15T14:55:28.245718
1756044282269562,dai_ichi,2026-09-15T14:55:28.245718
1756045865602737,dai_ichi,2026-09-15T14:55:28.245718
1756050998935557,manulife,2026-09-15T14:55:28.245718
1756124382261552,dai_ichi,2026-09-15T14:55:28.245718
1756230042250986,aia,2026-09-15T14:55:28.245718
1756280328912624,dai_ichi,2026-09-15T14:55:28.245718
1756306125576711,aia,2026-09-15T14:55:28.245718
1756306125576711,sun_life,2026-09-15T14:55:28.245718
1756329652241025,dai_ichi,2026-09-15T14:55:28.245718
1756599708880686,prudential,2026-09-15T14:55:28.245718
1756602388880418,sun_life,2026-09-15T14:55:28.245718
1756619495545374,aia,2026-09-15T14:55:28.245718
1756661185541205,aia,2026-09-15T14:55:28.245718
1755919542282036,aia,2026-09-15T14:55:28.245718
1755927638947893,manulife,2026-09-15T14:55:28.245718
1755967042277286,aia,2026-09-15T14:55:28.245718
1755975758943081,manulife,2026-09-15T14:55:28.245718
1755975758943081,bao_viet,2026-09-15T14:55:28.245718
1755977702276220,manulife,2026-09-15T14:55:28.245718
1755977702276220,dai_ichi,2026-09-15T14:55:28.245718
1755977702276220,bao_viet,2026-09-15T14:55:28.245718
1755983498942307,manulife,2026-09-15T14:55:28.245718
1756011832272807,bao_viet,2026-09-15T14:55:28.245718
1756012265606097,sun_life,2026-09-15T14:55:28.245718
1756029545604369,dai_ichi,2026-09-15T14:55:28.245718
1756048458935811,manulife,2026-09-15T14:55:28.245718
1756048458935811,bao_viet,2026-09-15T14:55:28.245718
1756582915549032,manulife,2026-09-15T14:55:28.245718
1756582915549032,bao_viet,2026-09-15T14:55:28.245718
1756597865547537,prudential,2026-09-15T14:55:28.245718
1756597865547537,bao_viet,2026-09-15T14:55:28.245718
1756652008875456,dai_ichi,2026-09-15T14:55:28.245718
1756670098873647,bao_viet,2026-09-15T14:55:28.245718
1756105785596745,dai_ichi,2026-09-15T14:55:28.245718
1756120268928630,aia,2026-09-15T14:55:28.245718
1756122565595067,aia,2026-09-15T14:55:28.245718
1756651212208869,aia,2026-09-15T14:55:28.245718
1756319925575331,aia,2026-09-15T14:55:28.245718
2508288353008389,bao_viet,2026-09-15T14:55:28.245718
2507712286399329,manulife,2026-09-15T14:55:28.245718
2507853349718556,bao_viet,2026-09-15T14:55:28.245718
2508280779675813,bao_viet,2026-09-15T14:55:28.245718
2508334693003755,bao_viet,2026-09-15T14:55:28.245718
2508340053003219,bao_viet,2026-09-15T14:55:28.245718
2508349193002305,bao_viet,2026-09-15T14:55:28.245718
2508410406329517,bao_viet,2026-09-15T14:55:28.245718
2508437712993453,bao_viet,2026-09-15T14:55:28.245718
2508452986325259,bao_viet,2026-09-15T14:55:28.245718
2508597369644154,bao_viet,2026-09-15T14:55:28.245718
2508755726294985,bao_viet,2026-09-15T14:55:28.245718
2508806032956621,bao_viet,2026-09-15T14:55:28.245718
2508883982948826,bao_viet,2026-09-15T14:55:28.245718
2508357613001463,bao_viet,2026-09-15T14:55:28.245718
2508360013001223,bao_viet,2026-09-15T14:55:28.245718
2508370143000210,bao_viet,2026-09-15T14:55:28.245718
2508374279666463,bao_viet,2026-09-15T14:55:28.245718
2508442946326263,bao_viet,2026-09-15T14:55:28.245718
2508482236322334,bao_viet,2026-09-15T14:55:28.245718
2508483462988878,bao_viet,2026-09-15T14:55:28.245718
2508497162987508,bao_viet,2026-09-15T14:55:28.245718
2508700449633846,bao_viet,2026-09-15T14:55:28.245718
2509171029586788,bao_viet,2026-09-15T14:55:28.245718
2508888152948409,bao_viet,2026-09-15T14:55:28.245718
2509794309524460,bao_viet,2026-09-15T14:55:28.245718
2510304946140063,bao_viet,2026-09-15T14:55:28.245718
2510309309472960,aia,2026-09-15T14:55:28.245718
2510310916139466,bao_viet,2026-09-15T14:55:28.245718
2510340396136518,bao_viet,2026-09-15T14:55:28.245718
2510343332802891,bao_viet,2026-09-15T14:55:28.245718
2510370369466854,bao_viet,2026-09-15T14:55:28.245718
2510424219461469,bao_viet,2026-09-15T14:55:28.245718
2510487456121812,bao_viet,2026-09-15T14:55:28.245718
2510308519473039,prudential,2026-09-15T14:55:28.245718
2510309429472948,manulife,2026-09-15T14:55:28.245718
2510370489466842,bao_viet,2026-09-15T14:55:28.245718
2510416379462253,bao_viet,2026-09-15T14:55:28.245718
2511335429370348,bao_viet,2026-09-15T14:55:28.245718
2510419656128592,bao_viet,2026-09-15T14:55:28.245718
2511813165989241,bao_viet,2026-09-15T14:55:28.245718
2511896132647611,bao_viet,2026-09-15T14:55:28.245718
2511939572643267,bao_viet,2026-09-15T14:55:28.245718
2512134702623754,bao_viet,2026-09-15T14:55:28.245718
2512192385951319,bao_viet,2026-09-15T14:55:28.245718
2512108315959726,bao_viet,2026-09-15T14:55:28.245718
2513049559198935,bao_viet,2026-09-15T14:55:28.245718
2137185450201590,bao_viet,2026-09-15T14:55:28.245718
2137245053528963,bao_viet,2026-09-15T14:55:28.245718
2139107400009395,bao_viet,2026-09-15T14:55:28.245718
1627907825460184,generali,2026-09-16T11:01:05.274550
1627908002126833,dai_ichi,2026-09-16T11:01:05.274550
1627908722126761,manulife,2026-09-16T11:01:05.274550
1627909818793318,generali,2026-09-16T11:01:05.274550
1627909925459974,aia,2026-09-16T11:01:05.274550
1627909928793307,aia,2026-09-16T11:01:05.274550
1627912342126399,aia,2026-09-16T11:01:05.274550
1627915718792728,generali,2026-09-16T11:01:05.274550
1627916215459345,bao_viet,2026-09-16T11:01:05.274550
1627916678792632,dai_ichi,2026-09-16T11:01:05.274550
1627921885458778,aia,2026-09-16T11:01:05.274550
1627922798792020,bao_viet,2026-09-16T11:01:05.274550
1627923115458655,bao_viet,2026-09-16T11:01:05.274550
1627923148791985,bao_viet,2026-09-16T11:01:05.274550
1627923235458643,generali,2026-09-16T11:01:05.274550
1627924855458481,aia,2026-09-16T11:01:05.274550
1627925385458428,aia,2026-09-16T11:01:05.274550
1627927445458222,bao_viet,2026-09-16T11:01:05.274550
1627927475458219,aia,2026-09-16T11:01:05.274550
1627927562124877,bao_viet,2026-09-16T11:01:05.274550
1627931788791121,generali,2026-09-16T11:01:05.274550
1627931812124452,bao_viet,2026-09-16T11:01:05.274550
1627932752124358,aia,2026-09-16T11:01:05.274550
1627934392124194,aia,2026-09-16T11:01:05.274550
1627936858790614,aia,2026-09-16T11:01:05.274550
1627936858790614,dai_ichi,2026-09-16T11:01:05.274550
1627936858790614,generali,2026-09-16T11:01:05.274550
1627937445457222,generali,2026-09-16T11:01:05.274550
1627938392123794,sun_life,2026-09-16T11:01:05.274550
1627939195457047,dai_ichi,2026-09-16T11:01:05.274550
1627941178790182,prudential,2026-09-16T11:01:05.274550
1627944105456556,dai_ichi,2026-09-16T11:01:05.274550
1627949695455997,aia,2026-09-16T11:01:05.274550
1627955265455440,dai_ichi,2026-09-16T11:01:05.274550
1627971758787124,chubb_life,2026-09-16T11:01:05.274550
1627975125453454,aia,2026-09-16T11:01:05.274550
1627979815452985,prudential,2026-09-16T11:01:05.274550
1627984285452538,dai_ichi,2026-09-16T11:01:05.274550
1627985482119085,aia,2026-09-16T11:01:05.274550
1627985695452397,dai_ichi,2026-09-16T11:01:05.274550
1627990972118536,generali,2026-09-16T11:01:05.274550
1627994302118203,bao_viet,2026-09-16T11:01:05.274550
1627996172118016,dai_ichi,2026-09-16T11:01:05.274550
1627998985451068,dai_ichi,2026-09-16T11:01:05.274550
1628005832117050,dai_ichi,2026-09-16T11:01:05.274550
1628015872116046,prudential,2026-09-16T11:01:05.274550
1628020045448962,bao_viet,2026-09-16T11:01:05.274550
1628104128773887,dai_ichi,2026-09-16T11:01:05.274550
1628107075440259,bao_viet,2026-09-16T11:01:05.274550
1628109288773371,bao_viet,2026-09-16T11:01:05.274550
1628113338772966,aia,2026-09-16T11:01:05.274550
2117504088850726,dai_ichi,2026-09-16T11:01:05.274550
2117607478840387,manulife,2026-09-16T11:01:05.274550
1756675822206408,bao_viet,2026-09-16T11:01:05.274550
1756598822214108,generali,2026-09-16T11:01:05.274550
1756699012204089,aia,2026-09-16T11:01:05.274550
1756699725537351,aia,2026-09-16T11:01:05.274550
1756739495533374,aia,2026-09-16T11:01:05.274550
1756741545533169,aia,2026-09-16T11:01:05.274550
1756750902198900,aia,2026-09-16T11:01:05.274550
1757173722156618,aia,2026-09-16T11:01:05.274550
1756697345537589,generali,2026-09-16T11:01:05.274550
1756698522204138,aia,2026-09-16T11:01:05.274550
1756698622204128,aia,2026-09-16T11:01:05.274550
1756706162203374,generali,2026-09-16T11:01:05.274550
1756710792202911,aia,2026-09-16T11:01:05.274550
1756711592202831,aia,2026-09-16T11:01:05.274550
1756716622202328,aia,2026-09-16T11:01:05.274550
1756721715535152,aia,2026-09-16T11:01:05.274550
1756721715535152,dai_ichi,2026-09-16T11:01:05.274550
1756733298867327,aia,2026-09-16T11:01:05.274550
1756736495533674,aia,2026-09-16T11:01:05.274550
1756750618865595,aia,2026-09-16T11:01:05.274550
1756751288865528,aia,2026-09-16T11:01:05.274550
1756762975531026,aia,2026-09-16T11:01:05.274550
1756766432197347,aia,2026-09-16T11:01:05.274550
1756766712197319,aia,2026-09-16T11:01:05.274550
1756788112195179,aia,2026-09-16T11:01:05.274550
1756790428861614,aia,2026-09-16T11:01:05.274550
1756894335517890,aia,2026-09-16T11:01:05.274550
1756713172202673,aia,2026-09-16T11:01:05.274550
1756718905535433,dai_ichi,2026-09-16T11:01:05.274550
1756719595535364,aia,2026-09-16T11:01:05.274550
1756741652199825,aia,2026-09-16T11:01:05.274550
1757009388839718,aia,2026-09-16T11:01:05.274550
1756715025535821,aia,2026-09-16T11:01:05.274550
1756731818867475,aia,2026-09-16T11:01:05.274550
1756734745533849,aia,2026-09-16T11:01:05.274550
1756737448866912,manulife,2026-09-16T11:01:05.274550
1756739012200089,aia,2026-09-16T11:01:05.274550
1756752355532088,aia,2026-09-16T11:01:05.274550
1756762742197716,generali,2026-09-16T11:01:05.274550
1756763878864269,dai_ichi,2026-09-16T11:01:05.274550
1756788428861814,dai_ichi,2026-09-16T11:01:05.274550
1757052285502095,bao_viet,2026-09-16T11:01:05.274550
1756765972197393,aia,2026-09-16T11:01:05.274550
1756771312196859,aia,2026-09-16T11:01:05.274550
1756777575529566,aia,2026-09-16T11:01:05.274550
1756786348862022,dai_ichi,2026-09-16T11:01:05.274550
1756991805508143,aia,2026-09-16T11:01:05.274550
1757006975506626,bao_viet,2026-09-16T11:01:05.274550
1757054145501909,aia,2026-09-16T11:01:05.274550
1756946368846020,aia,2026-09-16T11:01:05.274550
1756972288843428,aia,2026-09-16T11:01:05.274550
1756984042175586,aia,2026-09-16T11:01:05.274550
1756986062175384,aia,2026-09-16T11:01:05.274550
1756991785508145,aia,2026-09-16T11:01:05.274550
1757003805506943,aia,2026-09-16T11:01:05.274550
1757048528835804,prudential,2026-09-16T11:01:05.274550
1757048595502464,aia,2026-09-16T11:01:05.274550
1757108082163182,aia,2026-09-16T11:01:05.274550
1756842355523088,manulife,2026-09-16T11:01:05.274550
1756848502189140,manulife,2026-09-16T11:01:05.274550
1756851022188888,manulife,2026-09-16T11:01:05.274550
1756870962186894,aia,2026-09-16T11:01:05.274550
1756877092186281,cathay_life,2026-09-16T11:01:05.274550
1756884148852242,manulife,2026-09-16T11:01:05.274550
1756905678850089,manulife,2026-09-16T11:01:05.274550
1756911598849497,manulife,2026-09-16T11:01:05.274550
1756915692182421,manulife,2026-09-16T11:01:05.274550
1756936428847014,manulife,2026-09-16T11:01:05.274550
1756943632179627,manulife,2026-09-16T11:01:05.274550
1756963415510982,manulife,2026-09-16T11:01:05.274550
1757064135500910,cathay_life,2026-09-16T11:01:05.274550
1756972482176742,aia,2026-09-16T11:01:05.274550
1757027118837945,bao_viet,2026-09-16T11:01:05.274550
1757030615504262,manulife,2026-09-16T11:01:05.274550
1757037702170220,manulife,2026-09-16T11:01:05.274550
1757015445505779,generali,2026-09-16T11:01:05.274550
1757020965505227,generali,2026-09-16T11:01:05.274550
1757027308837926,generali,2026-09-16T11:01:05.274550
1757031072170883,generali,2026-09-16T11:01:05.274550
1757033988837258,sun_life,2026-09-16T11:01:05.274550
1757043492169641,generali,2026-09-16T11:01:05.274550
1757046335502690,generali,2026-09-16T11:01:05.274550
1757049655502358,sun_life,2026-09-16T11:01:05.274550
1757052668835390,generali,2026-09-16T11:01:05.274550
1757053375501986,generali,2026-09-16T11:01:05.274550
1757054048835252,generali,2026-09-16T11:01:05.274550
1757054048835252,sun_life,2026-09-16T11:01:05.274550
1757088552165135,generali,2026-09-16T11:01:05.274550
1757103175497006,generali,2026-09-16T11:01:05.274550
1757154405491883,generali,2026-09-16T11:01:05.274550
1757155615491762,dai_ichi,2026-09-16T11:01:05.274550
1757035752170415,sun_life,2026-09-16T11:01:05.274550
1757044895502834,aia,2026-09-16T11:01:05.274550
1757064645500859,aia,2026-09-16T11:01:05.274550
1757077158832941,generali,2026-09-16T11:01:05.274550
1757091532164837,generali,2026-09-16T11:01:05.274550
1757092245498099,generali,2026-09-16T11:01:05.274550
1757098035497520,aia,2026-09-16T11:01:05.274550
1757120888828568,dai_ichi,2026-09-16T11:01:05.274550
1757121225495201,dai_ichi,2026-09-16T11:01:05.274550
1757126198828037,dai_ichi,2026-09-16T11:01:05.274550
2512903189213572,bao_viet,2026-09-16T11:01:05.274550
2513275872509637,bao_viet,2026-09-16T11:01:05.274550
2513218052515419,bao_viet,2026-09-16T11:01:05.274550
1628110498773250,bao_viet,2026-09-18T14:33:52.623735
1630391525211814,dai_ichi,2026-09-18T14:33:52.623735
1627981675452799,prudential,2026-09-18T14:33:52.623735
1628994542018179,generali,2026-09-18T14:33:52.623735
1629058352011798,dai_ichi,2026-09-18T14:33:52.623735
1627979962119637,prudential,2026-09-18T14:33:52.623735
1627980132119620,prudential,2026-09-18T14:33:52.623735
1628110138773286,bao_viet,2026-09-18T14:33:52.623735
1627982248786075,prudential,2026-09-18T14:33:52.623735
1627891915461775,bao_viet,2026-09-18T14:33:52.623735
1627982778786022,prudential,2026-09-18T14:33:52.623735
1628107465440220,bao_viet,2026-09-18T14:33:52.623735
1628108195440147,bao_viet,2026-09-18T14:33:52.623735
1629059958678304,dai_ichi,2026-09-18T14:33:52.623735
1630474478536852,sun_life,2026-09-18T14:33:52.623735
1627872865463680,aia,2026-09-18T14:33:52.623735
1629058062011827,dai_ichi,2026-09-18T14:33:52.623735
1630416455209321,manulife,2026-09-18T14:33:52.623735
1628108278773472,bao_viet,2026-09-18T14:33:52.623735
1629917221925911,generali,2026-09-18T14:33:52.623735
1630474661870167,sun_life,2026-09-18T14:33:52.623735
1630351581882475,bao_viet,2026-09-18T14:33:52.623735
1628251202092513,aia,2026-09-18T14:33:52.623735
1628251202092513,generali,2026-09-18T14:33:52.623735
1628507818733518,bao_viet,2026-09-18T14:33:52.623735
1628525818731718,dai_ichi,2026-09-18T14:33:52.623735
1628528122064821,aia,2026-09-18T14:33:52.623735
1628528122064821,dai_ichi,2026-09-18T14:33:52.623735
1628528122064821,generali,2026-09-18T14:33:52.623735
1628634328720867,manulife,2026-09-18T14:33:52.623735
1628675872050046,dai_ichi,2026-09-18T14:33:52.623735
1628688978715402,generali,2026-09-18T14:33:52.623735
1628769858707314,dai_ichi,2026-09-18T14:33:52.623735
1629059565345010,dai_ichi,2026-09-18T14:33:52.623735
1629465228637777,dai_ichi,2026-09-18T14:33:52.623735
1629469178637382,prudential,2026-09-18T14:33:52.623735
1630360531881580,generali,2026-09-18T14:33:52.623735
1630389685211998,dai_ichi,2026-09-18T14:33:52.623735
1630473711870262,dai_ichi,2026-09-18T14:33:52.623735
1629359251981708,generali,2026-09-18T14:33:52.623735
1629359468648353,aia,2026-09-18T14:33:52.623735
1629360218648278,manulife,2026-09-18T14:33:52.623735
1629361305314836,dai_ichi,2026-09-18T14:33:52.623735
1629362038648096,aia,2026-09-18T14:33:52.623735
1629362505314716,dai_ichi,2026-09-18T14:33:52.623735
1629363408647959,dai_ichi,2026-09-18T14:33:52.623735
1629364058647894,prudential,2026-09-18T14:33:52.623735
1629364791981154,aia,2026-09-18T14:33:52.623735
1629364918647808,aia,2026-09-18T14:33:52.623735
1629367868647513,aia,2026-09-18T14:33:52.623735
1629373688646931,dai_ichi,2026-09-18T14:33:52.623735
1629379435313023,sun_life,2026-09-18T14:33:52.623735
1629387921978841,dai_ichi,2026-09-18T14:33:52.623735
1629390025311964,bao_viet,2026-09-18T14:33:52.623735
1629406508643649,dai_ichi,2026-09-18T14:33:52.623735
1629419168642383,aia,2026-09-18T14:33:52.623735
1629431988641101,aia,2026-09-18T14:33:52.623735
1629448531972780,dai_ichi,2026-09-18T14:33:52.623735
1629493025301664,aia,2026-09-18T14:33:52.623735
1629504285300538,aia,2026-09-18T14:33:52.623735
1629505025300464,bao_viet,2026-09-18T14:33:52.623735
1629532495297717,aia,2026-09-18T14:33:52.623735
1629563731961260,dai_ichi,2026-09-18T14:33:52.623735
1629566045294362,dai_ichi,2026-09-18T14:33:52.623735
1629566045294362,bao_viet,2026-09-18T14:33:52.623735
1629689368615363,aia,2026-09-18T14:33:52.623735
1630200298564270,dai_ichi,2026-09-18T14:33:52.623735
1630390745211892,dai_ichi,2026-09-18T14:33:52.623735
1630518211865812,bao_viet,2026-09-18T14:33:52.623735
1629407275310239,dai_ichi,2026-09-18T14:33:52.623735
1629408268643473,bao_viet,2026-09-18T14:33:52.623735
1629408708643429,dai_ichi,2026-09-18T14:33:52.623735
1629408841976749,manulife,2026-09-18T14:33:52.623735
1629409995309967,manulife,2026-09-18T14:33:52.623735
1629410071976626,dai_ichi,2026-09-18T14:33:52.623735
1629410755309891,manulife,2026-09-18T14:33:52.623735
1629411118643188,manulife,2026-09-18T14:33:52.623735
1629411851976448,generali,2026-09-18T14:33:52.623735
1629412001976433,aia,2026-09-18T14:33:52.623735
1629412001976433,dai_ichi,2026-09-18T14:33:52.623735
1629412001976433,bao_viet,2026-09-18T14:33:52.623735
1629412001976433,generali,2026-09-18T14:33:52.623735
1629412001976433,sun_life,2026-09-18T14:33:52.623735
1629412555309711,manulife,2026-09-18T14:33:52.623735
1629413025309664,aia,2026-09-18T14:33:52.623735
1629414451976188,sun_life,2026-09-18T14:33:52.623735
1629416115309355,dai_ichi,2026-09-18T14:33:52.623735
1629418098642490,generali,2026-09-18T14:33:52.623735
1629423448641955,generali,2026-09-18T14:33:52.623735
1629429001974733,manulife,2026-09-18T14:33:52.623735
1629429081974725,dai_ichi,2026-09-18T14:33:52.623735
1629431725307794,dai_ichi,2026-09-18T14:33:52.623735
1629432821974351,bao_viet,2026-09-18T14:33:52.623735
1629433095307657,bao_viet,2026-09-18T14:33:52.623735
1629434148640885,cathay_life,2026-09-18T14:33:52.623735
1629434755307491,aia,2026-09-18T14:33:52.623735
1629442005306766,dai_ichi,2026-09-18T14:33:52.623735
1629459381971695,cathay_life,2026-09-18T14:33:52.623735
1629469938637306,prudential,2026-09-18T14:33:52.623735
1629470305303936,bao_viet,2026-09-18T14:33:52.623735
1629474915303475,generali,2026-09-18T14:33:52.623735
1629531238631176,dai_ichi,2026-09-18T14:33:52.623735
1629538348630465,aia,2026-09-18T14:33:52.623735
1629547331962900,sun_life,2026-09-18T14:33:52.623735
1629557995295167,bao_viet,2026-09-18T14:33:52.623735
1629586735292293,aia,2026-09-18T14:33:52.623735
1629589315292035,cathay_life,2026-09-18T14:33:52.623735
1629592695291697,manulife,2026-09-18T14:33:52.623735
1629600468624253,dai_ichi,2026-09-18T14:33:52.623735
1629603365290630,prudential,2026-09-18T14:33:52.623735
1629705898613710,cathay_life,2026-09-18T14:33:52.623735
1629801438604156,manulife,2026-09-18T14:33:52.623735
1629811015269865,manulife,2026-09-18T14:33:52.623735
1629968271920806,dai_ichi,2026-09-18T14:33:52.623735
1630175825233384,aia,2026-09-18T14:33:52.623735
1630257045225262,aia,2026-09-18T14:33:52.623735
1630313098552990,dai_ichi,2026-09-18T14:33:52.623735
1630378945213072,prudential,2026-09-18T14:33:52.623735
1630465101871123,manulife,2026-09-18T14:33:52.623735
1630498168534483,aia,2026-09-18T14:33:52.623735
1630568271860806,aia,2026-09-18T14:33:52.623735
1630195735231393,dai_ichi,2026-09-18T14:33:52.623735
1629448135306153,generali,2026-09-18T14:33:52.623735
1629448295306137,generali,2026-09-18T14:33:52.623735
1629449255306041,dai_ichi,2026-09-18T14:33:52.623735
1629449551972678,generali,2026-09-18T14:33:52.623735
1629450181972615,aia,2026-09-18T14:33:52.623735
1629452201972413,bao_viet,2026-09-18T14:33:52.623735
1629453148638985,dai_ichi,2026-09-18T14:33:52.623735
1629453188638981,aia,2026-09-18T14:33:52.623735
1629454115305555,sun_life,2026-09-18T14:33:52.623735
1629455275305439,sun_life,2026-09-18T14:33:52.623735
1629455821972051,aia,2026-09-18T14:33:52.623735
1629457108638589,generali,2026-09-18T14:33:52.623735
1629458821971751,cathay_life,2026-09-18T14:33:52.623735
1629460038638296,bao_viet,2026-09-18T14:33:52.623735
1629461458638154,generali,2026-09-18T14:33:52.623735
1629463021971331,dai_ichi,2026-09-18T14:33:52.623735
1629463138637986,dai_ichi,2026-09-18T14:33:52.623735
1629463381971295,dai_ichi,2026-09-18T14:33:52.623735
1629465088637791,manulife,2026-09-18T14:33:52.623735
1629468445304122,prudential,2026-09-18T14:33:52.623735
1629470445303922,manulife,2026-09-18T14:33:52.623735
1629478001969833,aia,2026-09-18T14:33:52.623735
1629478251969808,dai_ichi,2026-09-18T14:33:52.623735
1629481088636191,bao_viet,2026-09-18T14:33:52.623735
1629482371969396,aia,2026-09-18T14:33:52.623735
1629482371969396,manulife,2026-09-18T14:33:52.623735
1629482371969396,dai_ichi,2026-09-18T14:33:52.623735
1629482371969396,generali,2026-09-18T14:33:52.623735
1629490098635290,aia,2026-09-18T14:33:52.623735
1629496111968022,dai_ichi,2026-09-18T14:33:52.623735
1629497255301241,dai_ichi,2026-09-18T14:33:52.623735
1629533665297600,manulife,2026-09-18T14:33:52.623735
1629573445293622,manulife,2026-09-18T14:33:52.623735
1629608488623451,bao_viet,2026-09-18T14:33:52.623735
1629631371954496,generali,2026-09-18T14:33:52.623735
1629631821954451,generali,2026-09-18T14:33:52.623735
1629796071938026,manulife,2026-09-18T14:33:52.623735
1629862748598025,aia,2026-09-18T14:33:52.623735
1629875271930106,generali,2026-09-18T14:33:52.623735
1629955768588723,dai_ichi,2026-09-18T14:33:52.623735
1629955768588723,bao_viet,2026-09-18T14:33:52.623735
1629967385254228,dai_ichi,2026-09-18T14:33:52.623735
1630303591887274,aia,2026-09-18T14:33:52.623735
1630391271878506,dai_ichi,2026-09-18T14:33:52.623735
1630469405204026,dai_ichi,2026-09-18T14:33:52.623735
1630490911868542,bao_viet,2026-09-18T14:33:52.623735
1630169138567386,aia,2026-09-18T14:33:52.623735
1629513368632963,bao_viet,2026-09-18T14:33:52.623735
1629516901965943,manulife,2026-09-18T14:33:52.623735
1629524915298475,bao_viet,2026-09-18T14:33:52.623735
1629526031965030,manulife,2026-09-18T14:33:52.623735
1629538105297156,aia,2026-09-18T14:33:52.623735
1629549781962655,aia,2026-09-18T14:33:52.623735
1629549781962655,dai_ichi,2026-09-18T14:33:52.623735
1629549781962655,bao_viet,2026-09-18T14:33:52.623735
1629549781962655,fwd,2026-09-18T14:33:52.623735
1629569978627302,bao_viet,2026-09-18T14:33:52.623735
1629593375291629,manulife,2026-09-18T14:33:52.623735
1629620118622288,bao_viet,2026-09-18T14:33:52.623735
1629715971946036,manulife,2026-09-18T14:33:52.623735
1629828858601414,aia,2026-09-18T14:33:52.623735
1629836288600671,manulife,2026-09-18T14:33:52.623735
1630161585234808,prudential,2026-09-18T14:33:52.623735
1630390451878588,dai_ichi,2026-09-18T14:33:52.623735
1630475445203422,aia,2026-09-18T14:33:52.623735
1630730928511207,prudential,2026-09-18T14:33:52.623735
1629525865298380,aia,2026-09-18T14:33:52.623735
1629692185281748,manulife,2026-09-18T14:33:52.623735
1630520955198871,prudential,2026-09-18T14:33:52.623735
1630520955198871,aia,2026-09-18T14:33:52.623735
1630520955198871,manulife,2026-09-18T14:33:52.623735
1630520955198871,sun_life,2026-09-18T14:33:52.623735
1629599605291006,dai_ichi,2026-09-18T14:33:52.623735
1629599605291006,generali,2026-09-18T14:33:52.623735
1629603878623912,prudential,2026-09-18T14:33:52.623735
1629605898623710,prudential,2026-09-18T14:33:52.623735
1629608121956821,manulife,2026-09-18T14:33:52.623735
1629639158620384,generali,2026-09-18T14:33:52.623735
1629640788620221,generali,2026-09-18T14:33:52.623735
1629643555286611,prudential,2026-09-18T14:33:52.623735
1629644278619872,aia,2026-09-18T14:33:52.623735
1629644501953183,generali,2026-09-18T14:33:52.623735
1629644788619821,aia,2026-09-18T14:33:52.623735
1629645085286458,dai_ichi,2026-09-18T14:33:52.623735
1629654798618820,aia,2026-09-18T14:33:52.623735
1629656225285344,dai_ichi,2026-09-18T14:33:52.623735
1629661368618163,aia,2026-09-18T14:33:52.623735
1629663711951262,aia,2026-09-18T14:33:52.623735
1629663891951244,dai_ichi,2026-09-18T14:33:52.623735
1629665085284458,manulife,2026-09-18T14:33:52.623735
1629670851950548,dai_ichi,2026-09-18T14:33:52.623735
1629671398617160,dai_ichi,2026-09-18T14:33:52.623735
1629672985283668,dai_ichi,2026-09-18T14:33:52.623735
1629692928615007,dai_ichi,2026-09-18T14:33:52.623735
1629697268614573,generali,2026-09-18T14:33:52.623735
1629699775280989,generali,2026-09-18T14:33:52.623735
1629708365280130,bao_viet,2026-09-18T14:33:52.623735
1629720958612204,generali,2026-09-18T14:33:52.623735
1629752778609022,bao_viet,2026-09-18T14:33:52.623735
1629759578608342,sun_life,2026-09-18T14:33:52.623735
1629891455261821,dai_ichi,2026-09-18T14:33:52.623735
1629898991927734,dai_ichi,2026-09-18T14:33:52.623735
1629911028593197,aia,2026-09-18T14:33:52.623735
1629922261925407,aia,2026-09-18T14:33:52.623735
1630062525244714,manulife,2026-09-18T14:33:52.623735
1630096791907954,prudential,2026-09-18T14:33:52.623735
1630158721901761,bao_viet,2026-09-18T14:33:52.623735
1630186478565652,dai_ichi,2026-09-18T14:33:52.623735
1630309471886686,dai_ichi,2026-09-18T14:33:52.623735
1630375495213417,dai_ichi,2026-09-18T14:33:52.623735
1630389338545366,dai_ichi,2026-09-18T14:33:52.623735
1630389458545354,dai_ichi,2026-09-18T14:33:52.623735
1630451801872453,dai_ichi,2026-09-18T14:33:52.623735
1630493125201654,sun_life,2026-09-18T14:33:52.623735
1630548321862801,dai_ichi,2026-09-18T14:33:52.623735
1630672398517060,prudential,2026-09-18T14:33:52.623735
1630730021844631,manulife,2026-09-18T14:33:52.623735
1630783118505988,manulife,2026-09-18T14:33:52.623735
1629936601923973,aia,2026-09-18T14:33:52.623735
1629940308590269,dai_ichi,2026-09-18T14:33:52.623735
1629942728590027,dai_ichi,2026-09-18T14:33:52.623735
1629946615256305,manulife,2026-09-18T14:33:52.623735
1629946651922968,aia,2026-09-18T14:33:52.623735
1629947461922887,aia,2026-09-18T14:33:52.623735
1629951048589195,aia,2026-09-18T14:33:52.623735
1629965298587770,generali,2026-09-18T14:33:52.623735
1629966425254324,dai_ichi,2026-09-18T14:33:52.623735
1630161718568128,dai_ichi,2026-09-18T14:33:52.623735
1630200505230916,dai_ichi,2026-09-18T14:33:52.623735
1630211908563109,bao_viet,2026-09-18T14:33:52.623735
1630216895229277,manulife,2026-09-18T14:33:52.623735
1630234588560841,manulife,2026-09-18T14:33:52.623735
1630262648558035,dai_ichi,2026-09-18T14:33:52.623735
1630301865220780,manulife,2026-09-18T14:33:52.623735
1630317655219201,bao_viet,2026-09-18T14:33:52.623735
1630389891878644,dai_ichi,2026-09-18T14:33:52.623735
1630391688545131,bao_viet,2026-09-18T14:33:52.623735
1630397108544589,generali,2026-09-18T14:33:52.623735
1630450001872633,dai_ichi,2026-09-18T14:33:52.623735
1630701151847518,generali,2026-09-18T14:33:52.623735
1630726748511625,manulife,2026-09-18T14:33:52.623735
1630726468511653,manulife,2026-09-18T14:33:52.623735
2119820145285787,aia,2026-09-18T14:33:52.623735
2118157518785383,manulife,2026-09-18T14:33:52.623735
2118225292111939,cathay_life,2026-09-18T14:33:52.623735
2118280805439721,cathay_life,2026-09-18T14:33:52.623735
2118546112079857,dai_ichi,2026-09-18T14:33:52.623735
2118652908735844,aia,2026-09-18T14:33:52.623735
2119008072033661,fwd,2026-09-18T14:33:52.623735
2119008462033622,fwd,2026-09-18T14:33:52.623735
2119008805366921,fwd,2026-09-18T14:33:52.623735
2119027072031761,fwd,2026-09-18T14:33:52.623735
2119027728698362,fwd,2026-09-18T14:33:52.623735
2119039432030525,fwd,2026-09-18T14:33:52.623735
2119039545363847,fwd,2026-09-18T14:33:52.623735
2119039728697162,fwd,2026-09-18T14:33:52.623735
2119039902030478,fwd,2026-09-18T14:33:52.623735
2119053992029069,fwd,2026-09-18T14:33:52.623735
2119054182029050,fwd,2026-09-18T14:33:52.623735
2119054338695701,fwd,2026-09-18T14:33:52.623735
2119063292028139,fwd,2026-09-18T14:33:52.623735
2118136165454185,prudential,2026-09-18T14:33:52.623735
2119107678690367,dai_ichi,2026-09-18T14:33:52.623735
2119109932023475,cathay_life,2026-09-18T14:33:52.623735
2119110075356794,aia,2026-09-18T14:33:52.623735
2119111272023341,dai_ichi,2026-09-18T14:33:52.623735
2119111275356674,aia,2026-09-18T14:33:52.623735
2119111275356674,dai_ichi,2026-09-18T14:33:52.623735
2119111275356674,generali,2026-09-18T14:33:52.623735
2119112302023238,dai_ichi,2026-09-18T14:33:52.623735
2119112572023211,aia,2026-09-18T14:33:52.623735
2119114085356393,aia,2026-09-18T14:33:52.623735
2119115458689589,dai_ichi,2026-09-18T14:33:52.623735
2119121158689019,aia,2026-09-18T14:33:52.623735
2119123492022119,aia,2026-09-18T14:33:52.623735
2119123698688765,prudential,2026-09-18T14:33:52.623735
2119124562022012,generali,2026-09-18T14:33:52.623735
2119126768688458,dai_ichi,2026-09-18T14:33:52.623735
2119126768688458,bao_viet,2026-09-18T14:33:52.623735
2119134255354376,aia,2026-09-18T14:33:52.623735
2119142132020255,aia,2026-09-18T14:33:52.623735
2119151795352622,aia,2026-09-18T14:33:52.623735
2119151795352622,dai_ichi,2026-09-18T14:33:52.623735
2119167495351052,aia,2026-09-18T14:33:52.623735
2119174952016973,dai_ichi,2026-09-18T14:33:52.623735
2119177538683381,aia,2026-09-18T14:33:52.623735
2119216445346157,dai_ichi,2026-09-18T14:33:52.623735
2119216445346157,bao_viet,2026-09-18T14:33:52.623735
2119243712010097,aia,2026-09-18T14:33:52.623735
2119307978670337,dai_ichi,2026-09-18T14:33:52.623735
2119401505327651,dai_ichi,2026-09-18T14:33:52.623735
2119587528642382,dai_ichi,2026-09-18T14:33:52.623735
2119208155346986,bao_viet,2026-09-18T14:33:52.623735
2119208405346961,bao_viet,2026-09-18T14:33:52.623735
2119251128676022,bao_viet,2026-09-18T14:33:52.623735
2119288522005616,bao_viet,2026-09-18T14:33:52.623735
2119292188671916,bao_viet,2026-09-18T14:33:52.623735
2119304722003996,bao_viet,2026-09-18T14:33:52.623735
28778736015072132,dai_ichi,2026-09-18T14:33:52.623735
28778792695066464,dai_ichi,2026-09-18T14:33:52.623735
28665476236398111,aia,2026-09-18T14:33:52.623735
28785453721067028,aia,2026-09-18T14:33:52.623735
28750875897858144,aia,2026-09-18T14:33:52.623735
28750902717855462,bao_viet,2026-09-18T14:33:52.623735
28750942167851517,manulife,2026-09-18T14:33:52.623735
28750954664516934,aia,2026-09-18T14:33:52.623735
28750985861180481,dai_ichi,2026-09-18T14:33:52.623735
28750989717846762,dai_ichi,2026-09-18T14:33:52.623735
28751097214502679,manulife,2026-09-18T14:33:52.623735
28751154534496947,cathay_life,2026-09-18T14:33:52.623735
28751293844483016,bao_viet,2026-09-18T14:33:52.623735
28751864581092609,bao_viet,2026-09-18T14:33:52.623735
28751931821085885,dai_ichi,2026-09-18T14:33:52.623735
28752061944406206,generali,2026-09-18T14:33:52.623735
28752386034373797,dai_ichi,2026-09-18T14:33:52.623735
28752831320995935,dai_ichi,2026-09-18T14:33:52.623735
28753427884269612,cathay_life,2026-09-18T14:33:52.623735
28753585810920486,dai_ichi,2026-09-18T14:33:52.623735
28754271657518568,dai_ichi,2026-09-18T14:33:52.623735
28762131050065962,bao_viet,2026-09-18T14:33:52.623735
28762251280053939,bao_viet,2026-09-18T14:33:52.623735
28763040419975025,manulife,2026-09-18T14:33:52.623735
28770056799273387,bao_viet,2026-09-18T14:33:52.623735
28772214022390998,generali,2026-09-18T14:33:52.623735
28780952324850501,dai_ichi,2026-09-18T14:33:52.623735
28773736708905396,aia,2026-09-18T14:33:52.623735
28773741742238226,aia,2026-09-18T14:33:52.623735
28773762262236174,dai_ichi,2026-09-18T14:33:52.623735
28773770105568723,manulife,2026-09-18T14:33:52.623735
28773774335568300,aia,2026-09-18T14:33:52.623735
28773822965563437,aia,2026-09-18T14:33:52.623735
28774100738868993,sun_life,2026-09-18T14:33:52.623735
28775267892085611,manulife,2026-09-18T14:33:52.623735
28775553932057007,manulife,2026-09-18T14:33:52.623735
28775558022056598,cathay_life,2026-09-18T14:33:52.623735
28775796692032731,aia,2026-09-18T14:33:52.623735
28775941482018252,bao_viet,2026-09-18T14:33:52.623735
28775988302013570,sun_life,2026-09-18T14:33:52.623735
28776008048678262,bao_viet,2026-09-18T14:33:52.623735
28776114162000984,manulife,2026-09-18T14:33:52.623735
28776163308662736,manulife,2026-09-18T14:33:52.623735
28776249751987425,aia,2026-09-18T14:33:52.623735
28776326885313045,cathay_life,2026-09-18T14:33:52.623735
28776344588644608,dai_ichi,2026-09-18T14:33:52.623735
28776456951966705,dai_ichi,2026-09-18T14:33:52.623735
28776572575288476,bao_viet,2026-09-18T14:33:52.623735
28776595311952869,generali,2026-09-18T14:33:52.623735
28776666378612429,generali,2026-09-18T14:33:52.623735
28776667505278983,manulife,2026-09-18T14:33:52.623735
28776845321927868,cathay_life,2026-09-18T14:33:52.623735
28776861448592922,bao_viet,2026-09-18T14:33:52.623735
28776870645258669,dai_ichi,2026-09-18T14:33:52.623735
28776923701920030,dai_ichi,2026-09-18T14:33:52.623735
28776972775248456,aia,2026-09-18T14:33:52.623735
28776984721913928,aia,2026-09-18T14:33:52.623735
28777115091900891,aia,2026-09-18T14:33:52.623735
28777115091900891,dai_ichi,2026-09-18T14:33:52.623735
28777115091900891,bao_viet,2026-09-18T14:33:52.623735
28777115091900891,sun_life,2026-09-18T14:33:52.623735
28777289125216821,bao_viet,2026-09-18T14:33:52.623735
28777605448518522,bao_viet,2026-09-18T14:33:52.623735
28777727998506267,bao_viet,2026-09-18T14:33:52.623735
28777818431830557,aia,2026-09-18T14:33:52.623735
28777820278497039,dai_ichi,2026-09-18T14:33:52.623735
28777856185160115,generali,2026-09-18T14:33:52.623735
28777888305156903,aia,2026-09-18T14:33:52.623735
28777914118487655,dai_ichi,2026-09-18T14:33:52.623735
28778059978473069,aia,2026-09-18T14:33:52.623735
28778145761797824,generali,2026-09-18T14:33:52.623735
28778181808460886,dai_ichi,2026-09-18T14:33:52.623735
28778303035115430,aia,2026-09-18T14:33:52.623735
28778728005072933,bao_viet,2026-09-18T14:33:52.623735
28778733105072423,dai_ichi,2026-09-18T14:33:52.623735
28778737398405327,aia,2026-09-18T14:33:52.623735
28778739211738479,dai_ichi,2026-09-18T14:33:52.623735
28778803185065415,aia,2026-09-18T14:33:52.623735
28779299888349078,dai_ichi,2026-09-18T14:33:52.623735
28780255124920221,dai_ichi,2026-09-18T14:33:52.623735
28780940778184989,dai_ichi,2026-09-18T14:33:52.623735
28781285698150497,dai_ichi,2026-09-18T14:33:52.623735
28783567547922312,generali,2026-09-18T14:33:52.623735
28782726034673130,aia,2026-09-18T14:33:52.623735
28782736778005389,dai_ichi,2026-09-18T14:33:52.623735
28782742504671483,dai_ichi,2026-09-18T14:33:52.623735
28782742744671459,prudential,2026-09-18T14:33:52.623735
28782743008004766,bao_viet,2026-09-18T14:33:52.623735
28782749718004095,dai_ichi,2026-09-18T14:33:52.623735
28782755141336886,aia,2026-09-18T14:33:52.623735
28782758758003191,aia,2026-09-18T14:33:52.623735
28782777948001272,manulife,2026-09-18T14:33:52.623735
28782798361332564,generali,2026-09-18T14:33:52.623735
28782801641332236,generali,2026-09-18T14:33:52.623735
28782811244664609,bao_viet,2026-09-18T14:33:52.623735
28782826104663123,bao_viet,2026-09-18T14:33:52.623735
28782834527995614,aia,2026-09-18T14:33:52.623735
28782842914661442,aia,2026-09-18T14:33:52.623735
28782847814660952,dai_ichi,2026-09-18T14:33:52.623735
28782856997993367,cathay_life,2026-09-18T14:33:52.623735
28782895047989562,aia,2026-09-18T14:33:52.623735
28782898194655914,prudential,2026-09-18T14:33:52.623735
28782908844654849,manulife,2026-09-18T14:33:52.623735
28782909374654796,aia,2026-09-18T14:33:52.623735
28782981021314298,cathay_life,2026-09-18T14:33:52.623735
28782987154647018,dai_ichi,2026-09-18T14:33:52.623735
28783041421308258,manulife,2026-09-18T14:33:52.623735
28783083291304071,cathay_life,2026-09-18T14:33:52.623735
28783155117963555,bao_viet,2026-09-18T14:33:52.623735
28783208271291573,prudential,2026-09-18T14:33:52.623735
28783361461276254,dai_ichi,2026-09-18T14:33:52.623735
28783365917942475,manulife,2026-09-18T14:33:52.623735
28783592537919813,cathay_life,2026-09-18T14:33:52.623735
28783810157898051,dai_ichi,2026-09-18T14:33:52.623735
28783866804559053,bao_viet,2026-09-18T14:33:52.623735
28783885761223824,dai_ichi,2026-09-18T14:33:52.623735
28783939554551778,generali,2026-09-18T14:33:52.623735
28784057444539989,bao_viet,2026-09-18T14:33:52.623735
28784123797866687,dai_ichi,2026-09-18T14:33:52.623735
28784123797866687,bao_viet,2026-09-18T14:33:52.623735
28784145311197869,bao_viet,2026-09-18T14:33:52.623735
28784363781176022,prudential,2026-09-18T14:33:52.623735
28784391114506622,aia,2026-09-18T14:33:52.623735
28784755424470191,aia,2026-09-18T14:33:52.623735
28784759147803152,bao_viet,2026-09-18T14:33:52.623735
28784775041134896,aia,2026-09-18T14:33:52.623735
28784897674455966,manulife,2026-09-18T14:33:52.623735
28785285014417232,aia,2026-09-18T14:33:52.623735
28785359861076414,manulife,2026-09-18T14:33:52.623735
28785730411039359,generali,2026-09-18T14:33:52.623735
28786453557633711,dai_ichi,2026-09-18T14:33:52.623735
1759225658618091,generali,2026-09-18T14:33:52.623735
1759235088617148,generali,2026-09-18T14:33:52.623735
1759237091950281,generali,2026-09-18T14:33:52.623735
1757135312160459,aia,2026-09-18T14:33:52.623735
1757177908822866,aia,2026-09-18T14:33:52.623735
1758310285376295,bao_viet,2026-09-18T14:33:52.623735
1756862818854375,aia,2026-09-18T14:33:52.623735
1756858482188142,aia,2026-09-18T14:33:52.623735
1756845562189434,aia,2026-09-18T14:33:52.623735
1756884458852211,aia,2026-09-18T14:33:52.623735
1757012478839409,aia,2026-09-18T14:33:52.623735
1757012478839409,generali,2026-09-18T14:33:52.623735
1757014355505888,generali,2026-09-18T14:33:52.623735
1757077365499587,generali,2026-09-18T14:33:52.623735
1757080485499275,aia,2026-09-18T14:33:52.623735
1757104975496826,generali,2026-09-18T14:33:52.623735
1757107648829892,generali,2026-09-18T14:33:52.623735
1757109075496416,generali,2026-09-18T14:33:52.623735
1757316272142363,aia,2026-09-18T14:33:52.623735
1757560402117950,aia,2026-09-18T14:33:52.623735
1757777645429559,generali,2026-09-18T14:33:52.623735
1758614835345840,aia,2026-09-18T14:33:52.623735
1758903731983617,aia,2026-09-18T14:33:52.623735
1757115312162459,prudential,2026-09-18T14:33:52.623735
1757644932109497,prudential,2026-09-18T14:33:52.623735
1757727728767884,manulife,2026-09-18T14:33:52.623735
1757735592100431,manulife,2026-09-18T14:33:52.623735
1757877448752912,dai_ichi,2026-09-18T14:33:52.623735
1758609055346418,aia,2026-09-18T14:33:52.623735
1759457878594869,aia,2026-09-18T14:33:52.623735
1759457878594869,generali,2026-09-18T14:33:52.623735
1759457878594869,sun_life,2026-09-18T14:33:52.623735
1756899072184083,aia,2026-09-18T14:33:52.623735
1756899072184083,dai_ichi,2026-09-18T14:33:52.623735
1756899072184083,bao_viet,2026-09-18T14:33:52.623735
1756899072184083,generali,2026-09-18T14:33:52.623735
1756899072184083,sun_life,2026-09-18T14:33:52.623735
1757302832143707,aia,2026-09-18T14:33:52.623735
1757545815452742,aia,2026-09-18T14:33:52.623735
1757551748785482,aia,2026-09-18T14:33:52.623735
1757555912118399,aia,2026-09-18T14:33:52.623735
1758313042042686,bao_viet,2026-09-18T14:33:52.623735
1757557848784872,aia,2026-09-18T14:33:52.623735
1757986935408630,sun_life,2026-09-18T14:33:52.623735
1758344075372916,bao_viet,2026-09-18T14:33:52.623735
1757188068821850,aia,2026-09-18T14:33:52.623735
1757429228797734,aia,2026-09-18T14:33:52.623735
1757429228797734,generali,2026-09-18T14:33:52.623735
1757509992122991,aia,2026-09-18T14:33:52.623735
1757534815453842,aia,2026-09-18T14:33:52.623735
1757686668771990,aia,2026-09-18T14:33:52.623735
1757686668771990,dai_ichi,2026-09-18T14:33:52.623735
1758616335345690,aia,2026-09-18T14:33:52.623735
1757185238822133,manulife,2026-09-18T14:33:52.623735
1757476298793027,manulife,2026-09-18T14:33:52.623735
1757480868792570,manulife,2026-09-18T14:33:52.623735
1757835818757075,fwd,2026-09-18T14:33:52.623735
1757864885420835,fwd,2026-09-18T14:33:52.623735
1757908645416459,aia,2026-09-18T14:33:52.623735
1758329208707736,manulife,2026-09-18T14:33:52.623735
1758389945368329,manulife,2026-09-18T14:33:52.623735
1758504512023539,fwd,2026-09-18T14:33:52.623735
1758522275355096,fwd,2026-09-18T14:33:52.623735
1758532485354075,fwd,2026-09-18T14:33:52.623735
1758537508686906,fwd,2026-09-18T14:33:52.623735
1758542558686401,fwd,2026-09-18T14:33:52.623735
1758569275350396,fwd,2026-09-18T14:33:52.623735
1758577822016208,fwd,2026-09-18T14:33:52.623735
1758578148682842,fwd,2026-09-18T14:33:52.623735
1758588628681794,fwd,2026-09-18T14:33:52.623735
1758589352015055,fwd,2026-09-18T14:33:52.623735
1758594402014550,fwd,2026-09-18T14:33:52.623735
1758594778681179,fwd,2026-09-18T14:33:52.623735
1758613662012624,fwd,2026-09-18T14:33:52.623735
1757392968801360,bao_viet,2026-09-18T14:33:52.623735
1757398115467512,bao_viet,2026-09-18T14:33:52.623735
1757421325465191,bao_viet,2026-09-18T14:33:52.623735
1757438718796785,bao_viet,2026-09-18T14:33:52.623735
1757656102108380,bao_viet,2026-09-18T14:33:52.623735
1757429808797676,bao_viet,2026-09-18T14:33:52.623735
1757219698818687,aia,2026-09-18T14:33:52.623735
1757291438811513,aia,2026-09-18T14:33:52.623735
1757291438811513,sun_life,2026-09-18T14:33:52.623735
1757688118771845,dai_ichi,2026-09-18T14:33:52.623735
1757729068767750,manulife,2026-09-18T14:33:52.623735
1757983055409018,sun_life,2026-09-18T14:33:52.623735
1757691765438147,dai_ichi,2026-09-18T14:33:52.623735
1757730392100951,dai_ichi,2026-09-18T14:33:52.623735
1757851165422207,dai_ichi,2026-09-18T14:33:52.623735
1757984018742255,sun_life,2026-09-18T14:33:52.623735
1758381465369177,aia,2026-09-18T14:33:52.623735
1758510365356287,aia,2026-09-18T14:33:52.623735
1757530045454319,bao_viet,2026-09-18T14:33:52.623735
1757473925459931,aia,2026-09-18T14:33:52.623735
1757483698792287,dai_ichi,2026-09-18T14:33:52.623735
1757530895454234,aia,2026-09-18T14:33:52.623735
1757311372142853,aia,2026-09-18T14:33:52.623735
1757431482130842,generali,2026-09-18T14:33:52.623735
1757553468785310,aia,2026-09-18T14:33:52.623735
1757747162099274,dai_ichi,2026-09-18T14:33:52.623735
1757460802127910,aia,2026-09-18T14:33:52.623735
1757464632127527,generali,2026-09-18T14:33:52.623735
1757473842126606,dai_ichi,2026-09-18T14:33:52.623735
1757478908792766,dai_ichi,2026-09-18T14:33:52.623735
1757493795457944,dai_ichi,2026-09-18T14:33:52.623735
1757516938788963,dai_ichi,2026-09-18T14:33:52.623735
1757523658788291,sun_life,2026-09-18T14:33:52.623735
1757533682120622,aia,2026-09-18T14:33:52.623735
1757536382120352,aia,2026-09-18T14:33:52.623735
1757677228772934,aia,2026-09-18T14:33:52.623735
1757679982105992,dai_ichi,2026-09-18T14:33:52.623735
1757471195460204,bao_viet,2026-09-18T14:33:52.623735
1757474462126544,bao_viet,2026-09-18T14:33:52.623735
1757477382126252,bao_viet,2026-09-18T14:33:52.623735
1757478288792828,generali,2026-09-18T14:33:52.623735
1757478578792799,generali,2026-09-18T14:33:52.623735
1757515185455805,aia,2026-09-18T14:33:52.623735
1757604665446857,aia,2026-09-18T14:33:52.623735
1757462692127721,aia,2026-09-18T14:33:52.623735
1757465545460769,dai_ichi,2026-09-18T14:33:52.623735
1757467315460592,aia,2026-09-18T14:33:52.623735
1757467825460541,dai_ichi,2026-09-18T14:33:52.623735
1757468668793790,dai_ichi,2026-09-18T14:33:52.623735
1757468852127105,manulife,2026-09-18T14:33:52.623735
1757469892127001,aia,2026-09-18T14:33:52.623735
1757470115460312,dai_ichi,2026-09-18T14:33:52.623735
1757470618793595,aia,2026-09-18T14:33:52.623735
1757476408793016,dai_ichi,2026-09-18T14:33:52.623735
1757479595459364,sun_life,2026-09-18T14:33:52.623735
1757480752125915,sun_life,2026-09-18T14:33:52.623735
1757481172125873,sun_life,2026-09-18T14:33:52.623735
1757484182125572,aia,2026-09-18T14:33:52.623735
1757484528792204,sun_life,2026-09-18T14:33:52.623735
1757485125458811,dai_ichi,2026-09-18T14:33:52.623735
1757507708789886,aia,2026-09-18T14:33:52.623735
1757538042120186,sun_life,2026-09-18T14:33:52.623735
1757549708785686,aia,2026-09-18T14:33:52.623735
1757693928771264,dai_ichi,2026-09-18T14:33:52.623735
1757529832121007,manulife,2026-09-18T14:33:52.623735
1757535418787115,aia,2026-09-18T14:33:52.623735
1757535418787115,manulife,2026-09-18T14:33:52.623735
1757535835453740,aia,2026-09-18T14:33:52.623735
1757537522120238,manulife,2026-09-18T14:33:52.623735
1757538482120142,aia,2026-09-18T14:33:52.623735
1757542662119724,aia,2026-09-18T14:33:52.623735
1757563245450999,generali,2026-09-18T14:33:52.623735
1757567568783900,generali,2026-09-18T14:33:52.623735
1757568705450453,generali,2026-09-18T14:33:52.623735
1757644942109496,aia,2026-09-18T14:33:52.623735
1757644942109496,generali,2026-09-18T14:33:52.623735
1757644942109496,sun_life,2026-09-18T14:33:52.623735
1757717338768923,aia,2026-09-18T14:33:52.623735
1757721968768460,generali,2026-09-18T14:33:52.623735
1757736532100337,aia,2026-09-18T14:33:52.623735
1757811642092826,aia,2026-09-18T14:33:52.623735
1757933278747329,generali,2026-09-18T14:33:52.623735
1758250542048936,aia,2026-09-18T14:33:52.623735
1758250542048936,generali,2026-09-18T14:33:52.623735
1758250542048936,sun_life,2026-09-18T14:33:52.623735
1758292175378106,aia,2026-09-18T14:33:52.623735
1758536118687045,generali,2026-09-18T14:33:52.623735
1758587248681932,aia,2026-09-18T14:33:52.623735
1757936002080390,aia,2026-09-18T14:33:52.623735
1758349475372376,aia,2026-09-18T14:33:52.623735
1757609155446408,manulife,2026-09-18T14:33:52.623735
1757611508779506,manulife,2026-09-18T14:33:52.623735
1757614558779201,manulife,2026-09-18T14:33:52.623735
1757640395443284,manulife,2026-09-18T14:33:52.623735
1757692202104770,manulife,2026-09-18T14:33:52.623735
1757810388759618,dai_ichi,2026-09-18T14:33:52.623735
1757811482092842,dai_ichi,2026-09-18T14:33:52.623735
1757839545423369,dai_ichi,2026-09-18T14:33:52.623735
1757841248756532,dai_ichi,2026-09-18T14:33:52.623735
1757848642089126,dai_ichi,2026-09-18T14:33:52.623735
1757873658753291,aia,2026-09-18T14:33:52.623735
1758363962037594,dai_ichi,2026-09-18T14:33:52.623735
1758509588689698,aia,2026-09-18T14:33:52.623735
1757907415416582,aia,2026-09-18T14:33:52.623735
1757935045413819,cathay_life,2026-09-18T14:33:52.623735
1757936148747042,aia,2026-09-18T14:33:52.623735
1757941082079882,aia,2026-09-18T14:33:52.623735
1758311445376179,manulife,2026-09-18T14:33:52.623735
1758348845372439,manulife,2026-09-18T14:33:52.623735
1758376175369706,manulife,2026-09-18T14:33:52.623735
1758376362036354,manulife,2026-09-18T14:33:52.623735
1758383715368952,manulife,2026-09-18T14:33:52.623735
1758410912032899,bao_viet,2026-09-18T14:33:52.623735
1758413015366022,sun_life,2026-09-18T14:33:52.623735
1758469908693666,sun_life,2026-09-18T14:33:52.623735
1758633852010605,manulife,2026-09-18T14:33:52.623735
1758646398676017,sun_life,2026-09-18T14:33:52.623735
1758744458666211,manulife,2026-09-18T14:33:52.623735
1759276998612957,manulife,2026-09-18T14:33:52.623735
1758301998710457,cathay_life,2026-09-18T14:33:52.623735
1758321985375125,sun_life,2026-09-18T14:33:52.623735
1758333098707347,aia,2026-09-18T14:33:52.623735
1758344005372923,dai_ichi,2026-09-18T14:33:52.623735
1758378485369475,aia,2026-09-18T14:33:52.623735
1758507365356587,aia,2026-09-18T14:33:52.623735
1758508895356434,aia,2026-09-18T14:33:52.623735
1758550968685560,aia,2026-09-18T14:33:52.623735
1758300238710633,dai_ichi,2026-09-18T14:33:52.623735
1758301525377171,generali,2026-09-18T14:33:52.623735
1758306012043389,dai_ichi,2026-09-18T14:33:52.623735
1758308768709780,dai_ichi,2026-09-18T14:33:52.623735
1758309235376400,aia,2026-09-18T14:33:52.623735
1758309992042991,generali,2026-09-18T14:33:52.623735
1758315968709060,generali,2026-09-18T14:33:52.623735
1758316435375680,aia,2026-09-18T14:33:52.623735
1758318542042136,aia,2026-09-18T14:33:52.623735
1758318698708787,sun_life,2026-09-18T14:33:52.623735
1758319982041992,aia,2026-09-18T14:33:52.623735
1758333492040641,dai_ichi,2026-09-18T14:33:52.623735
1758333865373937,dai_ichi,2026-09-18T14:33:52.623735
1758334958707161,aia,2026-09-18T14:33:52.623735
1758334958707161,generali,2026-09-18T14:33:52.623735
1758339902040000,generali,2026-09-18T14:33:52.623735
1758340308706626,dai_ichi,2026-09-18T14:33:52.623735
1758340612039929,dai_ichi,2026-09-18T14:33:52.623735
1758344625372861,aia,2026-09-18T14:33:52.623735
1758349182039072,generali,2026-09-18T14:33:52.623735
1758365622037428,dai_ichi,2026-09-18T14:33:52.623735
1758372652036725,aia,2026-09-18T14:33:52.623735
1758384612035529,aia,2026-09-18T14:33:52.623735
1758445495362774,generali,2026-09-18T14:33:52.623735
1758509325356391,aia,2026-09-18T14:33:52.623735
1758553158685341,dai_ichi,2026-09-18T14:33:52.623735
1758553158685341,generali,2026-09-18T14:33:52.623735
1758553158685341,sun_life,2026-09-18T14:33:52.623735
1758553158685341,fwd,2026-09-18T14:33:52.623735
1759124941961496,generali,2026-09-18T14:33:52.623735
1758371785370145,aia,2026-09-18T14:33:52.623735
1758423898698267,aia,2026-09-18T14:33:52.623735
1758433958697261,aia,2026-09-18T14:33:52.623735
1758468355360488,aia,2026-09-18T14:33:52.623735
1758469275360396,dai_ichi,2026-09-18T14:33:52.623735
1758472202026770,dai_ichi,2026-09-18T14:33:52.623735
1758463945360929,generali,2026-09-18T14:33:52.623735
1758464265360897,generali,2026-09-18T14:33:52.623735
1758464498694207,generali,2026-09-18T14:33:52.623735
1758464945360829,generali,2026-09-18T14:33:52.623735
1758466322027358,generali,2026-09-18T14:33:52.623735
1758531108687546,generali,2026-09-18T14:33:52.623735
1758466168694040,dai_ichi,2026-09-18T14:33:52.623735
1758503222023668,aia,2026-09-18T14:33:52.623735
1758660025341321,cathay_life,2026-09-18T14:33:52.623735
1758661958674461,aia,2026-09-18T14:33:52.623735
1758662925341031,aia,2026-09-18T14:33:52.623735
1758667435340580,aia,2026-09-18T14:33:52.623735
1758670342006956,manulife,2026-09-18T14:33:52.623735
1758672408673416,aia,2026-09-18T14:33:52.623735
1758673522006638,sun_life,2026-09-18T14:33:52.623735
1758675212006469,aia,2026-09-18T14:33:52.623735
1758676465339677,manulife,2026-09-18T14:33:52.623735
1758676822006308,aia,2026-09-18T14:33:52.623735
1758683125339011,aia,2026-09-18T14:33:52.623735
1758684932005497,aia,2026-09-18T14:33:52.623735
1758701705337153,aia,2026-09-18T14:33:52.623735
1758704002003590,cathay_life,2026-09-18T14:33:52.623735
1758716085335715,dai_ichi,2026-09-18T14:33:52.623735
1758721875335136,manulife,2026-09-18T14:33:52.623735
1758733322000658,dai_ichi,2026-09-18T14:33:52.623735
1758733508667306,dai_ichi,2026-09-18T14:33:52.623735
1758733872000603,manulife,2026-09-18T14:33:52.623735
1758737222000268,aia,2026-09-18T14:33:52.623735
1758751311998859,aia,2026-09-18T14:33:52.623735
1758756055331718,dai_ichi,2026-09-18T14:33:52.623735
1758849121989078,dai_ichi,2026-09-18T14:33:52.623735
1758870195320304,cathay_life,2026-09-18T14:33:52.623735
1759218815285442,aia,2026-09-18T14:33:52.623735
1759321311941859,prudential,2026-09-18T14:33:52.623735
1758467095360614,aia,2026-09-18T14:33:52.623735
1758668122007178,dai_ichi,2026-09-18T14:33:52.623735
1758668288673828,aia,2026-09-18T14:33:52.623735
1758668465340477,aia,2026-09-18T14:33:52.623735
1758684558672201,generali,2026-09-18T14:33:52.623735
1758692162004774,prudential,2026-09-18T14:33:52.623735
1758708748669782,generali,2026-09-18T14:33:52.623735
1758711865336137,dai_ichi,2026-09-18T14:33:52.623735
1758711865336137,generali,2026-09-18T14:33:52.623735
1758711865336137,sun_life,2026-09-18T14:33:52.623735
1758725055334818,generali,2026-09-18T14:33:52.623735
1758727262001264,generali,2026-09-18T14:33:52.623735
1758784998662157,generali,2026-09-18T14:33:52.623735
1758793025328021,generali,2026-09-18T14:33:52.623735
1758797881994202,generali,2026-09-18T14:33:52.623735
1758798591994131,generali,2026-09-18T14:33:52.623735
1758877291986261,generali,2026-09-18T14:33:52.623735
1758883681985622,generali,2026-09-18T14:33:52.623735
1758887201985270,aia,2026-09-18T14:33:52.623735
1758887201985270,generali,2026-09-18T14:33:52.623735
1758887201985270,sun_life,2026-09-18T14:33:52.623735
1759090985298225,generali,2026-09-18T14:33:52.623735
1758662692007721,aia,2026-09-18T14:33:52.623735
1758665288674128,aia,2026-09-18T14:33:52.623735
1758687698671887,aia,2026-09-18T14:33:52.623735
1758700515337272,manulife,2026-09-18T14:33:52.623735
1758716998668957,dai_ichi,2026-09-18T14:33:52.623735
1758724862001504,generali,2026-09-18T14:33:52.623735
1758728268667830,aia,2026-09-18T14:33:52.623735
1758751231998867,aia,2026-09-18T14:33:52.623735
1758751231998867,bao_viet,2026-09-18T14:33:52.623735
1758751231998867,generali,2026-09-18T14:33:52.623735
1758751231998867,sun_life,2026-09-18T14:33:52.623735
1758751231998867,fwd,2026-09-18T14:33:52.623735
1758914998649157,aia,2026-09-18T14:33:52.623735
1758914998649157,sun_life,2026-09-18T14:33:52.623735
1759155988625058,dai_ichi,2026-09-18T14:33:52.623735
1759156995291624,dai_ichi,2026-09-18T14:33:52.623735
1759195548621102,generali,2026-09-18T14:33:52.623735
1759196608620996,generali,2026-09-18T14:33:52.623735
1759212365286087,generali,2026-09-18T14:33:52.623735
1758508988689758,manulife,2026-09-18T14:33:52.623735
1758519102022080,manulife,2026-09-18T14:33:52.623735
1758542455353078,manulife,2026-09-18T14:33:52.623735
1758606412013349,manulife,2026-09-18T14:33:52.623735
1758710675336256,manulife,2026-09-18T14:33:52.623735
1758710675336256,generali,2026-09-18T14:33:52.623735
1758755008665156,manulife,2026-09-18T14:33:52.623735
1758756091998381,manulife,2026-09-18T14:33:52.623735
1759134745293849,manulife,2026-09-18T14:33:52.623735
1759275008613156,manulife,2026-09-18T14:33:52.623735
1759401718600485,manulife,2026-09-18T14:33:52.623735
1758728625334461,aia,2026-09-18T14:33:52.623735
1758758611998129,bao_viet,2026-09-18T14:33:52.623735
1758788425328481,bao_viet,2026-09-18T14:33:52.623735
1758843845322939,chubb_life,2026-09-18T14:33:52.623735
1758896445317679,bao_viet,2026-09-18T14:33:52.623735
1758660322007958,aia,2026-09-18T14:33:52.623735
1758666775340646,aia,2026-09-18T14:33:52.623735
1758666775340646,dai_ichi,2026-09-18T14:33:52.623735
1758679002006090,generali,2026-09-18T14:33:52.623735
1758685818672075,aia,2026-09-18T14:33:52.623735
1758703725336951,aia,2026-09-18T14:33:52.623735
1758703725336951,dai_ichi,2026-09-18T14:33:52.623735
1758709388669718,aia,2026-09-18T14:33:52.623735
1758709722003018,generali,2026-09-18T14:33:52.623735
1758714688669188,dai_ichi,2026-09-18T14:33:52.623735
1758719712002019,dai_ichi,2026-09-18T14:33:52.623735
1758721172001873,aia,2026-09-18T14:33:52.623735
1758721815335142,aia,2026-09-18T14:33:52.623735
1758723312001659,aia,2026-09-18T14:33:52.623735
1758723312001659,dai_ichi,2026-09-18T14:33:52.623735
1758796111994379,aia,2026-09-18T14:33:52.623735
1758796111994379,dai_ichi,2026-09-18T14:33:52.623735
1758859501988040,dai_ichi,2026-09-18T14:33:52.623735
1759232071950783,aia,2026-09-18T14:33:52.623735
1759241018616555,aia,2026-09-18T14:33:52.623735
1759241018616555,dai_ichi,2026-09-18T14:33:52.623735
1758664415340882,aia,2026-09-18T14:33:52.623735
1758675918673065,sun_life,2026-09-18T14:33:52.623735
1758705308670126,generali,2026-09-18T14:33:52.623735
1758707118669945,aia,2026-09-18T14:33:52.623735
1758707118669945,generali,2026-09-18T14:33:52.623735
1758710542002936,aia,2026-09-18T14:33:52.623735
1758722505335073,dai_ichi,2026-09-18T14:33:52.623735
1758927731981217,aia,2026-09-18T14:33:52.623735
1758927731981217,generali,2026-09-18T14:33:52.623735
1759478975259426,aia,2026-09-18T14:33:52.623735
1759478975259426,generali,2026-09-18T14:33:52.623735
1758666462007344,aia,2026-09-18T14:33:52.623735
1759146368626020,bao_viet,2026-09-18T14:33:52.623735
1759146548626002,generali,2026-09-18T14:33:52.623735
1759161288624528,bao_viet,2026-09-18T14:33:52.623735
1759161868624470,dai_ichi,2026-09-18T14:33:52.623735
1759174375289886,aia,2026-09-18T14:33:52.623735
1759200175287306,sun_life,2026-09-18T14:33:52.623735
1759212111952779,generali,2026-09-18T14:33:52.623735
1759258421948148,dai_ichi,2026-09-18T14:33:52.623735
1759265821947408,dai_ichi,2026-09-18T14:33:52.623735
1759336481940342,aia,2026-09-18T14:33:52.623735
1759336481940342,bao_viet,2026-09-18T14:33:52.623735
1759179938622663,fwd,2026-09-18T14:33:52.623735
1759205021953488,aia,2026-09-18T14:33:52.623735
1759265225280801,dai_ichi,2026-09-18T14:33:52.623735
1759266505280673,dai_ichi,2026-09-18T14:33:52.623735
1759300415277282,manulife,2026-09-18T14:33:52.623735
1759300415277282,fwd,2026-09-18T14:33:52.623735
1759432401930750,fwd,2026-09-18T14:33:52.623735
1759233205284003,dai_ichi,2026-09-18T14:33:52.623735
1759154888625168,aia,2026-09-18T14:33:52.623735
1759161878624469,dai_ichi,2026-09-18T14:33:52.623735
1759171995290124,aia,2026-09-18T14:33:52.623735
1759266275280696,dai_ichi,2026-09-18T14:33:52.623735
1759332021940788,aia,2026-09-18T14:33:52.623735
1759390775268246,dai_ichi,2026-09-18T14:33:52.623735
1759407565266567,aia,2026-09-18T14:33:52.623735
1759146345292689,generali,2026-09-18T14:33:52.623735
1759153501958640,generali,2026-09-18T14:33:52.623735
1759155378625119,dai_ichi,2026-09-18T14:33:52.623735
1759156641958326,dai_ichi,2026-09-18T14:33:52.623735
1759159908624666,dai_ichi,2026-09-18T14:33:52.623735
1759161915291132,aia,2026-09-18T14:33:52.623735
1759168631957127,aia,2026-09-18T14:33:52.623735
1759198125287511,sun_life,2026-09-18T14:33:52.623735
1759214891952501,generali,2026-09-18T14:33:52.623735
1759248968615760,dai_ichi,2026-09-18T14:33:52.623735
1759257358614921,aia,2026-09-18T14:33:52.623735
1759618295245494,aia,2026-09-18T14:33:52.623735
1759180578622599,manulife,2026-09-18T14:33:52.623735
1759201741953816,manulife,2026-09-18T14:33:52.623735
1759271608613496,dai_ichi,2026-09-18T14:33:52.623735
1759274705279853,dai_ichi,2026-09-18T14:33:52.623735
1759289031945087,aia,2026-09-18T14:33:52.623735
1759305818610075,sun_life,2026-09-18T14:33:52.623735
1759315078609149,dai_ichi,2026-09-18T14:33:52.623735
1759318738608783,generali,2026-09-18T14:33:52.623735
1759326901941300,aia,2026-09-18T14:33:52.623735
1759330835274240,dai_ichi,2026-09-18T14:33:52.623735
1759336895273634,aia,2026-09-18T14:33:52.623735
1759373265269997,aia,2026-09-18T14:33:52.623735
1759396545267669,manulife,2026-09-18T14:33:52.623735
1759429728597684,dai_ichi,2026-09-18T14:33:52.623735
1759630925244231,dai_ichi,2026-09-18T14:33:52.623735
1759634901910500,dai_ichi,2026-09-18T14:33:52.623735
1759270948613562,generali,2026-09-18T14:33:52.623735
1759271658613491,aia,2026-09-18T14:33:52.623735
1759272271946763,generali,2026-09-18T14:33:52.623735
1759272271946763,sun_life,2026-09-18T14:33:52.623735
1759272638613393,dai_ichi,2026-09-18T14:33:52.623735
1759273695279954,generali,2026-09-18T14:33:52.623735
1759283528612304,aia,2026-09-18T14:33:52.623735
1759285805278743,aia,2026-09-18T14:33:52.623735
1759286338612023,aia,2026-09-18T14:33:52.623735
1759308511943139,sun_life,2026-09-18T14:33:52.623735
1759314405275883,sun_life,2026-09-18T14:33:52.623735
1759317968608860,dai_ichi,2026-09-18T14:33:52.623735
1759321081941882,dai_ichi,2026-09-18T14:33:52.623735
1759323021941688,sun_life,2026-09-18T14:33:52.623735
1759328458607811,dai_ichi,2026-09-18T14:33:52.623735
1759328698607787,dai_ichi,2026-09-18T14:33:52.623735
1759329438607713,aia,2026-09-18T14:33:52.623735
1759335951940395,aia,2026-09-18T14:33:52.623735
1759336601940330,aia,2026-09-18T14:33:52.623735
1759339108606746,sun_life,2026-09-18T14:33:52.623735
1759361128604544,sun_life,2026-09-18T14:33:52.623735
1759365725270751,generali,2026-09-18T14:33:52.623735
1759377441936246,dai_ichi,2026-09-18T14:33:52.623735
1759414325265891,sun_life,2026-09-18T14:33:52.623735
1759426765264647,dai_ichi,2026-09-18T14:33:52.623735
1759445478596109,generali,2026-09-18T14:33:52.623735
1759449521929038,generali,2026-09-18T14:33:52.623735
1759476691926321,generali,2026-09-18T14:33:52.623735
1759552011918789,sun_life,2026-09-18T14:33:52.623735
1759554008585256,sun_life,2026-09-18T14:33:52.623735
1759285625278761,dai_ichi,2026-09-18T14:33:52.623735
1759297105277613,aia,2026-09-18T14:33:52.623735
1759299355277388,generali,2026-09-18T14:33:52.623735
1759303215277002,aia,2026-09-18T14:33:52.623735
1759333745273949,dai_ichi,2026-09-18T14:33:52.623735
1759270781946912,aia,2026-09-18T14:33:52.623735
1759270781946912,dai_ichi,2026-09-18T14:33:52.623735
1759313385275985,aia,2026-09-18T14:33:52.623735
1759313998609257,aia,2026-09-18T14:33:52.623735
1759420671931923,aia,2026-09-18T14:33:52.623735
1759424068598250,aia,2026-09-18T14:33:52.623735
1759469351927055,aia,2026-09-18T14:33:52.623735
1759544005252923,aia,2026-09-18T14:33:52.623735
1759279788612678,manulife,2026-09-18T14:33:52.623735
1759288798611777,aia,2026-09-18T14:33:52.623735
1759292941944696,aia,2026-09-18T14:33:52.623735
1759293328611324,aia,2026-09-18T14:33:52.623735
1759296965277627,aia,2026-09-18T14:33:52.623735
1759298888610768,generali,2026-09-18T14:33:52.623735
1759298888610768,sun_life,2026-09-18T14:33:52.623735
1759301651943825,aia,2026-09-18T14:33:52.623735
1759302931943697,generali,2026-09-18T14:33:52.623735
1759305701943420,aia,2026-09-18T14:33:52.623735
1759307431943247,dai_ichi,2026-09-18T14:33:52.623735
1759311531942837,generali,2026-09-18T14:33:52.623735
1759314475275876,aia,2026-09-18T14:33:52.623735
1759314975275826,sun_life,2026-09-18T14:33:52.623735
1759320541941936,dai_ichi,2026-09-18T14:33:52.623735
1759321118608545,dai_ichi,2026-09-18T14:33:52.623735
1759327935274530,aia,2026-09-18T14:33:52.623735
1759327935274530,dai_ichi,2026-09-18T14:33:52.623735
1759328965274427,dai_ichi,2026-09-18T14:33:52.623735
1759330018607655,manulife,2026-09-18T14:33:52.623735
1759330238607633,aia,2026-09-18T14:33:52.623735
1759330408607616,aia,2026-09-18T14:33:52.623735
1759330408607616,generali,2026-09-18T14:33:52.623735
1759353041938686,aia,2026-09-18T14:33:52.623735
1759353041938686,generali,2026-09-18T14:33:52.623735
1759370041936986,dai_ichi,2026-09-18T14:33:52.623735
1759371478603509,sun_life,2026-09-18T14:33:52.623735
1759417278598929,bao_viet,2026-09-18T14:33:52.623735
1759436965263627,aia,2026-09-18T14:33:52.623735
1759436965263627,generali,2026-09-18T14:33:52.623735
1759436965263627,sun_life,2026-09-18T14:33:52.623735
1759590038581653,generali,2026-09-18T14:33:52.623735
1759345905272733,aia,2026-09-18T14:33:52.623735
1759498185257505,generali,2026-09-18T14:33:52.623735
1759394841934506,aia,2026-09-18T14:33:52.623735
1759607305246593,dai_ichi,2026-09-18T14:33:52.623735
1759607645246559,dai_ichi,2026-09-18T14:33:52.623735
1759635568577100,generali,2026-09-18T14:33:52.623735
1759706681903322,manulife,2026-09-18T14:33:52.623735
1759673238573333,aia,2026-09-18T14:33:52.623735
1759704881903502,manulife,2026-09-18T14:33:52.623735
1759603411913649,dai_ichi,2026-09-18T14:33:52.623735
1759598821914108,bao_viet,2026-09-18T14:33:52.623735
1759599148580742,generali,2026-09-18T14:33:52.623735
1759643848576272,generali,2026-09-18T14:33:52.623735
1759695715237752,generali,2026-09-18T14:33:52.623735
1759698071904183,generali,2026-09-18T14:33:52.623735
1759641098576547,aia,2026-09-18T14:33:52.623735
1759631498577507,aia,2026-09-18T14:33:52.623735
1759632388577418,bao_viet,2026-09-18T14:33:52.623735
1759633278577329,sun_life,2026-09-18T14:33:52.623735
1759639265243397,bao_viet,2026-09-18T14:33:52.623735
1759645258576131,aia,2026-09-18T14:33:52.623735
1759645865242737,aia,2026-09-18T14:33:52.623735
1759653958575261,sun_life,2026-09-18T14:33:52.623735
2515635978940293,bao_viet,2026-09-18T14:33:52.623735
2513657025804855,cathay_life,2026-09-18T14:33:52.623735
2514130695757488,bao_viet,2026-09-18T14:33:52.623735
2514619305708627,bao_viet,2026-09-18T14:33:52.623735
2514244932412731,bao_viet,2026-09-18T14:33:52.623735
2513816065788951,bao_viet,2026-09-18T14:33:52.623735
2514108719093019,bao_viet,2026-09-18T14:33:52.623735
2513827035787854,bao_viet,2026-09-18T14:33:52.623735
2513829979120893,bao_viet,2026-09-18T14:33:52.623735
2513949815775576,aviva,2026-09-18T14:33:52.623735
2514047919099099,bao_viet,2026-09-18T14:33:52.623735
2514049115765646,bao_viet,2026-09-18T14:33:52.623735
2514051459098745,bao_viet,2026-09-18T14:33:52.623735
2514189119084979,bao_viet,2026-09-18T14:33:52.623735
2515532932283931,bao_viet,2026-09-18T14:33:52.623735
2515528888951002,bao_viet,2026-09-18T14:33:52.623735
2515864448917446,bao_viet,2026-09-18T14:33:52.623735
2515970602240164,bao_viet,2026-09-18T14:33:52.623735
2141323946454407,dai_ichi,2026-09-18T14:33:52.623735
