CommentID,insurance_line,insurance_subline,confidence,evidence,detected_at
2249682995969654,unknown,unknown,0.3,,2026-09-16T11:01:31.586651
2250530572551563,life,life_general,0.82,nhan tho,2026-09-16T11:01:31.586651
2250530775884876,unknown,unknown,0.3,,2026-09-16T11:01:31.586651
2250576952546925,unknown,unknown,0.3,,2026-09-16T11:01:31.586651
2250577192546901,unknown,unknown,0.3,,2026-09-16T11:01:31.586651
2250590139212273,bank_insurance,bank_insurance,0.86,vay,2026-09-16T11:01:31.586651
2250602759211011,unknown,unknown,0.3,,2026-09-16T11:01:31.586651
2250611159210171,unknown,unknown,0.3,,2026-09-16T11:01:31.586651
2250645255873428,unknown,unknown,0.3,,2026-09-16T11:01:31.586651
2250730392531581,unknown,unknown,0.3,,2026-09-16T11:01:31.586651
2250749282529692,unknown,unknown,0.3,,2026-09-16T11:01:31.586651
2250819755855978,unknown,unknown,0.3,,2026-09-16T11:01:31.586651
2251085862496034,unknown,unknown,0.3,,2026-09-16T11:01:31.586651
1616320479952252,unknown,unknown,0.3,,2026-09-16T11:01:31.586651
1616321166618850,life,life_general,0.82,nhan tho,2026-09-16T11:01:31.586651
1616322349952065,unknown,unknown,0.3,,2026-09-16T11:01:31.586651
1616325129951787,unknown,unknown,0.3,,2026-09-16T11:01:31.586651
1616325826618384,car,car,0.96,o to,2026-09-16T11:01:31.586651
1616326373284996,unknown,unknown,0.3,,2026-09-16T11:01:31.586651
1616330839951216,car,car,0.96,o to,2026-09-16T11:01:31.586651
1616331013284532,unknown,unknown,0.3,,2026-09-16T11:01:31.586651
1616331183284515,unknown,unknown,0.3,,2026-09-16T11:01:31.586651
1616333636617603,unknown,unknown,0.3,,2026-09-16T11:01:31.586651
1616335079950792,unknown,unknown,0.3,,2026-09-16T11:01:31.586651
1616337346617232,unknown,unknown,0.3,,2026-09-16T11:01:31.586651
1616338423283791,unknown,unknown,0.3,,2026-09-16T11:01:31.586651
1616343596616607,life,life_general,0.82,bhnt,2026-09-16T11:01:31.586651
1616346986616268,unknown,unknown,0.3,,2026-09-16T11:01:31.586651
1616350379949262,life,life_general,0.82,nhan tho,2026-09-16T11:01:31.586651
1616350803282553,unknown,unknown,0.3,,2026-09-16T11:01:31.586651
1616351059949194,car,car,0.96,o to,2026-09-16T11:01:31.586651
1616351339949166,car,car,0.96,o to,2026-09-16T11:01:31.586651
1616356363281997,life,life_general,0.82,nhan tho,2026-09-16T11:01:31.586651
1616357566615210,unknown,unknown,0.3,,2026-09-16T11:01:31.586651
1616363086614658,unknown,unknown,0.3,,2026-09-16T11:01:31.586651
1616363696614597,life,life_general,0.82,nhan tho,2026-09-16T11:01:31.586651
1616369013280732,life,life_general,0.82,nhan tho,2026-09-16T11:01:31.586651
1616374943280139,unknown,unknown,0.3,,2026-09-16T11:01:31.586651
1616376956613271,unknown,unknown,0.3,,2026-09-16T11:01:31.586651
1616377039946596,unknown,unknown,0.3,,2026-09-16T11:01:31.586651
1616377119946588,unknown,unknown,0.3,,2026-09-16T11:01:31.586651
1616377959946504,life,life_general,0.82,nhan tho,2026-09-16T11:01:31.586651
1616382533279380,life,life_general,0.82,nhan tho,2026-09-16T11:01:31.586651
1616382946612672,unknown,unknown,0.3,,2026-09-16T11:01:31.586651
1616395236611443,unknown,unknown,0.3,,2026-09-16T11:01:31.586651
1616397923277841,unknown,unknown,0.3,,2026-09-16T11:01:31.586651
1616399913277642,unknown,unknown,0.3,,2026-09-16T11:01:31.586651
1616400623277571,unknown,unknown,0.3,,2026-09-16T11:01:31.586651
1616406363276997,unknown,unknown,0.3,,2026-09-16T11:01:31.586651
1616408209943479,unknown,unknown,0.3,,2026-09-16T11:01:31.586651
1616410726609894,unknown,unknown,0.3,,2026-09-16T11:01:31.586651
1616422706608696,car,car,0.96,o to,2026-09-16T11:01:31.586651
1616422773275356,car,car,0.96,o to,2026-09-16T11:01:31.586651
1616422823275351,car,car,0.96,o to,2026-09-16T11:01:31.586651
1616422879942012,car,car,0.96,o to,2026-09-16T11:01:31.586651
1616423213275312,car,car,0.96,o to,2026-09-16T11:01:31.586651
1616451236605843,unknown,unknown,0.3,,2026-09-16T11:01:31.586651
1616468566604110,car,car,0.96,o to,2026-09-16T11:01:31.586651
1616530013264632,unknown,unknown,0.3,,2026-09-16T11:01:31.586651
1616579019926398,unknown,unknown,0.3,,2026-09-16T11:01:31.586651
1616598303257803,unknown,unknown,0.3,,2026-09-16T11:01:31.586651
1617135229870777,unknown,unknown,0.3,,2026-09-16T11:01:31.586651
1617179359866364,car,car,0.96,o to,2026-09-16T11:01:31.586651
1617270063190627,unknown,unknown,0.3,,2026-09-16T11:01:31.586651
1617288576522109,unknown,unknown,0.3,,2026-09-16T11:01:31.586651
1617288916522075,car,car,0.96,o to,2026-09-16T11:01:31.586651
1617321589852141,unknown,unknown,0.3,,2026-09-16T11:01:31.586651
1618935219690778,health,health,0.88,noi tru,2026-09-16T11:01:31.586651
1618939076357059,unknown,unknown,0.3,,2026-09-16T11:01:31.586651
1619058219678478,unknown,unknown,0.3,,2026-09-16T11:01:31.586651
1621566146094352,health,health,0.88,suc khoe,2026-09-16T11:01:31.586651
1621580912759542,unknown,unknown,0.3,,2026-09-16T11:01:31.586651
1622429232674710,unknown,unknown,0.3,,2026-09-16T11:01:31.586651
1622565195994447,unknown,unknown,0.3,,2026-09-16T11:01:31.586651
1622565459327754,unknown,unknown,0.3,,2026-09-16T11:01:31.586651
1616457496605217,unknown,unknown,0.3,,2026-09-16T11:01:31.586651
1616457776605189,unknown,unknown,0.3,,2026-09-16T11:01:31.586651
1616458059938494,critical_illness,critical_illness,0.9,ung thu,2026-09-16T11:01:31.586651
1616518883265745,unknown,unknown,0.3,,2026-09-16T11:01:31.586651
1616521656598801,unknown,unknown,0.3,,2026-09-16T11:01:31.586651
1616526489931651,unknown,unknown,0.3,,2026-09-16T11:01:31.586651
1616528533264780,unknown,unknown,0.3,,2026-09-16T11:01:31.586651
1616530953264538,unknown,unknown,0.3,,2026-09-16T11:01:31.586651
1616531903264443,unknown,unknown,0.3,,2026-09-16T11:01:31.586651
1616538206597146,health,health,0.88,suc khoe,2026-09-16T11:01:31.586651
1616544359929864,health,health,0.88,suc khoe,2026-09-16T11:01:31.586651
1616545486596418,unknown,unknown,0.3,,2026-09-16T11:01:31.586651
1616546323263001,unknown,unknown,0.3,,2026-09-16T11:01:31.586651
1616546713262962,unknown,unknown,0.3,,2026-09-16T11:01:31.586651
1616561383261495,unknown,unknown,0.3,,2026-09-16T11:01:31.586651
1616567103260923,unknown,unknown,0.3,,2026-09-16T11:01:31.586651
1616572353260398,unknown,unknown,0.3,,2026-09-16T11:01:31.586651
1616573306593636,health,health,0.88,suc khoe,2026-09-16T11:01:31.586651
1616573489926951,unknown,unknown,0.3,,2026-09-16T11:01:31.586651
1616575489926751,health,health,0.88,suc khoe,2026-09-16T11:01:31.586651
1616575629926737,critical_illness,critical_illness,0.9,ung thu,2026-09-16T11:01:31.586651
1616589739925326,unknown,unknown,0.3,,2026-09-16T11:01:31.586651
1616632423254391,unknown,unknown,0.3,,2026-09-16T11:01:31.586651
1616646933252940,unknown,unknown,0.3,,2026-09-16T11:01:31.586651
1616661646584802,unknown,unknown,0.3,,2026-09-16T11:01:31.586651
1616697113247922,unknown,unknown,0.3,,2026-09-16T11:01:31.586651
1616707076580259,critical_illness,critical_illness,0.9,ung thu,2026-09-16T11:01:31.586651
1616753796575587,unknown,unknown,0.3,,2026-09-16T11:01:31.586651
1617062816544685,unknown,unknown,0.3,,2026-09-16T11:01:31.586651
1617155529868747,unknown,unknown,0.3,,2026-09-16T11:01:31.586651
1618003566450610,unknown,unknown,0.3,,2026-09-16T11:01:31.586651
1618071216443845,health,health,0.88,suc khoe,2026-09-16T11:01:31.586651
1618157873101846,critical_illness,critical_illness,0.9,benh hiem ngheo,2026-09-16T11:01:31.586651
1619034679680832,life,life_general,0.82,nhan tho,2026-09-16T11:01:31.586651
1619034813014152,life,life_general,0.82,nhan tho,2026-09-16T11:01:31.586651
1619148246336142,travel,travel,0.94,du lich,2026-09-16T11:01:31.586651
1619884826262484,unknown,unknown,0.3,,2026-09-16T11:01:31.586651
1619897706261196,unknown,unknown,0.3,,2026-09-16T11:01:31.586651
1619902562927377,unknown,unknown,0.3,,2026-09-16T11:01:31.586651
1620884676162499,life,unit_linked,0.92,ilp,2026-09-16T11:01:31.586651
1621565596094407,health,health,0.88,suc khoe,2026-09-16T11:01:31.586651
1622424199341880,car,car,0.96,o to,2026-09-16T11:01:31.586651
1618467626404204,bank_insurance,bank_insurance,0.86,vay,2026-09-16T11:01:31.586651
1618474179736882,bank_insurance,bank_insurance,0.86,vay,2026-09-16T11:01:31.586651
1618934736357493,health,health,0.88,noi tru,2026-09-16T11:01:31.586651
1618469226404044,unknown,unknown,0.3,,2026-09-16T11:01:31.586651
1618477609736539,unknown,unknown,0.3,,2026-09-16T11:01:31.586651
1618480599736240,unknown,unknown,0.3,,2026-09-16T11:01:31.586651
1618483616402605,unknown,unknown,0.3,,2026-09-16T11:01:31.586651
1618485319735768,unknown,unknown,0.3,,2026-09-16T11:01:31.586651
1618487236402243,unknown,unknown,0.3,,2026-09-16T11:01:31.586651
1618488833068750,unknown,unknown,0.3,,2026-09-16T11:01:31.586651
1618501439734156,unknown,unknown,0.3,,2026-09-16T11:01:31.586651
1618527383064895,unknown,unknown,0.3,,2026-09-16T11:01:31.586651
1618652619719038,unknown,unknown,0.3,,2026-09-16T11:01:31.586651
1618837013033932,unknown,unknown,0.3,,2026-09-16T11:01:31.586651
1618885573029076,unknown,unknown,0.3,,2026-09-16T11:01:31.586651
1619150569669243,travel,travel,0.94,du lich,2026-09-16T11:01:31.586651
1620885739495726,unknown,unknown,0.3,,2026-09-16T11:01:31.586651
1618970129687287,unknown,unknown,0.3,,2026-09-16T11:01:31.586651
1619104699673830,unknown,unknown,0.3,,2026-09-16T11:01:31.586651
1619105859673714,unknown,unknown,0.3,,2026-09-16T11:01:31.586651
1619365859647714,unknown,unknown,0.3,,2026-09-16T11:01:31.586651
1619710562946577,unknown,unknown,0.3,,2026-09-16T11:01:31.586651
1619771189607181,car,car,0.96,oto,2026-09-16T11:01:31.586651
1620170266233940,bank_insurance,bank_insurance,0.86,the tin dung,2026-09-16T11:01:31.586651
1619024946348472,unknown,unknown,0.3,,2026-09-16T11:01:31.586651
1619025056348461,unknown,unknown,0.3,,2026-09-16T11:01:31.586651
1619025456348421,critical_illness,critical_illness,0.9,benh hiem ngheo,2026-09-16T11:01:31.586651
1619025579681742,unknown,unknown,0.3,,2026-09-16T11:01:31.586651
1619025646348402,unknown,unknown,0.3,,2026-09-16T11:01:31.586651
1619025876348379,unknown,unknown,0.3,,2026-09-16T11:01:31.586651
1619025976348369,life,life_general,0.82,bhnt,2026-09-16T11:01:31.586651
1619026106348356,critical_illness,critical_illness,0.9,benh hiem ngheo,2026-09-16T11:01:31.586651
1619026286348338,unknown,unknown,0.3,,2026-09-16T11:01:31.586651
1619026383014995,unknown,unknown,0.3,,2026-09-16T11:01:31.586651
1619026393014994,critical_illness,critical_illness,0.9,ung thu,2026-09-16T11:01:31.586651
1619026673014966,unknown,unknown,0.3,,2026-09-16T11:01:31.586651
1619027253014908,unknown,unknown,0.3,,2026-09-16T11:01:31.586651
1619027469681553,unknown,unknown,0.3,,2026-09-16T11:01:31.586651
1619027569681543,unknown,unknown,0.3,,2026-09-16T11:01:31.586651
1619028133014820,unknown,unknown,0.3,,2026-09-16T11:01:31.586651
1619028309681469,unknown,unknown,0.3,,2026-09-16T11:01:31.586651
1619028399681460,unknown,unknown,0.3,,2026-09-16T11:01:31.586651
1619028713014762,unknown,unknown,0.3,,2026-09-16T11:01:31.586651
1619029209681379,unknown,unknown,0.3,,2026-09-16T11:01:31.586651
1619030429681257,critical_illness,critical_illness,0.9,benh hiem ngheo,2026-09-16T11:01:31.586651
1619031696347797,unknown,unknown,0.3,,2026-09-16T11:01:31.586651
1619033713014262,life,life_general,0.82,nhan tho,2026-09-16T11:01:31.586651
1619033709680929,life,life_general,0.82,bhnt,2026-09-16T11:01:31.586651
1619034183014215,critical_illness,critical_illness,0.9,benh hiem ngheo,2026-09-16T11:01:31.586651
1619034506347516,life,life_general,0.82,nhan tho,2026-09-16T11:01:31.586651
1619036466347320,health,health,0.88,suc khoe,2026-09-16T11:01:31.586651
1619037869680513,life,life_general,0.82,bhnt,2026-09-16T11:01:31.586651
1619041059680194,unknown,unknown,0.3,,2026-09-16T11:01:31.586651
1619041393013494,unknown,unknown,0.3,,2026-09-16T11:01:31.586651
1619044106346556,unknown,unknown,0.3,,2026-09-16T11:01:31.586651
1619044109679889,unknown,unknown,0.3,,2026-09-16T11:01:31.586651
1619045033013130,unknown,unknown,0.3,,2026-09-16T11:01:31.586651
1619045509679749,unknown,unknown,0.3,,2026-09-16T11:01:31.586651
1619047006346266,bank_insurance,bank_insurance,0.86,vay,2026-09-16T11:01:31.586651
1619049563012677,unknown,unknown,0.3,,2026-09-16T11:01:31.586651
1619049823012651,unknown,unknown,0.3,,2026-09-16T11:01:31.586651
1619052696345697,health,health,0.88,suc khoe,2026-09-16T11:01:31.586651
1619056146345352,unknown,unknown,0.3,,2026-09-16T11:01:31.586651
1619059329678367,life,life_general,0.82,nhan tho,2026-09-16T11:01:31.586651
1619060123011621,unknown,unknown,0.3,,2026-09-16T11:01:31.586651
1619061896344777,unknown,unknown,0.3,,2026-09-16T11:01:31.586651
1619068176344149,unknown,unknown,0.3,,2026-09-16T11:01:31.586651
1619068179677482,unknown,unknown,0.3,,2026-09-16T11:01:31.586651
1619076399676660,health,health,0.88,suc khoe,2026-09-16T11:01:31.586651
1619083479675952,unknown,unknown,0.3,,2026-09-16T11:01:31.586651
1619085216342445,unknown,unknown,0.3,,2026-09-16T11:01:31.586651
1619098493007784,unknown,unknown,0.3,,2026-09-16T11:01:31.586651
1619098496341117,unknown,unknown,0.3,,2026-09-16T11:01:31.586651
1619116246339342,unknown,unknown,0.3,,2026-09-16T11:01:31.586651
1619122369672063,unknown,unknown,0.3,,2026-09-16T11:01:31.586651
1619138883003745,unknown,unknown,0.3,,2026-09-16T11:01:31.586651
1619150869669213,unknown,unknown,0.3,,2026-09-16T11:01:31.586651
1619152849669015,unknown,unknown,0.3,,2026-09-16T11:01:31.586651
1619152919669008,unknown,unknown,0.3,,2026-09-16T11:01:31.586651
1619155536335413,unknown,unknown,0.3,,2026-09-16T11:01:31.586651
1619170096333957,unknown,unknown,0.3,,2026-09-16T11:01:31.586651
1619192382998395,unknown,unknown,0.3,,2026-09-16T11:01:31.586651
1619199499664350,critical_illness,critical_illness,0.9,benh hiem ngheo,2026-09-16T11:01:31.586651
1619200522997581,health,health,0.88,suc khoe,2026-09-16T11:01:31.586651
1619205252997108,unknown,unknown,0.3,,2026-09-16T11:01:31.586651
1619215516329415,life,life_general,0.82,nhan tho,2026-09-16T11:01:31.586651
1619239742993659,unknown,unknown,0.3,,2026-09-16T11:01:31.586651
1619294286321538,unknown,unknown,0.3,,2026-09-16T11:01:31.586651
1619321396318827,unknown,unknown,0.3,,2026-09-16T11:01:31.586651
1619658422951791,unknown,unknown,0.3,,2026-09-16T11:01:31.586651
1619800906270876,unknown,unknown,0.3,,2026-09-16T11:01:31.586651
1619832812934352,critical_illness,critical_illness,0.9,benh hiem ngheo,2026-09-16T11:01:31.586651
1619840359600264,bank_insurance,bank_insurance,0.86,the tin dung,2026-09-16T11:01:31.586651
1619882036262763,unknown,unknown,0.3,,2026-09-16T11:01:31.586651
1619905819593718,unknown,unknown,0.3,,2026-09-16T11:01:31.586651
1619946636256303,unknown,unknown,0.3,,2026-09-16T11:01:31.586651
1620000666250900,life,life_general,0.82,bhnt,2026-09-16T11:01:31.586651
1620073552910278,unknown,unknown,0.3,,2026-09-16T11:01:31.586651
1620345542883079,unknown,unknown,0.3,,2026-09-16T11:01:31.586651
1620357599548540,unknown,unknown,0.3,,2026-09-16T11:01:31.586651
1620372279547072,unknown,unknown,0.3,,2026-09-16T11:01:31.586651
1621502492767384,life,life_general,0.82,bhnt,2026-09-16T11:01:31.586651
1621565086094458,health,health,0.88,suc khoe,2026-09-16T11:01:31.586651
1622536222664011,car,car,0.96,o to,2026-09-16T11:01:31.586651
1622564705994496,unknown,unknown,0.3,,2026-09-16T11:01:31.586651
1622564762661157,unknown,unknown,0.3,,2026-09-16T11:01:31.586651
1622564882661145,unknown,unknown,0.3,,2026-09-16T11:01:31.586651
1622564959327804,unknown,unknown,0.3,,2026-09-16T11:01:31.586651
1622565012661132,unknown,unknown,0.3,,2026-09-16T11:01:31.586651
1620751479509152,unknown,unknown,0.3,,2026-09-16T11:01:31.586651
1619207979663502,unknown,unknown,0.3,,2026-09-16T11:01:31.586651
1619993716251595,unknown,unknown,0.3,,2026-09-16T11:01:31.586651
1619935172924116,unknown,unknown,0.3,,2026-09-16T11:01:31.586651
1619935222924111,life,life_general,0.82,bhnt,2026-09-16T11:01:31.586651
1619935629590737,unknown,unknown,0.3,,2026-09-16T11:01:31.586651
1619935646257402,unknown,unknown,0.3,,2026-09-16T11:01:31.586651
1619935716257395,unknown,unknown,0.3,,2026-09-16T11:01:31.586651
1619936202924013,unknown,unknown,0.3,,2026-09-16T11:01:31.586651
1619936266257340,life,life_general,0.82,bhnt,2026-09-16T11:01:31.586651
1619936369590663,unknown,unknown,0.3,,2026-09-16T11:01:31.586651
1619936582923975,life,life_general,0.82,bhnt,2026-09-16T11:01:31.586651
1619936996257267,critical_illness,critical_illness,0.9,benh hiem ngheo,2026-09-16T11:01:31.586651
1619937079590592,health,health,0.88,suc khoe,2026-09-16T11:01:31.586651
1619937206257246,life,life_general,0.82,bhnt,2026-09-16T11:01:31.586651
1619937329590567,critical_illness,critical_illness,0.9,benh hiem ngheo,2026-09-16T11:01:31.586651
1619937622923871,unknown,unknown,0.3,,2026-09-16T11:01:31.586651
1619938352923798,unknown,unknown,0.3,,2026-09-16T11:01:31.586651
1619938729590427,unknown,unknown,0.3,,2026-09-16T11:01:31.586651
1619938836257083,unknown,unknown,0.3,,2026-09-16T11:01:31.586651
1619938862923747,life,life_general,0.82,bhnt,2026-09-16T11:01:31.586651
1619939019590398,unknown,unknown,0.3,,2026-09-16T11:01:31.586651
1619939152923718,bank_insurance,bank_insurance,0.86,vay,2026-09-16T11:01:31.586651
1619939699590330,health,health,0.88,suc khoe,2026-09-16T11:01:31.586651
1619940346256932,unknown,unknown,0.3,,2026-09-16T11:01:31.586651
1619940499590250,unknown,unknown,0.3,,2026-09-16T11:01:31.586651
1619940892923544,unknown,unknown,0.3,,2026-09-16T11:01:31.586651
1619941112923522,unknown,unknown,0.3,,2026-09-16T11:01:31.586651
1619941186256848,unknown,unknown,0.3,,2026-09-16T11:01:31.586651
1619942729590027,unknown,unknown,0.3,,2026-09-16T11:01:31.586651
1619944356256531,unknown,unknown,0.3,,2026-09-16T11:01:31.586651
1619948509589449,unknown,unknown,0.3,,2026-09-16T11:01:31.586651
1619948696256097,unknown,unknown,0.3,,2026-09-16T11:01:31.586651
1619951252922508,unknown,unknown,0.3,,2026-09-16T11:01:31.586651
1619951992922434,unknown,unknown,0.3,,2026-09-16T11:01:31.586651
1619952696255697,unknown,unknown,0.3,,2026-09-16T11:01:31.586651
1619953309588969,unknown,unknown,0.3,,2026-09-16T11:01:31.586651
1619953336255633,unknown,unknown,0.3,,2026-09-16T11:01:31.586651
1619954249588875,life,life_general,0.82,nhan tho,2026-09-16T11:01:31.586651
1619954719588828,life,life_general,0.82,nhan tho,2026-09-16T11:01:31.586651
1619956202922013,health,health,0.88,suc khoe,2026-09-16T11:01:31.586651
1619957459588554,health,health,0.88,suc khoe,2026-09-16T11:01:31.586651
1619960756254891,unknown,unknown,0.3,,2026-09-16T11:01:31.586651
1619960892921544,unknown,unknown,0.3,,2026-09-16T11:01:31.586651
1619968399587460,life,life_general,0.82,bhnt,2026-09-16T11:01:31.586651
1619968829587417,health,health,0.88,suc khoe,2026-09-16T11:01:31.586651
1619969436254023,unknown,unknown,0.3,,2026-09-16T11:01:31.586651
1619971796253787,life,life_general,0.82,nhan tho,2026-09-16T11:01:31.586651
1619972016253765,health,health,0.88,suc khoe,2026-09-16T11:01:31.586651
1619975069586793,unknown,unknown,0.3,,2026-09-16T11:01:31.586651
1619978082919825,unknown,unknown,0.3,,2026-09-16T11:01:31.586651
1619978979586402,health,health,0.88,suc khoe,2026-09-16T11:01:31.586651
1619979286253038,critical_illness,critical_illness,0.9,ung thu,2026-09-16T11:01:31.586651
1619981206252846,unknown,unknown,0.3,,2026-09-16T11:01:31.586651
1619984736252493,unknown,unknown,0.3,,2026-09-16T11:01:31.586651
1619985482919085,unknown,unknown,0.3,,2026-09-16T11:01:31.586651
1619986099585690,car,car,0.96,o to,2026-09-16T11:01:31.586651
1619986396252327,unknown,unknown,0.3,,2026-09-16T11:01:31.586651
1619987472918886,unknown,unknown,0.3,,2026-09-16T11:01:31.586651
1619988722918761,health,health,0.88,suc khoe,2026-09-16T11:01:31.586651
1619989286252038,unknown,unknown,0.3,,2026-09-16T11:01:31.586651
1619991092918524,health,health,0.88,suc khoe,2026-09-16T11:01:31.586651
1619995436251423,unknown,unknown,0.3,,2026-09-16T11:01:31.586651
1619996326251334,unknown,unknown,0.3,,2026-09-16T11:01:31.586651
1620000289584271,unknown,unknown,0.3,,2026-09-16T11:01:31.586651
1620002559584044,unknown,unknown,0.3,,2026-09-16T11:01:31.586651
1620004156250551,unknown,unknown,0.3,,2026-09-16T11:01:31.586651
1620005722917061,unknown,unknown,0.3,,2026-09-16T11:01:31.586651
1620007459583554,health,health,0.88,suc khoe,2026-09-16T11:01:31.586651
1620008589583441,unknown,unknown,0.3,,2026-09-16T11:01:31.586651
1620009382916695,unknown,unknown,0.3,,2026-09-16T11:01:31.586651
1620013739582926,unknown,unknown,0.3,,2026-09-16T11:01:31.586651
1620016596249307,unknown,unknown,0.3,,2026-09-16T11:01:31.586651
1620019546249012,unknown,unknown,0.3,,2026-09-16T11:01:31.586651
1620025512915082,life,life_general,0.82,nhan tho,2026-09-16T11:01:31.586651
1620035926247374,health,health,0.88,suc khoe,2026-09-16T11:01:31.586651
1620037502913883,unknown,unknown,0.3,,2026-09-16T11:01:31.586651
1620055806245386,unknown,unknown,0.3,,2026-09-16T11:01:31.586651
1620056132912020,unknown,unknown,0.3,,2026-09-16T11:01:31.586651
1620084609575839,unknown,unknown,0.3,,2026-09-16T11:01:31.586651
1620116366239330,unknown,unknown,0.3,,2026-09-16T11:01:31.586651
1620122079572092,health,health,0.88,suc khoe,2026-09-16T11:01:31.586651
1620152492902384,unknown,unknown,0.3,,2026-09-16T11:01:31.586651
1620152529569047,unknown,unknown,0.3,,2026-09-16T11:01:31.586651
1620173836233583,critical_illness,critical_illness,0.9,ung thu,2026-09-16T11:01:31.586651
1620173866233580,unknown,unknown,0.3,,2026-09-16T11:01:31.586651
1620185809565719,unknown,unknown,0.3,,2026-09-16T11:01:31.586651
1620270816223885,unknown,unknown,0.3,,2026-09-16T11:01:31.586651
1620317109552589,unknown,unknown,0.3,,2026-09-16T11:01:31.586651
1620371222880511,unknown,unknown,0.3,,2026-09-16T11:01:31.586651
1620453986205568,unknown,unknown,0.3,,2026-09-16T11:01:31.586651
1620540276196939,critical_illness,critical_illness,0.9,benh hiem ngheo,2026-09-16T11:01:31.586651
1620566796194287,unknown,unknown,0.3,,2026-09-16T11:01:31.586651
1620653219518978,unknown,unknown,0.3,,2026-09-16T11:01:31.586651
1620876532829980,life,life_general,0.82,nhan tho,2026-09-16T11:01:31.586651
1621017529482547,unknown,unknown,0.3,,2026-09-16T11:01:31.586651
1621565459427754,health,health,0.88,suc khoe,2026-09-16T11:01:31.586651
1621578482759785,unknown,unknown,0.3,,2026-09-16T11:01:31.586651
1621684359415864,unknown,unknown,0.3,,2026-09-16T11:01:31.586651
1622059832711650,health,health,0.88,suc khoe,2026-09-16T11:01:31.586651
1622407449343555,unknown,unknown,0.3,,2026-09-16T11:01:31.586651
1622423899341910,car,car,0.96,o to,2026-09-16T11:01:31.586651
1622478799336420,unknown,unknown,0.3,,2026-09-16T11:01:31.586651
1622541229330177,critical_illness,critical_illness,0.9,benh hiem ngheo,2026-09-16T11:01:31.586651
1620149252902708,unknown,unknown,0.3,,2026-09-16T11:01:31.586651
1620150372902596,unknown,unknown,0.3,,2026-09-16T11:01:31.586651
1620151826235784,unknown,unknown,0.3,,2026-09-16T11:01:31.586651
1620152392902394,unknown,unknown,0.3,,2026-09-16T11:01:31.586651
1620152759569024,unknown,unknown,0.3,,2026-09-16T11:01:31.586651
1620155566235410,critical_illness,critical_illness,0.9,ung thu,2026-09-16T11:01:31.586651
1620155846235382,unknown,unknown,0.3,,2026-09-16T11:01:31.586651
1620166432900990,unknown,unknown,0.3,,2026-09-16T11:01:31.586651
1620166496234317,unknown,unknown,0.3,,2026-09-16T11:01:31.586651
1620167872900846,unknown,unknown,0.3,,2026-09-16T11:01:31.586651
1620168306234136,critical_illness,critical_illness,0.9,benh hiem ngheo,2026-09-16T11:01:31.586651
1620170916233875,unknown,unknown,0.3,,2026-09-16T11:01:31.586651
1620176512899982,unknown,unknown,0.3,,2026-09-16T11:01:31.586651
1620182452899388,unknown,unknown,0.3,,2026-09-16T11:01:31.586651
1620211449563155,unknown,unknown,0.3,,2026-09-16T11:01:31.586651
1620227736228193,unknown,unknown,0.3,,2026-09-16T11:01:31.586651
1620270026223964,unknown,unknown,0.3,,2026-09-16T11:01:31.586651
1620447566206210,health,health,0.88,suc khoe,2026-09-16T11:01:31.586651
1620572759527024,bank_insurance,bank_insurance,0.86,vay,2026-09-16T11:01:31.586651
1620606872856946,unknown,unknown,0.3,,2026-09-16T11:01:31.586651
1620622416188725,unknown,unknown,0.3,,2026-09-16T11:01:31.586651
1620827859501514,unknown,unknown,0.3,,2026-09-16T11:01:31.586651
1620882592829374,critical_illness,critical_illness,0.9,benh hiem ngheo,2026-09-16T11:01:31.586651
1620922472825386,unknown,unknown,0.3,,2026-09-16T11:01:31.586651
1620929886157978,unknown,unknown,0.3,,2026-09-16T11:01:31.586651
1621463012771332,unknown,unknown,0.3,,2026-09-16T11:01:31.586651
1621506006100366,car,car,0.96,o to,2026-09-16T11:01:31.586651
1621564962761137,health,health,0.88,suc khoe,2026-09-16T11:01:31.586651
1621806079403692,unknown,unknown,0.3,,2026-09-16T11:01:31.586651
1622407799343520,unknown,unknown,0.3,,2026-09-16T11:01:31.586651
1622479052669728,unknown,unknown,0.3,,2026-09-16T11:01:31.586651
1620235282894105,unknown,unknown,0.3,,2026-09-16T11:01:31.586651
1620701499514150,unknown,unknown,0.3,,2026-09-16T11:01:31.586651
1620999062817727,unknown,unknown,0.3,,2026-09-16T11:01:31.586651
1620999419484358,unknown,unknown,0.3,,2026-09-16T11:01:31.586651
1621056316145335,health,health,0.88,suc khoe,2026-09-16T11:01:31.586651
1621062996144667,unknown,unknown,0.3,,2026-09-16T11:01:31.586651
1621067642810869,unknown,unknown,0.3,,2026-09-16T11:01:31.586651
1621090782808555,unknown,unknown,0.3,,2026-09-16T11:01:31.586651
1621096442807989,unknown,unknown,0.3,,2026-09-16T11:01:31.586651
1621097806141186,unknown,unknown,0.3,,2026-09-16T11:01:31.586651
1621108806140086,unknown,unknown,0.3,,2026-09-16T11:01:31.586651
1621110996139867,unknown,unknown,0.3,,2026-09-16T11:01:31.586651
1621117892805844,unknown,unknown,0.3,,2026-09-16T11:01:31.586651
1621124229471877,unknown,unknown,0.3,,2026-09-16T11:01:31.586651
1621163462801287,unknown,unknown,0.3,,2026-09-16T11:01:31.586651
1621178386133128,unknown,unknown,0.3,,2026-09-16T11:01:31.586651
1621195742798059,critical_illness,critical_illness,0.9,ung thu,2026-09-16T11:01:31.586651
1621367406114226,unknown,unknown,0.3,,2026-09-16T11:01:31.586651
1621426566108310,health,health,0.88,suc khoe,2026-09-16T11:01:31.586651
1621448679439432,unknown,unknown,0.3,,2026-09-16T11:01:31.586651
1621451439439156,bank_insurance,bank_insurance,0.86,vay,2026-09-16T11:01:31.586651
1621454142772219,unknown,unknown,0.3,,2026-09-16T11:01:31.586651
1621499692767664,critical_illness,critical_illness,0.9,ung thu,2026-09-16T11:01:31.586651
1621503072767326,critical_illness,critical_illness,0.9,đột quỵ,2026-09-16T11:01:31.586651
1621547016096265,unknown,unknown,0.3,,2026-09-16T11:01:31.586651
1621564759427824,health,health,0.88,suc khoe,2026-09-16T11:01:31.586651
1622550859329214,unknown,unknown,0.3,,2026-09-16T11:01:31.586651
1622551252662508,unknown,unknown,0.3,,2026-09-16T11:01:31.586651
1622407929343507,unknown,unknown,0.3,,2026-09-16T11:01:31.586651
1622565149327785,unknown,unknown,0.3,,2026-09-16T11:01:31.586651
1622578295993137,unknown,unknown,0.3,,2026-09-16T11:01:31.586651
1621840056066961,unknown,unknown,0.3,,2026-09-16T11:01:31.586651
1621840576066909,unknown,unknown,0.3,,2026-09-16T11:01:31.586651
1621841092733524,unknown,unknown,0.3,,2026-09-16T11:01:31.586651
1621841089400191,unknown,unknown,0.3,,2026-09-16T11:01:31.586651
1621841549400145,car,car,0.96,o to,2026-09-16T11:01:31.586651
1621841682733465,unknown,unknown,0.3,,2026-09-16T11:01:31.586651
1621841879400112,unknown,unknown,0.3,,2026-09-16T11:01:31.586651
1621842219400078,unknown,unknown,0.3,,2026-09-16T11:01:31.586651
1621842416066725,unknown,unknown,0.3,,2026-09-16T11:01:31.586651
1621842556066711,unknown,unknown,0.3,,2026-09-16T11:01:31.586651
1621842676066699,unknown,unknown,0.3,,2026-09-16T11:01:31.586651
1621843112733322,unknown,unknown,0.3,,2026-09-16T11:01:31.586651
1621843142733319,unknown,unknown,0.3,,2026-09-16T11:01:31.586651
1621843289399971,unknown,unknown,0.3,,2026-09-16T11:01:31.586651
1621844379399862,unknown,unknown,0.3,,2026-09-16T11:01:31.586651
1621845559399744,unknown,unknown,0.3,,2026-09-16T11:01:31.586651
1621845902733043,life,life_general,0.82,nhan tho,2026-09-16T11:01:31.586651
1621846372732996,unknown,unknown,0.3,,2026-09-16T11:01:31.586651
1621846656066301,life,universal_life,0.92,lai suat cam ket,2026-09-16T11:01:31.586651
1621846906066276,unknown,unknown,0.3,,2026-09-16T11:01:31.586651
1621846979399602,unknown,unknown,0.3,,2026-09-16T11:01:31.586651
1621847322732901,critical_illness,critical_illness,0.9,benh hiem ngheo,2026-09-16T11:01:31.586651
1621847619399538,unknown,unknown,0.3,,2026-09-16T11:01:31.586651
1621847862732847,unknown,unknown,0.3,,2026-09-16T11:01:31.586651
1621851329399167,life,life_general,0.82,nhan tho,2026-09-16T11:01:31.586651
1621852382732395,unknown,unknown,0.3,,2026-09-16T11:01:31.586651
1621852586065708,unknown,unknown,0.3,,2026-09-16T11:01:31.586651
1621853326065634,unknown,unknown,0.3,,2026-09-16T11:01:31.586651
1621853842732249,unknown,unknown,0.3,,2026-09-16T11:01:31.586651
1621853872732246,unknown,unknown,0.3,,2026-09-16T11:01:31.586651
1621853986065568,unknown,unknown,0.3,,2026-09-16T11:01:31.586651
1621854156065551,life,life_general,0.82,nhan tho,2026-09-16T11:01:31.586651
1621857072731926,unknown,unknown,0.3,,2026-09-16T11:01:31.586651
1621857216065245,critical_illness,critical_illness,0.9,ung thu,2026-09-16T11:01:31.586651
1621858652731768,unknown,unknown,0.3,,2026-09-16T11:01:31.586651
1621859639398336,unknown,unknown,0.3,,2026-09-16T11:01:31.586651
1621860456064921,health,health,0.88,suc khoe,2026-09-16T11:01:31.586651
1621861109398189,bank_insurance,bank_insurance,0.86,ngan hang,2026-09-16T11:01:31.586651
1621866342730999,unknown,unknown,0.3,,2026-09-16T11:01:31.586651
1621868386064128,unknown,unknown,0.3,,2026-09-16T11:01:31.586651
1621870796063887,unknown,unknown,0.3,,2026-09-16T11:01:31.586651
1621870819397218,health,health,0.88,suc khoe,2026-09-16T11:01:31.586651
1621872856063681,health,health,0.88,suc khoe,2026-09-16T11:01:31.586651
1621875672730066,unknown,unknown,0.3,,2026-09-16T11:01:31.586651
1621876556063311,unknown,unknown,0.3,,2026-09-16T11:01:31.586651
1621879172729716,unknown,unknown,0.3,,2026-09-16T11:01:31.586651
1621882179396082,unknown,unknown,0.3,,2026-09-16T11:01:31.586651
1621886146062352,unknown,unknown,0.3,,2026-09-16T11:01:31.586651
1621888642728769,health,health,0.88,suc khoe,2026-09-16T11:01:31.586651
1621890999395200,unknown,unknown,0.3,,2026-09-16T11:01:31.586651
1621893632728270,unknown,unknown,0.3,,2026-09-16T11:01:31.586651
1621894616061505,unknown,unknown,0.3,,2026-09-16T11:01:31.586651
1621898022727831,unknown,unknown,0.3,,2026-09-16T11:01:31.586651
1621898369394463,unknown,unknown,0.3,,2026-09-16T11:01:31.586651
1621912002726433,unknown,unknown,0.3,,2026-09-16T11:01:31.586651
1621914472726186,unknown,unknown,0.3,,2026-09-16T11:01:31.586651
1621917526059214,unknown,unknown,0.3,,2026-09-16T11:01:31.586651
1621933219390978,unknown,unknown,0.3,,2026-09-16T11:01:31.586651
1621938469390453,unknown,unknown,0.3,,2026-09-16T11:01:31.586651
1621938852723748,unknown,unknown,0.3,,2026-09-16T11:01:31.586651
1621942049390095,unknown,unknown,0.3,,2026-09-16T11:01:31.586651
1621942416056725,unknown,unknown,0.3,,2026-09-16T11:01:31.586651
1621944139389886,unknown,unknown,0.3,,2026-09-16T11:01:31.586651
1621951536055813,unknown,unknown,0.3,,2026-09-16T11:01:31.586651
1621956176055349,unknown,unknown,0.3,,2026-09-16T11:01:31.586651
1621962156054751,unknown,unknown,0.3,,2026-09-16T11:01:31.586651
1621964839387816,health,health,0.88,suc khoe,2026-09-16T11:01:31.586651
1621975819386718,unknown,unknown,0.3,,2026-09-16T11:01:31.586651
1621977706053196,unknown,unknown,0.3,,2026-09-16T11:01:31.586651
1622034732714160,unknown,unknown,0.3,,2026-09-16T11:01:31.586651
1622040159380284,unknown,unknown,0.3,,2026-09-16T11:01:31.586651
1622040549380245,critical_illness,critical_illness,0.9,ung thu,2026-09-16T11:01:31.586651
1622041482713485,unknown,unknown,0.3,,2026-09-16T11:01:31.586651
1622046299379670,health,health,0.88,suc khoe,2026-09-16T11:01:31.586651
1622059542711679,health,health,0.88,suc khoe,2026-09-16T11:01:31.586651
1622060999378200,unknown,unknown,0.3,,2026-09-16T11:01:31.586651
1622179009366399,unknown,unknown,0.3,,2026-09-16T11:01:31.586651
1622342592683374,unknown,unknown,0.3,,2026-09-16T11:01:31.586651
1622354166015550,unknown,unknown,0.3,,2026-09-16T11:01:31.586651
1622363252681308,unknown,unknown,0.3,,2026-09-16T11:01:31.586651
1622376406013326,health,health,0.88,suc khoe,2026-09-16T11:01:31.586651
1622379306013036,unknown,unknown,0.3,,2026-09-16T11:01:31.586651
1622402569344043,critical_illness,critical_illness,0.9,ung thu,2026-09-16T11:01:31.586651
1622407246010242,unknown,unknown,0.3,,2026-09-16T11:01:31.586651
1622423979341902,car,car,0.96,o to,2026-09-16T11:01:31.586651
1622475402670093,unknown,unknown,0.3,,2026-09-16T11:01:31.586651
1622478862669747,unknown,unknown,0.3,,2026-09-16T11:01:31.586651
1622480396002927,critical_illness,critical_illness,0.9,ung thu,2026-09-16T11:01:31.586651
1622501889334111,unknown,unknown,0.3,,2026-09-16T11:01:31.586651
1622530269331273,unknown,unknown,0.3,,2026-09-16T11:01:31.586651
1622565339327766,unknown,unknown,0.3,,2026-09-16T11:01:31.586651
1622591855991781,unknown,unknown,0.3,,2026-09-16T11:01:31.586651
1622627832654850,unknown,unknown,0.3,,2026-09-16T11:01:31.586651
1621917029392597,unknown,unknown,0.3,,2026-09-16T11:01:31.586651
2109210776346724,unknown,unknown,0.3,,2026-09-16T11:01:31.586651
2109212966346505,unknown,unknown,0.3,,2026-09-16T11:01:31.586651
2109244883009980,unknown,unknown,0.3,,2026-09-16T11:01:31.586651
2109246676343134,unknown,unknown,0.3,,2026-09-16T11:01:31.586651
2109257063008762,unknown,unknown,0.3,,2026-09-16T11:01:31.586651
2109297379671397,unknown,unknown,0.3,,2026-09-16T11:01:31.586651
2109310733003395,unknown,unknown,0.3,,2026-09-16T11:01:31.586651
2109368416330960,unknown,unknown,0.3,,2026-09-16T11:01:31.586651
2109383109662824,unknown,unknown,0.3,,2026-09-16T11:01:31.586651
2109653362969132,unknown,unknown,0.3,,2026-09-16T11:01:31.586651
2109716486296153,unknown,unknown,0.3,,2026-09-16T11:01:31.586651
2110621766205625,unknown,unknown,0.3,,2026-09-16T11:01:31.586651
2110642459536889,unknown,unknown,0.3,,2026-09-16T11:01:31.586651
2111147616153040,unknown,unknown,0.3,,2026-09-16T11:01:31.586651
2111302459470889,unknown,unknown,0.3,,2026-09-16T11:01:31.586651
2111407509460384,unknown,unknown,0.3,,2026-09-16T11:01:31.586651
2111699722764496,unknown,unknown,0.3,,2026-09-16T11:01:31.586651
2111799172754551,unknown,unknown,0.3,,2026-09-16T11:01:31.586651
2112276889373446,life,life_general,0.82,nhan tho,2026-09-16T11:01:31.586651
2111048516162950,unknown,unknown,0.3,,2026-09-16T11:01:31.586651
2111051359495999,unknown,unknown,0.3,,2026-09-16T11:01:31.586651
2111051422829326,unknown,unknown,0.3,,2026-09-16T11:01:31.586651
2111052846162517,unknown,unknown,0.3,,2026-09-16T11:01:31.586651
2111054412829027,bank_insurance,bank_insurance,0.86,vay,2026-09-16T11:01:31.586651
2111095829491552,unknown,unknown,0.3,,2026-09-16T11:01:31.586651
2111328636134938,unknown,unknown,0.3,,2026-09-16T11:01:31.586651
2111395722794896,critical_illness,critical_illness,0.9,ung thu,2026-09-16T11:01:31.586651
2112353959365739,bank_insurance,bank_insurance,0.86,vay,2026-09-16T11:01:31.586651
2111344249466710,unknown,unknown,0.3,,2026-09-16T11:01:31.586651
2111348152799653,unknown,unknown,0.3,,2026-09-16T11:01:31.586651
2111354472799021,unknown,unknown,0.3,,2026-09-16T11:01:31.586651
2111355949465540,unknown,unknown,0.3,,2026-09-16T11:01:31.586651
2111356649465470,unknown,unknown,0.3,,2026-09-16T11:01:31.586651
2111422979458837,unknown,unknown,0.3,,2026-09-16T11:01:31.586651
2111425902791878,unknown,unknown,0.3,,2026-09-16T11:01:31.586651
2111504642784004,unknown,unknown,0.3,,2026-09-16T11:01:31.586651
2111520089449126,unknown,unknown,0.3,,2026-09-16T11:01:31.586651
2112236616044140,unknown,unknown,0.3,,2026-09-16T11:01:31.586651
1323636269639618,unknown,unknown,0.3,,2026-09-16T11:01:31.586651
1323644299638815,unknown,unknown,0.3,,2026-09-16T11:01:31.586651
1323742306295681,bank_insurance,bank_insurance,0.86,vay,2026-09-16T11:01:31.586651
1324828372853741,unknown,unknown,0.3,,2026-09-16T11:01:31.586651
1325144506155461,unknown,unknown,0.3,,2026-09-16T11:01:31.586651
1325154219487823,unknown,unknown,0.3,,2026-09-16T11:01:31.586651
1325175539485691,unknown,unknown,0.3,,2026-09-16T11:01:31.586651
1325183469484898,unknown,unknown,0.3,,2026-09-16T11:01:31.586651
1325367576133154,unknown,unknown,0.3,,2026-09-16T11:01:31.586651
1325370176132894,unknown,unknown,0.3,,2026-09-16T11:01:31.586651
1325372012799377,unknown,unknown,0.3,,2026-09-16T11:01:31.586651
1325372072799371,unknown,unknown,0.3,,2026-09-16T11:01:31.586651
1327111882625390,unknown,unknown,0.3,,2026-09-16T11:01:31.586651
1327116465958265,unknown,unknown,0.3,,2026-09-16T11:01:31.586651
1327139599289285,unknown,unknown,0.3,,2026-09-16T11:01:31.586651
1327140132622565,unknown,unknown,0.3,,2026-09-16T11:01:31.586651
1327140525955859,unknown,unknown,0.3,,2026-09-16T11:01:31.586651
1327141019289143,unknown,unknown,0.3,,2026-09-16T11:01:31.586651
1327176522618926,unknown,unknown,0.3,,2026-09-16T11:01:31.586651
1327197712616807,unknown,unknown,0.3,,2026-09-16T11:01:31.586651
1327455329257712,unknown,unknown,0.3,,2026-09-16T11:01:31.586651
1327475699255675,unknown,unknown,0.3,,2026-09-16T11:01:31.586651
1327475849255660,unknown,unknown,0.3,,2026-09-16T11:01:31.586651
1327621295907782,unknown,unknown,0.3,,2026-09-16T11:01:31.586651
1327621542574424,unknown,unknown,0.3,,2026-09-16T11:01:31.586651
1327624559240789,unknown,unknown,0.3,,2026-09-16T11:01:31.586651
1327917639211481,unknown,unknown,0.3,,2026-09-16T11:01:31.586651
1327623125907599,unknown,unknown,0.3,,2026-09-16T11:01:31.586651
1327634472573131,unknown,unknown,0.3,,2026-09-16T11:01:31.586651
1327635555906356,unknown,unknown,0.3,,2026-09-16T11:01:31.586651
1327637732572805,unknown,unknown,0.3,,2026-09-16T11:01:31.586651
1327656189237626,unknown,unknown,0.3,,2026-09-16T11:01:31.586651
1327710945898817,unknown,unknown,0.3,,2026-09-16T11:01:31.586651
1327715115898400,unknown,unknown,0.3,,2026-09-16T11:01:31.586651
1327633722573206,bank_insurance,bank_insurance,0.86,vay,2026-09-16T11:01:31.586651
1327638289239416,unknown,unknown,0.3,,2026-09-16T11:01:31.586651
1327642709238974,unknown,unknown,0.3,,2026-09-16T11:01:31.586651
1328392492497329,unknown,unknown,0.3,,2026-09-16T11:01:31.586651
1328014149201830,unknown,unknown,0.3,,2026-09-16T11:01:31.586651
1328017245868187,unknown,unknown,0.3,,2026-09-16T11:01:31.586651
1328258542510724,unknown,unknown,0.3,,2026-09-16T11:01:31.586651
1328283822508196,unknown,unknown,0.3,,2026-09-16T11:01:31.586651
1328290569174188,unknown,unknown,0.3,,2026-09-16T11:01:31.586651
1328189719184273,unknown,unknown,0.3,,2026-09-16T11:01:31.586651
1328196532516925,unknown,unknown,0.3,,2026-09-16T11:01:31.586651
1328231995846712,unknown,unknown,0.3,,2026-09-16T11:01:31.586651
1328237295846182,unknown,unknown,0.3,,2026-09-16T11:01:31.586651
1328238912512687,unknown,unknown,0.3,,2026-09-16T11:01:31.586651
1328244242512154,unknown,unknown,0.3,,2026-09-16T11:01:31.586651
1328253072511271,unknown,unknown,0.3,,2026-09-16T11:01:31.586651
1328256929177552,unknown,unknown,0.3,,2026-09-16T11:01:31.586651
1328477162488862,unknown,unknown,0.3,,2026-09-16T11:01:31.586651
1328478425822069,unknown,unknown,0.3,,2026-09-16T11:01:31.586651
1328478752488703,unknown,unknown,0.3,,2026-09-16T11:01:31.586651
1328479502488628,unknown,unknown,0.3,,2026-09-16T11:01:31.586651
1328480659155179,unknown,unknown,0.3,,2026-09-16T11:01:31.586651
1328379172498661,unknown,unknown,0.3,,2026-09-16T11:01:31.586651
28558717563740646,health,health,0.88,suc khoe,2026-09-16T11:01:31.586651
28558727000406369,critical_illness,critical_illness,0.9,ung thu,2026-09-16T11:01:31.586651
28558850650394004,unknown,unknown,0.3,,2026-09-16T11:01:31.586651
28558903977055338,unknown,unknown,0.3,,2026-09-16T11:01:31.586651
28558911553721247,unknown,unknown,0.3,,2026-09-16T11:01:31.586651
28558912590387810,unknown,unknown,0.3,,2026-09-16T11:01:31.586651
28558925367053199,health,health,0.88,suc khoe,2026-09-16T11:01:31.586651
28558934630385606,life,life_general,0.82,bhnt,2026-09-16T11:01:31.586651
28558947127051023,unknown,unknown,0.3,,2026-09-16T11:01:31.586651
28558957353716667,unknown,unknown,0.3,,2026-09-16T11:01:31.586651
28558961470382922,unknown,unknown,0.3,,2026-09-16T11:01:31.586651
28558965543715848,unknown,unknown,0.3,,2026-09-16T11:01:31.586651
28558996820379387,unknown,unknown,0.3,,2026-09-16T11:01:31.586651
28559132510365818,unknown,unknown,0.3,,2026-09-16T11:01:31.586651
28559178593694543,unknown,unknown,0.3,,2026-09-16T11:01:31.586651
28559186060360463,unknown,unknown,0.3,,2026-09-16T11:01:31.586651
28559226003689802,bank_insurance,bank_insurance,0.86,vay,2026-09-16T11:01:31.586651
28559291290349940,health,health,0.88,suc khoe,2026-09-16T11:01:31.586651
28559380990340970,unknown,unknown,0.3,,2026-09-16T11:01:31.586651
28559587550320314,unknown,unknown,0.3,,2026-09-16T11:01:31.586651
28559589583653444,unknown,unknown,0.3,,2026-09-16T11:01:31.586651
28559687786976957,unknown,unknown,0.3,,2026-09-16T11:01:31.586651
28559763873636015,health,health,0.88,suc khoe,2026-09-16T11:01:31.586651
28559865300292539,unknown,unknown,0.3,,2026-09-16T11:01:31.586651
28560198336925902,unknown,unknown,0.3,,2026-09-16T11:01:31.586651
28560289783583424,unknown,unknown,0.3,,2026-09-16T11:01:31.586651
28560771393535263,unknown,unknown,0.3,,2026-09-16T11:01:31.586651
28560808063531596,life,life_general,0.82,nhan tho,2026-09-16T11:01:31.586651
28560968516848884,unknown,unknown,0.3,,2026-09-16T11:01:31.586651
28561074726838263,unknown,unknown,0.3,,2026-09-16T11:01:31.586651
28561302600148809,health,health,0.88,suc khoe,2026-09-16T11:01:31.586651
28561561310122938,unknown,unknown,0.3,,2026-09-16T11:01:31.586651
28561727226773013,unknown,unknown,0.3,,2026-09-16T11:01:31.586651
28562103496735386,unknown,unknown,0.3,,2026-09-16T11:01:31.586651
28562589053353497,life,life_general,0.82,nhan tho,2026-09-16T11:01:31.586651
28562617130017356,unknown,unknown,0.3,,2026-09-16T11:01:31.586651
28562671306678605,unknown,unknown,0.3,,2026-09-16T11:01:31.586651
28562854353326967,unknown,unknown,0.3,,2026-09-16T11:01:31.586651
28562976553314747,unknown,unknown,0.3,,2026-09-16T11:01:31.586651
28565724179706651,critical_illness,critical_illness,0.9,ung thu,2026-09-16T11:01:31.586651
28566690606276675,unknown,unknown,0.3,,2026-09-16T11:01:31.586651
28567047882907614,critical_illness,critical_illness,0.9,benh hiem ngheo,2026-09-16T11:01:31.586651
28639969055615496,critical_illness,critical_illness,0.9,ung thu,2026-09-16T11:01:31.586651
28574593048819764,unknown,unknown,0.3,,2026-09-16T11:01:31.586651
28560093976936338,unknown,unknown,0.3,,2026-09-16T11:01:31.586651
28560297993582603,critical_illness,critical_illness,0.9,ung thu,2026-09-16T11:01:31.586651
28560310943581308,health,health,0.88,suc khoe,2026-09-16T11:01:31.586651
28560312920247777,critical_illness,critical_illness,0.9,ung thu,2026-09-16T11:01:31.586651
28560372540241815,unknown,unknown,0.3,,2026-09-16T11:01:31.586651
28560631810215888,unknown,unknown,0.3,,2026-09-16T11:01:31.586651
28560716543540748,unknown,unknown,0.3,,2026-09-16T11:01:31.586651
28560804736865262,life,life_general,0.82,nhan tho,2026-09-16T11:01:31.586651
28561075186838217,critical_illness,critical_illness,0.9,benh hiem ngheo,2026-09-16T11:01:31.586651
28561155736830162,unknown,unknown,0.3,,2026-09-16T11:01:31.586651
28561275096818226,unknown,unknown,0.3,,2026-09-16T11:01:31.586651
28562607883351614,unknown,unknown,0.3,,2026-09-16T11:01:31.586651
28563620679917001,unknown,unknown,0.3,,2026-09-16T11:01:31.586651
28566695286276207,unknown,unknown,0.3,,2026-09-16T11:01:31.586651
28567101276235608,critical_illness,critical_illness,0.9,benh hiem ngheo,2026-09-16T11:01:31.586651
28575996962012706,unknown,unknown,0.3,,2026-09-16T11:01:31.586651
28577036195242116,unknown,unknown,0.3,,2026-09-16T11:01:31.586651
28587042247574844,unknown,unknown,0.3,,2026-09-16T11:01:31.586651
28587143394231396,unknown,unknown,0.3,,2026-09-16T11:01:31.586651
28587384620873940,unknown,unknown,0.3,,2026-09-16T11:01:31.586651
28587388347540234,unknown,unknown,0.3,,2026-09-16T11:01:31.586651
28571448415800894,unknown,unknown,0.3,,2026-09-16T11:01:31.586651
28571577109121358,unknown,unknown,0.3,,2026-09-16T11:01:31.586651
28573696998909369,unknown,unknown,0.3,,2026-09-16T11:01:31.586651
28573704922241910,unknown,unknown,0.3,,2026-09-16T11:01:31.586651
28573705152241887,life,life_general,0.82,nhan tho,2026-09-16T11:01:31.586651
28573715195574216,life,unit_linked,0.92,ilp,2026-09-16T11:01:31.586651
28573717572240645,unknown,unknown,0.3,,2026-09-16T11:01:31.586651
28573727955572940,unknown,unknown,0.3,,2026-09-16T11:01:31.586651
28573755662236836,unknown,unknown,0.3,,2026-09-16T11:01:31.586651
28573758045569931,unknown,unknown,0.3,,2026-09-16T11:01:31.586651
28573764182235984,unknown,unknown,0.3,,2026-09-16T11:01:31.586651
28573801785565557,life,unit_linked,0.92,ilp,2026-09-16T11:01:31.586651
28573881042224298,unknown,unknown,0.3,,2026-09-16T11:01:31.586651
28573885165557219,life,unit_linked,0.92,ilp,2026-09-16T11:01:31.586651
28573892225556513,unknown,unknown,0.3,,2026-09-16T11:01:31.586651
28573902425555493,unknown,unknown,0.3,,2026-09-16T11:01:31.586651
28573910598888009,life,unit_linked,0.92,ilp,2026-09-16T11:01:31.586651
28573947642217638,life,unit_linked,0.92,ilp,2026-09-16T11:01:31.586651
28573957332216669,life,life_general,0.82,nhan tho,2026-09-16T11:01:31.586651
28573957805549955,life,unit_linked,0.92,ilp,2026-09-16T11:01:31.586651
28573992772213125,unknown,unknown,0.3,,2026-09-16T11:01:31.586651
28573995642212838,unknown,unknown,0.3,,2026-09-16T11:01:31.586651
28574009135544822,unknown,unknown,0.3,,2026-09-16T11:01:31.586651
28574009792211423,unknown,unknown,0.3,,2026-09-16T11:01:31.586651
28574026375543098,unknown,unknown,0.3,,2026-09-16T11:01:31.586651
28574044002208002,life,unit_linked,0.92,ilp,2026-09-16T11:01:31.586651
28574065605539175,unknown,unknown,0.3,,2026-09-16T11:01:31.586651
28574208565524879,life,unit_linked,0.92,ilp,2026-09-16T11:01:31.586651
28574234855522250,bank_insurance,bank_insurance,0.86,vay,2026-09-16T11:01:31.586651
28574427878836281,life,unit_linked,0.92,ilp,2026-09-16T11:01:31.586651
28574480082164394,unknown,unknown,0.3,,2026-09-16T11:01:31.586651
28574496785496057,unknown,unknown,0.3,,2026-09-16T11:01:31.586651
28574691188809950,unknown,unknown,0.3,,2026-09-16T11:01:31.586651
28575541202058282,unknown,unknown,0.3,,2026-09-16T11:01:31.586651
28575884435357292,life,unit_linked,0.92,ilp,2026-09-16T11:01:31.586651
28577479068531162,unknown,unknown,0.3,,2026-09-16T11:01:31.586651
28578280581784344,unknown,unknown,0.3,,2026-09-16T11:01:31.586651
28580341424911593,critical_illness,critical_illness,0.9,benh hiem ngheo,2026-09-16T11:01:31.586651
28584213834524352,unknown,unknown,0.3,,2026-09-16T11:01:31.586651
28585737857705283,unknown,unknown,0.3,,2026-09-16T11:01:31.586651
28585835881028814,life,unit_linked,0.92,ilp,2026-09-16T11:01:31.586651
28587608890851513,unknown,unknown,0.3,,2026-09-16T11:01:31.586651
28588178920794510,life,unit_linked,0.92,ilp,2026-09-16T11:01:31.586651
28588523107426758,unknown,unknown,0.3,,2026-09-16T11:01:31.586651
28579935608285508,unknown,unknown,0.3,,2026-09-16T11:01:31.586651
28579939698285099,unknown,unknown,0.3,,2026-09-16T11:01:31.586651
28579945981617804,unknown,unknown,0.3,,2026-09-16T11:01:31.586651
28580004771611925,unknown,unknown,0.3,,2026-09-16T11:01:31.586651
28580025924943143,unknown,unknown,0.3,,2026-09-16T11:01:31.586651
28580080534937682,unknown,unknown,0.3,,2026-09-16T11:01:31.586651
28580110771601325,unknown,unknown,0.3,,2026-09-16T11:01:31.586651
28580151728263896,unknown,unknown,0.3,,2026-09-16T11:01:31.586651
28580178388261230,unknown,unknown,0.3,,2026-09-16T11:01:31.586651
28580205804925155,critical_illness,critical_illness,0.9,benh hiem ngheo,2026-09-16T11:01:31.586651
28580323544913381,unknown,unknown,0.3,,2026-09-16T11:01:31.586651
28580329308246138,unknown,unknown,0.3,,2026-09-16T11:01:31.586651
28580395128239556,unknown,unknown,0.3,,2026-09-16T11:01:31.586651
28580429814902754,health,health,0.88,suc khoe,2026-09-16T11:01:31.586651
28580431238235945,critical_illness,critical_illness,0.9,ung thu,2026-09-16T11:01:31.586651
28584881461124256,unknown,unknown,0.3,,2026-09-16T11:01:31.586651
28585151171097285,unknown,unknown,0.3,,2026-09-16T11:01:31.586651
28585346711077731,unknown,unknown,0.3,,2026-09-16T11:01:31.586651
28585347331077669,unknown,unknown,0.3,,2026-09-16T11:01:31.586651
28585347957744273,unknown,unknown,0.3,,2026-09-16T11:01:31.586651
28585348767744192,unknown,unknown,0.3,,2026-09-16T11:01:31.586651
28585349141077488,unknown,unknown,0.3,,2026-09-16T11:01:31.586651
28585350014410734,unknown,unknown,0.3,,2026-09-16T11:01:31.586651
28585351211077281,unknown,unknown,0.3,,2026-09-16T11:01:31.586651
28585351057743963,unknown,unknown,0.3,,2026-09-16T11:01:31.586651
28585351711077231,unknown,unknown,0.3,,2026-09-16T11:01:31.586651
28585352601077142,unknown,unknown,0.3,,2026-09-16T11:01:31.586651
28585353824410353,unknown,unknown,0.3,,2026-09-16T11:01:31.586651
28585354461076956,unknown,unknown,0.3,,2026-09-16T11:01:31.586651
28585354894410246,unknown,unknown,0.3,,2026-09-16T11:01:31.586651
28585355807743488,unknown,unknown,0.3,,2026-09-16T11:01:31.586651
28585356164410119,unknown,unknown,0.3,,2026-09-16T11:01:31.586651
28585357084410027,unknown,unknown,0.3,,2026-09-16T11:01:31.586651
28585357991076603,unknown,unknown,0.3,,2026-09-16T11:01:31.586651
28585421494403586,health,health,0.88,suc khoe,2026-09-16T11:01:31.586651
28585426464403089,unknown,unknown,0.3,,2026-09-16T11:01:31.586651
28585585341053868,unknown,unknown,0.3,,2026-09-16T11:01:31.586651
28585596201052782,unknown,unknown,0.3,,2026-09-16T11:01:31.586651
28585743727704696,unknown,unknown,0.3,,2026-09-16T11:01:31.586651
28585755697703499,unknown,unknown,0.3,,2026-09-16T11:01:31.586651
28585797347699334,unknown,unknown,0.3,,2026-09-16T11:01:31.586651
28585803984365337,unknown,unknown,0.3,,2026-09-16T11:01:31.586651
28585828624362873,unknown,unknown,0.3,,2026-09-16T11:01:31.586651
28585852974360438,unknown,unknown,0.3,,2026-09-16T11:01:31.586651
28586567330955669,unknown,unknown,0.3,,2026-09-16T11:01:31.586651
28587029744242761,unknown,unknown,0.3,,2026-09-16T11:01:31.586651
28587148014230934,unknown,unknown,0.3,,2026-09-16T11:01:31.586651
28588122014133534,unknown,unknown,0.3,,2026-09-16T11:01:31.586651
28589272984018437,health,health,0.88,suc khoe,2026-09-16T11:01:31.586651
28591229673822768,life,life_general,0.82,nhan tho,2026-09-16T11:01:31.586651
28593614836917585,bank_insurance,bank_insurance,0.86,the tin dung,2026-09-16T11:01:31.586651
28652603764352025,health,health,0.88,suc khoe,2026-09-16T11:01:31.586651
28653943924218009,unknown,unknown,0.3,,2026-09-16T11:01:31.586651
28588419034103832,unknown,unknown,0.3,,2026-09-16T11:01:31.586651
28588426520769750,health,health,0.88,suc khoe,2026-09-16T11:01:31.586651
28588427340769668,critical_illness,critical_illness,0.9,ung thu,2026-09-16T11:01:31.586651
28588469857432083,health,health,0.88,suc khoe,2026-09-16T11:01:31.586651
28588502637428805,unknown,unknown,0.3,,2026-09-16T11:01:31.586651
28589041834041552,unknown,unknown,0.3,,2026-09-16T11:01:31.586651
28589140764031659,unknown,unknown,0.3,,2026-09-16T11:01:31.586651
28589401364005599,unknown,unknown,0.3,,2026-09-16T11:01:31.586651
28590050177274051,life,life_general,0.82,nhan tho,2026-09-16T11:01:31.586651
28614964891449246,unknown,unknown,0.3,,2026-09-16T11:01:31.586651
28592103027068766,unknown,unknown,0.3,,2026-09-16T11:01:31.586651
28592128593732876,unknown,unknown,0.3,,2026-09-16T11:01:31.586651
28592158037063265,unknown,unknown,0.3,,2026-09-16T11:01:31.586651
28592292227049846,health,health,0.88,suc khoe,2026-09-16T11:01:31.586651
28592294833716252,critical_illness,critical_illness,0.9,ung thu,2026-09-16T11:01:31.586651
28592386453707090,unknown,unknown,0.3,,2026-09-16T11:01:31.586651
28592587333687002,unknown,unknown,0.3,,2026-09-16T11:01:31.586651
28593002776978791,health,health,0.88,suc khoe,2026-09-16T11:01:31.586651
28593393396939729,life,life_general,0.82,nhan tho,2026-09-16T11:01:31.586651
28593879466891122,unknown,unknown,0.3,,2026-09-16T11:01:31.586651
28604354022510333,critical_illness,critical_illness,0.9,benh hiem ngheo,2026-09-16T11:01:31.586651
28604457532499982,unknown,unknown,0.3,,2026-09-16T11:01:31.586651
28604927662452969,unknown,unknown,0.3,,2026-09-16T11:01:31.586651
28594145473531188,unknown,unknown,0.3,,2026-09-16T11:01:31.586651
28594148823530853,health,health,0.88,suc khoe,2026-09-16T11:01:31.586651
28594152670197135,critical_illness,critical_illness,0.9,ung thu,2026-09-16T11:01:31.586651
28594158633529872,unknown,unknown,0.3,,2026-09-16T11:01:31.586651
28594175136861555,unknown,unknown,0.3,,2026-09-16T11:01:31.586651
28594181843527551,health,health,0.88,suc khoe,2026-09-16T11:01:31.586651
28594183430194059,critical_illness,critical_illness,0.9,ung thu,2026-09-16T11:01:31.586651
28594187176860351,unknown,unknown,0.3,,2026-09-16T11:01:31.586651
28594192766859792,unknown,unknown,0.3,,2026-09-16T11:01:31.586651
28594198230192579,unknown,unknown,0.3,,2026-09-16T11:01:31.586651
28594202363525499,unknown,unknown,0.3,,2026-09-16T11:01:31.586651
28594217840190618,unknown,unknown,0.3,,2026-09-16T11:01:31.586651
28594220206857048,unknown,unknown,0.3,,2026-09-16T11:01:31.586651
28594224376856631,unknown,unknown,0.3,,2026-09-16T11:01:31.586651
28594224630189939,unknown,unknown,0.3,,2026-09-16T11:01:31.586651
28594238280188574,unknown,unknown,0.3,,2026-09-16T11:01:31.586651
28594273886851680,unknown,unknown,0.3,,2026-09-16T11:01:31.586651
28594287056850363,life,life_general,0.82,bhnt,2026-09-16T11:01:31.586651
28594290963516639,health,health,0.88,suc khoe,2026-09-16T11:01:31.586651
28594291070183295,unknown,unknown,0.3,,2026-09-16T11:01:31.586651
28594325950179807,unknown,unknown,0.3,,2026-09-16T11:01:31.586651
28594343790178023,unknown,unknown,0.3,,2026-09-16T11:01:31.586651
28594378976841171,unknown,unknown,0.3,,2026-09-16T11:01:31.586651
28594498316829237,unknown,unknown,0.3,,2026-09-16T11:01:31.586651
28594534050158997,unknown,unknown,0.3,,2026-09-16T11:01:31.586651
28594625550149847,unknown,unknown,0.3,,2026-09-16T11:01:31.586651
28594700713475664,unknown,unknown,0.3,,2026-09-16T11:01:31.586651
28594904710121931,unknown,unknown,0.3,,2026-09-16T11:01:31.586651
28594973303448405,health,health,0.88,suc khoe,2026-09-16T11:01:31.586651
28595069986772070,critical_illness,critical_illness,0.9,ung thu,2026-09-16T11:01:31.586651
28595191710093231,health,health,0.88,suc khoe,2026-09-16T11:01:31.586651
28595302553415480,unknown,unknown,0.3,,2026-09-16T11:01:31.586651
28595368800075522,unknown,unknown,0.3,,2026-09-16T11:01:31.586651
28595605710051831,critical_illness,critical_illness,0.9,ung thu,2026-09-16T11:01:31.586651
28595907306688338,unknown,unknown,0.3,,2026-09-16T11:01:31.586651
28597783436500725,unknown,unknown,0.3,,2026-09-16T11:01:31.586651
28598719719740430,unknown,unknown,0.3,,2026-09-16T11:01:31.586651
28598838026395266,unknown,unknown,0.3,,2026-09-16T11:01:31.586651
28598908333054902,unknown,unknown,0.3,,2026-09-16T11:01:31.586651
28598968086382260,unknown,unknown,0.3,,2026-09-16T11:01:31.586651
28599038213041914,unknown,unknown,0.3,,2026-09-16T11:01:31.586651
28599094406369628,unknown,unknown,0.3,,2026-09-16T11:01:31.586651
28599605836318485,unknown,unknown,0.3,,2026-09-16T11:01:31.586651
28600010006278068,unknown,unknown,0.3,,2026-09-16T11:01:31.586651
28600954552850280,health,health,0.88,suc khoe,2026-09-16T11:01:31.586651
28601169989495403,unknown,unknown,0.3,,2026-09-16T11:01:31.586651
28601253992820336,health,health,0.88,suc khoe,2026-09-16T11:01:31.586651
28601276459484756,unknown,unknown,0.3,,2026-09-16T11:01:31.586651
28601277722817963,unknown,unknown,0.3,,2026-09-16T11:01:31.586651
28601355022810233,critical_illness,critical_illness,0.9,benh hiem ngheo,2026-09-16T11:01:31.586651
28601513572794378,car,car,0.96,o to,2026-09-16T11:01:31.586651
28601794579432944,unknown,unknown,0.3,,2026-09-16T11:01:31.586651
28602122482733487,unknown,unknown,0.3,,2026-09-16T11:01:31.586651
28603212662624469,unknown,unknown,0.3,,2026-09-16T11:01:31.586651
28604222049190197,health,health,0.88,suc khoe,2026-09-16T11:01:31.586651
28605210082424727,health,health,0.88,suc khoe,2026-09-16T11:01:31.586651
28605947489017653,unknown,unknown,0.3,,2026-09-16T11:01:31.586651
28612066101739125,life,life_general,0.82,nhan tho,2026-09-16T11:01:31.586651
28617566984522370,health,health,0.88,suc khoe,2026-09-16T11:01:31.586651
28618025834476485,unknown,unknown,0.3,,2026-09-16T11:01:31.586651
28619921600953575,unknown,unknown,0.3,,2026-09-16T11:01:31.586651
28631037519841983,unknown,unknown,0.3,,2026-09-16T11:01:31.586651
28631750439770691,unknown,unknown,0.3,,2026-09-16T11:01:31.586651
28653817227564012,unknown,unknown,0.3,,2026-09-16T11:01:31.586651
28594313270181075,health,health,0.88,suc khoe,2026-09-16T11:01:31.586651
28594315766847492,health,health,0.88,thai san,2026-09-16T11:01:31.586651
28594319276847141,critical_illness,critical_illness,0.9,ung thu,2026-09-16T11:01:31.586651
28594323730180029,health,health,0.88,thai san,2026-09-16T11:01:31.586651
28594329093512826,health,health,0.88,thai san,2026-09-16T11:01:31.586651
28594335346845534,unknown,unknown,0.3,,2026-09-16T11:01:31.586651
28594344323511303,health,health,0.88,suc khoe,2026-09-16T11:01:31.586651
28594393970173005,unknown,unknown,0.3,,2026-09-16T11:01:31.586651
28594479630164439,unknown,unknown,0.3,,2026-09-16T11:01:31.586651
28594514250160977,unknown,unknown,0.3,,2026-09-16T11:01:31.586651
28594527580159644,unknown,unknown,0.3,,2026-09-16T11:01:31.586651
28594541586824910,health,health,0.88,suc khoe,2026-09-16T11:01:31.586651
28594587336820335,unknown,unknown,0.3,,2026-09-16T11:01:31.586651
28594750846803984,health,health,0.88,thai san,2026-09-16T11:01:31.586651
28594898863455849,unknown,unknown,0.3,,2026-09-16T11:01:31.586651
28594969630115439,unknown,unknown,0.3,,2026-09-16T11:01:31.586651
28595013523444383,non_life_general,non_life_general,0.75,mic,2026-09-16T11:01:31.586651
28595040230108379,life,life_general,0.82,đóng phí,2026-09-16T11:01:31.586651
28595059950106407,unknown,unknown,0.3,,2026-09-16T11:01:31.586651
28595099373435798,critical_illness,critical_illness,0.9,ung thu,2026-09-16T11:01:31.586651
28595161310096271,unknown,unknown,0.3,,2026-09-16T11:01:31.586651
28595202270092175,unknown,unknown,0.3,,2026-09-16T11:01:31.586651
28595321886746880,unknown,unknown,0.3,,2026-09-16T11:01:31.586651
28598841786394890,unknown,unknown,0.3,,2026-09-16T11:01:31.586651
28598911989721203,unknown,unknown,0.3,,2026-09-16T11:01:31.586651
28601696949442707,unknown,unknown,0.3,,2026-09-16T11:01:31.586651
28601709436108125,unknown,unknown,0.3,,2026-09-16T11:01:31.586651
28602203399392062,non_life_general,non_life_general,0.75,pti,2026-09-16T11:01:31.586651
28602291219383280,unknown,unknown,0.3,,2026-09-16T11:01:31.586651
28605862285692840,unknown,unknown,0.3,,2026-09-16T11:01:31.586651
28619702814308787,unknown,unknown,0.3,,2026-09-16T11:01:31.586651
28627971866815215,bank_insurance,bank_insurance,0.86,vay,2026-09-16T11:01:31.586651
28600820066197062,unknown,unknown,0.3,,2026-09-16T11:01:31.586651
28600821749530227,life,life_general,0.82,nhan tho,2026-09-16T11:01:31.586651
28600824089529993,unknown,unknown,0.3,,2026-09-16T11:01:31.586651
28600824606196608,unknown,unknown,0.3,,2026-09-16T11:01:31.586651
28600826499529752,unknown,unknown,0.3,,2026-09-16T11:01:31.586651
28600828569529545,unknown,unknown,0.3,,2026-09-16T11:01:31.586651
28600829182862817,unknown,unknown,0.3,,2026-09-16T11:01:31.586651
28600617386217330,unknown,unknown,0.3,,2026-09-16T11:01:31.586651
28600629882882747,unknown,unknown,0.3,,2026-09-16T11:01:31.586651
28600647376214331,unknown,unknown,0.3,,2026-09-16T11:01:31.586651
28600683726210696,unknown,unknown,0.3,,2026-09-16T11:01:31.586651
28600686329543769,critical_illness,critical_illness,0.9,ung thu,2026-09-16T11:01:31.586651
28600757399536662,unknown,unknown,0.3,,2026-09-16T11:01:31.586651
28600854369526965,unknown,unknown,0.3,,2026-09-16T11:01:31.586651
28601075816171487,life,life_general,0.82,nhan tho,2026-09-16T11:01:31.586651
28601540312791704,bank_insurance,bank_insurance,0.86,vay,2026-09-16T11:01:31.586651
28601561022789633,unknown,unknown,0.3,,2026-09-16T11:01:31.586651
28601815109430891,critical_illness,critical_illness,0.9,ung thu,2026-09-16T11:01:31.586651
28601939716085097,unknown,unknown,0.3,,2026-09-16T11:01:31.586651
28601954252750310,unknown,unknown,0.3,,2026-09-16T11:01:31.586651
28602081226070946,health,health,0.88,suc khoe,2026-09-16T11:01:31.586651
28602266942719041,unknown,unknown,0.3,,2026-09-16T11:01:31.586651
28602431599369242,unknown,unknown,0.3,,2026-09-16T11:01:31.586651
28602675782678157,health,health,0.88,suc khoe,2026-09-16T11:01:31.586651
28603120599300342,unknown,unknown,0.3,,2026-09-16T11:01:31.586651
28603986862547049,unknown,unknown,0.3,,2026-09-16T11:01:31.586651
28604084809203921,unknown,unknown,0.3,,2026-09-16T11:01:31.586651
28604270469185355,critical_illness,critical_illness,0.9,benh hiem ngheo,2026-09-16T11:01:31.586651
28604308675848201,unknown,unknown,0.3,,2026-09-16T11:01:31.586651
28604401349172267,unknown,unknown,0.3,,2026-09-16T11:01:31.586651
28614584178153984,unknown,unknown,0.3,,2026-09-16T11:01:31.586651
28601007612844974,unknown,unknown,0.3,,2026-09-16T11:01:31.586651
28601017882843947,unknown,unknown,0.3,,2026-09-16T11:01:31.586651
28601326329479769,unknown,unknown,0.3,,2026-09-16T11:01:31.586651
28601327206146348,unknown,unknown,0.3,,2026-09-16T11:01:31.586651
28603153235963745,unknown,unknown,0.3,,2026-09-16T11:01:31.586651
28603279515951117,critical_illness,critical_illness,0.9,ung thu,2026-09-16T11:01:31.586651
28603444245934644,unknown,unknown,0.3,,2026-09-16T11:01:31.586651
28603754019237000,life,life_general,0.82,nhan tho,2026-09-16T11:01:31.586651
28604342652511470,critical_illness,critical_illness,0.9,benh hiem ngheo,2026-09-16T11:01:31.586651
28604480185831050,unknown,unknown,0.3,,2026-09-16T11:01:31.586651
28604587065820362,life,life_general,0.82,nhan tho,2026-09-16T11:01:31.586651
28606131102332625,unknown,unknown,0.3,,2026-09-16T11:01:31.586651
28610773958535006,unknown,unknown,0.3,,2026-09-16T11:01:31.586651
28615266141419121,health,health,0.88,suc khoe,2026-09-16T11:01:31.586651
28643731685239233,unknown,unknown,0.3,,2026-09-16T11:01:31.586651
28609338568678545,unknown,unknown,0.3,,2026-09-16T11:01:31.586651
28620262820919453,unknown,unknown,0.3,,2026-09-16T11:01:31.586651
28616882947924107,unknown,unknown,0.3,,2026-09-16T11:01:31.586651
28627993056813096,unknown,unknown,0.3,,2026-09-16T11:01:31.586651
28617567901188945,health,health,0.88,suc khoe,2026-09-16T11:01:31.586651
28608526605426408,unknown,unknown,0.3,,2026-09-16T11:01:31.586651
28608900075389061,unknown,unknown,0.3,,2026-09-16T11:01:31.586651
28608967758715626,unknown,unknown,0.3,,2026-09-16T11:01:31.586651
28614024494876619,health,health,0.88,suc khoe,2026-09-16T11:01:31.586651
28615939818018420,motorbike,motorbike,0.98,xe may,2026-09-16T11:01:31.586651
28617565764522492,health,health,0.88,suc khoe,2026-09-16T11:01:31.586651
28616285404650528,unknown,unknown,0.3,,2026-09-16T11:01:31.586651
28616316351314100,unknown,unknown,0.3,,2026-09-16T11:01:31.586651
28617564394522629,health,health,0.88,suc khoe,2026-09-16T11:01:31.586651
28619378444341224,unknown,unknown,0.3,,2026-09-16T11:01:31.586651
28619381204340948,unknown,unknown,0.3,,2026-09-16T11:01:31.586651
28619386247673777,unknown,unknown,0.3,,2026-09-16T11:01:31.586651
28619386611007074,health,health,0.88,suc khoe,2026-09-16T11:01:31.586651
28619386907673711,life,life_general,0.82,nhan tho,2026-09-16T11:01:31.586651
28619391197673282,unknown,unknown,0.3,,2026-09-16T11:01:31.586651
28619392114339857,unknown,unknown,0.3,,2026-09-16T11:01:31.586651
28619394681006267,unknown,unknown,0.3,,2026-09-16T11:01:31.586651
28619397147672687,unknown,unknown,0.3,,2026-09-16T11:01:31.586651
28619405694338499,unknown,unknown,0.3,,2026-09-16T11:01:31.586651
28619416561004079,unknown,unknown,0.3,,2026-09-16T11:01:31.586651
28619417444337324,unknown,unknown,0.3,,2026-09-16T11:01:31.586651
28619423781003357,unknown,unknown,0.3,,2026-09-16T11:01:31.586651
28619438411001894,unknown,unknown,0.3,,2026-09-16T11:01:31.586651
28619443167668085,unknown,unknown,0.3,,2026-09-16T11:01:31.586651
28619448161000919,unknown,unknown,0.3,,2026-09-16T11:01:31.586651
28619451074333961,unknown,unknown,0.3,,2026-09-16T11:01:31.586651
28619454084333660,unknown,unknown,0.3,,2026-09-16T11:01:31.586651
28619463374332731,unknown,unknown,0.3,,2026-09-16T11:01:31.586651
28619468240998911,life,life_general,0.82,bhnt,2026-09-16T11:01:31.586651
28619469400998795,unknown,unknown,0.3,,2026-09-16T11:01:31.586651
28619471090998626,critical_illness,critical_illness,0.9,ung thu,2026-09-16T11:01:31.586651
28619476174331451,unknown,unknown,0.3,,2026-09-16T11:01:31.586651
28619484024330666,unknown,unknown,0.3,,2026-09-16T11:01:31.586651
28619489617663440,unknown,unknown,0.3,,2026-09-16T11:01:31.586651
28619505174328551,health,health,0.88,suc khoe,2026-09-16T11:01:31.586651
28619508510994884,unknown,unknown,0.3,,2026-09-16T11:01:31.586651
28619510440994691,unknown,unknown,0.3,,2026-09-16T11:01:31.586651
28619518454327223,unknown,unknown,0.3,,2026-09-16T11:01:31.586651
28619526510993084,unknown,unknown,0.3,,2026-09-16T11:01:31.586651
28619527934326275,unknown,unknown,0.3,,2026-09-16T11:01:31.586651
28619542194324849,unknown,unknown,0.3,,2026-09-16T11:01:31.586651
28619545907657811,unknown,unknown,0.3,,2026-09-16T11:01:31.586651
28619576534321415,unknown,unknown,0.3,,2026-09-16T11:01:31.586651
28619599414319127,unknown,unknown,0.3,,2026-09-16T11:01:31.586651
28619623700983365,health,health,0.88,suc khoe,2026-09-16T11:01:31.586651
28619650934313975,unknown,unknown,0.3,,2026-09-16T11:01:31.586651
28619709840974751,health,health,0.88,noi tru,2026-09-16T11:01:31.586651
28619722544306814,unknown,unknown,0.3,,2026-09-16T11:01:31.586651
28619734284305640,unknown,unknown,0.3,,2026-09-16T11:01:31.586651
28619848800960855,unknown,unknown,0.3,,2026-09-16T11:01:31.586651
28619878260957909,unknown,unknown,0.3,,2026-09-16T11:01:31.586651
28619882240957511,unknown,unknown,0.3,,2026-09-16T11:01:31.586651
28620066494272419,unknown,unknown,0.3,,2026-09-16T11:01:31.586651
28620149427597459,unknown,unknown,0.3,,2026-09-16T11:01:31.586651
28620256014253467,health,health,0.88,suc khoe,2026-09-16T11:01:31.586651
28620260637586338,unknown,unknown,0.3,,2026-09-16T11:01:31.586651
28620270024252066,bank_insurance,bank_insurance,0.86,vay,2026-09-16T11:01:31.586651
28620320477580354,critical_illness,critical_illness,0.9,benh hiem ngheo,2026-09-16T11:01:31.586651
28620349374244131,life,universal_life,0.92,lai suat cam ket,2026-09-16T11:01:31.586651
28620551370890598,health,health,0.88,suc khoe,2026-09-16T11:01:31.586651
28620662240879511,unknown,unknown,0.3,,2026-09-16T11:01:31.586651
28620909907521411,bank_insurance,bank_insurance,0.86,the tin dung,2026-09-16T11:01:31.586651
28621015644177504,health,health,0.88,noi tru,2026-09-16T11:01:31.586651
28621085390837196,health,health,0.88,suc khoe,2026-09-16T11:01:31.586651
28621185350827200,unknown,unknown,0.3,,2026-09-16T11:01:31.586651
28621283837484018,property,property,0.92,tai san,2026-09-16T11:01:31.586651
28621543964124672,unknown,unknown,0.3,,2026-09-16T11:01:31.586651
28626044240341311,life,life_general,0.82,nhan tho,2026-09-16T11:01:31.586651
28626726826939719,unknown,unknown,0.3,,2026-09-16T11:01:31.586651
28629342663344802,unknown,unknown,0.3,,2026-09-16T11:01:31.586651
28626465350299200,unknown,unknown,0.3,,2026-09-16T11:01:31.586651
28626478263631242,unknown,unknown,0.3,,2026-09-16T11:01:31.586651
28626480580297677,unknown,unknown,0.3,,2026-09-16T11:01:31.586651
28626481480297587,unknown,unknown,0.3,,2026-09-16T11:01:31.586651
28626489556963446,bank_insurance,bank_insurance,0.86,vay,2026-09-16T11:01:31.586651
28626492966963105,unknown,unknown,0.3,,2026-09-16T11:01:31.586651
28626493583629710,unknown,unknown,0.3,,2026-09-16T11:01:31.586651
28626498536962548,bank_insurance,bank_insurance,0.86,vay,2026-09-16T11:01:31.586651
28626596816952720,life,universal_life,0.92,lien ket chung,2026-09-16T11:01:31.586651
28626603543618714,unknown,unknown,0.3,,2026-09-16T11:01:31.586651
28626612443617824,unknown,unknown,0.3,,2026-09-16T11:01:31.586651
28626616336950768,unknown,unknown,0.3,,2026-09-16T11:01:31.586651
28626746470271088,unknown,unknown,0.3,,2026-09-16T11:01:31.586651
28626953086917093,unknown,unknown,0.3,,2026-09-16T11:01:31.586651
28628017946810607,unknown,unknown,0.3,,2026-09-16T11:01:31.586651
28628446930101042,life,life_general,0.82,nhan tho,2026-09-16T11:01:31.586651
28655960277349707,unknown,unknown,0.3,,2026-09-16T11:01:31.586651
28629681336644268,unknown,unknown,0.3,,2026-09-16T11:01:31.586651
28629903859955349,unknown,unknown,0.3,,2026-09-16T11:01:31.586651
28630085249937210,unknown,unknown,0.3,,2026-09-16T11:01:31.586651
28630180989927636,non_life_general,non_life_general,0.75,mic,2026-09-16T11:01:31.586651
28630182859927449,non_life_general,non_life_general,0.75,mic,2026-09-16T11:01:31.586651
28630217549923980,unknown,unknown,0.3,,2026-09-16T11:01:31.586651
28630228759922859,unknown,unknown,0.3,,2026-09-16T11:01:31.586651
28630240179921717,health,health,0.88,suc khoe,2026-09-16T11:01:31.586651
28630685023210566,unknown,unknown,0.3,,2026-09-16T11:01:31.586651
28631119503167118,unknown,unknown,0.3,,2026-09-16T11:01:31.586651
28631369036475498,non_life_general,non_life_general,0.75,mic,2026-09-16T11:01:31.586651
28631646356447766,bank_insurance,bank_insurance,0.86,vay,2026-09-16T11:01:31.586651
28638002242478844,unknown,unknown,0.3,,2026-09-16T11:01:31.586651
28638470659098669,life,life_general,0.82,nhan tho,2026-09-16T11:01:31.586651
28639078045704597,unknown,unknown,0.3,,2026-09-16T11:01:31.586651
28640766382202430,unknown,unknown,0.3,,2026-09-16T11:01:31.586651
28643555131923555,unknown,unknown,0.3,,2026-09-16T11:01:31.586651
28644729341806134,unknown,unknown,0.3,,2026-09-16T11:01:31.586651
28646496954962706,unknown,unknown,0.3,,2026-09-16T11:01:31.586651
28646500431629025,unknown,unknown,0.3,,2026-09-16T11:01:31.586651
28651143287831406,unknown,unknown,0.3,,2026-09-16T11:01:31.586651
28651695781109490,unknown,unknown,0.3,,2026-09-16T11:01:31.586651
28643693758576359,unknown,unknown,0.3,,2026-09-16T11:01:31.586651
1745676156639708,unknown,unknown,0.3,,2026-09-16T11:01:31.586651
1745688996638424,unknown,unknown,0.3,,2026-09-16T11:01:31.586651
1745689983304992,unknown,unknown,0.3,,2026-09-16T11:01:31.586651
1745691573304833,unknown,unknown,0.3,,2026-09-16T11:01:31.586651
1745696243304366,bank_insurance,bank_insurance,0.86,vay,2026-09-16T11:01:31.586651
1745696973304293,unknown,unknown,0.3,,2026-09-16T11:01:31.586651
1745697079970949,unknown,unknown,0.3,,2026-09-16T11:01:31.586651
1745699059970751,unknown,unknown,0.3,,2026-09-16T11:01:31.586651
1745701299970527,unknown,unknown,0.3,,2026-09-16T11:01:31.586651
1745702986637025,unknown,unknown,0.3,,2026-09-16T11:01:31.586651
1745703773303613,unknown,unknown,0.3,,2026-09-16T11:01:31.586651
1745707149969942,unknown,unknown,0.3,,2026-09-16T11:01:31.586651
1745710509969606,unknown,unknown,0.3,,2026-09-16T11:01:31.586651
1745736836633640,unknown,unknown,0.3,,2026-09-16T11:01:31.586651
1745740706633253,unknown,unknown,0.3,,2026-09-16T11:01:31.586651
1745784659962191,unknown,unknown,0.3,,2026-09-16T11:01:31.586651
1745913683282622,unknown,unknown,0.3,,2026-09-16T11:01:31.586651
1745921393281851,unknown,unknown,0.3,,2026-09-16T11:01:31.586651
1746063479934309,unknown,unknown,0.3,,2026-09-16T11:01:31.586651
1746063573267633,unknown,unknown,0.3,,2026-09-16T11:01:31.586651
1746066456600678,life,life_general,0.82,nhan tho,2026-09-16T11:01:31.586651
1746092133264777,unknown,unknown,0.3,,2026-09-16T11:01:31.586651
1746108609929796,unknown,unknown,0.3,,2026-09-16T11:01:31.586651
1746114286595895,unknown,unknown,0.3,,2026-09-16T11:01:31.586651
1746136396593684,unknown,unknown,0.3,,2026-09-16T11:01:31.586651
1745672816640042,health,health,0.88,suc khoe,2026-09-16T11:01:31.586651
1745708673303123,unknown,unknown,0.3,,2026-09-16T11:01:31.586651
1745717596635564,unknown,unknown,0.3,,2026-09-16T11:01:31.586651
1745737513300239,life,life_general,0.82,bhnt,2026-09-16T11:01:31.586651
1745776999962957,health,health,0.88,suc khoe,2026-09-16T11:01:31.586651
1745783153295675,life,life_general,0.82,nhan tho,2026-09-16T11:01:31.586651
1746096019931055,unknown,unknown,0.3,,2026-09-16T11:01:31.586651
1746109299929727,health,health,0.88,suc khoe,2026-09-16T11:01:31.586651
1747477366459587,unknown,unknown,0.3,,2026-09-16T11:01:31.586651
1748462636361060,unknown,unknown,0.3,,2026-09-16T11:01:31.586651
1745670526640271,unknown,unknown,0.3,,2026-09-16T11:01:31.586651
1745670673306923,unknown,unknown,0.3,,2026-09-16T11:01:31.586651
1745670893306901,unknown,unknown,0.3,,2026-09-16T11:01:31.586651
1745684969972160,unknown,unknown,0.3,,2026-09-16T11:01:31.586651
1745695306637793,unknown,unknown,0.3,,2026-09-16T11:01:31.586651
1745706909969966,health,health,0.88,suc khoe,2026-09-16T11:01:31.586651
1745750539965603,unknown,unknown,0.3,,2026-09-16T11:01:31.586651
1745761439964513,unknown,unknown,0.3,,2026-09-16T11:01:31.586651
1745769533297037,critical_illness,critical_illness,0.9,benh hiem ngheo,2026-09-16T11:01:31.586651
1745773583296632,unknown,unknown,0.3,,2026-09-16T11:01:31.586651
1745774193296571,unknown,unknown,0.3,,2026-09-16T11:01:31.586651
1745774366629887,unknown,unknown,0.3,,2026-09-16T11:01:31.586651
1745781456629178,unknown,unknown,0.3,,2026-09-16T11:01:31.586651
1745786723295318,unknown,unknown,0.3,,2026-09-16T11:01:31.586651
1746095809931076,unknown,unknown,0.3,,2026-09-16T11:01:31.586651
1746109629929694,unknown,unknown,0.3,,2026-09-16T11:01:31.586651
1747478223126168,unknown,unknown,0.3,,2026-09-16T11:01:31.586651
1748461213027869,unknown,unknown,0.3,,2026-09-16T11:01:31.586651
1745765396630784,unknown,unknown,0.3,,2026-09-16T11:01:31.586651
1745787176628606,health,health,0.88,thai san,2026-09-16T11:01:31.586651
1745806883293302,health,health,0.88,thai san,2026-09-16T11:01:31.586651
1745812746626049,health,health,0.88,thai san,2026-09-16T11:01:31.586651
1745813433292647,unknown,unknown,0.3,,2026-09-16T11:01:31.586651
1746105036596820,unknown,unknown,0.3,,2026-09-16T11:01:31.586651
1746120356595288,unknown,unknown,0.3,,2026-09-16T11:01:31.586651
1746484919892165,unknown,unknown,0.3,,2026-09-16T11:01:31.586651
1746488949891762,health,health,0.88,suc khoe,2026-09-16T11:01:31.586651
1746493683224622,life,universal_life,0.92,lai suat cam ket,2026-09-16T11:01:31.586651
1746497033224287,health,health,0.88,noi tru,2026-09-16T11:01:31.586651
1746501156557208,life,life_general,0.82,bhnt,2026-09-16T11:01:31.586651
1746505593223431,health,health,0.88,vien phi,2026-09-16T11:01:31.586651
1746511626556161,health,health,0.88,suc khoe,2026-09-16T11:01:31.586651
1746514349889222,unknown,unknown,0.3,,2026-09-16T11:01:31.586651
1746518496555474,unknown,unknown,0.3,,2026-09-16T11:01:31.586651
1746529229887734,unknown,unknown,0.3,,2026-09-16T11:01:31.586651
1746537763220214,health,health,0.88,vien phi,2026-09-16T11:01:31.586651
1746549856552338,car,car,0.96,o to,2026-09-16T11:01:31.586651
1746554069885250,unknown,unknown,0.3,,2026-09-16T11:01:31.586651
1746576476549676,unknown,unknown,0.3,,2026-09-16T11:01:31.586651
1746591449881512,unknown,unknown,0.3,,2026-09-16T11:01:31.586651
1746654453208545,unknown,unknown,0.3,,2026-09-16T11:01:31.586651
1746718139868843,health,health,0.88,suc khoe,2026-09-16T11:01:31.586651
1746880046519319,unknown,unknown,0.3,,2026-09-16T11:01:31.586651
1746977929842864,health,health,0.88,suc khoe,2026-09-16T11:01:31.586651
1747421579798499,life,life_general,0.82,nhan tho,2026-09-16T11:01:31.586651
1747452906462033,health,health,0.88,suc khoe,2026-09-16T11:01:31.586651
1747467603127230,unknown,unknown,0.3,,2026-09-16T11:01:31.586651
1745914929949164,unknown,unknown,0.3,,2026-09-16T11:01:31.586651
1745919033282087,unknown,unknown,0.3,,2026-09-16T11:01:31.586651
1745932003280790,unknown,unknown,0.3,,2026-09-16T11:01:31.586651
1745933379947319,unknown,unknown,0.3,,2026-09-16T11:01:31.586651
1745933673280623,health,health,0.88,suc khoe,2026-09-16T11:01:31.586651
1745937373280253,health,health,0.88,suc khoe,2026-09-16T11:01:31.586651
1745974803276510,unknown,unknown,0.3,,2026-09-16T11:01:31.586651
1745978139942843,health,health,0.88,suc khoe,2026-09-16T11:01:31.586651
1745978743276116,unknown,unknown,0.3,,2026-09-16T11:01:31.586651
1745988769941780,unknown,unknown,0.3,,2026-09-16T11:01:31.586651
1746001209940536,unknown,unknown,0.3,,2026-09-16T11:01:31.586651
1746019153272075,unknown,unknown,0.3,,2026-09-16T11:01:31.586651
1746055156601808,unknown,unknown,0.3,,2026-09-16T11:01:31.586651
1746062653267725,health,health,0.88,suc khoe,2026-09-16T11:01:31.586651
1746072939933363,unknown,unknown,0.3,,2026-09-16T11:01:31.586651
1746090319931625,unknown,unknown,0.3,,2026-09-16T11:01:31.586651
1746197359920921,health,health,0.88,suc khoe,2026-09-16T11:01:31.586651
1746451583228832,health,health,0.88,suc khoe,2026-09-16T11:01:31.586651
1746656536541670,unknown,unknown,0.3,,2026-09-16T11:01:31.586651
1748227613051229,unknown,unknown,0.3,,2026-09-16T11:01:31.586651
1745910886616235,life,life_general,0.82,bhnt,2026-09-16T11:01:31.586651
1745911839949473,life,life_general,0.82,bhnt,2026-09-16T11:01:31.586651
1745912313282759,life,life_general,0.82,nhan tho,2026-09-16T11:01:31.586651
1745912689949388,life,life_general,0.82,nhan tho,2026-09-16T11:01:31.586651
1745916749948982,life,life_general,0.82,nhan tho,2026-09-16T11:01:31.586651
1745918199948837,life,life_general,0.82,nhan tho,2026-09-16T11:01:31.586651
1745920169948640,health,health,0.88,suc khoe,2026-09-16T11:01:31.586651
1745924493281541,unknown,unknown,0.3,,2026-09-16T11:01:31.586651
1745931289947528,health,health,0.88,suc khoe,2026-09-16T11:01:31.586651
1745956163278374,health,health,0.88,suc khoe,2026-09-16T11:01:31.586651
1745973289943328,life,life_general,0.82,bhnt,2026-09-16T11:01:31.586651
1745987146608609,life,life_general,0.82,nhan tho,2026-09-16T11:01:31.586651
1745987733275217,unknown,unknown,0.3,,2026-09-16T11:01:31.586651
1745996183274372,health,health,0.88,suc khoe,2026-09-16T11:01:31.586651
1746039253270065,critical_illness,critical_illness,0.9,ung thu,2026-09-16T11:01:31.586651
1746090853264905,life,life_general,0.82,bhnt,2026-09-16T11:01:31.586651
1746095143264476,unknown,unknown,0.3,,2026-09-16T11:01:31.586651
1746100086597315,unknown,unknown,0.3,,2026-09-16T11:01:31.586651
1746103096597014,unknown,unknown,0.3,,2026-09-16T11:01:31.586651
1746104809930176,unknown,unknown,0.3,,2026-09-16T11:01:31.586651
1746162836591040,unknown,unknown,0.3,,2026-09-16T11:01:31.586651
1746163766590947,unknown,unknown,0.3,,2026-09-16T11:01:31.586651
1746221566585167,critical_illness,critical_illness,0.9,ung thu,2026-09-16T11:01:31.586651
1746449513229039,health,health,0.88,suc khoe,2026-09-16T11:01:31.586651
1746450059895651,health,health,0.88,suc khoe,2026-09-16T11:01:31.586651
1746478743226116,unknown,unknown,0.3,,2026-09-16T11:01:31.586651
1746655936541730,unknown,unknown,0.3,,2026-09-16T11:01:31.586651
1747473663126624,bank_insurance,bank_insurance,0.86,vay,2026-09-16T11:01:31.586651
1748465283027462,unknown,unknown,0.3,,2026-09-16T11:01:31.586651
1749230216284302,life,life_general,0.82,bhnt,2026-09-16T11:01:31.586651
1745943679946289,critical_illness,critical_illness,0.9,ung thu,2026-09-16T11:01:31.586651
1745944016612922,unknown,unknown,0.3,,2026-09-16T11:01:31.586651
1745951283278862,life,life_general,0.82,bhnt,2026-09-16T11:01:31.586651
1745961406611183,health,health,0.88,suc khoe,2026-09-16T11:01:31.586651
1745965323277458,unknown,unknown,0.3,,2026-09-16T11:01:31.586651
1745971873276803,unknown,unknown,0.3,,2026-09-16T11:01:31.586651
1745975963276394,health,health,0.88,suc khoe,2026-09-16T11:01:31.586651
1745985416608782,unknown,unknown,0.3,,2026-09-16T11:01:31.586651
1745991493274841,health,health,0.88,suc khoe,2026-09-16T11:01:31.586651
1745992746608049,unknown,unknown,0.3,,2026-09-16T11:01:31.586651
1745997123274278,unknown,unknown,0.3,,2026-09-16T11:01:31.586651
1745998536607470,unknown,unknown,0.3,,2026-09-16T11:01:31.586651
1746002499940407,critical_illness,critical_illness,0.9,đột quỵ,2026-09-16T11:01:31.586651
1746006596606664,unknown,unknown,0.3,,2026-09-16T11:01:31.586651
1746008183273172,unknown,unknown,0.3,,2026-09-16T11:01:31.586651
1746008613273129,unknown,unknown,0.3,,2026-09-16T11:01:31.586651
1746008676606456,unknown,unknown,0.3,,2026-09-16T11:01:31.586651
1746020906605233,unknown,unknown,0.3,,2026-09-16T11:01:31.586651
1746021623271828,bank_insurance,bank_insurance,0.86,vay,2026-09-16T11:01:31.586651
1746023916604932,unknown,unknown,0.3,,2026-09-16T11:01:31.586651
1746030753270915,unknown,unknown,0.3,,2026-09-16T11:01:31.586651
1746043783269612,unknown,unknown,0.3,,2026-09-16T11:01:31.586651
1746059169934740,unknown,unknown,0.3,,2026-09-16T11:01:31.586651
1746061146601209,health,health,0.88,suc khoe,2026-09-16T11:01:31.586651
1746092839931373,unknown,unknown,0.3,,2026-09-16T11:01:31.586651
1746102479930409,unknown,unknown,0.3,,2026-09-16T11:01:31.586651
1746108096596514,unknown,unknown,0.3,,2026-09-16T11:01:31.586651
1746138593260131,unknown,unknown,0.3,,2026-09-16T11:01:31.586651
1746147429925914,unknown,unknown,0.3,,2026-09-16T11:01:31.586651
1746149473259043,unknown,unknown,0.3,,2026-09-16T11:01:31.586651
1746155686591755,unknown,unknown,0.3,,2026-09-16T11:01:31.586651
1746171163256874,unknown,unknown,0.3,,2026-09-16T11:01:31.586651
1746199113254079,critical_illness,critical_illness,0.9,ung thu,2026-09-16T11:01:31.586651
1746247446582579,unknown,unknown,0.3,,2026-09-16T11:01:31.586651
1746480529892604,health,health,0.88,suc khoe,2026-09-16T11:01:31.586651
1746482286559095,critical_illness,critical_illness,0.9,ung thu,2026-09-16T11:01:31.586651
1746499059890751,unknown,unknown,0.3,,2026-09-16T11:01:31.586651
1747510456456278,unknown,unknown,0.3,,2026-09-16T11:01:31.586651
1747549693119021,life,life_general,0.82,nhan tho,2026-09-16T11:01:31.586651
1745933699947287,unknown,unknown,0.3,,2026-09-16T11:01:31.586651
1745940906613233,health,health,0.88,suc khoe,2026-09-16T11:01:31.586651
1745976953276295,car,car,0.96,o to,2026-09-16T11:01:31.586651
1746017609938896,car,car,0.96,o to,2026-09-16T11:01:31.586651
1746063663267624,health,health,0.88,vien phi,2026-09-16T11:01:31.586651
1746077139932943,unknown,unknown,0.3,,2026-09-16T11:01:31.586651
1746085649932092,unknown,unknown,0.3,,2026-09-16T11:01:31.586651
1746089019931755,unknown,unknown,0.3,,2026-09-16T11:01:31.586651
1746116469929010,life,universal_life,0.92,lai suat cam ket,2026-09-16T11:01:31.586651
1746123576594966,unknown,unknown,0.3,,2026-09-16T11:01:31.586651
1746196113254379,health,health,0.88,suc khoe,2026-09-16T11:01:31.586651
1746451913228799,health,health,0.88,suc khoe,2026-09-16T11:01:31.586651
1746451956562128,health,health,0.88,suc khoe,2026-09-16T11:01:31.586651
1746497963224194,health,health,0.88,noi tru,2026-09-16T11:01:31.586651
1747474583126532,health,health,0.88,suc khoe,2026-09-16T11:01:31.586651
1747494886457835,health,health,0.88,suc khoe,2026-09-16T11:01:31.586651
1747516096455714,health,health,0.88,noi tru,2026-09-16T11:01:31.586651
1748218783052112,car,car,0.96,o to,2026-09-16T11:01:31.586651
1748464306360893,health,health,0.88,suc khoe,2026-09-16T11:01:31.586651
1748494896357834,critical_illness,critical_illness,0.9,ung thu,2026-09-16T11:01:31.586651
1745909909949666,unknown,unknown,0.3,,2026-09-16T11:01:31.586651
1745914583282532,unknown,unknown,0.3,,2026-09-16T11:01:31.586651
1745917859948871,unknown,unknown,0.3,,2026-09-16T11:01:31.586651
1745918859948771,unknown,unknown,0.3,,2026-09-16T11:01:31.586651
1745922373281753,unknown,unknown,0.3,,2026-09-16T11:01:31.586651
1745935436613780,bank_insurance,bank_insurance,0.86,vay,2026-09-16T11:01:31.586651
1745975123276478,unknown,unknown,0.3,,2026-09-16T11:01:31.586651
1745977999942857,unknown,unknown,0.3,,2026-09-16T11:01:31.586651
1745980353275955,unknown,unknown,0.3,,2026-09-16T11:01:31.586651
1745988359941821,health,health,0.88,thai san,2026-09-16T11:01:31.586651
1745994269941230,critical_illness,critical_illness,0.9,đột quỵ,2026-09-16T11:01:31.586651
1746054693268521,unknown,unknown,0.3,,2026-09-16T11:01:31.586651
1746094389931218,bank_insurance,bank_insurance,0.86,vay,2026-09-16T11:01:31.586651
1746651019875555,unknown,unknown,0.3,,2026-09-16T11:01:31.586651
1746654096541914,unknown,unknown,0.3,,2026-09-16T11:01:31.586651
1746685139872143,critical_illness,critical_illness,0.9,benh hiem ngheo,2026-09-16T11:01:31.586651
1746717979868859,health,health,0.88,noi tru,2026-09-16T11:01:31.586651
1745938613280129,unknown,unknown,0.3,,2026-09-16T11:01:31.586651
1745939949946662,unknown,unknown,0.3,,2026-09-16T11:01:31.586651
1745962899944367,unknown,unknown,0.3,,2026-09-16T11:01:31.586651
1745964223277568,life,life_general,0.82,bhnt,2026-09-16T11:01:31.586651
1745964463277544,unknown,unknown,0.3,,2026-09-16T11:01:31.586651
1745967319943925,life,universal_life,0.92,lai suat cam ket,2026-09-16T11:01:31.586651
1745971939943463,health,health,0.88,vien phi,2026-09-16T11:01:31.586651
1745972059943451,unknown,unknown,0.3,,2026-09-16T11:01:31.586651
1745974929943164,unknown,unknown,0.3,,2026-09-16T11:01:31.586651
1745979639942693,unknown,unknown,0.3,,2026-09-16T11:01:31.586651
1745986199942037,health,health,0.88,suc khoe,2026-09-16T11:01:31.586651
1745989076608416,unknown,unknown,0.3,,2026-09-16T11:01:31.586651
1745997556607568,health,health,0.88,suc khoe,2026-09-16T11:01:31.586651
1746064849934172,unknown,unknown,0.3,,2026-09-16T11:01:31.586651
1746071649933492,unknown,unknown,0.3,,2026-09-16T11:01:31.586651
1746090623264928,unknown,unknown,0.3,,2026-09-16T11:01:31.586651
1746131479927509,life,universal_life,0.92,lai suat cam ket,2026-09-16T11:01:31.586651
1746195589921098,health,health,0.88,suc khoe,2026-09-16T11:01:31.586651
1746452379895419,health,health,0.88,suc khoe,2026-09-16T11:01:31.586651
1746452416562082,health,health,0.88,suc khoe,2026-09-16T11:01:31.586651
1746592919881365,life,life_general,0.82,nhan tho,2026-09-16T11:01:31.586651
1747472049793452,health,health,0.88,suc khoe,2026-09-16T11:01:31.586651
1746061706601153,unknown,unknown,0.3,,2026-09-16T11:01:31.586651
1746062893267701,unknown,unknown,0.3,,2026-09-16T11:01:31.586651
1746063256600998,health,health,0.88,suc khoe,2026-09-16T11:01:31.586651
1746065569934100,unknown,unknown,0.3,,2026-09-16T11:01:31.586651
1746069879933669,unknown,unknown,0.3,,2026-09-16T11:01:31.586651
1746070119933645,health,health,0.88,suc khoe,2026-09-16T11:01:31.586651
1746071189933538,health,health,0.88,thai san,2026-09-16T11:01:31.586651
1746073229933334,health,health,0.88,vien phi,2026-09-16T11:01:31.586651
1746078949932762,health,health,0.88,thai san,2026-09-16T11:01:31.586651
1746082296599094,unknown,unknown,0.3,,2026-09-16T11:01:31.586651
1746084499932207,health,health,0.88,thai san,2026-09-16T11:01:31.586651
1746089679931689,health,health,0.88,thai san,2026-09-16T11:01:31.586651
1746097909930866,unknown,unknown,0.3,,2026-09-16T11:01:31.586651
1746128073261183,unknown,unknown,0.3,,2026-09-16T11:01:31.586651
1746158443258146,health,health,0.88,thai san,2026-09-16T11:01:31.586651
1746286459912011,health,health,0.88,suc khoe,2026-09-16T11:01:31.586651
1746399139900743,unknown,unknown,0.3,,2026-09-16T11:01:31.586651
1746407113233279,unknown,unknown,0.3,,2026-09-16T11:01:31.586651
1746445829896074,health,health,0.88,thai san,2026-09-16T11:01:31.586651
1747471083126882,health,health,0.88,thai san,2026-09-16T11:01:31.586651
1747495639791093,health,health,0.88,thai san,2026-09-16T11:01:31.586651
1748458729694784,unknown,unknown,0.3,,2026-09-16T11:01:31.586651
1749823372891653,health,health,0.88,suc khoe,2026-09-16T11:01:31.586651
1750055696201754,health,health,0.88,suc khoe,2026-09-16T11:01:31.586651
1746508273223163,non_life_general,non_life_general,0.75,mic,2026-09-16T11:01:31.586651
1746519553222035,car,car,0.96,o to,2026-09-16T11:01:31.586651
1746530663220924,unknown,unknown,0.3,,2026-09-16T11:01:31.586651
1746534029887254,unknown,unknown,0.3,,2026-09-16T11:01:31.586651
1746552009885456,unknown,unknown,0.3,,2026-09-16T11:01:31.586651
1746583203215670,unknown,unknown,0.3,,2026-09-16T11:01:31.586651
1746873216520002,non_life_general,non_life_general,0.75,mic,2026-09-16T11:01:31.586651
1746978089842848,unknown,unknown,0.3,,2026-09-16T11:01:31.586651
1747016159839041,health,health,0.88,noi tru,2026-09-16T11:01:31.586651
1747457466461577,unknown,unknown,0.3,,2026-09-16T11:01:31.586651
1747458563128134,unknown,unknown,0.3,,2026-09-16T11:01:31.586651
1747458636461460,unknown,unknown,0.3,,2026-09-16T11:01:31.586651
1747458999794757,unknown,unknown,0.3,,2026-09-16T11:01:31.586651
1747479829792674,unknown,unknown,0.3,,2026-09-16T11:01:31.586651
1748380866369237,unknown,unknown,0.3,,2026-09-16T11:01:31.586651
1746483243225666,health,health,0.88,suc khoe,2026-09-16T11:01:31.586651
1746491629891494,health,health,0.88,suc khoe,2026-09-16T11:01:31.586651
1746499369890720,unknown,unknown,0.3,,2026-09-16T11:01:31.586651
1746505106556813,health,health,0.88,suc khoe,2026-09-16T11:01:31.586651
1746506219890035,health,health,0.88,vien phi,2026-09-16T11:01:31.586651
1746509369889720,health,health,0.88,suc khoe,2026-09-16T11:01:31.586651
1746509446556379,health,health,0.88,suc khoe,2026-09-16T11:01:31.586651
1746562613217729,unknown,unknown,0.3,,2026-09-16T11:01:31.586651
1746654956541828,unknown,unknown,0.3,,2026-09-16T11:01:31.586651
1747252566482067,health,health,0.88,suc khoe,2026-09-16T11:01:31.586651
1747317183142272,health,health,0.88,suc khoe,2026-09-16T11:01:31.586651
1747416536465670,non_life_general,non_life_general,0.75,pti,2026-09-16T11:01:31.586651
1747469756460348,critical_illness,critical_illness,0.9,benh hiem ngheo,2026-09-16T11:01:31.586651
1748458376361486,unknown,unknown,0.3,,2026-09-16T11:01:31.586651
1748527853021205,unknown,unknown,0.3,,2026-09-16T11:01:31.586651
1746493989891258,car,car,0.96,o to,2026-09-16T11:01:31.586651
1746501796557144,health,health,0.88,suc khoe,2026-09-16T11:01:31.586651
1746512563222734,health,health,0.88,suc khoe,2026-09-16T11:01:31.586651
1746531489887508,unknown,unknown,0.3,,2026-09-16T11:01:31.586651
1746531926554131,unknown,unknown,0.3,,2026-09-16T11:01:31.586651
1746533163220674,critical_illness,critical_illness,0.9,ung thu,2026-09-16T11:01:31.586651
1746533786553945,unknown,unknown,0.3,,2026-09-16T11:01:31.586651
1746550503218940,car,car,0.96,o to,2026-09-16T11:01:31.586651
1746552709885386,unknown,unknown,0.3,,2026-09-16T11:01:31.586651
1746592776548046,life,universal_life,0.92,lai suat cam ket,2026-09-16T11:01:31.586651
1746600839880573,health,health,0.88,suc khoe,2026-09-16T11:01:31.586651
1746609719879685,critical_illness,critical_illness,0.9,benh hiem ngheo,2026-09-16T11:01:31.586651
1746645129876144,unknown,unknown,0.3,,2026-09-16T11:01:31.586651
1746650119875645,unknown,unknown,0.3,,2026-09-16T11:01:31.586651
1746981103175880,unknown,unknown,0.3,,2026-09-16T11:01:31.586651
1746991639841493,health,health,0.88,vien phi,2026-09-16T11:01:31.586651
1747286939811963,unknown,unknown,0.3,,2026-09-16T11:01:31.586651
1746534216553902,unknown,unknown,0.3,,2026-09-16T11:01:31.586651
1746544773219513,unknown,unknown,0.3,,2026-09-16T11:01:31.586651
1746550276552296,unknown,unknown,0.3,,2026-09-16T11:01:31.586651
1746551193218871,car,car,0.96,o to,2026-09-16T11:01:31.586651
1746556509885006,unknown,unknown,0.3,,2026-09-16T11:01:31.586651
1746655349875122,non_life_general,non_life_general,0.75,mic,2026-09-16T11:01:31.586651
1746717693202221,life,life_general,0.82,nhan tho,2026-09-16T11:01:31.586651
1746978589842798,unknown,unknown,0.3,,2026-09-16T11:01:31.586651
1747319149808742,health,health,0.88,suc khoe,2026-09-16T11:01:31.586651
1747320669808590,unknown,unknown,0.3,,2026-09-16T11:01:31.586651
1747332786474045,life,life_general,0.82,nhan tho,2026-09-16T11:01:31.586651
1747338573140133,unknown,unknown,0.3,,2026-09-16T11:01:31.586651
1747409426466381,unknown,unknown,0.3,,2026-09-16T11:01:31.586651
1747423543131636,life,life_general,0.82,nhan tho,2026-09-16T11:01:31.586651
1747426906464633,unknown,unknown,0.3,,2026-09-16T11:01:31.586651
1747452463128744,health,health,0.88,suc khoe,2026-09-16T11:01:31.586651
1747458499794807,unknown,unknown,0.3,,2026-09-16T11:01:31.586651
1748231179717539,unknown,unknown,0.3,,2026-09-16T11:01:31.586651
1748343696372954,health,health,0.88,suc khoe,2026-09-16T11:01:31.586651
1748369036370420,critical_illness,critical_illness,0.9,benh hiem ngheo,2026-09-16T11:01:31.586651
1748455266361797,unknown,unknown,0.3,,2026-09-16T11:01:31.586651
1746492616558062,life,universal_life,0.92,lai suat cam ket,2026-09-16T11:01:31.586651
1746501399890517,unknown,unknown,0.3,,2026-09-16T11:01:31.586651
1746506503223340,unknown,unknown,0.3,,2026-09-16T11:01:31.586651
1746507429889914,unknown,unknown,0.3,,2026-09-16T11:01:31.586651
1746510219889635,unknown,unknown,0.3,,2026-09-16T11:01:31.586651
1746513993222591,health,health,0.88,suc khoe,2026-09-16T11:01:31.586651
1746518233222167,unknown,unknown,0.3,,2026-09-16T11:01:31.586651
1746518653222125,critical_illness,critical_illness,0.9,benh hiem ngheo,2026-09-16T11:01:31.586651
1746528159887841,health,health,0.88,suc khoe,2026-09-16T11:01:31.586651
1746548143219176,critical_illness,critical_illness,0.9,benh hiem ngheo,2026-09-16T11:01:31.586651
1746553163218674,unknown,unknown,0.3,,2026-09-16T11:01:31.586651
1746576039883053,critical_illness,critical_illness,0.9,benh hiem ngheo,2026-09-16T11:01:31.586651
1746577389882918,critical_illness,critical_illness,0.9,benh hiem ngheo,2026-09-16T11:01:31.586651
1746578913216099,car,car,0.96,o to,2026-09-16T11:01:31.586651
1746647659875891,unknown,unknown,0.3,,2026-09-16T11:01:31.586651
1746651153208875,unknown,unknown,0.3,,2026-09-16T11:01:31.586651
1746788696528454,unknown,unknown,0.3,,2026-09-16T11:01:31.586651
1746836226523701,unknown,unknown,0.3,,2026-09-16T11:01:31.586651
1747008036506520,unknown,unknown,0.3,,2026-09-16T11:01:31.586651
1747316803142310,unknown,unknown,0.3,,2026-09-16T11:01:31.586651
1747358469804810,critical_illness,critical_illness,0.9,ung thu,2026-09-16T11:01:31.586651
1747407966466527,life,life_general,0.82,nhan tho,2026-09-16T11:01:31.586651
1747470693126921,unknown,unknown,0.3,,2026-09-16T11:01:31.586651
1747496479791009,unknown,unknown,0.3,,2026-09-16T11:01:31.586651
1747497376457586,travel,travel,0.94,du lich,2026-09-16T11:01:31.586651
1747505329790124,unknown,unknown,0.3,,2026-09-16T11:01:31.586651
1747608099779847,unknown,unknown,0.3,,2026-09-16T11:01:31.586651
1747821669758490,unknown,unknown,0.3,,2026-09-16T11:01:31.586651
1748456963028294,unknown,unknown,0.3,,2026-09-16T11:01:31.586651
1748527976354526,unknown,unknown,0.3,,2026-09-16T11:01:31.586651
1746533269887330,unknown,unknown,0.3,,2026-09-16T11:01:31.586651
1747301069810550,unknown,unknown,0.3,,2026-09-16T11:01:31.586651
1748332466374077,bank_insurance,bank_insurance,0.86,vay,2026-09-16T11:01:31.586651
1746578176549506,health,health,0.88,noi tru,2026-09-16T11:01:31.586651
1746590076548316,health,health,0.88,noi tru,2026-09-16T11:01:31.586651
1746592186548105,life,life_general,0.82,nhan tho,2026-09-16T11:01:31.586651
1746604563213534,life,life_general,0.82,bhnt,2026-09-16T11:01:31.586651
1746614123212578,health,health,0.88,suc khoe,2026-09-16T11:01:31.586651
1746626933211297,health,health,0.88,suc khoe,2026-09-16T11:01:31.586651
1746630013210989,life,life_general,0.82,nhan tho,2026-09-16T11:01:31.586651
1746651963208794,life,life_general,0.82,nhan tho,2026-09-16T11:01:31.586651
1746772909863366,unknown,unknown,0.3,,2026-09-16T11:01:31.586651
1747370559803601,life,life_general,0.82,bhnt,2026-09-16T11:01:31.586651
1747406323133358,life,life_general,0.82,nhan tho,2026-09-16T11:01:31.586651
1747427879797869,unknown,unknown,0.3,,2026-09-16T11:01:31.586651
1747457399794917,life,life_general,0.82,nhan tho,2026-09-16T11:01:31.586651
1747466336460690,car,car,0.96,o to,2026-09-16T11:01:31.586651
1749682546239069,life,life_general,0.82,bhnt,2026-09-16T11:01:31.586651
1749687422905248,life,life_general,0.82,bhnt,2026-09-16T11:01:31.586651
1749768796230444,unknown,unknown,0.3,,2026-09-16T11:01:31.586651
1749809346226389,car,car,0.96,o to,2026-09-16T11:01:31.586651
1750321606175163,health,health,0.88,suc khoe,2026-09-16T11:01:31.586651
1746598006547523,car,car,0.96,o to,2026-09-16T11:01:31.586651
1746598123214178,health,health,0.88,suc khoe,2026-09-16T11:01:31.586651
1746598149880842,health,health,0.88,thai san,2026-09-16T11:01:31.586651
1746600739880583,critical_illness,critical_illness,0.9,đột quỵ,2026-09-16T11:01:31.586651
1746607023213288,health,health,0.88,thai san,2026-09-16T11:01:31.586651
1746621649878492,unknown,unknown,0.3,,2026-09-16T11:01:31.586651
1746625069878150,health,health,0.88,thai san,2026-09-16T11:01:31.586651
1746635493210441,health,health,0.88,thai san,2026-09-16T11:01:31.586651
1746651446542179,health,health,0.88,thai san,2026-09-16T11:01:31.586651
1747237349816922,health,health,0.88,suc khoe,2026-09-16T11:01:31.586651
1747251196482204,health,health,0.88,thai san,2026-09-16T11:01:31.586651
1747332499807407,health,health,0.88,thai san,2026-09-16T11:01:31.586651
1747411579799499,car,car,0.96,o to,2026-09-16T11:01:31.586651
1748233949717262,health,health,0.88,thai san,2026-09-16T11:01:31.586651
1746650913208899,life,life_general,0.82,nhan tho,2026-09-16T11:01:31.586651
1746652419875415,critical_illness,critical_illness,0.9,đột quỵ,2026-09-16T11:01:31.586651
1746653103208680,unknown,unknown,0.3,,2026-09-16T11:01:31.586651
1746653819875275,unknown,unknown,0.3,,2026-09-16T11:01:31.586651
1746656913208299,health,health,0.88,suc khoe,2026-09-16T11:01:31.586651
1746657349874922,health,health,0.88,suc khoe,2026-09-16T11:01:31.586651
1746678143206176,health,health,0.88,suc khoe,2026-09-16T11:01:31.586651
1746681873205803,critical_illness,critical_illness,0.9,ung thu,2026-09-16T11:01:31.586651
1746686786538645,health,health,0.88,vien phi,2026-09-16T11:01:31.586651
1746704246536899,unknown,unknown,0.3,,2026-09-16T11:01:31.586651
1746713253202665,life,life_general,0.82,nhan tho,2026-09-16T11:01:31.586651
1746721673201823,unknown,unknown,0.3,,2026-09-16T11:01:31.586651
1746763229864334,critical_illness,critical_illness,0.9,ung thu,2026-09-16T11:01:31.586651
1746765226530801,life,life_general,0.82,bhnt,2026-09-16T11:01:31.586651
1746786209862036,unknown,unknown,0.3,,2026-09-16T11:01:31.586651
1746850276522296,unknown,unknown,0.3,,2026-09-16T11:01:31.586651
1746894946517829,life,universal_life,0.92,lai suat cam ket,2026-09-16T11:01:31.586651
1746924006514923,critical_illness,critical_illness,0.9,benh hiem ngheo,2026-09-16T11:01:31.586651
1747010013172989,unknown,unknown,0.3,,2026-09-16T11:01:31.586651
1747425683131422,unknown,unknown,0.3,,2026-09-16T11:01:31.586651
1747428273131163,unknown,unknown,0.3,,2026-09-16T11:01:31.586651
1747429479797709,unknown,unknown,0.3,,2026-09-16T11:01:31.586651
1747450203128970,unknown,unknown,0.3,,2026-09-16T11:01:31.586651
1747453493128641,unknown,unknown,0.3,,2026-09-16T11:01:31.586651
1747457813128209,life,life_general,0.82,nhan tho,2026-09-16T11:01:31.586651
1748214283052562,critical_illness,critical_illness,0.9,benh hiem ngheo,2026-09-16T11:01:31.586651
1748220623051928,critical_illness,critical_illness,0.9,benh hiem ngheo,2026-09-16T11:01:31.586651
1748453909695266,health,health,0.88,suc khoe,2026-09-16T11:01:31.586651
1746950876512236,unknown,unknown,0.3,,2026-09-16T11:01:31.586651
1746952656512058,unknown,unknown,0.3,,2026-09-16T11:01:31.586651
1746954413178549,unknown,unknown,0.3,,2026-09-16T11:01:31.586651
1746963049844352,health,health,0.88,vien phi,2026-09-16T11:01:31.586651
1746970856510238,unknown,unknown,0.3,,2026-09-16T11:01:31.586651
1746977016509622,unknown,unknown,0.3,,2026-09-16T11:01:31.586651
1746982866509037,unknown,unknown,0.3,,2026-09-16T11:01:31.586651
1746990469841610,health,health,0.88,vien phi,2026-09-16T11:01:31.586651
1747024756504848,unknown,unknown,0.3,,2026-09-16T11:01:31.586651
1747081543165836,unknown,unknown,0.3,,2026-09-16T11:01:31.586651
1747088023165188,life,life_general,0.82,đóng phí,2026-09-16T11:01:31.586651
1747093083164682,unknown,unknown,0.3,,2026-09-16T11:01:31.586651
1747286606478663,unknown,unknown,0.3,,2026-09-16T11:01:31.586651
1747315946475729,car,car,0.96,o to,2026-09-16T11:01:31.586651
1747326196474704,unknown,unknown,0.3,,2026-09-16T11:01:31.586651
1747338683140122,life,unit_linked,0.92,ulip,2026-09-16T11:01:31.586651
1747356823138308,car,car,0.96,o to,2026-09-16T11:01:31.586651
1747375323136458,health,health,0.88,suc khoe,2026-09-16T11:01:31.586651
1747425173131473,health,health,0.88,vien phi,2026-09-16T11:01:31.586651
1747455949795062,unknown,unknown,0.3,,2026-09-16T11:01:31.586651
1747594326447891,unknown,unknown,0.3,,2026-09-16T11:01:31.586651
1748226193051371,car,car,0.96,o to,2026-09-16T11:01:31.586651
1748232496384074,health,health,0.88,suc khoe,2026-09-16T11:01:31.586651
1748630183010972,unknown,unknown,0.3,,2026-09-16T11:01:31.586651
1748675029673154,health,health,0.88,suc khoe,2026-09-16T11:01:31.586651
1748675296339794,health,health,0.88,suc khoe,2026-09-16T11:01:31.586651
1748675563006434,health,health,0.88,suc khoe,2026-09-16T11:01:31.586651
1748675709673086,health,health,0.88,suc khoe,2026-09-16T11:01:31.586651
1746951576512166,unknown,unknown,0.3,,2026-09-16T11:01:31.586651
1746952729845384,unknown,unknown,0.3,,2026-09-16T11:01:31.586651
1746963159844341,unknown,unknown,0.3,,2026-09-16T11:01:31.586651
1746966063177384,unknown,unknown,0.3,,2026-09-16T11:01:31.586651
1746967306510593,unknown,unknown,0.3,,2026-09-16T11:01:31.586651
1746973693176621,unknown,unknown,0.3,,2026-09-16T11:01:31.586651
1746974649843192,unknown,unknown,0.3,,2026-09-16T11:01:31.586651
1746976189843038,unknown,unknown,0.3,,2026-09-16T11:01:31.586651
1746977719842885,car,car,0.96,oto,2026-09-16T11:01:31.586651
1746979903176000,unknown,unknown,0.3,,2026-09-16T11:01:31.586651
1746980573175933,unknown,unknown,0.3,,2026-09-16T11:01:31.586651
1746983529842304,unknown,unknown,0.3,,2026-09-16T11:01:31.586651
1746983599842297,life,life_general,0.82,đóng phí,2026-09-16T11:01:31.586651
1746986169842040,unknown,unknown,0.3,,2026-09-16T11:01:31.586651
1746990949841562,unknown,unknown,0.3,,2026-09-16T11:01:31.586651
1747287203145270,unknown,unknown,0.3,,2026-09-16T11:01:31.586651
1747315509809106,unknown,unknown,0.3,,2026-09-16T11:01:31.586651
1747367723137218,unknown,unknown,0.3,,2026-09-16T11:01:31.586651
1747378299802827,unknown,unknown,0.3,,2026-09-16T11:01:31.586651
1747391619801495,unknown,unknown,0.3,,2026-09-16T11:01:31.586651
1750378136169510,unknown,unknown,0.3,,2026-09-16T11:01:31.586651
1750394092834581,unknown,unknown,0.3,,2026-09-16T11:01:31.586651
1746949333179057,unknown,unknown,0.3,,2026-09-16T11:01:31.586651
1746954849845172,unknown,unknown,0.3,,2026-09-16T11:01:31.586651
1746965869844070,unknown,unknown,0.3,,2026-09-16T11:01:31.586651
1746970763176914,unknown,unknown,0.3,,2026-09-16T11:01:31.586651
1746977333176257,unknown,unknown,0.3,,2026-09-16T11:01:31.586651
1747422029798454,unknown,unknown,0.3,,2026-09-16T11:01:31.586651
1747498623124128,unknown,unknown,0.3,,2026-09-16T11:01:31.586651
1747586106448713,unknown,unknown,0.3,,2026-09-16T11:01:31.586651
1748452023028788,unknown,unknown,0.3,,2026-09-16T11:01:31.586651
1749202596287064,non_life_general,non_life_general,0.75,pvi,2026-09-16T11:01:31.586651
1747292623144728,unknown,unknown,0.3,,2026-09-16T11:01:31.586651
1747295873144403,unknown,unknown,0.3,,2026-09-16T11:01:31.586651
1747313506475973,unknown,unknown,0.3,,2026-09-16T11:01:31.586651
1747333303140660,unknown,unknown,0.3,,2026-09-16T11:01:31.586651
1747380849802572,unknown,unknown,0.3,,2026-09-16T11:01:31.586651
1747389039801753,unknown,unknown,0.3,,2026-09-16T11:01:31.586651
1747415773132413,unknown,unknown,0.3,,2026-09-16T11:01:31.586651
1747428566464467,unknown,unknown,0.3,,2026-09-16T11:01:31.586651
1748242459716411,unknown,unknown,0.3,,2026-09-16T11:01:31.586651
1746945936512730,health,health,0.88,noi tru,2026-09-16T11:01:31.586651
1746947163179274,unknown,unknown,0.3,,2026-09-16T11:01:31.586651
1746947703179220,health,health,0.88,noi tru,2026-09-16T11:01:31.586651
1746947993179191,unknown,unknown,0.3,,2026-09-16T11:01:31.586651
1746948013179189,unknown,unknown,0.3,,2026-09-16T11:01:31.586651
1746948073179183,health,health,0.88,noi tru,2026-09-16T11:01:31.586651
1746952373178753,unknown,unknown,0.3,,2026-09-16T11:01:31.586651
1746955573178433,unknown,unknown,0.3,,2026-09-16T11:01:31.586651
1746956326511691,unknown,unknown,0.3,,2026-09-16T11:01:31.586651
1746957449844912,unknown,unknown,0.3,,2026-09-16T11:01:31.586651
1746957493178241,unknown,unknown,0.3,,2026-09-16T11:01:31.586651
1746957589844898,unknown,unknown,0.3,,2026-09-16T11:01:31.586651
1746958046511519,unknown,unknown,0.3,,2026-09-16T11:01:31.586651
1746959563178034,health,health,0.88,vien phi,2026-09-16T11:01:31.586651
1746961786511145,unknown,unknown,0.3,,2026-09-16T11:01:31.586651
1746962079844449,unknown,unknown,0.3,,2026-09-16T11:01:31.586651
1746966493177341,unknown,unknown,0.3,,2026-09-16T11:01:31.586651
1746967009843956,unknown,unknown,0.3,,2026-09-16T11:01:31.586651
1746967553177235,unknown,unknown,0.3,,2026-09-16T11:01:31.586651
1746972983176692,health,health,0.88,noi tru,2026-09-16T11:01:31.586651
1746973796509944,unknown,unknown,0.3,,2026-09-16T11:01:31.586651
1746974703176520,health,health,0.88,noi tru,2026-09-16T11:01:31.586651
1746976746509649,unknown,unknown,0.3,,2026-09-16T11:01:31.586651
1746977456509578,unknown,unknown,0.3,,2026-09-16T11:01:31.586651
1746984979842159,unknown,unknown,0.3,,2026-09-16T11:01:31.586651
1746990486508275,unknown,unknown,0.3,,2026-09-16T11:01:31.586651
1746992246508099,unknown,unknown,0.3,,2026-09-16T11:01:31.586651
1746993609841296,unknown,unknown,0.3,,2026-09-16T11:01:31.586651
1746995993174391,unknown,unknown,0.3,,2026-09-16T11:01:31.586651
1746996273174363,unknown,unknown,0.3,,2026-09-16T11:01:31.586651
1747001516507172,health,health,0.88,suc khoe,2026-09-16T11:01:31.586651
1747001696507154,unknown,unknown,0.3,,2026-09-16T11:01:31.586651
1747004406506883,unknown,unknown,0.3,,2026-09-16T11:01:31.586651
1747009199839737,unknown,unknown,0.3,,2026-09-16T11:01:31.586651
1747026096504714,unknown,unknown,0.3,,2026-09-16T11:01:31.586651
1747033009837356,bank_insurance,bank_insurance,0.86,vay,2026-09-16T11:01:31.586651
1747044859836171,unknown,unknown,0.3,,2026-09-16T11:01:31.586651
1747048089835848,unknown,unknown,0.3,,2026-09-16T11:01:31.586651
1747057299834927,unknown,unknown,0.3,,2026-09-16T11:01:31.586651
1747090586498265,unknown,unknown,0.3,,2026-09-16T11:01:31.586651
1747092066498117,unknown,unknown,0.3,,2026-09-16T11:01:31.586651
1747100749830582,health,health,0.88,vien phi,2026-09-16T11:01:31.586651
1747241059816551,unknown,unknown,0.3,,2026-09-16T11:01:31.586651
1747248086482515,bank_insurance,bank_insurance,0.86,vay,2026-09-16T11:01:31.586651
1747257786481545,unknown,unknown,0.3,,2026-09-16T11:01:31.586651
1747259586481365,unknown,unknown,0.3,,2026-09-16T11:01:31.586651
1747265419814115,unknown,unknown,0.3,,2026-09-16T11:01:31.586651
1747267343147256,unknown,unknown,0.3,,2026-09-16T11:01:31.586651
1747268286480495,unknown,unknown,0.3,,2026-09-16T11:01:31.586651
1747269086480415,unknown,unknown,0.3,,2026-09-16T11:01:31.586651
1747270043146986,bank_insurance,bank_insurance,0.86,vay,2026-09-16T11:01:31.586651
1747271363146854,health,health,0.88,noi tru,2026-09-16T11:01:31.586651
1747276279813029,health,health,0.88,noi tru,2026-09-16T11:01:31.586651
1747282623145728,health,health,0.88,suc khoe,2026-09-16T11:01:31.586651
1747285089812148,unknown,unknown,0.3,,2026-09-16T11:01:31.586651
1747285159812141,unknown,unknown,0.3,,2026-09-16T11:01:31.586651
1747285249812132,unknown,unknown,0.3,,2026-09-16T11:01:31.586651
1747285693145421,unknown,unknown,0.3,,2026-09-16T11:01:31.586651
1747300073143983,unknown,unknown,0.3,,2026-09-16T11:01:31.586651
1747312579809399,unknown,unknown,0.3,,2026-09-16T11:01:31.586651
1747313786475945,health,health,0.88,suc khoe,2026-09-16T11:01:31.586651
1747315686475755,unknown,unknown,0.3,,2026-09-16T11:01:31.586651
1747318573142133,life,life_general,0.82,bhnt,2026-09-16T11:01:31.586651
1747333099807347,life,life_general,0.82,nhan tho,2026-09-16T11:01:31.586651
1747357416471582,life,life_general,0.82,nhan tho,2026-09-16T11:01:31.586651
1747383643135626,unknown,unknown,0.3,,2026-09-16T11:01:31.586651
1747394309801226,car,car,0.96,o to,2026-09-16T11:01:31.586651
1747496906457633,health,health,0.88,suc khoe,2026-09-16T11:01:31.586651
1747524459788211,health,health,0.88,noi tru,2026-09-16T11:01:31.586651
1747552509785406,bank_insurance,bank_insurance,0.86,vay,2026-09-16T11:01:31.586651
1747652599775397,unknown,unknown,0.3,,2026-09-16T11:01:31.586651
1748473056360018,unknown,unknown,0.3,,2026-09-16T11:01:31.586651
1748551433018847,unknown,unknown,0.3,,2026-09-16T11:01:31.586651
1748555486351775,unknown,unknown,0.3,,2026-09-16T11:01:31.586651
1749451052928885,unknown,unknown,0.3,,2026-09-16T11:01:31.586651
1746986066508717,bank_insurance,bank_insurance,0.86,ngan hang,2026-09-16T11:01:31.586651
1746986313175359,bank_insurance,bank_insurance,0.86,ngan hang,2026-09-16T11:01:31.586651
1746989296508394,unknown,unknown,0.3,,2026-09-16T11:01:31.586651
1746992439841413,bank_insurance,bank_insurance,0.86,ngan hang,2026-09-16T11:01:31.586651
1746992829841374,bank_insurance,bank_insurance,0.86,ngan hang,2026-09-16T11:01:31.586651
1747034043170586,unknown,unknown,0.3,,2026-09-16T11:01:31.586651
1747035636503760,bank_insurance,bank_insurance,0.86,ngan hang,2026-09-16T11:01:31.586651
1747036409837016,bank_insurance,bank_insurance,0.86,ngan hang,2026-09-16T11:01:31.586651
1747042613169729,bank_insurance,bank_insurance,0.86,ngan hang,2026-09-16T11:01:31.586651
1747046859835971,bank_insurance,bank_insurance,0.86,ngan hang,2026-09-16T11:01:31.586651
1747049333169057,unknown,unknown,0.3,,2026-09-16T11:01:31.586651
1747051876502136,unknown,unknown,0.3,,2026-09-16T11:01:31.586651
1747103253163665,life,life_general,0.82,nhan tho,2026-09-16T11:01:31.586651
1747268249813832,health,health,0.88,suc khoe,2026-09-16T11:01:31.586651
1747314956475828,bank_insurance,bank_insurance,0.86,ngan hang,2026-09-16T11:01:31.586651
1747374259803231,bank_insurance,bank_insurance,0.86,ngan hang,2026-09-16T11:01:31.586651
1747395609801096,bank_insurance,bank_insurance,0.86,ngan hang,2026-09-16T11:01:31.586651
1747404059800251,unknown,unknown,0.3,,2026-09-16T11:01:31.586651
1747311669809490,unknown,unknown,0.3,,2026-09-16T11:01:31.586651
1747460306461293,health,health,0.88,suc khoe,2026-09-16T11:01:31.586651
1747545546452769,life,life_general,0.82,nhan tho,2026-09-16T11:01:31.586651
1747546703119320,unknown,unknown,0.3,,2026-09-16T11:01:31.586651
1747546953119295,unknown,unknown,0.3,,2026-09-16T11:01:31.586651
1747291776478146,health,health,0.88,suc khoe,2026-09-16T11:01:31.586651
1747294373144553,life,life_general,0.82,nhan tho,2026-09-16T11:01:31.586651
1747295323144458,unknown,unknown,0.3,,2026-09-16T11:01:31.586651
1747295553144435,unknown,unknown,0.3,,2026-09-16T11:01:31.586651
1747296856477638,unknown,unknown,0.3,,2026-09-16T11:01:31.586651
1747299236477400,unknown,unknown,0.3,,2026-09-16T11:01:31.586651
1747302436477080,health,health,0.88,noi tru,2026-09-16T11:01:31.586651
1747302446477079,unknown,unknown,0.3,,2026-09-16T11:01:31.586651
1747302579810399,critical_illness,critical_illness,0.9,benh hiem ngheo,2026-09-16T11:01:31.586651
1747303139810343,health,health,0.88,suc khoe,2026-09-16T11:01:31.586651
1747304009810256,unknown,unknown,0.3,,2026-09-16T11:01:31.586651
1747304099810247,unknown,unknown,0.3,,2026-09-16T11:01:31.586651
1747304859810171,unknown,unknown,0.3,,2026-09-16T11:01:31.586651
1747305713143419,unknown,unknown,0.3,,2026-09-16T11:01:31.586651
1747308689809788,unknown,unknown,0.3,,2026-09-16T11:01:31.586651
1747308726476451,bank_insurance,bank_insurance,0.86,vay,2026-09-16T11:01:31.586651
1747308836476440,unknown,unknown,0.3,,2026-09-16T11:01:31.586651
1747308869809770,critical_illness,critical_illness,0.9,benh hiem ngheo,2026-09-16T11:01:31.586651
1747309289809728,unknown,unknown,0.3,,2026-09-16T11:01:31.586651
1747309733143017,health,health,0.88,suc khoe,2026-09-16T11:01:31.586651
1747317543142236,unknown,unknown,0.3,,2026-09-16T11:01:31.586651
1747317573142233,unknown,unknown,0.3,,2026-09-16T11:01:31.586651
1747317709808886,critical_illness,critical_illness,0.9,benh hiem ngheo,2026-09-16T11:01:31.586651
1747320359808621,unknown,unknown,0.3,,2026-09-16T11:01:31.586651
1747320853141905,unknown,unknown,0.3,,2026-09-16T11:01:31.586651
1747323486474975,unknown,unknown,0.3,,2026-09-16T11:01:31.586651
1747325973141393,unknown,unknown,0.3,,2026-09-16T11:01:31.586651
1747326449808012,unknown,unknown,0.3,,2026-09-16T11:01:31.586651
1747329726474351,unknown,unknown,0.3,,2026-09-16T11:01:31.586651
1747331219807535,unknown,unknown,0.3,,2026-09-16T11:01:31.586651
1747334989807158,unknown,unknown,0.3,,2026-09-16T11:01:31.586651
1747335906473733,unknown,unknown,0.3,,2026-09-16T11:01:31.586651
1747340036473320,critical_illness,critical_illness,0.9,benh hiem ngheo,2026-09-16T11:01:31.586651
1747348183139172,unknown,unknown,0.3,,2026-09-16T11:01:31.586651
1747349243139066,health,health,0.88,suc khoe,2026-09-16T11:01:31.586651
1747357219804935,car,car,0.96,o to,2026-09-16T11:01:31.586651
1747358736471450,unknown,unknown,0.3,,2026-09-16T11:01:31.586651
1747364773137513,unknown,unknown,0.3,,2026-09-16T11:01:31.586651
1747369249803732,health,health,0.88,vien phi,2026-09-16T11:01:31.586651
1747370566470267,unknown,unknown,0.3,,2026-09-16T11:01:31.586651
1747371746470149,unknown,unknown,0.3,,2026-09-16T11:01:31.586651
1747375756469748,car,car,0.96,o to,2026-09-16T11:01:31.586651
1747376779802979,health,health,0.88,suc khoe,2026-09-16T11:01:31.586651
1747389226468401,unknown,unknown,0.3,,2026-09-16T11:01:31.586651
1747426673131323,health,health,0.88,vien phi,2026-09-16T11:01:31.586651
1747436339797023,health,health,0.88,suc khoe,2026-09-16T11:01:31.586651
1747442409796416,unknown,unknown,0.3,,2026-09-16T11:01:31.586651
1747444319796225,unknown,unknown,0.3,,2026-09-16T11:01:31.586651
1747445659796091,unknown,unknown,0.3,,2026-09-16T11:01:31.586651
1747462839794373,life,life_general,0.82,nhan tho,2026-09-16T11:01:31.586651
1747577389782918,unknown,unknown,0.3,,2026-09-16T11:01:31.586651
1747579503116040,unknown,unknown,0.3,,2026-09-16T11:01:31.586651
1747588886448435,unknown,unknown,0.3,,2026-09-16T11:01:31.586651
1747622406445083,health,health,0.88,suc khoe,2026-09-16T11:01:31.586651
1747811206426203,bank_insurance,bank_insurance,0.86,vay,2026-09-16T11:01:31.586651
1747893013084689,unknown,unknown,0.3,,2026-09-16T11:01:31.586651
1748026076404716,unknown,unknown,0.3,,2026-09-16T11:01:31.586651
1748196713054319,unknown,unknown,0.3,,2026-09-16T11:01:31.586651
1748447853029205,unknown,unknown,0.3,,2026-09-16T11:01:31.586651
1749225002951490,unknown,unknown,0.3,,2026-09-16T11:01:31.586651
1751606752713315,unknown,unknown,0.3,,2026-09-16T11:01:31.586651
1747293453144645,unknown,unknown,0.3,,2026-09-16T11:01:31.586651
1747299516477372,unknown,unknown,0.3,,2026-09-16T11:01:31.586651
1747300919810565,unknown,unknown,0.3,,2026-09-16T11:01:31.586651
1747303069810350,bank_insurance,bank_insurance,0.86,vay,2026-09-16T11:01:31.586651
1747309166476407,unknown,unknown,0.3,,2026-09-16T11:01:31.586651
1747310096476314,unknown,unknown,0.3,,2026-09-16T11:01:31.586651
1747311199809537,unknown,unknown,0.3,,2026-09-16T11:01:31.586651
1747316236475700,unknown,unknown,0.3,,2026-09-16T11:01:31.586651
1747321493141841,unknown,unknown,0.3,,2026-09-16T11:01:31.586651
1747330356474288,unknown,unknown,0.3,,2026-09-16T11:01:31.586651
1747338496473474,unknown,unknown,0.3,,2026-09-16T11:01:31.586651
1747359746471349,unknown,unknown,0.3,,2026-09-16T11:01:31.586651
1747361339804523,unknown,unknown,0.3,,2026-09-16T11:01:31.586651
1747402639800393,unknown,unknown,0.3,,2026-09-16T11:01:31.586651
1747405203133470,unknown,unknown,0.3,,2026-09-16T11:01:31.586651
1747622783111712,unknown,unknown,0.3,,2026-09-16T11:01:31.586651
1747657519774905,unknown,unknown,0.3,,2026-09-16T11:01:31.586651
1747291059811551,unknown,unknown,0.3,,2026-09-16T11:01:31.586651
1747293059811351,health,health,0.88,suc khoe,2026-09-16T11:01:31.586651
1747293953144595,health,health,0.88,suc khoe,2026-09-16T11:01:31.586651
1747296866477637,unknown,unknown,0.3,,2026-09-16T11:01:31.586651
1747297536477570,life,life_general,0.82,nhan tho,2026-09-16T11:01:31.586651
1747297909810866,life,life_general,0.82,nhan tho,2026-09-16T11:01:31.586651
1747305019810155,health,health,0.88,noi tru,2026-09-16T11:01:31.586651
1747306919809965,health,health,0.88,suc khoe,2026-09-16T11:01:31.586651
1747312386476085,health,health,0.88,suc khoe,2026-09-16T11:01:31.586651
1747312419809415,health,health,0.88,suc khoe,2026-09-16T11:01:31.586651
1747315453142445,health,health,0.88,noi tru,2026-09-16T11:01:31.586651
1747318399808817,critical_illness,critical_illness,0.9,benh hiem ngheo,2026-09-16T11:01:31.586651
1747320269808630,health,health,0.88,vien phi,2026-09-16T11:01:31.586651
1747323029808354,health,health,0.88,noi tru,2026-09-16T11:01:31.586651
1747331839807473,health,health,0.88,suc khoe,2026-09-16T11:01:31.586651
1747336379807019,unknown,unknown,0.3,,2026-09-16T11:01:31.586651
1747340429806614,unknown,unknown,0.3,,2026-09-16T11:01:31.586651
1747341909806466,unknown,unknown,0.3,,2026-09-16T11:01:31.586651
1747379226469401,unknown,unknown,0.3,,2026-09-16T11:01:31.586651
1747379826469341,unknown,unknown,0.3,,2026-09-16T11:01:31.586651
1747379946469329,unknown,unknown,0.3,,2026-09-16T11:01:31.586651
1747388996468424,unknown,unknown,0.3,,2026-09-16T11:01:31.586651
1747390626468261,health,health,0.88,noi tru,2026-09-16T11:01:31.586651
1747391946468129,health,health,0.88,suc khoe,2026-09-16T11:01:31.586651
1747395193134471,car,car,0.96,o to,2026-09-16T11:01:31.586651
1747406139800043,unknown,unknown,0.3,,2026-09-16T11:01:31.586651
1747417256465598,unknown,unknown,0.3,,2026-09-16T11:01:31.586651
1747420729798584,unknown,unknown,0.3,,2026-09-16T11:01:31.586651
1747423809798276,health,health,0.88,suc khoe,2026-09-16T11:01:31.586651
1747444699796187,unknown,unknown,0.3,,2026-09-16T11:01:31.586651
1747522786455045,unknown,unknown,0.3,,2026-09-16T11:01:31.586651
1747623356444988,car,car,0.96,o to,2026-09-16T11:01:31.586651
1747657909774866,health,health,0.88,suc khoe,2026-09-16T11:01:31.586651
1747693979771259,unknown,unknown,0.3,,2026-09-16T11:01:31.586651
1748444939696163,life,universal_life,0.92,lai suat cam ket,2026-09-16T11:01:31.586651
1748449816362342,unknown,unknown,0.3,,2026-09-16T11:01:31.586651
1747295573144433,health,health,0.88,vien phi,2026-09-16T11:01:31.586651
1747295836477740,health,health,0.88,suc khoe,2026-09-16T11:01:31.586651
1747296129811044,unknown,unknown,0.3,,2026-09-16T11:01:31.586651
1747297439810913,life,life_general,0.82,bhnt,2026-09-16T11:01:31.586651
1747298199810837,life,life_general,0.82,nhan tho,2026-09-16T11:01:31.586651
1747298773144113,life,life_general,0.82,nhan tho,2026-09-16T11:01:31.586651
1747305586476765,life,life_general,0.82,đóng phí,2026-09-16T11:01:31.586651
1747308449809812,health,health,0.88,suc khoe,2026-09-16T11:01:31.586651
1747312966476027,life,life_general,0.82,bhnt,2026-09-16T11:01:31.586651
1747323543141636,health,health,0.88,suc khoe,2026-09-16T11:01:31.586651
1747328326474491,health,health,0.88,suc khoe,2026-09-16T11:01:31.586651
1747333676473956,unknown,unknown,0.3,,2026-09-16T11:01:31.586651
1747336723140318,unknown,unknown,0.3,,2026-09-16T11:01:31.586651
1747342833139707,health,health,0.88,suc khoe,2026-09-16T11:01:31.586651
1747346783139312,health,health,0.88,suc khoe,2026-09-16T11:01:31.586651
1747347456472578,health,health,0.88,noi tru,2026-09-16T11:01:31.586651
1747375633136427,unknown,unknown,0.3,,2026-09-16T11:01:31.586651
1747376933136297,unknown,unknown,0.3,,2026-09-16T11:01:31.586651
1747377466469577,unknown,unknown,0.3,,2026-09-16T11:01:31.586651
1747388786468445,non_life_general,non_life_general,0.75,pti,2026-09-16T11:01:31.586651
1747392956468028,health,health,0.88,suc khoe,2026-09-16T11:01:31.586651
1747408716466452,health,health,0.88,suc khoe,2026-09-16T11:01:31.586651
1747427209797936,health,health,0.88,suc khoe,2026-09-16T11:01:31.586651
1747613959779261,health,health,0.88,suc khoe,2026-09-16T11:01:31.586651
1747645929776064,unknown,unknown,0.3,,2026-09-16T11:01:31.586651
1747658376441486,unknown,unknown,0.3,,2026-09-16T11:01:31.586651
1747688653105125,life,universal_life,0.92,lai suat cam ket,2026-09-16T11:01:31.586651
1748451629695494,health,health,0.88,suc khoe,2026-09-16T11:01:31.586651
1747357013138289,unknown,unknown,0.3,,2026-09-16T11:01:31.586651
1747363633137627,health,health,0.88,suc khoe,2026-09-16T11:01:31.586651
1747369039803753,health,health,0.88,suc khoe,2026-09-16T11:01:31.586651
1747373229803334,health,health,0.88,suc khoe,2026-09-16T11:01:31.586651
1747374826469841,unknown,unknown,0.3,,2026-09-16T11:01:31.586651
1747376316469692,unknown,unknown,0.3,,2026-09-16T11:01:31.586651
1747392636468060,unknown,unknown,0.3,,2026-09-16T11:01:31.586651
1747407696466554,unknown,unknown,0.3,,2026-09-16T11:01:31.586651
1747465619794095,bank_insurance,bank_insurance,0.86,vay,2026-09-16T11:01:31.586651
1747541049786552,unknown,unknown,0.3,,2026-09-16T11:01:31.586651
1747621619778495,unknown,unknown,0.3,,2026-09-16T11:01:31.586651
1747466169794040,health,health,0.88,suc khoe,2026-09-16T11:01:31.586651
1747516249789032,health,health,0.88,thai san,2026-09-16T11:01:31.586651
1747551313118859,health,health,0.88,thai san,2026-09-16T11:01:31.586651
1747581439782513,unknown,unknown,0.3,,2026-09-16T11:01:31.586651
1747595183114472,health,health,0.88,suc khoe,2026-09-16T11:01:31.586651
1747630636444260,unknown,unknown,0.3,,2026-09-16T11:01:31.586651
1747681159772541,health,health,0.88,suc khoe,2026-09-16T11:01:31.586651
1747687993105191,unknown,unknown,0.3,,2026-09-16T11:01:31.586651
1747693666437957,unknown,unknown,0.3,,2026-09-16T11:01:31.586651
1748259949714662,health,health,0.88,suc khoe,2026-09-16T11:01:31.586651
1748354896371834,unknown,unknown,0.3,,2026-09-16T11:01:31.586651
1748388136368510,unknown,unknown,0.3,,2026-09-16T11:01:31.586651
1748446319696025,unknown,unknown,0.3,,2026-09-16T11:01:31.586651
1747466033127387,car,car,0.96,o to,2026-09-16T11:01:31.586651
1747466589793998,life,life_general,0.82,bhnt,2026-09-16T11:01:31.586651
1747475709793086,unknown,unknown,0.3,,2026-09-16T11:01:31.586651
1747479499792707,health,health,0.88,suc khoe,2026-09-16T11:01:31.586651
1747481646459159,health,health,0.88,noi tru,2026-09-16T11:01:31.586651
1747485119792145,health,health,0.88,vien phi,2026-09-16T11:01:31.586651
1747489039791753,unknown,unknown,0.3,,2026-09-16T11:01:31.586651
1747492973124693,health,health,0.88,suc khoe,2026-09-16T11:01:31.586651
1747498636457460,health,health,0.88,suc khoe,2026-09-16T11:01:31.586651
1747517389788918,health,health,0.88,suc khoe,2026-09-16T11:01:31.586651
1747518553122135,health,health,0.88,suc khoe,2026-09-16T11:01:31.586651
1747526889787968,health,health,0.88,noi tru,2026-09-16T11:01:31.586651
1747531796454144,health,health,0.88,suc khoe,2026-09-16T11:01:31.586651
1747581236449200,unknown,unknown,0.3,,2026-09-16T11:01:31.586651
1747656843108306,unknown,unknown,0.3,,2026-09-16T11:01:31.586651
1747669266440397,health,health,0.88,noi tru,2026-09-16T11:01:31.586651
1747681606439163,health,health,0.88,suc khoe,2026-09-16T11:01:31.586651
1747748609765796,life,life_general,0.82,nhan tho,2026-09-16T11:01:31.586651
1747466956460628,unknown,unknown,0.3,,2026-09-16T11:01:31.586651
1747467966460527,unknown,unknown,0.3,,2026-09-16T11:01:31.586651
1747468509793806,health,health,0.88,thai san,2026-09-16T11:01:31.586651
1747471186460205,health,health,0.88,thai san,2026-09-16T11:01:31.586651
1747478196459504,unknown,unknown,0.3,,2026-09-16T11:01:31.586651
1747492786458045,health,health,0.88,thai san,2026-09-16T11:01:31.586651
1747506316456692,unknown,unknown,0.3,,2026-09-16T11:01:31.586651
1747507286456595,health,health,0.88,thai san,2026-09-16T11:01:31.586651
1747517643122226,health,health,0.88,thai san,2026-09-16T11:01:31.586651
1747547039785953,health,health,0.88,thai san,2026-09-16T11:01:31.586651
1747552103118780,health,health,0.88,thai san,2026-09-16T11:01:31.586651
1747568236450500,life,life_general,0.82,nhan tho,2026-09-16T11:01:31.586651
1747569523117038,health,health,0.88,suc khoe,2026-09-16T11:01:31.586651
1747579636449360,health,health,0.88,thai san,2026-09-16T11:01:31.586651
1747590199781637,unknown,unknown,0.3,,2026-09-16T11:01:31.586651
1747656093108381,unknown,unknown,0.3,,2026-09-16T11:01:31.586651
1747663636440960,health,health,0.88,thai san,2026-09-16T11:01:31.586651
1747680756439248,health,health,0.88,thai san,2026-09-16T11:01:31.586651
1747475539793103,unknown,unknown,0.3,,2026-09-16T11:01:31.586651
1747476696459654,life,life_general,0.82,nhan tho,2026-09-16T11:01:31.586651
1747481353125855,health,health,0.88,suc khoe,2026-09-16T11:01:31.586651
1747491063124884,unknown,unknown,0.3,,2026-09-16T11:01:31.586651
1747491696458154,unknown,unknown,0.3,,2026-09-16T11:01:31.586651
1747494023124588,unknown,unknown,0.3,,2026-09-16T11:01:31.586651
1747494446457879,unknown,unknown,0.3,,2026-09-16T11:01:31.586651
1747507009789956,unknown,unknown,0.3,,2026-09-16T11:01:31.586651
1747514703122520,health,health,0.88,suc khoe,2026-09-16T11:01:31.586651
1747517196455604,bank_insurance,bank_insurance,0.86,vay,2026-09-16T11:01:31.586651
1747520193121971,unknown,unknown,0.3,,2026-09-16T11:01:31.586651
1747540836453240,unknown,unknown,0.3,,2026-09-16T11:01:31.586651
1747550263118964,health,health,0.88,suc khoe,2026-09-16T11:01:31.586651
1747570383116952,unknown,unknown,0.3,,2026-09-16T11:01:31.586651
1747570826450241,unknown,unknown,0.3,,2026-09-16T11:01:31.586651
1747608529779804,unknown,unknown,0.3,,2026-09-16T11:01:31.586651
1747615813112409,unknown,unknown,0.3,,2026-09-16T11:01:31.586651
1747617299778927,unknown,unknown,0.3,,2026-09-16T11:01:31.586651
1747617726445551,unknown,unknown,0.3,,2026-09-16T11:01:31.586651
1747623769778280,health,health,0.88,noi tru,2026-09-16T11:01:31.586651
1747634249777232,unknown,unknown,0.3,,2026-09-16T11:01:31.586651
1748471913026799,unknown,unknown,0.3,,2026-09-16T11:01:31.586651
1747510386456285,unknown,unknown,0.3,,2026-09-16T11:01:31.586651
1747524663121524,unknown,unknown,0.3,,2026-09-16T11:01:31.586651
1747533633120627,unknown,unknown,0.3,,2026-09-16T11:01:31.586651
1747534176453906,unknown,unknown,0.3,,2026-09-16T11:01:31.586651
1747555509785106,unknown,unknown,0.3,,2026-09-16T11:01:31.586651
1747558299784827,bank_insurance,bank_insurance,0.86,vay,2026-09-16T11:01:31.586651
1747567223117268,unknown,unknown,0.3,,2026-09-16T11:01:31.586651
1747575566449767,unknown,unknown,0.3,,2026-09-16T11:01:31.586651
1747585246448799,unknown,unknown,0.3,,2026-09-16T11:01:31.586651
1747601743113816,unknown,unknown,0.3,,2026-09-16T11:01:31.586651
1747655449775112,unknown,unknown,0.3,,2026-09-16T11:01:31.586651
1747721196435204,unknown,unknown,0.3,,2026-09-16T11:01:31.586651
1747784739762183,unknown,unknown,0.3,,2026-09-16T11:01:31.586651
1747884269752230,unknown,unknown,0.3,,2026-09-16T11:01:31.586651
1748112333062757,unknown,unknown,0.3,,2026-09-16T11:01:31.586651
1748129589727698,unknown,unknown,0.3,,2026-09-16T11:01:31.586651
1748129793061011,unknown,unknown,0.3,,2026-09-16T11:01:31.586651
1748143096393014,unknown,unknown,0.3,,2026-09-16T11:01:31.586651
1748185326388791,unknown,unknown,0.3,,2026-09-16T11:01:31.586651
1748214803052510,unknown,unknown,0.3,,2026-09-16T11:01:31.586651
1748253573048633,unknown,unknown,0.3,,2026-09-16T11:01:31.586651
1748255823048408,unknown,unknown,0.3,,2026-09-16T11:01:31.586651
1748373759703281,unknown,unknown,0.3,,2026-09-16T11:01:31.586651
1748386596368664,unknown,unknown,0.3,,2026-09-16T11:01:31.586651
1748670689673588,unknown,unknown,0.3,,2026-09-16T11:01:31.586651
1748970389643618,unknown,unknown,0.3,,2026-09-16T11:01:31.586651
1749411486266175,unknown,unknown,0.3,,2026-09-16T11:01:31.586651
1749414446265879,unknown,unknown,0.3,,2026-09-16T11:01:31.586651
1747690409771616,unknown,unknown,0.3,,2026-09-16T11:01:31.586651
1747694569771200,unknown,unknown,0.3,,2026-09-16T11:01:31.586651
1747694676437856,unknown,unknown,0.3,,2026-09-16T11:01:31.586651
1747696579770999,bank_insurance,bank_insurance,0.86,vay,2026-09-16T11:01:31.586651
1747706939769963,unknown,unknown,0.3,,2026-09-16T11:01:31.586651
1747712169769440,life,life_general,0.82,nhan tho,2026-09-16T11:01:31.586651
1747720589768598,unknown,unknown,0.3,,2026-09-16T11:01:31.586651
1747731366434187,unknown,unknown,0.3,,2026-09-16T11:01:31.586651
1747734103100580,unknown,unknown,0.3,,2026-09-16T11:01:31.586651
1747771576430166,life,life_general,0.82,nhan tho,2026-09-16T11:01:31.586651
1747774306429893,unknown,unknown,0.3,,2026-09-16T11:01:31.586651
1747809496426374,unknown,unknown,0.3,,2026-09-16T11:01:31.586651
1747841873089803,unknown,unknown,0.3,,2026-09-16T11:01:31.586651
1747940666413257,unknown,unknown,0.3,,2026-09-16T11:01:31.586651
1748101653063825,unknown,unknown,0.3,,2026-09-16T11:01:31.586651
1748130979727559,unknown,unknown,0.3,,2026-09-16T11:01:31.586651
1748179959722661,unknown,unknown,0.3,,2026-09-16T11:01:31.586651
1748286626378661,unknown,unknown,0.3,,2026-09-16T11:01:31.586651
1747691623104828,unknown,unknown,0.3,,2026-09-16T11:01:31.586651
1747692456438078,unknown,unknown,0.3,,2026-09-16T11:01:31.586651
1747693663104624,health,health,0.88,thai san,2026-09-16T11:01:31.586651
1747697986437525,unknown,unknown,0.3,,2026-09-16T11:01:31.586651
1747699546437369,health,health,0.88,thai san,2026-09-16T11:01:31.586651
1747699649770692,health,health,0.88,thai san,2026-09-16T11:01:31.586651
1747710113102979,health,health,0.88,thai san,2026-09-16T11:01:31.586651
1747722266435097,unknown,unknown,0.3,,2026-09-16T11:01:31.586651
1747724713101519,unknown,unknown,0.3,,2026-09-16T11:01:31.586651
1747725689768088,health,health,0.88,thai san,2026-09-16T11:01:31.586651
1747745993099391,health,health,0.88,thai san,2026-09-16T11:01:31.586651
1747879326419391,unknown,unknown,0.3,,2026-09-16T11:01:31.586651
1747938279746829,health,health,0.88,thai san,2026-09-16T11:01:31.586651
1748102663063724,unknown,unknown,0.3,,2026-09-16T11:01:31.586651
1748108106396513,health,health,0.88,thai san,2026-09-16T11:01:31.586651
1748169566390367,health,health,0.88,vien phi,2026-09-16T11:01:31.586651
1748179403056050,health,health,0.88,thai san,2026-09-16T11:01:31.586651
1748221813051809,health,health,0.88,thai san,2026-09-16T11:01:31.586651
1748235693050421,health,health,0.88,thai san,2026-09-16T11:01:31.586651
1748435239697133,unknown,unknown,0.3,,2026-09-16T11:01:31.586651
1748436699696987,unknown,unknown,0.3,,2026-09-16T11:01:31.586651
1748438753030115,unknown,unknown,0.3,,2026-09-16T11:01:31.586651
1748468679693789,unknown,unknown,0.3,,2026-09-16T11:01:31.586651
1747693206438003,car,car,0.96,o to,2026-09-16T11:01:31.586651
1747693826437941,critical_illness,critical_illness,0.9,ung thu,2026-09-16T11:01:31.586651
1747696463104344,unknown,unknown,0.3,,2026-09-16T11:01:31.586651
1747700343103956,unknown,unknown,0.3,,2026-09-16T11:01:31.586651
1747702126437111,unknown,unknown,0.3,,2026-09-16T11:01:31.586651
1747702993103691,critical_illness,critical_illness,0.9,ung thu,2026-09-16T11:01:31.586651
1747706619769995,critical_illness,critical_illness,0.9,ung thu,2026-09-16T11:01:31.586651
1747707059769951,critical_illness,critical_illness,0.9,benh hiem ngheo,2026-09-16T11:01:31.586651
1747712766436047,critical_illness,critical_illness,0.9,ung thu,2026-09-16T11:01:31.586651
1747712996436024,unknown,unknown,0.3,,2026-09-16T11:01:31.586651
1747717189768938,unknown,unknown,0.3,,2026-09-16T11:01:31.586651
1747718863102104,health,health,0.88,suc khoe,2026-09-16T11:01:31.586651
1747757696431554,critical_illness,critical_illness,0.9,đột quỵ,2026-09-16T11:01:31.586651
1747801853093805,critical_illness,critical_illness,0.9,benh hiem ngheo,2026-09-16T11:01:31.586651
1747817456425578,unknown,unknown,0.3,,2026-09-16T11:01:31.586651
1747821306425193,unknown,unknown,0.3,,2026-09-16T11:01:31.586651
1747824646424859,critical_illness,critical_illness,0.9,đột quỵ,2026-09-16T11:01:31.586651
1747942443079746,critical_illness,critical_illness,0.9,ung thu,2026-09-16T11:01:31.586651
1748085733065417,unknown,unknown,0.3,,2026-09-16T11:01:31.586651
1748237136383610,unknown,unknown,0.3,,2026-09-16T11:01:31.586651
1748239876383336,unknown,unknown,0.3,,2026-09-16T11:01:31.586651
1748244483049542,unknown,unknown,0.3,,2026-09-16T11:01:31.586651
1748247059715951,unknown,unknown,0.3,,2026-09-16T11:01:31.586651
1748420159698641,critical_illness,critical_illness,0.9,ung thu,2026-09-16T11:01:31.586651
1747694333104557,health,health,0.88,thai san,2026-09-16T11:01:31.586651
1747709126436411,car,car,0.96,o to,2026-09-16T11:01:31.586651
1747733119767345,health,health,0.88,suc khoe,2026-09-16T11:01:31.586651
1747740439766613,bank_insurance,bank_insurance,0.86,vay,2026-09-16T11:01:31.586651
1747845426422781,unknown,unknown,0.3,,2026-09-16T11:01:31.586651
1747940059746651,health,health,0.88,thai san,2026-09-16T11:01:31.586651
1748148193059171,health,health,0.88,suc khoe,2026-09-16T11:01:31.586651
1748159496391374,health,health,0.88,suc khoe,2026-09-16T11:01:31.586651
1748174743056516,health,health,0.88,thai san,2026-09-16T11:01:31.586651
1748175456389778,health,health,0.88,thai san,2026-09-16T11:01:31.586651
1748231709717486,unknown,unknown,0.3,,2026-09-16T11:01:31.586651
1748280873045903,bank_insurance,bank_insurance,0.86,vay,2026-09-16T11:01:31.586651
1748281596379164,unknown,unknown,0.3,,2026-09-16T11:01:31.586651
1748287999711857,health,health,0.88,thai san,2026-09-16T11:01:31.586651
1748289463045044,health,health,0.88,thai san,2026-09-16T11:01:31.586651
1748297816377542,unknown,unknown,0.3,,2026-09-16T11:01:31.586651
1748422966365027,life,life_general,0.82,nhan tho,2026-09-16T11:01:31.586651
1747712086436115,unknown,unknown,0.3,,2026-09-16T11:01:31.586651
1747727006434623,life,life_general,0.82,quyen loi bao hiem,2026-09-16T11:01:31.586651
1747805709760086,unknown,unknown,0.3,,2026-09-16T11:01:31.586651
1747816256425698,unknown,unknown,0.3,,2026-09-16T11:01:31.586651
1747864016420922,unknown,unknown,0.3,,2026-09-16T11:01:31.586651
1747870386420285,car,car,0.96,o to,2026-09-16T11:01:31.586651
1747938653080125,unknown,unknown,0.3,,2026-09-16T11:01:31.586651
1748435403030450,unknown,unknown,0.3,,2026-09-16T11:01:31.586651
1748436683030322,unknown,unknown,0.3,,2026-09-16T11:01:31.586651
1748456566361667,unknown,unknown,0.3,,2026-09-16T11:01:31.586651
1749275216279802,bank_insurance,bank_insurance,0.86,vay,2026-09-16T11:01:31.586651
1749394642934526,unknown,unknown,0.3,,2026-09-16T11:01:31.586651
1747690253104965,life,life_general,0.82,đóng phí,2026-09-16T11:01:31.586651
1747700183103972,bank_insurance,bank_insurance,0.86,vay,2026-09-16T11:01:31.586651
1747701683103822,unknown,unknown,0.3,,2026-09-16T11:01:31.586651
1747706779769979,health,health,0.88,suc khoe,2026-09-16T11:01:31.586651
1747711246436199,unknown,unknown,0.3,,2026-09-16T11:01:31.586651
1747712299769427,unknown,unknown,0.3,,2026-09-16T11:01:31.586651
1747712609769396,critical_illness,critical_illness,0.9,benh hiem ngheo,2026-09-16T11:01:31.586651
1747715266435797,unknown,unknown,0.3,,2026-09-16T11:01:31.586651
1747722099768447,critical_illness,critical_illness,0.9,benh hiem ngheo,2026-09-16T11:01:31.586651
1747751743098816,unknown,unknown,0.3,,2026-09-16T11:01:31.586651
1747755169765140,unknown,unknown,0.3,,2026-09-16T11:01:31.586651
1747943699746287,critical_illness,critical_illness,0.9,benh hiem ngheo,2026-09-16T11:01:31.586651
1748101806397143,unknown,unknown,0.3,,2026-09-16T11:01:31.586651
1748444909696166,unknown,unknown,0.3,,2026-09-16T11:01:31.586651
1747736619766995,unknown,unknown,0.3,,2026-09-16T11:01:31.586651
1747787389761918,bank_insurance,bank_insurance,0.86,vay,2026-09-16T11:01:31.586651
1747790033094987,unknown,unknown,0.3,,2026-09-16T11:01:31.586651
1747942869746370,unknown,unknown,0.3,,2026-09-16T11:01:31.586651
1748074226399901,unknown,unknown,0.3,,2026-09-16T11:01:31.586651
1747710559769601,unknown,unknown,0.3,,2026-09-16T11:01:31.586651
1747712679769389,unknown,unknown,0.3,,2026-09-16T11:01:31.586651
1747713159769341,unknown,unknown,0.3,,2026-09-16T11:01:31.586651
1747714493102541,health,health,0.88,vien phi,2026-09-16T11:01:31.586651
1747718989768758,unknown,unknown,0.3,,2026-09-16T11:01:31.586651
1747750893098901,health,health,0.88,suc khoe,2026-09-16T11:01:31.586651
1747753903098600,unknown,unknown,0.3,,2026-09-16T11:01:31.586651
1747764753097515,unknown,unknown,0.3,,2026-09-16T11:01:31.586651
1747768873097103,unknown,unknown,0.3,,2026-09-16T11:01:31.586651
1747796309761026,health,health,0.88,noi tru,2026-09-16T11:01:31.586651
1747798316427492,critical_illness,critical_illness,0.9,benh hiem ngheo,2026-09-16T11:01:31.586651
1747810383092952,life,life_general,0.82,bhnt,2026-09-16T11:01:31.586651
1747816643092326,health,health,0.88,vien phi,2026-09-16T11:01:31.586651
1747935076413816,unknown,unknown,0.3,,2026-09-16T11:01:31.586651
1747937626413561,health,health,0.88,vien phi,2026-09-16T11:01:31.586651
1747978376409486,car,car,0.96,o to,2026-09-16T11:01:31.586651
1748025759738081,unknown,unknown,0.3,,2026-09-16T11:01:31.586651
1748028573071133,unknown,unknown,0.3,,2026-09-16T11:01:31.586651
1748111893062801,health,health,0.88,vien phi,2026-09-16T11:01:31.586651
1748143313059659,unknown,unknown,0.3,,2026-09-16T11:01:31.586651
1748164959724161,unknown,unknown,0.3,,2026-09-16T11:01:31.586651
1748168779723779,unknown,unknown,0.3,,2026-09-16T11:01:31.586651
1748211189719538,health,health,0.88,suc khoe,2026-09-16T11:01:31.586651
1748216566385667,critical_illness,critical_illness,0.9,benh hiem ngheo,2026-09-16T11:01:31.586651
1748417246365599,unknown,unknown,0.3,,2026-09-16T11:01:31.586651
1748432729697384,health,health,0.88,noi tru,2026-09-16T11:01:31.586651
1748506189690038,unknown,unknown,0.3,,2026-09-16T11:01:31.586651
1748117769728880,unknown,unknown,0.3,,2026-09-16T11:01:31.586651
1748162166391107,unknown,unknown,0.3,,2026-09-16T11:01:31.586651
1748199686387355,unknown,unknown,0.3,,2026-09-16T11:01:31.586651
1748206363053354,health,health,0.88,thai san,2026-09-16T11:01:31.586651
1748212163052774,unknown,unknown,0.3,,2026-09-16T11:01:31.586651
1748213943052596,unknown,unknown,0.3,,2026-09-16T11:01:31.586651
1748215569719100,unknown,unknown,0.3,,2026-09-16T11:01:31.586651
1748228713051119,unknown,unknown,0.3,,2026-09-16T11:01:31.586651
1748264663047524,unknown,unknown,0.3,,2026-09-16T11:01:31.586651
1748118113062179,unknown,unknown,0.3,,2026-09-16T11:01:31.586651
1748125053061485,unknown,unknown,0.3,,2026-09-16T11:01:31.586651
1748127153061275,unknown,unknown,0.3,,2026-09-16T11:01:31.586651
1748138499726807,unknown,unknown,0.3,,2026-09-16T11:01:31.586651
1748149273059063,unknown,unknown,0.3,,2026-09-16T11:01:31.586651
1748187529721904,unknown,unknown,0.3,,2026-09-16T11:01:31.586651
1748229679717689,unknown,unknown,0.3,,2026-09-16T11:01:31.586651
1748264206380903,unknown,unknown,0.3,,2026-09-16T11:01:31.586651
1748114946395829,unknown,unknown,0.3,,2026-09-16T11:01:31.586651
1748116636395660,health,health,0.88,vien phi,2026-09-16T11:01:31.586651
1748117466395577,unknown,unknown,0.3,,2026-09-16T11:01:31.586651
1748118096395514,critical_illness,critical_illness,0.9,ung thu,2026-09-16T11:01:31.586651
1748118633062127,health,health,0.88,suc khoe,2026-09-16T11:01:31.586651
1748122239728433,health,health,0.88,suc khoe,2026-09-16T11:01:31.586651
1748123546394969,unknown,unknown,0.3,,2026-09-16T11:01:31.586651
1748123676394956,life,life_general,0.82,nhan tho,2026-09-16T11:01:31.586651
1748124819728175,health,health,0.88,suc khoe,2026-09-16T11:01:31.586651
1748128079727849,health,health,0.88,suc khoe,2026-09-16T11:01:31.586651
1748137283060262,health,health,0.88,suc khoe,2026-09-16T11:01:31.586651
1748142789726378,health,health,0.88,suc khoe,2026-09-16T11:01:31.586651
1748151126392211,health,health,0.88,suc khoe,2026-09-16T11:01:31.586651
1748157556391568,health,health,0.88,suc khoe,2026-09-16T11:01:31.586651
1748162379724419,unknown,unknown,0.3,,2026-09-16T11:01:31.586651
1748174406389883,health,health,0.88,suc khoe,2026-09-16T11:01:31.586651
1748240353049955,car,car,0.96,o to,2026-09-16T11:01:31.586651
1748262853047705,life,life_general,0.82,nhan tho,2026-09-16T11:01:31.586651
1748265203047470,unknown,unknown,0.3,,2026-09-16T11:01:31.586651
1748267366380587,car,car,0.96,o to,2026-09-16T11:01:31.586651
1748318456375478,unknown,unknown,0.3,,2026-09-16T11:01:31.586651
1748340323039958,health,health,0.88,suc khoe,2026-09-16T11:01:31.586651
1748343166373007,unknown,unknown,0.3,,2026-09-16T11:01:31.586651
1748667056340618,bank_insurance,bank_insurance,0.86,vay,2026-09-16T11:01:31.586651
1748670926340231,life,life_general,0.82,nhan tho,2026-09-16T11:01:31.586651
1748677419672915,unknown,unknown,0.3,,2026-09-16T11:01:31.586651
1748117423062248,health,health,0.88,vien phi,2026-09-16T11:01:31.586651
1748126389728018,health,health,0.88,noi tru,2026-09-16T11:01:31.586651
1748127166394607,critical_illness,critical_illness,0.9,ung thu,2026-09-16T11:01:31.586651
1748127853061205,unknown,unknown,0.3,,2026-09-16T11:01:31.586651
1748127993061191,unknown,unknown,0.3,,2026-09-16T11:01:31.586651
1748129243061066,health,health,0.88,noi tru,2026-09-16T11:01:31.586651
1748129579727699,critical_illness,critical_illness,0.9,ung thu,2026-09-16T11:01:31.586651
1748135499727107,unknown,unknown,0.3,,2026-09-16T11:01:31.586651
1748142376393086,car,car,0.96,o to,2026-09-16T11:01:31.586651
1748151129725544,unknown,unknown,0.3,,2026-09-16T11:01:31.586651
1748151423058848,critical_illness,critical_illness,0.9,ung thu,2026-09-16T11:01:31.586651
1748152696392054,unknown,unknown,0.3,,2026-09-16T11:01:31.586651
1748159036391420,unknown,unknown,0.3,,2026-09-16T11:01:31.586651
1748159586391365,unknown,unknown,0.3,,2026-09-16T11:01:31.586651
1748160599724597,health,health,0.88,noi tru,2026-09-16T11:01:31.586651
1748161149724542,unknown,unknown,0.3,,2026-09-16T11:01:31.586651
1748163349724322,health,health,0.88,vien phi,2026-09-16T11:01:31.586651
1748163819724275,critical_illness,critical_illness,0.9,benh hiem ngheo,2026-09-16T11:01:31.586651
1748167323057258,critical_illness,critical_illness,0.9,đột quỵ,2026-09-16T11:01:31.586651
1748169909723666,unknown,unknown,0.3,,2026-09-16T11:01:31.586651
1748170586390265,health,health,0.88,noi tru,2026-09-16T11:01:31.586651
1748173499723307,health,health,0.88,vien phi,2026-09-16T11:01:31.586651
1748174143056576,unknown,unknown,0.3,,2026-09-16T11:01:31.586651
1748179049722752,bank_insurance,bank_insurance,0.86,vay,2026-09-16T11:01:31.586651
1748214713052519,unknown,unknown,0.3,,2026-09-16T11:01:31.586651
1748217253052265,health,health,0.88,noi tru,2026-09-16T11:01:31.586651
1748220093051981,unknown,unknown,0.3,,2026-09-16T11:01:31.586651
1748224779718179,unknown,unknown,0.3,,2026-09-16T11:01:31.586651
1748228159717841,unknown,unknown,0.3,,2026-09-16T11:01:31.586651
1748229833051007,unknown,unknown,0.3,,2026-09-16T11:01:31.586651
1748230869717570,critical_illness,critical_illness,0.9,ung thu,2026-09-16T11:01:31.586651
1748242946383029,health,health,0.88,noi tru,2026-09-16T11:01:31.586651
1748246683049322,life,life_general,0.82,bhnt,2026-09-16T11:01:31.586651
1748257393048251,health,health,0.88,vien phi,2026-09-16T11:01:31.586651
1748258553048135,critical_illness,critical_illness,0.9,ung thu,2026-09-16T11:01:31.586651
1748278656379458,unknown,unknown,0.3,,2026-09-16T11:01:31.586651
1748279246379399,unknown,unknown,0.3,,2026-09-16T11:01:31.586651
1748279456379378,unknown,unknown,0.3,,2026-09-16T11:01:31.586651
1748298633044127,unknown,unknown,0.3,,2026-09-16T11:01:31.586651
1748304359710221,unknown,unknown,0.3,,2026-09-16T11:01:31.586651
1748382293035761,health,health,0.88,noi tru,2026-09-16T11:01:31.586651
1748415146365809,unknown,unknown,0.3,,2026-09-16T11:01:31.586651
1748442106363113,unknown,unknown,0.3,,2026-09-16T11:01:31.586651
1748446333029357,health,health,0.88,noi tru,2026-09-16T11:01:31.586651
1748451799695477,critical_illness,critical_illness,0.9,ung thu,2026-09-16T11:01:31.586651
1748490659691591,critical_illness,critical_illness,0.9,ung thu,2026-09-16T11:01:31.586651
1748688726338451,unknown,unknown,0.3,,2026-09-16T11:01:31.586651
1748689953004995,unknown,unknown,0.3,,2026-09-16T11:01:31.586651
1748941209646536,unknown,unknown,0.3,,2026-09-16T11:01:31.586651
1749550862918904,critical_illness,critical_illness,0.9,ung thu,2026-09-16T11:01:31.586651
1749555389585118,unknown,unknown,0.3,,2026-09-16T11:01:31.586651
1749556962918294,unknown,unknown,0.3,,2026-09-16T11:01:31.586651
1749557692918221,unknown,unknown,0.3,,2026-09-16T11:01:31.586651
1749597029580954,health,health,0.88,noi tru,2026-09-16T11:01:31.586651
1749598919580765,bank_insurance,bank_insurance,0.86,vay,2026-09-16T11:01:31.586651
1749712886236035,health,health,0.88,noi tru,2026-09-16T11:01:31.586651
1749713566235967,health,health,0.88,noi tru,2026-09-16T11:01:31.586651
1749812286226095,critical_illness,critical_illness,0.9,ung thu,2026-09-16T11:01:31.586651
1749853676221956,car,car,0.96,o to,2026-09-16T11:01:31.586651
1749878322886158,health,health,0.88,noi tru,2026-09-16T11:01:31.586651
1749882072885783,critical_illness,critical_illness,0.9,ung thu,2026-09-16T11:01:31.586651
1749890369551620,unknown,unknown,0.3,,2026-09-16T11:01:31.586651
1749892622884728,critical_illness,critical_illness,0.9,ung thu,2026-09-16T11:01:31.586651
1749893746217949,unknown,unknown,0.3,,2026-09-16T11:01:31.586651
1749894559551201,health,health,0.88,suc khoe,2026-09-16T11:01:31.586651
1748309129709744,unknown,unknown,0.3,,2026-09-16T11:01:31.586651
1749420539598603,unknown,unknown,0.3,,2026-09-16T11:01:31.586651
1749421819598475,unknown,unknown,0.3,,2026-09-16T11:01:31.586651
1748293139711343,unknown,unknown,0.3,,2026-09-16T11:01:31.586651
1748293353044655,critical_illness,critical_illness,0.9,ung thu,2026-09-16T11:01:31.586651
1748293953044595,unknown,unknown,0.3,,2026-09-16T11:01:31.586651
1748310813042909,car,car,0.96,o to,2026-09-16T11:01:31.586651
1748314133042577,unknown,unknown,0.3,,2026-09-16T11:01:31.586651
1748326036374720,unknown,unknown,0.3,,2026-09-16T11:01:31.586651
1748333866373937,critical_illness,critical_illness,0.9,benh hiem ngheo,2026-09-16T11:01:31.586651
1748341769706480,unknown,unknown,0.3,,2026-09-16T11:01:31.586651
1748342049706452,unknown,unknown,0.3,,2026-09-16T11:01:31.586651
1748360869704570,life,life_general,0.82,nhan tho,2026-09-16T11:01:31.586651
1748403699700287,unknown,unknown,0.3,,2026-09-16T11:01:31.586651
1748434933030497,health,health,0.88,suc khoe,2026-09-16T11:01:31.586651
1748516716355652,health,health,0.88,suc khoe,2026-09-16T11:01:31.586651
1749005902973400,unknown,unknown,0.3,,2026-09-16T11:01:31.586651
1749271819613475,unknown,unknown,0.3,,2026-09-16T11:01:31.586651
1751029869437670,unknown,unknown,0.3,,2026-09-16T11:01:31.586651
1751203869420270,unknown,unknown,0.3,,2026-09-16T11:01:31.586651
1748657383008252,unknown,unknown,0.3,,2026-09-16T11:01:31.586651
1749274842946506,unknown,unknown,0.3,,2026-09-16T11:01:31.586651
1749395972934393,critical_illness,critical_illness,0.9,benh hiem ngheo,2026-09-16T11:01:31.586651
1749574269583230,health,health,0.88,vien phi,2026-09-16T11:01:31.586651
1750090986198225,unknown,unknown,0.3,,2026-09-16T11:01:31.586651
1748302293043761,unknown,unknown,0.3,,2026-09-16T11:01:31.586651
1748303589710298,unknown,unknown,0.3,,2026-09-16T11:01:31.586651
1748303813043609,unknown,unknown,0.3,,2026-09-16T11:01:31.586651
1748305476376776,health,health,0.88,suc khoe,2026-09-16T11:01:31.586651
1748305626376761,unknown,unknown,0.3,,2026-09-16T11:01:31.586651
1748311686376155,unknown,unknown,0.3,,2026-09-16T11:01:31.586651
1748313529709304,non_life_general,non_life_general,0.75,bao minh,2026-09-16T11:01:31.586651
1748314396375884,health,health,0.88,suc khoe,2026-09-16T11:01:31.586651
1748317836375540,unknown,unknown,0.3,,2026-09-16T11:01:31.586651
1748319686375355,unknown,unknown,0.3,,2026-09-16T11:01:31.586651
1748321333041857,unknown,unknown,0.3,,2026-09-16T11:01:31.586651
1748321833041807,unknown,unknown,0.3,,2026-09-16T11:01:31.586651
1748322229708434,unknown,unknown,0.3,,2026-09-16T11:01:31.586651
1748333283040662,unknown,unknown,0.3,,2026-09-16T11:01:31.586651
1748206073053383,unknown,unknown,0.3,,2026-09-16T11:01:31.586651
1748212603052730,unknown,unknown,0.3,,2026-09-16T11:01:31.586651
1748216499719007,critical_illness,critical_illness,0.9,benh hiem ngheo,2026-09-16T11:01:31.586651
1748219329718724,unknown,unknown,0.3,,2026-09-16T11:01:31.586651
1748228409717816,unknown,unknown,0.3,,2026-09-16T11:01:31.586651
1748264939714163,unknown,unknown,0.3,,2026-09-16T11:01:31.586651
1748410029699654,unknown,unknown,0.3,,2026-09-16T11:01:31.586651
1748183966388927,unknown,unknown,0.3,,2026-09-16T11:01:31.586651
1748186263055364,unknown,unknown,0.3,,2026-09-16T11:01:31.586651
1748188313055159,unknown,unknown,0.3,,2026-09-16T11:01:31.586651
1748189529721704,unknown,unknown,0.3,,2026-09-16T11:01:31.586651
1748191143054876,bank_insurance,bank_insurance,0.86,vay,2026-09-16T11:01:31.586651
1748211766386147,unknown,unknown,0.3,,2026-09-16T11:01:31.586651
1748226016384722,unknown,unknown,0.3,,2026-09-16T11:01:31.586651
1748226159718041,unknown,unknown,0.3,,2026-09-16T11:01:31.586651
1748226819717975,unknown,unknown,0.3,,2026-09-16T11:01:31.586651
1748227483051242,unknown,unknown,0.3,,2026-09-16T11:01:31.586651
1748265423047448,unknown,unknown,0.3,,2026-09-16T11:01:31.586651
1748364163037574,unknown,unknown,0.3,,2026-09-16T11:01:31.586651
1748309549709702,unknown,unknown,0.3,,2026-09-16T11:01:31.586651
1748311913042799,car,car,0.96,o to,2026-09-16T11:01:31.586651
1748312949709362,unknown,unknown,0.3,,2026-09-16T11:01:31.586651
1748315279709129,unknown,unknown,0.3,,2026-09-16T11:01:31.586651
1748315476375776,unknown,unknown,0.3,,2026-09-16T11:01:31.586651
1748336749706982,unknown,unknown,0.3,,2026-09-16T11:01:31.586651
1748339963039994,unknown,unknown,0.3,,2026-09-16T11:01:31.586651
1748349589705698,life,life_general,0.82,bhnt,2026-09-16T11:01:31.586651
1748350969705560,bank_insurance,bank_insurance,0.86,vay,2026-09-16T11:01:31.586651
1748355556371768,unknown,unknown,0.3,,2026-09-16T11:01:31.586651
1748365396370784,unknown,unknown,0.3,,2026-09-16T11:01:31.586651
1748368943037096,unknown,unknown,0.3,,2026-09-16T11:01:31.586651
1748400773033913,bank_insurance,bank_insurance,0.86,vay,2026-09-16T11:01:31.586651
1748418836365440,unknown,unknown,0.3,,2026-09-16T11:01:31.586651
1748434309697226,unknown,unknown,0.3,,2026-09-16T11:01:31.586651
1748511213022869,unknown,unknown,0.3,,2026-09-16T11:01:31.586651
1748588269681830,unknown,unknown,0.3,,2026-09-16T11:01:31.586651
1748655999675057,unknown,unknown,0.3,,2026-09-16T11:01:31.586651
1748815639659093,unknown,unknown,0.3,,2026-09-16T11:01:31.586651
1748939199646737,unknown,unknown,0.3,,2026-09-16T11:01:31.586651
1749001846307139,unknown,unknown,0.3,,2026-09-16T11:01:31.586651
1749575009583156,unknown,unknown,0.3,,2026-09-16T11:01:31.586651
1748351716372152,unknown,unknown,0.3,,2026-09-16T11:01:31.586651
1748361383037852,unknown,unknown,0.3,,2026-09-16T11:01:31.586651
1748398026367521,unknown,unknown,0.3,,2026-09-16T11:01:31.586651
1748398353034155,unknown,unknown,0.3,,2026-09-16T11:01:31.586651
1748399419700715,unknown,unknown,0.3,,2026-09-16T11:01:31.586651
1748435859697071,health,health,0.88,suc khoe,2026-09-16T11:01:31.586651
1748436659696991,unknown,unknown,0.3,,2026-09-16T11:01:31.586651
1748553743018616,bank_insurance,bank_insurance,0.86,vay,2026-09-16T11:01:31.586651
1748558209684836,unknown,unknown,0.3,,2026-09-16T11:01:31.586651
1748638803010110,car,car,0.96,o to,2026-09-16T11:01:31.586651
1748290663044924,unknown,unknown,0.3,,2026-09-16T11:01:31.586651
1748292326378091,health,health,0.88,suc khoe,2026-09-16T11:01:31.586651
1748294666377857,health,health,0.88,suc khoe,2026-09-16T11:01:31.586651
1748296443044346,life,life_general,0.82,nhan tho,2026-09-16T11:01:31.586651
1748306309710026,health,health,0.88,vien phi,2026-09-16T11:01:31.586651
1748315046375819,unknown,unknown,0.3,,2026-09-16T11:01:31.586651
1748315399709117,car,car,0.96,o to,2026-09-16T11:01:31.586651
1748322223041768,unknown,unknown,0.3,,2026-09-16T11:01:31.586651
1748323249708332,health,health,0.88,suc khoe,2026-09-16T11:01:31.586651
1748334936373830,unknown,unknown,0.3,,2026-09-16T11:01:31.586651
1748334983040492,health,health,0.88,suc khoe,2026-09-16T11:01:31.586651
1748336949706962,unknown,unknown,0.3,,2026-09-16T11:01:31.586651
1748337203040270,unknown,unknown,0.3,,2026-09-16T11:01:31.586651
1748338803040110,health,health,0.88,suc khoe,2026-09-16T11:01:31.586651
1748362133037777,unknown,unknown,0.3,,2026-09-16T11:01:31.586651
1748364496370874,critical_illness,critical_illness,0.9,benh hiem ngheo,2026-09-16T11:01:31.586651
1748368143037176,life,life_general,0.82,bhnt,2026-09-16T11:01:31.586651
1748380479702609,unknown,unknown,0.3,,2026-09-16T11:01:31.586651
1748394033034587,health,health,0.88,noi tru,2026-09-16T11:01:31.586651
1748398356367488,life,life_general,0.82,đóng phí,2026-09-16T11:01:31.586651
1748398913034099,health,health,0.88,suc khoe,2026-09-16T11:01:31.586651
1748400386367285,life,universal_life,0.92,lai suat cam ket,2026-09-16T11:01:31.586651
1748402093033781,health,health,0.88,suc khoe,2026-09-16T11:01:31.586651
1748407753033215,health,health,0.88,suc khoe,2026-09-16T11:01:31.586651
1748408099699847,unknown,unknown,0.3,,2026-09-16T11:01:31.586651
1748412559699401,health,health,0.88,suc khoe,2026-09-16T11:01:31.586651
1748468419693815,life,life_general,0.82,bhnt,2026-09-16T11:01:31.586651
1748475003026490,critical_illness,critical_illness,0.9,ung thu,2026-09-16T11:01:31.586651
1748475863026404,unknown,unknown,0.3,,2026-09-16T11:01:31.586651
1748482639692393,unknown,unknown,0.3,,2026-09-16T11:01:31.586651
1748513759689281,health,health,0.88,suc khoe,2026-09-16T11:01:31.586651
1748526856354638,unknown,unknown,0.3,,2026-09-16T11:01:31.586651
1749005216306802,unknown,unknown,0.3,,2026-09-16T11:01:31.586651
1749033869637270,health,health,0.88,suc khoe,2026-09-16T11:01:31.586651
1749084246298899,unknown,unknown,0.3,,2026-09-16T11:01:31.586651
1749261502947840,unknown,unknown,0.3,,2026-09-16T11:01:31.586651
1749576076249716,health,health,0.88,noi tru,2026-09-16T11:01:31.586651
1748290493044941,unknown,unknown,0.3,,2026-09-16T11:01:31.586651
1748297903044200,unknown,unknown,0.3,,2026-09-16T11:01:31.586651
1748299399710717,unknown,unknown,0.3,,2026-09-16T11:01:31.586651
1748300339710623,unknown,unknown,0.3,,2026-09-16T11:01:31.586651
1748300616377262,unknown,unknown,0.3,,2026-09-16T11:01:31.586651
1748301213043869,bank_insurance,bank_insurance,0.86,vay,2026-09-16T11:01:31.586651
1748302053043785,critical_illness,critical_illness,0.9,ung thu,2026-09-16T11:01:31.586651
1748302519710405,life,life_general,0.82,quyen loi bao hiem,2026-09-16T11:01:31.586651
1748302813043709,health,health,0.88,suc khoe,2026-09-16T11:01:31.586651
1748303576376966,unknown,unknown,0.3,,2026-09-16T11:01:31.586651
1748304116376912,unknown,unknown,0.3,,2026-09-16T11:01:31.586651
1748304206376903,car,car,0.96,o to,2026-09-16T11:01:31.586651
1748304309710226,car,car,0.96,o to,2026-09-16T11:01:31.586651
1748304536376870,unknown,unknown,0.3,,2026-09-16T11:01:31.586651
1748305339710123,unknown,unknown,0.3,,2026-09-16T11:01:31.586651
1748305689710088,unknown,unknown,0.3,,2026-09-16T11:01:31.586651
1748306219710035,unknown,unknown,0.3,,2026-09-16T11:01:31.586651
1748306296376694,bank_insurance,bank_insurance,0.86,vay,2026-09-16T11:01:31.586651
1748306866376637,unknown,unknown,0.3,,2026-09-16T11:01:31.586651
1748307019709955,unknown,unknown,0.3,,2026-09-16T11:01:31.586651
1748307209709936,unknown,unknown,0.3,,2026-09-16T11:01:31.586651
1748307349709922,unknown,unknown,0.3,,2026-09-16T11:01:31.586651
1748307956376528,unknown,unknown,0.3,,2026-09-16T11:01:31.586651
1748309023043088,unknown,unknown,0.3,,2026-09-16T11:01:31.586651
1748309853043005,unknown,unknown,0.3,,2026-09-16T11:01:31.586651
1748310613042929,bank_insurance,bank_insurance,0.86,vay,2026-09-16T11:01:31.586651
1748312496376074,unknown,unknown,0.3,,2026-09-16T11:01:31.586651
1748312573042733,unknown,unknown,0.3,,2026-09-16T11:01:31.586651
1748313099709347,unknown,unknown,0.3,,2026-09-16T11:01:31.586651
1748313849709272,unknown,unknown,0.3,,2026-09-16T11:01:31.586651
1748314239709233,unknown,unknown,0.3,,2026-09-16T11:01:31.586651
1748315959709061,unknown,unknown,0.3,,2026-09-16T11:01:31.586651
1748316999708957,unknown,unknown,0.3,,2026-09-16T11:01:31.586651
1748317786375545,unknown,unknown,0.3,,2026-09-16T11:01:31.586651
1748320653041925,bank_insurance,bank_insurance,0.86,vay,2026-09-16T11:01:31.586651
1748320719708585,unknown,unknown,0.3,,2026-09-16T11:01:31.586651
1748320749708582,unknown,unknown,0.3,,2026-09-16T11:01:31.586651
1748320783041912,unknown,unknown,0.3,,2026-09-16T11:01:31.586651
1748320843041906,unknown,unknown,0.3,,2026-09-16T11:01:31.586651
1748321573041833,unknown,unknown,0.3,,2026-09-16T11:01:31.586651
1748322533041737,unknown,unknown,0.3,,2026-09-16T11:01:31.586651
1748322836375040,unknown,unknown,0.3,,2026-09-16T11:01:31.586651
1748323339708323,car,car,0.96,o to,2026-09-16T11:01:31.586651
1748323936374930,bank_insurance,bank_insurance,0.86,vay,2026-09-16T11:01:31.586651
1748324089708248,unknown,unknown,0.3,,2026-09-16T11:01:31.586651
1748326749707982,unknown,unknown,0.3,,2026-09-16T11:01:31.586651
1748326959707961,unknown,unknown,0.3,,2026-09-16T11:01:31.586651
1748328293041161,unknown,unknown,0.3,,2026-09-16T11:01:31.586651
1748338363040154,unknown,unknown,0.3,,2026-09-16T11:01:31.586651
1748338919706765,unknown,unknown,0.3,,2026-09-16T11:01:31.586651
1748339363040054,unknown,unknown,0.3,,2026-09-16T11:01:31.586651
1748339803040010,unknown,unknown,0.3,,2026-09-16T11:01:31.586651
1748339976373326,unknown,unknown,0.3,,2026-09-16T11:01:31.586651
1748340126373311,unknown,unknown,0.3,,2026-09-16T11:01:31.586651
1748344083039582,unknown,unknown,0.3,,2026-09-16T11:01:31.586651
1748344576372866,unknown,unknown,0.3,,2026-09-16T11:01:31.586651
1748344906372833,unknown,unknown,0.3,,2026-09-16T11:01:31.586651
1748345643039426,unknown,unknown,0.3,,2026-09-16T11:01:31.586651
1748364519704205,unknown,unknown,0.3,,2026-09-16T11:01:31.586651
1748378969702760,unknown,unknown,0.3,,2026-09-16T11:01:31.586651
1748381403035850,unknown,unknown,0.3,,2026-09-16T11:01:31.586651
1748382743035716,unknown,unknown,0.3,,2026-09-16T11:01:31.586651
1748383726368951,unknown,unknown,0.3,,2026-09-16T11:01:31.586651
1748385979702059,unknown,unknown,0.3,,2026-09-16T11:01:31.586651
1748387009701956,car,car,0.96,o to,2026-09-16T11:01:31.586651
1748397893034201,unknown,unknown,0.3,,2026-09-16T11:01:31.586651
1748398416367482,unknown,unknown,0.3,,2026-09-16T11:01:31.586651
1748406526366671,unknown,unknown,0.3,,2026-09-16T11:01:31.586651
1748406939699963,unknown,unknown,0.3,,2026-09-16T11:01:31.586651
1748408183033172,unknown,unknown,0.3,,2026-09-16T11:01:31.586651
1748409219699735,unknown,unknown,0.3,,2026-09-16T11:01:31.586651
1748418789698778,unknown,unknown,0.3,,2026-09-16T11:01:31.586651
1748426966364627,unknown,unknown,0.3,,2026-09-16T11:01:31.586651
1748427456364578,unknown,unknown,0.3,,2026-09-16T11:01:31.586651
1748438653030125,bank_insurance,bank_insurance,0.86,vay,2026-09-16T11:01:31.586651
1748439793030011,unknown,unknown,0.3,,2026-09-16T11:01:31.586651
1748924529648204,unknown,unknown,0.3,,2026-09-16T11:01:31.586651
1748925656314758,unknown,unknown,0.3,,2026-09-16T11:01:31.586651
1748926219648035,unknown,unknown,0.3,,2026-09-16T11:01:31.586651
1748976046309719,unknown,unknown,0.3,,2026-09-16T11:01:31.586651
1749036312970359,unknown,unknown,0.3,,2026-09-16T11:01:31.586651
1749063259634331,unknown,unknown,0.3,,2026-09-16T11:01:31.586651
1749082716299052,unknown,unknown,0.3,,2026-09-16T11:01:31.586651
1748383026369021,unknown,unknown,0.3,,2026-09-16T11:01:31.586651
1748429273031063,unknown,unknown,0.3,,2026-09-16T11:01:31.586651
1748555089685148,life,life_general,0.82,nhan tho,2026-09-16T11:01:31.586651
1748678363006154,health,health,0.88,suc khoe,2026-09-16T11:01:31.586651
1748720349668622,unknown,unknown,0.3,,2026-09-16T11:01:31.586651
1748726549668002,unknown,unknown,0.3,,2026-09-16T11:01:31.586651
1748735509667106,unknown,unknown,0.3,,2026-09-16T11:01:31.586651
1748738239666833,unknown,unknown,0.3,,2026-09-16T11:01:31.586651
1748739239666733,unknown,unknown,0.3,,2026-09-16T11:01:31.586651
1748740276333296,unknown,unknown,0.3,,2026-09-16T11:01:31.586651
1748741116333212,health,health,0.88,noi tru,2026-09-16T11:01:31.586651
1748746132999377,unknown,unknown,0.3,,2026-09-16T11:01:31.586651
1748747329665924,life,life_general,0.82,nhan tho,2026-09-16T11:01:31.586651
1748749626332361,unknown,unknown,0.3,,2026-09-16T11:01:31.586651
1748750576332266,unknown,unknown,0.3,,2026-09-16T11:01:31.586651
1749002579640399,unknown,unknown,0.3,,2026-09-16T11:01:31.586651
1749080516299272,unknown,unknown,0.3,,2026-09-16T11:01:31.586651
1749093626297961,unknown,unknown,0.3,,2026-09-16T11:01:31.586651
1749122922961698,unknown,unknown,0.3,,2026-09-16T11:01:31.586651
1749123449628312,unknown,unknown,0.3,,2026-09-16T11:01:31.586651
1749130999627557,unknown,unknown,0.3,,2026-09-16T11:01:31.586651
1749181302955860,unknown,unknown,0.3,,2026-09-16T11:01:31.586651
1749221596285164,unknown,unknown,0.3,,2026-09-16T11:01:31.586651
1749267392947251,bank_insurance,bank_insurance,0.86,vay,2026-09-16T11:01:31.586651
1749494679591189,unknown,unknown,0.3,,2026-09-16T11:01:31.586651
1749494726257851,unknown,unknown,0.3,,2026-09-16T11:01:31.586651
1749561276251196,unknown,unknown,0.3,,2026-09-16T11:01:31.586651
1750326682841322,bank_insurance,bank_insurance,0.86,vay,2026-09-16T11:01:31.586651
1748531186354205,critical_illness,critical_illness,0.9,benh hiem ngheo,2026-09-16T11:01:31.586651
1748537189686938,health,health,0.88,suc khoe,2026-09-16T11:01:31.586651
1748543636352960,critical_illness,critical_illness,0.9,đột quỵ,2026-09-16T11:01:31.586651
1748550549685602,critical_illness,critical_illness,0.9,ung thu,2026-09-16T11:01:31.586651
1748599113014079,health,health,0.88,suc khoe,2026-09-16T11:01:31.586651
1748610826346241,unknown,unknown,0.3,,2026-09-16T11:01:31.586651
1748643326342991,health,health,0.88,noi tru,2026-09-16T11:01:31.586651
1748656249675032,unknown,unknown,0.3,,2026-09-16T11:01:31.586651
1748667846340539,critical_illness,critical_illness,0.9,benh hiem ngheo,2026-09-16T11:01:31.586651
1748677989672858,critical_illness,critical_illness,0.9,ung thu,2026-09-16T11:01:31.586651
1748689373005053,unknown,unknown,0.3,,2026-09-16T11:01:31.586651
1748690479671609,unknown,unknown,0.3,,2026-09-16T11:01:31.586651
1748702853003705,critical_illness,critical_illness,0.9,benh hiem ngheo,2026-09-16T11:01:31.586651
1748753299665327,life,life_general,0.82,nhan tho,2026-09-16T11:01:31.586651
1748981509642506,health,health,0.88,suc khoe,2026-09-16T11:01:31.586651
1749006876306636,unknown,unknown,0.3,,2026-09-16T11:01:31.586651
1749086972965293,health,health,0.88,noi tru,2026-09-16T11:01:31.586651
1749272296280094,unknown,unknown,0.3,,2026-09-16T11:01:31.586651
1749272559613401,unknown,unknown,0.3,,2026-09-16T11:01:31.586651
1749337706273553,unknown,unknown,0.3,,2026-09-16T11:01:31.586651
1749572359583421,health,health,0.88,noi tru,2026-09-16T11:01:31.586651
1750091856198138,unknown,unknown,0.3,,2026-09-16T11:01:31.586651
1750092406198083,unknown,unknown,0.3,,2026-09-16T11:01:31.586651
1748574956349828,unknown,unknown,0.3,,2026-09-16T11:01:31.586651
1748580113015979,critical_illness,critical_illness,0.9,đột quỵ,2026-09-16T11:01:31.586651
1748685503005440,unknown,unknown,0.3,,2026-09-16T11:01:31.586651
1748708563003134,unknown,unknown,0.3,,2026-09-16T11:01:31.586651
1748727079667949,unknown,unknown,0.3,,2026-09-16T11:01:31.586651
1748749276332396,non_life_general,non_life_general,0.75,mic,2026-09-16T11:01:31.586651
1749274499613207,health,health,0.88,suc khoe,2026-09-16T11:01:31.586651
1749451789595478,unknown,unknown,0.3,,2026-09-16T11:01:31.586651
1750329656174358,life,life_general,0.82,nhan tho,2026-09-16T11:01:31.586651
1748591763014814,health,health,0.88,suc khoe,2026-09-16T11:01:31.586651
1748644779676179,health,health,0.88,suc khoe,2026-09-16T11:01:31.586651
1748659566341367,unknown,unknown,0.3,,2026-09-16T11:01:31.586651
1748663273007663,life,life_general,0.82,nhan tho,2026-09-16T11:01:31.586651
1748665389674118,unknown,unknown,0.3,,2026-09-16T11:01:31.586651
1748674176339906,unknown,unknown,0.3,,2026-09-16T11:01:31.586651
1748754002998590,health,health,0.88,noi tru,2026-09-16T11:01:31.586651
1749074859633171,unknown,unknown,0.3,,2026-09-16T11:01:31.586651
1749075719633085,unknown,unknown,0.3,,2026-09-16T11:01:31.586651
1749221206285203,unknown,unknown,0.3,,2026-09-16T11:01:31.586651
1749247469615910,unknown,unknown,0.3,,2026-09-16T11:01:31.586651
1749263669614290,unknown,unknown,0.3,,2026-09-16T11:01:31.586651
1749267719613885,life,life_general,0.82,nhan tho,2026-09-16T11:01:31.586651
1749335149607142,unknown,unknown,0.3,,2026-09-16T11:01:31.586651
1749403396266984,unknown,unknown,0.3,,2026-09-16T11:01:31.586651
1749575866249737,health,health,0.88,suc khoe,2026-09-16T11:01:31.586651
1749801242893866,car,car,0.96,o to,2026-09-16T11:01:31.586651
1749875312886459,life,life_general,0.82,bhnt,2026-09-16T11:01:31.586651
1749921346215189,unknown,unknown,0.3,,2026-09-16T11:01:31.586651
1750087332865257,unknown,unknown,0.3,,2026-09-16T11:01:31.586651
1748528229687834,health,health,0.88,noi tru,2026-09-16T11:01:31.586651
1748530403020950,health,health,0.88,noi tru,2026-09-16T11:01:31.586651
1748534553020535,unknown,unknown,0.3,,2026-09-16T11:01:31.586651
1748536299687027,health,health,0.88,vien phi,2026-09-16T11:01:31.586651
1748536769686980,unknown,unknown,0.3,,2026-09-16T11:01:31.586651
1748539209686736,health,health,0.88,noi tru,2026-09-16T11:01:31.586651
1748543639686293,health,health,0.88,noi tru,2026-09-16T11:01:31.586651
1748544606352863,health,health,0.88,noi tru,2026-09-16T11:01:31.586651
1748547239685933,health,health,0.88,noi tru,2026-09-16T11:01:31.586651
1748550419685615,unknown,unknown,0.3,,2026-09-16T11:01:31.586651
1748551499685507,health,health,0.88,noi tru,2026-09-16T11:01:31.586651
1748553853018605,health,health,0.88,noi tru,2026-09-16T11:01:31.586651
1748566383017352,unknown,unknown,0.3,,2026-09-16T11:01:31.586651
1748567136350610,unknown,unknown,0.3,,2026-09-16T11:01:31.586651
1748569159683741,health,health,0.88,noi tru,2026-09-16T11:01:31.586651
1748569626350361,unknown,unknown,0.3,,2026-09-16T11:01:31.586651
1748572943016696,unknown,unknown,0.3,,2026-09-16T11:01:31.586651
1748575623016428,unknown,unknown,0.3,,2026-09-16T11:01:31.586651
1748577529682904,unknown,unknown,0.3,,2026-09-16T11:01:31.586651
1748584486348875,unknown,unknown,0.3,,2026-09-16T11:01:31.586651
1748585869682070,health,health,0.88,noi tru,2026-09-16T11:01:31.586651
1748594143014576,health,health,0.88,noi tru,2026-09-16T11:01:31.586651
1748594733014517,health,health,0.88,noi tru,2026-09-16T11:01:31.586651
1748595319681125,health,health,0.88,noi tru,2026-09-16T11:01:31.586651
1748630466344277,unknown,unknown,0.3,,2026-09-16T11:01:31.586651
1748652406342083,car,car,0.96,o to,2026-09-16T11:01:31.586651
1748664923007498,unknown,unknown,0.3,,2026-09-16T11:01:31.586651
1748667313007259,life,life_general,0.82,nhan tho,2026-09-16T11:01:31.586651
1748673449673312,health,health,0.88,noi tru,2026-09-16T11:01:31.586651
1748755412998449,health,health,0.88,noi tru,2026-09-16T11:01:31.586651
1748966782977312,health,health,0.88,noi tru,2026-09-16T11:01:31.586651
1748998836307440,health,health,0.88,noi tru,2026-09-16T11:01:31.586651
1749000186307305,unknown,unknown,0.3,,2026-09-16T11:01:31.586651
1749273559613301,unknown,unknown,0.3,,2026-09-16T11:01:31.586651
1749274246279899,health,health,0.88,noi tru,2026-09-16T11:01:31.586651
1749290416278282,health,health,0.88,noi tru,2026-09-16T11:01:31.586651
1749334429607214,critical_illness,critical_illness,0.9,benh hiem ngheo,2026-09-16T11:01:31.586651
1749570642916926,health,health,0.88,noi tru,2026-09-16T11:01:31.586651
1750322806175043,health,health,0.88,noi tru,2026-09-16T11:01:31.586651
1748522213021769,unknown,unknown,0.3,,2026-09-16T11:01:31.586651
1748522503021740,unknown,unknown,0.3,,2026-09-16T11:01:31.586651
1748534176353906,unknown,unknown,0.3,,2026-09-16T11:01:31.586651
1748534736353850,unknown,unknown,0.3,,2026-09-16T11:01:31.586651
1748561729684484,unknown,unknown,0.3,,2026-09-16T11:01:31.586651
1748640859676571,unknown,unknown,0.3,,2026-09-16T11:01:31.586651
1748728556334468,critical_illness,critical_illness,0.9,ung thu,2026-09-16T11:01:31.586651
1748748349665822,unknown,unknown,0.3,,2026-09-16T11:01:31.586651
1749004486306875,unknown,unknown,0.3,,2026-09-16T11:01:31.586651
1749029062971084,unknown,unknown,0.3,,2026-09-16T11:01:31.586651
1749097179630939,health,health,0.88,suc khoe,2026-09-16T11:01:31.586651
1749220952951895,unknown,unknown,0.3,,2026-09-16T11:01:31.586651
1749255749615082,unknown,unknown,0.3,,2026-09-16T11:01:31.586651
1749262729614384,unknown,unknown,0.3,,2026-09-16T11:01:31.586651
1749406172933373,unknown,unknown,0.3,,2026-09-16T11:01:31.586651
1749494446257879,unknown,unknown,0.3,,2026-09-16T11:01:31.586651
1749494536257870,unknown,unknown,0.3,,2026-09-16T11:01:31.586651
1749561389584518,unknown,unknown,0.3,,2026-09-16T11:01:31.586651
1750093399531317,unknown,unknown,0.3,,2026-09-16T11:01:31.586651
1748526436354680,unknown,unknown,0.3,,2026-09-16T11:01:31.586651
1748535569687100,health,health,0.88,vien phi,2026-09-16T11:01:31.586651
1748611969679460,health,health,0.88,thai san,2026-09-16T11:01:31.586651
1748718179668839,health,health,0.88,suc khoe,2026-09-16T11:01:31.586651
1748723289668328,health,health,0.88,thai san,2026-09-16T11:01:31.586651
1748723789668278,health,health,0.88,thai san,2026-09-16T11:01:31.586651
1748725419668115,health,health,0.88,thai san,2026-09-16T11:01:31.586651
1748750462998944,health,health,0.88,thai san,2026-09-16T11:01:31.586651
1749003896306934,health,health,0.88,thai san,2026-09-16T11:01:31.586651
1749188049621852,unknown,unknown,0.3,,2026-09-16T11:01:31.586651
1749220762951914,health,health,0.88,thai san,2026-09-16T11:01:31.586651
1749236619616995,unknown,unknown,0.3,,2026-09-16T11:01:31.586651
1749266152947375,health,health,0.88,suc khoe,2026-09-16T11:01:31.586651
1749272342946756,health,health,0.88,suc khoe,2026-09-16T11:01:31.586651
1749399122934078,health,health,0.88,thai san,2026-09-16T11:01:31.586651
1749406682933322,health,health,0.88,thai san,2026-09-16T11:01:31.586651
1749495086257815,unknown,unknown,0.3,,2026-09-16T11:01:31.586651
1749521342921856,health,health,0.88,thai san,2026-09-16T11:01:31.586651
1749523829588274,unknown,unknown,0.3,,2026-09-16T11:01:31.586651
1749551946252129,health,health,0.88,thai san,2026-09-16T11:01:31.586651
1749558619584795,unknown,unknown,0.3,,2026-09-16T11:01:31.586651
1748520493021941,unknown,unknown,0.3,,2026-09-16T11:01:31.586651
1748525613021429,unknown,unknown,0.3,,2026-09-16T11:01:31.586651
1748526873021303,unknown,unknown,0.3,,2026-09-16T11:01:31.586651
1748528976354426,critical_illness,critical_illness,0.9,đột quỵ,2026-09-16T11:01:31.586651
1748529279687729,unknown,unknown,0.3,,2026-09-16T11:01:31.586651
1748529443021046,health,health,0.88,vien phi,2026-09-16T11:01:31.586651
1748586299682027,unknown,unknown,0.3,,2026-09-16T11:01:31.586651
1748596729680984,health,health,0.88,suc khoe,2026-09-16T11:01:31.586651
1748602743013716,health,health,0.88,suc khoe,2026-09-16T11:01:31.586651
1748638019676855,unknown,unknown,0.3,,2026-09-16T11:01:31.586651
1748641049676552,unknown,unknown,0.3,,2026-09-16T11:01:31.586651
1748646319676025,health,health,0.88,suc khoe,2026-09-16T11:01:31.586651
1748647566342567,unknown,unknown,0.3,,2026-09-16T11:01:31.586651
1748653036342020,health,health,0.88,suc khoe,2026-09-16T11:01:31.586651
1748660876341236,health,health,0.88,vien phi,2026-09-16T11:01:31.586651
1748672719673385,life,life_general,0.82,nhan tho,2026-09-16T11:01:31.586651
1748676013006389,life,life_general,0.82,bhnt,2026-09-16T11:01:31.586651
1748689606338363,unknown,unknown,0.3,,2026-09-16T11:01:31.586651
1748691623004828,health,health,0.88,vien phi,2026-09-16T11:01:31.586651
1748694149671242,bank_insurance,bank_insurance,0.86,vay,2026-09-16T11:01:31.586651
1748694419671215,unknown,unknown,0.3,,2026-09-16T11:01:31.586651
1748701233003867,unknown,unknown,0.3,,2026-09-16T11:01:31.586651
1748703879670269,unknown,unknown,0.3,,2026-09-16T11:01:31.586651
1748752369665420,car,car,0.96,o to,2026-09-16T11:01:31.586651
1748954329645224,unknown,unknown,0.3,,2026-09-16T11:01:31.586651
1749001649640492,unknown,unknown,0.3,,2026-09-16T11:01:31.586651
1749033816303942,unknown,unknown,0.3,,2026-09-16T11:01:31.586651
1749220609618596,life,life_general,0.82,nhan tho,2026-09-16T11:01:31.586651
1749269176280406,health,health,0.88,suc khoe,2026-09-16T11:01:31.586651
1749332802940710,unknown,unknown,0.3,,2026-09-16T11:01:31.586651
1749567879583869,life,life_general,0.82,nhan tho,2026-09-16T11:01:31.586651
1748522973021693,health,health,0.88,thai san,2026-09-16T11:01:31.586651
1748534689687188,health,health,0.88,vien phi,2026-09-16T11:01:31.586651
1748757532998237,unknown,unknown,0.3,,2026-09-16T11:01:31.586651
1748926906314633,unknown,unknown,0.3,,2026-09-16T11:01:31.586651
1749219369618720,health,health,0.88,thai san,2026-09-16T11:01:31.586651
1749264402947550,car,car,0.96,o to,2026-09-16T11:01:31.586651
1749270096280314,health,health,0.88,thai san,2026-09-16T11:01:31.586651
1749494909591166,unknown,unknown,0.3,,2026-09-16T11:01:31.586651
1749559852918005,health,health,0.88,suc khoe,2026-09-16T11:01:31.586651
1749578846249439,critical_illness,critical_illness,0.9,ung thu,2026-09-16T11:01:31.586651
1749579616249362,unknown,unknown,0.3,,2026-09-16T11:01:31.586651
1749919269548730,critical_illness,critical_illness,0.9,benh hiem ngheo,2026-09-16T11:01:31.586651
1749919552882035,health,health,0.88,thai san,2026-09-16T11:01:31.586651
1749919716215352,health,health,0.88,thai san,2026-09-16T11:01:31.586651
1749919849548672,health,health,0.88,thai san,2026-09-16T11:01:31.586651
1749920136215310,health,health,0.88,thai san,2026-09-16T11:01:31.586651
1749920302881960,unknown,unknown,0.3,,2026-09-16T11:01:31.586651
1749920509548606,unknown,unknown,0.3,,2026-09-16T11:01:31.586651
1749920712881919,unknown,unknown,0.3,,2026-09-16T11:01:31.586651
1749920829548574,unknown,unknown,0.3,,2026-09-16T11:01:31.586651
1749921002881890,health,health,0.88,suc khoe,2026-09-16T11:01:31.586651
1749921136215210,health,health,0.88,thai san,2026-09-16T11:01:31.586651
1750051536202170,health,health,0.88,thai san,2026-09-16T11:01:31.586651
1748649543009036,unknown,unknown,0.3,,2026-09-16T11:01:31.586651
1748650463008944,unknown,unknown,0.3,,2026-09-16T11:01:31.586651
1748654719675185,unknown,unknown,0.3,,2026-09-16T11:01:31.586651
1748703056337018,unknown,unknown,0.3,,2026-09-16T11:01:31.586651
1748729563001034,car,car,0.96,o to,2026-09-16T11:01:31.586651
1748747749665882,unknown,unknown,0.3,,2026-09-16T11:01:31.586651
1748965492977441,unknown,unknown,0.3,,2026-09-16T11:01:31.586651
1748998919640765,unknown,unknown,0.3,,2026-09-16T11:01:31.586651
1749192336288090,unknown,unknown,0.3,,2026-09-16T11:01:31.586651
1749219079618749,unknown,unknown,0.3,,2026-09-16T11:01:31.586651
1749230112950979,unknown,unknown,0.3,,2026-09-16T11:01:31.586651
1749230989617558,car,car,0.96,o to,2026-09-16T11:01:31.586651
1749231122950878,unknown,unknown,0.3,,2026-09-16T11:01:31.586651
1749232479617409,bank_insurance,bank_insurance,0.86,vay,2026-09-16T11:01:31.586651
1749233406283983,unknown,unknown,0.3,,2026-09-16T11:01:31.586651
1749239119616745,health,health,0.88,suc khoe,2026-09-16T11:01:31.586651
1749242669616390,unknown,unknown,0.3,,2026-09-16T11:01:31.586651
1749243929616264,unknown,unknown,0.3,,2026-09-16T11:01:31.586651
1749248269615830,unknown,unknown,0.3,,2026-09-16T11:01:31.586651
1749252866282037,bank_insurance,bank_insurance,0.86,vay,2026-09-16T11:01:31.586651
1749263309614326,unknown,unknown,0.3,,2026-09-16T11:01:31.586651
1749268872947103,bank_insurance,bank_insurance,0.86,vay,2026-09-16T11:01:31.586651
1749269539613703,unknown,unknown,0.3,,2026-09-16T11:01:31.586651
1749291842944806,unknown,unknown,0.3,,2026-09-16T11:01:31.586651
1749317012942289,critical_illness,critical_illness,0.9,ung thu,2026-09-16T11:01:31.586651
1748528799687777,unknown,unknown,0.3,,2026-09-16T11:01:31.586651
1748529636354360,unknown,unknown,0.3,,2026-09-16T11:01:31.586651
1748658089674848,unknown,unknown,0.3,,2026-09-16T11:01:31.586651
1748756132998377,bank_insurance,bank_insurance,0.86,vay,2026-09-16T11:01:31.586651
1748946476312676,unknown,unknown,0.3,,2026-09-16T11:01:31.586651
1748962746311049,unknown,unknown,0.3,,2026-09-16T11:01:31.586651
1749001216307202,unknown,unknown,0.3,,2026-09-16T11:01:31.586651
1749272736280050,unknown,unknown,0.3,,2026-09-16T11:01:31.586651
1749287866278537,health,health,0.88,suc khoe,2026-09-16T11:01:31.586651
1749351272938863,bank_insurance,bank_insurance,0.86,vay,2026-09-16T11:01:31.586651
1749538259586831,unknown,unknown,0.3,,2026-09-16T11:01:31.586651
1750093899531267,unknown,unknown,0.3,,2026-09-16T11:01:31.586651
1748984802975510,unknown,unknown,0.3,,2026-09-16T11:01:31.586651
1748987182975272,unknown,unknown,0.3,,2026-09-16T11:01:31.586651
1748987312975259,unknown,unknown,0.3,,2026-09-16T11:01:31.586651
1748987712975219,unknown,unknown,0.3,,2026-09-16T11:01:31.586651
1748994869641170,unknown,unknown,0.3,,2026-09-16T11:01:31.586651
1749035426303781,bank_insurance,bank_insurance,0.86,ngan hang,2026-09-16T11:01:31.586651
1749048902969100,unknown,unknown,0.3,,2026-09-16T11:01:31.586651
1749055549635102,bank_insurance,bank_insurance,0.86,vay,2026-09-16T11:01:31.586651
1749057032968287,bank_insurance,bank_insurance,0.86,vay,2026-09-16T11:01:31.586651
1749077319632925,unknown,unknown,0.3,,2026-09-16T11:01:31.586651
1749080036299320,unknown,unknown,0.3,,2026-09-16T11:01:31.586651
1749083506298973,unknown,unknown,0.3,,2026-09-16T11:01:31.586651
1749116916295632,life,investment_linked_general,0.86,liên kết đầu tư,2026-09-16T11:01:31.586651
1749212209619436,unknown,unknown,0.3,,2026-09-16T11:01:31.586651
1749218289618828,life,unit_linked,0.92,ilp,2026-09-16T11:01:31.586651
1749231869617470,unknown,unknown,0.3,,2026-09-16T11:01:31.586651
1749257486281575,unknown,unknown,0.3,,2026-09-16T11:01:31.586651
1749262599614397,unknown,unknown,0.3,,2026-09-16T11:01:31.586651
1750104262863564,life,unit_linked,0.92,ilp,2026-09-16T11:01:31.586651
1749133889627268,unknown,unknown,0.3,,2026-09-16T11:01:31.586651
1749141226293201,unknown,unknown,0.3,,2026-09-16T11:01:31.586651
1749141529626504,unknown,unknown,0.3,,2026-09-16T11:01:31.586651
1749141846293139,health,health,0.88,suc khoe,2026-09-16T11:01:31.586651
1749146152959375,unknown,unknown,0.3,,2026-09-16T11:01:31.586651
1749149549625702,unknown,unknown,0.3,,2026-09-16T11:01:31.586651
1749214032952587,unknown,unknown,0.3,,2026-09-16T11:01:31.586651
1749271472946843,health,health,0.88,suc khoe,2026-09-16T11:01:31.586651
1749292022944788,unknown,unknown,0.3,,2026-09-16T11:01:31.586651
1749321229608534,unknown,unknown,0.3,,2026-09-16T11:01:31.586651
1749331202940870,unknown,unknown,0.3,,2026-09-16T11:01:31.586651
1749331269607530,unknown,unknown,0.3,,2026-09-16T11:01:31.586651
1749331642940826,unknown,unknown,0.3,,2026-09-16T11:01:31.586651
1749331762940814,unknown,unknown,0.3,,2026-09-16T11:01:31.586651
1749331846274139,unknown,unknown,0.3,,2026-09-16T11:01:31.586651
1749332016274122,unknown,unknown,0.3,,2026-09-16T11:01:31.586651
1749332336274090,unknown,unknown,0.3,,2026-09-16T11:01:31.586651
1749332619607395,unknown,unknown,0.3,,2026-09-16T11:01:31.586651
1749332859607371,unknown,unknown,0.3,,2026-09-16T11:01:31.586651
1749335522940438,unknown,unknown,0.3,,2026-09-16T11:01:31.586651
1749412986266025,unknown,unknown,0.3,,2026-09-16T11:01:31.586651
1749438682930122,unknown,unknown,0.3,,2026-09-16T11:01:31.586651
1749566359584021,unknown,unknown,0.3,,2026-09-16T11:01:31.586651
1750092939531363,unknown,unknown,0.3,,2026-09-16T11:01:31.586651
1750312802842710,life,life_general,0.82,đóng phí,2026-09-16T11:01:31.586651
1749134172960573,car,car,0.96,o to,2026-09-16T11:01:31.586651
1749135086293815,unknown,unknown,0.3,,2026-09-16T11:01:31.586651
1749138492960141,unknown,unknown,0.3,,2026-09-16T11:01:31.586651
1749140636293260,unknown,unknown,0.3,,2026-09-16T11:01:31.586651
1749141146293209,unknown,unknown,0.3,,2026-09-16T11:01:31.586651
1749142229626434,bank_insurance,bank_insurance,0.86,vay,2026-09-16T11:01:31.586651
1749142696293054,unknown,unknown,0.3,,2026-09-16T11:01:31.586651
1749146322959358,bank_insurance,bank_insurance,0.86,vay,2026-09-16T11:01:31.586651
1749147546292569,unknown,unknown,0.3,,2026-09-16T11:01:31.586651
1749149359625721,unknown,unknown,0.3,,2026-09-16T11:01:31.586651
1749154672958523,unknown,unknown,0.3,,2026-09-16T11:01:31.586651
1749161219624535,unknown,unknown,0.3,,2026-09-16T11:01:31.586651
1749162212957769,unknown,unknown,0.3,,2026-09-16T11:01:31.586651
1749162636291060,car,car,0.96,o to,2026-09-16T11:01:31.586651
1749173956289928,unknown,unknown,0.3,,2026-09-16T11:01:31.586651
1749200019620655,unknown,unknown,0.3,,2026-09-16T11:01:31.586651
1749214706285853,unknown,unknown,0.3,,2026-09-16T11:01:31.586651
1749228672951123,unknown,unknown,0.3,,2026-09-16T11:01:31.586651
1749265932947397,bank_insurance,bank_insurance,0.86,vay,2026-09-16T11:01:31.586651
1749267052947285,bank_insurance,bank_insurance,0.86,vay,2026-09-16T11:01:31.586651
1749280866279237,unknown,unknown,0.3,,2026-09-16T11:01:31.586651
1749322136275110,bank_insurance,bank_insurance,0.86,vay,2026-09-16T11:01:31.586651
1749427119597945,unknown,unknown,0.3,,2026-09-16T11:01:31.586651
1749533242920666,unknown,unknown,0.3,,2026-09-16T11:01:31.586651
1749548769585780,unknown,unknown,0.3,,2026-09-16T11:01:31.586651
1749574592916531,unknown,unknown,0.3,,2026-09-16T11:01:31.586651
1749795782894412,unknown,unknown,0.3,,2026-09-16T11:01:31.586651
1749843076223016,unknown,unknown,0.3,,2026-09-16T11:01:31.586651
1750090512864939,unknown,unknown,0.3,,2026-09-16T11:01:31.586651
1750892949451362,unknown,unknown,0.3,,2026-09-16T11:01:31.586651
1751004446106879,unknown,unknown,0.3,,2026-09-16T11:01:31.586651
1751125076094816,unknown,unknown,0.3,,2026-09-16T11:01:31.586651
1749138026293521,unknown,unknown,0.3,,2026-09-16T11:01:31.586651
1749138622960128,unknown,unknown,0.3,,2026-09-16T11:01:31.586651
1749160202957970,unknown,unknown,0.3,,2026-09-16T11:01:31.586651
1749172786290045,unknown,unknown,0.3,,2026-09-16T11:01:31.586651
1749203166287007,unknown,unknown,0.3,,2026-09-16T11:01:31.586651
1749214999619157,unknown,unknown,0.3,,2026-09-16T11:01:31.586651
1749230839617573,unknown,unknown,0.3,,2026-09-16T11:01:31.586651
1749266522947338,unknown,unknown,0.3,,2026-09-16T11:01:31.586651
1749269072947083,unknown,unknown,0.3,,2026-09-16T11:01:31.586651
1749324309608226,unknown,unknown,0.3,,2026-09-16T11:01:31.586651
1749328406274483,unknown,unknown,0.3,,2026-09-16T11:01:31.586651
1749329542941036,bank_insurance,bank_insurance,0.86,vay,2026-09-16T11:01:31.586651
1749330766274247,unknown,unknown,0.3,,2026-09-16T11:01:31.586651
1749775082896482,unknown,unknown,0.3,,2026-09-16T11:01:31.586651
1749886786218645,unknown,unknown,0.3,,2026-09-16T11:01:31.586651
1749921122881878,unknown,unknown,0.3,,2026-09-16T11:01:31.586651
1751499262724064,unknown,unknown,0.3,,2026-09-16T11:01:31.586651
1749144196292904,life,life_general,0.82,bhnt,2026-09-16T11:01:31.586651
1749144749626182,unknown,unknown,0.3,,2026-09-16T11:01:31.586651
1749148719625785,health,health,0.88,suc khoe,2026-09-16T11:01:31.586651
1749154436291880,health,health,0.88,suc khoe,2026-09-16T11:01:31.586651
1749208036286520,unknown,unknown,0.3,,2026-09-16T11:01:31.586651
1749216099619047,unknown,unknown,0.3,,2026-09-16T11:01:31.586651
1749216269619030,unknown,unknown,0.3,,2026-09-16T11:01:31.586651
1749216339619023,unknown,unknown,0.3,,2026-09-16T11:01:31.586651
1749217249618932,unknown,unknown,0.3,,2026-09-16T11:01:31.586651
1749270116280312,unknown,unknown,0.3,,2026-09-16T11:01:31.586651
1749270349613622,unknown,unknown,0.3,,2026-09-16T11:01:31.586651
1749325276274796,health,health,0.88,suc khoe,2026-09-16T11:01:31.586651
1749343269606330,unknown,unknown,0.3,,2026-09-16T11:01:31.586651
1749376086269715,unknown,unknown,0.3,,2026-09-16T11:01:31.586651
1749398789600778,unknown,unknown,0.3,,2026-09-16T11:01:31.586651
1749536912920299,unknown,unknown,0.3,,2026-09-16T11:01:31.586651
1749546406252683,unknown,unknown,0.3,,2026-09-16T11:01:31.586651
1749145172959473,life,life_general,0.82,nhan tho,2026-09-16T11:01:31.586651
1749179952955995,unknown,unknown,0.3,,2026-09-16T11:01:31.586651
1749206686286655,health,health,0.88,suc khoe,2026-09-16T11:01:31.586651
1749216486285675,unknown,unknown,0.3,,2026-09-16T11:01:31.586651
1749228429617814,unknown,unknown,0.3,,2026-09-16T11:01:31.586651
1749242979616359,life,life_general,0.82,nhan tho,2026-09-16T11:01:31.586651
1749258759614781,unknown,unknown,0.3,,2026-09-16T11:01:31.586651
1749262119614445,unknown,unknown,0.3,,2026-09-16T11:01:31.586651
1749522689588388,unknown,unknown,0.3,,2026-09-16T11:01:31.586651
1749553672918623,health,health,0.88,suc khoe,2026-09-16T11:01:31.586651
1749309712943019,life,life_general,0.82,quyen loi bao hiem,2026-09-16T11:01:31.586651
1749505376256786,unknown,unknown,0.3,,2026-09-16T11:01:31.586651
1750105292863461,unknown,unknown,0.3,,2026-09-16T11:01:31.586651
1749198179620839,unknown,unknown,0.3,,2026-09-16T11:01:31.586651
1749203092953681,unknown,unknown,0.3,,2026-09-16T11:01:31.586651
1749212739619383,unknown,unknown,0.3,,2026-09-16T11:01:31.586651
1749214169619240,life,life_general,0.82,nhan tho,2026-09-16T11:01:31.586651
1749214512952539,unknown,unknown,0.3,,2026-09-16T11:01:31.586651
1749225869618070,unknown,unknown,0.3,,2026-09-16T11:01:31.586651
1749226439618013,unknown,unknown,0.3,,2026-09-16T11:01:31.586651
1749232926284031,health,health,0.88,suc khoe,2026-09-16T11:01:31.586651
1749235576283766,health,health,0.88,suc khoe,2026-09-16T11:01:31.586651
1749239846283339,life,life_general,0.82,đóng phí,2026-09-16T11:01:31.586651
1749241819616475,unknown,unknown,0.3,,2026-09-16T11:01:31.586651
1749245466282777,health,health,0.88,suc khoe,2026-09-16T11:01:31.586651
1749246899615967,health,health,0.88,suc khoe,2026-09-16T11:01:31.586651
1749264456280878,unknown,unknown,0.3,,2026-09-16T11:01:31.586651
1749277362946254,life,life_general,0.82,nhan tho,2026-09-16T11:01:31.586651
1749279082946082,life,life_general,0.82,nhan tho,2026-09-16T11:01:31.586651
1749280306279293,bank_insurance,bank_insurance,0.86,vay,2026-09-16T11:01:31.586651
1749285109612146,health,health,0.88,vien phi,2026-09-16T11:01:31.586651
1749292102944780,life,life_general,0.82,quyen loi bao hiem,2026-09-16T11:01:31.586651
1749300079610649,unknown,unknown,0.3,,2026-09-16T11:01:31.586651
1749319269608730,unknown,unknown,0.3,,2026-09-16T11:01:31.586651
1749359936271330,unknown,unknown,0.3,,2026-09-16T11:01:31.586651
1749453449595312,unknown,unknown,0.3,,2026-09-16T11:01:31.586651
1749478942926096,unknown,unknown,0.3,,2026-09-16T11:01:31.586651
1749564702917520,unknown,unknown,0.3,,2026-09-16T11:01:31.586651
1749594909581166,unknown,unknown,0.3,,2026-09-16T11:01:31.586651
1749788882895102,unknown,unknown,0.3,,2026-09-16T11:01:31.586651
1749814109559246,bank_insurance,bank_insurance,0.86,vay,2026-09-16T11:01:31.586651
1749821492891841,critical_illness,critical_illness,0.9,đột quỵ,2026-09-16T11:01:31.586651
1749823116225012,unknown,unknown,0.3,,2026-09-16T11:01:31.586651
1749852289555428,unknown,unknown,0.3,,2026-09-16T11:01:31.586651
1749872156220108,unknown,unknown,0.3,,2026-09-16T11:01:31.586651
1749998549540802,unknown,unknown,0.3,,2026-09-16T11:01:31.586651
1749999462874044,bank_insurance,bank_insurance,0.86,vay,2026-09-16T11:01:31.586651
1750019922871998,unknown,unknown,0.3,,2026-09-16T11:01:31.586651
1750079886199335,unknown,unknown,0.3,,2026-09-16T11:01:31.586651
1750316032842387,unknown,unknown,0.3,,2026-09-16T11:01:31.586651
1749194176287906,unknown,unknown,0.3,,2026-09-16T11:01:31.586651
1749195299621127,unknown,unknown,0.3,,2026-09-16T11:01:31.586651
1749196712954319,unknown,unknown,0.3,,2026-09-16T11:01:31.586651
1749197359620921,unknown,unknown,0.3,,2026-09-16T11:01:31.586651
1749197926287531,unknown,unknown,0.3,,2026-09-16T11:01:31.586651
1749198706287453,critical_illness,critical_illness,0.9,benh hiem ngheo,2026-09-16T11:01:31.586651
1749207186286605,critical_illness,critical_illness,0.9,benh hiem ngheo,2026-09-16T11:01:31.586651
1749208106286513,unknown,unknown,0.3,,2026-09-16T11:01:31.586651
1749213396285984,unknown,unknown,0.3,,2026-09-16T11:01:31.586651
1749216426285681,bank_insurance,bank_insurance,0.86,vay,2026-09-16T11:01:31.586651
1749216639618993,unknown,unknown,0.3,,2026-09-16T11:01:31.586651
1749224999618157,property,property,0.92,nha cua,2026-09-16T11:01:31.586651
1749227722951218,life,life_general,0.82,nhan tho,2026-09-16T11:01:31.586651
1749238686283455,unknown,unknown,0.3,,2026-09-16T11:01:31.586651
1749246666282657,unknown,unknown,0.3,,2026-09-16T11:01:31.586651
1749246792949311,unknown,unknown,0.3,,2026-09-16T11:01:31.586651
1749265182947472,bank_insurance,bank_insurance,0.86,vay,2026-09-16T11:01:31.586651
1749307626276561,unknown,unknown,0.3,,2026-09-16T11:01:31.586651
1749307972943193,unknown,unknown,0.3,,2026-09-16T11:01:31.586651
1749310232942967,life,life_general,0.82,nhan tho,2026-09-16T11:01:31.586651
1749320019608655,unknown,unknown,0.3,,2026-09-16T11:01:31.586651
1749321739608483,unknown,unknown,0.3,,2026-09-16T11:01:31.586651
1749326879607969,unknown,unknown,0.3,,2026-09-16T11:01:31.586651
1749338566273467,unknown,unknown,0.3,,2026-09-16T11:01:31.586651
1749349202939070,unknown,unknown,0.3,,2026-09-16T11:01:31.586651
1749390032934987,health,health,0.88,suc khoe,2026-09-16T11:01:31.586651
1749418236265500,unknown,unknown,0.3,,2026-09-16T11:01:31.586651
1749426749597982,life,life_general,0.82,nhan tho,2026-09-16T11:01:31.586651
1749449536262370,unknown,unknown,0.3,,2026-09-16T11:01:31.586651
1749494616257862,unknown,unknown,0.3,,2026-09-16T11:01:31.586651
1749529012921089,unknown,unknown,0.3,,2026-09-16T11:01:31.586651
1749543516252972,life,life_general,0.82,nhan tho,2026-09-16T11:01:31.586651
1749599316247392,critical_illness,critical_illness,0.9,benh hiem ngheo,2026-09-16T11:01:31.586651
1749900136217310,unknown,unknown,0.3,,2026-09-16T11:01:31.586651
1749915119549145,unknown,unknown,0.3,,2026-09-16T11:01:31.586651
1749915909549066,life,life_general,0.82,đóng phí,2026-09-16T11:01:31.586651
1750089299531727,unknown,unknown,0.3,,2026-09-16T11:01:31.586651
1749278039612853,life,life_general,0.82,bhnt,2026-09-16T11:01:31.586651
1749283449612312,health,health,0.88,suc khoe,2026-09-16T11:01:31.586651
1749285216278802,unknown,unknown,0.3,,2026-09-16T11:01:31.586651
1749315966275727,bank_insurance,bank_insurance,0.86,vay,2026-09-16T11:01:31.586651
1749393672934623,unknown,unknown,0.3,,2026-09-16T11:01:31.586651
1749530866254237,health,health,0.88,suc khoe,2026-09-16T11:01:31.586651
1749536279587029,health,health,0.88,suc khoe,2026-09-16T11:01:31.586651
1749540692919921,health,health,0.88,suc khoe,2026-09-16T11:01:31.586651
1749548829585774,unknown,unknown,0.3,,2026-09-16T11:01:31.586651
1749550072918983,unknown,unknown,0.3,,2026-09-16T11:01:31.586651
1749560226251301,unknown,unknown,0.3,,2026-09-16T11:01:31.586651
1749567122917278,unknown,unknown,0.3,,2026-09-16T11:01:31.586651
1749593762914614,bank_insurance,bank_insurance,0.86,vay,2026-09-16T11:01:31.586651
1749859292888061,unknown,unknown,0.3,,2026-09-16T11:01:31.586651
1750053142868676,health,health,0.88,suc khoe,2026-09-16T11:01:31.586651
1750083179532339,health,health,0.88,suc khoe,2026-09-16T11:01:31.586651
1750105102863480,unknown,unknown,0.3,,2026-09-16T11:01:31.586651
1750260342847956,health,health,0.88,suc khoe,2026-09-16T11:01:31.586651
1750288982845092,unknown,unknown,0.3,,2026-09-16T11:01:31.586651
1750290222844968,unknown,unknown,0.3,,2026-09-16T11:01:31.586651
1750293232844667,unknown,unknown,0.3,,2026-09-16T11:01:31.586651
1750294986177825,bank_insurance,bank_insurance,0.86,vay,2026-09-16T11:01:31.586651
1750295636177760,unknown,unknown,0.3,,2026-09-16T11:01:31.586651
1750296132844377,unknown,unknown,0.3,,2026-09-16T11:01:31.586651
1750297392844251,bank_insurance,bank_insurance,0.86,vay,2026-09-16T11:01:31.586651
1750298076177516,unknown,unknown,0.3,,2026-09-16T11:01:31.586651
1750299139510743,unknown,unknown,0.3,,2026-09-16T11:01:31.586651
1750328812841109,unknown,unknown,0.3,,2026-09-16T11:01:31.586651
1750333106174013,unknown,unknown,0.3,,2026-09-16T11:01:31.586651
1750342396173084,health,health,0.88,vien phi,2026-09-16T11:01:31.586651
1750374092836581,unknown,unknown,0.3,,2026-09-16T11:01:31.586651
1750389889501668,bank_insurance,bank_insurance,0.86,vay,2026-09-16T11:01:31.586651
1750393709501286,bank_insurance,bank_insurance,0.86,vay,2026-09-16T11:01:31.586651
1750424702831520,unknown,unknown,0.3,,2026-09-16T11:01:31.586651
1750430922830898,unknown,unknown,0.3,,2026-09-16T11:01:31.586651
1750432026164121,unknown,unknown,0.3,,2026-09-16T11:01:31.586651
1750441152829875,unknown,unknown,0.3,,2026-09-16T11:01:31.586651
1750678329472824,unknown,unknown,0.3,,2026-09-16T11:01:31.586651
1750681946139129,unknown,unknown,0.3,,2026-09-16T11:01:31.586651
1750682806139043,unknown,unknown,0.3,,2026-09-16T11:01:31.586651
1750719702802020,life,life_general,0.82,bhnt,2026-09-16T11:01:31.586651
1750726852801305,unknown,unknown,0.3,,2026-09-16T11:01:31.586651
1750745146132809,unknown,unknown,0.3,,2026-09-16T11:01:31.586651
1750816719458985,unknown,unknown,0.3,,2026-09-16T11:01:31.586651
1749417602932230,unknown,unknown,0.3,,2026-09-16T11:01:31.586651
1749422032931787,life,life_general,0.82,quyen loi bao hiem,2026-09-16T11:01:31.586651
1749429889597668,unknown,unknown,0.3,,2026-09-16T11:01:31.586651
1749500546257269,unknown,unknown,0.3,,2026-09-16T11:01:31.586651
1749514046255919,unknown,unknown,0.3,,2026-09-16T11:01:31.586651
1749532559587401,unknown,unknown,0.3,,2026-09-16T11:01:31.586651
1749600386247285,unknown,unknown,0.3,,2026-09-16T11:01:31.586651
1749842489556408,unknown,unknown,0.3,,2026-09-16T11:01:31.586651
1749920059548651,unknown,unknown,0.3,,2026-09-16T11:01:31.586651
1750104832863507,unknown,unknown,0.3,,2026-09-16T11:01:31.586651
1749461029594554,unknown,unknown,0.3,,2026-09-16T11:01:31.586651
1749495216257802,unknown,unknown,0.3,,2026-09-16T11:01:31.586651
1749554479585209,unknown,unknown,0.3,,2026-09-16T11:01:31.586651
1749557952918195,unknown,unknown,0.3,,2026-09-16T11:01:31.586651
1749595592914431,unknown,unknown,0.3,,2026-09-16T11:01:31.586651
1750019639538693,unknown,unknown,0.3,,2026-09-16T11:01:31.586651
1750085139532143,unknown,unknown,0.3,,2026-09-16T11:01:31.586651
1750104619530195,unknown,unknown,0.3,,2026-09-16T11:01:31.586651
1749381299602527,unknown,unknown,0.3,,2026-09-16T11:01:31.586651
1749382102935780,unknown,unknown,0.3,,2026-09-16T11:01:31.586651
1749392396268084,unknown,unknown,0.3,,2026-09-16T11:01:31.586651
1749896079551049,unknown,unknown,0.3,,2026-09-16T11:01:31.586651
1749919002882090,unknown,unknown,0.3,,2026-09-16T11:01:31.586651
1749920096215314,unknown,unknown,0.3,,2026-09-16T11:01:31.586651
1749921802881810,health,health,0.88,suc khoe,2026-09-16T11:01:31.586651
1749924676214856,property,property,0.92,tai san,2026-09-16T11:01:31.586651
1749928026214521,unknown,unknown,0.3,,2026-09-16T11:01:31.586651
1750281432845847,unknown,unknown,0.3,,2026-09-16T11:01:31.586651
1750287532845237,unknown,unknown,0.3,,2026-09-16T11:01:31.586651
1750290312844959,unknown,unknown,0.3,,2026-09-16T11:01:31.586651
1750291759511481,unknown,unknown,0.3,,2026-09-16T11:01:31.586651
1750292922844698,car,car,0.96,o to,2026-09-16T11:01:31.586651
1750296679510989,unknown,unknown,0.3,,2026-09-16T11:01:31.586651
1750297139510943,unknown,unknown,0.3,,2026-09-16T11:01:31.586651
1750297806177543,unknown,unknown,0.3,,2026-09-16T11:01:31.586651
1750298169510840,unknown,unknown,0.3,,2026-09-16T11:01:31.586651
1750299819510675,health,health,0.88,noi tru,2026-09-16T11:01:31.586651
1750301886177135,unknown,unknown,0.3,,2026-09-16T11:01:31.586651
1750303416176982,life,life_general,0.82,nhan tho,2026-09-16T11:01:31.586651
1750305146176809,unknown,unknown,0.3,,2026-09-16T11:01:31.586651
1750311909509466,unknown,unknown,0.3,,2026-09-16T11:01:31.586651
1750321316175192,unknown,unknown,0.3,,2026-09-16T11:01:31.586651
1750327399507917,health,health,0.88,suc khoe,2026-09-16T11:01:31.586651
1750330189507638,health,health,0.88,suc khoe,2026-09-16T11:01:31.586651
1750331172840873,life,life_general,0.82,bhnt,2026-09-16T11:01:31.586651
1750339359506721,unknown,unknown,0.3,,2026-09-16T11:01:31.586651
1750339996173324,unknown,unknown,0.3,,2026-09-16T11:01:31.586651
1750343606172963,unknown,unknown,0.3,,2026-09-16T11:01:31.586651
1750345012839489,health,health,0.88,suc khoe,2026-09-16T11:01:31.586651
1750345522839438,unknown,unknown,0.3,,2026-09-16T11:01:31.586651
1750348106172513,life,life_general,0.82,nhan tho,2026-09-16T11:01:31.586651
1750353389505318,unknown,unknown,0.3,,2026-09-16T11:01:31.586651
1750355642838426,unknown,unknown,0.3,,2026-09-16T11:01:31.586651
1750366802837310,unknown,unknown,0.3,,2026-09-16T11:01:31.586651
1750369352837055,unknown,unknown,0.3,,2026-09-16T11:01:31.586651
1750372619503395,health,health,0.88,suc khoe,2026-09-16T11:01:31.586651
1750373979503259,unknown,unknown,0.3,,2026-09-16T11:01:31.586651
1750381172835873,unknown,unknown,0.3,,2026-09-16T11:01:31.586651
1750382396169084,unknown,unknown,0.3,,2026-09-16T11:01:31.586651
1750393789501278,bank_insurance,bank_insurance,0.86,vay,2026-09-16T11:01:31.586651
1750411139499543,unknown,unknown,0.3,,2026-09-16T11:01:31.586651
1750436696163654,critical_illness,critical_illness,0.9,ung thu,2026-09-16T11:01:31.586651
1750612526146071,bank_insurance,bank_insurance,0.86,vay,2026-09-16T11:01:31.586651
1750651146142209,unknown,unknown,0.3,,2026-09-16T11:01:31.586651
1750655132808477,unknown,unknown,0.3,,2026-09-16T11:01:31.586651
1750657376141586,unknown,unknown,0.3,,2026-09-16T11:01:31.586651
1750667866140537,unknown,unknown,0.3,,2026-09-16T11:01:31.586651
1750671806140143,critical_illness,critical_illness,0.9,ung thu,2026-09-16T11:01:31.586651
1750672599473397,life,life_general,0.82,bhnt,2026-09-16T11:01:31.586651
1750676372806353,unknown,unknown,0.3,,2026-09-16T11:01:31.586651
1750679529472704,unknown,unknown,0.3,,2026-09-16T11:01:31.586651
1750683359472321,unknown,unknown,0.3,,2026-09-16T11:01:31.586651
1750687109471946,unknown,unknown,0.3,,2026-09-16T11:01:31.586651
1750692096138114,unknown,unknown,0.3,,2026-09-16T11:01:31.586651
1750696419471015,unknown,unknown,0.3,,2026-09-16T11:01:31.586651
1750697292804261,bank_insurance,bank_insurance,0.86,ngan hang,2026-09-16T11:01:31.586651
1750702156137108,unknown,unknown,0.3,,2026-09-16T11:01:31.586651
1750713109469346,unknown,unknown,0.3,,2026-09-16T11:01:31.586651
1750714992802491,unknown,unknown,0.3,,2026-09-16T11:01:31.586651
1750715306135793,bank_insurance,bank_insurance,0.86,vay,2026-09-16T11:01:31.586651
1750725112801479,unknown,unknown,0.3,,2026-09-16T11:01:31.586651
1750732219467435,unknown,unknown,0.3,,2026-09-16T11:01:31.586651
1750734872800503,unknown,unknown,0.3,,2026-09-16T11:01:31.586651
1750745672799423,unknown,unknown,0.3,,2026-09-16T11:01:31.586651
1750746912799299,unknown,unknown,0.3,,2026-09-16T11:01:31.586651
1750750396132284,bank_insurance,bank_insurance,0.86,vay,2026-09-16T11:01:31.586651
1750750572798933,unknown,unknown,0.3,,2026-09-16T11:01:31.586651
1750751192798871,unknown,unknown,0.3,,2026-09-16T11:01:31.586651
1750766429464014,unknown,unknown,0.3,,2026-09-16T11:01:31.586651
1750770689463588,unknown,unknown,0.3,,2026-09-16T11:01:31.586651
1750772052796785,unknown,unknown,0.3,,2026-09-16T11:01:31.586651
1750778106129513,unknown,unknown,0.3,,2026-09-16T11:01:31.586651
1750792386128085,unknown,unknown,0.3,,2026-09-16T11:01:31.586651
1750797432794247,unknown,unknown,0.3,,2026-09-16T11:01:31.586651
1750801016127222,unknown,unknown,0.3,,2026-09-16T11:01:31.586651
1750801972793793,unknown,unknown,0.3,,2026-09-16T11:01:31.586651
1750802092793781,unknown,unknown,0.3,,2026-09-16T11:01:31.586651
1750803119460345,unknown,unknown,0.3,,2026-09-16T11:01:31.586651
1750803262793664,unknown,unknown,0.3,,2026-09-16T11:01:31.586651
1750803856126938,critical_illness,critical_illness,0.9,ung thu,2026-09-16T11:01:31.586651
1750804429460214,unknown,unknown,0.3,,2026-09-16T11:01:31.586651
1750806856126638,unknown,unknown,0.3,,2026-09-16T11:01:31.586651
1750820746125249,unknown,unknown,0.3,,2026-09-16T11:01:31.586651
1750821182791872,unknown,unknown,0.3,,2026-09-16T11:01:31.586651
1750822676125056,unknown,unknown,0.3,,2026-09-16T11:01:31.586651
1750823666124957,unknown,unknown,0.3,,2026-09-16T11:01:31.586651
1750824079458249,unknown,unknown,0.3,,2026-09-16T11:01:31.586651
1750827312791259,unknown,unknown,0.3,,2026-09-16T11:01:31.586651
1750835749457082,critical_illness,critical_illness,0.9,ung thu,2026-09-16T11:01:31.586651
1750842966123027,unknown,unknown,0.3,,2026-09-16T11:01:31.586651
1750843456122978,critical_illness,critical_illness,0.9,ung thu,2026-09-16T11:01:31.586651
1750843536122970,unknown,unknown,0.3,,2026-09-16T11:01:31.586651
1750847012789289,critical_illness,critical_illness,0.9,ung thu,2026-09-16T11:01:31.586651
1750849549455702,unknown,unknown,0.3,,2026-09-16T11:01:31.586651
1750850289455628,life,life_general,0.82,hợp đồng bảo hiểm,2026-09-16T11:01:31.586651
1750850729455584,unknown,unknown,0.3,,2026-09-16T11:01:31.586651
1750851026122221,health,health,0.88,suc khoe,2026-09-16T11:01:31.586651
1750851856122138,bank_insurance,bank_insurance,0.86,ngan hang,2026-09-16T11:01:31.586651
1750859492788041,critical_illness,critical_illness,0.9,ung thu,2026-09-16T11:01:31.586651
1750863166121007,unknown,unknown,0.3,,2026-09-16T11:01:31.586651
1750864222787568,health,health,0.88,suc khoe,2026-09-16T11:01:31.586651
1750875342786456,unknown,unknown,0.3,,2026-09-16T11:01:31.586651
1750876769452980,critical_illness,critical_illness,0.9,ung thu,2026-09-16T11:01:31.586651
1750878506119473,critical_illness,critical_illness,0.9,ung thu,2026-09-16T11:01:31.586651
1750878652786125,critical_illness,critical_illness,0.9,ung thu,2026-09-16T11:01:31.586651
1750886202785370,unknown,unknown,0.3,,2026-09-16T11:01:31.586651
1750886266118697,bank_insurance,bank_insurance,0.86,vay,2026-09-16T11:01:31.586651
1750892466118077,unknown,unknown,0.3,,2026-09-16T11:01:31.586651
1750893772784613,bank_insurance,bank_insurance,0.86,vay,2026-09-16T11:01:31.586651
1750897462784244,unknown,unknown,0.3,,2026-09-16T11:01:31.586651
1750897716117552,unknown,unknown,0.3,,2026-09-16T11:01:31.586651
1750901049450552,unknown,unknown,0.3,,2026-09-16T11:01:31.586651
1750901436117180,unknown,unknown,0.3,,2026-09-16T11:01:31.586651
1750906809449976,unknown,unknown,0.3,,2026-09-16T11:01:31.586651
1750907612783229,unknown,unknown,0.3,,2026-09-16T11:01:31.586651
1750907916116532,unknown,unknown,0.3,,2026-09-16T11:01:31.586651
1750917749448882,critical_illness,critical_illness,0.9,benh hiem ngheo,2026-09-16T11:01:31.586651
1750919416115382,unknown,unknown,0.3,,2026-09-16T11:01:31.586651
1750921259448531,bank_insurance,bank_insurance,0.86,ngan hang,2026-09-16T11:01:31.586651
1750921356115188,unknown,unknown,0.3,,2026-09-16T11:01:31.586651
1750922962781694,unknown,unknown,0.3,,2026-09-16T11:01:31.586651
1750932022780788,critical_illness,critical_illness,0.9,benh hiem ngheo,2026-09-16T11:01:31.586651
1750944199446237,unknown,unknown,0.3,,2026-09-16T11:01:31.586651
1750946306112693,unknown,unknown,0.3,,2026-09-16T11:01:31.586651
1750949132779077,unknown,unknown,0.3,,2026-09-16T11:01:31.586651
1750951562778834,unknown,unknown,0.3,,2026-09-16T11:01:31.586651
1750957982778192,unknown,unknown,0.3,,2026-09-16T11:01:31.586651
1750965839444073,bank_insurance,bank_insurance,0.86,ngan hang,2026-09-16T11:01:31.586651
1750967662777224,unknown,unknown,0.3,,2026-09-16T11:01:31.586651
1750988489441808,unknown,unknown,0.3,,2026-09-16T11:01:31.586651
1750990609441596,critical_illness,critical_illness,0.9,benh hiem ngheo,2026-09-16T11:01:31.586651
1750996362774354,unknown,unknown,0.3,,2026-09-16T11:01:31.586651
1751014042772586,bank_insurance,bank_insurance,0.86,ngan hang,2026-09-16T11:01:31.586651
1751016639438993,bank_insurance,bank_insurance,0.86,vay,2026-09-16T11:01:31.586651
1751030569437600,unknown,unknown,0.3,,2026-09-16T11:01:31.586651
1751044306102893,unknown,unknown,0.3,,2026-09-16T11:01:31.586651
1751044722769518,unknown,unknown,0.3,,2026-09-16T11:01:31.586651
1751052806102043,unknown,unknown,0.3,,2026-09-16T11:01:31.586651
1751103906096933,unknown,unknown,0.3,,2026-09-16T11:01:31.586651
1751120089428648,critical_illness,critical_illness,0.9,benh hiem ngheo,2026-09-16T11:01:31.586651
1751129842761006,unknown,unknown,0.3,,2026-09-16T11:01:31.586651
1751160709424586,unknown,unknown,0.3,,2026-09-16T11:01:31.586651
1751177816089542,critical_illness,critical_illness,0.9,ung thu,2026-09-16T11:01:31.586651
1751186459422011,life,life_general,0.82,bhnt,2026-09-16T11:01:31.586651
1751195402754450,unknown,unknown,0.3,,2026-09-16T11:01:31.586651
1751202192753771,bank_insurance,bank_insurance,0.86,ngan hang,2026-09-16T11:01:31.586651
1751207199419937,critical_illness,critical_illness,0.9,ung thu,2026-09-16T11:01:31.586651
1751237322750258,life,life_general,0.82,bhnt,2026-09-16T11:01:31.586651
1751242016083122,unknown,unknown,0.3,,2026-09-16T11:01:31.586651
1751242532749737,health,health,0.88,suc khoe,2026-09-16T11:01:31.586651
1751245562749434,unknown,unknown,0.3,,2026-09-16T11:01:31.586651
1751393312734659,unknown,unknown,0.3,,2026-09-16T11:01:31.586651
1751394102734580,unknown,unknown,0.3,,2026-09-16T11:01:31.586651
1751423499398307,unknown,unknown,0.3,,2026-09-16T11:01:31.586651
1751467096060614,bank_insurance,bank_insurance,0.86,vay,2026-09-16T11:01:31.586651
1751473899393267,unknown,unknown,0.3,,2026-09-16T11:01:31.586651
1751479656059358,unknown,unknown,0.3,,2026-09-16T11:01:31.586651
1751502332723757,unknown,unknown,0.3,,2026-09-16T11:01:31.586651
1751505249390132,car,car,0.96,o to,2026-09-16T11:01:31.586651
1751509712723019,unknown,unknown,0.3,,2026-09-16T11:01:31.586651
1751516509389006,unknown,unknown,0.3,,2026-09-16T11:01:31.586651
1751517342722256,bank_insurance,bank_insurance,0.86,vay,2026-09-16T11:01:31.586651
1751518549388802,unknown,unknown,0.3,,2026-09-16T11:01:31.586651
1751591159381541,unknown,unknown,0.3,,2026-09-16T11:01:31.586651
1751591866048137,unknown,unknown,0.3,,2026-09-16T11:01:31.586651
1751594922714498,unknown,unknown,0.3,,2026-09-16T11:01:31.586651
1751595262714464,car,car,0.96,o to,2026-09-16T11:01:31.586651
1751604902713500,critical_illness,critical_illness,0.9,benh hiem ngheo,2026-09-16T11:01:31.586651
1751626476044676,unknown,unknown,0.3,,2026-09-16T11:01:31.586651
1751632529377404,unknown,unknown,0.3,,2026-09-16T11:01:31.586651
1751637632710227,unknown,unknown,0.3,,2026-09-16T11:01:31.586651
1751745809366076,unknown,unknown,0.3,,2026-09-16T11:01:31.586651
1749891059551551,unknown,unknown,0.3,,2026-09-16T11:01:31.586651
1749894412884549,health,health,0.88,suc khoe,2026-09-16T11:01:31.586651
1749895366217787,unknown,unknown,0.3,,2026-09-16T11:01:31.586651
1749897702884220,unknown,unknown,0.3,,2026-09-16T11:01:31.586651
1749915339549123,life,life_general,0.82,nhan tho,2026-09-16T11:01:31.586651
1749924452881545,unknown,unknown,0.3,,2026-09-16T11:01:31.586651
1749928522881138,unknown,unknown,0.3,,2026-09-16T11:01:31.586651
1749948079545849,unknown,unknown,0.3,,2026-09-16T11:01:31.586651
1749962026211121,unknown,unknown,0.3,,2026-09-16T11:01:31.586651
1749986426208681,unknown,unknown,0.3,,2026-09-16T11:01:31.586651
1749989736208350,unknown,unknown,0.3,,2026-09-16T11:01:31.586651
1750056726201651,bank_insurance,bank_insurance,0.86,vay,2026-09-16T11:01:31.586651
1750080796199244,unknown,unknown,0.3,,2026-09-16T11:01:31.586651
1750103176197006,unknown,unknown,0.3,,2026-09-16T11:01:31.586651
1750116016195722,life,life_general,0.82,quyen loi bao hiem,2026-09-16T11:01:31.586651
1750118646195459,health,health,0.88,suc khoe,2026-09-16T11:01:31.586651
1750168306190493,unknown,unknown,0.3,,2026-09-16T11:01:31.586651
1750483549492302,unknown,unknown,0.3,,2026-09-16T11:01:31.586651
1750356979504959,unknown,unknown,0.3,,2026-09-16T11:01:31.586651
1750408159499841,unknown,unknown,0.3,,2026-09-16T11:01:31.586651
1750414816165842,unknown,unknown,0.3,,2026-09-16T11:01:31.586651
1750786816128642,unknown,unknown,0.3,,2026-09-16T11:01:31.586651
1750799976127326,unknown,unknown,0.3,,2026-09-16T11:01:31.586651
1750844772789513,unknown,unknown,0.3,,2026-09-16T11:01:31.586651
1749895639551093,unknown,unknown,0.3,,2026-09-16T11:01:31.586651
1749898532884137,bank_insurance,bank_insurance,0.86,vay,2026-09-16T11:01:31.586651
1749902372883753,health,health,0.88,suc khoe,2026-09-16T11:01:31.586651
1749903669550290,unknown,unknown,0.3,,2026-09-16T11:01:31.586651
1749905646216759,unknown,unknown,0.3,,2026-09-16T11:01:31.586651
1749906666216657,unknown,unknown,0.3,,2026-09-16T11:01:31.586651
1749908062883184,unknown,unknown,0.3,,2026-09-16T11:01:31.586651
1749914582882532,health,health,0.88,suc khoe,2026-09-16T11:01:31.586651
1749916319549025,unknown,unknown,0.3,,2026-09-16T11:01:31.586651
1749928142881176,life,life_general,0.82,nhan tho,2026-09-16T11:01:31.586651
1749931432880847,life,life_general,0.82,nhan tho,2026-09-16T11:01:31.586651
1749970652876925,unknown,unknown,0.3,,2026-09-16T11:01:31.586651
1749985956208728,bank_insurance,bank_insurance,0.86,vay,2026-09-16T11:01:31.586651
1750078099532847,unknown,unknown,0.3,,2026-09-16T11:01:31.586651
1750103292863661,unknown,unknown,0.3,,2026-09-16T11:01:31.586651
1750113256195998,unknown,unknown,0.3,,2026-09-16T11:01:31.586651
1750679296139394,unknown,unknown,0.3,,2026-09-16T11:01:31.586651
1750691119471545,unknown,unknown,0.3,,2026-09-16T11:01:31.586651
1750691186138205,unknown,unknown,0.3,,2026-09-16T11:01:31.586651
1750691242804866,unknown,unknown,0.3,,2026-09-16T11:01:31.586651
1750691309471526,unknown,unknown,0.3,,2026-09-16T11:01:31.586651
1750691382804852,unknown,unknown,0.3,,2026-09-16T11:01:31.586651
1750692122804778,life,life_general,0.82,nhan tho,2026-09-16T11:01:31.586651
1749888436218480,unknown,unknown,0.3,,2026-09-16T11:01:31.586651
1749890439551613,health,health,0.88,vien phi,2026-09-16T11:01:31.586651
1749900036217320,unknown,unknown,0.3,,2026-09-16T11:01:31.586651
1749909286216395,unknown,unknown,0.3,,2026-09-16T11:01:31.586651
1749909962882994,bank_insurance,bank_insurance,0.86,vay,2026-09-16T11:01:31.586651
1749909976216326,unknown,unknown,0.3,,2026-09-16T11:01:31.586651
1749910579549599,bank_insurance,bank_insurance,0.86,vay,2026-09-16T11:01:31.586651
1749910772882913,unknown,unknown,0.3,,2026-09-16T11:01:31.586651
1749917666215557,unknown,unknown,0.3,,2026-09-16T11:01:31.586651
1749924416214882,unknown,unknown,0.3,,2026-09-16T11:01:31.586651
1749925359548121,health,health,0.88,vien phi,2026-09-16T11:01:31.586651
1749932719547385,unknown,unknown,0.3,,2026-09-16T11:01:31.586651
1749944556212868,health,health,0.88,vien phi,2026-09-16T11:01:31.586651
1749948122879178,unknown,unknown,0.3,,2026-09-16T11:01:31.586651
1749956532878337,health,health,0.88,suc khoe,2026-09-16T11:01:31.586651
1749958879544769,health,health,0.88,vien phi,2026-09-16T11:01:31.586651
1749969276210396,unknown,unknown,0.3,,2026-09-16T11:01:31.586651
1749981416209182,unknown,unknown,0.3,,2026-09-16T11:01:31.586651
1749984806208843,unknown,unknown,0.3,,2026-09-16T11:01:31.586651
1750077239532933,unknown,unknown,0.3,,2026-09-16T11:01:31.586651
1750104499530207,unknown,unknown,0.3,,2026-09-16T11:01:31.586651
1750116116195712,unknown,unknown,0.3,,2026-09-16T11:01:31.586651
1749888896218434,unknown,unknown,0.3,,2026-09-16T11:01:31.586651
1749890882884902,unknown,unknown,0.3,,2026-09-16T11:01:31.586651
1749894562884534,unknown,unknown,0.3,,2026-09-16T11:01:31.586651
1749902059550451,unknown,unknown,0.3,,2026-09-16T11:01:31.586651
1749913772882613,unknown,unknown,0.3,,2026-09-16T11:01:31.586651
1749916629548994,unknown,unknown,0.3,,2026-09-16T11:01:31.586651
1749946599545997,unknown,unknown,0.3,,2026-09-16T11:01:31.586651
1749946962879294,unknown,unknown,0.3,,2026-09-16T11:01:31.586651
1749963132877677,unknown,unknown,0.3,,2026-09-16T11:01:31.586651
1749968719543785,unknown,unknown,0.3,,2026-09-16T11:01:31.586651
1749969366210387,unknown,unknown,0.3,,2026-09-16T11:01:31.586651
1749986209542036,unknown,unknown,0.3,,2026-09-16T11:01:31.586651
1750018789538778,unknown,unknown,0.3,,2026-09-16T11:01:31.586651
1750085449532112,unknown,unknown,0.3,,2026-09-16T11:01:31.586651
1750116489529008,unknown,unknown,0.3,,2026-09-16T11:01:31.586651
1750153316191992,unknown,unknown,0.3,,2026-09-16T11:01:31.586651
1750167099523947,unknown,unknown,0.3,,2026-09-16T11:01:31.586651
1750276136179710,unknown,unknown,0.3,,2026-09-16T11:01:31.586651
1750380676169256,unknown,unknown,0.3,,2026-09-16T11:01:31.586651
1750380722835918,unknown,unknown,0.3,,2026-09-16T11:01:31.586651
1750444606162863,unknown,unknown,0.3,,2026-09-16T11:01:31.586651
1749966989543958,health,health,0.88,suc khoe,2026-09-16T11:01:31.586651
1749968356210488,health,health,0.88,suc khoe,2026-09-16T11:01:31.586651
1749968932877097,health,health,0.88,suc khoe,2026-09-16T11:01:31.586651
1749986006208723,unknown,unknown,0.3,,2026-09-16T11:01:31.586651
1749991276208196,unknown,unknown,0.3,,2026-09-16T11:01:31.586651
1750005479540109,life,life_general,0.82,đóng phí,2026-09-16T11:01:31.586651
1750007372873253,unknown,unknown,0.3,,2026-09-16T11:01:31.586651
1750019159538741,unknown,unknown,0.3,,2026-09-16T11:01:31.586651
1750021232871867,unknown,unknown,0.3,,2026-09-16T11:01:31.586651
1750022516205072,unknown,unknown,0.3,,2026-09-16T11:01:31.586651
1750024239538233,unknown,unknown,0.3,,2026-09-16T11:01:31.586651
1750028369537820,unknown,unknown,0.3,,2026-09-16T11:01:31.586651
1750036126203711,life,universal_life,0.92,lien ket chung,2026-09-16T11:01:31.586651
1750039012870089,life,life_general,0.82,đóng phí,2026-09-16T11:01:31.586651
1750041722869818,bank_insurance,bank_insurance,0.86,vay,2026-09-16T11:01:31.586651
1750084852865505,unknown,unknown,0.3,,2026-09-16T11:01:31.586651
1750099172864073,health,health,0.88,suc khoe,2026-09-16T11:01:31.586651
1750100542863936,life,life_general,0.82,nhan tho,2026-09-16T11:01:31.586651
1750117102862280,unknown,unknown,0.3,,2026-09-16T11:01:31.586651
1750757312798259,health,health,0.88,suc khoe,2026-09-16T11:01:31.586651
1750815876125736,unknown,unknown,0.3,,2026-09-16T11:01:31.586651
1751569886050335,unknown,unknown,0.3,,2026-09-16T11:01:31.586651
1749966312877359,health,health,0.88,noi tru,2026-09-16T11:01:31.586651
1749969576210366,unknown,unknown,0.3,,2026-09-16T11:01:31.586651
1749975476209776,unknown,unknown,0.3,,2026-09-16T11:01:31.586651
1749980289542628,health,health,0.88,suc khoe,2026-09-16T11:01:31.586651
1749981076209216,unknown,unknown,0.3,,2026-09-16T11:01:31.586651
1749984992875491,unknown,unknown,0.3,,2026-09-16T11:01:31.586651
1749985379542119,health,health,0.88,noi tru,2026-09-16T11:01:31.586651
1749985519542105,unknown,unknown,0.3,,2026-09-16T11:01:31.586651
1749987219541935,life,life_general,0.82,bhnt,2026-09-16T11:01:31.586651
1749991006208223,health,health,0.88,noi tru,2026-09-16T11:01:31.586651
1749992529541404,life,life_general,0.82,nhan tho,2026-09-16T11:01:31.586651
1749993792874611,unknown,unknown,0.3,,2026-09-16T11:01:31.586651
1749995682874422,life,life_general,0.82,nhan tho,2026-09-16T11:01:31.586651
1750008356206488,unknown,unknown,0.3,,2026-09-16T11:01:31.586651
1750012836206040,unknown,unknown,0.3,,2026-09-16T11:01:31.586651
1750024689538188,unknown,unknown,0.3,,2026-09-16T11:01:31.586651
1750034919537165,health,health,0.88,noi tru,2026-09-16T11:01:31.586651
1750043769536280,car,car,0.96,o to,2026-09-16T11:01:31.586651
1750045176202806,unknown,unknown,0.3,,2026-09-16T11:01:31.586651
1750047169535940,life,life_general,0.82,nhan tho,2026-09-16T11:01:31.586651
1750050352868955,unknown,unknown,0.3,,2026-09-16T11:01:31.586651
1750052096202114,health,health,0.88,suc khoe,2026-09-16T11:01:31.586651
1750083946198929,life,life_general,0.82,nhan tho,2026-09-16T11:01:31.586651
1750100086197315,unknown,unknown,0.3,,2026-09-16T11:01:31.586651
1750100516197272,life,life_general,0.82,nhan tho,2026-09-16T11:01:31.586651
1750110136196310,unknown,unknown,0.3,,2026-09-16T11:01:31.586651
1750141122859878,unknown,unknown,0.3,,2026-09-16T11:01:31.586651
1750143419526315,health,health,0.88,noi tru,2026-09-16T11:01:31.586651
1750144249526232,health,health,0.88,noi tru,2026-09-16T11:01:31.586651
1750145409526116,health,health,0.88,noi tru,2026-09-16T11:01:31.586651
1750161889524468,unknown,unknown,0.3,,2026-09-16T11:01:31.586651
1750166069524050,life,life_general,0.82,nhan tho,2026-09-16T11:01:31.586651
1750166739523983,unknown,unknown,0.3,,2026-09-16T11:01:31.586651
1750169236190400,unknown,unknown,0.3,,2026-09-16T11:01:31.586651
1750178882856102,health,health,0.88,vien phi,2026-09-16T11:01:31.586651
1750232752850715,unknown,unknown,0.3,,2026-09-16T11:01:31.586651
1750232816184042,unknown,unknown,0.3,,2026-09-16T11:01:31.586651
1750232856184038,unknown,unknown,0.3,,2026-09-16T11:01:31.586651
1750233212850669,unknown,unknown,0.3,,2026-09-16T11:01:31.586651
1750737999466857,health,health,0.88,suc khoe,2026-09-16T11:01:31.586651
1750775519463105,non_life_general,non_life_general,0.75,mic,2026-09-16T11:01:31.586651
1750836656123658,health,health,0.88,noi tru,2026-09-16T11:01:31.586651
1749964129544244,unknown,unknown,0.3,,2026-09-16T11:01:31.586651
1749981572875833,unknown,unknown,0.3,,2026-09-16T11:01:31.586651
1750330362840954,critical_illness,critical_illness,0.9,benh hiem ngheo,2026-09-16T11:01:31.586651
1750355342838456,car,car,0.96,o to,2026-09-16T11:01:31.586651
1750799102794080,unknown,unknown,0.3,,2026-09-16T11:01:31.586651
1750807572793233,life,life_general,0.82,đóng phí,2026-09-16T11:01:31.586651
1750827276124596,unknown,unknown,0.3,,2026-09-16T11:01:31.586651
1750909556116368,unknown,unknown,0.3,,2026-09-16T11:01:31.586651
1750282486179075,unknown,unknown,0.3,,2026-09-16T11:01:31.586651
1750283256178998,unknown,unknown,0.3,,2026-09-16T11:01:31.586651
1750286619511995,car,car,0.96,o to,2026-09-16T11:01:31.586651
1750290949511562,unknown,unknown,0.3,,2026-09-16T11:01:31.586651
1750292159511441,unknown,unknown,0.3,,2026-09-16T11:01:31.586651
1750295969511060,unknown,unknown,0.3,,2026-09-16T11:01:31.586651
1750297122844278,health,health,0.88,noi tru,2026-09-16T11:01:31.586651
1750297159510941,health,health,0.88,vien phi,2026-09-16T11:01:31.586651
1750302072843783,unknown,unknown,0.3,,2026-09-16T11:01:31.586651
1750307886176535,unknown,unknown,0.3,,2026-09-16T11:01:31.586651
1750308656176458,unknown,unknown,0.3,,2026-09-16T11:01:31.586651
1750309332843057,unknown,unknown,0.3,,2026-09-16T11:01:31.586651
1750314972842493,unknown,unknown,0.3,,2026-09-16T11:01:31.586651
1750315409509116,unknown,unknown,0.3,,2026-09-16T11:01:31.586651
1750322802841710,health,health,0.88,vien phi,2026-09-16T11:01:31.586651
1750326036174720,health,health,0.88,suc khoe,2026-09-16T11:01:31.586651
1750331989507458,health,health,0.88,noi tru,2026-09-16T11:01:31.586651
1750332272840763,bank_insurance,bank_insurance,0.86,vay,2026-09-16T11:01:31.586651
1750347236172600,health,health,0.88,noi tru,2026-09-16T11:01:31.586651
1750408832833107,health,health,0.88,noi tru,2026-09-16T11:01:31.586651
1750410366166287,travel,travel,0.94,visa,2026-09-16T11:01:31.586651
1750626806144643,health,health,0.88,suc khoe,2026-09-16T11:01:31.586651
1750747146132609,health,health,0.88,suc khoe,2026-09-16T11:01:31.586651
1750755319465125,health,health,0.88,suc khoe,2026-09-16T11:01:31.586651
1750777512796239,unknown,unknown,0.3,,2026-09-16T11:01:31.586651
1750813099459347,health,health,0.88,noi tru,2026-09-16T11:01:31.586651
1750821126125211,health,health,0.88,suc khoe,2026-09-16T11:01:31.586651
1750850279455629,unknown,unknown,0.3,,2026-09-16T11:01:31.586651
1750910246116299,unknown,unknown,0.3,,2026-09-16T11:01:31.586651
1750913806115943,critical_illness,critical_illness,0.9,ung thu,2026-09-16T11:01:31.586651
1750281792845811,unknown,unknown,0.3,,2026-09-16T11:01:31.586651
1750282032845787,unknown,unknown,0.3,,2026-09-16T11:01:31.586651
1750287102845280,unknown,unknown,0.3,,2026-09-16T11:01:31.586651
1750291326178191,unknown,unknown,0.3,,2026-09-16T11:01:31.586651
1750291369511520,unknown,unknown,0.3,,2026-09-16T11:01:31.586651
1750292759511381,unknown,unknown,0.3,,2026-09-16T11:01:31.586651
1750294549511202,unknown,unknown,0.3,,2026-09-16T11:01:31.586651
1750296249511032,unknown,unknown,0.3,,2026-09-16T11:01:31.586651
1750296436177680,unknown,unknown,0.3,,2026-09-16T11:01:31.586651
1750296766177647,unknown,unknown,0.3,,2026-09-16T11:01:31.586651
1750298202844170,unknown,unknown,0.3,,2026-09-16T11:01:31.586651
1750304682843522,unknown,unknown,0.3,,2026-09-16T11:01:31.586651
1750304939510163,unknown,unknown,0.3,,2026-09-16T11:01:31.586651
1750306479510009,unknown,unknown,0.3,,2026-09-16T11:01:31.586651
1750313696175954,unknown,unknown,0.3,,2026-09-16T11:01:31.586651
1750313876175936,critical_illness,critical_illness,0.9,đột quỵ,2026-09-16T11:01:31.586651
1750316946175629,unknown,unknown,0.3,,2026-09-16T11:01:31.586651
1750319666175357,unknown,unknown,0.3,,2026-09-16T11:01:31.586651
1750331016174222,health,health,0.88,suc khoe,2026-09-16T11:01:31.586651
1750332339507423,unknown,unknown,0.3,,2026-09-16T11:01:31.586651
1750349039505753,health,health,0.88,suc khoe,2026-09-16T11:01:31.586651
1750350642838926,unknown,unknown,0.3,,2026-09-16T11:01:31.586651
1750350962838894,bank_insurance,bank_insurance,0.86,vay,2026-09-16T11:01:31.586651
1750352876172036,health,health,0.88,suc khoe,2026-09-16T11:01:31.586651
1750358289504828,health,health,0.88,noi tru,2026-09-16T11:01:31.586651
1750372722836718,unknown,unknown,0.3,,2026-09-16T11:01:31.586651
1750416849498972,bank_insurance,bank_insurance,0.86,vay,2026-09-16T11:01:31.586651
1750557816151542,critical_illness,critical_illness,0.9,đột quỵ,2026-09-16T11:01:31.586651
1750627206144603,unknown,unknown,0.3,,2026-09-16T11:01:31.586651
1750698539470803,health,health,0.88,suc khoe,2026-09-16T11:01:31.586651
1750833036124020,life,life_general,0.82,nhan tho,2026-09-16T11:01:31.586651
1750834412790549,unknown,unknown,0.3,,2026-09-16T11:01:31.586651
1750841429456514,unknown,unknown,0.3,,2026-09-16T11:01:31.586651
1750912059449451,unknown,unknown,0.3,,2026-09-16T11:01:31.586651
1750925296114794,unknown,unknown,0.3,,2026-09-16T11:01:31.586651
1750937586113565,unknown,unknown,0.3,,2026-09-16T11:01:31.586651
1750943626112961,unknown,unknown,0.3,,2026-09-16T11:01:31.586651
1750330026174321,bank_insurance,bank_insurance,0.86,vay,2026-09-16T11:01:31.586651
1750332582840732,life,life_general,0.82,nhan tho,2026-09-16T11:01:31.586651
1750335006173823,unknown,unknown,0.3,,2026-09-16T11:01:31.586651
1750357826171541,car,car,0.96,o to,2026-09-16T11:01:31.586651
1750359206171403,unknown,unknown,0.3,,2026-09-16T11:01:31.586651
1750362109504446,unknown,unknown,0.3,,2026-09-16T11:01:31.586651
1750842332789757,unknown,unknown,0.3,,2026-09-16T11:01:31.586651
1750848286122495,unknown,unknown,0.3,,2026-09-16T11:01:31.586651
1750912276116096,unknown,unknown,0.3,,2026-09-16T11:01:31.586651
1750842859456371,car,car,0.96,o to,2026-09-16T11:01:31.586651
1750684949472162,unknown,unknown,0.3,,2026-09-16T11:01:31.586651
1750685426138781,unknown,unknown,0.3,,2026-09-16T11:01:31.586651
1750686099472047,health,health,0.88,suc khoe,2026-09-16T11:01:31.586651
1750687169471940,unknown,unknown,0.3,,2026-09-16T11:01:31.586651
1750688282805162,health,health,0.88,suc khoe,2026-09-16T11:01:31.586651
1750688679471789,unknown,unknown,0.3,,2026-09-16T11:01:31.586651
1750688906138433,unknown,unknown,0.3,,2026-09-16T11:01:31.586651
1750689516138372,health,health,0.88,suc khoe,2026-09-16T11:01:31.586651
1750693646137959,unknown,unknown,0.3,,2026-09-16T11:01:31.586651
1750697042804286,unknown,unknown,0.3,,2026-09-16T11:01:31.586651
1750701146137209,unknown,unknown,0.3,,2026-09-16T11:01:31.586651
1750702409470416,unknown,unknown,0.3,,2026-09-16T11:01:31.586651
1750703486136975,unknown,unknown,0.3,,2026-09-16T11:01:31.586651
1750710526136271,life,life_general,0.82,nhan tho,2026-09-16T11:01:31.586651
1750720316135292,unknown,unknown,0.3,,2026-09-16T11:01:31.586651
1750722802801710,health,health,0.88,suc khoe,2026-09-16T11:01:31.586651
1750733389467318,unknown,unknown,0.3,,2026-09-16T11:01:31.586651
1750733646133959,unknown,unknown,0.3,,2026-09-16T11:01:31.586651
1750733669467290,health,health,0.88,suc khoe,2026-09-16T11:01:31.586651
1750736466133677,unknown,unknown,0.3,,2026-09-16T11:01:31.586651
1750737162800274,unknown,unknown,0.3,,2026-09-16T11:01:31.586651
1750738226133501,health,health,0.88,suc khoe,2026-09-16T11:01:31.586651
1750744949466162,unknown,unknown,0.3,,2026-09-16T11:01:31.586651
1750760359464621,unknown,unknown,0.3,,2026-09-16T11:01:31.586651
1750770349463622,unknown,unknown,0.3,,2026-09-16T11:01:31.586651
1750794219461235,unknown,unknown,0.3,,2026-09-16T11:01:31.586651
1750795006127823,unknown,unknown,0.3,,2026-09-16T11:01:31.586651
1750809692793021,life,life_general,0.82,nhan tho,2026-09-16T11:01:31.586651
1750905332783457,unknown,unknown,0.3,,2026-09-16T11:01:31.586651
1750910499449607,unknown,unknown,0.3,,2026-09-16T11:01:31.586651
1750912419449415,unknown,unknown,0.3,,2026-09-16T11:01:31.586651
1750952626112061,unknown,unknown,0.3,,2026-09-16T11:01:31.586651
1751127162761274,unknown,unknown,0.3,,2026-09-16T11:01:31.586651
1751136932760297,unknown,unknown,0.3,,2026-09-16T11:01:31.586651
1751757592698231,unknown,unknown,0.3,,2026-09-16T11:01:31.586651
1750689692805021,unknown,unknown,0.3,,2026-09-16T11:01:31.586651
1750708682803122,bank_insurance,bank_insurance,0.86,vay,2026-09-16T11:01:31.586651
1750836229457034,life,life_general,0.82,nhan tho,2026-09-16T11:01:31.586651
1750863482787642,health,health,0.88,suc khoe,2026-09-16T11:01:31.586651
1750760996131224,unknown,unknown,0.3,,2026-09-16T11:01:31.586651
1750762066131117,unknown,unknown,0.3,,2026-09-16T11:01:31.586651
1750798569460800,unknown,unknown,0.3,,2026-09-16T11:01:31.586651
1750801316127192,unknown,unknown,0.3,,2026-09-16T11:01:31.586651
1750804469460210,unknown,unknown,0.3,,2026-09-16T11:01:31.586651
1750823996124924,unknown,unknown,0.3,,2026-09-16T11:01:31.586651
1750907559449901,unknown,unknown,0.3,,2026-09-16T11:01:31.586651
1750932856114038,unknown,unknown,0.3,,2026-09-16T11:01:31.586651
1750939109446746,unknown,unknown,0.3,,2026-09-16T11:01:31.586651
1751128922761098,unknown,unknown,0.3,,2026-09-16T11:01:31.586651
1750788356128488,unknown,unknown,0.3,,2026-09-16T11:01:31.586651
1750789566128367,unknown,unknown,0.3,,2026-09-16T11:01:31.586651
1750793926127931,unknown,unknown,0.3,,2026-09-16T11:01:31.586651
1750818399458817,unknown,unknown,0.3,,2026-09-16T11:01:31.586651
1750681096139214,unknown,unknown,0.3,,2026-09-16T11:01:31.586651
1750681579472499,health,health,0.88,thai san,2026-09-16T11:01:31.586651
1750821296125194,unknown,unknown,0.3,,2026-09-16T11:01:31.586651
1750823236125000,health,health,0.88,suc khoe,2026-09-16T11:01:31.586651
1750825819458075,unknown,unknown,0.3,,2026-09-16T11:01:31.586651
1750826919457965,unknown,unknown,0.3,,2026-09-16T11:01:31.586651
1750827116124612,unknown,unknown,0.3,,2026-09-16T11:01:31.586651
1750828402791150,unknown,unknown,0.3,,2026-09-16T11:01:31.586651
1750830839457573,unknown,unknown,0.3,,2026-09-16T11:01:31.586651
1750839839456673,unknown,unknown,0.3,,2026-09-16T11:01:31.586651
1750841636123160,unknown,unknown,0.3,,2026-09-16T11:01:31.586651
1750846166122707,unknown,unknown,0.3,,2026-09-16T11:01:31.586651
1750848492789141,unknown,unknown,0.3,,2026-09-16T11:01:31.586651
1750853032788687,health,health,0.88,thai san,2026-09-16T11:01:31.586651
1750865102787480,unknown,unknown,0.3,,2026-09-16T11:01:31.586651
1750867562787234,health,health,0.88,thai san,2026-09-16T11:01:31.586651
1750874732786517,health,health,0.88,thai san,2026-09-16T11:01:31.586651
1750892182784772,health,health,0.88,vien phi,2026-09-16T11:01:31.586651
1750990452774945,car,car,0.96,o to,2026-09-16T11:01:31.586651
1751013189439338,bank_insurance,bank_insurance,0.86,vay,2026-09-16T11:01:31.586651
1751013206106003,unknown,unknown,0.3,,2026-09-16T11:01:31.586651
1751014172772573,bank_insurance,bank_insurance,0.86,vay,2026-09-16T11:01:31.586651
1751025152771475,unknown,unknown,0.3,,2026-09-16T11:01:31.586651
1751068096100514,unknown,unknown,0.3,,2026-09-16T11:01:31.586651
1751089659431691,bank_insurance,bank_insurance,0.86,vay,2026-09-16T11:01:31.586651
1751091349431522,health,health,0.88,suc khoe,2026-09-16T11:01:31.586651
1751111226096201,unknown,unknown,0.3,,2026-09-16T11:01:31.586651
1750831409457516,health,health,0.88,noi tru,2026-09-16T11:01:31.586651
1750827442791246,life,life_general,0.82,nhan tho,2026-09-16T11:01:31.586651
1750827872791203,unknown,unknown,0.3,,2026-09-16T11:01:31.586651
1750836526123671,bank_insurance,bank_insurance,0.86,vay,2026-09-16T11:01:31.586651
1750839436123380,unknown,unknown,0.3,,2026-09-16T11:01:31.586651
1750848389455818,bank_insurance,bank_insurance,0.86,ngan hang,2026-09-16T11:01:31.586651
1750848766122447,bank_insurance,bank_insurance,0.86,vay,2026-09-16T11:01:31.586651
1750849076122416,unknown,unknown,0.3,,2026-09-16T11:01:31.586651
1750890749451582,unknown,unknown,0.3,,2026-09-16T11:01:31.586651
1750903196117004,unknown,unknown,0.3,,2026-09-16T11:01:31.586651
1750825029458154,health,health,0.88,vien phi,2026-09-16T11:01:31.586651
1750830162790974,unknown,unknown,0.3,,2026-09-16T11:01:31.586651
1750874329453224,unknown,unknown,0.3,,2026-09-16T11:01:31.586651
1750963319444325,health,health,0.88,vien phi,2026-09-16T11:01:31.586651
1751014489439208,unknown,unknown,0.3,,2026-09-16T11:01:31.586651
1750831112790879,health,health,0.88,thai san,2026-09-16T11:01:31.586651
1750903582783632,unknown,unknown,0.3,,2026-09-16T11:01:31.586651
1750923032781687,unknown,unknown,0.3,,2026-09-16T11:01:31.586651
1750932662780724,health,health,0.88,thai san,2026-09-16T11:01:31.586651
1750935682780422,unknown,unknown,0.3,,2026-09-16T11:01:31.586651
1750939176113406,health,health,0.88,thai san,2026-09-16T11:01:31.586651
1750992079441449,health,health,0.88,thai san,2026-09-16T11:01:31.586651
1750994216107902,unknown,unknown,0.3,,2026-09-16T11:01:31.586651
1750997476107576,unknown,unknown,0.3,,2026-09-16T11:01:31.586651
1751006026106721,health,health,0.88,suc khoe,2026-09-16T11:01:31.586651
1751012562772734,unknown,unknown,0.3,,2026-09-16T11:01:31.586651
1751124252761565,unknown,unknown,0.3,,2026-09-16T11:01:31.586651
1751176366089687,unknown,unknown,0.3,,2026-09-16T11:01:31.586651
1751184282755562,unknown,unknown,0.3,,2026-09-16T11:01:31.586651
1751571276050196,unknown,unknown,0.3,,2026-09-16T11:01:31.586651
1751797212694269,travel,travel,0.94,du lich,2026-09-16T11:01:31.586651
1750827049457952,unknown,unknown,0.3,,2026-09-16T11:01:31.586651
1750839416123382,unknown,unknown,0.3,,2026-09-16T11:01:31.586651
1750887722785218,unknown,unknown,0.3,,2026-09-16T11:01:31.586651
1750888092785181,unknown,unknown,0.3,,2026-09-16T11:01:31.586651
1750888599451797,unknown,unknown,0.3,,2026-09-16T11:01:31.586651
1750888729451784,unknown,unknown,0.3,,2026-09-16T11:01:31.586651
1750902079450449,unknown,unknown,0.3,,2026-09-16T11:01:31.586651
1750909152783075,unknown,unknown,0.3,,2026-09-16T11:01:31.586651
1750911499449507,unknown,unknown,0.3,,2026-09-16T11:01:31.586651
1750823022791688,car,car,0.96,o to,2026-09-16T11:01:31.586651
1750823039458353,car,car,0.96,o to,2026-09-16T11:01:31.586651
1750823299458327,critical_illness,critical_illness,0.9,benh hiem ngheo,2026-09-16T11:01:31.586651
1750823439458313,unknown,unknown,0.3,,2026-09-16T11:01:31.586651
1750824472791543,critical_illness,critical_illness,0.9,benh hiem ngheo,2026-09-16T11:01:31.586651
1750824499458207,life,universal_life,0.92,lien ket chung,2026-09-16T11:01:31.586651
1750825682791422,unknown,unknown,0.3,,2026-09-16T11:01:31.586651
1750825749458082,unknown,unknown,0.3,,2026-09-16T11:01:31.586651
1750829759457681,health,health,0.88,suc khoe,2026-09-16T11:01:31.586651
1750829746124349,unknown,unknown,0.3,,2026-09-16T11:01:31.586651
1750833722790618,critical_illness,critical_illness,0.9,benh hiem ngheo,2026-09-16T11:01:31.586651
1750834009457256,critical_illness,critical_illness,0.9,đột quỵ,2026-09-16T11:01:31.586651
1750834092790581,unknown,unknown,0.3,,2026-09-16T11:01:31.586651
1750840082789982,unknown,unknown,0.3,,2026-09-16T11:01:31.586651
1750864402787550,critical_illness,critical_illness,0.9,benh hiem ngheo,2026-09-16T11:01:31.586651
1750870212786969,life,universal_life,0.92,lai suat cam ket,2026-09-16T11:01:31.586651
1750870532786937,unknown,unknown,0.3,,2026-09-16T11:01:31.586651
1750900812783909,health,health,0.88,suc khoe,2026-09-16T11:01:31.586651
1750926169448040,unknown,unknown,0.3,,2026-09-16T11:01:31.586651
1750940609446596,health,health,0.88,suc khoe,2026-09-16T11:01:31.586651
1750968726110451,unknown,unknown,0.3,,2026-09-16T11:01:31.586651
1751050159435641,critical_illness,critical_illness,0.9,benh hiem ngheo,2026-09-16T11:01:31.586651
1751117652762225,health,health,0.88,suc khoe,2026-09-16T11:01:31.586651
1751167422757248,unknown,unknown,0.3,,2026-09-16T11:01:31.586651
1751477409392916,health,health,0.88,suc khoe,2026-09-16T11:01:31.586651
1751580896049234,life,life_general,0.82,nhan tho,2026-09-16T11:01:31.586651
1751593792714611,critical_illness,critical_illness,0.9,benh hiem ngheo,2026-09-16T11:01:31.586651
1751714952702495,unknown,unknown,0.3,,2026-09-16T11:01:31.586651
1750859159454741,unknown,unknown,0.3,,2026-09-16T11:01:31.586651
1750861632787827,unknown,unknown,0.3,,2026-09-16T11:01:31.586651
1750869562787034,unknown,unknown,0.3,,2026-09-16T11:01:31.586651
1750870249453632,unknown,unknown,0.3,,2026-09-16T11:01:31.586651
1751145936092730,unknown,unknown,0.3,,2026-09-16T11:01:31.586651
1751147222759268,bank_insurance,bank_insurance,0.86,vay,2026-09-16T11:01:31.586651
1751151096092214,unknown,unknown,0.3,,2026-09-16T11:01:31.586651
1750916216115702,unknown,unknown,0.3,,2026-09-16T11:01:31.586651
1750919072782083,unknown,unknown,0.3,,2026-09-16T11:01:31.586651
1750920302781960,critical_illness,critical_illness,0.9,benh hiem ngheo,2026-09-16T11:01:31.586651
1750922706115053,life,life_general,0.82,nhan tho,2026-09-16T11:01:31.586651
1750922986115025,unknown,unknown,0.3,,2026-09-16T11:01:31.586651
1750923372781653,health,health,0.88,suc khoe,2026-09-16T11:01:31.586651
1750923629448294,unknown,unknown,0.3,,2026-09-16T11:01:31.586651
1750924782781512,unknown,unknown,0.3,,2026-09-16T11:01:31.586651
1750928596114464,unknown,unknown,0.3,,2026-09-16T11:01:31.586651
1750930786114245,critical_illness,critical_illness,0.9,ung thu,2026-09-16T11:01:31.586651
1750931876114136,unknown,unknown,0.3,,2026-09-16T11:01:31.586651
1750933362780654,life,life_general,0.82,bhnt,2026-09-16T11:01:31.586651
1750935429447114,life,life_general,0.82,nhan tho,2026-09-16T11:01:31.586651
1750937679446889,unknown,unknown,0.3,,2026-09-16T11:01:31.586651
1750941469446510,health,health,0.88,suc khoe,2026-09-16T11:01:31.586651
1750943582779632,unknown,unknown,0.3,,2026-09-16T11:01:31.586651
1750948419445815,life,life_general,0.82,nhan tho,2026-09-16T11:01:31.586651
1750977389442918,critical_illness,critical_illness,0.9,đột quỵ,2026-09-16T11:01:31.586651
1751009622773028,unknown,unknown,0.3,,2026-09-16T11:01:31.586651
1751017432772247,bank_insurance,bank_insurance,0.86,vay,2026-09-16T11:01:31.586651
1751018982772092,unknown,unknown,0.3,,2026-09-16T11:01:31.586651
1751119826095341,unknown,unknown,0.3,,2026-09-16T11:01:31.586651
1750915432782447,unknown,unknown,0.3,,2026-09-16T11:01:31.586651
1750916112782379,unknown,unknown,0.3,,2026-09-16T11:01:31.586651
1750927912781199,unknown,unknown,0.3,,2026-09-16T11:01:31.586651
1750936409447016,unknown,unknown,0.3,,2026-09-16T11:01:31.586651
1750949919445665,unknown,unknown,0.3,,2026-09-16T11:01:31.586651
1751013586105965,unknown,unknown,0.3,,2026-09-16T11:01:31.586651
1751216152752375,health,health,0.88,noi tru,2026-09-16T11:01:31.586651
1751235572750433,unknown,unknown,0.3,,2026-09-16T11:01:31.586651
1751430262730964,unknown,unknown,0.3,,2026-09-16T11:01:31.586651
1751430436064280,unknown,unknown,0.3,,2026-09-16T11:01:31.586651
1751471079393549,unknown,unknown,0.3,,2026-09-16T11:01:31.586651
1751530222720968,health,health,0.88,vien phi,2026-09-16T11:01:31.586651
1751582182715772,unknown,unknown,0.3,,2026-09-16T11:01:31.586651
1751589049381752,unknown,unknown,0.3,,2026-09-16T11:01:31.586651
1751597669380890,unknown,unknown,0.3,,2026-09-16T11:01:31.586651
1751605052713485,unknown,unknown,0.3,,2026-09-16T11:01:31.586651
1751223206085003,unknown,unknown,0.3,,2026-09-16T11:01:31.586651
1751169122757078,health,health,0.88,suc khoe,2026-09-16T11:01:31.586651
1751169479423709,unknown,unknown,0.3,,2026-09-16T11:01:31.586651
1751067649433892,life,life_general,0.82,nhan tho,2026-09-16T11:01:31.586651
1751080309432626,life,life_general,0.82,nhan tho,2026-09-16T11:01:31.586651
1751082892765701,unknown,unknown,0.3,,2026-09-16T11:01:31.586651
1751083332765657,health,health,0.88,suc khoe,2026-09-16T11:01:31.586651
1751097066097617,unknown,unknown,0.3,,2026-09-16T11:01:31.586651
1751102539430403,health,health,0.88,suc khoe,2026-09-16T11:01:31.586651
1751112209429436,health,health,0.88,suc khoe,2026-09-16T11:01:31.586651
1751113059429351,health,health,0.88,suc khoe,2026-09-16T11:01:31.586651
1751116389429018,health,health,0.88,vien phi,2026-09-16T11:01:31.586651
1751172939423363,health,health,0.88,suc khoe,2026-09-16T11:01:31.586651
1751537466053577,life,universal_life,0.92,lai suat cam ket,2026-09-16T11:01:31.586651
1751573162716674,life,life_general,0.82,hợp đồng bảo hiểm,2026-09-16T11:01:31.586651
1751576762716314,unknown,unknown,0.3,,2026-09-16T11:01:31.586651
1751584849382172,unknown,unknown,0.3,,2026-09-16T11:01:31.586651
1751586532715337,health,health,0.88,suc khoe,2026-09-16T11:01:31.586651
1751612049379452,life,life_general,0.82,nhan tho,2026-09-16T11:01:31.586651
1751738822700108,unknown,unknown,0.3,,2026-09-16T11:01:31.586651
1751102532763737,unknown,unknown,0.3,,2026-09-16T11:01:31.586651
1751172436090080,unknown,unknown,0.3,,2026-09-16T11:01:31.586651
1751596596047664,unknown,unknown,0.3,,2026-09-16T11:01:31.586651
1751596812714309,unknown,unknown,0.3,,2026-09-16T11:01:31.586651
1751075216099802,health,health,0.88,suc khoe,2026-09-16T11:01:31.586651
1751079429432714,unknown,unknown,0.3,,2026-09-16T11:01:31.586651
1751081572765833,unknown,unknown,0.3,,2026-09-16T11:01:31.586651
1751084656098858,health,health,0.88,suc khoe,2026-09-16T11:01:31.586651
1751085989432058,health,health,0.88,suc khoe,2026-09-16T11:01:31.586651
1751087799431877,health,health,0.88,suc khoe,2026-09-16T11:01:31.586651
1751097612764229,unknown,unknown,0.3,,2026-09-16T11:01:31.586651
1751098656097458,unknown,unknown,0.3,,2026-09-16T11:01:31.586651
1751107259429931,unknown,unknown,0.3,,2026-09-16T11:01:31.586651
1751109926096331,unknown,unknown,0.3,,2026-09-16T11:01:31.586651
1751110019429655,unknown,unknown,0.3,,2026-09-16T11:01:31.586651
1751119206095403,unknown,unknown,0.3,,2026-09-16T11:01:31.586651
1751142852759705,health,health,0.88,suc khoe,2026-09-16T11:01:31.586651
1751166236090700,unknown,unknown,0.3,,2026-09-16T11:01:31.586651
1751172172756773,unknown,unknown,0.3,,2026-09-16T11:01:31.586651
1751470802726910,unknown,unknown,0.3,,2026-09-16T11:01:31.586651
1751473202726670,health,health,0.88,suc khoe,2026-09-16T11:01:31.586651
1751473229393334,health,health,0.88,suc khoe,2026-09-16T11:01:31.586651
1751482566059067,unknown,unknown,0.3,,2026-09-16T11:01:31.586651
1751486029392054,unknown,unknown,0.3,,2026-09-16T11:01:31.586651
1751493892724601,health,health,0.88,suc khoe,2026-09-16T11:01:31.586651
1751494096057914,car,car,0.96,o to,2026-09-16T11:01:31.586651
1751508579389799,unknown,unknown,0.3,,2026-09-16T11:01:31.586651
1751585126048811,unknown,unknown,0.3,,2026-09-16T11:01:31.586651
1751614502712540,life,life_general,0.82,nhan tho,2026-09-16T11:01:31.586651
1751691469371510,unknown,unknown,0.3,,2026-09-16T11:01:31.586651
1751804416026882,unknown,unknown,0.3,,2026-09-16T11:01:31.586651
1751169896090334,unknown,unknown,0.3,,2026-09-16T11:01:31.586651
1751175002756490,health,health,0.88,suc khoe,2026-09-16T11:01:31.586651
1751175406089783,health,health,0.88,suc khoe,2026-09-16T11:01:31.586651
1751184626088861,health,health,0.88,thai san,2026-09-16T11:01:31.586651
1751195522754438,unknown,unknown,0.3,,2026-09-16T11:01:31.586651
1751215366085787,health,health,0.88,thai san,2026-09-16T11:01:31.586651
1751229022751088,health,health,0.88,suc khoe,2026-09-16T11:01:31.586651
1751235002750490,health,health,0.88,suc khoe,2026-09-16T11:01:31.586651
1751253609415296,health,health,0.88,thai san,2026-09-16T11:01:31.586651
1751579036049420,car,car,0.96,o to,2026-09-16T11:01:31.586651
1751635632710427,unknown,unknown,0.3,,2026-09-16T11:01:31.586651
1751656366041687,health,health,0.88,suc khoe,2026-09-16T11:01:31.586651
1751727046034619,unknown,unknown,0.3,,2026-09-16T11:01:31.586651
1751102206097103,unknown,unknown,0.3,,2026-09-16T11:01:31.586651
1751105222763468,unknown,unknown,0.3,,2026-09-16T11:01:31.586651
1751105299430127,unknown,unknown,0.3,,2026-09-16T11:01:31.586651
1751112816096042,unknown,unknown,0.3,,2026-09-16T11:01:31.586651
1751126259428031,unknown,unknown,0.3,,2026-09-16T11:01:31.586651
1751134479427209,unknown,unknown,0.3,,2026-09-16T11:01:31.586651
1751135079427149,unknown,unknown,0.3,,2026-09-16T11:01:31.586651
1751625322711458,unknown,unknown,0.3,,2026-09-16T11:01:31.586651
1751628606044463,unknown,unknown,0.3,,2026-09-16T11:01:31.586651
1751629949377662,unknown,unknown,0.3,,2026-09-16T11:01:31.586651
1751067189433938,unknown,unknown,0.3,,2026-09-16T11:01:31.586651
1751067229433934,unknown,unknown,0.3,,2026-09-16T11:01:31.586651
1751070959433561,health,health,0.88,noi tru,2026-09-16T11:01:31.586651
1751074416099882,unknown,unknown,0.3,,2026-09-16T11:01:31.586651
1751079559432701,unknown,unknown,0.3,,2026-09-16T11:01:31.586651
1751087322765258,unknown,unknown,0.3,,2026-09-16T11:01:31.586651
1751088279431829,unknown,unknown,0.3,,2026-09-16T11:01:31.586651
1751089169431740,unknown,unknown,0.3,,2026-09-16T11:01:31.586651
1751092746098049,unknown,unknown,0.3,,2026-09-16T11:01:31.586651
1751096636097660,health,health,0.88,suc khoe,2026-09-16T11:01:31.586651
1751096736097650,unknown,unknown,0.3,,2026-09-16T11:01:31.586651
1751102412763749,unknown,unknown,0.3,,2026-09-16T11:01:31.586651
1751102759430381,health,health,0.88,suc khoe,2026-09-16T11:01:31.586651
1751111859429471,life,life_general,0.82,nhan tho,2026-09-16T11:01:31.586651
1751116909428966,health,health,0.88,vien phi,2026-09-16T11:01:31.586651
1751118592762131,unknown,unknown,0.3,,2026-09-16T11:01:31.586651
1751166986090625,unknown,unknown,0.3,,2026-09-16T11:01:31.586651
1751171762756814,unknown,unknown,0.3,,2026-09-16T11:01:31.586651
1751215472752443,unknown,unknown,0.3,,2026-09-16T11:01:31.586651
1751580389382618,unknown,unknown,0.3,,2026-09-16T11:01:31.586651
1751583829382274,unknown,unknown,0.3,,2026-09-16T11:01:31.586651
1751584592715531,unknown,unknown,0.3,,2026-09-16T11:01:31.586651
1751584782715512,unknown,unknown,0.3,,2026-09-16T11:01:31.586651
1751586002715390,unknown,unknown,0.3,,2026-09-16T11:01:31.586651
1751587206048603,life,life_general,0.82,nhan tho,2026-09-16T11:01:31.586651
1751621512711839,health,health,0.88,noi tru,2026-09-16T11:01:31.586651
1751737682700222,unknown,unknown,0.3,,2026-09-16T11:01:31.586651
1751750912698899,unknown,unknown,0.3,,2026-09-16T11:01:31.586651
1751085822765408,unknown,unknown,0.3,,2026-09-16T11:01:31.586651
1751087129431944,critical_illness,critical_illness,0.9,benh hiem ngheo,2026-09-16T11:01:31.586651
1751089722765018,life,life_general,0.82,nhan tho,2026-09-16T11:01:31.586651
1751090086098315,health,health,0.88,suc khoe,2026-09-16T11:01:31.586651
1751091562764834,health,health,0.88,suc khoe,2026-09-16T11:01:31.586651
1751092156098108,health,health,0.88,suc khoe,2026-09-16T11:01:31.586651
1751097799430877,unknown,unknown,0.3,,2026-09-16T11:01:31.586651
1751101319430525,unknown,unknown,0.3,,2026-09-16T11:01:31.586651
1751101646097159,critical_illness,critical_illness,0.9,benh hiem ngheo,2026-09-16T11:01:31.586651
1751103799430277,unknown,unknown,0.3,,2026-09-16T11:01:31.586651
1751109416096382,critical_illness,critical_illness,0.9,đột quỵ,2026-09-16T11:01:31.586651
1751111659429491,health,health,0.88,noi tru,2026-09-16T11:01:31.586651
1751124362761554,health,health,0.88,suc khoe,2026-09-16T11:01:31.586651
1751171046090219,health,health,0.88,suc khoe,2026-09-16T11:01:31.586651
1751576142716376,life,life_general,0.82,nhan tho,2026-09-16T11:01:31.586651
1751626806044643,critical_illness,critical_illness,0.9,benh hiem ngheo,2026-09-16T11:01:31.586651
1751736502700340,unknown,unknown,0.3,,2026-09-16T11:01:31.586651
1751153882758602,unknown,unknown,0.3,,2026-09-16T11:01:31.586651
1751155696091754,unknown,unknown,0.3,,2026-09-16T11:01:31.586651
1751162512757739,unknown,unknown,0.3,,2026-09-16T11:01:31.586651
1751170092756981,unknown,unknown,0.3,,2026-09-16T11:01:31.586651
1751183569422300,unknown,unknown,0.3,,2026-09-16T11:01:31.586651
1751220166085307,unknown,unknown,0.3,,2026-09-16T11:01:31.586651
1751220362751954,unknown,unknown,0.3,,2026-09-16T11:01:31.586651
1751220056085318,travel,travel,0.94,du lich,2026-09-16T11:01:31.586651
1751222609418396,travel,travel,0.94,visa,2026-09-16T11:01:31.586651
1751224192751571,travel,travel,0.94,visa,2026-09-16T11:01:31.586651
1751230202750970,unknown,unknown,0.3,,2026-09-16T11:01:31.586651
1751235109417146,unknown,unknown,0.3,,2026-09-16T11:01:31.586651
1751235919417065,travel,travel,0.94,du lich,2026-09-16T11:01:31.586651
1751543429386314,travel,travel,0.94,du lich,2026-09-16T11:01:31.586651
1751581266049197,unknown,unknown,0.3,,2026-09-16T11:01:31.586651
1751626732711317,unknown,unknown,0.3,,2026-09-16T11:01:31.586651
1751634676043856,unknown,unknown,0.3,,2026-09-16T11:01:31.586651
1751718162702174,unknown,unknown,0.3,,2026-09-16T11:01:31.586651
1751719002702090,unknown,unknown,0.3,,2026-09-16T11:01:31.586651
1751719622702028,unknown,unknown,0.3,,2026-09-16T11:01:31.586651
2501582310345660,non_life_general,non_life_general,0.75,pti,2026-09-16T11:01:31.586651
2501600183677206,unknown,unknown,0.3,,2026-09-16T11:01:31.586651
2501921193645105,unknown,unknown,0.3,,2026-09-16T11:01:31.586651
2502176716952886,car,car,0.96,o to,2026-09-16T11:01:31.586651
2502873973549827,unknown,unknown,0.3,,2026-09-16T11:01:31.586651
2506820433155181,unknown,unknown,0.3,,2026-09-16T11:01:31.586651
2501587610345130,unknown,unknown,0.3,,2026-09-16T11:01:31.586651
2501591933678031,unknown,unknown,0.3,,2026-09-16T11:01:31.586651
2501924210311470,unknown,unknown,0.3,,2026-09-16T11:01:31.586651
2501928813644343,unknown,unknown,0.3,,2026-09-16T11:01:31.586651
2501929393644285,unknown,unknown,0.3,,2026-09-16T11:01:31.586651
2501960983641126,unknown,unknown,0.3,,2026-09-16T11:01:31.586651
2501978076972750,unknown,unknown,0.3,,2026-09-16T11:01:31.586651
2501993370304554,unknown,unknown,0.3,,2026-09-16T11:01:31.586651
2502885473548677,unknown,unknown,0.3,,2026-09-16T11:01:31.586651
2502809860222905,unknown,unknown,0.3,,2026-09-16T11:01:31.586651
2502811650222726,unknown,unknown,0.3,,2026-09-16T11:01:31.586651
2502813313555893,critical_illness,critical_illness,0.9,ung thu,2026-09-16T11:01:31.586651
2502817420222149,unknown,unknown,0.3,,2026-09-16T11:01:31.586651
2502818626888695,health,health,0.88,suc khoe,2026-09-16T11:01:31.586651
2502823290221562,health,health,0.88,suc khoe,2026-09-16T11:01:31.586651
2502823660221525,health,health,0.88,suc khoe,2026-09-16T11:01:31.586651
2502825040221387,life,life_general,0.82,bhnt,2026-09-16T11:01:31.586651
2502825690221322,health,health,0.88,suc khoe,2026-09-16T11:01:31.586651
2502827773554447,health,health,0.88,suc khoe,2026-09-16T11:01:31.586651
2502829880220903,car,car,0.96,o to,2026-09-16T11:01:31.586651
2502832920220599,unknown,unknown,0.3,,2026-09-16T11:01:31.586651
2502835306887027,non_life_general,non_life_general,0.75,mic,2026-09-16T11:01:31.586651
2502839730219918,life,life_general,0.82,bhnt,2026-09-16T11:01:31.586651
2502840323553192,health,health,0.88,suc khoe,2026-09-16T11:01:31.586651
2502849026885655,unknown,unknown,0.3,,2026-09-16T11:01:31.586651
2502852406885317,unknown,unknown,0.3,,2026-09-16T11:01:31.586651
2502855043551720,life,life_general,0.82,nhan tho,2026-09-16T11:01:31.586651
2502859656884592,health,health,0.88,suc khoe,2026-09-16T11:01:31.586651
2502478523589372,non_life_general,non_life_general,0.75,pti,2026-09-16T11:01:31.586651
2502479200255971,unknown,unknown,0.3,,2026-09-16T11:01:31.586651
2502483720255519,unknown,unknown,0.3,,2026-09-16T11:01:31.586651
2502490600254831,unknown,unknown,0.3,,2026-09-16T11:01:31.586651
2502506936919864,non_life_general,non_life_general,0.75,pti,2026-09-16T11:01:31.586651
2502827356887822,unknown,unknown,0.3,,2026-09-16T11:01:31.586651
2502827606887797,unknown,unknown,0.3,,2026-09-16T11:01:31.586651
2503092340194657,non_life_general,non_life_general,0.75,pti,2026-09-16T11:01:31.586651
2503366490167242,unknown,unknown,0.3,,2026-09-16T11:01:31.586651
2503310660172825,unknown,unknown,0.3,,2026-09-16T11:01:31.586651
2503364416834116,unknown,unknown,0.3,,2026-09-16T11:01:31.586651
2503019606868597,unknown,unknown,0.3,,2026-09-16T11:01:31.586651
2503024293534795,unknown,unknown,0.3,,2026-09-16T11:01:31.586651
2503024856868072,unknown,unknown,0.3,,2026-09-16T11:01:31.586651
2503026700201221,unknown,unknown,0.3,,2026-09-16T11:01:31.586651
2503028636867694,unknown,unknown,0.3,,2026-09-16T11:01:31.586651
2503031126867445,unknown,unknown,0.3,,2026-09-16T11:01:31.586651
2503064396864118,unknown,unknown,0.3,,2026-09-16T11:01:31.586651
2503075513529673,bank_insurance,bank_insurance,0.86,vay,2026-09-16T11:01:31.586651
2503076253529599,health,health,0.88,noi tru,2026-09-16T11:01:31.586651
2503082186862339,unknown,unknown,0.3,,2026-09-16T11:01:31.586651
2503201740183717,unknown,unknown,0.3,,2026-09-16T11:01:31.586651
2503366066833951,unknown,unknown,0.3,,2026-09-16T11:01:31.586651
2503516590152232,life,life_general,0.82,quyen loi bao hiem,2026-09-16T11:01:31.586651
2503814130122478,unknown,unknown,0.3,,2026-09-16T11:01:31.586651
2503055976864960,unknown,unknown,0.3,,2026-09-16T11:01:31.586651
2503065306864027,unknown,unknown,0.3,,2026-09-16T11:01:31.586651
2503100140193877,unknown,unknown,0.3,,2026-09-16T11:01:31.586651
2503234570180434,unknown,unknown,0.3,,2026-09-16T11:01:31.586651
2503241890179702,unknown,unknown,0.3,,2026-09-16T11:01:31.586651
2503365270167364,unknown,unknown,0.3,,2026-09-16T11:01:31.586651
2503667366803821,unknown,unknown,0.3,,2026-09-16T11:01:31.586651
2503820296788528,unknown,unknown,0.3,,2026-09-16T11:01:31.586651
2506526189851272,unknown,unknown,0.3,,2026-09-16T11:01:31.586651
2506819059821985,unknown,unknown,0.3,,2026-09-16T11:01:31.586651
2503130946857463,unknown,unknown,0.3,,2026-09-16T11:01:31.586651
2503159420187949,unknown,unknown,0.3,,2026-09-16T11:01:31.586651
2503166980187193,unknown,unknown,0.3,,2026-09-16T11:01:31.586651
2503190276851530,unknown,unknown,0.3,,2026-09-16T11:01:31.586651
2503215313515693,unknown,unknown,0.3,,2026-09-16T11:01:31.586651
2503233813513843,unknown,unknown,0.3,,2026-09-16T11:01:31.586651
2503273666843191,unknown,unknown,0.3,,2026-09-16T11:01:31.586651
2503280736842484,unknown,unknown,0.3,,2026-09-16T11:01:31.586651
2503316870172204,unknown,unknown,0.3,,2026-09-16T11:01:31.586651
2503364010167490,unknown,unknown,0.3,,2026-09-16T11:01:31.586651
2503716253465599,unknown,unknown,0.3,,2026-09-16T11:01:31.586651
2503767776793780,unknown,unknown,0.3,,2026-09-16T11:01:31.586651
2503769420126949,unknown,unknown,0.3,,2026-09-16T11:01:31.586651
2503771330126758,unknown,unknown,0.3,,2026-09-16T11:01:31.586651
2503772053460019,unknown,unknown,0.3,,2026-09-16T11:01:31.586651
2503779823459242,non_life_general,non_life_general,0.75,pvi,2026-09-16T11:01:31.586651
2503785040125387,unknown,unknown,0.3,,2026-09-16T11:01:31.586651
2506034449900446,bank_insurance,bank_insurance,0.86,vay,2026-09-16T11:01:31.586651
2506035669900324,unknown,unknown,0.3,,2026-09-16T11:01:31.586651
2507381953099029,bank_insurance,bank_insurance,0.86,vay,2026-09-16T11:01:31.586651
2507427079761183,unknown,unknown,0.3,,2026-09-16T11:01:31.586651
2507459269757964,unknown,unknown,0.3,,2026-09-16T11:01:31.586651
2503137576856800,unknown,unknown,0.3,,2026-09-16T11:01:31.586651
2503142733522951,unknown,unknown,0.3,,2026-09-16T11:01:31.586651
2503144070189484,non_life_general,non_life_general,0.75,pvi,2026-09-16T11:01:31.586651
2503145106856047,unknown,unknown,0.3,,2026-09-16T11:01:31.586651
2503173076853250,unknown,unknown,0.3,,2026-09-16T11:01:31.586651
2503227530181138,unknown,unknown,0.3,,2026-09-16T11:01:31.586651
2503365613500663,unknown,unknown,0.3,,2026-09-16T11:01:31.586651
2503895920114299,unknown,unknown,0.3,,2026-09-16T11:01:31.586651
2503972970106594,non_life_general,non_life_general,0.75,pvi,2026-09-16T11:01:31.586651
2504326813404543,unknown,unknown,0.3,,2026-09-16T11:01:31.586651
2503248353512389,unknown,unknown,0.3,,2026-09-16T11:01:31.586651
2503249673512257,unknown,unknown,0.3,,2026-09-16T11:01:31.586651
2503250683512156,unknown,unknown,0.3,,2026-09-16T11:01:31.586651
2503251470178744,unknown,unknown,0.3,,2026-09-16T11:01:31.586651
2503253456845212,unknown,unknown,0.3,,2026-09-16T11:01:31.586651
2503254323511792,unknown,unknown,0.3,,2026-09-16T11:01:31.586651
2503269780176913,unknown,unknown,0.3,,2026-09-16T11:01:31.586651
2503273773509847,unknown,unknown,0.3,,2026-09-16T11:01:31.586651
2503288043508420,unknown,unknown,0.3,,2026-09-16T11:01:31.586651
2503288273508397,unknown,unknown,0.3,,2026-09-16T11:01:31.586651
2503307720173119,unknown,unknown,0.3,,2026-09-16T11:01:31.586651
2503364880167403,unknown,unknown,0.3,,2026-09-16T11:01:31.586651
2503395476831010,unknown,unknown,0.3,,2026-09-16T11:01:31.586651
2503546670149224,unknown,unknown,0.3,,2026-09-16T11:01:31.586651
2503682690135622,unknown,unknown,0.3,,2026-09-16T11:01:31.586651
2503917113445513,unknown,unknown,0.3,,2026-09-16T11:01:31.586651
2503962243441000,unknown,unknown,0.3,,2026-09-16T11:01:31.586651
2504041070099784,unknown,unknown,0.3,,2026-09-16T11:01:31.586651
2504042286766329,unknown,unknown,0.3,,2026-09-16T11:01:31.586651
2506753029828588,unknown,unknown,0.3,,2026-09-16T11:01:31.586651
2503330373504187,non_life_general,non_life_general,0.75,mic,2026-09-16T11:01:31.586651
2503331453504079,unknown,unknown,0.3,,2026-09-16T11:01:31.586651
2503340313503193,car,car,0.96,o to,2026-09-16T11:01:31.586651
2503344853502739,non_life_general,non_life_general,0.75,pti,2026-09-16T11:01:31.586651
2503355603501664,non_life_general,non_life_general,0.75,mic,2026-09-16T11:01:31.586651
2503359206834637,unknown,unknown,0.3,,2026-09-16T11:01:31.586651
2503361240167767,unknown,unknown,0.3,,2026-09-16T11:01:31.586651
2503372640166627,unknown,unknown,0.3,,2026-09-16T11:01:31.586651
2503653260138565,bank_insurance,bank_insurance,0.86,vay,2026-09-16T11:01:31.586651
2503699773467247,unknown,unknown,0.3,,2026-09-16T11:01:31.586651
2503721326798425,unknown,unknown,0.3,,2026-09-16T11:01:31.586651
2503912896779268,non_life_general,non_life_general,0.75,mic,2026-09-16T11:01:31.586651
2503913880112503,unknown,unknown,0.3,,2026-09-16T11:01:31.586651
2503938936776664,unknown,unknown,0.3,,2026-09-16T11:01:31.586651
2504018096768748,car,car,0.96,o to,2026-09-16T11:01:31.586651
2504037903433434,unknown,unknown,0.3,,2026-09-16T11:01:31.586651
2503814630122428,unknown,unknown,0.3,,2026-09-16T11:01:31.586651
2503821650121726,unknown,unknown,0.3,,2026-09-16T11:01:31.586651
2503844366786121,unknown,unknown,0.3,,2026-09-16T11:01:31.586651
2504023920101499,unknown,unknown,0.3,,2026-09-16T11:01:31.586651
2504052053432019,car,car,0.96,oto,2026-09-16T11:01:31.586651
2504084083428816,unknown,unknown,0.3,,2026-09-16T11:01:31.586651
2504162590087632,unknown,unknown,0.3,,2026-09-16T11:01:31.586651
2504162830087608,unknown,unknown,0.3,,2026-09-16T11:01:31.586651
2504165320087359,unknown,unknown,0.3,,2026-09-16T11:01:31.586651
2504165596753998,unknown,unknown,0.3,,2026-09-16T11:01:31.586651
2504166046753953,unknown,unknown,0.3,,2026-09-16T11:01:31.586651
2503926506777907,unknown,unknown,0.3,,2026-09-16T11:01:31.586651
2503973230106568,unknown,unknown,0.3,,2026-09-16T11:01:31.586651
2504119316758626,unknown,unknown,0.3,,2026-09-16T11:01:31.586651
2504345146736043,unknown,unknown,0.3,,2026-09-16T11:01:31.586651
2504082620095629,unknown,unknown,0.3,,2026-09-16T11:01:31.586651
2504084263428798,unknown,unknown,0.3,,2026-09-16T11:01:31.586651
2504086400095251,unknown,unknown,0.3,,2026-09-16T11:01:31.586651
2504107766759781,unknown,unknown,0.3,,2026-09-16T11:01:31.586651
2504107953426429,unknown,unknown,0.3,,2026-09-16T11:01:31.586651
2504127043424520,unknown,unknown,0.3,,2026-09-16T11:01:31.586651
2504128400091051,unknown,unknown,0.3,,2026-09-16T11:01:31.586651
2504131360090755,unknown,unknown,0.3,,2026-09-16T11:01:31.586651
2504148090089082,bank_insurance,bank_insurance,0.86,vay,2026-09-16T11:01:31.586651
2504155860088305,unknown,unknown,0.3,,2026-09-16T11:01:31.586651
2504157363421488,unknown,unknown,0.3,,2026-09-16T11:01:31.586651
2504657663371458,unknown,unknown,0.3,,2026-09-16T11:01:31.586651
2504666350037256,unknown,unknown,0.3,,2026-09-16T11:01:31.586651
2505653136605244,bank_insurance,bank_insurance,0.86,vay,2026-09-16T11:01:31.586651
2505656859938205,unknown,unknown,0.3,,2026-09-16T11:01:31.586651
2505659283271296,bank_insurance,bank_insurance,0.86,vay,2026-09-16T11:01:31.586651
2505660676604490,unknown,unknown,0.3,,2026-09-16T11:01:31.586651
2505661513271073,unknown,unknown,0.3,,2026-09-16T11:01:31.586651
2505662016604356,unknown,unknown,0.3,,2026-09-16T11:01:31.586651
2505668053270419,unknown,unknown,0.3,,2026-09-16T11:01:31.586651
2505668416603716,life,life_general,0.82,nhan tho,2026-09-16T11:01:31.586651
2505700099933881,unknown,unknown,0.3,,2026-09-16T11:01:31.586651
2505714953265729,unknown,unknown,0.3,,2026-09-16T11:01:31.586651
2505715646598993,unknown,unknown,0.3,,2026-09-16T11:01:31.586651
2505748646595693,unknown,unknown,0.3,,2026-09-16T11:01:31.586651
2505794783257746,unknown,unknown,0.3,,2026-09-16T11:01:31.586651
2505917169912174,unknown,unknown,0.3,,2026-09-16T11:01:31.586651
2505934283243796,unknown,unknown,0.3,,2026-09-16T11:01:31.586651
2505986046571953,unknown,unknown,0.3,,2026-09-16T11:01:31.586651
2505986409905250,unknown,unknown,0.3,,2026-09-16T11:01:31.586651
2505995033237721,unknown,unknown,0.3,,2026-09-16T11:01:31.586651
2506196416550916,unknown,unknown,0.3,,2026-09-16T11:01:31.586651
2506206086549949,unknown,unknown,0.3,,2026-09-16T11:01:31.586651
2506259826544575,unknown,unknown,0.3,,2026-09-16T11:01:31.586651
2506413773195847,unknown,unknown,0.3,,2026-09-16T11:01:31.586651
2506470609856830,car,car,0.96,vat chat xe,2026-09-16T11:01:31.586651
2506470943190130,unknown,unknown,0.3,,2026-09-16T11:01:31.586651
2506577979846093,car,car,0.96,o to,2026-09-16T11:01:31.586651
2506589799844911,unknown,unknown,0.3,,2026-09-16T11:01:31.586651
2506591019844789,unknown,unknown,0.3,,2026-09-16T11:01:31.586651
2506592923177932,unknown,unknown,0.3,,2026-09-16T11:01:31.586651
2506642533172971,unknown,unknown,0.3,,2026-09-16T11:01:31.586651
2506651539838737,unknown,unknown,0.3,,2026-09-16T11:01:31.586651
2506652253171999,unknown,unknown,0.3,,2026-09-16T11:01:31.586651
2507554849748406,unknown,unknown,0.3,,2026-09-16T11:01:31.586651
2505774909926400,unknown,unknown,0.3,,2026-09-16T11:01:31.586651
2505782283258996,unknown,unknown,0.3,,2026-09-16T11:01:31.586651
2505787853258439,unknown,unknown,0.3,,2026-09-16T11:01:31.586651
2505789863258238,unknown,unknown,0.3,,2026-09-16T11:01:31.586651
2505795389924352,unknown,unknown,0.3,,2026-09-16T11:01:31.586651
2505860773251147,unknown,unknown,0.3,,2026-09-16T11:01:31.586651
2505872283249996,non_life_general,non_life_general,0.75,mic,2026-09-16T11:01:31.586651
2505877349916156,unknown,unknown,0.3,,2026-09-16T11:01:31.586651
2505877806582777,bank_insurance,bank_insurance,0.86,vay,2026-09-16T11:01:31.586651
2506119239891967,bank_insurance,bank_insurance,0.86,vay,2026-09-16T11:01:31.586651
2506520683185156,unknown,unknown,0.3,,2026-09-16T11:01:31.586651
2506548716515686,unknown,unknown,0.3,,2026-09-16T11:01:31.586651
2506558853181339,unknown,unknown,0.3,,2026-09-16T11:01:31.586651
2506560093181215,unknown,unknown,0.3,,2026-09-16T11:01:31.586651
2506561676514390,non_life_general,non_life_general,0.75,pvi,2026-09-16T11:01:31.586651
2506564566514101,unknown,unknown,0.3,,2026-09-16T11:01:31.586651
2506566423180582,unknown,unknown,0.3,,2026-09-16T11:01:31.586651
2506568116513746,unknown,unknown,0.3,,2026-09-16T11:01:31.586651
2506587359845155,non_life_general,non_life_general,0.75,pvi,2026-09-16T11:01:31.586651
2506601589843732,unknown,unknown,0.3,,2026-09-16T11:01:31.586651
2506675113169713,unknown,unknown,0.3,,2026-09-16T11:01:31.586651
2506769966493561,unknown,unknown,0.3,,2026-09-16T11:01:31.586651
2507044856466072,unknown,unknown,0.3,,2026-09-16T11:01:31.586651
2507603623076862,unknown,unknown,0.3,,2026-09-16T11:01:31.586651
2507653113071913,unknown,unknown,0.3,,2026-09-16T11:01:31.586651
2506651623172062,unknown,unknown,0.3,,2026-09-16T11:01:31.586651
2506666943170530,unknown,unknown,0.3,,2026-09-16T11:01:31.586651
2506679213169303,unknown,unknown,0.3,,2026-09-16T11:01:31.586651
2506702886500269,unknown,unknown,0.3,,2026-09-16T11:01:31.586651
2506729906497567,unknown,unknown,0.3,,2026-09-16T11:01:31.586651
2506752283161996,unknown,unknown,0.3,,2026-09-16T11:01:31.586651
2506791883158036,unknown,unknown,0.3,,2026-09-16T11:01:31.586651
2506808079823083,unknown,unknown,0.3,,2026-09-16T11:01:31.586651
2506817816488776,unknown,unknown,0.3,,2026-09-16T11:01:31.586651
2506888523148372,unknown,unknown,0.3,,2026-09-16T11:01:31.586651
2507029259800965,bank_insurance,bank_insurance,0.86,vay,2026-09-16T11:01:31.586651
2507578003079424,unknown,unknown,0.3,,2026-09-16T11:01:31.586651
2506737469830144,unknown,unknown,0.3,,2026-09-16T11:01:31.586651
2506752579828633,health,health,0.88,vien phi,2026-09-16T11:01:31.586651
2506753639828527,unknown,unknown,0.3,,2026-09-16T11:01:31.586651
2506758356494722,unknown,unknown,0.3,,2026-09-16T11:01:31.586651
2506764069827484,health,health,0.88,suc khoe,2026-09-16T11:01:31.586651
2506844816486076,unknown,unknown,0.3,,2026-09-16T11:01:31.586651
2507301253107099,unknown,unknown,0.3,,2026-09-16T11:01:31.586651
2507000586470499,unknown,unknown,0.3,,2026-09-16T11:01:31.586651
2507300293107195,unknown,unknown,0.3,,2026-09-16T11:01:31.586651
2507439893093235,bank_insurance,bank_insurance,0.86,vay,2026-09-16T11:01:31.586651
2507475983089626,unknown,unknown,0.3,,2026-09-16T11:01:31.586651
2507476326422925,unknown,unknown,0.3,,2026-09-16T11:01:31.586651
2506823976488160,unknown,unknown,0.3,,2026-09-16T11:01:31.586651
2506826593154565,unknown,unknown,0.3,,2026-09-16T11:01:31.586651
2506827189821172,unknown,unknown,0.3,,2026-09-16T11:01:31.586651
2506829096487648,unknown,unknown,0.3,,2026-09-16T11:01:31.586651
2506829439820947,unknown,unknown,0.3,,2026-09-16T11:01:31.586651
2506829639820927,unknown,unknown,0.3,,2026-09-16T11:01:31.586651
2506846056485952,unknown,unknown,0.3,,2026-09-16T11:01:31.586651
2506858183151406,unknown,unknown,0.3,,2026-09-16T11:01:31.586651
2506858416484716,unknown,unknown,0.3,,2026-09-16T11:01:31.586651
2506859149817976,bank_insurance,bank_insurance,0.86,vay,2026-09-16T11:01:31.586651
2506902206480337,bank_insurance,bank_insurance,0.86,vay,2026-09-16T11:01:31.586651
2506909319812959,unknown,unknown,0.3,,2026-09-16T11:01:31.586651
2506922223145002,unknown,unknown,0.3,,2026-09-16T11:01:31.586651
2506923663144858,unknown,unknown,0.3,,2026-09-16T11:01:31.586651
2506925153144709,unknown,unknown,0.3,,2026-09-16T11:01:31.586651
2506928929810998,unknown,unknown,0.3,,2026-09-16T11:01:31.586651
2506937859810105,unknown,unknown,0.3,,2026-09-16T11:01:31.586651
2506938526476705,bank_insurance,bank_insurance,0.86,vay,2026-09-16T11:01:31.586651
2506956036474954,unknown,unknown,0.3,,2026-09-16T11:01:31.586651
2506974639806427,unknown,unknown,0.3,,2026-09-16T11:01:31.586651
2506980073139217,unknown,unknown,0.3,,2026-09-16T11:01:31.586651
2507056813131543,unknown,unknown,0.3,,2026-09-16T11:01:31.586651
2507085666461991,unknown,unknown,0.3,,2026-09-16T11:01:31.586651
2507309346439623,unknown,unknown,0.3,,2026-09-16T11:01:31.586651
2507353006435257,unknown,unknown,0.3,,2026-09-16T11:01:31.586651
2507377129766178,unknown,unknown,0.3,,2026-09-16T11:01:31.586651
2507382046432353,unknown,unknown,0.3,,2026-09-16T11:01:31.586651
2507384833098741,bank_insurance,bank_insurance,0.86,vay,2026-09-16T11:01:31.586651
2507396826430875,unknown,unknown,0.3,,2026-09-16T11:01:31.586651
2507398366430721,unknown,unknown,0.3,,2026-09-16T11:01:31.586651
2507435973093627,bank_insurance,bank_insurance,0.86,vay,2026-09-16T11:01:31.586651
2507481546422403,unknown,unknown,0.3,,2026-09-16T11:01:31.586651
2507495106421047,unknown,unknown,0.3,,2026-09-16T11:01:31.586651
2507584329745458,unknown,unknown,0.3,,2026-09-16T11:01:31.586651
2507612693075955,unknown,unknown,0.3,,2026-09-16T11:01:31.586651
2507614179742473,unknown,unknown,0.3,,2026-09-16T11:01:31.586651
2507615123075712,unknown,unknown,0.3,,2026-09-16T11:01:31.586651
2128509014402567,unknown,unknown,0.3,,2026-09-16T11:01:31.586651
2128509394402529,unknown,unknown,0.3,,2026-09-16T11:01:31.586651
2128511611068974,unknown,unknown,0.3,,2026-09-16T11:01:31.586651
2128513374402131,unknown,unknown,0.3,,2026-09-16T11:01:31.586651
2128515817735220,health,health,0.88,suc khoe,2026-09-16T11:01:31.586651
2128517664401702,unknown,unknown,0.3,,2026-09-16T11:01:31.586651
2128519217734880,unknown,unknown,0.3,,2026-09-16T11:01:31.586651
2128523624401106,unknown,unknown,0.3,,2026-09-16T11:01:31.586651
2128527661067369,car,car,0.96,o to,2026-09-16T11:01:31.586651
2128528161067319,unknown,unknown,0.3,,2026-09-16T11:01:31.586651
2128529944400474,unknown,unknown,0.3,,2026-09-16T11:01:31.586651
2128535661066569,unknown,unknown,0.3,,2026-09-16T11:01:31.586651
2128541757732626,unknown,unknown,0.3,,2026-09-16T11:01:31.586651
2128542141065921,unknown,unknown,0.3,,2026-09-16T11:01:31.586651
2128544134399055,unknown,unknown,0.3,,2026-09-16T11:01:31.586651
2128548991065236,unknown,unknown,0.3,,2026-09-16T11:01:31.586651
2128553897731412,unknown,unknown,0.3,,2026-09-16T11:01:31.586651
2128561574397311,unknown,unknown,0.3,,2026-09-16T11:01:31.586651
2128574704395998,health,health,0.88,suc khoe,2026-09-16T11:01:31.586651
2128583327728469,life,life_general,0.82,bhnt,2026-09-16T11:01:31.586651
2128592574394211,critical_illness,critical_illness,0.9,ung thu,2026-09-16T11:01:31.586651
2128642777722524,unknown,unknown,0.3,,2026-09-16T11:01:31.586651
2128683701051765,unknown,unknown,0.3,,2026-09-16T11:01:31.586651
2128797597707042,unknown,unknown,0.3,,2026-09-16T11:01:31.586651
2130278830892252,unknown,unknown,0.3,,2026-09-16T11:01:31.586651
2130375337549268,unknown,unknown,0.3,,2026-09-16T11:01:31.586651
2130486940871441,health,health,0.88,suc khoe,2026-09-16T11:01:31.586651
2129412004312268,health,health,0.88,suc khoe,2026-09-16T11:01:31.586651
2129413474312121,car,car,0.96,o to,2026-09-16T11:01:31.586651
2129423124311156,unknown,unknown,0.3,,2026-09-16T11:01:31.586651
2129423877644414,car,car,0.96,o to,2026-09-16T11:01:31.586651
2129453604308108,unknown,unknown,0.3,,2026-09-16T11:01:31.586651
2129454580974677,car,car,0.96,o to,2026-09-16T11:01:31.586651
2129465840973551,life,life_general,0.82,bhnt,2026-09-16T11:01:31.586651
2129467070973428,unknown,unknown,0.3,,2026-09-16T11:01:31.586651
2129499517636850,unknown,unknown,0.3,,2026-09-16T11:01:31.586651
2129515207635281,unknown,unknown,0.3,,2026-09-16T11:01:31.586651
2129554977631304,unknown,unknown,0.3,,2026-09-16T11:01:31.586651
2129678784285590,unknown,unknown,0.3,,2026-09-16T11:01:31.586651
2130253520894783,unknown,unknown,0.3,,2026-09-16T11:01:31.586651
2131118114141657,health,health,0.88,noi tru,2026-09-16T11:01:31.586651
2133795523873916,unknown,unknown,0.3,,2026-09-16T11:01:31.586651
2134075083845960,unknown,unknown,0.3,,2026-09-16T11:01:31.586651
2251470985790855,unknown,unknown,0.3,,2026-09-16T11:01:31.586651
2252598985678055,unknown,unknown,0.3,,2026-09-16T11:01:31.586651
2253274318943855,unknown,unknown,0.3,,2026-09-16T11:01:31.586651
2253220672282553,bank_insurance,bank_insurance,0.86,vay,2026-09-16T11:01:31.586651
2253221402282480,unknown,unknown,0.3,,2026-09-16T11:01:31.586651
2253241865613767,unknown,unknown,0.3,,2026-09-16T11:01:31.586651
2253255338945753,unknown,unknown,0.3,,2026-09-16T11:01:31.586651
2253256898945597,unknown,unknown,0.3,,2026-09-16T11:01:31.586651
2253262108945076,unknown,unknown,0.3,,2026-09-16T11:01:31.586651
2253299705607983,bank_insurance,bank_insurance,0.86,vay,2026-09-16T11:01:31.586651
2253300185607935,unknown,unknown,0.3,,2026-09-16T11:01:31.586651
2253334975604456,bank_insurance,bank_insurance,0.86,vay,2026-09-16T11:01:31.586651
2253335165604437,life,life_general,0.82,đóng phí,2026-09-16T11:01:31.586651
2253336438937643,unknown,unknown,0.3,,2026-09-16T11:01:31.586651
1622949952622638,critical_illness,critical_illness,0.9,ung thu,2026-09-16T11:01:31.586651
1622950075955959,critical_illness,critical_illness,0.9,ung thu,2026-09-16T11:01:31.586651
1622976522619981,critical_illness,critical_illness,0.9,ung thu,2026-09-16T11:01:31.586651
1622976612619972,health,health,0.88,suc khoe,2026-09-16T11:01:31.586651
1623045185946448,unknown,unknown,0.3,,2026-09-16T11:01:31.586651
1623657755885191,health,health,0.88,suc khoe,2026-09-16T11:01:31.586651
1624174445833522,life,universal_life,0.92,lai suat cam ket,2026-09-16T11:01:31.586651
1624175035833463,unknown,unknown,0.3,,2026-09-16T11:01:31.586651
1619055229678777,life,life_general,0.82,bhnt,2026-09-16T11:01:31.586651
1622949429289357,critical_illness,critical_illness,0.9,ung thu,2026-09-16T11:01:31.586651
1623041749280125,unknown,unknown,0.3,,2026-09-16T11:01:31.586651
1625748325676134,life,universal_life,0.92,lai suat cam ket,2026-09-16T11:01:31.586651
1627708035480163,bank_insurance,bank_insurance,0.86,vay,2026-09-16T11:01:31.586651
1622949805955986,critical_illness,critical_illness,0.9,ung thu,2026-09-16T11:01:31.586651
1623048015946165,critical_illness,critical_illness,0.9,benh hiem ngheo,2026-09-16T11:01:31.586651
1623308589253441,unknown,unknown,0.3,,2026-09-16T11:01:31.586651
1623327245918242,unknown,unknown,0.3,,2026-09-16T11:01:31.586651
1623333792584254,health,health,0.88,suc khoe,2026-09-16T11:01:31.586651
1623658659218434,health,health,0.88,suc khoe,2026-09-16T11:01:31.586651
1623668419217458,bank_insurance,bank_insurance,0.86,vay,2026-09-16T11:01:31.586651
1624162372501396,life,life_general,0.82,nhan tho,2026-09-16T11:01:31.586651
1624172819167018,unknown,unknown,0.3,,2026-09-16T11:01:31.586651
1624427645808202,unknown,unknown,0.3,,2026-09-16T11:01:31.586651
1625281459056154,life,life_general,0.82,nhan tho,2026-09-16T11:01:31.586651
1625745775676389,unknown,unknown,0.3,,2026-09-16T11:01:31.586651
1626255812292052,unknown,unknown,0.3,,2026-09-16T11:01:31.586651
1624146509169649,unknown,unknown,0.3,,2026-09-16T11:01:31.586651
1622949675955999,critical_illness,critical_illness,0.9,ung thu,2026-09-16T11:01:31.586651
1623046399279660,health,health,0.88,noi tru,2026-09-16T11:01:31.586651
1623494679234832,health,health,0.88,suc khoe,2026-09-16T11:01:31.586651
1624175332500100,life,universal_life,0.92,lai suat cam ket,2026-09-16T11:01:31.586651
1623699535881013,health,health,0.88,suc khoe,2026-09-16T11:01:31.586651
1622655259318774,bank_insurance,bank_insurance,0.86,ngan hang,2026-09-16T11:01:31.586651
1622675605983406,unknown,unknown,0.3,,2026-09-16T11:01:31.586651
1622691972648436,unknown,unknown,0.3,,2026-09-16T11:01:31.586651
1622713602646273,unknown,unknown,0.3,,2026-09-16T11:01:31.586651
1622746019309698,unknown,unknown,0.3,,2026-09-16T11:01:31.586651
1622948412622792,critical_illness,critical_illness,0.9,ung thu,2026-09-16T11:01:31.586651
1623310035919963,car,car,0.96,o to,2026-09-16T11:01:31.586651
1623455802572053,health,health,0.88,suc khoe,2026-09-16T11:01:31.586651
1623457192571914,unknown,unknown,0.3,,2026-09-16T11:01:31.586651
1623658162551817,health,health,0.88,suc khoe,2026-09-16T11:01:31.586651
1624174132500220,life,universal_life,0.92,lai suat cam ket,2026-09-16T11:01:31.586651
1622536019330698,car,car,0.96,o to,2026-09-16T11:01:31.586651
1622448429339457,unknown,unknown,0.3,,2026-09-16T11:01:31.586651
1622448746006092,life,life_general,0.82,bhnt,2026-09-16T11:01:31.586651
1622448766006090,unknown,unknown,0.3,,2026-09-16T11:01:31.586651
1622449092672724,unknown,unknown,0.3,,2026-09-16T11:01:31.586651
1622449292672704,unknown,unknown,0.3,,2026-09-16T11:01:31.586651
1622449469339353,unknown,unknown,0.3,,2026-09-16T11:01:31.586651
1622449546006012,unknown,unknown,0.3,,2026-09-16T11:01:31.586651
1622449796005987,unknown,unknown,0.3,,2026-09-16T11:01:31.586651
1622450112672622,unknown,unknown,0.3,,2026-09-16T11:01:31.586651
1622450319339268,unknown,unknown,0.3,,2026-09-16T11:01:31.586651
1622450359339264,health,health,0.88,noi tru,2026-09-16T11:01:31.586651
1622450706005896,life,life_general,0.82,nhan tho,2026-09-16T11:01:31.586651
1622450999339200,unknown,unknown,0.3,,2026-09-16T11:01:31.586651
1622451036005863,unknown,unknown,0.3,,2026-09-16T11:01:31.586651
1622451016005865,unknown,unknown,0.3,,2026-09-16T11:01:31.586651
1622451319339168,unknown,unknown,0.3,,2026-09-16T11:01:31.586651
1622451352672498,critical_illness,critical_illness,0.9,benh hiem ngheo,2026-09-16T11:01:31.586651
1622451462672487,property,property,0.92,tai san,2026-09-16T11:01:31.586651
1622451676005799,unknown,unknown,0.3,,2026-09-16T11:01:31.586651
1622451936005773,unknown,unknown,0.3,,2026-09-16T11:01:31.586651
1622452166005750,unknown,unknown,0.3,,2026-09-16T11:01:31.586651
1622452909339009,unknown,unknown,0.3,,2026-09-16T11:01:31.586651
1622453189338981,unknown,unknown,0.3,,2026-09-16T11:01:31.586651
1622453622672271,unknown,unknown,0.3,,2026-09-16T11:01:31.586651
1622453869338913,unknown,unknown,0.3,,2026-09-16T11:01:31.586651
1622455212672112,unknown,unknown,0.3,,2026-09-16T11:01:31.586651
1622456069338693,unknown,unknown,0.3,,2026-09-16T11:01:31.586651
1622456719338628,life,life_general,0.82,nhan tho,2026-09-16T11:01:31.586651
1622456749338625,unknown,unknown,0.3,,2026-09-16T11:01:31.586651
1622457576005209,unknown,unknown,0.3,,2026-09-16T11:01:31.586651
1622459292671704,unknown,unknown,0.3,,2026-09-16T11:01:31.586651
1622459539338346,health,health,0.88,suc khoe,2026-09-16T11:01:31.586651
1622460762671557,unknown,unknown,0.3,,2026-09-16T11:01:31.586651
1622461159338184,life,life_general,0.82,nhan tho,2026-09-16T11:01:31.586651
1622462216004745,unknown,unknown,0.3,,2026-09-16T11:01:31.586651
1622462306004736,unknown,unknown,0.3,,2026-09-16T11:01:31.586651
1622462432671390,health,health,0.88,suc khoe,2026-09-16T11:01:31.586651
1622463446004622,unknown,unknown,0.3,,2026-09-16T11:01:31.586651
1622465129337787,life,life_general,0.82,bhnt,2026-09-16T11:01:31.586651
1622465986004368,health,health,0.88,suc khoe,2026-09-16T11:01:31.586651
1622469806003986,health,health,0.88,suc khoe,2026-09-16T11:01:31.586651
1622472046003762,unknown,unknown,0.3,,2026-09-16T11:01:31.586651
1622472416003725,unknown,unknown,0.3,,2026-09-16T11:01:31.586651
1622475442670089,life,life_general,0.82,nhan tho,2026-09-16T11:01:31.586651
1622476666003300,unknown,unknown,0.3,,2026-09-16T11:01:31.586651
1622478236003143,car,car,0.96,o to,2026-09-16T11:01:31.586651
1622478349336465,unknown,unknown,0.3,,2026-09-16T11:01:31.586651
1622484582669175,unknown,unknown,0.3,,2026-09-16T11:01:31.586651
1622488012668832,unknown,unknown,0.3,,2026-09-16T11:01:31.586651
1622488282668805,life,life_general,0.82,bhnt,2026-09-16T11:01:31.586651
1622489992668634,unknown,unknown,0.3,,2026-09-16T11:01:31.586651
1622490966001870,critical_illness,critical_illness,0.9,benh hiem ngheo,2026-09-16T11:01:31.586651
1622510399333260,unknown,unknown,0.3,,2026-09-16T11:01:31.586651
1622511349333165,unknown,unknown,0.3,,2026-09-16T11:01:31.586651
1622514409332859,unknown,unknown,0.3,,2026-09-16T11:01:31.586651
1622516649332635,unknown,unknown,0.3,,2026-09-16T11:01:31.586651
1622523019331998,unknown,unknown,0.3,,2026-09-16T11:01:31.586651
1622539169330383,life,life_general,0.82,nhan tho,2026-09-16T11:01:31.586651
1622552865995680,life,universal_life,0.92,lai suat cam ket,2026-09-16T11:01:31.586651
1622557739328526,unknown,unknown,0.3,,2026-09-16T11:01:31.586651
1622564729327827,unknown,unknown,0.3,,2026-09-16T11:01:31.586651
1622573422660291,unknown,unknown,0.3,,2026-09-16T11:01:31.586651
1622576932659940,health,health,0.88,suc khoe,2026-09-16T11:01:31.586651
1622585395992427,unknown,unknown,0.3,,2026-09-16T11:01:31.586651
1622586589325641,car,car,0.96,o to,2026-09-16T11:01:31.586651
1622591015991865,health,health,0.88,suc khoe,2026-09-16T11:01:31.586651
1622597415991225,health,health,0.88,suc khoe,2026-09-16T11:01:31.586651
1622626819321618,unknown,unknown,0.3,,2026-09-16T11:01:31.586651
1622746342642999,unknown,unknown,0.3,,2026-09-16T11:01:31.586651
1622807295970237,health,health,0.88,noi tru,2026-09-16T11:01:31.586651
1622949145956052,critical_illness,critical_illness,0.9,ung thu,2026-09-16T11:01:31.586651
1623310862586547,unknown,unknown,0.3,,2026-09-16T11:01:31.586651
1623364905914476,unknown,unknown,0.3,,2026-09-16T11:01:31.586651
1623384835912483,life,life_general,0.82,bhnt,2026-09-16T11:01:31.586651
1623658375885129,health,health,0.88,suc khoe,2026-09-16T11:01:31.586651
1624173689166931,life,universal_life,0.92,lai suat cam ket,2026-09-16T11:01:31.586651
1624736759110624,unknown,unknown,0.3,,2026-09-16T11:01:31.586651
1625746795676287,unknown,unknown,0.3,,2026-09-16T11:01:31.586651
1626160785634888,unknown,unknown,0.3,,2026-09-16T11:01:31.586651
1626355892282044,unknown,unknown,0.3,,2026-09-16T11:01:31.586651
1626394295611537,unknown,unknown,0.3,,2026-09-16T11:01:31.586651
1623364865914480,unknown,unknown,0.3,,2026-09-16T11:01:31.586651
1623364792581154,unknown,unknown,0.3,,2026-09-16T11:01:31.586651
1623373785913588,unknown,unknown,0.3,,2026-09-16T11:01:31.586651
1622800489304251,unknown,unknown,0.3,,2026-09-16T11:01:31.586651
1622801192637514,unknown,unknown,0.3,,2026-09-16T11:01:31.586651
1622803445970622,unknown,unknown,0.3,,2026-09-16T11:01:31.586651
1622804612637172,unknown,unknown,0.3,,2026-09-16T11:01:31.586651
1622809645970002,life,life_general,0.82,nhan tho,2026-09-16T11:01:31.586651
1622812572636376,unknown,unknown,0.3,,2026-09-16T11:01:31.586651
1622814529302847,life,life_general,0.82,nhan tho,2026-09-16T11:01:31.586651
1622825575968409,unknown,unknown,0.3,,2026-09-16T11:01:31.586651
1622845209299779,unknown,unknown,0.3,,2026-09-16T11:01:31.586651
1622945615956405,unknown,unknown,0.3,,2026-09-16T11:01:31.586651
1623049812612652,unknown,unknown,0.3,,2026-09-16T11:01:31.586651
1623053212612312,unknown,unknown,0.3,,2026-09-16T11:01:31.586651
1623246432592990,bank_insurance,bank_insurance,0.86,vay,2026-09-16T11:01:31.586651
1623250479259252,unknown,unknown,0.3,,2026-09-16T11:01:31.586651
1623253472592286,bank_insurance,bank_insurance,0.86,vay,2026-09-16T11:01:31.586651
1623255052592128,bank_insurance,bank_insurance,0.86,vay,2026-09-16T11:01:31.586651
1623256749258625,unknown,unknown,0.3,,2026-09-16T11:01:31.586651
1623257172591916,unknown,unknown,0.3,,2026-09-16T11:01:31.586651
1623258125925154,unknown,unknown,0.3,,2026-09-16T11:01:31.586651
1623259022591731,unknown,unknown,0.3,,2026-09-16T11:01:31.586651
1623268039257496,unknown,unknown,0.3,,2026-09-16T11:01:31.586651
1623272145923752,unknown,unknown,0.3,,2026-09-16T11:01:31.586651
1623281082589525,unknown,unknown,0.3,,2026-09-16T11:01:31.586651
1623287619255538,unknown,unknown,0.3,,2026-09-16T11:01:31.586651
1623307205920246,unknown,unknown,0.3,,2026-09-16T11:01:31.586651
1623323232585310,unknown,unknown,0.3,,2026-09-16T11:01:31.586651
1623323422585291,unknown,unknown,0.3,,2026-09-16T11:01:31.586651
1623364695914497,unknown,unknown,0.3,,2026-09-16T11:01:31.586651
1626143698969930,unknown,unknown,0.3,,2026-09-16T11:01:31.586651
1623364659247834,unknown,unknown,0.3,,2026-09-16T11:01:31.586651
1623431699241130,unknown,unknown,0.3,,2026-09-16T11:01:31.586651
1623364605914506,unknown,unknown,0.3,,2026-09-16T11:01:31.586651
1623390222578611,unknown,unknown,0.3,,2026-09-16T11:01:31.586651
1623401152577518,car,car,0.96,o to,2026-09-16T11:01:31.586651
1623211449263155,unknown,unknown,0.3,,2026-09-16T11:01:31.586651
1623218519262448,unknown,unknown,0.3,,2026-09-16T11:01:31.586651
1623220752595558,life,life_general,0.82,hợp đồng bảo hiểm,2026-09-16T11:01:31.586651
1623223999261900,unknown,unknown,0.3,,2026-09-16T11:01:31.586651
1623228175928149,unknown,unknown,0.3,,2026-09-16T11:01:31.586651
1623228895928077,unknown,unknown,0.3,,2026-09-16T11:01:31.586651
1623228949261405,unknown,unknown,0.3,,2026-09-16T11:01:31.586651
1623229609261339,unknown,unknown,0.3,,2026-09-16T11:01:31.586651
1623236859260614,unknown,unknown,0.3,,2026-09-16T11:01:31.586651
1623266709257629,unknown,unknown,0.3,,2026-09-16T11:01:31.586651
1623278942589739,unknown,unknown,0.3,,2026-09-16T11:01:31.586651
1623295139254786,unknown,unknown,0.3,,2026-09-16T11:01:31.586651
1623319379252362,unknown,unknown,0.3,,2026-09-16T11:01:31.586651
1623342292583404,unknown,unknown,0.3,,2026-09-16T11:01:31.586651
1623361765914790,unknown,unknown,0.3,,2026-09-16T11:01:31.586651
1623370592580574,life,life_general,0.82,nhan tho,2026-09-16T11:01:31.586651
1623405162577117,unknown,unknown,0.3,,2026-09-16T11:01:31.586651
1623506675900299,unknown,unknown,0.3,,2026-09-16T11:01:31.586651
1623571062560527,unknown,unknown,0.3,,2026-09-16T11:01:31.586651
1624120175838949,unknown,unknown,0.3,,2026-09-16T11:01:31.586651
1624377429146557,unknown,unknown,0.3,,2026-09-16T11:01:31.586651
1624484549135845,unknown,unknown,0.3,,2026-09-16T11:01:31.586651
1626928008891499,unknown,unknown,0.3,,2026-09-16T11:01:31.586651
1626928168891483,unknown,unknown,0.3,,2026-09-16T11:01:31.586651
1623508609233439,unknown,unknown,0.3,,2026-09-16T11:01:31.586651
1623364515914515,unknown,unknown,0.3,,2026-09-16T11:01:31.586651
1623314489252851,health,health,0.88,suc khoe,2026-09-16T11:01:31.586651
1623314862586147,health,health,0.88,suc khoe,2026-09-16T11:01:31.586651
1623314992586134,critical_illness,critical_illness,0.9,ung thu,2026-09-16T11:01:31.586651
1623315175919449,life,life_general,0.82,bhnt,2026-09-16T11:01:31.586651
1623315549252745,health,health,0.88,suc khoe,2026-09-16T11:01:31.586651
1623315675919399,unknown,unknown,0.3,,2026-09-16T11:01:31.586651
1623315795919387,unknown,unknown,0.3,,2026-09-16T11:01:31.586651
1623316019252698,critical_illness,critical_illness,0.9,ung thu,2026-09-16T11:01:31.586651
1623316045919362,unknown,unknown,0.3,,2026-09-16T11:01:31.586651
1623317029252597,unknown,unknown,0.3,,2026-09-16T11:01:31.586651
1623317529252547,car,car,0.96,o to,2026-09-16T11:01:31.586651
1623317679252532,unknown,unknown,0.3,,2026-09-16T11:01:31.586651
1623317745919192,unknown,unknown,0.3,,2026-09-16T11:01:31.586651
1623319815918985,life,universal_life,0.92,lai suat cam ket,2026-09-16T11:01:31.586651
1623320315918935,life,life_general,0.82,bhnt,2026-09-16T11:01:31.586651
1623320389252261,unknown,unknown,0.3,,2026-09-16T11:01:31.586651
1623321335918833,unknown,unknown,0.3,,2026-09-16T11:01:31.586651
1623323559251944,unknown,unknown,0.3,,2026-09-16T11:01:31.586651
1623324109251889,unknown,unknown,0.3,,2026-09-16T11:01:31.586651
1623324275918539,unknown,unknown,0.3,,2026-09-16T11:01:31.586651
1623327899251510,unknown,unknown,0.3,,2026-09-16T11:01:31.586651
1623333365917630,unknown,unknown,0.3,,2026-09-16T11:01:31.586651
1623340395916927,health,health,0.88,suc khoe,2026-09-16T11:01:31.586651
1623352995915667,unknown,unknown,0.3,,2026-09-16T11:01:31.586651
1623364455914521,unknown,unknown,0.3,,2026-09-16T11:01:31.586651
1623370492580584,life,life_general,0.82,nhan tho,2026-09-16T11:01:31.586651
1623373365913630,health,health,0.88,suc khoe,2026-09-16T11:01:31.586651
1623409622576671,health,health,0.88,suc khoe,2026-09-16T11:01:31.586651
1623422659242034,health,health,0.88,suc khoe,2026-09-16T11:01:31.586651
1623423939241906,critical_illness,critical_illness,0.9,benh hiem ngheo,2026-09-16T11:01:31.586651
1623450262572607,unknown,unknown,0.3,,2026-09-16T11:01:31.586651
1623456232572010,unknown,unknown,0.3,,2026-09-16T11:01:31.586651
1623457959238504,health,health,0.88,noi tru,2026-09-16T11:01:31.586651
1623563175894649,car,car,0.96,o to,2026-09-16T11:01:31.586651
1623650219219278,health,health,0.88,suc khoe,2026-09-16T11:01:31.586651
1623657909218509,health,health,0.88,suc khoe,2026-09-16T11:01:31.586651
1623672369217063,unknown,unknown,0.3,,2026-09-16T11:01:31.586651
1623754465875520,unknown,unknown,0.3,,2026-09-16T11:01:31.586651
1624060529178247,unknown,unknown,0.3,,2026-09-16T11:01:31.586651
1624075875843379,unknown,unknown,0.3,,2026-09-16T11:01:31.586651
1624076152510018,unknown,unknown,0.3,,2026-09-16T11:01:31.586651
1625746332343000,unknown,unknown,0.3,,2026-09-16T11:01:31.586651
1623360409248259,unknown,unknown,0.3,,2026-09-16T11:01:31.586651
1623361212581512,unknown,unknown,0.3,,2026-09-16T11:01:31.586651
1623361335914833,unknown,unknown,0.3,,2026-09-16T11:01:31.586651
1623370372580596,life,life_general,0.82,nhan tho,2026-09-16T11:01:31.586651
1623383009245999,unknown,unknown,0.3,,2026-09-16T11:01:31.586651
1623401309244169,car,car,0.96,o to,2026-09-16T11:01:31.586651
1623401869244113,unknown,unknown,0.3,,2026-09-16T11:01:31.586651
1623430525907914,unknown,unknown,0.3,,2026-09-16T11:01:31.586651
1623455689238731,unknown,unknown,0.3,,2026-09-16T11:01:31.586651
1623459849238315,unknown,unknown,0.3,,2026-09-16T11:01:31.586651
1623477412569892,unknown,unknown,0.3,,2026-09-16T11:01:31.586651
1623491115901855,unknown,unknown,0.3,,2026-09-16T11:01:31.586651
1623491592568474,unknown,unknown,0.3,,2026-09-16T11:01:31.586651
1623491935901773,unknown,unknown,0.3,,2026-09-16T11:01:31.586651
1623529832564650,health,health,0.88,suc khoe,2026-09-16T11:01:31.586651
1624164399167860,health,health,0.88,suc khoe,2026-09-16T11:01:31.586651
1624257329158567,bank_insurance,bank_insurance,0.86,vay,2026-09-16T11:01:31.586651
1624383852479248,unknown,unknown,0.3,,2026-09-16T11:01:31.586651
1624416222476011,unknown,unknown,0.3,,2026-09-16T11:01:31.586651
1624242272493406,unknown,unknown,0.3,,2026-09-16T11:01:31.586651
1624250589159241,unknown,unknown,0.3,,2026-09-16T11:01:31.586651
1624252042492429,unknown,unknown,0.3,,2026-09-16T11:01:31.586651
1624252102492423,unknown,unknown,0.3,,2026-09-16T11:01:31.586651
1624252089159091,unknown,unknown,0.3,,2026-09-16T11:01:31.586651
1624252429159057,unknown,unknown,0.3,,2026-09-16T11:01:31.586651
1624252549159045,unknown,unknown,0.3,,2026-09-16T11:01:31.586651
1624252589159041,life,life_general,0.82,bhnt,2026-09-16T11:01:31.586651
1624254652492168,unknown,unknown,0.3,,2026-09-16T11:01:31.586651
1624256012492032,unknown,unknown,0.3,,2026-09-16T11:01:31.586651
1624256092492024,unknown,unknown,0.3,,2026-09-16T11:01:31.586651
1624256649158635,unknown,unknown,0.3,,2026-09-16T11:01:31.586651
1624256765825290,health,health,0.88,suc khoe,2026-09-16T11:01:31.586651
1624257069158593,unknown,unknown,0.3,,2026-09-16T11:01:31.586651
1624257805825186,unknown,unknown,0.3,,2026-09-16T11:01:31.586651
1624258065825160,unknown,unknown,0.3,,2026-09-16T11:01:31.586651
1624258982491735,unknown,unknown,0.3,,2026-09-16T11:01:31.586651
1624260765824890,unknown,unknown,0.3,,2026-09-16T11:01:31.586651
1624261085824858,unknown,unknown,0.3,,2026-09-16T11:01:31.586651
1624264805824486,unknown,unknown,0.3,,2026-09-16T11:01:31.586651
1624265885824378,car,car,0.96,o to,2026-09-16T11:01:31.586651
1624267199157580,life,life_general,0.82,bhnt,2026-09-16T11:01:31.586651
1624268035824163,unknown,unknown,0.3,,2026-09-16T11:01:31.586651
1624268449157455,unknown,unknown,0.3,,2026-09-16T11:01:31.586651
1624270052490628,unknown,unknown,0.3,,2026-09-16T11:01:31.586651
1624272375823729,health,health,0.88,suc khoe,2026-09-16T11:01:31.586651
1624275235823443,unknown,unknown,0.3,,2026-09-16T11:01:31.586651
1624276129156687,health,health,0.88,suc khoe,2026-09-16T11:01:31.586651
1624279649156335,unknown,unknown,0.3,,2026-09-16T11:01:31.586651
1624283599155940,unknown,unknown,0.3,,2026-09-16T11:01:31.586651
1624284252489208,unknown,unknown,0.3,,2026-09-16T11:01:31.586651
1624287205822246,unknown,unknown,0.3,,2026-09-16T11:01:31.586651
1624289582488675,unknown,unknown,0.3,,2026-09-16T11:01:31.586651
1624300392487594,unknown,unknown,0.3,,2026-09-16T11:01:31.586651
1624301882487445,unknown,unknown,0.3,,2026-09-16T11:01:31.586651
1624301905820776,unknown,unknown,0.3,,2026-09-16T11:01:31.586651
1624303955820571,unknown,unknown,0.3,,2026-09-16T11:01:31.586651
1624304702487163,unknown,unknown,0.3,,2026-09-16T11:01:31.586651
1624310269153273,unknown,unknown,0.3,,2026-09-16T11:01:31.586651
1624311772486456,unknown,unknown,0.3,,2026-09-16T11:01:31.586651
1624313209152979,unknown,unknown,0.3,,2026-09-16T11:01:31.586651
1624339625817004,unknown,unknown,0.3,,2026-09-16T11:01:31.586651
1624341629150137,unknown,unknown,0.3,,2026-09-16T11:01:31.586651
1624346672482966,unknown,unknown,0.3,,2026-09-16T11:01:31.586651
1624347965816170,unknown,unknown,0.3,,2026-09-16T11:01:31.586651
1624352962482337,unknown,unknown,0.3,,2026-09-16T11:01:31.586651
1624372445813722,unknown,unknown,0.3,,2026-09-16T11:01:31.586651
1624385352479098,unknown,unknown,0.3,,2026-09-16T11:01:31.586651
1624403089143991,critical_illness,critical_illness,0.9,benh hiem ngheo,2026-09-16T11:01:31.586651
1624409165810050,critical_illness,critical_illness,0.9,ung thu,2026-09-16T11:01:31.586651
1624416129142687,unknown,unknown,0.3,,2026-09-16T11:01:31.586651
1624426372474996,unknown,unknown,0.3,,2026-09-16T11:01:31.586651
1624430089141291,unknown,unknown,0.3,,2026-09-16T11:01:31.586651
1624450682472565,unknown,unknown,0.3,,2026-09-16T11:01:31.586651
1624510912466542,unknown,unknown,0.3,,2026-09-16T11:01:31.586651
1624554879128812,health,health,0.88,suc khoe,2026-09-16T11:01:31.586651
1624592035791763,unknown,unknown,0.3,,2026-09-16T11:01:31.586651
1624624355788531,unknown,unknown,0.3,,2026-09-16T11:01:31.586651
1624629019121398,unknown,unknown,0.3,,2026-09-16T11:01:31.586651
1624629459121354,unknown,unknown,0.3,,2026-09-16T11:01:31.586651
1624721649112135,unknown,unknown,0.3,,2026-09-16T11:01:31.586651
1624727615778205,unknown,unknown,0.3,,2026-09-16T11:01:31.586651
1624735992444034,unknown,unknown,0.3,,2026-09-16T11:01:31.586651
1625055102412123,life,universal_life,0.92,lai suat cam ket,2026-09-16T11:01:31.586651
1625128202404813,unknown,unknown,0.3,,2026-09-16T11:01:31.586651
1625221075728859,critical_illness,critical_illness,0.9,benh hiem ngheo,2026-09-16T11:01:31.586651
1625229889061311,unknown,unknown,0.3,,2026-09-16T11:01:31.586651
1624337062483927,bank_insurance,bank_insurance,0.86,vay,2026-09-16T11:01:31.586651
1624344272483206,unknown,unknown,0.3,,2026-09-16T11:01:31.586651
1624348909149409,unknown,unknown,0.3,,2026-09-16T11:01:31.586651
1624357779148522,unknown,unknown,0.3,,2026-09-16T11:01:31.586651
1624358072481826,unknown,unknown,0.3,,2026-09-16T11:01:31.586651
1624358109148489,unknown,unknown,0.3,,2026-09-16T11:01:31.586651
1624359009148399,unknown,unknown,0.3,,2026-09-16T11:01:31.586651
1624416075809359,unknown,unknown,0.3,,2026-09-16T11:01:31.586651
1624424132475220,unknown,unknown,0.3,,2026-09-16T11:01:31.586651
1624432235807743,unknown,unknown,0.3,,2026-09-16T11:01:31.586651
1624510192466614,unknown,unknown,0.3,,2026-09-16T11:01:31.586651
1624589725791994,unknown,unknown,0.3,,2026-09-16T11:01:31.586651
1624332949151005,unknown,unknown,0.3,,2026-09-16T11:01:31.586651
1624371802480453,unknown,unknown,0.3,,2026-09-16T11:01:31.586651
1624416002476033,unknown,unknown,0.3,,2026-09-16T11:01:31.586651
1624426919141608,unknown,unknown,0.3,,2026-09-16T11:01:31.586651
1624427285808238,unknown,unknown,0.3,,2026-09-16T11:01:31.586651
1624460605804906,unknown,unknown,0.3,,2026-09-16T11:01:31.586651
1624460765804890,unknown,unknown,0.3,,2026-09-16T11:01:31.586651
1624415862476047,unknown,unknown,0.3,,2026-09-16T11:01:31.586651
1625091759075124,unknown,unknown,0.3,,2026-09-16T11:01:31.586651
1625091762408457,unknown,unknown,0.3,,2026-09-16T11:01:31.586651
1625091769075123,unknown,unknown,0.3,,2026-09-16T11:01:31.586651
1625158722401761,unknown,unknown,0.3,,2026-09-16T11:01:31.586651
1625158859068414,unknown,unknown,0.3,,2026-09-16T11:01:31.586651
1625158865735080,unknown,unknown,0.3,,2026-09-16T11:01:31.586651
1625159602401673,unknown,unknown,0.3,,2026-09-16T11:01:31.586651
1625159789068321,health,health,0.88,suc khoe,2026-09-16T11:01:31.586651
1625160329068267,unknown,unknown,0.3,,2026-09-16T11:01:31.586651
1625161199068180,unknown,unknown,0.3,,2026-09-16T11:01:31.586651
1625161819068118,critical_illness,critical_illness,0.9,benh hiem ngheo,2026-09-16T11:01:31.586651
1625162679068032,unknown,unknown,0.3,,2026-09-16T11:01:31.586651
1625163859067914,unknown,unknown,0.3,,2026-09-16T11:01:31.586651
1625165602401073,life,life_general,0.82,nhan tho,2026-09-16T11:01:31.586651
1625166142401019,unknown,unknown,0.3,,2026-09-16T11:01:31.586651
1625167295734237,critical_illness,critical_illness,0.9,ung thu,2026-09-16T11:01:31.586651
1625168579067442,unknown,unknown,0.3,,2026-09-16T11:01:31.586651
1625171945733772,critical_illness,critical_illness,0.9,benh hiem ngheo,2026-09-16T11:01:31.586651
1625177815733185,life,life_general,0.82,nhan tho,2026-09-16T11:01:31.586651
1625186365732330,life,life_general,0.82,nhan tho,2026-09-16T11:01:31.586651
1625193472398286,unknown,unknown,0.3,,2026-09-16T11:01:31.586651
1625194705731496,unknown,unknown,0.3,,2026-09-16T11:01:31.586651
1625207655730201,unknown,unknown,0.3,,2026-09-16T11:01:31.586651
1625225499061750,unknown,unknown,0.3,,2026-09-16T11:01:31.586651
1625232585727708,car,car,0.96,o to,2026-09-16T11:01:31.586651
1625255589058741,health,health,0.88,suc khoe,2026-09-16T11:01:31.586651
1625306972386936,unknown,unknown,0.3,,2026-09-16T11:01:31.586651
1625310135719953,unknown,unknown,0.3,,2026-09-16T11:01:31.586651
1625318859052414,unknown,unknown,0.3,,2026-09-16T11:01:31.586651
1625347195716247,critical_illness,critical_illness,0.9,ung thu,2026-09-16T11:01:31.586651
1625507599033540,unknown,unknown,0.3,,2026-09-16T11:01:31.586651
1625529312364702,unknown,unknown,0.3,,2026-09-16T11:01:31.586651
1625558419028458,unknown,unknown,0.3,,2026-09-16T11:01:31.586651
1625744889009811,life,life_general,0.82,nhan tho,2026-09-16T11:01:31.586651
1625903568993943,unknown,unknown,0.3,,2026-09-16T11:01:31.586651
1625905838993716,unknown,unknown,0.3,,2026-09-16T11:01:31.586651
1625965302321103,unknown,unknown,0.3,,2026-09-16T11:01:31.586651
1625970185653948,unknown,unknown,0.3,,2026-09-16T11:01:31.586651
1625996625651304,life,life_general,0.82,nhan tho,2026-09-16T11:01:31.586651
1626068098977490,car,car,0.96,o to,2026-09-16T11:01:31.586651
1626207945630172,unknown,unknown,0.3,,2026-09-16T11:01:31.586651
1625233462394287,unknown,unknown,0.3,,2026-09-16T11:01:31.586651
1625234272394206,unknown,unknown,0.3,,2026-09-16T11:01:31.586651
1625235022394131,unknown,unknown,0.3,,2026-09-16T11:01:31.586651
1625235122394121,unknown,unknown,0.3,,2026-09-16T11:01:31.586651
1625238655727101,unknown,unknown,0.3,,2026-09-16T11:01:31.586651
1625239019060398,unknown,unknown,0.3,,2026-09-16T11:01:31.586651
1625240382393595,unknown,unknown,0.3,,2026-09-16T11:01:31.586651
1625241035726863,health,health,0.88,suc khoe,2026-09-16T11:01:31.586651
1625242159060084,unknown,unknown,0.3,,2026-09-16T11:01:31.586651
1625251529059147,unknown,unknown,0.3,,2026-09-16T11:01:31.586651
1625261325724834,unknown,unknown,0.3,,2026-09-16T11:01:31.586651
1625262025724764,unknown,unknown,0.3,,2026-09-16T11:01:31.586651
1625262882391345,life,life_general,0.82,nhan tho,2026-09-16T11:01:31.586651
1625264459057854,unknown,unknown,0.3,,2026-09-16T11:01:31.586651
1625264785724488,health,health,0.88,suc khoe,2026-09-16T11:01:31.586651
1625266262391007,health,health,0.88,suc khoe,2026-09-16T11:01:31.586651
1625266909057609,unknown,unknown,0.3,,2026-09-16T11:01:31.586651
1625272199057080,unknown,unknown,0.3,,2026-09-16T11:01:31.586651
1625286252389008,unknown,unknown,0.3,,2026-09-16T11:01:31.586651
1625291339055166,unknown,unknown,0.3,,2026-09-16T11:01:31.586651
1625291765721790,unknown,unknown,0.3,,2026-09-16T11:01:31.586651
1625305062387127,unknown,unknown,0.3,,2026-09-16T11:01:31.586651
1625322242385409,unknown,unknown,0.3,,2026-09-16T11:01:31.586651
1625380315712935,critical_illness,critical_illness,0.9,ung thu,2026-09-16T11:01:31.586651
1625404625710504,unknown,unknown,0.3,,2026-09-16T11:01:31.586651
1625420099042290,unknown,unknown,0.3,,2026-09-16T11:01:31.586651
1625428699041430,unknown,unknown,0.3,,2026-09-16T11:01:31.586651
1625468225704144,critical_illness,critical_illness,0.9,ung thu,2026-09-16T11:01:31.586651
1625493722368261,unknown,unknown,0.3,,2026-09-16T11:01:31.586651
1625511039033196,unknown,unknown,0.3,,2026-09-16T11:01:31.586651
1625745442343089,unknown,unknown,0.3,,2026-09-16T11:01:31.586651
1625901842327449,unknown,unknown,0.3,,2026-09-16T11:01:31.586651
1625927502324883,unknown,unknown,0.3,,2026-09-16T11:01:31.586651
1626407188943581,critical_illness,critical_illness,0.9,ung thu,2026-09-16T11:01:31.586651
1626761238908176,unknown,unknown,0.3,,2026-09-16T11:01:31.586651
1626822285568738,unknown,unknown,0.3,,2026-09-16T11:01:31.586651
1626993298884970,unknown,unknown,0.3,,2026-09-16T11:01:31.586651
1627311068853193,health,health,0.88,suc khoe,2026-09-16T11:01:31.586651
1627732402144393,health,health,0.88,suc khoe,2026-09-16T11:01:31.586651
1625625972355036,unknown,unknown,0.3,,2026-09-16T11:01:31.586651
1625626022355031,unknown,unknown,0.3,,2026-09-16T11:01:31.586651
1625628025688164,unknown,unknown,0.3,,2026-09-16T11:01:31.586651
1625629202354713,unknown,unknown,0.3,,2026-09-16T11:01:31.586651
1625630002354633,life,life_general,0.82,bhnt,2026-09-16T11:01:31.586651
1625630135687953,health,health,0.88,suc khoe,2026-09-16T11:01:31.586651
1625631035687863,unknown,unknown,0.3,,2026-09-16T11:01:31.586651
1625631369021163,health,health,0.88,noi tru,2026-09-16T11:01:31.586651
1625631429021157,unknown,unknown,0.3,,2026-09-16T11:01:31.586651
1625631682354465,unknown,unknown,0.3,,2026-09-16T11:01:31.586651
1625633622354271,health,health,0.88,suc khoe,2026-09-16T11:01:31.586651
1625633852354248,unknown,unknown,0.3,,2026-09-16T11:01:31.586651
1625636819020618,unknown,unknown,0.3,,2026-09-16T11:01:31.586651
1625638135687153,unknown,unknown,0.3,,2026-09-16T11:01:31.586651
1625638909020409,unknown,unknown,0.3,,2026-09-16T11:01:31.586651
1625638965687070,health,health,0.88,noi tru,2026-09-16T11:01:31.586651
1625639282353705,health,health,0.88,thai san,2026-09-16T11:01:31.586651
1625641342353499,unknown,unknown,0.3,,2026-09-16T11:01:31.586651
1625641662353467,unknown,unknown,0.3,,2026-09-16T11:01:31.586651
1625642279020072,unknown,unknown,0.3,,2026-09-16T11:01:31.586651
1625642315686735,unknown,unknown,0.3,,2026-09-16T11:01:31.586651
1625649819019318,health,health,0.88,noi tru,2026-09-16T11:01:31.586651
1625651085685858,unknown,unknown,0.3,,2026-09-16T11:01:31.586651
1625651432352490,critical_illness,critical_illness,0.9,ung thu,2026-09-16T11:01:31.586651
1625651965685770,unknown,unknown,0.3,,2026-09-16T11:01:31.586651
1625660172351616,health,health,0.88,suc khoe,2026-09-16T11:01:31.586651
1625662645684702,car,car,0.96,o to,2026-09-16T11:01:31.586651
1625662952351338,critical_illness,critical_illness,0.9,ung thu,2026-09-16T11:01:31.586651
1625696062348027,health,health,0.88,suc khoe,2026-09-16T11:01:31.586651
1625721845678782,unknown,unknown,0.3,,2026-09-16T11:01:31.586651
1625744199009880,life,life_general,0.82,nhan tho,2026-09-16T11:01:31.586651
1625766395674327,unknown,unknown,0.3,,2026-09-16T11:01:31.586651
1625816709002629,bank_insurance,bank_insurance,0.86,vay,2026-09-16T11:01:31.586651
1625821229002177,health,health,0.88,suc khoe,2026-09-16T11:01:31.586651
1625832685667698,unknown,unknown,0.3,,2026-09-16T11:01:31.586651
1625833005667666,life,life_general,0.82,nhan tho,2026-09-16T11:01:31.586651
1625833589000941,critical_illness,critical_illness,0.9,benh hiem ngheo,2026-09-16T11:01:31.586651
1625833615667605,unknown,unknown,0.3,,2026-09-16T11:01:31.586651
1625842049000095,unknown,unknown,0.3,,2026-09-16T11:01:31.586651
1625847645666202,critical_illness,critical_illness,0.9,ung thu,2026-09-16T11:01:31.586651
1625854265665540,unknown,unknown,0.3,,2026-09-16T11:01:31.586651
1625854905665476,unknown,unknown,0.3,,2026-09-16T11:01:31.586651
1625855762332057,bank_insurance,bank_insurance,0.86,vay,2026-09-16T11:01:31.586651
1625855915665375,unknown,unknown,0.3,,2026-09-16T11:01:31.586651
1625858245665142,unknown,unknown,0.3,,2026-09-16T11:01:31.586651
1625861848998115,unknown,unknown,0.3,,2026-09-16T11:01:31.586651
1625862315664735,health,health,0.88,suc khoe,2026-09-16T11:01:31.586651
1625864125664554,unknown,unknown,0.3,,2026-09-16T11:01:31.586651
1625941785656788,unknown,unknown,0.3,,2026-09-16T11:01:31.586651
1625941798990120,unknown,unknown,0.3,,2026-09-16T11:01:31.586651
1625941812323452,unknown,unknown,0.3,,2026-09-16T11:01:31.586651
1625975825653384,unknown,unknown,0.3,,2026-09-16T11:01:31.586651
1625978408986459,unknown,unknown,0.3,,2026-09-16T11:01:31.586651
1625983705652596,unknown,unknown,0.3,,2026-09-16T11:01:31.586651
1625986175652349,unknown,unknown,0.3,,2026-09-16T11:01:31.586651
1625991765651790,health,health,0.88,noi tru,2026-09-16T11:01:31.586651
1625992855651681,unknown,unknown,0.3,,2026-09-16T11:01:31.586651
1625993178984982,unknown,unknown,0.3,,2026-09-16T11:01:31.586651
1625994768984823,health,health,0.88,suc khoe,2026-09-16T11:01:31.586651
1625995385651428,critical_illness,critical_illness,0.9,benh hiem ngheo,2026-09-16T11:01:31.586651
1625996732317960,unknown,unknown,0.3,,2026-09-16T11:01:31.586651
1626000718984228,unknown,unknown,0.3,,2026-09-16T11:01:31.586651
1626006678983632,unknown,unknown,0.3,,2026-09-16T11:01:31.586651
1626021745648792,critical_illness,critical_illness,0.9,benh hiem ngheo,2026-09-16T11:01:31.586651
1626030455647921,critical_illness,critical_illness,0.9,benh hiem ngheo,2026-09-16T11:01:31.586651
1626039798980320,unknown,unknown,0.3,,2026-09-16T11:01:31.586651
1626040985646868,unknown,unknown,0.3,,2026-09-16T11:01:31.586651
1626047552312878,unknown,unknown,0.3,,2026-09-16T11:01:31.586651
1626049435646023,unknown,unknown,0.3,,2026-09-16T11:01:31.586651
1626058878978412,unknown,unknown,0.3,,2026-09-16T11:01:31.586651
1626067885644178,car,car,0.96,o to,2026-09-16T11:01:31.586651
1626070342310599,unknown,unknown,0.3,,2026-09-16T11:01:31.586651
1626094785641488,critical_illness,critical_illness,0.9,ung thu,2026-09-16T11:01:31.586651
1626102415640725,unknown,unknown,0.3,,2026-09-16T11:01:31.586651
1626112788973021,unknown,unknown,0.3,,2026-09-16T11:01:31.586651
1626112922306341,unknown,unknown,0.3,,2026-09-16T11:01:31.586651
1626136692303964,health,health,0.88,vien phi,2026-09-16T11:01:31.586651
1626163932301240,unknown,unknown,0.3,,2026-09-16T11:01:31.586651
1626164755634491,unknown,unknown,0.3,,2026-09-16T11:01:31.586651
1626173385633628,unknown,unknown,0.3,,2026-09-16T11:01:31.586651
1626183248965975,unknown,unknown,0.3,,2026-09-16T11:01:31.586651
1626266735624293,unknown,unknown,0.3,,2026-09-16T11:01:31.586651
1626311492286484,unknown,unknown,0.3,,2026-09-16T11:01:31.586651
1626311718953128,unknown,unknown,0.3,,2026-09-16T11:01:31.586651
1626708322246801,critical_illness,critical_illness,0.9,benh hiem ngheo,2026-09-16T11:01:31.586651
1626789885571978,unknown,unknown,0.3,,2026-09-16T11:01:31.586651
1626801888904111,unknown,unknown,0.3,,2026-09-16T11:01:31.586651
1626907478893552,health,health,0.88,suc khoe,2026-09-16T11:01:31.586651
1627733455477621,critical_illness,critical_illness,0.9,benh hiem ngheo,2026-09-16T11:01:31.586651
1626064638977836,unknown,unknown,0.3,,2026-09-16T11:01:31.586651
1626065762311057,unknown,unknown,0.3,,2026-09-16T11:01:31.586651
1626066142311019,unknown,unknown,0.3,,2026-09-16T11:01:31.586651
1626066605644306,health,health,0.88,suc khoe,2026-09-16T11:01:31.586651
1626067112310922,unknown,unknown,0.3,,2026-09-16T11:01:31.586651
1626067172310916,life,life_general,0.82,nhan tho,2026-09-16T11:01:31.586651
1626067208977579,health,health,0.88,noi tru,2026-09-16T11:01:31.586651
1626067305644236,unknown,unknown,0.3,,2026-09-16T11:01:31.586651
1626067302310903,health,health,0.88,suc khoe,2026-09-16T11:01:31.586651
1626067455644221,life,life_general,0.82,nhan tho,2026-09-16T11:01:31.586651
1626067695644197,car,car,0.96,o to,2026-09-16T11:01:31.586651
1626067838977516,life,life_general,0.82,nhan tho,2026-09-16T11:01:31.586651
1626067872310846,life,life_general,0.82,nhan tho,2026-09-16T11:01:31.586651
1626069638977336,critical_illness,critical_illness,0.9,benh hiem ngheo,2026-09-16T11:01:31.586651
1626069808977319,unknown,unknown,0.3,,2026-09-16T11:01:31.586651
1626070098977290,life,life_general,0.82,nhan tho,2026-09-16T11:01:31.586651
1626072532310380,life,life_general,0.82,bhnt,2026-09-16T11:01:31.586651
1626073025643664,unknown,unknown,0.3,,2026-09-16T11:01:31.586651
1626073162310317,unknown,unknown,0.3,,2026-09-16T11:01:31.586651
1626076332310000,unknown,unknown,0.3,,2026-09-16T11:01:31.586651
1626077378976562,critical_illness,critical_illness,0.9,ung thu,2026-09-16T11:01:31.586651
1626080892309544,unknown,unknown,0.3,,2026-09-16T11:01:31.586651
1626082222309411,unknown,unknown,0.3,,2026-09-16T11:01:31.586651
1626084868975813,unknown,unknown,0.3,,2026-09-16T11:01:31.586651
1626089218975378,critical_illness,critical_illness,0.9,ung thu,2026-09-16T11:01:31.586651
1626091598975140,health,health,0.88,suc khoe,2026-09-16T11:01:31.586651
1626099475641019,critical_illness,critical_illness,0.9,benh hiem ngheo,2026-09-16T11:01:31.586651
1626104355640531,unknown,unknown,0.3,,2026-09-16T11:01:31.586651
1626125018971798,life,universal_life,0.92,lai suat cam ket,2026-09-16T11:01:31.586651
1626130808971219,unknown,unknown,0.3,,2026-09-16T11:01:31.586651
1626138375637129,critical_illness,critical_illness,0.9,benh hiem ngheo,2026-09-16T11:01:31.586651
1626138832303750,health,health,0.88,suc khoe,2026-09-16T11:01:31.586651
1626142125636754,car,car,0.96,o to,2026-09-16T11:01:31.586651
1626142505636716,unknown,unknown,0.3,,2026-09-16T11:01:31.586651
1626150215635945,unknown,unknown,0.3,,2026-09-16T11:01:31.586651
1626173932300240,unknown,unknown,0.3,,2026-09-16T11:01:31.586651
1626239965626970,unknown,unknown,0.3,,2026-09-16T11:01:31.586651
1626241502293483,unknown,unknown,0.3,,2026-09-16T11:01:31.586651
1626243172293316,car,car,0.96,o to,2026-09-16T11:01:31.586651
1626364945614472,unknown,unknown,0.3,,2026-09-16T11:01:31.586651
1626393542278279,unknown,unknown,0.3,,2026-09-16T11:01:31.586651
1626412895609677,unknown,unknown,0.3,,2026-09-16T11:01:31.586651
1626417522275881,critical_illness,critical_illness,0.9,đột quỵ,2026-09-16T11:01:31.586651
1626437132273920,critical_illness,critical_illness,0.9,ung thu,2026-09-16T11:01:31.586651
1626847228899577,non_life_general,non_life_general,0.75,mic,2026-09-16T11:01:31.586651
1626907168893583,health,health,0.88,suc khoe,2026-09-16T11:01:31.586651
1627735708810729,life,life_general,0.82,bhnt,2026-09-16T11:01:31.586651
1627755805475386,health,health,0.88,suc khoe,2026-09-16T11:01:31.586651
1626261292291504,bank_insurance,bank_insurance,0.86,ngan hang,2026-09-16T11:01:31.586651
1626265932291040,bank_insurance,bank_insurance,0.86,ngan hang,2026-09-16T11:01:31.586651
1626481502269483,unknown,unknown,0.3,,2026-09-16T11:01:31.586651
1626481918936108,unknown,unknown,0.3,,2026-09-16T11:01:31.586651
1626482128936087,unknown,unknown,0.3,,2026-09-16T11:01:31.586651
1626482588936041,critical_illness,critical_illness,0.9,ung thu,2026-09-16T11:01:31.586651
1626483378935962,unknown,unknown,0.3,,2026-09-16T11:01:31.586651
1626484448935855,unknown,unknown,0.3,,2026-09-16T11:01:31.586651
1626484898935810,unknown,unknown,0.3,,2026-09-16T11:01:31.586651
1626485272269106,unknown,unknown,0.3,,2026-09-16T11:01:31.586651
1626486035602363,unknown,unknown,0.3,,2026-09-16T11:01:31.586651
1626487838935516,unknown,unknown,0.3,,2026-09-16T11:01:31.586651
1626488178935482,health,health,0.88,suc khoe,2026-09-16T11:01:31.586651
1626489752268658,critical_illness,critical_illness,0.9,ung thu,2026-09-16T11:01:31.586651
1626489852268648,critical_illness,critical_illness,0.9,benh hiem ngheo,2026-09-16T11:01:31.586651
1626490698935230,unknown,unknown,0.3,,2026-09-16T11:01:31.586651
1626490945601872,health,health,0.88,suc khoe,2026-09-16T11:01:31.586651
1626493358934964,unknown,unknown,0.3,,2026-09-16T11:01:31.586651
1626495638934736,unknown,unknown,0.3,,2026-09-16T11:01:31.586651
1626496528934647,critical_illness,critical_illness,0.9,ung thu,2026-09-16T11:01:31.586651
1626512812266352,unknown,unknown,0.3,,2026-09-16T11:01:31.586651
1626518772265756,unknown,unknown,0.3,,2026-09-16T11:01:31.586651
1626529085598058,unknown,unknown,0.3,,2026-09-16T11:01:31.586651
1626688118915488,unknown,unknown,0.3,,2026-09-16T11:01:31.586651
1626707035580263,critical_illness,critical_illness,0.9,benh hiem ngheo,2026-09-16T11:01:31.586651
1626709975579969,unknown,unknown,0.3,,2026-09-16T11:01:31.586651
1626716002246033,unknown,unknown,0.3,,2026-09-16T11:01:31.586651
1626723588911941,critical_illness,critical_illness,0.9,benh hiem ngheo,2026-09-16T11:01:31.586651
1626739058910394,critical_illness,critical_illness,0.9,benh hiem ngheo,2026-09-16T11:01:31.586651
1626740195576947,health,health,0.88,thai san,2026-09-16T11:01:31.586651
1626742798910020,unknown,unknown,0.3,,2026-09-16T11:01:31.586651
1626780618906238,unknown,unknown,0.3,,2026-09-16T11:01:31.586651
1626789348905365,life,universal_life,0.92,lai suat cam ket,2026-09-16T11:01:31.586651
1626796762237957,unknown,unknown,0.3,,2026-09-16T11:01:31.586651
1626850878899212,unknown,unknown,0.3,,2026-09-16T11:01:31.586651
1626857665565200,unknown,unknown,0.3,,2026-09-16T11:01:31.586651
1626858738898426,health,health,0.88,suc khoe,2026-09-16T11:01:31.586651
1627039258880374,critical_illness,critical_illness,0.9,ung thu,2026-09-16T11:01:31.586651
1627039702213663,critical_illness,critical_illness,0.9,benh hiem ngheo,2026-09-16T11:01:31.586651
1627039758880324,health,health,0.88,suc khoe,2026-09-16T11:01:31.586651
1627271672190466,unknown,unknown,0.3,,2026-09-16T11:01:31.586651
1627317658852534,health,health,0.88,suc khoe,2026-09-16T11:01:31.586651
1627581395492827,unknown,unknown,0.3,,2026-09-16T11:01:31.586651
1627729598811340,health,health,0.88,suc khoe,2026-09-16T11:01:31.586651
1626959608888339,unknown,unknown,0.3,,2026-09-16T11:01:31.586651
1626962588888041,critical_illness,critical_illness,0.9,benh hiem ngheo,2026-09-16T11:01:31.586651
1626963898887910,critical_illness,critical_illness,0.9,ung thu,2026-09-16T11:01:31.586651
1626965962221037,unknown,unknown,0.3,,2026-09-16T11:01:31.586651
1626974075553559,unknown,unknown,0.3,,2026-09-16T11:01:31.586651
1626976472219986,unknown,unknown,0.3,,2026-09-16T11:01:31.586651
1626978582219775,unknown,unknown,0.3,,2026-09-16T11:01:31.586651
1627026438881656,unknown,unknown,0.3,,2026-09-16T11:01:31.586651
1627028035548163,unknown,unknown,0.3,,2026-09-16T11:01:31.586651
1627029995547967,unknown,unknown,0.3,,2026-09-16T11:01:31.586651
1627031635547803,bank_insurance,bank_insurance,0.86,vay,2026-09-16T11:01:31.586651
1627046982212935,unknown,unknown,0.3,,2026-09-16T11:01:31.586651
1627123902205243,unknown,unknown,0.3,,2026-09-16T11:01:31.586651
1627125462205087,health,health,0.88,suc khoe,2026-09-16T11:01:31.586651
1627172008867099,unknown,unknown,0.3,,2026-09-16T11:01:31.586651
1627206578863642,unknown,unknown,0.3,,2026-09-16T11:01:31.586651
1627295288854771,unknown,unknown,0.3,,2026-09-16T11:01:31.586651
1627591025491864,unknown,unknown,0.3,,2026-09-16T11:01:31.586651
1627630055487961,unknown,unknown,0.3,,2026-09-16T11:01:31.586651
1627727158811584,unknown,unknown,0.3,,2026-09-16T11:01:31.586651
1627728638811436,health,health,0.88,suc khoe,2026-09-16T11:01:31.586651
1627849862132647,unknown,unknown,0.3,,2026-09-16T11:01:31.586651
1626970952220538,unknown,unknown,0.3,,2026-09-16T11:01:31.586651
1626971425553824,unknown,unknown,0.3,,2026-09-16T11:01:31.586651
1626971768887123,unknown,unknown,0.3,,2026-09-16T11:01:31.586651
1626971838887116,unknown,unknown,0.3,,2026-09-16T11:01:31.586651
1626972252220408,unknown,unknown,0.3,,2026-09-16T11:01:31.586651
1626972262220407,unknown,unknown,0.3,,2026-09-16T11:01:31.586651
1626972285553738,unknown,unknown,0.3,,2026-09-16T11:01:31.586651
1626972332220400,unknown,unknown,0.3,,2026-09-16T11:01:31.586651
1626972405553726,unknown,unknown,0.3,,2026-09-16T11:01:31.586651
1626972435553723,unknown,unknown,0.3,,2026-09-16T11:01:31.586651
1626972485553718,unknown,unknown,0.3,,2026-09-16T11:01:31.586651
1626973025553664,unknown,unknown,0.3,,2026-09-16T11:01:31.586651
1626973485553618,unknown,unknown,0.3,,2026-09-16T11:01:31.586651
1626973762220257,unknown,unknown,0.3,,2026-09-16T11:01:31.586651
1626974822220151,unknown,unknown,0.3,,2026-09-16T11:01:31.586651
1626975622220071,unknown,unknown,0.3,,2026-09-16T11:01:31.586651
1626976042220029,unknown,unknown,0.3,,2026-09-16T11:01:31.586651
1626976155553351,motorbike,motorbike,0.98,xe may,2026-09-16T11:01:31.586651
1626976478886652,unknown,unknown,0.3,,2026-09-16T11:01:31.586651
1626976588886641,critical_illness,critical_illness,0.9,ung thu,2026-09-16T11:01:31.586651
1626976852219948,unknown,unknown,0.3,,2026-09-16T11:01:31.586651
1626978825553084,unknown,unknown,0.3,,2026-09-16T11:01:31.586651
1626979025553064,life,life_general,0.82,nhan tho,2026-09-16T11:01:31.586651
1626979108886389,unknown,unknown,0.3,,2026-09-16T11:01:31.586651
1626979372219696,life,life_general,0.82,bhnt,2026-09-16T11:01:31.586651
1626979422219691,bank_insurance,bank_insurance,0.86,vay,2026-09-16T11:01:31.586651
1626979798886320,unknown,unknown,0.3,,2026-09-16T11:01:31.586651
1626980322219601,unknown,unknown,0.3,,2026-09-16T11:01:31.586651
1626980462219587,unknown,unknown,0.3,,2026-09-16T11:01:31.586651
1626980708886229,health,health,0.88,suc khoe,2026-09-16T11:01:31.586651
1626982288886071,unknown,unknown,0.3,,2026-09-16T11:01:31.586651
1626982972219336,unknown,unknown,0.3,,2026-09-16T11:01:31.586651
1626983048885995,unknown,unknown,0.3,,2026-09-16T11:01:31.586651
1626983438885956,unknown,unknown,0.3,,2026-09-16T11:01:31.586651
1626984048885895,unknown,unknown,0.3,,2026-09-16T11:01:31.586651
1626984038885896,life,life_general,0.82,nhan tho,2026-09-16T11:01:31.586651
1626984285552538,unknown,unknown,0.3,,2026-09-16T11:01:31.586651
1626984835552483,health,health,0.88,suc khoe,2026-09-16T11:01:31.586651
1626984878885812,unknown,unknown,0.3,,2026-09-16T11:01:31.586651
1626985718885728,life,universal_life,0.92,lai suat cam ket,2026-09-16T11:01:31.586651
1626985722219061,unknown,unknown,0.3,,2026-09-16T11:01:31.586651
1626985822219051,unknown,unknown,0.3,,2026-09-16T11:01:31.586651
1626986588885641,unknown,unknown,0.3,,2026-09-16T11:01:31.586651
1626987985552168,unknown,unknown,0.3,,2026-09-16T11:01:31.586651
1626988522218781,critical_illness,critical_illness,0.9,benh hiem ngheo,2026-09-16T11:01:31.586651
1626990078885292,unknown,unknown,0.3,,2026-09-16T11:01:31.586651
1626990095551957,unknown,unknown,0.3,,2026-09-16T11:01:31.586651
1626990368885263,unknown,unknown,0.3,,2026-09-16T11:01:31.586651
1626990428885257,unknown,unknown,0.3,,2026-09-16T11:01:31.586651
1626990865551880,unknown,unknown,0.3,,2026-09-16T11:01:31.586651
1626991668885133,unknown,unknown,0.3,,2026-09-16T11:01:31.586651
1626991722218461,unknown,unknown,0.3,,2026-09-16T11:01:31.586651
1626991912218442,critical_illness,critical_illness,0.9,benh hiem ngheo,2026-09-16T11:01:31.586651
1626991945551772,unknown,unknown,0.3,,2026-09-16T11:01:31.586651
1626997885551178,health,health,0.88,suc khoe,2026-09-16T11:01:31.586651
1626999962217637,health,health,0.88,suc khoe,2026-09-16T11:01:31.586651
1627000188884281,unknown,unknown,0.3,,2026-09-16T11:01:31.586651
1627000598884240,unknown,unknown,0.3,,2026-09-16T11:01:31.586651
1627002178884082,unknown,unknown,0.3,,2026-09-16T11:01:31.586651
1627006022217031,non_life_general,non_life_general,0.75,pvi,2026-09-16T11:01:31.586651
1627007332216900,health,health,0.88,suc khoe,2026-09-16T11:01:31.586651
1627007935550173,critical_illness,critical_illness,0.9,benh hiem ngheo,2026-09-16T11:01:31.586651
1627008005550166,critical_illness,critical_illness,0.9,ung thu,2026-09-16T11:01:31.586651
1627008122216821,unknown,unknown,0.3,,2026-09-16T11:01:31.586651
1627008218883478,non_life_general,non_life_general,0.75,pvi,2026-09-16T11:01:31.586651
1627008555550111,non_life_general,non_life_general,0.75,pvi,2026-09-16T11:01:31.586651
1627010388883261,car,car,0.96,o to,2026-09-16T11:01:31.586651
1627010908883209,non_life_general,non_life_general,0.75,mic,2026-09-16T11:01:31.586651
1627011408883159,unknown,unknown,0.3,,2026-09-16T11:01:31.586651
1627011478883152,health,health,0.88,suc khoe,2026-09-16T11:01:31.586651
1627011772216456,unknown,unknown,0.3,,2026-09-16T11:01:31.586651
1627016182216015,critical_illness,critical_illness,0.9,ung thu,2026-09-16T11:01:31.586651
1627022038882096,unknown,unknown,0.3,,2026-09-16T11:01:31.586651
1627022065548760,unknown,unknown,0.3,,2026-09-16T11:01:31.586651
1627027808881519,life,life_general,0.82,nhan tho,2026-09-16T11:01:31.586651
1627033502214283,unknown,unknown,0.3,,2026-09-16T11:01:31.586651
1627034555547511,critical_illness,critical_illness,0.9,ung thu,2026-09-16T11:01:31.586651
1627040275546939,unknown,unknown,0.3,,2026-09-16T11:01:31.586651
1627077958876504,non_life_general,non_life_general,0.75,pvi,2026-09-16T11:01:31.586651
1627082525542714,unknown,unknown,0.3,,2026-09-16T11:01:31.586651
1627092185541748,unknown,unknown,0.3,,2026-09-16T11:01:31.586651
1627108675540099,unknown,unknown,0.3,,2026-09-16T11:01:31.586651
1627143965536570,health,health,0.88,suc khoe,2026-09-16T11:01:31.586651
1627161542201479,non_life_general,non_life_general,0.75,mic,2026-09-16T11:01:31.586651
1627317028852597,unknown,unknown,0.3,,2026-09-16T11:01:31.586651
1627624258821874,health,health,0.88,suc khoe,2026-09-16T11:01:31.586651
1627669425484024,critical_illness,critical_illness,0.9,ung thu,2026-09-16T11:01:31.586651
1627719908812309,unknown,unknown,0.3,,2026-09-16T11:01:31.586651
1627043345546632,unknown,unknown,0.3,,2026-09-16T11:01:31.586651
2113186009282534,unknown,unknown,0.3,,2026-09-16T11:01:31.586651
2112192396048562,unknown,unknown,0.3,,2026-09-16T11:01:31.586651
2112192639381871,unknown,unknown,0.3,,2026-09-16T11:01:31.586651
2112199182714550,car,car,0.96,o to,2026-09-16T11:01:31.586651
2112199836047818,unknown,unknown,0.3,,2026-09-16T11:01:31.586651
2112218006046001,unknown,unknown,0.3,,2026-09-16T11:01:31.586651
2112228869378248,unknown,unknown,0.3,,2026-09-16T11:01:31.586651
2112230289378106,unknown,unknown,0.3,,2026-09-16T11:01:31.586651
2112231406044661,unknown,unknown,0.3,,2026-09-16T11:01:31.586651
2112231536044648,unknown,unknown,0.3,,2026-09-16T11:01:31.586651
2112239752710493,unknown,unknown,0.3,,2026-09-16T11:01:31.586651
2112249146042887,unknown,unknown,0.3,,2026-09-16T11:01:31.586651
2112251506042651,unknown,unknown,0.3,,2026-09-16T11:01:31.586651
2112306239370511,unknown,unknown,0.3,,2026-09-16T11:01:31.586651
2112367012697767,bank_insurance,bank_insurance,0.86,vay,2026-09-16T11:01:31.586651
2112636139337521,unknown,unknown,0.3,,2026-09-16T11:01:31.586651
2112639386003863,unknown,unknown,0.3,,2026-09-16T11:01:31.586651
2112640286003773,unknown,unknown,0.3,,2026-09-16T11:01:31.586651
2112640356003766,unknown,unknown,0.3,,2026-09-16T11:01:31.586651
2112673992667069,unknown,unknown,0.3,,2026-09-16T11:01:31.586651
2112690919332043,unknown,unknown,0.3,,2026-09-16T11:01:31.586651
2112695075998294,unknown,unknown,0.3,,2026-09-16T11:01:31.586651
2112696502664818,unknown,unknown,0.3,,2026-09-16T11:01:31.586651
2112698102664658,unknown,unknown,0.3,,2026-09-16T11:01:31.586651
2112920809309054,unknown,unknown,0.3,,2026-09-16T11:01:31.586651
2112947149306420,unknown,unknown,0.3,,2026-09-16T11:01:31.586651
2112970502637418,unknown,unknown,0.3,,2026-09-16T11:01:31.586651
2112974822636986,unknown,unknown,0.3,,2026-09-16T11:01:31.586651
2113011059300029,unknown,unknown,0.3,,2026-09-16T11:01:31.586651
2113025229298612,unknown,unknown,0.3,,2026-09-16T11:01:31.586651
2113027145965087,unknown,unknown,0.3,,2026-09-16T11:01:31.586651
2113053182629150,unknown,unknown,0.3,,2026-09-16T11:01:31.586651
2113054825962319,unknown,unknown,0.3,,2026-09-16T11:01:31.586651
2113055995962202,unknown,unknown,0.3,,2026-09-16T11:01:31.586651
2113057119295423,unknown,unknown,0.3,,2026-09-16T11:01:31.586651
2113058559295279,unknown,unknown,0.3,,2026-09-16T11:01:31.586651
2113078615959940,unknown,unknown,0.3,,2026-09-16T11:01:31.586651
2113327622601706,bank_insurance,bank_insurance,0.86,vay,2026-09-16T11:01:31.586651
2113891402545328,unknown,unknown,0.3,,2026-09-16T11:01:31.586651
2113900365877765,unknown,unknown,0.3,,2026-09-16T11:01:31.586651
2113910495876752,unknown,unknown,0.3,,2026-09-16T11:01:31.586651
2113183705949431,unknown,unknown,0.3,,2026-09-16T11:01:31.586651
2113186385949163,unknown,unknown,0.3,,2026-09-16T11:01:31.586651
2113186452615823,unknown,unknown,0.3,,2026-09-16T11:01:31.586651
2113186525949149,unknown,unknown,0.3,,2026-09-16T11:01:31.586651
2113187052615763,unknown,unknown,0.3,,2026-09-16T11:01:31.586651
2113193935948408,unknown,unknown,0.3,,2026-09-16T11:01:31.586651
2113206545947147,unknown,unknown,0.3,,2026-09-16T11:01:31.586651
2113213142613154,unknown,unknown,0.3,,2026-09-16T11:01:31.586651
2113216225946179,unknown,unknown,0.3,,2026-09-16T11:01:31.586651
2113225359278599,unknown,unknown,0.3,,2026-09-16T11:01:31.586651
2113283139272821,unknown,unknown,0.3,,2026-09-16T11:01:31.586651
2113222525945549,unknown,unknown,0.3,,2026-09-16T11:01:31.586651
2113250899276045,unknown,unknown,0.3,,2026-09-16T11:01:31.586651
2113276082606860,unknown,unknown,0.3,,2026-09-16T11:01:31.586651
2113283399272795,unknown,unknown,0.3,,2026-09-16T11:01:31.586651
2113723362562132,unknown,unknown,0.3,,2026-09-16T11:01:31.586651
2113754892558979,unknown,unknown,0.3,,2026-09-16T11:01:31.586651
2113923332542135,unknown,unknown,0.3,,2026-09-16T11:01:31.586651
2113929545874847,unknown,unknown,0.3,,2026-09-16T11:01:31.586651
2113929582541510,unknown,unknown,0.3,,2026-09-16T11:01:31.586651
2113310922603376,unknown,unknown,0.3,,2026-09-16T11:01:31.586651
2113354025932399,unknown,unknown,0.3,,2026-09-16T11:01:31.586651
2113865255881276,health,health,0.88,noi tru,2026-09-16T11:01:31.586651
2113867925881009,unknown,unknown,0.3,,2026-09-16T11:01:31.586651
2113876839213451,bank_insurance,bank_insurance,0.86,vay,2026-09-16T11:01:31.586651
2113877635880038,unknown,unknown,0.3,,2026-09-16T11:01:31.586651
2113945559206579,unknown,unknown,0.3,,2026-09-16T11:01:31.586651
2113945935873208,unknown,unknown,0.3,,2026-09-16T11:01:31.586651
2114298032504665,unknown,unknown,0.3,,2026-09-16T11:01:31.586651
2114911909109944,unknown,unknown,0.3,,2026-09-16T11:01:31.586651
2114217029179432,unknown,unknown,0.3,,2026-09-16T11:01:31.586651
2114249965842805,unknown,unknown,0.3,,2026-09-16T11:01:31.586651
2114330492501419,unknown,unknown,0.3,,2026-09-16T11:01:31.586651
2114638395803962,unknown,unknown,0.3,,2026-09-16T11:01:31.586651
2114646389136496,unknown,unknown,0.3,,2026-09-16T11:01:31.586651
2114652375802564,unknown,unknown,0.3,,2026-09-16T11:01:31.586651
2114770835790718,unknown,unknown,0.3,,2026-09-16T11:01:31.586651
2114771149124020,unknown,unknown,0.3,,2026-09-16T11:01:31.586651
2114771482457320,unknown,unknown,0.3,,2026-09-16T11:01:31.586651
2114311542503314,bank_insurance,bank_insurance,0.86,vay,2026-09-16T11:01:31.586651
2114322609168874,unknown,unknown,0.3,,2026-09-16T11:01:31.586651
2114337002500768,health,health,0.88,suc khoe,2026-09-16T11:01:31.586651
2114340129167122,unknown,unknown,0.3,,2026-09-16T11:01:31.586651
2114565075811294,unknown,unknown,0.3,,2026-09-16T11:01:31.586651
2114587345809067,unknown,unknown,0.3,,2026-09-16T11:01:31.586651
2114587512475717,unknown,unknown,0.3,,2026-09-16T11:01:31.586651
2114620965805705,unknown,unknown,0.3,,2026-09-16T11:01:31.586651
2115472535720548,unknown,unknown,0.3,,2026-09-16T11:01:31.586651
2115476162386852,unknown,unknown,0.3,,2026-09-16T11:01:31.586651
2115478149053320,unknown,unknown,0.3,,2026-09-16T11:01:31.586651
2115480185719783,critical_illness,critical_illness,0.9,ung thu,2026-09-16T11:01:31.586651
2115481112386357,unknown,unknown,0.3,,2026-09-16T11:01:31.586651
2115481862386282,life,life_general,0.82,bhnt,2026-09-16T11:01:31.586651
2115483755719426,property,property,0.92,tai san,2026-09-16T11:01:31.586651
2115484362386032,unknown,unknown,0.3,,2026-09-16T11:01:31.586651
2115485249052610,life,life_general,0.82,nhan tho,2026-09-16T11:01:31.586651
2115489875718814,unknown,unknown,0.3,,2026-09-16T11:01:31.586651
2115493685718433,unknown,unknown,0.3,,2026-09-16T11:01:31.586651
2115493775718424,unknown,unknown,0.3,,2026-09-16T11:01:31.586651
2115494482385020,unknown,unknown,0.3,,2026-09-16T11:01:31.586651
2115494625718339,unknown,unknown,0.3,,2026-09-16T11:01:31.586651
2115495155718286,unknown,unknown,0.3,,2026-09-16T11:01:31.586651
2115495219051613,unknown,unknown,0.3,,2026-09-16T11:01:31.586651
2115498319051303,unknown,unknown,0.3,,2026-09-16T11:01:31.586651
2115499662384502,unknown,unknown,0.3,,2026-09-16T11:01:31.586651
2115500005717801,bank_insurance,bank_insurance,0.86,vay,2026-09-16T11:01:31.586651
2115501042384364,unknown,unknown,0.3,,2026-09-16T11:01:31.586651
2115501522384316,property,property,0.92,tai san,2026-09-16T11:01:31.586651
2115502455717556,unknown,unknown,0.3,,2026-09-16T11:01:31.586651
2115504459050689,unknown,unknown,0.3,,2026-09-16T11:01:31.586651
2115504595717342,health,health,0.88,suc khoe,2026-09-16T11:01:31.586651
2115505492383919,unknown,unknown,0.3,,2026-09-16T11:01:31.586651
2115505825717219,bank_insurance,bank_insurance,0.86,vay,2026-09-16T11:01:31.586651
2115515269049608,unknown,unknown,0.3,,2026-09-16T11:01:31.586651
2115516135716188,unknown,unknown,0.3,,2026-09-16T11:01:31.586651
2115524972381971,unknown,unknown,0.3,,2026-09-16T11:01:31.586651
2115541902380278,bank_insurance,bank_insurance,0.86,vay,2026-09-16T11:01:31.586651
2115547215713080,unknown,unknown,0.3,,2026-09-16T11:01:31.586651
2115575215710280,life,life_general,0.82,đóng phí,2026-09-16T11:01:31.586651
2115591222375346,car,car,0.96,o to,2026-09-16T11:01:31.586651
2115596645708137,unknown,unknown,0.3,,2026-09-16T11:01:31.586651
2115598285707973,unknown,unknown,0.3,,2026-09-16T11:01:31.586651
2115605539040581,life,universal_life,0.92,lai suat cam ket,2026-09-16T11:01:31.586651
2115610532373415,unknown,unknown,0.3,,2026-09-16T11:01:31.586651
2116153872319081,unknown,unknown,0.3,,2026-09-16T11:01:31.586651
2115473879053747,health,health,0.88,suc khoe,2026-09-16T11:01:31.586651
2115475459053589,unknown,unknown,0.3,,2026-09-16T11:01:31.586651
2115476205720181,health,health,0.88,suc khoe,2026-09-16T11:01:31.586651
2115476952386773,health,health,0.88,suc khoe,2026-09-16T11:01:31.586651
2115477135720088,life,life_general,0.82,nhan tho,2026-09-16T11:01:31.586651
2115477325720069,life,life_general,0.82,bhnt,2026-09-16T11:01:31.586651
2115477785720023,health,health,0.88,suc khoe,2026-09-16T11:01:31.586651
2115477965720005,health,health,0.88,suc khoe,2026-09-16T11:01:31.586651
2115478602386608,unknown,unknown,0.3,,2026-09-16T11:01:31.586651
2115480555719746,health,health,0.88,suc khoe,2026-09-16T11:01:31.586651
2115482009052934,unknown,unknown,0.3,,2026-09-16T11:01:31.586651
2115482029052932,health,health,0.88,suc khoe,2026-09-16T11:01:31.586651
2115482735719528,unknown,unknown,0.3,,2026-09-16T11:01:31.586651
2115483192386149,health,health,0.88,suc khoe,2026-09-16T11:01:31.586651
2115483732386095,critical_illness,critical_illness,0.9,benh hiem ngheo,2026-09-16T11:01:31.586651
2115484099052725,unknown,unknown,0.3,,2026-09-16T11:01:31.586651
2115485509052584,unknown,unknown,0.3,,2026-09-16T11:01:31.586651
2115493965718405,life,life_general,0.82,nhan tho,2026-09-16T11:01:31.586651
2115493972385071,life,life_general,0.82,đóng phí,2026-09-16T11:01:31.586651
2115494785718323,health,health,0.88,suc khoe,2026-09-16T11:01:31.586651
2115496942384774,health,health,0.88,suc khoe,2026-09-16T11:01:31.586651
2115497979051337,unknown,unknown,0.3,,2026-09-16T11:01:31.586651
2115499882384480,unknown,unknown,0.3,,2026-09-16T11:01:31.586651
2115500022384466,unknown,unknown,0.3,,2026-09-16T11:01:31.586651
2115500875717714,unknown,unknown,0.3,,2026-09-16T11:01:31.586651
2115510942383374,unknown,unknown,0.3,,2026-09-16T11:01:31.586651
2115519159049219,health,health,0.88,suc khoe,2026-09-16T11:01:31.586651
2115532159047919,unknown,unknown,0.3,,2026-09-16T11:01:31.586651
2115561812378287,unknown,unknown,0.3,,2026-09-16T11:01:31.586651
2115604392374029,health,health,0.88,suc khoe,2026-09-16T11:01:31.586651
2115607899040345,car,car,0.96,o to,2026-09-16T11:01:31.586651
2115646085703193,health,health,0.88,suc khoe,2026-09-16T11:01:31.586651
2115667392367729,unknown,unknown,0.3,,2026-09-16T11:01:31.586651
2115703099030825,unknown,unknown,0.3,,2026-09-16T11:01:31.586651
2115721155695686,unknown,unknown,0.3,,2026-09-16T11:01:31.586651
2115810495686752,health,health,0.88,suc khoe,2026-09-16T11:01:31.586651
2115992235668578,health,health,0.88,suc khoe,2026-09-16T11:01:31.586651
2116152362319232,life,life_general,0.82,nhan tho,2026-09-16T11:01:31.586651
2116313012303167,life,life_general,0.82,bhnt,2026-09-16T11:01:31.586651
2116371338964001,health,health,0.88,suc khoe,2026-09-16T11:01:31.586651
2116489702285498,life,life_general,0.82,nhan tho,2026-09-16T11:01:31.586651
2116509675616834,unknown,unknown,0.3,,2026-09-16T11:01:31.586651
2117133085554493,unknown,unknown,0.3,,2026-09-16T11:01:31.586651
2117259265541875,bank_insurance,bank_insurance,0.86,vay,2026-09-16T11:01:31.586651
2115680889033046,unknown,unknown,0.3,,2026-09-16T11:01:31.586651
2115596152374853,unknown,unknown,0.3,,2026-09-16T11:01:31.586651
2115596382374830,unknown,unknown,0.3,,2026-09-16T11:01:31.586651
2115596565708145,unknown,unknown,0.3,,2026-09-16T11:01:31.586651
2115596789041456,unknown,unknown,0.3,,2026-09-16T11:01:31.586651
2115597229041412,unknown,unknown,0.3,,2026-09-16T11:01:31.586651
2115597989041336,unknown,unknown,0.3,,2026-09-16T11:01:31.586651
2115598355707966,unknown,unknown,0.3,,2026-09-16T11:01:31.586651
2115598392374629,unknown,unknown,0.3,,2026-09-16T11:01:31.586651
2115598479041287,health,health,0.88,thai san,2026-09-16T11:01:31.586651
2115598662374602,unknown,unknown,0.3,,2026-09-16T11:01:31.586651
2115598882374580,unknown,unknown,0.3,,2026-09-16T11:01:31.586651
2115599232374545,unknown,unknown,0.3,,2026-09-16T11:01:31.586651
2115599432374525,health,health,0.88,thai san,2026-09-16T11:01:31.586651
2115600922374376,unknown,unknown,0.3,,2026-09-16T11:01:31.586651
2115601029041032,property,property,0.92,hang hoa,2026-09-16T11:01:31.586651
2115601099041025,health,health,0.88,thai san,2026-09-16T11:01:31.586651
2115603359040799,unknown,unknown,0.3,,2026-09-16T11:01:31.586651
2115603539040781,health,health,0.88,thai san,2026-09-16T11:01:31.586651
2115604785707323,unknown,unknown,0.3,,2026-09-16T11:01:31.586651
2115605765707225,health,health,0.88,thai san,2026-09-16T11:01:31.586651
2115608225706979,health,health,0.88,vien phi,2026-09-16T11:01:31.586651
2115609675706834,unknown,unknown,0.3,,2026-09-16T11:01:31.586651
2115611385706663,health,health,0.88,thai san,2026-09-16T11:01:31.586651
2115612399039895,non_life_general,non_life_general,0.75,mic,2026-09-16T11:01:31.586651
2115613465706455,unknown,unknown,0.3,,2026-09-16T11:01:31.586651
2115615522372916,unknown,unknown,0.3,,2026-09-16T11:01:31.586651
2115621592372309,unknown,unknown,0.3,,2026-09-16T11:01:31.586651
2115636469037488,health,health,0.88,thai san,2026-09-16T11:01:31.586651
2115664759034659,health,health,0.88,vien phi,2026-09-16T11:01:31.586651
2115673299033805,unknown,unknown,0.3,,2026-09-16T11:01:31.586651
2115675105700291,unknown,unknown,0.3,,2026-09-16T11:01:31.586651
2115686935699108,health,health,0.88,thai san,2026-09-16T11:01:31.586651
2115703785697423,unknown,unknown,0.3,,2026-09-16T11:01:31.586651
2115732112361257,health,health,0.88,suc khoe,2026-09-16T11:01:31.586651
2115740032360465,unknown,unknown,0.3,,2026-09-16T11:01:31.586651
2115826612351807,health,health,0.88,thai san,2026-09-16T11:01:31.586651
2115937562340712,health,health,0.88,thai san,2026-09-16T11:01:31.586651
2116370545630747,health,health,0.88,thai san,2026-09-16T11:01:31.586651
2116519665615835,critical_illness,critical_illness,0.9,ung thu,2026-09-16T11:01:31.586651
2116374745630327,unknown,unknown,0.3,,2026-09-16T11:01:31.586651
2116377332296735,unknown,unknown,0.3,,2026-09-16T11:01:31.586651
2116421365625665,unknown,unknown,0.3,,2026-09-16T11:01:31.586651
2116588632275605,unknown,unknown,0.3,,2026-09-16T11:01:31.586651
2116356252298843,unknown,unknown,0.3,,2026-09-16T11:01:31.586651
2116356852298783,unknown,unknown,0.3,,2026-09-16T11:01:31.586651
2116357388965396,unknown,unknown,0.3,,2026-09-16T11:01:31.586651
2116375652296903,unknown,unknown,0.3,,2026-09-16T11:01:31.586651
2116382142296254,unknown,unknown,0.3,,2026-09-16T11:01:31.586651
2116387188962416,unknown,unknown,0.3,,2026-09-16T11:01:31.586651
2116397342294734,bank_insurance,bank_insurance,0.86,vay,2026-09-16T11:01:31.586651
2116399235627878,unknown,unknown,0.3,,2026-09-16T11:01:31.586651
2116402858960849,unknown,unknown,0.3,,2026-09-16T11:01:31.586651
2116403538960781,unknown,unknown,0.3,,2026-09-16T11:01:31.586651
2116407208960414,unknown,unknown,0.3,,2026-09-16T11:01:31.586651
2116408412293627,unknown,unknown,0.3,,2026-09-16T11:01:31.586651
2116408738960261,bank_insurance,bank_insurance,0.86,vay,2026-09-16T11:01:31.586651
2116413305626471,unknown,unknown,0.3,,2026-09-16T11:01:31.586651
2116414002293068,unknown,unknown,0.3,,2026-09-16T11:01:31.586651
2116417708959364,unknown,unknown,0.3,,2026-09-16T11:01:31.586651
2116421245625677,unknown,unknown,0.3,,2026-09-16T11:01:31.586651
2116424708958664,life,life_general,0.82,bhnt,2026-09-16T11:01:31.586651
2116427308958404,unknown,unknown,0.3,,2026-09-16T11:01:31.586651
2116428715624930,unknown,unknown,0.3,,2026-09-16T11:01:31.586651
2116429505624851,unknown,unknown,0.3,,2026-09-16T11:01:31.586651
2116467632287705,unknown,unknown,0.3,,2026-09-16T11:01:31.586651
2116480392286429,unknown,unknown,0.3,,2026-09-16T11:01:31.586651
2116501988950936,unknown,unknown,0.3,,2026-09-16T11:01:31.586651
2116676265600175,unknown,unknown,0.3,,2026-09-16T11:01:31.586651
1329136005756311,unknown,unknown,0.3,,2026-09-16T11:01:31.586651
1329137299089515,unknown,unknown,0.3,,2026-09-16T11:01:31.586651
1329138275756084,unknown,unknown,0.3,,2026-09-16T11:01:31.586651
1329144652422113,unknown,unknown,0.3,,2026-09-16T11:01:31.586651
1329145442422034,unknown,unknown,0.3,,2026-09-16T11:01:31.586651
1329151372421441,unknown,unknown,0.3,,2026-09-16T11:01:31.586651
1329152565754655,unknown,unknown,0.3,,2026-09-16T11:01:31.586651
1329165865753325,unknown,unknown,0.3,,2026-09-16T11:01:31.586651
1329165979086647,unknown,unknown,0.3,,2026-09-16T11:01:31.586651
1329166215753290,unknown,unknown,0.3,,2026-09-16T11:01:31.586651
1329170815752830,unknown,unknown,0.3,,2026-09-16T11:01:31.586651
1329258859077359,unknown,unknown,0.3,,2026-09-16T11:01:31.586651
1329260339077211,unknown,unknown,0.3,,2026-09-16T11:01:31.586651
1329260412410537,unknown,unknown,0.3,,2026-09-16T11:01:31.586651
1329261415743770,unknown,unknown,0.3,,2026-09-16T11:01:31.586651
1329263139076931,unknown,unknown,0.3,,2026-09-16T11:01:31.586651
1329315412405037,unknown,unknown,0.3,,2026-09-16T11:01:31.586651
1329777409025504,unknown,unknown,0.3,,2026-09-16T11:01:31.586651
1329777849025460,unknown,unknown,0.3,,2026-09-16T11:01:31.586651
1329136505756261,unknown,unknown,0.3,,2026-09-16T11:01:31.586651
1329174115752500,unknown,unknown,0.3,,2026-09-16T11:01:31.586651
1330289162307662,unknown,unknown,0.3,,2026-09-16T11:01:31.586651
1330767982259780,unknown,unknown,0.3,,2026-09-16T11:01:31.586651
1331603212176257,health,health,0.88,suc khoe,2026-09-16T11:01:31.586651
1331603748842870,unknown,unknown,0.3,,2026-09-16T11:01:31.586651
1331603932176185,unknown,unknown,0.3,,2026-09-16T11:01:31.586651
1331630895506822,unknown,unknown,0.3,,2026-09-16T11:01:31.586651
1331668102169768,unknown,unknown,0.3,,2026-09-16T11:01:31.586651
28657686477177087,unknown,unknown,0.3,,2026-09-16T11:01:31.586651
28658143057131429,health,health,0.88,suc khoe,2026-09-16T11:01:31.586651
28665305816415153,unknown,unknown,0.3,,2026-09-16T11:01:31.586651
28696711706607897,life,life_general,0.82,nhan tho,2026-09-16T11:01:31.586651
28681979061414495,unknown,unknown,0.3,,2026-09-16T11:01:31.586651
28694270230185378,unknown,unknown,0.3,,2026-09-16T11:01:31.586651
28664800999798968,unknown,unknown,0.3,,2026-09-16T11:01:31.586651
28665218206423914,unknown,unknown,0.3,,2026-09-16T11:01:31.586651
28665224773089924,unknown,unknown,0.3,,2026-09-16T11:01:31.586651
28665229349756133,unknown,unknown,0.3,,2026-09-16T11:01:31.586651
28666730992939302,unknown,unknown,0.3,,2026-09-16T11:01:31.586651
28666821509596917,unknown,unknown,0.3,,2026-09-16T11:01:31.586651
28666847559594312,unknown,unknown,0.3,,2026-09-16T11:01:31.586651
28671027325843002,unknown,unknown,0.3,,2026-09-16T11:01:31.586651
28655865457359189,unknown,unknown,0.3,,2026-09-16T11:01:31.586651
28656071597338575,health,health,0.88,vien phi,2026-09-16T11:01:31.586651
28658448100434258,unknown,unknown,0.3,,2026-09-16T11:01:31.586651
28660231853589216,critical_illness,critical_illness,0.9,ung thu,2026-09-16T11:01:31.586651
28660232913589110,health,health,0.88,suc khoe,2026-09-16T11:01:31.586651
28653878070891261,health,health,0.88,suc khoe,2026-09-16T11:01:31.586651
28653325467613188,unknown,unknown,0.3,,2026-09-16T11:01:31.586651
28653407944271607,unknown,unknown,0.3,,2026-09-16T11:01:31.586651
28653513084261093,unknown,unknown,0.3,,2026-09-16T11:01:31.586651
28653639210915147,unknown,unknown,0.3,,2026-09-16T11:01:31.586651
28656076184004783,health,health,0.88,vien phi,2026-09-16T11:01:31.586651
28656074470671621,health,health,0.88,vien phi,2026-09-16T11:01:31.586651
28658819947063740,unknown,unknown,0.3,,2026-09-16T11:01:31.586651
28666684296277305,unknown,unknown,0.3,,2026-09-16T11:01:31.586651
28656072554005146,health,health,0.88,vien phi,2026-09-16T11:01:31.586651
28656070284005373,health,health,0.88,vien phi,2026-09-16T11:01:31.586651
28665180269761041,unknown,unknown,0.3,,2026-09-16T11:01:31.586651
28665195379759530,life,life_general,0.82,nhan tho,2026-09-16T11:01:31.586651
28665195659759502,unknown,unknown,0.3,,2026-09-16T11:01:31.586651
28665196393092762,health,health,0.88,vien phi,2026-09-16T11:01:31.586651
28665197089759359,life,life_general,0.82,bhnt,2026-09-16T11:01:31.586651
28665204736425261,unknown,unknown,0.3,,2026-09-16T11:01:31.586651
28665206349758433,car,car,0.96,o to,2026-09-16T11:01:31.586651
28665209183091483,unknown,unknown,0.3,,2026-09-16T11:01:31.586651
28665209839758084,unknown,unknown,0.3,,2026-09-16T11:01:31.586651
28665216543090747,unknown,unknown,0.3,,2026-09-16T11:01:31.586651
28665216729757395,life,life_general,0.82,bhnt,2026-09-16T11:01:31.586651
28665217136424021,unknown,unknown,0.3,,2026-09-16T11:01:31.586651
28665217316424003,unknown,unknown,0.3,,2026-09-16T11:01:31.586651
28665222619756806,health,health,0.88,suc khoe,2026-09-16T11:01:31.586651
28665222823090119,bank_insurance,bank_insurance,0.86,vay,2026-09-16T11:01:31.586651
28665224173089984,critical_illness,critical_illness,0.9,ung thu,2026-09-16T11:01:31.586651
28665228959756172,car,car,0.96,o to,2026-09-16T11:01:31.586651
28665233766422358,unknown,unknown,0.3,,2026-09-16T11:01:31.586651
28665237803088621,unknown,unknown,0.3,,2026-09-16T11:01:31.586651
28665239049755163,unknown,unknown,0.3,,2026-09-16T11:01:31.586651
28665245469754521,health,health,0.88,noi tru,2026-09-16T11:01:31.586651
28665245586421176,health,health,0.88,noi tru,2026-09-16T11:01:31.586651
28665247149754353,health,health,0.88,suc khoe,2026-09-16T11:01:31.586651
28665253273087074,unknown,unknown,0.3,,2026-09-16T11:01:31.586651
28665253499753718,health,health,0.88,suc khoe,2026-09-16T11:01:31.586651
28665253519753716,unknown,unknown,0.3,,2026-09-16T11:01:31.586651
28665256846420050,unknown,unknown,0.3,,2026-09-16T11:01:31.586651
28665257973086604,property,property,0.92,tai san,2026-09-16T11:01:31.586651
28665261069752961,health,health,0.88,suc khoe,2026-09-16T11:01:31.586651
28665261643086237,health,health,0.88,noi tru,2026-09-16T11:01:31.586651
28665274473084954,unknown,unknown,0.3,,2026-09-16T11:01:31.586651
28665278989751169,health,health,0.88,suc khoe,2026-09-16T11:01:31.586651
28665287339750334,bank_insurance,bank_insurance,0.86,vay,2026-09-16T11:01:31.586651
28665292206416514,unknown,unknown,0.3,,2026-09-16T11:01:31.586651
28665307213081680,unknown,unknown,0.3,,2026-09-16T11:01:31.586651
28665314316414303,health,health,0.88,suc khoe,2026-09-16T11:01:31.586651
28665322003080201,life,universal_life,0.92,lai suat cam ket,2026-09-16T11:01:31.586651
28665337096412025,health,health,0.88,vien phi,2026-09-16T11:01:31.586651
28665340439745024,unknown,unknown,0.3,,2026-09-16T11:01:31.586651
28665346086411126,life,life_general,0.82,nhan tho,2026-09-16T11:01:31.586651
28665358436409891,health,health,0.88,vien phi,2026-09-16T11:01:31.586651
28665364699742598,unknown,unknown,0.3,,2026-09-16T11:01:31.586651
28665369836408751,life,life_general,0.82,nhan tho,2026-09-16T11:01:31.586651
28665380853074316,unknown,unknown,0.3,,2026-09-16T11:01:31.586651
28665391496406585,health,health,0.88,suc khoe,2026-09-16T11:01:31.586651
28665403016405433,health,health,0.88,suc khoe,2026-09-16T11:01:31.586651
28665413043071097,unknown,unknown,0.3,,2026-09-16T11:01:31.586651
28665418063070595,unknown,unknown,0.3,,2026-09-16T11:01:31.586651
28665421429736925,unknown,unknown,0.3,,2026-09-16T11:01:31.586651
28665433256402409,unknown,unknown,0.3,,2026-09-16T11:01:31.586651
28665437736401961,life,universal_life,0.92,lai suat cam ket,2026-09-16T11:01:31.586651
28665438156401919,health,health,0.88,noi tru,2026-09-16T11:01:31.586651
28665439583068443,health,health,0.88,suc khoe,2026-09-16T11:01:31.586651
28665445856401149,life,life_general,0.82,nhan tho,2026-09-16T11:01:31.586651
28665457819733286,unknown,unknown,0.3,,2026-09-16T11:01:31.586651
28665459419733126,life,life_general,0.82,nhan tho,2026-09-16T11:01:31.586651
28665459866399748,health,health,0.88,suc khoe,2026-09-16T11:01:31.586651
28665478083064593,unknown,unknown,0.3,,2026-09-16T11:01:31.586651
28665490813063320,unknown,unknown,0.3,,2026-09-16T11:01:31.586651
28665520443060357,health,health,0.88,suc khoe,2026-09-16T11:01:31.586651
28665524553059946,unknown,unknown,0.3,,2026-09-16T11:01:31.586651
28665526999726368,unknown,unknown,0.3,,2026-09-16T11:01:31.586651
28665533199725748,unknown,unknown,0.3,,2026-09-16T11:01:31.586651
28665538416391893,unknown,unknown,0.3,,2026-09-16T11:01:31.586651
28665545183057883,health,health,0.88,noi tru,2026-09-16T11:01:31.586651
28665551989723869,unknown,unknown,0.3,,2026-09-16T11:01:31.586651
28665557266390008,unknown,unknown,0.3,,2026-09-16T11:01:31.586651
28665604849718583,health,health,0.88,suc khoe,2026-09-16T11:01:31.586651
28665607546384980,health,health,0.88,suc khoe,2026-09-16T11:01:31.586651
28665618153050586,life,life_general,0.82,nhan tho,2026-09-16T11:01:31.586651
28665627523049649,life,life_general,0.82,nhan tho,2026-09-16T11:01:31.586651
28665628716382863,unknown,unknown,0.3,,2026-09-16T11:01:31.586651
28665629089716159,health,health,0.88,suc khoe,2026-09-16T11:01:31.586651
28665640153048386,life,life_general,0.82,nhan tho,2026-09-16T11:01:31.586651
28665889333023468,critical_illness,critical_illness,0.9,benh hiem ngheo,2026-09-16T11:01:31.586651
28665939963018405,health,health,0.88,suc khoe,2026-09-16T11:01:31.586651
28666017543010647,health,health,0.88,noi tru,2026-09-16T11:01:31.586651
28666033399675728,unknown,unknown,0.3,,2026-09-16T11:01:31.586651
28666081029670965,unknown,unknown,0.3,,2026-09-16T11:01:31.586651
28666159456329789,unknown,unknown,0.3,,2026-09-16T11:01:31.586651
28666159609663107,health,health,0.88,suc khoe,2026-09-16T11:01:31.586651
28666164756329259,unknown,unknown,0.3,,2026-09-16T11:01:31.586651
28666232852989116,unknown,unknown,0.3,,2026-09-16T11:01:31.586651
28666265129652555,life,life_general,0.82,bhnt,2026-09-16T11:01:31.586651
28666302656315469,health,health,0.88,suc khoe,2026-09-16T11:01:31.586651
28666306446315090,unknown,unknown,0.3,,2026-09-16T11:01:31.586651
28666320939646974,unknown,unknown,0.3,,2026-09-16T11:01:31.586651
28666416296304105,unknown,unknown,0.3,,2026-09-16T11:01:31.586651
28666440369635031,health,health,0.88,thai san,2026-09-16T11:01:31.586651
28666484386297296,unknown,unknown,0.3,,2026-09-16T11:01:31.586651
28666551412957260,unknown,unknown,0.3,,2026-09-16T11:01:31.586651
28666584119620656,life,life_general,0.82,nhan tho,2026-09-16T11:01:31.586651
28666657936279941,health,health,0.88,noi tru,2026-09-16T11:01:31.586651
28666679622944439,life,life_general,0.82,nhan tho,2026-09-16T11:01:31.586651
28666768409602227,unknown,unknown,0.3,,2026-09-16T11:01:31.586651
28667015672910834,health,health,0.88,suc khoe,2026-09-16T11:01:31.586651
28667020069577061,unknown,unknown,0.3,,2026-09-16T11:01:31.586651
28667026409576427,unknown,unknown,0.3,,2026-09-16T11:01:31.586651
28667033279575740,unknown,unknown,0.3,,2026-09-16T11:01:31.586651
28667122689566799,unknown,unknown,0.3,,2026-09-16T11:01:31.586651
28667260126219722,unknown,unknown,0.3,,2026-09-16T11:01:31.586651
28667263729552695,health,health,0.88,suc khoe,2026-09-16T11:01:31.586651
28667428206202914,unknown,unknown,0.3,,2026-09-16T11:01:31.586651
28667463972866004,unknown,unknown,0.3,,2026-09-16T11:01:31.586651
28667500982862303,health,health,0.88,suc khoe,2026-09-16T11:01:31.586651
28667713006174434,car,car,0.96,o to,2026-09-16T11:01:31.586651
28667728439506224,health,health,0.88,vien phi,2026-09-16T11:01:31.586651
28667742552838146,unknown,unknown,0.3,,2026-09-16T11:01:31.586651
28667834756162259,unknown,unknown,0.3,,2026-09-16T11:01:31.586651
28668040466141688,car,car,0.96,o to,2026-09-16T11:01:31.586651
28668170156128719,health,health,0.88,suc khoe,2026-09-16T11:01:31.586651
28668484982763903,unknown,unknown,0.3,,2026-09-16T11:01:31.586651
28669271116018623,unknown,unknown,0.3,,2026-09-16T11:01:31.586651
28670336142578787,health,health,0.88,suc khoe,2026-09-16T11:01:31.586651
28670597842552617,unknown,unknown,0.3,,2026-09-16T11:01:31.586651
28671905899088478,unknown,unknown,0.3,,2026-09-16T11:01:31.586651
28678018855143849,unknown,unknown,0.3,,2026-09-16T11:01:31.586651
28678219798457088,unknown,unknown,0.3,,2026-09-16T11:01:31.586651
28682857181326683,unknown,unknown,0.3,,2026-09-16T11:01:31.586651
28683703847908683,unknown,unknown,0.3,,2026-09-16T11:01:31.586651
28687717994173935,unknown,unknown,0.3,,2026-09-16T11:01:31.586651
28695516556727412,unknown,unknown,0.3,,2026-09-16T11:01:31.586651
28695531013392633,unknown,unknown,0.3,,2026-09-16T11:01:31.586651
28697501003195634,life,life_general,0.82,nhan tho,2026-09-16T11:01:31.586651
28666454929633575,unknown,unknown,0.3,,2026-09-16T11:01:31.586651
28666464696299265,unknown,unknown,0.3,,2026-09-16T11:01:31.586651
28666465282965873,unknown,unknown,0.3,,2026-09-16T11:01:31.586651
28666468552965546,unknown,unknown,0.3,,2026-09-16T11:01:31.586651
28666505896295145,unknown,unknown,0.3,,2026-09-16T11:01:31.586651
28666540026291732,unknown,unknown,0.3,,2026-09-16T11:01:31.586651
28666552672957134,unknown,unknown,0.3,,2026-09-16T11:01:31.586651
28666559876289747,unknown,unknown,0.3,,2026-09-16T11:01:31.586651
28666663192946082,health,health,0.88,noi tru,2026-09-16T11:01:31.586651
28666766406269094,unknown,unknown,0.3,,2026-09-16T11:01:31.586651
28666808856264849,unknown,unknown,0.3,,2026-09-16T11:01:31.586651
28666920296253705,life,life_general,0.82,đóng phí,2026-09-16T11:01:31.586651
28666974432914958,unknown,unknown,0.3,,2026-09-16T11:01:31.586651
28667147412897660,health,health,0.88,suc khoe,2026-09-16T11:01:31.586651
28667925936153141,unknown,unknown,0.3,,2026-09-16T11:01:31.586651
28668370276108707,unknown,unknown,0.3,,2026-09-16T11:01:31.586651
28668407212771680,unknown,unknown,0.3,,2026-09-16T11:01:31.586651
28668727062739695,unknown,unknown,0.3,,2026-09-16T11:01:31.586651
28669254469353621,unknown,unknown,0.3,,2026-09-16T11:01:31.586651
28678024401809961,unknown,unknown,0.3,,2026-09-16T11:01:31.586651
28686769634268771,unknown,unknown,0.3,,2026-09-16T11:01:31.586651
28696683979944003,life,life_general,0.82,nhan tho,2026-09-16T11:01:31.586651
28696707833274951,life,life_general,0.82,nhan tho,2026-09-16T11:01:31.586651
28669846105961124,non_life_general,non_life_general,0.75,mic,2026-09-16T11:01:31.586651
28669853285960406,unknown,unknown,0.3,,2026-09-16T11:01:31.586651
28669861802626221,unknown,unknown,0.3,,2026-09-16T11:01:31.586651
28669870155958719,life,life_general,0.82,bhnt,2026-09-16T11:01:31.586651
28669875172624884,unknown,unknown,0.3,,2026-09-16T11:01:31.586651
28669884425957292,unknown,unknown,0.3,,2026-09-16T11:01:31.586651
28669893912623010,health,health,0.88,suc khoe,2026-09-16T11:01:31.586651
28669898959289172,unknown,unknown,0.3,,2026-09-16T11:01:31.586651
28669909679288100,non_life_general,non_life_general,0.75,mic,2026-09-16T11:01:31.586651
28669936839285384,unknown,unknown,0.3,,2026-09-16T11:01:31.586651
28669942512618150,health,health,0.88,suc khoe,2026-09-16T11:01:31.586651
28669953229283745,unknown,unknown,0.3,,2026-09-16T11:01:31.586651
28669991109279957,unknown,unknown,0.3,,2026-09-16T11:01:31.586651
28670021502610251,non_life_general,non_life_general,0.75,mic,2026-09-16T11:01:31.586651
28670031752609226,life,life_general,0.82,nhan tho,2026-09-16T11:01:31.586651
28670060225939712,unknown,unknown,0.3,,2026-09-16T11:01:31.586651
28670077972604604,life,life_general,0.82,bhnt,2026-09-16T11:01:31.586651
28670086499270418,health,health,0.88,suc khoe,2026-09-16T11:01:31.586651
28670165365929198,unknown,unknown,0.3,,2026-09-16T11:01:31.586651
28670193789259689,non_life_general,non_life_general,0.75,mic,2026-09-16T11:01:31.586651
28670195315926203,unknown,unknown,0.3,,2026-09-16T11:01:31.586651
28670200602592341,unknown,unknown,0.3,,2026-09-16T11:01:31.586651
28670691399209928,unknown,unknown,0.3,,2026-09-16T11:01:31.586651
28670786589200409,unknown,unknown,0.3,,2026-09-16T11:01:31.586651
28670871295858605,unknown,unknown,0.3,,2026-09-16T11:01:31.586651
28671089845836750,unknown,unknown,0.3,,2026-09-16T11:01:31.586651
28671142559164812,unknown,unknown,0.3,,2026-09-16T11:01:31.586651
28671302092482192,unknown,unknown,0.3,,2026-09-16T11:01:31.586651
28671305735815161,unknown,unknown,0.3,,2026-09-16T11:01:31.586651
28671501369128931,health,health,0.88,suc khoe,2026-09-16T11:01:31.586651
28672047825740952,health,health,0.88,suc khoe,2026-09-16T11:01:31.586651
28672435709035497,health,health,0.88,suc khoe,2026-09-16T11:01:31.586651
28673178512294550,unknown,unknown,0.3,,2026-09-16T11:01:31.586651
28673561495589585,health,health,0.88,suc khoe,2026-09-16T11:01:31.586651
28678030435142691,non_life_general,non_life_general,0.75,mic,2026-09-16T11:01:31.586651
28678777538401314,unknown,unknown,0.3,,2026-09-16T11:01:31.586651
28679646774981057,health,health,0.88,suc khoe,2026-09-16T11:01:31.586651
28679850431627358,non_life_general,non_life_general,0.75,mic,2026-09-16T11:01:31.586651
28679910531621348,critical_illness,critical_illness,0.9,ung thu,2026-09-16T11:01:31.586651
28680138691598532,health,health,0.88,suc khoe,2026-09-16T11:01:31.586651
28680334248245643,bank_insurance,bank_insurance,0.86,vay,2026-09-16T11:01:31.586651
28681237288155339,unknown,unknown,0.3,,2026-09-16T11:01:31.586651
28683320657947002,unknown,unknown,0.3,,2026-09-16T11:01:31.586651
28683558404589894,unknown,unknown,0.3,,2026-09-16T11:01:31.586651
28706972102248524,unknown,unknown,0.3,,2026-09-16T11:01:31.586651
28679127488366319,unknown,unknown,0.3,,2026-09-16T11:01:31.586651
28679246421687759,unknown,unknown,0.3,,2026-09-16T11:01:31.586651
28680299014915833,unknown,unknown,0.3,,2026-09-16T11:01:31.586651
28680305631581838,unknown,unknown,0.3,,2026-09-16T11:01:31.586651
28680475314898203,unknown,unknown,0.3,,2026-09-16T11:01:31.586651
28683345404611194,bank_insurance,bank_insurance,0.86,ngan hang,2026-09-16T11:01:31.586651
28681758848103183,unknown,unknown,0.3,,2026-09-16T11:01:31.586651
28682375748041493,unknown,unknown,0.3,,2026-09-16T11:01:31.586651
28683834154562319,unknown,unknown,0.3,,2026-09-16T11:01:31.586651
28694824923463242,unknown,unknown,0.3,,2026-09-16T11:01:31.586651
28696001010012300,unknown,unknown,0.3,,2026-09-16T11:01:31.586651
28708129015466166,unknown,unknown,0.3,,2026-09-16T11:01:31.586651
28735496586062742,unknown,unknown,0.3,,2026-09-16T11:01:31.586651
28693838610228540,unknown,unknown,0.3,,2026-09-16T11:01:31.586651
28693838873561847,unknown,unknown,0.3,,2026-09-16T11:01:31.586651
28693839490228452,unknown,unknown,0.3,,2026-09-16T11:01:31.586651
28702630329349368,unknown,unknown,0.3,,2026-09-16T11:01:31.586651
28707505138861887,unknown,unknown,0.3,,2026-09-16T11:01:31.586651
28707505228861878,unknown,unknown,0.3,,2026-09-16T11:01:31.586651
28707505275528540,unknown,unknown,0.3,,2026-09-16T11:01:31.586651
28712544675024600,unknown,unknown,0.3,,2026-09-16T11:01:31.586651
28712558858356515,unknown,unknown,0.3,,2026-09-16T11:01:31.586651
28713114038300997,unknown,unknown,0.3,,2026-09-16T11:01:31.586651
28719845127627888,unknown,unknown,0.3,,2026-09-16T11:01:31.586651
28721864667425934,unknown,unknown,0.3,,2026-09-16T11:01:31.586651
28716647581280976,unknown,unknown,0.3,,2026-09-16T11:01:31.586651
28725428750402859,unknown,unknown,0.3,,2026-09-16T11:01:31.586651
28732986549647079,unknown,unknown,0.3,,2026-09-16T11:01:31.586651
1755749185632405,non_life_general,non_life_general,0.75,mic,2026-09-16T11:01:31.586651
1755769055630418,life,life_general,0.82,nhan tho,2026-09-16T11:01:31.586651
1755817692292221,non_life_general,non_life_general,0.75,mic,2026-09-16T11:01:31.586651
1755852555622068,unknown,unknown,0.3,,2026-09-16T11:01:31.586651
1755852712288719,unknown,unknown,0.3,,2026-09-16T11:01:31.586651
1755852852288705,unknown,unknown,0.3,,2026-09-16T11:01:31.586651
1755870682286922,unknown,unknown,0.3,,2026-09-16T11:01:31.586651
1755874912286499,unknown,unknown,0.3,,2026-09-16T11:01:31.586651
1755875838953073,non_life_general,non_life_general,0.75,bao minh,2026-09-16T11:01:31.586651
1755876832286307,unknown,unknown,0.3,,2026-09-16T11:01:31.586651
1756021612271829,bank_insurance,bank_insurance,0.86,vay,2026-09-16T11:01:31.586651
1751796209361036,unknown,unknown,0.3,,2026-09-16T11:01:31.586651
1751870729353584,unknown,unknown,0.3,,2026-09-16T11:01:31.586651
1751871829353474,unknown,unknown,0.3,,2026-09-16T11:01:31.586651
1751901482683842,unknown,unknown,0.3,,2026-09-16T11:01:31.586651
1751903956016928,unknown,unknown,0.3,,2026-09-16T11:01:31.586651
1751910776016246,unknown,unknown,0.3,,2026-09-16T11:01:31.586651
1751918252682165,car,car,0.96,o to,2026-09-16T11:01:31.586651
1751919386015385,car,car,0.96,o to,2026-09-16T11:01:31.586651
1751929909347666,life,life_general,0.82,bhnt,2026-09-16T11:01:31.586651
1752017436005580,unknown,unknown,0.3,,2026-09-16T11:01:31.586651
1752040159336641,car,car,0.96,o to,2026-09-16T11:01:31.586651
1752129152661075,unknown,unknown,0.3,,2026-09-16T11:01:31.586651
1752331435974180,bank_insurance,bank_insurance,0.86,vay,2026-09-16T11:01:31.586651
1752333565973967,critical_illness,critical_illness,0.9,benh hiem ngheo,2026-09-16T11:01:31.586651
1752339552640035,unknown,unknown,0.3,,2026-09-16T11:01:31.586651
1752340572639933,unknown,unknown,0.3,,2026-09-16T11:01:31.586651
1752341259306531,unknown,unknown,0.3,,2026-09-16T11:01:31.586651
1752358039304853,unknown,unknown,0.3,,2026-09-16T11:01:31.586651
1752383235969000,life,life_general,0.82,bhnt,2026-09-16T11:01:31.586651
1752402289300428,unknown,unknown,0.3,,2026-09-16T11:01:31.586651
1752405125966811,unknown,unknown,0.3,,2026-09-16T11:01:31.586651
1752418632632127,health,health,0.88,suc khoe,2026-09-16T11:01:31.586651
1752510592622931,life,life_general,0.82,bhnt,2026-09-16T11:01:31.586651
1752514852622505,unknown,unknown,0.3,,2026-09-16T11:01:31.586651
1752538552620135,unknown,unknown,0.3,,2026-09-16T11:01:31.586651
1752683762605614,unknown,unknown,0.3,,2026-09-16T11:01:31.586651
1752716915935632,health,health,0.88,suc khoe,2026-09-16T11:01:31.586651
1752717832602207,bank_insurance,bank_insurance,0.86,vay,2026-09-16T11:01:31.586651
1752732912600699,critical_illness,critical_illness,0.9,đột quỵ,2026-09-16T11:01:31.586651
1752752979265359,bank_insurance,bank_insurance,0.86,vay,2026-09-16T11:01:31.586651
1752768425930481,unknown,unknown,0.3,,2026-09-16T11:01:31.586651
1752770032596987,unknown,unknown,0.3,,2026-09-16T11:01:31.586651
1752772899263367,unknown,unknown,0.3,,2026-09-16T11:01:31.586651
1752824139258243,unknown,unknown,0.3,,2026-09-16T11:01:31.586651
1752944889246168,unknown,unknown,0.3,,2026-09-16T11:01:31.586651
1752949702579020,unknown,unknown,0.3,,2026-09-16T11:01:31.586651
1753005522573438,unknown,unknown,0.3,,2026-09-16T11:01:31.586651
1753023082571682,unknown,unknown,0.3,,2026-09-16T11:01:31.586651
1753054522568538,bank_insurance,bank_insurance,0.86,vay,2026-09-16T11:01:31.586651
1753058332568157,unknown,unknown,0.3,,2026-09-16T11:01:31.586651
1753062609234396,health,health,0.88,suc khoe,2026-09-16T11:01:31.586651
1753245445882779,unknown,unknown,0.3,,2026-09-16T11:01:31.586651
1753685789172078,unknown,unknown,0.3,,2026-09-16T11:01:31.586651
1753775409163116,unknown,unknown,0.3,,2026-09-16T11:01:31.586651
1753779842496006,bank_insurance,bank_insurance,0.86,vay,2026-09-16T11:01:31.586651
1753824465824877,unknown,unknown,0.3,,2026-09-16T11:01:31.586651
1753825189158138,unknown,unknown,0.3,,2026-09-16T11:01:31.586651
1753880852485905,bank_insurance,bank_insurance,0.86,vay,2026-09-16T11:01:31.586651
1753888585818465,unknown,unknown,0.3,,2026-09-16T11:01:31.586651
1753892315818092,unknown,unknown,0.3,,2026-09-16T11:01:31.586651
1754025012471489,unknown,unknown,0.3,,2026-09-16T11:01:31.586651
1754070012466989,unknown,unknown,0.3,,2026-09-16T11:01:31.586651
1754579789082678,bank_insurance,bank_insurance,0.86,ngan hang,2026-09-16T11:01:31.586651
1754864135720910,bank_insurance,bank_insurance,0.86,vay,2026-09-16T11:01:31.586651
1755067305700593,unknown,unknown,0.3,,2026-09-16T11:01:31.586651
1755077395699584,unknown,unknown,0.3,,2026-09-16T11:01:31.586651
1755099172364073,unknown,unknown,0.3,,2026-09-16T11:01:31.586651
1755099409030716,unknown,unknown,0.3,,2026-09-16T11:01:31.586651
1755100739030583,unknown,unknown,0.3,,2026-09-16T11:01:31.586651
1755111302362860,unknown,unknown,0.3,,2026-09-16T11:01:31.586651
1755116519029005,critical_illness,critical_illness,0.9,ung thu,2026-09-16T11:01:31.586651
1755118355695488,unknown,unknown,0.3,,2026-09-16T11:01:31.586651
1755129135694410,unknown,unknown,0.3,,2026-09-16T11:01:31.586651
1755132069027450,unknown,unknown,0.3,,2026-09-16T11:01:31.586651
1755142075693116,critical_illness,critical_illness,0.9,ung thu,2026-09-16T11:01:31.586651
1755157835691540,unknown,unknown,0.3,,2026-09-16T11:01:31.586651
1755159475691376,critical_illness,critical_illness,0.9,ung thu,2026-09-16T11:01:31.586651
1755161472357843,unknown,unknown,0.3,,2026-09-16T11:01:31.586651
1755161665691157,unknown,unknown,0.3,,2026-09-16T11:01:31.586651
1755162942357696,unknown,unknown,0.3,,2026-09-16T11:01:31.586651
1755167635690560,unknown,unknown,0.3,,2026-09-16T11:01:31.586651
1755178672356123,unknown,unknown,0.3,,2026-09-16T11:01:31.586651
1755179402356050,unknown,unknown,0.3,,2026-09-16T11:01:31.586651
1755181935689130,unknown,unknown,0.3,,2026-09-16T11:01:31.586651
1755191199021537,critical_illness,critical_illness,0.9,ung thu,2026-09-16T11:01:31.586651
1755240892349901,life,life_general,0.82,nhan tho,2026-09-16T11:01:31.586651
1755243955682928,unknown,unknown,0.3,,2026-09-16T11:01:31.586651
1755305219010135,unknown,unknown,0.3,,2026-09-16T11:01:31.586651
1755367119003945,bank_insurance,bank_insurance,0.86,vay,2026-09-16T11:01:31.586651
1755374299003227,unknown,unknown,0.3,,2026-09-16T11:01:31.586651
1755381872335803,health,health,0.88,suc khoe,2026-09-16T11:01:31.586651
1755385682335422,bank_insurance,bank_insurance,0.86,vay,2026-09-16T11:01:31.586651
1755386522335338,unknown,unknown,0.3,,2026-09-16T11:01:31.586651
1755387875668536,critical_illness,critical_illness,0.9,ung thu,2026-09-16T11:01:31.586651
1755391115668212,unknown,unknown,0.3,,2026-09-16T11:01:31.586651
1755910418949615,bank_insurance,bank_insurance,0.86,vay,2026-09-16T11:01:31.586651
1755914988949158,critical_illness,critical_illness,0.9,benh hiem ngheo,2026-09-16T11:01:31.586651
1755957898944867,unknown,unknown,0.3,,2026-09-16T11:01:31.586651
1756161248924532,life,life_general,0.82,đóng phí,2026-09-16T11:01:31.586651
1756248725582451,life,life_general,0.82,đóng phí,2026-09-16T11:01:31.586651
1756283902245600,unknown,unknown,0.3,,2026-09-16T11:01:31.586651
1756699835537340,car,car,0.96,o to,2026-09-16T11:01:31.586651
1756795065527817,unknown,unknown,0.3,,2026-09-16T11:01:31.586651
1751927569347900,unknown,unknown,0.3,,2026-09-16T11:01:31.586651
1751832869357370,critical_illness,critical_illness,0.9,đột quỵ,2026-09-16T11:01:31.586651
1752381945969129,unknown,unknown,0.3,,2026-09-16T11:01:31.586651
1752014219339235,life,life_general,0.82,đóng phí,2026-09-16T11:01:31.586651
1752046009336056,critical_illness,critical_illness,0.9,benh hiem ngheo,2026-09-16T11:01:31.586651
1752424855964838,critical_illness,critical_illness,0.9,benh hiem ngheo,2026-09-16T11:01:31.586651
1752175032656487,unknown,unknown,0.3,,2026-09-16T11:01:31.586651
1752341345973189,health,health,0.88,suc khoe,2026-09-16T11:01:31.586651
1752352772638713,unknown,unknown,0.3,,2026-09-16T11:01:31.586651
1751924259348231,car,car,0.96,o to,2026-09-16T11:01:31.586651
1752451925962131,life,life_general,0.82,bhnt,2026-09-16T11:01:31.586651
1754119789128678,health,health,0.88,noi tru,2026-09-16T11:01:31.586651
1754196389121018,life,life_general,0.82,nhan tho,2026-09-16T11:01:31.586651
1754314725775851,unknown,unknown,0.3,,2026-09-16T11:01:31.586651
1754315792442411,unknown,unknown,0.3,,2026-09-16T11:01:31.586651
1754627249077932,critical_illness,critical_illness,0.9,benh hiem ngheo,2026-09-16T11:01:31.586651
1752008172673173,unknown,unknown,0.3,,2026-09-16T11:01:31.586651
1752499849290672,unknown,unknown,0.3,,2026-09-16T11:01:31.586651
1752502525957071,health,health,0.88,suc khoe,2026-09-16T11:01:31.586651
1751737126033611,critical_illness,critical_illness,0.9,đột quỵ,2026-09-16T11:01:31.586651
1751524746054849,health,health,0.88,suc khoe,2026-09-16T11:01:31.586651
1751526282721362,health,health,0.88,suc khoe,2026-09-16T11:01:31.586651
1751526476054676,health,health,0.88,thai san,2026-09-16T11:01:31.586651
1751532382720752,health,health,0.88,thai san,2026-09-16T11:01:31.586651
1751532922720698,health,health,0.88,suc khoe,2026-09-16T11:01:31.586651
1751533149387342,unknown,unknown,0.3,,2026-09-16T11:01:31.586651
1751533719387285,health,health,0.88,suc khoe,2026-09-16T11:01:31.586651
1751540499386607,health,health,0.88,thai san,2026-09-16T11:01:31.586651
1751541789386478,critical_illness,critical_illness,0.9,ung thu,2026-09-16T11:01:31.586651
1751543022719688,unknown,unknown,0.3,,2026-09-16T11:01:31.586651
1751550162718974,unknown,unknown,0.3,,2026-09-16T11:01:31.586651
1751560172717973,health,health,0.88,thai san,2026-09-16T11:01:31.586651
1751561309384526,health,health,0.88,suc khoe,2026-09-16T11:01:31.586651
1751561456051178,health,health,0.88,suc khoe,2026-09-16T11:01:31.586651
1751562592717731,unknown,unknown,0.3,,2026-09-16T11:01:31.586651
1751572479383409,health,health,0.88,suc khoe,2026-09-16T11:01:31.586651
1751585469382110,critical_illness,critical_illness,0.9,benh hiem ngheo,2026-09-16T11:01:31.586651
1751587962715194,health,health,0.88,thai san,2026-09-16T11:01:31.586651
1751592422714748,health,health,0.88,thai san,2026-09-16T11:01:31.586651
1751610486046275,health,health,0.88,thai san,2026-09-16T11:01:31.586651
1751694056037918,unknown,unknown,0.3,,2026-09-16T11:01:31.586651
1751733362700654,health,health,0.88,thai san,2026-09-16T11:01:31.586651
1751738356033488,health,health,0.88,thai san,2026-09-16T11:01:31.586651
1751842609356396,unknown,unknown,0.3,,2026-09-16T11:01:31.586651
1751848289355828,unknown,unknown,0.3,,2026-09-16T11:01:31.586651
1751904016016922,health,health,0.88,thai san,2026-09-16T11:01:31.586651
1751904882683502,life,life_general,0.82,nhan tho,2026-09-16T11:01:31.586651
1751936769346980,health,health,0.88,thai san,2026-09-16T11:01:31.586651
1752110089329648,health,health,0.88,thai san,2026-09-16T11:01:31.586651
1752587805948543,health,health,0.88,thai san,2026-09-16T11:01:31.586651
1752619075945416,health,health,0.88,thai san,2026-09-16T11:01:31.586651
1751529536054370,bank_insurance,bank_insurance,0.86,vay,2026-09-16T11:01:31.586651
1751530292720961,unknown,unknown,0.3,,2026-09-16T11:01:31.586651
1751542859386371,unknown,unknown,0.3,,2026-09-16T11:01:31.586651
1751544882719502,unknown,unknown,0.3,,2026-09-16T11:01:31.586651
1751546179386039,unknown,unknown,0.3,,2026-09-16T11:01:31.586651
1751549432719047,unknown,unknown,0.3,,2026-09-16T11:01:31.586651
1751553539385303,unknown,unknown,0.3,,2026-09-16T11:01:31.586651
1751558769384780,unknown,unknown,0.3,,2026-09-16T11:01:31.586651
1751577876049536,unknown,unknown,0.3,,2026-09-16T11:01:31.586651
1751584349382222,bank_insurance,bank_insurance,0.86,vay,2026-09-16T11:01:31.586651
1751585052715485,unknown,unknown,0.3,,2026-09-16T11:01:31.586651
1751635709377086,unknown,unknown,0.3,,2026-09-16T11:01:31.586651
1751733819367275,unknown,unknown,0.3,,2026-09-16T11:01:31.586651
1752588272615163,unknown,unknown,0.3,,2026-09-16T11:01:31.586651
1751590412714949,unknown,unknown,0.3,,2026-09-16T11:01:31.586651
1751591292714861,unknown,unknown,0.3,,2026-09-16T11:01:31.586651
1751597246047599,unknown,unknown,0.3,,2026-09-16T11:01:31.586651
1751598316047492,unknown,unknown,0.3,,2026-09-16T11:01:31.586651
1751869609353696,unknown,unknown,0.3,,2026-09-16T11:01:31.586651
1752588505948473,unknown,unknown,0.3,,2026-09-16T11:01:31.586651
1752702719270385,unknown,unknown,0.3,,2026-09-16T11:01:31.586651
1751521656055158,unknown,unknown,0.3,,2026-09-16T11:01:31.586651
1751532712720719,health,health,0.88,suc khoe,2026-09-16T11:01:31.586651
1751548149385842,unknown,unknown,0.3,,2026-09-16T11:01:31.586651
1751603649380292,unknown,unknown,0.3,,2026-09-16T11:01:31.586651
1751608019379855,unknown,unknown,0.3,,2026-09-16T11:01:31.586651
1751734459367211,unknown,unknown,0.3,,2026-09-16T11:01:31.586651
1752588965948427,unknown,unknown,0.3,,2026-09-16T11:01:31.586651
1751522009388456,car,car,0.96,o to,2026-09-16T11:01:31.586651
1751533749387282,health,health,0.88,thai san,2026-09-16T11:01:31.586651
1751534252720565,health,health,0.88,suc khoe,2026-09-16T11:01:31.586651
1751534509387206,unknown,unknown,0.3,,2026-09-16T11:01:31.586651
1751542119386445,unknown,unknown,0.3,,2026-09-16T11:01:31.586651
1751581406049183,unknown,unknown,0.3,,2026-09-16T11:01:31.586651
1751617149378942,health,health,0.88,thai san,2026-09-16T11:01:31.586651
1751697802704210,health,health,0.88,thai san,2026-09-16T11:01:31.586651
1751722192701771,unknown,unknown,0.3,,2026-09-16T11:01:31.586651
1751897972684193,health,health,0.88,thai san,2026-09-16T11:01:31.586651
1752139879326669,unknown,unknown,0.3,,2026-09-16T11:01:31.586651
1752589169281740,health,health,0.88,thai san,2026-09-16T11:01:31.586651
1752598885947435,health,health,0.88,thai san,2026-09-16T11:01:31.586651
1752636155943708,life,life_general,0.82,nhan tho,2026-09-16T11:01:31.586651
1752788799261777,health,health,0.88,thai san,2026-09-16T11:01:31.586651
1751662506041073,unknown,unknown,0.3,,2026-09-16T11:01:31.586651
1751667579373899,unknown,unknown,0.3,,2026-09-16T11:01:31.586651
1751668152707175,health,health,0.88,vien phi,2026-09-16T11:01:31.586651
1751668222707168,unknown,unknown,0.3,,2026-09-16T11:01:31.586651
1751668756040448,unknown,unknown,0.3,,2026-09-16T11:01:31.586651
1751668896040434,unknown,unknown,0.3,,2026-09-16T11:01:31.586651
1751677912706199,health,health,0.88,noi tru,2026-09-16T11:01:31.586651
1751678322706158,health,health,0.88,suc khoe,2026-09-16T11:01:31.586651
1751678439372813,health,health,0.88,suc khoe,2026-09-16T11:01:31.586651
1751678492706141,health,health,0.88,suc khoe,2026-09-16T11:01:31.586651
1751679222706068,unknown,unknown,0.3,,2026-09-16T11:01:31.586651
1751684722705518,unknown,unknown,0.3,,2026-09-16T11:01:31.586651
1751686772705313,health,health,0.88,vien phi,2026-09-16T11:01:31.586651
1751690392704951,unknown,unknown,0.3,,2026-09-16T11:01:31.586651
1751690506038273,health,health,0.88,noi tru,2026-09-16T11:01:31.586651
1751690812704909,life,life_general,0.82,nhan tho,2026-09-16T11:01:31.586651
1751691319371525,critical_illness,critical_illness,0.9,ung thu,2026-09-16T11:01:31.586651
1751692832704707,critical_illness,critical_illness,0.9,benh hiem ngheo,2026-09-16T11:01:31.586651
1751692916038032,unknown,unknown,0.3,,2026-09-16T11:01:31.586651
1751696166037707,health,health,0.88,noi tru,2026-09-16T11:01:31.586651
1751715529369104,unknown,unknown,0.3,,2026-09-16T11:01:31.586651
1751720216035302,unknown,unknown,0.3,,2026-09-16T11:01:31.586651
1751721762701814,unknown,unknown,0.3,,2026-09-16T11:01:31.586651
1751728596034464,health,health,0.88,suc khoe,2026-09-16T11:01:31.586651
1751731216034202,unknown,unknown,0.3,,2026-09-16T11:01:31.586651
1751731712700819,critical_illness,critical_illness,0.9,benh hiem ngheo,2026-09-16T11:01:31.586651
1751733129367344,unknown,unknown,0.3,,2026-09-16T11:01:31.586651
1751779006029423,unknown,unknown,0.3,,2026-09-16T11:01:31.586651
1751812702692720,bank_insurance,bank_insurance,0.86,vay,2026-09-16T11:01:31.586651
1751821226025201,unknown,unknown,0.3,,2026-09-16T11:01:31.586651
1751838319356825,life,life_general,0.82,nhan tho,2026-09-16T11:01:31.586651
1751893882684602,unknown,unknown,0.3,,2026-09-16T11:01:31.586651
1751899026017421,unknown,unknown,0.3,,2026-09-16T11:01:31.586651
1752336512640339,unknown,unknown,0.3,,2026-09-16T11:01:31.586651
1752419892632001,critical_illness,critical_illness,0.9,benh hiem ngheo,2026-09-16T11:01:31.586651
1752581179282539,health,health,0.88,suc khoe,2026-09-16T11:01:31.586651
1751659826041341,unknown,unknown,0.3,,2026-09-16T11:01:31.586651
1751659869374670,unknown,unknown,0.3,,2026-09-16T11:01:31.586651
1751663372707653,unknown,unknown,0.3,,2026-09-16T11:01:31.586651
1751665586040765,health,health,0.88,suc khoe,2026-09-16T11:01:31.586651
1751666049374052,health,health,0.88,noi tru,2026-09-16T11:01:31.586651
1751666589373998,unknown,unknown,0.3,,2026-09-16T11:01:31.586651
1751667426040581,life,life_general,0.82,nhan tho,2026-09-16T11:01:31.586651
1751668379373819,life,life_general,0.82,nhan tho,2026-09-16T11:01:31.586651
1751669089373748,health,health,0.88,suc khoe,2026-09-16T11:01:31.586651
1751670172706973,health,health,0.88,suc khoe,2026-09-16T11:01:31.586651
1751670682706922,unknown,unknown,0.3,,2026-09-16T11:01:31.586651
1751670822706908,bank_insurance,bank_insurance,0.86,vay,2026-09-16T11:01:31.586651
1751673512706639,health,health,0.88,vien phi,2026-09-16T11:01:31.586651
1751673746039949,health,health,0.88,noi tru,2026-09-16T11:01:31.586651
1751674522706538,health,health,0.88,suc khoe,2026-09-16T11:01:31.586651
1751676596039664,health,health,0.88,vien phi,2026-09-16T11:01:31.586651
1751677526039571,health,health,0.88,suc khoe,2026-09-16T11:01:31.586651
1751677582706232,health,health,0.88,suc khoe,2026-09-16T11:01:31.586651
1751677852706205,health,health,0.88,suc khoe,2026-09-16T11:01:31.586651
1751679076039416,health,health,0.88,suc khoe,2026-09-16T11:01:31.586651
1751684849372172,unknown,unknown,0.3,,2026-09-16T11:01:31.586651
1751689066038417,health,health,0.88,noi tru,2026-09-16T11:01:31.586651
1751690162704974,life,life_general,0.82,nhan tho,2026-09-16T11:01:31.586651
1751694016037922,unknown,unknown,0.3,,2026-09-16T11:01:31.586651
1751694276037896,unknown,unknown,0.3,,2026-09-16T11:01:31.586651
1751703516036972,unknown,unknown,0.3,,2026-09-16T11:01:31.586651
1751711599369497,unknown,unknown,0.3,,2026-09-16T11:01:31.586651
1751712606036063,life,universal_life,0.92,lai suat cam ket,2026-09-16T11:01:31.586651
1751716706035653,unknown,unknown,0.3,,2026-09-16T11:01:31.586651
1751720476035276,health,health,0.88,noi tru,2026-09-16T11:01:31.586651
1751729449367712,life,life_general,0.82,bhnt,2026-09-16T11:01:31.586651
1751732346034089,unknown,unknown,0.3,,2026-09-16T11:01:31.586651
1751737566033567,unknown,unknown,0.3,,2026-09-16T11:01:31.586651
1751763672697623,unknown,unknown,0.3,,2026-09-16T11:01:31.586651
1751772739363383,bank_insurance,bank_insurance,0.86,vay,2026-09-16T11:01:31.586651
1751774406029883,health,health,0.88,suc khoe,2026-09-16T11:01:31.586651
1751823132691677,health,health,0.88,suc khoe,2026-09-16T11:01:31.586651
1751916266015697,health,health,0.88,suc khoe,2026-09-16T11:01:31.586651
1752582052615785,health,health,0.88,suc khoe,2026-09-16T11:01:31.586651
1751662262707764,unknown,unknown,0.3,,2026-09-16T11:01:31.586651
1751681876039136,health,health,0.88,suc khoe,2026-09-16T11:01:31.586651
1751681946039129,health,health,0.88,suc khoe,2026-09-16T11:01:31.586651
1751755692698421,car,car,0.96,o to,2026-09-16T11:01:31.586651
1751786309362026,life,life_general,0.82,nhan tho,2026-09-16T11:01:31.586651
1751794909361166,unknown,unknown,0.3,,2026-09-16T11:01:31.586651
1751848782689112,unknown,unknown,0.3,,2026-09-16T11:01:31.586651
1751903116017012,unknown,unknown,0.3,,2026-09-16T11:01:31.586651
1751904812683509,unknown,unknown,0.3,,2026-09-16T11:01:31.586651
1752581399282517,unknown,unknown,0.3,,2026-09-16T11:01:31.586651
1751660039374653,unknown,unknown,0.3,,2026-09-16T11:01:31.586651
1751660849374572,unknown,unknown,0.3,,2026-09-16T11:01:31.586651
1751660976041226,life,life_general,0.82,nhan tho,2026-09-16T11:01:31.586651
1751663189374338,unknown,unknown,0.3,,2026-09-16T11:01:31.586651
1751663402707650,unknown,unknown,0.3,,2026-09-16T11:01:31.586651
1751664236040900,life,life_general,0.82,nhan tho,2026-09-16T11:01:31.586651
1751664686040855,car,car,0.96,o to,2026-09-16T11:01:31.586651
1751667232707267,unknown,unknown,0.3,,2026-09-16T11:01:31.586651
1751670719373585,car,car,0.96,o to,2026-09-16T11:01:31.586651
1751671736040150,unknown,unknown,0.3,,2026-09-16T11:01:31.586651
1751673649373292,unknown,unknown,0.3,,2026-09-16T11:01:31.586651
1751677309372926,health,health,0.88,suc khoe,2026-09-16T11:01:31.586651
1751678956039428,unknown,unknown,0.3,,2026-09-16T11:01:31.586651
1751679409372716,health,health,0.88,suc khoe,2026-09-16T11:01:31.586651
1751685979372059,unknown,unknown,0.3,,2026-09-16T11:01:31.586651
1751691792704811,unknown,unknown,0.3,,2026-09-16T11:01:31.586651
1751716086035715,unknown,unknown,0.3,,2026-09-16T11:01:31.586651
1751730602700930,unknown,unknown,0.3,,2026-09-16T11:01:31.586651
1751740612699929,unknown,unknown,0.3,,2026-09-16T11:01:31.586651
1751758296031494,bank_insurance,bank_insurance,0.86,vay,2026-09-16T11:01:31.586651
1751766509364006,health,health,0.88,suc khoe,2026-09-16T11:01:31.586651
1751767576030566,critical_illness,critical_illness,0.9,ung thu,2026-09-16T11:01:31.586651
1751775829363074,health,health,0.88,suc khoe,2026-09-16T11:01:31.586651
1751779222696068,unknown,unknown,0.3,,2026-09-16T11:01:31.586651
1751780176029306,unknown,unknown,0.3,,2026-09-16T11:01:31.586651
1751798899360767,health,health,0.88,suc khoe,2026-09-16T11:01:31.586651
1751868286020495,car,car,0.96,o to,2026-09-16T11:01:31.586651
1751899699350687,unknown,unknown,0.3,,2026-09-16T11:01:31.586651
1752584049282252,health,health,0.88,suc khoe,2026-09-16T11:01:31.586651
1752953502578640,unknown,unknown,0.3,,2026-09-16T11:01:31.586651
1752954999245157,health,health,0.88,suc khoe,2026-09-16T11:01:31.586651
1753617539178903,unknown,unknown,0.3,,2026-09-16T11:01:31.586651
1751617586045565,health,health,0.88,suc khoe,2026-09-16T11:01:31.586651
1751631346044189,unknown,unknown,0.3,,2026-09-16T11:01:31.586651
1751632466044077,health,health,0.88,thai san,2026-09-16T11:01:31.586651
1751632736044050,health,health,0.88,thai san,2026-09-16T11:01:31.586651
1751632826044041,health,health,0.88,thai san,2026-09-16T11:01:31.586651
1751650882708902,health,health,0.88,suc khoe,2026-09-16T11:01:31.586651
1752585852615405,unknown,unknown,0.3,,2026-09-16T11:01:31.586651
1751669716040352,health,health,0.88,thai san,2026-09-16T11:01:31.586651
1751675662706424,unknown,unknown,0.3,,2026-09-16T11:01:31.586651
1751692526038071,unknown,unknown,0.3,,2026-09-16T11:01:31.586651
1751693066038017,unknown,unknown,0.3,,2026-09-16T11:01:31.586651
1751708562703134,life,life_general,0.82,nhan tho,2026-09-16T11:01:31.586651
1751708869369770,unknown,unknown,0.3,,2026-09-16T11:01:31.586651
1751782882695702,health,health,0.88,suc khoe,2026-09-16T11:01:31.586651
1751783959362261,unknown,unknown,0.3,,2026-09-16T11:01:31.586651
1751943469346310,health,health,0.88,thai san,2026-09-16T11:01:31.586651
1752109032663087,unknown,unknown,0.3,,2026-09-16T11:01:31.586651
1752584789282178,unknown,unknown,0.3,,2026-09-16T11:01:31.586651
1751665759374081,health,health,0.88,thai san,2026-09-16T11:01:31.586651
1751666516040672,health,health,0.88,thai san,2026-09-16T11:01:31.586651
1751671252706865,health,health,0.88,thai san,2026-09-16T11:01:31.586651
1751680082705982,health,health,0.88,thai san,2026-09-16T11:01:31.586651
1751680692705921,health,health,0.88,thai san,2026-09-16T11:01:31.586651
1751692652704725,health,health,0.88,thai san,2026-09-16T11:01:31.586651
1751694582704532,health,health,0.88,thai san,2026-09-16T11:01:31.586651
1751702182703772,health,health,0.88,suc khoe,2026-09-16T11:01:31.586651
1751716929368964,unknown,unknown,0.3,,2026-09-16T11:01:31.586651
1751728419367815,health,health,0.88,suc khoe,2026-09-16T11:01:31.586651
1752585462615444,health,health,0.88,thai san,2026-09-16T11:01:31.586651
1751693162704674,health,health,0.88,thai san,2026-09-16T11:01:31.586651
1751739322700058,bank_insurance,bank_insurance,0.86,vay,2026-09-16T11:01:31.586651
1751742272699763,unknown,unknown,0.3,,2026-09-16T11:01:31.586651
1751789722695018,health,health,0.88,thai san,2026-09-16T11:01:31.586651
1751810302692960,unknown,unknown,0.3,,2026-09-16T11:01:31.586651
1751811436026180,unknown,unknown,0.3,,2026-09-16T11:01:31.586651
1751704682703522,unknown,unknown,0.3,,2026-09-16T11:01:31.586651
1751704726036851,non_life_general,non_life_general,0.75,mic,2026-09-16T11:01:31.586651
1751721942701796,unknown,unknown,0.3,,2026-09-16T11:01:31.586651
1751738706033453,life,universal_life,0.92,lai suat cam ket,2026-09-16T11:01:31.586651
1751789959361661,unknown,unknown,0.3,,2026-09-16T11:01:31.586651
1751795769361080,unknown,unknown,0.3,,2026-09-16T11:01:31.586651
1751796159361041,unknown,unknown,0.3,,2026-09-16T11:01:31.586651
1751803989360258,health,health,0.88,suc khoe,2026-09-16T11:01:31.586651
1751830849357572,health,health,0.88,suc khoe,2026-09-16T11:01:31.586651
1752174665989857,unknown,unknown,0.3,,2026-09-16T11:01:31.586651
1752578599282797,unknown,unknown,0.3,,2026-09-16T11:01:31.586651
1752588362615154,health,health,0.88,suc khoe,2026-09-16T11:01:31.586651
1753262049214452,life,life_general,0.82,nhan tho,2026-09-16T11:01:31.586651
1753285429212114,unknown,unknown,0.3,,2026-09-16T11:01:31.586651
1755799675627356,health,health,0.88,suc khoe,2026-09-16T11:01:31.586651
1756609722213018,health,health,0.88,suc khoe,2026-09-16T11:01:31.586651
1751711102702880,unknown,unknown,0.3,,2026-09-16T11:01:31.586651
1751720979368559,unknown,unknown,0.3,,2026-09-16T11:01:31.586651
1751747262699264,life,universal_life,0.92,lai suat cam ket,2026-09-16T11:01:31.586651
1751836176023706,unknown,unknown,0.3,,2026-09-16T11:01:31.586651
1751906242683366,unknown,unknown,0.3,,2026-09-16T11:01:31.586651
1752175482656442,unknown,unknown,0.3,,2026-09-16T11:01:31.586651
1752578809282776,unknown,unknown,0.3,,2026-09-16T11:01:31.586651
1751704409370216,health,health,0.88,suc khoe,2026-09-16T11:01:31.586651
1751708252703165,car,car,0.96,o to,2026-09-16T11:01:31.586651
1751709089369748,unknown,unknown,0.3,,2026-09-16T11:01:31.586651
1751711399369517,unknown,unknown,0.3,,2026-09-16T11:01:31.586651
1751712009369456,health,health,0.88,suc khoe,2026-09-16T11:01:31.586651
1751719372702053,life,life_general,0.82,nhan tho,2026-09-16T11:01:31.586651
1751730652700925,unknown,unknown,0.3,,2026-09-16T11:01:31.586651
1751735216033802,unknown,unknown,0.3,,2026-09-16T11:01:31.586651
1751737872700203,life,universal_life,0.92,lai suat cam ket,2026-09-16T11:01:31.586651
1751746712699319,unknown,unknown,0.3,,2026-09-16T11:01:31.586651
1751837656023558,health,health,0.88,noi tru,2026-09-16T11:01:31.586651
1751905406016783,health,health,0.88,suc khoe,2026-09-16T11:01:31.586651
1751905866016737,unknown,unknown,0.3,,2026-09-16T11:01:31.586651
1752110802662910,unknown,unknown,0.3,,2026-09-16T11:01:31.586651
1752163459324311,health,health,0.88,noi tru,2026-09-16T11:01:31.586651
1752580245949299,unknown,unknown,0.3,,2026-09-16T11:01:31.586651
1751717109368946,unknown,unknown,0.3,,2026-09-16T11:01:31.586651
1751788199361837,critical_illness,critical_illness,0.9,ung thu,2026-09-16T11:01:31.586651
1751788902695100,unknown,unknown,0.3,,2026-09-16T11:01:31.586651
1751789076028416,unknown,unknown,0.3,,2026-09-16T11:01:31.586651
1751795046027819,unknown,unknown,0.3,,2026-09-16T11:01:31.586651
1751823212691669,unknown,unknown,0.3,,2026-09-16T11:01:31.586651
1751916536015670,unknown,unknown,0.3,,2026-09-16T11:01:31.586651
1751969229343734,unknown,unknown,0.3,,2026-09-16T11:01:31.586651
1752121079328549,unknown,unknown,0.3,,2026-09-16T11:01:31.586651
1752160135991310,unknown,unknown,0.3,,2026-09-16T11:01:31.586651
1752334599307197,unknown,unknown,0.3,,2026-09-16T11:01:31.586651
1752334629307194,unknown,unknown,0.3,,2026-09-16T11:01:31.586651
1752576622616328,unknown,unknown,0.3,,2026-09-16T11:01:31.586651
1752580452615945,unknown,unknown,0.3,,2026-09-16T11:01:31.586651
1751751642698826,unknown,unknown,0.3,,2026-09-16T11:01:31.586651
1751756606031663,car,car,0.96,o to,2026-09-16T11:01:31.586651
1751761176031206,health,health,0.88,noi tru,2026-09-16T11:01:31.586651
1751763566030967,life,life_general,0.82,bhnt,2026-09-16T11:01:31.586651
1751776646029659,life,life_general,0.82,nhan tho,2026-09-16T11:01:31.586651
1751785899362067,unknown,unknown,0.3,,2026-09-16T11:01:31.586651
1751826882691302,health,health,0.88,noi tru,2026-09-16T11:01:31.586651
1751837296023594,life,life_general,0.82,nhan tho,2026-09-16T11:01:31.586651
1751844996022824,unknown,unknown,0.3,,2026-09-16T11:01:31.586651
1751859699354687,health,health,0.88,suc khoe,2026-09-16T11:01:31.586651
1751868762687114,health,health,0.88,vien phi,2026-09-16T11:01:31.586651
1751898019350855,unknown,unknown,0.3,,2026-09-16T11:01:31.586651
1751919259348731,life,life_general,0.82,bhnt,2026-09-16T11:01:31.586651
1751927766014547,health,health,0.88,suc khoe,2026-09-16T11:01:31.586651
1751937426013581,life,universal_life,0.92,lai suat cam ket,2026-09-16T11:01:31.586651
1751950442678946,health,health,0.88,suc khoe,2026-09-16T11:01:31.586651
1751962329344424,unknown,unknown,0.3,,2026-09-16T11:01:31.586651
1752174135989910,unknown,unknown,0.3,,2026-09-16T11:01:31.586651
1752182735989050,unknown,unknown,0.3,,2026-09-16T11:01:31.586651
1751752646032059,bank_insurance,bank_insurance,0.86,vay,2026-09-16T11:01:31.586651
1751756549365002,life,universal_life,0.92,lai suat cam ket,2026-09-16T11:01:31.586651
1751760776031246,health,health,0.88,suc khoe,2026-09-16T11:01:31.586651
1751770849363572,health,health,0.88,suc khoe,2026-09-16T11:01:31.586651
1751771259363531,unknown,unknown,0.3,,2026-09-16T11:01:31.586651
1751771486030175,unknown,unknown,0.3,,2026-09-16T11:01:31.586651
1751772066030117,health,health,0.88,vien phi,2026-09-16T11:01:31.586651
1751783912695599,unknown,unknown,0.3,,2026-09-16T11:01:31.586651
1751834186023905,health,health,0.88,thai san,2026-09-16T11:01:31.586651
1751902666017057,health,health,0.88,thai san,2026-09-16T11:01:31.586651
1751908802683110,health,health,0.88,suc khoe,2026-09-16T11:01:31.586651
1752161532657837,health,health,0.88,thai san,2026-09-16T11:01:31.586651
1752577925949531,health,health,0.88,thai san,2026-09-16T11:01:31.586651
1751752632698727,health,health,0.88,thai san,2026-09-16T11:01:31.586651
1751764836030840,car,car,0.96,o to,2026-09-16T11:01:31.586651
1751765636030760,non_life_general,non_life_general,0.75,mic,2026-09-16T11:01:31.586651
1751775029363154,unknown,unknown,0.3,,2026-09-16T11:01:31.586651
1751778026029521,non_life_general,non_life_general,0.75,pvi,2026-09-16T11:01:31.586651
1751781102695880,unknown,unknown,0.3,,2026-09-16T11:01:31.586651
1751783259362331,unknown,unknown,0.3,,2026-09-16T11:01:31.586651
1751786519362005,unknown,unknown,0.3,,2026-09-16T11:01:31.586651
1751829339357723,unknown,unknown,0.3,,2026-09-16T11:01:31.586651
1751835806023743,health,health,0.88,thai san,2026-09-16T11:01:31.586651
1751902692683721,health,health,0.88,thai san,2026-09-16T11:01:31.586651
1752176689322988,health,health,0.88,thai san,2026-09-16T11:01:31.586651
1752578355949488,unknown,unknown,0.3,,2026-09-16T11:01:31.586651
1752786145928709,non_life_general,non_life_general,0.75,mic,2026-09-16T11:01:31.586651
1752790669261590,health,health,0.88,thai san,2026-09-16T11:01:31.586651
1751766846030639,critical_illness,critical_illness,0.9,đột quỵ,2026-09-16T11:01:31.586651
1751782666029057,unknown,unknown,0.3,,2026-09-16T11:01:31.586651
1751822182691772,health,health,0.88,suc khoe,2026-09-16T11:01:31.586651
1751833799357277,health,health,0.88,suc khoe,2026-09-16T11:01:31.586651
1751969019343755,unknown,unknown,0.3,,2026-09-16T11:01:31.586651
1752108489329808,unknown,unknown,0.3,,2026-09-16T11:01:31.586651
1752168002657190,life,life_general,0.82,nhan tho,2026-09-16T11:01:31.586651
1752576385949685,health,health,0.88,suc khoe,2026-09-16T11:01:31.586651
1751922556015068,unknown,unknown,0.3,,2026-09-16T11:01:31.586651
1752173402656650,life,life_general,0.82,nhan tho,2026-09-16T11:01:31.586651
1752184872655503,critical_illness,critical_illness,0.9,đột quỵ,2026-09-16T11:01:31.586651
1752566055950718,health,health,0.88,suc khoe,2026-09-16T11:01:31.586651
1751924392681551,health,health,0.88,thai san,2026-09-16T11:01:31.586651
1751965782677412,unknown,unknown,0.3,,2026-09-16T11:01:31.586651
1751971282676862,health,health,0.88,thai san,2026-09-16T11:01:31.586651
1751980899342567,unknown,unknown,0.3,,2026-09-16T11:01:31.586651
1751981122675878,unknown,unknown,0.3,,2026-09-16T11:01:31.586651
1751984902675500,unknown,unknown,0.3,,2026-09-16T11:01:31.586651
1752019256005398,health,health,0.88,vien phi,2026-09-16T11:01:31.586651
1752035322670458,health,health,0.88,thai san,2026-09-16T11:01:31.586651
1752044899336167,unknown,unknown,0.3,,2026-09-16T11:01:31.586651
1752107975996526,health,health,0.88,thai san,2026-09-16T11:01:31.586651
1752168462657144,health,health,0.88,thai san,2026-09-16T11:01:31.586651
1751907672683223,health,health,0.88,suc khoe,2026-09-16T11:01:31.586651
1751908096016514,bank_insurance,bank_insurance,0.86,vay,2026-09-16T11:01:31.586651
1751909692683021,life,life_general,0.82,nhan tho,2026-09-16T11:01:31.586651
1751910056016318,health,health,0.88,suc khoe,2026-09-16T11:01:31.586651
1751914572682533,life,life_general,0.82,bhnt,2026-09-16T11:01:31.586651
1751915442682446,bank_insurance,bank_insurance,0.86,vay,2026-09-16T11:01:31.586651
1751915792682411,unknown,unknown,0.3,,2026-09-16T11:01:31.586651
1751917892682201,unknown,unknown,0.3,,2026-09-16T11:01:31.586651
1751918792682111,unknown,unknown,0.3,,2026-09-16T11:01:31.586651
1751924576014866,health,health,0.88,suc khoe,2026-09-16T11:01:31.586651
1751927962681194,unknown,unknown,0.3,,2026-09-16T11:01:31.586651
1751928026014521,health,health,0.88,suc khoe,2026-09-16T11:01:31.586651
1751934736013850,life,universal_life,0.92,lai suat cam ket,2026-09-16T11:01:31.586651
1751941156013208,health,health,0.88,suc khoe,2026-09-16T11:01:31.586651
1751941702679820,unknown,unknown,0.3,,2026-09-16T11:01:31.586651
1751942372679753,unknown,unknown,0.3,,2026-09-16T11:01:31.586651
1751957619344895,health,health,0.88,noi tru,2026-09-16T11:01:31.586651
1751958642678126,health,health,0.88,suc khoe,2026-09-16T11:01:31.586651
1751963859344271,unknown,unknown,0.3,,2026-09-16T11:01:31.586651
1751985359342121,health,health,0.88,noi tru,2026-09-16T11:01:31.586651
1752014519339205,bank_insurance,bank_insurance,0.86,vay,2026-09-16T11:01:31.586651
1752020839338573,life,life_general,0.82,nhan tho,2026-09-16T11:01:31.586651
1752033229337334,unknown,unknown,0.3,,2026-09-16T11:01:31.586651
1752042659336391,health,health,0.88,suc khoe,2026-09-16T11:01:31.586651
1752053879335269,health,health,0.88,noi tru,2026-09-16T11:01:31.586651
1752098545997469,health,health,0.88,noi tru,2026-09-16T11:01:31.586651
1752099289330728,health,health,0.88,noi tru,2026-09-16T11:01:31.586651
1752157112658279,health,health,0.88,suc khoe,2026-09-16T11:01:31.586651
1752159435991380,life,life_general,0.82,bhnt,2026-09-16T11:01:31.586651
1752183812655609,unknown,unknown,0.3,,2026-09-16T11:01:31.586651
1752367355970588,car,car,0.96,o to,2026-09-16T11:01:31.586651
1752416032632387,bank_insurance,bank_insurance,0.86,vay,2026-09-16T11:01:31.586651
1752416485965675,critical_illness,critical_illness,0.9,benh hiem ngheo,2026-09-16T11:01:31.586651
1752427712631219,unknown,unknown,0.3,,2026-09-16T11:01:31.586651
1752567772617213,health,health,0.88,suc khoe,2026-09-16T11:01:31.586651
1752610192612971,unknown,unknown,0.3,,2026-09-16T11:01:31.586651
1752632712610719,unknown,unknown,0.3,,2026-09-16T11:01:31.586651
1752666049274052,unknown,unknown,0.3,,2026-09-16T11:01:31.586651
1752696899270967,bank_insurance,bank_insurance,0.86,vay,2026-09-16T11:01:31.586651
1752697892604201,bank_insurance,bank_insurance,0.86,vay,2026-09-16T11:01:31.586651
1752757935931530,unknown,unknown,0.3,,2026-09-16T11:01:31.586651
1752934429247214,health,health,0.88,suc khoe,2026-09-16T11:01:31.586651
1753288452545145,unknown,unknown,0.3,,2026-09-16T11:01:31.586651
1751907302683260,unknown,unknown,0.3,,2026-09-16T11:01:31.586651
1751907999349857,unknown,unknown,0.3,,2026-09-16T11:01:31.586651
1751909179349739,critical_illness,critical_illness,0.9,benh hiem ngheo,2026-09-16T11:01:31.586651
1751910322682958,unknown,unknown,0.3,,2026-09-16T11:01:31.586651
1751913539349303,unknown,unknown,0.3,,2026-09-16T11:01:31.586651
1751914422682548,unknown,unknown,0.3,,2026-09-16T11:01:31.586651
1751915046015819,unknown,unknown,0.3,,2026-09-16T11:01:31.586651
1751915252682465,unknown,unknown,0.3,,2026-09-16T11:01:31.586651
1751915566015767,unknown,unknown,0.3,,2026-09-16T11:01:31.586651
1751916826015641,health,health,0.88,suc khoe,2026-09-16T11:01:31.586651
1751917002682290,life,life_general,0.82,bhnt,2026-09-16T11:01:31.586651
1751917249348932,unknown,unknown,0.3,,2026-09-16T11:01:31.586651
1751917289348928,unknown,unknown,0.3,,2026-09-16T11:01:31.586651
1751917442682246,unknown,unknown,0.3,,2026-09-16T11:01:31.586651
1751920472681943,health,health,0.88,suc khoe,2026-09-16T11:01:31.586651
1751920896015234,unknown,unknown,0.3,,2026-09-16T11:01:31.586651
1751927959347861,unknown,unknown,0.3,,2026-09-16T11:01:31.586651
1751928506014473,critical_illness,critical_illness,0.9,đột quỵ,2026-09-16T11:01:31.586651
1751928792681111,unknown,unknown,0.3,,2026-09-16T11:01:31.586651
1751929012681089,health,health,0.88,suc khoe,2026-09-16T11:01:31.586651
1751930192680971,unknown,unknown,0.3,,2026-09-16T11:01:31.586651
1751930686014255,unknown,unknown,0.3,,2026-09-16T11:01:31.586651
1751939572680033,unknown,unknown,0.3,,2026-09-16T11:01:31.586651
1751983432675647,unknown,unknown,0.3,,2026-09-16T11:01:31.586651
1752001249340532,unknown,unknown,0.3,,2026-09-16T11:01:31.586651
1752006586006665,health,health,0.88,suc khoe,2026-09-16T11:01:31.586651
1752172152656775,unknown,unknown,0.3,,2026-09-16T11:01:31.586651
1752405035966820,property,property,0.92,tai san,2026-09-16T11:01:31.586651
1752412552632735,critical_illness,critical_illness,0.9,benh hiem ngheo,2026-09-16T11:01:31.586651
1752454879295169,unknown,unknown,0.3,,2026-09-16T11:01:31.586651
1752485105958813,bank_insurance,bank_insurance,0.86,vay,2026-09-16T11:01:31.586651
1752568795950444,health,health,0.88,suc khoe,2026-09-16T11:01:31.586651
1752578912616099,health,health,0.88,suc khoe,2026-09-16T11:01:31.586651
1752639952609995,unknown,unknown,0.3,,2026-09-16T11:01:31.586651
1752662422607748,unknown,unknown,0.3,,2026-09-16T11:01:31.586651
1752690499271607,unknown,unknown,0.3,,2026-09-16T11:01:31.586651
1752736742600316,unknown,unknown,0.3,,2026-09-16T11:01:31.586651
1753407955866528,unknown,unknown,0.3,,2026-09-16T11:01:31.586651
1753414355865888,health,health,0.88,suc khoe,2026-09-16T11:01:31.586651
1753418702532120,unknown,unknown,0.3,,2026-09-16T11:01:31.586651
1753607359179921,unknown,unknown,0.3,,2026-09-16T11:01:31.586651
1753676842506306,unknown,unknown,0.3,,2026-09-16T11:01:31.586651
1753796232494367,unknown,unknown,0.3,,2026-09-16T11:01:31.586651
1751906542683336,unknown,unknown,0.3,,2026-09-16T11:01:31.586651
1751912662682724,unknown,unknown,0.3,,2026-09-16T11:01:31.586651
1751912949349362,health,health,0.88,vien phi,2026-09-16T11:01:31.586651
1751913349349322,unknown,unknown,0.3,,2026-09-16T11:01:31.586651
1751936859346971,unknown,unknown,0.3,,2026-09-16T11:01:31.586651
1751945789346078,unknown,unknown,0.3,,2026-09-16T11:01:31.586651
1751951526012171,unknown,unknown,0.3,,2026-09-16T11:01:31.586651
1751967726010551,unknown,unknown,0.3,,2026-09-16T11:01:31.586651
1751970452676945,non_life_general,non_life_general,0.75,mic,2026-09-16T11:01:31.586651
1752003116007012,non_life_general,non_life_general,0.75,mic,2026-09-16T11:01:31.586651
1752012036006120,unknown,unknown,0.3,,2026-09-16T11:01:31.586651
1752012762672714,unknown,unknown,0.3,,2026-09-16T11:01:31.586651
1752047562669234,health,health,0.88,noi tru,2026-09-16T11:01:31.586651
1752054442668546,unknown,unknown,0.3,,2026-09-16T11:01:31.586651
1752058032668187,unknown,unknown,0.3,,2026-09-16T11:01:31.586651
1752097942664196,health,health,0.88,vien phi,2026-09-16T11:01:31.586651
1752571229283534,unknown,unknown,0.3,,2026-09-16T11:01:31.586651
1751916386015685,unknown,unknown,0.3,,2026-09-16T11:01:31.586651
1751930202680970,health,health,0.88,suc khoe,2026-09-16T11:01:31.586651
1751931569347500,health,health,0.88,suc khoe,2026-09-16T11:01:31.586651
1751937142680276,life,universal_life,0.92,lai suat cam ket,2026-09-16T11:01:31.586651
1751952276012096,life,life_general,0.82,bhnt,2026-09-16T11:01:31.586651
1751968356010488,unknown,unknown,0.3,,2026-09-16T11:01:31.586651
1751986142675376,health,health,0.88,vien phi,2026-09-16T11:01:31.586651
1752001649340492,unknown,unknown,0.3,,2026-09-16T11:01:31.586651
1752008112673179,critical_illness,critical_illness,0.9,ung thu,2026-09-16T11:01:31.586651
1752049042669086,health,health,0.88,suc khoe,2026-09-16T11:01:31.586651
1752100095997314,life,life_general,0.82,nhan tho,2026-09-16T11:01:31.586651
1752318742642116,health,health,0.88,noi tru,2026-09-16T11:01:31.586651
1752337672640223,unknown,unknown,0.3,,2026-09-16T11:01:31.586651
1752340075973316,health,health,0.88,suc khoe,2026-09-16T11:01:31.586651
1752575645949759,health,health,0.88,noi tru,2026-09-16T11:01:31.586651
1752612512612739,unknown,unknown,0.3,,2026-09-16T11:01:31.586651
1752616905945633,health,health,0.88,suc khoe,2026-09-16T11:01:31.586651
1752634502610540,life,life_general,0.82,nhan tho,2026-09-16T11:01:31.586651
1752664722607518,unknown,unknown,0.3,,2026-09-16T11:01:31.586651
1752698365937487,unknown,unknown,0.3,,2026-09-16T11:01:31.586651
1751931292680861,health,health,0.88,suc khoe,2026-09-16T11:01:31.586651
1751931746014149,health,health,0.88,suc khoe,2026-09-16T11:01:31.586651
1751931819347475,unknown,unknown,0.3,,2026-09-16T11:01:31.586651
1751945092679481,life,life_general,0.82,nhan tho,2026-09-16T11:01:31.586651
1751949672679023,health,health,0.88,noi tru,2026-09-16T11:01:31.586651
1751951652678825,life,life_general,0.82,nhan tho,2026-09-16T11:01:31.586651
1751964712677519,unknown,unknown,0.3,,2026-09-16T11:01:31.586651
1752004412673549,health,health,0.88,suc khoe,2026-09-16T11:01:31.586651
1752051426002181,health,health,0.88,suc khoe,2026-09-16T11:01:31.586651
1752064432667547,unknown,unknown,0.3,,2026-09-16T11:01:31.586651
1752064586000865,unknown,unknown,0.3,,2026-09-16T11:01:31.586651
1752095139331143,life,life_general,0.82,nhan tho,2026-09-16T11:01:31.586651
1752316592642331,unknown,unknown,0.3,,2026-09-16T11:01:31.586651
1752565002617490,unknown,unknown,0.3,,2026-09-16T11:01:31.586651
1752788592595131,unknown,unknown,0.3,,2026-09-16T11:01:31.586651
1751937736013550,unknown,unknown,0.3,,2026-09-16T11:01:31.586651
1751946586012665,unknown,unknown,0.3,,2026-09-16T11:01:31.586651
1751946996012624,unknown,unknown,0.3,,2026-09-16T11:01:31.586651
1751957812678209,unknown,unknown,0.3,,2026-09-16T11:01:31.586651
1751974732676517,unknown,unknown,0.3,,2026-09-16T11:01:31.586651
1752002149340442,unknown,unknown,0.3,,2026-09-16T11:01:31.586651
1752108185996505,unknown,unknown,0.3,,2026-09-16T11:01:31.586651
1752389502635040,unknown,unknown,0.3,,2026-09-16T11:01:31.586651
1752565172617473,unknown,unknown,0.3,,2026-09-16T11:01:31.586651
1752696492604341,unknown,unknown,0.3,,2026-09-16T11:01:31.586651
1754644119076245,unknown,unknown,0.3,,2026-09-16T11:01:31.586651
1752581139282543,unknown,unknown,0.3,,2026-09-16T11:01:31.586651
1752718075935516,unknown,unknown,0.3,,2026-09-16T11:01:31.586651
1752736852600305,unknown,unknown,0.3,,2026-09-16T11:01:31.586651
1755323645674959,unknown,unknown,0.3,,2026-09-16T11:01:31.586651
1755489785658345,unknown,unknown,0.3,,2026-09-16T11:01:31.586651
1751974622676528,unknown,unknown,0.3,,2026-09-16T11:01:31.586651
1751975106009813,unknown,unknown,0.3,,2026-09-16T11:01:31.586651
1755071599033497,unknown,unknown,0.3,,2026-09-16T11:01:31.586651
1751997042674286,unknown,unknown,0.3,,2026-09-16T11:01:31.586651
1752494382624552,unknown,unknown,0.3,,2026-09-16T11:01:31.586651
1752640799276577,unknown,unknown,0.3,,2026-09-16T11:01:31.586651
1752659879274669,unknown,unknown,0.3,,2026-09-16T11:01:31.586651
1752375009303156,unknown,unknown,0.3,,2026-09-16T11:01:31.586651
1752375105969813,unknown,unknown,0.3,,2026-09-16T11:01:31.586651
1752383295968994,unknown,unknown,0.3,,2026-09-16T11:01:31.586651
1752384015968922,unknown,unknown,0.3,,2026-09-16T11:01:31.586651
1752384142635576,unknown,unknown,0.3,,2026-09-16T11:01:31.586651
1752387302635260,unknown,unknown,0.3,,2026-09-16T11:01:31.586651
1752399035967420,unknown,unknown,0.3,,2026-09-16T11:01:31.586651
1752417685965555,unknown,unknown,0.3,,2026-09-16T11:01:31.586651
1752422345965089,non_life_general,non_life_general,0.75,pvi,2026-09-16T11:01:31.586651
1752431059297551,unknown,unknown,0.3,,2026-09-16T11:01:31.586651
1752486185958705,unknown,unknown,0.3,,2026-09-16T11:01:31.586651
1752563859284271,unknown,unknown,0.3,,2026-09-16T11:01:31.586651
1752580629282594,unknown,unknown,0.3,,2026-09-16T11:01:31.586651
1752580679282589,unknown,unknown,0.3,,2026-09-16T11:01:31.586651
1752375525969771,unknown,unknown,0.3,,2026-09-16T11:01:31.586651
1752377392636251,unknown,unknown,0.3,,2026-09-16T11:01:31.586651
1752378062636184,unknown,unknown,0.3,,2026-09-16T11:01:31.586651
1752378152636175,unknown,unknown,0.3,,2026-09-16T11:01:31.586651
1752379352636055,unknown,unknown,0.3,,2026-09-16T11:01:31.586651
1752379522636038,unknown,unknown,0.3,,2026-09-16T11:01:31.586651
1752385765968747,unknown,unknown,0.3,,2026-09-16T11:01:31.586651
1752386922635298,unknown,unknown,0.3,,2026-09-16T11:01:31.586651
1752391069301550,unknown,unknown,0.3,,2026-09-16T11:01:31.586651
1752391179301539,unknown,unknown,0.3,,2026-09-16T11:01:31.586651
1752399265967397,life,life_general,0.82,đóng phí,2026-09-16T11:01:31.586651
1752405962633394,unknown,unknown,0.3,,2026-09-16T11:01:31.586651
1752409252633065,unknown,unknown,0.3,,2026-09-16T11:01:31.586651
1752416575965666,unknown,unknown,0.3,,2026-09-16T11:01:31.586651
1752419105965413,unknown,unknown,0.3,,2026-09-16T11:01:31.586651
1752420169298640,life,life_general,0.82,đóng phí,2026-09-16T11:01:31.586651
1752421699298487,life,life_general,0.82,đóng phí,2026-09-16T11:01:31.586651
1752422729298384,unknown,unknown,0.3,,2026-09-16T11:01:31.586651
1752425625964761,unknown,unknown,0.3,,2026-09-16T11:01:31.586651
1752500152623975,life,life_general,0.82,nhan tho,2026-09-16T11:01:31.586651
1752564515950872,unknown,unknown,0.3,,2026-09-16T11:01:31.586651
1752641952609795,unknown,unknown,0.3,,2026-09-16T11:01:31.586651
1753067352567255,unknown,unknown,0.3,,2026-09-16T11:01:31.586651
1752430035964320,unknown,unknown,0.3,,2026-09-16T11:01:31.586651
1752430409297616,health,health,0.88,suc khoe,2026-09-16T11:01:31.586651
1752431102630880,critical_illness,critical_illness,0.9,benh hiem ngheo,2026-09-16T11:01:31.586651
1752431622630828,unknown,unknown,0.3,,2026-09-16T11:01:31.586651
1752447632629227,bank_insurance,bank_insurance,0.86,vay,2026-09-16T11:01:31.586651
1752452162628774,unknown,unknown,0.3,,2026-09-16T11:01:31.586651
1752470522626938,unknown,unknown,0.3,,2026-09-16T11:01:31.586651
1752476775959646,health,health,0.88,suc khoe,2026-09-16T11:01:31.586651
1752561802617810,unknown,unknown,0.3,,2026-09-16T11:01:31.586651
1752564799284177,health,health,0.88,suc khoe,2026-09-16T11:01:31.586651
1752666339274023,unknown,unknown,0.3,,2026-09-16T11:01:31.586651
1752671799273477,critical_illness,critical_illness,0.9,benh hiem ngheo,2026-09-16T11:01:31.586651
1752454539295203,unknown,unknown,0.3,,2026-09-16T11:01:31.586651
1752563649284292,unknown,unknown,0.3,,2026-09-16T11:01:31.586651
1752514555955868,bank_insurance,bank_insurance,0.86,vay,2026-09-16T11:01:31.586651
1752517159288941,unknown,unknown,0.3,,2026-09-16T11:01:31.586651
1752525219288135,critical_illness,critical_illness,0.9,benh hiem ngheo,2026-09-16T11:01:31.586651
1752534982620492,unknown,unknown,0.3,,2026-09-16T11:01:31.586651
1752536175953706,unknown,unknown,0.3,,2026-09-16T11:01:31.586651
1752560292617961,health,health,0.88,suc khoe,2026-09-16T11:01:31.586651
1752573279283329,unknown,unknown,0.3,,2026-09-16T11:01:31.586651
1752596249281032,critical_illness,critical_illness,0.9,benh hiem ngheo,2026-09-16T11:01:31.586651
1752693162604674,critical_illness,critical_illness,0.9,benh hiem ngheo,2026-09-16T11:01:31.586651
1753057619234895,unknown,unknown,0.3,,2026-09-16T11:01:31.586651
1753380242535966,unknown,unknown,0.3,,2026-09-16T11:01:31.586651
1752514505955873,unknown,unknown,0.3,,2026-09-16T11:01:31.586651
1752517399288917,health,health,0.88,noi tru,2026-09-16T11:01:31.586651
1752520592621931,unknown,unknown,0.3,,2026-09-16T11:01:31.586651
1752529695954354,health,health,0.88,suc khoe,2026-09-16T11:01:31.586651
1752529849287672,health,health,0.88,suc khoe,2026-09-16T11:01:31.586651
1752530419287615,unknown,unknown,0.3,,2026-09-16T11:01:31.586651
1752535032620487,unknown,unknown,0.3,,2026-09-16T11:01:31.586651
1752536259287031,health,health,0.88,suc khoe,2026-09-16T11:01:31.586651
1752542055953118,health,health,0.88,suc khoe,2026-09-16T11:01:31.586651
1752560505951273,unknown,unknown,0.3,,2026-09-16T11:01:31.586651
1752564465950877,health,health,0.88,suc khoe,2026-09-16T11:01:31.586651
1752590675948256,health,health,0.88,suc khoe,2026-09-16T11:01:31.586651
1752594222614568,unknown,unknown,0.3,,2026-09-16T11:01:31.586651
1752596949280962,car,car,0.96,o to,2026-09-16T11:01:31.586651
1752597779280879,unknown,unknown,0.3,,2026-09-16T11:01:31.586651
1752598295947494,unknown,unknown,0.3,,2026-09-16T11:01:31.586651
1752607202613270,health,health,0.88,suc khoe,2026-09-16T11:01:31.586651
1752620949278562,health,health,0.88,suc khoe,2026-09-16T11:01:31.586651
1752644519276205,health,health,0.88,vien phi,2026-09-16T11:01:31.586651
1752658862608104,unknown,unknown,0.3,,2026-09-16T11:01:31.586651
1752659455941378,unknown,unknown,0.3,,2026-09-16T11:01:31.586651
1752700955937228,life,life_general,0.82,nhan tho,2026-09-16T11:01:31.586651
1752723515934972,health,health,0.88,suc khoe,2026-09-16T11:01:31.586651
1753061505901173,life,life_general,0.82,nhan tho,2026-09-16T11:01:31.586651
1752519089288748,non_life_general,non_life_general,0.75,pti,2026-09-16T11:01:31.586651
1752526615954662,unknown,unknown,0.3,,2026-09-16T11:01:31.586651
1752535335953790,unknown,unknown,0.3,,2026-09-16T11:01:31.586651
1752539519286705,life,life_general,0.82,đóng phí,2026-09-16T11:01:31.586651
1752543139286343,unknown,unknown,0.3,,2026-09-16T11:01:31.586651
1752543639286293,unknown,unknown,0.3,,2026-09-16T11:01:31.586651
1752543905952933,unknown,unknown,0.3,,2026-09-16T11:01:31.586651
1752586149282042,unknown,unknown,0.3,,2026-09-16T11:01:31.586651
1753063929234264,unknown,unknown,0.3,,2026-09-16T11:01:31.586651
1753317872542203,unknown,unknown,0.3,,2026-09-16T11:01:31.586651
1752517969288860,life,life_general,0.82,nhan tho,2026-09-16T11:01:31.586651
1752518279288829,unknown,unknown,0.3,,2026-09-16T11:01:31.586651
1752520822621908,unknown,unknown,0.3,,2026-09-16T11:01:31.586651
1752521379288519,unknown,unknown,0.3,,2026-09-16T11:01:31.586651
1752521455955178,unknown,unknown,0.3,,2026-09-16T11:01:31.586651
1752521609288496,unknown,unknown,0.3,,2026-09-16T11:01:31.586651
1752528662621124,health,health,0.88,suc khoe,2026-09-16T11:01:31.586651
1752528779287779,unknown,unknown,0.3,,2026-09-16T11:01:31.586651
1752528849287772,health,health,0.88,suc khoe,2026-09-16T11:01:31.586651
1752533635953960,unknown,unknown,0.3,,2026-09-16T11:01:31.586651
1752535169287140,unknown,unknown,0.3,,2026-09-16T11:01:31.586651
1752535729287084,health,health,0.88,suc khoe,2026-09-16T11:01:31.586651
1752544142619576,health,health,0.88,suc khoe,2026-09-16T11:01:31.586651
1752559622618028,health,health,0.88,vien phi,2026-09-16T11:01:31.586651
1752560225951301,unknown,unknown,0.3,,2026-09-16T11:01:31.586651
1752560519284605,unknown,unknown,0.3,,2026-09-16T11:01:31.586651
1752560999284557,unknown,unknown,0.3,,2026-09-16T11:01:31.586651
1752561342617856,unknown,unknown,0.3,,2026-09-16T11:01:31.586651
1752587059281951,health,health,0.88,suc khoe,2026-09-16T11:01:31.586651
1752592809281376,unknown,unknown,0.3,,2026-09-16T11:01:31.586651
1752598385947485,unknown,unknown,0.3,,2026-09-16T11:01:31.586651
1752598575947466,unknown,unknown,0.3,,2026-09-16T11:01:31.586651
1752605889280068,health,health,0.88,suc khoe,2026-09-16T11:01:31.586651
1752631219277535,unknown,unknown,0.3,,2026-09-16T11:01:31.586651
1752631352610855,unknown,unknown,0.3,,2026-09-16T11:01:31.586651
1752631489277508,unknown,unknown,0.3,,2026-09-16T11:01:31.586651
1752644842609506,car,car,0.96,o to,2026-09-16T11:01:31.586651
1752656002608390,life,universal_life,0.92,lai suat cam ket,2026-09-16T11:01:31.586651
1752665365940787,health,health,0.88,suc khoe,2026-09-16T11:01:31.586651
1752665769274080,unknown,unknown,0.3,,2026-09-16T11:01:31.586651
1752666499274007,unknown,unknown,0.3,,2026-09-16T11:01:31.586651
1752666912607299,unknown,unknown,0.3,,2026-09-16T11:01:31.586651
1752675262606464,unknown,unknown,0.3,,2026-09-16T11:01:31.586651
1752689749271682,unknown,unknown,0.3,,2026-09-16T11:01:31.586651
1753285875878736,unknown,unknown,0.3,,2026-09-16T11:01:31.586651
1753290989211558,unknown,unknown,0.3,,2026-09-16T11:01:31.586651
1753291062544884,unknown,unknown,0.3,,2026-09-16T11:01:31.586651
1753309015876422,unknown,unknown,0.3,,2026-09-16T11:01:31.586651
1753343349206322,unknown,unknown,0.3,,2026-09-16T11:01:31.586651
1753533255853998,unknown,unknown,0.3,,2026-09-16T11:01:31.586651
1752573952616595,unknown,unknown,0.3,,2026-09-16T11:01:31.586651
1752575449283112,unknown,unknown,0.3,,2026-09-16T11:01:31.586651
1752575702616420,unknown,unknown,0.3,,2026-09-16T11:01:31.586651
1752577519282905,unknown,unknown,0.3,,2026-09-16T11:01:31.586651
1752580155949308,unknown,unknown,0.3,,2026-09-16T11:01:31.586651
1752581289282528,unknown,unknown,0.3,,2026-09-16T11:01:31.586651
1752581929282464,unknown,unknown,0.3,,2026-09-16T11:01:31.586651
1752584545948869,unknown,unknown,0.3,,2026-09-16T11:01:31.586651
1752586589281998,unknown,unknown,0.3,,2026-09-16T11:01:31.586651
1752587649281892,unknown,unknown,0.3,,2026-09-16T11:01:31.586651
1752605205946803,unknown,unknown,0.3,,2026-09-16T11:01:31.586651
1752625209278136,unknown,unknown,0.3,,2026-09-16T11:01:31.586651
1752631375944186,life,life_general,0.82,nhan tho,2026-09-16T11:01:31.586651
1752632882610702,unknown,unknown,0.3,,2026-09-16T11:01:31.586651
1752635329277124,unknown,unknown,0.3,,2026-09-16T11:01:31.586651
1752663952607595,unknown,unknown,0.3,,2026-09-16T11:01:31.586651
1753482655859058,unknown,unknown,0.3,,2026-09-16T11:01:31.586651
1753926709147986,unknown,unknown,0.3,,2026-09-16T11:01:31.586651
1753927102481280,unknown,unknown,0.3,,2026-09-16T11:01:31.586651
1752582359282421,unknown,unknown,0.3,,2026-09-16T11:01:31.586651
1752585682615422,health,health,0.88,suc khoe,2026-09-16T11:01:31.586651
1752587532615237,life,life_general,0.82,nhan tho,2026-09-16T11:01:31.586651
1752594522614538,health,health,0.88,suc khoe,2026-09-16T11:01:31.586651
1752609659279691,unknown,unknown,0.3,,2026-09-16T11:01:31.586651
1752609759279681,critical_illness,critical_illness,0.9,benh hiem ngheo,2026-09-16T11:01:31.586651
1752611179279539,critical_illness,critical_illness,0.9,ung thu,2026-09-16T11:01:31.586651
1752612272612763,unknown,unknown,0.3,,2026-09-16T11:01:31.586651
1752613849279272,life,life_general,0.82,nhan tho,2026-09-16T11:01:31.586651
1752614992612491,unknown,unknown,0.3,,2026-09-16T11:01:31.586651
1752620272611963,unknown,unknown,0.3,,2026-09-16T11:01:31.586651
1752622632611727,life,life_general,0.82,nhan tho,2026-09-16T11:01:31.586651
1752625922611398,unknown,unknown,0.3,,2026-09-16T11:01:31.586651
1752627789277878,health,health,0.88,suc khoe,2026-09-16T11:01:31.586651
1752631472610843,unknown,unknown,0.3,,2026-09-16T11:01:31.586651
1752632639277393,unknown,unknown,0.3,,2026-09-16T11:01:31.586651
1752635122610478,unknown,unknown,0.3,,2026-09-16T11:01:31.586651
1752635969277060,unknown,unknown,0.3,,2026-09-16T11:01:31.586651
1752636135943710,unknown,unknown,0.3,,2026-09-16T11:01:31.586651
1752636855943638,unknown,unknown,0.3,,2026-09-16T11:01:31.586651
1752637539276903,unknown,unknown,0.3,,2026-09-16T11:01:31.586651
1752648562609134,unknown,unknown,0.3,,2026-09-16T11:01:31.586651
1752648735942450,unknown,unknown,0.3,,2026-09-16T11:01:31.586651
1752649155942408,unknown,unknown,0.3,,2026-09-16T11:01:31.586651
1752649419275715,unknown,unknown,0.3,,2026-09-16T11:01:31.586651
1752652099275447,unknown,unknown,0.3,,2026-09-16T11:01:31.586651
1752657379274919,unknown,unknown,0.3,,2026-09-16T11:01:31.586651
1752657559274901,unknown,unknown,0.3,,2026-09-16T11:01:31.586651
1752658349274822,unknown,unknown,0.3,,2026-09-16T11:01:31.586651
1752665895940734,unknown,unknown,0.3,,2026-09-16T11:01:31.586651
1752675212606469,health,health,0.88,noi tru,2026-09-16T11:01:31.586651
1752676869272970,unknown,unknown,0.3,,2026-09-16T11:01:31.586651
1752684709272186,health,health,0.88,noi tru,2026-09-16T11:01:31.586651
1752688852605105,unknown,unknown,0.3,,2026-09-16T11:01:31.586651
1752720312601959,unknown,unknown,0.3,,2026-09-16T11:01:31.586651
1752720392601951,unknown,unknown,0.3,,2026-09-16T11:01:31.586651
1752765212597469,car,car,0.96,o to,2026-09-16T11:01:31.586651
1752770559263601,life,life_general,0.82,đóng phí,2026-09-16T11:01:31.586651
1752773939263263,life,life_general,0.82,đóng phí,2026-09-16T11:01:31.586651
1752899202584070,unknown,unknown,0.3,,2026-09-16T11:01:31.586651
1752906619249995,unknown,unknown,0.3,,2026-09-16T11:01:31.586651
1753251959215461,unknown,unknown,0.3,,2026-09-16T11:01:31.586651
1753293955877928,bank_insurance,bank_insurance,0.86,vay,2026-09-16T11:01:31.586651
1752870625920261,unknown,unknown,0.3,,2026-09-16T11:01:31.586651
1752604192613571,unknown,unknown,0.3,,2026-09-16T11:01:31.586651
1752606069280050,unknown,unknown,0.3,,2026-09-16T11:01:31.586651
1752612589279398,bank_insurance,bank_insurance,0.86,vay,2026-09-16T11:01:31.586651
1752614299279227,unknown,unknown,0.3,,2026-09-16T11:01:31.586651
1752614469279210,unknown,unknown,0.3,,2026-09-16T11:01:31.586651
1752614965945827,unknown,unknown,0.3,,2026-09-16T11:01:31.586651
1752616652612325,unknown,unknown,0.3,,2026-09-16T11:01:31.586651
1752618225945501,unknown,unknown,0.3,,2026-09-16T11:01:31.586651
1752619069278750,unknown,unknown,0.3,,2026-09-16T11:01:31.586651
1752622372611753,critical_illness,critical_illness,0.9,ung thu,2026-09-16T11:01:31.586651
1752626432611347,unknown,unknown,0.3,,2026-09-16T11:01:31.586651
1752629829277674,unknown,unknown,0.3,,2026-09-16T11:01:31.586651
1752636472610343,unknown,unknown,0.3,,2026-09-16T11:01:31.586651
1752643592609631,unknown,unknown,0.3,,2026-09-16T11:01:31.586651
1752643929276264,unknown,unknown,0.3,,2026-09-16T11:01:31.586651
1752659599274697,unknown,unknown,0.3,,2026-09-16T11:01:31.586651
1752756692598321,unknown,unknown,0.3,,2026-09-16T11:01:31.586651
1752763872597603,unknown,unknown,0.3,,2026-09-16T11:01:31.586651
1752778302596160,unknown,unknown,0.3,,2026-09-16T11:01:31.586651
1752776659262991,unknown,unknown,0.3,,2026-09-16T11:01:31.586651
1752777842596206,unknown,unknown,0.3,,2026-09-16T11:01:31.586651
1752794065927917,unknown,unknown,0.3,,2026-09-16T11:01:31.586651
1752814325925891,unknown,unknown,0.3,,2026-09-16T11:01:31.586651
1752820329258624,unknown,unknown,0.3,,2026-09-16T11:01:31.586651
1752854192588571,unknown,unknown,0.3,,2026-09-16T11:01:31.586651
1753043969236260,unknown,unknown,0.3,,2026-09-16T11:01:31.586651
1753493715857952,unknown,unknown,0.3,,2026-09-16T11:01:31.586651
1753833755823948,unknown,unknown,0.3,,2026-09-16T11:01:31.586651
1752763772597613,health,health,0.88,suc khoe,2026-09-16T11:01:31.586651
1752764285930895,unknown,unknown,0.3,,2026-09-16T11:01:31.586651
1752765519264105,life,life_general,0.82,bhnt,2026-09-16T11:01:31.586651
1752766012597389,critical_illness,critical_illness,0.9,benh hiem ngheo,2026-09-16T11:01:31.586651
1752770159263641,unknown,unknown,0.3,,2026-09-16T11:01:31.586651
1752772335930090,unknown,unknown,0.3,,2026-09-16T11:01:31.586651
1752788715928452,health,health,0.88,suc khoe,2026-09-16T11:01:31.586651
1752789575928366,unknown,unknown,0.3,,2026-09-16T11:01:31.586651
1752795852594405,life,life_general,0.82,hợp đồng bảo hiểm,2026-09-16T11:01:31.586651
1752798585927465,unknown,unknown,0.3,,2026-09-16T11:01:31.586651
1752802775927046,critical_illness,critical_illness,0.9,benh hiem ngheo,2026-09-16T11:01:31.586651
1752826332591357,critical_illness,critical_illness,0.9,benh hiem ngheo,2026-09-16T11:01:31.586651
1752838219256835,health,health,0.88,suc khoe,2026-09-16T11:01:31.586651
1752841295923194,non_life_general,non_life_general,0.75,pti,2026-09-16T11:01:31.586651
1752887769251880,unknown,unknown,0.3,,2026-09-16T11:01:31.586651
1752891712584819,unknown,unknown,0.3,,2026-09-16T11:01:31.586651
1752967772577213,critical_illness,critical_illness,0.9,benh hiem ngheo,2026-09-16T11:01:31.586651
1753156455891678,critical_illness,critical_illness,0.9,đột quỵ,2026-09-16T11:01:31.586651
1753367202537270,health,health,0.88,suc khoe,2026-09-16T11:01:31.586651
1753368132537177,unknown,unknown,0.3,,2026-09-16T11:01:31.586651
1753382589202398,unknown,unknown,0.3,,2026-09-16T11:01:31.586651
1753396992534291,unknown,unknown,0.3,,2026-09-16T11:01:31.586651
1753411512532839,unknown,unknown,0.3,,2026-09-16T11:01:31.586651
1753417979198859,critical_illness,critical_illness,0.9,benh hiem ngheo,2026-09-16T11:01:31.586651
1753419585865365,unknown,unknown,0.3,,2026-09-16T11:01:31.586651
1753419632532027,unknown,unknown,0.3,,2026-09-16T11:01:31.586651
1753422449198412,unknown,unknown,0.3,,2026-09-16T11:01:31.586651
1753493419191315,critical_illness,critical_illness,0.9,benh hiem ngheo,2026-09-16T11:01:31.586651
1752767342597256,unknown,unknown,0.3,,2026-09-16T11:01:31.586651
1752768199263837,unknown,unknown,0.3,,2026-09-16T11:01:31.586651
1752769822597008,unknown,unknown,0.3,,2026-09-16T11:01:31.586651
1752790502594940,unknown,unknown,0.3,,2026-09-16T11:01:31.586651
1752802699260387,unknown,unknown,0.3,,2026-09-16T11:01:31.586651
1752850542588936,unknown,unknown,0.3,,2026-09-16T11:01:31.586651
1753042255903098,unknown,unknown,0.3,,2026-09-16T11:01:31.586651
1753213029219354,unknown,unknown,0.3,,2026-09-16T11:01:31.586651
1753423449198312,bank_insurance,bank_insurance,0.86,vay,2026-09-16T11:01:31.586651
1752766912597299,unknown,unknown,0.3,,2026-09-16T11:01:31.586651
1752771169263540,bank_insurance,bank_insurance,0.86,vay,2026-09-16T11:01:31.586651
1752773519263305,unknown,unknown,0.3,,2026-09-16T11:01:31.586651
1752774349263222,unknown,unknown,0.3,,2026-09-16T11:01:31.586651
1752775932596397,unknown,unknown,0.3,,2026-09-16T11:01:31.586651
1752778755929448,unknown,unknown,0.3,,2026-09-16T11:01:31.586651
1752781802595810,unknown,unknown,0.3,,2026-09-16T11:01:31.586651
1752782515929072,unknown,unknown,0.3,,2026-09-16T11:01:31.586651
1752788815928442,unknown,unknown,0.3,,2026-09-16T11:01:31.586651
1752799489260708,unknown,unknown,0.3,,2026-09-16T11:01:31.586651
1752819789258678,health,health,0.88,suc khoe,2026-09-16T11:01:31.586651
1752824445924879,unknown,unknown,0.3,,2026-09-16T11:01:31.586651
1752828642591126,unknown,unknown,0.3,,2026-09-16T11:01:31.586651
1752836059257051,bank_insurance,bank_insurance,0.86,vay,2026-09-16T11:01:31.586651
1752844329256224,life,life_general,0.82,nhan tho,2026-09-16T11:01:31.586651
1752846072589383,unknown,unknown,0.3,,2026-09-16T11:01:31.586651
1752934542580536,critical_illness,critical_illness,0.9,đột quỵ,2026-09-16T11:01:31.586651
1753039849236672,unknown,unknown,0.3,,2026-09-16T11:01:31.586651
1753040799236577,unknown,unknown,0.3,,2026-09-16T11:01:31.586651
1753492632524727,unknown,unknown,0.3,,2026-09-16T11:01:31.586651
1752840195923304,health,health,0.88,suc khoe,2026-09-16T11:01:31.586651
1752961365911187,health,health,0.88,suc khoe,2026-09-16T11:01:31.586651
1753165402557450,unknown,unknown,0.3,,2026-09-16T11:01:31.586651
1753229062551084,health,health,0.88,suc khoe,2026-09-16T11:01:31.586651
1753288892545101,unknown,unknown,0.3,,2026-09-16T11:01:31.586651
1753414752532515,life,life_general,0.82,bhnt,2026-09-16T11:01:31.586651
1753416275865696,life,life_general,0.82,nhan tho,2026-09-16T11:01:31.586651
1753451455862178,bank_insurance,bank_insurance,0.86,vay,2026-09-16T11:01:31.586651
1753496279191029,unknown,unknown,0.3,,2026-09-16T11:01:31.586651
1752787002595290,unknown,unknown,0.3,,2026-09-16T11:01:31.586651
1752798219260835,unknown,unknown,0.3,,2026-09-16T11:01:31.586651
1752812989259358,unknown,unknown,0.3,,2026-09-16T11:01:31.586651
1752918415915482,unknown,unknown,0.3,,2026-09-16T11:01:31.586651
1752937362580254,unknown,unknown,0.3,,2026-09-16T11:01:31.586651
1752981935909130,unknown,unknown,0.3,,2026-09-16T11:01:31.586651
1752982542575736,unknown,unknown,0.3,,2026-09-16T11:01:31.586651
1752982952575695,unknown,unknown,0.3,,2026-09-16T11:01:31.586651
1752983075909016,unknown,unknown,0.3,,2026-09-16T11:01:31.586651
1752983565908967,unknown,unknown,0.3,,2026-09-16T11:01:31.586651
1753026389238018,unknown,unknown,0.3,,2026-09-16T11:01:31.586651
1753168335890490,unknown,unknown,0.3,,2026-09-16T11:01:31.586651
1753244589216198,unknown,unknown,0.3,,2026-09-16T11:01:31.586651
1753257015881622,unknown,unknown,0.3,,2026-09-16T11:01:31.586651
1753264182547572,unknown,unknown,0.3,,2026-09-16T11:01:31.586651
1753269019213755,unknown,unknown,0.3,,2026-09-16T11:01:31.586651
1753273132546677,unknown,unknown,0.3,,2026-09-16T11:01:31.586651
1753273285879995,unknown,unknown,0.3,,2026-09-16T11:01:31.586651
1753274422546548,unknown,unknown,0.3,,2026-09-16T11:01:31.586651
1753285635878760,unknown,unknown,0.3,,2026-09-16T11:01:31.586651
1753319905875333,unknown,unknown,0.3,,2026-09-16T11:01:31.586651
1753324062541584,unknown,unknown,0.3,,2026-09-16T11:01:31.586651
1754037339136923,bank_insurance,bank_insurance,0.86,vay,2026-09-16T11:01:31.586651
1752866689253988,health,health,0.88,thai san,2026-09-16T11:01:31.586651
1752897492584241,non_life_general,non_life_general,0.75,bao minh,2026-09-16T11:01:31.586651
1752958935911430,health,health,0.88,thai san,2026-09-16T11:01:31.586651
1753491689191488,unknown,unknown,0.3,,2026-09-16T11:01:31.586651
1753492712524719,health,health,0.88,thai san,2026-09-16T11:01:31.586651
1753556032518387,unknown,unknown,0.3,,2026-09-16T11:01:31.586651
1752867122587278,unknown,unknown,0.3,,2026-09-16T11:01:31.586651
1752869032587087,unknown,unknown,0.3,,2026-09-16T11:01:31.586651
1752880235919300,unknown,unknown,0.3,,2026-09-16T11:01:31.586651
1752999842574006,unknown,unknown,0.3,,2026-09-16T11:01:31.586651
1755062529034404,unknown,unknown,0.3,,2026-09-16T11:01:31.586651
1752814329259224,unknown,unknown,0.3,,2026-09-16T11:01:31.586651
1756648375542486,unknown,unknown,0.3,,2026-09-16T11:01:31.586651
1752867599253897,unknown,unknown,0.3,,2026-09-16T11:01:31.586651
1752870275920296,unknown,unknown,0.3,,2026-09-16T11:01:31.586651
1752874889253168,unknown,unknown,0.3,,2026-09-16T11:01:31.586651
1752882065919117,unknown,unknown,0.3,,2026-09-16T11:01:31.586651
1752882365919087,unknown,unknown,0.3,,2026-09-16T11:01:31.586651
1752882525919071,unknown,unknown,0.3,,2026-09-16T11:01:31.586651
1752884162585574,unknown,unknown,0.3,,2026-09-16T11:01:31.586651
1752890685918255,unknown,unknown,0.3,,2026-09-16T11:01:31.586651
1752891229251534,unknown,unknown,0.3,,2026-09-16T11:01:31.586651
1752900769250580,unknown,unknown,0.3,,2026-09-16T11:01:31.586651
1752905995916724,unknown,unknown,0.3,,2026-09-16T11:01:31.586651
1752906472583343,unknown,unknown,0.3,,2026-09-16T11:01:31.586651
1752907275916596,unknown,unknown,0.3,,2026-09-16T11:01:31.586651
1752931559247501,unknown,unknown,0.3,,2026-09-16T11:01:31.586651
1752934629247194,bank_insurance,bank_insurance,0.86,vay,2026-09-16T11:01:31.586651
1752939355913388,unknown,unknown,0.3,,2026-09-16T11:01:31.586651
1752939799246677,unknown,unknown,0.3,,2026-09-16T11:01:31.586651
1752940082579982,unknown,unknown,0.3,,2026-09-16T11:01:31.586651
1752940232579967,unknown,unknown,0.3,,2026-09-16T11:01:31.586651
1752940825913241,unknown,unknown,0.3,,2026-09-16T11:01:31.586651
1752941679246489,unknown,unknown,0.3,,2026-09-16T11:01:31.586651
1752941765913147,unknown,unknown,0.3,,2026-09-16T11:01:31.586651
1752942059246451,unknown,unknown,0.3,,2026-09-16T11:01:31.586651
1752942205913103,unknown,unknown,0.3,,2026-09-16T11:01:31.586651
1752942915913032,unknown,unknown,0.3,,2026-09-16T11:01:31.586651
1752943685912955,unknown,unknown,0.3,,2026-09-16T11:01:31.586651
1752945879246069,unknown,unknown,0.3,,2026-09-16T11:01:31.586651
1752950349245622,unknown,unknown,0.3,,2026-09-16T11:01:31.586651
1752950532578937,unknown,unknown,0.3,,2026-09-16T11:01:31.586651
1752973722576618,unknown,unknown,0.3,,2026-09-16T11:01:31.586651
1753147099225947,unknown,unknown,0.3,,2026-09-16T11:01:31.586651
1753164432557547,bank_insurance,bank_insurance,0.86,vay,2026-09-16T11:01:31.586651
1753172502556740,unknown,unknown,0.3,,2026-09-16T11:01:31.586651
1753175822556408,unknown,unknown,0.3,,2026-09-16T11:01:31.586651
1753177069222950,unknown,unknown,0.3,,2026-09-16T11:01:31.586651
1753190245888299,unknown,unknown,0.3,,2026-09-16T11:01:31.586651
1753214075885916,unknown,unknown,0.3,,2026-09-16T11:01:31.586651
1753217595885564,property,property,0.92,tai san,2026-09-16T11:01:31.586651
1753225815884742,unknown,unknown,0.3,,2026-09-16T11:01:31.586651
1753234255883898,unknown,unknown,0.3,,2026-09-16T11:01:31.586651
1753243195883004,unknown,unknown,0.3,,2026-09-16T11:01:31.586651
1753246749215982,unknown,unknown,0.3,,2026-09-16T11:01:31.586651
1753270659213591,unknown,unknown,0.3,,2026-09-16T11:01:31.586651
1753273062546684,unknown,unknown,0.3,,2026-09-16T11:01:31.586651
1753282485879075,property,property,0.92,tai san,2026-09-16T11:01:31.586651
1753346552539335,life,life_general,0.82,đóng phí,2026-09-16T11:01:31.586651
1753349872539003,unknown,unknown,0.3,,2026-09-16T11:01:31.586651
1753349885872335,life,life_general,0.82,đóng phí,2026-09-16T11:01:31.586651
1753350949205562,non_life_general,non_life_general,0.75,mic,2026-09-16T11:01:31.586651
1753351355872188,unknown,unknown,0.3,,2026-09-16T11:01:31.586651
1753351742538816,life,life_general,0.82,nhan tho,2026-09-16T11:01:31.586651
1753352432538747,unknown,unknown,0.3,,2026-09-16T11:01:31.586651
1753352485872075,unknown,unknown,0.3,,2026-09-16T11:01:31.586651
1753352625872061,unknown,unknown,0.3,,2026-09-16T11:01:31.586651
1753352712538719,unknown,unknown,0.3,,2026-09-16T11:01:31.586651
1753352975872026,unknown,unknown,0.3,,2026-09-16T11:01:31.586651
1753353049205352,unknown,unknown,0.3,,2026-09-16T11:01:31.586651
1753353059205351,unknown,unknown,0.3,,2026-09-16T11:01:31.586651
1753353262538664,unknown,unknown,0.3,,2026-09-16T11:01:31.586651
1753353609205296,unknown,unknown,0.3,,2026-09-16T11:01:31.586651
1753353759205281,unknown,unknown,0.3,,2026-09-16T11:01:31.586651
1753360195871304,unknown,unknown,0.3,,2026-09-16T11:01:31.586651
1753380675869256,bank_insurance,bank_insurance,0.86,vay,2026-09-16T11:01:31.586651
1753384412535549,unknown,unknown,0.3,,2026-09-16T11:01:31.586651
1753395429201114,unknown,unknown,0.3,,2026-09-16T11:01:31.586651
1753625869178070,unknown,unknown,0.3,,2026-09-16T11:01:31.586651
1753720359168621,life,life_general,0.82,đóng phí,2026-09-16T11:01:31.586651
1753721362501854,unknown,unknown,0.3,,2026-09-16T11:01:31.586651
1753724012501589,bank_insurance,bank_insurance,0.86,vay,2026-09-16T11:01:31.586651
1754273159113341,unknown,unknown,0.3,,2026-09-16T11:01:31.586651
1754594625747861,unknown,unknown,0.3,,2026-09-16T11:01:31.586651
1753223465884977,unknown,unknown,0.3,,2026-09-16T11:01:31.586651
1753229015884422,health,health,0.88,suc khoe,2026-09-16T11:01:31.586651
1753276935879630,unknown,unknown,0.3,,2026-09-16T11:01:31.586651
1753279162546074,unknown,unknown,0.3,,2026-09-16T11:01:31.586651
1753289899211667,health,health,0.88,thai san,2026-09-16T11:01:31.586651
1753443675862956,health,health,0.88,thai san,2026-09-16T11:01:31.586651
1753497529190904,unknown,unknown,0.3,,2026-09-16T11:01:31.586651
1753216235885700,unknown,unknown,0.3,,2026-09-16T11:01:31.586651
1753217742552216,unknown,unknown,0.3,,2026-09-16T11:01:31.586651
1753221615885162,bank_insurance,bank_insurance,0.86,vay,2026-09-16T11:01:31.586651
1753221915885132,unknown,unknown,0.3,,2026-09-16T11:01:31.586651
1753252209215436,unknown,unknown,0.3,,2026-09-16T11:01:31.586651
1753278159212841,unknown,unknown,0.3,,2026-09-16T11:01:31.586651
1753283565878967,health,health,0.88,suc khoe,2026-09-16T11:01:31.586651
1753308905876433,unknown,unknown,0.3,,2026-09-16T11:01:31.586651
1753311545876169,unknown,unknown,0.3,,2026-09-16T11:01:31.586651
1753312595876064,unknown,unknown,0.3,,2026-09-16T11:01:31.586651
1753313672542623,unknown,unknown,0.3,,2026-09-16T11:01:31.586651
1753314222542568,unknown,unknown,0.3,,2026-09-16T11:01:31.586651
1753315535875770,unknown,unknown,0.3,,2026-09-16T11:01:31.586651
1753317295875594,unknown,unknown,0.3,,2026-09-16T11:01:31.586651
1753444635862860,unknown,unknown,0.3,,2026-09-16T11:01:31.586651
1753491489191508,unknown,unknown,0.3,,2026-09-16T11:01:31.586651
1753215549219102,health,health,0.88,suc khoe,2026-09-16T11:01:31.586651
1753231109217546,health,health,0.88,suc khoe,2026-09-16T11:01:31.586651
1753274112546579,unknown,unknown,0.3,,2026-09-16T11:01:31.586651
1753283962545594,unknown,unknown,0.3,,2026-09-16T11:01:31.586651
1753314905875833,unknown,unknown,0.3,,2026-09-16T11:01:31.586651
1753383915868932,health,health,0.88,suc khoe,2026-09-16T11:01:31.586651
1753420342531956,unknown,unknown,0.3,,2026-09-16T11:01:31.586651
1753484209192236,unknown,unknown,0.3,,2026-09-16T11:01:31.586651
1753486019192055,unknown,unknown,0.3,,2026-09-16T11:01:31.586651
1753486115858712,unknown,unknown,0.3,,2026-09-16T11:01:31.586651
1753489679191689,unknown,unknown,0.3,,2026-09-16T11:01:31.586651
1753494855857838,unknown,unknown,0.3,,2026-09-16T11:01:31.586651
1753780869162570,health,health,0.88,vien phi,2026-09-16T11:01:31.586651
1754365775770746,health,health,0.88,noi tru,2026-09-16T11:01:31.586651
1753255709215086,unknown,unknown,0.3,,2026-09-16T11:01:31.586651
1753275065879817,unknown,unknown,0.3,,2026-09-16T11:01:31.586651
1753280175879306,life,life_general,0.82,nhan tho,2026-09-16T11:01:31.586651
1753292832544707,unknown,unknown,0.3,,2026-09-16T11:01:31.586651
1753293172544673,unknown,unknown,0.3,,2026-09-16T11:01:31.586651
1753298389210818,unknown,unknown,0.3,,2026-09-16T11:01:31.586651
1753300845877239,unknown,unknown,0.3,,2026-09-16T11:01:31.586651
1753302595877064,unknown,unknown,0.3,,2026-09-16T11:01:31.586651
1753308675876456,unknown,unknown,0.3,,2026-09-16T11:01:31.586651
1753309435876380,health,health,0.88,noi tru,2026-09-16T11:01:31.586651
1753314899209167,health,health,0.88,suc khoe,2026-09-16T11:01:31.586651
1753314969209160,health,health,0.88,suc khoe,2026-09-16T11:01:31.586651
1753417675865556,unknown,unknown,0.3,,2026-09-16T11:01:31.586651
1753696899170967,health,health,0.88,suc khoe,2026-09-16T11:01:31.586651
1753259632548027,health,health,0.88,suc khoe,2026-09-16T11:01:31.586651
1753273729213284,unknown,unknown,0.3,,2026-09-16T11:01:31.586651
1753421519198505,unknown,unknown,0.3,,2026-09-16T11:01:31.586651
1753422402531750,health,health,0.88,suc khoe,2026-09-16T11:01:31.586651
1753437312530259,life,life_general,0.82,nhan tho,2026-09-16T11:01:31.586651
1753448375862486,unknown,unknown,0.3,,2026-09-16T11:01:31.586651
1753496962524294,life,life_general,0.82,nhan tho,2026-09-16T11:01:31.586651
1753526239188033,unknown,unknown,0.3,,2026-09-16T11:01:31.586651
1753699689170688,life,life_general,0.82,nhan tho,2026-09-16T11:01:31.586651
1753366125870711,unknown,unknown,0.3,,2026-09-16T11:01:31.586651
1753366429204014,unknown,unknown,0.3,,2026-09-16T11:01:31.586651
1753367979203859,unknown,unknown,0.3,,2026-09-16T11:01:31.586651
1753369495870374,unknown,unknown,0.3,,2026-09-16T11:01:31.586651
1753416525865671,bank_insurance,bank_insurance,0.86,vay,2026-09-16T11:01:31.586651
1753420985865225,bank_insurance,bank_insurance,0.86,vay,2026-09-16T11:01:31.586651
1753371772536813,unknown,unknown,0.3,,2026-09-16T11:01:31.586651
1753376279203029,health,health,0.88,suc khoe,2026-09-16T11:01:31.586651
1753390229201634,health,health,0.88,suc khoe,2026-09-16T11:01:31.586651
1753410152532975,unknown,unknown,0.3,,2026-09-16T11:01:31.586651
1753416302532360,unknown,unknown,0.3,,2026-09-16T11:01:31.586651
1753433432530647,life,life_general,0.82,nhan tho,2026-09-16T11:01:31.586651
1753472462526744,health,health,0.88,suc khoe,2026-09-16T11:01:31.586651
1753490792524911,unknown,unknown,0.3,,2026-09-16T11:01:31.586651
1753490835858240,unknown,unknown,0.3,,2026-09-16T11:01:31.586651
1753494052524585,unknown,unknown,0.3,,2026-09-16T11:01:31.586651
1753509409189716,unknown,unknown,0.3,,2026-09-16T11:01:31.586651
1753509685856355,unknown,unknown,0.3,,2026-09-16T11:01:31.586651
1753509979189659,health,health,0.88,noi tru,2026-09-16T11:01:31.586651
1753529985854325,unknown,unknown,0.3,,2026-09-16T11:01:31.586651
1753537642520226,life,life_general,0.82,nhan tho,2026-09-16T11:01:31.586651
1753695645837759,health,health,0.88,suc khoe,2026-09-16T11:01:31.586651
1753488515858472,unknown,unknown,0.3,,2026-09-16T11:01:31.586651
1753495592524431,unknown,unknown,0.3,,2026-09-16T11:01:31.586651
1753508965856427,unknown,unknown,0.3,,2026-09-16T11:01:31.586651
1753509229189734,unknown,unknown,0.3,,2026-09-16T11:01:31.586651
1753394489201208,unknown,unknown,0.3,,2026-09-16T11:01:31.586651
1753394492534541,health,health,0.88,thai san,2026-09-16T11:01:31.586651
1753408332533157,unknown,unknown,0.3,,2026-09-16T11:01:31.586651
1753409715866352,health,health,0.88,thai san,2026-09-16T11:01:31.586651
1753409789199678,health,health,0.88,thai san,2026-09-16T11:01:31.586651
1753411709199486,health,health,0.88,thai san,2026-09-16T11:01:31.586651
1753416399199017,health,health,0.88,suc khoe,2026-09-16T11:01:31.586651
1753418199198837,health,health,0.88,suc khoe,2026-09-16T11:01:31.586651
1753419135865410,health,health,0.88,suc khoe,2026-09-16T11:01:31.586651
1753423109198346,critical_illness,critical_illness,0.9,benh hiem ngheo,2026-09-16T11:01:31.586651
1753436145863709,health,health,0.88,thai san,2026-09-16T11:01:31.586651
1753436562530334,health,health,0.88,noi tru,2026-09-16T11:01:31.586651
1753481159192541,unknown,unknown,0.3,,2026-09-16T11:01:31.586651
1753496052524385,unknown,unknown,0.3,,2026-09-16T11:01:31.586651
1753559702518020,critical_illness,critical_illness,0.9,đột quỵ,2026-09-16T11:01:31.586651
1753694172504573,health,health,0.88,thai san,2026-09-16T11:01:31.586651
1754179105789413,health,health,0.88,thai san,2026-09-16T11:01:31.586651
1754389365768387,health,health,0.88,thai san,2026-09-16T11:01:31.586651
1754638875743436,health,health,0.88,thai san,2026-09-16T11:01:31.586651
1753593805847943,unknown,unknown,0.3,,2026-09-16T11:01:31.586651
1753594985847825,health,health,0.88,suc khoe,2026-09-16T11:01:31.586651
1753610535846270,unknown,unknown,0.3,,2026-09-16T11:01:31.586651
1753671382506852,bank_insurance,bank_insurance,0.86,vay,2026-09-16T11:01:31.586651
1753680392505951,health,health,0.88,suc khoe,2026-09-16T11:01:31.586651
1753688935838430,unknown,unknown,0.3,,2026-09-16T11:01:31.586651
1754224649118192,unknown,unknown,0.3,,2026-09-16T11:01:31.586651
1753594039181253,unknown,unknown,0.3,,2026-09-16T11:01:31.586651
1753596722514318,unknown,unknown,0.3,,2026-09-16T11:01:31.586651
1753604772513513,unknown,unknown,0.3,,2026-09-16T11:01:31.586651
1753606349180022,unknown,unknown,0.3,,2026-09-16T11:01:31.586651
1753634125843911,life,life_general,0.82,đóng phí,2026-09-16T11:01:31.586651
1753721672501823,life,life_general,0.82,đóng phí,2026-09-16T11:01:31.586651
1753756052498385,unknown,unknown,0.3,,2026-09-16T11:01:31.586651
1753803575826966,critical_illness,critical_illness,0.9,đột quỵ,2026-09-16T11:01:31.586651
1754348535772470,unknown,unknown,0.3,,2026-09-16T11:01:31.586651
1754363122437678,unknown,unknown,0.3,,2026-09-16T11:01:31.586651
1753593482514642,health,health,0.88,noi tru,2026-09-16T11:01:31.586651
1753597929180864,unknown,unknown,0.3,,2026-09-16T11:01:31.586651
1753598812514109,unknown,unknown,0.3,,2026-09-16T11:01:31.586651
1753599212514069,health,health,0.88,noi tru,2026-09-16T11:01:31.586651
1753600542513936,health,health,0.88,noi tru,2026-09-16T11:01:31.586651
1753616462512344,bank_insurance,bank_insurance,0.86,vay,2026-09-16T11:01:31.586651
1753620349178622,unknown,unknown,0.3,,2026-09-16T11:01:31.586651
1753643625842961,health,health,0.88,noi tru,2026-09-16T11:01:31.586651
1753592692514721,life,life_general,0.82,nhan tho,2026-09-16T11:01:31.586651
1753593312514659,health,health,0.88,suc khoe,2026-09-16T11:01:31.586651
1753594435847880,unknown,unknown,0.3,,2026-09-16T11:01:31.586651
1753594899181167,unknown,unknown,0.3,,2026-09-16T11:01:31.586651
1753600149180642,unknown,unknown,0.3,,2026-09-16T11:01:31.586651
1753611349179522,health,health,0.88,suc khoe,2026-09-16T11:01:31.586651
1753611875846136,health,health,0.88,suc khoe,2026-09-16T11:01:31.586651
1753613465845977,unknown,unknown,0.3,,2026-09-16T11:01:31.586651
1753614762512514,unknown,unknown,0.3,,2026-09-16T11:01:31.586651
1753631115844212,health,health,0.88,noi tru,2026-09-16T11:01:31.586651
1753631855844138,health,health,0.88,noi tru,2026-09-16T11:01:31.586651
1753646859175971,health,health,0.88,suc khoe,2026-09-16T11:01:31.586651
1753673925839931,unknown,unknown,0.3,,2026-09-16T11:01:31.586651
1753691102504880,health,health,0.88,suc khoe,2026-09-16T11:01:31.586651
1753715525835771,unknown,unknown,0.3,,2026-09-16T11:01:31.586651
1753718502502140,unknown,unknown,0.3,,2026-09-16T11:01:31.586651
1753719532502037,unknown,unknown,0.3,,2026-09-16T11:01:31.586651
1753720969168560,unknown,unknown,0.3,,2026-09-16T11:01:31.586651
1753767549163902,car,car,0.96,o to,2026-09-16T11:01:31.586651
1753777182496272,life,universal_life,0.92,lai suat cam ket,2026-09-16T11:01:31.586651
1753795845827739,health,health,0.88,suc khoe,2026-09-16T11:01:31.586651
1754160319124625,unknown,unknown,0.3,,2026-09-16T11:01:31.586651
1754160515791272,car,car,0.96,o to,2026-09-16T11:01:31.586651
1754164285790895,life,life_general,0.82,nhan tho,2026-09-16T11:01:31.586651
1754176745789649,unknown,unknown,0.3,,2026-09-16T11:01:31.586651
1754288769111780,unknown,unknown,0.3,,2026-09-16T11:01:31.586651
1754289449111712,unknown,unknown,0.3,,2026-09-16T11:01:31.586651
1754474089093248,unknown,unknown,0.3,,2026-09-16T11:01:31.586651
1754633555743968,life,life_general,0.82,nhan tho,2026-09-16T11:01:31.586651
1755394215667902,unknown,unknown,0.3,,2026-09-16T11:01:31.586651
1756120412261949,unknown,unknown,0.3,,2026-09-16T11:01:31.586651
1756598815547442,life,unit_linked,0.92,ulip,2026-09-16T11:01:31.586651
1753595872514403,life,life_general,0.82,nhan tho,2026-09-16T11:01:31.586651
1753596035847720,unknown,unknown,0.3,,2026-09-16T11:01:31.586651
1753596332514357,health,health,0.88,noi tru,2026-09-16T11:01:31.586651
1753596769180980,health,health,0.88,suc khoe,2026-09-16T11:01:31.586651
1753692262504764,unknown,unknown,0.3,,2026-09-16T11:01:31.586651
1753716089169048,unknown,unknown,0.3,,2026-09-16T11:01:31.586651
1753732502500740,life,life_general,0.82,nhan tho,2026-09-16T11:01:31.586651
1753760522497938,health,health,0.88,suc khoe,2026-09-16T11:01:31.586651
1753777592496231,life,universal_life,0.92,lai suat cam ket,2026-09-16T11:01:31.586651
1753795032494487,health,health,0.88,suc khoe,2026-09-16T11:01:31.586651
1753795169161140,health,health,0.88,suc khoe,2026-09-16T11:01:31.586651
1754141609126496,health,health,0.88,noi tru,2026-09-16T11:01:31.586651
1754161652457825,health,health,0.88,suc khoe,2026-09-16T11:01:31.586651
1754224785784845,unknown,unknown,0.3,,2026-09-16T11:01:31.586651
1753610332512957,unknown,unknown,0.3,,2026-09-16T11:01:31.586651
1753633682510622,unknown,unknown,0.3,,2026-09-16T11:01:31.586651
1753758649164792,unknown,unknown,0.3,,2026-09-16T11:01:31.586651
1753790952494895,unknown,unknown,0.3,,2026-09-16T11:01:31.586651
1754516359089021,unknown,unknown,0.3,,2026-09-16T11:01:31.586651
1754593732414617,health,health,0.88,suc khoe,2026-09-16T11:01:31.586651
1753684369172220,unknown,unknown,0.3,,2026-09-16T11:01:31.586651
1753923685814955,unknown,unknown,0.3,,2026-09-16T11:01:31.586651
1754096739130983,unknown,unknown,0.3,,2026-09-16T11:01:31.586651
1754224232451567,unknown,unknown,0.3,,2026-09-16T11:01:31.586651
1753692385838085,health,health,0.88,suc khoe,2026-09-16T11:01:31.586651
1753695145837809,unknown,unknown,0.3,,2026-09-16T11:01:31.586651
1753697155837608,health,health,0.88,suc khoe,2026-09-16T11:01:31.586651
1753701169170540,unknown,unknown,0.3,,2026-09-16T11:01:31.586651
1753703135837010,unknown,unknown,0.3,,2026-09-16T11:01:31.586651
1753706692503321,unknown,unknown,0.3,,2026-09-16T11:01:31.586651
1753709742503016,unknown,unknown,0.3,,2026-09-16T11:01:31.586651
1753717185835605,unknown,unknown,0.3,,2026-09-16T11:01:31.586651
1753717932502197,unknown,unknown,0.3,,2026-09-16T11:01:31.586651
1753719652502025,unknown,unknown,0.3,,2026-09-16T11:01:31.586651
1753719695835354,unknown,unknown,0.3,,2026-09-16T11:01:31.586651
1753720062501984,unknown,unknown,0.3,,2026-09-16T11:01:31.586651
1753723045835019,unknown,unknown,0.3,,2026-09-16T11:01:31.586651
1753750575832266,unknown,unknown,0.3,,2026-09-16T11:01:31.586651
1753753795831944,unknown,unknown,0.3,,2026-09-16T11:01:31.586651
1753755815831742,unknown,unknown,0.3,,2026-09-16T11:01:31.586651
1753765415830782,critical_illness,critical_illness,0.9,đột quỵ,2026-09-16T11:01:31.586651
1753784942495496,unknown,unknown,0.3,,2026-09-16T11:01:31.586651
1753800489160608,life,life_general,0.82,bhnt,2026-09-16T11:01:31.586651
1753923325814991,life,life_general,0.82,nhan tho,2026-09-16T11:01:31.586651
1754024329138224,unknown,unknown,0.3,,2026-09-16T11:01:31.586651
1754033509137306,unknown,unknown,0.3,,2026-09-16T11:01:31.586651
1754042449136412,health,health,0.88,suc khoe,2026-09-16T11:01:31.586651
1754082002465790,unknown,unknown,0.3,,2026-09-16T11:01:31.586651
1754083529132304,life,life_general,0.82,nhan tho,2026-09-16T11:01:31.586651
1754085399132117,car,car,0.96,o to,2026-09-16T11:01:31.586651
1754109025796421,life,life_general,0.82,nhan tho,2026-09-16T11:01:31.586651
1754160825791241,unknown,unknown,0.3,,2026-09-16T11:01:31.586651
1754162439124413,unknown,unknown,0.3,,2026-09-16T11:01:31.586651
1754162549124402,unknown,unknown,0.3,,2026-09-16T11:01:31.586651
1754190602454930,unknown,unknown,0.3,,2026-09-16T11:01:31.586651
1754223745784949,unknown,unknown,0.3,,2026-09-16T11:01:31.586651
1754225685784755,unknown,unknown,0.3,,2026-09-16T11:01:31.586651
1754225809118076,unknown,unknown,0.3,,2026-09-16T11:01:31.586651
1754230212450969,unknown,unknown,0.3,,2026-09-16T11:01:31.586651
1754238815783442,unknown,unknown,0.3,,2026-09-16T11:01:31.586651
1754307172443273,unknown,unknown,0.3,,2026-09-16T11:01:31.586651
1754325102441480,unknown,unknown,0.3,,2026-09-16T11:01:31.586651
1754369209103736,unknown,unknown,0.3,,2026-09-16T11:01:31.586651
1754386002435390,unknown,unknown,0.3,,2026-09-16T11:01:31.586651
1754403885766935,unknown,unknown,0.3,,2026-09-16T11:01:31.586651
1754635249077132,unknown,unknown,0.3,,2026-09-16T11:01:31.586651
1754103452463645,unknown,unknown,0.3,,2026-09-16T11:01:31.586651
1754133209127336,unknown,unknown,0.3,,2026-09-16T11:01:31.586651
1754147175792606,travel,travel,0.94,du lich,2026-09-16T11:01:31.586651
1754253655781958,unknown,unknown,0.3,,2026-09-16T11:01:31.586651
1754270249113632,unknown,unknown,0.3,,2026-09-16T11:01:31.586651
1754314172442573,unknown,unknown,0.3,,2026-09-16T11:01:31.586651
1754315169109140,life,life_general,0.82,hợp đồng bảo hiểm,2026-09-16T11:01:31.586651
1754084089132248,unknown,unknown,0.3,,2026-09-16T11:01:31.586651
1754085929132064,unknown,unknown,0.3,,2026-09-16T11:01:31.586651
1754097602464230,car,car,0.96,o to,2026-09-16T11:01:31.586651
1754106095796714,critical_illness,critical_illness,0.9,đột quỵ,2026-09-16T11:01:31.586651
1754115982462392,unknown,unknown,0.3,,2026-09-16T11:01:31.586651
1754166429124014,unknown,unknown,0.3,,2026-09-16T11:01:31.586651
1754175169123140,unknown,unknown,0.3,,2026-09-16T11:01:31.586651
1754531049087552,unknown,unknown,0.3,,2026-09-16T11:01:31.586651
1754617262412264,unknown,unknown,0.3,,2026-09-16T11:01:31.586651
1754221355785188,unknown,unknown,0.3,,2026-09-16T11:01:31.586651
1754227119117945,life,life_general,0.82,nhan tho,2026-09-16T11:01:31.586651
1754256862448304,unknown,unknown,0.3,,2026-09-16T11:01:31.586651
1754354465771877,critical_illness,critical_illness,0.9,đột quỵ,2026-09-16T11:01:31.586651
1754362555771068,unknown,unknown,0.3,,2026-09-16T11:01:31.586651
1754421455765178,health,health,0.88,suc khoe,2026-09-16T11:01:31.586651
1754451502428840,unknown,unknown,0.3,,2026-09-16T11:01:31.586651
1754452225762101,car,car,0.96,o to,2026-09-16T11:01:31.586651
1754459349094722,unknown,unknown,0.3,,2026-09-16T11:01:31.586651
1754526652421325,unknown,unknown,0.3,,2026-09-16T11:01:31.586651
1754624355744888,unknown,unknown,0.3,,2026-09-16T11:01:31.586651
1754214435785880,health,health,0.88,suc khoe,2026-09-16T11:01:31.586651
1754222442451746,health,health,0.88,noi tru,2026-09-16T11:01:31.586651
1754224992451491,health,health,0.88,vien phi,2026-09-16T11:01:31.586651
1754233452450645,car,car,0.96,o to,2026-09-16T11:01:31.586651
1754233989117258,unknown,unknown,0.3,,2026-09-16T11:01:31.586651
1754238649116792,unknown,unknown,0.3,,2026-09-16T11:01:31.586651
1754292249111432,life,life_general,0.82,nhan tho,2026-09-16T11:01:31.586651
1754331659107491,critical_illness,critical_illness,0.9,benh hiem ngheo,2026-09-16T11:01:31.586651
1754333229107334,unknown,unknown,0.3,,2026-09-16T11:01:31.586651
1754333689107288,unknown,unknown,0.3,,2026-09-16T11:01:31.586651
1754356415771682,car,car,0.96,o to,2026-09-16T11:01:31.586651
1754359825771341,unknown,unknown,0.3,,2026-09-16T11:01:31.586651
1754362042437786,health,health,0.88,suc khoe,2026-09-16T11:01:31.586651
1754362349104422,unknown,unknown,0.3,,2026-09-16T11:01:31.586651
1754528192421171,life,life_general,0.82,nhan tho,2026-09-16T11:01:31.586651
1754604432413547,health,health,0.88,suc khoe,2026-09-16T11:01:31.586651
1754604519080205,health,health,0.88,suc khoe,2026-09-16T11:01:31.586651
1754664899074167,unknown,unknown,0.3,,2026-09-16T11:01:31.586651
1754912449049412,unknown,unknown,0.3,,2026-09-16T11:01:31.586651
1754918382382152,unknown,unknown,0.3,,2026-09-16T11:01:31.586651
1754919339048723,unknown,unknown,0.3,,2026-09-16T11:01:31.586651
1754920515715272,unknown,unknown,0.3,,2026-09-16T11:01:31.586651
1754945222379468,unknown,unknown,0.3,,2026-09-16T11:01:31.586651
1755128069027850,unknown,unknown,0.3,,2026-09-16T11:01:31.586651
1755633428977314,health,health,0.88,noi tru,2026-09-16T11:01:31.586651
1755695275637796,health,health,0.88,suc khoe,2026-09-16T11:01:31.586651
1754223042451686,unknown,unknown,0.3,,2026-09-16T11:01:31.586651
1754226825784641,unknown,unknown,0.3,,2026-09-16T11:01:31.586651
1754239815783342,life,life_general,0.82,bhnt,2026-09-16T11:01:31.586651
1754255999115057,health,health,0.88,suc khoe,2026-09-16T11:01:31.586651
1754257385781585,unknown,unknown,0.3,,2026-09-16T11:01:31.586651
1754258892448101,unknown,unknown,0.3,,2026-09-16T11:01:31.586651
1754261992447791,unknown,unknown,0.3,,2026-09-16T11:01:31.586651
1754266125780711,unknown,unknown,0.3,,2026-09-16T11:01:31.586651
1754273865779937,health,health,0.88,suc khoe,2026-09-16T11:01:31.586651
1754276819112975,unknown,unknown,0.3,,2026-09-16T11:01:31.586651
1754278659112791,life,life_general,0.82,bhnt,2026-09-16T11:01:31.586651
1754283665778957,unknown,unknown,0.3,,2026-09-16T11:01:31.586651
1754372152436775,unknown,unknown,0.3,,2026-09-16T11:01:31.586651
1754394939101163,unknown,unknown,0.3,,2026-09-16T11:01:31.586651
1754529612421029,life,life_general,0.82,nhan tho,2026-09-16T11:01:31.586651
1754621269078530,unknown,unknown,0.3,,2026-09-16T11:01:31.586651
1754921865715137,life,life_general,0.82,bhnt,2026-09-16T11:01:31.586651
1754942535713070,unknown,unknown,0.3,,2026-09-16T11:01:31.586651
1755094042364586,unknown,unknown,0.3,,2026-09-16T11:01:31.586651
1755094789031178,unknown,unknown,0.3,,2026-09-16T11:01:31.586651
1756764238864233,unknown,unknown,0.3,,2026-09-16T11:01:31.586651
1754176595789664,unknown,unknown,0.3,,2026-09-16T11:01:31.586651
1754177542456236,unknown,unknown,0.3,,2026-09-16T11:01:31.586651
1754180592455931,unknown,unknown,0.3,,2026-09-16T11:01:31.586651
1754184489122208,unknown,unknown,0.3,,2026-09-16T11:01:31.586651
1754185522455438,unknown,unknown,0.3,,2026-09-16T11:01:31.586651
1754185869122070,bank_insurance,bank_insurance,0.86,vay,2026-09-16T11:01:31.586651
1754194299121227,critical_illness,critical_illness,0.9,ung thu,2026-09-16T11:01:31.586651
1754199079120749,unknown,unknown,0.3,,2026-09-16T11:01:31.586651
1754202749120382,unknown,unknown,0.3,,2026-09-16T11:01:31.586651
1754204192453571,unknown,unknown,0.3,,2026-09-16T11:01:31.586651
1754205332453457,unknown,unknown,0.3,,2026-09-16T11:01:31.586651
1754206289120028,unknown,unknown,0.3,,2026-09-16T11:01:31.586651
1754206435786680,critical_illness,critical_illness,0.9,ung thu,2026-09-16T11:01:31.586651
1754207479119909,unknown,unknown,0.3,,2026-09-16T11:01:31.586651
1754210099119647,critical_illness,critical_illness,0.9,đột quỵ,2026-09-16T11:01:31.586651
1754214655785858,unknown,unknown,0.3,,2026-09-16T11:01:31.586651
1754248999115757,bank_insurance,bank_insurance,0.86,vay,2026-09-16T11:01:31.586651
1754272822446708,unknown,unknown,0.3,,2026-09-16T11:01:31.586651
1754275692446421,unknown,unknown,0.3,,2026-09-16T11:01:31.586651
1754283535778970,unknown,unknown,0.3,,2026-09-16T11:01:31.586651
1754287465778577,unknown,unknown,0.3,,2026-09-16T11:01:31.586651
1754289239111733,unknown,unknown,0.3,,2026-09-16T11:01:31.586651
1754290205778303,bank_insurance,bank_insurance,0.86,vay,2026-09-16T11:01:31.586651
1754293012444689,unknown,unknown,0.3,,2026-09-16T11:01:31.586651
1754297035777620,critical_illness,critical_illness,0.9,benh hiem ngheo,2026-09-16T11:01:31.586651
1754301042443886,unknown,unknown,0.3,,2026-09-16T11:01:31.586651
1754302105777113,unknown,unknown,0.3,,2026-09-16T11:01:31.586651
1754360142437976,critical_illness,critical_illness,0.9,ung thu,2026-09-16T11:01:31.586651
1754217622452228,health,health,0.88,suc khoe,2026-09-16T11:01:31.586651
1754219582452032,health,health,0.88,vien phi,2026-09-16T11:01:31.586651
1754219682452022,unknown,unknown,0.3,,2026-09-16T11:01:31.586651
1754219935785330,unknown,unknown,0.3,,2026-09-16T11:01:31.586651
1754220999118557,unknown,unknown,0.3,,2026-09-16T11:01:31.586651
1754221442451846,health,health,0.88,noi tru,2026-09-16T11:01:31.586651
1754224072451583,health,health,0.88,suc khoe,2026-09-16T11:01:31.586651
1754224552451535,unknown,unknown,0.3,,2026-09-16T11:01:31.586651
1754365702437420,health,health,0.88,vien phi,2026-09-16T11:01:31.586651
1754368435770480,health,health,0.88,noi tru,2026-09-16T11:01:31.586651
1754525719088085,unknown,unknown,0.3,,2026-09-16T11:01:31.586651
1754606612413329,health,health,0.88,suc khoe,2026-09-16T11:01:31.586651
1754669195740404,bank_insurance,bank_insurance,0.86,vay,2026-09-16T11:01:31.586651
1754215635785760,unknown,unknown,0.3,,2026-09-16T11:01:31.586651
1754222589118398,unknown,unknown,0.3,,2026-09-16T11:01:31.586651
1754223282451662,unknown,unknown,0.3,,2026-09-16T11:01:31.586651
1754235879117069,health,health,0.88,noi tru,2026-09-16T11:01:31.586651
1754239185783405,health,health,0.88,noi tru,2026-09-16T11:01:31.586651
1754252752448715,unknown,unknown,0.3,,2026-09-16T11:01:31.586651
1754254445781879,unknown,unknown,0.3,,2026-09-16T11:01:31.586651
1754256239115033,bank_insurance,bank_insurance,0.86,vay,2026-09-16T11:01:31.586651
1754257915781532,unknown,unknown,0.3,,2026-09-16T11:01:31.586651
1754258765781447,unknown,unknown,0.3,,2026-09-16T11:01:31.586651
1754279279112729,unknown,unknown,0.3,,2026-09-16T11:01:31.586651
1754279949112662,bank_insurance,bank_insurance,0.86,vay,2026-09-16T11:01:31.586651
1754282692445721,health,health,0.88,noi tru,2026-09-16T11:01:31.586651
1754286859111971,life,life_general,0.82,nhan tho,2026-09-16T11:01:31.586651
1754294115777912,health,health,0.88,noi tru,2026-09-16T11:01:31.586651
1754294289111228,health,health,0.88,noi tru,2026-09-16T11:01:31.586651
1754312995776024,unknown,unknown,0.3,,2026-09-16T11:01:31.586651
1754316992442291,health,health,0.88,noi tru,2026-09-16T11:01:31.586651
1754367902437200,unknown,unknown,0.3,,2026-09-16T11:01:31.586651
1754370779103579,health,health,0.88,noi tru,2026-09-16T11:01:31.586651
1754407412433249,health,health,0.88,noi tru,2026-09-16T11:01:31.586651
1754421849098472,unknown,unknown,0.3,,2026-09-16T11:01:31.586651
1754431332430857,unknown,unknown,0.3,,2026-09-16T11:01:31.586651
1754523542421636,unknown,unknown,0.3,,2026-09-16T11:01:31.586651
1754629422411048,health,health,0.88,noi tru,2026-09-16T11:01:31.586651
1754936679046989,health,health,0.88,vien phi,2026-09-16T11:01:31.586651
1754945475712776,health,health,0.88,vien phi,2026-09-16T11:01:31.586651
1754988382375152,unknown,unknown,0.3,,2026-09-16T11:01:31.586651
1756764812197509,critical_illness,critical_illness,0.9,ung thu,2026-09-16T11:01:31.586651
1756806535526670,unknown,unknown,0.3,,2026-09-16T11:01:31.586651
1754532542420736,health,health,0.88,suc khoe,2026-09-16T11:01:31.586651
1754544065752917,health,health,0.88,noi tru,2026-09-16T11:01:31.586651
1754552225752101,unknown,unknown,0.3,,2026-09-16T11:01:31.586651
1754557102418280,unknown,unknown,0.3,,2026-09-16T11:01:31.586651
1754601779080479,health,health,0.88,suc khoe,2026-09-16T11:01:31.586651
1754601892413801,health,health,0.88,suc khoe,2026-09-16T11:01:31.586651
1754616149079042,health,health,0.88,vien phi,2026-09-16T11:01:31.586651
1754668809073776,unknown,unknown,0.3,,2026-09-16T11:01:31.586651
1754682349072422,life,life_general,0.82,nhan tho,2026-09-16T11:01:31.586651
1754875935719730,unknown,unknown,0.3,,2026-09-16T11:01:31.586651
1754971679043489,health,health,0.88,suc khoe,2026-09-16T11:01:31.586651
1754972275710096,unknown,unknown,0.3,,2026-09-16T11:01:31.586651
1754979679042689,health,health,0.88,noi tru,2026-09-16T11:01:31.586651
1755058152368175,unknown,unknown,0.3,,2026-09-16T11:01:31.586651
1755215515685772,health,health,0.88,suc khoe,2026-09-16T11:01:31.586651
1755525012321489,unknown,unknown,0.3,,2026-09-16T11:01:31.586651
1755628235644500,health,health,0.88,noi tru,2026-09-16T11:01:31.586651
1756778688862788,health,health,0.88,suc khoe,2026-09-16T11:01:31.586651
1756786735528650,health,health,0.88,suc khoe,2026-09-16T11:01:31.586651
1754613799079277,unknown,unknown,0.3,,2026-09-16T11:01:31.586651
1754686505738673,life,life_general,0.82,nhan tho,2026-09-16T11:01:31.586651
1754537559086901,health,health,0.88,suc khoe,2026-09-16T11:01:31.586651
1754540765753247,critical_illness,critical_illness,0.9,benh hiem ngheo,2026-09-16T11:01:31.586651
1754553829085274,unknown,unknown,0.3,,2026-09-16T11:01:31.586651
1754557192418271,health,health,0.88,suc khoe,2026-09-16T11:01:31.586651
1754557939084863,life,life_general,0.82,nhan tho,2026-09-16T11:01:31.586651
1754560435751280,health,health,0.88,suc khoe,2026-09-16T11:01:31.586651
1754573825749941,health,health,0.88,suc khoe,2026-09-16T11:01:31.586651
1754600909080566,health,health,0.88,suc khoe,2026-09-16T11:01:31.586651
1754604522413538,unknown,unknown,0.3,,2026-09-16T11:01:31.586651
1754605975746726,health,health,0.88,noi tru,2026-09-16T11:01:31.586651
1754609682413022,bank_insurance,bank_insurance,0.86,vay,2026-09-16T11:01:31.586651
1754641359076521,life,life_general,0.82,bhnt,2026-09-16T11:01:31.586651
1754651299075527,life,life_general,0.82,nhan tho,2026-09-16T11:01:31.586651
1754652252408765,non_life_general,non_life_general,0.75,pvi,2026-09-16T11:01:31.586651
1754654855741838,life,life_general,0.82,bhnt,2026-09-16T11:01:31.586651
1754657695741554,life,life_general,0.82,bhnt,2026-09-16T11:01:31.586651
1754659052408085,unknown,unknown,0.3,,2026-09-16T11:01:31.586651
1754665282407462,health,health,0.88,suc khoe,2026-09-16T11:01:31.586651
1754685325738791,life,life_general,0.82,nhan tho,2026-09-16T11:01:31.586651
1754964819044175,life,life_general,0.82,bhnt,2026-09-16T11:01:31.586651
1755058832368107,critical_illness,critical_illness,0.9,benh hiem ngheo,2026-09-16T11:01:31.586651
1755059709034686,unknown,unknown,0.3,,2026-09-16T11:01:31.586651
1754534412420549,health,health,0.88,suc khoe,2026-09-16T11:01:31.586651
1754535499087107,critical_illness,critical_illness,0.9,đột quỵ,2026-09-16T11:01:31.586651
1754540289086628,health,health,0.88,suc khoe,2026-09-16T11:01:31.586651
1754543032419687,unknown,unknown,0.3,,2026-09-16T11:01:31.586651
1754565149084142,health,health,0.88,suc khoe,2026-09-16T11:01:31.586651
1754587972415193,unknown,unknown,0.3,,2026-09-16T11:01:31.586651
1754609902413000,health,health,0.88,suc khoe,2026-09-16T11:01:31.586651
1754618182412172,unknown,unknown,0.3,,2026-09-16T11:01:31.586651
1754667415740582,unknown,unknown,0.3,,2026-09-16T11:01:31.586651
1754683809072276,health,health,0.88,noi tru,2026-09-16T11:01:31.586651
1754937552380235,unknown,unknown,0.3,,2026-09-16T11:01:31.586651
1754968319043825,unknown,unknown,0.3,,2026-09-16T11:01:31.586651
1754985089042148,unknown,unknown,0.3,,2026-09-16T11:01:31.586651
1755093125698011,unknown,unknown,0.3,,2026-09-16T11:01:31.586651
1755156755691648,unknown,unknown,0.3,,2026-09-16T11:01:31.586651
1755188622355128,unknown,unknown,0.3,,2026-09-16T11:01:31.586651
1756649102209080,unknown,unknown,0.3,,2026-09-16T11:01:31.586651
1754553325751991,unknown,unknown,0.3,,2026-09-16T11:01:31.586651
1754570909083566,bank_insurance,bank_insurance,0.86,vay,2026-09-16T11:01:31.586651
1754601292413861,unknown,unknown,0.3,,2026-09-16T11:01:31.586651
1754669515740372,unknown,unknown,0.3,,2026-09-16T11:01:31.586651
1754681502405840,unknown,unknown,0.3,,2026-09-16T11:01:31.586651
1754985279042129,unknown,unknown,0.3,,2026-09-16T11:01:31.586651
1755055625701761,unknown,unknown,0.3,,2026-09-16T11:01:31.586651
1755637455643578,unknown,unknown,0.3,,2026-09-16T11:01:31.586651
1756749588865698,unknown,unknown,0.3,,2026-09-16T11:01:31.586651
1754614055745918,unknown,unknown,0.3,,2026-09-16T11:01:31.586651
1754622815745042,unknown,unknown,0.3,,2026-09-16T11:01:31.586651
1754626899077967,unknown,unknown,0.3,,2026-09-16T11:01:31.586651
1754686035738720,unknown,unknown,0.3,,2026-09-16T11:01:31.586651
1754913375715986,unknown,unknown,0.3,,2026-09-16T11:01:31.586651
1754929352381055,life,life_general,0.82,bhnt,2026-09-16T11:01:31.586651
1754929445714379,unknown,unknown,0.3,,2026-09-16T11:01:31.586651
1754929865714337,unknown,unknown,0.3,,2026-09-16T11:01:31.586651
1754936345713689,life,life_general,0.82,nhan tho,2026-09-16T11:01:31.586651
1754968839043773,unknown,unknown,0.3,,2026-09-16T11:01:31.586651
1754986205708703,unknown,unknown,0.3,,2026-09-16T11:01:31.586651
1754994789041178,unknown,unknown,0.3,,2026-09-16T11:01:31.586651
1755031139037543,unknown,unknown,0.3,,2026-09-16T11:01:31.586651
1755037375703586,unknown,unknown,0.3,,2026-09-16T11:01:31.586651
1755037735703550,unknown,unknown,0.3,,2026-09-16T11:01:31.586651
1755039442370046,bank_insurance,bank_insurance,0.86,vay,2026-09-16T11:01:31.586651
1755040852369905,unknown,unknown,0.3,,2026-09-16T11:01:31.586651
1755635745643749,health,health,0.88,suc khoe,2026-09-16T11:01:31.586651
1755636268977030,life,life_general,0.82,nhan tho,2026-09-16T11:01:31.586651
1754540305753293,health,health,0.88,suc khoe,2026-09-16T11:01:31.586651
1754540339086623,unknown,unknown,0.3,,2026-09-16T11:01:31.586651
1754541295753194,unknown,unknown,0.3,,2026-09-16T11:01:31.586651
1754541839086473,unknown,unknown,0.3,,2026-09-16T11:01:31.586651
1754541892419801,unknown,unknown,0.3,,2026-09-16T11:01:31.586651
1754542909086366,unknown,unknown,0.3,,2026-09-16T11:01:31.586651
1754543099086347,unknown,unknown,0.3,,2026-09-16T11:01:31.586651
1754543289086328,unknown,unknown,0.3,,2026-09-16T11:01:31.586651
1754544779086179,unknown,unknown,0.3,,2026-09-16T11:01:31.586651
1754549262419064,unknown,unknown,0.3,,2026-09-16T11:01:31.586651
1754552842418706,health,health,0.88,suc khoe,2026-09-16T11:01:31.586651
1754553372418653,unknown,unknown,0.3,,2026-09-16T11:01:31.586651
1754553699085287,unknown,unknown,0.3,,2026-09-16T11:01:31.586651
1754557575751566,unknown,unknown,0.3,,2026-09-16T11:01:31.586651
1754558499084807,unknown,unknown,0.3,,2026-09-16T11:01:31.586651
1754559439084713,bank_insurance,bank_insurance,0.86,vay,2026-09-16T11:01:31.586651
1754560725751251,unknown,unknown,0.3,,2026-09-16T11:01:31.586651
1754562335751090,unknown,unknown,0.3,,2026-09-16T11:01:31.586651
1754563719084285,life,life_general,0.82,nhan tho,2026-09-16T11:01:31.586651
1754573175750006,travel,travel,0.94,du lich,2026-09-16T11:01:31.586651
1754573625749961,unknown,unknown,0.3,,2026-09-16T11:01:31.586651
1754599532414037,health,health,0.88,suc khoe,2026-09-16T11:01:31.586651
1754639515743372,critical_illness,critical_illness,0.9,đột quỵ,2026-09-16T11:01:31.586651
1754685725738751,life,life_general,0.82,nhan tho,2026-09-16T11:01:31.586651
1754688549071802,health,health,0.88,suc khoe,2026-09-16T11:01:31.586651
1754695675737756,unknown,unknown,0.3,,2026-09-16T11:01:31.586651
1754982295709094,unknown,unknown,0.3,,2026-09-16T11:01:31.586651
1755057765701547,car,car,0.96,o to,2026-09-16T11:01:31.586651
1755102859030371,health,health,0.88,suc khoe,2026-09-16T11:01:31.586651
1755117362362254,unknown,unknown,0.3,,2026-09-16T11:01:31.586651
1755117979028859,unknown,unknown,0.3,,2026-09-16T11:01:31.586651
1755126229028034,unknown,unknown,0.3,,2026-09-16T11:01:31.586651
1755142355693088,unknown,unknown,0.3,,2026-09-16T11:01:31.586651
1755631682310822,unknown,unknown,0.3,,2026-09-16T11:01:31.586651
1756775705529753,critical_illness,critical_illness,0.9,ung thu,2026-09-16T11:01:31.586651
1754605849080072,unknown,unknown,0.3,,2026-09-16T11:01:31.586651
1754666579073999,unknown,unknown,0.3,,2026-09-16T11:01:31.586651
1754969075710416,unknown,unknown,0.3,,2026-09-16T11:01:31.586651
1755017995705524,unknown,unknown,0.3,,2026-09-16T11:01:31.586651
1755018035705520,unknown,unknown,0.3,,2026-09-16T11:01:31.586651
1754586715748652,health,health,0.88,suc khoe,2026-09-16T11:01:31.586651
1754586899081967,car,car,0.96,o to,2026-09-16T11:01:31.586651
1754587112415279,unknown,unknown,0.3,,2026-09-16T11:01:31.586651
1754589432415047,unknown,unknown,0.3,,2026-09-16T11:01:31.586651
1754589449081712,unknown,unknown,0.3,,2026-09-16T11:01:31.586651
1754594405747883,unknown,unknown,0.3,,2026-09-16T11:01:31.586651
1754599222414068,unknown,unknown,0.3,,2026-09-16T11:01:31.586651
1754601882413802,unknown,unknown,0.3,,2026-09-16T11:01:31.586651
1754603039080353,unknown,unknown,0.3,,2026-09-16T11:01:31.586651
1754606252413365,unknown,unknown,0.3,,2026-09-16T11:01:31.586651
1754610492412941,unknown,unknown,0.3,,2026-09-16T11:01:31.586651
1754615615745762,unknown,unknown,0.3,,2026-09-16T11:01:31.586651
1754626472411343,unknown,unknown,0.3,,2026-09-16T11:01:31.586651
1754653179075339,unknown,unknown,0.3,,2026-09-16T11:01:31.586651
1754654925741831,unknown,unknown,0.3,,2026-09-16T11:01:31.586651
1754666022407388,unknown,unknown,0.3,,2026-09-16T11:01:31.586651
1754677645739559,unknown,unknown,0.3,,2026-09-16T11:01:31.586651
1754680569072600,unknown,unknown,0.3,,2026-09-16T11:01:31.586651
1754686549072002,unknown,unknown,0.3,,2026-09-16T11:01:31.586651
1754984312375559,unknown,unknown,0.3,,2026-09-16T11:01:31.586651
1755057115701612,unknown,unknown,0.3,,2026-09-16T11:01:31.586651
1755264029014254,unknown,unknown,0.3,,2026-09-16T11:01:31.586651
1755385382335452,unknown,unknown,0.3,,2026-09-16T11:01:31.586651
1755827132291277,unknown,unknown,0.3,,2026-09-16T11:01:31.586651
1756747745532549,unknown,unknown,0.3,,2026-09-16T11:01:31.586651
1754920485715275,health,health,0.88,suc khoe,2026-09-16T11:01:31.586651
1754925405714783,health,health,0.88,noi tru,2026-09-16T11:01:31.586651
1754927812381209,unknown,unknown,0.3,,2026-09-16T11:01:31.586651
1754940052379985,unknown,unknown,0.3,,2026-09-16T11:01:31.586651
1754967319043925,health,health,0.88,noi tru,2026-09-16T11:01:31.586651
1755053605701963,unknown,unknown,0.3,,2026-09-16T11:01:31.586651
1755102369030420,unknown,unknown,0.3,,2026-09-16T11:01:31.586651
1755105049030152,unknown,unknown,0.3,,2026-09-16T11:01:31.586651
1755634715643852,unknown,unknown,0.3,,2026-09-16T11:01:31.586651
1754952359045421,life,life_general,0.82,nhan tho,2026-09-16T11:01:31.586651
1754952942378696,life,life_general,0.82,nhan tho,2026-09-16T11:01:31.586651
1754954872378503,health,health,0.88,suc khoe,2026-09-16T11:01:31.586651
1754959042378086,health,health,0.88,suc khoe,2026-09-16T11:01:31.586651
1754961512377839,life,life_general,0.82,nhan tho,2026-09-16T11:01:31.586651
1754961999044457,unknown,unknown,0.3,,2026-09-16T11:01:31.586651
1754965932377397,health,health,0.88,suc khoe,2026-09-16T11:01:31.586651
1754967672377223,health,health,0.88,suc khoe,2026-09-16T11:01:31.586651
1754995065707817,life,life_general,0.82,bhnt,2026-09-16T11:01:31.586651
1755038409036816,life,life_general,0.82,bhnt,2026-09-16T11:01:31.586651
1755048625702461,car,car,0.96,o to,2026-09-16T11:01:31.586651
1755051655702158,life,life_general,0.82,nhan tho,2026-09-16T11:01:31.586651
1755054295701894,critical_illness,critical_illness,0.9,benh hiem ngheo,2026-09-16T11:01:31.586651
1755054929035164,unknown,unknown,0.3,,2026-09-16T11:01:31.586651
1755073855699938,unknown,unknown,0.3,,2026-09-16T11:01:31.586651
1755101445697179,health,health,0.88,suc khoe,2026-09-16T11:01:31.586651
1755106282363362,health,health,0.88,suc khoe,2026-09-16T11:01:31.586651
1755133292360661,life,life_general,0.82,nhan tho,2026-09-16T11:01:31.586651
1755213582352632,health,health,0.88,suc khoe,2026-09-16T11:01:31.586651
1755629902311000,life,life_general,0.82,nhan tho,2026-09-16T11:01:31.586651
1756670788873578,health,health,0.88,suc khoe,2026-09-16T11:01:31.586651
1756694188871238,health,health,0.88,suc khoe,2026-09-16T11:01:31.586651
1756749795532344,critical_illness,critical_illness,0.9,ung thu,2026-09-16T11:01:31.586651
1755070252366965,life,life_general,0.82,nhan tho,2026-09-16T11:01:31.586651
1755079425699381,critical_illness,critical_illness,0.9,benh hiem ngheo,2026-09-16T11:01:31.586651
1755095945697729,unknown,unknown,0.3,,2026-09-16T11:01:31.586651
1755120499028607,unknown,unknown,0.3,,2026-09-16T11:01:31.586651
1755120905695233,unknown,unknown,0.3,,2026-09-16T11:01:31.586651
1755121739028483,health,health,0.88,suc khoe,2026-09-16T11:01:31.586651
1755124622361528,unknown,unknown,0.3,,2026-09-16T11:01:31.586651
1755171279023529,unknown,unknown,0.3,,2026-09-16T11:01:31.586651
1755202662353724,unknown,unknown,0.3,,2026-09-16T11:01:31.586651
1755207349019922,unknown,unknown,0.3,,2026-09-16T11:01:31.586651
1755319305675393,life,life_general,0.82,bhnt,2026-09-16T11:01:31.586651
1755360385671285,unknown,unknown,0.3,,2026-09-16T11:01:31.586651
1755416375665686,critical_illness,critical_illness,0.9,đột quỵ,2026-09-16T11:01:31.586651
1755472202326770,critical_illness,critical_illness,0.9,benh hiem ngheo,2026-09-16T11:01:31.586651
1755478528992804,health,health,0.88,suc khoe,2026-09-16T11:01:31.586651
1755047895702534,bank_insurance,bank_insurance,0.86,vay,2026-09-16T11:01:31.586651
1755049679035689,unknown,unknown,0.3,,2026-09-16T11:01:31.586651
1755050085702315,unknown,unknown,0.3,,2026-09-16T11:01:31.586651
1755052879035369,health,health,0.88,suc khoe,2026-09-16T11:01:31.586651
1755062665701057,unknown,unknown,0.3,,2026-09-16T11:01:31.586651
1755064695700854,unknown,unknown,0.3,,2026-09-16T11:01:31.586651
1755068099033847,unknown,unknown,0.3,,2026-09-16T11:01:31.586651
1755079269032730,unknown,unknown,0.3,,2026-09-16T11:01:31.586651
1755079479032709,unknown,unknown,0.3,,2026-09-16T11:01:31.586651
1755079645699359,unknown,unknown,0.3,,2026-09-16T11:01:31.586651
1755079945699329,unknown,unknown,0.3,,2026-09-16T11:01:31.586651
1755081692365821,unknown,unknown,0.3,,2026-09-16T11:01:31.586651
1755110332362957,critical_illness,critical_illness,0.9,ung thu,2026-09-16T11:01:31.586651
1755114805695843,bank_insurance,bank_insurance,0.86,vay,2026-09-16T11:01:31.586651
1755118752362115,unknown,unknown,0.3,,2026-09-16T11:01:31.586651
1755126682361322,bank_insurance,bank_insurance,0.86,vay,2026-09-16T11:01:31.586651
1755138502360140,unknown,unknown,0.3,,2026-09-16T11:01:31.586651
1755138849026772,unknown,unknown,0.3,,2026-09-16T11:01:31.586651
1755139449026712,health,health,0.88,vien phi,2026-09-16T11:01:31.586651
1755140049026652,life,life_general,0.82,hợp đồng bảo hiểm,2026-09-16T11:01:31.586651
1755142262359764,life,unit_linked,0.92,ilp,2026-09-16T11:01:31.586651
1755144082359582,bank_insurance,bank_insurance,0.86,vay,2026-09-16T11:01:31.586651
1755146652359325,unknown,unknown,0.3,,2026-09-16T11:01:31.586651
1755152472358743,life,life_general,0.82,nhan tho,2026-09-16T11:01:31.586651
1755173322356658,critical_illness,critical_illness,0.9,ung thu,2026-09-16T11:01:31.586651
1755178872356103,property,property,0.92,tai san,2026-09-16T11:01:31.586651
1755179102356080,unknown,unknown,0.3,,2026-09-16T11:01:31.586651
1755179922355998,unknown,unknown,0.3,,2026-09-16T11:01:31.586651
1755185132355477,unknown,unknown,0.3,,2026-09-16T11:01:31.586651
1755260659014591,unknown,unknown,0.3,,2026-09-16T11:01:31.586651
1755264629014194,unknown,unknown,0.3,,2026-09-16T11:01:31.586651
1755269925680331,car,car,0.96,o to,2026-09-16T11:01:31.586651
1755270759013581,life,life_general,0.82,nhan tho,2026-09-16T11:01:31.586651
1755271922346798,bank_insurance,bank_insurance,0.86,vay,2026-09-16T11:01:31.586651
1755276585679665,unknown,unknown,0.3,,2026-09-16T11:01:31.586651
1755280829012574,unknown,unknown,0.3,,2026-09-16T11:01:31.586651
1755299895677334,unknown,unknown,0.3,,2026-09-16T11:01:31.586651
1755305575676766,unknown,unknown,0.3,,2026-09-16T11:01:31.586651
1755350839005573,unknown,unknown,0.3,,2026-09-16T11:01:31.586651
1755363965670927,unknown,unknown,0.3,,2026-09-16T11:01:31.586651
1755390749001582,unknown,unknown,0.3,,2026-09-16T11:01:31.586651
1755391252334865,unknown,unknown,0.3,,2026-09-16T11:01:31.586651
1755391682334822,unknown,unknown,0.3,,2026-09-16T11:01:31.586651
1755415642332426,unknown,unknown,0.3,,2026-09-16T11:01:31.586651
1755425292331461,unknown,unknown,0.3,,2026-09-16T11:01:31.586651
1755434352330555,critical_illness,critical_illness,0.9,ung thu,2026-09-16T11:01:31.586651
1755441582329832,unknown,unknown,0.3,,2026-09-16T11:01:31.586651
1755444792329511,unknown,unknown,0.3,,2026-09-16T11:01:31.586651
1755445975662726,unknown,unknown,0.3,,2026-09-16T11:01:31.586651
1755459385661385,unknown,unknown,0.3,,2026-09-16T11:01:31.586651
1755467468993910,unknown,unknown,0.3,,2026-09-16T11:01:31.586651
1755479035659420,unknown,unknown,0.3,,2026-09-16T11:01:31.586651
1755511308989526,bank_insurance,bank_insurance,0.86,vay,2026-09-16T11:01:31.586651
1755511782322812,unknown,unknown,0.3,,2026-09-16T11:01:31.586651
1755737855633538,non_life_general,non_life_general,0.75,mic,2026-09-16T11:01:31.586651
1755740185633305,unknown,unknown,0.3,,2026-09-16T11:01:31.586651
1755753255631998,property,property,0.92,nha cua,2026-09-16T11:01:31.586651
1755753575631966,unknown,unknown,0.3,,2026-09-16T11:01:31.586651
1755774752296515,life,life_general,0.82,nhan tho,2026-09-16T11:01:31.586651
1755780755629248,unknown,unknown,0.3,,2026-09-16T11:01:31.586651
1755781702295820,unknown,unknown,0.3,,2026-09-16T11:01:31.586651
1755782472295743,unknown,unknown,0.3,,2026-09-16T11:01:31.586651
1755875738953083,unknown,unknown,0.3,,2026-09-16T11:01:31.586651
1756005172273473,unknown,unknown,0.3,,2026-09-16T11:01:31.586651
1756082268932430,unknown,unknown,0.3,,2026-09-16T11:01:31.586651
1756237988916858,unknown,unknown,0.3,,2026-09-16T11:01:31.586651
1756246642249326,unknown,unknown,0.3,,2026-09-16T11:01:31.586651
1756347935572530,property,property,0.92,tai san,2026-09-16T11:01:31.586651
1756386198902037,life,life_general,0.82,nhan tho,2026-09-16T11:01:31.586651
1756793815527942,unknown,unknown,0.3,,2026-09-16T11:01:31.586651
1755071065700217,unknown,unknown,0.3,,2026-09-16T11:01:31.586651
1755074909033166,unknown,unknown,0.3,,2026-09-16T11:01:31.586651
1755077282366262,health,health,0.88,noi tru,2026-09-16T11:01:31.586651
1755077932366197,health,health,0.88,suc khoe,2026-09-16T11:01:31.586651
1755096405697683,unknown,unknown,0.3,,2026-09-16T11:01:31.586651
1755100622363928,life,life_general,0.82,bhnt,2026-09-16T11:01:31.586651
1755103822363608,unknown,unknown,0.3,,2026-09-16T11:01:31.586651
1755113749029282,health,health,0.88,suc khoe,2026-09-16T11:01:31.586651
1755172272356763,life,life_general,0.82,nhan tho,2026-09-16T11:01:31.586651
1755202149020442,life,life_general,0.82,nhan tho,2026-09-16T11:01:31.586651
1755208615686462,health,health,0.88,suc khoe,2026-09-16T11:01:31.586651
1755212585686065,car,car,0.96,o to,2026-09-16T11:01:31.586651
1755212925686031,unknown,unknown,0.3,,2026-09-16T11:01:31.586651
1755214242352566,unknown,unknown,0.3,,2026-09-16T11:01:31.586651
1755420995665224,critical_illness,critical_illness,0.9,đột quỵ,2026-09-16T11:01:31.586651
1755465178994139,unknown,unknown,0.3,,2026-09-16T11:01:31.586651
1755473575659966,unknown,unknown,0.3,,2026-09-16T11:01:31.586651
1755775532296437,health,health,0.88,noi tru,2026-09-16T11:01:31.586651
1755880522285938,unknown,unknown,0.3,,2026-09-16T11:01:31.586651
1756281908912466,health,health,0.88,suc khoe,2026-09-16T11:01:31.586651
1756742828866374,unknown,unknown,0.3,,2026-09-16T11:01:31.586651
1756747095532614,health,health,0.88,suc khoe,2026-09-16T11:01:31.586651
1755069279033729,life,life_general,0.82,nhan tho,2026-09-16T11:01:31.586651
1755080072365983,unknown,unknown,0.3,,2026-09-16T11:01:31.586651
1755081132365877,unknown,unknown,0.3,,2026-09-16T11:01:31.586651
1755092445698079,life,life_general,0.82,nhan tho,2026-09-16T11:01:31.586651
1755095605697763,unknown,unknown,0.3,,2026-09-16T11:01:31.586651
1755127099027947,life,life_general,0.82,nhan tho,2026-09-16T11:01:31.586651
1755130042360986,health,health,0.88,suc khoe,2026-09-16T11:01:31.586651
1755168722357118,life,life_general,0.82,nhan tho,2026-09-16T11:01:31.586651
1755211355686188,health,health,0.88,suc khoe,2026-09-16T11:01:31.586651
1755213399019317,health,health,0.88,suc khoe,2026-09-16T11:01:31.586651
1755229545684369,car,car,0.96,o to,2026-09-16T11:01:31.586651
1755240362349954,unknown,unknown,0.3,,2026-09-16T11:01:31.586651
1755292915678032,unknown,unknown,0.3,,2026-09-16T11:01:31.586651
1755342309006426,life,life_general,0.82,đóng phí,2026-09-16T11:01:31.586651
1755358852338105,unknown,unknown,0.3,,2026-09-16T11:01:31.586651
1755359032338087,unknown,unknown,0.3,,2026-09-16T11:01:31.586651
1755391002334890,life,life_general,0.82,nhan tho,2026-09-16T11:01:31.586651
1755477992326191,health,health,0.88,suc khoe,2026-09-16T11:01:31.586651
1755733268967330,critical_illness,critical_illness,0.9,ung thu,2026-09-16T11:01:31.586651
1756061775601146,unknown,unknown,0.3,,2026-09-16T11:01:31.586651
1756281088912548,health,health,0.88,suc khoe,2026-09-16T11:01:31.586651
1755071659033491,health,health,0.88,thai san,2026-09-16T11:01:31.586651
1755073865699937,health,health,0.88,thai san,2026-09-16T11:01:31.586651
1755074752366515,health,health,0.88,thai san,2026-09-16T11:01:31.586651
1755075632366427,unknown,unknown,0.3,,2026-09-16T11:01:31.586651
1755093992364591,unknown,unknown,0.3,,2026-09-16T11:01:31.586651
1755122629028394,health,health,0.88,thai san,2026-09-16T11:01:31.586651
1755151049025552,health,health,0.88,suc khoe,2026-09-16T11:01:31.586651
1755365915670732,unknown,unknown,0.3,,2026-09-16T11:01:31.586651
1755370149003642,unknown,unknown,0.3,,2026-09-16T11:01:31.586651
1755371289003528,unknown,unknown,0.3,,2026-09-16T11:01:31.586651
1755379819002675,unknown,unknown,0.3,,2026-09-16T11:01:31.586651
1755390509001606,health,health,0.88,thai san,2026-09-16T11:01:31.586651
1755490712324919,health,health,0.88,thai san,2026-09-16T11:01:31.586651
1756622935545030,health,health,0.88,vien phi,2026-09-16T11:01:31.586651
1755195275687796,unknown,unknown,0.3,,2026-09-16T11:01:31.586651
1755417562332234,unknown,unknown,0.3,,2026-09-16T11:01:31.586651
1755818448958812,unknown,unknown,0.3,,2026-09-16T11:01:31.586651
1755819882292002,unknown,unknown,0.3,,2026-09-16T11:01:31.586651
1755819955625328,unknown,unknown,0.3,,2026-09-16T11:01:31.586651
1755820132291977,unknown,unknown,0.3,,2026-09-16T11:01:31.586651
1755822902291700,unknown,unknown,0.3,,2026-09-16T11:01:31.586651
1755824815624842,unknown,unknown,0.3,,2026-09-16T11:01:31.586651
1755064522367538,unknown,unknown,0.3,,2026-09-16T11:01:31.586651
1755065732367417,unknown,unknown,0.3,,2026-09-16T11:01:31.586651
1755070635700260,unknown,unknown,0.3,,2026-09-16T11:01:31.586651
1755071179033539,unknown,unknown,0.3,,2026-09-16T11:01:31.586651
1755074625699861,unknown,unknown,0.3,,2026-09-16T11:01:31.586651
1755075839033073,non_life_general,non_life_general,0.75,mic,2026-09-16T11:01:31.586651
1755086149032042,unknown,unknown,0.3,,2026-09-16T11:01:31.586651
1755092395698084,unknown,unknown,0.3,,2026-09-16T11:01:31.586651
1755094145697909,unknown,unknown,0.3,,2026-09-16T11:01:31.586651
1755094402364550,unknown,unknown,0.3,,2026-09-16T11:01:31.586651
1755110965696227,unknown,unknown,0.3,,2026-09-16T11:01:31.586651
1755115542362436,unknown,unknown,0.3,,2026-09-16T11:01:31.586651
1755145139026143,unknown,unknown,0.3,,2026-09-16T11:01:31.586651
1755153515691972,unknown,unknown,0.3,,2026-09-16T11:01:31.586651
1756650955542228,unknown,unknown,0.3,,2026-09-16T11:01:31.586651
1755172779023379,unknown,unknown,0.3,,2026-09-16T11:01:31.586651
1755174222356568,unknown,unknown,0.3,,2026-09-16T11:01:31.586651
1755182039022453,unknown,unknown,0.3,,2026-09-16T11:01:31.586651
1755186675688656,unknown,unknown,0.3,,2026-09-16T11:01:31.586651
1756061342267856,unknown,unknown,0.3,,2026-09-16T11:01:31.586651
1755297402344250,unknown,unknown,0.3,,2026-09-16T11:01:31.586651
1755297969010860,unknown,unknown,0.3,,2026-09-16T11:01:31.586651
1755300522343938,unknown,unknown,0.3,,2026-09-16T11:01:31.586651
1755303729010284,unknown,unknown,0.3,,2026-09-16T11:01:31.586651
1755309832343007,bank_insurance,bank_insurance,0.86,vay,2026-09-16T11:01:31.586651
1755331842340806,unknown,unknown,0.3,,2026-09-16T11:01:31.586651
1755349809005676,unknown,unknown,0.3,,2026-09-16T11:01:31.586651
1755365745670749,unknown,unknown,0.3,,2026-09-16T11:01:31.586651
1755401999000457,unknown,unknown,0.3,,2026-09-16T11:01:31.586651
1755475128993144,health,health,0.88,noi tru,2026-09-16T11:01:31.586651
1755484808992176,bank_insurance,bank_insurance,0.86,vay,2026-09-16T11:01:31.586651
1755505328990124,unknown,unknown,0.3,,2026-09-16T11:01:31.586651
1755520932321897,unknown,unknown,0.3,,2026-09-16T11:01:31.586651
1755298085677515,unknown,unknown,0.3,,2026-09-16T11:01:31.586651
1755300342343956,unknown,unknown,0.3,,2026-09-16T11:01:31.586651
1755301905677133,health,health,0.88,suc khoe,2026-09-16T11:01:31.586651
1755306335676690,unknown,unknown,0.3,,2026-09-16T11:01:31.586651
1755307232343267,unknown,unknown,0.3,,2026-09-16T11:01:31.586651
1755308475676476,unknown,unknown,0.3,,2026-09-16T11:01:31.586651
1755309825676341,bank_insurance,bank_insurance,0.86,vay,2026-09-16T11:01:31.586651
1755309949009662,unknown,unknown,0.3,,2026-09-16T11:01:31.586651
1755311262342864,bank_insurance,bank_insurance,0.86,the tin dung,2026-09-16T11:01:31.586651
1755311872342803,unknown,unknown,0.3,,2026-09-16T11:01:31.586651
1755312689009388,unknown,unknown,0.3,,2026-09-16T11:01:31.586651
1755315095675814,unknown,unknown,0.3,,2026-09-16T11:01:31.586651
1755325279008129,unknown,unknown,0.3,,2026-09-16T11:01:31.586651
1755326089008048,unknown,unknown,0.3,,2026-09-16T11:01:31.586651
1755333505673973,unknown,unknown,0.3,,2026-09-16T11:01:31.586651
1755336002340390,unknown,unknown,0.3,,2026-09-16T11:01:31.586651
1755350752338915,unknown,unknown,0.3,,2026-09-16T11:01:31.586651
1755354269005230,life,life_general,0.82,đóng phí,2026-09-16T11:01:31.586651
1755360362337954,unknown,unknown,0.3,,2026-09-16T11:01:31.586651
1755363909004266,life,unit_linked,0.92,ilp,2026-09-16T11:01:31.586651
1755364305670893,unknown,unknown,0.3,,2026-09-16T11:01:31.586651
1755371435670180,unknown,unknown,0.3,,2026-09-16T11:01:31.586651
1755371842336806,unknown,unknown,0.3,,2026-09-16T11:01:31.586651
1755372842336706,unknown,unknown,0.3,,2026-09-16T11:01:31.586651
1755374322336558,unknown,unknown,0.3,,2026-09-16T11:01:31.586651
1755380622335928,health,health,0.88,suc khoe,2026-09-16T11:01:31.586651
1755387272335263,critical_illness,critical_illness,0.9,đột quỵ,2026-09-16T11:01:31.586651
1755399385667385,unknown,unknown,0.3,,2026-09-16T11:01:31.586651
1755400149000642,life,life_general,0.82,nhan tho,2026-09-16T11:01:31.586651
1755408285666495,unknown,unknown,0.3,,2026-09-16T11:01:31.586651
1755421965665127,life,life_general,0.82,bhnt,2026-09-16T11:01:31.586651
1755449592329031,unknown,unknown,0.3,,2026-09-16T11:01:31.586651
1755457698994887,health,health,0.88,suc khoe,2026-09-16T11:01:31.586651
1755463298994327,health,health,0.88,suc khoe,2026-09-16T11:01:31.586651
1755463835660940,health,health,0.88,noi tru,2026-09-16T11:01:31.586651
1755465038994153,unknown,unknown,0.3,,2026-09-16T11:01:31.586651
1755477342326256,unknown,unknown,0.3,,2026-09-16T11:01:31.586651
1755490622324928,unknown,unknown,0.3,,2026-09-16T11:01:31.586651
1755491038991553,unknown,unknown,0.3,,2026-09-16T11:01:31.586651
1755628955644428,unknown,unknown,0.3,,2026-09-16T11:01:31.586651
1755702025637121,life,life_general,0.82,nhan tho,2026-09-16T11:01:31.586651
1755771898963467,unknown,unknown,0.3,,2026-09-16T11:01:31.586651
1756059158934741,health,health,0.88,vien phi,2026-09-16T11:01:31.586651
1756281282245862,health,health,0.88,suc khoe,2026-09-16T11:01:31.586651
1756600225547301,unknown,unknown,0.3,,2026-09-16T11:01:31.586651
1756623672211623,unknown,unknown,0.3,,2026-09-16T11:01:31.586651
1756628725544451,health,health,0.88,vien phi,2026-09-16T11:01:31.586651
1756644048876252,unknown,unknown,0.3,,2026-09-16T11:01:31.586651
1755338045673519,health,health,0.88,suc khoe,2026-09-16T11:01:31.586651
1755354705671853,health,health,0.88,suc khoe,2026-09-16T11:01:31.586651
1755375572336433,unknown,unknown,0.3,,2026-09-16T11:01:31.586651
1755381222335868,unknown,unknown,0.3,,2026-09-16T11:01:31.586651
1755382712335719,health,health,0.88,suc khoe,2026-09-16T11:01:31.586651
1755400565667267,unknown,unknown,0.3,,2026-09-16T11:01:31.586651
1755406998999957,health,health,0.88,suc khoe,2026-09-16T11:01:31.586651
1755458432328147,health,health,0.88,suc khoe,2026-09-16T11:01:31.586651
1755480625659261,health,health,0.88,suc khoe,2026-09-16T11:01:31.586651
1755693372304653,unknown,unknown,0.3,,2026-09-16T11:01:31.586651
1756662488874408,unknown,unknown,0.3,,2026-09-16T11:01:31.586651
1756668165540507,health,health,0.88,suc khoe,2026-09-16T11:01:31.586651
1756696835537640,unknown,unknown,0.3,,2026-09-16T11:01:31.586651
1755355835671740,unknown,unknown,0.3,,2026-09-16T11:01:31.586651
1755364689004188,unknown,unknown,0.3,,2026-09-16T11:01:31.586651
1755966465610677,bank_insurance,bank_insurance,0.86,vay,2026-09-16T11:01:31.586651
1756058715601452,unknown,unknown,0.3,,2026-09-16T11:01:31.586651
1755773648963292,unknown,unknown,0.3,,2026-09-16T11:01:31.586651
1755792858961371,health,health,0.88,noi tru,2026-09-16T11:01:31.586651
1755799912293999,unknown,unknown,0.3,,2026-09-16T11:01:31.586651
1755801032293887,health,health,0.88,vien phi,2026-09-16T11:01:31.586651
1755801305627193,unknown,unknown,0.3,,2026-09-16T11:01:31.586651
1755808868959770,unknown,unknown,0.3,,2026-09-16T11:01:31.586651
1755880032285987,health,health,0.88,noi tru,2026-09-16T11:01:31.586651
1755902798950377,unknown,unknown,0.3,,2026-09-16T11:01:31.586651
1755903235617000,unknown,unknown,0.3,,2026-09-16T11:01:31.586651
1755904015616922,unknown,unknown,0.3,,2026-09-16T11:01:31.586651
1755904182283572,unknown,unknown,0.3,,2026-09-16T11:01:31.586651
1755921488948508,health,health,0.88,noi tru,2026-09-16T11:01:31.586651
1755982452275745,car,car,0.96,o to,2026-09-16T11:01:31.586651
1755982965609027,health,health,0.88,suc khoe,2026-09-16T11:01:31.586651
1755983652275625,health,health,0.88,noi tru,2026-09-16T11:01:31.586651
1756260362247954,health,health,0.88,noi tru,2026-09-16T11:01:31.586651
1756278512246139,health,health,0.88,suc khoe,2026-09-16T11:01:31.586651
1756331542240836,unknown,unknown,0.3,,2026-09-16T11:01:31.586651
1756570402216950,unknown,unknown,0.3,,2026-09-16T11:01:31.586651
1756610912212899,critical_illness,critical_illness,0.9,benh hiem ngheo,2026-09-16T11:01:31.586651
1756651075542216,unknown,unknown,0.3,,2026-09-16T11:01:31.586651
1756665158874141,unknown,unknown,0.3,,2026-09-16T11:01:31.586651
1756683255538998,unknown,unknown,0.3,,2026-09-16T11:01:31.586651
1756698045537519,health,health,0.88,noi tru,2026-09-16T11:01:31.586651
1755886418952015,unknown,unknown,0.3,,2026-09-16T11:01:31.586651
1755888452285145,unknown,unknown,0.3,,2026-09-16T11:01:31.586651
1755753435631980,unknown,unknown,0.3,,2026-09-16T11:01:31.586651
1755753558965301,unknown,unknown,0.3,,2026-09-16T11:01:31.586651
1755753898965267,unknown,unknown,0.3,,2026-09-16T11:01:31.586651
1755754315631892,unknown,unknown,0.3,,2026-09-16T11:01:31.586651
1755754522298538,unknown,unknown,0.3,,2026-09-16T11:01:31.586651
1755754665631857,unknown,unknown,0.3,,2026-09-16T11:01:31.586651
1755754785631845,unknown,unknown,0.3,,2026-09-16T11:01:31.586651
1755755435631780,unknown,unknown,0.3,,2026-09-16T11:01:31.586651
1755756282298362,unknown,unknown,0.3,,2026-09-16T11:01:31.586651
1755756472298343,unknown,unknown,0.3,,2026-09-16T11:01:31.586651
1755756595631664,unknown,unknown,0.3,,2026-09-16T11:01:31.586651
1755756625631661,unknown,unknown,0.3,,2026-09-16T11:01:31.586651
1755757102298280,unknown,unknown,0.3,,2026-09-16T11:01:31.586651
1755759055631418,unknown,unknown,0.3,,2026-09-16T11:01:31.586651
1755759828964674,unknown,unknown,0.3,,2026-09-16T11:01:31.586651
1755759935631330,unknown,unknown,0.3,,2026-09-16T11:01:31.586651
1755760452297945,unknown,unknown,0.3,,2026-09-16T11:01:31.586651
1755761025631221,health,health,0.88,suc khoe,2026-09-16T11:01:31.586651
1755761682297822,unknown,unknown,0.3,,2026-09-16T11:01:31.586651
1755765625630761,critical_illness,critical_illness,0.9,ung thu,2026-09-16T11:01:31.586651
1755768508963806,unknown,unknown,0.3,,2026-09-16T11:01:31.586651
1755770782296912,unknown,unknown,0.3,,2026-09-16T11:01:31.586651
1755772805630043,unknown,unknown,0.3,,2026-09-16T11:01:31.586651
1755773235630000,health,health,0.88,noi tru,2026-09-16T11:01:31.586651
1755773385629985,unknown,unknown,0.3,,2026-09-16T11:01:31.586651
1755785232295467,bank_insurance,bank_insurance,0.86,vay,2026-09-16T11:01:31.586651
1755787155628608,unknown,unknown,0.3,,2026-09-16T11:01:31.586651
1755793792294611,unknown,unknown,0.3,,2026-09-16T11:01:31.586651
1755794632294527,unknown,unknown,0.3,,2026-09-16T11:01:31.586651
1755797232294267,health,health,0.88,suc khoe,2026-09-16T11:01:31.586651
1755809255626398,unknown,unknown,0.3,,2026-09-16T11:01:31.586651
1755817342292256,unknown,unknown,0.3,,2026-09-16T11:01:31.586651
1755824075624916,life,life_general,0.82,bhnt,2026-09-16T11:01:31.586651
1755827362291254,health,health,0.88,suc khoe,2026-09-16T11:01:31.586651
1755835948957062,life,life_general,0.82,nhan tho,2026-09-16T11:01:31.586651
1755837718956885,critical_illness,critical_illness,0.9,đột quỵ,2026-09-16T11:01:31.586651
1755838232290167,critical_illness,critical_illness,0.9,benh hiem ngheo,2026-09-16T11:01:31.586651
1755841932289797,critical_illness,critical_illness,0.9,ung thu,2026-09-16T11:01:31.586651
1755846148956042,health,health,0.88,suc khoe,2026-09-16T11:01:31.586651
1755846515622672,unknown,unknown,0.3,,2026-09-16T11:01:31.586651
1755850302288960,unknown,unknown,0.3,,2026-09-16T11:01:31.586651
1755860472287943,unknown,unknown,0.3,,2026-09-16T11:01:31.586651
1755862878954369,unknown,unknown,0.3,,2026-09-16T11:01:31.586651
1755866105620713,unknown,unknown,0.3,,2026-09-16T11:01:31.586651
1755871938953463,unknown,unknown,0.3,,2026-09-16T11:01:31.586651
1755874628953194,unknown,unknown,0.3,,2026-09-16T11:01:31.586651
1755880572285933,unknown,unknown,0.3,,2026-09-16T11:01:31.586651
1755891618951495,unknown,unknown,0.3,,2026-09-16T11:01:31.586651
1755893078951349,unknown,unknown,0.3,,2026-09-16T11:01:31.586651
1755893412284649,unknown,unknown,0.3,,2026-09-16T11:01:31.586651
1756018455605478,unknown,unknown,0.3,,2026-09-16T11:01:31.586651
1756030072270983,unknown,unknown,0.3,,2026-09-16T11:01:31.586651
1756158632258127,life,life_general,0.82,nhan tho,2026-09-16T11:01:31.586651
1756189062255084,unknown,unknown,0.3,,2026-09-16T11:01:31.586651
1756189358921721,unknown,unknown,0.3,,2026-09-16T11:01:31.586651
1756203748920282,unknown,unknown,0.3,,2026-09-16T11:01:31.586651
1756280568912600,health,health,0.88,suc khoe,2026-09-16T11:01:31.586651
1756529205554403,health,health,0.88,suc khoe,2026-09-16T11:01:31.586651
1756545132219477,critical_illness,critical_illness,0.9,đột quỵ,2026-09-16T11:01:31.586651
1756556315551692,life,life_general,0.82,nhan tho,2026-09-16T11:01:31.586651
1756556582218332,unknown,unknown,0.3,,2026-09-16T11:01:31.586651
1756664268874230,unknown,unknown,0.3,,2026-09-16T11:01:31.586651
1756677208872936,unknown,unknown,0.3,,2026-09-16T11:01:31.586651
1756760148864642,health,health,0.88,suc khoe,2026-09-16T11:01:31.586651
1755855692288421,unknown,unknown,0.3,,2026-09-16T11:01:31.586651
1755868035620520,unknown,unknown,0.3,,2026-09-16T11:01:31.586651
1755946148946042,bank_insurance,bank_insurance,0.86,ngan hang,2026-09-16T11:01:31.586651
1755946832279307,bank_insurance,bank_insurance,0.86,vay,2026-09-16T11:01:31.586651
1755980232275967,bank_insurance,bank_insurance,0.86,vay,2026-09-16T11:01:31.586651
1756022285605095,bank_insurance,bank_insurance,0.86,ngan hang,2026-09-16T11:01:31.586651
1756024715604852,unknown,unknown,0.3,,2026-09-16T11:01:31.586651
1756039782270012,unknown,unknown,0.3,,2026-09-16T11:01:31.586651
1756048832269107,bank_insurance,bank_insurance,0.86,vay,2026-09-16T11:01:31.586651
1756060472267943,bank_insurance,bank_insurance,0.86,vay,2026-09-16T11:01:31.586651
1756066765600647,bank_insurance,bank_insurance,0.86,vay,2026-09-16T11:01:31.586651
1756070005600323,unknown,unknown,0.3,,2026-09-16T11:01:31.586651
1756126608927996,life,life_general,0.82,bhnt,2026-09-16T11:01:31.586651
1756136822260308,unknown,unknown,0.3,,2026-09-16T11:01:31.586651
1756526392221351,bank_insurance,bank_insurance,0.86,vay,2026-09-16T11:01:31.586651
1756545178886139,unknown,unknown,0.3,,2026-09-16T11:01:31.586651
1756546385552685,unknown,unknown,0.3,,2026-09-16T11:01:31.586651
1756568272217163,unknown,unknown,0.3,,2026-09-16T11:01:31.586651
1756571292216861,unknown,unknown,0.3,,2026-09-16T11:01:31.586651
1756572362216754,unknown,unknown,0.3,,2026-09-16T11:01:31.586651
1756573222216668,unknown,unknown,0.3,,2026-09-16T11:01:31.586651
1756585175548806,unknown,unknown,0.3,,2026-09-16T11:01:31.586651
1756586052215385,unknown,unknown,0.3,,2026-09-16T11:01:31.586651
1756590675548256,unknown,unknown,0.3,,2026-09-16T11:01:31.586651
1756605918880065,unknown,unknown,0.3,,2026-09-16T11:01:31.586651
1756617542212236,unknown,unknown,0.3,,2026-09-16T11:01:31.586651
1756626805544643,unknown,unknown,0.3,,2026-09-16T11:01:31.586651
1756671938873463,unknown,unknown,0.3,,2026-09-16T11:01:31.586651
1756703312203659,car,car,0.96,o to,2026-09-16T11:01:31.586651
1756739392200051,unknown,unknown,0.3,,2026-09-16T11:01:31.586651
1756740162199974,unknown,unknown,0.3,,2026-09-16T11:01:31.586651
1756762502197740,bank_insurance,bank_insurance,0.86,vay,2026-09-16T11:01:31.586651
1756783028862354,bank_insurance,bank_insurance,0.86,vay,2026-09-16T11:01:31.586651
1756797322194258,unknown,unknown,0.3,,2026-09-16T11:01:31.586651
1756797912194199,unknown,unknown,0.3,,2026-09-16T11:01:31.586651
1755768562297134,unknown,unknown,0.3,,2026-09-16T11:01:31.586651
1755880815619242,unknown,unknown,0.3,,2026-09-16T11:01:31.586651
1756606162213374,unknown,unknown,0.3,,2026-09-16T11:01:31.586651
1756743565532967,unknown,unknown,0.3,,2026-09-16T11:01:31.586651
1756751398865517,unknown,unknown,0.3,,2026-09-16T11:01:31.586651
1755763182297672,unknown,unknown,0.3,,2026-09-16T11:01:31.586651
1755768882297102,bank_insurance,bank_insurance,0.86,vay,2026-09-16T11:01:31.586651
1755779688962688,unknown,unknown,0.3,,2026-09-16T11:01:31.586651
1755782298962427,unknown,unknown,0.3,,2026-09-16T11:01:31.586651
1755785052295485,unknown,unknown,0.3,,2026-09-16T11:01:31.586651
1755794672294523,unknown,unknown,0.3,,2026-09-16T11:01:31.586651
1755805755626748,unknown,unknown,0.3,,2026-09-16T11:01:31.586651
1755808608959796,unknown,unknown,0.3,,2026-09-16T11:01:31.586651
1755812945626029,car,car,0.96,o to,2026-09-16T11:01:31.586651
1755869832287007,non_life_general,non_life_general,0.75,mic,2026-09-16T11:01:31.586651
1755870685620255,critical_illness,critical_illness,0.9,ung thu,2026-09-16T11:01:31.586651
1755871312286859,bank_insurance,bank_insurance,0.86,vay,2026-09-16T11:01:31.586651
1755877888952868,unknown,unknown,0.3,,2026-09-16T11:01:31.586651
1755883008952356,unknown,unknown,0.3,,2026-09-16T11:01:31.586651
1755894152284575,non_life_general,non_life_general,0.75,mic,2026-09-16T11:01:31.586651
1755904545616869,unknown,unknown,0.3,,2026-09-16T11:01:31.586651
1756031392270851,unknown,unknown,0.3,,2026-09-16T11:01:31.586651
1756596675547656,unknown,unknown,0.3,,2026-09-16T11:01:31.586651
1756623682211622,unknown,unknown,0.3,,2026-09-16T11:01:31.586651
1755857405621583,life,life_general,0.82,bhnt,2026-09-16T11:01:31.586651
1755859358954721,unknown,unknown,0.3,,2026-09-16T11:01:31.586651
1755860002287990,unknown,unknown,0.3,,2026-09-16T11:01:31.586651
1755864628954194,health,health,0.88,suc khoe,2026-09-16T11:01:31.586651
1755864702287520,unknown,unknown,0.3,,2026-09-16T11:01:31.586651
1755864735620850,unknown,unknown,0.3,,2026-09-16T11:01:31.586651
1755865238954133,unknown,unknown,0.3,,2026-09-16T11:01:31.586651
1755865632287427,unknown,unknown,0.3,,2026-09-16T11:01:31.586651
1755868235620500,life,unit_linked,0.92,ilp,2026-09-16T11:01:31.586651
1755870582286932,unknown,unknown,0.3,,2026-09-16T11:01:31.586651
1755873878953269,unknown,unknown,0.3,,2026-09-16T11:01:31.586651
1755875268953130,health,health,0.88,suc khoe,2026-09-16T11:01:31.586651
1755877328952924,critical_illness,critical_illness,0.9,benh hiem ngheo,2026-09-16T11:01:31.586651
1755877905619533,unknown,unknown,0.3,,2026-09-16T11:01:31.586651
1755879905619333,critical_illness,critical_illness,0.9,ung thu,2026-09-16T11:01:31.586651
1755880368952620,unknown,unknown,0.3,,2026-09-16T11:01:31.586651
1755882115619112,unknown,unknown,0.3,,2026-09-16T11:01:31.586651
1755882432285747,health,health,0.88,suc khoe,2026-09-16T11:01:31.586651
1755895708951086,health,health,0.88,suc khoe,2026-09-16T11:01:31.586651
1755902228950434,health,health,0.88,suc khoe,2026-09-16T11:01:31.586651
1755907608949896,critical_illness,critical_illness,0.9,benh hiem ngheo,2026-09-16T11:01:31.586651
1755908675616456,unknown,unknown,0.3,,2026-09-16T11:01:31.586651
1755910802282910,unknown,unknown,0.3,,2026-09-16T11:01:31.586651
1755914975615826,critical_illness,critical_illness,0.9,đột quỵ,2026-09-16T11:01:31.586651
1755919672282023,unknown,unknown,0.3,,2026-09-16T11:01:31.586651
1755924005614923,unknown,unknown,0.3,,2026-09-16T11:01:31.586651
1755925208948136,unknown,unknown,0.3,,2026-09-16T11:01:31.586651
1755925325614791,unknown,unknown,0.3,,2026-09-16T11:01:31.586651
1755932165614107,unknown,unknown,0.3,,2026-09-16T11:01:31.586651
1755963958944261,unknown,unknown,0.3,,2026-09-16T11:01:31.586651
1755983475608976,unknown,unknown,0.3,,2026-09-16T11:01:31.586651
1755984995608824,life,life_general,0.82,nhan tho,2026-09-16T11:01:31.586651
1755992422274748,unknown,unknown,0.3,,2026-09-16T11:01:31.586651
1755994285607895,unknown,unknown,0.3,,2026-09-16T11:01:31.586651
1755998818940775,unknown,unknown,0.3,,2026-09-16T11:01:31.586651
1756039355603388,critical_illness,critical_illness,0.9,benh hiem ngheo,2026-09-16T11:01:31.586651
1756066408934016,critical_illness,critical_illness,0.9,ung thu,2026-09-16T11:01:31.586651
1756102725597051,unknown,unknown,0.3,,2026-09-16T11:01:31.586651
1756216225585701,health,health,0.88,suc khoe,2026-09-16T11:01:31.586651
1756280825579241,health,health,0.88,suc khoe,2026-09-16T11:01:31.586651
1756330502240940,unknown,unknown,0.3,,2026-09-16T11:01:31.586651
1756520798888577,unknown,unknown,0.3,,2026-09-16T11:01:31.586651
1756551778885479,health,health,0.88,suc khoe,2026-09-16T11:01:31.586651
1756574378883219,unknown,unknown,0.3,,2026-09-16T11:01:31.586651
1756663115541012,unknown,unknown,0.3,,2026-09-16T11:01:31.586651
1756688095538514,critical_illness,critical_illness,0.9,ung thu,2026-09-16T11:01:31.586651
1756759132198077,health,health,0.88,suc khoe,2026-09-16T11:01:31.586651
1755919002282090,unknown,unknown,0.3,,2026-09-16T11:01:31.586651
1755919118948745,health,health,0.88,suc khoe,2026-09-16T11:01:31.586651
1755919268948730,unknown,unknown,0.3,,2026-09-16T11:01:31.586651
1755919305615393,unknown,unknown,0.3,,2026-09-16T11:01:31.586651
1755920048948652,critical_illness,critical_illness,0.9,benh hiem ngheo,2026-09-16T11:01:31.586651
1755922612281729,critical_illness,critical_illness,0.9,benh hiem ngheo,2026-09-16T11:01:31.586651
1755925082281482,unknown,unknown,0.3,,2026-09-16T11:01:31.586651
1755947772279213,critical_illness,critical_illness,0.9,benh hiem ngheo,2026-09-16T11:01:31.586651
1755968545610469,unknown,unknown,0.3,,2026-09-16T11:01:31.586651
1755974592276531,life,universal_life,0.92,lai suat cam ket,2026-09-16T11:01:31.586651
1755974868943170,life,universal_life,0.92,lai suat cam ket,2026-09-16T11:01:31.586651
1755981042275886,critical_illness,critical_illness,0.9,benh hiem ngheo,2026-09-16T11:01:31.586651
1756016305605693,life,life_general,0.82,đóng phí,2026-09-16T11:01:31.586651
1756020785605245,unknown,unknown,0.3,,2026-09-16T11:01:31.586651
1756020952271895,unknown,unknown,0.3,,2026-09-16T11:01:31.586651
1756021128938544,unknown,unknown,0.3,,2026-09-16T11:01:31.586651
1756021378938519,unknown,unknown,0.3,,2026-09-16T11:01:31.586651
1756021502271840,unknown,unknown,0.3,,2026-09-16T11:01:31.586651
1756026472271343,life,life_general,0.82,nhan tho,2026-09-16T11:01:31.586651
1756031238937533,unknown,unknown,0.3,,2026-09-16T11:01:31.586651
1756042358936421,unknown,unknown,0.3,,2026-09-16T11:01:31.586651
1756043475602976,unknown,unknown,0.3,,2026-09-16T11:01:31.586651
1756044282269562,unknown,unknown,0.3,,2026-09-16T11:01:31.586651
1756045865602737,unknown,unknown,0.3,,2026-09-16T11:01:31.586651
1756050998935557,life,life_general,0.82,đóng phí,2026-09-16T11:01:31.586651
1756114988929158,critical_illness,critical_illness,0.9,benh hiem ngheo,2026-09-16T11:01:31.586651
1756124382261552,life,life_general,0.82,hợp đồng bảo hiểm,2026-09-16T11:01:31.586651
1756230042250986,life,universal_life,0.92,lai suat cam ket,2026-09-16T11:01:31.586651
1756280328912624,health,health,0.88,suc khoe,2026-09-16T11:01:31.586651
1756306125576711,health,health,0.88,noi tru,2026-09-16T11:01:31.586651
1756329652241025,unknown,unknown,0.3,,2026-09-16T11:01:31.586651
1756599708880686,unknown,unknown,0.3,,2026-09-16T11:01:31.586651
1756602388880418,unknown,unknown,0.3,,2026-09-16T11:01:31.586651
1756619495545374,unknown,unknown,0.3,,2026-09-16T11:01:31.586651
1756619968878660,critical_illness,critical_illness,0.9,benh hiem ngheo,2026-09-16T11:01:31.586651
1756661185541205,critical_illness,critical_illness,0.9,ung thu,2026-09-16T11:01:31.586651
1755918685615455,unknown,unknown,0.3,,2026-09-16T11:01:31.586651
1755919542282036,car,car,0.96,o to,2026-09-16T11:01:31.586651
1755926288948028,critical_illness,critical_illness,0.9,benh hiem ngheo,2026-09-16T11:01:31.586651
1755927638947893,unknown,unknown,0.3,,2026-09-16T11:01:31.586651
1755949038945753,unknown,unknown,0.3,,2026-09-16T11:01:31.586651
1755967042277286,critical_illness,critical_illness,0.9,đột quỵ,2026-09-16T11:01:31.586651
1755975758943081,non_life_general,non_life_general,0.75,pvi,2026-09-16T11:01:31.586651
1755977702276220,life,life_general,0.82,nhan tho,2026-09-16T11:01:31.586651
1755981308942526,unknown,unknown,0.3,,2026-09-16T11:01:31.586651
1755983498942307,health,health,0.88,suc khoe,2026-09-16T11:01:31.586651
1756011832272807,unknown,unknown,0.3,,2026-09-16T11:01:31.586651
1756012265606097,health,health,0.88,suc khoe,2026-09-16T11:01:31.586651
1756029545604369,life,life_general,0.82,nhan tho,2026-09-16T11:01:31.586651
1756048458935811,critical_illness,critical_illness,0.9,benh hiem ngheo,2026-09-16T11:01:31.586651
1756281485579175,unknown,unknown,0.3,,2026-09-16T11:01:31.586651
1756329918907665,unknown,unknown,0.3,,2026-09-16T11:01:31.586651
1756582915549032,car,car,0.96,o to,2026-09-16T11:01:31.586651
1756597865547537,unknown,unknown,0.3,,2026-09-16T11:01:31.586651
1756652008875456,unknown,unknown,0.3,,2026-09-16T11:01:31.586651
1756670098873647,unknown,unknown,0.3,,2026-09-16T11:01:31.586651
1756701315537192,health,health,0.88,suc khoe,2026-09-16T11:01:31.586651
1756723775534946,unknown,unknown,0.3,,2026-09-16T11:01:31.586651
1756105412263449,life,life_general,0.82,nhan tho,2026-09-16T11:01:31.586651
1756105785596745,life,life_general,0.82,nhan tho,2026-09-16T11:01:31.586651
1756106658929991,unknown,unknown,0.3,,2026-09-16T11:01:31.586651
1756116915595632,health,health,0.88,suc khoe,2026-09-16T11:01:31.586651
1756120268928630,life,life_general,0.82,nhan tho,2026-09-16T11:01:31.586651
1756122565595067,car,car,0.96,o to,2026-09-16T11:01:31.586651
1756125075594816,unknown,unknown,0.3,,2026-09-16T11:01:31.586651
1756141365593187,unknown,unknown,0.3,,2026-09-16T11:01:31.586651
1756145205592803,unknown,unknown,0.3,,2026-09-16T11:01:31.586651
1756161878924469,unknown,unknown,0.3,,2026-09-16T11:01:31.586651
1756223598918297,health,health,0.88,suc khoe,2026-09-16T11:01:31.586651
1756231932250797,life,life_general,0.82,nhan tho,2026-09-16T11:01:31.586651
1756279578912699,car,car,0.96,o to,2026-09-16T11:01:31.586651
1756331042240886,unknown,unknown,0.3,,2026-09-16T11:01:31.586651
1756651212208869,bank_insurance,bank_insurance,0.86,vay,2026-09-16T11:01:31.586651
1756725672201423,unknown,unknown,0.3,,2026-09-16T11:01:31.586651
1756107538929903,unknown,unknown,0.3,,2026-09-16T11:01:31.586651
1756108105596513,unknown,unknown,0.3,,2026-09-16T11:01:31.586651
1756119008928756,unknown,unknown,0.3,,2026-09-16T11:01:31.586651
1756125422261448,unknown,unknown,0.3,,2026-09-16T11:01:31.586651
1756129165594407,unknown,unknown,0.3,,2026-09-16T11:01:31.586651
1756243245582999,unknown,unknown,0.3,,2026-09-16T11:01:31.586651
1756248785582445,unknown,unknown,0.3,,2026-09-16T11:01:31.586651
1756278795579444,unknown,unknown,0.3,,2026-09-16T11:01:31.586651
1756319925575331,unknown,unknown,0.3,,2026-09-16T11:01:31.586651
1756329318907725,unknown,unknown,0.3,,2026-09-16T11:01:31.586651
1756794558861201,unknown,unknown,0.3,,2026-09-16T11:01:31.586651
2508428499661041,bank_insurance,bank_insurance,0.86,vay,2026-09-16T11:01:31.586651
2509779706192587,unknown,unknown,0.3,,2026-09-16T11:01:31.586651
2509804569523434,unknown,unknown,0.3,,2026-09-16T11:01:31.586651
2511232732713951,property,property,0.92,chay no,2026-09-16T11:01:31.586651
2511233496047208,unknown,unknown,0.3,,2026-09-16T11:01:31.586651
2511260589377832,unknown,unknown,0.3,,2026-09-16T11:01:31.586651
2511285529375338,unknown,unknown,0.3,,2026-09-16T11:01:31.586651
2511286946041863,unknown,unknown,0.3,,2026-09-16T11:01:31.586651
2511302429373648,car,car,0.96,o to,2026-09-16T11:01:31.586651
2511365506034007,unknown,unknown,0.3,,2026-09-16T11:01:31.586651
2510298916140666,unknown,unknown,0.3,,2026-09-16T11:01:31.586651
2504842473352977,unknown,unknown,0.3,,2026-09-16T11:01:31.586651
2509404546230103,unknown,unknown,0.3,,2026-09-16T11:01:31.586651
2509579456212612,unknown,unknown,0.3,,2026-09-16T11:01:31.586651
2509321982905026,unknown,unknown,0.3,,2026-09-16T11:01:31.586651
2509333672903857,bank_insurance,bank_insurance,0.86,vay,2026-09-16T11:01:31.586651
2509406636229894,unknown,unknown,0.3,,2026-09-16T11:01:31.586651
2509685346202023,unknown,unknown,0.3,,2026-09-16T11:01:31.586651
2509686779535213,unknown,unknown,0.3,,2026-09-16T11:01:31.586651
2510230396147518,unknown,unknown,0.3,,2026-09-16T11:01:31.586651
2510232212814003,non_life_general,non_life_general,0.75,bao minh,2026-09-16T11:01:31.586651
2510469592790265,unknown,unknown,0.3,,2026-09-16T11:01:31.586651
2510469942790230,unknown,unknown,0.3,,2026-09-16T11:01:31.586651
2508288353008389,unknown,unknown,0.3,,2026-09-16T11:01:31.586651
2507440496426508,unknown,unknown,0.3,,2026-09-16T11:01:31.586651
2507447089759182,unknown,unknown,0.3,,2026-09-16T11:01:31.586651
2507449266425631,unknown,unknown,0.3,,2026-09-16T11:01:31.586651
2507451326425425,car,car,0.96,o to,2026-09-16T11:01:31.586651
2507452239758667,unknown,unknown,0.3,,2026-09-16T11:01:31.586651
2507453126425245,bank_insurance,bank_insurance,0.86,vay,2026-09-16T11:01:31.586651
2507453549758536,life,unit_linked,0.92,ulip,2026-09-16T11:01:31.586651
2507454413091783,life,unit_linked,0.92,ulip,2026-09-16T11:01:31.586651
2507478443089380,unknown,unknown,0.3,,2026-09-16T11:01:31.586651
2507532009750690,unknown,unknown,0.3,,2026-09-16T11:01:31.586651
2507640866406471,unknown,unknown,0.3,,2026-09-16T11:01:31.586651
2508174409686450,unknown,unknown,0.3,,2026-09-16T11:01:31.586651
2508354949668396,unknown,unknown,0.3,,2026-09-16T11:01:31.586651
2507712286399329,unknown,unknown,0.3,,2026-09-16T11:01:31.586651
2507715199732371,unknown,unknown,0.3,,2026-09-16T11:01:31.586651
2507777519726139,unknown,unknown,0.3,,2026-09-16T11:01:31.586651
2507786399725251,unknown,unknown,0.3,,2026-09-16T11:01:31.586651
2507805423056682,unknown,unknown,0.3,,2026-09-16T11:01:31.586651
2507805669723324,unknown,unknown,0.3,,2026-09-16T11:01:31.586651
2507805696389988,unknown,unknown,0.3,,2026-09-16T11:01:31.586651
2507805836389974,unknown,unknown,0.3,,2026-09-16T11:01:31.586651
2507807653056459,unknown,unknown,0.3,,2026-09-16T11:01:31.586651
2507819093055315,life,life_general,0.82,đóng phí,2026-09-16T11:01:31.586651
2507823213054903,unknown,unknown,0.3,,2026-09-16T11:01:31.586651
2507823623054862,unknown,unknown,0.3,,2026-09-16T11:01:31.586651
2507824296388128,unknown,unknown,0.3,,2026-09-16T11:01:31.586651
2507828573054367,unknown,unknown,0.3,,2026-09-16T11:01:31.586651
2507830653054159,unknown,unknown,0.3,,2026-09-16T11:01:31.586651
2507852819718609,life,universal_life,0.92,lien ket chung,2026-09-16T11:01:31.586651
2507853349718556,unknown,unknown,0.3,,2026-09-16T11:01:31.586651
2508280779675813,life,life_general,0.82,đóng phí,2026-09-16T11:01:31.586651
2508291809674710,unknown,unknown,0.3,,2026-09-16T11:01:31.586651
2508343949669496,unknown,unknown,0.3,,2026-09-16T11:01:31.586651
2508334693003755,unknown,unknown,0.3,,2026-09-16T11:01:31.586651
2508336009670290,non_life_general,non_life_general,0.75,bao minh,2026-09-16T11:01:31.586651
2508336716336886,unknown,unknown,0.3,,2026-09-16T11:01:31.586651
2508340053003219,non_life_general,non_life_general,0.75,pvi,2026-09-16T11:01:31.586651
2508341733003051,non_life_general,non_life_general,0.75,pti,2026-09-16T11:01:31.586651
2508345193002705,unknown,unknown,0.3,,2026-09-16T11:01:31.586651
2508347963002428,unknown,unknown,0.3,,2026-09-16T11:01:31.586651
2508348439669047,unknown,unknown,0.3,,2026-09-16T11:01:31.586651
2508348623002362,unknown,unknown,0.3,,2026-09-16T11:01:31.586651
2508349193002305,unknown,unknown,0.3,,2026-09-16T11:01:31.586651
2508358479668043,unknown,unknown,0.3,,2026-09-16T11:01:31.586651
2508362513000973,unknown,unknown,0.3,,2026-09-16T11:01:31.586651
2508363369667554,non_life_general,non_life_general,0.75,pti,2026-09-16T11:01:31.586651
2508366909667200,unknown,unknown,0.3,,2026-09-16T11:01:31.586651
2508371406333417,unknown,unknown,0.3,,2026-09-16T11:01:31.586651
2508377482999476,non_life_general,non_life_general,0.75,pvi,2026-09-16T11:01:31.586651
2508381389665752,unknown,unknown,0.3,,2026-09-16T11:01:31.586651
2508383246332233,unknown,unknown,0.3,,2026-09-16T11:01:31.586651
2508384852998739,unknown,unknown,0.3,,2026-09-16T11:01:31.586651
2508410406329517,unknown,unknown,0.3,,2026-09-16T11:01:31.586651
2508437712993453,unknown,unknown,0.3,,2026-09-16T11:01:31.586651
2508452986325259,unknown,unknown,0.3,,2026-09-16T11:01:31.586651
2508493136321244,bank_insurance,bank_insurance,0.86,vay,2026-09-16T11:01:31.586651
2508499046320653,unknown,unknown,0.3,,2026-09-16T11:01:31.586651
2508521669651724,unknown,unknown,0.3,,2026-09-16T11:01:31.586651
2508529362984288,unknown,unknown,0.3,,2026-09-16T11:01:31.586651
2508534596317098,unknown,unknown,0.3,,2026-09-16T11:01:31.586651
2508535279650363,unknown,unknown,0.3,,2026-09-16T11:01:31.586651
2508544959649395,unknown,unknown,0.3,,2026-09-16T11:01:31.586651
2508597369644154,unknown,unknown,0.3,,2026-09-16T11:01:31.586651
2508637919640099,unknown,unknown,0.3,,2026-09-16T11:01:31.586651
2508687439635147,non_life_general,non_life_general,0.75,pvi,2026-09-16T11:01:31.586651
2508687609635130,non_life_general,non_life_general,0.75,pvi,2026-09-16T11:01:31.586651
2508755726294985,unknown,unknown,0.3,,2026-09-16T11:01:31.586651
2508806032956621,health,health,0.88,suc khoe,2026-09-16T11:01:31.586651
2508883982948826,unknown,unknown,0.3,,2026-09-16T11:01:31.586651
2509329199570971,unknown,unknown,0.3,,2026-09-16T11:01:31.586651
2509330856237472,unknown,unknown,0.3,,2026-09-16T11:01:31.586651
2509343909569500,unknown,unknown,0.3,,2026-09-16T11:01:31.586651
2509408962896328,non_life_general,non_life_general,0.75,pvi,2026-09-16T11:01:31.586651
2508334813003743,unknown,unknown,0.3,,2026-09-16T11:01:31.586651
2508335319670359,unknown,unknown,0.3,,2026-09-16T11:01:31.586651
2508336063003618,unknown,unknown,0.3,,2026-09-16T11:01:31.586651
2508340926336465,unknown,unknown,0.3,,2026-09-16T11:01:31.586651
2508341503003074,unknown,unknown,0.3,,2026-09-16T11:01:31.586651
2508345613002663,unknown,unknown,0.3,,2026-09-16T11:01:31.586651
2508346226335935,unknown,unknown,0.3,,2026-09-16T11:01:31.586651
2508350619668829,car,car,0.96,o to,2026-09-16T11:01:31.586651
2508370476333510,unknown,unknown,0.3,,2026-09-16T11:01:31.586651
2508375359666355,unknown,unknown,0.3,,2026-09-16T11:01:31.586651
2508381179665773,unknown,unknown,0.3,,2026-09-16T11:01:31.586651
2508400739663817,car,car,0.96,o to,2026-09-16T11:01:31.586651
2508625219641369,bank_insurance,bank_insurance,0.86,vay,2026-09-16T11:01:31.586651
2508672259636665,unknown,unknown,0.3,,2026-09-16T11:01:31.586651
2508715919632299,bank_insurance,bank_insurance,0.86,vay,2026-09-16T11:01:31.586651
2508768842960340,unknown,unknown,0.3,,2026-09-16T11:01:31.586651
2509231056247452,unknown,unknown,0.3,,2026-09-16T11:01:31.586651
2511485206022037,unknown,unknown,0.3,,2026-09-16T11:01:31.586651
2511577139346177,unknown,unknown,0.3,,2026-09-16T11:01:31.586651
2511588649345026,bank_insurance,bank_insurance,0.86,vay,2026-09-16T11:01:31.586651
2511611606009397,unknown,unknown,0.3,,2026-09-16T11:01:31.586651
2512040629299828,car,car,0.96,đăng kiểm,2026-09-16T11:01:31.586651
2508332573003967,unknown,unknown,0.3,,2026-09-16T11:01:31.586651
2508343269669564,bank_insurance,bank_insurance,0.86,vay,2026-09-16T11:01:31.586651
2508351436335414,unknown,unknown,0.3,,2026-09-16T11:01:31.586651
2508356126334945,unknown,unknown,0.3,,2026-09-16T11:01:31.586651
2508356179668273,unknown,unknown,0.3,,2026-09-16T11:01:31.586651
2508357613001463,unknown,unknown,0.3,,2026-09-16T11:01:31.586651
2508357756334782,unknown,unknown,0.3,,2026-09-16T11:01:31.586651
2508362189667672,unknown,unknown,0.3,,2026-09-16T11:01:31.586651
2508362803000944,unknown,unknown,0.3,,2026-09-16T11:01:31.586651
2508364483000776,unknown,unknown,0.3,,2026-09-16T11:01:31.586651
2508371176333440,unknown,unknown,0.3,,2026-09-16T11:01:31.586651
2508384432998781,unknown,unknown,0.3,,2026-09-16T11:01:31.586651
2508391612998063,unknown,unknown,0.3,,2026-09-16T11:01:31.586651
2508395136331044,unknown,unknown,0.3,,2026-09-16T11:01:31.586651
2508449426325615,bank_insurance,bank_insurance,0.86,vay,2026-09-16T11:01:31.586651
2508457796324778,unknown,unknown,0.3,,2026-09-16T11:01:31.586651
2508514152985809,unknown,unknown,0.3,,2026-09-16T11:01:31.586651
2508538209650070,unknown,unknown,0.3,,2026-09-16T11:01:31.586651
2508541239649767,unknown,unknown,0.3,,2026-09-16T11:01:31.586651
2508555222981702,unknown,unknown,0.3,,2026-09-16T11:01:31.586651
2508572652979959,unknown,unknown,0.3,,2026-09-16T11:01:31.586651
2508623649641526,unknown,unknown,0.3,,2026-09-16T11:01:31.586651
2508871059616785,bank_insurance,bank_insurance,0.86,vay,2026-09-16T11:01:31.586651
2509260786244479,unknown,unknown,0.3,,2026-09-16T11:01:31.586651
2509265206244037,unknown,unknown,0.3,,2026-09-16T11:01:31.586651
2508359849667906,unknown,unknown,0.3,,2026-09-16T11:01:31.586651
2508360013001223,non_life_general,non_life_general,0.75,mic,2026-09-16T11:01:31.586651
2508360806334477,unknown,unknown,0.3,,2026-09-16T11:01:31.586651
2508361969667694,unknown,unknown,0.3,,2026-09-16T11:01:31.586651
2508368543000370,unknown,unknown,0.3,,2026-09-16T11:01:31.586651
2508369119666979,unknown,unknown,0.3,,2026-09-16T11:01:31.586651
2508370143000210,bank_insurance,bank_insurance,0.86,vay,2026-09-16T11:01:31.586651
2508371013000123,unknown,unknown,0.3,,2026-09-16T11:01:31.586651
2508371549666736,unknown,unknown,0.3,,2026-09-16T11:01:31.586651
2508374279666463,unknown,unknown,0.3,,2026-09-16T11:01:31.586651
2508374672999757,unknown,unknown,0.3,,2026-09-16T11:01:31.586651
2508375089666382,unknown,unknown,0.3,,2026-09-16T11:01:31.586651
2508376352999589,unknown,unknown,0.3,,2026-09-16T11:01:31.586651
2508377209666170,unknown,unknown,0.3,,2026-09-16T11:01:31.586651
2508378169666074,unknown,unknown,0.3,,2026-09-16T11:01:31.586651
2508379276332630,unknown,unknown,0.3,,2026-09-16T11:01:31.586651
2508379309665960,non_life_general,non_life_general,0.75,pvi,2026-09-16T11:01:31.586651
2508380056332552,unknown,unknown,0.3,,2026-09-16T11:01:31.586651
2508380179665873,unknown,unknown,0.3,,2026-09-16T11:01:31.586651
2508380362999188,unknown,unknown,0.3,,2026-09-16T11:01:31.586651
2508380686332489,unknown,unknown,0.3,,2026-09-16T11:01:31.586651
2508380906332467,unknown,unknown,0.3,,2026-09-16T11:01:31.586651
2508381242999100,unknown,unknown,0.3,,2026-09-16T11:01:31.586651
2508387432998481,unknown,unknown,0.3,,2026-09-16T11:01:31.586651
2508392189664672,unknown,unknown,0.3,,2026-09-16T11:01:31.586651
2508392409664650,unknown,unknown,0.3,,2026-09-16T11:01:31.586651
2508398366330721,unknown,unknown,0.3,,2026-09-16T11:01:31.586651
2508404329663458,unknown,unknown,0.3,,2026-09-16T11:01:31.586651
2508408699663021,unknown,unknown,0.3,,2026-09-16T11:01:31.586651
2508408926329665,unknown,unknown,0.3,,2026-09-16T11:01:31.586651
2508410746329483,unknown,unknown,0.3,,2026-09-16T11:01:31.586651
2508411852996039,non_life_general,non_life_general,0.75,pvi,2026-09-16T11:01:31.586651
2508412102996014,unknown,unknown,0.3,,2026-09-16T11:01:31.586651
2508413549662536,unknown,unknown,0.3,,2026-09-16T11:01:31.586651
2508413762995848,unknown,unknown,0.3,,2026-09-16T11:01:31.586651
2508413916329166,unknown,unknown,0.3,,2026-09-16T11:01:31.586651
2508414696329088,unknown,unknown,0.3,,2026-09-16T11:01:31.586651
2508415012995723,unknown,unknown,0.3,,2026-09-16T11:01:31.586651
2508417302995494,non_life_general,non_life_general,0.75,pvi,2026-09-16T11:01:31.586651
2508429066327651,unknown,unknown,0.3,,2026-09-16T11:01:31.586651
2508431699660721,unknown,unknown,0.3,,2026-09-16T11:01:31.586651
2508431839660707,unknown,unknown,0.3,,2026-09-16T11:01:31.586651
2508440259659865,unknown,unknown,0.3,,2026-09-16T11:01:31.586651
2508441619659729,unknown,unknown,0.3,,2026-09-16T11:01:31.586651
2508442946326263,life,life_general,0.82,bhnt,2026-09-16T11:01:31.586651
2508449142992310,unknown,unknown,0.3,,2026-09-16T11:01:31.586651
2508472609656630,unknown,unknown,0.3,,2026-09-16T11:01:31.586651
2508482236322334,unknown,unknown,0.3,,2026-09-16T11:01:31.586651
2508483462988878,unknown,unknown,0.3,,2026-09-16T11:01:31.586651
2508493456321212,unknown,unknown,0.3,,2026-09-16T11:01:31.586651
2508496286320929,unknown,unknown,0.3,,2026-09-16T11:01:31.586651
2508497162987508,unknown,unknown,0.3,,2026-09-16T11:01:31.586651
2508497366320821,unknown,unknown,0.3,,2026-09-16T11:01:31.586651
2508497776320780,unknown,unknown,0.3,,2026-09-16T11:01:31.586651
2508498606320697,unknown,unknown,0.3,,2026-09-16T11:01:31.586651
2508536816316876,motorbike,motorbike,0.98,trach nhiem dan su,2026-09-16T11:01:31.586651
2508537759650115,unknown,unknown,0.3,,2026-09-16T11:01:31.586651
2508547762982448,unknown,unknown,0.3,,2026-09-16T11:01:31.586651
2508549212982303,unknown,unknown,0.3,,2026-09-16T11:01:31.586651
2508549392982285,unknown,unknown,0.3,,2026-09-16T11:01:31.586651
2508570682980156,unknown,unknown,0.3,,2026-09-16T11:01:31.586651
2508578222979402,unknown,unknown,0.3,,2026-09-16T11:01:31.586651
2508636959640195,unknown,unknown,0.3,,2026-09-16T11:01:31.586651
2508680289635862,unknown,unknown,0.3,,2026-09-16T11:01:31.586651
2508700449633846,unknown,unknown,0.3,,2026-09-16T11:01:31.586651
2508728362964388,unknown,unknown,0.3,,2026-09-16T11:01:31.586651
2508729829630908,unknown,unknown,0.3,,2026-09-16T11:01:31.586651
2508742132963011,unknown,unknown,0.3,,2026-09-16T11:01:31.586651
2508889962948228,non_life_general,non_life_general,0.75,pvi,2026-09-16T11:01:31.586651
2509057026264855,unknown,unknown,0.3,,2026-09-16T11:01:31.586651
2509164849587406,unknown,unknown,0.3,,2026-09-16T11:01:31.586651
2509171029586788,unknown,unknown,0.3,,2026-09-16T11:01:31.586651
2509184476252110,unknown,unknown,0.3,,2026-09-16T11:01:31.586651
2509211406249417,unknown,unknown,0.3,,2026-09-16T11:01:31.586651
2509396036230954,unknown,unknown,0.3,,2026-09-16T11:01:31.586651
2509397216230836,unknown,unknown,0.3,,2026-09-16T11:01:31.586651
2510258069478084,unknown,unknown,0.3,,2026-09-16T11:01:31.586651
2510351319468759,unknown,unknown,0.3,,2026-09-16T11:01:31.586651
2510354222801802,unknown,unknown,0.3,,2026-09-16T11:01:31.586651
2510355282801696,non_life_general,non_life_general,0.75,pvi,2026-09-16T11:01:31.586651
2510429426127615,unknown,unknown,0.3,,2026-09-16T11:01:31.586651
2508629092974315,unknown,unknown,0.3,,2026-09-16T11:01:31.586651
2508888152948409,unknown,unknown,0.3,,2026-09-16T11:01:31.586651
2508637356306822,unknown,unknown,0.3,,2026-09-16T11:01:31.586651
2508657059638185,unknown,unknown,0.3,,2026-09-16T11:01:31.586651
2508658629638028,unknown,unknown,0.3,,2026-09-16T11:01:31.586651
2508662806304277,unknown,unknown,0.3,,2026-09-16T11:01:31.586651
2508663856304172,unknown,unknown,0.3,,2026-09-16T11:01:31.586651
2508664556304102,unknown,unknown,0.3,,2026-09-16T11:01:31.586651
2508665719637319,property,property,0.92,tai san,2026-09-16T11:01:31.586651
2508666309637260,unknown,unknown,0.3,,2026-09-16T11:01:31.586651
2508666486303909,unknown,unknown,0.3,,2026-09-16T11:01:31.586651
2508672402969984,property,property,0.92,tai san,2026-09-16T11:01:31.586651
2508673256303232,unknown,unknown,0.3,,2026-09-16T11:01:31.586651
2508674266303131,unknown,unknown,0.3,,2026-09-16T11:01:31.586651
2508676876302870,unknown,unknown,0.3,,2026-09-16T11:01:31.586651
2508679129635978,unknown,unknown,0.3,,2026-09-16T11:01:31.586651
2508679152969309,motorbike,motorbike,0.98,trach nhiem dan su,2026-09-16T11:01:31.586651
2508683659635525,unknown,unknown,0.3,,2026-09-16T11:01:31.586651
2508686779635213,unknown,unknown,0.3,,2026-09-16T11:01:31.586651
2508687342968490,unknown,unknown,0.3,,2026-09-16T11:01:31.586651
2508691502968074,unknown,unknown,0.3,,2026-09-16T11:01:31.586651
2508704639633427,unknown,unknown,0.3,,2026-09-16T11:01:31.586651
2508714276299130,unknown,unknown,0.3,,2026-09-16T11:01:31.586651
2508718589632032,unknown,unknown,0.3,,2026-09-16T11:01:31.586651
2508718776298680,unknown,unknown,0.3,,2026-09-16T11:01:31.586651
2508722446298313,unknown,unknown,0.3,,2026-09-16T11:01:31.586651
2508732852963939,unknown,unknown,0.3,,2026-09-16T11:01:31.586651
2508734309630460,unknown,unknown,0.3,,2026-09-16T11:01:31.586651
2508737029630188,unknown,unknown,0.3,,2026-09-16T11:01:31.586651
2508742029629688,unknown,unknown,0.3,,2026-09-16T11:01:31.586651
2508767709627120,unknown,unknown,0.3,,2026-09-16T11:01:31.586651
2508784262958798,unknown,unknown,0.3,,2026-09-16T11:01:31.586651
2508798466290711,unknown,unknown,0.3,,2026-09-16T11:01:31.586651
2508803752956849,unknown,unknown,0.3,,2026-09-16T11:01:31.586651
2508808692956355,unknown,unknown,0.3,,2026-09-16T11:01:31.586651
2508812786289279,unknown,unknown,0.3,,2026-09-16T11:01:31.586651
2508818752955349,non_life_general,non_life_general,0.75,pvi,2026-09-16T11:01:31.586651
2508840699619821,unknown,unknown,0.3,,2026-09-16T11:01:31.586651
2508861106284447,unknown,unknown,0.3,,2026-09-16T11:01:31.586651
2508898236280734,unknown,unknown,0.3,,2026-09-16T11:01:31.586651
2509165506254007,unknown,unknown,0.3,,2026-09-16T11:01:31.586651
2509180752919149,bank_insurance,bank_insurance,0.86,vay,2026-09-16T11:01:31.586651
2509467282890496,unknown,unknown,0.3,,2026-09-16T11:01:31.586651
2510952479408643,unknown,unknown,0.3,,2026-09-16T11:01:31.586651
2510988762738348,unknown,unknown,0.3,,2026-09-16T11:01:31.586651
2511137879390103,unknown,unknown,0.3,,2026-09-16T11:01:31.586651
2508716429632248,unknown,unknown,0.3,,2026-09-16T11:01:31.586651
2508736269630264,unknown,unknown,0.3,,2026-09-16T11:01:31.586651
2508739496296608,unknown,unknown,0.3,,2026-09-16T11:01:31.586651
2508758846294673,unknown,unknown,0.3,,2026-09-16T11:01:31.586651
2509306286239929,unknown,unknown,0.3,,2026-09-16T11:01:31.586651
2509318296238728,unknown,unknown,0.3,,2026-09-16T11:01:31.586651
2509324666238091,motorbike,motorbike,0.98,trach nhiem dan su,2026-09-16T11:01:31.586651
2509326232904601,unknown,unknown,0.3,,2026-09-16T11:01:31.586651
2509329229570968,unknown,unknown,0.3,,2026-09-16T11:01:31.586651
2509329552904269,unknown,unknown,0.3,,2026-09-16T11:01:31.586651
2509330232904201,unknown,unknown,0.3,,2026-09-16T11:01:31.586651
2509337232903501,unknown,unknown,0.3,,2026-09-16T11:01:31.586651
2509357932901431,unknown,unknown,0.3,,2026-09-16T11:01:31.586651
2509358299568061,unknown,unknown,0.3,,2026-09-16T11:01:31.586651
2509359016234656,unknown,unknown,0.3,,2026-09-16T11:01:31.586651
2509360226234535,unknown,unknown,0.3,,2026-09-16T11:01:31.586651
2509366069567284,unknown,unknown,0.3,,2026-09-16T11:01:31.586651
2509383592898865,unknown,unknown,0.3,,2026-09-16T11:01:31.586651
2509386646231893,car,car,0.96,đăng kiểm,2026-09-16T11:01:31.586651
2509391006231457,unknown,unknown,0.3,,2026-09-16T11:01:31.586651
2509400212897203,unknown,unknown,0.3,,2026-09-16T11:01:31.586651
2509402632896961,unknown,unknown,0.3,,2026-09-16T11:01:31.586651
2509402702896954,unknown,unknown,0.3,,2026-09-16T11:01:31.586651
2509406599563231,unknown,unknown,0.3,,2026-09-16T11:01:31.586651
2509411136229444,unknown,unknown,0.3,,2026-09-16T11:01:31.586651
2509431882894036,bank_insurance,bank_insurance,0.86,vay,2026-09-16T11:01:31.586651
2509443749559516,unknown,unknown,0.3,,2026-09-16T11:01:31.586651
2509458216224736,unknown,unknown,0.3,,2026-09-16T11:01:31.586651
2509459836224574,unknown,unknown,0.3,,2026-09-16T11:01:31.586651
2509480346222523,unknown,unknown,0.3,,2026-09-16T11:01:31.586651
2509488569555034,unknown,unknown,0.3,,2026-09-16T11:01:31.586651
2509691012868123,unknown,unknown,0.3,,2026-09-16T11:01:31.586651
2510189112818313,unknown,unknown,0.3,,2026-09-16T11:01:31.586651
2510437022793522,unknown,unknown,0.3,,2026-09-16T11:01:31.586651
2509386182898606,unknown,unknown,0.3,,2026-09-16T11:01:31.586651
2509386639565227,unknown,unknown,0.3,,2026-09-16T11:01:31.586651
2509386916231866,unknown,unknown,0.3,,2026-09-16T11:01:31.586651
2509387142898510,unknown,unknown,0.3,,2026-09-16T11:01:31.586651
2509387152898509,unknown,unknown,0.3,,2026-09-16T11:01:31.586651
2509387556231802,unknown,unknown,0.3,,2026-09-16T11:01:31.586651
2509387876231770,unknown,unknown,0.3,,2026-09-16T11:01:31.586651
2509388732898351,unknown,unknown,0.3,,2026-09-16T11:01:31.586651
2509390266231531,unknown,unknown,0.3,,2026-09-16T11:01:31.586651
2509393392897885,unknown,unknown,0.3,,2026-09-16T11:01:31.586651
2509393779564513,unknown,unknown,0.3,,2026-09-16T11:01:31.586651
2509394036231154,unknown,unknown,0.3,,2026-09-16T11:01:31.586651
2509394569564434,unknown,unknown,0.3,,2026-09-16T11:01:31.586651
2509394976231060,unknown,unknown,0.3,,2026-09-16T11:01:31.586651
2509395116231046,unknown,unknown,0.3,,2026-09-16T11:01:31.586651
2509395339564357,unknown,unknown,0.3,,2026-09-16T11:01:31.586651
2509396572897567,unknown,unknown,0.3,,2026-09-16T11:01:31.586651
2509400329563858,unknown,unknown,0.3,,2026-09-16T11:01:31.586651
2509402739563617,unknown,unknown,0.3,,2026-09-16T11:01:31.586651
2509403486230209,bank_insurance,bank_insurance,0.86,vay,2026-09-16T11:01:31.586651
2509405339563357,property,property,0.92,tai san,2026-09-16T11:01:31.586651
2509406099563281,unknown,unknown,0.3,,2026-09-16T11:01:31.586651
2509408269563064,unknown,unknown,0.3,,2026-09-16T11:01:31.586651
2509408686229689,unknown,unknown,0.3,,2026-09-16T11:01:31.586651
2509410829562808,unknown,unknown,0.3,,2026-09-16T11:01:31.586651
2509411306229427,unknown,unknown,0.3,,2026-09-16T11:01:31.586651
2509411902896034,unknown,unknown,0.3,,2026-09-16T11:01:31.586651
2509413116229246,unknown,unknown,0.3,,2026-09-16T11:01:31.586651
2509413269562564,unknown,unknown,0.3,,2026-09-16T11:01:31.586651
2509413272895897,unknown,unknown,0.3,,2026-09-16T11:01:31.586651
2509413576229200,unknown,unknown,0.3,,2026-09-16T11:01:31.586651
2509414792895745,unknown,unknown,0.3,,2026-09-16T11:01:31.586651
2509416536228904,car,car,0.96,o to,2026-09-16T11:01:31.586651
2509420696228488,car,car,0.96,o to,2026-09-16T11:01:31.586651
2509421229561768,unknown,unknown,0.3,,2026-09-16T11:01:31.586651
2509422112895013,unknown,unknown,0.3,,2026-09-16T11:01:31.586651
2509422272894997,unknown,unknown,0.3,,2026-09-16T11:01:31.586651
2509422542894970,unknown,unknown,0.3,,2026-09-16T11:01:31.586651
2509423306228227,unknown,unknown,0.3,,2026-09-16T11:01:31.586651
2509429096227648,unknown,unknown,0.3,,2026-09-16T11:01:31.586651
2509429879560903,unknown,unknown,0.3,,2026-09-16T11:01:31.586651
2509432609560630,unknown,unknown,0.3,,2026-09-16T11:01:31.586651
2509432746227283,unknown,unknown,0.3,,2026-09-16T11:01:31.586651
2509433592893865,unknown,unknown,0.3,,2026-09-16T11:01:31.586651
2509436212893603,unknown,unknown,0.3,,2026-09-16T11:01:31.586651
2509438012893423,unknown,unknown,0.3,,2026-09-16T11:01:31.586651
2509440946226463,unknown,unknown,0.3,,2026-09-16T11:01:31.586651
2509440969559794,unknown,unknown,0.3,,2026-09-16T11:01:31.586651
2509442402892984,unknown,unknown,0.3,,2026-09-16T11:01:31.586651
2509444506226107,unknown,unknown,0.3,,2026-09-16T11:01:31.586651
2509448126225745,car,car,0.96,oto,2026-09-16T11:01:31.586651
2509450079558883,property,property,0.92,nha cua,2026-09-16T11:01:31.586651
2509461319557759,unknown,unknown,0.3,,2026-09-16T11:01:31.586651
2509462409557650,unknown,unknown,0.3,,2026-09-16T11:01:31.586651
2509466856223872,unknown,unknown,0.3,,2026-09-16T11:01:31.586651
2509473156223242,unknown,unknown,0.3,,2026-09-16T11:01:31.586651
2509474216223136,unknown,unknown,0.3,,2026-09-16T11:01:31.586651
2509477432889481,property,property,0.92,nha cua,2026-09-16T11:01:31.586651
2509485032888721,unknown,unknown,0.3,,2026-09-16T11:01:31.586651
2509491726221385,unknown,unknown,0.3,,2026-09-16T11:01:31.586651
2509494172887807,bank_insurance,bank_insurance,0.86,vay,2026-09-16T11:01:31.586651
2509494252887799,unknown,unknown,0.3,,2026-09-16T11:01:31.586651
2509496349554256,unknown,unknown,0.3,,2026-09-16T11:01:31.586651
2509496799554211,unknown,unknown,0.3,,2026-09-16T11:01:31.586651
2509496932887531,unknown,unknown,0.3,,2026-09-16T11:01:31.586651
2509498346220723,bank_insurance,bank_insurance,0.86,vay,2026-09-16T11:01:31.586651
2509499159553975,unknown,unknown,0.3,,2026-09-16T11:01:31.586651
2509502002887024,unknown,unknown,0.3,,2026-09-16T11:01:31.586651
2509502526220305,unknown,unknown,0.3,,2026-09-16T11:01:31.586651
2509515152885709,unknown,unknown,0.3,,2026-09-16T11:01:31.586651
2509517196218838,unknown,unknown,0.3,,2026-09-16T11:01:31.586651
2509518139552077,unknown,unknown,0.3,,2026-09-16T11:01:31.586651
2509518766218681,unknown,unknown,0.3,,2026-09-16T11:01:31.586651
2509528879551003,unknown,unknown,0.3,,2026-09-16T11:01:31.586651
2509528986217659,unknown,unknown,0.3,,2026-09-16T11:01:31.586651
2509529939550897,property,property,0.92,tai san,2026-09-16T11:01:31.586651
2509530452884179,unknown,unknown,0.3,,2026-09-16T11:01:31.586651
2509532162884008,unknown,unknown,0.3,,2026-09-16T11:01:31.586651
2509533599550531,bank_insurance,bank_insurance,0.86,vay,2026-09-16T11:01:31.586651
2509540069549884,unknown,unknown,0.3,,2026-09-16T11:01:31.586651
2509545219549369,unknown,unknown,0.3,,2026-09-16T11:01:31.586651
2509562016214356,unknown,unknown,0.3,,2026-09-16T11:01:31.586651
2509570032880221,unknown,unknown,0.3,,2026-09-16T11:01:31.586651
2509571172880107,unknown,unknown,0.3,,2026-09-16T11:01:31.586651
2509604156210142,unknown,unknown,0.3,,2026-09-16T11:01:31.586651
2509635402873684,unknown,unknown,0.3,,2026-09-16T11:01:31.586651
2509645196206038,car,car,0.96,oto,2026-09-16T11:01:31.586651
2509655172871707,unknown,unknown,0.3,,2026-09-16T11:01:31.586651
2509657422871482,unknown,unknown,0.3,,2026-09-16T11:01:31.586651
2509657426204815,unknown,unknown,0.3,,2026-09-16T11:01:31.586651
2509663182870906,unknown,unknown,0.3,,2026-09-16T11:01:31.586651
2509670612870163,bank_insurance,bank_insurance,0.86,vay,2026-09-16T11:01:31.586651
2509683169535574,unknown,unknown,0.3,,2026-09-16T11:01:31.586651
2509697959534095,unknown,unknown,0.3,,2026-09-16T11:01:31.586651
2509775856192972,unknown,unknown,0.3,,2026-09-16T11:01:31.586651
2509794309524460,unknown,unknown,0.3,,2026-09-16T11:01:31.586651
2510105309493360,unknown,unknown,0.3,,2026-09-16T11:01:31.586651
2510117932825431,unknown,unknown,0.3,,2026-09-16T11:01:31.586651
2510162639487627,property,property,0.92,tai san,2026-09-16T11:01:31.586651
2510164856154072,unknown,unknown,0.3,,2026-09-16T11:01:31.586651
2510195299484361,unknown,unknown,0.3,,2026-09-16T11:01:31.586651
2510204089483482,unknown,unknown,0.3,,2026-09-16T11:01:31.586651
2510220662815158,unknown,unknown,0.3,,2026-09-16T11:01:31.586651
2510224472814777,property,property,0.92,hang hoa,2026-09-16T11:01:31.586651
2510226826147875,unknown,unknown,0.3,,2026-09-16T11:01:31.586651
2510228332814391,property,property,0.92,tai san,2026-09-16T11:01:31.586651
2510261136144444,unknown,unknown,0.3,,2026-09-16T11:01:31.586651
2510273682809856,car,car,0.96,oto,2026-09-16T11:01:31.586651
2510330846137473,unknown,unknown,0.3,,2026-09-16T11:01:31.586651
2511006046069953,unknown,unknown,0.3,,2026-09-16T11:01:31.586651
2509503202886904,unknown,unknown,0.3,,2026-09-16T11:01:31.586651
2509506762886548,unknown,unknown,0.3,,2026-09-16T11:01:31.586651
2509507246219833,unknown,unknown,0.3,,2026-09-16T11:01:31.586651
2509511056219452,unknown,unknown,0.3,,2026-09-16T11:01:31.586651
2509511142886110,unknown,unknown,0.3,,2026-09-16T11:01:31.586651
2509511372886087,unknown,unknown,0.3,,2026-09-16T11:01:31.586651
2509521342885090,car,car,0.96,o to,2026-09-16T11:01:31.586651
2509521926218365,unknown,unknown,0.3,,2026-09-16T11:01:31.586651
2509523709551520,unknown,unknown,0.3,,2026-09-16T11:01:31.586651
2509523759551515,unknown,unknown,0.3,,2026-09-16T11:01:31.586651
2509525049551386,unknown,unknown,0.3,,2026-09-16T11:01:31.586651
2509525139551377,unknown,unknown,0.3,,2026-09-16T11:01:31.586651
2509526136217944,unknown,unknown,0.3,,2026-09-16T11:01:31.586651
2509526809551210,unknown,unknown,0.3,,2026-09-16T11:01:31.586651
2509527746217783,unknown,unknown,0.3,,2026-09-16T11:01:31.586651
2509528919550999,unknown,unknown,0.3,,2026-09-16T11:01:31.586651
2509528926217665,unknown,unknown,0.3,,2026-09-16T11:01:31.586651
2509538229550068,unknown,unknown,0.3,,2026-09-16T11:01:31.586651
2509547112882513,car,car,0.96,o to,2026-09-16T11:01:31.586651
2509548446215713,unknown,unknown,0.3,,2026-09-16T11:01:31.586651
2509548589549032,car,car,0.96,o to,2026-09-16T11:01:31.586651
2509549399548951,unknown,unknown,0.3,,2026-09-16T11:01:31.586651
2509550292882195,unknown,unknown,0.3,,2026-09-16T11:01:31.586651
2509568269547064,unknown,unknown,0.3,,2026-09-16T11:01:31.586651
2509570166213541,unknown,unknown,0.3,,2026-09-16T11:01:31.586651
2509592089544682,unknown,unknown,0.3,,2026-09-16T11:01:31.586651
2509656216204936,bank_insurance,bank_insurance,0.86,vay,2026-09-16T11:01:31.586651
2510197892817435,unknown,unknown,0.3,,2026-09-16T11:01:31.586651
2510339646136593,unknown,unknown,0.3,,2026-09-16T11:01:31.586651
2510346626135895,unknown,unknown,0.3,,2026-09-16T11:01:31.586651
2510443259459565,unknown,unknown,0.3,,2026-09-16T11:01:31.586651
2510549666115591,non_life_general,non_life_general,0.75,pvi,2026-09-16T11:01:31.586651
2510554062781818,non_life_general,non_life_general,0.75,pvi,2026-09-16T11:01:31.586651
2510719892765235,unknown,unknown,0.3,,2026-09-16T11:01:31.586651
2510725342764690,car,car,0.96,oto,2026-09-16T11:01:31.586651
2510727009431190,unknown,unknown,0.3,,2026-09-16T11:01:31.586651
2510734349430456,car,car,0.96,oto,2026-09-16T11:01:31.586651
2510745132762711,unknown,unknown,0.3,,2026-09-16T11:01:31.586651
2510751232762101,car,car,0.96,oto,2026-09-16T11:01:31.586651
2511093329394558,car,car,0.96,o to,2026-09-16T11:01:31.586651
2511125229391368,unknown,unknown,0.3,,2026-09-16T11:01:31.586651
2510304946140063,non_life_general,non_life_general,0.75,pvi,2026-09-16T11:01:31.586651
2510309309472960,unknown,unknown,0.3,,2026-09-16T11:01:31.586651
2510309756139582,unknown,unknown,0.3,,2026-09-16T11:01:31.586651
2510310042806220,non_life_general,non_life_general,0.75,pvi,2026-09-16T11:01:31.586651
2510310916139466,unknown,unknown,0.3,,2026-09-16T11:01:31.586651
2510315619472329,non_life_general,non_life_general,0.75,pvi,2026-09-16T11:01:31.586651
2510321219471769,unknown,unknown,0.3,,2026-09-16T11:01:31.586651
2510334102803814,car,car,0.96,xe hoi,2026-09-16T11:01:31.586651
2510340396136518,unknown,unknown,0.3,,2026-09-16T11:01:31.586651
2510343332802891,unknown,unknown,0.3,,2026-09-16T11:01:31.586651
2510346712802553,unknown,unknown,0.3,,2026-09-16T11:01:31.586651
2510354696135088,unknown,unknown,0.3,,2026-09-16T11:01:31.586651
2510362409467650,non_life_general,non_life_general,0.75,bao minh,2026-09-16T11:01:31.586651
2510370369466854,health,health,0.88,suc khoe,2026-09-16T11:01:31.586651
2510377619466129,unknown,unknown,0.3,,2026-09-16T11:01:31.586651
2510422022795022,bank_insurance,bank_insurance,0.86,vay,2026-09-16T11:01:31.586651
2510424219461469,unknown,unknown,0.3,,2026-09-16T11:01:31.586651
2510437046126853,unknown,unknown,0.3,,2026-09-16T11:01:31.586651
2510458599458031,unknown,unknown,0.3,,2026-09-16T11:01:31.586651
2510463986124159,unknown,unknown,0.3,,2026-09-16T11:01:31.586651
2510476476122910,non_life_general,non_life_general,0.75,pvi,2026-09-16T11:01:31.586651
2510486706121887,unknown,unknown,0.3,,2026-09-16T11:01:31.586651
2510487456121812,non_life_general,non_life_general,0.75,bao minh,2026-09-16T11:01:31.586651
2510574442779780,non_life_general,non_life_general,0.75,bao minh,2026-09-16T11:01:31.586651
2510695999434291,non_life_general,non_life_general,0.75,bao minh,2026-09-16T11:01:31.586651
2510729112764313,unknown,unknown,0.3,,2026-09-16T11:01:31.586651
2510748872762337,unknown,unknown,0.3,,2026-09-16T11:01:31.586651
2510753496095208,unknown,unknown,0.3,,2026-09-16T11:01:31.586651
2511285526042005,unknown,unknown,0.3,,2026-09-16T11:01:31.586651
2511303632706861,unknown,unknown,0.3,,2026-09-16T11:01:31.586651
2512041289299762,car,car,0.96,đăng kiểm,2026-09-16T11:01:31.586651
2513078072529417,unknown,unknown,0.3,,2026-09-16T11:01:31.586651
2510306549473236,life,life_general,0.82,nhan tho,2026-09-16T11:01:31.586651
2510308156139742,unknown,unknown,0.3,,2026-09-16T11:01:31.586651
2510308519473039,unknown,unknown,0.3,,2026-09-16T11:01:31.586651
2510308862806338,unknown,unknown,0.3,,2026-09-16T11:01:31.586651
2510309316139626,unknown,unknown,0.3,,2026-09-16T11:01:31.586651
2510309429472948,unknown,unknown,0.3,,2026-09-16T11:01:31.586651
2510309472806277,unknown,unknown,0.3,,2026-09-16T11:01:31.586651
2510311992806025,unknown,unknown,0.3,,2026-09-16T11:01:31.586651
2510313392805885,unknown,unknown,0.3,,2026-09-16T11:01:31.586651
2510370489466842,health,health,0.88,suc khoe,2026-09-16T11:01:31.586651
2510373759466515,unknown,unknown,0.3,,2026-09-16T11:01:31.586651
2510375282799696,unknown,unknown,0.3,,2026-09-16T11:01:31.586651
2510375749466316,non_life_general,non_life_general,0.75,mic,2026-09-16T11:01:31.586651
2510375809466310,unknown,unknown,0.3,,2026-09-16T11:01:31.586651
2510415882795636,unknown,unknown,0.3,,2026-09-16T11:01:31.586651
2510416379462253,unknown,unknown,0.3,,2026-09-16T11:01:31.586651
2510427109461180,non_life_general,non_life_general,0.75,pvi,2026-09-16T11:01:31.586651
2511304302706794,unknown,unknown,0.3,,2026-09-16T11:01:31.586651
2511306019373289,unknown,unknown,0.3,,2026-09-16T11:01:31.586651
2511335429370348,unknown,unknown,0.3,,2026-09-16T11:01:31.586651
2512041005966457,car,car,0.96,đăng kiểm,2026-09-16T11:01:31.586651
2510410046129553,unknown,unknown,0.3,,2026-09-16T11:01:31.586651
2510413452795879,unknown,unknown,0.3,,2026-09-16T11:01:31.586651
2510415642795660,unknown,unknown,0.3,,2026-09-16T11:01:31.586651
2510417082795516,unknown,unknown,0.3,,2026-09-16T11:01:31.586651
2510419656128592,unknown,unknown,0.3,,2026-09-16T11:01:31.586651
2510420502795174,unknown,unknown,0.3,,2026-09-16T11:01:31.586651
2510446829459208,unknown,unknown,0.3,,2026-09-16T11:01:31.586651
2510458986124659,bank_insurance,bank_insurance,0.86,vay,2026-09-16T11:01:31.586651
2510459882791236,unknown,unknown,0.3,,2026-09-16T11:01:31.586651
2510463996124158,unknown,unknown,0.3,,2026-09-16T11:01:31.586651
2510487779455113,unknown,unknown,0.3,,2026-09-16T11:01:31.586651
2510488066121751,unknown,unknown,0.3,,2026-09-16T11:01:31.586651
2510488472788377,unknown,unknown,0.3,,2026-09-16T11:01:31.586651
2510490496121508,unknown,unknown,0.3,,2026-09-16T11:01:31.586651
2510491119454779,unknown,unknown,0.3,,2026-09-16T11:01:31.586651
2510491746121383,unknown,unknown,0.3,,2026-09-16T11:01:31.586651
2510614432775781,unknown,unknown,0.3,,2026-09-16T11:01:31.586651
2512160319287859,unknown,unknown,0.3,,2026-09-16T11:01:31.586651
2510528019451089,unknown,unknown,0.3,,2026-09-16T11:01:31.586651
2510532146117343,unknown,unknown,0.3,,2026-09-16T11:01:31.586651
2510534516117106,bank_insurance,bank_insurance,0.86,vay,2026-09-16T11:01:31.586651
2510536846116873,unknown,unknown,0.3,,2026-09-16T11:01:31.586651
2510542136116344,unknown,unknown,0.3,,2026-09-16T11:01:31.586651
2510543849449506,unknown,unknown,0.3,,2026-09-16T11:01:31.586651
2510551372782087,unknown,unknown,0.3,,2026-09-16T11:01:31.586651
2510553356115222,unknown,unknown,0.3,,2026-09-16T11:01:31.586651
2510554066115151,unknown,unknown,0.3,,2026-09-16T11:01:31.586651
2510554716115086,unknown,unknown,0.3,,2026-09-16T11:01:31.586651
2510564552780769,bank_insurance,bank_insurance,0.86,vay,2026-09-16T11:01:31.586651
2510585906111967,unknown,unknown,0.3,,2026-09-16T11:01:31.586651
2510602979443593,unknown,unknown,0.3,,2026-09-16T11:01:31.586651
2510623399441551,unknown,unknown,0.3,,2026-09-16T11:01:31.586651
2510761526094405,unknown,unknown,0.3,,2026-09-16T11:01:31.586651
2511031222734102,car,car,0.96,o to,2026-09-16T11:01:31.586651
2511228892714335,unknown,unknown,0.3,,2026-09-16T11:01:31.586651
2511291709374720,unknown,unknown,0.3,,2026-09-16T11:01:31.586651
2511299392707285,unknown,unknown,0.3,,2026-09-16T11:01:31.586651
2511329382704286,unknown,unknown,0.3,,2026-09-16T11:01:31.586651
2511371982700026,unknown,unknown,0.3,,2026-09-16T11:01:31.586651
2510569886113569,unknown,unknown,0.3,,2026-09-16T11:01:31.586651
2512264095944148,unknown,unknown,0.3,,2026-09-16T11:01:31.586651
2512264175944140,unknown,unknown,0.3,,2026-09-16T11:01:31.586651
2511316889372202,unknown,unknown,0.3,,2026-09-16T11:01:31.586651
2511320942705130,unknown,unknown,0.3,,2026-09-16T11:01:31.586651
2511324829371408,unknown,unknown,0.3,,2026-09-16T11:01:31.586651
2511325986037959,unknown,unknown,0.3,,2026-09-16T11:01:31.586651
2511328986037659,unknown,unknown,0.3,,2026-09-16T11:01:31.586651
2511332342703990,unknown,unknown,0.3,,2026-09-16T11:01:31.586651
2511339086036649,unknown,unknown,0.3,,2026-09-16T11:01:31.586651
2511339482703276,unknown,unknown,0.3,,2026-09-16T11:01:31.586651
2511340979369793,unknown,unknown,0.3,,2026-09-16T11:01:31.586651
2511341199369771,unknown,unknown,0.3,,2026-09-16T11:01:31.586651
2511341419369749,unknown,unknown,0.3,,2026-09-16T11:01:31.586651
2511343392702885,bank_insurance,bank_insurance,0.86,vay,2026-09-16T11:01:31.586651
2511344866036071,car,car,0.96,oto,2026-09-16T11:01:31.586651
2511349659368925,unknown,unknown,0.3,,2026-09-16T11:01:31.586651
2511351656035392,unknown,unknown,0.3,,2026-09-16T11:01:31.586651
2511363096034248,unknown,unknown,0.3,,2026-09-16T11:01:31.586651
2511365616033996,unknown,unknown,0.3,,2026-09-16T11:01:31.586651
2511373892699835,car,car,0.96,oto,2026-09-16T11:01:31.586651
2511382672698957,unknown,unknown,0.3,,2026-09-16T11:01:31.586651
2511387826031775,bank_insurance,bank_insurance,0.86,vay,2026-09-16T11:01:31.586651
2511392399364651,unknown,unknown,0.3,,2026-09-16T11:01:31.586651
2511400972697127,unknown,unknown,0.3,,2026-09-16T11:01:31.586651
2511404139363477,bank_insurance,bank_insurance,0.86,vay,2026-09-16T11:01:31.586651
2511416129362278,unknown,unknown,0.3,,2026-09-16T11:01:31.586651
2511421146028443,unknown,unknown,0.3,,2026-09-16T11:01:31.586651
2511488512688373,unknown,unknown,0.3,,2026-09-16T11:01:31.586651
2511887342648490,unknown,unknown,0.3,,2026-09-16T11:01:31.586651
2511900095980548,unknown,unknown,0.3,,2026-09-16T11:01:31.586651
2511997769304114,unknown,unknown,0.3,,2026-09-16T11:01:31.586651
2512008082636416,property,property,0.92,tai san,2026-09-16T11:01:31.586651
2512038662633358,unknown,unknown,0.3,,2026-09-16T11:01:31.586651
2512812345889323,unknown,unknown,0.3,,2026-09-16T11:01:31.586651
2512821339221757,unknown,unknown,0.3,,2026-09-16T11:01:31.586651
2511686462668578,unknown,unknown,0.3,,2026-09-16T11:01:31.586651
2511704666000091,unknown,unknown,0.3,,2026-09-16T11:01:31.586651
2511813165989241,non_life_general,non_life_general,0.75,mic,2026-09-16T11:01:31.586651
2511884759315415,unknown,unknown,0.3,,2026-09-16T11:01:31.586651
2511896132647611,health,health,0.88,suc khoe,2026-09-16T11:01:31.586651
2511933695977188,unknown,unknown,0.3,,2026-09-16T11:01:31.586651
2511939572643267,unknown,unknown,0.3,,2026-09-16T11:01:31.586651
2512100989293792,health,health,0.88,suc khoe,2026-09-16T11:01:31.586651
2512134702623754,unknown,unknown,0.3,,2026-09-16T11:01:31.586651
2512135492623675,car,car,0.96,đăng kiểm,2026-09-16T11:01:31.586651
2512186655951892,non_life_general,non_life_general,0.75,pvi,2026-09-16T11:01:31.586651
2512192385951319,health,health,0.88,suc khoe,2026-09-16T11:01:31.586651
2512242435946314,unknown,unknown,0.3,,2026-09-16T11:01:31.586651
2512054665965091,bank_insurance,bank_insurance,0.86,vay,2026-09-16T11:01:31.586651
2512055655964992,unknown,unknown,0.3,,2026-09-16T11:01:31.586651
2512067759297115,unknown,unknown,0.3,,2026-09-16T11:01:31.586651
2512077339296157,unknown,unknown,0.3,,2026-09-16T11:01:31.586651
2512079135962644,unknown,unknown,0.3,,2026-09-16T11:01:31.586651
2512079302629294,property,property,0.92,chay no,2026-09-16T11:01:31.586651
2512080232629201,unknown,unknown,0.3,,2026-09-16T11:01:31.586651
2512091639294727,unknown,unknown,0.3,,2026-09-16T11:01:31.586651
2512092229294668,unknown,unknown,0.3,,2026-09-16T11:01:31.586651
2512099899293901,bank_insurance,bank_insurance,0.86,vay,2026-09-16T11:01:31.586651
2512104945960063,bank_insurance,bank_insurance,0.86,vay,2026-09-16T11:01:31.586651
2512107655959792,unknown,unknown,0.3,,2026-09-16T11:01:31.586651
2512108025959755,unknown,unknown,0.3,,2026-09-16T11:01:31.586651
2512108315959726,motorbike,motorbike,0.98,xe may,2026-09-16T11:01:31.586651
2512109635959594,unknown,unknown,0.3,,2026-09-16T11:01:31.586651
2512112022626022,car,car,0.96,đăng kiểm,2026-09-16T11:01:31.586651
2512115859292305,unknown,unknown,0.3,,2026-09-16T11:01:31.586651
2512147379289153,unknown,unknown,0.3,,2026-09-16T11:01:31.586651
2512155742621650,non_life_general,non_life_general,0.75,pti,2026-09-16T11:01:31.586651
2512185969285294,unknown,unknown,0.3,,2026-09-16T11:01:31.586651
2512211795949378,unknown,unknown,0.3,,2026-09-16T11:01:31.586651
2512214745949083,unknown,unknown,0.3,,2026-09-16T11:01:31.586651
2512890342548190,unknown,unknown,0.3,,2026-09-16T11:01:31.586651
2512907189213172,unknown,unknown,0.3,,2026-09-16T11:01:31.586651
2513049559198935,unknown,unknown,0.3,,2026-09-16T11:01:31.586651
2512290502608174,unknown,unknown,0.3,,2026-09-16T11:01:31.586651
2512294229274468,bank_insurance,bank_insurance,0.86,vay,2026-09-16T11:01:31.586651
2512294632607761,unknown,unknown,0.3,,2026-09-16T11:01:31.586651
2512299969273894,unknown,unknown,0.3,,2026-09-16T11:01:31.586651
2512300645940493,unknown,unknown,0.3,,2026-09-16T11:01:31.586651
2512300889273802,unknown,unknown,0.3,,2026-09-16T11:01:31.586651
2512301149273776,car,car,0.96,o to,2026-09-16T11:01:31.586651
2512305322606692,unknown,unknown,0.3,,2026-09-16T11:01:31.586651
2512307509273140,property,property,0.92,tai san,2026-09-16T11:01:31.586651
2512312152606009,unknown,unknown,0.3,,2026-09-16T11:01:31.586651
2512317525938805,unknown,unknown,0.3,,2026-09-16T11:01:31.586651
2512317542605470,car,car,0.96,o to,2026-09-16T11:01:31.586651
2512318655938692,unknown,unknown,0.3,,2026-09-16T11:01:31.586651
2512338159270075,unknown,unknown,0.3,,2026-09-16T11:01:31.586651
2512341055936452,unknown,unknown,0.3,,2026-09-16T11:01:31.586651
2512346392602585,bank_insurance,bank_insurance,0.86,vay,2026-09-16T11:01:31.586651
2512347705935787,unknown,unknown,0.3,,2026-09-16T11:01:31.586651
2512349812602243,unknown,unknown,0.3,,2026-09-16T11:01:31.586651
2512353772601847,unknown,unknown,0.3,,2026-09-16T11:01:31.586651
2512359509267940,unknown,unknown,0.3,,2026-09-16T11:01:31.586651
2512383275932230,critical_illness,critical_illness,0.9,ung thu,2026-09-16T11:01:31.586651
2512384855932072,unknown,unknown,0.3,,2026-09-16T11:01:31.586651
2512386435931914,unknown,unknown,0.3,,2026-09-16T11:01:31.586651
2512386559265235,unknown,unknown,0.3,,2026-09-16T11:01:31.586651
2512389909264900,unknown,unknown,0.3,,2026-09-16T11:01:31.586651
2512400255930532,unknown,unknown,0.3,,2026-09-16T11:01:31.586651
2512428635927694,unknown,unknown,0.3,,2026-09-16T11:01:31.586651
2512481839255707,unknown,unknown,0.3,,2026-09-16T11:01:31.586651
2512486775921880,unknown,unknown,0.3,,2026-09-16T11:01:31.586651
2512501569253734,unknown,unknown,0.3,,2026-09-16T11:01:31.586651
2512502449253646,unknown,unknown,0.3,,2026-09-16T11:01:31.586651
2512503645920193,unknown,unknown,0.3,,2026-09-16T11:01:31.586651
2512507129253178,unknown,unknown,0.3,,2026-09-16T11:01:31.586651
2512523759251515,motorbike,motorbike,0.98,xe may,2026-09-16T11:01:31.586651
2512826199221271,unknown,unknown,0.3,,2026-09-16T11:01:31.586651
2512339829269908,unknown,unknown,0.3,,2026-09-16T11:01:31.586651
2512351729268718,unknown,unknown,0.3,,2026-09-16T11:01:31.586651
2512354169268474,unknown,unknown,0.3,,2026-09-16T11:01:31.586651
2512362682600956,unknown,unknown,0.3,,2026-09-16T11:01:31.586651
2512362985934259,unknown,unknown,0.3,,2026-09-16T11:01:31.586651
2512363725934185,unknown,unknown,0.3,,2026-09-16T11:01:31.586651
2512385692598655,unknown,unknown,0.3,,2026-09-16T11:01:31.586651
2512422689261622,unknown,unknown,0.3,,2026-09-16T11:01:31.586651
2135343557052446,health,health,0.88,suc khoe,2026-09-16T11:01:31.586651
2135777663675702,life,life_general,0.82,bhnt,2026-09-16T11:01:31.586651
2137174826869319,unknown,unknown,0.3,,2026-09-16T11:01:31.586651
2137184006868401,unknown,unknown,0.3,,2026-09-16T11:01:31.586651
2137185450201590,unknown,unknown,0.3,,2026-09-16T11:01:31.586651
2137194203534048,unknown,unknown,0.3,,2026-09-16T11:01:31.586651
2137211870198948,unknown,unknown,0.3,,2026-09-16T11:01:31.586651
2137225160197619,unknown,unknown,0.3,,2026-09-16T11:01:31.586651
2137245053528963,unknown,unknown,0.3,,2026-09-16T11:01:31.586651
2137806286806173,unknown,unknown,0.3,,2026-09-16T11:01:31.586651
2137864426800359,unknown,unknown,0.3,,2026-09-16T11:01:31.586651
2139092603344208,unknown,unknown,0.3,,2026-09-16T11:01:31.586651
2139092970010838,life,life_general,0.82,nhan tho,2026-09-16T11:01:31.586651
2139107400009395,unknown,unknown,0.3,,2026-09-16T11:01:31.586651
2139113123342156,unknown,unknown,0.3,,2026-09-16T11:01:31.586651
2139243109995824,unknown,unknown,0.3,,2026-09-16T11:01:31.586651
2139502856636516,life,life_general,0.82,nhan tho,2026-09-16T11:01:31.586651
2139545026632299,unknown,unknown,0.3,,2026-09-16T11:01:31.586651
1627729178811382,unknown,unknown,0.3,,2026-09-16T11:01:31.586651
1627729188811381,unknown,unknown,0.3,,2026-09-16T11:01:31.586651
1627729192144714,unknown,unknown,0.3,,2026-09-16T11:01:31.586651
1627729198811380,unknown,unknown,0.3,,2026-09-16T11:01:31.586651
1627729232144710,unknown,unknown,0.3,,2026-09-16T11:01:31.586651
1627793735471593,unknown,unknown,0.3,,2026-09-16T11:01:31.586651
1627793962138237,unknown,unknown,0.3,,2026-09-16T11:01:31.586651
1627800865470880,unknown,unknown,0.3,,2026-09-16T11:01:31.586651
1627801558804144,unknown,unknown,0.3,,2026-09-16T11:01:31.586651
1627808062136827,unknown,unknown,0.3,,2026-09-16T11:01:31.586651
1627811048803195,unknown,unknown,0.3,,2026-09-16T11:01:31.586651
1627811382136495,unknown,unknown,0.3,,2026-09-16T11:01:31.586651
1627811808803119,unknown,unknown,0.3,,2026-09-16T11:01:31.586651
1627819972135636,unknown,unknown,0.3,,2026-09-16T11:01:31.586651
1627822038802096,unknown,unknown,0.3,,2026-09-16T11:01:31.586651
1627822392135394,unknown,unknown,0.3,,2026-09-16T11:01:31.586651
1627826965468270,unknown,unknown,0.3,,2026-09-16T11:01:31.586651
1627829048801395,unknown,unknown,0.3,,2026-09-16T11:01:31.586651
1627835865467380,unknown,unknown,0.3,,2026-09-16T11:01:31.586651
1627868288797471,unknown,unknown,0.3,,2026-09-16T11:01:31.586651
1627928755458091,unknown,unknown,0.3,,2026-09-16T11:01:31.586651
1627985005452466,unknown,unknown,0.3,,2026-09-16T11:01:31.586651
1628001195450847,unknown,unknown,0.3,,2026-09-16T11:01:31.586651
1628021012115532,unknown,unknown,0.3,,2026-09-16T11:01:31.586651
1628113192106314,unknown,unknown,0.3,,2026-09-16T11:01:31.586651
1627843748799925,unknown,unknown,0.3,,2026-09-16T11:01:31.586651
1627844565466510,unknown,unknown,0.3,,2026-09-16T11:01:31.586651
1627907035460263,unknown,unknown,0.3,,2026-09-16T11:01:31.586651
1627907678793532,unknown,unknown,0.3,,2026-09-16T11:01:31.586651
1627907825460184,property,property,0.92,tai san,2026-09-16T11:01:31.586651
1627908002126833,health,health,0.88,suc khoe,2026-09-16T11:01:31.586651
1627908722126761,health,health,0.88,suc khoe,2026-09-16T11:01:31.586651
1627909242126709,unknown,unknown,0.3,,2026-09-16T11:01:31.586651
1627909818793318,critical_illness,critical_illness,0.9,ung thu,2026-09-16T11:01:31.586651
1627909925459974,unknown,unknown,0.3,,2026-09-16T11:01:31.586651
1627909928793307,health,health,0.88,vien phi,2026-09-16T11:01:31.586651
1627910338793266,unknown,unknown,0.3,,2026-09-16T11:01:31.586651
1627910372126596,critical_illness,critical_illness,0.9,ung thu,2026-09-16T11:01:31.586651
1627911078793192,unknown,unknown,0.3,,2026-09-16T11:01:31.586651
1627911198793180,unknown,unknown,0.3,,2026-09-16T11:01:31.586651
1627911982126435,health,health,0.88,suc khoe,2026-09-16T11:01:31.586651
1627912005459766,unknown,unknown,0.3,,2026-09-16T11:01:31.586651
1627912342126399,life,life_general,0.82,nhan tho,2026-09-16T11:01:31.586651
1627912612126372,unknown,unknown,0.3,,2026-09-16T11:01:31.586651
1627913498792950,life,life_general,0.82,bhnt,2026-09-16T11:01:31.586651
1627915502126083,life,life_general,0.82,nhan tho,2026-09-16T11:01:31.586651
1627915632126070,unknown,unknown,0.3,,2026-09-16T11:01:31.586651
1627915718792728,unknown,unknown,0.3,,2026-09-16T11:01:31.586651
1627915728792727,unknown,unknown,0.3,,2026-09-16T11:01:31.586651
1627915785459388,health,health,0.88,suc khoe,2026-09-16T11:01:31.586651
1627916215459345,unknown,unknown,0.3,,2026-09-16T11:01:31.586651
1627916678792632,life,universal_life,0.92,lai suat cam ket,2026-09-16T11:01:31.586651
1627918762125757,unknown,unknown,0.3,,2026-09-16T11:01:31.586651
1627919065459060,unknown,unknown,0.3,,2026-09-16T11:01:31.586651
1627919808792319,health,health,0.88,suc khoe,2026-09-16T11:01:31.586651
1627920542125579,unknown,unknown,0.3,,2026-09-16T11:01:31.586651
1627920685458898,unknown,unknown,0.3,,2026-09-16T11:01:31.586651
1627920922125541,unknown,unknown,0.3,,2026-09-16T11:01:31.586651
1627921885458778,unknown,unknown,0.3,,2026-09-16T11:01:31.586651
1627922008792099,unknown,unknown,0.3,,2026-09-16T11:01:31.586651
1627922798792020,critical_illness,critical_illness,0.9,benh hiem ngheo,2026-09-16T11:01:31.586651
1627923115458655,health,health,0.88,suc khoe,2026-09-16T11:01:31.586651
1627923148791985,life,life_general,0.82,nhan tho,2026-09-16T11:01:31.586651
1627923235458643,critical_illness,critical_illness,0.9,ung thu,2026-09-16T11:01:31.586651
1627924758791824,life,life_general,0.82,bhnt,2026-09-16T11:01:31.586651
1627924855458481,unknown,unknown,0.3,,2026-09-16T11:01:31.586651
1627925385458428,health,health,0.88,suc khoe,2026-09-16T11:01:31.586651
1627927445458222,life,life_general,0.82,nhan tho,2026-09-16T11:01:31.586651
1627927475458219,unknown,unknown,0.3,,2026-09-16T11:01:31.586651
1627927562124877,unknown,unknown,0.3,,2026-09-16T11:01:31.586651
1627928252124808,unknown,unknown,0.3,,2026-09-16T11:01:31.586651
1627929178791382,life,life_general,0.82,bhnt,2026-09-16T11:01:31.586651
1627930958791204,unknown,unknown,0.3,,2026-09-16T11:01:31.586651
1627931788791121,critical_illness,critical_illness,0.9,benh hiem ngheo,2026-09-16T11:01:31.586651
1627931812124452,health,health,0.88,noi tru,2026-09-16T11:01:31.586651
1627932752124358,critical_illness,critical_illness,0.9,ung thu,2026-09-16T11:01:31.586651
1627934392124194,life,life_general,0.82,bhnt,2026-09-16T11:01:31.586651
1627936618790638,unknown,unknown,0.3,,2026-09-16T11:01:31.586651
1627936858790614,life,life_general,0.82,nhan tho,2026-09-16T11:01:31.586651
1627937268790573,unknown,unknown,0.3,,2026-09-16T11:01:31.586651
1627937445457222,unknown,unknown,0.3,,2026-09-16T11:01:31.586651
1627938392123794,critical_illness,critical_illness,0.9,benh hiem ngheo,2026-09-16T11:01:31.586651
1627939195457047,unknown,unknown,0.3,,2026-09-16T11:01:31.586651
1627939845456982,health,health,0.88,suc khoe,2026-09-16T11:01:31.586651
1627941178790182,unknown,unknown,0.3,,2026-09-16T11:01:31.586651
1627941898790110,unknown,unknown,0.3,,2026-09-16T11:01:31.586651
1627941965456770,unknown,unknown,0.3,,2026-09-16T11:01:31.586651
1627944105456556,health,health,0.88,suc khoe,2026-09-16T11:01:31.586651
1627946395456327,unknown,unknown,0.3,,2026-09-16T11:01:31.586651
1627947422122891,unknown,unknown,0.3,,2026-09-16T11:01:31.586651
1627948162122817,unknown,unknown,0.3,,2026-09-16T11:01:31.586651
1627949695455997,car,car,0.96,o to,2026-09-16T11:01:31.586651
1627951188789181,unknown,unknown,0.3,,2026-09-16T11:01:31.586651
1627955265455440,unknown,unknown,0.3,,2026-09-16T11:01:31.586651
1627955448788755,unknown,unknown,0.3,,2026-09-16T11:01:31.586651
1627956292122004,unknown,unknown,0.3,,2026-09-16T11:01:31.586651
1627957058788594,health,health,0.88,suc khoe,2026-09-16T11:01:31.586651
1627961658788134,health,health,0.88,suc khoe,2026-09-16T11:01:31.586651
1627965635454403,health,health,0.88,noi tru,2026-09-16T11:01:31.586651
1627966458787654,unknown,unknown,0.3,,2026-09-16T11:01:31.586651
1627966542120979,unknown,unknown,0.3,,2026-09-16T11:01:31.586651
1627969632120670,health,health,0.88,vien phi,2026-09-16T11:01:31.586651
1627971758787124,unknown,unknown,0.3,,2026-09-16T11:01:31.586651
1627975125453454,unknown,unknown,0.3,,2026-09-16T11:01:31.586651
1627977805453186,unknown,unknown,0.3,,2026-09-16T11:01:31.586651
1627979375453029,unknown,unknown,0.3,,2026-09-16T11:01:31.586651
1627979815452985,bank_insurance,bank_insurance,0.86,ngan hang,2026-09-16T11:01:31.586651
1627980768786223,unknown,unknown,0.3,,2026-09-16T11:01:31.586651
1627981632119470,unknown,unknown,0.3,,2026-09-16T11:01:31.586651
1627984285452538,health,health,0.88,vien phi,2026-09-16T11:01:31.586651
1627984742119159,unknown,unknown,0.3,,2026-09-16T11:01:31.586651
1627985482119085,unknown,unknown,0.3,,2026-09-16T11:01:31.586651
1627985695452397,unknown,unknown,0.3,,2026-09-16T11:01:31.586651
1627990972118536,critical_illness,critical_illness,0.9,ung thu,2026-09-16T11:01:31.586651
1627994302118203,unknown,unknown,0.3,,2026-09-16T11:01:31.586651
1627996172118016,life,universal_life,0.92,lai suat cam ket,2026-09-16T11:01:31.586651
1627998985451068,unknown,unknown,0.3,,2026-09-16T11:01:31.586651
1628003695450597,unknown,unknown,0.3,,2026-09-16T11:01:31.586651
1628005832117050,unknown,unknown,0.3,,2026-09-16T11:01:31.586651
1628012872116346,unknown,unknown,0.3,,2026-09-16T11:01:31.586651
1628015872116046,unknown,unknown,0.3,,2026-09-16T11:01:31.586651
1628020045448962,life,life_general,0.82,nhan tho,2026-09-16T11:01:31.586651
1628078155443151,unknown,unknown,0.3,,2026-09-16T11:01:31.586651
1628104128773887,health,health,0.88,suc khoe,2026-09-16T11:01:31.586651
1628107075440259,life,life_general,0.82,nhan tho,2026-09-16T11:01:31.586651
1628109288773371,health,health,0.88,suc khoe,2026-09-16T11:01:31.586651
1628113338772966,unknown,unknown,0.3,,2026-09-16T11:01:31.586651
1628123855438581,unknown,unknown,0.3,,2026-09-16T11:01:31.586651
1628132575437709,unknown,unknown,0.3,,2026-09-16T11:01:31.586651
1628194248764875,unknown,unknown,0.3,,2026-09-16T11:01:31.586651
2117236335544168,unknown,unknown,0.3,,2026-09-16T11:01:31.586651
2117276878873447,unknown,unknown,0.3,,2026-09-16T11:01:31.586651
2117279092206559,bank_insurance,bank_insurance,0.86,vay,2026-09-16T11:01:31.586651
2117440012190467,unknown,unknown,0.3,,2026-09-16T11:01:31.586651
2117497958851339,bank_insurance,bank_insurance,0.86,ngan hang,2026-09-16T11:01:31.586651
2117504088850726,unknown,unknown,0.3,,2026-09-16T11:01:31.586651
2117607478840387,bank_insurance,bank_insurance,0.86,vay,2026-09-16T11:01:31.586651
2117277725540029,unknown,unknown,0.3,,2026-09-16T11:01:31.586651
2117309135536888,unknown,unknown,0.3,,2026-09-16T11:01:31.586651
2117323918868743,unknown,unknown,0.3,,2026-09-16T11:01:31.586651
2117656732168795,critical_illness,critical_illness,0.9,ung thu,2026-09-16T11:01:31.586651
2117399012194567,unknown,unknown,0.3,,2026-09-16T11:01:31.586651
2117427815525020,unknown,unknown,0.3,,2026-09-16T11:01:31.586651
2117431905524611,bank_insurance,bank_insurance,0.86,vay,2026-09-16T11:01:31.586651
2117432675524534,unknown,unknown,0.3,,2026-09-16T11:01:31.586651
2117433012191167,health,health,0.88,suc khoe,2026-09-16T11:01:31.586651
2117454688855666,unknown,unknown,0.3,,2026-09-16T11:01:31.586651
2117539452180523,unknown,unknown,0.3,,2026-09-16T11:01:31.586651
2117541855513616,unknown,unknown,0.3,,2026-09-16T11:01:31.586651
2117548358846299,unknown,unknown,0.3,,2026-09-16T11:01:31.586651
2117554675512334,unknown,unknown,0.3,,2026-09-16T11:01:31.586651
2117556535512148,bank_insurance,bank_insurance,0.86,vay,2026-09-16T11:01:31.586651
2117569278844207,unknown,unknown,0.3,,2026-09-16T11:01:31.586651
1333718595298052,life,life_general,0.82,hợp đồng bảo hiểm,2026-09-16T11:01:31.586651
1333731855296726,unknown,unknown,0.3,,2026-09-16T11:01:31.586651
1333732698629975,unknown,unknown,0.3,,2026-09-16T11:01:31.586651
1333801035289808,unknown,unknown,0.3,,2026-09-16T11:01:31.586651
1333853801951198,unknown,unknown,0.3,,2026-09-16T11:01:31.586651
28735873772691690,unknown,unknown,0.3,,2026-09-16T11:01:31.586651
28735873866025014,unknown,unknown,0.3,,2026-09-16T11:01:31.586651
28735873936025007,unknown,unknown,0.3,,2026-09-16T11:01:31.586651
28735874199358314,unknown,unknown,0.3,,2026-09-16T11:01:31.586651
28739790022300065,health,health,0.88,suc khoe,2026-09-16T11:01:31.586651
28739788232300244,health,health,0.88,suc khoe,2026-09-16T11:01:31.586651
28739786752300392,health,health,0.88,suc khoe,2026-09-16T11:01:31.586651
28739785195633881,health,health,0.88,suc khoe,2026-09-16T11:01:31.586651
1756570705550253,unknown,unknown,0.3,,2026-09-16T11:01:31.586651
1756597615547562,life,life_general,0.82,nhan tho,2026-09-16T11:01:31.586651
1756608045546519,unknown,unknown,0.3,,2026-09-16T11:01:31.586651
1756648825542441,unknown,unknown,0.3,,2026-09-16T11:01:31.586651
1756671038873553,unknown,unknown,0.3,,2026-09-16T11:01:31.586651
1756675822206408,unknown,unknown,0.3,,2026-09-16T11:01:31.586651
1756723808868276,unknown,unknown,0.3,,2026-09-16T11:01:31.586651
1756567675550556,unknown,unknown,0.3,,2026-09-16T11:01:31.586651
1756568208883836,unknown,unknown,0.3,,2026-09-16T11:01:31.586651
1756579222216068,health,health,0.88,suc khoe,2026-09-16T11:01:31.586651
1756587065548617,unknown,unknown,0.3,,2026-09-16T11:01:31.586651
1756588755548448,unknown,unknown,0.3,,2026-09-16T11:01:31.586651
1756598822214108,critical_illness,critical_illness,0.9,benh hiem ngheo,2026-09-16T11:01:31.586651
1756606282213362,unknown,unknown,0.3,,2026-09-16T11:01:31.586651
1756609482213042,unknown,unknown,0.3,,2026-09-16T11:01:31.586651
1756646772209313,unknown,unknown,0.3,,2026-09-16T11:01:31.586651
1756666652207325,unknown,unknown,0.3,,2026-09-16T11:01:31.586651
1756671555540168,unknown,unknown,0.3,,2026-09-16T11:01:31.586651
1756728112201179,unknown,unknown,0.3,,2026-09-16T11:01:31.586651
1756730795534244,unknown,unknown,0.3,,2026-09-16T11:01:31.586651
1756847705522553,unknown,unknown,0.3,,2026-09-16T11:01:31.586651
1757111432162847,unknown,unknown,0.3,,2026-09-16T11:01:31.586651
1756699012204089,unknown,unknown,0.3,,2026-09-16T11:01:31.586651
1756699725537351,unknown,unknown,0.3,,2026-09-16T11:01:31.586651
1756707755536548,unknown,unknown,0.3,,2026-09-16T11:01:31.586651
1756708982203092,health,health,0.88,vien phi,2026-09-16T11:01:31.586651
1756710852202905,unknown,unknown,0.3,,2026-09-16T11:01:31.586651
1756717585535565,bank_insurance,bank_insurance,0.86,vay,2026-09-16T11:01:31.586651
1756739495533374,unknown,unknown,0.3,,2026-09-16T11:01:31.586651
1756741545533169,health,health,0.88,noi tru,2026-09-16T11:01:31.586651
1756742822199708,unknown,unknown,0.3,,2026-09-16T11:01:31.586651
1756746722199318,unknown,unknown,0.3,,2026-09-16T11:01:31.586651
1756750902198900,unknown,unknown,0.3,,2026-09-16T11:01:31.586651
1757173722156618,unknown,unknown,0.3,,2026-09-16T11:01:31.586651
1756696698870987,unknown,unknown,0.3,,2026-09-16T11:01:31.586651
1756697345537589,unknown,unknown,0.3,,2026-09-16T11:01:31.586651
1756698522204138,critical_illness,critical_illness,0.9,ung thu,2026-09-16T11:01:31.586651
1756698622204128,life,life_general,0.82,bhnt,2026-09-16T11:01:31.586651
1756699195537404,health,health,0.88,suc khoe,2026-09-16T11:01:31.586651
1756706162203374,unknown,unknown,0.3,,2026-09-16T11:01:31.586651
1756708965536427,bank_insurance,bank_insurance,0.86,vay,2026-09-16T11:01:31.586651
1756710792202911,life,life_general,0.82,đóng phí,2026-09-16T11:01:31.586651
1756711592202831,unknown,unknown,0.3,,2026-09-16T11:01:31.586651
1756711658869491,bank_insurance,bank_insurance,0.86,vay,2026-09-16T11:01:31.586651
1756716622202328,critical_illness,critical_illness,0.9,đột quỵ,2026-09-16T11:01:31.586651
1756721715535152,non_life_general,non_life_general,0.75,pti,2026-09-16T11:01:31.586651
1756733298867327,critical_illness,critical_illness,0.9,ung thu,2026-09-16T11:01:31.586651
1756733845533939,unknown,unknown,0.3,,2026-09-16T11:01:31.586651
1756736495533674,unknown,unknown,0.3,,2026-09-16T11:01:31.586651
1756744725532851,unknown,unknown,0.3,,2026-09-16T11:01:31.586651
1756750618865595,critical_illness,critical_illness,0.9,ung thu,2026-09-16T11:01:31.586651
1756751288865528,unknown,unknown,0.3,,2026-09-16T11:01:31.586651
1756762975531026,unknown,unknown,0.3,,2026-09-16T11:01:31.586651
1756764202197570,bank_insurance,bank_insurance,0.86,vay,2026-09-16T11:01:31.586651
1756766432197347,unknown,unknown,0.3,,2026-09-16T11:01:31.586651
1756766712197319,unknown,unknown,0.3,,2026-09-16T11:01:31.586651
1756774548863202,unknown,unknown,0.3,,2026-09-16T11:01:31.586651
1756776862196304,bank_insurance,bank_insurance,0.86,vay,2026-09-16T11:01:31.586651
1756777408862916,unknown,unknown,0.3,,2026-09-16T11:01:31.586651
1756778015529522,health,health,0.88,suc khoe,2026-09-16T11:01:31.586651
1756778098862847,unknown,unknown,0.3,,2026-09-16T11:01:31.586651
1756778795529444,unknown,unknown,0.3,,2026-09-16T11:01:31.586651
1756780095529314,unknown,unknown,0.3,,2026-09-16T11:01:31.586651
1756784188862238,unknown,unknown,0.3,,2026-09-16T11:01:31.586651
1756785328862124,unknown,unknown,0.3,,2026-09-16T11:01:31.586651
1756788112195179,unknown,unknown,0.3,,2026-09-16T11:01:31.586651
1756790428861614,health,health,0.88,suc khoe,2026-09-16T11:01:31.586651
1756792338861423,unknown,unknown,0.3,,2026-09-16T11:01:31.586651
1756894335517890,unknown,unknown,0.3,,2026-09-16T11:01:31.586651
1756713172202673,life,life_general,0.82,nhan tho,2026-09-16T11:01:31.586651
1756718905535433,unknown,unknown,0.3,,2026-09-16T11:01:31.586651
1756719595535364,critical_illness,critical_illness,0.9,benh hiem ngheo,2026-09-16T11:01:31.586651
1756741652199825,life,life_general,0.82,nhan tho,2026-09-16T11:01:31.586651
1756763128864344,unknown,unknown,0.3,,2026-09-16T11:01:31.586651
1756793555527968,unknown,unknown,0.3,,2026-09-16T11:01:31.586651
1756896478851009,health,health,0.88,vien phi,2026-09-16T11:01:31.586651
1756979282176062,life,life_general,0.82,nhan tho,2026-09-16T11:01:31.586651
1757009388839718,unknown,unknown,0.3,,2026-09-16T11:01:31.586651
1756696545537669,unknown,unknown,0.3,,2026-09-16T11:01:31.586651
1756700142203976,unknown,unknown,0.3,,2026-09-16T11:01:31.586651
1756703718870285,unknown,unknown,0.3,,2026-09-16T11:01:31.586651
1756713192202671,unknown,unknown,0.3,,2026-09-16T11:01:31.586651
1756713758869281,unknown,unknown,0.3,,2026-09-16T11:01:31.586651
1756715025535821,unknown,unknown,0.3,,2026-09-16T11:01:31.586651
1756716488869008,unknown,unknown,0.3,,2026-09-16T11:01:31.586651
1756718112202179,unknown,unknown,0.3,,2026-09-16T11:01:31.586651
1756722895535034,non_life_general,non_life_general,0.75,mic,2026-09-16T11:01:31.586651
1756727075534616,unknown,unknown,0.3,,2026-09-16T11:01:31.586651
1756727758867881,unknown,unknown,0.3,,2026-09-16T11:01:31.586651
1756750248865632,unknown,unknown,0.3,,2026-09-16T11:01:31.586651
1756813275525996,unknown,unknown,0.3,,2026-09-16T11:01:31.586651
1756697392204251,unknown,unknown,0.3,,2026-09-16T11:01:31.586651
1756700585537265,unknown,unknown,0.3,,2026-09-16T11:01:31.586651
1756702195537104,unknown,unknown,0.3,,2026-09-16T11:01:31.586651
1756751565532167,unknown,unknown,0.3,,2026-09-16T11:01:31.586651
1756727765534547,bank_insurance,bank_insurance,0.86,vay,2026-09-16T11:01:31.586651
1756729545534369,bank_insurance,bank_insurance,0.86,ngan hang,2026-09-16T11:01:31.586651
1756731818867475,life,unit_linked,0.92,ilp,2026-09-16T11:01:31.586651
1756734745533849,bank_insurance,bank_insurance,0.86,vay,2026-09-16T11:01:31.586651
1756737448866912,unknown,unknown,0.3,,2026-09-16T11:01:31.586651
1756739012200089,bank_insurance,bank_insurance,0.86,vay,2026-09-16T11:01:31.586651
1756750182198972,unknown,unknown,0.3,,2026-09-16T11:01:31.586651
1756752355532088,unknown,unknown,0.3,,2026-09-16T11:01:31.586651
1756760408864616,unknown,unknown,0.3,,2026-09-16T11:01:31.586651
1756762742197716,bank_insurance,bank_insurance,0.86,vay,2026-09-16T11:01:31.586651
1756763878864269,unknown,unknown,0.3,,2026-09-16T11:01:31.586651
1756769128863744,critical_illness,critical_illness,0.9,benh hiem ngheo,2026-09-16T11:01:31.586651
1756788428861814,unknown,unknown,0.3,,2026-09-16T11:01:31.586651
1756792885528035,unknown,unknown,0.3,,2026-09-16T11:01:31.586651
1756794525527871,bank_insurance,bank_insurance,0.86,vay,2026-09-16T11:01:31.586651
1756867945520529,life,life_general,0.82,đóng phí,2026-09-16T11:01:31.586651
1756897922184198,life,life_general,0.82,đóng phí,2026-09-16T11:01:31.586651
1756960538844603,unknown,unknown,0.3,,2026-09-16T11:01:31.586651
1757165572157433,health,health,0.88,suc khoe,2026-09-16T11:01:31.586651
1757035702170420,unknown,unknown,0.3,,2026-09-16T11:01:31.586651
1757052285502095,life,life_general,0.82,nhan tho,2026-09-16T11:01:31.586651
1756765972197393,health,health,0.88,thai san,2026-09-16T11:01:31.586651
1756771312196859,health,health,0.88,suc khoe,2026-09-16T11:01:31.586651
1756777575529566,health,health,0.88,thai san,2026-09-16T11:01:31.586651
1756786348862022,health,health,0.88,thai san,2026-09-16T11:01:31.586651
1756787228861934,unknown,unknown,0.3,,2026-09-16T11:01:31.586651
1756791402194850,health,health,0.88,vien phi,2026-09-16T11:01:31.586651
1756792525528071,unknown,unknown,0.3,,2026-09-16T11:01:31.586651
1756801948860462,health,health,0.88,thai san,2026-09-16T11:01:31.586651
1756812995526024,health,health,0.88,thai san,2026-09-16T11:01:31.586651
1756827552191235,unknown,unknown,0.3,,2026-09-16T11:01:31.586651
1756887035518620,health,health,0.88,suc khoe,2026-09-16T11:01:31.586651
1756898272184163,unknown,unknown,0.3,,2026-09-16T11:01:31.586651
1756899328850724,unknown,unknown,0.3,,2026-09-16T11:01:31.586651
1756902922183698,unknown,unknown,0.3,,2026-09-16T11:01:31.586651
1756906288850028,unknown,unknown,0.3,,2026-09-16T11:01:31.586651
1756909608849696,unknown,unknown,0.3,,2026-09-16T11:01:31.586651
1756911055516218,unknown,unknown,0.3,,2026-09-16T11:01:31.586651
1756783358862321,unknown,unknown,0.3,,2026-09-16T11:01:31.586651
1756789385528385,unknown,unknown,0.3,,2026-09-16T11:01:31.586651
1756794375527886,unknown,unknown,0.3,,2026-09-16T11:01:31.586651
1756807492193241,unknown,unknown,0.3,,2026-09-16T11:01:31.586651
1756816012192389,bank_insurance,bank_insurance,0.86,vay,2026-09-16T11:01:31.586651
1756887682185222,unknown,unknown,0.3,,2026-09-16T11:01:31.586651
1756793882194602,unknown,unknown,0.3,,2026-09-16T11:01:31.586651
1756986858841971,unknown,unknown,0.3,,2026-09-16T11:01:31.586651
1756991805508143,unknown,unknown,0.3,,2026-09-16T11:01:31.586651
1757006975506626,car,car,0.96,o to,2026-09-16T11:01:31.586651
1757054145501909,health,health,0.88,thai san,2026-09-16T11:01:31.586651
1757054275501896,unknown,unknown,0.3,,2026-09-16T11:01:31.586651
1757055438835113,unknown,unknown,0.3,,2026-09-16T11:01:31.586651
1756946368846020,unknown,unknown,0.3,,2026-09-16T11:01:31.586651
1756955498845107,unknown,unknown,0.3,,2026-09-16T11:01:31.586651
1756958005511523,unknown,unknown,0.3,,2026-09-16T11:01:31.586651
1756962072177783,unknown,unknown,0.3,,2026-09-16T11:01:31.586651
1756964482177542,unknown,unknown,0.3,,2026-09-16T11:01:31.586651
1756970335510290,unknown,unknown,0.3,,2026-09-16T11:01:31.586651
1756970875510236,unknown,unknown,0.3,,2026-09-16T11:01:31.586651
1756972288843428,unknown,unknown,0.3,,2026-09-16T11:01:31.586651
1756974512176539,unknown,unknown,0.3,,2026-09-16T11:01:31.586651
1756977958842861,unknown,unknown,0.3,,2026-09-16T11:01:31.586651
1756984042175586,unknown,unknown,0.3,,2026-09-16T11:01:31.586651
1756985008842156,unknown,unknown,0.3,,2026-09-16T11:01:31.586651
1756986062175384,life,life_general,0.82,bhnt,2026-09-16T11:01:31.586651
1756986125508711,unknown,unknown,0.3,,2026-09-16T11:01:31.586651
1756991785508145,critical_illness,critical_illness,0.9,đột quỵ,2026-09-16T11:01:31.586651
1757003805506943,life,life_general,0.82,quyen loi bao hiem,2026-09-16T11:01:31.586651
1757047352169255,unknown,unknown,0.3,,2026-09-16T11:01:31.586651
1757048528835804,unknown,unknown,0.3,,2026-09-16T11:01:31.586651
1757048595502464,unknown,unknown,0.3,,2026-09-16T11:01:31.586651
1757075858833071,unknown,unknown,0.3,,2026-09-16T11:01:31.586651
1757090268831630,unknown,unknown,0.3,,2026-09-16T11:01:31.586651
1757108082163182,unknown,unknown,0.3,,2026-09-16T11:01:31.586651
1756842025523121,unknown,unknown,0.3,,2026-09-16T11:01:31.586651
1756842355523088,unknown,unknown,0.3,,2026-09-16T11:01:31.586651
1756843428856314,unknown,unknown,0.3,,2026-09-16T11:01:31.586651
1756843952189595,unknown,unknown,0.3,,2026-09-16T11:01:31.586651
1756844518856205,unknown,unknown,0.3,,2026-09-16T11:01:31.586651
1756846235522700,unknown,unknown,0.3,,2026-09-16T11:01:31.586651
1756846978855959,bank_insurance,bank_insurance,0.86,vay,2026-09-16T11:01:31.586651
1756848502189140,unknown,unknown,0.3,,2026-09-16T11:01:31.586651
1756850728855584,unknown,unknown,0.3,,2026-09-16T11:01:31.586651
1756851022188888,health,health,0.88,suc khoe,2026-09-16T11:01:31.586651
1756853025522021,unknown,unknown,0.3,,2026-09-16T11:01:31.586651
1756855715521752,unknown,unknown,0.3,,2026-09-16T11:01:31.586651
1756860148854642,unknown,unknown,0.3,,2026-09-16T11:01:31.586651
1756867918853865,unknown,unknown,0.3,,2026-09-16T11:01:31.586651
1756868345520489,unknown,unknown,0.3,,2026-09-16T11:01:31.586651
1756870962186894,life,life_general,0.82,bhnt,2026-09-16T11:01:31.586651
1756872685520055,unknown,unknown,0.3,,2026-09-16T11:01:31.586651
1756873508853306,life,life_general,0.82,đóng phí,2026-09-16T11:01:31.586651
1756874642186526,unknown,unknown,0.3,,2026-09-16T11:01:31.586651
1756876452186345,unknown,unknown,0.3,,2026-09-16T11:01:31.586651
1756877092186281,critical_illness,critical_illness,0.9,benh hiem ngheo,2026-09-16T11:01:31.586651
1756878545519469,unknown,unknown,0.3,,2026-09-16T11:01:31.586651
1756879862186004,unknown,unknown,0.3,,2026-09-16T11:01:31.586651
1756881845519139,unknown,unknown,0.3,,2026-09-16T11:01:31.586651
1756884148852242,bank_insurance,bank_insurance,0.86,the tin dung,2026-09-16T11:01:31.586651
1756884498852207,unknown,unknown,0.3,,2026-09-16T11:01:31.586651
1756891358851521,bank_insurance,bank_insurance,0.86,vay,2026-09-16T11:01:31.586651
1756891945518129,unknown,unknown,0.3,,2026-09-16T11:01:31.586651
1756905678850089,unknown,unknown,0.3,,2026-09-16T11:01:31.586651
1756907702183220,unknown,unknown,0.3,,2026-09-16T11:01:31.586651
1756909078849749,unknown,unknown,0.3,,2026-09-16T11:01:31.586651
1756910035516320,unknown,unknown,0.3,,2026-09-16T11:01:31.586651
1756911438849513,unknown,unknown,0.3,,2026-09-16T11:01:31.586651
1756911598849497,unknown,unknown,0.3,,2026-09-16T11:01:31.586651
1756915358849121,unknown,unknown,0.3,,2026-09-16T11:01:31.586651
1756915692182421,unknown,unknown,0.3,,2026-09-16T11:01:31.586651
1756917925515531,unknown,unknown,0.3,,2026-09-16T11:01:31.586651
1756920562181934,unknown,unknown,0.3,,2026-09-16T11:01:31.586651
1756922212181769,unknown,unknown,0.3,,2026-09-16T11:01:31.586651
1756922865515037,unknown,unknown,0.3,,2026-09-16T11:01:31.586651
1756936428847014,unknown,unknown,0.3,,2026-09-16T11:01:31.586651
1756940698846587,unknown,unknown,0.3,,2026-09-16T11:01:31.586651
1756942442179746,unknown,unknown,0.3,,2026-09-16T11:01:31.586651
1756943115513012,unknown,unknown,0.3,,2026-09-16T11:01:31.586651
1756943632179627,bank_insurance,bank_insurance,0.86,vay,2026-09-16T11:01:31.586651
1756944105512913,unknown,unknown,0.3,,2026-09-16T11:01:31.586651
1756946702179320,unknown,unknown,0.3,,2026-09-16T11:01:31.586651
1756952828845374,car,car,0.96,o to,2026-09-16T11:01:31.586651
1756953232178667,unknown,unknown,0.3,,2026-09-16T11:01:31.586651
1756953328845324,car,car,0.96,o to,2026-09-16T11:01:31.586651
1756955522178438,unknown,unknown,0.3,,2026-09-16T11:01:31.586651
1756956195511704,bank_insurance,bank_insurance,0.86,the tin dung,2026-09-16T11:01:31.586651
1756959995511324,unknown,unknown,0.3,,2026-09-16T11:01:31.586651
1756960158844641,bank_insurance,bank_insurance,0.86,vay,2026-09-16T11:01:31.586651
1756960738844583,bank_insurance,bank_insurance,0.86,vay,2026-09-16T11:01:31.586651
1756962782177712,unknown,unknown,0.3,,2026-09-16T11:01:31.586651
1756963415510982,bank_insurance,bank_insurance,0.86,ngan hang,2026-09-16T11:01:31.586651
1756965322177458,unknown,unknown,0.3,,2026-09-16T11:01:31.586651
1756979912175999,unknown,unknown,0.3,,2026-09-16T11:01:31.586651
1756981602175830,unknown,unknown,0.3,,2026-09-16T11:01:31.586651
1756986458842011,unknown,unknown,0.3,,2026-09-16T11:01:31.586651
1756988472175143,unknown,unknown,0.3,,2026-09-16T11:01:31.586651
1756992278841429,critical_illness,critical_illness,0.9,ung thu,2026-09-16T11:01:31.586651
1757006212173369,unknown,unknown,0.3,,2026-09-16T11:01:31.586651
1757053478835309,unknown,unknown,0.3,,2026-09-16T11:01:31.586651
1757053878835269,life,life_general,0.82,đóng phí,2026-09-16T11:01:31.586651
1757054175501906,unknown,unknown,0.3,,2026-09-16T11:01:31.586651
1757056058835051,unknown,unknown,0.3,,2026-09-16T11:01:31.586651
1757064135500910,unknown,unknown,0.3,,2026-09-16T11:01:31.586651
1757073978833259,unknown,unknown,0.3,,2026-09-16T11:01:31.586651
1756945365512787,unknown,unknown,0.3,,2026-09-16T11:01:31.586651
1756946182179372,unknown,unknown,0.3,,2026-09-16T11:01:31.586651
1756955195511804,unknown,unknown,0.3,,2026-09-16T11:01:31.586651
1756971152176875,unknown,unknown,0.3,,2026-09-16T11:01:31.586651
1756972482176742,unknown,unknown,0.3,,2026-09-16T11:01:31.586651
1756993485507975,unknown,unknown,0.3,,2026-09-16T11:01:31.586651
1757000112173979,bank_insurance,bank_insurance,0.86,vay,2026-09-16T11:01:31.586651
1757104408830216,unknown,unknown,0.3,,2026-09-16T11:01:31.586651
1756988628841794,critical_illness,critical_illness,0.9,benh hiem ngheo,2026-09-16T11:01:31.586651
1756991882174802,critical_illness,critical_illness,0.9,benh hiem ngheo,2026-09-16T11:01:31.586651
1756993148841342,unknown,unknown,0.3,,2026-09-16T11:01:31.586651
1757003542173636,unknown,unknown,0.3,,2026-09-16T11:01:31.586651
1757009425506381,life,life_general,0.82,đóng phí,2026-09-16T11:01:31.586651
1757010135506310,critical_illness,critical_illness,0.9,benh hiem ngheo,2026-09-16T11:01:31.586651
1757012878839369,health,health,0.88,suc khoe,2026-09-16T11:01:31.586651
1757016962172294,unknown,unknown,0.3,,2026-09-16T11:01:31.586651
1757019385505385,health,health,0.88,suc khoe,2026-09-16T11:01:31.586651
1757027118837945,unknown,unknown,0.3,,2026-09-16T11:01:31.586651
1757027135504610,unknown,unknown,0.3,,2026-09-16T11:01:31.586651
1757030615504262,unknown,unknown,0.3,,2026-09-16T11:01:31.586651
1757032512170739,critical_illness,critical_illness,0.9,benh hiem ngheo,2026-09-16T11:01:31.586651
1757037702170220,unknown,unknown,0.3,,2026-09-16T11:01:31.586651
1757038548836802,unknown,unknown,0.3,,2026-09-16T11:01:31.586651
1757051322168858,unknown,unknown,0.3,,2026-09-16T11:01:31.586651
1757066575500666,critical_illness,critical_illness,0.9,benh hiem ngheo,2026-09-16T11:01:31.586651
1757066855500638,critical_illness,critical_illness,0.9,benh hiem ngheo,2026-09-16T11:01:31.586651
1757070728833584,unknown,unknown,0.3,,2026-09-16T11:01:31.586651
1757096245497699,critical_illness,critical_illness,0.9,benh hiem ngheo,2026-09-16T11:01:31.586651
1757097578830899,unknown,unknown,0.3,,2026-09-16T11:01:31.586651
1757101915497132,critical_illness,critical_illness,0.9,benh hiem ngheo,2026-09-16T11:01:31.586651
1757102292163761,unknown,unknown,0.3,,2026-09-16T11:01:31.586651
1757103645496959,unknown,unknown,0.3,,2026-09-16T11:01:31.586651
1757112032162787,critical_illness,critical_illness,0.9,benh hiem ngheo,2026-09-16T11:01:31.586651
1757113945495929,unknown,unknown,0.3,,2026-09-16T11:01:31.586651
1757125128828144,unknown,unknown,0.3,,2026-09-16T11:01:31.586651
1757139435493380,critical_illness,critical_illness,0.9,benh hiem ngheo,2026-09-16T11:01:31.586651
1757141518826505,unknown,unknown,0.3,,2026-09-16T11:01:31.586651
1757141795493144,critical_illness,critical_illness,0.9,benh hiem ngheo,2026-09-16T11:01:31.586651
1757154585491865,critical_illness,critical_illness,0.9,benh hiem ngheo,2026-09-16T11:01:31.586651
1757164402157550,unknown,unknown,0.3,,2026-09-16T11:01:31.586651
1757048338835823,unknown,unknown,0.3,,2026-09-16T11:01:31.586651
1757051762168814,life,life_general,0.82,đóng phí,2026-09-16T11:01:31.586651
1757162408824416,life,life_general,0.82,đóng phí,2026-09-16T11:01:31.586651
1757040385503285,health,health,0.88,thai san,2026-09-16T11:01:31.586651
1757069382167052,unknown,unknown,0.3,,2026-09-16T11:01:31.586651
1757015445505779,life,life_general,0.82,nhan tho,2026-09-16T11:01:31.586651
1757020965505227,bank_insurance,bank_insurance,0.86,vay,2026-09-16T11:01:31.586651
1757027308837926,life,life_general,0.82,nhan tho,2026-09-16T11:01:31.586651
1757030385504285,unknown,unknown,0.3,,2026-09-16T11:01:31.586651
1757031072170883,critical_illness,critical_illness,0.9,ung thu,2026-09-16T11:01:31.586651
1757032915504032,health,health,0.88,suc khoe,2026-09-16T11:01:31.586651
1757033988837258,health,health,0.88,suc khoe,2026-09-16T11:01:31.586651
1757039625503361,unknown,unknown,0.3,,2026-09-16T11:01:31.586651
1757043492169641,unknown,unknown,0.3,,2026-09-16T11:01:31.586651
1757046335502690,unknown,unknown,0.3,,2026-09-16T11:01:31.586651
1757049655502358,unknown,unknown,0.3,,2026-09-16T11:01:31.586651
1757052668835390,unknown,unknown,0.3,,2026-09-16T11:01:31.586651
1757053375501986,unknown,unknown,0.3,,2026-09-16T11:01:31.586651
1757053958835261,unknown,unknown,0.3,,2026-09-16T11:01:31.586651
1757054048835252,unknown,unknown,0.3,,2026-09-16T11:01:31.586651
1757055105501813,unknown,unknown,0.3,,2026-09-16T11:01:31.586651
1757088552165135,unknown,unknown,0.3,,2026-09-16T11:01:31.586651
1757103175497006,unknown,unknown,0.3,,2026-09-16T11:01:31.586651
1757154405491883,car,car,0.96,o to,2026-09-16T11:01:31.586651
1757155615491762,unknown,unknown,0.3,,2026-09-16T11:01:31.586651
1757013988839258,unknown,unknown,0.3,,2026-09-16T11:01:31.586651
1757035752170415,health,health,0.88,suc khoe,2026-09-16T11:01:31.586651
1757035845503739,unknown,unknown,0.3,,2026-09-16T11:01:31.586651
1757036762170314,unknown,unknown,0.3,,2026-09-16T11:01:31.586651
1757044895502834,unknown,unknown,0.3,,2026-09-16T11:01:31.586651
1757059925501331,unknown,unknown,0.3,,2026-09-16T11:01:31.586651
1757064645500859,car,car,0.96,o to,2026-09-16T11:01:31.586651
1757068548833802,unknown,unknown,0.3,,2026-09-16T11:01:31.586651
1757069288833728,unknown,unknown,0.3,,2026-09-16T11:01:31.586651
1757070642166926,unknown,unknown,0.3,,2026-09-16T11:01:31.586651
1757075962166394,unknown,unknown,0.3,,2026-09-16T11:01:31.586651
1757077158832941,unknown,unknown,0.3,,2026-09-16T11:01:31.586651
1757081808832476,unknown,unknown,0.3,,2026-09-16T11:01:31.586651
1757091532164837,unknown,unknown,0.3,,2026-09-16T11:01:31.586651
1757092245498099,unknown,unknown,0.3,,2026-09-16T11:01:31.586651
1757098035497520,unknown,unknown,0.3,,2026-09-16T11:01:31.586651
1757102218830435,unknown,unknown,0.3,,2026-09-16T11:01:31.586651
1757120888828568,unknown,unknown,0.3,,2026-09-16T11:01:31.586651
1757121225495201,unknown,unknown,0.3,,2026-09-16T11:01:31.586651
1757139332160057,unknown,unknown,0.3,,2026-09-16T11:01:31.586651
1757067355500588,critical_illness,critical_illness,0.9,benh hiem ngheo,2026-09-16T11:01:31.586651
1757068605500463,unknown,unknown,0.3,,2026-09-16T11:01:31.586651
1757093615497962,bank_insurance,bank_insurance,0.86,vay,2026-09-16T11:01:31.586651
1757112095496114,health,health,0.88,suc khoe,2026-09-16T11:01:31.586651
1757126198828037,health,health,0.88,vien phi,2026-09-16T11:01:31.586651
2512801832557041,non_life_general,non_life_general,0.75,pvi,2026-09-16T11:01:31.586651
2512808289223062,unknown,unknown,0.3,,2026-09-16T11:01:31.586651
2512813485889209,unknown,unknown,0.3,,2026-09-16T11:01:31.586651
2512818099222081,car,car,0.96,đăng kiểm,2026-09-16T11:01:31.586651
2512823055888252,unknown,unknown,0.3,,2026-09-16T11:01:31.586651
2512828349221056,non_life_general,non_life_general,0.75,pvi,2026-09-16T11:01:31.586651
2512858892551335,unknown,unknown,0.3,,2026-09-16T11:01:31.586651
2512903189213572,unknown,unknown,0.3,,2026-09-16T11:01:31.586651
2512924965878061,non_life_general,non_life_general,0.75,pvi,2026-09-16T11:01:31.586651
2513223572514867,unknown,unknown,0.3,,2026-09-16T11:01:31.586651
2512857325884825,critical_illness,critical_illness,0.9,ung thu,2026-09-16T11:01:31.586651
2512868609217030,non_life_general,non_life_general,0.75,pvi,2026-09-16T11:01:31.586651
2512872565883301,car,car,0.96,vat chat xe,2026-09-16T11:01:31.586651
2512874982549726,non_life_general,non_life_general,0.75,mic,2026-09-16T11:01:31.586651
2512876715882886,unknown,unknown,0.3,,2026-09-16T11:01:31.586651
2512880879215803,car,car,0.96,o to,2026-09-16T11:01:31.586651
2512892225881335,unknown,unknown,0.3,,2026-09-16T11:01:31.586651
2512894739214417,unknown,unknown,0.3,,2026-09-16T11:01:31.586651
2512895749214316,unknown,unknown,0.3,,2026-09-16T11:01:31.586651
2512900179213873,unknown,unknown,0.3,,2026-09-16T11:01:31.586651
2512900912547133,unknown,unknown,0.3,,2026-09-16T11:01:31.586651
2512931925877365,unknown,unknown,0.3,,2026-09-16T11:01:31.586651
2512933389210552,bank_insurance,bank_insurance,0.86,vay,2026-09-16T11:01:31.586651
2512983532538871,bank_insurance,bank_insurance,0.86,vay,2026-09-16T11:01:31.586651
2513018769202014,bank_insurance,bank_insurance,0.86,vay,2026-09-16T11:01:31.586651
2513078535862704,unknown,unknown,0.3,,2026-09-16T11:01:31.586651
2513111985859359,non_life_general,non_life_general,0.75,pvi,2026-09-16T11:01:31.586651
2513127672524457,unknown,unknown,0.3,,2026-09-16T11:01:31.586651
2513134389190452,unknown,unknown,0.3,,2026-09-16T11:01:31.586651
2513148509189040,car,car,0.96,đăng kiểm,2026-09-16T11:01:31.586651
2513182689185622,unknown,unknown,0.3,,2026-09-16T11:01:31.586651
2513241669179724,unknown,unknown,0.3,,2026-09-16T11:01:31.586651
2513275872509637,unknown,unknown,0.3,,2026-09-16T11:01:31.586651
2513338335836724,non_life_general,non_life_general,0.75,pvi,2026-09-16T11:01:31.586651
2513207022516522,unknown,unknown,0.3,,2026-09-16T11:01:31.586651
2513210452516179,unknown,unknown,0.3,,2026-09-16T11:01:31.586651
2513211272516097,non_life_general,non_life_general,0.75,mic,2026-09-16T11:01:31.586651
2513212445849313,unknown,unknown,0.3,,2026-09-16T11:01:31.586651
2513218052515419,unknown,unknown,0.3,,2026-09-16T11:01:31.586651
2513219205848637,unknown,unknown,0.3,,2026-09-16T11:01:31.586651
2513219365848621,unknown,unknown,0.3,,2026-09-16T11:01:31.586651
2513222169181674,unknown,unknown,0.3,,2026-09-16T11:01:31.586651
2513225122514712,unknown,unknown,0.3,,2026-09-16T11:01:31.586651
2513230889180802,unknown,unknown,0.3,,2026-09-16T11:01:31.586651
2513231875847370,unknown,unknown,0.3,,2026-09-16T11:01:31.586651
2513234895847068,unknown,unknown,0.3,,2026-09-16T11:01:31.586651
2513237605846797,unknown,unknown,0.3,,2026-09-16T11:01:31.586651
2513240159179875,unknown,unknown,0.3,,2026-09-16T11:01:31.586651
2513251962512028,non_life_general,non_life_general,0.75,mic,2026-09-16T11:01:31.586651
2513255225845035,unknown,unknown,0.3,,2026-09-16T11:01:31.586651
2513257929178098,unknown,unknown,0.3,,2026-09-16T11:01:31.586651
2513259282511296,unknown,unknown,0.3,,2026-09-16T11:01:31.586651
2513263912510833,unknown,unknown,0.3,,2026-09-16T11:01:31.586651
2513280645842493,unknown,unknown,0.3,,2026-09-16T11:01:31.586651
2513298279174063,unknown,unknown,0.3,,2026-09-16T11:01:31.586651
2513362725834285,unknown,unknown,0.3,,2026-09-16T11:01:31.586651
2513365989167292,unknown,unknown,0.3,,2026-09-16T11:01:31.586651
2513379305832627,unknown,unknown,0.3,,2026-09-16T11:01:31.586651
2513387675831790,motorbike,motorbike,0.98,trach nhiem dan su,2026-09-16T11:01:31.586651
2513389869164904,unknown,unknown,0.3,,2026-09-16T11:01:31.586651
2513392329164658,unknown,unknown,0.3,,2026-09-16T11:01:31.586651
2513392899164601,unknown,unknown,0.3,,2026-09-16T11:01:31.586651
2513394449164446,unknown,unknown,0.3,,2026-09-16T11:01:31.586651
2513398535830704,unknown,unknown,0.3,,2026-09-16T11:01:31.586651
2513399585830599,unknown,unknown,0.3,,2026-09-16T11:01:31.586651
2513401889163702,unknown,unknown,0.3,,2026-09-16T11:01:31.586651
2513432905827267,unknown,unknown,0.3,,2026-09-16T11:01:31.586651
2513436052493619,unknown,unknown,0.3,,2026-09-16T11:01:31.586651
