PostID,PostURL,Date,PostContent,group_id,group_name,group_url,author_name,author_url,reaction_count,Like_Count,Love_Count,Care_Count,Haha_Count,Wow_Count,Sad_Count,Angry_Count,share_count,comment_count,image_urls,video_url
28647140578231677,https://www.facebook.com/groups/congdongtuvanvienbaohiem/posts/28647140578231677/,2026-09-07,Bảo hiểm dân sự 279k (xe 5 chỗ biển trắng) Bảo hiểm Thân vỏ tuỳ dòng xe và đời xe ( có BH Pin cả khi Pin tổn thất riêng ) Nhận BH trước ck sau 0968.729.615 ZL Em ạ📞😍|,congdongtuvanvienbaohiem,Cộng đồng Tư vấn viên bảo hiểm,https://www.facebook.com/groups/congdongtuvanvienbaohiem/,không bỏ cuộc,https://www.facebook.com/mai.bao.921,0,0,0,0,0,0,0,0,0,0,,
1751204779420179,https://www.facebook.com/groups/hoireviewbaohiem/posts/1751204779420179/,2026-09-07,Gấp gấp mn ơi!!! Em cần mua bảo hiểm Bảo Việt gấp cho khách xin visa thăm thân. Anh chị nào bán hay biết ai bán thì em xin contact với ạ Em cảm ơn cả nhà,hoireviewbaohiem,REVIEW BẢO HIỂM,https://www.facebook.com/groups/hoireviewbaohiem/,Anonymous participant,,7,5,2,0,0,0,0,0,0,19,,
2134105017176300,https://www.facebook.com/groups/tuvanbaohiemnhanthovn/posts/2134105017176300/,2026-09-07,"Xin phép ad ạ Bên em đang thực hiện một nghiên cứu về ý kiến của những anh/chị đang hoạt động trong ngành bảo hiểm của các cty Manulife, Aia, Sunlife và Prudential. Khảo sát muốn tìm hiểu quan điểm thực tế của anh/chị trong quá trình làm nghề. Không có câu trả lời đúng hay sai, anh/chị cứ chia sẻ theo trải nghiệm thực tế của mình. E phỏng vấn 15-20ph thôi ạ, phỏng vấn xong e gửi tiền quà để cảm ơn tham gia khảo sát ạ Liên hệ 0867631884",tuvanbaohiemnhanthovn,Hiệp Hội Tư vấn Bảo hiểm Nhân thọ Việt Nam,https://www.facebook.com/groups/tuvanbaohiemnhanthovn/,Như Ý,https://www.facebook.com/nhu.y.429289,0,0,0,0,0,0,0,0,0,0,https://scontent.fsgn21-1.fna.fbcdn.net/v/t39.30808-6/799772009_3037434109937031_4688150759150635068_n.jpg?stp=dst-jpg_tt6&cstp=mx1534x2048&ctp=p960x960&_nc_cat=107&ccb=1-7&_nc_sid=aa7b47&_nc_ohc=2uWJYsUhw2EQ7kNvwEANG2t&_nc_oc=Adqc8caDnAdmNzpuwcyRp5hozIUETQBLmUZsyuGNBlkkfzfpEjOe0e8OI8FMl7S5MK0&_nc_zt=23&_nc_ht=scontent.fsgn21-1.fna&_nc_gid=Gw_X5SMnqUIVI8DsEHRAvQ&_nc_ss=7b2a8&oh=00_AQJr1wXlia2TPuffI5Q6LkimrPJxnvUJkydNyG4hc3ZddA&oe=6AA5BAB6|https://scontent.fsgn21-1.fna.fbcdn.net/v/t39.30808-6/799297270_3037434159937026_7593140017754624748_n.jpg?stp=dst-jpg_tt6&cstp=mx768x502&ctp=s768x502&_nc_cat=106&ccb=1-7&_nc_sid=aa7b47&_nc_ohc=MsSBM-SITgkQ7kNvwGTDm19&_nc_oc=AdraDaqnh1FWB05XEb3gXnRiM4wwkCP9_TM-YfCI_t1lw0CRD56jPRtLmCiaUKBoG-Q&_nc_zt=23&_nc_ht=scontent.fsgn21-1.fna&_nc_gid=Gw_X5SMnqUIVI8DsEHRAvQ&_nc_ss=7b2a8&oh=00_AQL0RFQ7nKYmr-4SLOrRm4trkyhRS1Afc2HVyoJc_MSLXQ&oe=6AA5B932,
2250771085860845,https://www.facebook.com/groups/296975261240447/posts/2250771085860845/,2026-09-07,Bảo hiểm dân sự 279k (xe 5 chỗ biển trắng) Bảo hiểm Thân vỏ tuỳ dòng xe và đời xe ( có BH Pin cả khi Pin tổn thất riêng ) Nhận BH trước ck sau 0968.729.615 ZL Em ạ📞🙂|,296975261240447,REVIEW BẢO HIỂM NHÂN THỌ,https://www.facebook.com/groups/296975261240447/,không bỏ cuộc,https://www.facebook.com/mai.bao.921,0,0,0,0,0,0,0,0,0,0,,
28646241934988208,https://www.facebook.com/groups/congdongtuvanvienbaohiem/posts/28646241934988208/,2026-09-07,"💥20 TUỔI, BẠN ĐANG CÓ GÌ TRONG TAY? 💰 ✨️Một công việc? ✨️Một mức thu nhập đầu tiên? ✨️Hay… một “tài sản” có thể tạo ra tiền cho bạn trong vài chục năm tới? 🌿🫒20 tuổi, bắt đầu có thu nhập, ai cũng muốn kiếm thật nhiều tiền, tăng thu nhập, tự chủ tài chính và thực hiện những ước mơ của mình. 🌿💦 Nhưng có một điều ít người nghĩ đến: 👉 Nếu một ngày bạn không còn đủ sức khỏe để làm việc, điều gì sẽ tạo ra thu nhập thay bạn? ❣️Bởi ở tuổi 20, tài sản lớn nhất chưa chắc là số tiền bạn đang có. ❣️Mà là khả năng kiếm tiền của chính bạn. 💥Vậy nên, bên cạnh việc học cách kiếm tiền, hãy sớm học cách bảo vệ khả năng kiếm tiền của mình. 🫒🌻Vì nếu mất tiền, bạn còn có thể kiếm lại. Nhưng nếu mất đi khả năng tạo ra thu nhập, hành trình phía trước sẽ rất khác…😪 🌱 20 tuổi – bắt đầu kiếm tiền cũng là lúc nên bắt đầu nghĩ đến việc bảo vệ tương lai tài chính của mình. Bạn chọn kiếm thật nhiều tiền, hay bảo vệ khả năng kiếm tiền? #1PhutCungVuiAIA #HaivuiAIA #Tuoi20 #KhaNangKiemTien #BaoVeThuNhap #KeHoachTaiChinh #BaoHiemNhanTho",congdongtuvanvienbaohiem,Cộng đồng Tư vấn viên bảo hiểm,https://www.facebook.com/groups/congdongtuvanvienbaohiem/,Vui.AIA - TƯ VẤN BẢO HIỂM & TÀI CHÍNH,https://www.facebook.com/profile.php?id=61583329401310,0,0,0,0,0,0,0,0,0,0,,
1751047902769200,https://www.facebook.com/groups/hoireviewbaohiem/posts/1751047902769200/,2026-09-07,"Chào các chị, em vừa phát hiện có em bé tầm khoảng 4 tuần. Do chủ quan nghĩ chưa thể có baby sớm nên em ko kịp mua bảo hiểm thai sản, mà check điều kiện của các loại bhts đều ít nhất phải 270 ngày chờ. BẢO HIỂM THAI SẢN Chào các chị, em vừa phát hiện có em bé tầm khoảng hơn 4 tuần. Do chủ quan nghĩ chưa thể có baby sớm nên em ko kịp mua bảo hiểm thai sản trước đó, mà giờ em check điều kiện của các loại bhts đều ít nhất phải 270 ngày chờ thì xét tuổi thai của em ko đủ tới ngày dự sinh. Em dự kiến sang năm sẽ chọn sinh dịch vụ ở các bệnh viện tư (em đã có bhyt ở bệnh viện 175 nhưng ko chuyên về sản) mà ko biết em còn đủ điều kiện để mua gói bhts nào nữa ko ạ? Nhờ các chị có tư vấn giúp em với ạ do đây là lần đầu em có em bé nên cũng chưa có nhiều kinh nghiệm.",hoireviewbaohiem,REVIEW BẢO HIỂM,https://www.facebook.com/groups/hoireviewbaohiem/,CreativeBee9039,,6,6,0,0,0,0,0,0,1,13,,
1750930492780941,https://www.facebook.com/groups/hoireviewbaohiem/posts/1750930492780941/,2026-09-07,"Mình muốn mua thẻ bảo hiểm rời cho bé , nếu ở khu vực phú thọ thì càng tốt ạ",hoireviewbaohiem,REVIEW BẢO HIỂM,https://www.facebook.com/groups/hoireviewbaohiem/,Anonymous participant,,6,5,1,0,0,0,0,0,0,16,,
1751151976092126,https://www.facebook.com/groups/hoireviewbaohiem/posts/1751151976092126/,2026-09-07,"1 buổi chia sẻ thành công với chủ đề phân tích thẻ sức khỏe 5 nhà bảo hiểm lớn trên thị trường Cảm ơn các anh chị tinh hoa đã lan tỏa hết mình: Nguyễn Thảo Generali nhà Generali, Bùi Quang Vĩnh đến từ nhà Daiichi, Sơn Linh Bùi nhà Manulife, Hồng Nhung AIA và Nguyễn Thị Kim Ngân đại diện nhà Sunlife Cảm ơn sự hiện diện của gần 150 anh chị em khách hàng và tư vấn viên trong buổi zoom ngày 5/9 vừa qua Sản phẩm mỗi công ty có điểm hay riêng, không công ty nào nhất, chỉ có sản phẩm phù hợp với nhu cầu của khách hàng - Sunlife có quyền lợi san sẻ yêu thương, ngoại trú được mua cao hơn nội trú, 6tr mua được tất cả các hạng thẻ... - Generali không đồng chi trả cho bé, được kiểm tra sức khỏe miễn phí nếu đủ 1 năm tham gia và không claim trước đó... - Daiichi: Ngoại trú chi trả 100% phí tham gia thẻ cho bé khá mềm, phạm vi chi trả Toàn Cầu cho 5 hạng thẻ... - Manulife: Ung thư chi trả 100% cho nội/ngoại trú dù chỉ tham gia nội trú, phí tham gia nhân thọ từ 9,5tr min HĐ là 10tr ... - AIA: Thời gian bảo vệ dài đến 100 tuổi, KH có thể tham gia 2 thẻ trên cùng 1 HĐ, Nhân thọ min 5tr gắn được thẻ Cơ bản, tiêu chuẩn... Qúa trời điểm hay ad không thể chia sẻ hết được, nhờ anh chị em tư vấn viên và khách hàng viết bài cảm nhận sau buổi zoom vừa qua giúp admin. Mỗi bài biết hãy tag tên admin, kèm #Reviewbaohiem, #Reviewlantoa chụp hình lại và để thông tin dưới bình luận, sau 10/9 ad sẽ gửi tặng mỗi anh chị lan tỏa file tổng hợp 5 nhà Ngoài ra buổi zoom tới diễn ra vào đầu tháng 10 này anh chị em mong muốn được bóc tách quyền lợi nào để lại thông tin dưới bình luận để BQT chuẩn bị nha #Admin #Reviewbaohiem #Reviewlantoa",hoireviewbaohiem,REVIEW BẢO HIỂM,https://www.facebook.com/groups/hoireviewbaohiem/,Thùy Bích,https://www.facebook.com/thuy.bich.732756,12,6,6,0,0,0,0,0,3,7,https://scontent.fsgn21-1.fna.fbcdn.net/v/t39.99422-6/792324094_1594106189050304_2565479171571774261_n.png?stp=dst-jpg_tt6&cstp=mx2048x1078&ctp=p640x640&_nc_cat=103&ccb=1-7&_nc_sid=aa7b47&_nc_ohc=jN6EdGrXgg8Q7kNvwFsflTH&_nc_oc=AdpkA66sbSHGZn40RFtuG-0Lb3iXewHVIuyXCZssGymSl02kajCQQ3z0f96hPTF9PaY&_nc_zt=14&_nc_ht=scontent.fsgn21-1.fna&_nc_gid=GlJ_4Y1Sky2_R3dp8cR4YA&_nc_ss=7b2a8&oh=00_AQLL0bINPEpkLebwSCCfuWtfTGlQ6UuBaAbDYOUg3CDYAQ&oe=6AA596C7|https://scontent.fsgn21-1.fna.fbcdn.net/v/t39.99422-6/798800599_1714581639653173_4694123150326837452_n.png?stp=dst-jpg_tt6&cstp=mx2048x1064&ctp=p640x640&_nc_cat=106&ccb=1-7&_nc_sid=aa7b47&_nc_ohc=U5Ioitpb31UQ7kNvwF0RZP1&_nc_oc=AdrazDvz0Zz5pdOAiLYFmL4QMRanxofvv0_WCQ8zVvcyJIBcN5GAaBwARST5Dt9MiuQ&_nc_zt=14&_nc_ht=scontent.fsgn21-1.fna&_nc_gid=GlJ_4Y1Sky2_R3dp8cR4YA&_nc_ss=7b2a8&oh=00_AQK1eM-aQTsEKBeg6KpaGOMCfzoh-SOTCQn9nvTZXVhh4Q&oe=6AA58E1F|https://scontent.fsgn21-1.fna.fbcdn.net/v/t39.99422-6/799170331_1493604809473708_7440994849564390386_n.png?stp=dst-jpg_tt6&cstp=mx2048x1314&ctp=p960x960&_nc_cat=110&ccb=1-7&_nc_sid=aa7b47&_nc_ohc=Chjgoq3VPtgQ7kNvwGmfpWx&_nc_oc=AdqkG-M0lJHRfWpdo6jKZKtLz_tr2b01sEh8xRoJo2fP-wzTvtwYBnT_qprhyDipIWg&_nc_zt=14&_nc_ht=scontent.fsgn21-1.fna&_nc_gid=GlJ_4Y1Sky2_R3dp8cR4YA&_nc_ss=7b2a8&oh=00_AQLIrYO6QvTFQ0Er5HoalBLTj_sAJyvwWSOp1SfS_GRn7g&oe=6AA5AAE1|https://scontent.fsgn21-1.fna.fbcdn.net/v/t39.99422-6/798038975_2827937097580182_440857497132773730_n.png?stp=dst-jpg_tt6&cstp=mx2048x1049&ctp=p600x600&_nc_cat=108&ccb=1-7&_nc_sid=aa7b47&_nc_ohc=maHzJ-tAblkQ7kNvwGW9UU7&_nc_oc=Ado1j2aFgzI2-ubxa6V6RDjKejOoU3l7OoWKSheVnFyXvh-gJ4iOVkK6CbpqNf0w9Q4&_nc_zt=14&_nc_ht=scontent.fsgn21-1.fna&_nc_gid=GlJ_4Y1Sky2_R3dp8cR4YA&_nc_ss=7b2a8&oh=00_AQKDrkQ4SFHgI8xnQfAhzquzAAl7LcuOEGr_CNQlHN9Bxw&oe=6AA5B20A|https://scontent.fsgn21-1.fna.fbcdn.net/v/t39.99422-6/800051419_1770154114178970_926699213758617573_n.png?stp=dst-jpg_tt6&cstp=mx2048x1314&ctp=p960x960&_nc_cat=108&ccb=1-7&_nc_sid=aa7b47&_nc_ohc=tz4me6q-z_8Q7kNvwEYZBJV&_nc_oc=AdoM1m7E6CWYxg6s3D2alNu-KYIsUqyQf4GydRmf7K5JnGVZtGWO67OPQjsUlmQbn9Q&_nc_zt=14&_nc_ht=scontent.fsgn21-1.fna&_nc_gid=GlJ_4Y1Sky2_R3dp8cR4YA&_nc_ss=7b2a8&oh=00_AQJrLwvYtgJcfZrlV7LHq1ir1BbWLf3VQFpDYCYxGn4P6g&oe=6AA5B277,
1621912829393017,https://www.facebook.com/groups/baohiemnhantho.chuyenvien/posts/1621912829393017/,2026-09-07,Bảo hiểm dân sự 279k (xe 5 chỗ biển trắng) Bảo hiểm Thân vỏ tuỳ dòng xe và đời xe ( có BH Pin cả khi Pin tổn thất riêng ) Nhận BH trước ck sau 0968.729.615 ZL Em ạ📞🤭|,baohiemnhantho.chuyenvien,BẢO HIỂM NHÂN THỌ - Hội chuyên viên tư vấn,https://www.facebook.com/groups/baohiemnhantho.chuyenvien/,không bỏ cuộc,https://www.facebook.com/mai.bao.921,0,0,0,0,0,0,0,0,0,1,,
1621905499393750,https://www.facebook.com/groups/baohiemnhantho.chuyenvien/posts/1621905499393750/,2026-09-07,"Cuộc sống luôn có những biến số khó lường: một cơn ốm đau bất chợt, một đợt nằm viện ngoài ý muốn hay tai nạn bất ngờ làm xáo trộn kế hoạch tương lai. Khi rủi ro gõ cửa, gánh nặng viện phí và áp lực tài chính không chỉ dừng lại ở tiền bạc, mà còn trực tiếp đè nặng lên tinh thần của chính bạn và những người thân yêu. Đừng đợi đến khi bất trắc xảy ra mới tìm kiếm điểm tựa. Tôi có giải pháp giúp bạn: - Tạo lập lá chắn tài chính vững vàng: Bảo vệ trọn vẹn số tiền tiết kiệm trước những chi phí y tế phát sinh đột ngột. - San sẻ gánh nặng sức khỏe: Đảm bảo quyền tiếp cận các điều kiện chăm sóc y tế chất lượng mà không phải lo lắng về viện phí. - An tâm trong mọi tình huống: Giúp bạn và gia đình giữ vững sự bình yên để tập trung hồi phục và vững bước tương lai. Chủ động chuẩn bị sự bảo vệ là cách thiết thực nhất để thể hiện trách nhiệm với bản thân và người mình yêu thương. Nhắn cho tôi ngay hôm nay để nhận giải pháp bảo vệ phù hợp nhất với bạn!",baohiemnhantho.chuyenvien,BẢO HIỂM NHÂN THỌ - Hội chuyên viên tư vấn,https://www.facebook.com/groups/baohiemnhantho.chuyenvien/,Khánh Linh,https://www.facebook.com/nguoibaoveban.khanhlinh,0,0,0,0,0,0,0,0,0,0,,
2134029527183849,https://www.facebook.com/groups/tuvanbaohiemnhanthovn/posts/2134029527183849/,2026-09-07,"# **[HÀ NỘI] TÌM ĐỒNG ĐỘI SALES** # Bạn đang tìm một công việc Sales có đào tạo, có team đồng hành và có cơ chế thu nhập rõ ràng? 👀 📍 Vị trí: Nhân viên Kinh doanh/Trợ lý Kinh doanh 📍 Địa điểm: Hoàng Cầu, Hà Nội 💰 Thu nhập: Lương cứng + Thưởng kinh doanh + Hoa hồng 🔥 MÔ TẢ CÔNG VIỆC 🔥 • Tìm kiếm và phát triển nguồn khách hàng tiềm năng • Chủ động xây dựng, duy trì và mở rộng mối quan hệ với khách hàng • Khảo sát nhu cầu, phân tích mục tiêu tài chính và tư vấn các giải pháp bảo hiểm phù hợp • Thiết kế kế hoạch tài chính cá nhân hóa cho từng khách hàng • Hỗ trợ khách hàng hoàn thiện hồ sơ và ký kết hợp đồng 👉 YÊU CẦU 👈 • Giao tiếp tốt, chủ động và có tinh thần học hỏi • Có trách nhiệm với công việc và mục tiêu cá nhân • Không yêu cầu kinh nghiệm bảo hiểm – được đào tạo từ đầu QUYỀN LỢI ✨ Lương cứng + Thưởng kinh doanh + Hoa hồng ✨ Được đào tạo nghiệp vụ & kỹ năng Sales ✨ Môi trường trẻ, năng động, đồng đội hỗ trợ nhau ✨ Cơ hội phát triển lên các vị trí Leader 📩 Muốn biết công việc thực tế như thế nào? Liên hệ 0946198580 (Vu Minh Phuong) để nhận lịch phỏng vấn sớm",tuvanbaohiemnhanthovn,Hiệp Hội Tư vấn Bảo hiểm Nhân thọ Việt Nam,https://www.facebook.com/groups/tuvanbaohiemnhanthovn/,Vu Minh Phuong,https://www.facebook.com/vuminhfuong,0,0,0,0,0,0,0,0,0,0,https://scontent.fsgn21-1.fna.fbcdn.net/v/t39.30808-6/796640523_2516340155509174_1339409171939994073_n.jpg?stp=dst-jpg_tt6&cstp=mx2048x1536&ctp=p960x960&_nc_cat=104&ccb=1-7&_nc_sid=aa7b47&_nc_ohc=yKtOLxVVNeEQ7kNvwGtrYYn&_nc_oc=AdpwmKtzH8kyq9I4aryHJP3RV4RtpuZfXY_O0pw1p6PQ03F9NpoSOlM7sKQHXQ0O7Jk&_nc_zt=23&_nc_ht=scontent.fsgn21-1.fna&_nc_gid=8eNdUKk42ejuSHwcIjTaNw&_nc_ss=7b2a8&oh=00_AQLnaxq-9nAYeyfyoJDiQnoeynGgnUd_g-rbwWxmQp4Anw&oe=6AA58CD4|https://scontent.fsgn21-1.fna.fbcdn.net/v/t39.30808-6/795644009_2516340132175843_6422313490719331816_n.jpg?stp=dst-jpg_tt6&cstp=mx2048x1444&ctp=p960x960&_nc_cat=104&ccb=1-7&_nc_sid=aa7b47&_nc_ohc=pbv3VmE2YlkQ7kNvwHuRVzM&_nc_oc=AdpSSFoMBsRICSc2PEHelR-l633mv1UEwhGUEOuwbEsADBpCqBKMacWvn3frmQkOG30&_nc_zt=23&_nc_ht=scontent.fsgn21-1.fna&_nc_gid=8eNdUKk42ejuSHwcIjTaNw&_nc_ss=7b2a8&oh=00_AQJVRyM7alas6MVCnLmnsaMA2AcRXQwjBXYo4MD4t2hT9g&oe=6AA59071|https://scontent.fsgn21-1.fna.fbcdn.net/v/t39.30808-6/797841474_2516340128842510_3292792609595419076_n.jpg?stp=dst-jpg_tt6&cstp=mx2048x1366&ctp=p960x960&_nc_cat=110&ccb=1-7&_nc_sid=aa7b47&_nc_ohc=MrgOQYWUTCMQ7kNvwH8FCgQ&_nc_oc=AdofpBSLJoWv01IinhdVjoVLEM2Ou0Ihh4q_fwAehfslvJzL1UFjZBGX0BMYNbqiCQE&_nc_zt=23&_nc_ht=scontent.fsgn21-1.fna&_nc_gid=8eNdUKk42ejuSHwcIjTaNw&_nc_ss=7b2a8&oh=00_AQIHXC3c2G6quxheC4admDqx2_4nV1mybaCbn5QLuvywew&oe=6AA5B793|https://scontent.fsgn21-1.fna.fbcdn.net/v/t39.30808-6/791227775_2516340215509168_8680742663049128410_n.jpg?stp=dst-jpg_tt6&cstp=mx2048x1366&ctp=p960x960&_nc_cat=108&ccb=1-7&_nc_sid=aa7b47&_nc_ohc=rHPV6aZKylIQ7kNvwEQvVpL&_nc_oc=AdqWdqC39plHTXBFFhog6ijjCjAH5W_1K923oGfL4MRGjDDrOAIAPoma4Bv0AHqaFPM&_nc_zt=23&_nc_ht=scontent.fsgn21-1.fna&_nc_gid=8eNdUKk42ejuSHwcIjTaNw&_nc_ss=7b2a8&oh=00_AQIN07VQ6UD0RbM3k5u8ZUChiTkerBcbaMA6as4PU3Z-cw&oe=6AA58EF9|https://scontent.fsgn21-1.fna.fbcdn.net/v/t39.30808-6/791437049_2516340272175829_4307792435687188067_n.jpg?stp=dst-jpg_tt6&cstp=mx2048x1536&ctp=p960x960&_nc_cat=105&ccb=1-7&_nc_sid=aa7b47&_nc_ohc=_jy5przOB30Q7kNvwHlOEIb&_nc_oc=AdoExpYrE51v4a8vY6aHrE0DEDSDenzGUzkbajGRcv7w_3YU2GsB2hlwQCBS2Pss3iA&_nc_zt=23&_nc_ht=scontent.fsgn21-1.fna&_nc_gid=8eNdUKk42ejuSHwcIjTaNw&_nc_ss=7b2a8&oh=00_AQJ3aZ4ZPZU_hVMpsIvWoJyw4k0WjxS_vBxpuVyucmHnQQ&oe=6AA59EBF,
28645578071721261,https://www.facebook.com/groups/congdongtuvanvienbaohiem/posts/28645578071721261/,2026-09-07,"# **[HÀ NỘI] TÌM ĐỒNG ĐỘI SALES** # Bạn đang tìm một công việc Sales có đào tạo, có team đồng hành và có cơ chế thu nhập rõ ràng? 👀 📍 Vị trí: Nhân viên Kinh doanh/Trợ lý Kinh doanh 📍 Địa điểm: Hoàng Cầu, Hà Nội 💰 Thu nhập: Lương cứng + Thưởng kinh doanh + Hoa hồng 🔥 MÔ TẢ CÔNG VIỆC 🔥 • Tìm kiếm và phát triển nguồn khách hàng tiềm năng • Chủ động xây dựng, duy trì và mở rộng mối quan hệ với khách hàng • Khảo sát nhu cầu, phân tích mục tiêu tài chính và tư vấn các giải pháp bảo hiểm phù hợp • Thiết kế kế hoạch tài chính cá nhân hóa cho từng khách hàng • Hỗ trợ khách hàng hoàn thiện hồ sơ và ký kết hợp đồng 👉 YÊU CẦU 👈 • Giao tiếp tốt, chủ động và có tinh thần học hỏi • Có trách nhiệm với công việc và mục tiêu cá nhân • Không yêu cầu kinh nghiệm bảo hiểm – được đào tạo từ đầu QUYỀN LỢI ✨ Lương cứng + Thưởng kinh doanh + Hoa hồng ✨ Được đào tạo nghiệp vụ & kỹ năng Sales ✨ Môi trường trẻ, năng động, đồng đội hỗ trợ nhau ✨ Cơ hội phát triển lên các vị trí Leader 📩 Muốn biết công việc thực tế như thế nào? Liên hệ 0946198580 (Vu Minh Phuong) để nhận lịch phỏng vấn sớm",congdongtuvanvienbaohiem,Cộng đồng Tư vấn viên bảo hiểm,https://www.facebook.com/groups/congdongtuvanvienbaohiem/,Vu Minh Phuong,https://www.facebook.com/vuminhfuong,1,1,0,0,0,0,0,0,0,0,https://scontent.fsgn21-1.fna.fbcdn.net/v/t39.30808-6/796640523_2516340155509174_1339409171939994073_n.jpg?stp=dst-jpg_tt6&cstp=mx2048x1536&ctp=p960x960&_nc_cat=104&ccb=1-7&_nc_sid=aa7b47&_nc_ohc=yKtOLxVVNeEQ7kNvwGtrYYn&_nc_oc=AdpwmKtzH8kyq9I4aryHJP3RV4RtpuZfXY_O0pw1p6PQ03F9NpoSOlM7sKQHXQ0O7Jk&_nc_zt=23&_nc_ht=scontent.fsgn21-1.fna&_nc_gid=2eoIBgE2jyBZQ8LuxnvVHA&_nc_ss=7b2a8&oh=00_AQLE-RQuoGgVjdgMuc6k6lXD6hKiWAy1is4aA4HGpO8flQ&oe=6AA58CD4|https://scontent.fsgn21-1.fna.fbcdn.net/v/t39.30808-6/795644009_2516340132175843_6422313490719331816_n.jpg?stp=dst-jpg_tt6&cstp=mx2048x1444&ctp=p960x960&_nc_cat=104&ccb=1-7&_nc_sid=aa7b47&_nc_ohc=pbv3VmE2YlkQ7kNvwHuRVzM&_nc_oc=AdpSSFoMBsRICSc2PEHelR-l633mv1UEwhGUEOuwbEsADBpCqBKMacWvn3frmQkOG30&_nc_zt=23&_nc_ht=scontent.fsgn21-1.fna&_nc_gid=2eoIBgE2jyBZQ8LuxnvVHA&_nc_ss=7b2a8&oh=00_AQJx1Fo-xd3y63lfZgs2v7vL-N-1Kwf9YySPnkFU1YiaTA&oe=6AA59071|https://scontent.fsgn21-1.fna.fbcdn.net/v/t39.30808-6/797841474_2516340128842510_3292792609595419076_n.jpg?stp=dst-jpg_tt6&cstp=mx2048x1366&ctp=p960x960&_nc_cat=110&ccb=1-7&_nc_sid=aa7b47&_nc_ohc=MrgOQYWUTCMQ7kNvwH8FCgQ&_nc_oc=AdofpBSLJoWv01IinhdVjoVLEM2Ou0Ihh4q_fwAehfslvJzL1UFjZBGX0BMYNbqiCQE&_nc_zt=23&_nc_ht=scontent.fsgn21-1.fna&_nc_gid=2eoIBgE2jyBZQ8LuxnvVHA&_nc_ss=7b2a8&oh=00_AQKCLphSd4zFN9hreTEoXY4UqVb4gsttuz7jhzi2q1rvFw&oe=6AA5B793|https://scontent.fsgn21-1.fna.fbcdn.net/v/t39.30808-6/791227775_2516340215509168_8680742663049128410_n.jpg?stp=dst-jpg_tt6&cstp=mx2048x1366&ctp=p960x960&_nc_cat=108&ccb=1-7&_nc_sid=aa7b47&_nc_ohc=rHPV6aZKylIQ7kNvwEQvVpL&_nc_oc=AdqWdqC39plHTXBFFhog6ijjCjAH5W_1K923oGfL4MRGjDDrOAIAPoma4Bv0AHqaFPM&_nc_zt=23&_nc_ht=scontent.fsgn21-1.fna&_nc_gid=2eoIBgE2jyBZQ8LuxnvVHA&_nc_ss=7b2a8&oh=00_AQKo2NzPsMM0iSqeAJ0gOWEIHgaSwz2QXFYHhAdHTPT3gQ&oe=6AA58EF9|https://scontent.fsgn21-1.fna.fbcdn.net/v/t39.30808-6/791437049_2516340272175829_4307792435687188067_n.jpg?stp=dst-jpg_tt6&cstp=mx2048x1536&ctp=p960x960&_nc_cat=105&ccb=1-7&_nc_sid=aa7b47&_nc_ohc=_jy5przOB30Q7kNvwHlOEIb&_nc_oc=AdoExpYrE51v4a8vY6aHrE0DEDSDenzGUzkbajGRcv7w_3YU2GsB2hlwQCBS2Pss3iA&_nc_zt=23&_nc_ht=scontent.fsgn21-1.fna&_nc_gid=2eoIBgE2jyBZQ8LuxnvVHA&_nc_ss=7b2a8&oh=00_AQKO2uBZmNlZXw6hDP6_p_PT7CLeh3XWcJQKzsiiJQ9ddw&oe=6AA59EBF,
1751071809433476,https://www.facebook.com/groups/hoireviewbaohiem/posts/1751071809433476/,2026-09-07,"Mẹ e 58 tuổi e muốn tham khảo mua bảo hiểm cho mẹ bảo vệ sức khoẻ bệnh hiểm nghèo , tai nạn , nội trú . Nên dùng bh của bên nào và mức chi phí khoảng bn ạ . Tv giúp e vs ạ",hoireviewbaohiem,REVIEW BẢO HIỂM,https://www.facebook.com/groups/hoireviewbaohiem/,RubyPelican2114,,14,12,2,0,0,0,0,0,0,28,,
28644693655143036,https://www.facebook.com/groups/congdongtuvanvienbaohiem/posts/28644693655143036/,2026-09-07,"✨ Có những chặng đường chỉ thật sự đáng giá khi đi cùng đúng người. 🚀 Nhạn đang muốn kết nối với một người có tư duy dẫn dắt, bản lĩnh và khát vọng phát triển cho vai trò Trưởng khu vực Kinh doanh. 🤝 Nếu bạn đang tìm kiếm một hành trình mới, nơi năng lực được trao đúng cơ hội và dấu ấn được tạo bằng kết quả, hãy nhắn cho Nhạn. 💫 Biết đâu, đây là lúc chúng ta nên có một cuộc trò chuyện.",congdongtuvanvienbaohiem,Cộng đồng Tư vấn viên bảo hiểm,https://www.facebook.com/groups/congdongtuvanvienbaohiem/,Bạch Nhạn,https://www.facebook.com/nhan.bach.31945,0,0,0,0,0,0,0,0,0,0,,
1621839399400360,https://www.facebook.com/groups/baohiemnhantho.chuyenvien/posts/1621839399400360/,2026-09-07,"Tìm mua bảo hiểm nhân thọ cho bé và mẹ Tìm người tư vấn tốt, nhiệt tình, hỗ trợ claim tận nơi, hỗ trợ hết mức có thể. Mình k đòi hỏi gì thêm",baohiemnhantho.chuyenvien,BẢO HIỂM NHÂN THỌ - Hội chuyên viên tư vấn,https://www.facebook.com/groups/baohiemnhantho.chuyenvien/,Bảo Trân,https://www.facebook.com/hellokitty.girl28,73,56,17,0,0,0,0,0,1,100,,
1751057789434878,https://www.facebook.com/groups/hoireviewbaohiem/posts/1751057789434878/,2026-09-07,"Em cần tìm bên nào thẻ sức khoẻ cho trẻ tháng tuổi, nội ngoại trú có chi trả cho bệnh bẩm sinh càng tốt ạ. Chi phí ở mức vừa phải. E cảm ơn",hoireviewbaohiem,REVIEW BẢO HIỂM,https://www.facebook.com/groups/hoireviewbaohiem/,Tuongvy4852,,12,11,1,0,0,0,0,0,0,37,,
1751049422769048,https://www.facebook.com/groups/hoireviewbaohiem/posts/1751049422769048/,2026-09-07,"BH sức khoẻ TCB Mình cần ctv hỗ trợ claim BH tcb, bạn tư vấn viên của mình zalo đi củi rồi ko liên hệ đc @@ Mình có tự claim trên app Insmart nhưng đang bị fail",hoireviewbaohiem,REVIEW BẢO HIỂM,https://www.facebook.com/groups/hoireviewbaohiem/,Nguyễn Quốc Tấn,https://www.facebook.com/mot.mi.234,6,6,0,0,0,0,0,0,0,10,,
1751044716102852,https://www.facebook.com/groups/hoireviewbaohiem/posts/1751044716102852/,2026-09-07,Em ở Hải Phòng Cần tìm 1 bảo hiểm cho bé 15 ngày tuổi Y/c Khám và điều trị các bệnh viện tư hoặc TW Đk chi trả khi khám nội và ngoại trú kèm theo đó là chi trả thêm cả xét nghiệm âm tính Mọi người giới thiệu tư vấn để em tham khảo ạ,hoireviewbaohiem,REVIEW BẢO HIỂM,https://www.facebook.com/groups/hoireviewbaohiem/,Anonymous participant,,13,13,0,0,0,0,0,0,0,26,,
1750982319442425,https://www.facebook.com/groups/hoireviewbaohiem/posts/1750982319442425/,2026-09-07,Trong group có ai bán bảo hiểm tài sản cho hệ thống điện năng lượng mặt trời ở Đà Nẵng ko ạ Cho em xin sdt liên hệ ạ,hoireviewbaohiem,REVIEW BẢO HIỂM,https://www.facebook.com/groups/hoireviewbaohiem/,Anonymous participant,,8,6,2,0,0,0,0,0,0,6,,
1750974269443230,https://www.facebook.com/groups/hoireviewbaohiem/posts/1750974269443230/,2026-09-07,Mk cần tv mua bảo hiểm cho bé 20m ạ,hoireviewbaohiem,REVIEW BẢO HIỂM,https://www.facebook.com/groups/hoireviewbaohiem/,VioletGuava5094,,27,23,4,0,0,0,0,0,0,28,,
1750917032782287,https://www.facebook.com/groups/hoireviewbaohiem/posts/1750917032782287/,2026-09-07,"các bác cho em hỏi chút ạ. em làm ở công ty cũ từ tháng 10/2025- 2/2026 thì nghỉ. Mà công ty cũ không báo cắt giảm và có thu tiền nhưng không đóng đủ tháng cho em. giờ hiện tại hệ thống bảo hiểm của em đang hiện nợ bảo hiểm từ tháng 3-nay là t9/2026 và mình không thể chốt được sổ cũng chưa báo giảm. giờ sang công ty mới mình có thể đóng như bình thường được không, công ty mới báo tăng để đóng được không ạ? hiện giờ em không thể kết nối được với công ty cũ, rất mong các bác giải đáp giúp em ạ",hoireviewbaohiem,REVIEW BẢO HIỂM,https://www.facebook.com/groups/hoireviewbaohiem/,Anonymous participant,,1,1,0,0,0,0,0,0,0,1,,
1750911299449527,https://www.facebook.com/groups/hoireviewbaohiem/posts/1750911299449527/,2026-09-07,Mọi người cho em hỏi em nằm viện phẫu thuật đăng ký nằm giường yêu cầu thì bên VBI có chi trả lại không ạ,hoireviewbaohiem,REVIEW BẢO HIỂM,https://www.facebook.com/groups/hoireviewbaohiem/,OrangeRabbit3465,,11,8,3,0,0,0,0,0,0,10,,
2250572999213987,https://www.facebook.com/groups/296975261240447/posts/2250572999213987/,2026-09-07,Mọi người cho hỏi mình có mua bảo hiểm cho con vào tháng 4. Và đợt tháng 7 con mình có nhập viện chẩn đoán viêm tiểu phế quản. Khi mình nộp yêu cầu bồi thường thì cty k chi trả. Lý do là tháng 3 con mình có đến bv khám và bs cũng chẩn đoán viêm tiểu phế quản. Nhưng lúc trả lời bảng câu hỏi thì mình thật sự không nhớ đến đợt khám ở bv. Vì bé chỉ bị ho khò khè cho thuốc uống rồi về. Bên bh trả lời do con mình mới bị bệnh trước khi mua bh 1 tháng nên k chi trả. Vậy trường hợp của mình có thể khiếu nại đc k ạ? Mong được giải đáp.,296975261240447,REVIEW BẢO HIỂM NHÂN THỌ,https://www.facebook.com/groups/296975261240447/,MagicalLobster355,,9,8,1,0,0,0,0,0,0,10,,
28643477508597984,https://www.facebook.com/groups/congdongtuvanvienbaohiem/posts/28643477508597984/,2026-09-07,"💙 QUÀ TẶNG SỨC KHỎE – BẢO VỆ CẢ GIA ĐÌNH CÙNG MIC CARE 💙 Sức khỏe là món quà quý giá nhất mà chúng ta có thể chuẩn bị cho những người thân yêu ❤️ ✨ MIC Care – giải pháp bảo vệ sức khỏe toàn diện: 🏥 Quỹ nội trú lên đến 50 triệu * Viện phí: 2,5 triệu/ngày * Phẫu thuật: 50 triệu/năm * Điều trị tai nạn: 20 triệu 🔍 Quỹ ngoại trú lên đến 7 triệu * Hạn mức khám/lần lên đến 1,4 triệu * Tối đa 10 lần khám/năm * Hỗ trợ vật lý trị liệu 🦷 Quyền lợi nha khoa lên đến 2 triệu 👨‍👩‍👧 Một gói bảo hiểm phù hợp cho gia đình muốn chủ động hơn trước những chi phí khám chữa bệnh phát sinh, từ những lần khám nhỏ đến các trường hợp điều trị dài ngày. 💚 Đừng chờ đến khi cần mới tìm giải pháp, hãy chuẩn bị khi mình còn nhiều lựa chọn. 📲 Zalo: 0767 1343 86 📍 Toà nhà 7A Lam Sơn, P. Tân Sơn Hoà, TP.HCM #MICCare #BaoHiemSucKhoe #BaoVeGiaDinh #BaoHiemChoCaGiaDinh #HoangVyBaoHiem",congdongtuvanvienbaohiem,Cộng đồng Tư vấn viên bảo hiểm,https://www.facebook.com/groups/congdongtuvanvienbaohiem/,Bảo Hiểm cho Con - Trọn Tình Cha Mẹ,https://www.facebook.com/profile.php?id=61580943352387,0,0,0,0,0,0,0,0,0,0,,
2506719873165237,https://www.facebook.com/groups/hotrobaohiem/posts/2506719873165237/,2026-09-07,Mọi người cho em hỏi em nằm viện phẫu thuật đăng ký nằm giường yêu cầu thì bên VBI có chi trả lại không ạ,hotrobaohiem,TƯ VẤN QUYỀN LỢI BẢO HIỂM,https://www.facebook.com/groups/hotrobaohiem/,OrangeRabbit3465,,1,1,0,0,0,0,0,0,0,5,,
2506795596490998,https://www.facebook.com/groups/hotrobaohiem/posts/2506795596490998/,2026-09-07,"Trong quá trình di chuyển xe em báo lỗi như này..mang tới xưởng cầu văn phú phừơng lào cai mới )kiểm tra pin( và gửi pin xuống nhà máy kiểm tra.sau vài ngày nhà máy báo là (đi qua vùng ngập nước (nước vào van pin) ko bảo hành cho em.mọi người ai biết giúp em hứơng giải quyết vs ạ.. xe em mua trả góp.chưa đc 1 năm giờ từ chối thay quả pin thì quá là tổn thất 😪 Có đóng bảo hiểm thân vỏ,của (DBV) và em chạy biển vàng.",hotrobaohiem,TƯ VẤN QUYỀN LỢI BẢO HIỂM,https://www.facebook.com/groups/hotrobaohiem/,Cu Hoàng,https://www.facebook.com/cu.hoang.968603,37,29,1,0,5,2,0,0,0,38,https://scontent.fsgn21-1.fna.fbcdn.net/v/t39.30808-6/793204176_4315293258745649_7251970501563260510_n.jpg?stp=dst-jpg_tt6&cstp=mx1536x2048&ctp=p960x960&_nc_cat=104&ccb=1-7&_nc_sid=aa7b47&_nc_ohc=v0-SfV73GJMQ7kNvwEiR6co&_nc_oc=Adq_ghBG_ameMdp_1zaryrjv4vToFZH_KCU5GmrxObfkr2csAMCqA2Qo_6J04WmsfGE&_nc_zt=23&_nc_ht=scontent.fsgn21-1.fna&_nc_gid=ylzRVH1_QqI6W4iVGNarLw&_nc_ss=7b2a8&oh=00_AQKYN72i_s9olMBhlGPeCIOqTx9PHg0uro8vgDLgO1hwvQ&oe=6AA5A976|https://scontent.fsgn21-1.fna.fbcdn.net/v/t39.30808-6/798263719_4315293315412310_828400045371410562_n.jpg?stp=dst-jpg_tt6&cstp=mx1536x2048&ctp=p960x960&_nc_cat=100&ccb=1-7&_nc_sid=aa7b47&_nc_ohc=5c_ke6UyfIkQ7kNvwGPoH_i&_nc_oc=Adp7XfS8mVXILZD1Ds48v0ecbeJMXdobpsGeQ5Gj9nlDstt3RuvNdFb5pT1iVtvQOkg&_nc_zt=23&_nc_ht=scontent.fsgn21-1.fna&_nc_gid=ylzRVH1_QqI6W4iVGNarLw&_nc_ss=7b2a8&oh=00_AQL-_dv-DA4mDdaO7F8-DRp1X2ZNcEPQ_DaI3P1dXbNNlg&oe=6AA5AD99|https://scontent.fsgn21-1.fna.fbcdn.net/v/t39.30808-6/799251166_4315378888737086_6761554362049401587_n.jpg?stp=dst-jpg_tt6&cstp=mx1536x2048&ctp=p960x960&_nc_cat=109&ccb=1-7&_nc_sid=aa7b47&_nc_ohc=UWvtW80val0Q7kNvwHFeoQT&_nc_oc=AdpavVWG93W8OgLTbdX-1jm7_0JuIWNz5sB2z54qaC7-ASatuPRYQEIxd_2TjDJXxDc&_nc_zt=23&_nc_ht=scontent.fsgn21-1.fna&_nc_gid=ylzRVH1_QqI6W4iVGNarLw&_nc_ss=7b2a8&oh=00_AQKI12nJO0VSreO6CjhAELPZ4yHusJcx7opSqlZbxWGwcw&oe=6AA5B54F|https://scontent.fsgn21-1.fna.fbcdn.net/v/t39.30808-6/799280261_4315378872070421_8421964349393934822_n.jpg?stp=dst-jpg_tt6&cstp=mx982x480&ctp=s982x480&_nc_cat=105&ccb=1-7&_nc_sid=aa7b47&_nc_ohc=7CKUIOi9q6cQ7kNvwEuNWL7&_nc_oc=AdqIjBmk9dex6DBcJGmQrHcl6UojHyJIwuE2WBhODBNV80_r1tXRsiH6PJINjfGqCk0&_nc_zt=23&_nc_ht=scontent.fsgn21-1.fna&_nc_gid=ylzRVH1_QqI6W4iVGNarLw&_nc_ss=7b2a8&oh=00_AQLXXHsvzdp4Gk-l4i11DuEyA2niBNR2QQTnnLxu0IC-ug&oe=6AA5BD1E,
28643445345267867,https://www.facebook.com/groups/congdongtuvanvienbaohiem/posts/28643445345267867/,2026-09-07,"💙 BÉ NHẬP VIỆN 3 NGÀY – NHẬN CHI TRẢ HƠN 11 TRIỆU ĐỒNG 💙 Một ca thực tế khi bé được chẩn đoán RSV, phải nhập viện điều trị tại AIH. Chỉ sau khi hoàn tất hồ sơ, khách hàng nhận được 2 khoản chi trả, tổng cộng 11.096.710 đồng 🥰 ✨ Có thẻ sức khỏe, ba mẹ thêm một phần an tâm khi con chẳng may ốm bệnh: ✅ Hỗ trợ chi phí điều trị nội trú ✅ Hệ thống chi trả rộng ✅ Hỗ trợ giải quyết quyền lợi nhanh chóng ✅ Cam kết tái tục thẻ sức khỏe 👉 Bảo hiểm không làm bé ít bệnh hơn, nhưng giúp ba mẹ bớt áp lực tài chính khi con cần điều trị. Ba mẹ nào đang quan tâm bảo hiểm sức khỏe cho bé, cứ nhắn Châu để được tư vấn gói phù hợp nhé! 💌 ----------------------------- 𝐍𝐡𝐚̣̂𝐧 𝐭𝐮̛ 𝐯𝐚̂́𝐧 𝐠𝐢𝐚̉𝐢 𝐩𝐡𝐚́𝐩 𝐁𝐚̉𝐨 𝐇𝐢𝐞̂̉𝐦 𝐭𝐫𝐞̂𝐧 𝐭𝐨𝐚̀𝐧 𝐪𝐮𝐨̂́𝐜 𝙼𝚘̣𝚒 c𝚑𝚒 𝚝𝚒𝚎̂́𝚝 𝚡𝚒𝚗 𝚕𝚒𝚎̂𝚗 𝚑𝚎̣̂: Hồng Châu ☎️𝐇𝐨𝐭𝐥𝐢𝐧𝐞 0936532784 𝐓𝐮̛ 𝐕𝐚̂́𝐧 𝐓𝐚̣̂𝐧 𝐓𝐚̂𝐦 📧𝐄𝐦𝐚𝐢𝐥: vothihongchau1991@gmail.com #hongchaubaohiem #baohiemchitranhanh #hongchaubaohiemthaisan #thesuckhoechobe #baolanhvienphi #tuvanbaohiemuytin #baohiemchogiadinh #baohiemuytin #baohiemtotnhat #baohiemdaiichi #thesuckhoedivien0đ",congdongtuvanvienbaohiem,Cộng đồng Tư vấn viên bảo hiểm,https://www.facebook.com/groups/congdongtuvanvienbaohiem/,Hồng Châu Bảo Hiểm,https://www.facebook.com/profile.php?id=61578522915157,0,0,0,0,0,0,0,0,0,0,,
2250548949216392,https://www.facebook.com/groups/296975261240447/posts/2250548949216392/,2026-09-07,"💙 BÉ NHẬP VIỆN 3 NGÀY – NHẬN CHI TRẢ HƠN 11 TRIỆU ĐỒNG 💙 Một ca thực tế khi bé được chẩn đoán RSV, phải nhập viện điều trị tại AIH. Chỉ sau khi hoàn tất hồ sơ, khách hàng nhận được 2 khoản chi trả, tổng cộng 11.096.710 đồng 🥰 ✨ Có thẻ sức khỏe, ba mẹ thêm một phần an tâm khi con chẳng may ốm bệnh: ✅ Hỗ trợ chi phí điều trị nội trú ✅ Hệ thống chi trả rộng ✅ Hỗ trợ giải quyết quyền lợi nhanh chóng ✅ Cam kết tái tục thẻ sức khỏe 👉 Bảo hiểm không làm bé ít bệnh hơn, nhưng giúp ba mẹ bớt áp lực tài chính khi con cần điều trị. Ba mẹ nào đang quan tâm bảo hiểm sức khỏe cho bé, cứ nhắn Châu để được tư vấn gói phù hợp nhé! 💌 ----------------------------- 𝐍𝐡𝐚̣̂𝐧 𝐭𝐮̛ 𝐯𝐚̂́𝐧 𝐠𝐢𝐚̉𝐢 𝐩𝐡𝐚́𝐩 𝐁𝐚̉𝐨 𝐇𝐢𝐞̂̉𝐦 𝐭𝐫𝐞̂𝐧 𝐭𝐨𝐚̀𝐧 𝐪𝐮𝐨̂́𝐜 𝙼𝚘̣𝚒 c𝚑𝚒 𝚝𝚒𝚎̂́𝚝 𝚡𝚒𝚗 𝚕𝚒𝚎̂𝚗 𝚑𝚎̣̂: Hồng Châu ☎️𝐇𝐨𝐭𝐥𝐢𝐧𝐞 0936532784 𝐓𝐮̛ 𝐕𝐚̂́𝐧 𝐓𝐚̣̂𝐧 𝐓𝐚̂𝐦 📧𝐄𝐦𝐚𝐢𝐥: vothihongchau1991@gmail.com #hongchaubaohiem #baohiemchitranhanh #hongchaubaohiemthaisan #thesuckhoechobe #baolanhvienphi #tuvanbaohiemuytin #baohiemchogiadinh #baohiemuytin #baohiemtotnhat #baohiemdaiichi #thesuckhoedivien0đ",296975261240447,REVIEW BẢO HIỂM NHÂN THỌ,https://www.facebook.com/groups/296975261240447/,Hồng Châu Bảo Hiểm,https://www.facebook.com/profile.php?id=61578522915157,0,0,0,0,0,0,0,0,0,0,,
28643332665279135,https://www.facebook.com/groups/congdongtuvanvienbaohiem/posts/28643332665279135/,2026-09-07,Em nhận order giá tận xưởng Trung Nhận order không qua trung gian🥰 Nhận in ấn theo yêu cầu🥰 Nhận khắc tên theo yêu cầu🥰 Có nhiều mẫu sẵn kho🥰 Liên hệ /zalo: 0906742246 em báo giá ạ🔥,congdongtuvanvienbaohiem,Cộng đồng Tư vấn viên bảo hiểm,https://www.facebook.com/groups/congdongtuvanvienbaohiem/,Thương Cá Voi Lam,https://www.facebook.com/profile.php?id=61586232241379,0,0,0,0,0,0,0,0,0,0,,
28643019591977109,https://www.facebook.com/groups/congdongtuvanvienbaohiem/posts/28643019591977109/,2026-09-07,"Xin phép ad ạ Bên em đang thực hiện một nghiên cứu về ý kiến của những anh/chị đang hoạt động trong ngành bảo hiểm của các cty Manulife, Aia, Sunlife và Prudential. Khảo sát muốn tìm hiểu quan điểm thực tế của anh/chị trong quá trình làm nghề. Không có câu trả lời đúng hay sai, anh/chị cứ chia sẻ theo trải nghiệm thực tế của mình. E phỏng vấn 15-20ph thôi ạ, phỏng vấn xong e gửi tiền quà để cảm ơn tham gia khảo sát ạ Liên hệ 0867631884",congdongtuvanvienbaohiem,Cộng đồng Tư vấn viên bảo hiểm,https://www.facebook.com/groups/congdongtuvanvienbaohiem/,Như Ý,https://www.facebook.com/nhu.y.429289,0,0,0,0,0,0,0,0,0,0,https://scontent.fsgn21-1.fna.fbcdn.net/v/t39.30808-6/799682597_3037131733300602_4384778276461442038_n.jpg?stp=dst-jpg_tt6&cstp=mx1534x2048&ctp=p960x960&_nc_cat=107&ccb=1-7&_nc_sid=aa7b47&_nc_ohc=I2NZCJoNQvcQ7kNvwE3Deyq&_nc_oc=Adr377wiJbLPLrbXY7OuJvSJI-Q_8WecGe6CrnpLQ8fBPQz-nlSc0zcmh-Vv-woiT4w&_nc_zt=23&_nc_ht=scontent.fsgn21-1.fna&_nc_gid=6xA_bZUVRW76Gj47_VPTiA&_nc_ss=7b2a8&oh=00_AQJT8uuBjdUPhrEEMYeiIJnJW9oGwc47Fez7Gb7oNEQ0zQ&oe=6AA5A6C9|https://scontent.fsgn21-1.fna.fbcdn.net/v/t39.30808-6/799363790_3037131796633929_8255111399475567206_n.jpg?stp=dst-jpg_tt6&cstp=mx768x502&ctp=s768x502&_nc_cat=103&ccb=1-7&_nc_sid=aa7b47&_nc_ohc=2TfEQoThHbAQ7kNvwH8KF-Y&_nc_oc=Ado87ePSz0HNAkvjn6Nua4Rd_X6yT5W3cjIRh3VfYLi69ano9Spbn7DY2D1b6gEauRs&_nc_zt=23&_nc_ht=scontent.fsgn21-1.fna&_nc_gid=6xA_bZUVRW76Gj47_VPTiA&_nc_ss=7b2a8&oh=00_AQIFVMDQRlWvSUvrJvQ9wklOLjsvLMbtpON5wfZ8XcEs4Q&oe=6AA59D4F,
1621701049414195,https://www.facebook.com/groups/baohiemnhantho.chuyenvien/posts/1621701049414195/,2026-09-07,Giao HĐ BẢO HIỂM NHÂN THỌ cho A khách. 🤝 😘Cảm ơn anh đã ủng hộ em 💪 🤔BHNT thì ai cần?? 👉Người nhiều tiền cần để bảo vệ số tiền mình kiếm được 🍀 👉Người ít tiền cần để không lâm vào cảnh khổ 🍀 ☎️0966.17.88.17(tư vấn),baohiemnhantho.chuyenvien,BẢO HIỂM NHÂN THỌ - Hội chuyên viên tư vấn,https://www.facebook.com/groups/baohiemnhantho.chuyenvien/,Xe Dịch Vụ,https://www.facebook.com/le.tantrung.4,0,0,0,0,0,0,0,0,0,0,https://scontent.fsgn21-1.fna.fbcdn.net/v/t15.5256-10/799458722_1386107973041894_8137895557853466754_n.jpg?stp=dst-jpg_tt6&cstp=mx720x1280&ctp=s720x1280&_nc_cat=107&ccb=1-7&_nc_sid=117846&_nc_ohc=sIw5_NPoOXMQ7kNvwHtuY0d&_nc_oc=AdoRLSMX8ECtaf0QmZkyBbPN08obtyp8a3Jupfrg_iOZ8X7Ir0S8r1cQlE9I67P-jvg&_nc_zt=23&_nc_ht=scontent.fsgn21-1.fna&_nc_gid=oyfwTWN8q0MUvM_RU2txOQ&_nc_ss=7b2a8&oh=00_AQJew8hFxKiOIcsfnpLvd6DkUC_OptYraD_UyLmGg1rGOQ&oe=6AA5B293|https://scontent.fsgn21-1.fna.fbcdn.net/v/t39.30808-6/793144412_4406103352869237_8600695925099138834_n.jpg?stp=cp6_dst-jpegr_tt6&cstp=mx1152x2048&ctp=p720x720&_nc_cat=100&ccb=1-7&_nc_sid=aa7b47&_nc_ohc=q8S5aGlVvvgQ7kNvwHyVb97&_nc_oc=AdqIpTGIzfKkjHfYCO-UTWgeMEh0Twr1ntzDFA9eYyqmDU56PNaspX7qCjj3K4GFhdQ&_nc_zt=23&se=-1&_nc_ht=scontent.fsgn21-1.fna&_nc_gid=oyfwTWN8q0MUvM_RU2txOQ&_nc_ss=7b2a8&oh=00_AQKnCOE4gyqD2gWEQB2c-mSWQROGUSebhlJhqCYVoAWDqw&oe=6AA5BBF4,
28642580378687697,https://www.facebook.com/groups/congdongtuvanvienbaohiem/posts/28642580378687697/,2026-09-07,"💚 BA MẸ CÀNG LỚN TUỔI – CHI PHÍ Y TẾ CÀNG LÀ KHOẢN NÊN CHỦ ĐỘNG CHUẨN BỊ! Nếu đang tìm một gói bảo hiểm sức khỏe cho ba mẹ từ 41–70 tuổi, MIC Care là phương án rất đáng để tham khảo. ✨ Điểm nổi bật: * Tham gia mới trước 66 tuổi, có thể tái tục tới 70 tuổi * Chi trả 100% hạn mức tại bệnh viện công, tư nhân và quốc tế * Quyền lợi nội trú lên đến 200 triệu/năm * Ngoại trú lên đến 20 triệu/năm * Tiền nằm viện lên đến 10 triệu/ngày * Phẫu thuật lên đến 200 triệu * Nhiều mức phí để lựa chọn theo nhu cầu và ngân sách 💰 Phí nội trú tham khảo chỉ từ 853.000đ/năm cho nhóm tuổi 41–50. Ba mẹ còn đủ điều kiện tham gia thì mình nên chuẩn bị sớm. Một chiếc thẻ sức khỏe hôm nay có thể giúp gia đình chủ động hơn rất nhiều trước những khoản viện phí sau này. ❤️ 📲 Zalo: 0767 1343 86 📍 Toà nhà 7A Lam Sơn, P. Tân Sơn Hoà, TP.HCM #BaoHiemSucKhoe #MICCare #BaoHiemChoBaMe #BaoHiemNguoiCaoTuoi #HoangVyBaoHiem",congdongtuvanvienbaohiem,Cộng đồng Tư vấn viên bảo hiểm,https://www.facebook.com/groups/congdongtuvanvienbaohiem/,Bảo Hiểm cho Con - Trọn Tình Cha Mẹ,https://www.facebook.com/profile.php?id=61580943352387,0,0,0,0,0,0,0,0,0,0,,
2250482845889669,https://www.facebook.com/groups/296975261240447/posts/2250482845889669/,2026-09-07,"bh oto, bh xe máy. Bhyt Anh chị e hết hạn ib e ghi cho nhen",296975261240447,REVIEW BẢO HIỂM NHÂN THỌ,https://www.facebook.com/groups/296975261240447/,Loan Tran,https://www.facebook.com/loan.tran.477653,0,0,0,0,0,0,0,0,0,0,,
2133817310538404,https://www.facebook.com/groups/tuvanbaohiemnhanthovn/posts/2133817310538404/,2026-09-07,"🛡️ CHỦ ĐỘNG BẢO VỆ – AN TÂM VỮNG BƯỚC 💚 Cuộc sống luôn có những rủi ro không thể đoán trước. Một kế hoạch bảo hiểm phù hợp sẽ giúp bạn chủ động bảo vệ tài chính cho bản thân và gia đình khi chẳng may có sự cố. ✨ Bảo hiểm Tử kỳ: Quyền lợi lên đến 100% số tiền bảo hiểm khi xảy ra sự kiện bảo hiểm. ✨ Bảo hiểm Tai nạn: Hỗ trợ tài chính khi không may gặp rủi ro do tai nạn. ✨ Độ tuổi tham gia: 18–65 tuổi ✨ Thời hạn hợp đồng có thể đến 70 tuổi 📩 Anh/Chị quan tâm, em tư vấn chi tiết quyền lợi và mức phí phù hợp nhé! Ms. Oanh – 0369537236 💜",tuvanbaohiemnhanthovn,Hiệp Hội Tư vấn Bảo hiểm Nhân thọ Việt Nam,https://www.facebook.com/groups/tuvanbaohiemnhanthovn/,Lang Oanh,https://www.facebook.com/oanhxinh0704,0,0,0,0,0,0,0,0,0,0,,
28642497778695957,https://www.facebook.com/groups/congdongtuvanvienbaohiem/posts/28642497778695957/,2026-09-07,"🛡️ CHỦ ĐỘNG BẢO VỆ – AN TÂM VỮNG BƯỚC 💚 Cuộc sống luôn có những rủi ro không thể đoán trước. Một kế hoạch bảo hiểm phù hợp sẽ giúp bạn chủ động bảo vệ tài chính cho bản thân và gia đình khi chẳng may có sự cố. ✨ Bảo hiểm Tử kỳ: Quyền lợi lên đến 100% số tiền bảo hiểm khi xảy ra sự kiện bảo hiểm. ✨ Bảo hiểm Tai nạn: Hỗ trợ tài chính khi không may gặp rủi ro do tai nạn. ✨ Độ tuổi tham gia: 18–65 tuổi ✨ Thời hạn hợp đồng có thể đến 70 tuổi 📩 Anh/Chị quan tâm, em tư vấn chi tiết quyền lợi và mức phí phù hợp nhé! Ms. Oanh – 0369537236 💜",congdongtuvanvienbaohiem,Cộng đồng Tư vấn viên bảo hiểm,https://www.facebook.com/groups/congdongtuvanvienbaohiem/,Lang Oanh,https://www.facebook.com/oanhxinh0704,0,0,0,0,0,0,0,0,0,0,,
1750892736118050,https://www.facebook.com/groups/hoireviewbaohiem/posts/1750892736118050/,2026-09-07,"💕 VÌ SAO BẢO HIỂM THAI SẢN DAI-ICHI VẪN LUÔN ĐƯỢC NHIỀU MẸ ƯU TIÊN? Mang thai là hành trình dài, nên một gói bảo hiểm tốt không chỉ cần hỗ trợ chi phí lúc đi sinh, mà còn cần đồng hành với mẹ và bé lâu dài từ những ngày đầu tiên. Các điểm mạnh của thai sản Daiichi mà mẹ có thể tham khảo: - An tâm tái tục năm 2 – duy trì quyền lợi và mức phí theo điều kiện chương trình. - Chi trả 100% chi phí hợp lệ tại các bệnh viện, tiền giường lên đến 6 triệu/ngày. - Nhân đôi hạn mức thai sản khi sinh đôi 👶🏻👶🏻 - Khám thai lên đến 6 triệu, thời gian chờ chỉ 90 ngày. - Đặc biệt, mẹ có thể kết hợp xây dựng quỹ y tế dự phòng cho cả mẹ và bé ngay từ thai kỳ – để sau khi con chào đời, có thể chuẩn bị phương án bảo vệ cho bé từ 30 ngày tuổi. ❤️ Không chỉ chuẩn bị cho một lần đi sinh, mà là chuẩn bị một kế hoạch để mẹ an tâm thai kỳ – bé có nền tảng bảo vệ từ những ngày đầu đời. 📩 Mẹ nào đang có kế hoạch thả bầu hoặc chuẩn bị IVF, inbox Vy để được tính phương án phù hợp với bệnh viện dự sinh và ngân sách nhé! Thông tin liên hệ: 📲 Zalo: 0767 1343 86 📍 Toà nhà 7A Lam Sơn, P. Tân Sơn Hoà, TP.HCM #GDA18 #baohiemthaisan #mebauthongthai #suckhoemevabe #baohiemsuckhoe #HoangVyBaoHiem",hoireviewbaohiem,REVIEW BẢO HIỂM,https://www.facebook.com/groups/hoireviewbaohiem/,Hoang Vy,https://www.facebook.com/nulunkhung,2,2,0,0,0,0,0,0,0,4,https://scontent.fsgn21-1.fna.fbcdn.net/v/t39.30808-6/799404694_28665317539730481_7554576679211029112_n.jpg?stp=dst-jpg_tt6&cstp=mx1152x2048&ctp=p720x720&_nc_cat=111&ccb=1-7&_nc_sid=aa7b47&_nc_ohc=taWyP_jRBUwQ7kNvwFuwDbL&_nc_oc=Adq7lOHbp9u7psUiy44I8bwf92zJ-jAwUpX0yY9a8CnsjKF_LZRAht9X1A-PRuzZE3M&_nc_zt=23&_nc_ht=scontent.fsgn21-1.fna&_nc_gid=4NApbsx9is3ZatnrslO48Q&_nc_ss=7b2a8&oh=00_AQIHUx4_GKkmx6IYnshaTJxzXe-j9Wlgp9_g_4o8h1tTCA&oe=6AA5A68A|https://scontent.fsgn21-1.fna.fbcdn.net/v/t39.30808-6/799458955_28665317749730460_3968504592099877110_n.jpg?stp=dst-jpg_tt6&cstp=mx2048x2048&ctp=s2048x2048&_nc_cat=107&ccb=1-7&_nc_sid=aa7b47&_nc_ohc=XtXiNQGwqGsQ7kNvwHLKd1C&_nc_oc=AdovlzmAkfsh91sFK2_QoD_OgfPMzBhc6PYUMzZz6FekqWOajezahLnF8h0Pn5tUUXg&_nc_zt=23&_nc_ht=scontent.fsgn21-1.fna&_nc_gid=4NApbsx9is3ZatnrslO48Q&_nc_ss=7b2a8&oh=00_AQKMYH6n-53b_hG9D6VORd64ZCRPr_dO_nD9Pw_cFXyiHw&oe=6AA5AB5C|https://scontent.fsgn21-1.fna.fbcdn.net/v/t39.30808-6/799296931_28665318009730434_643789100004494564_n.jpg?stp=dst-jpg_tt6&cstp=mx2048x2048&ctp=s2048x2048&_nc_cat=103&ccb=1-7&_nc_sid=aa7b47&_nc_ohc=eUrsJcwM3BsQ7kNvwFoLi87&_nc_oc=AdqKPSKp6uUsoicLPaooz5Uzx43bUfArSQIRgV36cdzKlGgGTXEHIwyPspo6c0usqlw&_nc_zt=23&_nc_ht=scontent.fsgn21-1.fna&_nc_gid=4NApbsx9is3ZatnrslO48Q&_nc_ss=7b2a8&oh=00_AQJmh9kb-f8UtetDQmvKlpbuZBCHlRCa5e_tOsfDWWn5cw&oe=6AA5A478|https://scontent.fsgn21-1.fna.fbcdn.net/v/t39.30808-6/799404685_28665317566397145_6081807104405774718_n.jpg?stp=dst-jpg_tt6&cstp=mx2048x2048&ctp=s2048x2048&_nc_cat=107&ccb=1-7&_nc_sid=aa7b47&_nc_ohc=R57g6dzwrgYQ7kNvwFXSsFG&_nc_oc=AdoYc8uSsYlJU4TtpMnTtR4AosIlUuF9mvwnefKqMeJEsbWc7GTXytovTHuG8oNJG2s&_nc_zt=23&_nc_ht=scontent.fsgn21-1.fna&_nc_gid=4NApbsx9is3ZatnrslO48Q&_nc_ss=7b2a8&oh=00_AQKD5ml12uFhy5n5hW0IgOY1zq5zoOHYVm6-uIGJH20tLw&oe=6AA5923F|https://scontent.fsgn21-1.fna.fbcdn.net/v/t39.30808-6/799334059_28665317763063792_1575126248029160408_n.jpg?stp=dst-jpg_tt6&cstp=mx2048x2048&ctp=s2048x2048&_nc_cat=100&ccb=1-7&_nc_sid=aa7b47&_nc_ohc=N7oJ8s451_EQ7kNvwGk9RKh&_nc_oc=Adpiyff_3fb8cZlW5Ol9z5RvV-fBKs9_p4B80wER0h_oyLy8PbGmshcoC-YEoIPEw18&_nc_zt=23&_nc_ht=scontent.fsgn21-1.fna&_nc_gid=4NApbsx9is3ZatnrslO48Q&_nc_ss=7b2a8&oh=00_AQK5CIT6DeilZcBE6FWwnewPoPyMBd-MlrDmCdMEJJWPhA&oe=6AA5C076,
1750880509452606,https://www.facebook.com/groups/hoireviewbaohiem/posts/1750880509452606/,2026-09-07,"E cần mua bh rời nội, ngoại trú cho bé và mẹ ạ.",hoireviewbaohiem,REVIEW BẢO HIỂM,https://www.facebook.com/groups/hoireviewbaohiem/,Anonymous participant,,12,11,1,0,0,0,0,0,0,15,,
1750861919454465,https://www.facebook.com/groups/hoireviewbaohiem/posts/1750861919454465/,2026-09-07,"Các anh chị ơi,budget của em khoảng 20tr/năm.em muốn mua bảo hiểm nhân thọ kèm thẻ sk cho chồng 43t và 2 con 6t,4t. Em đang phân vân AIA và Gen,em thiên về chăm sóc sức khỏe ạ.Bên nào tối ưu hơn ạ.Tạm thời em gắn thẻ 2 con vào thẻ bố.Khi nào có điều kiện thì em tách mỗi người 1 hợp đồng.",hoireviewbaohiem,REVIEW BẢO HIỂM,https://www.facebook.com/groups/hoireviewbaohiem/,đùa chút,https://www.facebook.com/uachut.2024,31,25,5,1,0,0,0,0,0,37,,
28642350075377394,https://www.facebook.com/groups/congdongtuvanvienbaohiem/posts/28642350075377394/,2026-09-07,"Em tui làm cty đc 2 năm đóng bhxh từ tháng 4-2024 đến 9/5/2026 nghỉ thai sản rồi từ tháng 3-5/2026 cty ko trả lương hẹn hoài luôn còn bhxh thì đóng trễ 5 tháng giờ em tui đẻ đc 4 tháng rồi , ko lấy đc bhtsan , ko lấy đc lương giờ phải làm sao đây mng huhuu nghe nói bà sếp trốn đi nước ngoài r ai cứu em tui với 🥺",congdongtuvanvienbaohiem,Cộng đồng Tư vấn viên bảo hiểm,https://www.facebook.com/groups/congdongtuvanvienbaohiem/,Sùng Mai Chi,https://www.facebook.com/chi.xyooj.855195,3,3,0,0,0,0,0,0,0,0,,
2133806533872815,https://www.facebook.com/groups/tuvanbaohiemnhanthovn/posts/2133806533872815/,2026-09-07,"🚨 CÓ BẢO HIỂM, VẪN PHẢI TỰ TRẢ VIỆN PHÍ? 3 LÝ DO BẠN CẦN BIẾT! Đến lúc nằm viện, nhận thông báo “không được bảo lãnh viện phí” — chắc chắn ai cũng lo. Nhưng liệu điều đó có nghĩa là bảo hiểm sẽ không chi trả? Trong clip này, Kiệt chia sẻ 3 lý do không được bảo lãnh viện phí và vì sao cần xem rõ nguyên nhân trước khi kết luận về quyền lợi của mình. ▶️ Xem hết clip để hiểu: trường hợp nào có thể bổ sung hồ sơ để được xem xét, trường hợp nào phải tự thanh toán. Lưu lại và chia sẻ cho người thân đang có bảo hiểm — để khi cần, mình biết phải hỏi gì! #KietBaoHiem #BaoLanhVienPhi #HieuDungBaoHiem",tuvanbaohiemnhanthovn,Hiệp Hội Tư vấn Bảo hiểm Nhân thọ Việt Nam,https://www.facebook.com/groups/tuvanbaohiemnhanthovn/,Tô Quốc Kiệt Bảo hiểm & Quản trị rủi ro,https://www.facebook.com/toquockiet.baohiem,0,0,0,0,0,0,0,0,0,0,,
1621665576084409,https://www.facebook.com/groups/baohiemnhantho.chuyenvien/posts/1621665576084409/,2026-09-07,"🌟 5 lý do nên chọn Sun Life Việt Nam để phát triển sự nghiệp 🌟 ✅ Môi trường sáng tạo & hiện đại – nơi tài năng được nuôi dưỡng, ý tưởng được trân trọng. ✅ Văn hóa cởi mở – lãnh đạo lắng nghe, đồng nghiệp hỗ trợ, làm việc theo tinh thần đồng đội. ✅ Chính sách đãi ngộ hấp dẫn – lương cạnh tranh + thưởng hiệu suất rõ ràng + phúc lợi cho nhân viên. ✅ Cơ hội phát triển chuyên môn liên tục – đào tạo, học hỏi từ dự án thực tiễn & môi trường quốc tế. ✅ Rõ ràng mục tiêu & lộ trình thăng tiến – đánh giá KPI minh bạch để bạn biết đường tiến lên. #Kiến_tạo_lãnh_đạo_siêu_phàm #SunLifesouth #SunLife #tuyển_dụng",baohiemnhantho.chuyenvien,BẢO HIỂM NHÂN THỌ - Hội chuyên viên tư vấn,https://www.facebook.com/groups/baohiemnhantho.chuyenvien/,Nguyễn Duy,https://www.facebook.com/nguyen.duy.812696,5,5,0,0,0,0,0,0,0,3,,
1621665382751095,https://www.facebook.com/groups/baohiemnhantho.chuyenvien/posts/1621665382751095/,2026-09-07,"🚨 CÓ BẢO HIỂM, VẪN PHẢI TỰ TRẢ VIỆN PHÍ? 3 LÝ DO BẠN CẦN BIẾT! Đến lúc nằm viện, nhận thông báo “không được bảo lãnh viện phí” — chắc chắn ai cũng lo. Nhưng liệu điều đó có nghĩa là bảo hiểm sẽ không chi trả? Trong clip này, Kiệt chia sẻ 3 lý do không được bảo lãnh viện phí và vì sao cần xem rõ nguyên nhân trước khi kết luận về quyền lợi của mình. ▶️ Xem hết clip để hiểu: trường hợp nào có thể bổ sung hồ sơ để được xem xét, trường hợp nào phải tự thanh toán. Lưu lại và chia sẻ cho người thân đang có bảo hiểm — để khi cần, mình biết phải hỏi gì! #KietBaoHiem #BaoLanhVienPhi #HieuDungBaoHiem",baohiemnhantho.chuyenvien,BẢO HIỂM NHÂN THỌ - Hội chuyên viên tư vấn,https://www.facebook.com/groups/baohiemnhantho.chuyenvien/,Tô Quốc Kiệt Bảo hiểm & Quản trị rủi ro,https://www.facebook.com/toquockiet.baohiem,0,0,0,0,0,0,0,0,0,0,,
2250468329224454,https://www.facebook.com/groups/296975261240447/posts/2250468329224454/,2026-09-07,"“ỦA, CÓ BẢO HIỂM RỒI MÀ VÀO VIỆN VẪN PHẢI TỰ TRẢ TIỀN?” 😳 Nếu rơi vào tình huống này, anh chị có nghĩ ngay là bảo hiểm không chịu chi trả không? Đây là chỗ rất dễ hiểu nhầm. Nhận thông báo không bảo lãnh viện phí, điều mình cần làm trước tiên là hỏi rõ lý do. Clip này Kiệt nói về 3 lý do thường gặp. Có trường hợp hồ sơ vẫn có thể được xem xét chi trả sau đó; cũng có trường hợp chi phí thuộc điều khoản loại trừ. Anh chị dành hơn 1 phút xem nhé. Hiểu rõ từ trước sẽ đỡ hoang mang khi mình hoặc người nhà cần nằm viện. Anh chị từng gặp tình huống không được bảo lãnh viện phí chưa? Kể Kiệt nghe dưới bình luận nhé 👇",296975261240447,REVIEW BẢO HIỂM NHÂN THỌ,https://www.facebook.com/groups/296975261240447/,Tô Quốc Kiệt,https://www.facebook.com/Kiet.MDRT,0,0,0,0,0,0,0,0,0,0,,
28642312042047864,https://www.facebook.com/groups/congdongtuvanvienbaohiem/posts/28642312042047864/,2026-09-07,"🌸 VU LAN BÁO HIẾU – TẶNG BỐ MẸ THẺ SỨC KHỎE AN TÂM Vu Lan này, món quà ý nghĩa nhất dành cho cha mẹ chính là sự chăm sóc y tế chu đáo và an tâm sống khỏe mỗi ngày. Vy gửi cả nhà mang đến 2 giải pháp bảo vệ sức khỏe toàn diện cho người cao niên (tới 70 tuổi): - VBI Care: Chi phí hợp lý, bảo vệ nội trú tới 250 triệu/năm, hỗ trợ nằm viện tới 12,5 triệu/ngày. - MIC Care: Chi trả 100% hạn mức tại các bệnh viện công, tư & quốc tế, quyền lợi nội trú tới 200 triệu/năm. ✅Thủ tục đơn giản, bảo lãnh viện phí toàn quốc. 📩 Inbox NNX ngay để chọn gói bảo vệ trọn vẹn nhất cho đấng sinh thành! Thông tin liên hệ: 📲 Zalo: 0767 1343 86 📍 Toà nhà 7A Lam Sơn, P. Tân Sơn Hoà, TP.HCM #baohiemsuckhoe #thesuckhoeroi #baohiemmic #baohiemvbi #hoangvybaohiem",congdongtuvanvienbaohiem,Cộng đồng Tư vấn viên bảo hiểm,https://www.facebook.com/groups/congdongtuvanvienbaohiem/,Hoang Vy,https://www.facebook.com/nulunkhung,0,0,0,0,0,0,0,0,0,0,https://scontent.fsgn21-1.fna.fbcdn.net/v/t39.30808-6/799458951_28665531609709074_3687739609907273268_n.jpg?stp=dst-jpg_tt6&cstp=mx1366x2048&ctp=p843x403&_nc_cat=107&ccb=1-7&_nc_sid=aa7b47&_nc_ohc=dLlHwwoJfigQ7kNvwHDdVI9&_nc_oc=Adrio0UTTnzx6Vtfd4zXjKsZVLTDb0gVK2H8hXubORLDmrtVqGmIeYmZt4VbwJgBoWw&_nc_zt=23&_nc_ht=scontent.fsgn21-1.fna&_nc_gid=B0gz0kPmaMHnenSQ6OuquA&_nc_ss=7b2a8&oh=00_AQL2wluvusOF5_qh8XUv0q2HwHoC4uFmsCN8K1xmo-ndbw&oe=6AA5AEE7|https://scontent.fsgn21-1.fna.fbcdn.net/v/t39.30808-6/799263725_28665531626375739_3868054727992071160_n.jpg?stp=dst-jpg_tt6&cstp=mx1366x2048&ctp=p843x403&_nc_cat=101&ccb=1-7&_nc_sid=aa7b47&_nc_ohc=z_xf0gIuYaQQ7kNvwG1R2LM&_nc_oc=AdpzU6D_H6n8ZcOU8pzlrBiAh4IFhpZhIA6RYxMDxk0-FwOWm1jW7D9swm5mK8PK3uQ&_nc_zt=23&_nc_ht=scontent.fsgn21-1.fna&_nc_gid=B0gz0kPmaMHnenSQ6OuquA&_nc_ss=7b2a8&oh=00_AQJTaeL8tzRyiigUlhAMzGbxCYLU1wiJDfps2worEdObxw&oe=6AA5B0C5,
1621660449418255,https://www.facebook.com/groups/baohiemnhantho.chuyenvien/posts/1621660449418255/,2026-09-07,Bảo hiểm dân sự 279k (xe 5 chỗ biển trắng) Bảo hiểm Thân vỏ tuỳ dòng xe và đời xe ( có BH Pin cả khi Pin tổn thất riêng ) Nhận BH trước ck sau 0968.729.615 ZL Em ạ📞✊|,baohiemnhantho.chuyenvien,BẢO HIỂM NHÂN THỌ - Hội chuyên viên tư vấn,https://www.facebook.com/groups/baohiemnhantho.chuyenvien/,không bỏ cuộc,https://www.facebook.com/mai.bao.921,0,0,0,0,0,0,0,0,0,0,,
2250462635891690,https://www.facebook.com/groups/296975261240447/posts/2250462635891690/,2026-09-07,"Luôn thiết kế các giải pháp phù hợp nhất với khách hàng Giải đáp mọi thắc mắc. Mong khách hàng có hợp đồng bảo hiểm của riêng mình nhưng yên tâm và hiểu rõ quyền lợi của mình nhất có thể☘️ Hợp đồng bảo hiểm là lâu dài nên Lan muốn mọi người an tâm với ""chiếc áo"" của chính mình.",296975261240447,REVIEW BẢO HIỂM NHÂN THỌ,https://www.facebook.com/groups/296975261240447/,Lan Anh Manulife,https://www.facebook.com/sky.mtp.754918,0,0,0,0,0,0,0,0,0,0,,
2133789883874480,https://www.facebook.com/groups/tuvanbaohiemnhanthovn/posts/2133789883874480/,2026-09-07,"💕 VÌ SAO BẢO HIỂM THAI SẢN DAI-ICHI VẪN LUÔN ĐƯỢC NHIỀU MẸ ƯU TIÊN? Mang thai là hành trình dài, nên một gói bảo hiểm tốt không chỉ cần hỗ trợ chi phí lúc đi sinh, mà còn cần đồng hành với mẹ và bé lâu dài từ những ngày đầu tiên. Các điểm mạnh của thai sản Daiichi mà mẹ có thể tham khảo: - An tâm tái tục năm 2 – duy trì quyền lợi và mức phí theo điều kiện chương trình. - Chi trả 100% chi phí hợp lệ tại các bệnh viện, tiền giường lên đến 6 triệu/ngày. - Nhân đôi hạn mức thai sản khi sinh đôi 👶🏻👶🏻 - Khám thai lên đến 6 triệu, thời gian chờ chỉ 90 ngày. - Đặc biệt, mẹ có thể kết hợp xây dựng quỹ y tế dự phòng cho cả mẹ và bé ngay từ thai kỳ – để sau khi con chào đời, có thể chuẩn bị phương án bảo vệ cho bé từ 30 ngày tuổi. ❤️ Không chỉ chuẩn bị cho một lần đi sinh, mà là chuẩn bị một kế hoạch để mẹ an tâm thai kỳ – bé có nền tảng bảo vệ từ những ngày đầu đời. 📩 Mẹ nào đang có kế hoạch thả bầu hoặc chuẩn bị IVF, inbox Vy để được tính phương án phù hợp với bệnh viện dự sinh và ngân sách nhé! Thông tin liên hệ: 📲 Zalo: 0767 1343 86 📍 Toà nhà 7A Lam Sơn, P. Tân Sơn Hoà, TP.HCM #baohiemthaisan #mebauthongthai #suckhoemevabe #baohiemsuckhoe #HoangVyBaoHiem",tuvanbaohiemnhanthovn,Hiệp Hội Tư vấn Bảo hiểm Nhân thọ Việt Nam,https://www.facebook.com/groups/tuvanbaohiemnhanthovn/,Hoang Vy,https://www.facebook.com/nulunkhung,0,0,0,0,0,0,0,0,0,0,https://scontent.fsgn21-1.fna.fbcdn.net/v/t39.99422-6/798786833_1057781257139179_2926603737035448614_n.png?stp=dst-jpg_tt6&cstp=mx1152x2048&ctp=p720x720&_nc_cat=102&ccb=1-7&_nc_sid=aa7b47&_nc_ohc=KYr0AZdpX8EQ7kNvwExizTy&_nc_oc=AdohiFnZ00KWHupEA8zTEN-lOpyXSgZQDMk9G53o5n0mElGCLp_ysr463uTAm1LDKBE&_nc_zt=14&_nc_ht=scontent.fsgn21-1.fna&_nc_gid=7oE7YfwZtJeh4UwOvigTGA&_nc_ss=7b2a8&oh=00_AQKVvYBqK_PluLt1d4hYsZSN9HkuZu1RT4CfY7GY9yqJMA&oe=6AA5B431|https://scontent.fsgn21-1.fna.fbcdn.net/v/t39.99422-6/799171572_1621726386298287_3330579748247900806_n.png?stp=dst-jpg_tt6&cstp=mx2048x2048&ctp=s2048x2048&_nc_cat=110&ccb=1-7&_nc_sid=aa7b47&_nc_ohc=hiddTVg-oHoQ7kNvwEm75ev&_nc_oc=Adrky7AZGCqThtvoSxX2LkM8WFqEEhEftuKCfXwHRSeWaSq67hHyHeSx85Q36_qZM14&_nc_zt=14&_nc_ht=scontent.fsgn21-1.fna&_nc_gid=7oE7YfwZtJeh4UwOvigTGA&_nc_ss=7b2a8&oh=00_AQJVM9kBMH-7t-OcDitQH0hYLNiW7vcOoH1nTC_xFaIsrg&oe=6AA59F25|https://scontent.fsgn21-1.fna.fbcdn.net/v/t39.99422-6/799601780_2310852973020236_6651730535624749147_n.png?stp=dst-jpg_tt6&cstp=mx2048x2048&ctp=s2048x2048&_nc_cat=104&ccb=1-7&_nc_sid=aa7b47&_nc_ohc=mISJxljQKecQ7kNvwFZu2_7&_nc_oc=AdrExsX3PJk0vEg3I4Z4-MfX-wXbM7zh3oBSQzv-qzoh_JZTmpJwDZXRnHrbIcZTDi4&_nc_zt=14&_nc_ht=scontent.fsgn21-1.fna&_nc_gid=7oE7YfwZtJeh4UwOvigTGA&_nc_ss=7b2a8&oh=00_AQIdKju5Kg63J16vi6VOudTqiIMJid_2F0L2k2EPqU9FgA&oe=6AA5A992|https://scontent.fsgn21-1.fna.fbcdn.net/v/t39.99422-6/799561610_1549288496391478_8546213105476625112_n.png?stp=dst-jpg_tt6&cstp=mx2048x2048&ctp=s2048x2048&_nc_cat=104&ccb=1-7&_nc_sid=aa7b47&_nc_ohc=fIc-XfpsLmAQ7kNvwF1mKwd&_nc_oc=Adr9HbAKHrabft_7mF7n6K-3Fo4YdZFs1uHKmb0LW9n-LYPCSqNfTbm_nusycMbdklg&_nc_zt=14&_nc_ht=scontent.fsgn21-1.fna&_nc_gid=7oE7YfwZtJeh4UwOvigTGA&_nc_ss=7b2a8&oh=00_AQJEfFWCYfFHvU4HIichQjGnHJQpyg-Cyua0BskRFETLHQ&oe=6AA59952|https://scontent.fsgn21-1.fna.fbcdn.net/v/t39.99422-6/799458936_4070158946447376_597660651554010757_n.png?stp=dst-jpg_tt6&cstp=mx2048x2048&ctp=s2048x2048&_nc_cat=107&ccb=1-7&_nc_sid=aa7b47&_nc_ohc=kGwZTfh68jUQ7kNvwH0Rm5G&_nc_oc=AdrwJAXIhCW_4VHw-z1E6NFKKf7dTG00mVQwzXi-CYRtBGkdWmyKiic8dEmUXG2BRRc&_nc_zt=14&_nc_ht=scontent.fsgn21-1.fna&_nc_gid=7oE7YfwZtJeh4UwOvigTGA&_nc_ss=7b2a8&oh=00_AQLGdrzW0H6ED6Eh3XG9fXlcpcpSq3AvF7bevBPsODKexQ&oe=6AA59438,
2250451552559465,https://www.facebook.com/groups/296975261240447/posts/2250451552559465/,2026-09-07,"💕 VÌ SAO BẢO HIỂM THAI SẢN DAI-ICHI VẪN LUÔN ĐƯỢC NHIỀU MẸ ƯU TIÊN? Mang thai là hành trình dài, nên một gói bảo hiểm tốt không chỉ cần hỗ trợ chi phí lúc đi sinh, mà còn cần đồng hành với mẹ và bé lâu dài từ những ngày đầu tiên. Các điểm mạnh của thai sản Daiichi mà mẹ có thể tham khảo: - An tâm tái tục năm 2 – duy trì quyền lợi và mức phí theo điều kiện chương trình. - Chi trả 100% chi phí hợp lệ tại các bệnh viện, tiền giường lên đến 6 triệu/ngày. - Nhân đôi hạn mức thai sản khi sinh đôi 👶🏻👶🏻 - Khám thai lên đến 6 triệu, thời gian chờ chỉ 90 ngày. - Đặc biệt, mẹ có thể kết hợp xây dựng quỹ y tế dự phòng cho cả mẹ và bé ngay từ thai kỳ – để sau khi con chào đời, có thể chuẩn bị phương án bảo vệ cho bé từ 30 ngày tuổi. ❤️ Không chỉ chuẩn bị cho một lần đi sinh, mà là chuẩn bị một kế hoạch để mẹ an tâm thai kỳ – bé có nền tảng bảo vệ từ những ngày đầu đời. 📩 Mẹ nào đang có kế hoạch thả bầu hoặc chuẩn bị IVF, inbox Vy để được tính phương án phù hợp với bệnh viện dự sinh và ngân sách nhé! Thông tin liên hệ: 📲 Zalo: 0767 1343 86 📍 Toà nhà 7A Lam Sơn, P. Tân Sơn Hoà, TP.HCM #baohiemthaisan #mebauthongthai #suckhoemevabe #baohiemsuckhoe #HoangVyBaoHiem",296975261240447,REVIEW BẢO HIỂM NHÂN THỌ,https://www.facebook.com/groups/296975261240447/,Hoang Vy,https://www.facebook.com/nulunkhung,0,0,0,0,0,0,0,0,0,0,https://scontent.fsgn21-1.fna.fbcdn.net/v/t39.30808-6/799316917_28665327273062841_7609122108917690394_n.jpg?stp=dst-jpg_tt6&cstp=mx1152x2048&ctp=p720x720&_nc_cat=109&ccb=1-7&_nc_sid=aa7b47&_nc_ohc=PQYc2nFpoQYQ7kNvwGTTo1w&_nc_oc=AdoGfF8Qm9ZI08GudVOxXpNdYAW7xf38z2E77SH7YV9otfjCUs9nvAYrDep3g98MUYY&_nc_zt=23&_nc_ht=scontent.fsgn21-1.fna&_nc_gid=eh2vsvNDRPYgWTQxFVji6w&_nc_ss=7b2a8&oh=00_AQJzfAT-aELA-61LsdJdyf7EoyFbdCZD0up2PRtfGvS5tA&oe=6AA5AEF9|https://scontent.fsgn21-1.fna.fbcdn.net/v/t39.30808-6/799308399_28665327519729483_6570761042172811288_n.jpg?stp=dst-jpg_tt6&cstp=mx2048x2048&ctp=s2048x2048&_nc_cat=104&ccb=1-7&_nc_sid=aa7b47&_nc_ohc=-HNMNRCNu98Q7kNvwEsCnzm&_nc_oc=AdoTSCDrpknfMnJlcXZiTSD5IvH8ejl-hoW09gjRVDKvBy3bX0yZpQ-jM1Vy_7KVyxY&_nc_zt=23&_nc_ht=scontent.fsgn21-1.fna&_nc_gid=eh2vsvNDRPYgWTQxFVji6w&_nc_ss=7b2a8&oh=00_AQIzR7890FPtelM1hPlu2ZckI2ozexlCoNUhz1XIVWOguA&oe=6AA59833|https://scontent.fsgn21-1.fna.fbcdn.net/v/t39.30808-6/799601796_28665327329729502_7304028521074015210_n.jpg?stp=dst-jpg_tt6&cstp=mx2048x2048&ctp=s2048x2048&_nc_cat=108&ccb=1-7&_nc_sid=aa7b47&_nc_ohc=bAHrX3o6MGwQ7kNvwGdOGrj&_nc_oc=Ado2CUwaoIhSqBiRcw7Nb38MFqsHZpnxB89AvQEoQOqqXoR_jS72hyqaqMRRvqSWfs0&_nc_zt=23&_nc_ht=scontent.fsgn21-1.fna&_nc_gid=eh2vsvNDRPYgWTQxFVji6w&_nc_ss=7b2a8&oh=00_AQJaXqXhIz6X8IU90_NIUCFeZLMVh0k3ZeLP5-2FwFfPqA&oe=6AA5C2C6|https://scontent.fsgn21-1.fna.fbcdn.net/v/t39.30808-6/799404671_28665327506396151_2115361125855601177_n.jpg?stp=dst-jpg_tt6&cstp=mx2048x2048&ctp=s2048x2048&_nc_cat=108&ccb=1-7&_nc_sid=aa7b47&_nc_ohc=jN2AGveY5RUQ7kNvwHak1JZ&_nc_oc=AdpOEnSUZ2tTHAb0TQkDSLvbM7MFlbjAz4SpoQYI4ab7Nxw7coyRIMLtT99I0nxMdE4&_nc_zt=23&_nc_ht=scontent.fsgn21-1.fna&_nc_gid=eh2vsvNDRPYgWTQxFVji6w&_nc_ss=7b2a8&oh=00_AQIkxDuYpdJO24PpFgFp1IJTUsYkHNjTZF22UOSyQ8oZEg&oe=6AA5AA46|https://scontent.fsgn21-1.fna.fbcdn.net/v/t39.30808-6/799404681_28665327816396120_4180221242750011464_n.jpg?stp=dst-jpg_tt6&cstp=mx2048x2048&ctp=s2048x2048&_nc_cat=105&ccb=1-7&_nc_sid=aa7b47&_nc_ohc=LQ8lGcFr1uEQ7kNvwEscobY&_nc_oc=AdrhUSU-CvJ-_J_4lCy2JF8WK9kU5mILvhkhr2mi2X5_x4070vRg7KpQ2nwNu_pGCOE&_nc_zt=23&_nc_ht=scontent.fsgn21-1.fna&_nc_gid=eh2vsvNDRPYgWTQxFVji6w&_nc_ss=7b2a8&oh=00_AQIpSUp4cIigoDqEcu2TuLXBqLB1w3tMKKdTkYI66yZ_sw&oe=6AA594C3,
28642096995402702,https://www.facebook.com/groups/congdongtuvanvienbaohiem/posts/28642096995402702/,2026-09-07,"💕 VÌ SAO BẢO HIỂM THAI SẢN DAI-ICHI VẪN LUÔN ĐƯỢC NHIỀU MẸ ƯU TIÊN? Mang thai là hành trình dài, nên một gói bảo hiểm tốt không chỉ cần hỗ trợ chi phí lúc đi sinh, mà còn cần đồng hành với mẹ và bé lâu dài từ những ngày đầu tiên. Các điểm mạnh của thai sản Daiichi mà mẹ có thể tham khảo: - An tâm tái tục năm 2 – duy trì quyền lợi và mức phí theo điều kiện chương trình. - Chi trả 100% chi phí hợp lệ tại các bệnh viện, tiền giường lên đến 6 triệu/ngày. - Nhân đôi hạn mức thai sản khi sinh đôi 👶🏻👶🏻 - Khám thai lên đến 6 triệu, thời gian chờ chỉ 90 ngày. - Đặc biệt, mẹ có thể kết hợp xây dựng quỹ y tế dự phòng cho cả mẹ và bé ngay từ thai kỳ – để sau khi con chào đời, có thể chuẩn bị phương án bảo vệ cho bé từ 30 ngày tuổi. ❤️ Không chỉ chuẩn bị cho một lần đi sinh, mà là chuẩn bị một kế hoạch để mẹ an tâm thai kỳ – bé có nền tảng bảo vệ từ những ngày đầu đời. 📩 Mẹ nào đang có kế hoạch thả bầu hoặc chuẩn bị IVF, inbox Vy để được tính phương án phù hợp với bệnh viện dự sinh và ngân sách nhé! Thông tin liên hệ: 📲 Zalo: 0767 1343 86 📍 Toà nhà 7A Lam Sơn, P. Tân Sơn Hoà, TP.HCM #baohiemthaisan #mebauthongthai #suckhoemevabe #baohiemsuckhoe #HoangVyBaoHiem",congdongtuvanvienbaohiem,Cộng đồng Tư vấn viên bảo hiểm,https://www.facebook.com/groups/congdongtuvanvienbaohiem/,Hoang Vy,https://www.facebook.com/nulunkhung,0,0,0,0,0,0,0,0,0,1,https://scontent.fsgn21-1.fna.fbcdn.net/v/t39.30808-6/799404686_28665312599730975_7779898806331448265_n.jpg?stp=dst-jpg_tt6&cstp=mx1152x2048&ctp=p720x720&_nc_cat=104&ccb=1-7&_nc_sid=aa7b47&_nc_ohc=Obv4o4zLJ3cQ7kNvwFa6lal&_nc_oc=Adrr0Em6iaBvvfY56SCB34IlvSDHqOnmPOFlzCoNO3EckqM1W3VSLB2s5X0r67JslKg&_nc_zt=23&_nc_ht=scontent.fsgn21-1.fna&_nc_gid=B0gz0kPmaMHnenSQ6OuquA&_nc_ss=7b2a8&oh=00_AQKhXe_wtOaEMfgp4jk0dMuHvk8oNp5gXPJlRt5wAC0jgA&oe=6AA59FDD|https://scontent.fsgn21-1.fna.fbcdn.net/v/t39.30808-6/799525911_28665312913064277_540713736889272764_n.jpg?stp=dst-jpg_tt6&cstp=mx2048x2048&ctp=s2048x2048&_nc_cat=111&ccb=1-7&_nc_sid=aa7b47&_nc_ohc=c5izOOuO4qEQ7kNvwGGslYa&_nc_oc=AdpuxuaJAdGIDazxpIN4k7shTD4RSQFrSXcavCwAwIEx46NNQHdhUwzucrrCrA4wt1E&_nc_zt=23&_nc_ht=scontent.fsgn21-1.fna&_nc_gid=B0gz0kPmaMHnenSQ6OuquA&_nc_ss=7b2a8&oh=00_AQJ0n_rfynyp0mNGFcomqXRSe8I9eaodT7kLae6isHA42g&oe=6AA5AD47|https://scontent.fsgn21-1.fna.fbcdn.net/v/t39.30808-6/799383592_28665312636397638_3312436802048746555_n.jpg?stp=dst-jpg_tt6&cstp=mx2048x2048&ctp=s2048x2048&_nc_cat=108&ccb=1-7&_nc_sid=aa7b47&_nc_ohc=nDg5_WJq6EcQ7kNvwGf-Qfl&_nc_oc=AdoeLvkPcDOm52G0LIQrZUF9JBxEB2QCz6MhWVoFjjVyqAXtgKkmDXzYSMIlfjuJ9l8&_nc_zt=23&_nc_ht=scontent.fsgn21-1.fna&_nc_gid=B0gz0kPmaMHnenSQ6OuquA&_nc_ss=7b2a8&oh=00_AQIiH01vbf-bQhsQwfdqpfGfg5GmxlGB-br0_QLaL9Ye2Q&oe=6AA5A752|https://scontent.fsgn21-1.fna.fbcdn.net/v/t39.30808-6/799487168_28665312903064278_1752525334787743750_n.jpg?stp=dst-jpg_tt6&cstp=mx2048x2048&ctp=s2048x2048&_nc_cat=106&ccb=1-7&_nc_sid=aa7b47&_nc_ohc=IIVQiocGUvEQ7kNvwFPGgcS&_nc_oc=AdphNe7Cgkob_WVOCW80mzBdeVocEzaMRl635S4TGYnGXK-USAZPqsoSLC391anYA3U&_nc_zt=23&_nc_ht=scontent.fsgn21-1.fna&_nc_gid=B0gz0kPmaMHnenSQ6OuquA&_nc_ss=7b2a8&oh=00_AQIWGUBX9aKKBFYU1WQbWAEHAA6_G-1olrHRNFU-KpPRzQ&oe=6AA5B613|https://scontent.fsgn21-1.fna.fbcdn.net/v/t39.30808-6/799487161_28665313149730920_5761789192568487560_n.jpg?stp=dst-jpg_tt6&cstp=mx2048x2048&ctp=s2048x2048&_nc_cat=104&ccb=1-7&_nc_sid=aa7b47&_nc_ohc=gQvCFy--nSwQ7kNvwFrNfze&_nc_oc=Adpe1tpTS06EF-7sOem37HIFxj9WPT7RV6kZXQhQK4CNW_44YxzjUiLgB5ahj-LnGdc&_nc_zt=23&_nc_ht=scontent.fsgn21-1.fna&_nc_gid=B0gz0kPmaMHnenSQ6OuquA&_nc_ss=7b2a8&oh=00_AQLCq7l1pRND6bDESlkJiXLbHslgswwZnBhTvhGEUtn2Eg&oe=6AA5A854,
2506711969832694,https://www.facebook.com/groups/hotrobaohiem/posts/2506711969832694/,2026-09-07,Cho em hỏi em nằm viện phẫu thuật đăng ký nằm giường yêu cầu thì bên VBI có chi trả lại không ạ,hotrobaohiem,TƯ VẤN QUYỀN LỢI BẢO HIỂM,https://www.facebook.com/groups/hotrobaohiem/,OrangeRabbit3465,,6,6,0,0,0,0,0,0,0,7,,
2250443665893587,https://www.facebook.com/groups/296975261240447/posts/2250443665893587/,2026-09-07,,296975261240447,REVIEW BẢO HIỂM NHÂN THỌ,https://www.facebook.com/groups/296975261240447/,Học Viện Bảo Hiểm,https://www.facebook.com/profile.php?id=61591630045412,1,1,0,0,0,0,0,0,0,2,,
28641984142080654,https://www.facebook.com/groups/congdongtuvanvienbaohiem/posts/28641984142080654/,2026-09-07,Bảo hiểm dân sự 279k (xe 5 chỗ biển trắng) Bảo hiểm Thân vỏ tuỳ dòng xe và đời xe ( có BH Pin cả khi Pin tổn thất riêng ) Nhận BH trước ck sau 0968.729.615 ZL Em ạ📞😄|,congdongtuvanvienbaohiem,Cộng đồng Tư vấn viên bảo hiểm,https://www.facebook.com/groups/congdongtuvanvienbaohiem/,không bỏ cuộc,https://www.facebook.com/mai.bao.921,0,0,0,0,0,0,0,0,0,0,,
2133777527209049,https://www.facebook.com/groups/tuvanbaohiemnhanthovn/posts/2133777527209049/,2026-09-07,"# **🔥 TUYỂN DỤNG – KHÔNG YÊU CẦU KINH NGHIỆM FULL-TIME - PART-TIME 🔥** ✨ NHÂN VIÊN KINH DOANH ✨ 💰 Thu nhập từ >15 TRIỆU/THÁNG ✔️ Lương theo doanh số + Thưởng kinh doanh ✔️ Thưởng tháng, thưởng quý lên đến hơn 10 triệu ✔️ Đào tạo bài bản từ A–Z ✨ TRỢ LÝ KINH DOANH ✨ 💰 Lương 5–7 TRIỆU/THÁNG + THƯỞNG ✔️ Không yêu cầu kinh nghiệm ✔️ Được hướng dẫn công việc chi tiết ✔️ Phù hợp sinh viên, người mới ra trường 🎯 YÊU CẦU ✅ Từ 20 tuổi trở lên ✅ Chăm chỉ, ham học hỏi ✅ Không yêu cầu kinh nghiệm 📍 Địa điểm: Tầng 9, Tòa Geleximco, 36 Hoàng Cầu, Đống Đa, Hà Nội 📞 Ứng tuyển ngay Hotline/Zalo: 0946 198 580 (Vu Minh Phuong) 📩 Gửi CV email: minhfuong.chubb@gmail.com",tuvanbaohiemnhanthovn,Hiệp Hội Tư vấn Bảo hiểm Nhân thọ Việt Nam,https://www.facebook.com/groups/tuvanbaohiemnhanthovn/,Vu Minh Phuong,https://www.facebook.com/vuminhfuong,0,0,0,0,0,0,0,0,0,0,https://scontent.fsgn21-1.fna.fbcdn.net/v/t39.30808-6/793028089_2516068968869626_8386485140355042569_n.jpg?stp=dst-jpg_tt6&cstp=mx2048x1444&ctp=p960x960&_nc_cat=104&ccb=1-7&_nc_sid=aa7b47&_nc_ohc=57CW3sx2jHIQ7kNvwHFuVth&_nc_oc=Adqe1rMwXoFZN9uAJ8P0P5tjADPVbbLPO-U8_imd7wwODZR5BA4yrus0gYcMO_7Upko&_nc_zt=23&_nc_ht=scontent.fsgn21-1.fna&_nc_gid=7oE7YfwZtJeh4UwOvigTGA&_nc_ss=7b2a8&oh=00_AQKxa_ifpDqYya_dVZdhlN91YuLQqr_G5iFJVJzIoRH4aQ&oe=6AA59C47|https://scontent.fsgn21-1.fna.fbcdn.net/v/t39.30808-6/795582333_2516068972202959_3275284609256590251_n.jpg?stp=dst-jpg_tt6&cstp=mx2048x1366&ctp=p960x960&_nc_cat=103&ccb=1-7&_nc_sid=aa7b47&_nc_ohc=1g33OshhtPcQ7kNvwGqGL8G&_nc_oc=AdrbSJ91M7yXp-7MQ1Y0eYn6EaXoW_IKYFhWLNM9hX6YGoH_7dK0CLQiItVO-wlDRcU&_nc_zt=23&_nc_ht=scontent.fsgn21-1.fna&_nc_gid=7oE7YfwZtJeh4UwOvigTGA&_nc_ss=7b2a8&oh=00_AQL0pwZca4Lx36r0OB8VKoSN4T8IeJKH71XxaXSva_EfqA&oe=6AA5A384|https://scontent.fsgn21-1.fna.fbcdn.net/v/t39.30808-6/798261525_2516068952202961_3691980456835287731_n.jpg?stp=dst-jpg_tt6&cstp=mx2048x1366&ctp=p960x960&_nc_cat=105&ccb=1-7&_nc_sid=aa7b47&_nc_ohc=1wTRwn85MnQQ7kNvwG8okqj&_nc_oc=Ador4TTB_AlNOgoE3QxJz-bgTAquz4nKi2cYCUTBXizcvvzRO8iVlP-BbIVGFXig1wU&_nc_zt=23&_nc_ht=scontent.fsgn21-1.fna&_nc_gid=7oE7YfwZtJeh4UwOvigTGA&_nc_ss=7b2a8&oh=00_AQIDXK2pSdCG1-piWOuMwqMuOLEZZvZD5kF9J8YrpEQVtQ&oe=6AA5BE7E|https://scontent.fsgn21-1.fna.fbcdn.net/v/t39.30808-6/793090683_2516069075536282_1677146329988554981_n.jpg?stp=dst-jpg_tt6&cstp=mx2048x1366&ctp=p960x960&_nc_cat=104&ccb=1-7&_nc_sid=aa7b47&_nc_ohc=Cnq7kf_CsFwQ7kNvwECsVre&_nc_oc=AdoCvSJCEULQ1aOmtCQa5xwsLiOEjareAU0umrtG9vAwIwD-GxdfILp3xAuzRi8iMAc&_nc_zt=23&_nc_ht=scontent.fsgn21-1.fna&_nc_gid=7oE7YfwZtJeh4UwOvigTGA&_nc_ss=7b2a8&oh=00_AQLm5j734HWR-cGuogCQ8l4fw0Eb1V7v15TMjA1exD5zGg&oe=6AA5BA40|https://scontent.fsgn21-1.fna.fbcdn.net/v/t39.30808-6/798785285_2516069062202950_9042456412541210530_n.jpg?stp=dst-jpg_tt6&cstp=mx2048x1536&ctp=p960x960&_nc_cat=107&ccb=1-7&_nc_sid=aa7b47&_nc_ohc=uj28FrNE1XEQ7kNvwEcVomC&_nc_oc=AdrJ0Zlx1emyUuepdusNXJ2lPORtA5ZJM_3yUmP5WSvN-HvvQHGmSMLPOFZJlqw1rRw&_nc_zt=23&_nc_ht=scontent.fsgn21-1.fna&_nc_gid=7oE7YfwZtJeh4UwOvigTGA&_nc_ss=7b2a8&oh=00_AQLzUMkZoUi-HMMy-SXoT_wVR7Kr0wJVrQKRTNbiqRo4fQ&oe=6AA5A556,
28641947965417605,https://www.facebook.com/groups/congdongtuvanvienbaohiem/posts/28641947965417605/,2026-09-07,"# **🔥 TUYỂN DỤNG – KHÔNG YÊU CẦU KINH NGHIỆM FULL-TIME - PART-TIME 🔥** ✨ NHÂN VIÊN KINH DOANH ✨ 💰 Thu nhập từ >15 TRIỆU/THÁNG ✔️ Lương theo doanh số + Thưởng kinh doanh ✔️ Thưởng tháng, thưởng quý lên đến hơn 10 triệu ✔️ Đào tạo bài bản từ A–Z ✨ TRỢ LÝ KINH DOANH ✨ 💰 Lương 5–7 TRIỆU/THÁNG + THƯỞNG ✔️ Không yêu cầu kinh nghiệm ✔️ Được hướng dẫn công việc chi tiết ✔️ Phù hợp sinh viên, người mới ra trường 🎯 YÊU CẦU ✅ Từ 20 tuổi trở lên ✅ Chăm chỉ, ham học hỏi ✅ Không yêu cầu kinh nghiệm 📍 Địa điểm: Tầng 9, Tòa Geleximco, 36 Hoàng Cầu, Đống Đa, Hà Nội 📞 Ứng tuyển ngay Hotline/Zalo: 0946 198 580 (Vu Minh Phuong) 📩 Gửi CV email: minhfuong.chubb@gmail.com",congdongtuvanvienbaohiem,Cộng đồng Tư vấn viên bảo hiểm,https://www.facebook.com/groups/congdongtuvanvienbaohiem/,Vu Minh Phuong,https://www.facebook.com/vuminhfuong,0,0,0,0,0,0,0,0,0,0,https://scontent.fsgn21-1.fna.fbcdn.net/v/t39.30808-6/793028089_2516068968869626_8386485140355042569_n.jpg?stp=dst-jpg_tt6&cstp=mx2048x1444&ctp=p960x960&_nc_cat=104&ccb=1-7&_nc_sid=aa7b47&_nc_ohc=57CW3sx2jHIQ7kNvwHFuVth&_nc_oc=Adqe1rMwXoFZN9uAJ8P0P5tjADPVbbLPO-U8_imd7wwODZR5BA4yrus0gYcMO_7Upko&_nc_zt=23&_nc_ht=scontent.fsgn21-1.fna&_nc_gid=KFKBf9YtqFNmRuRyhZ8tmg&_nc_ss=7b2a8&oh=00_AQK-n0S2J6nNH81uPFSflqufnLfuogc58g-R0JNKuGDejw&oe=6AA59C47|https://scontent.fsgn21-1.fna.fbcdn.net/v/t39.30808-6/795582333_2516068972202959_3275284609256590251_n.jpg?stp=dst-jpg_tt6&cstp=mx2048x1366&ctp=p960x960&_nc_cat=103&ccb=1-7&_nc_sid=aa7b47&_nc_ohc=1g33OshhtPcQ7kNvwGqGL8G&_nc_oc=AdrbSJ91M7yXp-7MQ1Y0eYn6EaXoW_IKYFhWLNM9hX6YGoH_7dK0CLQiItVO-wlDRcU&_nc_zt=23&_nc_ht=scontent.fsgn21-1.fna&_nc_gid=KFKBf9YtqFNmRuRyhZ8tmg&_nc_ss=7b2a8&oh=00_AQK2HRiD7sZ3gKvIL6659jkFH1quwLutF3R5b56C9kWeug&oe=6AA5A384|https://scontent.fsgn21-1.fna.fbcdn.net/v/t39.30808-6/798261525_2516068952202961_3691980456835287731_n.jpg?stp=dst-jpg_tt6&cstp=mx2048x1366&ctp=p960x960&_nc_cat=105&ccb=1-7&_nc_sid=aa7b47&_nc_ohc=1wTRwn85MnQQ7kNvwG8okqj&_nc_oc=Ador4TTB_AlNOgoE3QxJz-bgTAquz4nKi2cYCUTBXizcvvzRO8iVlP-BbIVGFXig1wU&_nc_zt=23&_nc_ht=scontent.fsgn21-1.fna&_nc_gid=KFKBf9YtqFNmRuRyhZ8tmg&_nc_ss=7b2a8&oh=00_AQINTk7slmzQjoAk1jCK-0_pR4Fkb1yAuopKPSqLfVjKpw&oe=6AA5BE7E|https://scontent.fsgn21-1.fna.fbcdn.net/v/t39.30808-6/793090683_2516069075536282_1677146329988554981_n.jpg?stp=dst-jpg_tt6&cstp=mx2048x1366&ctp=p960x960&_nc_cat=104&ccb=1-7&_nc_sid=aa7b47&_nc_ohc=Cnq7kf_CsFwQ7kNvwECsVre&_nc_oc=AdoCvSJCEULQ1aOmtCQa5xwsLiOEjareAU0umrtG9vAwIwD-GxdfILp3xAuzRi8iMAc&_nc_zt=23&_nc_ht=scontent.fsgn21-1.fna&_nc_gid=KFKBf9YtqFNmRuRyhZ8tmg&_nc_ss=7b2a8&oh=00_AQJw1-sQDSadbLJYGcP2m2IjZaz5gAxSJSamQmLaKf7nqw&oe=6AA5BA40|https://scontent.fsgn21-1.fna.fbcdn.net/v/t39.30808-6/798785285_2516069062202950_9042456412541210530_n.jpg?stp=dst-jpg_tt6&cstp=mx2048x1536&ctp=p960x960&_nc_cat=107&ccb=1-7&_nc_sid=aa7b47&_nc_ohc=uj28FrNE1XEQ7kNvwEcVomC&_nc_oc=AdrJ0Zlx1emyUuepdusNXJ2lPORtA5ZJM_3yUmP5WSvN-HvvQHGmSMLPOFZJlqw1rRw&_nc_zt=23&_nc_ht=scontent.fsgn21-1.fna&_nc_gid=KFKBf9YtqFNmRuRyhZ8tmg&_nc_ss=7b2a8&oh=00_AQLdXB6f6PcYW8vMNDKP6OTE175pwDJSwy49x-2mo2GT2w&oe=6AA5A556,
2250425729228714,https://www.facebook.com/groups/296975261240447/posts/2250425729228714/,2026-09-07,"BẢO HIỂM NHÂN THỌ – NÊN CHUẨN BỊ KHI MÌNH CÒN KHỎE ❤️ Nhiều người thường nghĩ: “Đợi khi nào có tiền rồi tham gia.” “Đợi khi nào lớn tuổi hơn.” “Đợi khi nào sức khỏe có vấn đề thì mua…” Nhưng có một điều rất thật: bảo hiểm thường cần được chuẩn bị từ lúc chúng ta còn khỏe mạnh. Bởi khi còn khỏe, chúng ta có nhiều cơ hội lựa chọn hơn. Khi còn trẻ, chi phí bảo vệ thường dễ cân đối hơn. Và quan trọng nhất, chúng ta có thể chủ động chuẩn bị trước cho những điều không ai biết chắc ngày mai sẽ xảy ra chuyện gì. 💚 Bảo hiểm không phải vì chúng ta nghĩ mình sẽ gặp rủi ro. Mà vì chúng ta yêu thương gia đình đủ nhiều để chuẩn bị trước nếu chẳng may rủi ro đến. Đừng chờ đến khi sức khỏe không còn tốt mới nghĩ: “Giá như mình tham gia sớm hơn…” Hôm nay còn khỏe, còn làm việc, còn có thu nhập — đó chính là lúc thích hợp để dành một phần nhỏ cho sự bảo vệ dài lâu. Bảo vệ bản thân hôm nay – để ngày mai gia đình vẫn có điểm tựa. Thảo Generali – đồng hành cùng bạn trong hành trình chuẩn bị tài chính và bảo vệ tương lai. ❤️ #BaoHiemNhanTho #Generali #BaoVeTuSom #ChuDongChoTuongLai #ThaoGeneraliNếu",296975261240447,REVIEW BẢO HIỂM NHÂN THỌ,https://www.facebook.com/groups/296975261240447/,Thao Indo,https://www.facebook.com/thao.indo,0,0,0,0,0,0,0,0,0,0,,
2506650976505460,https://www.facebook.com/groups/hotrobaohiem/posts/2506650976505460/,2026-09-07,Em cần mua BHTV Bảo Việt khu vực Bạc Liêu hoặc Cà Mau để tiện liên hệ trực tiếp. Thông tin xe: City 2018 CVT 1.5 biển trắng,hotrobaohiem,TƯ VẤN QUYỀN LỢI BẢO HIỂM,https://www.facebook.com/groups/hotrobaohiem/,Tài Phạm,https://www.facebook.com/nhockengr,7,7,0,0,0,0,0,0,0,12,,
1750801626127161,https://www.facebook.com/groups/hoireviewbaohiem/posts/1750801626127161/,2026-09-07,"Em muốn tham gia bảo hiểm cho 2 mẹ con( mẹ kèm con) - Thiên về tiết kiệm - E mua quyền lợi nằm viện, bệnh hiểm nghèo, tử vong, tai nạn Những tiêu chí e đề ra, thì nên mua gói bảo hiểm nào ạ. Xin được tư vấn",hoireviewbaohiem,REVIEW BẢO HIỂM,https://www.facebook.com/groups/hoireviewbaohiem/,UnforgettablePineapple3045,,43,29,13,1,0,0,0,0,2,52,,
1750757349464922,https://www.facebook.com/groups/hoireviewbaohiem/posts/1750757349464922/,2026-09-07,"E xin hỏi các anh chị Với sản phẩm này, e muốn giảm sản phẩm chính đi khoảng 3-4, triệu 1 năm và giảm sản phẩm bệnh lý nghiêm trọng, e mua tháng 9/2022, thì tiền hoàn về sau này bị trừ thế nào ạ, và có được thưởng gì ko a, trước e thấy tư vấn bảo em có thưởng nếu nộp đủ ạ",hoireviewbaohiem,REVIEW BẢO HIỂM,https://www.facebook.com/groups/hoireviewbaohiem/,GorgeousSpinach3009,,1,1,0,0,0,0,0,0,0,9,https://scontent.fsgn21-1.fna.fbcdn.net/v/t39.30808-6/799170972_4438487689814850_8529647233866052405_n.jpg?stp=dst-jpg_tt6&cstp=mx684x353&ctp=s684x353&_nc_cat=105&ccb=1-7&_nc_sid=aa7b47&_nc_ohc=iDYITth4wbYQ7kNvwEJuTHo&_nc_oc=AdplV9pUx5h0uXiujjgp5WZqwB3_5K1nFUWcAEo26A3rF20Jd-0oP56_ahx1RF9gcr0&_nc_zt=23&_nc_ht=scontent.fsgn21-1.fna&_nc_gid=mOhulw3Yu6B6SanOjGiKBA&_nc_ss=7b2a8&oh=00_AQJcI1XxgE25ZTpc8oV7pRfpi2eBWpaYUY9ltii_7-wUoA&oe=6AA59B87|https://scontent.fsgn21-1.fna.fbcdn.net/v/t39.30808-6/799171005_4438487743148178_4329227241473617018_n.jpg?stp=cp6_dst-jpg_tt6&cstp=mx802x514&ctp=s802x514&_nc_cat=101&ccb=1-7&_nc_sid=aa7b47&_nc_ohc=t-kZWQmrDfUQ7kNvwFbpsjj&_nc_oc=Adrg7VxRxjo0XG6dp1nJtTB-kuX9ZfCy8VyDwH1zmqRz7R_lJ9jvU9u3vwOKrvTIjdA&_nc_zt=23&_nc_ht=scontent.fsgn21-1.fna&_nc_gid=mOhulw3Yu6B6SanOjGiKBA&_nc_ss=7b2a8&oh=00_AQKUcShG0tUBcBs_xcIHEf9vTqKgsTb9bzx7TvWTw69-XA&oe=6AA5BDF0|https://scontent.fsgn21-1.fna.fbcdn.net/v/t39.30808-6/798888636_4438487793148173_6157237476420542319_n.jpg?stp=cp6_dst-jpg_tt6&cstp=mx784x506&ctp=s784x506&_nc_cat=104&ccb=1-7&_nc_sid=aa7b47&_nc_ohc=vY4-J9ZgWPIQ7kNvwHED6hD&_nc_oc=AdqiRAB7GgQ5IBMqTsNY4qg_E252vTAGyZNzcEtPLyH9lrlrVYKEG7r-2642Gbj42xM&_nc_zt=23&_nc_ht=scontent.fsgn21-1.fna&_nc_gid=mOhulw3Yu6B6SanOjGiKBA&_nc_ss=7b2a8&oh=00_AQLDvY6bQO0_87zU-PnxMfD9H4CPZ6jQvpFvHdapY-l9KA&oe=6AA59A8E,
1750736212800369,https://www.facebook.com/groups/hoireviewbaohiem/posts/1750736212800369/,2026-09-07,Các anh các chị cho em hỏi với là em đang đóng gói bảo hiểm này sau khi hết hạn hợp đồng 1 năm em huỷ gói và có rút được hết tiền mình đã đóng về không ạ vì khi làm là nhân viên ngân hàng họ bảo đây là gói tích luỹ một năm nhưng khi kiểm tra ra là em đã bị trừ tiền trong thẻ tín dụng thành trả góp cho bên tín dụng nên e cũng hơi lo ngại,hoireviewbaohiem,REVIEW BẢO HIỂM,https://www.facebook.com/groups/hoireviewbaohiem/,MemorableOlive4424,,3,2,0,0,0,0,1,0,0,9,https://scontent.fsgn21-1.fna.fbcdn.net/v/t39.30808-6/798341554_122125313373287260_3575974111606837499_n.jpg?stp=dst-jpg_tt6&cstp=mx444x960&ctp=s444x960&_nc_cat=110&ccb=1-7&_nc_sid=aa7b47&_nc_ohc=kUCP6TicvuwQ7kNvwHzRSRt&_nc_oc=AdrMTdnOymWdFGuxN5Yo8CWWHpqukZEc2DO0_SSZVjJ4JNVOb9FvWznj6OUwhoNA7_8&_nc_zt=23&_nc_ht=scontent.fsgn21-1.fna&_nc_gid=mOhulw3Yu6B6SanOjGiKBA&_nc_ss=7b2a8&oh=00_AQKsiS65DqVj2QK4vKA_sjPC9OKUwJDkg1RHl_cM0kxGBg&oe=6AA5B790|https://scontent.fsgn21-1.fna.fbcdn.net/v/t39.30808-6/798080096_122125313397287260_551357543175106425_n.jpg?stp=dst-jpg_tt6&cstp=mx444x960&ctp=s444x960&_nc_cat=110&ccb=1-7&_nc_sid=aa7b47&_nc_ohc=8iWVNcwYLY4Q7kNvwEq44t8&_nc_oc=AdpHSh2kEoDipSkVu5t7mlavELRqqNlgpFrJ2uGkk6yf17uXMecizop2n8EZAFZ9cdg&_nc_zt=23&_nc_ht=scontent.fsgn21-1.fna&_nc_gid=mOhulw3Yu6B6SanOjGiKBA&_nc_ss=7b2a8&oh=00_AQLGAyrR6525nLz-d3SDfeDFM2M7nNWM3EBtKMbcBY3R6g&oe=6AA5AE52,
1750734746133849,https://www.facebook.com/groups/hoireviewbaohiem/posts/1750734746133849/,2026-09-07,"🔥 THÁNG 9 NÀY, MUA THẺ SỨC KHỎE ĐƯỢC HOÀN PHÍ TỚI 30%! 🔥 🎁 Thẻ sức khỏe Generali chương trình đặc biệt: ✨ Hoàn phí 20% cho NĐBH từ 6 tuổi trở lên ✨ Hoàn phí 30% cho trẻ 0–5 tuổi 📅 Áp dụng từ 01/09 – 30/09/2026. Một chiếc thẻ sức khỏe – thêm một lớp bảo vệ, mà tháng này lại tiết kiệm hơn ♥️ 👉🏻 Ko đồng chi trả, tham gia độc lập, chi trả cả âm tính 👍🏻 📩 Ai cần mình tính phí theo tuổi, cứ inbox nhé! #GeneraliVietnam #thesuckhoe #GDD5",hoireviewbaohiem,REVIEW BẢO HIỂM,https://www.facebook.com/groups/hoireviewbaohiem/,Phan Quỳnh Trang,https://www.facebook.com/PhanQuynhTrang0983368283,2,2,0,0,0,0,0,0,0,2,,
1750741026133221,https://www.facebook.com/groups/hoireviewbaohiem/posts/1750741026133221/,2026-09-07,"Mình được công ty mua cho bảo hiềm Bảo Việt Aon với quyền lợi dưới đây, Mình sắp sanh ở bệnh viện Me Kong HCM và bác sĩ chỉ định mổ. Mình được claim bao nhiêu và như thế nào anh/ chị nào biết tư vấn mình với ạ. Mình có được chi trả tiền phòng không nhỉ? Thẻ mình không được bảo lãnh viện phí ạ. Mình cảm ơn nhiều ạ",hoireviewbaohiem,REVIEW BẢO HIỂM,https://www.facebook.com/groups/hoireviewbaohiem/,BubblyGrapefruit6272,,4,4,0,0,0,0,0,0,0,5,,
1750746222799368,https://www.facebook.com/groups/hoireviewbaohiem/posts/1750746222799368/,2026-09-07,"Anh chị cho em hỏi em cần tham gia gói bảo hiểm thai sản, thì nên tham gia của bên bảo long hay bảo việt được ạ .",hoireviewbaohiem,REVIEW BẢO HIỂM,https://www.facebook.com/groups/hoireviewbaohiem/,WonderfulAlpaca5450,,10,9,1,0,0,0,0,0,0,22,,
1750782599462397,https://www.facebook.com/groups/hoireviewbaohiem/posts/1750782599462397/,2026-09-07,🚨 THÁNG 9 – BIỂU PHÍ “DỄ THỞ” QUÁ RỒI! ❤️ Bảo vệ sức khỏe mà được hoàn phí 20–30% thì còn chờ gì nữa? 😍 👶 Bé 0–5 tuổi: HOÀN 30% 👨‍👩‍👧 Các độ tuổi khác: HOÀN 20% 🏥 Quyền lợi Nội trú + Ngoại trú 💰 Phí tháng 9 cực hấp dẫn! 👉 Ưu đãi có thời hạn – đừng để đến lúc cần bảo hiểm mới tiếc vì chưa mua! 📞 Nguyễn Thanh Thúy – 0966898905 Mình tính phí theo đúng tuổi và nhu cầu của gia đình nhé! ❤️ #gdc6,hoireviewbaohiem,REVIEW BẢO HIỂM,https://www.facebook.com/groups/hoireviewbaohiem/,Generali Thanh Thuy,https://www.facebook.com/generali.thanhthuy,2,2,0,0,0,0,0,0,0,0,,
1750802786127045,https://www.facebook.com/groups/hoireviewbaohiem/posts/1750802786127045/,2026-09-07,"""Tái Tục"" Đã từng không thích, đã từng “toxic” nhưng có một điều phải công nhận là sự bền vững của sản phẩm này trên thị trường. Không có sản phẩm hoàn hảo, chỉ có sản phẩm phù hợp với nhu cầu của từng khách hàng. Lâu lâu em lại lên bài thanh minh cho anh cả ngành bảo hiểm phi nhân thọ một chút 😆 Các sản phẩm sức khỏe mới trên thị trường thì đúng là ngon, bổ, rẻ. Quyền lợi tốt, phí mềm, thời gian chờ ngắn. Nhưng điều em quan tâm hơn là năm sau có tái tục được không, nhất là khi khách đã phát sinh bồi thường? Thực tế nhiều sản phẩm mới chính sách tái tục thay đổi khá nhanh, có sản phẩm bán một thời gian rồi dừng. Không có nghĩa là sản phẩm đó tệ. Với khách cần quyền lợi tốt, phí hợp lý, thời gian chờ ngắn thì vẫn rất phù hợp. Nhưng sẽ không phù hợp nếu khách đã chờ 365 ngày cho bệnh có sẵn hoặc bệnh đặc biệt, đến lúc đủ điều kiện thì sản phẩm lại dừng bán hoặc không được tái tục. Bảo Việt An Gia và Bảo Việt Tâm Bình có một lợi thế mà em nghĩ phải công nhận là sự ổn định tương đối qua nhiều năm, thương hiệu lâu năm và lịch sử chi trả rõ ràng. Cái gì cũng có giá của nó. Phí có thể không rẻ nhất, điều kiện có thể chặt hơn, thời gian chờ có thể dài hơn nhưng chính sự cân bằng đó lại giúp sản phẩm đi được đường dài. Dài rồi 😆 Phần còn lại em viết tiếp bài sau. Dưới đây là một số thông tin về chính sách tái tục của nhà Bảo để anh chị em đồng nghiệp cùng tham khảo nhé.",hoireviewbaohiem,REVIEW BẢO HIỂM,https://www.facebook.com/groups/hoireviewbaohiem/,Anh Vu,https://www.facebook.com/hoaianh0911,6,5,1,0,0,0,0,0,0,7,,
1750680572805933,https://www.facebook.com/groups/hoireviewbaohiem/posts/1750680572805933/,2026-09-07,hiện đang thgia bh này bên aia sâp tới mình sinh mổ ở Hn ptm đc hỗ trợ bao tiền nhỉ? hdan mình cách claim với. bthg chả bao h để ý claim. Với cần tư vấn mua 2 bh cho bé nữa mn tư vấn giúp,hoireviewbaohiem,REVIEW BẢO HIỂM,https://www.facebook.com/groups/hoireviewbaohiem/,Anonymous participant,,12,11,0,1,0,0,0,0,0,28,https://scontent.fsgn21-1.fna.fbcdn.net/v/t39.30808-6/799170998_28018312997860259_8767261849764692672_n.jpg?stp=dst-jpg_tt6&cstp=mx626x960&ctp=s626x960&_nc_cat=106&ccb=1-7&_nc_sid=aa7b47&_nc_ohc=MZ3qjeaHvwoQ7kNvwFwOWeo&_nc_oc=AdqXtyJsizy90FVT2vtYm_-o7YsKWmKi3ienOsMOwSuBdTUFc3X5niC7DpD4u3oWciI&_nc_zt=23&_nc_ht=scontent.fsgn21-1.fna&_nc_gid=i8CxWG7jZ6L1lmLa2tswJA&_nc_ss=7b2a8&oh=00_AQJdQzSpiFVgOUji-HxiMW_ajNQyvUbZd8eAgsO3kIwHzg&oe=6AA5BA59|https://scontent.fsgn21-1.fna.fbcdn.net/v/t39.30808-6/799170988_28018313014526924_4406792860031882630_n.jpg?stp=dst-jpg_tt6&cstp=mx960x458&ctp=s960x458&_nc_cat=110&ccb=1-7&_nc_sid=aa7b47&_nc_ohc=7wAtwWtNKywQ7kNvwEbWFmw&_nc_oc=AdpUl1XGKeccEuyB9rZQPUbE--VJERZ066p9dO3v5RQRpIqzEVlJxjj3n5-8NhdUFEU&_nc_zt=23&_nc_ht=scontent.fsgn21-1.fna&_nc_gid=i8CxWG7jZ6L1lmLa2tswJA&_nc_ss=7b2a8&oh=00_AQJdDpRhQY2iLvgu6AbaJmiF5ObAlV7dLo3CgNYMuMpwfw&oe=6AA5A108,
28640870905525311,https://www.facebook.com/groups/congdongtuvanvienbaohiem/posts/28640870905525311/,2026-09-07,"🚀 FUBON LIFE TUYỂN DỤNG QUẢN LÝ KINH DOANH KÝ HĐLĐ 💰 Lương cố định: 15 triệu/tháng 🔥 Thu nhập trung bình: 30 triệu+/tháng 🎁 Thưởng hiệu suất – Thưởng phát triển – Thưởng tháng 13 ✅ Chế độ đầy đủ theo quy định: • BHXH, BHYT, BHTN • Nghỉ lễ/Tết, phép năm đầy đủ • Đào tạo chuyên nghiệp & lộ trình thăng tiến rõ ràng từ Tập đoàn Fubon • Môi trường năng động, chuyên nghiệp 📍 Làm việc tại: Tầng 9, Toà nhà Báo SGGP, 436 - 438 Nguyễn Thị Minh Khai, P.Bàn Cờ, HCM 👤 Yêu cầu: Từ 26 tuổi, tốt nghiệp đại học, ưu tiên có kinh nghiệm 📩 Inbox ngay hoặc gửi CV về số 0876 111 017 để nhận JD",congdongtuvanvienbaohiem,Cộng đồng Tư vấn viên bảo hiểm,https://www.facebook.com/groups/congdongtuvanvienbaohiem/,Anh Tuyet Tran,https://www.facebook.com/anh.tuyet.tran.601942,1,1,0,0,0,0,0,0,0,0,,
28640739792205089,https://www.facebook.com/groups/congdongtuvanvienbaohiem/posts/28640739792205089/,2026-09-07,"9 NĂM ĐỒNG HÀNH CÙNG TCA: MỘT HÀNH TRÌNH – MỘT DẤU ẤN – MỘT NIỀM TỰ HÀO Nhìn lại chặng đường 9 năm gắn bó cùng TCA - Kết nối giá trị, Kiến tạo tương lai, cảm xúc đọng lại sâu sắc nhất trong tôi chính là sự trân trọng và lòng biết ơn vô hạn. 9 năm không chỉ là một mốc thời gian, mà là cả một hành trình tôi cùng các cộng sự trong hệ thống kiên trì gieo hạt, vượt qua thử thách để mang lại những giá trị bền vững cho khách hàng và cộng đồng. Những kết quả ghi dấu trên chặng đường vừa qua: Phí nộp: 55.091.271.099 VNĐ Phát hành: 42.684.952.659 VNĐ ""Không chỉ là con số, đó là mồ hôi, nỗ lực và niềm tin của cả một tập thể."" Khi nhìn vào hai con số này, có lẽ nhiều người sẽ băn khoăn: Tại sao phí phát hành lại chênh lệch so với phí nộp? Sự chênh lệch ấy chính là khoảng lặng trầm tư nhất trong nghề tư vấn tài chính bảo hiểm. Nó gợi tôi nhớ về những lần cầm hồ sơ của khách hàng nhưng không thể trao tay họ một hợp đồng hoàn chỉnh. Có những khách hàng khi tích lũy đủ tài chính, nhận ra tầm quan trọng của bảo hiểm và sẵn sàng tham gia, thì lại bị từ chối chỉ vì một chỉ số sức khỏe không còn đạt chuẩn. Bảo hiểm nhân thọ là một sản phẩm vô cùng đặc biệt — không phải cứ có tiền là có thể sở hữu, mà điều kiện tiên quyết lại là SỨC KHỎE và THỜI ĐIỂM. Mỗi hồ sơ không thể phát hành là một niềm trăn trở, một lời nhắc nhở sâu sắc rằng: Hãy bảo vệ gia đình mình khi còn có thể, đừng chờ đến khi quá muộn. Đằng sau mỗi hợp đồng được phát hành thành công là hàng ngàn gia đình đã kịp thời được bảo vệ, là những kế hoạch tài chính vững chắc được thiết lập, và là niềm tin vô giá mà quý khách hàng đã gửi gắm cho chúng tôi. Tôi xin gửi lời cảm ơn chân thành nhất đến: Ban Lãnh đạo TCA đã luôn định hướng, tạo nền tảng vững chắc và trao cơ hội để chúng tôi phát triển. Các anh/chị/em cộng sự trong hệ thống — những người đồng đội tuyệt vời đã luôn kề vai sát cánh, cống hiến hết mình với tinh thần trách nhiệm cao nhất. Quý khách hàng và Đối tác đã luôn tin tưởng, lựa chọn và đồng hành cùng tôi và đội ngũ trong suốt 9 năm qua. Hành trình phía trước vẫn còn dài với những mục tiêu mới. Với nền tảng vững chắc và tinh thần đoàn kết, tôi tin rằng tập thể chúng ta sẽ tiếp tục vươn xa hơn nữa, mang lại nhiều giá trị thiết thực hơn nữa cho xã hội. #phuonglambaohiem Đỗ GiangHương QuỳnhPhung GiangChinh ĐặngNguyễn Đức AnhHuyen PhamDương TuyềnGiang NguyenNguyễn Thương Bảo HiểmDung DàoPhạm Hoài",congdongtuvanvienbaohiem,Cộng đồng Tư vấn viên bảo hiểm,https://www.facebook.com/groups/congdongtuvanvienbaohiem/,Phương Lam,https://www.facebook.com/phuonglambh,21,16,5,0,0,0,0,0,0,7,,
1328337275836184,https://www.facebook.com/groups/bvqlkhbhnt/posts/1328337275836184/,2026-09-07,,bvqlkhbhnt,BẢO VỆ QUYỀN LỢI KHÁCH HÀNG BẢO HIỂM NHÂN THỌ,https://www.facebook.com/groups/bvqlkhbhnt/,Ngô Hà Minh,https://www.facebook.com/ngohaminh,3,3,0,0,0,0,0,0,0,0,,
1328336422502936,https://www.facebook.com/groups/bvqlkhbhnt/posts/1328336422502936/,2026-09-07,,bvqlkhbhnt,BẢO VỆ QUYỀN LỢI KHÁCH HÀNG BẢO HIỂM NHÂN THỌ,https://www.facebook.com/groups/bvqlkhbhnt/,Ngô Hà Minh,https://www.facebook.com/ngohaminh,5,4,0,1,0,0,0,0,0,1,,
28640119218933813,https://www.facebook.com/groups/congdongtuvanvienbaohiem/posts/28640119218933813/,2026-09-07,Các bác tv e bảo hiểm an sinh giáo dục với,congdongtuvanvienbaohiem,Cộng đồng Tư vấn viên bảo hiểm,https://www.facebook.com/groups/congdongtuvanvienbaohiem/,Đăng Khoa,https://www.facebook.com/profile.php?id=61593921247422,28,26,2,0,0,0,0,0,0,20,,
2506557323181492,https://www.facebook.com/groups/hotrobaohiem/posts/2506557323181492/,2026-09-07,"Em cần mua bảo hiểm thân vỏ PVI, nhờ anh chị hỗ trợ với ạ.",hotrobaohiem,TƯ VẤN QUYỀN LỢI BẢO HIỂM,https://www.facebook.com/groups/hotrobaohiem/,Lth Trang,https://www.facebook.com/lth.trang.241381,16,16,0,0,0,0,0,0,0,22,,
1621491396101827,https://www.facebook.com/groups/baohiemnhantho.chuyenvien/posts/1621491396101827/,2026-09-07,"🎉 CHÀO MỪNG THÀNH VIÊN MỚI ĐẾN VỚI NHÓM! 🎉 Xin gửi lời chào nồng nhiệt đến tất cả các bạn vừa tham gia cùng gia đình chung của chúng ta 💐 Rất vui khi được kết nối cùng những người bạn có chung mối quan tâm. 👉 Hãy cùng nhau chia sẻ, học hỏi và lan tỏa những giá trị tích cực 👉 Các bạn vui lòng tuân thủ Quy tắc cộng đồng và Quy tắc nhóm để tránh bài viết bị từ chối! 💖 Chúc bạn sẽ có những trải nghiệm thú vị và hữu ích trong nhóm! Trang Nguyễn, Hạ Vy, Miền Nguyễn, Phạm Quỳnh, Nguyễn Quân, Việt Dũng, Nga Diamond, Thu Nguyen, Đào Phượng, Phước Bùi, Bắp Thị Hương Phấn, Phuong Bui Thi Hai, Hoàng Văn Lưu, Phung Pham, Mai Phương Nguyễn, Anh Phương, Trang Phạm, Phương Phương HR, Anh Tuấn Vũ, Mĩ Diên, Tin Bảo Hiểm 24H, Hoàng Thị Khánh Linh, Nguyễnn Dungg, Bon Bon, Huỳnh Tâm, Tư Vấn Bảo hiểm Nhân Thọ & Sức Khỏe Prudential, Phan Lý Hậu, Nguyễn Quỳnh, Thảo Nghi, Huỳnh Diệp Khả Ngân, Mai Trinh Daiichi, Mỹ Tiên, Đào Hoa Nữ, Nhiếp Phong, Viet Nguyen, Trang Mai, Đỗ Ngọc Anh, Nguyễn Đức, Người Ở Lại, Trần Ngọc Tuấn, Trần An Huệ, Thủy Yến, Liễuu Huỳnh, Trương Tiên Sinh, Phạm Nga, Nguyễn Soạn, Trần Huyền, Hà Thịi Phương, Om Pra Mani Dani, Hung Nguyen, Dương Thị Thuý Lan, Hoàng Hữu Hải, Huong Nguyen, Hoàng Ngân, Lê Dương, Võ Ý My, Mộc Trà, Nguyen Lien, Đặng Cẩm Hồng, Trần Thái Sơn, Nguyễn Trang, Trương Nhi, Tuấn Kiệt Generali , Musuluhu Sulemina, Đỗ Minh Nhật, Tiến Nguyễn, Vũ Hiên, Hồng Lý, Mỹ Dung, Hương Vũ, Phan Dạ Diệu Thảo, Ngọc Ngân, Trần Ngọc, Thỵ Chung, Vân Bui, Mai Khanh, Nguyen Tien Cong, Phương Thảo, Vân Anh Dai-Ichi Life",baohiemnhantho.chuyenvien,BẢO HIỂM NHÂN THỌ - Hội chuyên viên tư vấn,https://www.facebook.com/groups/baohiemnhantho.chuyenvien/,BẢO HIỂM NHÂN THỌ,https://www.facebook.com/bhnt.cvtv,0,0,0,0,0,0,0,0,0,0,,
28639811302297938,https://www.facebook.com/groups/congdongtuvanvienbaohiem/posts/28639811302297938/,2026-09-07,"Hàng sẵn kho, giao ngay 😍Nhận in ấn theo yêu cầu 😍Nhận khắc tên theo yêu cầu 😍Có xuất hóa đơn Liên hệ/ zalo: 0906742246 Thương tư vấn chi tiết cho nhé!",congdongtuvanvienbaohiem,Cộng đồng Tư vấn viên bảo hiểm,https://www.facebook.com/groups/congdongtuvanvienbaohiem/,Thương Cá Voi Lam,https://www.facebook.com/profile.php?id=61586232241379,0,0,0,0,0,0,0,0,0,0,https://scontent.fsgn21-1.fna.fbcdn.net/v/t39.30808-6/798095853_122123233113207741_4374330801941366478_n.jpg?stp=dst-jpg_tt6&cstp=mx1536x2048&ctp=p960x960&_nc_cat=101&ccb=1-7&_nc_sid=aa7b47&_nc_ohc=lzSXtJarcCQQ7kNvwHLTNB6&_nc_oc=Adp4x9IpVQhoApj-9wQHJuxpioH4vksDw1mJJG2BjtMYzTf7WZEdSE8VrilNF6HKNPg&_nc_zt=23&_nc_ht=scontent.fsgn21-1.fna&_nc_gid=HSRz-6UaQvDczmgXiPpPRg&_nc_ss=7b2a8&oh=00_AQLTg6pJkJIS2DCHgyXM-dYqDk1s4ySLZaWxYeJ-QJ8lWQ&oe=6AA5AF7D|https://scontent.fsgn21-1.fna.fbcdn.net/v/t39.30808-6/791564614_122123233089207741_6987427356216616796_n.jpg?stp=dst-jpg_tt6&cstp=mx1536x2048&ctp=p960x960&_nc_cat=101&ccb=1-7&_nc_sid=aa7b47&_nc_ohc=2hvZZxayQ08Q7kNvwEoN1sR&_nc_oc=Adr4W3gP403ty-TXJdKjF8C9B_NoG8WC1Blx7e7K8nbrJiD8KA1E6VSExzYhSMK0klg&_nc_zt=23&_nc_ht=scontent.fsgn21-1.fna&_nc_gid=HSRz-6UaQvDczmgXiPpPRg&_nc_ss=7b2a8&oh=00_AQJn7RnNNzBDclmcrmy-anRlTQl79oyc5aGfVaR9Ah0F5Q&oe=6AA5A0AF|https://scontent.fsgn21-1.fna.fbcdn.net/v/t39.30808-6/795375611_122123233059207741_3386395996264637375_n.jpg?stp=dst-jpg_tt6&cstp=mx1536x2048&ctp=p960x960&_nc_cat=109&ccb=1-7&_nc_sid=aa7b47&_nc_ohc=iSqnR4vh21cQ7kNvwH_PeYN&_nc_oc=AdqQyEtEt7T6KQIF3_5pbPkIdhct0PSwaHCt8izaSbebnsv6s2ae9weQ-HLEA5_F69w&_nc_zt=23&_nc_ht=scontent.fsgn21-1.fna&_nc_gid=HSRz-6UaQvDczmgXiPpPRg&_nc_ss=7b2a8&oh=00_AQIAXhv-RInTcWqrEf287e25uSRsUW10GBGeJQBHfbqc0g&oe=6AA58D4E|https://scontent.fsgn21-1.fna.fbcdn.net/v/t39.30808-6/798041902_122123233293207741_7098560690035641185_n.jpg?stp=dst-jpg_tt6&cstp=mx1536x2048&ctp=p960x960&_nc_cat=102&ccb=1-7&_nc_sid=aa7b47&_nc_ohc=Rbeif7mlq6EQ7kNvwFRAhwr&_nc_oc=AdpmwUgTv-oT_96OE8e4DCHhXZqjqOhTgu-_74ot5uMBdevVru7M2ysJAuTalvorbWA&_nc_zt=23&_nc_ht=scontent.fsgn21-1.fna&_nc_gid=HSRz-6UaQvDczmgXiPpPRg&_nc_ss=7b2a8&oh=00_AQLDIJTVrdA3l57IleYp9Os2Urr1Xpiysyo3JFKuNHppIg&oe=6AA5B1D6|https://scontent.fsgn21-1.fna.fbcdn.net/v/t39.30808-6/796558077_122123233329207741_2709214463485041082_n.jpg?stp=dst-jpg_tt6&cstp=mx1536x2048&ctp=p960x960&_nc_cat=102&ccb=1-7&_nc_sid=aa7b47&_nc_ohc=ZSnVgnK_dyAQ7kNvwHSjhil&_nc_oc=AdpPUx9W7QlNRIofQ6SyfbVULWnoNeedkVPaitBppp8FwJkVfX1pK9ISY0owUZiJd5U&_nc_zt=23&_nc_ht=scontent.fsgn21-1.fna&_nc_gid=HSRz-6UaQvDczmgXiPpPRg&_nc_ss=7b2a8&oh=00_AQIn10LswYlJNmOqVKUX6w70rnjZToI-WuLRT0bIlVV0cA&oe=6AA5ACAB,
2250280115909942,https://www.facebook.com/groups/296975261240447/posts/2250280115909942/,2026-09-07,"Ôi, tiền đâu mà mua bảo hiểm?” Câu này mình nghe rất nhiều. Nhưng đôi khi, thứ chúng ta nên hỏi lại là: “Nếu một ngày phải nằm viện, mình có bao nhiêu tiền để trả?” Nhìn 2 hóa đơn này sẽ thấy: 👶 Một ca điều trị của em bé: 33,8 triệu đồng BHYT thanh toán hơn 4,3 triệu. 🏥 Một ca điều trị khác: tổng viện phí lên tới 144,3 triệu đồng BHYT thanh toán khoảng 59 triệu. Tiền mua bảo hiểm, mỗi tháng có thể chỉ là một khoản mình phải cân nhắc. Nhưng khi biến cố xảy ra, hóa đơn bệnh viện không hỏi mình có đủ tiền hay không. Có những khoản phí hôm nay mình thấy “đắt”… Nhưng đến lúc cần dùng mới hiểu: Thứ đắt nhất không phải là phí bảo hiểm. Mà là lúc có bệnh rồi mới ước: “Giá như mình chuẩn bị sớm hơn…” Vân – TVV Dai-ichi 📞 0764 368 513 #VanTVVDaiichi #DaiichiLife #BaoHiemNhanTho #BaoHiemSucKhoe #BaoVeTaiChinh #ChuDongChoTuongLai",296975261240447,REVIEW BẢO HIỂM NHÂN THỌ,https://www.facebook.com/groups/296975261240447/,Lưu Vân,https://www.facebook.com/luu.van.516449,0,0,0,0,0,0,0,0,0,0,https://scontent.fsgn21-1.fna.fbcdn.net/v/t39.30808-6/798884937_4021984124768231_6134629206459098535_n.jpg?stp=dst-jpg_tt6&cstp=mx2048x1536&ctp=p960x960&_nc_cat=109&ccb=1-7&_nc_sid=aa7b47&_nc_ohc=585wSOtZ4FAQ7kNvwGtool7&_nc_oc=Adr2TSpRiTpU95yK9M9r4aKbb_vwkwXfCGGsECa7Lm2E-xE2vTZku85eG6Pa5KG5KT8&_nc_zt=23&_nc_ht=scontent.fsgn21-1.fna&_nc_gid=W1fuOV_xBLtuiM2WTuyMlw&_nc_ss=7b2a8&oh=00_AQIw5xfT_De0uwFTLSmTTxQCZKZcvk6sculcqebHNnEH-A&oe=6AA5B73D|https://scontent.fsgn21-1.fna.fbcdn.net/v/t39.30808-6/798746212_4021984118101565_6101926119393530956_n.jpg?stp=dst-jpg_tt6&cstp=mx960x1280&ctp=s960x1280&_nc_cat=100&ccb=1-7&_nc_sid=aa7b47&_nc_ohc=af5t3vsGxrAQ7kNvwE4sqmW&_nc_oc=Adps37f9dmT6KNJWF1lCSCLSw1rvkL1nbqGX4el3RaZgjkfsZ1o38iGb_YkVfDLza68&_nc_zt=23&_nc_ht=scontent.fsgn21-1.fna&_nc_gid=W1fuOV_xBLtuiM2WTuyMlw&_nc_ss=7b2a8&oh=00_AQJbUWsMlOCxvWsoX-7BvbzaW7xE7d31_l-cmtrVuC5RMA&oe=6AA5C1EA|https://scontent.fsgn21-1.fna.fbcdn.net/v/t39.30808-6/799830614_4021984151434895_4325480258742103634_n.jpg?stp=dst-jpg_tt6&cstp=mx1286x1286&ctp=s1286x1286&_nc_cat=101&ccb=1-7&_nc_sid=aa7b47&_nc_ohc=WRwCi4nndRUQ7kNvwGvRQPu&_nc_oc=Adpn07c5Q7DcBh5giaTpj8oa54JbcNCxWnk9F77hEFiII7a1_KSe612md3pcnjT_IaM&_nc_zt=23&_nc_ht=scontent.fsgn21-1.fna&_nc_gid=W1fuOV_xBLtuiM2WTuyMlw&_nc_ss=7b2a8&oh=00_AQLe-SAGuCf0-6WzaVirabZeaaF3tn8U1nY3auf3KHsBHw&oe=6AA5A6F5,
28639775705634831,https://www.facebook.com/groups/congdongtuvanvienbaohiem/posts/28639775705634831/,2026-09-07,Hướng dẫn đăng ký trợ cấp thất nghiệp online chỉ 7 bước. #tinbaohiem24h #baohiem #trocapthatnghiep,congdongtuvanvienbaohiem,Cộng đồng Tư vấn viên bảo hiểm,https://www.facebook.com/groups/congdongtuvanvienbaohiem/,Tin Bảo Hiểm 24H,https://www.facebook.com/profile.php?id=61593802362854,0,0,0,0,0,0,0,0,0,0,,
1621477502769883,https://www.facebook.com/groups/baohiemnhantho.chuyenvien/posts/1621477502769883/,2026-09-07,Hướng dẫn đăng ký trợ cấp thất nghiệp online chỉ 7 bước. #tinbaohiem24h #baohiem #trocapthatnghiep,baohiemnhantho.chuyenvien,BẢO HIỂM NHÂN THỌ - Hội chuyên viên tư vấn,https://www.facebook.com/groups/baohiemnhantho.chuyenvien/,Tin Bảo Hiểm 24H,https://www.facebook.com/profile.php?id=61593802362854,0,0,0,0,0,0,0,0,0,0,,
2250278555910098,https://www.facebook.com/groups/296975261240447/posts/2250278555910098/,2026-09-07,"GIÁ TRỊ CỦA BẢO HIỂM… ĐÔI KHI KHÔNG NẰM Ở SỐ TIỀN NHẬN ĐƯỢC ❤️ Có một câu hỏi mình thường nghe: “Nếu chẳng may có chuyện, bảo hiểm sẽ chi trả cho gia đình bao nhiêu?” Đó là một câu hỏi rất thực tế. Nhưng sau nhiều năm làm nghề, mình nhận ra… Giá trị của bảo hiểm đôi khi không nằm ở con số gia đình nhận được, mà nằm ở những điều gia đình không phải từ bỏ khi biến cố xảy ra. Nếu một người cha chẳng may không còn khả năng lao động… Có thể số tiền bảo hiểm không thể làm nỗi đau của gia đình biến mất. Nhưng nó có thể giúp con không phải nghỉ học giữa chừng. Giúp người vợ không phải vội vàng bán căn nhà đang ở. Giúp gia đình không phải từ bỏ những kế hoạch đã dành nhiều năm để vun đắp. Giúp cha mẹ già vẫn có thể được chăm sóc. Và quan trọng hơn… Giúp những người ở lại có thêm thời gian để đau buồn, chữa lành và sắp xếp lại cuộc sống, thay vì ngay lập tức phải chạy đi tìm cách giải quyết những áp lực tài chính. Bởi khi biến cố xảy ra, thứ mất đi đôi khi không chỉ là sức khỏe hay thu nhập. Mà còn là những lựa chọn. Một gia đình có thể buộc phải bán nhà. Một đứa trẻ có thể phải thay đổi việc học. Một người mẹ có thể phải gác lại ước mơ của mình. Một kế hoạch tương lai có thể phải dừng lại… Không ai muốn những điều đó xảy ra. Và cũng chẳng ai mua bảo hiểm vì mong một ngày mình gặp biến cố. Mình chuẩn bị khi mọi thứ còn bình yên, để nếu một ngày cuộc sống không còn bình yên như trước, gia đình vẫn có thêm một lựa chọn. Vậy nên, đừng chỉ hỏi: “Bảo hiểm chi trả được bao nhiêu?” Hãy thử hỏi thêm: “Nếu một ngày biến cố xảy ra, khoản tiền ấy sẽ giúp gia đình mình giữ lại được điều gì?” Có thể là căn nhà. Có thể là việc học của con. Có thể là những năm tháng chăm sóc cha mẹ. Có thể là một cuộc sống không phải bắt đầu lại từ con số 0. Và đôi khi… Đó mới chính là giá trị lớn nhất của một kế hoạch bảo vệ. 🌱 Không phải để làm cho biến cố biến mất. Mà để những người mình yêu thương không phải từ bỏ quá nhiều thứ chỉ vì một biến cố mà không ai mong muốn. #HằngLê_Manulife #Quangiataichinh #BảoVệGiaĐình #GiáTrịCủaBảoHiểm #YêuThươngLàChuẩnBị",296975261240447,REVIEW BẢO HIỂM NHÂN THỌ,https://www.facebook.com/groups/296975261240447/,Hằng Lê,https://www.facebook.com/hang.le.251070,0,0,0,0,0,0,0,0,0,0,,
28639498652329203,https://www.facebook.com/groups/congdongtuvanvienbaohiem/posts/28639498652329203/,2026-09-07,"Tiền dưỡng sức sau sinh, tiền nghỉ ốm đau, tiền rút #bhxh 1 lần.. dù 1 năm,2 năm hay 10 năm.. đã hưởng sai thì vẫn bị thu hồi lại nhé mọi người. Mà càng để lâu giấy tờ hồ sơ mất mát, lúc trả lại cứ gọi là kêu trời, không trả thì…. “Thì anh cứ đi đi” đừng hòng hưởng chế độ gì nha.",congdongtuvanvienbaohiem,Cộng đồng Tư vấn viên bảo hiểm,https://www.facebook.com/groups/congdongtuvanvienbaohiem/,Thái Hà,https://www.facebook.com/thai.ha.908,0,0,0,0,0,0,0,0,0,0,,
2133592630560872,https://www.facebook.com/groups/tuvanbaohiemnhanthovn/posts/2133592630560872/,2026-09-07,"🌍 DU LỊCH THẢNH THƠI – AN TÂM TRỌN VẸN CÙNG BẢO HIỂM DU LỊCH FLEXI 🌍 Vali đã sẵn sàng, vé máy bay đã đặt, lịch trình đã lên hoàn hảo. Nhưng liệu bạn đã chuẩn bị cho những tình huống bất ngờ trên hành trình? ✈️ Chuyến đi đáng nhớ không chỉ là những điểm đến đẹp, mà còn là sự an tâm trên từng chặng đường. ✅ Quyền lợi bảo hiểm lên đến 8 tỷ đồng ✅ Hỗ trợ chi phí y tế, tai nạn và các tình huống khẩn cấp khi du lịch nước ngoài ✅ Bảo vệ hành lý, tư trang cá nhân ✅ Hỗ trợ 24/7 mọi lúc, mọi nơi ✅ Nhiều chương trình linh hoạt phù hợp cá nhân và gia đình Dù là chuyến công tác ngắn ngày, kỳ nghỉ cùng gia đình hay hành trình khám phá thế giới, Bảo hiểm Du lịch Flexi luôn đồng hành để bạn tận hưởng trọn vẹn từng khoảnh khắc. 📍 Đi để trải nghiệm. 📍 Đi để khám phá. 📍 Và đừng quên mang theo một ""tấm vé an tâm"" cho cả hành trình. 💙 Bảo hiểm Du lịch Flexi – An tâm thỏa sức khám phá. Liên hệ: MONCOVER VIỆT NAM ☎️ Hotline: 84 963 443 313 | 0961005337 | 0964 652 615 🏢 Địa chỉ: 87 Vương Thừa Vũ, P. Khương Mai, Q. Thanh Xuân, Hà Nội",tuvanbaohiemnhanthovn,Hiệp Hội Tư vấn Bảo hiểm Nhân thọ Việt Nam,https://www.facebook.com/groups/tuvanbaohiemnhanthovn/,Bảo hiểm online,https://www.facebook.com/profile.php?id=61559366671511,0,0,0,0,0,0,0,0,0,0,https://scontent.fsgn21-1.fna.fbcdn.net/v/t39.30808-6/798134983_122242410800312222_1898259569647451987_n.jpg?stp=dst-jpg_tt6&cstp=mx694x752&ctp=s694x752&_nc_cat=110&ccb=1-7&_nc_sid=aa7b47&_nc_ohc=t3MDSEsnl64Q7kNvwEtNlWY&_nc_oc=Adoft298BVKWSC94PVFkkgyf95viGbAr8nvBp0VSjKY5QbAoWCCgQlAWScewF4GS8rE&_nc_zt=23&_nc_ht=scontent.fsgn21-1.fna&_nc_gid=7oE7YfwZtJeh4UwOvigTGA&_nc_ss=7b2a8&oh=00_AQKt2rJj9djAKfPs3PNOYycD3BcSOcZfchE0LOOE_ItUHQ&oe=6AA59467|https://scontent.fsgn21-1.fna.fbcdn.net/v/t39.30808-6/796866853_122242410794312222_2495976678549951850_n.jpg?stp=dst-jpg_tt6&cstp=mx1094x710&ctp=s1094x710&_nc_cat=101&ccb=1-7&_nc_sid=aa7b47&_nc_ohc=Io-Fpd8-YswQ7kNvwEBDu85&_nc_oc=Adr2q6SUa2n5gH8oHqlf1ODnFLTe23inc3WHsYcNTq_ttX7B9brGMTpbD-10M97AO9Y&_nc_zt=23&_nc_ht=scontent.fsgn21-1.fna&_nc_gid=7oE7YfwZtJeh4UwOvigTGA&_nc_ss=7b2a8&oh=00_AQIcUPFVC11zQ2DkT-aTd5ZCjUoGXYdsiZBD59diggHVlA&oe=6AA59022|https://scontent.fsgn21-1.fna.fbcdn.net/v/t39.30808-6/791179085_122242410806312222_3212297944223421315_n.jpg?stp=dst-jpg_tt6&cstp=mx1090x724&ctp=s1090x724&_nc_cat=106&ccb=1-7&_nc_sid=aa7b47&_nc_ohc=9sXK1v7TIv4Q7kNvwHw9ooF&_nc_oc=AdqgbTFcMhelfKX2QpnJcbb2uf84hVq2_zRGKzXJck72rnUlOUrRFqk7slSNrA2FJLs&_nc_zt=23&_nc_ht=scontent.fsgn21-1.fna&_nc_gid=7oE7YfwZtJeh4UwOvigTGA&_nc_ss=7b2a8&oh=00_AQJ-X237r-j5QrFhX5bBoI9Rh7w08ASBJC40TK5EybVnZA&oe=6AA58DC8,
28639379395674462,https://www.facebook.com/groups/congdongtuvanvienbaohiem/posts/28639379395674462/,2026-09-07,"💙 VIÊM XOANG CẤP TÍNH – BẢO HIỂM ĐÃ HỖ TRỢ HƠN 3,4 TRIỆU ĐỒNG Không ai mong mình phải nhập viện vì bệnh tật. Nhưng khi rủi ro xảy ra, có bảo hiểm đồng hành sẽ giúp giảm bớt gánh nặng chi phí điều trị. ✨ Khách hàng điều trị Viêm xoang cấp tính tại Bệnh viện Tâm Trí Sài Gòn ✅ Quyền lợi được chi trả: 3.430.294 đồng ✅ Hồ sơ giải quyết nhanh chóng ✅ Hỗ trợ tận tình từ lúc nộp hồ sơ đến khi nhận tiền Bảo hiểm không ngăn được bệnh tật, nhưng có thể giúp bạn vững vàng hơn về tài chính khi cần điều trị. 📞 Liên hệ Thúy: 0919 055 501 để được tư vấn giải pháp bảo vệ sức khỏe phù hợp cho bản thân và gia đình. #BaoHiemSucKhoe #ChiTraBaoHiem #ViemXoangCapTinh #ChamSocSucKhoe #DaiichiLife #BaoVeTaiChinh #PhuongThuyBaoHiem",congdongtuvanvienbaohiem,Cộng đồng Tư vấn viên bảo hiểm,https://www.facebook.com/groups/congdongtuvanvienbaohiem/,Phương Thuý Bảo Hiểm,https://www.facebook.com/profile.php?id=61583531874537,0,0,0,0,0,0,0,0,0,0,,
28639362225676179,https://www.facebook.com/groups/congdongtuvanvienbaohiem/posts/28639362225676179/,2026-09-07,"🏡 31 TRIỆU/NĂM – BẢO VỆ TRỌN GÓI CHO GIA ĐÌNH 3 NGƯỜI Một gia đình, 3 thành viên – mỗi người một nhu cầu bảo vệ khác nhau, nhưng có thể thiết kế trong cùng một kế hoạch tài chính. ✨ Ba: bảo vệ nhân thọ + nội trú + tai nạn + bệnh hiểm nghèo ✨ Mẹ: bảo vệ tai nạn + nội trú + bệnh hiểm nghèo ✨ Bé: nội trú cao cấp + ngoại trú + tai nạn + bệnh hiểm nghèo Đặc biệt, bé còn có quỹ tích lũy học đường theo minh họa của chương trình. ❤️ 💰 Phí tham khảo: 31,7 triệu/năm – khoảng 87.000đ/ngày cho cả gia đình 3 người. Bảo hiểm không phải để mong điều không may xảy ra, mà là để nếu chẳng may xảy ra, gia đình mình vẫn có một kế hoạch tài chính để dựa vào. 📩 Anh/chị muốn biết gia đình mình có thể thiết kế mức bảo vệ như thế nào, nhắn “GIA ĐÌNH” cho em nhé! #phuongthuybaohiem",congdongtuvanvienbaohiem,Cộng đồng Tư vấn viên bảo hiểm,https://www.facebook.com/groups/congdongtuvanvienbaohiem/,Phương Thuý Bảo Hiểm,https://www.facebook.com/profile.php?id=61583531874537,0,0,0,0,0,0,0,0,0,0,,
28639353479010387,https://www.facebook.com/groups/congdongtuvanvienbaohiem/posts/28639353479010387/,2026-09-07,"🌷 MANG THAI AN TÂM – ĐÓN CON KHỎE MẠNH CÙNG FUSECare THAI SẢN 🌷 Hành trình làm mẹ là một trong những hành trình đẹp nhất, nhưng cũng đi kèm không ít nỗi lo về chi phí khám thai, sinh nở và những rủi ro không mong muốn. 💙 Với FUSECare Thai Sản, mẹ bầu được bảo vệ toàn diện với nhiều quyền lợi hấp dẫn: ✅ Quyền lợi thai sản lên đến 80 triệu đồng ✅ Hỗ trợ sinh sản cho cả thai IUI, IVF từ tuần thai thứ 12 ✅ Chi trả chi phí khám thai định kỳ ✅ Hỗ trợ sinh tại bệnh viện công và bệnh viện tư ✅ Thời gian chờ khám thai chỉ 90 ngày 📌 Nhiều gói linh hoạt từ 10 - 80 triệu đồng, phù hợp với nhu cầu và ngân sách của từng gia đình. Đừng đợi đến khi mang thai mới tìm hiểu bảo hiểm. Chuẩn bị sớm chính là món quà ý nghĩa nhất dành cho mẹ và bé yêu. ❤️ ☎️ Liên hệ tư vấn: Thúy – 0919 055 501 📩 Hỗ trợ lựa chọn gói phù hợp với nhu cầu và tài chính của gia đình. #FuseCare #BaoHiemThaiSan #BaoHiemSucKhoe #MeBau #ThaiSan",congdongtuvanvienbaohiem,Cộng đồng Tư vấn viên bảo hiểm,https://www.facebook.com/groups/congdongtuvanvienbaohiem/,Phương Thuý Bảo Hiểm,https://www.facebook.com/profile.php?id=61583531874537,0,0,0,0,0,0,0,0,0,0,,
2111328862801582,https://www.facebook.com/groups/boithuongbh/posts/2111328862801582/,2026-09-07,Góc khảo sát: anh chị khách hàng sẵn sàng tham gia chương trình bảo hiểm ít người biết đến không? Để team lên seri review quyền lợi và phí các BHSK có lợi cho anh chị?,boithuongbh,BỒI THƯỜNG BẢO HIỂM,https://www.facebook.com/groups/boithuongbh/,Bé Phạm,https://www.facebook.com/be.pham.9,35,28,6,1,0,0,0,0,2,26,,
1621435459440754,https://www.facebook.com/groups/baohiemnhantho.chuyenvien/posts/1621435459440754/,2026-09-07,"🌿 MẸ BẦU AN TÂM – NHẬN TIỀN MẶT SAU SINH 🌿 Chỉ từ vài triệu/năm, mẹ đã có ngay giải pháp hỗ trợ tài chính khi chào đón bé yêu 👶💚 ✨ Quyền lợi nổi bật: ✔️ Sinh thường nhận đến 14 TRIỆU ✔️ Sinh mổ nhận đến 15 TRIỆU ✔️ Hỗ trợ tài chính nhanh chóng sau sinh ✔️ Giảm áp lực viện phí – chăm bé thoải mái hơn ✔️ Tham gia sớm để được bảo vệ tốt nhất 💚 Một khoản chuẩn bị nhỏ hôm nay 💚 Để hành trình làm mẹ nhẹ nhàng hơn ngày mai 📩 Inbox ngay để được tư vấn chi tiết từng gói phù hợp cho mẹ & bé nhé! ☎️ 0919.055.501 #DaiichiLife #baohiemnhantho #baohiemsuckhoe #antoantaichinh #tichluytaichinh",baohiemnhantho.chuyenvien,BẢO HIỂM NHÂN THỌ - Hội chuyên viên tư vấn,https://www.facebook.com/groups/baohiemnhantho.chuyenvien/,Phương Thuý,https://www.facebook.com/phuongthuy.tryingthi,0,0,0,0,0,0,0,0,0,0,,
1621435152774118,https://www.facebook.com/groups/baohiemnhantho.chuyenvien/posts/1621435152774118/,2026-09-07,"👶💖 CHỈ VỚI 23 TRIỆU/NĂM – MẸ VÀ BÉ ĐƯỢC BẢO VỆ TOÀN DIỆN VÀ TÍCH LŨY CHO TƯƠNG LAI Mang thai và nuôi con là hành trình đầy yêu thương nhưng cũng đi kèm nhiều khoản chi phí và những rủi ro không thể lường trước. ✨ Chỉ với khoảng 23 triệu/năm, mẹ và bé nhận được: ✅ Quyền lợi bảo vệ lên đến hơn 1 tỷ đồng ✅ Bảo vệ tai nạn từ ngày đầu tiên tham gia ✅ Bệnh thông thường sau 30 ngày chờ ✅ Bệnh đặc biệt sau 90 ngày chờ ✅ Thẻ nội trú cao cấp lên đến 1 tỷ đồng/bệnh ✅ Hỗ trợ chi phí xét nghiệm, thuốc men, phẫu thuật ✅ Quyền lợi bệnh hiểm nghèo lên đến 200 triệu đồng 🎯 Không chỉ bảo vệ, kế hoạch còn giúp gia đình tích lũy giá trị tài chính dự kiến khoảng 463 triệu đồng sau 20 năm, tạo nền tảng vững chắc cho việc học tập và tương lai của con. 💝 Một giải pháp vừa bảo vệ sức khỏe, vừa tích lũy dài hạn cho cả mẹ và bé ngay từ hôm nay. 📞 Liên hệ Phương Thúy để nhận bảng minh họa chi tiết và tư vấn phù hợp với nhu cầu gia đình. ☎️ 0919.055.501 #BaoHiemMeVaBe #BaoHiemThaiSan #BaoHiemTichLuy #BaoHiemNhanTho #BaoHiemSucKhoe #MeBau #MangThai #PhuongThuyBaoHiem",baohiemnhantho.chuyenvien,BẢO HIỂM NHÂN THỌ - Hội chuyên viên tư vấn,https://www.facebook.com/groups/baohiemnhantho.chuyenvien/,Phương Thuý,https://www.facebook.com/phuongthuy.tryingthi,0,0,0,0,0,0,0,0,0,0,https://scontent.fsgn21-1.fna.fbcdn.net/v/t39.99422-6/799263725_2197076671246358_9098591686660484315_n.png?stp=dst-jpg_tt6&cstp=mx940x788&ctp=s940x788&_nc_cat=107&ccb=1-7&_nc_sid=aa7b47&_nc_ohc=7siz194fLOMQ7kNvwEtVPb9&_nc_oc=AdquLPvSQOrXfYfYyTotSPb8eMke7FV-oTC8pg78G7fhoXVwiWRy_ON15UQWXdhDKkw&_nc_zt=14&_nc_ht=scontent.fsgn21-1.fna&_nc_gid=YbdTsbXqoTc7wAkP8z1x2w&_nc_ss=7b2a8&oh=00_AQJITv6ROovkRT1KC1Xf5eWD-ZxRikkTcs7F8w_ZsKXd0A&oe=6AA5C083|https://scontent.fsgn21-1.fna.fbcdn.net/v/t39.99422-6/798035364_1732402008044345_7804815253152303609_n.png?stp=dst-jpg_tt6&cstp=mx940x788&ctp=s940x788&_nc_cat=108&ccb=1-7&_nc_sid=aa7b47&_nc_ohc=GPQX4RljhtEQ7kNvwHU71am&_nc_oc=AdrTl3WoVYg7Uysa22MwZY63-F3jHd_AOfW6Rk4TZ0BIdF4VsnbesJRCETsxTo21jbU&_nc_zt=14&_nc_ht=scontent.fsgn21-1.fna&_nc_gid=YbdTsbXqoTc7wAkP8z1x2w&_nc_ss=7b2a8&oh=00_AQLmD4kKIYKT07vZtzBR2Il_R9wEkTkdNKcr8bsOoCWmCA&oe=6AA5A1C0|https://scontent.fsgn21-1.fna.fbcdn.net/v/t39.99422-6/792133343_1690628292711358_7599073036043776635_n.png?stp=dst-jpg_tt6&cstp=mx940x788&ctp=s940x788&_nc_cat=101&ccb=1-7&_nc_sid=aa7b47&_nc_ohc=bzy3NjkfrSUQ7kNvwFSEG-4&_nc_oc=Adqk19yEMbYI12hXoFYfy_zwWtT5aPiyCvr5GCQU-fvDaRld0DdmdKRf3wBEFVKXtn4&_nc_zt=14&_nc_ht=scontent.fsgn21-1.fna&_nc_gid=YbdTsbXqoTc7wAkP8z1x2w&_nc_ss=7b2a8&oh=00_AQLatNPhsC5jHMT1Tg-vRkDZfMmTp8OwoG3ZK1QF77ygCQ&oe=6AA5932B|https://scontent.fsgn21-1.fna.fbcdn.net/v/t39.99422-6/798272768_3753874748110249_2442349938590210091_n.png?stp=dst-jpg_tt6&cstp=mx940x788&ctp=s940x788&_nc_cat=104&ccb=1-7&_nc_sid=aa7b47&_nc_ohc=5b5fDo8ndOsQ7kNvwEftHjq&_nc_oc=Adr46PVHPkcvSzdodp7vGz3u91smci6sTAE3N-xHjyCys-uwrkqzZNFiBpc1RFQjwng&_nc_zt=14&_nc_ht=scontent.fsgn21-1.fna&_nc_gid=YbdTsbXqoTc7wAkP8z1x2w&_nc_ss=7b2a8&oh=00_AQIPpMnw4_7A1TBquRPSx5wiyEzebjcANXDQI2Ufg_E6wQ&oe=6AA58B16,
2096107267657075,https://www.facebook.com/groups/boithuongbh/posts/2096107267657075/,2026-09-07,"CHUYỆN VUI BẢO HIỂM: Mua bảo hiểm mọi rủi ro tài sản cho… 24 điếu xì gà thượng hạng? Chuyện như đùa nhưng lại là một án lệ kinh điển khiến giới bảo hiểm và pháp lý quốc tế vừa cười vừa gật gù tâm đắc. Một vị luật sư sành điệu tại Mỹ sau khi chi bộn tiền tậu hộp xì gà quý hiếm liền cẩn thận mua gói ""bảo hiểm mọi rủi ro tài sản"". Sau một tháng thong thả thưởng thức sạch bách hộp xì gà, ông gửi hồ sơ yêu cầu giải quyết quyền lợi bảo hiểm với lý do: Toàn bộ số tài sản trên đã bị tổn thất hoàn toàn sau “24 vụ cháy nhỏ liên tiếp”! Công ty bảo hiểm đã từ chối bồi thường vì cho rằng khách hàng đang tiêu dùng sản phẩm đúng với công năng tự nhiên. Không phục, vị luật sư đâm đơn kiện. TạI tòa, vị thẩm phán lật từng trang của hợp đồng bảo hiểm và phát hiện không có điều khoản loại trừ hành vi hút thuốc! Giấy trắng mực đen rành rành, tòa tuyên công ty bảo hiểm thua kiện, buộc phải chi trả trọn vẹn 15.000 USD bồi thường. Thế nhưng, “vỏ quýt dày có móng tay nhọn”. Ngay khi vị luật sư vừa ký nhận tờ séc bồi thường, bộ phận Điều tra gian lận bảo hiểm đã lập tức tung nước cờ quyết định. Dựa trên chính hồ sơ bồi thường và lời khai có tuyên thệ của ông tại tòa rằng mình đã “châm lửa đốt tài sản”, họ gửi đơn tố cáo ông 24 tội danh: Cố ý phóng hỏa hủy hoại tài sản đã mua bảo hiểm. Kết quả: Vị luật sư bỏ túi 15.000 USD tiền bồi thường nhưng đổi lại bản án 24 tháng tù giam kèm mức phạt 24.000 USD! Bảo hiểm thực chất là nghệ thuật đỉnh cao của việc quản trị rủi ro và hiểu rõ từng câu chữ pháp lý. Một điều khoản nhỏ nếu không nắm rõ có thể biến chiếc phao cứu sinh thành cái bẫy khôn lường. Bạn có tò mò về những ""kẽ hở"" hợp đồng phổ biến nhất hiện nay mà người tham gia bảo hiểm hay bỏ lỡ? Nhấn Follow ngay để cùng bóc tách những bí mật quyền lợi đầy bất ngờ trong bài viết kế tiếp nhé!",boithuongbh,BỒI THƯỜNG BẢO HIỂM,https://www.facebook.com/groups/boithuongbh/,Le Son Phong,https://www.facebook.com/lesonphong,1,1,0,0,0,0,0,0,1,0,,
1750252729515384,https://www.facebook.com/groups/hoireviewbaohiem/posts/1750252729515384/,2026-09-07,"30: PHÍ THẺ SỨC KHỎE BAO NHIÊU LÀ HỢP LÝ? NÊN NHÌN PHÍ HAY HẠN MỨC BẢO VỆ? 🤔 Đừng vội chọn một Thẻ Sức Khỏe chỉ vì phí thấp. Một mức phí “hợp lý” nên được xem xét cùng nhu cầu chăm sóc sức khỏe, khả năng tài chính và quyền lợi bảo hiểm mà bạn lựa chọn. Khi so sánh, hãy nhìn kỹ: 👉 Hạn mức & phạm vi quyền lợi 👉 Điều kiện, giới hạn và loại trừ 👉 Mạng lưới cơ sở y tế 👉 Điều kiện tái tục 👉 Và quan trọng: mức phí có phù hợp để duy trì lâu dài hay không 💡 Không nhất thiết chọn thẻ phí cao nhất – cũng đừng chỉ chọn thẻ phí thấp nhất. Hãy chọn giải pháp có quyền lợi phù hợp với nhu cầu và khả năng tài chính của mình. MDRT Lưu Đường Quỳnh – Quỳnh Lucky ☎️ 0902.148.126 #quynhluckybaohiem #baohiemnhantho #GeneraliVietnam #CC01 Thông tin mang tính tham khảo. Phí, quyền lợi, giới hạn, loại trừ và điều kiện áp dụng thực hiện theo Quy tắc & Điều khoản sản phẩm Generali và hợp đồng bảo hiểm tại từng thời điểm.",hoireviewbaohiem,REVIEW BẢO HIỂM,https://www.facebook.com/groups/hoireviewbaohiem/,Luu Duong Quynh,https://www.facebook.com/luuduongquynh.quynh,1,1,0,0,0,0,0,0,0,0,,
1750288589511798,https://www.facebook.com/groups/hoireviewbaohiem/posts/1750288589511798/,2026-09-07,"Cho e hỏi sau mổ K giáp có tham gia được BH Gen không, e 30t. E cần tham gia nhân thọ và sức khoẻ. Hiện đã có BH VBI nhưng e đang cần mua thêm BH Gen. Nhờ anh chị hỗ trợ tư vấn giúp ạ",hoireviewbaohiem,REVIEW BẢO HIỂM,https://www.facebook.com/groups/hoireviewbaohiem/,Gấu_1111,,19,15,4,0,0,0,0,0,1,36,,
1621434532774180,https://www.facebook.com/groups/baohiemnhantho.chuyenvien/posts/1621434532774180/,2026-09-07,"🏡 31 TRIỆU/NĂM – BẢO VỆ TRỌN GÓI CHO GIA ĐÌNH 3 NGƯỜI Một gia đình, 3 thành viên – mỗi người một nhu cầu bảo vệ khác nhau, nhưng có thể thiết kế trong cùng một kế hoạch tài chính. ✨ Ba: bảo vệ nhân thọ + nội trú + tai nạn + bệnh hiểm nghèo ✨ Mẹ: bảo vệ tai nạn + nội trú + bệnh hiểm nghèo ✨ Bé: nội trú cao cấp + ngoại trú + tai nạn + bệnh hiểm nghèo Đặc biệt, bé còn có quỹ tích lũy học đường theo minh họa của chương trình. ❤️ 💰 Phí tham khảo: 31,7 triệu/năm – khoảng 87.000đ/ngày cho cả gia đình 3 người. Bảo hiểm không phải để mong điều không may xảy ra, mà là để nếu chẳng may xảy ra, gia đình mình vẫn có một kế hoạch tài chính để dựa vào. 📩 Anh/chị muốn biết gia đình mình có thể thiết kế mức bảo vệ như thế nào, nhắn “GIA ĐÌNH” cho em nhé! #phuongthuybaohiem",baohiemnhantho.chuyenvien,BẢO HIỂM NHÂN THỌ - Hội chuyên viên tư vấn,https://www.facebook.com/groups/baohiemnhantho.chuyenvien/,Phương Thuý,https://www.facebook.com/phuongthuy.tryingthi,0,0,0,0,0,0,0,0,0,0,,
1750339296173394,https://www.facebook.com/groups/hoireviewbaohiem/posts/1750339296173394/,2026-09-07,Mình cần tư vấn bảo hiểm MB Life ạ,hoireviewbaohiem,REVIEW BẢO HIỂM,https://www.facebook.com/groups/hoireviewbaohiem/,LovelyMoose6333,,7,7,0,0,0,0,0,0,0,4,,
1750451426162181,https://www.facebook.com/groups/hoireviewbaohiem/posts/1750451426162181/,2026-09-07,"#PVI #Khám_mụn Dạ cho em hỏi bảo hiểm PVI mà em đi khám mụn ở bệnh viện da liễu thì có được claim không ạ Nếu có thì claim được những khoản nào ạ, em cảm ơn anh chị",hoireviewbaohiem,REVIEW BẢO HIỂM,https://www.facebook.com/groups/hoireviewbaohiem/,Sao giờ đại ka,,5,5,0,0,0,0,0,0,0,11,,
1750483862825604,https://www.facebook.com/groups/hoireviewbaohiem/posts/1750483862825604/,2026-09-07,"**MỘT BUỔI REVIEW – MỘT GÓC NHÌN KHÁC VỀ THẺ SỨC KHỎE** Một buổi Zoom thật nhiều năng lượng cùng các anh chị em trong **Review Bảo Hiểm – Review Lan Tỏa**. Lần này, Ngân rất vui khi được đồng hành với vai trò **speaker chia sẻ sản phẩm nhà Sun**, cùng mọi người nhìn lại những điểm nổi bật của **Sống Chất 2.0** dưới một góc nhìn thực tế hơn. Điều Ngân thích nhất ở những buổi review như thế này là không chỉ nói về “điểm mạnh” của sản phẩm, mà còn cùng nhau đặt câu hỏi: 👉 Khách hàng nào thực sự phù hợp? 👉 Quyền lợi nổi bật nằm ở đâu? 👉 Những điểm nào cần lưu ý khi tư vấn? 👉 Và khi khách hàng cần sử dụng, quyền lợi đó thực sự mang lại giá trị gì? ❤️ Cảm ơn BTC **Review Bảo Hiểm** đã tạo nên một không gian rất cởi mở để các TVV cùng chia sẻ và học hỏi. ❤️ Cảm ơn các anh chị em đã dành thời gian tham gia, lắng nghe và góp thêm nhiều góc nhìn thú vị cho buổi Zoom vào 1 buổi tối cuối tuần. Đặc biệt cảm ơn những người đã cùng Ngân chuẩn bị và hoàn thiện phần chia sẻ này Phạm Quốc Công Nguyễn Thảo Generali Bùi Quang Vĩnh Sơn Linh Bùi Hồng Nhung. **Mỗi một góc nhìn được đóng góp đều giúp câu chuyện về sản phẩm trở nên rõ ràng và thực tế hơn.** 📌 Ngân để lại một **poster tóm tắt những ưu điểm nổi bật của Sống Chất 2.0** để anh chị em tiện tham khảo. Nếu cần trao đổi thêm về sản phẩm sức khỏe Sun Life, cứ inbox Ngân nhé. **Nguyễn Thị Kim Ngân | 0971.800.730** ☎️ ❤️ *Hiểu đúng sản phẩm – tư vấn đúng nhu cầu – để mỗi lựa chọn đều có giá trị.* #ReviewBaoHiem #ReviewLanToa #SunLife #SongChat20 #TheSucKhoeSunLife",hoireviewbaohiem,REVIEW BẢO HIỂM,https://www.facebook.com/groups/hoireviewbaohiem/,Nguyễn Thị Kim Ngân,https://www.facebook.com/lucy.nguyen.0971800730,17,9,7,1,0,0,0,0,0,4,https://scontent.fsgn21-1.fna.fbcdn.net/v/t39.30808-6/790392286_10242911662785060_861345271296179984_n.jpg?stp=dst-jpg_tt6&cstp=mx1536x1024&ctp=p960x960&_nc_cat=109&ccb=1-7&_nc_sid=aa7b47&_nc_ohc=Zbx1XFG3M30Q7kNvwGoU57T&_nc_oc=AdrZyBWk8oCikYFEyl25ItqpZQbJn8LznyKLUhCdbF2f4HddoemPsN4NqiMSZG_SbTM&_nc_zt=23&_nc_ht=scontent.fsgn21-1.fna&_nc_gid=L8AQnVm5akNsiKfZqALgyw&_nc_ss=7b2a8&oh=00_AQIU9hk94s7DnfQFZKLJsQY7os17TgZLo95JZYF344fQiQ&oe=6AA5A98B|https://scontent.fsgn21-1.fna.fbcdn.net/v/t39.30808-6/791246077_10242911735666882_8637121182714157841_n.jpg?stp=dst-jpg_tt6&cstp=mx1180x590&ctp=s1180x590&_nc_cat=101&ccb=1-7&_nc_sid=aa7b47&_nc_ohc=cXAhJmZIF5AQ7kNvwEjaq35&_nc_oc=AdrFKNj4CyJfuzo7rnRTPjIGH9OP-9tcy3hcE6x9ZC97cUzPvBNa4U3cuoOug72Fh8A&_nc_zt=23&_nc_ht=scontent.fsgn21-1.fna&_nc_gid=L8AQnVm5akNsiKfZqALgyw&_nc_ss=7b2a8&oh=00_AQLNW5vjTE4YNFCWq4zUdAjhg1uVykGunj8axw1rVymn7g&oe=6AA5AECF|https://scontent.fsgn21-1.fna.fbcdn.net/v/t39.30808-6/791312337_10242911736106893_2124584045291882760_n.jpg?stp=dst-jpg_tt6&cstp=mx2048x1329&ctp=p960x960&_nc_cat=104&ccb=1-7&_nc_sid=aa7b47&_nc_ohc=SrZt9-Mzk6UQ7kNvwEMm3nv&_nc_oc=Adopo2mQX7gyAjOPkXVJ7mFadbqPa6xxSI3VWnZ57xQT61dFAOHeduG6gjfPuh5TPWM&_nc_zt=23&_nc_ht=scontent.fsgn21-1.fna&_nc_gid=L8AQnVm5akNsiKfZqALgyw&_nc_ss=7b2a8&oh=00_AQK33ocQHrKpq4VLZjack3XS1PluiNVDzHtXd-J8l84Tmg&oe=6AA5B25D|https://scontent.fsgn21-1.fna.fbcdn.net/v/t39.30808-6/790392290_10242911735866887_2572140473957028956_n.jpg?stp=dst-jpg_tt6&cstp=mx2048x1314&ctp=p960x960&_nc_cat=104&ccb=1-7&_nc_sid=aa7b47&_nc_ohc=cTnqW4n3k6wQ7kNvwH09VzU&_nc_oc=AdrOZ4-Mw6sUz7irKR9dCxc243V6NDjjvSHwjImnjuevOrJwFuS59d9i324WhhFZpZk&_nc_zt=23&_nc_ht=scontent.fsgn21-1.fna&_nc_gid=L8AQnVm5akNsiKfZqALgyw&_nc_ss=7b2a8&oh=00_AQKfEkvbL2BSjXKZPyf3u9Bx_DtXww7gVZ37SOKdXQfcCQ&oe=6AA59042,
2132725043980964,https://www.facebook.com/groups/tuvanbaohiemnhanthovn/posts/2132725043980964/,2026-09-07,Đăng ký bán bảo hiểm online qua app Moncover tại https://online.moncover.vn/dang-ky-dai-ly,tuvanbaohiemnhanthovn,Hiệp Hội Tư vấn Bảo hiểm Nhân thọ Việt Nam,https://www.facebook.com/groups/tuvanbaohiemnhanthovn/,Bảo hiểm online,https://www.facebook.com/profile.php?id=61559366671511,0,0,0,0,0,0,0,0,0,0,,
2250223362582284,https://www.facebook.com/groups/296975261240447/posts/2250223362582284/,2026-09-07,"𝐌𝐨̣̂𝐭 𝐥𝐮̛̣𝐚 𝐜𝐡𝐨̣𝐧 𝐜𝐨́ 𝐭𝐡𝐞̂̉ đ𝐨̂̉𝐢 𝐡𝐮̛𝐨̛́𝐧𝐠 𝐜𝐮𝐨̣̂𝐜 đ𝐨̛̀𝐢 Có những công việc chúng ta chọn vì đã định sẵn từ đầu. Nhưng cũng có những công việc ban đầu chỉ bắt đầu bằng một câu rất đơn giản: “Hay là mình thử xem sao?” Tôi đã gặp rất nhiều người đến với nghề bảo hiểm bằng một cái duyên như thế. Có người đang là giáo viên. Có người đang làm văn phòng. Có người vừa ra trường. Có người từng kinh doanh, từng làm quản lý ở một lĩnh vực hoàn toàn khác. Không phải ai cũng nghĩ ngay rằng mình sẽ gắn bó lâu dài. Nhưng có một điểm chung là họ đã cho bản thân cơ hội thử một cách nghiêm túc, thay vì đứng ngoài và phán đoán nghề này có hợp với mình hay không. Bản thân tôi cũng vậy. Trước khi làm bảo hiểm, tôi đã có hơn 10 năm làm việc trong môi trường doanh nghiệp. Nếu ngày ấy tôi không thử bước sang một con đường mới thì chắc tôi cũng không biết mình có thể làm được những gì trong 10 năm sau đó, và không biết được thế giới bên ngoài rộng lớn thú vị như nào. Nhiều khi một lựa chọn không cần phải bắt đầu bằng một quyết định quá lớn. Chỉ cần bắt đầu bằng câu: “Nếu tôi thử nghiêm túc, tôi có thể đi được đến đâu? Đã từ bao lâu,bạn chưa có suy nghĩ muốn có 1 thay đổi nho nhỏ cho cuộc sống? #Chuyện_Nghề_Chuyện_Người",296975261240447,REVIEW BẢO HIỂM NHÂN THỌ,https://www.facebook.com/groups/296975261240447/,Liên Trần,https://www.facebook.com/nghienbaohiem,1,1,0,0,0,0,0,0,0,0,,
1328014389201806,https://www.facebook.com/groups/bvqlkhbhnt/posts/1328014389201806/,2026-09-06,"Ông thầy Min Min hỏi: “Sau khi tốt nghiệp lớp L8, anh chị có thấy bài giảng của thầy có giống với nội dung này không?” 😅 ☘️☘️☘️ Đính kèm hình ảnh 👇👇👇 ☘️☘️☘️☘️☘️ Và đây là những giá trị mà tui nhận được sau 1 ngày vật vã ngồi học. Có những lúc cả lớp phải “giành nói” với thầy vì thầy hỏi thì phải trả lời thật nhanh, chưa kịp trả lời xong thì… thầy chặn luôn câu trả lời 🤣 Cảm ơn tâm huyết của thầy! Đến lớp thứ 2 thì tui mới hiểu rõ hơn cách thầy dạy: Mình phải tự tư duy, thầy mới biết mình đang hỏng chỗ nào để thầy gỡ. Chứ mà chọn phương án để thầy tự nói thao thao một mình thì… thầy OUT ngay và luôn. 🥳 👉 Học xong mới nhận ra, có những điều trước đây mình tưởng không thể thay đổi, nhưng thực tế vẫn có thể được xem xét và xử lý trong giới hạn pháp luật cho phép. 👉 Có những câu từ trước đây mình đọc nhưng không thật sự chú ý, chẳng hạn như “không cần thiết về mặt y khoa”. Giờ thì mình hiểu hơn vì sao cùng một tên bệnh nhưng có khách hàng được thanh toán quyền lợi, có khách hàng lại không được thanh toán quyền lợi. Không phải cứ nhìn vào tên bệnh là có thể kết luận. 👉 Được học thêm về cách đọc hiểu hồ sơ y tế, các quy định pháp luật liên quan và cách tư duy khi xử lý một hồ sơ. Và khắc phục được tình trạng: được bonus những căn bệnh không đáng có 😩 👉 Hiểu hơn về việc nếu cần tháo gỡ một thư thỏa thuận cho khách hàng thì cần chuẩn bị như thế nào, đưa ra những lựa chọn phù hợp ra sao để khách hàng hiểu, đồng thuận và cảm thấy được tôn trọng. ☘️ Trước khi ký thư thỏa thuận gở thư thế nào? ☘️ Hợp đồng đã ký gở thư thỏa thuận ra sao? 👉 Học cách thực hiện video với khách hàng trong những trường hợp phù hợp, làm sao để thông tin được trình bày trung thực, rõ ràng và có cơ sở. Và đặc biệt… 👉👉👉 TRI THỨC ĐỌC HIỂU HỒ SƠ Y TẾ. Đến đoạn này thì tui nói thật: Phê hơn chữ phê! 😂 Bởi vì trước đây mình hời hợt ngay cả chính HSYT của bản thân và của gia đình. Còn khách hàng thì đã có bộ phận chuyên môn hỗ trợ 😩 Nhưng học rồi mới thấy, đọc hồ sơ không đơn giản là đọc tên bệnh. Phải biết đặt câu hỏi, biết đối chiếu, biết tìm những thông tin liên quan và quan trọng nhất là không vội kết luận khi mình chưa hiểu đủ hồ sơ. Rồi cả 👉👉👉 cách tư duy về claim: Trước khi ký thư thỏa thuận thì cần hiểu gì? Sau khi đã ký hợp đồng thì cần nhìn vấn đề như thế nào? Càng học càng thấy nghề này không chỉ là biết sản phẩm để bán hàng. Mà còn phải có tri thức để hiểu hợp đồng, hiểu hồ sơ, hiểu quyền lợi và biết bảo vệ quyền lợi khách hàng trong phạm vi pháp luật cho phép. 👉👉👉 Thêm nữa là được xem những tình huống thực tế được đưa ra trong lớp, để hiểu thêm vì sao bảo hiểm đôi khi bị ví von là “Đảo lửa”. Bởi có những trường hợp mà nếu không được tận mắt nhìn vào hồ sơ, dữ liệu và tình huống cụ thể thì thật sự rất khó hình dung: có những người đã không còn nữa nhưng trong lịch sử khám chữa bệnh vẫn xuất hiện thông tin khám bệnh sau đó. Có những trường hợp việc tiết kiệm mẫu xét nghiệm lại dẫn đến những tình huống oái oăm trong lịch sử thăm khám. 😅 ….. Đó là những “con sâu làm sầu nồi canh” mà người làm nghề cần phải thận trọng. Không phải để nghi ngờ tất cả. Mà để hiểu rằng đọc hồ sơ y tế cần sự cẩn trọng, đối chiếu và tư duy, bởi chỉ một chi tiết bất thường cũng có thể khiến mình phải đặt thêm rất nhiều câu hỏi. Đúng là: 𝐆𝐨̃ 𝐜𝐮̛̉𝐚 𝐭𝐡𝐢̀ 𝐜𝐮̛̉𝐚 𝐦𝐨̛̉. 𝐊𝐡𝐢 𝐦𝐢̀𝐧𝐡 𝐭𝐡𝐚̣̂𝐭 𝐬𝐮̛̣ 𝐬𝐚̆̃𝐧 𝐬𝐚̀𝐧𝐠, 𝐧𝐠𝐮̛𝐨̛̀𝐢 𝐭𝐡𝐚̂̀𝐲 𝐬𝐞̃ 𝐱𝐮𝐚̂́𝐭 𝐡𝐢𝐞̣̂𝐧. Với lớp L8 này thì chắc tui phải tua đi tua lại rất nhiều lần mới tiêu hóa hết được những gì thầy Min Min truyền lại. 😂 Cảm ơn thầy vì sự tận tâm và cách dạy khiến tụi em không thể ngồi học theo kiểu nghe cho xong. Thương thầy phải ngồi đó giảng, trong khi tụi em có thể… tắt cam đi giải quyết “nỗi sầu”. 🤣🤣🤣 Học để hiểu nghề. Học để làm nghề tử tế. Học để tự tin hơn khi đồng hành và bảo vệ quyền lợi khách hàng. Cảm ơn thầy thật nhiều! ❤️",bvqlkhbhnt,BẢO VỆ QUYỀN LỢI KHÁCH HÀNG BẢO HIỂM NHÂN THỌ,https://www.facebook.com/groups/bvqlkhbhnt/,Đỗ Thị Kim Thoa,https://www.facebook.com/snowyfocus12272011,15,5,10,0,0,0,0,0,7,13,,
28635318676080534,https://www.facebook.com/groups/congdongtuvanvienbaohiem/posts/28635318676080534/,2026-09-06,": Tự do tài chính hay độc lập khi ốm đau? ☕✨ Yêu bản thân không chỉ là đi du lịch hay thưởng cho mình những món đồ hiệu, mà là không biến mình thành gánh nặng tài chính của cha mẹ nếu chẳng may ngã bệnh. Một hợp đồng bảo hiểm từ sớm giúp người trẻ tối ưu chi phí (phí cực rẻ khi còn trẻ), an tâm khám chữa bệnh dịch vụ cao cấp và chủ động xây dựng thói quen tích lũy kỷ luật cho các mục tiêu lớn tiếp theo. ​👉 Nhắn mình ngay để nhận giải pháp bảo vệ tối ưu với chi phí chỉ bằng vài ly coffee mỗi tuần! #DocLapTaiChinh #NguoiTreThongMinh #BaoHiemNhanTho",congdongtuvanvienbaohiem,Cộng đồng Tư vấn viên bảo hiểm,https://www.facebook.com/groups/congdongtuvanvienbaohiem/,Ngô Cúc,https://www.facebook.com/ngothicuc.1995,1,0,0,0,1,0,0,0,0,3,,
1621176616133305,https://www.facebook.com/groups/baohiemnhantho.chuyenvien/posts/1621176616133305/,2026-09-06,": Tự do tài chính hay độc lập khi ốm đau? ☕✨ Yêu bản thân không chỉ là đi du lịch hay thưởng cho mình những món đồ hiệu, mà là không biến mình thành gánh nặng tài chính của cha mẹ nếu chẳng may ngã bệnh. Một hợp đồng bảo hiểm từ sớm giúp người trẻ tối ưu chi phí (phí cực rẻ khi còn trẻ), an tâm khám chữa bệnh dịch vụ cao cấp và chủ động xây dựng thói quen tích lũy kỷ luật cho các mục tiêu lớn tiếp theo. ​👉 Nhắn mình ngay để nhận giải pháp bảo vệ tối ưu với chi phí chỉ bằng vài ly coffee mỗi tuần! #DocLapTaiChinh #NguoiTreThongMinh #BaoHiemNhanTho",baohiemnhantho.chuyenvien,BẢO HIỂM NHÂN THỌ - Hội chuyên viên tư vấn,https://www.facebook.com/groups/baohiemnhantho.chuyenvien/,Ngô Cúc,https://www.facebook.com/ngothicuc.1995,1,1,0,0,0,0,0,0,0,0,,
28635240029421732,https://www.facebook.com/groups/congdongtuvanvienbaohiem/posts/28635240029421732/,2026-09-06,"👩‍👧 MẸ VỮNG VÀNG – BÉ ĐƯỢC BẢO VỆ TỪ SỚM 💗 Một phương án dành cho mẹ và bé, vừa chăm sóc sức khỏe, vừa xây dựng nền tảng tài chính dài hạn cho con. ✨ Mẹ được bảo vệ với quyền lợi nhân thọ 🏥 Thẻ nội trú 1 tỷ cho cả mẹ và bé 💊 Bé có thêm ngoại trú 5 triệu/năm 🔄 Tự động tái tục thẻ sức khỏe hằng năm 💗 Hướng đến quỹ tích lũy cho bé khoảng 137 triệu sau 10 năm – 276 triệu sau 15 năm – 520 triệu sau 20 năm (theo mức minh họa trên phương án) 💡 Điều Vy thích nhất ở một kế hoạch như thế này là: mẹ được bảo vệ, bé có nền tảng, gia đình chủ động hơn trước những khoản chi phí y tế bất ngờ. 📲 Zalo: 0767 1343 86 📍 Toà nhà 7A Lam Sơn, P. Tân Sơn Hoà, TP.HCM Vy hỗ trợ lên phương án riêng theo độ tuổi – nhu cầu – ngân sách của từng gia đình nhé ❤️ #BaoHiemMeVaBe #BaoHiemChoBe #BaoHiemSucKhoe #QuyTichLuyChoCon #HoangVyBaoHiem",congdongtuvanvienbaohiem,Cộng đồng Tư vấn viên bảo hiểm,https://www.facebook.com/groups/congdongtuvanvienbaohiem/,Bảo Hiểm cho Con - Trọn Tình Cha Mẹ,https://www.facebook.com/profile.php?id=61580943352387,0,0,0,0,0,0,0,0,0,0,,
28635219652757103,https://www.facebook.com/groups/congdongtuvanvienbaohiem/posts/28635219652757103/,2026-09-06,"👨‍👩‍👧 BA VÀ BÉ – CÙNG MỘT KẾ HOẠCH, BẢO VỆ CẢ GIA ĐÌNH 💙 Nếu ba là trụ cột, thì sức khỏe của ba cũng chính là “tài sản” cần được bảo vệ. Một phương án có thể kết hợp: ✨ Bảo vệ tài chính cho ba – mệnh giá 1,2 tỷ 🏥 Thẻ nội trú cho cả ba và bé – hạn mức 1 tỷ 💊 Ngoại trú cho bé – 5 triệu/năm 🔄 Tự động tái tục thẻ sức khỏe hằng năm 💗 Hướng đến việc duy trì bảo vệ lâu dài cho gia đình. Đặc biệt, ngoài bảo vệ sức khỏe, phương án còn hướng tới một quỹ tích lũy dài hạn cho bé, minh họa khoảng 132 triệu sau 10 năm – 256 triệu sau 15 năm – 469 triệu sau 20 năm. 👉 Không cần bắt đầu bằng một kế hoạch quá lớn. Quan trọng là đúng nhu cầu, vừa ngân sách và có thể duy trì lâu dài. 📲 Zalo: 0767 1343 86 📍 Toà nhà 7A Lam Sơn, P. Tân Sơn Hoà, TP.HCM Vy hỗ trợ thiết kế phương án riêng cho ba + bé theo ngân sách gia đình nhé 💕 #BaoHiemGiaDinh #BaoHiemChoBa #BaoHiemChoBe #BaoHiemSucKhoe #QuyTichLuyChoCon #HoangVyBaoHiem",congdongtuvanvienbaohiem,Cộng đồng Tư vấn viên bảo hiểm,https://www.facebook.com/groups/congdongtuvanvienbaohiem/,Bảo Hiểm cho Con - Trọn Tình Cha Mẹ,https://www.facebook.com/profile.php?id=61580943352387,0,0,0,0,0,0,0,0,0,0,,
28635136156098786,https://www.facebook.com/groups/congdongtuvanvienbaohiem/posts/28635136156098786/,2026-09-06,"💰 ĐÓNG 20 TRIỆU TIỀN BẢO HIỂM – ĐỪNG BỎ QUA TIỀN HOÀN! Nếu khoản 20 triệu thanh toán bảo hiểm không được chiết khấu, bạn có thể dùng VIB ONE CARD để nhận hoàn tiền tối đa 1.800.000đ theo chính sách hoàn tiền của thẻ. Không chỉ BẢO HIỂM, ONE CARD còn áp dụng hoàn tiền cho: ✨ Mua sắm ✨ Giáo dục ✨ Du lịch ✨ Chi tiêu nước ngoài 👉 Tổng hoàn tối đa lên đến 18 triệu đồng/năm. Cùng một khoản chi tiêu, thay vì thanh toán như bình thường, hãy để thẻ tín dụng giúp bạn lấy lại một phần tiền 💳 📞Liên hệ em Quỳnh để được tư vấn ạ 0865955886",congdongtuvanvienbaohiem,Cộng đồng Tư vấn viên bảo hiểm,https://www.facebook.com/groups/congdongtuvanvienbaohiem/,Nguyễn Quỳnh,https://www.facebook.com/11thag11,1,1,0,0,0,0,0,0,0,0,,
1327979585871953,https://www.facebook.com/groups/bvqlkhbhnt/posts/1327979585871953/,2026-09-06,"TUẦN ĐẦU TIÊN CỦA THÁNG 09 Kiểu gì mà bận không nhúc nhích được luôn. 😂 📌 01/09: Chở bạn nhỏ đi thăm bà cố. 📌 02/09: Về quê ăn trực. 🤣 📌 03/09: Bận việc cả ngày, tối từ 19h30 học liên tục tới gần 1h sáng hôm sau. Dã man thiệt! 🤣 Tội nghiệp thầy, mà học viên cũng díu hết mắt nhưng không dám rời Zoom. Sau lớp học “Thẩm định & Kê khai Bảo hiểm từ A đến Z”, mình mới nghiệm ra một điều: ⚠️ Mua bảo hiểm, sợ nhất là kê khai thiếu hoặc khai không chính xác, dẫn đến rủi ro không được chi trả sau này. Thấm nhất một câu: HỎI GÌ, TRẢ LỜI ĐÓ TRUNG THỰC VÀ ĐÚNG PHẠM VI. 🫠 Nghe thì đơn giản, nhưng để hỗ trợ khách hàng làm đúng lại cực kỳ chi tiết: 🔹 Phải nhận diện chính xác các cột mốc thời gian trong phiếu câu hỏi. 🔹 Câu hỏi nào có giới hạn thời gian: 1 năm, 3 năm, 5 năm… 🔹 Câu hỏi nào không giới hạn mốc thời gian và cần hiểu phạm vi kê khai đến đâu? 🔹 Khám nhưng chưa có kết luận cuối cùng thì kê khai ra sao? 🔹 Đã có phác đồ điều trị hoặc mới được chẩn đoán thì cần cung cấp giấy tờ gì? Trước giờ, với tâm lý muốn bảo vệ quyền lợi cho khách, mình luôn rất thận trọng trong việc kê khai. Có thông tin về sức khỏe là mình thường muốn khách cung cấp đầy đủ, thậm chí những nội dung khách chưa được hỏi mình cũng muốn kiểm tra lại cho chắc. Nhưng sau khi học sâu hơn, mình mới hiểu: Kê khai chuẩn không phải là cứ khai thật nhiều. Mà là: HIỂU ĐÚNG → TRẢ LỜI ĐÚNG → ĐỦ PHẠM VI ĐƯỢC YÊU CẦU. Cẩn thận là tốt. Nhưng trong kê khai bảo hiểm, cẩn thận thôi chưa đủ. Phải hiểu mình đang được hỏi điều gì. Học tới nửa đêm, càng đọc kỹ Luật Kinh doanh Bảo hiểm và Thông tư 67/2023/TT-BTC, mình càng thấy trách nhiệm của người tư vấn lớn đến chừng nào. Cái gì chưa biết thì học cho rõ. Cái gì chưa chuẩn thì chỉnh ngay. 👉👉👉 Hiểu đúng – Làm chuẩn ngay từ đầu thì nhẹ lòng về sau. Mình muốn được bảo vệ thế nào, thì mình cũng chăm sóc khách hàng trọn vẹn y như vậy. Cảm ơn tâm huyết của Thầy và các anh chị BTC lớp học rất nhiều. Lần đầu tiên, Rồi sẽ có nhiều lần tiếp theo, Hẹn gặp lại thầy ở lớp học kế tiếp 🥰 Ps: Trễ so với quy định nhưng là cảm xúc thật của em 🥰🥰🥰🥰🥰",bvqlkhbhnt,BẢO VỆ QUYỀN LỢI KHÁCH HÀNG BẢO HIỂM NHÂN THỌ,https://www.facebook.com/groups/bvqlkhbhnt/,Đỗ Thị Kim Thoa,https://www.facebook.com/snowyfocus12272011,13,5,8,0,0,0,0,0,4,6,https://scontent.fsgn21-1.fna.fbcdn.net/v/t39.30808-6/799170665_39272416255682475_5749997399279014637_n.jpg?stp=dst-jpg_tt6&cstp=mx947x2048&ctp=p552x414&_nc_cat=104&ccb=1-7&_nc_sid=aa7b47&_nc_ohc=ZBlVFpsM5jgQ7kNvwG0F_oQ&_nc_oc=AdplRJE5K8qPibeej4bWlovBaHGDPJh5V-8tDAqliJKxA5umCTXHEoKl7lD-CucMJsE&_nc_zt=23&_nc_ht=scontent.fsgn21-1.fna&_nc_gid=D1kowYSyMtnvdcqT2qGdzg&_nc_ss=7b2a8&oh=00_AQKw9oCTqBsQ1-OFxyR72Ti3kNF3CellIqtQnppf3hQ8bw&oe=6AA591B1|https://scontent.fsgn21-1.fna.fbcdn.net/v/t39.30808-6/798589650_39272353415688759_997420500304339892_n.jpg?stp=dst-jpg_tt6&cstp=mx1077x2337&ctp=p552x414&_nc_cat=103&ccb=1-7&_nc_sid=aa7b47&_nc_ohc=4p9oaCw8ERoQ7kNvwEjaQCE&_nc_oc=Ado4DC4wAV586d5xy0K0WCyKre4Y46uUX_VZL58gTpNPYIEoBmeCKOoXpWsR0HgjPBM&_nc_zt=23&_nc_ht=scontent.fsgn21-1.fna&_nc_gid=D1kowYSyMtnvdcqT2qGdzg&_nc_ss=7b2a8&oh=00_AQL6tu_Nv3lhMn06u4mNZIVasC61JdA9f5WlJPKkyVzlWQ&oe=6AA5AC83|https://scontent.fsgn21-1.fna.fbcdn.net/v/t39.30808-6/799239312_39272416332349134_7754841890347087236_n.jpg?stp=dst-jpg_tt6&cstp=mx1414x2000&ctp=p843x403&_nc_cat=108&ccb=1-7&_nc_sid=aa7b47&_nc_ohc=rjyzpadw2CsQ7kNvwE-XI-J&_nc_oc=AdqF9k4xdEqAI8h6pRDzWBmp4y7QKJofBNqHnzr3rGjVBy3moCvxzsNJPyW5u4AaIiM&_nc_zt=23&_nc_ht=scontent.fsgn21-1.fna&_nc_gid=D1kowYSyMtnvdcqT2qGdzg&_nc_ss=7b2a8&oh=00_AQKxdX5_mCGB9QLU8z336BIGu7hIc3kJul4aq97NIh4T5g&oe=6AA5B32B,
2111010666166735,https://www.facebook.com/groups/boithuongbh/posts/2111010666166735/,2026-09-06,"Công ty mình có mua BHSK cho nhân viên, hợp đồng thứ 1 hết hạn 4/8/2026: hợp đồng 2 được tái tục ngay sau đó từ 5/8/2026. Ngày 22/07)2026 mình có khám ngoại trú và phát sinh chi phí khám + thuốc. Sau khi nộp YCBT với đơn vị BH thì ban đầu bộ phận bồi thường thông báo sẽ không cover phần tiền thuốc cho giai đoạn từ 5/8)2026, mình trao đổi qua lại: - sự kiện bảo hiểm của mình phát sinh ngày 22/07/2026 vẫn thuộc phạm vi hợp đồng 1; - các chi phí khám + thuốc và hoá đơn đỏ đều xuất ngày 20/7 - bộ phận bồi thường lại căn cứ vào số ngày sử dụng thuốc, không căn cứ vào ngày phát sinh sự kiện bẩo hiểm để chi trả và đảm bảo quyền lợi cho người được BH. Sau đó họ có nói là do hợp đồng có tái tục nên họ sẽ cover tiếp nhưng tiền thuốc từ 5/8 thuộc hợp đồng tiếp theo. Mình thỉ cho rằng việc chi trả bồi thường phải căn cứ vào lần khám, ngày phát sinh sự kiện bảo hiểm và số tiền không vượt quá mức chi trả cho 1 lần ngoại trú thì được cover đầy đủ trong hợp đồng cũ. Tại sao hợp đồng không có quy định hay điều khoản hay căn cứ nào thể hiện phần cover theo hạn sử dụng thuốc (30 ngày?) Vậy xin cao kiến các bạn xem đơn vị BH làm vậy đã đúng chưa, ai đã rơi vào TH này và dvi BH vẫn cover trong phạm vi hợp đồng cũ ko?",boithuongbh,BỒI THƯỜNG BẢO HIỂM,https://www.facebook.com/groups/boithuongbh/,Anonymous participant,,8,7,0,0,0,1,0,0,0,40,,
2133246560595479,https://www.facebook.com/groups/tuvanbaohiemnhanthovn/posts/2133246560595479/,2026-09-06,"# **🎊 ĐI LÀM CÓ GÌ VUIII 🎊** # 🎉Là khi bạn được làm việc: 👍🏻 Văn phòng sang xịn mịn 👍🏻 Thời gian làm việc linh hoạt 👍🏻 Được nghỉ T7 & CN, không tăng ca 👍🏻 Được tổ chức đi du lịch, công tác trong và ngoài nước 👍🏻 Môi trường làm việc năng động nhưng chuyên nghiệp 👍🏻 Được bao trà sữa, đồ ăn suốt ngày 👍🏻 Lương cứng 8 - 20tr + thưởng không giới hạn ‼️ APPLY NGAY THUIII‼️ 💐 Địa điểm: Tầng 9, Tòa Geleximco, 36 Hoàng Cầu, Đống Đa, Hà Nội 🌷 Gửi CV: minhfuong.chubb@gmail.com",tuvanbaohiemnhanthovn,Hiệp Hội Tư vấn Bảo hiểm Nhân thọ Việt Nam,https://www.facebook.com/groups/tuvanbaohiemnhanthovn/,Vu Minh Phuong,https://www.facebook.com/vuminhfuong,0,0,0,0,0,0,0,0,0,0,https://scontent.fsgn21-1.fna.fbcdn.net/v/t39.30808-6/789580418_2515490738927449_6021847376245389146_n.jpg?stp=dst-jpg_tt6&cstp=mx2048x1366&ctp=p960x960&_nc_cat=105&ccb=1-7&_nc_sid=aa7b47&_nc_ohc=LpDdqtfnbikQ7kNvwF6ruX5&_nc_oc=Adp5ImfcwPoU-mBHe5YSxVCV_Jyvvdxym3WVEQo85vh3ynG8YfFQBZIfHMbQhFVOYHo&_nc_zt=23&_nc_ht=scontent.fsgn21-1.fna&_nc_gid=uYjwUjqW_nVmQn0zN4VIRA&_nc_ss=7b2a8&oh=00_AQK_hqHKkOGMnIKbBwtDozC7xOO3kb-wzoGTtv7KpWVCuw&oe=6AA58E66|https://scontent.fsgn21-1.fna.fbcdn.net/v/t39.30808-6/794484921_2515490762260780_8926404371788375947_n.jpg?stp=dst-jpg_tt6&cstp=mx2048x1366&ctp=p960x960&_nc_cat=110&ccb=1-7&_nc_sid=aa7b47&_nc_ohc=T6rkheJ9eEAQ7kNvwFU7Kdi&_nc_oc=Adp2DUy4DsvMOnD2BY9CUiKjb1vlqafbznyrLKjBeY_ZSAvzpJtxttzFUnGzB6dnsjo&_nc_zt=23&_nc_ht=scontent.fsgn21-1.fna&_nc_gid=uYjwUjqW_nVmQn0zN4VIRA&_nc_ss=7b2a8&oh=00_AQKvjxTuRZHx8AmU1JDT6vNA5yFVxPtfDN9Bmgtwg1n9dA&oe=6AA5B0EC|https://scontent.fsgn21-1.fna.fbcdn.net/v/t39.30808-6/794328208_2515490742260782_6410636835483603938_n.jpg?stp=dst-jpg_tt6&cstp=mx2048x1366&ctp=p960x960&_nc_cat=105&ccb=1-7&_nc_sid=aa7b47&_nc_ohc=Rn626AUCGpQQ7kNvwFSkfSV&_nc_oc=AdrHjdNonllKU9GPH-R9k11aYvZ6Lmsfumjvht8k4d_4Wgjya1rOOPUR5uFr6fYBMg0&_nc_zt=23&_nc_ht=scontent.fsgn21-1.fna&_nc_gid=uYjwUjqW_nVmQn0zN4VIRA&_nc_ss=7b2a8&oh=00_AQLdmU1ueyois--3czeBeHom5nP91I7oFX-11EUGQdS2-A&oe=6AA5A16A|https://scontent.fsgn21-1.fna.fbcdn.net/v/t39.30808-6/796640947_2515490855594104_9209396650688406300_n.jpg?stp=dst-jpg_tt6&cstp=mx2048x1536&ctp=p960x960&_nc_cat=105&ccb=1-7&_nc_sid=aa7b47&_nc_ohc=CPguimUyytUQ7kNvwEiCh7b&_nc_oc=AdrX7dJ279U4P6MWBT0u-xsG2p7AgVj1KOJ7acZnaz1Qo9gwNXGoSWb6HHjgVuuWFbg&_nc_zt=23&_nc_ht=scontent.fsgn21-1.fna&_nc_gid=uYjwUjqW_nVmQn0zN4VIRA&_nc_ss=7b2a8&oh=00_AQIcbbZS5o06sGNBeJDkpJJxCL0CcZ3d0XCSTvXdpy-ngg&oe=6AA5BD1F|https://scontent.fsgn21-1.fna.fbcdn.net/v/t39.30808-6/791512270_2515491075594082_4580758135300781635_n.jpg?stp=dst-jpg_tt6&cstp=mx2048x1365&ctp=p960x960&_nc_cat=101&ccb=1-7&_nc_sid=aa7b47&_nc_ohc=_BdPzzQTAfgQ7kNvwFR3ZIw&_nc_oc=AdoVk_Y__LP_-9eCufNTaJLZIC5F8Vv4vUQmEtbOwnW_Kt3-J1Aul364hquGWjV3K78&_nc_zt=23&_nc_ht=scontent.fsgn21-1.fna&_nc_gid=uYjwUjqW_nVmQn0zN4VIRA&_nc_ss=7b2a8&oh=00_AQKQXoUIcq8PK2rGnd51qasm7TyEpFLb6rGmSC2ZYdXzVA&oe=6AA5AD03,
2249888692615751,https://www.facebook.com/groups/296975261240447/posts/2249888692615751/,2026-09-06,3 bước tự do tài chính!,296975261240447,REVIEW BẢO HIỂM NHÂN THỌ,https://www.facebook.com/groups/296975261240447/,Van Hien Chu,https://www.facebook.com/van.hien.chu.797809,0,0,0,0,0,0,0,0,0,0,,
2249852789286008,https://www.facebook.com/groups/296975261240447/posts/2249852789286008/,2026-09-06,"12 TRIỆU/THÁNG – CƠ HỘI BỨT PHÁ BẢN THÂN ĐANG GỌI TÊN BẠN! 🚨 Bạn muốn nhiều hơn một công việc chỉ đủ sống? Hãy đến với chúng tôi. Nếu bạn muốn thu nhập tốt hơn, môi trường tốt hơn và một lộ trình sự nghiệp rõ ràng hơn — hãy đọc tiếp! 👇 🔥 AIA TUYỂN CHUYÊN VIÊN TƯ VẤN 💰 HỖ TRỢ KINH DOANH: 12.000.000 VNĐ/THÁNG 💎 THU NHẬP KHÔNG GIỚI HẠN theo kết quả kinh doanh 🎓 ĐƯỢC ĐÀO TẠO TỪ A–Z – chưa có kinh nghiệm vẫn có thể bắt đầu 🤝 Làm việc trong môi trường trẻ – năng động – chuyên nghiệp 🚀 Lộ trình thăng tiến rõ ràng: Chuyên viên → Trưởng nhóm → Quản lý ✨ Bạn sẽ nhận được gì? ✔️ Một nghề nghiệp có thể phát triển lâu dài ✔️ Kỹ năng giao tiếp, tư vấn và xây dựng mối quan hệ ✔️ Cơ hội nâng cao thu nhập theo chính năng lực của mình ✔️ Được đồng hành và đào tạo trong suốt quá trình làm việc 🔥 ĐỪNG CHỈ ĐI TÌM MỘT CÔNG VIỆC — HÃY TÌM MỘT NƠI CÓ THỂ GIÚP BẠN PHÁT TRIỂN. 📍 Địa điểm: Tầng 11, Lotte Liễu Giai, Hà Nội 📞 Liên hệ/Zalo: 0977 548 145 👉 Nếu bạn đang muốn bứt phá trong năm 2026, inbox hoặc gọi ngay. Một cuộc gọi hôm nay có thể mở ra một hướng đi hoàn toàn khác cho bạn. 🚀",296975261240447,REVIEW BẢO HIỂM NHÂN THỌ,https://www.facebook.com/groups/296975261240447/,Khánh Linh,https://www.facebook.com/nguyenthikhanhlinh.03032002,0,0,0,0,0,0,0,0,0,0,,
2249850272619593,https://www.facebook.com/groups/296975261240447/posts/2249850272619593/,2026-09-06,Gãy xương nhưng bảo hiểm từ chối 165 triệu ? Cùng xem cách Hưng hỗ trợ KH lấy lại 165 triệu nhé #viralvideo #baohiemtainan #baohiemnhantho #hotrokhachhang,296975261240447,REVIEW BẢO HIỂM NHÂN THỌ,https://www.facebook.com/groups/296975261240447/,Nguyễn Khánh Hưng,https://www.facebook.com/khanhhung.baohiem,0,0,0,0,0,0,0,0,0,0,,
1621051456145821,https://www.facebook.com/groups/baohiemnhantho.chuyenvien/posts/1621051456145821/,2026-09-06,Gãy xương nhưng bảo hiểm từ chối 165 triệu ? Cùng xem cách Hưng hỗ trợ KH lấy lại 165 triệu nhé #viralvideo #baohiemtainan #baohiemnhantho #hotrokhachhang,baohiemnhantho.chuyenvien,BẢO HIỂM NHÂN THỌ - Hội chuyên viên tư vấn,https://www.facebook.com/groups/baohiemnhantho.chuyenvien/,Nguyễn Khánh Hưng,https://www.facebook.com/khanhhung.baohiem,0,0,0,0,0,0,0,0,0,0,,
1621048299479470,https://www.facebook.com/groups/baohiemnhantho.chuyenvien/posts/1621048299479470/,2026-09-06,"Mình cần tư vấn bảo hiểm Sunlife kèm nội + ngoại trú, mình năm nay 28 tuổi và đã có 1 hợp đồng nhân thọ của Gen ạ. Mình ở SG.",baohiemnhantho.chuyenvien,BẢO HIỂM NHÂN THỌ - Hội chuyên viên tư vấn,https://www.facebook.com/groups/baohiemnhantho.chuyenvien/,Rixk Nguyen,https://www.facebook.com/rixk.nguyen.2024,22,20,2,0,0,0,0,0,0,27,,
2133196390600496,https://www.facebook.com/groups/tuvanbaohiemnhanthovn/posts/2133196390600496/,2026-09-06,"CƠ HỘI VIỆC LÀM LƯƠNG 12 TRIỆU/THÁNG – ĐỪNG BỎ LỠ! 🚨 Đừng chấp nhận một công việc chỉ đủ sống, hãy tìm kiếm sự bứt phá. Nếu bạn muốn thu nhập tốt hơn, môi trường tốt hơn và một lộ trình sự nghiệp rõ ràng hơn — hãy đọc tiếp! 👇 🔥 AIA TUYỂN CHUYÊN VIÊN TƯ VẤN 💰 HỖ TRỢ KINH DOANH: 12.000.000 VNĐ/THÁNG 💎 THU NHẬP KHÔNG GIỚI HẠN theo kết quả kinh doanh 🎓 ĐƯỢC ĐÀO TẠO TỪ A–Z – chưa có kinh nghiệm vẫn có thể bắt đầu 🤝 Làm việc trong môi trường trẻ – năng động – chuyên nghiệp 🚀 Lộ trình thăng tiến rõ ràng: Chuyên viên → Trưởng nhóm → Quản lý ✨ Bạn sẽ nhận được gì? ✔️ Một nghề nghiệp có thể phát triển lâu dài ✔️ Kỹ năng giao tiếp, tư vấn và xây dựng mối quan hệ ✔️ Cơ hội nâng cao thu nhập theo chính năng lực của mình ✔️ Được đồng hành và đào tạo trong suốt quá trình làm việc 🔥 ĐỪNG CHỈ ĐI TÌM MỘT CÔNG VIỆC — HÃY TÌM MỘT NƠI CÓ THỂ GIÚP BẠN PHÁT TRIỂN. 📍 Địa điểm: Tầng 11, Lotte Liễu Giai, Hà Nội 📞 Liên hệ/Zalo: 0977 548 145 👉 Nếu bạn đang muốn bứt phá trong năm 2026, inbox hoặc gọi ngay. Một cuộc gọi hôm nay có thể mở ra một hướng đi hoàn toàn khác cho bạn. 🚀",tuvanbaohiemnhanthovn,Hiệp Hội Tư vấn Bảo hiểm Nhân thọ Việt Nam,https://www.facebook.com/groups/tuvanbaohiemnhanthovn/,Khánh Linh,https://www.facebook.com/nguyenthikhanhlinh.03032002,0,0,0,0,0,0,0,0,0,0,,
28633297209616014,https://www.facebook.com/groups/congdongtuvanvienbaohiem/posts/28633297209616014/,2026-09-06,Gói bảo hiểm gia đình 4 người có gì? #tinbaohiem24h #baohiem #baohiemxahoi,congdongtuvanvienbaohiem,Cộng đồng Tư vấn viên bảo hiểm,https://www.facebook.com/groups/congdongtuvanvienbaohiem/,Tin Bảo Hiểm 24H,https://www.facebook.com/profile.php?id=61593802362854,0,0,0,0,0,0,0,0,0,0,,
1621033342814299,https://www.facebook.com/groups/baohiemnhantho.chuyenvien/posts/1621033342814299/,2026-09-06,Gói bảo hiểm gia đình 4 người có gì? #tinbaohiem24h #baohiem #baohiemxahoi,baohiemnhantho.chuyenvien,BẢO HIỂM NHÂN THỌ - Hội chuyên viên tư vấn,https://www.facebook.com/groups/baohiemnhantho.chuyenvien/,Tin Bảo Hiểm 24H,https://www.facebook.com/profile.php?id=61593802362854,0,0,0,0,0,0,0,0,0,0,,
1749274809613176,https://www.facebook.com/groups/hoireviewbaohiem/posts/1749274809613176/,2026-09-06,"NHỜ MỌI NGƯỜI TƯ VẤN VỀ VIỆC CHẬM GIẢI QUYẾT QUYỀN LỢI BẢO HIỂM Mình tham gia bảo hiểm nhân thọ được 8 tháng thì xảy ra sự kiện bảo hiểm. Mình đã thực hiện đầy đủ nghĩa vụ theo hợp đồng và nộp đầy đủ hồ sơ theo yêu cầu của công ty bảo hiểm. Tuy nhiên, đến nay đã hơn 2 tháng kể từ thời điểm nộp hồ sơ, mình vẫn chưa nhận được quyết định giải quyết quyền lợi bảo hiểm cũng như một mốc thời gian cụ thể về việc chi trả. Mình đã chủ động liên hệ và phản ánh nhiều lần. Phía công ty chỉ thông báo “vui lòng tiếp tục chờ”, nhưng chưa cung cấp cho mình văn bản giải thích rõ lý do hồ sơ bị kéo dài hoặc thời hạn dự kiến hoàn tất. Mình muốn xin kinh nghiệm của mọi người: 1. Theo quy định pháp luật và điều khoản hợp đồng, thời hạn doanh nghiệp bảo hiểm phải giải quyết yêu cầu bồi thường/chi trả quyền lợi trong trường hợp này là bao lâu? 2. Nếu quá thời hạn mà công ty vẫn chưa giải quyết thì khách hàng có quyền yêu cầu công ty trả lời bằng văn bản và nêu rõ căn cứ, lý do chậm giải quyết hay không? 3. Trong trường hợp công ty tiếp tục yêu cầu chờ nhưng không đưa ra thời hạn cụ thể, mình nên thực hiện quy trình khiếu nại như thế nào và có thể gửi phản ánh đến cơ quan quản lý nhà nước nào? 4. Có anh/chị nào từng gặp trường hợp tham gia chưa lâu nhưng phát sinh sự kiện bảo hiểm, sau đó hồ sơ bị kéo dài thời gian thẩm định trên 2 tháng, và cuối cùng đã được giải quyết không? Mong mọi người chia sẻ kinh nghiệm thực tế. Mong mọi người có am hiểu về pháp luật bảo hiểm hoặc đã từng trực tiếp xử lý hồ sơ tương tự, rất mong được hướng dẫn cụ thể.",hoireviewbaohiem,REVIEW BẢO HIỂM,https://www.facebook.com/groups/hoireviewbaohiem/,Nguyễn Vân,https://www.facebook.com/nguyen.van.610868,7,7,0,0,0,0,0,0,0,26,,
1749460212927969,https://www.facebook.com/groups/hoireviewbaohiem/posts/1749460212927969/,2026-09-06,"Đã bị chấm dứt hợp đồng vì không kê khai bệnh trước khi ký mua hợp đồng bảo hiểm Xin chào mọi người Đây là TH của ba em, ba em mua BH MB vào năm 2023 khi mua HĐ để bổ trợ cho khoản vay ngân hàng. Khi mua thì có ba mẹ, do lớn tuổi với trước giờ cũng không rành các chứng từ giấy tờ. HĐ này đã đóng được 4 năm, mỗi năm khoảng 22tr Tháng 7/2027 ba em phát hiện K đại tràng giai đoạn II Đã mổ tại bệnh viện Tâm Anh Sau khi làm hồ sơ giải quyết quyền lời thì được BH Mail lại kết quả như này. Thật sự là rất buồn nhưng đúng là tình ngay lý gian, GĐ cũng không biết phải nói như thế nào. Vì sau khi được bên Cty Bh mail vì lý do như thế thì GĐ mới tá hoả mà phát hiện lại lịch sự khám chữa bệnh của Bảo Hiểm Y Tế thì thấy trên lịch sự ba đã rất rất nhiều lần đi lấy thuốc tại cơ sở y tế, mà gia đình hoàn toàn không biết trước đó. Sau 1 hồi bàn bạc lại gđ thì biết được nguyên nhân xuất phát từ gia đình nên cũng không thể làm lớn chuyện được. Nên gia đình đã chấp nhận việc chấm dứt hợp đồng bảo hiểm của ba. NHƯNG MỌI NGƯỜI Ở ĐÂY CHO EM HỎI, VÌ EM CÒN 1 HĐ BH CỦA MẸ, MẸ THAM GIA DAICHI VÀ THAM GIA VÀO THÁNG 10/2020 Sau trường hợp của ba, thì phát hiện BHYT của mẹ cũng bị y chang ba, mong mọi người ở đây cho em 1 hướng đi giải quyết tốt nhất trong thời điểm này ạ.",hoireviewbaohiem,REVIEW BẢO HIỂM,https://www.facebook.com/groups/hoireviewbaohiem/,Trương Huỳnh Trúc Vi,https://www.facebook.com/trucvi.truonghuynh,140,131,5,1,2,0,1,0,35,167,https://scontent.fsgn21-1.fna.fbcdn.net/v/t39.30808-6/797754742_2845507579140879_2370434839633903658_n.jpg?stp=dst-jpg_tt6&cstp=mx1320x1698&ctp=p960x960&_nc_cat=102&ccb=1-7&_nc_sid=aa7b47&_nc_ohc=wXzUWSSu7CgQ7kNvwFqiu0i&_nc_oc=AdrafEvm0EzsFitZ3Jsi1JkzDf1tM8b2ilakMfcZyeTfOsig0CelzWyxDsG9b2YkhgU&_nc_zt=23&_nc_ht=scontent.fsgn21-1.fna&_nc_gid=L8AQnVm5akNsiKfZqALgyw&_nc_ss=7b2a8&oh=00_AQJmzPBjKV6p3gJAeDyw8_Sb32WnmNdlYdiJEH_-1owwqg&oe=6AA5AC21|https://scontent.fsgn21-1.fna.fbcdn.net/v/t39.30808-6/798041913_2845507812474189_1702140564660963259_n.jpg?stp=dst-jpg_tt6&cstp=mx1171x1400&ctp=s1080x2048&_nc_cat=105&ccb=1-7&_nc_sid=aa7b47&_nc_ohc=ggwVmPaTg8gQ7kNvwHdzrZq&_nc_oc=AdpNtC4yRPHEAR3ArnjyXid1HgJOEPcLM6ekqueYOutAehKas4TrBn_wiMOXbyAZtpY&_nc_zt=23&_nc_ht=scontent.fsgn21-1.fna&_nc_gid=L8AQnVm5akNsiKfZqALgyw&_nc_ss=7b2a8&oh=00_AQJl6_7cEXI1JbkcPr90ToUofMripDq7g1vtEFUQEpxdsQ&oe=6AA5B16A|https://scontent.fsgn21-1.fna.fbcdn.net/v/t39.30808-6/797798978_2845507875807516_8523650372014892687_n.jpg?stp=dst-jpg_tt6&cstp=mx943x2048&ctp=p552x414&_nc_cat=109&ccb=1-7&_nc_sid=aa7b47&_nc_ohc=hnrKuHOUMw4Q7kNvwH_32WK&_nc_oc=AdqubJf1tGxJoZ4NoM3XvLiF9Y--285yqH5JIjk27y1QYtaLBwvXIiPuHElqXC0Jv08&_nc_zt=23&_nc_ht=scontent.fsgn21-1.fna&_nc_gid=L8AQnVm5akNsiKfZqALgyw&_nc_ss=7b2a8&oh=00_AQLh2tvEtxU3wsn-7_wCCJS-dMl3UvoTZXogeiaf_IHrXg&oe=6AA5BE93|https://scontent.fsgn21-1.fna.fbcdn.net/v/t39.30808-6/797653420_2845507825807521_3954864998413363436_n.jpg?stp=dst-jpg_tt6&cstp=mx943x2048&ctp=p552x414&_nc_cat=104&ccb=1-7&_nc_sid=aa7b47&_nc_ohc=JSUSBE7s_dsQ7kNvwEicN1M&_nc_oc=AdoJU9uxCSH-vGjbN0Mip1YsdxTBNDEhZ_tXPrSR2_-eMIv7f-6-tAdQ6ryEm8IB51M&_nc_zt=23&_nc_ht=scontent.fsgn21-1.fna&_nc_gid=L8AQnVm5akNsiKfZqALgyw&_nc_ss=7b2a8&oh=00_AQIn5O01Rh3jkGy03-Ydx1HcmaBk2N615t2Hb9_4b6GG9A&oe=6AA59260|https://scontent.fsgn21-1.fna.fbcdn.net/v/t39.30808-6/797914103_2845507905807513_8265013002831833343_n.jpg?stp=dst-jpg_tt6&cstp=mx943x2048&ctp=p552x414&_nc_cat=104&ccb=1-7&_nc_sid=aa7b47&_nc_ohc=D_87tUOcDugQ7kNvwFxUTmm&_nc_oc=AdoB3VfUGjVyJQ8zEtSd6XYYcQwCfOPcBg5-D-i6HA8WbhXcWq963jkm9orjxVgx0Hc&_nc_zt=23&_nc_ht=scontent.fsgn21-1.fna&_nc_gid=L8AQnVm5akNsiKfZqALgyw&_nc_ss=7b2a8&oh=00_AQINeu--D_JvurlZwdS8wN3pUr5ZGy8WTyOg_DKlqHRUEg&oe=6AA5A895,
1749988549541802,https://www.facebook.com/groups/hoireviewbaohiem/posts/1749988549541802/,2026-09-06,"Vì ít kinh nghiệm nên nhờ anh chị tư vấn dùm ạ. Hiện em đang tham gia gói Bảo An Toàn Diện 2020 của Gen ( tổng đã đóng 10 năm) do tham gia 4 năm thì bên Gen yêu cầu đổi hợp đồng gì đó em ko còn nhớ, phí em đóng khoảng 22tr/1 năm. Tuy nhiên nhu cầu của em chỉ là bhtn cùng với các bảo hiểm bệnh hiểm nghèo , vì bhsk của em đã tham gia với công ty có chế độ cao rồi thì gói này còn phù hợp với em k ạ. Em đang muốn đổi sang AIA khoảng 15tr/1 năm.",hoireviewbaohiem,REVIEW BẢO HIỂM,https://www.facebook.com/groups/hoireviewbaohiem/,Mm4325,,6,6,0,0,0,0,0,0,0,6,,
1750022132871777,https://www.facebook.com/groups/hoireviewbaohiem/posts/1750022132871777/,2026-09-06,"Bảo hiểm sức khỏe cho bé 2 tuổi nào thì tốt về giá và quyền lợi ạ Mình cần quyền lợi ngoại trú 10-15tr/năm, bệnh viện công",hoireviewbaohiem,REVIEW BẢO HIỂM,https://www.facebook.com/groups/hoireviewbaohiem/,RelaxingPapaya8555,,25,19,5,1,0,0,0,0,1,37,,
1750051906202133,https://www.facebook.com/groups/hoireviewbaohiem/posts/1750051906202133/,2026-09-06,"Giữa Sun và Gen cái nào quyền lợi tốt hơn ạ. Mình thấy đều chi trả âm tính, nhưng phí Sun lại rẻ hơn. Ko biết là cả 2 có ưu nhược điểm gì không mà lại có sự khác biệt như thế ạ",hoireviewbaohiem,REVIEW BẢO HIỂM,https://www.facebook.com/groups/hoireviewbaohiem/,KnowledgeableLynx7721,,11,11,0,0,0,0,0,0,1,37,,
1750211549519502,https://www.facebook.com/groups/hoireviewbaohiem/posts/1750211549519502/,2026-09-06,Em chào m.ng ạ. Chuyện là em có bảo hiểm của Bảo Việt và đang làm claim trên app. app ở trạng thái yêu cầu nộp hồ sơ gốc bản cứng để đối chiếu. Em đã gửi bưu điện ship đến bảo việt cơ sở Hà Nội rồi và thư báo của bưu điện đã báo là đã gửi vào ngày 28/8 thành công rồi. mà em vẫn chưa thấy app em thay đổi trạng thái gì... app vẫn giữ nguyên trạng thái là yêu cầu nộp hồ sơ gốc bản cứng. hịc e lo quá k biết đã gửi đến Bảo Việt hay chưa vì hồ sơ gốc thì chỉ có 1 bản mà cũng k biết bảo Việt đã nhận đc chưa nữa. m.ng tư vấn e với e nên liên lạc với hotline hỏi hay là nên làm bước gì tiếp theo ạ. :( cũng 1 tuần sau khi e gửi hồ sơ gốc rùi ....,hoireviewbaohiem,REVIEW BẢO HIỂM,https://www.facebook.com/groups/hoireviewbaohiem/,Anonymous participant,,4,2,2,0,0,0,0,0,0,9,,
1750259272848063,https://www.facebook.com/groups/hoireviewbaohiem/posts/1750259272848063/,2026-09-06,Cần báo giá bảo hiểm pti,hoireviewbaohiem,REVIEW BẢO HIỂM,https://www.facebook.com/groups/hoireviewbaohiem/,KnowledgeableLlama5349,,2,2,0,0,0,0,0,0,0,1,,
1749554469585210,https://www.facebook.com/groups/hoireviewbaohiem/posts/1749554469585210/,2026-09-06,"Một buổi zoom thành công sau bao ngày bận rộn làm slide, khớp zoom, chỉnh sửa và tổng hợp của các ace trong Team Tinh Hoa. Điều thành công nhất mà mình nhận thấy trong buổi zoom Review lan tỏa 3 lại là việc ... ĐẬP VỠ & TÁI TẠO LẠI NHÌN NHẬN CỦA nhiều KH, cũng như chính sự nhầm tưởng về SP thẻ SK các nhà của Tvv. Hi vọng với tóm tắt ngắn gọn trong 10ph của từng nhà BH Sun - Man - Gen - Dai - AIA sẽ có ích cho mọi người. ❤️ Cảm ơn BQT Review Bảo Hiểm ❤️ Cảm ơn Admin Thùy Bích ❤️ Cảm ơn Thanh Thanh Pham Phạm Quốc Công đã tin tưởng và luôn sát cánh cùng ace mọi lúc. ❤️ Cảm ơn tất cả ace chúng ta Nguyễn Thị Kim Ngân Sơn Linh Bùi Bùi Quang Vĩnh Hồng Nhung đã cùng nhau tạo nên buổi tối đầy hào hứng này ❤️ ĐẶC BIỆT CẢM ƠN TẤT CẢ ACE TVV & KH CỦA REVIEW BẢO HIỂM ĐÃ DÀNH TGIAN QUÝ BÁU CHO CHƯƠNG TRÌNH. TKS ALL! 👉Mọi người cần thông tin chính xác về các SP thì đừng bỏ qua Team Tinh Hoa tụi em nha 🥰 P/s: Bác nào cần file tổng hợp của 5 nhà tối nay thì ib cho Admin nhé ạ 🤩 #ReviewBaoHiem #ReviewLanToa #TVTH778 Nguyễn Thảo Generali",hoireviewbaohiem,REVIEW BẢO HIỂM,https://www.facebook.com/groups/hoireviewbaohiem/,Nguyễn Thảo Generali,https://www.facebook.com/nguyen.thao.generali,14,10,3,1,0,0,0,0,0,7,https://scontent.fsgn21-1.fna.fbcdn.net/v/t39.99422-6/793028113_946143311181307_6529587311791006107_n.png?stp=dst-jpg_tt6&cstp=mx2048x1067&ctp=p640x640&_nc_cat=111&ccb=1-7&_nc_sid=aa7b47&_nc_ohc=YmfMlZSB0t8Q7kNvwFN7mgY&_nc_oc=AdrEfeuxzfyE5kOMEyQV_rwEffjpwN2XgDxXrUSoGdkPCa_DT94OwrOXlz0gIoZHZrU&_nc_zt=14&_nc_ht=scontent.fsgn21-1.fna&_nc_gid=SBHR8TUZ_y3dvVDNoMYLYA&_nc_ss=7b2a8&oh=00_AQIe28JKAy2yWN5oJnaGKTHlBj55xvTlzcO8OLJQVbEIBQ&oe=6AA5C099|https://scontent.fsgn21-1.fna.fbcdn.net/v/t39.99422-6/797957466_1772687293779484_3898071985867462072_n.png?stp=dst-jpg_tt6&cstp=mx2048x1313&ctp=p960x960&_nc_cat=102&ccb=1-7&_nc_sid=aa7b47&_nc_ohc=tzZ8DhKZNlwQ7kNvwFL6nWP&_nc_oc=Adroj7R2nj3YDNw8qjbtVBvohmsoLLpidAo2xwesbe096_aTwLj3KDSFnbVW3PimQzA&_nc_zt=14&_nc_ht=scontent.fsgn21-1.fna&_nc_gid=SBHR8TUZ_y3dvVDNoMYLYA&_nc_ss=7b2a8&oh=00_AQKjXp2orygXxavg0UM0laJt4mdy6pDKhBYQUr916ENudg&oe=6AA5B229|https://scontent.fsgn21-1.fna.fbcdn.net/v/t39.99422-6/793543719_1085073364025418_5722753055116013195_n.png?stp=dst-jpg_tt6&cstp=mx1280x640&ctp=p590x590&_nc_cat=101&ccb=1-7&_nc_sid=aa7b47&_nc_ohc=0Qu-x0R5UkMQ7kNvwEbfTMq&_nc_oc=AdrtM7EQ0vJ3y4lrXDHZUQG-BiDTJ4OeuwF1eIB0N6VMhgnsgyk0O0np-YtrxApPFHk&_nc_zt=14&_nc_ht=scontent.fsgn21-1.fna&_nc_gid=SBHR8TUZ_y3dvVDNoMYLYA&_nc_ss=7b2a8&oh=00_AQJrOYAaHpe1OMOZrD0bl-IO2E3UwQE6SuSdRA2Pm_F6OA&oe=6AA5BF72|https://scontent.fsgn21-1.fna.fbcdn.net/v/t39.99422-6/795609286_1764109471295645_7237252797667406347_n.png?stp=dst-jpg_tt6&cstp=mx1426x676&ctp=p565x565&_nc_cat=103&ccb=1-7&_nc_sid=aa7b47&_nc_ohc=7meed3Y9vpoQ7kNvwFPT3M2&_nc_oc=Adp3C82_kuzijDVqICfxF-PUKsAEycsw6TPslByDAxt5T8LnPjc5aZXvswSbuDAVTM0&_nc_zt=14&_nc_ht=scontent.fsgn21-1.fna&_nc_gid=SBHR8TUZ_y3dvVDNoMYLYA&_nc_ss=7b2a8&oh=00_AQIAf5DPtVIMF-M5io4Rgkn-Qj1lC_BXHBGvgpm4gkDuXA&oe=6AA5AB13,
1750055806201743,https://www.facebook.com/groups/hoireviewbaohiem/posts/1750055806201743/,2026-09-06,"“Nếu đã dự định mua bảo hiểm trong năm nay, có một lý do khiến bạn nên xem lại thời điểm tham gia.” “Nếu đã dự định mua bảo hiểm trong năm nay, có một lý do khiến bạn nên xem lại thời điểm tham gia.” Không phải vì mua bảo hiểm để lấy quà. Mà vì nếu nhu cầu bảo vệ đã có sẵn, thì cùng một quyết định đó, giai đoạn này khách hàng đủ điều kiện còn có thêm cơ hội tham gia chương trình quay số kỷ niệm 20 năm Dai-ichi Life. 🔥 20 TRIỆU PHÍ THỰC ĐÓNG KỲ ĐẦU = 01 MÃ DỰ THƯỞNG Giải thưởng có Mazda CX-8, SH Mode 125, iPhone 17 Pro và nhiều quà tặng khác. Bảo hiểm là câu chuyện dài hạn. Quà tặng chỉ là niềm vui cộng thêm. ❤️ #BaoHiemNhanTho #DaiichiLife #TuVanBaoHiem #BaoHiemSucKhoe #LeThuyBaoHiem #GDD9",hoireviewbaohiem,REVIEW BẢO HIỂM,https://www.facebook.com/groups/hoireviewbaohiem/,Lệ Thủy,https://www.facebook.com/lethuybaohiem3368,4,3,1,0,0,0,0,0,0,35,https://scontent.fsgn21-1.fna.fbcdn.net/v/t39.30808-6/788822260_4397681120364600_1227924671965491321_n.jpg?stp=dst-jpg_tt6&cstp=mx1880x1880&ctp=s1880x1880&_nc_cat=104&ccb=1-7&_nc_sid=aa7b47&_nc_ohc=1FkhNI4Ac60Q7kNvwHur65e&_nc_oc=Adp2dHbVulFJeUKPAkr01w17dy7_hSEL0dzyElVBrDBKd0W21ylK9TgRUB9Hb7o09Wo&_nc_zt=23&_nc_ht=scontent.fsgn21-1.fna&_nc_gid=YfK8uOmsRZtYMiED-UeTMg&_nc_ss=7b2a8&oh=00_AQLu_nKRknKeb1Q-fqqiGUuU6mAKDkPkAz8qTs_NtqQTAA&oe=6AA5BE5F|https://scontent.fsgn21-1.fna.fbcdn.net/v/t39.30808-6/798117520_4397681170364595_6732224180259294406_n.jpg?stp=dst-jpg_tt6&cstp=mx1080x1080&ctp=s1080x1080&_nc_cat=111&ccb=1-7&_nc_sid=aa7b47&_nc_ohc=f9j5Qu2h9yUQ7kNvwE8zxN7&_nc_oc=AdrCQjqT2ih_hTStoMuYPrsFfeLLLgkuQshocRTkL5gGqksCIzMs5zQTAGKXSCW41LY&_nc_zt=23&_nc_ht=scontent.fsgn21-1.fna&_nc_gid=YfK8uOmsRZtYMiED-UeTMg&_nc_ss=7b2a8&oh=00_AQIjpu3EjFrJiX3FXmJvB-NrRlfTT51WIrA_cu7XPLYc5A&oe=6AA59ADE|https://scontent.fsgn21-1.fna.fbcdn.net/v/t39.30808-6/790491151_4397681270364585_6264728578015291219_n.jpg?stp=dst-jpg_tt6&cstp=mx2048x2048&ctp=s2048x2048&_nc_cat=104&ccb=1-7&_nc_sid=aa7b47&_nc_ohc=wMCp6AlEFZwQ7kNvwFoy58m&_nc_oc=AdqNlXpVUalRsM5AYWDeQj6KuDkyk8MPqpfwvixQ7ur1LHnsb1b5xVhg1r799hcw8uQ&_nc_zt=23&_nc_ht=scontent.fsgn21-1.fna&_nc_gid=YfK8uOmsRZtYMiED-UeTMg&_nc_ss=7b2a8&oh=00_AQIoS714w49QhB2-TZ0ldlLLjbfFl8CLFQ4IeNkxV_FGbQ&oe=6AA5C056|https://scontent.fsgn21-1.fna.fbcdn.net/v/t39.30808-6/797873362_4397681307031248_7118464664532885329_n.jpg?stp=dst-jpg_tt6&cstp=mx1080x1350&ctp=p960x960&_nc_cat=104&ccb=1-7&_nc_sid=aa7b47&_nc_ohc=O_J-b9kV4jgQ7kNvwE6A4wb&_nc_oc=Adpv6rz0augKJ8lciw_Tq-fm9EgShfXM1Oa6084m0XIv67MsnpSKk7H2UtQJKwbcaCA&_nc_zt=23&_nc_ht=scontent.fsgn21-1.fna&_nc_gid=YfK8uOmsRZtYMiED-UeTMg&_nc_ss=7b2a8&oh=00_AQImI_aj8rdXCUaXUj2gdUXVmZ2dGOYueV5dk3zQQRHiTA&oe=6AA58E61,
2249791802625440,https://www.facebook.com/groups/296975261240447/posts/2249791802625440/,2026-09-06,"Bài 21: Trước khi mua bảo hiểm, hãy nhớ việc này! #dinhthichinh #baohiemnhanthoaia #giadinh #cuocsong",296975261240447,REVIEW BẢO HIỂM NHÂN THỌ,https://www.facebook.com/groups/296975261240447/,Đinh Thị Chính,https://www.facebook.com/inhthichinh.210095,0,0,0,0,0,0,0,0,0,0,,
2110889822845486,https://www.facebook.com/groups/boithuongbh/posts/2110889822845486/,2026-09-06,"chị KH nhận tổng 340 triệu đến hiện tại sau hơn 3 năm điều trị K Zú. toàn bộ phí đóng HĐ hơn 23 triệu/năm dc Manulife đóng hộ 12 năm, mọi quyền lợi duy trì đảm bảo Giá trị của bảo hiểm là đây Chi tiết ở cmt 👇🏻👇🏻👇🏻",boithuongbh,BỒI THƯỜNG BẢO HIỂM,https://www.facebook.com/groups/boithuongbh/,Hoàng Linh,https://www.facebook.com/hoang.t.linh.16,5,5,0,0,0,0,0,0,0,0,,
2133141847272617,https://www.facebook.com/groups/tuvanbaohiemnhanthovn/posts/2133141847272617/,2026-09-06,Thành tiếp tục tuyển dụng tháng 9 ạ!!!,tuvanbaohiemnhanthovn,Hiệp Hội Tư vấn Bảo hiểm Nhân thọ Việt Nam,https://www.facebook.com/groups/tuvanbaohiemnhanthovn/,Quan Thành,https://www.facebook.com/sley.king.5203,0,0,0,0,0,0,0,0,0,0,,
2249685002636120,https://www.facebook.com/groups/296975261240447/posts/2249685002636120/,2026-09-06,,296975261240447,REVIEW BẢO HIỂM NHÂN THỌ,https://www.facebook.com/groups/296975261240447/,Hiểu Đúng Về Dai-ichi Life,https://www.facebook.com/profile.php?id=61591701423691,0,0,0,0,0,0,0,0,0,0,,
28630978809847854,https://www.facebook.com/groups/congdongtuvanvienbaohiem/posts/28630978809847854/,2026-09-06,"Góc cảnh tỉnh, cẩn thận đào lửa khắp nơi mảng bảo hiểm TNDS nhé ace. Hắn chuyên đi lừa đại lý bảo hiểm cấp đơn, thu tiền và không trả về công ty. Hắn ở KV HCM, hắn lấy Công ty MINH THÔNG để làm nền đi đào lửa chiếm dụng phí, đã bị công ty bảo hiểm hiểm & doanh nghiệp truy tố. Nay hắn chuyển ra miền trung, bắc tìm các thương hiệu bảo hiểm chưa va chạm để cố tình bày vẻ để hợp tác. Hắn sau khi tìm được đơn vị cấp đơn sau đó tìm đại lý và đưa % cao để cấp đơn. Sau đó thu tiền & yểm luôn. ACE cẩn thận nhé, ko có gì là cho ko và miễn phí đâu.",congdongtuvanvienbaohiem,Cộng đồng Tư vấn viên bảo hiểm,https://www.facebook.com/groups/congdongtuvanvienbaohiem/,RadiantTangerine3946,,1,1,0,0,0,0,0,0,0,1,https://scontent.fsgn21-1.fna.fbcdn.net/v/t39.30808-6/798800572_1588667412611908_4947103987151732902_n.jpg?stp=cp6_dst-jpg_tt6&cstp=mx442x960&ctp=s442x960&_nc_cat=102&ccb=1-7&_nc_sid=aa7b47&_nc_ohc=jmzrYh7pJqsQ7kNvwEImBQ8&_nc_oc=AdpTXFEk-onoSz3LFwpZNeh9GZt6tqTa-MUf4RGFfAoXNzdBRfsO5PA7ImiA49yOHgI&_nc_zt=23&_nc_ht=scontent.fsgn21-1.fna&_nc_gid=fO6jUXxhFFDf-U8o8iJwlg&_nc_ss=7b2a8&oh=00_AQLff4aVL1S0NU8YDRgzZPs4IzVjGbf2VbnLyH9a7HLpCQ&oe=6AA59D62|https://scontent.fsgn21-1.fna.fbcdn.net/v/t39.30808-6/797959008_1588667415945241_695994698705812478_n.jpg?stp=dst-jpg_tt6&cstp=mx444x960&ctp=s444x960&_nc_cat=104&ccb=1-7&_nc_sid=aa7b47&_nc_ohc=qwkk7Duu2rEQ7kNvwH2j9vW&_nc_oc=AdrKwXmyJlZNN-t5L7lpOqNAVbglMQok05Cuzic6EXQ8I5qn6478cz55dljj_x0NvNQ&_nc_zt=23&_nc_ht=scontent.fsgn21-1.fna&_nc_gid=fO6jUXxhFFDf-U8o8iJwlg&_nc_ss=7b2a8&oh=00_AQL5pXXdq-nhVu6CgcM69W1jVYKXFjPYHGxf8hIcG8TiMg&oe=6AA58EC5|https://scontent.fsgn21-1.fna.fbcdn.net/v/t39.30808-6/793204054_1588667475945235_8691016554150873691_n.jpg?stp=cp6_dst-jpg_tt6&cstp=mx960x528&ctp=s960x528&_nc_cat=103&ccb=1-7&_nc_sid=aa7b47&_nc_ohc=o5PpLf8d_GsQ7kNvwHpBHFj&_nc_oc=AdpJtob6tA0dez9dn4SUKs-vjDcwUzwCH-ylseEd2_iFFNIaIFpV8GZ6gLwRnUI7lF4&_nc_zt=23&_nc_ht=scontent.fsgn21-1.fna&_nc_gid=fO6jUXxhFFDf-U8o8iJwlg&_nc_ss=7b2a8&oh=00_AQKp_IAXzYJhinljN46lntWQUIDAu98jziCHgyufgskpag&oe=6AA5BA28|https://scontent.fsgn21-1.fna.fbcdn.net/v/t39.30808-6/797843699_1588667479278568_7211336071916951817_n.jpg?stp=dst-jpg_tt6&cstp=mx442x960&ctp=s442x960&_nc_cat=110&ccb=1-7&_nc_sid=aa7b47&_nc_ohc=IXdePIOzuB0Q7kNvwF67Z5x&_nc_oc=AdomdtnmUfo_4ErfM7ufiR5xbeiXmdH9HdbjJp6PX5c_Xb8dbLLStv70rJ5iByxvUEg&_nc_zt=23&_nc_ht=scontent.fsgn21-1.fna&_nc_gid=fO6jUXxhFFDf-U8o8iJwlg&_nc_ss=7b2a8&oh=00_AQJxMazIW2v8M8qEUYj6tJAT9FV160w7SOrEhDpzqLtB5g&oe=6AA5B21A,
28630651576547244,https://www.facebook.com/groups/congdongtuvanvienbaohiem/posts/28630651576547244/,2026-09-06,,congdongtuvanvienbaohiem,Cộng đồng Tư vấn viên bảo hiểm,https://www.facebook.com/groups/congdongtuvanvienbaohiem/,Nguyễn Thị Cẩm Nhung,https://www.facebook.com/nhung1633,0,0,0,0,0,0,0,0,0,0,,
2249622635975690,https://www.facebook.com/groups/296975261240447/posts/2249622635975690/,2026-09-06,"❗ NẾU ĐÃ DỰ ĐỊNH MUA BẢO HIỂM TRONG NĂM 2026, CÓ MỘT LÝ DO ĐỂ MÌNH CÂN NHẮC THỜI ĐIỂM THAM GIA. Không phải vì mua bảo hiểm để lấy quà. Mà bởi nếu nhu cầu bảo vệ đã có sẵn, thì trong giai đoạn này, hợp đồng đủ điều kiện còn có thêm cơ hội tham gia chương trình quay số kỷ niệm 20 năm Dai-ichi Life. 🎯 20 TRIỆU ĐỒNG PHÍ THỰC ĐÓNG KỲ ĐẦU = 01 MÃ DỰ THƯỞNG. Với 2.000 giải thưởng, tổng giá trị gần 12 tỷ đồng, nổi bật có: 🚘 Mazda CX-8 🛵 SH Mode 125 📱 iPhone 17 Pro 256GB Thủy vẫn giữ nguyên nguyên tắc khi tư vấn: Bảo hiểm phải phù hợp nhu cầu và khả năng tài chính trước. Quà tặng hay mã dự thưởng chỉ là niềm vui cộng thêm. Ai đang tìm hiểu bảo hiểm nhân thọ Dai-ichi, bảo hiểm sức khỏe, bảo hiểm cho con hoặc giải pháp bảo vệ tài chính gia đình, có thể nhắn Thủy để được phân tích kỹ trước khi quyết định. ❤️ Lệ Thủy Bảo Hiểm | Giám đốc Ban Kinh Doanh TOT 2026 | Top 0,1% tư vấn tài chính xuất sắc toàn cầu 📲 Zalo tư vấn: 0971 093 368 📍 Văn phòng: Tòa nhà 7A Lam Sơn, TP.HCM #BaoHiemNhanTho #DaiichiLife #BaoHiemSucKhoe #TuVanBaoHiem #LeThuyBaoHiem",296975261240447,REVIEW BẢO HIỂM NHÂN THỌ,https://www.facebook.com/groups/296975261240447/,Lệ Thủy - Bảo Hiểm Thai Sản,https://www.facebook.com/lethuybaohiemdulich,0,0,0,0,0,0,0,0,0,0,https://scontent.fsgn21-1.fna.fbcdn.net/v/t39.30808-6/798038995_122165760602726460_7795386571874726790_n.jpg?stp=dst-jpg_tt6&cstp=mx1080x1080&ctp=s1080x1080&_nc_cat=111&ccb=1-7&_nc_sid=aa7b47&_nc_ohc=j3dgMX3F6GoQ7kNvwGvNKe5&_nc_oc=AdonyBkyOjM7uVE2GXATrSWn5fudzW27tSknzLnw-4jVmSXlQEHN7AsB8vEB36Vm15c&_nc_zt=23&_nc_ht=scontent.fsgn21-1.fna&_nc_gid=kgrEaaqZvcppdadWkv44jQ&_nc_ss=7b2a8&oh=00_AQLhSlPGioBMHcgeqcvQVZL5iubK5MGqkSjlnVPiuEl0Aw&oe=6AA5B412|https://scontent.fsgn21-1.fna.fbcdn.net/v/t39.30808-6/796747251_122165760644726460_2023881565341344524_n.jpg?stp=dst-jpg_tt6&cstp=mx1080x1350&ctp=p960x960&_nc_cat=103&ccb=1-7&_nc_sid=aa7b47&_nc_ohc=6WEmpEZDEscQ7kNvwFwJAUZ&_nc_oc=AdpUOiNaWsJw5jr1s3CL6MI11cLr0GtKr3VtLO40Thu5g1gYQQvceK4IgrfpMQvcKh0&_nc_zt=23&_nc_ht=scontent.fsgn21-1.fna&_nc_gid=kgrEaaqZvcppdadWkv44jQ&_nc_ss=7b2a8&oh=00_AQIpYS8aad5DU862PjTJ1grmdMCiULkzs1YEUifvpHcvgA&oe=6AA5B92D|https://scontent.fsgn21-1.fna.fbcdn.net/v/t39.30808-6/796941384_122165760692726460_869344804394214967_n.jpg?stp=dst-jpg_tt6&cstp=mx2048x2048&ctp=s2048x2048&_nc_cat=109&ccb=1-7&_nc_sid=aa7b47&_nc_ohc=oAzpmEudkysQ7kNvwFmFfhB&_nc_oc=AdpIjWMSjHpuZeqeanb-GCx9YU_4EDq3N1s0wjUe20-cyQg_baxTQtGd_bnlcb_ma0A&_nc_zt=23&_nc_ht=scontent.fsgn21-1.fna&_nc_gid=kgrEaaqZvcppdadWkv44jQ&_nc_ss=7b2a8&oh=00_AQIktkfAovn0iBJq3fUIvu7QJOJwpYFGIBsoSkXr2UNDeQ&oe=6AA5B401|https://scontent.fsgn21-1.fna.fbcdn.net/v/t39.30808-6/798786775_122165760734726460_6508875679003475271_n.jpg?stp=dst-jpg_tt6&cstp=mx1880x1880&ctp=s1880x1880&_nc_cat=104&ccb=1-7&_nc_sid=aa7b47&_nc_ohc=R9Wz8qCzaFAQ7kNvwE9XMkH&_nc_oc=AdouODMvnxIPrcqjwZtwSAUk9PV3-HX_OCklEnqXVxfwq4EHy91NPUqhvwpmRqV792k&_nc_zt=23&_nc_ht=scontent.fsgn21-1.fna&_nc_gid=kgrEaaqZvcppdadWkv44jQ&_nc_ss=7b2a8&oh=00_AQK8zN9y11sZWk7reMZDzO4lCd_DqqkC4JIhN8lydMC00Q&oe=6AA5AAC2,
2132950100625125,https://www.facebook.com/groups/tuvanbaohiemnhanthovn/posts/2132950100625125/,2026-09-06,"🔥 MUA BẢO HIỂM CHO GIA ĐÌNH… LẠI CÓ CƠ HỘI RINH MAZDA CX-8 VỀ NHÀ? Nghe hấp dẫn nhưng đây là chương trình thật đang diễn ra tại Dai-ichi Life. ❤️ Kỷ niệm 20 năm đồng hành, Dai-ichi Life triển khai chương trình quay số may mắn: 🎁 2.000 giải thưởng – tổng giá trị gần 12 TỶ ĐỒNG 🚘 Mazda CX-8 🛵 Honda SH Mode 125 📱 iPhone 17 Pro 256GB 🎁 Cùng hàng ngàn quà tặng khác. Đặc biệt: 👉 MỖI 20 TRIỆU ĐỒNG PHÍ BẢO HIỂM THỰC ĐÓNG KỲ ĐẦU = 01 MÃ DỰ THƯỞNG. Nếu gia đình mình vốn đang dự định tham gia bảo hiểm nhân thọ, bảo hiểm sức khỏe cho ba mẹ và các con, thì đây là một thời điểm rất đáng để tìm hiểu. Mình tham gia vì cần một kế hoạch bảo vệ lâu dài. Còn Mazda CX-8… biết đâu lại là món quà bất ngờ dành cho nhà mình. 😍 Lệ Thủy Bảo Hiểm | Giám đốc Ban Kinh Doanh TOT 2026 | Top 0,1% tư vấn tài chính xuất sắc toàn cầu 📲 Zalo tư vấn: 0971 093 368 📍 Văn phòng: Tòa nhà 7A Lam Sơn, TP.HCM #BaoHiemGiaDinh #BaoHiemNhanTho #BaoHiemSucKhoe #DaiichiLife #LeThuyBaoHiem",tuvanbaohiemnhanthovn,Hiệp Hội Tư vấn Bảo hiểm Nhân thọ Việt Nam,https://www.facebook.com/groups/tuvanbaohiemnhanthovn/,Lệ Thủy Bảo Hiểm,https://www.facebook.com/lethuybaohiemdaiichi,0,0,0,0,0,0,0,0,0,0,https://scontent.fsgn21-1.fna.fbcdn.net/v/t39.30808-6/798416566_1075635612130799_2214394839093930272_n.jpg?stp=dst-jpg_tt6&cstp=mx1880x1880&ctp=s1880x1880&_nc_cat=108&ccb=1-7&_nc_sid=aa7b47&_nc_ohc=lF6UtSv2DOkQ7kNvwH6wzgR&_nc_oc=Ado3cBcDdBzAeSru2ldI9Mj03UepMseX4QC6guFVFAvTyd5DPcvE6BVjxlIf6jyis4I&_nc_zt=23&_nc_ht=scontent.fsgn21-1.fna&_nc_gid=qkFOY_M8lZxKllKUTSF_Mg&_nc_ss=7b2a8&oh=00_AQJdy225BCgo2HrrF41amB_9r6cWdwowq_C6cWC7JCyHmQ&oe=6AA58D9A|https://scontent.fsgn21-1.fna.fbcdn.net/v/t39.30808-6/797940890_1075635662130794_282526975169610178_n.jpg?stp=dst-jpg_tt6&cstp=mx1080x1080&ctp=s1080x1080&_nc_cat=101&ccb=1-7&_nc_sid=aa7b47&_nc_ohc=aVhDB-CuI2IQ7kNvwH-YUXx&_nc_oc=Adoq5IYQyO7xEIctbfRurPmkFnmuMVfJ11dj2kLcG4e9jnV0rrvB6cLSna4yAGYCPnc&_nc_zt=23&_nc_ht=scontent.fsgn21-1.fna&_nc_gid=qkFOY_M8lZxKllKUTSF_Mg&_nc_ss=7b2a8&oh=00_AQKEXCghW9lm01zXLaikkLQczmw9zZq9qI-IzdBmBvJdXA&oe=6AA5BBF7|https://scontent.fsgn21-1.fna.fbcdn.net/v/t39.30808-6/797940902_1075635695464124_6301433164847017658_n.jpg?stp=dst-jpg_tt6&cstp=mx2048x2048&ctp=s2048x2048&_nc_cat=102&ccb=1-7&_nc_sid=aa7b47&_nc_ohc=KW3Qx8dTNrcQ7kNvwFJn9Jq&_nc_oc=AdqOiCyQUsKsVvmDjBdvGC-0JmGbObnAEkdP7H49z4O1dQ8K1Dx5IccGofebK7vbG3s&_nc_zt=23&_nc_ht=scontent.fsgn21-1.fna&_nc_gid=qkFOY_M8lZxKllKUTSF_Mg&_nc_ss=7b2a8&oh=00_AQLjDu9m6uQ0UQvi1SyYGWTyqyfR7h5e8G9jE0ifumBVBg&oe=6AA5A6C3|https://scontent.fsgn21-1.fna.fbcdn.net/v/t39.30808-6/796747264_1075635738797453_1043437896056916744_n.jpg?stp=dst-jpg_tt6&cstp=mx1080x1350&ctp=p960x960&_nc_cat=100&ccb=1-7&_nc_sid=aa7b47&_nc_ohc=5Hq9q4ZOgiAQ7kNvwEHN3AX&_nc_oc=AdrozjNJ9Sv0zIEatPZfEeJHPVPpGbSGhaLwznkg_9-BooACd-LisHootUCQOmHG5aw&_nc_zt=23&_nc_ht=scontent.fsgn21-1.fna&_nc_gid=qkFOY_M8lZxKllKUTSF_Mg&_nc_ss=7b2a8&oh=00_AQKMWmm8yCYtY6bi4pmMzXxz5GJW5QuiuDfAL0kCLRs9Qw&oe=6AA58EA6,
2132947030625432,https://www.facebook.com/groups/tuvanbaohiemnhanthovn/posts/2132947030625432/,2026-09-06,"MUA BẢO HIỂM – CƠ HỘI RINH MAZDA CX-8! Kỷ niệm 20 năm Dai-ichi Life Việt Nam, chương trình quay số với 2.000 giải thưởng – tổng giá trị gần 12 TỶ ĐỒNG chính thức diễn ra! 🎉 🚘 Mazda CX-8 🛵 Honda SH Mode 125 📱 iPhone 17 Pro 256GB 🎁 Cùng hàng ngàn quà tặng hấp dẫn khác. 🔥 Đặc biệt: MỖI 20 TRIỆU ĐỒNG PHÍ BẢO HIỂM THỰC ĐÓNG KỲ ĐẦU = 01 MÃ DỰ THƯỞNG. Chương trình áp dụng cho hợp đồng đủ điều kiện phát hành từ 01/08/2026 – 31/01/2027, với 4 đợt quay số. Vừa chuẩn bị một kế hoạch bảo vệ tài chính cho gia đình, vừa có thêm cơ hội mang Mazda CX-8 về nhà. Biết đâu người may mắn tiếp theo lại là nhà mình! ❤️ #DaiichiLife #BaoHiemDaiichi #BaoHiemNhanTho #QuaySoMayMan #20NamDaiichiLife Lệ Thủy Bảo Hiểm | Giám đốc Ban Kinh Doanh TOT 2026 | Top 0,1% tư vấn tài chính xuất sắc toàn cầu 📲 Zalo tư vấn: 0971 093 368 📍 Văn phòng: Tòa nhà 7A Lam Sơn, TP.HCM",tuvanbaohiemnhanthovn,Hiệp Hội Tư vấn Bảo hiểm Nhân thọ Việt Nam,https://www.facebook.com/groups/tuvanbaohiemnhanthovn/,Lệ Thủy,https://www.facebook.com/lethuybaohiem3368,0,0,0,0,0,0,0,0,0,0,https://scontent.fsgn21-1.fna.fbcdn.net/v/t39.30808-6/798786788_4397677810364931_7331393921024484723_n.jpg?stp=dst-jpg_tt6&cstp=mx1880x1880&ctp=s1880x1880&_nc_cat=107&ccb=1-7&_nc_sid=aa7b47&_nc_ohc=eucRT1YtOKwQ7kNvwF5WHPu&_nc_oc=AdrRdvFFkoR-YVeMSvZwtXRaN2Uf0DDLamtaOGA44zgK6OLGXe28abpobWehMZViLUk&_nc_zt=23&_nc_ht=scontent.fsgn21-1.fna&_nc_gid=qkFOY_M8lZxKllKUTSF_Mg&_nc_ss=7b2a8&oh=00_AQKYsIduCWpj9bFyXwrzJ77v0lvNrRJdWb85qbpfEDTvcA&oe=6AA5B1CD|https://scontent.fsgn21-1.fna.fbcdn.net/v/t39.30808-6/798798546_4397677853698260_7578677107281454898_n.jpg?stp=dst-jpg_tt6&cstp=mx1080x1080&ctp=s1080x1080&_nc_cat=105&ccb=1-7&_nc_sid=aa7b47&_nc_ohc=HrUa4vrrqs0Q7kNvwGVhlY1&_nc_oc=AdpWK9bgUBPIM2axtutSZlW6GGvK779dtLuoRkaDzDEm5BnT52UFWWYMbYG0q4Ebe8Q&_nc_zt=23&_nc_ht=scontent.fsgn21-1.fna&_nc_gid=qkFOY_M8lZxKllKUTSF_Mg&_nc_ss=7b2a8&oh=00_AQJ0q4PpYK3UgCEqYQw0caqaWvOV_MN5j8daAXMtmMie3A&oe=6AA5BC91|https://scontent.fsgn21-1.fna.fbcdn.net/v/t39.30808-6/798317539_4397677897031589_2430126502975197727_n.jpg?stp=dst-jpg_tt6&cstp=mx1080x1350&ctp=p960x960&_nc_cat=109&ccb=1-7&_nc_sid=aa7b47&_nc_ohc=z1MhYwSa9CYQ7kNvwENKWeW&_nc_oc=AdpUcwT-C5buBkhZIJjhhSsxloMU35O1WopMBXMsaznjmFnU_LLoiDEmPFRXMcxXufg&_nc_zt=23&_nc_ht=scontent.fsgn21-1.fna&_nc_gid=qkFOY_M8lZxKllKUTSF_Mg&_nc_ss=7b2a8&oh=00_AQImCCXF4F0N8ayoVRMHbU4YxV7Jqzr-iWB4AkS1dI-NzQ&oe=6AA595B5|https://scontent.fsgn21-1.fna.fbcdn.net/v/t39.30808-6/798021720_4397677947031584_6354733595841669553_n.jpg?stp=dst-jpg_tt6&cstp=mx2048x2048&ctp=s2048x2048&_nc_cat=107&ccb=1-7&_nc_sid=aa7b47&_nc_ohc=ipe0OmL5yHwQ7kNvwGT5U7R&_nc_oc=AdpFJ8PD2_ovHTJZB2Gf6WE4R5_6WsZpLke7oVihpRUM86mZrYe3oTMLklKm7qDyEp4&_nc_zt=23&_nc_ht=scontent.fsgn21-1.fna&_nc_gid=qkFOY_M8lZxKllKUTSF_Mg&_nc_ss=7b2a8&oh=00_AQJVr9dsMtzIhBJCbBr3HRSqWzykRx9rC4LA8YibekC9zA&oe=6AA5A64D,
28629851143293954,https://www.facebook.com/groups/congdongtuvanvienbaohiem/posts/28629851143293954/,2026-09-06,,congdongtuvanvienbaohiem,Cộng đồng Tư vấn viên bảo hiểm,https://www.facebook.com/groups/congdongtuvanvienbaohiem/,Út Trần,https://www.facebook.com/tay.ga.90663,4,4,0,0,0,0,0,0,1,12,,
1327628049240440,https://www.facebook.com/groups/bvqlkhbhnt/posts/1327628049240440/,2026-09-06,"🌿 BIẾT ƠN MỘT HÀNH TRÌNH HỌC TẬP ĐÁNG GIÁ 🌿 Hôm nay, ngày 05/09/2026, Nhung chính thức hoàn thành khóa học “Đại lý chuyên nghiệp – L8/23” của Thầy Ngô Hà Minh. Một khóa học không chỉ giúp N có thêm kiến thức, mà quan trọng hơn là giúp N thay đổi cách nhìn về nghề, về hợp đồng bảo hiểm và đặc biệt là về trách nhiệm bảo vệ quyền lợi khách hàng. Nhung thật sự biết ơn Thầy Ngô Hà Minh vì những kiến thức rất thực tế và sâu sắc: 📌 Hiểu đúng về những lý do khiến bảo hiểm bị từ chối. 📌 Biết cách đọc và phân tích hồ sơ y tế chuyên sâu. 📌 Có thêm năng lực nhận diện những vấn đề trong chẩn đoán bệnh. 📌 Biết cách tháo gỡ những trường hợp tưởng như không thể giải quyết. 📌 Và quan trọng nhất: luôn đặt quyền lợi khách hàng lên hàng đầu. Sau khóa học, Nhung càng hiểu rằng làm nghề bảo hiểm không đơn thuần là tư vấn một hợp đồng, mà còn là đồng hành, bảo vệ và giúp khách hàng nhận đúng những quyền lợi mà mình xứng đáng được nhận. Chặng đường phía trước chắc chắn vẫn còn rất nhiều điều phải học. Nhưng N tin rằng, mỗi ngày hiểu thêm một chút, làm nghề tử tế hơn một chút, thì mình sẽ có thể mang đến nhiều giá trị hơn cho khách hàng. Biết ơn khóa học – biết ơn người Thầy – và biết ơn hành trình mình đang đi. ❤️ Dương Thị Nhung 😍 Bảo vệ quyền lợi khách hàng – Trao đúng giá trị bảo hiểm ❤️",bvqlkhbhnt,BẢO VỆ QUYỀN LỢI KHÁCH HÀNG BẢO HIỂM NHÂN THỌ,https://www.facebook.com/groups/bvqlkhbhnt/,Dương Tuyết Nhung,https://www.facebook.com/tuyet.nhung.1272,17,6,11,0,0,0,0,0,36,4,,
28629402543338814,https://www.facebook.com/groups/congdongtuvanvienbaohiem/posts/28629402543338814/,2026-09-06,"Manulife Hải Phòng cần tuyển những ứng viên mong muốn bứt phá trong lĩnh vực tài chính – bảo hiểm. ✅ Đặc biệt ưu tiên ứng viên có kinh nghiệm trong các lĩnh vực: * 👨‍🏫 Nhà giáo, giáo dục * 🏦 Tài chính – Ngân hàng * 🏢 Bất động sản Đây là một lợi thế, không phải điều kiện bắt buộc. Nếu chưa có kinh nghiệm, bạn sẽ được đào tạo bài bản từ đầu. 🎯 Quyền lợi: ✔ Thu nhập không giới hạn theo năng lực. ✔ Làm việc với thương hiệu tài chính hàng đầu. ✔ Đào tạo chuyên nghiệp, hỗ trợ phát triển kỹ năng. ✔ Lộ trình thăng tiến rõ ràng. ✔ Môi trường năng động, nhiều cơ hội phát triển bản thân. 📜 Thi cấp chứng chỉ Bộ Tài chính: 17/07/2026 📍 Khu vực tuyển dụng: Văn phòng tầng 7 sau toà nhà lạc hồng Hải Phòng 📞 Liên hệ ứng tuyển:– Phòng Tuyển dụng ☎️ 0866047896 #Manulife #ManulifeHaiphong#TuyenDungManulife #CoHoiNgheNghiep #ThuNhapKhongGioiHan #PhatTrienSuNghiep #BaoHiemNhanTho #TaiChinh #NhaGiao #TaiChinhNganHang #BatDongSan",congdongtuvanvienbaohiem,Cộng đồng Tư vấn viên bảo hiểm,https://www.facebook.com/groups/congdongtuvanvienbaohiem/,Đàm Thanh,https://www.facebook.com/thanh.thanhcuongloveyou,1,1,0,0,0,0,0,0,0,0,,
1327620742574504,https://www.facebook.com/groups/bvqlkhbhnt/posts/1327620742574504/,2026-09-06,"Em cứ tưởng là “kê khai trung thực tuyệt đối”, có gì khai hết, là có lợi cho khách, nhưng hóa ra lại khiến mọi vấn đề phức tạp hơn! Em cũng từng lo lắng, kê khai từ khi sinh ra thì làm sao mà nhớ nổi! Với biết đâu mà lần! Nhưng may quá, học L1 của thầy quá xứng đáng luôn! Em chờ lớp này mãi, cứ nghĩ lớp đầu tiên mình học phải là lớp “thẩm định kê khai bảo hiểm”, mà tận đến hôm nay mới học! Giá trị thật! 🥰🥰 Biết ơn thầy Ngô Hà Minh và lớp mình, quá tuyệt vời cho lớp học từ 19h30 đến tận 1h sáng luôn ạ ! 😍Và thật là ưng quá: tinh thần của em vẫn là “Giải nhất cá nhân” 😁 Em phát biểu chủ yếu để mở mang đầu óc chứ không phải vì “học bổng” mô nạ!😁😁",bvqlkhbhnt,BẢO VỆ QUYỀN LỢI KHÁCH HÀNG BẢO HIỂM NHÂN THỌ,https://www.facebook.com/groups/bvqlkhbhnt/,Nguyễn Thị Quỳnh,https://www.facebook.com/nguyen.thi.quynh.836956,23,5,18,0,0,0,0,0,13,7,,
1327618322574746,https://www.facebook.com/groups/bvqlkhbhnt/posts/1327618322574746/,2026-09-06,"Hôm quangày thứ 7, 05/09/2026, Phước đã hoàn thành khoá học Đại Lý Chuyên Nghiệp của Thầy Ngô Hà Minh. Một khoá học rất hữu ích và rất thực tế khi được thay đổi góc nhìn và tuy duy về Nghề Bảo Hiểm một cách chuyên nghiệp nhất. Lớp học thầy đã cho tất cả các học viên vừa học vừa thực hành các tình huống thực tế để hiểu sâu hiểu đúng hiểu đủ bản chất của vấn đề và tư duy logic hợp lý hợp tình khi đại lý đối mặt xử lý các ca khó trong giải quyết HSYCBH 1. Tri thức gỡ thư thoả thuận các bệnh lý đã tồn tại trước khi tham gia bảo hiểm: tiền đình, đau lưng và suy giãn tình mạch , ... mà không cần khám y khoa 🙂 2. KH bị ra thư loại trừ đau lưng và những biến chứng liên quan. Cả KH và TVV không phục. Thầy đã cho cả lớp thực hành TVV cần làm gì để gỡ thư... 3. Bài tập gỡ tiền đình bằng tình huống thực tế. 4. Hiểu rõ thuật ngữ khi điều trị bệnh ""CẦN THIẾT VỀ MẶT Y KHOA"" 5. Đọc hiểu rõ hồ sơ y tế cho các bệnh và các chỉ số xét nghiệm, lâm sàn, cận lâm sàng.... Đây là năng lực rất cần thiết cho TVV . Bệnh rác, đẻ Bệnh trong HSYT khi khám BHYT... 6. Tri thức claim thành công dù đang bị tạm hoãn hoặc từ chối bảo hiểm. 7. Thấu cảm góc nhìn thẩm định HSYCBH và giải quyết claim quyền lợi khách hàng. Hoá vai vào thẩm định để hiểu cần gì và làm gì cho quy trình thẩm định và claim. Năng lực giúp thẩm định tin vào điều cần phải chứng minh cả về LÝ VÀ TÌNH 8. Quy trình claim quyền lợi tai nạn bệnh thành công Hoàn thành khoá học Đại Lý Chuyên Nghiệp này giúp Phước thấu cảm để tự tin với nghề và BẢO VỆ QUYỀN LỢI KHÁCH HÀNG sau này. Phước chân thành cám ơn thầy Ngô Hà Minh đã dạy cho Phước và cả lớp cả kiến thức và lối tư duy logic khi xử lý bảo vệ quyền lợi khách hàng sau này. Chúc cho CỘNG ĐỒNG BẢO VỆ QUYỀN LỢI KHÁCH HÀNG sẽ giúp cho ngành BẢO HIỂM VIỆT NAM phát triển mạnh mẽ trong thời gian tới .",bvqlkhbhnt,BẢO VỆ QUYỀN LỢI KHÁCH HÀNG BẢO HIỂM NHÂN THỌ,https://www.facebook.com/groups/bvqlkhbhnt/,Phạm Thành Phước,https://www.facebook.com/pham.thanhphuoc.56,9,2,7,0,0,0,0,0,6,0,https://scontent.fsgn21-1.fna.fbcdn.net/v/t39.30808-6/798744014_28241662602159912_7970378032125954650_n.jpg?stp=dst-jpg_tt6&cstp=mx1999x1131&ctp=p720x720&_nc_cat=108&ccb=1-7&_nc_sid=aa7b47&_nc_ohc=B7KN1o5b3CwQ7kNvwEYhAOg&_nc_oc=Adols97X3J6KO9Ze_pkvd86sPrNOyFeD8lWFB7V6qfnUOleDpFGeNxmhuGF4hkOBka0&_nc_zt=23&_nc_ht=scontent.fsgn21-1.fna&_nc_gid=DF-_MXPxTwaPJbgQc0PGAg&_nc_ss=7b2a8&oh=00_AQKZRuJaN2v72o_2N3onUxjKaai3W8kcIZWD3fbNFNA0dw&oe=6AA5AE48|https://scontent.fsgn21-1.fna.fbcdn.net/v/t39.30808-6/798664480_28241895122136660_2067337440860037817_n.jpg?stp=dst-jpg_tt6&cstp=mx1345x759&ctp=p720x720&_nc_cat=109&ccb=1-7&_nc_sid=aa7b47&_nc_ohc=PxV-WRZm4yAQ7kNvwEVXdlO&_nc_oc=AdpDo5Pni5yW4Hq078PO7DUJYrLU41bdo1o4OXOztxUdh0bsUcnAigA6QR9pLqAGxSw&_nc_zt=23&_nc_ht=scontent.fsgn21-1.fna&_nc_gid=DF-_MXPxTwaPJbgQc0PGAg&_nc_ss=7b2a8&oh=00_AQI1TXetDwU6dqqxxF90c_vhDK9o5m7v-CedKrjlJSp2LA&oe=6AA5C0BA|https://scontent.fsgn21-1.fna.fbcdn.net/v/t39.30808-6/798404739_28241895012136671_391678094903117952_n.jpg?stp=dst-jpg_tt6&cstp=mx1534x868&ctp=p720x720&_nc_cat=101&ccb=1-7&_nc_sid=aa7b47&_nc_ohc=hrzfc0QXv4AQ7kNvwFU7n45&_nc_oc=AdrxtegpUNY9xor-LoeXqz1e42xo1oVzFHuHyntRWgst-JRQ-2HJCbYLs5M3UOEfk38&_nc_zt=23&_nc_ht=scontent.fsgn21-1.fna&_nc_gid=DF-_MXPxTwaPJbgQc0PGAg&_nc_ss=7b2a8&oh=00_AQLygPjMIhnYa_KmN9Jv0DhppKKk96O2x5jMl1Aruby4Ow&oe=6AA5BB99,
2505728609931030,https://www.facebook.com/groups/hotrobaohiem/posts/2505728609931030/,2026-09-06,Các bác cho E hỏi chút : E dùng xe điện đã mua bảo hiểm thân vỏ của MIC. Hôm qua E đi bị trầy larang và cắn mất miếng lốp. E gọi lên tổng đài hỏi thì nv MIC bảo lốp không được bảo hiểm. Như vậy có chuẩn không ae nhỉ ?,hotrobaohiem,TƯ VẤN QUYỀN LỢI BẢO HIỂM,https://www.facebook.com/groups/hotrobaohiem/,99USD.01,,13,13,0,0,0,0,0,0,0,13,,
28629150456697356,https://www.facebook.com/groups/congdongtuvanvienbaohiem/posts/28629150456697356/,2026-09-06,"Bảo hiểm nhân thọ có thực sự là 1 dạng ""cá cược""? #tinbaohiem24h #baohiem #baohiemnhantho",congdongtuvanvienbaohiem,Cộng đồng Tư vấn viên bảo hiểm,https://www.facebook.com/groups/congdongtuvanvienbaohiem/,Tin Bảo Hiểm 24H,https://www.facebook.com/profile.php?id=61593802362854,0,0,0,0,0,0,0,0,0,0,,
1620735362844097,https://www.facebook.com/groups/baohiemnhantho.chuyenvien/posts/1620735362844097/,2026-09-06,"Bảo hiểm nhân thọ có thực sự là 1 dạng ""cá cược""? #tinbaohiem24h #baohiem #baohiemnhantho",baohiemnhantho.chuyenvien,BẢO HIỂM NHÂN THỌ - Hội chuyên viên tư vấn,https://www.facebook.com/groups/baohiemnhantho.chuyenvien/,Tin Bảo Hiểm 24H,https://www.facebook.com/profile.php?id=61593802362854,0,0,0,0,0,0,0,0,0,0,,
28628760133403055,https://www.facebook.com/groups/congdongtuvanvienbaohiem/posts/28628760133403055/,2026-09-06,"✌ HAPPY TEAM - VPBANK HCM TUYỂN DỤNG Vị trí đang chờ bạn: Nhân viên / Chuyên viên /Chuyên viên chính/ Chuyên viên cao cấp Số lượng còn lại: 6 slot Địa điểm: Samco Building, P. Cô Giang, TP.HCM 🎯 QUYỀN LỢI * Ký hợp đồng lao động chính thức với VPBank * Xét tăng bậc/tăng lương định kỳ 6 tháng/lần * Thưởng lương tháng 13 & Tết (3 -5 tháng lương) * Thu nhập >2X + incentive không giới hạn * Thưởng lễ, du lịch hè 5tr/người * Bảohiểm cbnv theo luật lao động + Bảohiểm VPBank care cho CBNV tùy theo cấp bậc * Lộ trình thăng tiến rõ ràng: NV -> CV -> CVC -> CVCC -> QUẢN LÝ 🎯BẠN MUỐN NÂNG CAO KỸ NĂNG BÁN HÀNG, GIÁ TRỊ BẢN THÂN VÀ THU NHẬP -> HÃY APPLY CV NGAY 📩Ứng tuyển/trao đổi công việc: Mr. Henry – 0979 691 284",congdongtuvanvienbaohiem,Cộng đồng Tư vấn viên bảo hiểm,https://www.facebook.com/groups/congdongtuvanvienbaohiem/,Võ Thị Minh Thư,https://www.facebook.com/vo.thi.minh.thu.820130,0,0,0,0,0,0,0,0,0,0,https://scontent.fsgn21-1.fna.fbcdn.net/v/t39.30808-6/798631675_1097549536477948_8789281897778164882_n.jpg?stp=dst-jpg_tt6&cstp=mx922x1152&ctp=s922x1152&_nc_cat=104&ccb=1-7&_nc_sid=aa7b47&_nc_ohc=3-NomsmQaTgQ7kNvwF8My-7&_nc_oc=AdrQ-2FG5285rG62becJnYcPivTQT5zHPWev8orYcqdXXhyHwqRHCdykY2ZIyul-h0w&_nc_zt=23&_nc_ht=scontent.fsgn21-1.fna&_nc_gid=jW7t6XEsrnYJV-keKzM5ZQ&_nc_ss=7b2a8&oh=00_AQKxb561uxV5kk5xgAYdApXVZuweVyV8SqbAn2j2KbIacQ&oe=6AA5B39D|https://scontent.fsgn21-1.fna.fbcdn.net/v/t39.30808-6/798105761_1097549539811281_7454293971122641635_n.jpg?stp=dst-jpg_tt6&cstp=mx682x1024&ctp=s682x1024&_nc_cat=103&ccb=1-7&_nc_sid=aa7b47&_nc_ohc=yeTrci5gyF0Q7kNvwEgXsPS&_nc_oc=AdpCpBTgyY1hS9740-GLyNiviOPSngf6hS8qXuW6szBqsx59QWXFl5HG0MZA0OwVZvM&_nc_zt=23&_nc_ht=scontent.fsgn21-1.fna&_nc_gid=jW7t6XEsrnYJV-keKzM5ZQ&_nc_ss=7b2a8&oh=00_AQL85ORwjL2AWeZHrmJG1EOebWfKzKmgOlWi5LmuhefInQ&oe=6AA5A6BC,
1749894036217920,https://www.facebook.com/groups/hoireviewbaohiem/posts/1749894036217920/,2026-09-06,"Em đang có hđbh AIA Bùng Gia Lực gói nâng cao đóng hơn 30tr/năm cho 3 người (2 vợ chồng và con nhỏ) Hiện tại do kinh tế không vững và nhận thấy nhu cầu của mình chưa khớp với gói bh này, em có thể điều chỉnh quyền lợi và gói để phù hợp với nhu cầu và kinh tế của em thời điểm hiện tại không anh chị? HĐ của em hiện đã đến hạn tt và đang trong tgian 60 ngày gia hạn ạ! EM cảm ơn!!",hoireviewbaohiem,REVIEW BẢO HIỂM,https://www.facebook.com/groups/hoireviewbaohiem/,Anonymous participant,,12,8,3,0,0,0,1,0,0,23,,
1749915066215817,https://www.facebook.com/groups/hoireviewbaohiem/posts/1749915066215817/,2026-09-06,Mình cần tìm gói bảo hiểm cho bé 1 tuổi được nằm viện nội trú nhưng không cần mua kèm bảo hiểm nhân thọ ba/mẹ. Nằm được Tâm Anh/Vinmec/Hoàn Mỹ ở TPHCM. Em tự liên hệ ạ.,hoireviewbaohiem,REVIEW BẢO HIỂM,https://www.facebook.com/groups/hoireviewbaohiem/,Anonymous participant,,25,24,1,0,0,0,0,0,0,51,,
1749962552877735,https://www.facebook.com/groups/hoireviewbaohiem/posts/1749962552877735/,2026-09-06,"Mình mua thẻ BhSk của AFFINA, quên mật khẩu vào app nên bị khoá, tài khoản báo lỗi. bạn nào bán bh Affina hỗ trợ mình với",hoireviewbaohiem,REVIEW BẢO HIỂM,https://www.facebook.com/groups/hoireviewbaohiem/,DedicatedPersimmon8154,,5,5,0,0,0,0,0,0,0,3,,
2132837727303029,https://www.facebook.com/groups/tuvanbaohiemnhanthovn/posts/2132837727303029/,2026-09-06,"👋 HAPPY TEAM - VPBANK HCM TUYỂN DỤNG Vị trí đang chờ bạn: Nhân viên / Chuyên viên /Chuyên viên chính/ Chuyên viên cao cấp Số lượng còn lại: 6 slot Địa điểm: Samco Building, P. Cô Giang, TP.HCM 🎯 QUYỀN LỢI * Ký hợp đồng lao động chính thức với VPBank * Xét tăng bậc/tăng lương định kỳ 6 tháng/lần * Thưởng lương tháng 13 & Tết (3 -5 tháng lương) * Thu nhập >2X + incentive không giới hạn * Thưởng lễ, du lịch hè 5tr/người * Bảohiểm cbnv theo luật lao động + Bảohiểm VPBank care cho CBNV tùy theo cấp bậc * Lộ trình thăng tiến rõ ràng: NV -> CV -> CVC -> CVCC -> QUẢN LÝ 🎯BẠN MUỐN NÂNG CAO KỸ NĂNG BÁN HÀNG, GIÁ TRỊ BẢN THÂN VÀ THU NHẬP -> HÃY APPLY CV NGAY 📩Ứng tuyển/trao đổi công việc: Mr. Henry – 0979 691 284",tuvanbaohiemnhanthovn,Hiệp Hội Tư vấn Bảo hiểm Nhân thọ Việt Nam,https://www.facebook.com/groups/tuvanbaohiemnhanthovn/,Phung Tran,https://www.facebook.com/panpimun.tran,0,0,0,0,0,0,0,0,0,2,https://scontent.fsgn21-1.fna.fbcdn.net/v/t39.30808-6/798665391_28440079319011306_4300664482111884786_n.jpg?stp=dst-jpg_tt6&cstp=mx922x1152&ctp=s922x1152&_nc_cat=102&ccb=1-7&_nc_sid=aa7b47&_nc_ohc=5YGJ3uZK24kQ7kNvwG0huMu&_nc_oc=Ado6mQEAFuEvW4vWux5KQaeiu2z7RV-SCm4Ym2402afYyydpbPcTTlUlPXJBFzcKGpw&_nc_zt=23&_nc_ht=scontent.fsgn21-1.fna&_nc_gid=N-ReCdDKs14xVhnTh8chsw&_nc_ss=7b2a8&oh=00_AQLVaeT40Xu7OblVijwJEpY9K4eHZpVnI7cMJ-FbVegVGg&oe=6AA5A67F|https://scontent.fsgn21-1.fna.fbcdn.net/v/t39.30808-6/798080612_28440079325677972_7829139818436307226_n.jpg?stp=dst-jpg_tt6&cstp=mx682x1024&ctp=s682x1024&_nc_cat=100&ccb=1-7&_nc_sid=aa7b47&_nc_ohc=1s2vUAUZs3UQ7kNvwHnXChJ&_nc_oc=AdpBYV0jaEW5VfgCSEymU8dnC7XQM33i-KlXmKABfAqgqyRn0AWOmgYGpSqOV9xdJNQ&_nc_zt=23&_nc_ht=scontent.fsgn21-1.fna&_nc_gid=N-ReCdDKs14xVhnTh8chsw&_nc_ss=7b2a8&oh=00_AQKjCn3bUgXcXgKUYwCl813djL9RsvBlMl9R21x2ewgMUA&oe=6AA59DBC,
2110587086209093,https://www.facebook.com/groups/boithuongbh/posts/2110587086209093/,2026-09-06,"CẦM THẺ BẢO HIỂM VIP, CHỊ KẾ TOÁN VẪN TỰ MÓC VÍ 50 CỦ ĐỂ MỔ U NANG! Chị Lan - Kế toán trưởng một công ty có vốn đầu tư nước ngoài đã tậu cho mình chiếc thẻ chăm sóc sức khỏe VIP để yên tâm cống hiến. Ba tháng sau, chị đi khám và phát hiện u tuyến giáp, bác sĩ chỉ định mổ nội soi. Chị ung dung xòe chiếc thẻ quyền lực ra và tự tin nói ""Cứ cà thẻ cho chị!"". Nhưng ít phút sau, chị hốt hoảng ra mặt vì Bộ phận bảo lãnh viện phí từ chối thẳng thừng! Vì sao ư? Chị đã vướng vào quy tắc ""sát thủ"" của mọi hợp đồng bảo hiểm sức khoẻ đó là THỜI GIAN CHỜ. Bảo hiểm không phải chiếc thẻ ATM ma thuật quẹt lúc nào cũng ra tiền. Để không bao giờ bị ""việt vị"" ngay cửa phòng cấp cứu, anh chị em văn phòng phải khắc cốt ghi tâm bảng thời gian chờ này nhé: 0 ngày (Tai nạn): Trượt ngã, xước xát do mải chạy deadline, chấn thương do bất cẩn... thẻ kích hoạt bảo vệ đền bù ngay lập tức! 30 ngày (Ốm đau thông thường & Nha khoa bệnh lý): Cảm cúm, sốt xuất huyết, viêm họng hay đi trám răng, chữa tủy. Bạn phải ""trụ"" qua 1 tháng đầu thì thẻ mới linh nghiệm. 90 ngày (Biến chứng thai sản): Áp dụng cho các rủi ro y khoa ngoài ý muốn trong thai kỳ (sẩy thai, thai ngoài tử cung...). 270 ngày (Sinh đẻ thông thường): Chị em nào lên kế hoạch ""săn rồng, săn rắn"" thì phải mua thẻ trước khi cấn bầu. Sẽ không có chuyện cấn bầu rồi mới lật đật đi mua thẻ chỉ để được sinh đẻ ở bệnh viện sản quốc tế đâu nhé! 365 ngày (Bệnh đặc biệt & Bệnh có sẵn): Đây, ""trùm cuối"" của chị Lan! Các loại u, nang, sỏi thận, dạ dày, trĩ... (combo đặc sản của dân văn phòng) hoặc bệnh đã có từ trước khi mua. Bắt buộc phải duy trì hợp đồng sang năm thứ 2 mới được chi trả. 90 - 365 ngày (Bệnh hiểm nghèo): Ung thư, đột quỵ, nhồi máu cơ tim... mức chờ sẽ dao động tùy theo định nghĩa của từng sản phẩm bảo hiểm và tuỳ theo từng công ty bảo hiểm. Dân văn phòng ngồi nhiều, lười uống nước, stress liên miên nên trĩ , dạ dày, thoái hoá đốt sống cổ dễ ghé thăm lắm. Đừng lầm tưởng mua thẻ hôm nay, tháng sau đi cắt trĩ, tán sỏi miễn phí nhé. Sai luật chơi thì thẻ VIP cũng chỉ dùng để làm đồ kẹp sách thôi! Hãy mua bảo hiểm khi bạn còn đang khỏe, đừng đợi bệnh ""nhú"" lên mới lo. Nhân nói về việc đi viện, có một ""sự cố ngớ ngẩn"" mà 90% dân văn phòng mắc phải khi cầm thẻ bảo hiểm đi KHÁM SỨC KHỎE TỔNG QUÁT, khiến Bảo hiểm từ chối 100% hóa đơn rực rỡ đó. Đố bạn biết lý do là gì? Hãy dự đoán và Follow ngay để xem ""bóc phốt"" ở bài viết ngày mai. Chúc các bạn luôn có sức khoẻ phi thường để không phải dùng đến thẻ VIP như của chị Lan ở trên nhé!",boithuongbh,BỒI THƯỜNG BẢO HIỂM,https://www.facebook.com/groups/boithuongbh/,Le Son Phong,https://www.facebook.com/lesonphong,35,35,0,0,0,0,0,0,8,10,,
2505424459961445,https://www.facebook.com/groups/hotrobaohiem/posts/2505424459961445/,2026-09-06,"Em chào mọi người! Em bị xe tải nó vượt ẩu thiệt hại nặng cho xe em. Điều đáng nói là nó bỏ chạy luôn, chạy như cha chết luôn. Ngay gần chung cư em ở và đêm khuya ( 1:30 sáng) nên em chạy vào hầm luôn. Sợ dí nó cũng không được và cũng nghĩ nếu dí nó, mấy anh CSGT thấy thì lại gây hoạ cho các anh cán bộ (nếu mấy anh mà dí theo 1 thằng chạy như vậy có khi nó liều nó tông thì chết toi) Sau khi vào hầm chung cư thì em có gọi bảo hiểm và có cắt clip, báo cáo vi phạm trên VNeID và Cục Cảnh Sát Giao Thông. Em không biết là trường hợp của em thì bảo hiểm có khó khăn gì không ạ? Mong quý cao nhân, anh chị cho em 1 lời ạ 🙇🏼 Lần đầu bị tai nạn mà nặng như này em cũng không biết xử trí. Em xin cảm ơn!",hotrobaohiem,TƯ VẤN QUYỀN LỢI BẢO HIỂM,https://www.facebook.com/groups/hotrobaohiem/,GIJoe6147,,24,24,0,0,0,0,0,0,0,33,,
28627615643517504,https://www.facebook.com/groups/congdongtuvanvienbaohiem/posts/28627615643517504/,2026-09-06,"📢 [ HCM - TÂN PHÚ ] DAI-ICHI LIFE TUYỂN THỰC TẬP SINH 📍VỊ TRÍ TUYỂN DỤNG: 🎊 TTS KINH DOANH: • Hỗ trợ tư vấn các giải pháp bảo hiểm cho khách hàng (thông tin do công ty cung cấp). • Chăm sóc khách hàng trước và sau khi tư vấn. • Tham gia các hoạt động phát triển khách hàng cùng đội ngũ. 🎊 TTS NHÂN SỰ: • Hỗ trợ tìm kiếm và kết nối ứng viên. • Sắp xếp lịch phỏng vấn, theo dõi quá trình tuyển dụng. • Hỗ trợ các hoạt động tuyển dụng và phát triển đội ngũ. 📍QUYỀN LỢI: Được xác nhận mộc thực tập theo quy định của công ty sau khi hoàn thành chương trình. Được hỗ trợ các chi phí, phụ cấp Được đào tạo kỹ năng chuyên môn và kỹ năng mềm. Làm việc trong môi trường chuyên nghiệp, năng động, linh hoạt thời gian. Có người hướng dẫn trong suốt thời gian thực tập. Có cơ hội được xem xét hợp tác lâu dài nếu phù hợp với nhu cầu tuyển dụng của văn phòng. 📍YÊU CẦU: • Sinh viên năm 3,4 các trường Cao đẳng, Đại học các ngành kinh tế. • Có tinh thần học hỏi, chủ động và trách nhiệm. • Kỹ năng giao tiếp là một lợi thế (sẽ được hướng dẫn trong quá trình thực tập). ⏰ THỜI GIAN THỰC TẬP • Tối thiểu 2 tháng (thứ 2 - thứ 6 ) • 08:30 - 11:30 | 13:30 - 17:30 📍 ĐỊA ĐIỂM LÀM VIỆC: 66 Phạm Ngọc Thảo, P.Tây Thạnh, Q.Tân Phú 📩 Gửi CV ứng tuyển : • Zalo: 0981834402 • Email: phamkieugiang.work@gmail.com • Tiêu đề email: [VỊ TRÍ ỨNG TUYỂN - HỌ VÀ TÊN ]",congdongtuvanvienbaohiem,Cộng đồng Tư vấn viên bảo hiểm,https://www.facebook.com/groups/congdongtuvanvienbaohiem/,Giang Phạm,https://www.facebook.com/giangkieu.81,1,0,0,0,1,0,0,0,0,0,,
1749495666257757,https://www.facebook.com/groups/hoireviewbaohiem/posts/1749495666257757/,2026-09-06,Mn cho e hỏi Nếu e có 2 thẻ sức khoẻ đều chỉ chi trả tiền giường tiêu chuẩn thì e có thẻ dùng cả 2 thẻ để đủ thanh toán cho giường vip hay bao phòng được không hay giới hạn tiêu chuẩn thôi ạ,hoireviewbaohiem,REVIEW BẢO HIỂM,https://www.facebook.com/groups/hoireviewbaohiem/,BraveParrot9968,,6,6,0,0,0,0,0,0,0,18,,
1749589722915018,https://www.facebook.com/groups/hoireviewbaohiem/posts/1749589722915018/,2026-09-06,"Em chào anh chị, em hiện đang tìm anh chị vấn pacific cross có tâm để mua sản phẩm Heath First cho mẹ em có bệnh nền và hỗ trợ claim sau này nếu có ạ. Em cảm ơn anh chị.",hoireviewbaohiem,REVIEW BẢO HIỂM,https://www.facebook.com/groups/hoireviewbaohiem/,BlueTulip9539,,9,9,0,0,0,0,0,0,0,24,,
1749838676223456,https://www.facebook.com/groups/hoireviewbaohiem/posts/1749838676223456/,2026-09-06,"Mình mua gói và thẻ này . Giờ mình đi viện khám nhập để mổ lấy nox ở tay. Vậy có được hỗ trợ 100,% chi phí khám và mổ ko nhỉ .",hoireviewbaohiem,REVIEW BẢO HIỂM,https://www.facebook.com/groups/hoireviewbaohiem/,SincereFlower8522,,7,7,0,0,0,0,0,0,0,22,,
1749852606222063,https://www.facebook.com/groups/hoireviewbaohiem/posts/1749852606222063/,2026-09-06,Em cần review lại hợp đồng bảo hiểm sun ạ,hoireviewbaohiem,REVIEW BẢO HIỂM,https://www.facebook.com/groups/hoireviewbaohiem/,Anonymous participant,,9,8,1,0,0,0,0,0,0,21,,
1749382692935721,https://www.facebook.com/groups/hoireviewbaohiem/posts/1749382692935721/,2026-09-06,"🤔 THỊNH VƯỢNG VỚI MỌI NGƯỜI LÀ GÌ? Với mình Thịnh Vượng đơn giản là tự do về tài chính và làm điều mình thích mà không cần suy nghĩ và hạnh phúc, bình an ☘️ Còn bạn, định nghĩa thịnh vượng của bạn lúc này là gì? Comment mình nghe với! 👇 #GeneraliVietnam #ThịnhVượng #RVBH284",hoireviewbaohiem,REVIEW BẢO HIỂM,https://www.facebook.com/groups/hoireviewbaohiem/,Ngô Thị Thu Thủy,https://www.facebook.com/ngothithu.thuy.988,7,5,2,0,0,0,0,0,0,7,,
28627501940195541,https://www.facebook.com/groups/congdongtuvanvienbaohiem/posts/28627501940195541/,2026-09-06,☕ SU COFFEE & TEA ☕ Một chút cà phê cho ngày mới thêm tỉnh táo ✨ ✔️ Đen đá ✔️ Nâu đá ✔️ Bạc xỉu ✔️ Cafe Latte ✔️ Cafe kem muối ✔️ Cafe kem trứng ✔️ Cafe kem cheese 📍 SA5 | 0973229881 🛵 Ship nội khu,congdongtuvanvienbaohiem,Cộng đồng Tư vấn viên bảo hiểm,https://www.facebook.com/groups/congdongtuvanvienbaohiem/,Su Coffee & Tea,https://www.facebook.com/profile.php?id=61585058807733,0,0,0,0,0,0,0,0,0,0,,
28627192646893137,https://www.facebook.com/groups/congdongtuvanvienbaohiem/posts/28627192646893137/,2026-09-06,"✊ HAPPY TEAM - VPBANK HCM TUYỂN DỤNG Vị trí đang chờ bạn: Nhân viên / Chuyên viên /Chuyên viên chính/ Chuyên viên cao cấp Số lượng còn lại: 6 slot Địa điểm: Samco Building, P. Cô Giang, TP.HCM 🎯 QUYỀN LỢI * Ký hợp đồng lao động chính thức với VPBank * Xét tăng bậc/tăng lương định kỳ 6 tháng/lần * Thưởng lương tháng 13 & Tết (3 -5 tháng lương) * Thu nhập >2X + incentive không giới hạn * Thưởng lễ, du lịch hè 5tr/người * Bảohiểm cbnv theo luật lao động + Bảohiểm VPBank care cho CBNV tùy theo cấp bậc * Lộ trình thăng tiến rõ ràng: NV -> CV -> CVC -> CVCC -> QUẢN LÝ 🎯BẠN MUỐN NÂNG CAO KỸ NĂNG BÁN HÀNG, GIÁ TRỊ BẢN THÂN VÀ THU NHẬP -> HÃY APPLY CV NGAY 📩Ứng tuyển/trao đổi công việc: Mr. Henry – 0979 691 284",congdongtuvanvienbaohiem,Cộng đồng Tư vấn viên bảo hiểm,https://www.facebook.com/groups/congdongtuvanvienbaohiem/,Henry Tran,https://www.facebook.com/profile.php?id=61588742985797,0,0,0,0,0,0,0,0,0,2,https://scontent.fsgn21-1.fna.fbcdn.net/v/t39.30808-6/798077735_122111675169291432_7207318851203855084_n.jpg?stp=dst-jpg_tt6&cstp=mx922x1152&ctp=s922x1152&_nc_cat=111&ccb=1-7&_nc_sid=aa7b47&_nc_ohc=e_bD1iEAuyYQ7kNvwHP5zvD&_nc_oc=Adrr6cUzIQCOLfs2D_z3yEYvOyT4semqjRcNc7pa0OehomNimXAhhraF7zi4gzTFE6g&_nc_zt=23&_nc_ht=scontent.fsgn21-1.fna&_nc_gid=dB4DK96pbl0jltxGK8-qXA&_nc_ss=7b2a8&oh=00_AQJ-3jk9VqdXEPAtfTLjadpRwz8KiofG_3cz6y0fzq1Aqw&oe=6AA5AF24|https://scontent.fsgn21-1.fna.fbcdn.net/v/t39.30808-6/791512272_122111675133291432_1055878347935061260_n.jpg?stp=dst-jpg_tt6&cstp=mx682x1024&ctp=s682x1024&_nc_cat=105&ccb=1-7&_nc_sid=aa7b47&_nc_ohc=zfMq2tZqOE0Q7kNvwERv3lY&_nc_oc=AdobimKdEp3ZxTo7PnOTrxbaTlS6eLUvtoVNA5UdgS7te5Cyoe-rWt0NwM2b0pWFlxo&_nc_zt=23&_nc_ht=scontent.fsgn21-1.fna&_nc_gid=dB4DK96pbl0jltxGK8-qXA&_nc_ss=7b2a8&oh=00_AQL5nt397zEMpbZThFoXGSD9NbswHHdSqIDFIJeLJDgsVQ&oe=6AA5910D,
2132702000649935,https://www.facebook.com/groups/tuvanbaohiemnhanthovn/posts/2132702000649935/,2026-09-06,"Nhu cầu khách hàng hôm nay tại TP.HCM 📍 Khu vực: TP.HCM 👨‍👩‍👧‍👦 Bảo hiểm gia đình ❤️ Bảo hiểm nhân thọ 🏥 Bảo hiểm sức khỏe 👶 Bảo hiểm cho trẻ em Bên mình liên tục tìm kiếm khách hàng mới mỗi ngày và xác minh nhu cầu qua điện thoại. Nếu anh/chị đang tìm kiếm thêm nguồn khách hàng, có thể nhắn tin để tìm hiểu các nhóm khách hàng hiện đang có. （Đây không phải là quảng cáo; vui lòng duyệt bài viết này, quản trị viên nhóm.）",tuvanbaohiemnhanthovn,Hiệp Hội Tư vấn Bảo hiểm Nhân thọ Việt Nam,https://www.facebook.com/groups/tuvanbaohiemnhanthovn/,Ngoc Anh Nguyen,https://www.facebook.com/profile.php?id=61582681787678,0,0,0,0,0,0,0,0,0,0,,
1620549286196038,https://www.facebook.com/groups/baohiemnhantho.chuyenvien/posts/1620549286196038/,2026-09-06,"Nhu cầu khách hàng hôm nay tại TP.HCM 📍 Khu vực: TP.HCM 👨‍👩‍👧‍👦 Bảo hiểm gia đình ❤️ Bảo hiểm nhân thọ 🏥 Bảo hiểm sức khỏe 👶 Bảo hiểm cho trẻ em Bên mình liên tục tìm kiếm khách hàng mới mỗi ngày và xác minh nhu cầu qua điện thoại. Nếu anh/chị đang tìm kiếm thêm nguồn khách hàng, có thể nhắn tin để tìm hiểu các nhóm khách hàng hiện đang có. （Đây không phải là quảng cáo; vui lòng duyệt bài viết này, quản trị viên nhóm.）",baohiemnhantho.chuyenvien,BẢO HIỂM NHÂN THỌ - Hội chuyên viên tư vấn,https://www.facebook.com/groups/baohiemnhantho.chuyenvien/,Ngoc Anh Nguyen,https://www.facebook.com/profile.php?id=61582681787678,0,0,0,0,0,0,0,0,0,0,,
28626431373635931,https://www.facebook.com/groups/congdongtuvanvienbaohiem/posts/28626431373635931/,2026-09-06,Cả nhà cho e hỏi bên manu và bên daiichi đóng phí bảo hiểm theo quý phí có cao hơn đóng theo năm ko ạ. E đóng sang năm t5 muốn chuyển đóng quý cho nhẹ,congdongtuvanvienbaohiem,Cộng đồng Tư vấn viên bảo hiểm,https://www.facebook.com/groups/congdongtuvanvienbaohiem/,CapablePoodle5470,,17,15,2,0,0,0,0,0,0,20,,
2249316566006297,https://www.facebook.com/groups/296975261240447/posts/2249316566006297/,2026-09-05,Mức đóng BHYT hộ gia đình ai cũng nên biết ạ,296975261240447,REVIEW BẢO HIỂM NHÂN THỌ,https://www.facebook.com/groups/296975261240447/,Hanh le Thi,https://www.facebook.com/hanh.lethi.18294,0,0,0,0,0,0,0,0,0,0,,
2249017519369535,https://www.facebook.com/groups/296975261240447/posts/2249017519369535/,2026-09-05,Đừng chờ có nhiều tiền mới đầu tư!,296975261240447,REVIEW BẢO HIỂM NHÂN THỌ,https://www.facebook.com/groups/296975261240447/,Van Hien Chu,https://www.facebook.com/van.hien.chu.797809,0,0,0,0,0,0,0,0,0,0,,
1327109432625635,https://www.facebook.com/groups/bvqlkhbhnt/posts/1327109432625635/,2026-09-05,"Lại thêm một lớp học từ 19h30 đến 01h sáng ngày hôm sau. Trước đây, anh xã mình hay thắc mắc: Sao học muộn vậy em? Con trai thì: mẹ đi ngủ với con đi. Nhưng giờ khi thấy vợ ngồi trước máy tính và giọng nói của thầy Minh vang lên là 2 bố con lặng lẽ đưa nhau đi chơi rồi về tự dỗ nhau ngủ. Thêm một lớp học từ 19h30 đến 01h sáng ngày hôm sau. Trước đây, anh xã mình hay thắc mắc: Sao học muộn vậy em? Con trai thì: mẹ đi ngủ với con đi. Nhưng giờ khi thấy vợ ngồi trước máy tính và giọng nói của thầy Minh vang lên là 2 bố con lặng lẽ đưa nhau đi chơi rồi về tự dỗ nhau ngủ. Lớp học hôm nay đưa cho các học viên kiến thức về kê khai hồ sơ y tế theo yêu cầu của từng công ty bảo hiểm. Đối với những tư vấn viên mới như mình thì việc kê khai làm sao để đảm bảo được quyền lợi cho khách hàng khi phát sinh sự kiện bảo hiểm là vấn đề được quan tâm hàng đầu. Học xong lớp này, mình biết việc kê khai phải đảm bảo các yếu tố sau: + Đọc và hiểu rõ đơn yêu cầu bảo hiểm + Kiểm tra lại lịch sử khám chữa bệnh : Vssid, kết quả thăm khám,… + Nhận biết thông tin cần kê khai + Kê khai đúng và đủ theo đơn yêu cầu bảo hiểm. Việc mình làm chuẩn chỉ ngay từ đầu sẽ giúp cho khách hàng tránh được những rắc rối với bộ phận thẩm định khi có sự kiện bảo hiểm xảy ra. Đó cũng là cách giúp mình có thể yên tâm làm nghề và đồng hành lâu dài cùng khách hàng. Cảm ơn thầy Minh đã chia sẻ không mệt mỏi những kiến thức bổ ích và thực tế. Cảm ơn các bạn học viên đã sôi nổi phát biểu ý kiến để mình tiếp thu thêm được nhiều kiến thức. Hẹn gặp các bạn trong lớp học tiếp theo. THANKS ALL 💖💖💖💖💖",bvqlkhbhnt,BẢO VỆ QUYỀN LỢI KHÁCH HÀNG BẢO HIỂM NHÂN THỌ,https://www.facebook.com/groups/bvqlkhbhnt/,Tuyến Phạm Kim,https://www.facebook.com/tuyen.phamkim.1,36,13,23,0,0,0,0,0,10,19,https://scontent.fsgn21-1.fna.fbcdn.net/v/t39.30808-6/797811732_3702018969937068_7492292902787905397_n.jpg?stp=dst-jpg_tt6&cstp=mx1414x2000&ctp=p843x403&_nc_cat=106&ccb=1-7&_nc_sid=aa7b47&_nc_ohc=xFvOA1bin3kQ7kNvwEzM6-M&_nc_oc=AdooCkJu2WlCh35NlgiAziwrJri3cpWSfrzmD2_2cvCI_O8Pcu1l8TPdpgKZbBxy2fk&_nc_zt=23&_nc_ht=scontent.fsgn21-1.fna&_nc_gid=DF-_MXPxTwaPJbgQc0PGAg&_nc_ss=7b2a8&oh=00_AQKDP7K-Iv18N3WuSFwrLhHSX_jJHxvwbWMWTl5L8DK1fw&oe=6AA5A632|https://scontent.fsgn21-1.fna.fbcdn.net/v/t39.30808-6/797891034_3702019043270394_4714466346547205653_n.jpg?stp=dst-jpg_tt6&cstp=mx1440x1920&ctp=p960x960&_nc_cat=107&ccb=1-7&_nc_sid=aa7b47&_nc_ohc=q0RNceS40zwQ7kNvwEwlYcR&_nc_oc=Ado1eVDV_oz5q6szOVEMQQDH-a7KBZurCC46jRNEVA_TBVo3oaAliCx_QnGe52jkIfk&_nc_zt=23&_nc_ht=scontent.fsgn21-1.fna&_nc_gid=DF-_MXPxTwaPJbgQc0PGAg&_nc_ss=7b2a8&oh=00_AQIb1uF8J3UBwzVPG-cl8RvxB425xp1O85qdVaccDsnwgA&oe=6AA5929F|https://scontent.fsgn21-1.fna.fbcdn.net/v/t39.30808-6/797598502_3702019089937056_5755162579066160805_n.jpg?stp=dst-jpg_tt6&cstp=mx1440x1920&ctp=p960x960&_nc_cat=110&ccb=1-7&_nc_sid=aa7b47&_nc_ohc=kOc_1OCwovYQ7kNvwGFniFi&_nc_oc=Adr4TU7BTzhRbyTlEnaCUGHGVj1Y7lfHybP-66wqI-8vrwcxKNqt38fWyX_yQnEHBx0&_nc_zt=23&_nc_ht=scontent.fsgn21-1.fna&_nc_gid=DF-_MXPxTwaPJbgQc0PGAg&_nc_ss=7b2a8&oh=00_AQI_q6uDyvbbp_YpfjFwlOyQd-I9cxoj_aJg2HplJye4Cg&oe=6AA5AFDF,
2248979332706687,https://www.facebook.com/groups/296975261240447/posts/2248979332706687/,2026-09-05,"CHÀO MỪNG NĂM HỌC MỚI 2026 – 2027 | CỘNG HƯỞNG ĐIỀU HAY Mỗi năm học mới mở ra một hành trình mới, nơi những bài học không chỉ có trong trang sách mà còn đến từ những điều hay trong cuộc sống, từ những việc rất nhỏ: 💬 Một lời động viên để thêm tự tin. 🏃 Một giờ chơi để cùng vận động. 🥗 Một bữa ăn lành mạnh để lớn khôn. 💚 Một sự sẻ chia để tâm hồn thêm khỏe mạnh. Những điều hay ấy khi được trao đi và tiếp nối mỗi ngày sẽ cộng hưởng thành một điều lớn hơn, góp phần xây dựng môi trường học đường khỏe mạnh, hạnh phúc và đầy cảm hứng để các em lớn khôn. Đó cũng chính là tinh thần Cộng Hưởng Điều Hay mà AIA muốn gửi đến quý nhà trường, quý thầy cô và các em học sinh nhân dịp tựu trường năm học mới 2026 – 2027. Hãy bắt đầu ngày hôm nay tham gia Bảo Hiểm Liên Kết Chung Vững Tương Lai để tích lũy xây dựng tương lai cho các bé thành đạt sau này. Inbox để được tư vấn về sản phẩm. #AIA #AOB #Chaomungnamhocmoi2026",296975261240447,REVIEW BẢO HIỂM NHÂN THỌ,https://www.facebook.com/groups/296975261240447/,Steven Ly,https://www.facebook.com/steven.ly.39,0,0,0,0,0,0,0,0,0,0,https://scontent.fsgn21-1.fna.fbcdn.net/v/t39.30808-6/797798972_10243575972317958_8321640281737031062_n.jpg?stp=dst-jpg_tt6&cstp=mx2000x2000&ctp=s2000x2000&_nc_cat=106&ccb=1-7&_nc_sid=aa7b47&_nc_ohc=BLSsLbA_2ZwQ7kNvwH86j54&_nc_oc=AdqS-8RKKR3cMD6LT6kvewOorGw7QPOuNFIzHZCCtsLHE9U2bGLw5wAB0obmxiUARco&_nc_zt=23&_nc_ht=scontent.fsgn21-1.fna&_nc_gid=8glwEJf7qH-RQPS7DQ9LsQ&_nc_ss=7b2a8&oh=00_AQLmwQ-RX5KFNgX2jXiCmRZrviOWg-UwSd0a9_DG5iNX_Q&oe=6AA5B156|https://scontent.fsgn21-1.fna.fbcdn.net/v/t39.30808-6/797993990_10243575970957924_4055598226024486214_n.jpg?stp=cp6_dst-jpg_tt6&cstp=mx542x771&ctp=s542x771&_nc_cat=106&ccb=1-7&_nc_sid=aa7b47&_nc_ohc=vu0bcS3TxV8Q7kNvwHh8r4k&_nc_oc=AdpxAaQ6ylVbhQc9tq0qLG5A4VlERxp5trbaEMq9Ka2dy-Q9oUiYnbnTjELFetW4bAk&_nc_zt=23&_nc_ht=scontent.fsgn21-1.fna&_nc_gid=8glwEJf7qH-RQPS7DQ9LsQ&_nc_ss=7b2a8&oh=00_AQLTE-olGLI7Pybru1KxbbxHRM2UNDEzBUtls3WJzHjZIg&oe=6AA59186|https://scontent.fsgn21-1.fna.fbcdn.net/v/t39.30808-6/797698899_10243575972357959_1809091429785077384_n.jpg?stp=dst-jpg_tt6&cstp=mx1079x758&ctp=s1079x758&_nc_cat=103&ccb=1-7&_nc_sid=aa7b47&_nc_ohc=l2LMOCSEQUgQ7kNvwFvA8u2&_nc_oc=Adp0fGDvNC8ocPzRVnEOnNK0k-gCDowCA1i9S6cbNUbRrkHnl9HcZwBzpNN1r_IdHVs&_nc_zt=23&_nc_ht=scontent.fsgn21-1.fna&_nc_gid=8glwEJf7qH-RQPS7DQ9LsQ&_nc_ss=7b2a8&oh=00_AQLbK9U8MlQcM7RiDA25cjFEZCUGkN4V8Z6BPUZkNoHSPQ&oe=6AA59710|https://scontent.fsgn21-1.fna.fbcdn.net/v/t39.30808-6/790240380_10243575972797970_4661962115769481193_n.jpg?stp=dst-jpg_tt6&cstp=mx1095x742&ctp=s1095x742&_nc_cat=103&ccb=1-7&_nc_sid=aa7b47&_nc_ohc=7dHjGThzzPAQ7kNvwFKTl_0&_nc_oc=Adrjz-_spC9i7rUTrPOG3HfPWKvIkaAtG-C8XZ2ZkppJL-89KZktp9XnCmx5xuaMEIg&_nc_zt=23&_nc_ht=scontent.fsgn21-1.fna&_nc_gid=8glwEJf7qH-RQPS7DQ9LsQ&_nc_ss=7b2a8&oh=00_AQLbL1itgoBuZ1qEOX3n6c17z3WMrk3qwHuRkNgLSBGGWw&oe=6AA5AA43,
28621142347498167,https://www.facebook.com/groups/congdongtuvanvienbaohiem/posts/28621142347498167/,2026-09-05,"CHÀO MỪNG NĂM HỌC MỚI 2026 – 2027 | CỘNG HƯỞNG ĐIỀU HAY Mỗi năm học mới mở ra một hành trình mới, nơi những bài học không chỉ có trong trang sách mà còn đến từ những điều hay trong cuộc sống, từ những việc rất nhỏ: 💬 Một lời động viên để thêm tự tin. 🏃 Một giờ chơi để cùng vận động. 🥗 Một bữa ăn lành mạnh để lớn khôn. 💚 Một sự sẻ chia để tâm hồn thêm khỏe mạnh. Những điều hay ấy khi được trao đi và tiếp nối mỗi ngày sẽ cộng hưởng thành một điều lớn hơn, góp phần xây dựng môi trường học đường khỏe mạnh, hạnh phúc và đầy cảm hứng để các em lớn khôn. Đó cũng chính là tinh thần Cộng Hưởng Điều Hay mà AIA muốn gửi đến quý nhà trường, quý thầy cô và các em học sinh nhân dịp tựu trường năm học mới 2026 – 2027. Hãy bắt đầu ngày hôm nay tham gia Bảo Hiểm Liên Kết Chung Vững Tương Lai để tích lũy xây dựng tương lai cho các bé thành đạt sau này. Inbox để được tư vấn về sản phẩm. #AIA #AOB #Chaomungnamhocmoi2026",congdongtuvanvienbaohiem,Cộng đồng Tư vấn viên bảo hiểm,https://www.facebook.com/groups/congdongtuvanvienbaohiem/,Steven Ly,https://www.facebook.com/steven.ly.39,0,0,0,0,0,0,0,0,0,0,https://scontent.fsgn21-1.fna.fbcdn.net/v/t39.30808-6/797653406_10243575962197705_7934922558814866969_n.jpg?stp=dst-jpg_tt6&cstp=mx2000x2000&ctp=s2000x2000&_nc_cat=103&ccb=1-7&_nc_sid=aa7b47&_nc_ohc=61XNA8ZSrgMQ7kNvwFAGGuZ&_nc_oc=AdrOJkknEzcKzN2bn0XgUc11ADe4TJiclMxTVJbBnuANfLrkHmpRDdNRX3JnUKhMzHU&_nc_zt=23&_nc_ht=scontent.fsgn21-1.fna&_nc_gid=Nbcq5yG7HcdMUL-nO9jGug&_nc_ss=7b2a8&oh=00_AQLcTEV948R7OL7p3gudZtNIz6nLAkeLY_PybdVtQCQqNw&oe=6AA5B495|https://scontent.fsgn21-1.fna.fbcdn.net/v/t39.30808-6/797745260_10243575960317658_2955109008074486007_n.jpg?stp=cp6_dst-jpg_tt6&cstp=mx542x771&ctp=s542x771&_nc_cat=105&ccb=1-7&_nc_sid=aa7b47&_nc_ohc=xKAbelhwj20Q7kNvwGlTtuS&_nc_oc=AdoqJu-RRyZypW8P22QZ-JmsldnDC9KBgFJORwOsJ_-ErVP8uvXRNzmLxjgjQnLoouE&_nc_zt=23&_nc_ht=scontent.fsgn21-1.fna&_nc_gid=Nbcq5yG7HcdMUL-nO9jGug&_nc_ss=7b2a8&oh=00_AQIk0qO9ydOr6KHhj_TYB_0uWIL-sYKYbc-P3hSHZNZh6g&oe=6AA5A75E|https://scontent.fsgn21-1.fna.fbcdn.net/v/t39.30808-6/797798976_10243575962317708_2142583324703450815_n.jpg?stp=dst-jpg_tt6&cstp=mx1079x758&ctp=s1079x758&_nc_cat=109&ccb=1-7&_nc_sid=aa7b47&_nc_ohc=-GuyCqTV6CwQ7kNvwHmFdkX&_nc_oc=AdoVr3jGQfqMbj-sd3WVsU2fikEw6VAL51y6XbkSftoERaXRKo-H-7ZhdNyv1W1SEcc&_nc_zt=23&_nc_ht=scontent.fsgn21-1.fna&_nc_gid=Nbcq5yG7HcdMUL-nO9jGug&_nc_ss=7b2a8&oh=00_AQL7IH8aLO19VI3UqD-ans4b_zEAAhbobRYdp4CMSTyzNw&oe=6AA5BC13|https://scontent.fsgn21-1.fna.fbcdn.net/v/t39.30808-6/790574541_10243575962557714_5872711225398090006_n.jpg?stp=dst-jpg_tt6&cstp=mx1095x742&ctp=s1095x742&_nc_cat=107&ccb=1-7&_nc_sid=aa7b47&_nc_ohc=JyDNb0ResIcQ7kNvwFUyILX&_nc_oc=AdosIRE30A4Si2vibW4sTJN7pzrePvBNI-1jhcbf8UBUJNTsJGMl9BgHpK6rMGdp-Pk&_nc_zt=23&_nc_ht=scontent.fsgn21-1.fna&_nc_gid=Nbcq5yG7HcdMUL-nO9jGug&_nc_ss=7b2a8&oh=00_AQIu5h87Gm4UsUKud39op5VRIx1pI0mcVhBVaADlnhOzAw&oe=6AA59C4F,
1620182736232693,https://www.facebook.com/groups/baohiemnhantho.chuyenvien/posts/1620182736232693/,2026-09-05,"CHÀO MỪNG NĂM HỌC MỚI 2026 – 2027 | CỘNG HƯỞNG ĐIỀU HAY Mỗi năm học mới mở ra một hành trình mới, nơi những bài học không chỉ có trong trang sách mà còn đến từ những điều hay trong cuộc sống, từ những việc rất nhỏ: 💬 Một lời động viên để thêm tự tin. 🏃 Một giờ chơi để cùng vận động. 🥗 Một bữa ăn lành mạnh để lớn khôn. 💚 Một sự sẻ chia để tâm hồn thêm khỏe mạnh. Những điều hay ấy khi được trao đi và tiếp nối mỗi ngày sẽ cộng hưởng thành một điều lớn hơn, góp phần xây dựng môi trường học đường khỏe mạnh, hạnh phúc và đầy cảm hứng để các em lớn khôn. Đó cũng chính là tinh thần Cộng Hưởng Điều Hay mà AIA muốn gửi đến quý nhà trường, quý thầy cô và các em học sinh nhân dịp tựu trường năm học mới 2026 – 2027. Hãy bắt đầu ngày hôm nay tham gia Bảo Hiểm Liên Kết Chung Vững Tương Lai để tích lũy xây dựng tương lai cho các bé thành đạt sau này. Inbox để được tư vấn về sản phẩm. #AIA #AOB #Chaomungnamhocmoi2026",baohiemnhantho.chuyenvien,BẢO HIỂM NHÂN THỌ - Hội chuyên viên tư vấn,https://www.facebook.com/groups/baohiemnhantho.chuyenvien/,Steven Ly,https://www.facebook.com/steven.ly.39,0,0,0,0,0,0,0,0,0,0,https://scontent.fsgn21-1.fna.fbcdn.net/v/t39.30808-6/788550430_10243575951917448_75954452019498609_n.jpg?stp=dst-jpg_tt6&cstp=mx2000x2000&ctp=s2000x2000&_nc_cat=110&ccb=1-7&_nc_sid=aa7b47&_nc_ohc=sheLyJ-FjyoQ7kNvwHS9UA4&_nc_oc=AdqU-BKg5NzGHJ5qFONNtextY1JKFEg_pnY5mfXconu0PoIuzV7hk9Vd-YmYcWZJ1Kg&_nc_zt=23&_nc_ht=scontent.fsgn21-1.fna&_nc_gid=Q9aBz0S6WB-TkBYg0kEcNQ&_nc_ss=7b2a8&oh=00_AQIfWKN0FHm4BuMBMVPl9m4FZaRJ1QLbfvCS3TuiJLx-cA&oe=6AA58CD9|https://scontent.fsgn21-1.fna.fbcdn.net/v/t39.30808-6/797598511_10243575944717268_780385418125729691_n.jpg?stp=cp6_dst-jpg_tt6&cstp=mx542x771&ctp=s542x771&_nc_cat=111&ccb=1-7&_nc_sid=aa7b47&_nc_ohc=zCCcb6yVG50Q7kNvwFkbJDP&_nc_oc=AdpTcOpwp0tZRh_ULh8So25CcLqN2G3VkSTaVGuzzItV6FxCgxI1K1BFPDGc_qWU34Y&_nc_zt=23&_nc_ht=scontent.fsgn21-1.fna&_nc_gid=Q9aBz0S6WB-TkBYg0kEcNQ&_nc_ss=7b2a8&oh=00_AQLhb5j4MFpVp0e3nge1U9fszQWcX7Rnvzy90-oT-m8bzw&oe=6AA594C8|https://scontent.fsgn21-1.fna.fbcdn.net/v/t39.30808-6/791514252_10243575952517463_3953675203455093765_n.jpg?stp=dst-jpg_tt6&cstp=mx1079x758&ctp=s1079x758&_nc_cat=104&ccb=1-7&_nc_sid=aa7b47&_nc_ohc=HLMs8Ocwh08Q7kNvwGmbJjC&_nc_oc=Adq1JOSAqyNBHFAKaZbRltuKDmaAzpaISAC0o-FrqtpgDhYEEUV_5jjYmxR5IUD-4dg&_nc_zt=23&_nc_ht=scontent.fsgn21-1.fna&_nc_gid=Q9aBz0S6WB-TkBYg0kEcNQ&_nc_ss=7b2a8&oh=00_AQI2ZCd8gBaeu4RBlWJEFNvmCLDjWb_LgOzOW5SqGGAx9w&oe=6AA5AED6|https://scontent.fsgn21-1.fna.fbcdn.net/v/t39.30808-6/792494403_10243575951677442_2528234142629090116_n.jpg?stp=dst-jpg_tt6&cstp=mx1095x742&ctp=s1095x742&_nc_cat=111&ccb=1-7&_nc_sid=aa7b47&_nc_ohc=72U98swhTC0Q7kNvwHNe7sD&_nc_oc=AdpHSlvy2ymRkJRYlzBcAoBjVcK_IMVntJtfLUa6dm4Eh6Y92M0SxFql-jyJrTbXRVQ&_nc_zt=23&_nc_ht=scontent.fsgn21-1.fna&_nc_gid=Q9aBz0S6WB-TkBYg0kEcNQ&_nc_ss=7b2a8&oh=00_AQLBRRy3syXN5ogiQVzImiJTeOLF_XDG73_nMjVT8CHfMg&oe=6AA5A055,
1620179362899697,https://www.facebook.com/groups/baohiemnhantho.chuyenvien/posts/1620179362899697/,2026-09-05,"Đang giao mùa trẻ dễ ốm vặt a/c tham khảo thẻ tín dụng Supreme hoàn 6% bảo hiểm + y tế nha, hoàn tối đa 1tr/kì đó ạ Dòng thẻ tối ưu chi phí gia đình, hoàn 6% bảo hiểm, tối đa 1tr/kì sao kê. Ngoài ra thì e này cũng tối ưu rất nhiều các khoản chi tiêu khác như mua sắm onl như sau: ✅ Hoàn PTN năm đầu 550.000đ ✅ Tích điểm 12% cho hạng mục TMĐT, điện máy, giáo dục ✅ Tích điểm 6% bảo hiểm, y tế ✅ Trả góp 0% ls, 0% phí chuyển đổi Nhắn e tư vấn & hỗ trợ mở thẻ cho mình luôn nhé ạ 😍",baohiemnhantho.chuyenvien,BẢO HIỂM NHÂN THỌ - Hội chuyên viên tư vấn,https://www.facebook.com/groups/baohiemnhantho.chuyenvien/,Thủy Yến,https://www.facebook.com/thuyyenxinhxinh,0,0,0,0,0,0,0,0,0,4,,
28620887874190281,https://www.facebook.com/groups/congdongtuvanvienbaohiem/posts/28620887874190281/,2026-09-05,"Thẻ Supreme Shinhan Bank hoàn bảo hiểm 1tr/ kì Dòng thẻ tối ưu chi phí gia đình, hoàn 6% bảo hiểm, tối đa 1tr/kì sao kê. Ngoài ra thì e này cũng tối ưu rất nhiều các khoản chi tiêu khác như mua sắm onl như sau: ✅ Hoàn PTN năm đầu 550.000đ ✅ Tích điểm 12% cho hạng mục TMĐT, điện máy, giáo dục ✅ Tích điểm 6% bảo hiểm, y tế ✅ Trả góp 0% ls, 0% phí chuyển đổi Nhắn e tư vấn & hỗ trợ mở thẻ cho mình luôn nhé ạ 😍",congdongtuvanvienbaohiem,Cộng đồng Tư vấn viên bảo hiểm,https://www.facebook.com/groups/congdongtuvanvienbaohiem/,Thủy Yến,https://www.facebook.com/thuyyenxinhxinh,0,0,0,0,0,0,0,0,0,0,,
1620148472902786,https://www.facebook.com/groups/baohiemnhantho.chuyenvien/posts/1620148472902786/,2026-09-05,"Các anh chị cho em hỏi Nhà e có 1 hợp đồng FWD, chuẩn bị hết hạn. Vậy thì để luôn mỗi năm thì nó có giữ được nguyên số tiền ko ạ. Và mua cho bé 8t thì mua gói nào",baohiemnhantho.chuyenvien,BẢO HIỂM NHÂN THỌ - Hội chuyên viên tư vấn,https://www.facebook.com/groups/baohiemnhantho.chuyenvien/,Đinh Giang,https://www.facebook.com/profile.php?id=61583439463819,36,30,5,1,0,0,0,0,0,32,,
1749293369611320,https://www.facebook.com/groups/hoireviewbaohiem/posts/1749293369611320/,2026-09-05,Xin contact của sale bảo hiểm MSIG mua cho bé gói nội trú+ngoại trú,hoireviewbaohiem,REVIEW BẢO HIỂM,https://www.facebook.com/groups/hoireviewbaohiem/,Anonymous participant,,7,7,0,0,0,0,0,0,0,8,,
1749287322945258,https://www.facebook.com/groups/hoireviewbaohiem/posts/1749287322945258/,2026-09-05,Claim bổ sung giấy tờ AIA Chào ac tư vấn viên. E có tự làm claim trên app AIA nhưng thiếu đơn thuốc phía AIA đã thanh toán viện phí. Còn đơn thuốc chưa đc tt. Giờ e cần gửi bổ sung như thế nào qua app ạ? Em cảm ơn mn ạ.,hoireviewbaohiem,REVIEW BẢO HIỂM,https://www.facebook.com/groups/hoireviewbaohiem/,Nana0720,,9,8,1,0,0,0,0,0,0,10,,
1749392886268035,https://www.facebook.com/groups/hoireviewbaohiem/posts/1749392886268035/,2026-09-05,"**Có 2 thẻ sức khỏe, khi nằm viện KH sẽ được chi trả như thế nào?** Một ca nằm viện thực tế của bé tại BV Quốc tế Sản Nhi Hải Phòng: * Tổng chi phí nằm viện + tái khám: 15.7tr * Tổng quyền lợi được 2 thẻ chi trả: 16.1tr KH không chỉ đỡ hẳn phần tiền phải bù, mà còn **nhận dư hơn 400K** để bù đắp thêm chi phí đi lại trong thời gian con điều trị. Quan trọng là ngay từ đầu, mình cần lựa chọn các thẻ sức khỏe có thể bổ trợ cho nhau và phù hợp với bệnh viện dự kiến điều trị, để khi phải nằm viện thì sẽ được chi trả tối ưu nhất. Vì sao tổng số tiền KH nhận được lại cao hơn cả chi phí nằm viện + tái khám? Ninh để chi tiết từng khoản trong bảng bên dưới nhé. #CC11",hoireviewbaohiem,REVIEW BẢO HIỂM,https://www.facebook.com/groups/hoireviewbaohiem/,Vũ Ninh,https://www.facebook.com/ninicrystal,2,1,1,0,0,0,0,0,0,1,https://scontent.fsgn21-1.fna.fbcdn.net/v/t39.30808-6/793069762_29043605858581014_8575503440598394975_n.jpg?stp=dst-jpg_tt6&cstp=mx1024x1536&ctp=p843x403&_nc_cat=101&ccb=1-7&_nc_sid=aa7b47&_nc_ohc=_DAuJ6pDeZUQ7kNvwGwWMSx&_nc_oc=AdphIWFfIJes0_Y6yvknhfu7s1Tn8ZHXLTS8rG5fRPcQkpN831j1nODf_a2PxTEeSbU&_nc_zt=23&_nc_ht=scontent.fsgn21-1.fna&_nc_gid=J3oP8kTK2KEa1Z4kxX373Q&_nc_ss=7b2a8&oh=00_AQIWQmSULoU4PClLn9jN9hy6iPQ_kpUzVPJ6a5xgdFLK9A&oe=6AA5AD4C|https://scontent.fsgn21-1.fna.fbcdn.net/v/t39.30808-6/792206686_29043605851914348_7569904649162835406_n.jpg?stp=dst-jpg_tt6&cstp=mx1254x1254&ctp=s1254x1254&_nc_cat=104&ccb=1-7&_nc_sid=aa7b47&_nc_ohc=aYg1F9hWMj4Q7kNvwHlt00r&_nc_oc=AdqtJCOsWzxACMHL_0ydJFsEyFqGnMg_W42UJHr7st_Ulwffyjckj73MOGcZwQWivHI&_nc_zt=23&_nc_ht=scontent.fsgn21-1.fna&_nc_gid=J3oP8kTK2KEa1Z4kxX373Q&_nc_ss=7b2a8&oh=00_AQLol-iU9SWrUsqNyjkP_nsIRRuvTj_Z65PNVCYCmi38eg&oe=6AA5936B|https://scontent.fsgn21-1.fna.fbcdn.net/v/t39.30808-6/792090643_29043607155247551_8465034697256756155_n.jpg?stp=dst-jpg_tt6&cstp=mx1170x876&ctp=s1170x876&_nc_cat=109&ccb=1-7&_nc_sid=aa7b47&_nc_ohc=TXtfnUVQnN8Q7kNvwF0avhi&_nc_oc=AdqhwVIh4ykVJbOUHxjW2of42NUg7x0_wL0HKPywzmCOjGQdipmKnWPk0hPat8uG12c&_nc_zt=23&_nc_ht=scontent.fsgn21-1.fna&_nc_gid=J3oP8kTK2KEa1Z4kxX373Q&_nc_ss=7b2a8&oh=00_AQL8hVJ3WSqpdQ6-QoAg0OXygL57N6t6CtbrQg6y-5xXfg&oe=6AA58DB8,
1749380076269316,https://www.facebook.com/groups/hoireviewbaohiem/posts/1749380076269316/,2026-09-05,ZOOM REVIEW LAN TỎA SỐ 3: Phân tích thẻ sức khỏe 5 nhà BH ID: 984 9614 1834 Pass: 9390 @mọi người,hoireviewbaohiem,REVIEW BẢO HIỂM,https://www.facebook.com/groups/hoireviewbaohiem/,Thùy Bích,https://www.facebook.com/thuy.bich.732756,7,6,0,1,0,0,0,0,0,3,,
28619827170963018,https://www.facebook.com/groups/congdongtuvanvienbaohiem/posts/28619827170963018/,2026-09-05,"🤟 HAPPY TEAM - VPBANK HCM TUYỂN DỤNG Vị trí đang chờ bạn: Nhân viên / Chuyên viên /Chuyên viên chính/ Chuyên viên cao cấp Số lượng còn lại: 6 slot Địa điểm: Samco Building, P. Cô Giang, TP.HCM 🎯 QUYỀN LỢI * Ký hợp đồng lao động chính thức với VPBank * Xét tăng bậc/tăng lương định kỳ 6 tháng/lần * Thưởng lương tháng 13 & Tết (3 -5 tháng lương) * Thu nhập >2X + incentive không giới hạn * Thưởng lễ, du lịch hè 5tr/người * Bảohiểm cbnv theo luật lao động + Bảohiểm VPBank care cho CBNV tùy theo cấp bậc * Lộ trình thăng tiến rõ ràng: NV -> CV -> CVC -> CVCC -> QUẢN LÝ 🎯BẠN MUỐN NÂNG CAO KỸ NĂNG BÁN HÀNG, GIÁ TRỊ BẢN THÂN VÀ THU NHẬP -> HÃY APPLY CV NGAY 📩Ứng tuyển/trao đổi công việc: Mr. Henry – 0979 691 284",congdongtuvanvienbaohiem,Cộng đồng Tư vấn viên bảo hiểm,https://www.facebook.com/groups/congdongtuvanvienbaohiem/,Minh Thư,https://www.facebook.com/profile.php?id=61582778411701,0,0,0,0,0,0,0,0,0,1,https://scontent.fsgn21-1.fna.fbcdn.net/v/t39.30808-6/793204096_122137490805092613_8365258060793901823_n.jpg?stp=dst-jpg_tt6&cstp=mx922x1152&ctp=s922x1152&_nc_cat=103&ccb=1-7&_nc_sid=aa7b47&_nc_ohc=ali0H03BGZEQ7kNvwFhfZ3K&_nc_oc=AdqpDvCCltjdCMWXb5Ju3n62fwTKMdaAq_meCvFv8RYWNrsmbjnPAYpLypAEFM78eSY&_nc_zt=23&_nc_ht=scontent.fsgn21-1.fna&_nc_gid=K8htt9KiW5FTlik-bKiQow&_nc_ss=7b2a8&oh=00_AQLio2KSt-nErWA53i5J5jKPcQD9Y7yCU3QQ6rCLbmjx1w&oe=6AA59395|https://scontent.fsgn21-1.fna.fbcdn.net/v/t39.30808-6/790643181_122137490841092613_6148551889594592048_n.jpg?stp=dst-jpg_tt6&cstp=mx682x1024&ctp=s682x1024&_nc_cat=108&ccb=1-7&_nc_sid=aa7b47&_nc_ohc=zKyeKgZUhSQQ7kNvwGknZiD&_nc_oc=AdrOimO9GFheSp0NWPxeID_pBmNlOtCewNXBN00Mf1SmG_0k4N4TWV9tlPfup9CS_oo&_nc_zt=23&_nc_ht=scontent.fsgn21-1.fna&_nc_gid=K8htt9KiW5FTlik-bKiQow&_nc_ss=7b2a8&oh=00_AQJKkV8fVS1uDLdD3fbnPG36Adm-Q4hBIvx4h2oRejSWDA&oe=6AA5AAFA,
28619455601000175,https://www.facebook.com/groups/congdongtuvanvienbaohiem/posts/28619455601000175/,2026-09-05,"💙 CẬP NHẬT NHANH THẺ RỜI THÁNG 9/2026 💙 Mỗi độ tuổi – một nhu cầu bảo vệ khác nhau Không phải cứ mua gói đắt nhất là tốt nhất. Quan trọng là chọn đúng giải pháp phù hợp với: ✅ Độ tuổi ✅ Tình trạng sức khỏe ✅ Nhu cầu sử dụng bệnh viện ✅ Ngân sách gia đình 🌸 Mẹ bầu chuẩn bị sinh: 🏥 Viện công: FUSE Care 🏥 Viện tư/quốc tế: Xanh Hạnh Phúc 👶 Bảo hiểm sức khỏe cho bé: 🍼 Bé sơ sinh: FUSE Care / Xanh Bình An – Tasco 👧 Bé trên 1 tuổi: Sống Xanh – MSIG / Affina 100 ⭐ Sản phẩm ổn định: MIC Care 👵 Ba mẹ lớn tuổi: 💙 MIC Care 💙 Trên 65 tuổi: Sức Khỏe Tâm An – AAA 💙 Ưu tiên giải pháp có điều kiện tái tục phù hợp 👨‍👩‍👧 Người lớn: 🧡 Sức khỏe ổn định: MIC Care 🧡 Có bệnh nền: cần thẩm định kỹ, tham khảo VBI Care 🧡 Ưu tiên kế hoạch lâu dài, tái tục rõ ràng Ngoài thẻ sức khỏe, có thể kết hợp thêm trợ cấp viện phí để có thêm khoản tiền mặt khi nằm viện, hỗ trợ chi phí sinh hoạt trong thời gian điều trị. 📌 Vy luôn tư vấn theo hướng: “Chọn đúng quyền lợi trước – chọn mức phí sau.” Vì một chiếc thẻ tốt là chiếc thẻ phù hợp và có thể đồng hành cùng mình lâu dài ❤️ 📩 Nhắn “THẺ RỜI” cho Vy để được tư vấn theo đúng nhu cầu của gia đình nhé. 📲 Zalo: 0767 1343 86 📍 Tòa nhà 7A Lam Sơn, P. Tân Sơn Hòa, TP.HCM #BaoHiemSucKhoe #TheRoi #BaoHiemThaiSan #BaoHiemChoBe #BaoVeGiaDinh #HoangVyBaoHiem",congdongtuvanvienbaohiem,Cộng đồng Tư vấn viên bảo hiểm,https://www.facebook.com/groups/congdongtuvanvienbaohiem/,Bảo Hiểm cho Con - Trọn Tình Cha Mẹ,https://www.facebook.com/profile.php?id=61580943352387,0,0,0,0,0,0,0,0,0,0,,
28619391157673286,https://www.facebook.com/groups/congdongtuvanvienbaohiem/posts/28619391157673286/,2026-09-05,Anh chị cần mua bảo hiểm TCB liên hệ e tv ạ 0862189918,congdongtuvanvienbaohiem,Cộng đồng Tư vấn viên bảo hiểm,https://www.facebook.com/groups/congdongtuvanvienbaohiem/,Đỗ Hoàng Diệp,https://www.facebook.com/dohoang.diep,0,0,0,0,0,0,0,0,0,0,,
1620064239577876,https://www.facebook.com/groups/baohiemnhantho.chuyenvien/posts/1620064239577876/,2026-09-05,"🌟 TUYỂN DỤNG ĐẠI LÝ BẢO HIỂM NHÂN THỌ / TƯ VẤN TÀI CHÍNH – SHINHAN LIFE Bạn đang tìm một công việc linh hoạt – thu nhập theo năng lực – có cơ hội phát triển lâu dài? 🌱 Shinhan Life Việt Nam đang mở rộng đội ngũ và tìm kiếm những anh/chị yêu thích kinh doanh, tư vấn và xây dựng mối quan hệ với khách hàng. 💼 VỊ TRÍ Đại lý Bảo hiểm Nhân thọ / Tư vấn Tài chính 👤 Độ tuổi: 22 – 55 📍 Địa điểm làm việc: CII Tower, 152 Điện Biên Phủ, P. Thạnh Mỹ Tây, TP. Hồ Chí Minh ✨ BẠN SẼ NHẬN ĐƯỢC GÌ? ✅ Thời gian làm việc linh hoạt, phù hợp cả người muốn làm toàn thời gian hoặc bán thời gian ✅ Được đào tạo kiến thức bảo hiểm và kỹ năng tư vấn từ cơ bản ✅ Môi trường chuyên nghiệp, năng động ✅ Cơ hội xây dựng thu nhập theo năng lực và kết quả kinh doanh ✅ Có lộ trình phát triển nghề nghiệp dành cho người có năng lực và mong muốn xây dựng đội nhóm ✅ Được đồng hành, hướng dẫn trong quá trình tìm kiếm và chăm sóc khách hàng 🎯 AI PHÙ HỢP? 🔹 Người có kinh nghiệm kinh doanh, sales, ngân hàng, bất động sản, tài chính, dịch vụ khách hàng… 🔹 Người muốn có thêm nguồn thu nhập thứ hai 🔹 Người yêu thích giao tiếp, tư vấn và xây dựng quan hệ 🔹 Người đang muốn chuyển hướng nghề nghiệp và tìm một môi trường mới 🔹 Không yêu cầu bạn phải có kinh nghiệm bảo hiểm từ trước — được đào tạo 💡 Không chỉ là bán bảo hiểm. Đây là công việc giúp bạn xây dựng kiến thức tài chính, mở rộng mối quan hệ và tạo giá trị lâu dài cho khách hàng. 📩 Quan tâm vị trí này? Hãy nhắn tin cho Thảo để trao đổi về công việc, chính sách và lộ trình phát triển. 👉 Đừng ngại bắt đầu một nghề mới ở tuổi 30, 40 hay 50. Điều quan trọng là bạn muốn bắt đầu từ hôm nay! 🌿 #ShinhanLife #TuyenDung #DaiLyBaoHiem #TuVanTaiChinh #BaoHiemNhanTho #CoHoiNgheNghiep #TPHCM #TuyenDung2026",baohiemnhantho.chuyenvien,BẢO HIỂM NHÂN THỌ - Hội chuyên viên tư vấn,https://www.facebook.com/groups/baohiemnhantho.chuyenvien/,Trương Thị Phương Thảo,https://www.facebook.com/madamthaokeyhomes,0,0,0,0,0,0,0,0,0,0,,
28619364824342586,https://www.facebook.com/groups/congdongtuvanvienbaohiem/posts/28619364824342586/,2026-09-05,"Con em 3 tuổi mới bị viêm phổi nằm viện 7 ngày, mới ra viện ngày 11/8. Giờ em muốn mua bh nhân thọ kẹp thẻ sk có ai bán ko ạ",congdongtuvanvienbaohiem,Cộng đồng Tư vấn viên bảo hiểm,https://www.facebook.com/groups/congdongtuvanvienbaohiem/,MemorableBeet3128,,38,28,8,2,0,0,0,0,0,66,,
28619318421013893,https://www.facebook.com/groups/congdongtuvanvienbaohiem/posts/28619318421013893/,2026-09-05,"🌟 TUYỂN DỤNG ĐẠI LÝ BẢO HIỂM NHÂN THỌ / TƯ VẤN TÀI CHÍNH – SHINHAN LIFE Bạn đang tìm một công việc linh hoạt – thu nhập theo năng lực – có cơ hội phát triển lâu dài? 🌱 Shinhan Life Việt Nam đang mở rộng đội ngũ và tìm kiếm những anh/chị yêu thích kinh doanh, tư vấn và xây dựng mối quan hệ với khách hàng. 💼 VỊ TRÍ Đại lý Bảo hiểm Nhân thọ / Tư vấn Tài chính 👤 Độ tuổi: 22 – 55 📍 Địa điểm làm việc: CII Tower, 152 Điện Biên Phủ, P. Thạnh Mỹ Tây, TP. Hồ Chí Minh ✨ BẠN SẼ NHẬN ĐƯỢC GÌ? ✅ Thời gian làm việc linh hoạt, phù hợp cả người muốn làm toàn thời gian hoặc bán thời gian ✅ Được đào tạo kiến thức bảo hiểm và kỹ năng tư vấn từ cơ bản ✅ Môi trường chuyên nghiệp, năng động ✅ Cơ hội xây dựng thu nhập theo năng lực và kết quả kinh doanh ✅ Có lộ trình phát triển nghề nghiệp dành cho người có năng lực và mong muốn xây dựng đội nhóm ✅ Được đồng hành, hướng dẫn trong quá trình tìm kiếm và chăm sóc khách hàng 🎯 AI PHÙ HỢP? 🔹 Người có kinh nghiệm kinh doanh, sales, ngân hàng, bất động sản, tài chính, dịch vụ khách hàng… 🔹 Người muốn có thêm nguồn thu nhập thứ hai 🔹 Người yêu thích giao tiếp, tư vấn và xây dựng quan hệ 🔹 Người đang muốn chuyển hướng nghề nghiệp và tìm một môi trường mới 🔹 Không yêu cầu bạn phải có kinh nghiệm bảo hiểm từ trước — được đào tạo 💡 Không chỉ là bán bảo hiểm. Đây là công việc giúp bạn xây dựng kiến thức tài chính, mở rộng mối quan hệ và tạo giá trị lâu dài cho khách hàng. 📩 Quan tâm vị trí này? Hãy nhắn tin cho Thảo để trao đổi về công việc, chính sách và lộ trình phát triển. ☎️ Tel/ zalo/ viber/whatsapp: 0903- 313- 404 👉 Đừng ngại bắt đầu một nghề mới ở tuổi 30, 40 hay 50. Điều quan trọng là bạn muốn bắt đầu từ hôm nay! 🌿 #ShinhanLife #TuyenDung #DaiLyBaoHiem #TuVanTaiChinh #BaoHiemNhanTho #CoHoiNgheNghiep #TPHCM #TuyenDung2026",congdongtuvanvienbaohiem,Cộng đồng Tư vấn viên bảo hiểm,https://www.facebook.com/groups/congdongtuvanvienbaohiem/,Trương Thị Phương Thảo,https://www.facebook.com/madamthaokeyhomes,0,0,0,0,0,0,0,0,0,0,,
1749229156284408,https://www.facebook.com/groups/hoireviewbaohiem/posts/1749229156284408/,2026-09-05,"Nhờ Admin duyệt giúp e ạ. 2vc e đang chung 1 gói BHNT AIA, 2 thẻ bhsk VBI và 1 bé 10 tuổi thẻ bhsk VBI. Tháng 10 e sinh bé 2, e muốn tìm phương án để tối ưu chi phí mà quyền lợi vẫn ổn cho bé sắp sinh ạ. Hiện tại cả nhà đang tổng 25tr tất cả. E cảm ơn nhiều.",hoireviewbaohiem,REVIEW BẢO HIỂM,https://www.facebook.com/groups/hoireviewbaohiem/,ResilientFish6266,,13,11,2,0,0,0,0,0,0,18,,
1749111912962799,https://www.facebook.com/groups/hoireviewbaohiem/posts/1749111912962799/,2026-09-05,"KÍNH NHỜ ANH CHỊ TƯ VẤN GIÚP!!! Như em đã phản ánh. Em có mua bảo hiểm thân vỏ cho xe của công ty BSH. Xe bị tai nạn từ tháng 1/2/2026. Xe hỏng hóc toàn bộ. Được tư vấn viên xác định đền bù thiệt hại toàn bộ. Đến tháng 5 em đã cung cấp đủ hồ sơ vụ việc cho phía công ty BSH. NHƯNG ĐẾN THỜI ĐIỂM HIỆN TẠI, ĐÃ 4 THÁNG RỒI VẪN KHÔNG LIÊN LẠC ĐỂ ĐỀN BÙ CHO EM. MẶC DÙ EM GỌI LIÊN TỤC CHO TỔNG ĐÀI PHẢN ÁNH NHƯNG BÊN PHÍA CÔNG TY BSH HÀ NAM VẪN CỨ ""IM LẶNG LÀ VÀNG"". EM CÓ TÌM HIỂU THEO LUẬT BẢO HIỂM THÌ SAU 15-30 NGÀY PHẢI ĐỀN BÙ BẢO HIỂM. NHƯNG HIỆN TẠI RẤT BẾ TẮC. Hiện tại tháng nào em cũng phải đóng 8 triệu tiền gốc lãi xe từ tháng 2 đến giờ là hơn 50tr rồi, nếu không muốn bị nợ xấu. Xẩy ra tai nạn, bản thân em cũng đang gánh 1 khoản nợ sau khi tòa xử án rồi. Bây giờ công ty BSH cũng vẫn thờ ơ với trường hợp của em. Nên em có gọi cho Cục quản lý, giám sát bảo hiểm- Bộ tài chính. Và được yêu cầu nộp hồ sơ liên quan. VẬY Em mong anh chị đã từng trải qua, tư vấn giúp em cần phải có các loại giấy tờ nào để nộp lên cục và lên tòa để Kiện yêu cầu giải quyết? MONG ANH CHỊ GIÚP ĐỠ",hoireviewbaohiem,REVIEW BẢO HIỂM,https://www.facebook.com/groups/hoireviewbaohiem/,Hoàng Thái,https://www.facebook.com/hoang.thai.285282,4,4,0,0,0,0,0,0,0,3,,
1619934062924227,https://www.facebook.com/groups/baohiemnhantho.chuyenvien/posts/1619934062924227/,2026-09-05,Mấy b cho mình hỏi mình năm nay 34 tuổi.... Tham gia bảo hiểm nhân thọ nào tốt ạ....,baohiemnhantho.chuyenvien,BẢO HIỂM NHÂN THỌ - Hội chuyên viên tư vấn,https://www.facebook.com/groups/baohiemnhantho.chuyenvien/,Ngô Quý Dậu,https://www.facebook.com/dau.tien.54772,78,69,9,0,0,0,0,0,1,106,,
2248696466068307,https://www.facebook.com/groups/296975261240447/posts/2248696466068307/,2026-09-05,,296975261240447,REVIEW BẢO HIỂM NHÂN THỌ,https://www.facebook.com/groups/296975261240447/,Nguyễn Hồng Ngọc,https://www.facebook.com/ruby.ixu,0,0,0,0,0,0,0,0,0,0,,
1619914942926139,https://www.facebook.com/groups/baohiemnhantho.chuyenvien/posts/1619914942926139/,2026-09-05,"Khi ngoài kia còn nhiều người quen biết vẫn chưa tin và đặt niềm tin vào bảo hiểm, thì ở đây, những khách hàng hoàn toàn xa lạ đã tìm đến Ngọc “ chuyển giao rủi ro & tạo dựng kế hoạch tài chính bền vững “ bằng HỢP ĐỒNG BẢO HIỂM NHÂN THỌ. 📝Ngọc luôn đặt ra câu hỏi : *Vì sao anh/chị chọn AIA? *Vì sao anh/chị chọn Hồng Ngọc? Không phải tìm một lời giải thích, mà đó chính là 1 lần nữa Ngọc xác nhận lại lời cảm ơn niềm tin khách hàng đã yêu thương chọn Ngọc làm người đồng hành❤️ 🎁Xin gửi lời cảm ơn sâu sắc đến gia đình chị Phượng đã lựa chọn Ngọc & Ngọc luôn ở đây tư vấn đúng & đủ theo nhu cầu của từng gia đình. #AIA #Nguyenhongngocaia",baohiemnhantho.chuyenvien,BẢO HIỂM NHÂN THỌ - Hội chuyên viên tư vấn,https://www.facebook.com/groups/baohiemnhantho.chuyenvien/,Nguyễn Hồng Ngọc,https://www.facebook.com/ruby.ixu,6,5,0,0,0,1,0,0,0,1,,
28617156787896723,https://www.facebook.com/groups/congdongtuvanvienbaohiem/posts/28617156787896723/,2026-09-05,"Khi ngoài kia còn nhiều người quen biết vẫn chưa tin và đặt niềm tin vào bảo hiểm, thì ở đây, những khách hàng hoàn toàn xa lạ đã tìm đến Ngọc “ chuyển giao rủi ro & tạo dựng kế hoạch tài chính bền vững “ bằng HỢP ĐỒNG BẢO HIỂM NHÂN THỌ. 📝Ngọc luôn đặt ra câu hỏi : *Vì sao anh/chị chọn AIA? *Vì sao anh/chị chọn Hồng Ngọc? Không phải tìm một lời giải thích, mà đó chính là 1 lần nữa Ngọc xác nhận lại lời cảm ơn niềm tin khách hàng đã yêu thương chọn Ngọc làm người đồng hành❤️ 🎁Xin gửi lời cảm ơn sâu sắc đến gia đình chị Phượng đã lựa chọn Ngọc & Ngọc luôn ở đây tư vấn đúng & đủ theo nhu cầu của từng gia đình. #AIA #Nguyenhongngocaia",congdongtuvanvienbaohiem,Cộng đồng Tư vấn viên bảo hiểm,https://www.facebook.com/groups/congdongtuvanvienbaohiem/,Nguyễn Hồng Ngọc,https://www.facebook.com/ruby.ixu,0,0,0,0,0,0,0,0,0,1,,
2132085354044933,https://www.facebook.com/groups/tuvanbaohiemnhanthovn/posts/2132085354044933/,2026-09-05,"Khi ngoài kia còn nhiều người quen biết vẫn chưa tin và đặt niềm tin vào bảo hiểm, thì ở đây, những khách hàng hoàn toàn xa lạ đã tìm đến Ngọc “ chuyển giao rủi ro & tạo dựng kế hoạch tài chính bền vững “ bằng HỢP ĐỒNG BẢO HIỂM NHÂN THỌ. 📝Ngọc luôn đặt ra câu hỏi : *Vì sao anh/chị chọn AIA? *Vì sao anh/chị chọn Hồng Ngọc? Không phải tìm một lời giải thích, mà đó chính là 1 lần nữa Ngọc xác nhận lại lời cảm ơn niềm tin khách hàng đã yêu thương chọn Ngọc làm người đồng hành❤️ 🎁Xin gửi lời cảm ơn sâu sắc đến gia đình chị Phượng đã lựa chọn Ngọc & Ngọc luôn ở đây tư vấn đúng & đủ theo nhu cầu của từng gia đình. #AIA #Nguyenhongngocaia",tuvanbaohiemnhanthovn,Hiệp Hội Tư vấn Bảo hiểm Nhân thọ Việt Nam,https://www.facebook.com/groups/tuvanbaohiemnhanthovn/,Nguyễn Hồng Ngọc,https://www.facebook.com/ruby.ixu,0,0,0,0,0,0,0,0,0,0,,
1749143219626335,https://www.facebook.com/groups/hoireviewbaohiem/posts/1749143219626335/,2026-09-05,Chào a/c ạ. Em xin tư vấn về bảo hiểm này với ạ Ck em tham gia gói bảo hiểm a phát cát tường của bảo việt năm 2023 1 năm 20tr. Đóng 20 năm. Đóng được 2 kỳ chuẩn bị kì thứ 3. Nhưng em xem lại hợp đồng thì quyền lợi bảo vệ khi rủi ro quá thấp. Kể cả rủi ro về bệnh tật hay nhân thọ. Em muốn rút thì k biết rút được bao nhiêu. Em muốn rít để tham gia bảo hiểm khác có quyền lợi cao hơn. K thiên về tích luỹ nhiều. Nhờ a/c/e tư vấn giúp e ạ,hoireviewbaohiem,REVIEW BẢO HIỂM,https://www.facebook.com/groups/hoireviewbaohiem/,Anonymous participant,,11,10,1,0,0,0,0,0,1,38,https://scontent.fsgn21-1.fna.fbcdn.net/v/t39.30808-6/793901314_3743003489188126_2327675413567395332_n.jpg?stp=dst-jpg_tt6&cstp=mx720x960&ctp=s720x960&_nc_cat=102&ccb=1-7&_nc_sid=aa7b47&_nc_ohc=63ZPXbYeAD4Q7kNvwHuU0Eg&_nc_oc=AdoWc_M6Q0gXIGfBKxToykR48ieibiUoATZ3EKNHA9Ya-BKYK_eOpXtxsFj2kpDmS5Q&_nc_zt=23&_nc_ht=scontent.fsgn21-1.fna&_nc_gid=7r5Ao44RUVaYMNkH5Tn4Iw&_nc_ss=7b2a8&oh=00_AQLkoGUBB4I1TlaW_VPPmh-0N_KttxxSTVwpdkFBCuw9dQ&oe=6AA5ABD5|https://scontent.fsgn21-1.fna.fbcdn.net/v/t39.30808-6/795662053_3743003559188119_2304271252804443394_n.jpg?stp=cp6_dst-jpg_tt6&cstp=mx720x960&ctp=s720x960&_nc_cat=104&ccb=1-7&_nc_sid=aa7b47&_nc_ohc=zqF8xnNow0cQ7kNvwGM_kME&_nc_oc=Adp_ox4D1g-J0Y94g_EBZFP31NPHvK4dDT_cJb0X5EHYzHz3wWj7bpJVBF_-7GS9adk&_nc_zt=23&_nc_ht=scontent.fsgn21-1.fna&_nc_gid=7r5Ao44RUVaYMNkH5Tn4Iw&_nc_ss=7b2a8&oh=00_AQIL8ZiXt8l2NQZtIEYgNK8skC1weOL8oNgst1140TiZ-A&oe=6AA58C05|https://scontent.fsgn21-1.fna.fbcdn.net/v/t39.30808-6/796439317_3743003485854793_2644568281517908591_n.jpg?stp=cp6_dst-jpg_tt6&cstp=mx720x960&ctp=s720x960&_nc_cat=111&ccb=1-7&_nc_sid=aa7b47&_nc_ohc=0Zj4rdEJ4DEQ7kNvwGbeMWC&_nc_oc=Ado8mjYTnt4GHnsioXl1YaLIE7ixxUqXmwg58iQeJ8kEDJLHNAbgo46vognq7faGAb8&_nc_zt=23&_nc_ht=scontent.fsgn21-1.fna&_nc_gid=7r5Ao44RUVaYMNkH5Tn4Iw&_nc_ss=7b2a8&oh=00_AQI0HnRjXnWwS7tVOm2N5-Wj9kdwywan3aSO3T5HBBlMKw&oe=6AA5B126,
1749168606290463,https://www.facebook.com/groups/hoireviewbaohiem/posts/1749168606290463/,2026-09-05,"Mình đang tham gia 2 HD AIA bảo vệ 100 bệnh hiểm nghèo , thời gian đóng dài 20 năm. Mình đã đóng được 7 năm. Mỗi năm 10tr500k/ bé. Hiện giờ mình đang cảm giác đuối khi nhìn số tiền tích luỹ mỗi HD chỉ khoảng 5tr. Mình đang tìm hiểu về Bảo việt để phạm vi chi trả rộng hơn , phí rẻ hơn. Mong nhận được ý kiến khách quan của mọi người ạ.",hoireviewbaohiem,REVIEW BẢO HIỂM,https://www.facebook.com/groups/hoireviewbaohiem/,PositiveCranberry6630,,19,19,0,0,0,0,0,0,2,38,,
2248683219402965,https://www.facebook.com/groups/296975261240447/posts/2248683219402965/,2026-09-05,Góc Tuyển nhân viên...! Lương Hấp dẫn Nhiều đãi ngộ Chủ Động được Thời Gian.,296975261240447,REVIEW BẢO HIỂM NHÂN THỌ,https://www.facebook.com/groups/296975261240447/,Thy Võ,https://www.facebook.com/thyconheo,0,0,0,0,0,0,0,0,0,0,,
1749055636301760,https://www.facebook.com/groups/hoireviewbaohiem/posts/1749055636301760/,2026-09-05,"Cho mình hỏi. Mình muốn đóng hợp đồng bảo hiểm thì làm thế nào ạ? Mình cảm ơn. Mình đóng đc 11 năm rồi, nhưng quyền lợi thấp quá.",hoireviewbaohiem,REVIEW BẢO HIỂM,https://www.facebook.com/groups/hoireviewbaohiem/,Anonymous participant,,14,12,2,0,0,0,0,0,0,25,,
1749059812968009,https://www.facebook.com/groups/hoireviewbaohiem/posts/1749059812968009/,2026-09-05,"Dạ các chị ơi, Hđbh của nhà e khi mua là 1 bạn TVV cũ, tuy nhiên bây giờ bạn đã nghỉ không làm BH nữa. HĐ do bạn TVV mới phụ trách, em có muốn hỏi gì đều rất khó khăn: như là kiểm tra HĐ để bổ dung thẻ SK hoặc giảm phí đóng Bạn luôn điều hướng e mua 1 HĐ bảo hiểm mới nhưng do tài chính e hạn chế nên k mua mới đc và nếu có mua mới thì e sẽ mua của hãng khác (e k muốn bỏ trứng chung 1 giỏ, và mỗi hãng sẽ có điểm mạnh riêng chứ k phải là k mua cho bạn ấy) Giờ e muốn tìm hiểu HĐ cũ để bổ sung và nếu cân nhắc mua thêm HĐ mới thì e nên làm thế nào để được việc của mình ạ",hoireviewbaohiem,REVIEW BẢO HIỂM,https://www.facebook.com/groups/hoireviewbaohiem/,AttractiveParsnip8057,,27,27,0,0,0,0,0,0,0,32,,
1749093559631301,https://www.facebook.com/groups/hoireviewbaohiem/posts/1749093559631301/,2026-09-05,"Có khoá học nao onl hay off về cách kê khai hsyc bảo hiểm, claim và gỡ loại trừ không ạ, nhờ các a/c trong nghề giúp mình với ạ. Mình cảm ơn nhiều❤️",hoireviewbaohiem,REVIEW BẢO HIỂM,https://www.facebook.com/groups/hoireviewbaohiem/,ShinyCapybara7054,,20,18,2,0,0,0,0,0,1,19,,
1749103549630302,https://www.facebook.com/groups/hoireviewbaohiem/posts/1749103549630302/,2026-09-05,Dạ cho e hỏi thẻ sk bùng gia lực vs thẻ sk mới an tâm trọn đời. Cái nào trội bảo vệ quyền lợi hơn ạ. E đang sắp tới kì đóng phí mà đang phân vân k bt có nâng cấp k ạ,hoireviewbaohiem,REVIEW BẢO HIỂM,https://www.facebook.com/groups/hoireviewbaohiem/,RelaxingRabbit8792,,7,7,0,0,0,0,0,0,0,17,,
1749111396296184,https://www.facebook.com/groups/hoireviewbaohiem/posts/1749111396296184/,2026-09-05,ở đây có mom nào sử dụng bảo hiểm pacific cross không ạ. cho em xin ít review chân thực với ạ,hoireviewbaohiem,REVIEW BẢO HIỂM,https://www.facebook.com/groups/hoireviewbaohiem/,jolibibibi,,11,10,1,0,0,0,0,0,0,10,,
28615785341367201,https://www.facebook.com/groups/congdongtuvanvienbaohiem/posts/28615785341367201/,2026-09-05,"🔥 Nhu cầu khách hàng mới Hôm nay, chúng tôi nhận được yêu cầu tư vấn từ một số khách hàng tại Hà Nội và TP. Hồ Chí Minh quan tâm đến bảo hiểm nhân thọ và bảo hiểm sức khỏe gia đình. ✅ Nhu cầu rõ ràng ✅ Thông tin đã được xác minh ✅ Khách hàng đồng ý tư vấn 📍 Hiện tại chúng tôi đang ưu tiên liên hệ với các tư vấn viên khu vực. Nếu bạn cần thêm khách hàng phù hợp, vui lòng liên hệ riêng với tôi để thảo luận thêm. 🤝",congdongtuvanvienbaohiem,Cộng đồng Tư vấn viên bảo hiểm,https://www.facebook.com/groups/congdongtuvanvienbaohiem/,Ngoc Anh Nguyen,https://www.facebook.com/profile.php?id=61582681787678,0,0,0,0,0,0,0,0,0,1,,
2131997410720394,https://www.facebook.com/groups/tuvanbaohiemnhanthovn/posts/2131997410720394/,2026-09-05,"🔥 Nhu cầu khách hàng mới Hôm nay, chúng tôi nhận được yêu cầu tư vấn từ một số khách hàng tại Hà Nội và TP. Hồ Chí Minh quan tâm đến bảo hiểm nhân thọ và bảo hiểm sức khỏe gia đình. ✅ Nhu cầu rõ ràng ✅ Thông tin đã được xác minh ✅ Khách hàng đồng ý tư vấn 📍 Hiện tại chúng tôi đang ưu tiên liên hệ với các tư vấn viên khu vực. Nếu bạn cần thêm khách hàng phù hợp, vui lòng liên hệ riêng với tôi để thảo luận thêm. 🤝",tuvanbaohiemnhanthovn,Hiệp Hội Tư vấn Bảo hiểm Nhân thọ Việt Nam,https://www.facebook.com/groups/tuvanbaohiemnhanthovn/,Ngoc Anh Nguyen,https://www.facebook.com/profile.php?id=61582681787678,0,0,0,0,0,0,0,0,0,0,,
1619828216268145,https://www.facebook.com/groups/baohiemnhantho.chuyenvien/posts/1619828216268145/,2026-09-05,"🔥 Nhu cầu khách hàng mới Hôm nay, chúng tôi nhận được yêu cầu tư vấn từ một số khách hàng tại Hà Nội và TP. Hồ Chí Minh quan tâm đến bảo hiểm nhân thọ và bảo hiểm sức khỏe gia đình. ✅ Nhu cầu rõ ràng ✅ Thông tin đã được xác minh ✅ Khách hàng đồng ý tư vấn 📍 Hiện tại chúng tôi đang ưu tiên liên hệ với các tư vấn viên khu vực. Nếu bạn cần thêm khách hàng phù hợp, vui lòng liên hệ riêng với tôi để thảo luận thêm. 🤝",baohiemnhantho.chuyenvien,BẢO HIỂM NHÂN THỌ - Hội chuyên viên tư vấn,https://www.facebook.com/groups/baohiemnhantho.chuyenvien/,Ngoc Anh Nguyen,https://www.facebook.com/profile.php?id=61582681787678,0,0,0,0,0,0,0,0,0,0,,
2248601196077834,https://www.facebook.com/groups/296975261240447/posts/2248601196077834/,2026-09-05,"NẾU NGÀY MAI… Nguồn thu nhập chính của gia đình đột ngột bị tạm dừng, bạn nghĩ khoản tiền tiết kiệm hiện có sẽ đủ để cả nhà sống được bao lâu? 1 tháng? 3 tháng? Hay 1 năm? Đừng chỉ hỏi: “Mỗi tháng mình kiếm được bao nhiêu?” Hãy thử hỏi thêm: “Nếu không kiếm được nữa, mình trụ được bao lâu?” Đôi khi, điều đáng sợ không phải là kiếm ít tiền… mà là chưa kịp chuẩn bị cho một ngày không thể kiếm tiền.",296975261240447,REVIEW BẢO HIỂM NHÂN THỌ,https://www.facebook.com/groups/296975261240447/,Lưu Vân,https://www.facebook.com/luu.van.516449,0,0,0,0,0,0,0,0,0,0,,
28615130868099315,https://www.facebook.com/groups/congdongtuvanvienbaohiem/posts/28615130868099315/,2026-09-05,"Bố mẹ nào cần mua thẻ sức khoẻ rời ko kèm BHNT thì ib Nga ạ. Phí rẻ, trẻ em mua độc lập",congdongtuvanvienbaohiem,Cộng đồng Tư vấn viên bảo hiểm,https://www.facebook.com/groups/congdongtuvanvienbaohiem/,Nga Nguyen,https://www.facebook.com/nga.nguyen.235565,6,5,1,0,0,0,0,0,0,0,,
2248533912751229,https://www.facebook.com/groups/296975261240447/posts/2248533912751229/,2026-09-05,Khi nào tiền làm việc cho mình?,296975261240447,REVIEW BẢO HIỂM NHÂN THỌ,https://www.facebook.com/groups/296975261240447/,Van Hien Chu,https://www.facebook.com/van.hien.chu.797809,0,0,0,0,0,0,0,0,0,0,,
2131880080732127,https://www.facebook.com/groups/tuvanbaohiemnhanthovn/posts/2131880080732127/,2026-09-05,"BẢO VỆ SỨC KHỎE CHO MẸ – AN TÂM ĐỒNG HÀNH CÙNG CON 💚 MonCare Elite V2 mang đến giải pháp bảo vệ cho cả nhu cầu chăm sóc sức khỏe trẻ em và thai sản, với nhiều mức quyền lợi để lựa chọn theo nhu cầu và ngân sách. 👶 BẢO HIỂM SỨC KHỎE CHO BÉ ✅ Bé có thể tham gia độc lập từ 15 ngày tuổi, không cần tham gia kèm BHNT ✅ Thời gian chờ bệnh thông thường chỉ 30 ngày ✅ Quyền lợi nội trú/phẫu thuật lên đến 200 triệu đồng/năm ✅ Quyền lợi ngoại trú lên đến 20 triệu đồng/năm ✅ Nhiều lựa chọn từ Elite 1 đến Elite 4, phù hợp với từng mức ngân sách ✅ Đồng chi trả 70/30 tại bệnh viện công lập, tư nhân và quốc tế 🤰 BẢO HIỂM THAI SẢN – CHỦ ĐỘNG CHO HÀNH TRÌNH LÀM MẸ 🌸 Quyền lợi sinh đẻ & biến chứng thai sản lên đến 40 triệu đồng 🌸 Có quyền lợi khám thai định kỳ 🌸 Hỗ trợ chi phí điều trị dị tật bẩm sinh cho bé theo hạn mức chương trình 🌸 Quyền lợi nội trú do ốm bệnh lên đến 200 triệu đồng/năm 🌸 Thời gian chờ thai sản 270 ngày, khám thai 90 ngày Điểm quan trọng của bảo hiểm thai sản là **không nên chờ đến khi mang thai mới tìm hiểu**. Nếu đã có kế hoạch sinh em bé, chuẩn bị bảo hiểm từ sớm sẽ giúp bạn chủ động hơn về thời gian chờ và kế hoạch tài chính. 📞 Liên hệ tư vấn: **Ms Hiền – 0987 574 138** ngay hôm nay!",tuvanbaohiemnhanthovn,Hiệp Hội Tư vấn Bảo hiểm Nhân thọ Việt Nam,https://www.facebook.com/groups/tuvanbaohiemnhanthovn/,Thu Hien,https://www.facebook.com/thu.hien.177088,1,1,0,0,0,0,0,0,0,0,https://scontent.fsgn21-1.fna.fbcdn.net/v/t39.99422-6/797745183_1120989246919832_4534805429360165197_n.png?stp=dst-jpg_tt6&cstp=mx1054x1492&ctp=p843x403&_nc_cat=100&ccb=1-7&_nc_sid=aa7b47&_nc_ohc=RQ22joVuQ8YQ7kNvwEmCQpR&_nc_oc=AdqQv5IWUWx0H6lRQLOdXPAYf4CfYDHlUSw4O3mktu9CgK_J4Qi2828eZx89BjMcBCo&_nc_zt=14&_nc_ht=scontent.fsgn21-1.fna&_nc_gid=R2nn2kXrNom5slubgTJeEQ&_nc_ss=7b2a8&oh=00_AQI8zzVU2CuzxLJ9dJ0lIt4DkmW6AKXqSjNv5cEpcgHK3Q&oe=6AA58B86|https://scontent.fsgn21-1.fna.fbcdn.net/v/t39.99422-6/792766694_929815743514741_7115472572693474557_n.png?stp=dst-jpg_tt6&cstp=mx1054x1492&ctp=p843x403&_nc_cat=110&ccb=1-7&_nc_sid=aa7b47&_nc_ohc=GEG5kz6eIQMQ7kNvwFgc-y7&_nc_oc=AdrIjGnPJ4Vk1qD9On2zkqsXSWQEfB9LcD2OjRfTIOuKZuHyooDc09oR5ySRKFmMBA8&_nc_zt=14&_nc_ht=scontent.fsgn21-1.fna&_nc_gid=R2nn2kXrNom5slubgTJeEQ&_nc_ss=7b2a8&oh=00_AQLliD_YqpnWUqzOXce4VtqcRhw1O6xNIKW1H7Bwrm79jQ&oe=6AA594CF|https://scontent.fsgn21-1.fna.fbcdn.net/v/t39.99422-6/793236001_2393153004549957_4768980456654117412_n.png?stp=dst-jpg_tt6&cstp=mx386x511&ctp=s386x511&_nc_cat=101&ccb=1-7&_nc_sid=aa7b47&_nc_ohc=xSume2YY7noQ7kNvwGgUkvt&_nc_oc=Ados79QDtgl1kBKY4_dMu8Vou33wZmvwCOzYGzDE8sBQnhLp49jx-5wf3axoMGJNljY&_nc_zt=14&_nc_ht=scontent.fsgn21-1.fna&_nc_gid=R2nn2kXrNom5slubgTJeEQ&_nc_ss=7b2a8&oh=00_AQIpRXAmDAG6f-xWdSSatSpVs4_8sIGZyy5Sw4Qxzwjedg&oe=6AA5BAC5|https://scontent.fsgn21-1.fna.fbcdn.net/v/t39.99422-6/793868491_38484788077801247_1771681381284381119_n.png?stp=dst-jpg_tt6&cstp=mx387x543&ctp=s387x543&_nc_cat=107&ccb=1-7&_nc_sid=aa7b47&_nc_ohc=sUIJaTxse5QQ7kNvwE9drhc&_nc_oc=AdqRVm6y7HgwfeAJGIKvQP_VXCkiLiwXo-q0Us9hGYX0d2BlF4tFXnikYo-42ClE4MI&_nc_zt=14&_nc_ht=scontent.fsgn21-1.fna&_nc_gid=R2nn2kXrNom5slubgTJeEQ&_nc_ss=7b2a8&oh=00_AQJWybEZgz1mUwo1XfGNJOA5uQWg-hFCslkcqwdQXeU4bw&oe=6AA590D0|https://scontent.fsgn21-1.fna.fbcdn.net/v/t39.99422-6/796808911_2028649427840433_8704589100737060126_n.png?stp=dst-jpg_tt6&cstp=mx384x489&ctp=s384x489&_nc_cat=103&ccb=1-7&_nc_sid=aa7b47&_nc_ohc=2LeGxOlQTz8Q7kNvwGU7A-X&_nc_oc=AdqGqplA-gQJx2tMaHtMVD1Vu3MlSoTDhuZJf5uKYLn0Upx6JyQAZTf077noIA3XEa4&_nc_zt=14&_nc_ht=scontent.fsgn21-1.fna&_nc_gid=R2nn2kXrNom5slubgTJeEQ&_nc_ss=7b2a8&oh=00_AQJ0x-Wuzu0A5tA4R-q14iQz54q_t8Rem4Rvve4U8eN-gA&oe=6AA5A006,
2130991557487646,https://www.facebook.com/groups/tuvanbaohiemnhanthovn/posts/2130991557487646/,2026-09-05,Hôm nay mới biết đấy 😮 Mua bảo hiểm du lịch quốc tế online tại. https://online.moncover.vn/bao-hiem-du-lich-quoc-te,tuvanbaohiemnhanthovn,Hiệp Hội Tư vấn Bảo hiểm Nhân thọ Việt Nam,https://www.facebook.com/groups/tuvanbaohiemnhanthovn/,Bảo hiểm online,https://www.facebook.com/profile.php?id=61559366671511,0,0,0,0,0,0,0,0,0,0,,
1748536526353671,https://www.facebook.com/groups/hoireviewbaohiem/posts/1748536526353671/,2026-09-05,"28: NẾU 1 NĂM KHÔNG BỆNH, KHÔNG DÙNG THẺ THÌ CÓ MẤT PHÍ VÔ ÍCH KHÔNG? 🤔 Nhiều khách hàng hỏi Quỳnh: “Cả năm tôi khỏe mạnh, không nằm viện, không dùng đến Thẻ Sức Khỏe thì tiền phí đó có phải mất vô ích không?” 👉 Không nên hiểu như vậy. Phí bảo hiểm được đóng để duy trì hiệu lực bảo hiểm và các quyền lợi bảo vệ theo hợp đồng trong thời gian tham gia. Nếu một năm trôi qua mà mình khỏe mạnh, không phải nhập viện và không phát sinh yêu cầu giải quyết quyền lợi bảo hiểm thì đó đã là một điều rất đáng mừng. ❤️ Bởi bảo hiểm sức khỏe không phải khoản tiết kiệm để tính rằng: “Năm nay đóng bao nhiêu thì phải dùng lại cho đủ bấy nhiêu.” Giá trị quan trọng nằm ở sự CHỦ ĐỘNG: khi chẳng may phát sinh rủi ro sức khỏe thuộc phạm vi bảo hiểm, mình đã có một giải pháp hỗ trợ tài chính theo quyền lợi, giới hạn và điều kiện của hợp đồng. 💡 Không ai mong mình phải dùng đến bảo hiểm. Điều chúng ta mong là luôn khỏe mạnh – nhưng nếu rủi ro xảy ra, mình đã có sự chuẩn bị. Bạn đang cân nhắc có nên duy trì Thẻ Sức Khỏe cho bản thân hoặc gia đình? 👉 Nhắn Quỳnh để cùng xem lại nhu cầu và quyền lợi phù hợp trước khi quyết định. MDRT Lưu Đường Quỳnh – Quỳnh Lucky ☎️ 0902.148.126 #quynhluckybaohiem #baohiemnhantho #generaliVietnam #CC01 Thông tin mang tính tham khảo. Quyền lợi, phạm vi bảo hiểm, loại trừ, điều kiện chi trả và tái tục thực hiện theo Quy tắc & Điều khoản sản phẩm Generali và hợp đồng bảo hiểm áp dụng tại từng thời điểm.",hoireviewbaohiem,REVIEW BẢO HIỂM,https://www.facebook.com/groups/hoireviewbaohiem/,Luu Duong Quynh,https://www.facebook.com/luuduongquynh.quynh,1,1,0,0,0,0,0,0,0,0,,
1748664309674226,https://www.facebook.com/groups/hoireviewbaohiem/posts/1748664309674226/,2026-09-05,Cho em hỏi hệ số bảo hiểm với dòng liên kết đầu tư của bên nào đang cao nhất cho người dưới 30 ạ,hoireviewbaohiem,REVIEW BẢO HIỂM,https://www.facebook.com/groups/hoireviewbaohiem/,Anonymous participant,,8,8,0,0,0,0,0,0,1,20,,
1619688049615495,https://www.facebook.com/groups/baohiemnhantho.chuyenvien/posts/1619688049615495/,2026-09-05,"MỜI HỢP TÁC DÀNH CHO ANH/CHỊ ĐANG LÀM BẢO HIỂM Anh/chị đang làm bảo hiểm, có sẵn tệp khách hàng và thường xuyên chăm sóc khách? Bên mình đang phát triển chuỗi 500 SPA dưỡng sinh Đông y & làm đẹp công nghệ cao toàn quốc. Anh/chị chỉ cần kết nối khách hàng, công ty lo toàn bộ mặt bằng, nhân sự, quy trình và vận hành. Đặc biệt, công ty tài trợ voucher để anh/chị tặng khách hàng, tạo thêm giá trị và xây dựng mối quan hệ lâu dài. Chia lợi nhuận 60% – 40% Quỹ thưởng toàn quốc 5,8% doanh số + thưởng quý 1,6%. Không cần đầu tư vốn. Có thể kết hợp song song với công việc bảo hiểm. Quan tâm IB mình trao đổi chi tiết nhé!",baohiemnhantho.chuyenvien,BẢO HIỂM NHÂN THỌ - Hội chuyên viên tư vấn,https://www.facebook.com/groups/baohiemnhantho.chuyenvien/,Cao Xuân Tỉnh,https://www.facebook.com/cao.xuan.tinh.14131,2,2,0,0,0,0,0,0,0,0,,
28613543048258097,https://www.facebook.com/groups/congdongtuvanvienbaohiem/posts/28613543048258097/,2026-09-05,"HỢP TÁC KHAI THÁC CHÉO TỆP KHÁCH HÀNG Có sẵn tệp khách hàng và kỹ năng kết nối? Bên mình đang phát triển chuỗi 500 SPA dưỡng sinh Đông y & làm đẹp công nghệ cao toàn quốc 👉 Anh/chị chỉ cần kết nối khách hàng – công ty lo toàn bộ. 💰 Chia lợi nhuận 60% – 40% Quỹ thưởng 5,8% doanh số + thưởng quý 1,6% tâm IB mình nhé!",congdongtuvanvienbaohiem,Cộng đồng Tư vấn viên bảo hiểm,https://www.facebook.com/groups/congdongtuvanvienbaohiem/,Cao Xuân Tỉnh,https://www.facebook.com/cao.xuan.tinh.14131,4,4,0,0,0,0,0,0,0,0,,
1619440332973600,https://www.facebook.com/groups/baohiemnhantho.chuyenvien/posts/1619440332973600/,2026-09-04,"𝑴𝙪𝒂 𝒃𝙖̉𝒐 𝒉𝙞𝒆̂̉𝙢 𝙘𝒉𝙤 𝙘𝒐𝙣 𝙣𝒉𝙪̛ 𝙩𝒉𝙚̂́ 𝙣𝒂̀𝙤? 50% khách hàng của mình tìm mua bảo hiểm là vì con. Mình cũng không ngoại lệ. Có con rồi mới đủ thứ lo, lo hơn cả là nếu mình làm sao thì con sẽ sống thế nào. Và mình luôn đặt sự ưu tiên cho Con lên hàng đầu: chọn trường tốt nhất cho con, quần áo cũng đẹp nhất, sữa xịn, dịch vụ y tế tốt nhất NHƯNG đã bao giờ Ba Mẹ suy nghĩ: “𝐕𝐚̣̂𝐲 𝐦𝐮𝐚 𝐛𝐚̉𝐨 𝐡𝐢𝐞̂̉𝐦 𝐜𝐡𝐨 𝐛𝐞́ 𝐭𝐡𝐞̂́ 𝐧𝐚̀𝐨 𝐦𝐨̛́𝐢 đ𝐮́𝐧𝐠” ✅ Ưu tiên bảo vệ 𝑩𝒂 𝑴𝒆̣ trước. Con là 𝑵𝒈𝒖̛𝒐̛̀𝒊 𝑻𝒉𝒖̣ 𝑯𝒖̛𝒐̛̉𝒏𝒈. Nếu ba mẹ có bảo hiểm rồi thì sẽ tới con. ✅ 𝑻𝒉𝒆̉ 𝒔𝒖̛́𝒄 𝒌𝒉𝒐𝒆̉ nội trú là quan trọng nhất để đảm bảo chăm sóc y tế con một cách tốt nhất. Nếu có điều kiện ưu tiên thêm ngoại trú cho con. ✅ Bảo hiểm nhân thọ cho bé sẽ hoặc chọn thiên về 𝒕𝒊́𝒄𝒉 𝒍𝒖𝒚̃ để đảm tài chính cho con ăn học tới nơi tới chốn, hoặc 𝒃𝒂̉𝒐 𝒗𝒆̣̂ 𝒕𝒐𝒂̀𝒏 𝒅𝒊𝒆̣̂𝒏 Ung thư và Bệnh hiểm nghèo để ba mẹ hoàn toàn yên tâm về sức khoẻ của con. Vậy nên nếu có thời gian Ba Mẹ hãy tìm hiểu cho các con nha - Em Thuỷ sẵn sàng tư vấn và luôn đồng hành cùng Ba Mẹ lựa chọn điều tốt nhất cho con 💗 #baohiemchobe #baohiemnhantho",baohiemnhantho.chuyenvien,BẢO HIỂM NHÂN THỌ - Hội chuyên viên tư vấn,https://www.facebook.com/groups/baohiemnhantho.chuyenvien/,Thuy Nguyen,https://www.facebook.com/thuygeneralibr,1,1,0,0,0,0,0,0,0,0,,
28608387295440339,https://www.facebook.com/groups/congdongtuvanvienbaohiem/posts/28608387295440339/,2026-09-04,Em cần tư vấn các loại bảo hiểm ib zl hoặc dthoai em ạ 094 6433653,congdongtuvanvienbaohiem,Cộng đồng Tư vấn viên bảo hiểm,https://www.facebook.com/groups/congdongtuvanvienbaohiem/,Vẹt Hấp Dẫn5757,,5,5,0,0,0,0,0,0,0,7,,
2248116486126305,https://www.facebook.com/groups/296975261240447/posts/2248116486126305/,2026-09-04,"Xin phép BQT! 🎥 SJCAM SJ20 Dual Lens – Camera hành động & Camera hành trình quay đêm vượt trội ✅ 2 ống kính ngày & đêm – ghi hình rõ nét trong cả điều kiện thiếu sáng. ✅ Quay video 4K, chụp ảnh 20MP, màu sắc chân thực, chi tiết sắc nét. ✅ Chống rung 6 trục Gyro cho video mượt mà khi di chuyển. ✅ Dash Cam Mode + Loop Recording – sử dụng như camera hành trình cho ô tô, xe máy. ✅ Màn hình kép, hỗ trợ Livestream, Webcam, Time-lapse, Slow Motion, kết nối Wi-Fi 2.4/5GHz. 📌 Lựa chọn lý tưởng cho phượt, moto, xe đạp, ô tô, câu cá, du lịch, Vlog, POV, TikTok và Livestream. 📞 GMARK – Hotline/Zalo: 0916 433 486 #SJCAM #SJ20 #DualLens #CameraHanhDong #CameraHanhTrinh #Camera4K #QuayDem #POV #Vlog #Livestream #Moto #XeDap #DuLich #Gmark",296975261240447,REVIEW BẢO HIỂM NHÂN THỌ,https://www.facebook.com/groups/296975261240447/,SJCAM ActionCam Gmark.vn,https://www.facebook.com/SjcamActionCamGmark,0,0,0,0,0,0,0,0,0,0,,
2109308606336941,https://www.facebook.com/groups/boithuongbh/posts/2109308606336941/,2026-09-04,"**Quy định Thêm/Bớt/Tăng/ Giảm các dòng thẻ tại Manulife hiện nay ** Post này gửi tặng các anh chị em đồng nghiệp nhà Man, và các anh chị em support KH đang sở hữu thẻ nhà Man về quy định thay đổi quyền lợi thẻ, đặc biệt dòng thẻ mới HC2024_PBCT để không bỏ lỡ các quyền lợi của KH Chúc anh chị em Tháng 9 rực rỡ <3 #manulife #boithuongbaohiem #thuhangbaohiem",boithuongbh,BỒI THƯỜNG BẢO HIỂM,https://www.facebook.com/groups/boithuongbh/,Thu Hằng Nguyễn,https://www.facebook.com/hang68manu,7,6,1,0,0,0,0,0,0,0,,
2248112502793370,https://www.facebook.com/groups/296975261240447/posts/2248112502793370/,2026-09-04,Khi bạn còn đang phân vân thì các khách khác đã được Gen bảo vệ và thanh toán hàng trăm triệu đồng,296975261240447,REVIEW BẢO HIỂM NHÂN THỌ,https://www.facebook.com/groups/296975261240447/,Tô Quốc Kiệt,https://www.facebook.com/Kiet.MDRT,1,1,0,0,0,0,0,0,0,0,,
2131481134105355,https://www.facebook.com/groups/tuvanbaohiemnhanthovn/posts/2131481134105355/,2026-09-04,"Xin phép BQT! 🎥 SJCAM SJ20 Dual Lens – Camera hành động & Camera hành trình quay đêm vượt trội ✅ 2 ống kính ngày & đêm – ghi hình rõ nét trong cả điều kiện thiếu sáng. ✅ Quay video 4K, chụp ảnh 20MP, màu sắc chân thực, chi tiết sắc nét. ✅ Chống rung 6 trục Gyro cho video mượt mà khi di chuyển. ✅ Dash Cam Mode + Loop Recording – sử dụng như camera hành trình cho ô tô, xe máy. ✅ Màn hình kép, hỗ trợ Livestream, Webcam, Time-lapse, Slow Motion, kết nối Wi-Fi 2.4/5GHz. 📌 Lựa chọn lý tưởng cho phượt, moto, xe đạp, ô tô, câu cá, du lịch, Vlog, POV, TikTok và Livestream. 📞 GMARK – Hotline/Zalo: 0916 433 486 #SJCAM #SJ20 #DualLens #CameraHanhDong #CameraHanhTrinh #Camera4K #QuayDem #POV #Vlog #Livestream #Moto #XeDap #DuLich #Gmark",tuvanbaohiemnhanthovn,Hiệp Hội Tư vấn Bảo hiểm Nhân thọ Việt Nam,https://www.facebook.com/groups/tuvanbaohiemnhanthovn/,SJCAM ActionCam Gmark.vn,https://www.facebook.com/SjcamActionCamGmark,0,0,0,0,0,0,0,0,0,0,,
2248068512797769,https://www.facebook.com/groups/296975261240447/posts/2248068512797769/,2026-09-04,"🔥 KHÔNG MUỐN MUA BẢO HIỂM NHÂN THỌ, VẪN MUỐN CÓ BẢO HIỂM SỨC KHỎE CHO BÉ? Ba mẹ có con nhỏ, đặc biệt là bé sơ sinh, nên lưu lại gói này để tham khảo: Fuse Care – TechcomInsurance. Điểm Thủy đánh giá rất đáng chú ý là bé có thể tham gia độc lập từ 15 ngày tuổi, không bắt buộc phải tham gia kèm bảo hiểm nhân thọ. ✨ Vì sao Fuse Care đáng để ba mẹ cân nhắc? • Bé tham gia độc lập từ 15 ngày tuổi • Nội trú tùy chương trình lên đến 400 triệu • Ngoại trú lên đến 40 triệu • Tiền phòng lên đến 6 triệu/ngày • Phẫu thuật lên đến 400 triệu ⏰ Thời gian chờ khá dễ nhớ: • Bệnh thông thường: 30 ngày • Bệnh hô hấp: 60 ngày • Bệnh đặc biệt/bệnh có sẵn: 1 năm 🏥 Về chi trả: • Bệnh viện công: đến 100% hạn mức theo điều kiện chương trình • Bệnh viện tư/khoa dịch vụ: đồng chi trả 80/20 • Có thể bảo lãnh viện phí hoặc gửi hồ sơ yêu cầu bồi thường qua app Đặc biệt, theo chương trình áp dụng, nếu bé tham gia cùng bố/mẹ có thể được chi trả 100% tại bệnh viện theo điều kiện quyền lợi. 👉 Đây là một lựa chọn khá hiếm và đáng tham khảo với ba mẹ đang tìm bảo hiểm sức khỏe độc lập cho bé sơ sinh, đặc biệt là gia đình chưa muốn tham gia bảo hiểm nhân thọ nhưng vẫn muốn chuẩn bị nội trú – ngoại trú cho con từ sớm. Thủy lưu ý: quyền lợi thực tế còn phụ thuộc chương trình, hồ sơ sức khỏe, thời gian chờ và điều khoản bảo hiểm. Vì vậy đừng chỉ nhìn vào mức phí — cần xem tuổi bé + tiền sử bệnh + bệnh viện thường sử dụng + nhu cầu nội/ngoại trú. 📩 Ba mẹ muốn Thủy tính phí đúng theo tuổi của bé và so sánh các gói phù hợp, INBOX NGAY Thủy sẽ phân tích rõ ưu – nhược điểm trước khi gia đình quyết định. Lệ Thủy Bảo Hiểm | Giám đốc Ban Kinh Doanh TOT 2026 | Top 0,1% tư vấn tài chính xuất sắc toàn cầu 📲 Zalo tư vấn: 0971 093 368 📍 Văn phòng: Tòa nhà 7A Lam Sơn, P.2, Q. Tân Bình, TP.HCM (gần sân bay Tân Sơn Nhất) #baohiemchobe #baohiemsuckhoechobe #baohiemchobesosinh #FuseCare #lethuybaohiem",296975261240447,REVIEW BẢO HIỂM NHÂN THỌ,https://www.facebook.com/groups/296975261240447/,Lệ Thủy Bảo Hiểm,https://www.facebook.com/lethuybaohiemdaiichi,0,0,0,0,0,0,0,0,0,0,,
28606478435631225,https://www.facebook.com/groups/congdongtuvanvienbaohiem/posts/28606478435631225/,2026-09-04,😍BÌNH GIỮ NHIỆT 300ML ❤ Giá tận xưởng không qua trung gian Nhận in ấn logo theo yêu cầu Liên hệ: 0906742246 để được tư vấn chi tiết #Cavoilam #Binhgiunhiet #Quatangdoanhnghiejp,congdongtuvanvienbaohiem,Cộng đồng Tư vấn viên bảo hiểm,https://www.facebook.com/groups/congdongtuvanvienbaohiem/,Thương Cá Voi Lam,https://www.facebook.com/profile.php?id=61586232241379,0,0,0,0,0,0,0,0,0,1,,
2109203366347465,https://www.facebook.com/groups/boithuongbh/posts/2109203366347465/,2026-09-04,Hiện tại mình có hồ sơ khám chữa bênh tại bệnh viện Nhi Trung Ương cần làm hồ sơ yêu cầu bồi hoàn bảo hiểm. nhưng bên bảo hiểm yêu cầu phải có đóng dấu đỏ trên bảng kê chi phí và hóa đơn điện tử thì mới thực hiện bồi thường còn bệnh viện thì báo bệnh viện không cần đóng dấu trên những chứng từ này thì phải xử lý như thế nào ạ.,boithuongbh,BỒI THƯỜNG BẢO HIỂM,https://www.facebook.com/groups/boithuongbh/,Anonymous participant,,9,7,1,1,0,0,0,0,0,22,,
2247986492805971,https://www.facebook.com/groups/296975261240447/posts/2247986492805971/,2026-09-04,"CON CÓ BA MẸ ĐỂ LO… VẬY BA MẸ ỐM, AI LO? ❤️ Ngày con còn nhỏ, ba mẹ lo từng bữa ăn, giấc ngủ. Con lớn lên, ba mẹ vẫn âm thầm lo cho con từng chút một. Nhưng có một điều đôi khi chúng ta quên mất: 👉 Sức khỏe của ba mẹ cũng cần được chuẩn bị và bảo vệ. Bởi nếu một ngày ba mẹ nằm viện, chi phí điều trị ai sẽ lo? Con có thể lo được tiền viện phí, nhưng đừng để con vừa lo cho ba mẹ, vừa lo áp lực tài chính. Một kế hoạch bảo vệ sức khỏe phù hợp có thể giúp ba mẹ chủ động hơn khi ốm đau, giảm gánh nặng viện phí và an tâm điều trị. 💗 Con có ba mẹ để yêu thương. Ba mẹ có một kế hoạch để được bảo vệ. Nếu ba mẹ mình chưa có giải pháp bảo vệ sức khỏe, Ngọc Trần có thể cùng gia đình tìm một phương án phù hợp nhé. 🌷 📲Hotline : 0909 009 849 🏠 Địa chỉ: số 7 a Lam Sơn, phường Tân Sơn Hoà #NgọcTrầnBảoHiểm #BảoVệBaMẹ #SứcKhỏeGiaĐình #YêuThươngLàCóKếHoạch",296975261240447,REVIEW BẢO HIỂM NHÂN THỌ,https://www.facebook.com/groups/296975261240447/,Trần Hồng Ngọc,https://www.facebook.com/su.pink.393,0,0,0,0,0,0,0,0,0,0,https://scontent.fsgn21-1.fna.fbcdn.net/v/t39.30808-6/795582543_4121012508195829_6768412966073939704_n.jpg?stp=dst-jpg_tt6&cstp=mx2048x2048&ctp=s2048x2048&_nc_cat=105&ccb=1-7&_nc_sid=aa7b47&_nc_ohc=oMZDu3jECOoQ7kNvwF_6Kz0&_nc_oc=AdrGDZXLeUBcmhamtlIy7JQAEFjtQs713rQs5EeNAPaxoIfW7mEHq7UfYoCq8-bEp5A&_nc_zt=23&_nc_ht=scontent.fsgn21-1.fna&_nc_gid=_hPhWkiuzJ04SfXmPrCEDg&_nc_ss=7b2a8&oh=00_AQK02fTgbwnCwe5pEIDg4sFgy2a0jy1Y1qPyD1-YjtwAsw&oe=6AA59D60|https://scontent.fsgn21-1.fna.fbcdn.net/v/t39.30808-6/793867723_4121012514862495_8647016209852091551_n.jpg?stp=dst-jpg_tt6&cstp=mx2048x2048&ctp=s2048x2048&_nc_cat=106&ccb=1-7&_nc_sid=aa7b47&_nc_ohc=tvugKHaIS6YQ7kNvwEjTv5G&_nc_oc=Adpk7YbXBgxAihybbeVadVkpowJ7i0clJ8KMS3mun1FU-cChFmdNG7oXpdfroggLPnw&_nc_zt=23&_nc_ht=scontent.fsgn21-1.fna&_nc_gid=_hPhWkiuzJ04SfXmPrCEDg&_nc_ss=7b2a8&oh=00_AQJPrQvV7y8QvzFbYg11mB7L3a4MWdKGTkdxkVcZwCYrUg&oe=6AA5B355,
1748515263022464,https://www.facebook.com/groups/hoireviewbaohiem/posts/1748515263022464/,2026-09-04,Tìm sales bảo hiểm BIC có tâm ạ,hoireviewbaohiem,REVIEW BẢO HIỂM,https://www.facebook.com/groups/hoireviewbaohiem/,Anonymous participant,,9,8,1,0,0,0,0,0,0,16,,
1748481533025837,https://www.facebook.com/groups/hoireviewbaohiem/posts/1748481533025837/,2026-09-04,E chào anh chị tư vấn ạ. E có tham thẻ gen ngoại trú. Hđ gần 1 năm. Đã kê khai bệnh đày đủ. Trước chưa bao giờ đi khâm vú. Bữa e hơi đau vú nên đi khám ra nang vú + bs ko có thuốc + tái khám 1 năm sau. Có e hỏi như vậy bên Gen có hỗ trợ e ko ạ? E cảm ơn,hoireviewbaohiem,REVIEW BẢO HIỂM,https://www.facebook.com/groups/hoireviewbaohiem/,Anonymous participant,,7,6,1,0,0,0,0,0,0,25,,
1748425176364806,https://www.facebook.com/groups/hoireviewbaohiem/posts/1748425176364806/,2026-09-04,"Hi anh chị, Nhờ mọi người tư vấn giúp em về bảo hiểm trước khi mang thai ạ ❤️ Em đang có kế hoạch mang thai nên muốn tìm hiểu **bảo hiểm trước khi có bầu**, nhưng hiện tại chưa hiểu rõ trên thị trường có những loại nào và nên ưu tiên loại nào. Em muốn hỏi các anh/chị đã có kinh nghiệm hoặc đang làm trong ngành bảo hiểm giúp em một số vấn đề: 1. Trước khi mang thai thì có những loại bảo hiểm nào nên tìm hiểu? 2. Nếu mục tiêu chính là **giảm chi phí khám thai – sinh con – nằm viện**, thì nên ưu tiên loại bảo hiểm nào? 3. **Thời gian chờ thai sản** của từng loại thường là bao lâu? Có phải mua trước khi có thai mới được hưởng không? Nếu mua rồi mới mang thai thì trường hợp nào được/không được chi trả? 4. Quyền lợi thai sản thường bao gồm những khoản nào? * Khám thai * Siêu âm/xét nghiệm * Sinh thường * Sinh mổ * Biến chứng thai sản * Nằm viện * Chăm sóc mẹ và bé sau sinh * Trẻ sơ sinh/NICU Mỗi khoản thường có **hạn mức và điều kiện** như thế nào? 5. **Những trường hợp nào dễ bị từ chối chi trả hoặc loại trừ?** Đặc biệt là bệnh/tiền sử bệnh có từ trước, thai có nguy cơ cao, sinh mổ theo chỉ định, biến chứng thai kỳ... 6. Khi mua bảo hiểm cần đặc biệt kiểm tra những điều khoản nào trong hợp đồng? Có những “điểm nhỏ” nào tư vấn viên thường không nói rõ nhưng người mua cần biết không ạ? 7. **Nên mua trước khi dự định có thai bao lâu** để có thời gian chờ phù hợp và tránh trường hợp mua xong đã có thai nhưng không được hưởng? 8. Có cần mua riêng **bảo hiểm cho mẹ và bảo hiểm cho em bé** không? Nếu có thì nên mua từ thời điểm nào? 9. Nếu đã có **BHYT và BHXH bắt buộc qua công ty** thì có cần mua thêm bảo hiểm sức khỏe/thai sản tư nhân không? Hai loại này có thể sử dụng kết hợp như thế nào? 10. Về chi phí, mọi người có thể chia sẻ ""mức phí khoảng bao nhiêu/năm và quyền lợi thực tế nhận được"" không ạ? Em ưu tiên tìm hiểu ""quyền lợi thực tế, điều khoản hợp đồng và trải nghiệm bồi thường"", không cần tư vấn bán hàng. Nếu anh/chị nào đã từng mua và sử dụng bảo hiểm khi sinh em bé, cho em xin kinh nghiệm thực tế với ạ. **Đặc biệt mong mọi người chia sẻ giúp em: nếu được quay lại thời điểm trước khi mang thai, mọi người sẽ mua loại bảo hiểm nào và sẽ kiểm tra điều khoản gì đầu tiên?** Em cảm ơn mọi người rất nhiều ạ🫶",hoireviewbaohiem,REVIEW BẢO HIỂM,https://www.facebook.com/groups/hoireviewbaohiem/,Anonymous participant,,10,8,2,0,0,0,0,0,0,26,,
1748414159699241,https://www.facebook.com/groups/hoireviewbaohiem/posts/1748414159699241/,2026-09-04,"Hello mn. mình chưa có nhu cầu mua bảo hiểm nhưng mong muốn tìm kiếm giải pháp để sang năm mua bảo hiểm cho cả nhà. Nhà mình có vkck (ck 90, vk 92) và 2 con nhỏ (4,7 tuổi) Hiện tại: - Mình xài BV Bạch Kim. - Vk mình có PVI công ty, MIC tự mua hạng bạc. - 2 con mình MIC hạng bạc. Tổng chi phí mua bảo hiểm năm vừa rồi là khoảng 20 triệu cho 4 thẻ mua riêng. Vk ck đều đang tham gia bhnt bên AIA Con mình 7 tuổi có mua BV BHNT. Mình đang mong muốn quy về 1 mối về vấn đề mua thẻ BH. Vậy mình nên chọn mua bên nào thì hợp lý ạ. Mong muốn là tiền nằm viện 3-5tr/ngày, tăng phí khi tái tục ở mức nhẹ nhàng. Khoản chi có thể chi đến 25M là max.",hoireviewbaohiem,REVIEW BẢO HIỂM,https://www.facebook.com/groups/hoireviewbaohiem/,Anonymous participant,,17,16,1,0,0,0,0,0,0,31,,
1748381123035878,https://www.facebook.com/groups/hoireviewbaohiem/posts/1748381123035878/,2026-09-04,"Em ở HCM, có kế hoạch thả bầu tháng 11 năm nay, bé đầu tiên nên cũng chưa biết được sinh thường hay sinh mổ, em cũng chưa chọn bệnh viện sinh (dự tính bv tư/bv công dịch vụ chất lượng cao). Em đi làm công ty có được công ty mua bảo hiểm sức khoẻ cho nhân viên (PJICO), có BHYT, ko có bảo hiểm nhân thọ. Em đang tìm hiểu về bảo hiểm thai sản/hoặc thai sản kèm nhân thọ. Không biết hiện nay có những gói bảo hiểm nào phù hợp và khi đồng kết hợp vs cả BHYT và PJICO có thể được hưởng quyền lợi thai sản tối ưu nhất ạ...",hoireviewbaohiem,REVIEW BẢO HIỂM,https://www.facebook.com/groups/hoireviewbaohiem/,Anonymous participant,,11,11,0,0,0,0,0,0,0,22,,
1748368029703854,https://www.facebook.com/groups/hoireviewbaohiem/posts/1748368029703854/,2026-09-04,Mình muốn mua thẻ bảo hiểm sức khoẻ cho bé 8 tháng tuổi ạ Phí tầm 3-4tr/ năm thôi ạ Xin tư vấn,hoireviewbaohiem,REVIEW BẢO HIỂM,https://www.facebook.com/groups/hoireviewbaohiem/,FascinatingTulip9090,,10,9,1,0,0,0,0,0,0,19,,
1748364439704213,https://www.facebook.com/groups/hoireviewbaohiem/posts/1748364439704213/,2026-09-04,"Có nhà mom nào mua Gen nhưng chỉ mua Nội trú không ạ, cho em xin 1 cánh tay với =))) Ngoại trú lại thêm 6tr nữa, mua thì over budget, nhưng không mua thì em cứ sợ thiếu, không yên tâm huhu Khó nghĩ quá các mom ạ T_T",hoireviewbaohiem,REVIEW BẢO HIỂM,https://www.facebook.com/groups/hoireviewbaohiem/,Anonymous participant,,16,15,1,0,0,0,0,0,0,39,,
1748360576371266,https://www.facebook.com/groups/hoireviewbaohiem/posts/1748360576371266/,2026-09-04,"Cho em hỏi chút ạh Em có bhnt của aia đóng được 7 năm, giờ e nên mua bhsk aia cho con kèm bhnt mẹ hay mua bhsk rời khác ạ, bé 5 tháng ạ",hoireviewbaohiem,REVIEW BẢO HIỂM,https://www.facebook.com/groups/hoireviewbaohiem/,HandsomePomegranate7015,,12,9,3,0,0,0,0,0,0,20,,
1748351646372159,https://www.facebook.com/groups/hoireviewbaohiem/posts/1748351646372159/,2026-09-04,Anh chị ơi Em cần tìm thẻ sức khoẻ cho mẹ em. Năm nqu mẹ em 56 tuổi và có bệnh nền về huyết áp và tiểu đường. Nhờ anh chị hỗ trợ tư vấn thẻ phù hợp vs ạ.,hoireviewbaohiem,REVIEW BẢO HIỂM,https://www.facebook.com/groups/hoireviewbaohiem/,BlueTulip9539,,10,9,0,1,0,0,0,0,0,9,,
1748336876373636,https://www.facebook.com/groups/hoireviewbaohiem/posts/1748336876373636/,2026-09-04,"Cho em xin review về bảo hiểm cho 3 bố con. Bố sn 1995, con sn 2024 và 2026. Quyền lợi ưu tiên là sức khoẻ ( nội trú, ngoại trú) hạn mức chi trả các bệnh bao gồm cả bệnh hiểm nghèo cho 3 bố con, claim nhanh và k quá phức tạp với ạ. Em đang phân vân Gen và AIA. Nhờ các mom tư vấn ạ Tài chính 15tr ạ Em cảm ơn các mom",hoireviewbaohiem,REVIEW BẢO HIỂM,https://www.facebook.com/groups/hoireviewbaohiem/,Anonymous participant,,13,12,1,0,0,0,0,0,1,24,,
1748313173042673,https://www.facebook.com/groups/hoireviewbaohiem/posts/1748313173042673/,2026-09-04,"Em đang tham gia bảo hiểm daichi nhân thọ gói an lộc tích luỹ thịnh vượng gói 11,8 triệu. Giờ e muốn nghỉ hợp đồng đaichi chuyển sang thẻ sức khoẻ. Con e từng nằm viện vì tay chân miệng 2 lần rồi. Các c tư vấn e nên mua thẻ rời nào với ạ. Để k bị loại trừ bệnh tay chân miệng lâu quá. Các c đừng khuyên e tiếp tục daichi nữa, e bị nghèo k theo đc ạ",hoireviewbaohiem,REVIEW BẢO HIỂM,https://www.facebook.com/groups/hoireviewbaohiem/,Anonymous participant,,8,7,1,0,0,0,0,0,0,26,,
28605742762371459,https://www.facebook.com/groups/congdongtuvanvienbaohiem/posts/28605742762371459/,2026-09-04,🔥 Cập nhật mạng lưới khách hàng hôm nay 📍 Thành phố Hồ Chí Minh — 8 Khách hàng tiềm năng 📋 Nhu cầu: • Tìm kiếm thông tin về bảo hiểm nhân thọ • Quan tâm đến các quyền lợi bảo vệ gia đình • Quan tâm đến bảo hiểm sức khỏe ✅ Thông tin khách hàng đã được sàng lọc và xác minh. 📩 Các tư vấn viên bán hàng tại Thành phố Hồ Chí Minh có thể nhắn tin trực tiếp cho chúng tôi để có thêm khách hàng tiềm năng.,congdongtuvanvienbaohiem,Cộng đồng Tư vấn viên bảo hiểm,https://www.facebook.com/groups/congdongtuvanvienbaohiem/,Ngoc Anh Nguyen,https://www.facebook.com/profile.php?id=61582681787678,0,0,0,0,0,0,0,0,0,0,,
2131376874115781,https://www.facebook.com/groups/tuvanbaohiemnhanthovn/posts/2131376874115781/,2026-09-04,🔥 Cập nhật mạng lưới khách hàng hôm nay 📍 Thành phố Hồ Chí Minh — 8 Khách hàng tiềm năng 📋 Nhu cầu: • Tìm kiếm thông tin về bảo hiểm nhân thọ • Quan tâm đến các quyền lợi bảo vệ gia đình • Quan tâm đến bảo hiểm sức khỏe ✅ Thông tin khách hàng đã được sàng lọc và xác minh. 📩 Các tư vấn viên bán hàng tại Thành phố Hồ Chí Minh có thể nhắn tin trực tiếp cho chúng tôi để có thêm khách hàng tiềm năng.,tuvanbaohiemnhanthovn,Hiệp Hội Tư vấn Bảo hiểm Nhân thọ Việt Nam,https://www.facebook.com/groups/tuvanbaohiemnhanthovn/,Ngoc Anh Nguyen,https://www.facebook.com/profile.php?id=61582681787678,0,0,0,0,0,0,0,0,0,0,,
1619186882998945,https://www.facebook.com/groups/baohiemnhantho.chuyenvien/posts/1619186882998945/,2026-09-04,🔥 Cập nhật mạng lưới khách hàng hôm nay 📍 Thành phố Hồ Chí Minh — 8 Khách hàng tiềm năng 📋 Nhu cầu: • Tìm kiếm thông tin về bảo hiểm nhân thọ • Quan tâm đến các quyền lợi bảo vệ gia đình • Quan tâm đến bảo hiểm sức khỏe ✅ Thông tin khách hàng đã được sàng lọc và xác minh. 📩 Các tư vấn viên bán hàng tại Thành phố Hồ Chí Minh có thể nhắn tin trực tiếp cho chúng tôi để có thêm khách hàng tiềm năng.,baohiemnhantho.chuyenvien,BẢO HIỂM NHÂN THỌ - Hội chuyên viên tư vấn,https://www.facebook.com/groups/baohiemnhantho.chuyenvien/,Ngoc Anh Nguyen,https://www.facebook.com/profile.php?id=61582681787678,0,0,0,0,0,0,0,0,0,0,,
1619174603000173,https://www.facebook.com/groups/baohiemnhantho.chuyenvien/posts/1619174603000173/,2026-09-04,Khi gặp phụ nữ tốt … #haihuoc #giaitri #vuive #cuocsong #xaykenh người theo dõi,baohiemnhantho.chuyenvien,BẢO HIỂM NHÂN THỌ - Hội chuyên viên tư vấn,https://www.facebook.com/groups/baohiemnhantho.chuyenvien/,Tuan Anh,https://www.facebook.com/tuan.anh.373467,0,0,0,0,0,0,0,0,0,0,,
1619171446333822,https://www.facebook.com/groups/baohiemnhantho.chuyenvien/posts/1619171446333822/,2026-09-04,Có những việc để mai cũng được… Nhưng có những việc… Mai chưa chắc còn kịp. Nhé các con vợ. ❤️ Các con vợ vào xem thử có giống mình hông nhen🤣🤣 #chuyennghecuahuyen #xuhuong #baove,baohiemnhantho.chuyenvien,BẢO HIỂM NHÂN THỌ - Hội chuyên viên tư vấn,https://www.facebook.com/groups/baohiemnhantho.chuyenvien/,Chuyện Nghề Của Huyền,https://www.facebook.com/profile.php?id=61593403863864,0,0,0,0,0,0,0,0,0,0,,
28605283042417431,https://www.facebook.com/groups/congdongtuvanvienbaohiem/posts/28605283042417431/,2026-09-04,"BẢO HIỂM THAI SẢN TỪ ~2,5 TRIỆU/NĂM: ĐANG THẢ BẦU CÓ THỂ THAM KHẢO Không phải cứ bảo hiểm thai sản là phải đóng vài chục triệu mỗi năm. Với chị em đang chuẩn bị mang thai và muốn lựa chọn mức ngân sách vừa phải, có thể tham khảo Fuse Care – TechcomInsurance với 6 mức quyền lợi thai sản từ 10 – 80 triệu. Một số điểm đáng chú ý: • Phí tham khảo từ khoảng 2,5 triệu/năm, tùy tuổi và chương trình • Quyền lợi thai sản: 10 – 20 – 30 – 40 – 60 – 80 triệu • Có quyền lợi khám thai theo từng chương trình • Không phân biệt sinh thường/sinh mổ theo quyền lợi áp dụng • Sinh tại BV công: chi trả theo chương trình có thể 100% • BV tư/quốc tế: áp dụng đồng chi trả 80/20 • Có quyền lợi cho biến chứng thai sản của thai IVF từ tuần thứ 12 theo điều kiện sản phẩm ⏰ Thời gian chờ: 90 ngày với khám thai/biến chứng thai sản 270 ngày với sinh con. Vì vậy, nếu đang thả bầu, chuẩn bị mang thai, làm IVF/IUI hoặc tìm bảo hiểm sinh con, điều nên làm trước tiên không phải chọn gói đắt nhất mà là kiểm tra thời gian dự kiến mang thai + bệnh viện dự kiến sinh + ngân sách. Thủy có thể giúp chị em so sánh từng mức để chọn vừa đủ, tránh mua dư quyền lợi nhưng cũng không thiếu khi cần sử dụng. Lệ Thủy Bảo Hiểm | Giám đốc Ban Kinh Doanh TOT 2026 | Top 0,1% tư vấn tài chính xuất sắc toàn cầu 📲 Zalo tư vấn: 0971 093 368 📍 Văn phòng: Tòa nhà 7A Lam Sơn, P.2, Q. Tân Bình, TP.HCM (gần sân bay Tân Sơn Nhất) #baohiemthaisan #baohiemsinhcon #baohiemmebau #FuseCare #lethuybaohiem",congdongtuvanvienbaohiem,Cộng đồng Tư vấn viên bảo hiểm,https://www.facebook.com/groups/congdongtuvanvienbaohiem/,Mẹ và Bé - Bảo Hiểm Sức Khoẻ Thai Sản,https://www.facebook.com/profile.php?id=100083082474573,1,1,0,0,0,0,0,0,0,0,,
2504080763429148,https://www.facebook.com/groups/hotrobaohiem/posts/2504080763429148/,2026-09-04,"E từng đăng bài này Nay qua lễ bên bảo hiểm bảo bên em phải đồng ý khấu trừ 30% thì thứ 2 mới xong hồ sơ Còn nếu không chịu thì xe tải bên em lại tiếp tục ngâm hồ sơ Mà chỉ vì không có giấy kết quả nồng độ cồn mà khấu trù 30% là rất nhiều Em mong quý a/c ràng luật bảo hiểm tư vấn vụ này với ạ Xe tải chở rau hằng ngày, k đi mất hết khách. Hơn 1 tháng rồi ạ",hotrobaohiem,TƯ VẤN QUYỀN LỢI BẢO HIỂM,https://www.facebook.com/groups/hotrobaohiem/,Luong Diem,https://www.facebook.com/hongdiem.luong.1,9,8,0,0,1,0,0,0,1,15,,
28604709589141443,https://www.facebook.com/groups/congdongtuvanvienbaohiem/posts/28604709589141443/,2026-09-04,"Mẫu này em đang sale🔥 Dung tích 500ml, inox 304 sẵn kho🔥 Giá chỉ 4X/ cái Nhận in ấn theo yêu cầu Có xuất hoá đơn Liên hệ/ zalo: 0906742246 Quý khách hàng cần liên hệ em ngay nhé🤗😍😘",congdongtuvanvienbaohiem,Cộng đồng Tư vấn viên bảo hiểm,https://www.facebook.com/groups/congdongtuvanvienbaohiem/,Thương Cá Voi Lam,https://www.facebook.com/profile.php?id=61586232241379,1,0,1,0,0,0,0,0,0,2,https://scontent.fsgn21-1.fna.fbcdn.net/v/t39.30808-6/793935948_122122884477207741_3572944500458545085_n.jpg?stp=dst-jpg_tt6&cstp=mx960x1280&ctp=s960x1280&_nc_cat=108&ccb=1-7&_nc_sid=aa7b47&_nc_ohc=HJuzT_d3N5oQ7kNvwEPJZR0&_nc_oc=AdoJE8Ellc-_q1z6EqY6EcJuv8WLJM1Owr53euA5OeREsujwo-dZopsTL7yDh_BLWxs&_nc_zt=23&_nc_ht=scontent.fsgn21-1.fna&_nc_gid=kqKs4LQZ3y07xsSWp2lXdw&_nc_ss=7b2a8&oh=00_AQKuk96tI7TWJHGc9n7IPic77Ww1ccYNUAX1C_WcPG8sFw&oe=6AA59484|https://scontent.fsgn21-1.fna.fbcdn.net/v/t39.30808-6/791907481_122122884561207741_813355561251753845_n.jpg?stp=dst-jpg_tt6&cstp=mx960x1280&ctp=s960x1280&_nc_cat=107&ccb=1-7&_nc_sid=aa7b47&_nc_ohc=mo09L0vPPa8Q7kNvwHDpNdI&_nc_oc=AdrK6uS_xdnmnslIhkeZdaOXnITk2QVOwHkPwCV0TOPgadjaLpS1pqB2hzd29LbADLo&_nc_zt=23&_nc_ht=scontent.fsgn21-1.fna&_nc_gid=kqKs4LQZ3y07xsSWp2lXdw&_nc_ss=7b2a8&oh=00_AQJuzePDnPD23rbaxzLWii36rG3WljAF8LWSa0TvQXMNtg&oe=6AA5B4BA|https://scontent.fsgn21-1.fna.fbcdn.net/v/t39.30808-6/793868465_122122884447207741_9188375225243586984_n.jpg?stp=dst-jpg_tt6&cstp=mx960x1280&ctp=s960x1280&_nc_cat=104&ccb=1-7&_nc_sid=aa7b47&_nc_ohc=SQHGh1m8ClcQ7kNvwGLZ_6w&_nc_oc=AdrGW0UNtm5vjtqyNn-RfxCLq9T95g_nkny3ICJoJtlSQCCGspIke4IF6VAwUDMOhUU&_nc_zt=23&_nc_ht=scontent.fsgn21-1.fna&_nc_gid=kqKs4LQZ3y07xsSWp2lXdw&_nc_ss=7b2a8&oh=00_AQI5ZUQxxWgX3OEE1ldB3573YsRnq8ziorTKKJv7hdJ_ww&oe=6AA5ABA1,
2131307747456027,https://www.facebook.com/groups/tuvanbaohiemnhanthovn/posts/2131307747456027/,2026-09-04,"💙 **THƯ MỜI TRI ÂN – TẶNG GÓI KHÁM SỨC KHỎE 2.000.000Đ MIỄN PHÍ** 💙 Cuối tuần này, dành tặng bản thân một buổi sáng để lắng nghe cơ thể cùng Dai-ichi Life: ✨ **Khám sức khỏe toàn diện:** * Xét nghiệm máu chi tiết, tầm soát chỉ số tiểu đường, gout, mỡ máu, chức năng gan. * Siêu âm ổ bụng tổng quát, tuyến giáp và tầm soát chuyên sâu cho nam/nữ. ✨ **Quà tặng mang về:** * Nhận ngay **Túi du lịch Dai-ichi** tiện dụng. * Tham gia quay số trúng thưởng: Lò vi sóng, nồi lẩu điện Sunhouse, quạt bàn. * **Thời gian:** 8h00 sáng Chủ Nhật, 06/09/2026 * **Địa điểm:** Tầng 17, Tòa Ladeco, 266 Đội Cấn, Hà Nội * **Hotline / Zalo đăng ký:** **0375480141** 📩 Cả nhà nhắn tin trực tiếp cho em hoặc gọi số trên để đăng ký suất tham gia sớm nhé!",tuvanbaohiemnhanthovn,Hiệp Hội Tư vấn Bảo hiểm Nhân thọ Việt Nam,https://www.facebook.com/groups/tuvanbaohiemnhanthovn/,Phạm Quỳnh,https://www.facebook.com/phm.qyhh,0,0,0,0,0,0,0,0,0,0,,
1619109496340017,https://www.facebook.com/groups/baohiemnhantho.chuyenvien/posts/1619109496340017/,2026-09-04,"🤝TÌM KIẾM CTV GIỚI THIỆU KHÁCH HÀNG🤝 Mình đang tìm kiếm các anh/chị chuyên viên tư vấn bảo hiểm nhân thọ hợp tác giới thiệu khách hàng có nhu cầu vay vốn tiêu dùng. Hợp tác win-win ! Anh/chị quan tâm hợp tác, muốn tìm hiểu thêm về chính sách ib em ạ🥰🥰🥰 👩🏼 Phan Thị Hồng Ngọc ☎️ 038 576 hai 4ko hai",baohiemnhantho.chuyenvien,BẢO HIỂM NHÂN THỌ - Hội chuyên viên tư vấn,https://www.facebook.com/groups/baohiemnhantho.chuyenvien/,Hồng Ngọc,https://www.facebook.com/profile.php?id=61567528085631,0,0,0,0,0,0,0,0,0,1,,
1619101033007530,https://www.facebook.com/groups/baohiemnhantho.chuyenvien/posts/1619101033007530/,2026-09-04,"🎉 CHÀO MỪNG THÀNH VIÊN MỚI ĐẾN VỚI NHÓM! 🎉 Xin gửi lời chào nồng nhiệt đến tất cả các bạn vừa tham gia cùng gia đình chung của chúng ta 💐 Rất vui khi được kết nối cùng những người bạn có chung mối quan tâm. 👉 Hãy cùng nhau chia sẻ, học hỏi và lan tỏa những giá trị tích cực 👉 Các bạn vui lòng tuân thủ Quy tắc cộng đồng và Quy tắc nhóm để tránh bài viết bị từ chối! 💖 Chúc bạn sẽ có những trải nghiệm thú vị và hữu ích trong nhóm! Chông Chênh Nguyễn, Nguyễn Hiền, Nguyễn Thị Xuân Lan, Thanh Ngân, Cương Kim, Sun Nguyen, Nga Ha, Hồng Khánh, Dien Tran, Hằng Lê, Bảo Hiểm Dễ Hiểu -Bảo Việt Nhân thọ, Việt Nam, Lan Hương, Lan Trinh, Mai Hồng Ngọc, Bùi Hồng Nhẫn, Tùng Phương Uyên, Nguyễn Phương Lan, Trần Thiên Hậu, Anh Phan, Nguyễn Thơm, Tống Nhị, Yen Hai Nguyen, Tuan Nguyen Van, Nguyễn Thu Hường, Long Tuyền, Huỳnh Âu, Ngọc Lan, Hoàng Hà, Nguyễn Phương, Tuyet Nhi Le, Nguyễn Phương Linh, Soo Jin, Liễu Chính Ciliso, Leon Pham, Đồ Gỗ, Le Miracle, Huyền Trang, Nguyễn Thị Thu Nhàn, Tiến Dương, Công Hậu, Ly Quang, Thuý Hằng, Nguyễn Maria, TrầnDiệu Linh, Huyen Pham, Thuỷ Phạm Cà Mau, Nhàn Xuka, Hải Phạm, Thu Đào, Tô Dương, Vũ Thị Vân Anh, Smartgen Huế - Giải đáp Bảo Hiểm , Đinh Tuấn, Lê Hồng, Vũ Việt Hưng, Trung Hiếu, Đức Anhhh HR, Khang Huynh, Dong Ngo, Lai Đức Anh, Anh Nguyen, Vũ Văn Tuấn, Lương Thu, Hà Giang, Giathu Truong, XƯỞNG IN LỊCH TẾT, Trang Nguyễn",baohiemnhantho.chuyenvien,BẢO HIỂM NHÂN THỌ - Hội chuyên viên tư vấn,https://www.facebook.com/groups/baohiemnhantho.chuyenvien/,BẢO HIỂM NHÂN THỌ,https://www.facebook.com/bhnt.cvtv,0,0,0,0,0,0,0,0,0,0,,
2247869942817626,https://www.facebook.com/groups/296975261240447/posts/2247869942817626/,2026-09-04,"❣️BẢO HIỂM THAI SẢN NÀO PHÙ HỢP VỚI BẠN? 🌸 BIC ELITE: phù hợp cho các mẹ sinh m.ổ lần 2, lần 3, có trả phòng VIP tại các BV tư, quốc tế và thanh toán 💯% 🌸 DAI-ICHI LIFE: phù hợp cho các mẹ cần sự ổn định, có thể tham gia được các năm tiếp theo với chi trả tiền giường lên tới 6tr/ngày, thanh toán 💯% trên phạm vi toàn cầu 🌸 XANH HẠNH PHÚC: vừa gia nhập thị trường thai sản với ngân sách lên tới 120 triệu, thanh toán 💯% ở BV công, BV tư và quốc tế 🌸 FUSE CARE: vẫn ổn định với ngân sách lên tới 80 triệu và phí tham gia cực kỳ hạt dẻ 🌸 TRỢ CẤP TIỀN MẶT: đơn giản, dễ hiểu, nhận ngay tiền về tài khoản mà không cần quan tâm đến hóa đơn ☎️ Mỗi hãng đều có ưu và nhược điểm khác nhau. Vì vậy ba mẹ liên hệ Hằng để được tư vấn cụ thể nhất 0939712105 ( call/zalo)... #thuyhangbaohiem #baohiem #baohiemthaisan #ivf #iui #bhts #thaisan #trocapthaisan",296975261240447,REVIEW BẢO HIỂM NHÂN THỌ,https://www.facebook.com/groups/296975261240447/,Thúy Hằng Dai-ichi,https://www.facebook.com/thuy.hang.dai.ichi.2024,0,0,0,0,0,0,0,0,0,0,,
28603929885886080,https://www.facebook.com/groups/congdongtuvanvienbaohiem/posts/28603929885886080/,2026-09-04,"😘 HAPPY TEAM - VPBANK HCM TUYỂN DỤNG Vị trí đang chờ bạn: Nhân viên / Chuyên viên /Chuyên viên chính/ Chuyên viên cao cấp Số lượng còn lại: 6 slot Địa điểm: Samco Building, P. Cô Giang, TP.HCM 🎯 QUYỀN LỢI * Ký hợp đồng lao động chính thức với VPBank * Xét tăng bậc/tăng lương định kỳ 6 tháng/lần * Thưởng lương tháng 13 & Tết (3 -5 tháng lương) * Thu nhập >2X + incentive không giới hạn * Thưởng lễ, du lịch hè 5tr/người * Bảohiểm cbnv theo luật lao động + Bảohiểm VPBank care cho CBNV tùy theo cấp bậc * Lộ trình thăng tiến rõ ràng: NV -> CV -> CVC -> CVCC -> QUẢN LÝ 🎯BẠN MUỐN NÂNG CAO KỸ NĂNG BÁN HÀNG, GIÁ TRỊ BẢN THÂN VÀ THU NHẬP -> HÃY APPLY CV NGAY 📩Ứng tuyển/trao đổi công việc: Mr. Henry – 0979 691 284",congdongtuvanvienbaohiem,Cộng đồng Tư vấn viên bảo hiểm,https://www.facebook.com/groups/congdongtuvanvienbaohiem/,Henry Tran,https://www.facebook.com/profile.php?id=61588742985797,1,1,0,0,0,0,0,0,0,1,https://scontent.fsgn21-1.fna.fbcdn.net/v/t39.30808-6/791398601_122111350551291432_8829653121343967157_n.jpg?stp=dst-jpg_tt6&cstp=mx922x1152&ctp=s922x1152&_nc_cat=102&ccb=1-7&_nc_sid=aa7b47&_nc_ohc=Gl4eel-0CfAQ7kNvwFki0K3&_nc_oc=AdpGlWGs8GjzN1aQ8gpc_q3r1XsNO5kyRs--_1eZw29YRUI8bElWLMOTdm0uLuRoLCw&_nc_zt=23&_nc_ht=scontent.fsgn21-1.fna&_nc_gid=kqKs4LQZ3y07xsSWp2lXdw&_nc_ss=7b2a8&oh=00_AQJm5H9hKcTn4XJmRup8LBKpGvTooI9tSEUKPJtedScnyQ&oe=6AA59BAB|https://scontent.fsgn21-1.fna.fbcdn.net/v/t39.30808-6/787036365_122111350557291432_4511507041186750176_n.jpg?stp=dst-jpg_tt6&cstp=mx682x1024&ctp=s682x1024&_nc_cat=111&ccb=1-7&_nc_sid=aa7b47&_nc_ohc=4C13XSLGpBMQ7kNvwEgHcr0&_nc_oc=AdqONbDtB1LipdylmAbBygU7iPURR1QAIvkWqeIa9bHcg_miEieHgnxemEJ7sH8hs3E&_nc_zt=23&_nc_ht=scontent.fsgn21-1.fna&_nc_gid=kqKs4LQZ3y07xsSWp2lXdw&_nc_ss=7b2a8&oh=00_AQJtMlroSxTgOm1-dg5X8vsYVhjkBPrQ8cUMULbY9CcJcw&oe=6AA59E80,
28603853055893763,https://www.facebook.com/groups/congdongtuvanvienbaohiem/posts/28603853055893763/,2026-09-04,"💗 VỢ CHỒNG CÙNG ĐƯỢC BẢO VỆ – MỘT KẾ HOẠCH CHO CẢ GIA ĐÌNH Sau khi lập gia đình, bảo hiểm không còn đơn giản là bảo vệ cho riêng mình. Bởi nếu một người gặp rủi ro, tài chính của cả gia đình đều có thể bị ảnh hưởng. Vy đang có 2 phương án để vợ chồng dễ lựa chọn theo ngân sách: ✨ Khoảng 32 triệu/năm * Bảo vệ nhân thọ người trụ cột đến 1,56 tỷ * Vợ được bảo vệ song hành * Nội trú đến 1 tỷ/bệnh/tai nạn * Ngoại trú 5 triệu/năm * Bệnh hiểm nghèo & tai nạn đến 300 triệu * Có hỗ trợ tiền mặt khi nằm viện ✨ Khoảng 52 triệu/năm – bảo vệ toàn diện hơn * Nhân thọ người trụ cột đến 1,95 tỷ * Nội trú đến 2 tỷ/bệnh/tai nạn * Ngoại trú cao cấp 15 triệu/năm * Có thêm nha khoa * Bệnh hiểm nghèo & tai nạn đến 500 triệu * Vợ được tham gia bảo vệ song hành 💰 Đồng thời còn xây dựng quỹ tích lũy dài hạn cho gia đình theo giá trị hợp đồng thực tế. Vy thích phương án này ở chỗ: không chỉ lo viện phí khi ốm đau, mà còn bảo vệ thu nhập, người trụ cột và tạo một khoản tài chính cho tương lai. 📩 Nhắn “VỢ CHỒNG” cho Vy, Vy lên phương án theo đúng độ tuổi + ngân sách + nhu cầu sử dụng y tế của gia đình nhé. 📲 Hoàng Vy – 0767 1343 86 #BaoHiemVoChong #BaoHiemGiaDinh #BaoHiemDaiichi #BaoHiemSucKhoe #BaoVeNguoiTruCot #HoangVyBaoHiem",congdongtuvanvienbaohiem,Cộng đồng Tư vấn viên bảo hiểm,https://www.facebook.com/groups/congdongtuvanvienbaohiem/,Bảo Hiểm cho Con - Trọn Tình Cha Mẹ,https://www.facebook.com/profile.php?id=61580943352387,0,0,0,0,0,0,0,0,0,0,https://scontent.fsgn21-1.fna.fbcdn.net/v/t39.30808-6/795876141_122154083247031445_4465459767323642528_n.jpg?stp=dst-jpg_tt6&cstp=mx2048x2048&ctp=s2048x2048&_nc_cat=100&ccb=1-7&_nc_sid=aa7b47&_nc_ohc=3oB5_j_akFEQ7kNvwECTYKt&_nc_oc=Ado-4sNoCmSdDpeb__DhAqX4-TjhPbTncYjUvOmqeNaPrjzTs5ZLZM-2RjUKQkC_j-E&_nc_zt=23&_nc_ht=scontent.fsgn21-1.fna&_nc_gid=hyYoQQHhNOZfu_2EgZYE9Q&_nc_ss=7b2a8&oh=00_AQKIhDWPzve813PyLvLGjBJId7hbfBYy4fFme5Uc03dVJw&oe=6AA5A2D6|https://scontent.fsgn21-1.fna.fbcdn.net/v/t39.30808-6/794906607_122154083259031445_4505503551568549247_n.jpg?stp=dst-jpg_tt6&cstp=mx2048x2048&ctp=s2048x2048&_nc_cat=108&ccb=1-7&_nc_sid=aa7b47&_nc_ohc=oMeo2-wGdQAQ7kNvwGIXTHl&_nc_oc=AdrthC0XUZuAUQIWfZe_A3CKg4DdUBmmgNngD0wXJVCcmVMk7PlJt4_4xhU1Gyqn5Mc&_nc_zt=23&_nc_ht=scontent.fsgn21-1.fna&_nc_gid=hyYoQQHhNOZfu_2EgZYE9Q&_nc_ss=7b2a8&oh=00_AQI8hLSkP5MPNgZ2etdiY9kAeiWu0ktk1o06SXMdgRlCVg&oe=6AA5AF11,
2131242100795925,https://www.facebook.com/groups/tuvanbaohiemnhanthovn/posts/2131242100795925/,2026-09-04,"# **Lịch Tết 2027 là món quà vừa thiết thực vừa giúp khách hàng luôn nhớ đến bạn. Từ tư vấn viên cá nhân, văn phòng bảo hiểm đến công ty bảo hiểm, mọi người đã chuẩn bị quà Tết cho Khách hàng của mình chưa nhỉ?** # lh: 0946 893 349",tuvanbaohiemnhanthovn,Hiệp Hội Tư vấn Bảo hiểm Nhân thọ Việt Nam,https://www.facebook.com/groups/tuvanbaohiemnhanthovn/,XƯỞNG IN LỊCH TẾT,https://www.facebook.com/profile.php?id=61579874282728,0,0,0,0,0,0,0,0,0,0,,
28603570909255311,https://www.facebook.com/groups/congdongtuvanvienbaohiem/posts/28603570909255311/,2026-09-04,"💗 CẬP NHẬT NHANH – TỔNG HỢP THẺ RỜI THÁNG 9/2026 Không phải gói nào cũng phù hợp với tất cả mọi người. Quan trọng là đúng độ tuổi – đúng nhu cầu – đúng nơi dự định sử dụng. Vy tổng hợp nhanh các nhóm để ba mẹ dễ tham khảo: 🌸 Mẹ bầu: • Sinh viện công: FUSE Care • Sinh viện tư/quốc tế: Xanh Hạnh Phúc 👶 Bé: • Bé sơ sinh: FUSE Care / Xanh Hạnh Phúc • Bé trên 1 tuổi: Sống Xanh – MSIG / Affina 100 • Một số lựa chọn khác: MIC Care 👵 Ba mẹ lớn tuổi: • Tham khảo MIC Care • Trên 65 tuổi: Sức Khỏe Tâm An – AAA • Ưu tiên phương án có điều kiện tái tục phù hợp. 👨‍👩‍👧 Người lớn: • Sức khỏe ổn định: MIC Care • Có bệnh nền: cần xem kỹ điều kiện tham gia, có thể tham khảo VBI Care • Ưu tiên giải pháp có điều kiện tái tục rõ ràng. 💜 Ngoài ra còn có trợ cấp viện phí cho trẻ em và người lớn – phù hợp để bổ sung thêm một khoản tiền mặt khi phải nằm viện. 👉 Đừng chọn thẻ chỉ vì “phí rẻ”. Hãy xem kỹ thời gian chờ, bệnh có sẵn, đồng chi trả, hạn mức, bệnh viện bảo lãnh và điều kiện tái tục trước khi tham gia. 📩 Nhắn Vy giúp mình lọc phương án phù hợp theo tuổi + ngân sách + bệnh viện muốn sử dụng nhé. 📲 Zalo: 0767 1343 86 #TheRoi #BaoHiemSucKhoe #BaoHiemThaiSan #BaoHiemChoBe #BaoHiemCaoNien #BaoVeGiaDinh #HoangVyBaoHiem",congdongtuvanvienbaohiem,Cộng đồng Tư vấn viên bảo hiểm,https://www.facebook.com/groups/congdongtuvanvienbaohiem/,Bảo Hiểm cho Con - Trọn Tình Cha Mẹ,https://www.facebook.com/profile.php?id=61580943352387,0,0,0,0,0,0,0,0,0,1,,
28603297195949349,https://www.facebook.com/groups/congdongtuvanvienbaohiem/posts/28603297195949349/,2026-09-04,"Cá Voi Lam chuyên chung cấp bình giữ nhiệt với giá tận xưởng🔥 Bình 510ml, inox 304 Nhận in ấn logo theo yêu cầu 📞Liên hệ/ zalo: 0906742246 để báo giá chi tiết",congdongtuvanvienbaohiem,Cộng đồng Tư vấn viên bảo hiểm,https://www.facebook.com/groups/congdongtuvanvienbaohiem/,Thương Cá Voi Lam,https://www.facebook.com/profile.php?id=61586232241379,0,0,0,0,0,0,0,0,0,0,,
1619025563015077,https://www.facebook.com/groups/baohiemnhantho.chuyenvien/posts/1619025563015077/,2026-09-04,Trung đang cố gắng hơn nữa 💪 để được phép nhận trách nhiệm BẢO VỆ GIA ĐÌNH BẠN ☎️0966.17.88.17,baohiemnhantho.chuyenvien,BẢO HIỂM NHÂN THỌ - Hội chuyên viên tư vấn,https://www.facebook.com/groups/baohiemnhantho.chuyenvien/,Xe Dịch Vụ,https://www.facebook.com/le.tantrung.4,8,8,0,0,0,0,0,0,0,1,https://scontent.fsgn21-1.fna.fbcdn.net/v/t39.99422-6/793436582_1386452167000600_7749341863755570341_n.png?stp=dst-jpg_tt6&cstp=mx1280x1980&ctp=p843x403&_nc_cat=102&ccb=1-7&_nc_sid=aa7b47&_nc_aid=0&_nc_ohc=cgFMhdxpYEYQ7kNvwGDN2ge&_nc_oc=AdouuUVIdQMOiSmDIJio6B2rKdw1RvDbm723fCmX9Y69qd_VGqYtxVJOsIAeEW9d50w&_nc_zt=14&_nc_ht=scontent.fsgn21-1.fna&_nc_gid=wpLDCPmjfCQlx5hhsbCVlA&_nc_ss=7b2a8&oh=00_AQK4mdmR4PqWE54RnHl-Y0gvZ21VNLC3TKO1jyt9F9EO4w&oe=6AA5C062|https://scontent.fsgn21-1.fna.fbcdn.net/v/t39.99422-6/793478601_1986912572023480_7631248714809621678_n.png?stp=dst-jpg_tt6&cstp=mx1536x2048&ctp=p960x960&_nc_cat=108&ccb=1-7&_nc_sid=aa7b47&_nc_ohc=eyqmM2b9_zMQ7kNvwEdHZV8&_nc_oc=AdofeIYK1RpwDBu7hMcGtIZiEUK18T0AK5UfxcH95j9D-srMrdEssjtpwiwThGP1mx0&_nc_zt=14&_nc_ht=scontent.fsgn21-1.fna&_nc_gid=wpLDCPmjfCQlx5hhsbCVlA&_nc_ss=7b2a8&oh=00_AQLt6M0WSvjJhuDq91NTYcLs6Oyd95sEipf2H9nicHWrrg&oe=6AA5B34B|https://scontent.fsgn21-1.fna.fbcdn.net/v/t39.99422-6/795582550_2354944794914561_6037382203579324678_n.png?stp=dst-jpg_tt6&cstp=mx1280x875&ctp=s1280x875&_nc_cat=109&ccb=1-7&_nc_sid=aa7b47&_nc_ohc=J2Vji5p25PsQ7kNvwERBzWD&_nc_oc=AdrjSPW5xAUUxR8ZxkaRiHC6wJIN9jgGaIF95M5SAMQD4K6J_IF_8EkyYc1cgvyoDBs&_nc_zt=14&_nc_ht=scontent.fsgn21-1.fna&_nc_gid=wpLDCPmjfCQlx5hhsbCVlA&_nc_ss=7b2a8&oh=00_AQJuYJuYZaL21bAkaMPBl0KGsE33jFI1fUsHjcwtbePKfg&oe=6AA5A14C,
1619024123015221,https://www.facebook.com/groups/baohiemnhantho.chuyenvien/posts/1619024123015221/,2026-09-04,Em muốn tham khảo chút về bhnt ạ,baohiemnhantho.chuyenvien,BẢO HIỂM NHÂN THỌ - Hội chuyên viên tư vấn,https://www.facebook.com/groups/baohiemnhantho.chuyenvien/,Hà Giang,https://www.facebook.com/profile.php?id=61592540592031,72,65,7,0,0,0,0,0,0,90,,
2503918896778668,https://www.facebook.com/groups/hotrobaohiem/posts/2503918896778668/,2026-09-04,"Em được bảo hiểm gửi cho tờ đơn ""Giấy yêu cầu trả tiền bảo hiểm"" có chỗ ""Xác nhận"", là chữ ký của bệnh viện đúng không ạ? Mẹ em có vay Fe thì có kèm bảo hiểm nên em thử claim ạ,",hotrobaohiem,TƯ VẤN QUYỀN LỢI BẢO HIỂM,https://www.facebook.com/groups/hotrobaohiem/,Nguyễn Đặng Việt Thiên,https://www.facebook.com/nguyen.dang.viet.thien,4,4,0,0,0,0,0,0,0,4,,
1748311569709500,https://www.facebook.com/groups/hoireviewbaohiem/posts/1748311569709500/,2026-09-04,"# CHÚC MỪNG TOP 3 DẤU ẤN TƯƠNG TÁC REVIEW BẢO HIỂM THÁNG 8 Tháng 8 tiếp tục gọi tên những gương mặt đã trở nên quen thuộc với cộng đồng Review Bảo Hiểm. Ba vị trí trong Top 3 lần này là sự ghi nhận cho những đóng góp đều đặn, nhưng mỗi anh chị lại mang đến một màu sắc rất riêng trong cách tương tác và đồng hành cùng khách hàng. **TOP 1 – CHỊ **Ngô Thị Thu Thủy** | Generali** Một lần nữa, chị Ngô Thủy giữ vững vị trí **Top 1 Dấu Ấn Tương Tác**. Qua nhiều tháng, chị vẫn xuất hiện đều đặn trong những cuộc trao đổi của group, kiên nhẫn giải thích những vấn đề về bảo hiểm theo cách gần gũi và dễ hiểu. Với chị, mục tiêu từ những ngày đầu làm nghề đến hôm nay vẫn không thay đổi: **giúp mọi người hiểu bảo hiểm một cách dễ dàng nhất và đồng hành chăm sóc tận tâm nhất.** Chị NgôThủy tin rằng mỗi hợp đồng không chỉ là một tờ giấy, mà là sự gửi gắm niềm tin và một tấm lá chắn cho những người mình yêu thương. Chúc mừng chị Thủy với một tháng nữa giữ vững phong độ Top 1 – một vị trí đã trở nên quen thuộc nhưng chưa bao giờ là dễ dàng. **TOP 2 – CHỊ **Do Anh** | FIDT** Đây là một trong những group chị Đỗ Anh hoạt động nhiều nhất, chủ yếu để đọc và trả lời câu hỏi của mọi người. Và khá vui là nhờ những cuộc trao đổi ở đây, tháng vừa rồi chị cũng hỗ trợ được kha khá khách hàng tháo gỡ những vấn đề đang vướng với công ty bảo hiểm. Chị Đỗ Anh chia sẻ: > “Có những công ty mình phân phối, có những công ty không. Nhưng ở vị trí độc lập, khi cần tư vấn thì mình chọn giải pháp phù hợp; khi khách hàng cần hỗ trợ thì mình cứ tập trung giải quyết vấn đề. Bán thì hết mình, giúp cũng hết mình. 😌 Mình càng ngày càng thích những khách hàng chịu khó hỏi. Biết nhiều hơn luôn tốt, chỉ là đôi khi vài mảnh thông tin đúng vẫn chưa đủ thành một bức tranh đầy đủ. Nên cứ hỏi thật nhiều nhé. Khách hàng càng hỏi nhiều, thị trường càng tốt. Và Review Bảo hiểm cứ giữ sân chơi này thật lâu, để mọi người có thêm một nơi đọc, hỏi và đối chiếu trước khi xuống tiền.” Có lẽ đây cũng chính là một trong những giá trị mà chị Đỗ Anh đang góp phần tạo nên trong group: **không chỉ tư vấn khi khách hàng cần mua, mà sẵn sàng cùng khách hàng tìm hiểu và giải quyết vấn đề khi họ cần được hỗ trợ.** Chúc mừng chị Đỗ Anh tiếp tục có mặt trong Top 3 tháng 8. **TOP 3 – ANH **Nam Bui** | Sun Life** Anh Bùi Nam cũng là một cái tên quen thuộc trong các bảng vinh danh Dấu Ấn Tương Tác. Anh luôn dành thời gian đọc kỹ những thắc mắc và tình huống khách hàng đưa lên group, từ đó cố gắng đưa ra những bình luận giải đáp thấu đáo nhất. Anh Nam từng chia sẻ: > “Nam luôn dành ra một khoảng thời gian trong ngày để dạo quanh mạng xã hội, đọc kỹ từng thắc mắc hay các vấn đề mà khách hàng gặp phải, cố gắng đóng góp các bình luận giải đáp thắc mắc của khách hàng một cách thấu đáo nhất.” Với anh Nam, việc khách hàng chủ động hỏi không phải là điều phiền toái, mà là cơ hội để mọi người cùng trao đổi, hiểu hơn về bảo hiểm và củng cố niềm tin khi sử dụng sản phẩm. **Chúc mừng chị Ngô Thủy, chị Đỗ Anh và anh Bùi Nam** – ba gương mặt tiếp tục ghi dấu trong **Dấu Ấn Tương Tác Review Bảo Hiểm tháng 8**. Cảm ơn anh chị đã biến những lượt tương tác mỗi ngày thành những cuộc trao đổi có giá trị, góp phần để khách hàng có thêm một nơi để hỏi, đọc và đối chiếu trước khi đưa ra quyết định. #Dauantuongtac #Reviewbaohiem #Top3 #Admin",hoireviewbaohiem,REVIEW BẢO HIỂM,https://www.facebook.com/groups/hoireviewbaohiem/,Thùy Bích,https://www.facebook.com/thuy.bich.732756,14,9,5,0,0,0,0,0,0,2,,
1748081113065879,https://www.facebook.com/groups/hoireviewbaohiem/posts/1748081113065879/,2026-09-04,Em chào các anh/chị! Em hiện là sinh viên đang thực hiện nghiên cứu về thực trạng tham gia và sử dụng bảo hiểm tại Việt Nam. Em thấy nhóm mình có rất nhiều anh/chị tham gia nên xin phép đăng một khảo sát ngắn để tham khảo ý kiến. Em xin chân thành cảm ơn sự hỗ trợ của các anh/chị!,hoireviewbaohiem,REVIEW BẢO HIỂM,https://www.facebook.com/groups/hoireviewbaohiem/,Trinh Thi Thuy Huong,https://www.facebook.com/profile.php?id=100038728160154,8,7,1,0,0,0,0,0,0,3,,
1748139523060038,https://www.facebook.com/groups/hoireviewbaohiem/posts/1748139523060038/,2026-09-04,"Chào mọi người, hiện tại mình đang quan tâm bảo hiểm sk PACIFIC CROSS cho Mẹ kèm Bé 3 tháng tuổi. M cần tư vấn hoặc review về bh này. Cảm ơn",hoireviewbaohiem,REVIEW BẢO HIỂM,https://www.facebook.com/groups/hoireviewbaohiem/,BreathtakingRhino3386,,8,8,0,0,0,0,0,0,0,5,,
1748206109720046,https://www.facebook.com/groups/hoireviewbaohiem/posts/1748206109720046/,2026-09-04,Nhà e 2 vc đã có 1 thẻ của AIA 1 thẻ của Gen. Hiện tại tài chính của e k dư giả để mua riêng HĐ cho 2 bé và em cũng thấy không cần thiết mua riêng. E đang tính mua thêm thẻ sk cho con Bé 6t gắn vào aia Bé 1t gắn vào gen Ac thấy như vậy có hợp lý không ạ?,hoireviewbaohiem,REVIEW BẢO HIỂM,https://www.facebook.com/groups/hoireviewbaohiem/,AttractiveParsnip8057,,16,15,1,0,0,0,0,0,0,22,,
2131170614136407,https://www.facebook.com/groups/tuvanbaohiemnhanthovn/posts/2131170614136407/,2026-09-04,"“Bảo hiểm không làm chúng ta không bệnh. Bảo hiểm cũng không khiến bệnh viện rẻ đi…” Đọc chia sẻ này của khách hàng, Thủy thấy có một câu rất đáng suy nghĩ: “Bảo hiểm chỉ giúp mình có thêm một nguồn tiền khác để chống lại rủi ro, thay vì phải dùng toàn bộ tiền tiết kiệm đã gửi ngân hàng bấy lâu nay của gia đình.” Thực tế lần này cả gia đình chị có 6 người đều bị sốt xuất huyết. Riêng 3 mẹ con phải nằm viện từ 16/7 đến 05/8, chi phí theo chia sẻ của chị khoảng 50 triệu đồng. May mắn là chị đã chuẩn bị bảo hiểm sức khỏe cho gia đình từ năm 2022. Và đến lúc cả nhà cùng đổ bệnh, chị mới càng cảm nhận rõ giá trị của việc mình đã chuẩn bị từ trước. Thủy làm bảo hiểm nhiều năm và thấy mỗi loại bảo hiểm thực ra đang giúp mình giải quyết một nỗi lo khác nhau. Bảo hiểm sức khỏe là để hỗ trợ những hóa đơn khám chữa bệnh, nằm viện, phẫu thuật… theo quyền lợi và điều khoản mình tham gia. Như trường hợp của gia đình chị trong bài viết này, đây chính là quyền lợi đang phát huy tác dụng. Bảo hiểm bệnh hiểm nghèo lại là một câu chuyện khác. Ví dụ mình chuẩn bị quyền lợi 500 triệu đồng, chẳng may sau này mắc ung thư hoặc một bệnh nghiêm trọng thuộc điều kiện chi trả, mình có thể nhận khoản tiền theo hợp đồng. Lúc đó điều đáng sợ không chỉ là tiền viện phí. Có khi mình phải nghỉ làm vài tháng, người thân cũng phải nghỉ việc để chăm sóc, rồi tiền thuốc, tiền sinh hoạt, tiền học của con vẫn phải tiếp tục. Bảo hiểm nhân thọ thì Thủy thường nói với khách hàng rất đơn giản: Nếu mình là người đang kiếm tiền và chăm lo cho cả gia đình, thì mình nên chuẩn bị một khoản TIỀN đủ lớn để dù mình có gặp chuyện gì, cuộc sống của những người mình thương vẫn có thể tiếp tục. Còn một quyền lợi rất nhiều người hay bỏ qua là trợ cấp nằm viện theo ngày. Ví dụ mình có mức trợ cấp 500.000 đồng/ngày, một đợt nằm viện được công ty chấp thuận 20 ngày thì minh họa sẽ là: 500.000 × 20 ngày = 10 triệu đồng. Khoản này có thể giúp bù lại những chi phí rất đời thường: tiền ăn uống, đi lại, người nhà nghỉ làm chăm bệnh, thu nhập bị gián đoạn… Thủy nghĩ bảo hiểm thật ra không phải điều gì quá cao siêu. Mình khỏe thì mình đi làm, kiếm tiền và tích lũy. Còn khi mình bệnh, mình cần một nguồn tiền khác đứng ra cùng mình. Không ai mua bảo hiểm với mong muốn được sử dụng. Nhưng nếu một ngày buộc phải sử dụng, mình sẽ hiểu vì sao ngày trước mình đã dành một phần thu nhập để chuẩn bị cho ngày hôm nay. Và Thủy cũng luôn nói với khách hàng rằng đừng mua bảo hiểm chỉ vì nghe ai đó nói hay. Hãy hỏi thật kỹ: mình được bảo vệ những gì, không được bảo vệ những gì, thời gian chờ bao lâu, trường hợp nào bị loại trừ, mức chi trả ra sao và ngân sách này có phù hợp để mình duy trì lâu dài hay không. Nếu Anh/Chị đang tìm hiểu bảo hiểm nhân thọ, bảo hiểm sức khỏe, bảo hiểm bệnh hiểm nghèo, trợ cấp viện phí hay bảo hiểm cho cả gia đình mà vẫn còn nhiều điều chưa hiểu, cứ inbox Lệ Thủy Bảo Hiểm. Thủy sẵn sàng ngồi cùng Anh/Chị phân tích từng quyền lợi một. Hiểu thật kỹ rồi hãy tham gia cũng chưa muộn. ❤️ Lệ Thủy Bảo Hiểm | Giám đốc Ban Kinh Doanh TOT 2026 | Top 0,1% tư vấn tài chính xuất sắc toàn cầu 📲 Zalo tư vấn: 0971 093 368 📍 Văn phòng: Tòa nhà 7A Lam Sơn, P.2, Q. Tân Bình, TP.HCM (gần sân bay Tân Sơn Nhất) #LeThuyBaoHiem #BaoHiemSucKhoe #BaoHiemNhanTho #BaoHiemBenhHiemNgheo #BaoHiemDaiichi",tuvanbaohiemnhanthovn,Hiệp Hội Tư vấn Bảo hiểm Nhân thọ Việt Nam,https://www.facebook.com/groups/tuvanbaohiemnhanthovn/,Lệ Thủy,https://www.facebook.com/lethuybaohiem3368,0,0,0,0,0,0,0,0,0,0,,
2247761462828474,https://www.facebook.com/groups/296975261240447/posts/2247761462828474/,2026-09-04,"🔥 **[TP. HÀ NỘI] FUBON LIFE TUYỂN DỤNG NHÂN TÀI KINH DOANH** 🔥 Bạn muốn bứt phá thu nhập và xây dựng lộ trình sự nghiệp vững chắc? Gia nhập đội ngũ **Fubon Life** ngay hôm nay! 💎 **ĐUỔI THEO THU NHẬP KHÔNG GIỚI HẠN:** • **Thu nhập cố định:** Từ **15.000.000 VNĐ+/tháng** • **Thu nhập thực tế:** Từ **30.000.000 VNĐ+/tháng** trở lên • Ký HĐLĐ chính thức 3 năm, có thưởng tháng 13 & thưởng phát triển. • Đào tạo bài bản từ A-Z (Miễn phí 100%). • Lộ trình thăng tiến rõ ràng lên Quản lý. 🎯 **YÊU CẦU ĐƠN GIẢN:** • Từ 22 tuổi, tốt nghiệp Đại học. • Ưu tiên ứng viên có **kinh nghiệm Sales từ 1 năm** (bất kỳ lĩnh vực nào). • Giao tiếp tốt, tự tin, có tinh thần cầu tiến. 📍 **Địa điểm làm việc:** Cầu Giấy – Hà Nội 📅 **Lịch phỏng vấn:** 08:30 Sáng Thứ 7 | 13:30 Chiều Thứ 4 📲 **ỨNG TUYỂN NGAY HÔM NAY:** • **Liên hệ:** Anh Tuấn - **0326 565 289** (Gọi/Zalo) ⚡ *Phỏng vấn nhanh - Nhận việc ngay - Số lượng có hạn!* #FubonLife #TuyendungKinhdoanh #TuyendungHanoi #Sale #VieclamHanoi #Fubon",296975261240447,REVIEW BẢO HIỂM NHÂN THỌ,https://www.facebook.com/groups/296975261240447/,Tuan Nguyen Van,https://www.facebook.com/tuan.nguyen.van.876927,0,0,0,0,0,0,0,0,0,0,,
1748124466394877,https://www.facebook.com/groups/hoireviewbaohiem/posts/1748124466394877/,2026-09-04,Mình cần tư vấn bảo hiểm nhân thọ và sức khoẻ khu vực hải phòng ạ. E cảm ơn,hoireviewbaohiem,REVIEW BẢO HIỂM,https://www.facebook.com/groups/hoireviewbaohiem/,Anonymous participant,,23,21,2,0,0,0,0,0,0,33,,
1748171579723499,https://www.facebook.com/groups/hoireviewbaohiem/posts/1748171579723499/,2026-09-04,"Các đại lý VBI cho mình hỏi chút ạ! Mình mua cho cả nhà gói Vàng VBI mọi năm được chiết khấu 10%. Năm nay TVV bảo quy chế thay đổi, dưới 7 tuổi và trên 50 tuổi chỉ được giảm 5%. Mình muốn hỏi có đúng vậy không ạ để mình tái tục tiếp bên bạn ý hoặc tìm đại lý khác tốt hơn. Many thanks!",hoireviewbaohiem,REVIEW BẢO HIỂM,https://www.facebook.com/groups/hoireviewbaohiem/,PeacefulDachshund3330,,9,7,1,1,0,0,0,0,0,16,,
1748253843048606,https://www.facebook.com/groups/hoireviewbaohiem/posts/1748253843048606/,2026-09-04,Câu Chuyện Tái Tục Thẻ Mẹ Ck mình tham gia BH năm 5/2022 T7/2022 bị tai nạn giao thông T5/2023 phát hiện ung thư và điều trị UT và kéo dài hết năm 2024 2025 -2026: vẫn tiếp tục điều trị thêm các bệnh khác nữa Chuẩn bị Mổ cắt U thận Mẹ mình dùng thẻ 2.0 của AIA và trước đây có rất nhiều tranh cãi về việc tái tục. Còn riêng bản thân Phương thì k tranh luận quá nhiều vì trong 5 năm làm việc tại AIA rất tin tưởng về sự “ Sòng Phẳng” và “Nhân Văn” của AIA( Mẹ Phương đc chi trả từ sự nhân văn này). Phương chỉ cần đảm bảo 1 thứ là “ Trung Thực” là luôn đc AIA ôm trọn về sau. Phương tin tuyệt đối luôn Nên KH của AIA cứ yên tâm nhé.,hoireviewbaohiem,REVIEW BẢO HIỂM,https://www.facebook.com/groups/hoireviewbaohiem/,Phương Đặng,https://www.facebook.com/phuong.ang.449655,26,19,7,0,0,0,0,0,3,10,https://scontent.fsgn21-1.fna.fbcdn.net/v/t39.30808-6/788000773_28117058397986985_1306101255504325912_n.jpg?stp=dst-jpg_tt6&cstp=mx1290x1794&ctp=p843x403&_nc_cat=104&ccb=1-7&_nc_sid=aa7b47&_nc_ohc=v2g-mIpaf20Q7kNvwFL0U9c&_nc_oc=AdqP6freHI1Y0OJjZEUkiq7CrW6zoB3r65LKj6UKoDmtVlugDTwMwgkSjjTwKhmdPAo&_nc_zt=23&_nc_ht=scontent.fsgn21-1.fna&_nc_gid=tNNj6rueRl9JpEsHLgTjmQ&_nc_ss=7b2a8&oh=00_AQKCpV5yunySERvnzwfYeNnGt7pwOolPLBWr0FcNieTrfw&oe=6AA59082|https://scontent.fsgn21-1.fna.fbcdn.net/v/t39.30808-6/793029070_28117094817983343_3538994736024117062_n.jpg?stp=dst-jpg_tt6&cstp=mx1290x1589&ctp=p960x960&_nc_cat=105&ccb=1-7&_nc_sid=aa7b47&_nc_ohc=yeNzSJDzhlQQ7kNvwESQlBx&_nc_oc=AdqjcvVc7-_orEKyTfOI2lFyMma3Qs4LQ5z_KInTcaG2VXSvJ4s8T581BV_SxPSEI_g&_nc_zt=23&_nc_ht=scontent.fsgn21-1.fna&_nc_gid=tNNj6rueRl9JpEsHLgTjmQ&_nc_ss=7b2a8&oh=00_AQIlzl2zuttfCzj1yw1u-IkaczBnXdQuzsrD8RYOrHwLtg&oe=6AA5C1CF|https://scontent.fsgn21-1.fna.fbcdn.net/v/t39.30808-6/791943080_28117094797983345_3123990453515040973_n.jpg?stp=dst-jpg_tt6&cstp=mx1152x2048&ctp=p720x720&_nc_cat=104&ccb=1-7&_nc_sid=aa7b47&_nc_ohc=JhvcIbzS62MQ7kNvwFty0f_&_nc_oc=AdrpKQ2YxP1vE69PH_dj9NX9yHfwuPgu30BJvVsxsMfuxnPYbRlopujey4hw1PKX08M&_nc_zt=23&_nc_ht=scontent.fsgn21-1.fna&_nc_gid=tNNj6rueRl9JpEsHLgTjmQ&_nc_ss=7b2a8&oh=00_AQJ8FJt_9Bg1Je1WZQrC-MSd4MhvTWIiYveRvEuVIWuffQ&oe=6AA5A769|https://scontent.fsgn21-1.fna.fbcdn.net/v/t39.30808-6/794198722_28117095094649982_7692166552296170129_n.jpg?stp=dst-jpg_tt6&cstp=mx1289x1542&ctp=s1080x2048&_nc_cat=104&ccb=1-7&_nc_sid=aa7b47&_nc_ohc=r7QyNLs0RWkQ7kNvwHZQCRN&_nc_oc=AdqaWM6vI-bh3-JeBUq4PQZiSFFEbF6wXrC-D2h1gQ-EiH0MeAA11KUK7mZMv1_bSgw&_nc_zt=23&_nc_ht=scontent.fsgn21-1.fna&_nc_gid=tNNj6rueRl9JpEsHLgTjmQ&_nc_ss=7b2a8&oh=00_AQJn9vQdwqRBEFDd9YsGRpoXXHIQ7aEQkRVGW8pUln4HkQ&oe=6AA5A76A|https://scontent.fsgn21-1.fna.fbcdn.net/v/t39.30808-6/792090149_28117085654650926_2675459418491679512_n.jpg?stp=dst-jpg_tt6&cstp=mx944x482&ctp=s944x482&_nc_cat=107&ccb=1-7&_nc_sid=aa7b47&_nc_ohc=Iykl4ztKWJsQ7kNvwGnKMyr&_nc_oc=AdofooaZSfBtaClS1vMnZpQuG3hdMXq-N-LsSNuEJeAuPg8T1SuBOmM6SgOuig8phBQ&_nc_zt=23&_nc_ht=scontent.fsgn21-1.fna&_nc_gid=tNNj6rueRl9JpEsHLgTjmQ&_nc_ss=7b2a8&oh=00_AQLZ7Ki5UV-2GvmDaAQKqNZWF0ev9g4edWhDkAaQlO9mPA&oe=6AA5BB6D,
1748265483047442,https://www.facebook.com/groups/hoireviewbaohiem/posts/1748265483047442/,2026-09-04,"Xin chào mọi người. Mình là mẹ đơn thân, hiện tại mình muốn mua bảo hiểm cho cả mẹ và bé. Tài chính tầm 12tr một năm ( hợp đồng 10 năm và sau này có thể tái tục tiếp ). Không biết có ổn ko. Mong mọi người tư vấn mình hãng bảo hiểm nào ok, an tâm. Cảm ơn mn.",hoireviewbaohiem,REVIEW BẢO HIỂM,https://www.facebook.com/groups/hoireviewbaohiem/,SteadyKiwi7135,,20,17,3,0,0,0,0,0,0,38,,
1748282083045782,https://www.facebook.com/groups/hoireviewbaohiem/posts/1748282083045782/,2026-09-04,"Cho mình hỏi trường hợp này với ạ: Người nhà mình vừa mua BH nhưng lúc làm hồ sơ đại lý không khai báo một số bệnh sử. * Người lớn có nhân/nang vú, từng khám/điều trị tại bệnh viện nhưng không khai. Hiện HĐ thấy có loại trừ liên quan đến trợ cấp nằm viện do trước đây từng nộp hồ sơ, nhưng không thấy đề cập nhân/nang vú. * Bé có nhịp tim chậm, đã từng khám nhưng không nằm viện, nên đại lý tư vấn là không cần khai. Cả hai đều từng khám tại Bắc Hà, Tâm Anh, Hồng Ngọc. Nếu sau này công ty bảo hiểm tra được lịch sử khám chữa bệnh thì trường hợp này chỉ bị loại trừ bệnh liên quan, hay có thể ảnh hưởng đến việc chi trả/quyền lợi của HĐ nếu phát sinh bệnh khác ạ? Mình muốn hỏi để còn xử lý khai bổ sung cho đúng ngay từ đầu. Cảm ơn mọi người!",hoireviewbaohiem,REVIEW BẢO HIỂM,https://www.facebook.com/groups/hoireviewbaohiem/,EasygoingKiwi2588,,17,11,1,1,3,1,0,0,0,84,,
1325964579406787,https://www.facebook.com/groups/bvqlkhbhnt/posts/1325964579406787/,2026-09-04,"Cấm có thấy ai phốt” sao tôi mua ô tô lại mất tiền, tôi có đi đâu, mua về ngắm đấy chứ” hoặc” ô sao xe buýt không chờ tui, chậm có 2p thôi mà đi luôn òi” So sánh như này có dễ hiểu không mọi người. Cứ nói sao cho khách hàng hiểu- thoải mái thì sẽ ít khi người ta phốt lắm. #sosanh #bhyt #bhsk",bvqlkhbhnt,BẢO VỆ QUYỀN LỢI KHÁCH HÀNG BẢO HIỂM NHÂN THỌ,https://www.facebook.com/groups/bvqlkhbhnt/,Thái Hà,https://www.facebook.com/thai.ha.908,5,5,0,0,0,0,0,0,0,0,,
1618950426355924,https://www.facebook.com/groups/baohiemnhantho.chuyenvien/posts/1618950426355924/,2026-09-04,"Tết Trung Thu | Vững Đoàn Viên - Hay Sum Vầy Tết Đoàn Viên là dịp đê mỗi chúng ta dành thêm thời gian chăm sóc, sẻ chia và tận hưởng những khoảnh khắc sum vầy cùng gia đình. Vững đoàn viên - Hay sum vầy, khi những người mình thương luôn khỏe mạnh để cùng nhau tạo nên thật nhiều khoảnh khắc đáng nhớ. Cùng chăm sóc những người thân yêu với Giải pháp Sống khỏe toàn diện từ AIA, để mỗi mùa đoàn viên thêm vững vàng, mỗi phút sum vầy thêm trọn vẹn. Hãy nhanh tay thưởng cho mình một Gói Sản Phẩm Bảo Vệ trong dịp Tết Trung Thu 🥮 Liên hệ CVTV ĐLBH Phú inbox để được tư vấn. Chúc bạn và gia đình một mùa Trung Thu thật nhiều sức khỏe, bình an và trọn vẹn yêu thương. #AIA #AOB #vungdoanvien #haysumvay #tettrungthu",baohiemnhantho.chuyenvien,BẢO HIỂM NHÂN THỌ - Hội chuyên viên tư vấn,https://www.facebook.com/groups/baohiemnhantho.chuyenvien/,Steven Ly,https://www.facebook.com/steven.ly.39,0,0,0,0,0,0,0,0,0,0,,
28601824296096639,https://www.facebook.com/groups/congdongtuvanvienbaohiem/posts/28601824296096639/,2026-09-04,Sau bao năm làm nghề mình mới phát hiện ra 80% người làm nghề bảo hiểm trước đó điều ghét bảo hiểm. Không tin bạn cứ thử cho mình 6 ngày trải nghiệm với nghề này nhé!,congdongtuvanvienbaohiem,Cộng đồng Tư vấn viên bảo hiểm,https://www.facebook.com/groups/congdongtuvanvienbaohiem/,Hong van Nguyen,https://www.facebook.com/hong.van.nguyen.695111,6,6,0,0,0,0,0,0,0,0,,
28601810042764731,https://www.facebook.com/groups/congdongtuvanvienbaohiem/posts/28601810042764731/,2026-09-04,"Cấm có thấy ai phốt” sao tôi mua ô tô lại mất tiền, tôi có đi đâu, mua về ngắm đấy chứ” hoặc” ô sao xe buýt không chờ tui, chậm có 2p thôi mà đi luôn òi” So sánh như này có dễ hiểu không mọi người. Cứ nói sao cho khách hàng hiểu- thoải mái thì sẽ ít khi người ta phốt lắm. #sosanh #bhyt #bhsk. Đồng nghiệp lấy bài thoải mái khum cần hỏi nha",congdongtuvanvienbaohiem,Cộng đồng Tư vấn viên bảo hiểm,https://www.facebook.com/groups/congdongtuvanvienbaohiem/,Thái Hà,https://www.facebook.com/thai.ha.908,2,2,0,0,0,0,0,0,0,0,,
28601753786103690,https://www.facebook.com/groups/congdongtuvanvienbaohiem/posts/28601753786103690/,2026-09-04,Có anh em nào hỗ trợ mua bảo hiểm cả gia đình tư vấn giúp mình Ok thì liên hệ Zalo 0908868708 - 0909888976 (phong),congdongtuvanvienbaohiem,Cộng đồng Tư vấn viên bảo hiểm,https://www.facebook.com/groups/congdongtuvanvienbaohiem/,ChummyLobster6248,,7,6,1,0,0,0,0,0,0,11,,
28601320379480364,https://www.facebook.com/groups/congdongtuvanvienbaohiem/posts/28601320379480364/,2026-09-04,"# **🔥 NHẢ VÍA CHO MỌI NGƯỜI ĐANG ĐI TÌM VIỆC PHÙ HỢP 🔥** # Sau nhiều lần rải CV thì mình đã được nhận vào một công ty mà: ❤️ Đồng nghiệp hòa đồng, vui vẻ, không toxic ❤️ Môi trường GenZ trẻ trung, năng động ❤️ Thời gian làm việc linh hoạt, 9h - 17h T2 - T6, nghỉ trưa 2 tiếng (Nghỉ T7 & CN) ❤️ Thu nhập không giới hạn theo năng lực Mong rằng tất cả mọi người đều tìm được công việc mình mong muốn nha 🫶🏻 (Đang còn trống vị trí Nhân viên Kinh doanh nhenn) 📍 VP làm việc: Tầng 9, Tòa Geleximco, 36 Hoàng Cầu, Đống Đa, Hà Nội 📞 Hotline/Zalo: 0946 198 580 (Vu Minh Phuong)",congdongtuvanvienbaohiem,Cộng đồng Tư vấn viên bảo hiểm,https://www.facebook.com/groups/congdongtuvanvienbaohiem/,Vu Minh Phuong,https://www.facebook.com/vuminhfuong,0,0,0,0,0,0,0,0,0,0,https://scontent.fsgn21-1.fna.fbcdn.net/v/t39.30808-6/791197141_2512598452550011_1069700712929263552_n.jpg?stp=dst-jpg_tt6&cstp=mx2048x1366&ctp=p960x960&_nc_cat=107&ccb=1-7&_nc_sid=aa7b47&_nc_ohc=O-UEClW5DlcQ7kNvwFSxhec&_nc_oc=Adr3gq7dFvfZFaPyvgFn-JRr43XopiAHBZ-kKtarNp6cJIYRrxTjqiH2QEgn1shxWZM&_nc_zt=23&_nc_ht=scontent.fsgn21-1.fna&_nc_gid=QoyCSTC6YIPYzS-zXGg4vw&_nc_ss=7b2a8&oh=00_AQKHfnh3HDDL99ITQ11xjl8unwMHN8p6To3DHpDZ-LX9NA&oe=6AA5C35D|https://scontent.fsgn21-1.fna.fbcdn.net/v/t39.30808-6/786093633_2512598455883344_3765749282550981774_n.jpg?stp=dst-jpg_tt6&cstp=mx2048x1366&ctp=p960x960&_nc_cat=111&ccb=1-7&_nc_sid=aa7b47&_nc_ohc=6ugi2OstCMQQ7kNvwGrlt44&_nc_oc=AdrSiHelniDXkgdVMMtbfUQ9lYFcBPAbFwURGXfOsgKh3-7Jc84jbTlQ5D1nzTH4i7w&_nc_zt=23&_nc_ht=scontent.fsgn21-1.fna&_nc_gid=QoyCSTC6YIPYzS-zXGg4vw&_nc_ss=7b2a8&oh=00_AQLd_CmrZM-eewedVsDeLTPUNVplvwhla5bw1jjsv1dU8A&oe=6AA5BA24,
2131088407477961,https://www.facebook.com/groups/tuvanbaohiemnhanthovn/posts/2131088407477961/,2026-09-04,"# **🔥 NHẢ VÍA CHO MỌI NGƯỜI ĐANG ĐI TÌM VIỆC PHÙ HỢP 🔥** # Sau nhiều lần rải CV thì mình đã được nhận vào một công ty mà: ❤️ Đồng nghiệp hòa đồng, vui vẻ, không toxic ❤️ Môi trường GenZ trẻ trung, năng động ❤️ Thời gian làm việc linh hoạt, 9h - 17h T2 - T6, nghỉ trưa 2 tiếng (Nghỉ T7 & CN) ❤️ Thu nhập không giới hạn theo năng lực Mong rằng tất cả mọi người đều tìm được công việc mình mong muốn nha 🫶🏻 (Đang còn trống vị trí Nhân viên Kinh doanh nhenn) 📍 VP làm việc: Tầng 9, Tòa Geleximco, 36 Hoàng Cầu, Đống Đa, Hà Nội 📞 Hotline/Zalo: 0946 198 580 (Vu Minh Phuong)",tuvanbaohiemnhanthovn,Hiệp Hội Tư vấn Bảo hiểm Nhân thọ Việt Nam,https://www.facebook.com/groups/tuvanbaohiemnhanthovn/,Vu Minh Phuong,https://www.facebook.com/vuminhfuong,0,0,0,0,0,0,0,0,0,0,https://scontent.fsgn21-1.fna.fbcdn.net/v/t39.30808-6/786070022_2512594539217069_3707911822129505690_n.jpg?stp=dst-jpg_tt6&cstp=mx2048x1366&ctp=p960x960&_nc_cat=111&ccb=1-7&_nc_sid=aa7b47&_nc_ohc=IMwYRdRlzy0Q7kNvwE3tbZw&_nc_oc=Adr3D5gfqEnYVIXe3I-44L6zkNWVj58Lmg7PupmmLxkIQQ2W9YTZk6z1MH0Ah3qc820&_nc_zt=23&_nc_ht=scontent.fsgn21-1.fna&_nc_gid=Q8MbyvlHNRQAVg1h1LJDaw&_nc_ss=7b2a8&oh=00_AQJokUcd9hY-twvaYTxszIuRq8y3Qsi2v-vml9ryktr0Sw&oe=6AA59DC2|https://scontent.fsgn21-1.fna.fbcdn.net/v/t39.30808-6/792176912_2512594542550402_3825592043466866960_n.jpg?stp=dst-jpg_tt6&cstp=mx2048x1366&ctp=p960x960&_nc_cat=102&ccb=1-7&_nc_sid=aa7b47&_nc_ohc=X4SgQRsrg_YQ7kNvwHpKqKe&_nc_oc=AdpZdhcrHirYt1Orb_NQAkKvfi_WrV0QLSPFpb5OriIY-z5nyUA0xdG7uLP17I2AnDY&_nc_zt=23&_nc_ht=scontent.fsgn21-1.fna&_nc_gid=Q8MbyvlHNRQAVg1h1LJDaw&_nc_ss=7b2a8&oh=00_AQJvUUA49VaZmeyPngvGUPcUgS8RSd5XH_dXatfQXeTQyg&oe=6AA5AE22|https://scontent.fsgn21-1.fna.fbcdn.net/v/t39.30808-6/790491087_2512594535883736_8625206406772217018_n.jpg?stp=dst-jpg_tt6&cstp=mx1020x1020&ctp=s1020x1020&_nc_cat=108&ccb=1-7&_nc_sid=aa7b47&_nc_ohc=DPILiOMWB1YQ7kNvwHKLEQi&_nc_oc=Adrs6qqxtsf3L8njzR_5s2cCKYV7uDQ-2kwlz_FCvy2hbAJd3SZXuol98pKTF6JFenk&_nc_zt=23&_nc_ht=scontent.fsgn21-1.fna&_nc_gid=Q8MbyvlHNRQAVg1h1LJDaw&_nc_ss=7b2a8&oh=00_AQJOWpe-01pGtl3MoWhSTtI5olHAshUDu0cvGSb7mtubmA&oe=6AA5C37B,
1618902069694093,https://www.facebook.com/groups/baohiemnhantho.chuyenvien/posts/1618902069694093/,2026-09-04,"👉 ""Một chiếc áo chi phí sản xuất 100 - 200 nghìn nhưng giá bán có thể lên tới 800 nghìn đến 2 triệu, còn bảo hiểm nhân thọ được giám sát rất chặt chẽ về giá sản phẩm""👇",baohiemnhantho.chuyenvien,BẢO HIỂM NHÂN THỌ - Hội chuyên viên tư vấn,https://www.facebook.com/groups/baohiemnhantho.chuyenvien/,Phú Bảo Hiểm,https://www.facebook.com/baohiemsuckhoetrondoi,4,4,0,0,0,0,0,0,0,0,,
28601208636158205,https://www.facebook.com/groups/congdongtuvanvienbaohiem/posts/28601208636158205/,2026-09-04,"👉 ""Một chiếc áo chi phí sản xuất 100 - 200 nghìn nhưng giá bán có thể lên tới 800 nghìn đến 2 triệu, còn bảo hiểm nhân thọ được giám sát rất chặt chẽ về giá sản phẩm""👇",congdongtuvanvienbaohiem,Cộng đồng Tư vấn viên bảo hiểm,https://www.facebook.com/groups/congdongtuvanvienbaohiem/,Phú Bảo Hiểm,https://www.facebook.com/baohiemsuckhoetrondoi,2,2,0,0,0,0,0,0,0,0,,
2503428526827705,https://www.facebook.com/groups/hotrobaohiem/posts/2503428526827705/,2026-09-04,E chào mn ạ Hiển tại xe e bị hỏng mô tơ quạt tản nhiệt không biết bảo hiểm có chi trả phần này không ạ,hotrobaohiem,TƯ VẤN QUYỀN LỢI BẢO HIỂM,https://www.facebook.com/groups/hotrobaohiem/,WonderfulKale3408,,9,6,0,0,3,0,0,0,0,12,,
1618868556364111,https://www.facebook.com/groups/baohiemnhantho.chuyenvien/posts/1618868556364111/,2026-09-04,"🤝TÌM KIẾM CTV GIỚI THIỆU KHÁCH HÀNG🤝 Mình đang tìm kiếm các anh/chị chuyên viên tư vấn bảo hiểm nhân thọ hợp tác giới thiệu khách hàng có nhu cầu khám chữa bệnh, khám sức khỏe, tiêm chủng… tại Bệnh viện Hồng Ngọc. Anh/chị quan tâm hợp tác, muốn tìm hiểu thêm về chính sách chương trình ib em ạ🥰🥰🥰",baohiemnhantho.chuyenvien,BẢO HIỂM NHÂN THỌ - Hội chuyên viên tư vấn,https://www.facebook.com/groups/baohiemnhantho.chuyenvien/,Manh Manh,https://www.facebook.com/profile.php?id=100082617387842,5,5,0,0,0,0,0,0,0,7,,
1748178976389426,https://www.facebook.com/groups/hoireviewbaohiem/posts/1748178976389426/,2026-09-04,Mong ad duyệt bài giúp em với Em có mua gói bảo hiểm AN PHÁT TRỌN ĐỜI. Bên bảo hiểm bảo Việt. Bay giờ em muốn mua bổ sung thêm thẻ sức khỏe được không ạ. Em cảm ơn ạ,hoireviewbaohiem,REVIEW BẢO HIỂM,https://www.facebook.com/groups/hoireviewbaohiem/,Anonymous participant,,5,5,0,0,0,0,0,0,0,7,,
28600644136214655,https://www.facebook.com/groups/congdongtuvanvienbaohiem/posts/28600644136214655/,2026-09-04,⚡ **GÓI BẢO HIỂM SỨC KHỎE VIP – HẠN MỨC 2 TỶ MỖI BỆNH/THƯƠNG TẬT** • Phòng riêng bệnh viện tư/quốc tế: 6 Tr/ngày • Cấy ghép tạng: Hỗ trợ tới 1 Tỷ • Điều trị ung thư: Chi trả theo chi phí y tế thực tế • Chi phí phẫu thuật: 250 Tr/năm 📌 Bảng phí minh bạch theo từng độ tuổi (xem chi tiết trên ảnh). 📲 Inbox hoặc gọi Hotline **0938.744.679 (GĐKD Lê Quang Long)** để nhận tư vấn!,congdongtuvanvienbaohiem,Cộng đồng Tư vấn viên bảo hiểm,https://www.facebook.com/groups/congdongtuvanvienbaohiem/,Trần Quang Bảo Vy,https://www.facebook.com/tqbzy2210,0,0,0,0,0,0,0,0,0,0,,
1748181356389188,https://www.facebook.com/groups/hoireviewbaohiem/posts/1748181356389188/,2026-09-04,Có Mom nào mua Bh thai sản Fuse đi khám thai siêu âm 5D mà bị cty từ chối lý do chỉ trả 2D - 3D và 4D chưa ạ? Và rồi xử lý tiếp hay là sao ạ?,hoireviewbaohiem,REVIEW BẢO HIỂM,https://www.facebook.com/groups/hoireviewbaohiem/,Anonymous participant,,6,6,0,0,0,0,0,0,0,12,,
28600640469548355,https://www.facebook.com/groups/congdongtuvanvienbaohiem/posts/28600640469548355/,2026-09-04,"Đầu tư cho sức khỏe luôn là khoản đầu tư sinh lời nhất! ❤ Với **Gói Bảo Hiểm Cao Cấp 1 Tỷ/Bệnh**, bạn hoàn toàn có thể chủ động tài chính trước mọi rủi ro y tế bất ngờ: 🔹 Chi trả phẫu thuật tới 150 Tr/năm. 🔹 Chi trả cấy ghép bộ phận tới 500 Tr. 🔹 Chi trả điều trị ung thư, dị tật bẩm sinh & biến chứng thai sản. Bố mẹ quan tâm bảo vệ cho con hoặc cho chính mình, inbox em để nhận bảng minh họa chi tiết nhé! ☎️ Hotline tư vấn: **0938.744.679 (GĐKD Lê Quang Long)**",congdongtuvanvienbaohiem,Cộng đồng Tư vấn viên bảo hiểm,https://www.facebook.com/groups/congdongtuvanvienbaohiem/,Trần Quang Bảo Vy,https://www.facebook.com/tqbzy2210,0,0,0,0,0,0,0,0,0,0,,
28600636059548796,https://www.facebook.com/groups/congdongtuvanvienbaohiem/posts/28600636059548796/,2026-09-04,"🤝TÌM KIẾM CTV GIỚI THIỆU KHÁCH HÀNG🤝 Mình đang tìm kiếm các anh/chị chuyên viên tư vấn bảo hiểm nhân thọ hợp tác giới thiệu khách hàng có nhu cầu khám chữa bệnh, khám sức khỏe, tiêm chủng… tại Bệnh viện Hồng Ngọc. Anh/chị quan tâm hợp tác, muốn tìm hiểu thêm về chính sách chương trình ib em ạ🥰🥰",congdongtuvanvienbaohiem,Cộng đồng Tư vấn viên bảo hiểm,https://www.facebook.com/groups/congdongtuvanvienbaohiem/,Manh Manh,https://www.facebook.com/profile.php?id=100082617387842,3,3,0,0,0,0,0,0,0,2,,
1618865346364432,https://www.facebook.com/groups/baohiemnhantho.chuyenvien/posts/1618865346364432/,2026-09-04,⚡ **GÓI BẢO HIỂM SỨC KHỎE VIP – HẠN MỨC 2 TỶ MỖI BỆNH/THƯƠNG TẬT** • Phòng riêng bệnh viện tư/quốc tế: 6 Tr/ngày • Cấy ghép tạng: Hỗ trợ tới 1 Tỷ • Điều trị ung thư: Chi trả theo chi phí y tế thực tế • Chi phí phẫu thuật: 250 Tr/năm 📌 Bảng phí minh bạch theo từng độ tuổi (xem chi tiết trên ảnh). 📲 Inbox hoặc gọi Hotline **0938.744.679 (GĐKD Lê Quang Long)** để nhận tư vấn!,baohiemnhantho.chuyenvien,BẢO HIỂM NHÂN THỌ - Hội chuyên viên tư vấn,https://www.facebook.com/groups/baohiemnhantho.chuyenvien/,Trần Quang Bảo Vy,https://www.facebook.com/tqbzy2210,1,1,0,0,0,0,0,0,0,0,,
28600605359551866,https://www.facebook.com/groups/congdongtuvanvienbaohiem/posts/28600605359551866/,2026-09-04,"**PHÍ 1 TỶ ĐỒNG!** Bạn muốn giải pháp bảo vệ sức khỏe toàn diện nhưng tối ưu chi phí? **Gói Cao Cấp** chính là lựa chọn hoàn hảo nhất cho dân văn phòng và các gia đình trẻ: 🛡 Hạn mức **1 Tỷ đồng** cho MỖI bệnh/thương tật. 🛡 Tiền phòng nằm viện **3.000.000 VNĐ/ngày** (thoải mái nằm phòng tiêu chuẩn bệnh viện tư). 🛡 Bảo lãnh viện phí 24/7, không lo thanh toán trước - hoàn phí sau. 📌 Phí bảo hiểm cực kỳ tiết kiệm chỉ từ **2.730.000đ/năm** (xem bảng phí theo tuổi trên ảnh). 📞 **GĐKD LÊ QUANG LONG: 0938.744.679**",congdongtuvanvienbaohiem,Cộng đồng Tư vấn viên bảo hiểm,https://www.facebook.com/groups/congdongtuvanvienbaohiem/,Huỳnh Như,https://www.facebook.com/huynh.nhu.236186,0,0,0,0,0,0,0,0,0,0,,
1618863029697997,https://www.facebook.com/groups/baohiemnhantho.chuyenvien/posts/1618863029697997/,2026-09-04,"💡 **CHỈ TỪ VÀI TRĂM NGHÌN/THÁNG – SỞ HỮU NGAY THẺ BẢO BẢO VIỆN PHÍ 1 TỶ ĐỒNG!** Bạn muốn giải pháp bảo vệ sức khỏe toàn diện nhưng tối ưu chi phí? **Gói Cao Cấp** chính là lựa chọn hoàn hảo nhất cho dân văn phòng và các gia đình trẻ: 🛡 Hạn mức **1 Tỷ đồng** cho MỖI bệnh/thương tật. 🛡 Tiền phòng nằm viện **3.000.000 VNĐ/ngày** (thoải mái nằm phòng tiêu chuẩn bệnh viện tư). 🛡 Bảo lãnh viện phí 24/7, không lo thanh toán trước - hoàn phí sau. 📌 Phí bảo hiểm cực kỳ tiết kiệm chỉ từ **2.730.000đ/năm** (xem bảng phí theo tuổi trên ảnh). 📞 **GĐKD LÊ QUANG LONG: 0938.744.679**",baohiemnhantho.chuyenvien,BẢO HIỂM NHÂN THỌ - Hội chuyên viên tư vấn,https://www.facebook.com/groups/baohiemnhantho.chuyenvien/,Huỳnh Như,https://www.facebook.com/huynh.nhu.236186,0,0,0,0,0,0,0,0,0,0,,
28600528442892891,https://www.facebook.com/groups/congdongtuvanvienbaohiem/posts/28600528442892891/,2026-09-04,"Cần tư vấn bảo hiểm cho em, Nam 25 tuổi, sức khoẻ tốt Bác nào tư vấn giúp e với ạ Zalo/sđt: 0855454034",congdongtuvanvienbaohiem,Cộng đồng Tư vấn viên bảo hiểm,https://www.facebook.com/groups/congdongtuvanvienbaohiem/,DazzlingJackfruit5551,,15,14,1,0,0,0,0,0,0,26,,
1325883226081589,https://www.facebook.com/groups/bvqlkhbhnt/posts/1325883226081589/,2026-09-04,"🌟 LẦN ĐẦU TIÊN THAM DỰ KHÓA THẨM ĐỊNH KÊ KHAI BẢO HIỂM A–Z 🌟 Lần đầu tiên Phước được tham dự khóa Thẩm định Kê khai Bảo hiểm từ A–Z, được học và thực hành sơ bộ quy trình kê khai khi lên Hồ sơ Yêu cầu Bảo hiểm (HSYCBH). ⏰ Từ 19h30 đến gần 1h00 sáng ngày 03.09.2026 – một buổi học thật sự nhiều kiến thức và rất đáng giá. Đây là một khóa học vô cùng hữu ích dành cho những Tư Vấn Tài Chính chuyên nghiệp và tận tâm, bởi để bảo vệ tốt quyền lợi khách hàng, người tư vấn cần hiểu rõ: ✅ Kê khai đúng – đủ – trung thực ✅ Nhận biết những thông tin cần kê khai và cách kê khai phù hợp ✅ Hiểu quy trình thẩm định hồ sơ từ A–Z ✅ Tuân thủ quy định pháp luật và quy trình của doanh nghiệp ✅ Hạn chế rủi ro cho khách hàng khi phát sinh yêu cầu giải quyết quyền lợi sau này. Với Phước, tư vấn không chỉ là giúp khách hàng tham gia một hợp đồng, mà còn là trách nhiệm đồng hành để hồ sơ được thực hiện đúng ngay từ đầu, từ đó góp phần bảo vệ quyền lợi khách hàng một cách tốt nhất. 🙏 Cảm ơn Thầy Ngô Hà Minh đã tận tâm chia sẻ một khóa học thực tế, chuyên sâu và vô cùng bổ ích. Học thêm một chút – hiểu sâu hơn một chút – để ngày càng phục vụ và bảo vệ khách hàng tốt hơn. ❤️ #PhamThanhPhuoc #ThamDinhKeKhai #HSYCBH #TuVanTaiChinhChuyenNghiep #BaoVeQuyenLoiKhachHang #HocDePhucVu #NgheTuTam",bvqlkhbhnt,BẢO VỆ QUYỀN LỢI KHÁCH HÀNG BẢO HIỂM NHÂN THỌ,https://www.facebook.com/groups/bvqlkhbhnt/,Phạm Thành Phước,https://www.facebook.com/pham.thanhphuoc.56,10,3,7,0,0,0,0,0,3,0,https://scontent.fsgn21-1.fna.fbcdn.net/v/t39.30808-6/793478600_28213242548335251_7363852500192495375_n.jpg?stp=dst-jpg_tt6&cstp=mx1414x2000&ctp=p843x403&_nc_cat=106&ccb=1-7&_nc_sid=aa7b47&_nc_ohc=vGRl3SZT7CUQ7kNvwFeX_lW&_nc_oc=Adq0XmaT61BV9DQIn1T-XPA-7vidCcYnQasTsc5pqJlv_2mEbvHNTF-k6po14QOGJg0&_nc_zt=23&_nc_ht=scontent.fsgn21-1.fna&_nc_gid=W67DC5JWv5NpOlR7FkVskw&_nc_ss=7b2a8&oh=00_AQKhq_ff7BanJHFvmsEKOPnyOSYrtMUz_JILYXd-0Kipzw&oe=6AA5B273|https://scontent.fsgn21-1.fna.fbcdn.net/v/t39.30808-6/794279850_28213242661668573_8585534701658231478_n.jpg?stp=dst-jpg_tt6&cstp=mx2048x1504&ctp=p960x960&_nc_cat=108&ccb=1-7&_nc_sid=aa7b47&_nc_ohc=VjYH1ZYsN78Q7kNvwF9A9Lc&_nc_oc=Adqa7uN4nUKnpSsZu8_2OaGLD2qBcCPj4-MWvIU_mTqLN_tP1ALKBdaj1iWIJaBJn0I&_nc_zt=23&_nc_ht=scontent.fsgn21-1.fna&_nc_gid=W67DC5JWv5NpOlR7FkVskw&_nc_ss=7b2a8&oh=00_AQJkT7QwHXhA5FzDCSu3afbXStZcbwuuPzdXMDLCE4GYKQ&oe=6AA5BAF0,
28600445619567840,https://www.facebook.com/groups/congdongtuvanvienbaohiem/posts/28600445619567840/,2026-09-04,"✨ **ATHENA DENTAL TUYỂN DỤNG – TƯ VẤN VIÊN NHA KHOA** ✨ 💰 **THU NHẬP:** * Lương cứng **8,5 – 9 triệu/tháng** * **% Hoa hồng + Thưởng doanh số** * Thu nhập hấp dẫn, **hoa hồng không giới hạn theo năng lực** 📌 **BẠN SẼ LÀM GÌ?** * Đón tiếp, lắng nghe và chăm sóc khách hàng tại phòng khám. * Phối hợp cùng Bác sĩ tư vấn kế hoạch điều trị & chi phí các dịch vụ: **Niềng răng – Răng sứ – Implant...** * Tư vấn, chốt liệu trình và chăm sóc khách hàng trước – sau điều trị. 🎯 **ATHENA TÌM KIẾM:** * Giao tiếp tốt, nhanh nhẹn, khéo léo và có khả năng xử lý tình huống. * Ưu tiên ứng viên từng làm **Sale / Tư vấn / CSKH / Nha khoa / Thẩm mỹ**. * **Chưa có kinh nghiệm nha khoa? Không sao – sẽ được đào tạo bài bản!** 🎁 **QUYỀN LỢI XỊN:** * Được đào tạo kiến thức nha khoa & kỹ năng tư vấn/chốt sale. * Môi trường **hiện đại – sang trọng – chuyên nghiệp – đồng nghiệp thân thiện**. * Thưởng Tết, thưởng doanh số. * **Khám răng miễn phí** và nhiều quyền lợi khác. ⏰ **THỜI GIAN:** 08:00 – 18:00 🍱 Nghỉ trưa: 12:00 – 14:00 📅 Tháng nghỉ 4 ngày, nghỉ Lễ hưởng lương cơ bản. 📍 **ĐỊA ĐIỂM LÀM VIỆC:** * 97 Nghĩa Tân – Nghĩa Đô – Hà Nội * 9A Nguyễn Đình Chiểu – Hà Nội * LK C41 Ngoại Giao Đoàn – Hà Nội 📩 **ỨNG TUYỂN NGAY!** Inbox trực tiếp hoặc liên hệ **0866 063 602** để nhận thông tin công việc. 🔥 **Nếu bạn đang tìm một công việc vừa có lương cứng ổn định, vừa có cơ hội bứt phá thu nhập – Athena đang chờ bạn!**",congdongtuvanvienbaohiem,Cộng đồng Tư vấn viên bảo hiểm,https://www.facebook.com/groups/congdongtuvanvienbaohiem/,Hoa Nguyễn,https://www.facebook.com/thi.hoa.780632,1,1,0,0,0,0,0,0,0,7,,
28600301942915541,https://www.facebook.com/groups/congdongtuvanvienbaohiem/posts/28600301942915541/,2026-09-04,"🔥 **SALE XẢ KHO – BÌNH 510ML CÓ SẴN LOGO** 🔥 ✅ Dung tích: 510ml ✅ Đã in ấn sẵn – mẫu đẹp, thực tế ✅ Hàng mới – số lượng có hạn 👉 Phù hợp làm quà tặng doanh nghiệp, sự kiện, chương trình tri ân khách hàng/nhân viên. Liên hệ/zalo: 0906742246 để được báo giá!",congdongtuvanvienbaohiem,Cộng đồng Tư vấn viên bảo hiểm,https://www.facebook.com/groups/congdongtuvanvienbaohiem/,Thương Cá Voi Lam,https://www.facebook.com/profile.php?id=61586232241379,0,0,0,0,0,0,0,0,0,0,https://scontent.fsgn21-1.fna.fbcdn.net/v/t39.30808-6/793158982_122122854489207741_7168917520224454021_n.jpg?stp=cp6_dst-jpg_tt6&cstp=mx443x590&ctp=s443x590&_nc_cat=106&ccb=1-7&_nc_sid=aa7b47&_nc_ohc=HXheshRrmU8Q7kNvwGSkAMG&_nc_oc=AdpY5-GRF6FuAec0fh3UN3Yq_9QubsVvxuorHO3UM2r2BtHm4VbnbnmrHDxvwhJkodc&_nc_zt=23&_nc_ht=scontent.fsgn21-1.fna&_nc_gid=KLHPgypS5Wm2IDtOVlLMJA&_nc_ss=7b2a8&oh=00_AQKUCuGjhn3whZMwhRwM6k92A8qk6-LnLLMIhXygjBTxRg&oe=6AA5A828|https://scontent.fsgn21-1.fna.fbcdn.net/v/t39.30808-6/794359930_122122854453207741_512648715610439451_n.jpg?stp=cp6_dst-jpg_tt6&cstp=mx443x590&ctp=s443x590&_nc_cat=106&ccb=1-7&_nc_sid=aa7b47&_nc_ohc=LuSoklx_Vr8Q7kNvwHcBeiB&_nc_oc=AdqALwTtGksaDLlZKsSn8TLVaHzBe9QYfNN2aodz4FrLYecDwNJaRTWGEwlTbeXrx_o&_nc_zt=23&_nc_ht=scontent.fsgn21-1.fna&_nc_gid=KLHPgypS5Wm2IDtOVlLMJA&_nc_ss=7b2a8&oh=00_AQI7HdgrN2GxpdkiMDPUv617W6CjWdaPiDDz0gXrXpyNbQ&oe=6AA59D15|https://scontent.fsgn21-1.fna.fbcdn.net/v/t39.30808-6/793158989_122122854447207741_8548498755111551145_n.jpg?stp=cp6_dst-jpg_tt6&cstp=mx443x590&ctp=s443x590&_nc_cat=100&ccb=1-7&_nc_sid=aa7b47&_nc_ohc=FOWl3H7tnscQ7kNvwHv0Gtp&_nc_oc=Ado3t_FvpSKka_HqOol43ire-MA5Rp5Kk-jFbmPiqHZqkp06h6VdGZNrTgRfQeLeMac&_nc_zt=23&_nc_ht=scontent.fsgn21-1.fna&_nc_gid=KLHPgypS5Wm2IDtOVlLMJA&_nc_ss=7b2a8&oh=00_AQIDJUnOfUTF_ugLqVUHj99n7c4HzHFlcZ0_hvDaQBpvBg&oe=6AA5BE08,
28600084206270648,https://www.facebook.com/groups/congdongtuvanvienbaohiem/posts/28600084206270648/,2026-09-04,"😚 Thị trường thay đổi nhiều quá… nhưng hiện tại vẫn còn vài gói “NGON NGON” cho bé sơ sinh nhé các bác! 👶💚 🍽️ “THỰC ĐƠN” HÔM NAY CÒN FUSE CARE: 🥇 Khoảng 2,5 triệu/năm 👉 Quyền lợi viện phí 5 triệu/ngày 🥈 Khoảng 3,5 triệu/năm 👉 Quyền lợi viện phí lên tới 7,5 triệu/ngày Bé còn nhỏ, viện phí một lần ốm đau có thể chẳng hề nhỏ… nên nếu đang tìm một chiếc thẻ sức khỏe cho con thì đừng chỉ nhìn vào giá, hãy nhìn cả hạn mức và điều kiện chi trả nhé. 💚 ⚠️ Nhưng em nhắc thật các bác: Gói ngon thì thường không nằm đó chờ mình mãi đâu ạ! 😆 Sản phẩm, biểu phí và điều kiện tham gia có thể thay đổi theo từng thời điểm. 👉 Bác nào đang có bé sơ sinh hoặc chuẩn bị đón em bé, nhắn Tiên để em check gói phù hợp trước khi quyết định nhé! #FuseCare #BaoHiemSucKhoeChoBe #BaoHiemChoBeSoSinh #TheSucKhoeChoBe #BaoVeChoCon #BaoHiemTreEm #ThuyTienBaoHiem",congdongtuvanvienbaohiem,Cộng đồng Tư vấn viên bảo hiểm,https://www.facebook.com/groups/congdongtuvanvienbaohiem/,Bùi Thuỷ Tiên,https://www.facebook.com/Thuytienbaohiem,0,0,0,0,0,0,0,0,0,0,,
28599760726302996,https://www.facebook.com/groups/congdongtuvanvienbaohiem/posts/28599760726302996/,2026-09-04,"😍 Siêu ưu đãi hoàn tiền cho 2 dòng thẻ Shinhan Bank 😍 💳 Shinhan MyLife ✅ Hoàn 10% cho: Siêu thị, Di chuyển, Giải trí, Ăn uống. 💰 Tối đa 300.000đ/danh mục, hoàn đến 1.200.000đ/kỳ. 💳 Shinhan Supreme ✅ Hoàn 12%: TMĐT, Điện máy, Nhà sách, Giáo dục. ✅ Hoàn 6%: Y tế, Bảo hiểm. 💰 Hoàn tối đa 1.000.000đ/kỳ Em có hỗ trợ khách trực tiếp & mở thẻ online, a/c nhắn e tư vấn & hướng dẫn mở thẻ nhé ạ 🥰 0888561033",congdongtuvanvienbaohiem,Cộng đồng Tư vấn viên bảo hiểm,https://www.facebook.com/groups/congdongtuvanvienbaohiem/,Anh Nhat,https://www.facebook.com/anh.nhat.57698,0,0,0,0,0,0,0,0,0,0,,
2130129284240540,https://www.facebook.com/groups/tuvanbaohiemnhanthovn/posts/2130129284240540/,2026-09-04,Thứ Sáu rồi🎵📚 Kiếm thêm thu nhập tại app Bảo hiểm Moncover: https://online.moncover.vn/dang-ky-dai-ly,tuvanbaohiemnhanthovn,Hiệp Hội Tư vấn Bảo hiểm Nhân thọ Việt Nam,https://www.facebook.com/groups/tuvanbaohiemnhanthovn/,Bảo hiểm online,https://www.facebook.com/profile.php?id=61559366671511,0,0,0,0,0,0,0,0,0,0,,
1747738063100184,https://www.facebook.com/groups/hoireviewbaohiem/posts/1747738063100184/,2026-09-04,"Có mom nào dùng gói thai sản của hãng này chưa ạ. Claim có ok ko ạ các mom? Em xin rv 1 hãng BHTS dành cho sinh mổ tốt, claim nhanh gọn lẹ với ạ. Em cảm ơn các mom",hoireviewbaohiem,REVIEW BẢO HIỂM,https://www.facebook.com/groups/hoireviewbaohiem/,Flower93st,,8,7,1,0,0,0,0,0,0,15,,
1747738456433478,https://www.facebook.com/groups/hoireviewbaohiem/posts/1747738456433478/,2026-09-04,"Anh chị cho em hỏi em claim đợt điều trị dị ứng chàm môi, bác sĩ có kê thuốc nhưng lại ko dc chi trả toàn bộ mà bị loại trừ thuốc số 2, bên Generali phản hồi lại là do không liên quan đến bệnh nên ko dc, nhưng em thấy là y lệnh bác sĩ thì đều là phục vụ điều trị, số tiền cũng ít thôi nhưng em muốn hỏi trường hợp này có đang xử lý đúng không? Ví dụ khi điều trị bệnh mà thuốc trị bệnh đó có thể gây biến chứng, cần uống kết hợp thuốc bổ sung theo chỉ định bác sĩ thì thuốc bổ sung đó đều ko dc chi trả ạ? Em cảm ơn anh chị.",hoireviewbaohiem,REVIEW BẢO HIỂM,https://www.facebook.com/groups/hoireviewbaohiem/,Anonymous participant,,11,11,0,0,0,0,0,0,0,8,https://scontent.fsgn21-1.fna.fbcdn.net/v/t39.30808-6/795486815_1387424456897233_5673599051234603728_n.jpg?stp=cp6_dst-jpg_tt6&cstp=mx960x618&ctp=s960x618&_nc_cat=107&ccb=1-7&_nc_sid=aa7b47&_nc_ohc=rR2dauLYcQYQ7kNvwEoyKTj&_nc_oc=AdqlgStbiURhf8lwse7tW2o1ENcLm7tQ7EYxEZ6ClFhIa7pC3X3o7Ke6Obw5ggmFeUU&_nc_zt=23&_nc_ht=scontent.fsgn21-1.fna&_nc_gid=Gsj0Wd5iCae7pvuYCPDxVg&_nc_ss=7b2a8&oh=00_AQLhrGeIFB1m-yxUZ7jW_5168OGSe5JaPd-YMbtk9MJMEA&oe=6AA5B7B3|https://scontent.fsgn21-1.fna.fbcdn.net/v/t39.30808-6/793029939_1387424460230566_6084846532636932455_n.jpg?stp=cp6_dst-jpg_tt6&cstp=mx1179x448&ctp=s1179x448&_nc_cat=108&ccb=1-7&_nc_sid=aa7b47&_nc_ohc=Yj8s7dgaglAQ7kNvwGaDySi&_nc_oc=AdpTJCSq4dVYUFPzErwO5qn77XcS0M77yAvctdHW6fPj2N9cYWGq8d8rLcg03Bw9rhI&_nc_zt=23&_nc_ht=scontent.fsgn21-1.fna&_nc_gid=Gsj0Wd5iCae7pvuYCPDxVg&_nc_ss=7b2a8&oh=00_AQLxhJChO4MKxofiYSJJDyrYuo-DHbvP9HwODNf2sNhXOw&oe=6AA5B3AD,
1747780843095906,https://www.facebook.com/groups/hoireviewbaohiem/posts/1747780843095906/,2026-09-04,Dạ em muốn mua bảo hiểm nhân thọ cho mẹ của AIA tầm 5tr ạ. Sau sinh 30 ngày em sẽ mua thẻ sức khỏe cho bé gắn vào cùng hợp đồng ạ. Anh chị cho em hỏi cái bảo vệ nhân thọ là có hiệu lực ngay khi ký hợp đồng và không bị loại trừ phải không ạ. Em cảm ơn ạ!,hoireviewbaohiem,REVIEW BẢO HIỂM,https://www.facebook.com/groups/hoireviewbaohiem/,ExcellentGiraffe8434,,18,14,4,0,0,0,0,0,2,26,,
1747793109761346,https://www.facebook.com/groups/hoireviewbaohiem/posts/1747793109761346/,2026-09-04,"Xin phép ad và mn, Em muốn xin ý kiến, bỏ qua việc chi trả (Gen không đồng chi trả, AIA đồng chi trả) Thì em muốn hỏi quyền lợi chi trả của gói Nội trú + Ngoại trú- của AiA và Gen thì bên nào nhỉnh hơn ạ. Em không biết chính xác tên gói nh giá trị của các gói như sau: AIA: 14tr206 Gen: 19tr760 Ac cho em lời khuyên với ạ.",hoireviewbaohiem,REVIEW BẢO HIỂM,https://www.facebook.com/groups/hoireviewbaohiem/,Babybonhi,,17,15,2,0,0,0,0,0,1,65,,
1325814172755161,https://www.facebook.com/groups/bvqlkhbhnt/posts/1325814172755161/,2026-09-04,Học để hiểu nghề giữ nghiệp! Học để làm nghề tử tế! Học để tự tin chốt HD! Học để biết rằng mình bảo vệ được KH trọn vẹn!,bvqlkhbhnt,BẢO VỆ QUYỀN LỢI KHÁCH HÀNG BẢO HIỂM NHÂN THỌ,https://www.facebook.com/groups/bvqlkhbhnt/,Ngô Hà Minh,https://www.facebook.com/ngohaminh,12,11,1,0,0,0,0,0,0,0,,
1618467026404264,https://www.facebook.com/groups/baohiemnhantho.chuyenvien/posts/1618467026404264/,2026-09-03,Em chào cac chij làm ben aviva nhe. Em có mua bảo hiểm bên avivia giờ muốn tìm hiểu kiểm tra hợp đồng của mình xem có các trợ cấp và quyền lời của hợp đồng thì vào đâu để xem ah. Mong a chị hỗ trợ giúp e ah .,baohiemnhantho.chuyenvien,BẢO HIỂM NHÂN THỌ - Hội chuyên viên tư vấn,https://www.facebook.com/groups/baohiemnhantho.chuyenvien/,Nguyễn Maria,https://www.facebook.com/profile.php?id=61593284333109,12,12,0,0,0,0,0,0,0,14,,
28594296613516074,https://www.facebook.com/groups/congdongtuvanvienbaohiem/posts/28594296613516074/,2026-09-03,Cho e hỏi có gói bảo hiểm nào liên quan đến tình yêu hoặc hôn nhân không ạ,congdongtuvanvienbaohiem,Cộng đồng Tư vấn viên bảo hiểm,https://www.facebook.com/groups/congdongtuvanvienbaohiem/,RadiantCaterpillar116,,27,12,1,0,14,0,0,0,1,32,,
28594122896866779,https://www.facebook.com/groups/congdongtuvanvienbaohiem/posts/28594122896866779/,2026-09-03,"Mọi người cho e hỏi, e năm nay 35t ck e 42t có gói bh nào ok phí dưới 15tr 1 năm ko ạ,cảm ơn add duyệt bài",congdongtuvanvienbaohiem,Cộng đồng Tư vấn viên bảo hiểm,https://www.facebook.com/groups/congdongtuvanvienbaohiem/,Tran Yen,https://www.facebook.com/tran.yen.163505,47,42,5,0,0,0,0,0,1,66,,
28593578933587842,https://www.facebook.com/groups/congdongtuvanvienbaohiem/posts/28593578933587842/,2026-09-03,Có bác nào cần mở thẻ tín dụng không ạ! Thẻ MSB duyệt trong ít phút hạn mức cao - Miễn phí thường niên trọn đời - Hoàn tiền khi chi tiêu - Tặng quà khi mở thành công Không nợ xấu Lh: 0971.339.620,congdongtuvanvienbaohiem,Cộng đồng Tư vấn viên bảo hiểm,https://www.facebook.com/groups/congdongtuvanvienbaohiem/,Hân Duy,https://www.facebook.com/profile.php?id=61592369801984,0,0,0,0,0,0,0,0,0,0,,
2503317920172099,https://www.facebook.com/groups/hotrobaohiem/posts/2503317920172099/,2026-09-03,em đang tái đăng ký bảo hiểm cho xon Vf5 2023 đang phân vân giữa DBV và MIC các cụ tư vấn em lên chọn bên nào với ạ. Hiện tại em đang dùn DBV mà cũng chưa ưng với mấy ông giám định viên,hotrobaohiem,TƯ VẤN QUYỀN LỢI BẢO HIỂM,https://www.facebook.com/groups/hotrobaohiem/,Vũ Tiến Dũng,https://www.facebook.com/oc.kute.359,8,8,0,0,0,0,0,0,0,16,,
28593449353600800,https://www.facebook.com/groups/congdongtuvanvienbaohiem/posts/28593449353600800/,2026-09-03,Có bác nào cần mở thẻ tín dụng không ạ! Thẻ MSB duyệt trong ít phút hạn mức cao - Miễn phí thường niên trọn đời - Hoàn tiền khi chi tiêu - Tặng quà khi mở thành công Không nợ xấu Lh: 0971.339.620,congdongtuvanvienbaohiem,Cộng đồng Tư vấn viên bảo hiểm,https://www.facebook.com/groups/congdongtuvanvienbaohiem/,Hân Duy,https://www.facebook.com/profile.php?id=61592369801984,1,0,1,0,0,0,0,0,0,0,,
2129715647615237,https://www.facebook.com/groups/tuvanbaohiemnhanthovn/posts/2129715647615237/,2026-09-03,Mua bảo hiểm TNDS ô tô chiết khấu 50% https://online.moncover.vn/bh-oto,tuvanbaohiemnhanthovn,Hiệp Hội Tư vấn Bảo hiểm Nhân thọ Việt Nam,https://www.facebook.com/groups/tuvanbaohiemnhanthovn/,Bảo hiểm online,https://www.facebook.com/profile.php?id=61559366671511,0,0,0,0,0,0,0,0,0,0,,
1747693096438014,https://www.facebook.com/groups/hoireviewbaohiem/posts/1747693096438014/,2026-09-03,"Cần tư vấn thẻ bảo hiểm sức khỏe cho bé 20 tháng, muốn chi trả 100%",hoireviewbaohiem,REVIEW BẢO HIỂM,https://www.facebook.com/groups/hoireviewbaohiem/,Anonymous participant,,16,14,1,1,0,0,0,0,0,29,,
1747705333103457,https://www.facebook.com/groups/hoireviewbaohiem/posts/1747705333103457/,2026-09-03,"CÓ NHỮNG THỨ KHÔNG AI NHÌN THẤY, NHƯNG LẠI QUYẾT ĐỊNH TA CÓ ĐỨNG VỮNG HAY KHÔNG. Giữa trận lũ dữ dội ở Nepal, khi dòng nước cuồn cuộn gầm thét, cuốn phăng mọi thứ trên đường đi, một ngôi nhà vẫn lặng lẽ đứng đó. Xung quanh, cảnh vật bị nhấn chìm. Những gì từng quen thuộc bị dòng nước xé toạc. Nhưng ngôi nhà ấy vẫn không sụp đổ. Người ta nhìn thấy những bức tường kiên cố. Nhưng thứ thật sự giữ nó đứng vững lại nằm sâu dưới lòng đất: bộ móng. Móng nhà không hào nhoáng, cũng chẳng mấy khi được nhắc đến khi cuộc sống còn bình yên. Nhưng khi giông bão ập tới, chính phần âm thầm ấy lại quyết định căn nhà đứng vững hay đổ xuống. Cũng như Aeon Mall Huế giữa những ngày nước lũ. Phía sau sự bình yên ấy là cả một quá trình chuẩn bị kỹ lưỡng: từ vị trí, nền móng đến hệ thống thoát nước. Không có sự vững vàng nào tự nhiên mà có. Không có bình yên nào chỉ nhờ may mắn. Bảo hiểm cũng giống như phần móng của ngôi nhà: âm thầm khi trời yên, nhưng trở thành điểm tựa khi giông bão ập đến. Bởi ranh giới giữa một biến cố và một thảm họa đôi khi chỉ nằm ở việc: gia đình mình đã chuẩn bị đủ hay chưa? #CC11",hoireviewbaohiem,REVIEW BẢO HIỂM,https://www.facebook.com/groups/hoireviewbaohiem/,Vũ Ninh,https://www.facebook.com/ninicrystal,4,3,1,0,0,0,0,0,0,1,https://scontent.fsgn21-1.fna.fbcdn.net/v/t39.30808-6/791317559_29015356181405982_3013245918371028023_n.jpg?stp=dst-jpg_tt6&cstp=mx808x839&ctp=s808x839&_nc_cat=110&ccb=1-7&_nc_sid=aa7b47&_nc_ohc=nolo1XnMEtgQ7kNvwFbHrCK&_nc_oc=AdpmAgidjmLJEkO9M-xHnUbQzy2PFqv1sMwZjuKeLz_bu8AmcqGOkaCYRhDHrnv9EGw&_nc_zt=23&_nc_ht=scontent.fsgn21-1.fna&_nc_gid=QGR9yv9A4z632QDQjWkJAA&_nc_ss=7b2a8&oh=00_AQJpBmBQJ6cgE3AVyfZiwZHEPTjpNe5xkgVXOiUnxqZW9g&oe=6AA5A0CF|https://scontent.fsgn21-1.fna.fbcdn.net/v/t39.30808-6/795582568_29015362011405399_1186873707732315519_n.jpg?stp=dst-jpg_tt6&cstp=mx1000x1000&ctp=s1000x1000&_nc_cat=111&ccb=1-7&_nc_sid=aa7b47&_nc_ohc=lHS4GhMLxn4Q7kNvwHKS3Jc&_nc_oc=Ado9ChJLNa39c4rIRLaUHr46Plf9ePyg4hx681kamuXplRkVsRL04iEK4_7o-KTGlTI&_nc_zt=23&_nc_ht=scontent.fsgn21-1.fna&_nc_gid=QGR9yv9A4z632QDQjWkJAA&_nc_ss=7b2a8&oh=00_AQIhAYQDyOErm5oiHBmiFpJ5VOQO36B9fPr1r4B0rJm69g&oe=6AA5B506,
1747556349785022,https://www.facebook.com/groups/hoireviewbaohiem/posts/1747556349785022/,2026-09-03,"Hi anh chị, em đang tìm tư vấn viên nhà Gen, hiện em đang có nhu cầu mua thẻ sức khoẻ cho gia đình em ạ. Em thấy thẻ sức khoẻ của Gen khá tốt, tuy nhiên em có hơi thắc mắc ở quyền lợi nhân đôi hạn mức là chỉ áp dụng 1 lần duy nhất thôi hay sao ạ. Em có đọc 1 số cmt nói là chỉ áp dụng cho 1 bệnhnduy nhất và cho 1 lần trong suốt thời gian dùng thẻ dù có tái tục hằng năm.",hoireviewbaohiem,REVIEW BẢO HIỂM,https://www.facebook.com/groups/hoireviewbaohiem/,BlueTulip9539,,18,14,4,0,0,0,0,0,0,25,,
1747569103117080,https://www.facebook.com/groups/hoireviewbaohiem/posts/1747569103117080/,2026-09-03,"**SỰ THẬT VỀ BẢO HIỂM CHO BÉ: TRẺ NHỎ TỐN TIỀN KHÁM NGOẠI TRÚ NHIỀU HƠN NẰM VIỆN! 🏥👶** Rất nhiều ba mẹ khi tìm hiểu bảo hiểm cho con thường chỉ nghĩ đến chuyện... *khi nào nằm viện mới dùng đến*. Nhưng thực tế nuôi con nhỏ thì hoàn toàn ngược lại! Đây là hình ảnh ca chi trả thực tế của em bé nhà khách hàng bên mình: **Tổng cộng 26 lần claim bảo hiểm với số tiền hơn 71 triệu đồng.** Đáng chú ý nhất: 👉 **Chỉ có 2 lần nằm viện (Nội trú)** 👉 **Còn lại 24 lần là đi khám (Ngoại trú)** **1. Vì sao quyền lợi NGOẠI TRÚ lại quan trọng nhất với trẻ nhỏ?** Trẻ em hệ miễn dịch còn sơ khai, thời tiết thay đổi chút là ho, sốt, viêm họng, viêm tai giữa, viêm mũi... Mỗi lần đưa con đi khám ở phòng khám hay viện tư: * 🩺 Tiền công khám, tái khám * 🧪 Tiền xét nghiệm máu, siêu âm * 💊 Tiền thuốc men kê đơn Mỗi lần đi nhẹ nhàng cũng 1 - 2 triệu, một năm gộp lại là số tiền không hề nhỏ. Với gói **Ngoại trú của Dai-ichi Life**: * **Chi trả 100%** chi phí y tế thực tế khi thăm khám. * Thời gian chờ cực ngắn: **Chỉ 30 ngày** (ngay cả các bệnh hay gặp như viêm phổi, viêm phế quản cũng chỉ chờ 30 ngày là được dùng). **2. Còn quyền lợi NỘI TRÚ (Nằm viện) thì sao?** * Bé dưới 6 tuổi: Thẻ chi trả **70%**. Tuy nhiên, phí thẻ Dai-ichi rất mềm (ví dụ gói tiền phòng 3 triệu/ngày mà phí chỉ tầm 2,73 triệu/năm). Nếu ba mẹ muốn tròn 100%, mình có giải pháp bổ sung để bù trọn vẹn phần này cho con. * Bé từ đủ 6 tuổi: Tự động chuyển lên chi trả **100%** mà **KHÔNG cần thẩm định lại sức khỏe**. 💬 **Lời khuyên chân thành từ kinh nghiệm làm nghề:** ""Trẻ nhỏ thì khám nhiều, nằm viện hay không tùy sức khỏe từng bé."" Ba mẹ chuẩn bị trước cho con quyền lợi ngoại trú tốt chính là cách nhẹ gánh tài chính nhẹ nhàng và thực tế nhất mỗi khi con ốm đau! Ba mẹ nào cần tư vấn chi tiết hoặc hỗ trợ kiểm tra xem gói nhà mình đã tối ưu chưa thì cứ nhắn mình tư vấn nhiệt tình nha ❤️ #TVTH898",hoireviewbaohiem,REVIEW BẢO HIỂM,https://www.facebook.com/groups/hoireviewbaohiem/,Cao Thị Linh,https://www.facebook.com/thilinh.cao,2,2,0,0,0,0,0,0,0,0,https://scontent.fsgn21-1.fna.fbcdn.net/v/t39.30808-6/792029989_3097007420493808_5371811119605172799_n.jpg?stp=dst-jpg_tt6&cstp=mx1024x572&ctp=s1024x572&_nc_cat=107&ccb=1-7&_nc_sid=aa7b47&_nc_ohc=4CkNW9dmQXYQ7kNvwGWi--X&_nc_oc=AdqvZaCU4cRH_G2f9GehvgrVHysUgrR0LilT2VyOBUyuqfQmBUqRkPzQzUVJcWQ3a9A&_nc_zt=23&_nc_ht=scontent.fsgn21-1.fna&_nc_gid=QGR9yv9A4z632QDQjWkJAA&_nc_ss=7b2a8&oh=00_AQKkxh7A-epnwHn4zdmw9dnz5GB5GYoFYPTlIuSKTHou8Q&oe=6AA5A691|https://scontent.fsgn21-1.fna.fbcdn.net/v/t39.30808-6/793245990_3097007567160460_4103946731787461583_n.jpg?stp=dst-jpg_tt6&cstp=mx1205x344&ctp=s1205x344&_nc_cat=102&ccb=1-7&_nc_sid=aa7b47&_nc_ohc=B_Z1qll-qzQQ7kNvwFRB-ze&_nc_oc=AdouF8gTlQw25POTQF2_M3Ic_8vAOmal2V4LPm8RdAvlHOUYOYlBv-Hnp1Rf0XVIWBw&_nc_zt=23&_nc_ht=scontent.fsgn21-1.fna&_nc_gid=QGR9yv9A4z632QDQjWkJAA&_nc_ss=7b2a8&oh=00_AQKBjVJWu7Lu6rjWB0S_1ZppJYxFJ2x7WECXJiCEbngFDQ&oe=6AA59030,
1747577276449596,https://www.facebook.com/groups/hoireviewbaohiem/posts/1747577276449596/,2026-09-03,"Em chào Các Chị. Gđ em đang có kế hoạch sinh vào 2028. Em đang tìm hiểu các gói bảo hiểm thai sản, các chị đã từng mua bhts cho em xin chút review hãng uy tín và có nhiều quyền lợi tốt để em tham khảo chọn ạ. Lần đầu nên em cũng chưa có kinh nghiệm. Em cảm ơn ạ",hoireviewbaohiem,REVIEW BẢO HIỂM,https://www.facebook.com/groups/hoireviewbaohiem/,Anonymous participant,,10,8,2,0,0,0,0,0,0,18,,
1747595413114449,https://www.facebook.com/groups/hoireviewbaohiem/posts/1747595413114449/,2026-09-03,e lên đây nhờ các bác ạ mẹ e mua bảo hiểm aia khi mua làm công việc tự do làm nông ạ nhưng h chuyển sang xây dụng cụ thể ( phụ hồ) nếu trong thời gian chẳng may có dc hưởng bảo hiểm ko ạ,hoireviewbaohiem,REVIEW BẢO HIỂM,https://www.facebook.com/groups/hoireviewbaohiem/,MotivatedPomegranate5723,,8,8,0,0,0,0,0,0,0,13,,
1747675006439823,https://www.facebook.com/groups/hoireviewbaohiem/posts/1747675006439823/,2026-09-03,E có 1 hd của Sun và 1 hd của Aia. Cho e hỏi bhn bên nào ok hơn ạ. Và nếu mua cả 2 bên nó có bổ trợ cho nhau ko. Mức phí chênh lệch như nào ạ,hoireviewbaohiem,REVIEW BẢO HIỂM,https://www.facebook.com/groups/hoireviewbaohiem/,KnowledgeableLynx7721,,10,8,2,0,0,0,0,0,0,14,,
1747683569772300,https://www.facebook.com/groups/hoireviewbaohiem/posts/1747683569772300/,2026-09-03,Em chào anh/chị. Em hiện đang có thẻ bảo hiểm sức khỏe của Techcombank. Hôm trước em vừa bị tai nạn dẫn đến đứt dây chằng và rách sụn chêm. Bên Techcombank có hôc trợ bảo hiểm chấn thương này không ạ,hoireviewbaohiem,REVIEW BẢO HIỂM,https://www.facebook.com/groups/hoireviewbaohiem/,RubyOwl2713,,3,3,0,0,0,0,0,0,0,5,,
1747531133120877,https://www.facebook.com/groups/hoireviewbaohiem/posts/1747531133120877/,2026-09-03,"Mình muốn mua bảo hiểm thai sản, nhờ tư vấn với ạ Mình dự kiến thả bầu (chưa thả) thì nên mua lúc nào ạ? (Trước hay sau khi thả bầu? Vì bhts chỉ có gtri 12 tháng) Mình sinh mổ lần 2, dự kiến sinh ở Vinmec Times City hoặc Việt Pháp thì nên mua BHTS nào ạ? Mình cám ơn",hoireviewbaohiem,REVIEW BẢO HIỂM,https://www.facebook.com/groups/hoireviewbaohiem/,Meo meo meo4754,,15,12,3,0,0,0,0,0,0,23,,
1747529589787698,https://www.facebook.com/groups/hoireviewbaohiem/posts/1747529589787698/,2026-09-03,"Nhờ a/c tvv giải đáp giùm mình, nếu mình là tvv thì nên tập trung sp của mình hay nên học thêm các thẻ rời nữa ạ",hoireviewbaohiem,REVIEW BẢO HIỂM,https://www.facebook.com/groups/hoireviewbaohiem/,Anonymous participant,,20,19,1,0,0,0,0,0,1,18,,
2247097216228232,https://www.facebook.com/groups/296975261240447/posts/2247097216228232/,2026-09-03,Bài 20: Có tiền chưa chắc nên mua hợp đồng bảo hiểm thật lớn! #dinhthichinh #baohiemnhanthoaia #tuvantaichinh #giadinh #cuocsong,296975261240447,REVIEW BẢO HIỂM NHÂN THỌ,https://www.facebook.com/groups/296975261240447/,Đinh Thị Chính,https://www.facebook.com/inhthichinh.210095,1,1,0,0,0,0,0,0,0,0,,
2503218143515410,https://www.facebook.com/groups/hotrobaohiem/posts/2503218143515410/,2026-09-03,"Mình muốn mua bảo hiểm thân vỏ bên bảo việt, có bạn sale nào khu vực vĩnh phúc ko ạ",hotrobaohiem,TƯ VẤN QUYỀN LỢI BẢO HIỂM,https://www.facebook.com/groups/hotrobaohiem/,Nguyễn Long,https://www.facebook.com/nguyen.long.572804,11,11,0,0,0,0,0,0,0,21,,
1618310499753250,https://www.facebook.com/groups/baohiemnhantho.chuyenvien/posts/1618310499753250/,2026-09-03,"🌿 “Đang khỏe mạnh thì mua bảo hiểm làm gì?” Đây là câu mình nghe khá nhiều. Nhưng thực ra, bảo hiểm không dành cho lúc mình đã gặp chuyện. Nó giống như chiếc ô vậy. ☀️ Trời đang nắng là lúc dễ dàng chuẩn bị nhất. 🌧 Đợi đến khi mưa rồi mới tìm ô thì đôi khi đã muộn. Khi sức khỏe còn tốt, công việc ổn định và thu nhập đều đặn, mình có nhiều lựa chọn hơn để chủ động chuẩn bị cho tương lai. Mua bảo hiểm không có nghĩa là mong điều không may xảy ra. Chỉ đơn giản là: ❤️ Nếu cuộc sống vẫn bình yên — thật tuyệt. ❤️ Nếu một ngày có biến cố — gia đình vẫn còn một phương án tài chính dự phòng. Bạn đã từng nghĩ về bảo hiểm theo cách này chưa? #BaoHiemNhanTho #BaoVeTaiChinhGiaDinh #HieuDungBaoHiem #GiaDinhAnTam #TuVanBaoHiemCoTam",baohiemnhantho.chuyenvien,BẢO HIỂM NHÂN THỌ - Hội chuyên viên tư vấn,https://www.facebook.com/groups/baohiemnhantho.chuyenvien/,Bảo hiểm sức khoẻ,https://www.facebook.com/profile.php?id=61571160867468,2,2,0,0,0,0,0,0,0,1,,
28591927703752965,https://www.facebook.com/groups/congdongtuvanvienbaohiem/posts/28591927703752965/,2026-09-03,E cần tư vấn bảo hiểm chi bản thân Lh : 0855454034,congdongtuvanvienbaohiem,Cộng đồng Tư vấn viên bảo hiểm,https://www.facebook.com/groups/congdongtuvanvienbaohiem/,CheerfulSpinach4413,,12,11,1,0,0,0,0,0,0,13,,
1618248049759495,https://www.facebook.com/groups/baohiemnhantho.chuyenvien/posts/1618248049759495/,2026-09-03,"😘🥕CƠ HỘI HỢP TÁC CÙNG ĐỘI NGŨ GENERALI TẠI HÀ NAM 🚀 Bạn đang muốn tìm một môi trường làm việc chuyên nghiệp, linh hoạt và có lộ trình phát triển rõ ràng? Đội ngũ Generali Hà Nam đang chào đón những ứng viên mong muốn phát triển trong lĩnh vực tư vấn giải pháp tài chính và chăm sóc khách hàng. ✨ Điểm nổi bật: • Có chương trình đồng hành dành cho thành viên mới trong thời gian đầu. • Chính sách ghi nhận theo kết quả và quá trình phát triển. • Được đào tạo bài bản từ kiến thức đến kỹ năng. • Làm việc trong môi trường chuyên nghiệp, có lộ trình phát triển rõ ràng. • Cơ hội học hỏi, mở rộng các mối quan hệ và phát triển bản thân. 📌 Phù hợp với: • Độ tuổi từ 25–50. • Tốt nghiệp THPT trở lên. • Có tinh thần học hỏi, chủ động và yêu thích công việc giao tiếp. Nếu bạn muốn tìm hiểu thêm về mô hình làm việc và cơ hội phát triển, hãy để lại tin nhắn để được chia sẻ thông tin chi tiết. #GeneraliVietnam #GENAPEX2026 #GENCASAHaNam.",baohiemnhantho.chuyenvien,BẢO HIỂM NHÂN THỌ - Hội chuyên viên tư vấn,https://www.facebook.com/groups/baohiemnhantho.chuyenvien/,Gencasa Hà Nam,https://www.facebook.com/profile.php?id=100068969722876,0,0,0,0,0,0,0,0,0,0,https://scontent.fsgn21-1.fna.fbcdn.net/v/t39.30808-6/789581479_1403903338585310_7896247084099174938_n.jpg?stp=dst-jpg_tt6&cstp=mx1280x853&ctp=s1280x853&_nc_cat=111&ccb=1-7&_nc_sid=aa7b47&_nc_ohc=9-sjhRKJmE8Q7kNvwEtiZkO&_nc_oc=AdrvA-eJIWvL9iKlhFPVqM7pMH245_qA7qQhNG87szrnKnrhIQAVqzehk7s98Mvd2vI&_nc_zt=23&_nc_ht=scontent.fsgn21-1.fna&_nc_gid=FalliWcWhkcKu0_sTYXEPQ&_nc_ss=7b2a8&oh=00_AQKnlGwfT2KPWvQqoYzi1Y8Qt4wJGVXQ0qSJUC0WqjFJ2Q&oe=6AA59BC4|https://scontent.fsgn21-1.fna.fbcdn.net/v/t39.30808-6/793158889_1403903315251979_4546910383166307910_n.jpg?stp=dst-jpg_tt6&cstp=mx853x1280&ctp=p843x403&_nc_cat=103&ccb=1-7&_nc_sid=aa7b47&_nc_ohc=SO3Bhtah-wYQ7kNvwHyvPpe&_nc_oc=Adp5D1vvQin0_szblbyvfW7Z2mkd_M6_MUS4c7-JO2GHrqR5aciR26zysNlI0rBekHs&_nc_zt=23&_nc_ht=scontent.fsgn21-1.fna&_nc_gid=FalliWcWhkcKu0_sTYXEPQ&_nc_ss=7b2a8&oh=00_AQLpf1D7EzTnUYEtdDEYBrbtpvaqeYz3hu3PfFh9u8ZpcA&oe=6AA5BBE8,
28590878237191245,https://www.facebook.com/groups/congdongtuvanvienbaohiem/posts/28590878237191245/,2026-09-03,"👆🫑CƠ HỘI HỢP TÁC CÙNG ĐỘI NGŨ GENERALI TẠI HÀ NAM 🚀 Bạn đang muốn tìm một môi trường làm việc chuyên nghiệp, linh hoạt và có lộ trình phát triển rõ ràng? Đội ngũ Generali Hà Nam đang chào đón những ứng viên mong muốn phát triển trong lĩnh vực tư vấn giải pháp tài chính và chăm sóc khách hàng. ✨ Điểm nổi bật: • Có chương trình đồng hành dành cho thành viên mới trong thời gian đầu. • Chính sách ghi nhận theo kết quả và quá trình phát triển. • Được đào tạo bài bản từ kiến thức đến kỹ năng. • Làm việc trong môi trường chuyên nghiệp, có lộ trình phát triển rõ ràng. • Cơ hội học hỏi, mở rộng các mối quan hệ và phát triển bản thân. 📌 Phù hợp với: • Độ tuổi từ 25–50. • Tốt nghiệp THPT trở lên. • Có tinh thần học hỏi, chủ động và yêu thích công việc giao tiếp. Nếu bạn muốn tìm hiểu thêm về mô hình làm việc và cơ hội phát triển, hãy để lại tin nhắn để được chia sẻ thông tin chi tiết. #GeneraliVietnam #GENAPEX2026 #GENCASAHaNam.",congdongtuvanvienbaohiem,Cộng đồng Tư vấn viên bảo hiểm,https://www.facebook.com/groups/congdongtuvanvienbaohiem/,Gencasa Hà Nam,https://www.facebook.com/profile.php?id=100068969722876,0,0,0,0,0,0,0,0,0,0,https://scontent.fsgn21-1.fna.fbcdn.net/v/t39.30808-6/793203767_1403896408586003_1290430986498463342_n.jpg?stp=dst-jpg_tt6&cstp=mx1280x853&ctp=s1280x853&_nc_cat=109&ccb=1-7&_nc_sid=aa7b47&_nc_ohc=yJwEEb3YAqEQ7kNvwG8BGZR&_nc_oc=AdrQ8iOIDtQmEqw-aSVsmRkscH24V0E5GJ580Zk9K_KYfe77WIKPCOC3K5Gvw7oa-UQ&_nc_zt=23&_nc_ht=scontent.fsgn21-1.fna&_nc_gid=cqj48dYazq-0zx2rf9mH4g&_nc_ss=7b2a8&oh=00_AQIHGHvgXVfSVqHyKkUlIK0JC_lVEsESGmuiWm_cMtdf-w&oe=6AA5A483|https://scontent.fsgn21-1.fna.fbcdn.net/v/t39.30808-6/793348829_1403896411919336_2457860266221858718_n.jpg?stp=dst-jpg_tt6&cstp=mx853x1280&ctp=p843x403&_nc_cat=103&ccb=1-7&_nc_sid=aa7b47&_nc_ohc=lYDlpuV1GdYQ7kNvwGC_oqB&_nc_oc=AdqxROpInHjMkTdhGn9HmVQtV3eq1pe1gNCB82EoWOYkXBQvOwQB3oS-6cSfBEll2DA&_nc_zt=23&_nc_ht=scontent.fsgn21-1.fna&_nc_gid=cqj48dYazq-0zx2rf9mH4g&_nc_ss=7b2a8&oh=00_AQLZVrVC3qUsnPF2zgY0vBGTUtaLTJ9fBqF5GAX9wQqZ_Q&oe=6AA5B8A0,
2246993046238649,https://www.facebook.com/groups/296975261240447/posts/2246993046238649/,2026-09-03,"🖖🙂CƠ HỘI HỢP TÁC CÙNG ĐỘI NGŨ GENERALI TẠI HÀ NAM 🚀 Bạn đang muốn tìm một môi trường làm việc chuyên nghiệp, linh hoạt và có lộ trình phát triển rõ ràng? Đội ngũ Generali Hà Nam đang chào đón những ứng viên mong muốn phát triển trong lĩnh vực tư vấn giải pháp tài chính và chăm sóc khách hàng. ✨ Điểm nổi bật: • Có chương trình đồng hành dành cho thành viên mới trong thời gian đầu. • Chính sách ghi nhận theo kết quả và quá trình phát triển. • Được đào tạo bài bản từ kiến thức đến kỹ năng. • Làm việc trong môi trường chuyên nghiệp, có lộ trình phát triển rõ ràng. • Cơ hội học hỏi, mở rộng các mối quan hệ và phát triển bản thân. 📌 Phù hợp với: • Độ tuổi từ 25–50. • Tốt nghiệp THPT trở lên. • Có tinh thần học hỏi, chủ động và yêu thích công việc giao tiếp. Nếu bạn muốn tìm hiểu thêm về mô hình làm việc và cơ hội phát triển, hãy để lại tin nhắn để được chia sẻ thông tin chi tiết. #GeneraliVietnam #GENAPEX2026 #GENCASAHaNam.",296975261240447,REVIEW BẢO HIỂM NHÂN THỌ,https://www.facebook.com/groups/296975261240447/,Gencasa Hà Nam,https://www.facebook.com/profile.php?id=100068969722876,0,0,0,0,0,0,0,0,0,0,https://scontent.fsgn21-1.fna.fbcdn.net/v/t39.30808-6/793158960_1403892311919746_6357015830689751768_n.jpg?stp=dst-jpg_tt6&cstp=mx1280x853&ctp=s1280x853&_nc_cat=107&ccb=1-7&_nc_sid=aa7b47&_nc_ohc=F5Z-shbxw6YQ7kNvwFoogH9&_nc_oc=AdpW-rOWpqzYPBqruZ0CSiFpt7bTLnfB6YyG3QWpzN9ITZLuCFFNW42UugM-cb62QPs&_nc_zt=23&_nc_ht=scontent.fsgn21-1.fna&_nc_gid=UBohBfVLkCQnXRMQ1MAE6g&_nc_ss=7b2a8&oh=00_AQKW2RohH_0zJKQvD5maz1ecElNaAZN-6_PAVpjk8u8IBQ&oe=6AA5C0DB|https://scontent.fsgn21-1.fna.fbcdn.net/v/t39.30808-6/789161472_1403892308586413_5608402229351735920_n.jpg?stp=dst-jpg_tt6&cstp=mx853x1280&ctp=p843x403&_nc_cat=106&ccb=1-7&_nc_sid=aa7b47&_nc_ohc=oeLAA3EDeKkQ7kNvwGNQRZa&_nc_oc=AdqDbYNSypxz6kIQnBno0rlsFoQ9Hg0qrx68EgnpupxkMasYurdZN-IIqgVYXG2jTMA&_nc_zt=23&_nc_ht=scontent.fsgn21-1.fna&_nc_gid=UBohBfVLkCQnXRMQ1MAE6g&_nc_ss=7b2a8&oh=00_AQKn-Jgve1fpSXd2M98P9fclBZ-IUnOahjUFg3aKmsfGfQ&oe=6AA5B004,
2503061723531052,https://www.facebook.com/groups/hotrobaohiem/posts/2503061723531052/,2026-09-03,Các bác cho em hỏi bảo hiểm Pijico có ổn không ạ,hotrobaohiem,TƯ VẤN QUYỀN LỢI BẢO HIỂM,https://www.facebook.com/groups/hotrobaohiem/,UnforgettableAlligator7523,,16,16,0,0,0,0,0,0,1,10,,
2503056830198208,https://www.facebook.com/groups/hotrobaohiem/posts/2503056830198208/,2026-09-03,"⚠️ BÀI CHỈ TRÍCH BẢO HIỂM TASCO: KÉO DÀI — CHÈN ÉP — PHẢI CHỊU TRÁCH NHIỆM! Đã hơn 9 tháng kể từ khi xe tôi bị ngập lụt — một sự kiện thuộc phạm vi bảo hiểm, tôi đã đóng phí đầy đủ, thông báo đúng thời hạn. Nhưng Tasco chỉ biết trì hoãn, tìm lý do, đòi hỏi vô lý mà không giải quyết. ✅ Đã có báo giá gara + báo giá chính hãng Hyundai Thành Công — Tasco không chấp nhận ✅ Đã giải thích rõ: ngày xảy ra lũ, chính hãng cũng bị ngập, không nhận xe và khuyên chuyển đến gara — Tasco vẫn cố tình khắc khe ✅ Đã khiếu nại lên Cục Quản lý Giám sát Bảo hiểm — vẫn im lặng Tasco đang cố tình kéo dài cho đến khi khách hàng mệt mỏi, chấp nhận bồi thường thấp hoặc bỏ cuộc. Đây không phải giải quyết khiếu nại — đây là chèn ép, lạm dụng vị thế, né tránh trách nhiệm hợp đồng. Trong khi đó, xe ngày càng hư hỏng nặng, tôi vẫn phải trả hơn 800 triệu vay ngân hàng mỗi tháng cho một chiếc xe vô dụng. Tất cả thiệt hại phát sinh do sự trì hoãn của Tasco — Tasco phải hoàn toàn chịu trách nhiệm. Tasco nghĩ người dân bình thường không có tiền thuê luật sư thì dễ bóp ép? SAI RỒI! Tôi có đủ chứng cứ, đủ lý lẽ, và sẽ không ngừng lại cho đến khi nhận được sự công bằng. Bảo hiểm tồn tại để bảo vệ khách hàng, chứ không phải để tìm cách trừ bớt, trì hoãn khi có rủi ro. Tasco — hãy tôn trọng hợp đồng, tôn trọng khách hàng, và tôn trọng pháp luật! Nếu tiếp tục né tránh, mọi hậu quả pháp lý sẽ do Quý công ty gánh chịu.",hotrobaohiem,TƯ VẤN QUYỀN LỢI BẢO HIỂM,https://www.facebook.com/groups/hotrobaohiem/,Hoai Như,https://www.facebook.com/tuyet.hong.7549,54,48,1,1,4,0,0,0,0,25,,
28590627930549609,https://www.facebook.com/groups/congdongtuvanvienbaohiem/posts/28590627930549609/,2026-09-03,"🎓 **BẢO HIỂM CHO CON – VỪA BẢO VỆ, VỪA TẠO QUỸ HỌC VẤN** Ba mẹ mỗi tháng chỉ cần dành một khoản đều đặn cho con, nhưng sau nhiều năm lại có thể tạo được **một quỹ học vấn đáng kể** cho hành trình trưởng thành của con. Với phương án minh họa khoảng **29 triệu/năm**: 💙 Bảo vệ sức khỏe nội trú đến **1 tỷ/bệnh, tai nạn** 💙 Ngoại trú cao cấp **15 triệu/năm**, không giới hạn số lần khám 💙 Hỗ trợ viện phí **400.000đ/ngày** 💙 Bệnh hiểm nghèo **300 triệu** 💙 Tai nạn **300 triệu** 🎓 Quỹ học đường minh họa: → 10 năm: **~240 triệu** → 15 năm: **~488 triệu** → 20 năm: **~931 triệu** Điều Vy muốn ba mẹ quan tâm không chỉ là con có một hợp đồng bảo hiểm, mà là **một kế hoạch tài chính đủ dài để đến lúc con cần học hành, ba mẹ đã có sẵn một khoản tiền cho con.** **Bảo vệ sức khỏe hôm nay – chuẩn bị tương lai ngày mai.** ❤️ 📩 Nhắn **“QUỸ HỌC VẤN”** cho Vy để nhận bảng minh họa chi tiết theo độ tuổi của bé. 📲 Zalo: **0767 1343 86** 📍 Tòa nhà 7A Lam Sơn, P. Tân Sơn Hòa, TP.HCM #BaoHiemChoCon #QuyHocVan #BaoHiemSucKhoe #TichLuyChoCon #BaoVeTuongLai #HoangVyBaoHiem",congdongtuvanvienbaohiem,Cộng đồng Tư vấn viên bảo hiểm,https://www.facebook.com/groups/congdongtuvanvienbaohiem/,Bảo Hiểm cho Con - Trọn Tình Cha Mẹ,https://www.facebook.com/profile.php?id=61580943352387,0,0,0,0,0,0,0,0,0,0,,
2246936066244347,https://www.facebook.com/groups/296975261240447/posts/2246936066244347/,2026-09-03,"NỢ 5 TỶ CHƯA CHẮC LÀ VẤN ĐỀ. DÒNG TIỀN DỪNG LẠI MỚI LÀ VẤN ĐỀ. Khi vay mua nhà, chúng ta thường tính rất kỹ khoản trả hàng tháng, lãi suất và thời gian vay. Nhưng có một con số quan trọng hơn: Nếu thu nhập của người đang trả nợ dừng lại, gia đình còn đủ khả năng giữ căn nhà trong bao lâu? Bảo hiểm không có nghĩa là công ty bảo hiểm sẽ tự động trả hết khoản vay ngân hàng. Điều cần tính là khoảng trống tài chính gia đình cần được bảo vệ nếu người tạo ra dòng tiền gặp rủi ro thuộc phạm vi bảo hiểm. Và nếu đang nợ 5 tỷ, mua bảo hiểm đúng 5 tỷ liệu đã đủ? 👉 Video tiếp theo Kiệt sẽ tính thử một trường hợp cụ thể. #BaoHiemNhanTho #QuanTriRuiRo #BaoVeThuNhap #VayMuaNha #TaiChinhGiaDinh",296975261240447,REVIEW BẢO HIỂM NHÂN THỌ,https://www.facebook.com/groups/296975261240447/,Tô Quốc Kiệt,https://www.facebook.com/Kiet.MDRT,0,0,0,0,0,0,0,0,0,0,,
1618181353099498,https://www.facebook.com/groups/baohiemnhantho.chuyenvien/posts/1618181353099498/,2026-09-03,"NỢ 5 TỶ CHƯA CHẮC LÀ VẤN ĐỀ. DÒNG TIỀN DỪNG LẠI MỚI LÀ VẤN ĐỀ. Khi vay mua nhà, chúng ta thường tính rất kỹ khoản trả hàng tháng, lãi suất và thời gian vay. Nhưng có một con số quan trọng hơn: Nếu thu nhập của người đang trả nợ dừng lại, gia đình còn đủ khả năng giữ căn nhà trong bao lâu? Bảo hiểm không có nghĩa là công ty bảo hiểm sẽ tự động trả hết khoản vay ngân hàng. Điều cần tính là khoảng trống tài chính gia đình cần được bảo vệ nếu người tạo ra dòng tiền gặp rủi ro thuộc phạm vi bảo hiểm. Và nếu đang nợ 5 tỷ, mua bảo hiểm đúng 5 tỷ liệu đã đủ? 👉 Video tiếp theo Kiệt sẽ tính thử một trường hợp cụ thể. #BaoHiemNhanTho #QuanTriRuiRo #BaoVeThuNhap #VayMuaNha #TaiChinhGiaDinh",baohiemnhantho.chuyenvien,BẢO HIỂM NHÂN THỌ - Hội chuyên viên tư vấn,https://www.facebook.com/groups/baohiemnhantho.chuyenvien/,Tô Quốc Kiệt,https://www.facebook.com/Kiet.MDRT,0,0,0,0,0,0,0,0,0,0,,
2246929866244967,https://www.facebook.com/groups/296975261240447/posts/2246929866244967/,2026-09-03,,296975261240447,REVIEW BẢO HIỂM NHÂN THỌ,https://www.facebook.com/groups/296975261240447/,Tiệp NX,https://www.facebook.com/nx.tiep,0,0,0,0,0,0,0,0,0,0,,
2246922039579083,https://www.facebook.com/groups/296975261240447/posts/2246922039579083/,2026-09-03,"MÌNH THƯỜNG RẤT DỄ CHI TIỀN CHO NHỮNG THỨ MÌNH THÍCH 😄 Mua sắm thì chẳng đắn đo, nhưng dành vài triệu một năm để bảo vệ gia đình lại cứ: “Để tính đã…” 😂 Đến khi có chuyện mới hiểu… Bảo hiểm không làm mình giàu hơn. Nhưng có thể giúp người mình thương bớt chật vật hơn. Có những thứ mua cho mình. Có những thứ chuẩn bị cho cả gia đình. ❤️ — Vân #VanTVVDaiichi #DaiichiLife #BaoHiemNhanTho #BaoHiemSucKhoe@nêu bật",296975261240447,REVIEW BẢO HIỂM NHÂN THỌ,https://www.facebook.com/groups/296975261240447/,Lưu Vân,https://www.facebook.com/luu.van.516449,2,2,0,0,0,0,0,0,0,0,,
28589588270653575,https://www.facebook.com/groups/congdongtuvanvienbaohiem/posts/28589588270653575/,2026-09-03,"❓ Đóng BHXH tự nguyện bao nhiêu năm là hợp lý để hưởng lương hưu cao nhất? 💡 Lưu bài viết này để sau này không phải tiếc vì bỏ lỡ quyền lợi của mình! Nhiều người nghĩ BHXH tự nguyện rất khó hiểu, nhưng thực ra anh chị chỉ cần nhớ 2 nguyên tắc quan trọng dưới đây: ✅ 1. Mức đóng Anh chị đóng 22% trên mức thu nhập mình tự lựa chọn. Mức thu nhập càng phù hợp với kế hoạch tài chính thì việc duy trì càng dễ dàng. ✅ 2. Tỷ lệ hưởng lương hưu Để được hưởng mức lương hưu tối đa 75%, thời gian tham gia cần đạt: 👨 Nam: Đóng đủ 35 năm. 👩 Nữ: Đóng đủ 30 năm. Đừng nghĩ phải đóng thật nhiều năm mới có ý nghĩa. Chỉ cần đủ điều kiện tối thiểu 15 năm, anh chị đã có cơ hội được hưởng lương hưu hằng tháng khi đủ tuổi nghỉ hưu. Sau đó, mỗi năm tham gia thêm sẽ giúp tỷ lệ hưởng tăng dần cho đến mức tối đa theo quy định. 🌱 Tuổi trẻ tích lũy từng tháng. 🌳 Tuổi già nhận lương hưu đều đặn mỗi tháng. Đầu tư cho tuổi hưu không phải để giàu có, mà để không trở thành gánh nặng cho chính mình và những người mình yêu thương. 📩 Nếu anh chị muốn biết đóng bao nhiêu tiền/tháng sẽ nhận được khoảng bao nhiêu lương hưu, hãy để lại tuổi hoặc mức dự định đóng, Linh sẽ tính minh họa để anh chị dễ hình dung.",congdongtuvanvienbaohiem,Cộng đồng Tư vấn viên bảo hiểm,https://www.facebook.com/groups/congdongtuvanvienbaohiem/,Linh Linh,https://www.facebook.com/linh150493,0,0,0,0,0,0,0,0,2,0,,
28589583870654015,https://www.facebook.com/groups/congdongtuvanvienbaohiem/posts/28589583870654015/,2026-09-03,"💕💕💕BỎ RA 5 TRIỆU – NHẬN VỀ HƠN 1️⃣3️⃣ TRIỆU. ĐÁNG HAY KHÔNG ĐÁNG? 🤰💰 Một ca sinh, khách được chi trả 13.725.000đ quyền lợi thai sản. 👉 Viện phí + phẫu thuật + trợ cấp nằm viện đều có quyền lợi hỗ trợ. 👉👉Bảo hiểm không làm mình sinh ít tốn kém hơn, nhưng giúp gánh bớt một phần tài chính khi sinh. ❤️Ai đang có kế hoạch sinh em bé, hãy trang bị gói bảo hiểm thai sản sớm nhé 📲ib Cẩm Như bảo hiểm 0973161860 #camnhubaohiem #baohiemthaisan #baohiemdisinh",congdongtuvanvienbaohiem,Cộng đồng Tư vấn viên bảo hiểm,https://www.facebook.com/groups/congdongtuvanvienbaohiem/,Lăng Như Bảo Hiểm,https://www.facebook.com/nhu.lang.52,0,0,0,0,0,0,0,0,0,0,,
2503042310199660,https://www.facebook.com/groups/hotrobaohiem/posts/2503042310199660/,2026-09-03,Em xin giá bảo hiểm Bảo Việt - Pijico khu vực Bạc Liêu cho xe City 2018,hotrobaohiem,TƯ VẤN QUYỀN LỢI BẢO HIỂM,https://www.facebook.com/groups/hotrobaohiem/,Tài Phạm,https://www.facebook.com/nhockengr,11,11,0,0,0,0,0,0,0,10,,
1747495759791081,https://www.facebook.com/groups/hoireviewbaohiem/posts/1747495759791081/,2026-09-03,"REVIEW LAN TỎA SỐ 3: PHÂN TÍCH THẺ SỨC KHỎE CỦA 5 NHÀ BẢO HIỂM Từ những ý kiến của anh chị em tư vấn viên và khách hàng Admin ghi nhận được từ bài viết trước về mong muốn được phân tích, chia sẻ trên zoom, chủ đề của Review Lan Tỏa số 3 đã chính thức được chốt: Phân tích thẻ sức khỏe của 5 nhà bảo hiểm. Đây cũng là một chủ đề rất thực tế với TVV, bởi khi tư vấn thẻ sức khỏe, điều quan trọng không chỉ nằm ở việc biết quyền lợi sản phẩm, mà còn phải hiểu điểm mạnh, điểm khác biệt, phạm vi bảo vệ và những lưu ý khi tư vấn. Lần này, Review Bảo Hiểm kết nối 5 tư vấn viên đến từ 5 doanh nghiệp bảo hiểm, cùng chia sẻ góc nhìn thực tế về sản phẩm mình đang đồng hành: Nguyễn Thị Kim Ngân – Tư vấn viên Sun Life Sơn Linh Bùi – Tư vấn viên Manulife Nguyễn Thảo Generali – Tư vấn viên Generali Bùi Quang Vĩnh – Tư vấn viên Dai-ichi Life Hồng Nhung – Tư vấn viên AIA Mỗi người một sản phẩm, một góc nhìn, một trải nghiệm thực tế. Khi đặt 5 sản phẩm cạnh nhau, anh chị TVV sẽ có thêm dữ liệu để hiểu thị trường rộng hơn, phân tích sản phẩm rõ hơn và có thêm cơ sở khi tư vấn cho từng nhu cầu khách hàng. 20h00 | Thứ 7 | 05/09/2026 Hình thức: Zoom Online Hẹn anh chị TVV tại Review Lan Tỏa số 3. Cùng xem 5 nhà bảo hiểm sẽ có những điểm gì đáng để chúng ta cùng phân tích. #ReviewBaohiem #ReviewLanToa #TVV #TheSucKhoe #Admin",hoireviewbaohiem,REVIEW BẢO HIỂM,https://www.facebook.com/groups/hoireviewbaohiem/,Thùy Bích,https://www.facebook.com/thuy.bich.732756,70,50,18,1,0,1,0,0,3,28,,
1618131136437853,https://www.facebook.com/groups/baohiemnhantho.chuyenvien/posts/1618131136437853/,2026-09-03,Bảo hiểm dân sự 279k (xe 5 chỗ biển trắng) Bảo hiểm Thân vỏ tuỳ dòng xe và đời xe ( có BH Pin cả khi Pin tổn thất riêng ) Nhận BH trước ck sau 0968.729.615 ZL Em ạ📞👍|,baohiemnhantho.chuyenvien,BẢO HIỂM NHÂN THỌ - Hội chuyên viên tư vấn,https://www.facebook.com/groups/baohiemnhantho.chuyenvien/,không bỏ cuộc,https://www.facebook.com/mai.bao.921,0,0,0,0,0,0,0,0,0,0,,
28589015424044193,https://www.facebook.com/groups/congdongtuvanvienbaohiem/posts/28589015424044193/,2026-09-03,Bảo hiểm dân sự 279k (xe 5 chỗ biển trắng) Bảo hiểm Thân vỏ tuỳ dòng xe và đời xe ( có BH Pin cả khi Pin tổn thất riêng ) Nhận BH trước ck sau 0968.729.615 ZL Em ạ📞🤫|,congdongtuvanvienbaohiem,Cộng đồng Tư vấn viên bảo hiểm,https://www.facebook.com/groups/congdongtuvanvienbaohiem/,không bỏ cuộc,https://www.facebook.com/mai.bao.921,1,1,0,0,0,0,0,0,0,0,,
2503004823536742,https://www.facebook.com/groups/hotrobaohiem/posts/2503004823536742/,2026-09-03,"Bé nhà mình 5 tuổi hẹp bao quy đầu, đã nong 1 lần nhưng vẫn hẹp, mình định xin bs chỉ định cắt thì không biết insmart có chi trả viện phí nội trú không ạ. Có gọi tổng đài thì được trả lời chung chung",hotrobaohiem,TƯ VẤN QUYỀN LỢI BẢO HIỂM,https://www.facebook.com/groups/hotrobaohiem/,GentleCamel1019,,5,5,0,0,0,0,0,0,0,15,,
2246867096251244,https://www.facebook.com/groups/296975261240447/posts/2246867096251244/,2026-09-03,"🎉 THÊM MỘT HỒ SƠ HOÀN TẤT – THÊM MỘT GIA ĐÌNH ĐƯỢC BẢO VỆ Một bộ hồ sơ được nộp thành công không chỉ là “bán được một sản phẩm” ❤️ Điều mình vui nhất là khách hàng đã được tư vấn kỹ, hiểu rõ quyền lợi – mức phí – thời gian tham gia và những điều khoản liên quan, sau đó chủ động lựa chọn giải pháp phù hợp với nhu cầu của gia đình. Làm nghề này, mình luôn tin rằng: 👉 Không cần bán bằng lời nói hay áp lực. 👉 Hãy tư vấn bằng sự chân thành, rõ ràng và trách nhiệm. 👉 Khi khách hàng hiểu và tin tưởng, quyết định tham gia sẽ trở nên nhẹ nhàng hơn rất nhiều. 📑 Hồ sơ đã nộp thành công! 💙 Cảm ơn khách hàng đã tin tưởng và lựa chọn mình đồng hành trên hành trình bảo vệ những điều quan trọng nhất. Bán được một hợp đồng là niềm vui. Được khách hàng hiểu, tin tưởng và lựa chọn mới là điều mình trân trọng. 🌷",296975261240447,REVIEW BẢO HIỂM NHÂN THỌ,https://www.facebook.com/groups/296975261240447/,Thy Võ,https://www.facebook.com/thyconheo,0,0,0,0,0,0,0,0,0,1,https://scontent.fsgn21-1.fna.fbcdn.net/v/t39.30808-6/792225935_2879022535796389_5567800231123104251_n.jpg?stp=dst-jpg_tt6&cstp=mx946x2048&ctp=p552x414&_nc_cat=109&ccb=1-7&_nc_sid=aa7b47&_nc_ohc=OjLhrMpdznMQ7kNvwETtFXI&_nc_oc=AdqP5y3HN9JMKDjbWgqkgT4tH2YOv5JnjBbzc6S1OuSnOKqqGW7LZYexLI4JWsgzY9k&_nc_zt=23&_nc_ht=scontent.fsgn21-1.fna&_nc_gid=PDf02KenFqxN6nrRoArM9A&_nc_ss=7b2a8&oh=00_AQJ7-ew34rBuiQBLssxmmzxtY3zIASmzTg-rbomO48x2eg&oe=6AA58FE8|https://scontent.fsgn21-1.fna.fbcdn.net/v/t39.30808-6/794097317_2879022529129723_191569761842081732_n.jpg?stp=dst-jpg_tt6&cstp=mx1486x1059&ctp=p960x960&_nc_cat=106&ccb=1-7&_nc_sid=aa7b47&_nc_ohc=-Kh-dBiHeD4Q7kNvwH1Qwy0&_nc_oc=AdpdbThjFuu55Nu9shmWQ1vcjX0-4xgFBxx6_xNRl1x4PLBqIQlwA8gxEnGZSDCdgno&_nc_zt=23&_nc_ht=scontent.fsgn21-1.fna&_nc_gid=PDf02KenFqxN6nrRoArM9A&_nc_ss=7b2a8&oh=00_AQJF556yJYYfdi2rcujCW7KVSUj3xL5sokcSB6p76a0tfg&oe=6AA5B2CF|https://scontent.fsgn21-1.fna.fbcdn.net/v/t39.30808-6/792990701_2879022579129718_4035245556352094417_n.jpg?stp=dst-jpg_tt6&cstp=mx1305x1206&ctp=s1305x1206&_nc_cat=111&ccb=1-7&_nc_sid=aa7b47&_nc_ohc=RIm63-l9umsQ7kNvwEgWa1F&_nc_oc=AdrByAQFVKTdO5WnELhsXxTfd8owG2BLra9awZ7IMm-OHjJ-niOkne5SQimyOUTxMtM&_nc_zt=23&_nc_ht=scontent.fsgn21-1.fna&_nc_gid=PDf02KenFqxN6nrRoArM9A&_nc_ss=7b2a8&oh=00_AQLWkKWfer-VAWb3ayacA-RPty7ICayhojVJeu8_KIHNHw&oe=6AA5A436,
1747427526464571,https://www.facebook.com/groups/hoireviewbaohiem/posts/1747427526464571/,2026-09-03,"Em muốn hỏi về bảo hiểm thai sản, đẻ ở Hồng Ngọc hoặc Việt Pháp. Chưa thả bầu ạ. Em làm tự do Em ko có BH nhân thọ, thì có thể mua BH Thai Sản k ạ. Cảm ơn các bác",hoireviewbaohiem,REVIEW BẢO HIỂM,https://www.facebook.com/groups/hoireviewbaohiem/,Anonymous participant,,13,13,0,0,0,0,0,0,0,18,,
1747398983134092,https://www.facebook.com/groups/hoireviewbaohiem/posts/1747398983134092/,2026-09-03,"Nếu mua BHNT thêm cho bé 2 tháng đã có thẻ sk rời, thì giữa Gen và Sun bên nào đang có chương trình bảo hiểm và phí ok hơn ah? Chi trả cả nội + ngoại trú với chi phí khoảng 10-15tr/năm ah? Mình ở SG ah",hoireviewbaohiem,REVIEW BẢO HIỂM,https://www.facebook.com/groups/hoireviewbaohiem/,Anonymous participant,,15,14,1,0,0,0,0,0,0,18,,
1747355349805122,https://www.facebook.com/groups/hoireviewbaohiem/posts/1747355349805122/,2026-09-03,"Em cần mua bảo hiểm sức khoẻ của Bảo Việt vì có dự định sinh em bé, nhờ A C tư vấn giúp em nhé",hoireviewbaohiem,REVIEW BẢO HIỂM,https://www.facebook.com/groups/hoireviewbaohiem/,Culi_ngân_hàng,,11,10,1,0,0,0,0,0,0,22,,
1747457116461612,https://www.facebook.com/groups/hoireviewbaohiem/posts/1747457116461612/,2026-09-03,Hỡi các ac tvv và ng tiêu dùng nhà Gen. Em muốn xin bảng phí và quyền lợi thẻ cssk bên mình. Mn cho e xin tt và feedback của Gen với ạ. Em mua thiên về cssk thui chớ nhân thọ càng thấp càng tốt ạ.Em cảm ơn rấc nhìu ạ.,hoireviewbaohiem,REVIEW BẢO HIỂM,https://www.facebook.com/groups/hoireviewbaohiem/,ThrillingPersimmon3406,,14,13,1,0,0,0,0,0,2,22,,
1618091309775169,https://www.facebook.com/groups/baohiemnhantho.chuyenvien/posts/1618091309775169/,2026-09-03,"Tết Trung Thu | Vững Đoàn Viên - Hay Sum Vầy Tết Đoàn Viên là dịp đê mỗi chúng ta dành thêm thời gian chăm sóc, sẻ chia và tận hưởng những khoảnh khắc sum vầy cùng gia đình. Vững đoàn viên - Hay sum vầy, khi những người mình thương luôn khỏe mạnh để cùng nhau tạo nên thật nhiều khoảnh khắc đáng nhớ. Cùng chăm sóc những người thân yêu với Giải pháp Sống khỏe toàn diện từ AIA, để mỗi mùa đoàn viên thêm vững vàng, mỗi phút sum vầy thêm trọn vẹn. Liên hệ CVTV ĐLBH AIA nhanh tay tham gia Bảo Hiểm trong dịp Trung Thu. Chúc bạn và gia đình một mùa Trung Thu thật nhiều sức khỏe, bình an và trọn vẹn yêu thương. #AIA #AOB #vungdoanvien #haysumvay #tettrungthu",baohiemnhantho.chuyenvien,BẢO HIỂM NHÂN THỌ - Hội chuyên viên tư vấn,https://www.facebook.com/groups/baohiemnhantho.chuyenvien/,Steven Ly,https://www.facebook.com/steven.ly.39,0,0,0,0,0,0,0,0,0,0,,
2502933456877212,https://www.facebook.com/groups/hotrobaohiem/posts/2502933456877212/,2026-09-03,Có bác nào làm bên bảo hiểm thân vỏ VBI cho em nhờ với ạ!,hotrobaohiem,TƯ VẤN QUYỀN LỢI BẢO HIỂM,https://www.facebook.com/groups/hotrobaohiem/,CaptivatingSeal4219,,5,5,0,0,0,0,0,0,0,2,,
28588385980773804,https://www.facebook.com/groups/congdongtuvanvienbaohiem/posts/28588385980773804/,2026-09-03,em cần mua bhnt cho ông bà ạ 0345.255.584,congdongtuvanvienbaohiem,Cộng đồng Tư vấn viên bảo hiểm,https://www.facebook.com/groups/congdongtuvanvienbaohiem/,VioletNarwhal5521,,8,7,1,0,0,0,0,0,0,11,,
2246815286256425,https://www.facebook.com/groups/296975261240447/posts/2246815286256425/,2026-09-03,"🆘 CÓ MỘT LOẠI “VÉ GIỮ NGƯỜI”… rẻ hơn cả giữ xe ❤️ Mỗi ngày bỏ ra 50.000đ để giữ một chiếc xe, mình thấy bình thường. Nhưng cũng chỉ 50.000đ/ngày, mình có thể “giữ” cho chính mình và gia đình một khoản tiền khi chẳng may ốm đau, bệnh tật hay có chuyện không ai mong muốn. 🚗 Giữ xe: mất xe thì được đền tiền. ❤️ Giữ người: ốm đau có tiền chữa trị, bệnh nặng được hỗ trợ nhiều hơn, chẳng may người trụ cột không còn nữa thì vẫn có một khoản để lo cho những người ở lại. Điều mình thích nhất là: Nếu bình an, khỏe mạnh và không có chuyện gì xảy ra, mình vẫn nhận lại phần lớn giá trị đã tích lũy theo hợp đồng. Bởi vậy, bảo hiểm nhân thọ không phải là mua “nỗi lo”. Mà là dành một khoản nhỏ hôm nay để nếu ngày mai có chuyện, gia đình mình không phải bắt đầu lại từ con số 0. 🎁 50.000đ/ngày — một ly cà phê, một bữa ăn sáng… nhưng có thể là cả một khoản tiền rất lớn để bảo vệ người mình thương. Ai muốn tìm hiểu một “chiếc vé giữ người” phù hợp với túi tiền, không cần đóng quá nặng mỗi năm, cứ nhắn em nhé #Cam_Kết_Một_Lời_Trọn_Đời_Gắn_Bó #Thẻ_Chăm_Sóc_Sức_Khoẻ_Toàn_Cầu_24/7 #Bảo_Hiểm_Nhân_Thọ_Số_1_Nhật_Bản #Daiichi",296975261240447,REVIEW BẢO HIỂM NHÂN THỌ,https://www.facebook.com/groups/296975261240447/,Hanh Minh,https://www.facebook.com/hanh.minh.77,0,0,0,0,0,0,0,0,0,0,,
1618054523112181,https://www.facebook.com/groups/baohiemnhantho.chuyenvien/posts/1618054523112181/,2026-09-03,"Sau một thời gian xây đội ngũ, Huyền nhận ra: Có thể đào tạo một người chưa biết làm. Có thể hướng dẫn một người chưa có kinh nghiệm. Nhưng rất khó để thay thế sự chủ động của một người. Một nhân sự mới chưa biết cách tìm khách, Huyền có thể hướng dẫn. Chưa biết tư vấn, có thể đào tạo. Chưa biết xây Facebook, có thể cùng làm từng bước. Chưa có kết quả, quản lý có thể đồng hành để tìm nguyên nhân và điều chỉnh. Nhưng “muốn làm” thì phải đến từ chính người đó. Vì vậy bây giờ khi xây One Team, Huyền không tìm người giỏi sẵn. Huyền thích những bạn chịu học – chịu làm – chủ động và có trách nhiệm với mục tiêu của chính mình. Kinh nghiệm có thể tích lũy. Kỹ năng có thể đào tạo. Kết quả có thể cần thời gian. Nhưng tinh thần chủ động thì quản lý không thể làm thay. Xây team đôi khi không khó nhất ở chuyện tuyển được bao nhiêu người, mà là tìm được bao nhiêu người thật sự muốn cùng mình đi đường dài. 💙",baohiemnhantho.chuyenvien,BẢO HIỂM NHÂN THỌ - Hội chuyên viên tư vấn,https://www.facebook.com/groups/baohiemnhantho.chuyenvien/,Huyền Bảo Hiểm,https://www.facebook.com/Huyengiadinhbaohiem,0,0,0,0,0,0,0,0,0,0,,
28587853077493761,https://www.facebook.com/groups/congdongtuvanvienbaohiem/posts/28587853077493761/,2026-09-03,"🔥 TUYỂN ĐỐI TÁC – ĐẠI LÝ BẢO HIỂM Ô TÔ TOÀN QUỐC 🔥 - HOA HỒNG LÊN TỚI 50% !! Bạn đang kinh doanh gara, dịch vụ đăng kiểm, làm xe cũ, hay lái xe dịch vụ? Sản phẩm: Bảo hiểm từ các thương hiệu uy tín lớn tại Việt Nam như PVI, VBI... Quyền lợi: - Sản phẩm của Công ty uy tín, cực dễ bán - Hệ thống cấp đơn điện tử nhận file chỉ sau 5 phút. - Hỗ trợ tái tục năm sau cực dễ (khách hàng cũ mua lại = thu nhập đều đặn). Hợp tác đơn giản – Đôi bên cùng có lợi! 📩 Liên hệ làm đại lý: ⁠(Điện thoại/Zalo) 0813.66.9898 #PVI #tnds #baohiem #thanvo #BH #dangkiem #giaothong #daily",congdongtuvanvienbaohiem,Cộng đồng Tư vấn viên bảo hiểm,https://www.facebook.com/groups/congdongtuvanvienbaohiem/,Nguyễn Tài,https://www.facebook.com/tritainguyentran,0,0,0,0,0,0,0,0,0,0,https://scontent.fsgn21-1.fna.fbcdn.net/v/t39.30808-6/790457602_4729734367249922_2801561223527883108_n.jpg?stp=cp6_dst-jpg_tt6&cstp=mx1536x2048&ctp=p960x960&_nc_cat=106&ccb=1-7&_nc_sid=aa7b47&_nc_ohc=GG2weaNXKtEQ7kNvwGLfqZF&_nc_oc=Ado4linT3_NXR-ZxUcY3weXiF4_ViG8FmB18J3MAEgzqPdhLgXijp--5mpwViSxAmCQ&_nc_zt=23&_nc_ht=scontent.fsgn21-1.fna&_nc_gid=0Iu8Qx2ziG7aw-ryd-7mLw&_nc_ss=7b2a8&oh=00_AQIuWjIzH-HSNMcl2U8fgB9LsacXGaYkkbyXEdoeoq-8yA&oe=6AA58D5D|https://scontent.fsgn21-1.fna.fbcdn.net/v/t39.30808-6/793122318_4729734467249912_5960165713847710551_n.jpg?stp=dst-jpg_tt6&cstp=mx1284x1744&ctp=p960x960&_nc_cat=100&ccb=1-7&_nc_sid=aa7b47&_nc_ohc=-SvB8SPOzRgQ7kNvwEe0Iu-&_nc_oc=AdrB-9JaERMj_XilwVbC5W0arFGQuGFmCfsFaDZPfE9tyBAZ7SC7wgVf1oiY9zw_rjQ&_nc_zt=23&_nc_ht=scontent.fsgn21-1.fna&_nc_gid=0Iu8Qx2ziG7aw-ryd-7mLw&_nc_ss=7b2a8&oh=00_AQJCDzk64unMhNbYC2vHQA1wuZZtpBqay0P_zqg-Xpam7g&oe=6AA5B615|https://scontent.fsgn21-1.fna.fbcdn.net/v/t39.30808-6/791975521_4729734620583230_4665226765048040720_n.jpg?stp=cp6_dst-jpg_tt6&cstp=mx1536x2048&ctp=p960x960&_nc_cat=110&ccb=1-7&_nc_sid=aa7b47&_nc_ohc=2_m61MOvghoQ7kNvwFgVna1&_nc_oc=AdpTOLH1-ccaHLiYJdM2cbCutgA2GDI8w8q7l7MJrTD8ix2NgTQCrXD1oFBR55q_RME&_nc_zt=23&_nc_ht=scontent.fsgn21-1.fna&_nc_gid=0Iu8Qx2ziG7aw-ryd-7mLw&_nc_ss=7b2a8&oh=00_AQKulYlQCF9N0_EzHWP_RoZnPNBgXbeeZ4wwORnZErlk2Q&oe=6AA5BF34,
2130240724229396,https://www.facebook.com/groups/tuvanbaohiemnhanthovn/posts/2130240724229396/,2026-09-03,"Bảo hiểm du lịch đã sẵn sàng đồng hành cùng bạn mùa hè này! Còn bạn, bạn đã sẵn sàng cho cuộc phiêu lưu hè với bảo hiểm du lịch chưa? Liên hệ: MONCOVER VIỆT NAM ☎️ 0963 443 313 | 0964 652 615 🏢 87 Vương Thừa Vũ, Phường Phương Liệt, Hà Nội #moncover #baohiemdulich #travel #travelinsurance #baohiem #dulich",tuvanbaohiemnhanthovn,Hiệp Hội Tư vấn Bảo hiểm Nhân thọ Việt Nam,https://www.facebook.com/groups/tuvanbaohiemnhanthovn/,Bảo hiểm online,https://www.facebook.com/profile.php?id=61559366671511,0,0,0,0,0,0,0,0,0,0,,
1618015303116103,https://www.facebook.com/groups/baohiemnhantho.chuyenvien/posts/1618015303116103/,2026-09-03,"Trở lại công việc sau những ngày nghỉ lễ 2-9 … người ta đi làm ăn mặc chỉnh chu có Sếp bên cạnh .. còn mình thì xách Ipad ra ngồi trò chuyện với đối tác và Đồng Đội 😅😅😋😋😋 Được cái không có Sếp 😜…chứ giờ mình là mình ngán cảnh đi làm mà phải phụ thuộc Sếp lớn, sếp nhỏ nào đó lắm ..: Làm chủ thích hơn các ACE ạ! Bạn nào thích cv kinh doanh linh hoạt làm ở nhà vẫn kiếm được thu nhập cực tốt thì cứ nhắn Mình chia sẻ cho nhé .. #MinhChauLife #GlobalBusiness #AffiliateHethong #KhoiNghiepDonGian #ThuNhapThuHai",baohiemnhantho.chuyenvien,BẢO HIỂM NHÂN THỌ - Hội chuyên viên tư vấn,https://www.facebook.com/groups/baohiemnhantho.chuyenvien/,Giađình Minh Châu,https://www.facebook.com/profile.php?id=61586560770133,2,2,0,0,0,0,0,0,0,0,,
28586904627588606,https://www.facebook.com/groups/congdongtuvanvienbaohiem/posts/28586904627588606/,2026-09-03,Bình giữ nhiệt 750ml Nhận in ấn logo theo yêu cầu Nhận khắc tên theo yêu cầu Có xuất VAT 📞Liên hệ/ zalo: 0906742246 để được báo giá chi tiết,congdongtuvanvienbaohiem,Cộng đồng Tư vấn viên bảo hiểm,https://www.facebook.com/groups/congdongtuvanvienbaohiem/,Thương Cá Voi Lam,https://www.facebook.com/profile.php?id=61586232241379,0,0,0,0,0,0,0,0,0,0,https://scontent.fsgn21-1.fna.fbcdn.net/v/t39.30808-6/791145028_122122736949207741_1201937744520024306_n.jpg?stp=dst-jpg_tt6&cstp=mx1242x1656&ctp=p960x960&_nc_cat=104&ccb=1-7&_nc_sid=aa7b47&_nc_ohc=liRGpJ89Ya4Q7kNvwFSUFr6&_nc_oc=AdoW0YDx8cpteWf6l_CL4RV4Lv-SwIIJk1aSp03kOGhGKt8eCMo8sr35xWl_xqHUo44&_nc_zt=23&_nc_ht=scontent.fsgn21-1.fna&_nc_gid=0Iu8Qx2ziG7aw-ryd-7mLw&_nc_ss=7b2a8&oh=00_AQIBCUGYEfkE2IUTIX3AtrfVyYM8UEqvAwP8u_R8agWeGw&oe=6AA5A04B|https://scontent.fsgn21-1.fna.fbcdn.net/v/t39.30808-6/791015082_122122736937207741_8447324938207226814_n.jpg?stp=dst-jpg_tt6&cstp=mx1242x1656&ctp=p960x960&_nc_cat=111&ccb=1-7&_nc_sid=aa7b47&_nc_ohc=EwIjbBBeHz0Q7kNvwEWjSWa&_nc_oc=AdrGJsRZ6jP2cOaRupns_eGhH_Xdyk0NuYsQWmJ8plxAFcKg-s-IeeMsboxDWk2tKpQ&_nc_zt=23&_nc_ht=scontent.fsgn21-1.fna&_nc_gid=0Iu8Qx2ziG7aw-ryd-7mLw&_nc_ss=7b2a8&oh=00_AQL1OQNtGi8ghTT1C1cZcDhCrb328MjtYLCMN5nII-vqcg&oe=6AA5C2B2|https://scontent.fsgn21-1.fna.fbcdn.net/v/t39.30808-6/790512701_122122737003207741_6070238741330044564_n.jpg?stp=dst-jpg_tt6&cstp=mx1242x1656&ctp=p960x960&_nc_cat=111&ccb=1-7&_nc_sid=aa7b47&_nc_ohc=ImGGKGJvORYQ7kNvwFjwizO&_nc_oc=AdoCfcaC3V6lw5R9jr6UtvuI1Ff3cENAEHLvFxszn38iSU1jo2eAorqNaiqiwAYmMRE&_nc_zt=23&_nc_ht=scontent.fsgn21-1.fna&_nc_gid=0Iu8Qx2ziG7aw-ryd-7mLw&_nc_ss=7b2a8&oh=00_AQI11QuvQ-4GD2fVFz0Wn32EzZ3VNsLJ3LYsDzzsFpPEpg&oe=6AA595CC,
1325109416158970,https://www.facebook.com/groups/bvqlkhbhnt/posts/1325109416158970/,2026-09-03,Tối nay t5 3.9.2026 các bạn có giật mình vì BỆNH LÝ CÓ THẬT MÀ KHÔNG KÊ KHAI VẪN ĐẢM BẢO ĐÚNG LUẬT? KHÔNG VI PHẠM NGHĨA VỤ KÊ KHAI THIẾU TRUNG THỰC ☺️ @mọi người,bvqlkhbhnt,BẢO VỆ QUYỀN LỢI KHÁCH HÀNG BẢO HIỂM NHÂN THỌ,https://www.facebook.com/groups/bvqlkhbhnt/,Ngô Hà Minh,https://www.facebook.com/ngohaminh,18,15,3,0,0,0,0,0,0,8,,
1747329459807711,https://www.facebook.com/groups/hoireviewbaohiem/posts/1747329459807711/,2026-09-03,"Anh chị cho em hỏi nếu kê khai sức khoẻ khi tham gia bhnt thì kê vssid, chứng từ y tế hay vneid ạ? Kê như thế nào thì sau này cty ko xét nét hay bắt bẻ mình được ạ?",hoireviewbaohiem,REVIEW BẢO HIỂM,https://www.facebook.com/groups/hoireviewbaohiem/,EmpatheticQuail939,,10,7,3,0,0,0,0,0,2,11,,
28586210667658002,https://www.facebook.com/groups/congdongtuvanvienbaohiem/posts/28586210667658002/,2026-09-03,Lựa chọn mới của rất nhiều bạn trẻ. Góc nhìn của 1 trong những khách hàng đang đóng BHXH tự nguyện cho bố/mẹ. Thái Hà: nhân viên thu BHXH.,congdongtuvanvienbaohiem,Cộng đồng Tư vấn viên bảo hiểm,https://www.facebook.com/groups/congdongtuvanvienbaohiem/,Thái Hà,https://www.facebook.com/thai.ha.908,0,0,0,0,0,0,0,0,0,0,,
2246693232935297,https://www.facebook.com/groups/296975261240447/posts/2246693232935297/,2026-09-03,Đóng bảo hiểm 15 năm bảo vệ đến năm 99t,296975261240447,REVIEW BẢO HIỂM NHÂN THỌ,https://www.facebook.com/groups/296975261240447/,Bùi Hồng Nhẫn,https://www.facebook.com/profile.php?id=61579370379535,0,0,0,0,0,0,0,0,0,0,,
28585996344346101,https://www.facebook.com/groups/congdongtuvanvienbaohiem/posts/28585996344346101/,2026-09-03,🔥 TUYỂN ĐỐI TÁC VẬN HÀNH HAPPY HOUSE TOÀN QUỐC 🔥 Bạn muốn làm chủ mô hình kinh doanh trong lĩnh vực sức khỏe? 🌿 Happy House tìm kiếm đối tác vận hành CLB trên toàn quốc. ✅ Mô hình bài bản ✅ Được đào tạo & đồng hành ✅ Xây dựng cộng đồng khách hàng ✅ Cơ hội phát triển lâu dài Đừng chỉ tìm một công việc – hãy xây dựng một sự nghiệp của riêng mình! 📞 0382 432 945 💚 HAPPY HOUSE – Đồng hành kiến tạo cộng đồng khỏe mạnh.,congdongtuvanvienbaohiem,Cộng đồng Tư vấn viên bảo hiểm,https://www.facebook.com/groups/congdongtuvanvienbaohiem/,Tạ Thị LY MI,https://www.facebook.com/nam.nguyenbao.161214,0,0,0,0,0,0,0,0,0,0,,
28585761221036280,https://www.facebook.com/groups/congdongtuvanvienbaohiem/posts/28585761221036280/,2026-09-03,"🌷 4 GÓI BẢO HIỂM MINI CHO BÉ – MỖI MỨC PHÍ, MỘT MỨC BẢO VỆ Chủ động chuẩn bị từ khi bé còn khỏe sẽ giúp gia đình có thêm một khoản dự phòng khi chẳng may con phải nằm viện, điều trị hay gặp rủi ro. 💗 Gói Hồng – 15 triệu/năm Bảo vệ nhân mạng 290 triệu, kèm quyền lợi nội trú cao cấp, ngoại trú cao cấp và hỗ trợ viện phí 200.000đ. 💛 Gói Vàng – 17 triệu/năm Nổi bật với hạn mức nội trú lên đến 2 tỷ/bệnh/tai nạn, ngoại trú 15 triệu/năm, hỗ trợ viện phí 300.000đ. 💚 Gói Xanh – 13 triệu/năm Hạn mức nội trú 1 tỷ/bệnh/tai nạn, ngoại trú 5 triệu/năm, hỗ trợ viện phí 300.000đ. 💙 Gói Xanh Dương – 11 triệu/năm Mức phí nhẹ hơn, vẫn có bảo vệ nhân mạng 290 triệu, quyền lợi nội trú 1 tỷ/bệnh/tai nạn và hỗ trợ viện phí 300.000đ. 👉 Ba mẹ có thể lựa chọn đóng phí theo Quý – Nửa năm – Năm, tùy khả năng tài chính của gia đình. 📩 Muốn biết gói nào phù hợp nhất với nhu cầu và ngân sách của bé, nhắn tin để được tư vấn chi tiết. Phương Thúy Bảo Hiểm ☎️ 0919 055 501",congdongtuvanvienbaohiem,Cộng đồng Tư vấn viên bảo hiểm,https://www.facebook.com/groups/congdongtuvanvienbaohiem/,Phương Thuý,https://www.facebook.com/phuongthuy.tryingthi,0,0,0,0,0,0,0,0,0,0,,
1747028669837790,https://www.facebook.com/groups/hoireviewbaohiem/posts/1747028669837790/,2026-09-03,"Giữa Gen và Manu thì nên mua bên nào ạ? Mua bh nhân thọ mẹ, kèm thẻ sk cho con ạ.",hoireviewbaohiem,REVIEW BẢO HIỂM,https://www.facebook.com/groups/hoireviewbaohiem/,123acbh,,32,26,5,1,0,0,0,0,0,68,,
1746983506508973,https://www.facebook.com/groups/hoireviewbaohiem/posts/1746983506508973/,2026-09-03,"Dùng thẻ Gen vừa được chi trả 100% ở cả viện công và tư cho em bé, lại được hoàn phí 30% cho thẻ sức khỏe vậy còn chần chờ gì mà không tham gia ngay cho bé yêu của chúng ta phải không các mom 🥰 #RVBH183",hoireviewbaohiem,REVIEW BẢO HIỂM,https://www.facebook.com/groups/hoireviewbaohiem/,Ngô Thị Thu Thủy,https://www.facebook.com/ngothithu.thuy.988,7,6,1,0,0,0,0,0,0,5,,
1747084183165572,https://www.facebook.com/groups/hoireviewbaohiem/posts/1747084183165572/,2026-09-03,Anh chi tư vấn ơi em có hop đồng ben Generly đã mua 15 tháng e đã kê khai huyết áp-tiểu đuòng ben gen đã tăng 50% hôm nay e vô tình vào VNED xem thi có thêm thông tin này thoát hoái cổ vậy hop đồng của em sẽ ra sao ạ có huỷ hop đồng ko ạ em nên làm gi ạ,hoireviewbaohiem,REVIEW BẢO HIỂM,https://www.facebook.com/groups/hoireviewbaohiem/,ClassySloth1097,,11,10,1,0,0,0,0,0,0,17,https://scontent.fsgn21-1.fna.fbcdn.net/v/t39.30808-6/790225910_4460605644205071_2444793580211475773_n.jpg?stp=dst-jpg_tt6&cstp=mx442x960&ctp=s442x960&_nc_cat=106&ccb=1-7&_nc_sid=aa7b47&_nc_ohc=VEl6KlRTH7MQ7kNvwFcdMLF&_nc_oc=Adpd6o4rtrDhjHvFTrQOYughelHix7FkGJfCxNDPbMw6-0Xi-PijL2q9jQQUHrt5b2c&_nc_zt=23&_nc_ht=scontent.fsgn21-1.fna&_nc_gid=uEY05yaBNDpPTcyGkdsKmA&_nc_ss=7b2a8&oh=00_AQIzK94pEdFZJuWlhlqvUmMvTwtgrLBeytMH_U2CVS5FnA&oe=6AA5AFF8|https://scontent.fsgn21-1.fna.fbcdn.net/v/t39.30808-6/792458920_4460605647538404_3660443225708513953_n.jpg?stp=dst-jpg_tt6&cstp=mx442x960&ctp=s442x960&_nc_cat=102&ccb=1-7&_nc_sid=aa7b47&_nc_ohc=jawYklYL1XwQ7kNvwHtdT9T&_nc_oc=Adq8OB44S_w1Nz3PjR7oYdrhfg2Xq_Bv3SVafryBjTekGy26i71pkJU9xsS-JsK_lH8&_nc_zt=23&_nc_ht=scontent.fsgn21-1.fna&_nc_gid=uEY05yaBNDpPTcyGkdsKmA&_nc_ss=7b2a8&oh=00_AQK80NX9vqn5LZUX_JXoB99mC_fHNqRL_z--L2muTv_hLA&oe=6AA59828|https://scontent.fsgn21-1.fna.fbcdn.net/v/t39.30808-6/790412065_4460605694205066_1495392281594863960_n.jpg?stp=dst-jpg_tt6&cstp=mx442x960&ctp=s442x960&_nc_cat=100&ccb=1-7&_nc_sid=aa7b47&_nc_ohc=IGsfNVvqz88Q7kNvwF-f0h6&_nc_oc=Adpa21tPmuu6KGvYZSSKpW_hHdmRfI_6_KStN8yzIgWlX8JMgayoFe8dmuutDR2dCwY&_nc_zt=23&_nc_ht=scontent.fsgn21-1.fna&_nc_gid=uEY05yaBNDpPTcyGkdsKmA&_nc_ss=7b2a8&oh=00_AQKIROTr6TWq-EMb1gg3PHqLfcbyF15u-JOl8dCO7wNgjg&oe=6AA5974D,
1747253519815305,https://www.facebook.com/groups/hoireviewbaohiem/posts/1747253519815305/,2026-09-03,"Hiện bé nhà mình đã đủ 30 ngày tuổi và có thẻ Xanh Bình An (GM5- nội + ngoại trú), nhưng chỉ 80/20. Mình muốn tìm hiểu thêm BHNT có thẻ sk cho bé, nhờ các anh chị tư vấn thêm. Mình đang cân nhắc AIA, Gen, Man và Dai. Hiện thì mẹ đang có BHNT của Man",hoireviewbaohiem,REVIEW BẢO HIỂM,https://www.facebook.com/groups/hoireviewbaohiem/,Anonymous participant,,23,20,3,0,0,0,0,0,0,37,,
1747285799812077,https://www.facebook.com/groups/hoireviewbaohiem/posts/1747285799812077/,2026-09-03,Mình Cần tìm 1 BHNT cho mẹ +BHSK cho bé 30 ngày tuổi. Tài chính 10tr/năm. P/s : có BH tiêm vacxin theo tháng cho bé Mong ad duyệt dùm. Thanks all,hoireviewbaohiem,REVIEW BẢO HIỂM,https://www.facebook.com/groups/hoireviewbaohiem/,Hugo9657,,22,17,4,0,0,1,0,0,0,29,,
1746889686518355,https://www.facebook.com/groups/hoireviewbaohiem/posts/1746889686518355/,2026-09-03,Em cần mua bhyt ở oceanpark 1. Các anh chị biết mua ở đâu không chỉ em với! Em cảm ơn ạ!,hoireviewbaohiem,REVIEW BẢO HIỂM,https://www.facebook.com/groups/hoireviewbaohiem/,IndigoPelican8218,,6,6,0,0,0,0,0,0,0,9,,
2246667439604543,https://www.facebook.com/groups/296975261240447/posts/2246667439604543/,2026-09-03,"Phần 2|Yêu cầu 175 triệu, lần đầu chỉ trả 25 triệu - Cuối cùng nhận đủ 175 triệu #baohiemnhantho #baohiemtainan #viralvideo #boithuong #khanhhungbaohiem",296975261240447,REVIEW BẢO HIỂM NHÂN THỌ,https://www.facebook.com/groups/296975261240447/,Nguyễn Khánh Hưng,https://www.facebook.com/khanhhung.baohiem,0,0,0,0,0,0,0,0,0,0,,
1617919696458997,https://www.facebook.com/groups/baohiemnhantho.chuyenvien/posts/1617919696458997/,2026-09-03,"Phần 2|Yêu cầu 175 triệu, lần đầu chỉ trả 25 triệu - Cuối cùng nhận đủ 175 triệu #baohiemnhantho #baohiemtainan #viralvideo #boithuong #khanhhungbaohiem",baohiemnhantho.chuyenvien,BẢO HIỂM NHÂN THỌ - Hội chuyên viên tư vấn,https://www.facebook.com/groups/baohiemnhantho.chuyenvien/,Nguyễn Khánh Hưng,https://www.facebook.com/khanhhung.baohiem,1,0,1,0,0,0,0,0,0,2,,
2502453413591883,https://www.facebook.com/groups/hotrobaohiem/posts/2502453413591883/,2026-09-03,Xin tư vấn mua bảo hiểm phi nhân thọ cho bé 7 tuổi. Hạn mức dưới 15tr/ năm. Nhờ a/c tư vấn gói tốt ạ,hotrobaohiem,TƯ VẤN QUYỀN LỢI BẢO HIỂM,https://www.facebook.com/groups/hotrobaohiem/,Thuý Đàm,https://www.facebook.com/thuy.am.233983,19,14,3,2,0,0,0,0,0,27,,
1324773969525848,https://www.facebook.com/groups/bvqlkhbhnt/posts/1324773969525848/,2026-09-02,,bvqlkhbhnt,BẢO VỆ QUYỀN LỢI KHÁCH HÀNG BẢO HIỂM NHÂN THỌ,https://www.facebook.com/groups/bvqlkhbhnt/,Ngô Hà Minh,https://www.facebook.com/ngohaminh,2,1,0,1,0,0,0,0,0,1,,
1746969396510384,https://www.facebook.com/groups/hoireviewbaohiem/posts/1746969396510384/,2026-09-02,các bác cho e xin riview về trải nghiệm dùng bảo hiểm tại các ngân hàng với ạ. có điều gì cần lưu ý ko ạ. Và cho e xin vote ngân hàng có chính sách tốt ạ. Em cảm ơn,hoireviewbaohiem,REVIEW BẢO HIỂM,https://www.facebook.com/groups/hoireviewbaohiem/,Anonymous participant,,12,9,3,0,0,0,0,0,0,18,,
2502471760256715,https://www.facebook.com/groups/hotrobaohiem/posts/2502471760256715/,2026-09-02,"Em xin tư vấn một chút ạ. Em có mua bảo hiểm PTI. Hôm vừa rồi em đậu xe bên đường thì bị xe Xanh SM tông vào, làm móp 2 cánh cửa, khả năng phải thay mới. Bên em đã gọi tổng đài bảo hiểm và cung cấp biển số của xe Xanh SM đã tông vào xe em. Sau đó bên bảo hiểm có xuống kiểm tra và xác định xe Xanh SM là bên sai, nên phía Xanh SM phải chịu trách nhiệm bồi thường. Tuy nhiên, em được biết xe Xanh SM cũng có mua bảo hiểm, nhưng bảo hiểm của họ chỉ chi trả một phần, phần còn lại tài xế phải tự bỏ tiền ra. Mà tài xế hiện tại không có khả năng chi trả. Trong trường hợp này, em muốn hỏi là bảo hiểm PTI của xe em có thể đứng ra bồi thường cho xe em trước được không ạ? Sau đó PTI có thể làm việc với phía Xanh SM để thu hồi chi phí bồi thường hay không? Hôm xảy ra sự việc không có công an đến lập biên bản. Tuy nhiên, hai bên có một biên bản viết tay và bên Xanh SM có ký xác nhận rằng họ là bên gây ra sự việc và chịu trách nhiệm ạ. Mong anh/chị tư vấn giúp em trường hợp này với ạ. Em cảm",hotrobaohiem,TƯ VẤN QUYỀN LỢI BẢO HIỂM,https://www.facebook.com/groups/hotrobaohiem/,TalentedCamel6253,,26,26,0,0,0,0,0,0,0,9,,
28580160308263038,https://www.facebook.com/groups/congdongtuvanvienbaohiem/posts/28580160308263038/,2026-09-02,,congdongtuvanvienbaohiem,Cộng đồng Tư vấn viên bảo hiểm,https://www.facebook.com/groups/congdongtuvanvienbaohiem/,Truong Thi Thu Lua,https://www.facebook.com/truong.thi.thu.lua.2025,0,0,0,0,0,0,0,0,0,0,,
1617590013158632,https://www.facebook.com/groups/baohiemnhantho.chuyenvien/posts/1617590013158632/,2026-09-02,,baohiemnhantho.chuyenvien,BẢO HIỂM NHÂN THỌ - Hội chuyên viên tư vấn,https://www.facebook.com/groups/baohiemnhantho.chuyenvien/,Truong Thi Thu Lua,https://www.facebook.com/truong.thi.thu.lua.2025,2,2,0,0,0,0,0,0,0,0,,
28579920261620376,https://www.facebook.com/groups/congdongtuvanvienbaohiem/posts/28579920261620376/,2026-09-02,Cần tư vấn bảo hiểm cho 2 vk ck Bác nào tư vấn giúp e với ạ Zalo e 0936823137,congdongtuvanvienbaohiem,Cộng đồng Tư vấn viên bảo hiểm,https://www.facebook.com/groups/congdongtuvanvienbaohiem/,Lương_Tạo,,21,20,1,0,0,0,0,0,0,54,,
28579888561623546,https://www.facebook.com/groups/congdongtuvanvienbaohiem/posts/28579888561623546/,2026-09-02,"Cấp mã vào app kho hàng hơn 8000 căn chính chủ, HH 3% về túi ngay, miễn phí tất cả. Lh: 0962.187.895",congdongtuvanvienbaohiem,Cộng đồng Tư vấn viên bảo hiểm,https://www.facebook.com/groups/congdongtuvanvienbaohiem/,Phan Thị Thuý Vân,https://www.facebook.com/phan.thi.thuy.van.168628,0,0,0,0,0,0,0,0,0,0,,
1746944223179568,https://www.facebook.com/groups/hoireviewbaohiem/posts/1746944223179568/,2026-09-02,"Cần tìm 1 bảo hiểm cho con 0 tuổi kèm những điều kiện nội trú chi trả 100%, ngoại trú chi trả cả những xét nghiệm âm tính.",hoireviewbaohiem,REVIEW BẢO HIỂM,https://www.facebook.com/groups/hoireviewbaohiem/,Anonymous participant,,40,25,4,0,10,1,0,0,3,76,,
1746881909852466,https://www.facebook.com/groups/hoireviewbaohiem/posts/1746881909852466/,2026-09-02,Bên mình có ai bán bảo hiểm nhà ở và cửa hàng không,hoireviewbaohiem,REVIEW BẢO HIỂM,https://www.facebook.com/groups/hoireviewbaohiem/,Anonymous participant,,4,4,0,0,0,0,0,0,0,10,,
1746718619868795,https://www.facebook.com/groups/hoireviewbaohiem/posts/1746718619868795/,2026-09-02,"Năm ngoái em nhờ mẹ đứng tên bên mua bảo hiểm (hãng AIA), người được BH là em. Năm nay em đổi lại người đứng tên mua là em được không ạ?",hoireviewbaohiem,REVIEW BẢO HIỂM,https://www.facebook.com/groups/hoireviewbaohiem/,Anonymous participant,,12,11,1,0,0,0,0,0,1,22,,
1746700209870636,https://www.facebook.com/groups/hoireviewbaohiem/posts/1746700209870636/,2026-09-02,"Nên mua thẻ bảo hiểm loại nào??? Em đã có thẻ bảo hiểm nhân thọ của PVI, Daiichi và Manulife rồi. Em mới sinh bé được 1 tháng, giờ muốn mua bảo hiểm cho con để được bảo vệ khi bị ốm phải đi viện. Vậy em nên mua thẻ loại nào? Và nên mua của hãng nào để được tối ưu nhất ạ? Em cảm ơn!",hoireviewbaohiem,REVIEW BẢO HIỂM,https://www.facebook.com/groups/hoireviewbaohiem/,Hari_Hari4348,,19,18,1,0,0,0,0,0,1,28,,
28579627774982958,https://www.facebook.com/groups/congdongtuvanvienbaohiem/posts/28579627774982958/,2026-09-02,"# 🇻🇳** LỄ LÀ ĐỂ NGHỈ, HẾT LỄ LÀ ĐỂ BỨT PHÁ **🇻🇳 Gia nhập team Chubb Life Hoàng Cầu để tận hưởng môi trường làm việc đẳng cấp, đãi ngộ siêu chiều chuộng và trọn vẹn 2 ngày cuối tuần xả hơi! 🚀💎 💰 LƯƠNG THƯỞNG & PHÚC LỢI ĐỈNH CAO: • Thu nhập 8 chữ số hấp dẫn: 12 – 25 triệu++/tháng (Lương cứng + Thưởng tháng, quý, thưởng nóng KHÔNG GIỚI HẠN). • Nghỉ cố định Thứ 7 & Chủ Nhật: Trọn vẹn 2 ngày cuối tuần xả hơi, chill bên gia đình & bạn bè! 💆‍♀️✈️ • Nói KHÔNG với OT: Đúng giờ là xách balo về, hoàn toàn không lo áp lực làm thêm giờ hay bị làm phiền cuối tuần! ⏰❌ ✨ ĐÃI NGỘ VĂN PHÒNG 6★ & PANTRY TRÀ CHIỀU: • 🏢 Văn phòng chuẩn 6★: Sang xịn mịn tại 36 Hoàng Cầu, góc nào cũng lên hình sống ảo cực chất! 📸✨ • ☕ Pantry trà chiều miễn phí: Cà phê, trà, bánh ngọt, snack luôn sẵn sàng để bạn nạp năng lượng mỗi giờ nghỉ giải lao! 🍰🧋 • 🥳 Môi trường Gen Z năng động: Đồng nghiệp thân thiện, hòa đồng, quẩy party liên tục. 💼 MÔ TẢ CÔNG VIỆC: • 🤝 Tư vấn, chăm sóc và hỗ trợ khách hàng về các giải pháp tài chính/bảo hiểm. • 📈 Mở rộng mạng lưới khách hàng, phối hợp cùng team hoàn thành mục tiêu. 🎯 YÊU CẦU: • 🚫 KHÔNG YÊU CẦU KINH NGHIỆM: Được đào tạo bài bản A-Z, có Mentor 1-1 cầm tay chỉ việc. • 🗣 Giao tiếp tốt, kiên trì, đam mê kiếm tiền và có tinh thần cầu tiến. 📍 Địa điểm: 36 Hoàng Cầu, Đống Đa, Hà Nội ⏰ Thời gian: Full-time (Nghỉ cố định T7, CN) hoặc Part-time linh hoạt 📲 CÁCH THỨC ỨNG TUYỂN: • Hotline/Zalo: 0946198580 • Email: minhfuong.chubb@gmail.com • Cú pháp: [Họ và tên] - Ứng tuyển NVKD",congdongtuvanvienbaohiem,Cộng đồng Tư vấn viên bảo hiểm,https://www.facebook.com/groups/congdongtuvanvienbaohiem/,Vu Minh Phuong,https://www.facebook.com/vuminhfuong,1,1,0,0,0,0,0,0,0,0,https://scontent.fsgn21-1.fna.fbcdn.net/v/t39.30808-6/788758537_2511208002689056_7063693833472517786_n.jpg?stp=dst-jpg_tt6&cstp=mx2048x1366&ctp=p960x960&_nc_cat=100&ccb=1-7&_nc_sid=aa7b47&_nc_ohc=D3HPdboTTioQ7kNvwFJ-mB0&_nc_oc=AdqGCIvZHgVGcie0iYEW2bvi4lqMcZTWaPbHFnuF3SS2MfVvl9xnD3k54p_ZSvz6CF8&_nc_zt=23&_nc_ht=scontent.fsgn21-1.fna&_nc_gid=Kc1nwSP0F9cSqFSKmsRKog&_nc_ss=7b2a8&oh=00_AQKnubj8bWO8BQZzDT-xSkOskgt_IDJsxtZ3QnFppxTZnQ&oe=6AA5A3B7|https://scontent.fsgn21-1.fna.fbcdn.net/v/t39.30808-6/782385727_2511208006022389_8968005614187695172_n.jpg?stp=dst-jpg_tt6&cstp=mx2048x1366&ctp=p960x960&_nc_cat=103&ccb=1-7&_nc_sid=aa7b47&_nc_ohc=Fw5Lah2bU4QQ7kNvwEC-7Ac&_nc_oc=Adru8zi7EI1CX_vjdsQUJZ5H2EymuwAMXrA0GuxP1dzlcLn2r7t05Nc2lzNW7Zg9Rjg&_nc_zt=23&_nc_ht=scontent.fsgn21-1.fna&_nc_gid=Kc1nwSP0F9cSqFSKmsRKog&_nc_ss=7b2a8&oh=00_AQJO6qUCtyMgarIRwK0wTfclFbNK5NxbzCcvwEvh2b-DRA&oe=6AA5B3C8|https://scontent.fsgn21-1.fna.fbcdn.net/v/t39.30808-6/788574799_2511207969355726_4908300699609024574_n.jpg?stp=dst-jpg_tt6&cstp=mx1020x1020&ctp=s1020x1020&_nc_cat=101&ccb=1-7&_nc_sid=aa7b47&_nc_ohc=MjxRXFzaFiMQ7kNvwF2GNiI&_nc_oc=AdrKl8auDkA1TkA88NTja5uBXTRSexClyz_T3oSuoGpg2_soAxffDna2FOLRLKggI4k&_nc_zt=23&_nc_ht=scontent.fsgn21-1.fna&_nc_gid=Kc1nwSP0F9cSqFSKmsRKog&_nc_ss=7b2a8&oh=00_AQLC91cvrtHrVJ15Sg1GzpYY0YH-rR2uyDBKIuPdfP3psA&oe=6AA5ABA5,
2129771870942948,https://www.facebook.com/groups/tuvanbaohiemnhanthovn/posts/2129771870942948/,2026-09-02,"# 🇻🇳** LỄ LÀ ĐỂ NGHỈ, HẾT LỄ LÀ ĐỂ BỨT PHÁ **🇻🇳 Gia nhập team Chubb Life Hoàng Cầu để tận hưởng môi trường làm việc đẳng cấp, đãi ngộ siêu chiều chuộng và trọn vẹn 2 ngày cuối tuần xả hơi! 🚀💎 💰 LƯƠNG THƯỞNG & PHÚC LỢI ĐỈNH CAO: • Thu nhập 8 chữ số hấp dẫn: 12 – 25 triệu++/tháng (Lương cứng + Thưởng tháng, quý, thưởng nóng KHÔNG GIỚI HẠN). • Nghỉ cố định Thứ 7 & Chủ Nhật: Trọn vẹn 2 ngày cuối tuần xả hơi, chill bên gia đình & bạn bè! 💆‍♀️✈️ • Nói KHÔNG với OT: Đúng giờ là xách balo về, hoàn toàn không lo áp lực làm thêm giờ hay bị làm phiền cuối tuần! ⏰❌ ✨ ĐÃI NGỘ VĂN PHÒNG 6★ & PANTRY TRÀ CHIỀU: • 🏢 Văn phòng chuẩn 6★: Sang xịn mịn tại 36 Hoàng Cầu, góc nào cũng lên hình sống ảo cực chất! 📸✨ • ☕ Pantry trà chiều miễn phí: Cà phê, trà, bánh ngọt, snack luôn sẵn sàng để bạn nạp năng lượng mỗi giờ nghỉ giải lao! 🍰🧋 • 🥳 Môi trường Gen Z năng động: Đồng nghiệp thân thiện, hòa đồng, quẩy party liên tục. 💼 MÔ TẢ CÔNG VIỆC: • 🤝 Tư vấn, chăm sóc và hỗ trợ khách hàng về các giải pháp tài chính/bảo hiểm. • 📈 Mở rộng mạng lưới khách hàng, phối hợp cùng team hoàn thành mục tiêu. 🎯 YÊU CẦU: • 🚫 KHÔNG YÊU CẦU KINH NGHIỆM: Được đào tạo bài bản A-Z, có Mentor 1-1 cầm tay chỉ việc. • 🗣 Giao tiếp tốt, kiên trì, đam mê kiếm tiền và có tinh thần cầu tiến. 📍 Địa điểm: 36 Hoàng Cầu, Đống Đa, Hà Nội ⏰ Thời gian: Full-time (Nghỉ cố định T7, CN) hoặc Part-time linh hoạt 📲 CÁCH THỨC ỨNG TUYỂN: • Hotline/Zalo: 0946198580 • Email: minhfuong.chubb@gmail.com • Cú pháp: [Họ và tên] - Ứng tuyển NVKD",tuvanbaohiemnhanthovn,Hiệp Hội Tư vấn Bảo hiểm Nhân thọ Việt Nam,https://www.facebook.com/groups/tuvanbaohiemnhanthovn/,Vu Minh Phuong,https://www.facebook.com/vuminhfuong,1,1,0,0,0,0,0,0,0,0,https://scontent.fsgn21-1.fna.fbcdn.net/v/t39.30808-6/784197632_2511205356022654_3326265816824405598_n.jpg?stp=dst-jpg_tt6&cstp=mx2048x1366&ctp=p960x960&_nc_cat=101&ccb=1-7&_nc_sid=aa7b47&_nc_ohc=Z1WValh_EMgQ7kNvwHi276l&_nc_oc=Adohl0IMdbMO6xVJc5TiIbBX0amLcHvrfePm5Sghze4nraLalEvXnclLS_VG_UurDKM&_nc_zt=23&_nc_ht=scontent.fsgn21-1.fna&_nc_gid=5n9nE9mekfr1ngPx8bPyJQ&_nc_ss=7b2a8&oh=00_AQIxQUb5lI7lZzJMHS2R075VVnibQjQq-xbTWh0q8b9n1g&oe=6AA5ADD3|https://scontent.fsgn21-1.fna.fbcdn.net/v/t39.30808-6/787000837_2511205359355987_4210182553460669967_n.jpg?stp=dst-jpg_tt6&cstp=mx2048x1366&ctp=p960x960&_nc_cat=103&ccb=1-7&_nc_sid=aa7b47&_nc_ohc=5rydZP9kFaAQ7kNvwGajvZX&_nc_oc=Adq1TutiUJISSHc8bNgDX3WSIQGRAQCpyZ7x88R8x9o1DZMIZFEskXreTR-4hdshgyw&_nc_zt=23&_nc_ht=scontent.fsgn21-1.fna&_nc_gid=5n9nE9mekfr1ngPx8bPyJQ&_nc_ss=7b2a8&oh=00_AQKgR7TSKL2JniGIg30kuPPmrE1UsrAAIbjHOO78GFbG-w&oe=6AA5C048|https://scontent.fsgn21-1.fna.fbcdn.net/v/t39.30808-6/779995954_2511205309355992_2245556879839216200_n.jpg?stp=dst-jpg_tt6&cstp=mx1020x1020&ctp=s1020x1020&_nc_cat=108&ccb=1-7&_nc_sid=aa7b47&_nc_ohc=qOXlGGQodvwQ7kNvwFt5eyc&_nc_oc=Ado7-02qUiokCZhcQKAQlf4M1x9rB5EV4uPQwuZcXOQbO-Kg7aVI_s4LjfoMlqtrYqg&_nc_zt=23&_nc_ht=scontent.fsgn21-1.fna&_nc_gid=5n9nE9mekfr1ngPx8bPyJQ&_nc_ss=7b2a8&oh=00_AQKsbXEQ_GfTpZX-Mxg60-wSiYXUYj3DQodsXPcpxSqmhw&oe=6AA5A2B4,
2245037699767517,https://www.facebook.com/groups/296975261240447/posts/2245037699767517/,2026-09-02,"(XIN NHẬP VIỆN ) mn cho m hỏi m khám bệnh bv Bạch Mai mình bị tê bì, thỉnh thoảng mất cảm giác ở 2 bàn tay có xin nhập viện dc ko ak? Làm thế nào để nhập viện đc ạ nếu bệnh chưa nặng ạ? Ai có kjnh nghiệm chỉ cho m với ạ. Ai quen biết bs bv Bạch Mai có thể móc nối để xin cho m nhập viện được giúp m với m hậu tạ hậu hĩnh ạ.",296975261240447,REVIEW BẢO HIỂM NHÂN THỌ,https://www.facebook.com/groups/296975261240447/,Đinh Mai,https://www.facebook.com/profile.php?id=61588709721032,1,0,0,0,0,0,0,1,0,0,,
2245089313095689,https://www.facebook.com/groups/296975261240447/posts/2245089313095689/,2026-09-02,☘️ GENERALI - MỪNG QUỐC KHÁNH 02/09 🇻🇳🇻🇳🇻🇳 🎁 𝐍𝐡𝐚̣̂𝐧 𝐧𝐠𝐚𝐲 𝐪𝐮𝐚̀ 𝐭𝐚̣̆𝐧𝐠 𝐭𝐢𝐞̂̀𝐧 𝐦𝐚̣̆𝐭 𝐭𝐮̛𝐨̛𝐧𝐠 đ𝐮̛𝐨̛𝐧𝐠 𝟐𝟎% 𝐡𝐨𝐚̣̆𝐜 𝟑𝟎% 𝐩𝐡𝐢́ 𝐛𝐚̉𝐨 𝐡𝐢𝐞̂̉𝐦 của thẻ sức khoẻ Generali NỘI - NGOẠI TRÚ HẠNG TIÊU CHUẨN . Cụ thể : 🔥 Tặng 30% phí thẻ sức khoẻ : Áp dụng cho Người được bảo hiểm từ 0 đến 5 tuổi. 🔥 Tặng 20% phí thẻ sức khoẻ : Áp dụng cho Người được bảo hiểm trên 5 tuổi ⏰ Thời gian áp dụng: Từ 01/09/2026 đến 30/09/2026 📩 𝐂𝐨̛ 𝐡𝐨̣̂𝐢 đ𝐞̂̉ 𝐜𝐡𝐨̂́𝐭 𝐭𝐡𝐚𝐦 𝐠𝐢𝐚 𝐭𝐡𝐞̉ 𝐬𝐮̛́𝐜 𝐤𝐡𝐨𝐞̉ 𝐆𝐞𝐧𝐞𝐫𝐚𝐥𝐢 𝐤𝐡𝐨̂𝐧𝐠 đ𝐨̂̀𝐧𝐠 𝐜𝐡𝐢 𝐦𝐨̣𝐢 𝐥𝐮̛́𝐚 𝐭𝐮𝐨̂̉𝐢. - 𝐊𝐡𝐚́𝐧𝐡 𝐇𝐚̀ 𝐁𝐚̉𝐨 𝐡𝐢𝐞̂̉𝐦 | 𝐁𝐚̉𝐨 𝐡𝐢𝐞̂̉𝐦 𝐆𝐞𝐧𝐞𝐫𝐚𝐥𝐢 - 𝑪𝒉𝒂̆𝒎 𝒔𝒐́𝒄 & đ𝒐̂̀𝒏𝒈 𝒉𝒂̀𝒏𝒉 𝒌𝒉𝒂́𝒄𝒉 𝒉𝒂̀𝒏𝒈 𝒕𝒓𝒆̂𝒏 𝒕𝒐𝒂̀𝒏 𝒒𝒖𝒐̂́𝒄 📞 09.686.739.7️⃣6️⃣ #KhanhHaBaohiem #DaiLeMung2Thang9 #QuatangGenerali #TheSucKhoeGenerali,296975261240447,REVIEW BẢO HIỂM NHÂN THỌ,https://www.facebook.com/groups/296975261240447/,Khánh Hà Generali,https://www.facebook.com/miaow91,1,0,1,0,0,0,0,0,0,1,,
2245254926412461,https://www.facebook.com/groups/296975261240447/posts/2245254926412461/,2026-09-02,"Tuyển CTV bảo hiểm toàn quốc Sản phẩm đa dạng -Bảo hiểm ô tô, xe máy -Bảo hiểm cháy nổ bắt buộc -Bảo hiểm du lịch -Bảo hiểm sức khỏe -Bảo hiểm thai sản Phù hợp với rất nhiều người -Người muốn có thêm thu nhập -Người cần tìm việc làm thêm -Sinh viên -Mẹ bỉm -Nhân viên bảo hiểm nhân thọ Vì sao chọn chúng tôi ? -Lộ trình thăng tiến rõ ràng -Rút thu nhập ngay khi cấp đơn -Đào tạo đầy đủ -Không áp doanh thu Đăng ký ngay: https://www.baohiemmic.com.vn/tuyen-ctv-bao-hiem-mic #tuyenctvbaohiem #tuyenctvbanbaohiem #ctvbaohiem #ctv #congtacvienbaohiem",296975261240447,REVIEW BẢO HIỂM NHÂN THỌ,https://www.facebook.com/groups/296975261240447/,Tuyển CTV bảo hiểm,https://www.facebook.com/tuyenctvbaohiem,0,0,0,0,0,0,0,0,0,0,,
2245909736346980,https://www.facebook.com/groups/296975261240447/posts/2245909736346980/,2026-09-02,"KHI BẠN KHÔNG PHẢI LÀ NGƯỜI GIÀU CÓ! Khi bạn không có sẵn vài trăm triệu đồng trong tài khoản, bạn càng không nên xem nhẹ việc chuẩn bị cho những rủi ro có thể xảy ra. Bởi một lần nhập viện, một ca phẫu thuật hay một căn bệnh nghiêm trọng không chỉ ảnh hưởng đến sức khỏe. Nó còn có thể lấy đi khoản tiền cả gia đình đã tích góp trong nhiều năm, làm gián đoạn thu nhập và đẩy những người thân yêu vào cảnh phải vay mượn để chữa bệnh cho bạn. Nếu bạn là người có trách nhiệm với gia đình, bạn sẽ hiểu rằng: Bản lĩnh không phải là nói: “Có chuyện gì thì chịu, sống hết hôm nay rồi ngày mai tính tiếp.” Bản lĩnh là dám nhìn thẳng vào điều không ai mong muốn và chuẩn bị trước khi mình vẫn còn khỏe mạnh, còn thu nhập và còn quyền lựa chọn. Nếu bạn không muốn khi khó khăn phải dựa hoàn toàn vào cha mẹ, vợ chồng, anh chị em hay những người thân xung quanh, hãy chủ động xây dựng cho mình một quỹ dự phòng. Đó có thể là tiền tiết kiệm, quỹ khẩn cấp, bảo hiểm y tế, thẻ sức khỏe hoặc bảo hiểm nhân thọ phù hợp với khả năng tài chính. Không nhất thiết phải bắt đầu bằng một khoản tiền lớn, nhưng nhất định phải bắt đầu bằng ý thức bảo vệ bản thân và gia đình. Người giàu có thể dùng tài sản để đối mặt với rủi ro. Người chưa có nhiều tài sản càng cần một kế hoạch để không phải bán đi những gì mình đã vất vả gây dựng. Sống cho hiện tại là điều đáng quý. Nhưng chuẩn bị cho ngày mai mới là trách nhiệm của một người trưởng thành. Đừng đợi đến khi cần vài trăm triệu đồng mới bắt đầu nghĩ xem mình sẽ tìm số tiền ấy ở đâu. #BaoVeTaiChinh #SongCoTrachNhiem #QuyDuPhong #TheSucKhoe #BaoHiemNhanTho",296975261240447,REVIEW BẢO HIỂM NHÂN THỌ,https://www.facebook.com/groups/296975261240447/,Hoàng Thái,https://www.facebook.com/profile.php?id=61589815657073,1,1,0,0,0,0,0,0,1,0,,
28579348278344241,https://www.facebook.com/groups/congdongtuvanvienbaohiem/posts/28579348278344241/,2026-09-02,Tại sao phải đi làm cả đời!,congdongtuvanvienbaohiem,Cộng đồng Tư vấn viên bảo hiểm,https://www.facebook.com/groups/congdongtuvanvienbaohiem/,Van Hien Chu,https://www.facebook.com/van.hien.chu.797809,0,0,0,0,0,0,0,0,0,0,,
2246271436310810,https://www.facebook.com/groups/296975261240447/posts/2246271436310810/,2026-09-02,Tại sao phải đi làm cả đời!,296975261240447,REVIEW BẢO HIỂM NHÂN THỌ,https://www.facebook.com/groups/296975261240447/,Van Hien Chu,https://www.facebook.com/van.hien.chu.797809,0,0,0,0,0,0,0,0,0,0,,
2246213256316628,https://www.facebook.com/groups/296975261240447/posts/2246213256316628/,2026-09-02,,296975261240447,REVIEW BẢO HIỂM NHÂN THỌ,https://www.facebook.com/groups/296975261240447/,Hiểu Đúng Về Dai-ichi Life,https://www.facebook.com/profile.php?id=61591701423691,0,0,0,0,0,0,0,0,0,0,,
1617435659840734,https://www.facebook.com/groups/baohiemnhantho.chuyenvien/posts/1617435659840734/,2026-09-02,"34 tuổi, rời ngân hàng để bắt đầu lại. Có ai từng giống tôi không? Vừa háo hức. Vừa lo lắng. Vừa hồi hộp với những điều chưa biết phía trước. Nhưng rồi tôi nhận ra… Không ai tự tin rồi mới bắt đầu. Chúng ta thường vừa sợ, vừa bước đi. 🇻🇳 Quốc khánh năm nay, tôi chọn tin vào bản thân thêm một lần nữa. ❤️🌱 #chuyennghecuaHuyen #baohiemprudential #xuhuong #quockhanh",baohiemnhantho.chuyenvien,BẢO HIỂM NHÂN THỌ - Hội chuyên viên tư vấn,https://www.facebook.com/groups/baohiemnhantho.chuyenvien/,Chuyện Nghề Của Huyền,https://www.facebook.com/profile.php?id=61593403863864,0,0,0,0,0,0,0,0,0,0,,
2246063762998244,https://www.facebook.com/groups/296975261240447/posts/2246063762998244/,2026-09-02,"Phần 1|Khách hàng yêu cầu chi trả 175 triệu, nhưng bảo hiểm chỉ trả 25 triệu và không đề cập tới 150 triệu còn thiếu ? Cùng đón xem câu chuyện thực tế của 1 khách hàng may mắn được Hưng hỗ trợ.",296975261240447,REVIEW BẢO HIỂM NHÂN THỌ,https://www.facebook.com/groups/296975261240447/,Nguyễn Khánh Hưng,https://www.facebook.com/khanhhung.baohiem,0,0,0,0,0,0,0,0,0,0,,
1617328759851424,https://www.facebook.com/groups/baohiemnhantho.chuyenvien/posts/1617328759851424/,2026-09-02,"Phần 1|Khách hàng yêu cầu chi trả 175 triệu, nhưng bảo hiểm chỉ trả 25 triệu và không đề cập tới 150 triệu còn thiếu ? Cùng đón xem câu chuyện thực tế của 1 khách hàng may mắn được Hưng hỗ trợ.",baohiemnhantho.chuyenvien,BẢO HIỂM NHÂN THỌ - Hội chuyên viên tư vấn,https://www.facebook.com/groups/baohiemnhantho.chuyenvien/,Nguyễn Khánh Hưng,https://www.facebook.com/khanhhung.baohiem,0,0,0,0,0,0,0,0,0,0,,
28763381293245369,https://www.facebook.com/groups/1596589817017884/posts/28763381293245369/,2026-09-02,"Đừng chủ quan nghĩ không cần đến, đừng vì bận vì quên mà bỏ qua. Lúc chi phí hàng trăm thì không thể có ngay để dùng ạ. Ít nhất hãy có 1 bảo hiểm gì đó, đầu tiên là BHYT găm bên mình mọi người nhé. Hãy kết bạn fb/zalo( 0396825707) với em để mua mọi loại BH nhé❤️",1596589817017884,ReView Bảo Hiểm Có Tâm,https://www.facebook.com/groups/1596589817017884/,Thái Hà,https://www.facebook.com/thai.ha.908,0,0,0,0,0,0,0,0,0,0,,
1746631226544201,https://www.facebook.com/groups/hoireviewbaohiem/posts/1746631226544201/,2026-09-02,"E đang quan tâm đến bhsk. Các anh chị cho e xin ít rv với ạ Nhà e 5 người gồm : Chồng 35 tuổi, vợ 33 tuổi. Con 3 đứa 16 tuổi - 15 tuổi - 8 tuổi. Nên mua bảo hiểm gì là hợp lý",hoireviewbaohiem,REVIEW BẢO HIỂM,https://www.facebook.com/groups/hoireviewbaohiem/,BraveCrocodile2436,,25,20,5,0,0,0,0,0,1,40,,
2095914864342982,https://www.facebook.com/groups/boithuongbh/posts/2095914864342982/,2026-09-02,"📌 THẺ BẢO HIỂM Y TẾ: ""TẤM LÁ CHẮN"" KHÔNG THỂ THIẾU CHO SỨC KHỎE VÀ TÚI TIỀN CỦA BẠN! 🩺 Đăng ký ngay để bảo vệ bản thân và gia đình trước mọi biến cố!Cuộc sống luôn có những điều bất ngờ mà chúng ta không thể lường trước được, đặc biệt là chuyện ốm đau, bệnh tật. Thay vì lo lắng, hãy chủ động trang bị cho mình tấm thẻ Bảo hiểm y tế (BHYT) – giải pháp an sinh tuyệt vời mang lại 3 đặc quyền lớn: 👉 1. Giảm nhẹ áp lực tài chính – An tâm điều trịKhi có thẻ BHYT, bạn sẽ được quỹ BHYT chi trả từ 80% đến 100% chi phí khám chữa bệnh đúng tuyến. Từ tiền khám, tiền thuốc cho đến chi phí giường nằm đều được hỗ trợ, giúp bạn và gia đình không phải rơi vào cảnh kiệt quệ tài chính khi chẳng may mắc bệnh hiểm nghèo. 👉 2. Tiếp cận dịch vụ y tế chất lượng caoThẻ BHYT mở ra cánh cửa giúp bạn dễ dàng tiếp cận hệ thống y tế từ tuyến cơ sở đến các bệnh viện trung ương. Danh mục thuốc, vật tư y tế và các kỹ thuật điều trị tiên tiến do BHYT chi trả ngày càng được mở rộng, đảm bảo bạn luôn nhận được sự chăm sóc tốt nhất. 👉 3. Lan tỏa giá trị nhân văn – ""Mình vì mọi người, mọi người vì mình""Tham gia BHYT không chỉ là bảo vệ chính mình, mà còn là hành động chia sẻ cộng đồng. Khoản đóng góp của bạn khi khỏe mạnh chính là nguồn hỗ trợ quý giá cho những người có hoàn cảnh khó khăn hơn đang phải chiến đấu với bệnh tật. 💡 Đừng đợi đến khi có bệnh mới mua BHYT! Hãy tham gia ngay hôm nay để tích lũy sự an tâm cho ngày mai. 📞 Liên hệ ngay : 0777.847.004 để được tư vấn và đăng ký tham gia BHYT hộ gia đình một cách nhanh chóng! #BaoHiemYTe #SucKhoeLaVang #AnSinhXaHoi #ChamSocSucKhoe #BHYT #xaykenhfb #phattrienkenh #kiemtiennoidung #xuhuong #viral",boithuongbh,BỒI THƯỜNG BẢO HIỂM,https://www.facebook.com/groups/boithuongbh/,Châu Minh Duyên,https://www.facebook.com/siro.dauhandmade.87,0,0,0,0,0,0,0,0,0,0,,
2107334776534324,https://www.facebook.com/groups/boithuongbh/posts/2107334776534324/,2026-09-02,Mn tham khảo minh họa lương hưu 1 số mức đóng cho nam/nữ 40 tuổi nha. Ace cần độ tuổi nào nữa nhắn em hoặc cmt nha #bhxhtunguyen,boithuongbh,BỒI THƯỜNG BẢO HIỂM,https://www.facebook.com/groups/boithuongbh/,Thu Trần,https://www.facebook.com/thu.tran.796550,0,0,0,0,0,0,0,0,0,0,,
1617244063193227,https://www.facebook.com/groups/baohiemnhantho.chuyenvien/posts/1617244063193227/,2026-09-02,Nhành hồng mùa Vu Lan - Bolero,baohiemnhantho.chuyenvien,BẢO HIỂM NHÂN THỌ - Hội chuyên viên tư vấn,https://www.facebook.com/groups/baohiemnhantho.chuyenvien/,GIẢI MÃ BẢO HIỂM,https://www.facebook.com/giaimabaohiem.mc,0,0,0,0,0,0,0,0,0,0,,
1617223906528576,https://www.facebook.com/groups/baohiemnhantho.chuyenvien/posts/1617223906528576/,2026-09-02,"🎉 CHÀO MỪNG THÀNH VIÊN MỚI ĐẾN VỚI NHÓM! 🎉 Xin gửi lời chào nồng nhiệt đến tất cả các bạn vừa tham gia cùng gia đình chung của chúng ta 💐 Rất vui khi được kết nối cùng những người bạn có chung mối quan tâm. 👉 Hãy cùng nhau chia sẻ, học hỏi và lan tỏa những giá trị tích cực 👉 Các bạn vui lòng tuân thủ Quy tắc cộng đồng và Quy tắc nhóm để tránh bài viết bị từ chối! 💖 Chúc bạn sẽ có những trải nghiệm thú vị và hữu ích trong nhóm! Ngô Hải, Nguyệt Dương Lê, Nguyễn Thương, Quỳnh Thúy, Bảo Lâm Stone, Nguyễn Mai, Đoàn Ngọc Ánh, Nguyễn Hằng, Phạm Thanh, Mạnh Mạnh, Thuy Trang, Nguyen Thuy, Dinh Luong Duyen, Phan Thị Thùy Trang, Le Hai Ly, Vu Quynh Trang, Trần Lan Anh, Đỗ Thị Nga, Xưởng May Túi Vải Grepaco, Dinh Hoang Anh, Nguyễn Phương, Hoa Mac, Thanh Mai, Lá Ba Cỏ, Quynh Anh, Thanh Thảo, Đinh Mai, Vy Vu, Choo Won, Nguyễn Lan, Nguyễn Cẩm Thơ, Chang Trang Chanel, Nguyễn Thị Thúy, Nguyễn Thị Lam, Trần Hữu Phú, Phương Thảo, Chuyện Nghề Của Huyền, Trương Quốc Cường, Lê Duy, Luong Tung, Huyên Thai, Thành Nhânn, Tuyển CTV bảo hiểm, Lê Ly, Ng Lan, Thành Dũng, Hà My, Huynh Thanhhuy, Nguyễn Thị Bích Hiển, Dong Thanh Nhu, Lâm Thắng, Anh Thu, Vũ Thủy, Bang Lang Hoa, Khả Nhi, Phạm Như Quỳnh, Nguyễn Hà, Hoa Đỗ, Chuyên Matcha Và Nlpc, Linh Linh, Thành Tài, Lee Dong Chun, Trần Xuân, Cải Chíp, Trần Dung, Bảo Minh, Phan Huyền Anh, Đức Ang, Mai Nguyen Nhu, Dược Sĩ Ngọc, Hương Giang, Bình Hoàng, Thu Hà Nguyễn",baohiemnhantho.chuyenvien,BẢO HIỂM NHÂN THỌ - Hội chuyên viên tư vấn,https://www.facebook.com/groups/baohiemnhantho.chuyenvien/,BẢO HIỂM NHÂN THỌ,https://www.facebook.com/bhnt.cvtv,0,0,0,0,0,0,0,0,0,0,,
1746052006602123,https://www.facebook.com/groups/hoireviewbaohiem/posts/1746052006602123/,2026-09-02,"25: BỆNH HIỂM NGHÈO – THẺ SỨC KHỎE TRẢ TIỀN ĐIỀU TRỊ HAY TRẢ MỘT KHOẢN RIÊNG? 👉 Hai quyền lợi này khác nhau nhé! 🏥 Thẻ sức khỏe Generali: Hỗ trợ chi phí y tế thực tế khi khám, điều trị trong phạm vi quyền lợi và hạn mức của chương trình tham gia. 💰 Quyền lợi Bệnh hiểm nghèo: Là quyền lợi riêng, có thể chi trả một khoản tiền khi người được bảo hiểm mắc bệnh hiểm nghèo thuộc phạm vi và đáp ứng điều kiện theo hợp đồng. ❤️ Hiểu đơn giản: Thẻ sức khỏe → hỗ trợ chi phí điều trị. Bệnh hiểm nghèo → hỗ trợ tài chính riêng. Vì vậy, nếu muốn vừa có nguồn hỗ trợ chi phí y tế, vừa có một khoản tài chính khi mắc bệnh hiểm nghèo, cần xem xét các quyền lợi đã tham gia trong hợp đồng. 📌 Quyền lợi thực tế luôn căn cứ Quy tắc & Điều khoản và Hợp đồng bảo hiểm của từng khách hàng. MDRT Lưu Đường Quỳnh – Quỳnh Lucky 📞 0902.148.126 #CC01 #quynhluckybaohiem #GeneraliVietnam Quy tắc & Điều khoản Bảo hiểm Sức khỏe Cá nhân 2025 của Generali",hoireviewbaohiem,REVIEW BẢO HIỂM,https://www.facebook.com/groups/hoireviewbaohiem/,Luu Duong Quynh,https://www.facebook.com/luuduongquynh.quynh,3,3,0,0,0,0,0,0,0,0,,
1746531549887502,https://www.facebook.com/groups/hoireviewbaohiem/posts/1746531549887502/,2026-09-02,🍀🍀Từ chối bồi thường vì chưa đủ 30 ngày chờ: Người mua bảo hiểm cần lưu ý gì?🍀🍀 #CôngBảoHiểm #TVTH322,hoireviewbaohiem,REVIEW BẢO HIỂM,https://www.facebook.com/groups/hoireviewbaohiem/,Phạm Quốc Công,https://www.facebook.com/cong.phamquoc.9,7,7,0,0,0,0,0,0,2,1,https://scontent.fsgn21-1.fna.fbcdn.net/v/t39.30808-6/784321180_3690572131080625_6149151176240991288_n.jpg?stp=dst-jpg_tt6&cstp=mx1600x1600&ctp=s1600x1600&_nc_cat=105&ccb=1-7&_nc_sid=aa7b47&_nc_ohc=3-g54DtCR5oQ7kNvwFF-Kzx&_nc_oc=AdpJTn5L2y4W5eWQKTuBUHmbWKvtTIEatjdCGD-HtIqDRjkA0O4KIbRN08rgZ7TOEWw&_nc_zt=23&_nc_ht=scontent.fsgn21-1.fna&_nc_gid=NOSJemeuEVFCEDJv4lkopQ&_nc_ss=7b2a8&oh=00_AQKub2CNBWlhl6ZVZyuCibYYNjcA3pifssymmk0VOuixNA&oe=6AA58FEC|https://scontent.fsgn21-1.fna.fbcdn.net/v/t39.30808-6/790505880_3690572137747291_7615026275967469674_n.jpg?stp=dst-jpg_tt6&cstp=mx1600x1600&ctp=s1600x1600&_nc_cat=106&ccb=1-7&_nc_sid=aa7b47&_nc_ohc=KEIWfZeGLCMQ7kNvwG3ma1v&_nc_oc=AdouUjW75l72KRhqumd6-HK4QAkm_mU1O0GdSJ4QTe772Fy1snsRtJl-E4XmczOCY1E&_nc_zt=23&_nc_ht=scontent.fsgn21-1.fna&_nc_gid=NOSJemeuEVFCEDJv4lkopQ&_nc_ss=7b2a8&oh=00_AQLCmQdntK934hK3sT5-1BREkCpuE_IexsnwLRW-j3iAuA&oe=6AA58C89|https://scontent.fsgn21-1.fna.fbcdn.net/v/t39.30808-6/785857579_3690572134413958_890491418448390154_n.jpg?stp=dst-jpg_tt6&cstp=mx1600x1600&ctp=s1600x1600&_nc_cat=111&ccb=1-7&_nc_sid=aa7b47&_nc_ohc=3XOzkMiMwwoQ7kNvwGDF7H3&_nc_oc=AdpoZf-CgJcCWwrNyKfTvBkmnj0dh4xcuhh2DwtuZgEZE0yQivPXypx9cgwAZirzNdM&_nc_zt=23&_nc_ht=scontent.fsgn21-1.fna&_nc_gid=NOSJemeuEVFCEDJv4lkopQ&_nc_ss=7b2a8&oh=00_AQLmC8WL1BtbI7bJ0b3GVOUE3GQk7IxbQSDd5nzBAwhZyg&oe=6AA5A364|https://scontent.fsgn21-1.fna.fbcdn.net/v/t39.30808-6/784251108_3690572194413952_6921589280778669536_n.jpg?stp=dst-jpg_tt6&cstp=mx1600x1600&ctp=s1600x1600&_nc_cat=110&ccb=1-7&_nc_sid=aa7b47&_nc_ohc=AaDgcbYMhzUQ7kNvwEyYW2b&_nc_oc=Adro1QuVmxqj9oyEt9R3n3uYPQqyzkYyTFsi2r1IwQ4jM1uFklFIijOuMwK6CVZB6_U&_nc_zt=23&_nc_ht=scontent.fsgn21-1.fna&_nc_gid=NOSJemeuEVFCEDJv4lkopQ&_nc_ss=7b2a8&oh=00_AQI3x8D8xDAjTAU7HvvoO-e8g6ZW6Z_EhEBFgepR8VvJJg&oe=6AA5C0A2|https://scontent.fsgn21-1.fna.fbcdn.net/v/t39.30808-6/784251105_3690572227747282_5346799594625691696_n.jpg?stp=dst-jpg_tt6&cstp=mx1600x1600&ctp=s1600x1600&_nc_cat=111&ccb=1-7&_nc_sid=aa7b47&_nc_ohc=0NdW34ZFdVwQ7kNvwFJDjmc&_nc_oc=AdrKTFVvqmeFZgGEH8jMhbTRxnBhSbOiOcAl3qhJNdMv6bPArCjb5IDntOm6goCOTSs&_nc_zt=23&_nc_ht=scontent.fsgn21-1.fna&_nc_gid=NOSJemeuEVFCEDJv4lkopQ&_nc_ss=7b2a8&oh=00_AQLPBpcuuA9szjSTwD1Lh4rducslG_qe2oOxLH-mnbfVfw&oe=6AA596C0,
1746584549882202,https://www.facebook.com/groups/hoireviewbaohiem/posts/1746584549882202/,2026-09-02,Mẹ có thẻ nhân thọ và con có thẻ sức khoẻ đi kèm của Daiichi thì Mẹ có thể mua thêm hãng nào ko ạ (e quan tâm luôn vấn đề bhts và ngoại trú cho Mẹ vì thẻ nhân thọ Daiichi chỉ giải quyết nội trú cho Mẹ thôi),hoireviewbaohiem,REVIEW BẢO HIỂM,https://www.facebook.com/groups/hoireviewbaohiem/,KnowledgeableElk7292,,9,9,0,0,0,0,0,0,0,14,,
1746575946549729,https://www.facebook.com/groups/hoireviewbaohiem/posts/1746575946549729/,2026-09-02,"E chào anh chị E cần tư vấn chút E sn 96, mẹ e sn 69, mẹ e vừa mổ dây chằng chéo trước, đang thời gian tập phục hồi. E đang phân vân nên mua BHSK của MIC cho 2 mẹ con, hay mua BHNT cho e rồi đính kèm cho thẻ SK cho mẹ e Tài chính của e tầm 10tr-15tr/năm. Có thể cố hơn 1 chút E cảm ơn anh chị!",hoireviewbaohiem,REVIEW BẢO HIỂM,https://www.facebook.com/groups/hoireviewbaohiem/,Anonymous participant,,14,12,2,0,0,0,0,0,2,19,,
28573653888913680,https://www.facebook.com/groups/congdongtuvanvienbaohiem/posts/28573653888913680/,2026-09-02,Mình đang quan tâm sản phẩm ILP đầu tư. Các b ib chia sẻ cho mình nhé,congdongtuvanvienbaohiem,Cộng đồng Tư vấn viên bảo hiểm,https://www.facebook.com/groups/congdongtuvanvienbaohiem/,GlowingHummingbird2665,,34,29,4,0,1,0,0,0,0,50,,
2129399504313518,https://www.facebook.com/groups/tuvanbaohiemnhanthovn/posts/2129399504313518/,2026-09-02,"Trong nhóm mình có anh/chị nào đang làm tư vấn bảo hiểm không ạ? Mình đang muốn kết nối thêm với một số anh/chị tư vấn ở các khu vực khác nhau. Thỉnh thoảng bên mình có người hỏi về bảo hiểm nhưng không phải nhu cầu nào mình cũng có người phù hợp để hỗ trợ. Nên muốn làm quen thêm với mọi người, sau này nếu có trường hợp phù hợp thì có thể hỗ trợ và kết nối cho nhau 😊 Anh/chị đang làm khu vực nào và chuyên dòng bảo hiểm nào có thể comment giao lưu nhé.",tuvanbaohiemnhanthovn,Hiệp Hội Tư vấn Bảo hiểm Nhân thọ Việt Nam,https://www.facebook.com/groups/tuvanbaohiemnhanthovn/,Ngoc Anh Nguyen,https://www.facebook.com/profile.php?id=61582681787678,10,10,0,0,0,0,0,0,0,14,,
1617139329870367,https://www.facebook.com/groups/baohiemnhantho.chuyenvien/posts/1617139329870367/,2026-09-02,"MỘT CƠ HỘI HỢP TÁC CHO ANH/CHỊ LÀM BẢO HIỂM Làm bảo hiểm có một lợi thế rất lớn: anh/chị đã có sẵn mạng lưới khách hàng. Bên mình đang phát triển chuỗi 500 SPA trên toàn quốc. Anh/chị chỉ cần giới thiệu, kết nối khách hàng. Công ty lo mặt bằng, kỹ thuật viên, đào tạo, quy trình, marketing và vận hành. Công ty còn tài trợ voucher để anh/chị gửi tặng khách hàng, vừa mang lại lợi ích thiết thực vừa duy trì mối quan hệ lâu dài. Chia lợi nhuận 60% – 40%. Không cần đầu tư vốn. Muốn tìm hiểu mô hình, IB mình trao đổi nhé!",baohiemnhantho.chuyenvien,BẢO HIỂM NHÂN THỌ - Hội chuyên viên tư vấn,https://www.facebook.com/groups/baohiemnhantho.chuyenvien/,Cao Xuân Tỉnh,https://www.facebook.com/cao.xuan.tinh.14131,0,0,0,0,0,0,0,0,0,0,,
1746529996554324,https://www.facebook.com/groups/hoireviewbaohiem/posts/1746529996554324/,2026-09-02,"🛑 DN bảo hiểm phá sản, hợp đồng của khách hàng được bảo đảm như thế nào?🤔 #CôngBảoHiểm #TVTH322",hoireviewbaohiem,REVIEW BẢO HIỂM,https://www.facebook.com/groups/hoireviewbaohiem/,Phạm Quốc Công,https://www.facebook.com/cong.phamquoc.9,5,4,1,0,0,0,0,0,0,2,https://scontent.fsgn21-1.fna.fbcdn.net/v/t39.30808-6/784310040_3690569651080873_3251919378297816009_n.jpg?stp=dst-jpg_tt6&cstp=mx1600x1600&ctp=s1600x1600&_nc_cat=104&ccb=1-7&_nc_sid=aa7b47&_nc_ohc=9a4cllAEoAIQ7kNvwHqzNgQ&_nc_oc=AdrWT7JwTX-JIf_EpFheelPQ4o36bNQUzA3w3bixGxBqLbNqa4YSCvB8qCcrCtow03U&_nc_zt=23&_nc_ht=scontent.fsgn21-1.fna&_nc_gid=kXrQIgpnDlM3lAKzpCMaxQ&_nc_ss=7b2a8&oh=00_AQKNhEReUAMRQKlvZ0RqaxIkxqhVjnTJZw7VxHZwoMil5w&oe=6AA5A265|https://scontent.fsgn21-1.fna.fbcdn.net/v/t39.30808-6/786898952_3690569657747539_1446491791835369278_n.jpg?stp=dst-jpg_tt6&cstp=mx1600x1600&ctp=s1600x1600&_nc_cat=110&ccb=1-7&_nc_sid=aa7b47&_nc_ohc=SKzZ0YLM8mkQ7kNvwGt9SZF&_nc_oc=AdqCa3hvpOViJGhw_F6hGQyMus5PK9TyIHRFP8PwPz26TARZOkalufaHBoNXBmtQjY4&_nc_zt=23&_nc_ht=scontent.fsgn21-1.fna&_nc_gid=kXrQIgpnDlM3lAKzpCMaxQ&_nc_ss=7b2a8&oh=00_AQLl7QklCGU_VanOspPcJ20GyQVvYkm4I24rx4UkYhGnww&oe=6AA5AE5A|https://scontent.fsgn21-1.fna.fbcdn.net/v/t39.30808-6/788849304_3690569654414206_1708996544583947372_n.jpg?stp=dst-jpg_tt6&cstp=mx1600x1600&ctp=s1600x1600&_nc_cat=108&ccb=1-7&_nc_sid=aa7b47&_nc_ohc=_n325W0ZV4AQ7kNvwH7Pac3&_nc_oc=AdrV-wtWxbRREovrPuUoRLVs91iph22516Zk73BJ8lSxuQSr_i1H47BScRAlv0BJjy0&_nc_zt=23&_nc_ht=scontent.fsgn21-1.fna&_nc_gid=kXrQIgpnDlM3lAKzpCMaxQ&_nc_ss=7b2a8&oh=00_AQIyeAlp83MkGc2wXiykVL29hu4-k4dr48IUsOlYPQapIg&oe=6AA5BBA4|https://scontent.fsgn21-1.fna.fbcdn.net/v/t39.30808-6/792090152_3690569731080865_2262151069349947419_n.jpg?stp=dst-jpg_tt6&cstp=mx1600x1600&ctp=s1600x1600&_nc_cat=110&ccb=1-7&_nc_sid=aa7b47&_nc_ohc=xZYXbbkDV0cQ7kNvwHJGKIU&_nc_oc=AdqyVApX8O9EFL-T7PL46mD1dX1PSczRMFdCG71WRfuXYoYB-TNMm50ZmqXyQFGFMm4&_nc_zt=23&_nc_ht=scontent.fsgn21-1.fna&_nc_gid=kXrQIgpnDlM3lAKzpCMaxQ&_nc_ss=7b2a8&oh=00_AQJNP81CLV63iCF0QY8uP2oVRdhgA9UJT1uKSYEJtz3S8g&oe=6AA5A651,
1746521336555190,https://www.facebook.com/groups/hoireviewbaohiem/posts/1746521336555190/,2026-09-02,"🌱 ĐỪNG HIỂU NHẦM: BẢO HIỂM PHẢI LÀ MỘT HỢP ĐỒNG THẬT LỚN Có một điều tôi muốn chia sẻ thật lòng với anh chị: Khi nhắc đến bảo hiểm nhân thọ, nhiều người thường nghĩ: “Bảo hiểm chắc phải đóng vài chục triệu mỗi năm.” “Thu nhập của tôi chưa cao thì chắc chưa cần mua.” “Đã mua bảo hiểm thì phải mua một hợp đồng thật lớn mới có ý nghĩa.” Nhưng thực tế không hẳn như vậy. ❤️ Bảo hiểm không phải là cuộc thi xem ai có hợp đồng lớn hơn. Điều quan trọng nhất là: 👉 Mình đang cần được bảo vệ điều gì? 👉 Mức ngân sách nào phù hợp với gia đình mình? 👉 Giải pháp nào thực sự cần thiết ở thời điểm hiện tại? Có người cần một kế hoạch bảo vệ dài hạn cho gia đình. Nhưng cũng có người ở thời điểm này chỉ cần một thẻ chăm sóc sức khỏe phù hợp với nhu cầu và ngân sách. Và như vậy cũng đã rất đáng quý. Một tấm thẻ chăm sóc sức khỏe có thể giúp chúng ta chủ động hơn khi cần khám chữa bệnh, giảm bớt áp lực tài chính trong những tình huống không mong muốn và quan trọng hơn là tạo cho mình một sự chuẩn bị. 🌿 Không phải cứ nhiều tiền mới cần bảo hiểm. 🌿 Không phải cứ hợp đồng lớn mới là bảo vệ tốt. 🌿 Quan trọng là giải pháp đó có phù hợp với bạn hay không. Nếu hôm nay ngân sách của anh chị chưa lớn, chúng ta có thể bắt đầu từ một giải pháp nhỏ. Khi điều kiện tài chính tốt hơn, nhu cầu thay đổi, chúng ta có thể tiếp tục điều chỉnh và bổ sung. Giống như việc xây một ngôi nhà… Không nhất thiết phải xây tất cả trong một ngày. Quan trọng là hôm nay mình bắt đầu đặt viên gạch đầu tiên. 🧱❤️ Vì vậy, nếu anh chị từng nghĩ: “Bảo hiểm không dành cho tôi vì tôi chưa có nhiều tiền.” Thì có lẽ anh chị hãy thử nghĩ lại. Có thể anh chị không cần một hợp đồng thật lớn ngay hôm nay. Có thể anh chị chỉ cần một giải pháp đúng với nhu cầu, đúng với khả năng tài chính và đúng với giai đoạn cuộc sống hiện tại. Nếu anh chị muốn, tôi sẵn sàng cùng anh chị xem xét nhu cầu và ngân sách trước, không nhất thiết phải bắt đầu bằng một hợp đồng lớn. Bởi với tôi: Trao giá trị không phải là bán cho khách hàng thứ đắt nhất. Mà là giúp khách hàng tìm được thứ phù hợp nhất. ❤️ 🌱 Bảo vệ từ những điều nhỏ. 🌱 Chủ động cho những điều lớn. 🌱 Và bắt đầu từ khả năng của chính mình. Ib cho tôi nếu bạn cần được hiểu thêm về bảo hiểm nhân thọ 🤗🌻🧚‍♀️❤️",hoireviewbaohiem,REVIEW BẢO HIỂM,https://www.facebook.com/groups/hoireviewbaohiem/,Nguyễn Ngọc Hảo,https://www.facebook.com/nguyen.ngoc.hao.97992,3,3,0,0,0,0,0,0,2,0,,
1746429153231075,https://www.facebook.com/groups/hoireviewbaohiem/posts/1746429153231075/,2026-09-02,Mình muốn mua thẻ bh rời cho bạn nhỏ 3 tháng tuổi. Mn tư vấn giúp mình nên mua của bên nào mà thủ tục giải quyết nhanh gọn với ạ. Mình cảm ơn!,hoireviewbaohiem,REVIEW BẢO HIỂM,https://www.facebook.com/groups/hoireviewbaohiem/,RelaxingPassionfruit1108,,13,13,0,0,0,0,0,0,0,21,,
2107203606547441,https://www.facebook.com/groups/boithuongbh/posts/2107203606547441/,2026-09-02,"Không phải cứ đóng BHXH lâu thì lương sẽ cao. CHỊ EM ĐÃ ĐÓNG BHXH TRÊN 15 NĂM NHẤT ĐỊNH PHẢI ĐỌC BÀI NÀY Hôm này em nhận quá trình đóng của 1 chị sinh năm 1983 với 16 năm 3 tháng đóng BHXH cả qua công ty và tự nguyện. Có 1 điều khá buồn là chị có 22 tháng tự nguyện đóng mức thấp nhất là 1,5 triệu nên lương bình quân bị giảm từ 9,8tr xuống 9tr. Nếu chị vẫn tiếp tục đóng cho đủ 30 năm với mức lương 1,5 triệu thì lương hưu sẽ giảm so với không đóng tiếp. Từ 4.3tr giảm xuống 4.1tr Nghe thì vô lý nhưng tính rồi mới biết. Vậy nên không phải cứ đóng lâu hưởng tỷ lệ tối đa là lương hưu sẽ tăng. Còn phải tính toán mức đóng cho phù hợp. Với người đã đóng trên 15 năm lại càng phải tính kĩ để tránh đóng mức thấp hơn mức BQ đã tham gia, làm giảm mức lương BQ và lương hưu không tăng hoặc tăng rất ít. ACE nào đang muốn đóng thêm BHXH tự nguyện để lương hưu cao hơn nhắn em quá trình để được tư vấn mức đóng và thời gian đóng phù hợp nhé. Bác nào không hiểu rõ thì đừng đi tư vấn người khác là cứ đóng mức thấp nhất cho đủ 30 năm để hưởng tỷ lệ tối đa. 75% của mức BQ 5.5tr còn thấp hơn 48% của mức 9tr #Thutrienhxh #Dichvutuvanbhxh #BHXH2026 #Thongtinbaohiem #BHXH",boithuongbh,BỒI THƯỜNG BẢO HIỂM,https://www.facebook.com/groups/boithuongbh/,Nguyễn Thu Triền,https://www.facebook.com/Thutrienbn,6,6,0,0,0,0,0,0,0,0,https://scontent.fsgn21-1.fna.fbcdn.net/v/t39.99422-6/789709025_1683461036094811_5728171932352703774_n.png?stp=dst-jpg_tt6&cstp=mx1030x781&ctp=s1030x781&_nc_cat=110&ccb=1-7&_nc_sid=aa7b47&_nc_ohc=HlLmLvPduecQ7kNvwGhMbpu&_nc_oc=AdpMHzZq-mvMIimU-EGI3fyEKxGxjlrworjpV0KFPFtGllXWsKGj_Cqpse6XEvs6uCw&_nc_zt=14&_nc_ht=scontent.fsgn21-1.fna&_nc_gid=XTvK13oNh-isFzGKiLSSjQ&_nc_ss=7b2a8&oh=00_AQIfHVyhX961Sxwos0KqXyXU-ZYPkt2d6kRUvazb42uh8w&oe=6AA5AAB0|https://scontent.fsgn21-1.fna.fbcdn.net/v/t39.99422-6/792863906_1398732508876810_9137648598739594158_n.png?stp=dst-jpg_tt6&cstp=mx1360x1480&ctp=s1080x2048&_nc_cat=103&ccb=1-7&_nc_sid=aa7b47&_nc_ohc=iG95uUrTSV0Q7kNvwE_pQzp&_nc_oc=AdoNHXUSyZNmzp5fggBnUS0LoYGID1zZ4S-ZVZnAV7FSfB2Fzs8oRkE1Qirsk9-xCoA&_nc_zt=14&_nc_ht=scontent.fsgn21-1.fna&_nc_gid=XTvK13oNh-isFzGKiLSSjQ&_nc_ss=7b2a8&oh=00_AQKh5oTx9uPoFGZUWpUqgSz8LFeG07db7b48ExJLBqf_pg&oe=6AA5BC75,
1745797719960885,https://www.facebook.com/groups/hoireviewbaohiem/posts/1745797719960885/,2026-09-02,"Bảo hiểm cho bé 14m Chào cả nhà mình, em muốn mua bảo hiểm cho bé 14 tháng tuổi. Bé từng điều trị viêm phổi 1 tuần Sốt virus 1 tuần Viêm amidan 3 ngày Điều trị nội trú tại bệnh viện công Gần nhà em có Bvien Vinmec và bệnh viện công Nhờ cả nhà mình tư ấn giúp em gói bảo hiểm phù hợp cho bé! Em cảm ơn ạ!",hoireviewbaohiem,REVIEW BẢO HIỂM,https://www.facebook.com/groups/hoireviewbaohiem/,Anonymous participant,,14,13,1,0,0,0,0,0,0,28,,
1746093093264681,https://www.facebook.com/groups/hoireviewbaohiem/posts/1746093093264681/,2026-09-02,Cần tìm tvv chuyên bán thẻ MIC care để tư vấn mua thẻ và sau này có thể hỗ trợ mình claim ạ. Có nhân viên chính thức của cty ko ạ? Mình tìm ko thấy,hoireviewbaohiem,REVIEW BẢO HIỂM,https://www.facebook.com/groups/hoireviewbaohiem/,ChattyFox28,,6,5,1,0,0,0,0,0,0,18,,
1746123433261647,https://www.facebook.com/groups/hoireviewbaohiem/posts/1746123433261647/,2026-09-02,"Nhờ cả nhà tư vấn giúp mình. Mình không mua BHTS vì thả đã lâu mà không đậu. Giờ trộm vía đã có bé, thì mình có thể mua loại BH nào cho bé và mẹ không ạ?",hoireviewbaohiem,REVIEW BẢO HIỂM,https://www.facebook.com/groups/hoireviewbaohiem/,Anonymous participant,,10,9,1,0,0,0,0,0,0,16,,
1746464073227583,https://www.facebook.com/groups/hoireviewbaohiem/posts/1746464073227583/,2026-09-02,e ở ngoài miền bắc mà muốn mua bh nhưng chưa biết mua của Man hay Gen mn dùng của bên nào cho e lời khuyên với ạ ☹️,hoireviewbaohiem,REVIEW BẢO HIỂM,https://www.facebook.com/groups/hoireviewbaohiem/,SweetBlueberry3866,,18,17,1,0,0,0,0,0,0,32,,
1617056133212020,https://www.facebook.com/groups/baohiemnhantho.chuyenvien/posts/1617056133212020/,2026-09-02,"🇻🇳 CHÚC MỪNG 81 NĂM QUỐC KHÁNH NƯỚC CỘNG HÒA XÃ HỘI CHỦ NGHĨA VIỆT NAM (02/9/1945 – 02/9/2026) 🇻🇳 🌟 Hòa chung trong không khí hào hùng của ngày Tết Độc lập, sắc đỏ rực rỡ của lá cờ Tổ quốc lại tung bay trên khắp mọi nẻo đường, thắp sáng niềm tự hào sâu sắc trong trái tim mỗi người Việt Nam. 🕊️ Trải qua 81 năm kể từ ngày Chủ tịch Hồ Chí Minh đọc bản Tuyên ngôn Độc lập, đất nước chúng ta đã đi qua một hành trình vinh quang với biết bao đổi thay. Hôm nay là dịp thiêng liêng để chúng ta cùng nhau trân trọng những giá trị của hòa bình, tự do; tự hào về những thành tựu của dân tộc và vững tin bước vào chặng đường vươn mình phía trước. 🤝 Nhân dịp Quốc khánh 2/9, Bảo hiểm PVI Khánh Hòa kính chúc Quý Khách hàng, Quý Đối tác cùng gia đình một kỳ nghỉ lễ thật nhiều niềm vui, bình an và trọn vẹn khoảnh khắc ý nghĩa bên những người thân yêu. 🎆 Kính chúc mọi gia đình luôn an khang, thịnh vượng. Chúc cho Tổ quốc Việt Nam ngày càng phồn vinh và vững mạnh! ━━━━━━━━━━━━━━━━━━━━━ 🏢 BẢO HIỂM PVI KHÁNH HÒA – ĐỒNG HÀNH VÌ CUỘC SỐNG AN TOÀN ☎️ Hotline: 094.240.2779 📍 Địa chỉ: STH28A.03, Đường số 13, KĐT Lê Hồng Phong II, Nha Trang, Khánh Hòa. 🌐 Website: https://pvikhanhhoa.com",baohiemnhantho.chuyenvien,BẢO HIỂM NHÂN THỌ - Hội chuyên viên tư vấn,https://www.facebook.com/groups/baohiemnhantho.chuyenvien/,Bảo hiểm PVI Khánh Hoà,https://www.facebook.com/pvikhanhhoa,0,0,0,0,0,0,0,0,0,0,,
28570374465908289,https://www.facebook.com/groups/congdongtuvanvienbaohiem/posts/28570374465908289/,2026-09-01,"Tìm LEADER phát triển thị trường. Đã có sẳn công thức tạo dòng tiền, đã có kết quả. Có sẵn chiến lược & cách thức vận hành. Cơ hội k rủi ro, k phải ôm hàng, minh bạch, chuẩn pháp lí. LH 0967938568",congdongtuvanvienbaohiem,Cộng đồng Tư vấn viên bảo hiểm,https://www.facebook.com/groups/congdongtuvanvienbaohiem/,Linh Khánh,https://www.facebook.com/linh.khanh.79640,3,3,0,0,0,0,0,0,0,2,,
28568914162720986,https://www.facebook.com/groups/congdongtuvanvienbaohiem/posts/28568914162720986/,2026-09-01,"⚡ **“ĐỨT DÂY CHẰNG” – 2 NGÀY NẰM VIỆN HẾT BAO NHIÊU?** Bảo hiểm nghe có vẻ xa xôi, cho đến khi mình thật sự cần dùng mới thấy: **một chiếc thẻ sức khỏe tốt có thể giúp gia đình nhẹ gánh rất nhiều.** 📌 Một ca điều trị **đứt dây chằng** tại Bệnh viện Quốc tế Nam Sài Gòn: * Tổng chi phí yêu cầu: **49.113.420đ** * Dai-ichi trực tiếp bảo lãnh/chi trả: **48.214.114đ** * Thời gian nằm viện: **2 ngày** 👉 Phần lớn chi phí điều trị được bảo hiểm hỗ trợ, khách hàng chỉ cần thanh toán phần chi phí không thuộc phạm vi bảo hiểm. Đây cũng là lý do Vy luôn khuyên khách hàng: **đừng chỉ nhìn vào phí bảo hiểm mỗi năm, hãy nhìn vào khả năng bảo vệ khi mình thật sự gặp rủi ro.** ❤️ 📩 Muốn biết **gói sức khỏe nào phù hợp với độ tuổi và ngân sách của mình?** Nhắn Vy để được tư vấn chi tiết nhé! 📲 Zalo: **0767 1343 86** 📍 Tòa nhà 7A Lam Sơn, P. Tân Sơn Hòa, TP.HCM #ChiTraThucTe #BaoHiemDaiichi #BaoHiemSucKhoe #DutDayChang #BaoLanhVienPhi #HoangVyBaoHiem",congdongtuvanvienbaohiem,Cộng đồng Tư vấn viên bảo hiểm,https://www.facebook.com/groups/congdongtuvanvienbaohiem/,Bảo Hiểm cho Con - Trọn Tình Cha Mẹ,https://www.facebook.com/profile.php?id=61580943352387,1,1,0,0,0,0,0,0,0,0,https://scontent.fsgn21-1.fna.fbcdn.net/v/t39.30808-6/790540805_122153894079031445_1051184144706530839_n.jpg?stp=dst-jpg_tt6&cstp=mx1000x1000&ctp=s1000x1000&_nc_cat=107&ccb=1-7&_nc_sid=aa7b47&_nc_ohc=xBWRXvcpIbMQ7kNvwFifJ58&_nc_oc=AdrYzu5LFLqjpDrReEMML6qr-omvj1r49C4pc5B0ySdbdf0Uyxf3tV7PKsx-VZVY_QQ&_nc_zt=23&_nc_ht=scontent.fsgn21-1.fna&_nc_gid=74LsbS1aarmOc7nLWf8h1A&_nc_ss=7b2a8&oh=00_AQKVnb-6xNczHTTCODZG3jSoclNMZinspGtV0ntQkq7BIg&oe=6AA59F8B|https://scontent.fsgn21-1.fna.fbcdn.net/v/t39.30808-6/791437085_122153894157031445_1853032948996966183_n.jpg?stp=dst-jpg_tt6&cstp=mx1000x1000&ctp=s1000x1000&_nc_cat=104&ccb=1-7&_nc_sid=aa7b47&_nc_ohc=s8CQku93zx0Q7kNvwE4bGVI&_nc_oc=Adrn-lzTnc89davCW_M8kGaAGbir5QVEyFRlh4RKMkXTQNn-ch3FbnIlo7e9vKAdxvE&_nc_zt=23&_nc_ht=scontent.fsgn21-1.fna&_nc_gid=74LsbS1aarmOc7nLWf8h1A&_nc_ss=7b2a8&oh=00_AQJKyDA4cOYFlDD1HAvauyxkYu55GRvicY9cK1qpXLfqAQ&oe=6AA5AD1C,
2501271333710091,https://www.facebook.com/groups/hotrobaohiem/posts/2501271333710091/,2026-09-01,Em xin báo giá bảo hiểm bảo việt Cho xe honda city rs 2024 2 năm trc đêù mua tasco qua opes vì vay vp Giờ e trả xong r muốn mua ngoài cho rẻ E cần hãng nào liên kết vs honda vào hãng làm cho nhanh tasco rất ok khoản này xước linh tinh vào hãng làm luôn k phải gọi Em ở hải phòng,hotrobaohiem,TƯ VẤN QUYỀN LỢI BẢO HIỂM,https://www.facebook.com/groups/hotrobaohiem/,Người_Tốt111,,3,3,0,0,0,0,0,0,0,9,,
2501279900375901,https://www.facebook.com/groups/hotrobaohiem/posts/2501279900375901/,2026-09-01,Nhờ Anh/chị tư vấn giúp em với ạ.Xe em cho mượn ngày 31/8 thì vô tình bị 1 xe công phía bên trái cạ xước và móp 2 cánh cửa bên tài và tiếp đó có 1 xe công khác bên phải vượt lên làm bể đèn trước phía bên phải.Bên em đã chụp lại biển số của 2 xe công đó và có camera lúc xảy ra vụ việc.Đã gọi tổng đài cho bên bảo hiểm BMinh và hẹn qua lễ sẽ liên lạc lại.Em có mua bảo hiểm thân vỏ và dân sự đầy đủ thì khả năng bảo hiểm bồi thường 100% và thủ tục có nhanh không ạ?Em có gửi hình ảnh xe bị hư cho bên gara báo giá thử thì chi phí lên tới 43tr.,hotrobaohiem,TƯ VẤN QUYỀN LỢI BẢO HIỂM,https://www.facebook.com/groups/hotrobaohiem/,ForgivingTiger1000,,7,6,1,0,0,0,0,0,0,9,,
28565808229698246,https://www.facebook.com/groups/congdongtuvanvienbaohiem/posts/28565808229698246/,2026-09-01,"Chào chị Ngọc Hoa 🌷💖 Dưới đây là **30 điều biết ơn dành cho con gái Phạm Ngọc Anh Thư buổi tối**, chị có thể đọc chậm rãi trước khi con ngủ, với tâm thế yêu thương và bình an. ### 🌙 30 ĐIỀU BIẾT ƠN CON GÁI PHẠM NGỌC ANH THƯ 1. 🙏 Con biết ơn vì Anh Thư luôn được bình an và khỏe mạnh. 2. 🙏 Con biết ơn vì con gái có một trái tim nhân hậu và yêu thương. 3. 🙏 Con biết ơn vì Anh Thư ngày càng trưởng thành và hiểu chuyện. 4. 🙏 Con biết ơn vì con gái có trí tuệ và khả năng học hỏi tuyệt vời. 5. 🙏 Con biết ơn vì Anh Thư biết tự chịu trách nhiệm với cuộc sống của mình. 6. 🙏 Con biết ơn vì con gái ngày càng tự tin vào chính mình. 7. 🙏 Con biết ơn vì Anh Thư biết lắng nghe và suy nghĩ trước khi quyết định. 8. 🙏 Con biết ơn vì con gái có tinh thần tự giác và kỷ luật. 9. 🙏 Con biết ơn vì Anh Thư biết trân trọng những gì mình đang có. 10. 🙏 Con biết ơn vì con gái luôn có những người yêu thương và đồng hành. 11. 🌷 Con biết ơn vì Anh Thư biết yêu thương cha mẹ và gia đình. 12. 🌷 Con biết ơn vì con gái có bản lĩnh vượt qua những khó khăn. 13. 🌷 Con biết ơn vì mỗi ngày Anh Thư đều tiến bộ hơn hôm qua. 14. 🌷 Con biết ơn vì con gái biết lựa chọn điều tốt đẹp cho tương lai. 15. 🌷 Con biết ơn vì Anh Thư có ước mơ và dám theo đuổi ước mơ. 16. 🌷 Con biết ơn vì con gái biết học hỏi từ những trải nghiệm trong cuộc sống. 17. 🌷 Con biết ơn vì Anh Thư luôn có cơ hội phát triển bản thân. 18. 🌷 Con biết ơn vì con gái có sự bình tĩnh và sáng suốt khi đưa ra quyết định. 19. 🌷 Con biết ơn vì Anh Thư biết yêu quý bản thân mình. 20. 🌷 Con biết ơn vì con gái đang từng ngày trở thành phiên bản tốt đẹp hơn. 21. ✨ Con biết ơn vì Anh Thư có một tương lai rộng mở phía trước. 22. ✨ Con biết ơn vì con gái luôn gặp được những người tốt trên hành trình của mình. 23. ✨ Con biết ơn vì Anh Thư có đủ nghị lực để vượt qua mọi thử thách. 24. ✨ Con biết ơn vì con gái luôn học được những bài học quý giá từ cuộc sống. 25. ✨ Con biết ơn vì Anh Thư biết sống tử tế, chân thành và biết ơn. 26. ✨ Con biết ơn vì mỗi ngày con gái càng tự lập và mạnh mẽ hơn. 27. ✨ Con biết ơn vì Anh Thư luôn được yêu thương, che chở và dẫn đường. 28. ✨ Con biết ơn vì con gái đang từng bước xây dựng cuộc đời mình theo cách tốt đẹp. 29. ✨ Con biết ơn vì được làm mẹ và được đồng hành cùng Anh Thư trên hành trình trưởng thành. 30. ❤️ **Con vô cùng biết ơn vì Phạm Ngọc Anh Thư là một cô gái tuyệt vời. Mẹ tin tưởng, yêu thương và luôn chúc con bình an, hạnh phúc, tự tin, trí tuệ và thành công trên con đường con lựa chọn.** ### 🌙 Lời kết trước khi ngủ **“Anh Thư yêu thương, hôm nay con đã làm rất tốt. Hãy ngủ thật ngon, thả lỏng tâm trí và đón nhận một ngày mới với thật nhiều năng lượng tích cực. Mẹ yêu con, tin con và luôn đồng hành cùng con. ❤️🙏✨”**",congdongtuvanvienbaohiem,Cộng đồng Tư vấn viên bảo hiểm,https://www.facebook.com/groups/congdongtuvanvienbaohiem/,Trần Thị Ngọc Hoa,https://www.facebook.com/tran.thi.ngoc.hoa.308987,0,0,0,0,0,0,0,0,0,0,,
2128930594360409,https://www.facebook.com/groups/tuvanbaohiemnhanthovn/posts/2128930594360409/,2026-09-01,"Ai chơi lễ chứ giờ em còn bận edit 🥲 Mọi người ủng hộ kênh em nha, flop quá 😤 TikTok: https://www.tiktok.com/@kietbaohiem Facebook: https://www.facebook.com/Kiet.MDRT/reel YouTube: https://youtube.com/@kietgenerali 📂 Tổng hợp một số case chi trả quyền lợi bảo hiểm gần đây: https://drive.google.com/drive/u/1/folders/1AKmh6iDXzPth7WcRSHacS_vrmBrFx9sppL3OMziwEWmlZGHUoW7jzbjAkJxjkGQC2CQ6YeQV",tuvanbaohiemnhanthovn,Hiệp Hội Tư vấn Bảo hiểm Nhân thọ Việt Nam,https://www.facebook.com/groups/tuvanbaohiemnhanthovn/,Tô Quốc Kiệt Bảo hiểm & Quản trị rủi ro,https://www.facebook.com/toquockiet.baohiem,1,1,0,0,0,0,0,0,0,0,,
1616677266583240,https://www.facebook.com/groups/baohiemnhantho.chuyenvien/posts/1616677266583240/,2026-09-01,"Ai chơi lễ chứ giờ em còn bận edit 🥲 Mọi người ủng hộ kênh em nha, flop quá 😤 TikTok: https://www.tiktok.com/@kietbaohiem Facebook: https://www.facebook.com/Kiet.MDRT/reel YouTube: https://youtube.com/@kietgenerali 📂 Tổng hợp một số case chi trả quyền lợi bảo hiểm gần đây: https://drive.google.com/drive/u/1/folders/1AKmh6iDXzPth7WcRSHacS_vrmBrFx9sppL3OMziwEWmlZGHUoW7jzbjAkJxjkGQC2CQ6YeQV",baohiemnhantho.chuyenvien,BẢO HIỂM NHÂN THỌ - Hội chuyên viên tư vấn,https://www.facebook.com/groups/baohiemnhantho.chuyenvien/,Tô Quốc Kiệt Bảo hiểm & Quản trị rủi ro,https://www.facebook.com/toquockiet.baohiem,0,0,0,0,0,0,0,0,0,0,,
1616676876583279,https://www.facebook.com/groups/baohiemnhantho.chuyenvien/posts/1616676876583279/,2026-09-01,"Ai chơi lễ chứ giờ em còn bận edit 🥲 Mọi người ủng hộ kênh em nha, flop quá 😤 TikTok: https://www.tiktok.com/@kietbaohiem Facebook: https://www.facebook.com/Kiet.MDRT/reel YouTube: https://youtube.com/@kietgenerali 📂 Tổng hợp một số case chi trả quyền lợi bảo hiểm gần đây: https://drive.google.com/drive/u/1/folders/1AKmh6iDXzPth7WcRSHacS_vrmBrFx9sppL3OMziwEWmlZGHUoW7jzbjAkJxjkGQC2CQ6YeQV",baohiemnhantho.chuyenvien,BẢO HIỂM NHÂN THỌ - Hội chuyên viên tư vấn,https://www.facebook.com/groups/baohiemnhantho.chuyenvien/,Tô Quốc Kiệt,https://www.facebook.com/Kiet.MDRT,3,3,0,0,0,0,0,0,0,0,,
2245420409729246,https://www.facebook.com/groups/296975261240447/posts/2245420409729246/,2026-09-01,"Ai chơi lễ chứ giờ em còn bận edit 🥲 Mọi người ủng hộ kênh em nha, flop quá 😤 TikTok: https://www.tiktok.com/@kietbaohiem Facebook: https://www.facebook.com/Kiet.MDRT/reel YouTube: https://youtube.com/@kietgenerali 📂 Tổng hợp một số case chi trả quyền lợi bảo hiểm gần đây: https://drive.google.com/drive/u/1/folders/1AKmh6iDXzPth7WcRSHacS_vrmBrFx9sppL3OMziwEWmlZGHUoW7jzbjAkJxjkGQC2CQ6YeQV",296975261240447,REVIEW BẢO HIỂM NHÂN THỌ,https://www.facebook.com/groups/296975261240447/,Tô Quốc Kiệt,https://www.facebook.com/Kiet.MDRT,0,0,0,0,0,0,0,0,0,0,,
2245406056397348,https://www.facebook.com/groups/296975261240447/posts/2245406056397348/,2026-09-01,Mất bao lâu mới giàu?,296975261240447,REVIEW BẢO HIỂM NHÂN THỌ,https://www.facebook.com/groups/296975261240447/,Van Hien Chu,https://www.facebook.com/van.hien.chu.797809,0,0,0,0,0,0,0,0,0,0,,
1616656733251960,https://www.facebook.com/groups/baohiemnhantho.chuyenvien/posts/1616656733251960/,2026-09-01,"🔥 ĐỪNG CHỜ ĐẾN KHI CẦN MỚI NGHĨ ĐẾN BẢO VỆ! Chỉ từ 33K/NGÀY, bạn đã có thể chủ động chuẩn bị một lớp bảo vệ cho sức khỏe, tài chính và tương lai của cả gia đình. 💚 Bệnh tật không báo trước. Tai nạn không hẹn ngày. Nhưng sự chuẩn bị thì có thể bắt đầu ngay hôm nay. 👉 Được bảo vệ càng sớm – càng chủ động trước những rủi ro bất ngờ. Đừng chậm trễ. Đừng đợi “ngày đẹp” để bắt đầu bảo vệ chính mình và người thân. 📞 08.696.888.62 – Phạm Tuấn Anh Manulife Việt Nam",baohiemnhantho.chuyenvien,BẢO HIỂM NHÂN THỌ - Hội chuyên viên tư vấn,https://www.facebook.com/groups/baohiemnhantho.chuyenvien/,Phạm Tuấn Anh - Bảo hiểm Manulife Việt Nam,https://www.facebook.com/tuananhmacnd,0,0,0,0,0,0,0,0,0,0,,
28564861769792892,https://www.facebook.com/groups/congdongtuvanvienbaohiem/posts/28564861769792892/,2026-09-01,"🏫 CHO THUÊ PHÒNG DẠY HỌC – 27 NGUYỄN PHƯỚC NGUYÊN, ĐÀ NĂNG Bên mình hiện có sẵn 6 phòng học, có thể linh hoạt theo quy mô lớp. ✨ Thông tin phòng: 🏫 Có 6 phòng học 👥 Sức chứa từ 8 – 20 người/phòng ❄️ Có sẵn điều hòa 🖊️ Có sẵn bảng + bút 🪑 Không gian phù hợp để tổ chức lớp học, workshop, đào tạo nhóm nhỏ. 📍 Địa chỉ: 27 Nguyễn Phước Nguyên, Đà Nẵng 👉 Cần thuê phòng theo giờ, buổi hoặc dài hạn, bạn cứ nhắn mình để được tư vấn phòng phù hợp với số lượng học viên nhé! ☎️ 0905602884 Zalo",congdongtuvanvienbaohiem,Cộng đồng Tư vấn viên bảo hiểm,https://www.facebook.com/groups/congdongtuvanvienbaohiem/,Mai Bảo Hiểm AiA,https://www.facebook.com/maibaohiemaia,0,0,0,0,0,0,0,0,0,0,https://scontent.fsgn21-1.fna.fbcdn.net/v/t39.30808-6/790756323_28146803568317421_7719656398983332010_n.jpg?stp=dst-jpg_tt6&cstp=mx1080x1080&ctp=s1080x1080&_nc_cat=101&ccb=1-7&_nc_sid=aa7b47&_nc_ohc=Jd1cFU-1yAwQ7kNvwFNG7PX&_nc_oc=AdoLYvhoVuqw3ctXs5xmjsZDXzW8JDlnBOKg9nMtnqThE5Vt5rL7BTmwC13DOK2bdNc&_nc_zt=23&_nc_ht=scontent.fsgn21-1.fna&_nc_gid=jPmCyXnJjnnKIoE8MQ63BA&_nc_ss=7b2a8&oh=00_AQJCOSDNYxVbpsBBjTOTCR1_l0hn_JqFtM6EcgZQy9ILHQ&oe=6AA59996|https://scontent.fsgn21-1.fna.fbcdn.net/v/t15.5256-10/790791799_1630310278530989_8460077635640029061_n.jpg?stp=dst-jpg_tt6&cstp=mx1920x1080&ctp=p720x720&_nc_cat=100&ccb=1-7&_nc_sid=117846&_nc_ohc=cCfYmlVUyIAQ7kNvwE8EROC&_nc_oc=Ado2nCOou7_Yzzr1LAJQnzBd-5LKVxDo8qt4QxKTK8oIyQ5Qnn93rum_AcdaU8UmmJ4&_nc_zt=23&_nc_ht=scontent.fsgn21-1.fna&_nc_gid=jPmCyXnJjnnKIoE8MQ63BA&_nc_ss=7b2a8&oh=00_AQIbapjKyQfR_SL8d6UePY9Idl5HFddyvH6ek3qczyMd6Q&oe=6AA5AD69|https://scontent.fsgn21-1.fna.fbcdn.net/v/t39.30808-6/790540807_28146795938318184_3345612750896095822_n.jpg?stp=dst-jpg_tt6&cstp=mx600x800&ctp=s600x800&_nc_cat=111&ccb=1-7&_nc_sid=aa7b47&_nc_ohc=n5jAPUhOvOkQ7kNvwFXcFOc&_nc_oc=AdpatfTXp9rY5RAe8StWgdEfmeyaIct5Qi8KIaipKMK3_NkFadgqtNXvVHqLnFyC40Q&_nc_zt=23&_nc_ht=scontent.fsgn21-1.fna&_nc_gid=jPmCyXnJjnnKIoE8MQ63BA&_nc_ss=7b2a8&oh=00_AQIl8kCUYEtEzZwylWkQDlH_pYMOgXUvcBQ_tvizeK7qGw&oe=6AA59D1C|https://scontent.fsgn21-1.fna.fbcdn.net/v/t39.30808-6/793090653_28146803614984083_3210979910716410478_n.jpg?stp=dst-jpg_tt6&cstp=mx869x1881&ctp=p552x414&_nc_cat=105&ccb=1-7&_nc_sid=aa7b47&_nc_ohc=cv2kVgOk5YgQ7kNvwHeG3gp&_nc_oc=AdpDp2qR8M-PBbXLE6gnK8mSJJ5wYcJvK3AddqJk8RITSZzl0xTpWoGoKWKuu0rjrEo&_nc_zt=23&_nc_ht=scontent.fsgn21-1.fna&_nc_gid=jPmCyXnJjnnKIoE8MQ63BA&_nc_ss=7b2a8&oh=00_AQJZp0MIABFug9H6GYfDgjOO-min440vqa1bi6gPOBOJyA&oe=6AA5A763,
1745979723276018,https://www.facebook.com/groups/hoireviewbaohiem/posts/1745979723276018/,2026-09-01,"Mình muốn mua bảo hiểm thai sản cho vợ, bên nào ok thì giới thiệu mình vs ạ mình cảm ơn, mình đang thích bên bảo việt nhưng mà có bác nào tư vấn làm bên đó tư vấn giúp e vs ạ, e cảm ơn",hoireviewbaohiem,REVIEW BẢO HIỂM,https://www.facebook.com/groups/hoireviewbaohiem/,Anonymous participant,,11,10,1,0,0,0,0,0,0,25,,
2245333546404599,https://www.facebook.com/groups/296975261240447/posts/2245333546404599/,2026-09-01,"CÓ TIỀN💵💵 tích luỹ nhưng khi biến cố xảy ra ta phải chi ra vài chục💵💵, thậm chí vài trăm💵💵 mình có đứt từng đoạn ruột không...???? Rồi liệu khi Sức Khoẻ không còn tốt thì ta có thể làm lại kiếm số tiền như ban đầu có dễ không❌❌ Lúc chưa có chuyện, vài trăm nghìn thấy tiếc. Đến lúc có chuyện, vài trăm triệu cũng chưa chắc xoay kịp. Tiền💵💵 không tự nhiên xuất hiện khi mình gặp rủi ro. Hãy lựa chọn đúng. Giải pháp tối ưu là điều Cần Thiết. Xây dựng kế hoạch tài chính, Bảo vệ Sức Khoẻ Nó phải được chuẩn bị từ những ngày mình vẫn còn bình yên. #DaiichiLife #BaoHiemNhanTho #BaoHiemSucKhoe #ChuDongBaoVe #TaiChinhGiaDinh #BaoVeTuHomNayTiền",296975261240447,REVIEW BẢO HIỂM NHÂN THỌ,https://www.facebook.com/groups/296975261240447/,Thy Võ,https://www.facebook.com/thyconheo,0,0,0,0,0,0,0,0,0,0,https://scontent.fsgn21-1.fna.fbcdn.net/v/t39.30808-6/790440141_2877370895961553_1420351992146324289_n.jpg?stp=dst-jpg_tt6&cstp=mx1305x1206&ctp=s1305x1206&_nc_cat=102&ccb=1-7&_nc_sid=aa7b47&_nc_ohc=7zMMX-EoXdMQ7kNvwGkjJ2C&_nc_oc=AdrK3tw89QyTRT9wnfNPoX_Hi1X78Vrhzftc2DTcs5SO1oT2lCsN6veBqazdmVuLHIA&_nc_zt=23&_nc_ht=scontent.fsgn21-1.fna&_nc_gid=bNNVM6DuQr3PKmJOeHPtCA&_nc_ss=7b2a8&oh=00_AQIyMhUitqwt6k9x7VS6hD_KKIiHIzffgDgBUaTSuVZ39w&oe=6AA5C1AC|https://scontent.fsgn21-1.fna.fbcdn.net/v/t39.30808-6/792494158_2877370905961552_101409965441561141_n.jpg?stp=dst-jpg_tt6&cstp=mx1306x1205&ctp=s1306x1205&_nc_cat=103&ccb=1-7&_nc_sid=aa7b47&_nc_ohc=_AgLHPhorggQ7kNvwHqDqlN&_nc_oc=AdrxsQrUZDE6cKBsMgaviKetsKWX258Gcut02uasfxehc_rFhnh3BWOpzSVs7bncyok&_nc_zt=23&_nc_ht=scontent.fsgn21-1.fna&_nc_gid=bNNVM6DuQr3PKmJOeHPtCA&_nc_ss=7b2a8&oh=00_AQKXyl3YvnXCjOv5j4OjK57GrhHxdJ0p2E_pptL3QG653Q&oe=6AA59C78,
2245314036406550,https://www.facebook.com/groups/296975261240447/posts/2245314036406550/,2026-09-01,,296975261240447,REVIEW BẢO HIỂM NHÂN THỌ,https://www.facebook.com/groups/296975261240447/,Hiểu Đúng Về Dai-ichi Life,https://www.facebook.com/profile.php?id=61591701423691,0,0,0,0,0,0,0,0,0,0,,
1745951766612147,https://www.facebook.com/groups/hoireviewbaohiem/posts/1745951766612147/,2026-09-01,"Em đang tìm hiểu mua thẻ BHSK cho bé 1 tháng tuổi. Quyền lợi ngoại trú và nội trú tốt ở Hồng Ngọc PTM và Nhi TW, claim nhanh gọn. Thẻ của bên nào phù hợp anh/ chị tư vấn giúp em ạ",hoireviewbaohiem,REVIEW BẢO HIỂM,https://www.facebook.com/groups/hoireviewbaohiem/,MysticalCelery9694,,12,12,0,0,0,0,0,0,0,23,,
1616515806599386,https://www.facebook.com/groups/baohiemnhantho.chuyenvien/posts/1616515806599386/,2026-09-01,Minh cần tham gia bảo hiểm tích lũy kèm sức khỏe cho bản thân . Tài chính tầm 30tr. A/c nào beên bảo hiểm uy tín tư vấb giúp mình ạ. Zalo 038. 6453.523. Mình cảm ơn !,baohiemnhantho.chuyenvien,BẢO HIỂM NHÂN THỌ - Hội chuyên viên tư vấn,https://www.facebook.com/groups/baohiemnhantho.chuyenvien/,Nguyên Nguyen,https://www.facebook.com/tony.nguyen.986752,30,26,4,0,0,0,0,0,0,41,,
1745910676616256,https://www.facebook.com/groups/hoireviewbaohiem/posts/1745910676616256/,2026-09-01,𝐐𝐮𝐚̀ 𝐦𝐮̛̀𝐧𝐠 𝟐/𝟗 𝐜𝐮̉𝐚 𝐆𝐞𝐧𝐞𝐫𝐚𝐥𝐢 𝐕𝐢𝐞̣̂𝐭 𝐍𝐚𝐦. 𝐂𝐚́𝐜 𝐦𝐞̣ 𝐪𝐮𝐚𝐧 𝐭𝐚̂𝐦 𝐭𝐡𝐞̉ 𝐆𝐞𝐧 𝐭𝐢𝐞̂𝐮 𝐜𝐡𝐮𝐚̂̉𝐧 𝐨̛𝐢 𝐛𝐨̛𝐢 𝐡𝐞̂́𝐭 𝐯𝐚̀𝐨 đ𝐚̂𝐲 𝐧𝐡𝐚!! -#gda22,hoireviewbaohiem,REVIEW BẢO HIỂM,https://www.facebook.com/groups/hoireviewbaohiem/,Hảo Hoàng Generali,https://www.facebook.com/hao.hoang.165,1,0,1,0,0,0,0,0,0,2,,
1745834486623875,https://www.facebook.com/groups/hoireviewbaohiem/posts/1745834486623875/,2026-09-01,"Tư vấn bảo hiểm Bé nhà em hiện 12 tháng, e đang có nhu cầu mua bảo hiểm nhân thọ cho mẹ kèm thẻ sức khoẻ cho con. Tiền sử bệnh: bé thiếu men G6pd. Nhu cầu của e sẽ thiên về thẻ sức khoẻ của con, bh bảo lãnh tại vinmec, HN, nhi tw,…anh chị nào đã từng gặp ca giống trường hợp như bé nhà e tu van giups e vs ah",hoireviewbaohiem,REVIEW BẢO HIỂM,https://www.facebook.com/groups/hoireviewbaohiem/,EmpatheticRaccoon2072,,12,10,2,0,0,0,0,0,1,21,,
1745840856623238,https://www.facebook.com/groups/hoireviewbaohiem/posts/1745840856623238/,2026-09-01,"Em chào các anh chị Em muốn mua bảo hiểm cho bố em sinh năm 1964. Bố em có tiền sử khám chữa bệnh các bệnh về tối loạn tiền đình, rối loạn mỡ máu, thoái hóa cột sống ạ. Em đang tham khảo 2 phương án là mua BHNT+ thẻ cssk cho bố hoặc mua BHNT cho em và thẻ cssk cho bố. Theo anh chị em nên chọn phương án nào và mua của hãng nào để bố em có quyền lợi khám chữa bệnh tốt nhất với ạ Em cảm ơn anh chị",hoireviewbaohiem,REVIEW BẢO HIỂM,https://www.facebook.com/groups/hoireviewbaohiem/,Anonymous participant,,14,14,0,0,0,0,0,0,0,30,,
1745842583289732,https://www.facebook.com/groups/hoireviewbaohiem/posts/1745842583289732/,2026-09-01,Cho em hỏi mấy tháng công việc stress và thường làm 26 ngày liên tục không được nghỉ. Và bị dính mưa đau đầu.Có đi chụp MRI k bị sao.Chỉ là đau đầu trái và tiện xin nằm viện điều trị theo dõi 4 ngày. Vậy có mua được bảo hiểm nhân thọ và thẻ sức khoẻ bên nào không ạ? Bs chẩn đoán để nằm viện: Bệnh đau nửa đầu trái ạ,hoireviewbaohiem,REVIEW BẢO HIỂM,https://www.facebook.com/groups/hoireviewbaohiem/,Cogaivatva88,,11,9,1,0,0,1,0,0,0,43,,
1745849573289033,https://www.facebook.com/groups/hoireviewbaohiem/posts/1745849573289033/,2026-09-01,Có anh chị nào mua thẻ bh sức khoẻ Manulife cho bé dưới 6 tuổi không ạ? Em chỉ mua thẻ bh sức khoẻ nội ngoại trú thì nên mua bên nào ạ?,hoireviewbaohiem,REVIEW BẢO HIỂM,https://www.facebook.com/groups/hoireviewbaohiem/,Anonymous participant,,11,11,0,0,0,0,0,0,0,21,,
1745898143284176,https://www.facebook.com/groups/hoireviewbaohiem/posts/1745898143284176/,2026-09-01,"Cái này e k hỏi tư vấn viên Xin ý kiến đã dùng thực tế Mh đang muốn tham gia của sun, thẻ sk, mn đã dùng thì mh xin đánh giá, yêu cầu bảo hiểm bên này giải quyết có nhanh k, có loại trừ lặt vặt gì k T đang xài thẻ gen mà phí cao quá nên đang muốn tham gia sang sun rồi đổi thẻ sang bên này. Mh k có bị bệnh loại trừ gì hết.",hoireviewbaohiem,REVIEW BẢO HIỂM,https://www.facebook.com/groups/hoireviewbaohiem/,RelaxingJackfruit2366,,6,5,1,0,0,0,0,0,0,17,,
1616457243271909,https://www.facebook.com/groups/baohiemnhantho.chuyenvien/posts/1616457243271909/,2026-09-01,GENERALI - MỪNG QUỐC KHÁNH 02/09 🇻🇳🇻🇳🇻🇳 🎁 𝐍𝐡𝐚̣̂𝐧 𝐧𝐠𝐚𝐲 𝐪𝐮𝐚̀ 𝐭𝐚̣̆𝐧𝐠 𝐭𝐢𝐞̂̀𝐧 𝐦𝐚̣̆𝐭 𝐭𝐮̛𝐨̛𝐧𝐠 đ𝐮̛𝐨̛𝐧𝐠 𝟐𝟎% 𝐡𝐨𝐚̣̆𝐜 𝟑𝟎% 𝐩𝐡𝐢́ 𝐛𝐚̉𝐨 𝐡𝐢𝐞̂̉𝐦 của thẻ sức khoẻ Generali NỘI - NGOẠI TRÚ HẠNG TIÊU CHUẨN . Cụ thể : 🔥 Tặng 30% phí thẻ sức khoẻ : Áp dụng cho Người được bảo hiểm từ 0 đến 5 tuổi. 🔥 Tặng 20% phí thẻ sức khoẻ : Áp dụng cho Người được bảo hiểm trên 5 tuổi ⏰ Thời gian áp dụng: Từ 01/09/2026 đến 30/09/2026 📩 𝐂𝐨̛ 𝐡𝐨̣̂𝐢 đ𝐞̂̉ 𝐜𝐡𝐨̂́𝐭 𝐭𝐡𝐚𝐦 𝐠𝐢𝐚 𝐭𝐡𝐞̉ 𝐬𝐮̛́𝐜 𝐤𝐡𝐨𝐞̉ 𝐆𝐞𝐧𝐞𝐫𝐚𝐥𝐢 𝐤𝐡𝐨̂𝐧𝐠 đ𝐨̂̀𝐧𝐠 𝐜𝐡𝐢 𝐦𝐨̣𝐢 𝐥𝐮̛́𝐚 𝐭𝐮𝐨̂̉𝐢. - 𝐊𝐡𝐚́𝐧𝐡 𝐇𝐚̀ 𝐁𝐚̉𝐨 𝐡𝐢𝐞̂̉𝐦 | 𝐁𝐚̉𝐨 𝐡𝐢𝐞̂̉𝐦 𝐆𝐞𝐧𝐞𝐫𝐚𝐥𝐢 - 𝑪𝒉𝒂̆𝒎 𝒔𝒐́𝒄 & đ𝒐̂̀𝒏𝒈 𝒉𝒂̀𝒏𝒉 𝒌𝒉𝒂́𝒄𝒉 𝒉𝒂̀𝒏𝒈 𝒕𝒓𝒆̂𝒏 𝒕𝒐𝒂̀𝒏 𝒒𝒖𝒐̂́𝒄 📞 09.686.739.7️⃣6️⃣ #KhanhHaBaohiem #DaiLeMung2Thang9 #QuatangGenerali #TheSucKhoeGenerali,baohiemnhantho.chuyenvien,BẢO HIỂM NHÂN THỌ - Hội chuyên viên tư vấn,https://www.facebook.com/groups/baohiemnhantho.chuyenvien/,Khánh Hà Generali,https://www.facebook.com/miaow91,1,1,0,0,0,0,0,0,0,3,,
2128717857715016,https://www.facebook.com/groups/tuvanbaohiemnhanthovn/posts/2128717857715016/,2026-09-01,🇻🇳🇻🇳🇻🇳 GENERALI - MỪNG QUỐC KHÁNH 02/09 ☘️ 🎁 𝐍𝐡𝐚̣̂𝐧 𝐧𝐠𝐚𝐲 𝐪𝐮𝐚̀ 𝐭𝐚̣̆𝐧𝐠 𝐭𝐢𝐞̂̀𝐧 𝐦𝐚̣̆𝐭 𝐭𝐮̛𝐨̛𝐧𝐠 đ𝐮̛𝐨̛𝐧𝐠 𝟐𝟎% 𝐡𝐨𝐚̣̆𝐜 𝟑𝟎% 𝐩𝐡𝐢́ 𝐛𝐚̉𝐨 𝐡𝐢𝐞̂̉𝐦 của thẻ sức khoẻ Generali NỘI - NGOẠI TRÚ HẠNG TIÊU CHUẨN . Cụ thể : 🔥 Tặng 30% phí thẻ sức khoẻ : Áp dụng cho Người được bảo hiểm từ 0 đến 5 tuổi. 🔥 Tặng 20% phí thẻ sức khoẻ : Áp dụng cho Người được bảo hiểm trên 5 tuổi ⏰ Thời gian áp dụng: Từ 01/09/2026 đến 30/09/2026 📩 𝐂𝐨̛ 𝐡𝐨̣̂𝐢 đ𝐞̂̉ 𝐜𝐡𝐨̂́𝐭 𝐭𝐡𝐚𝐦 𝐠𝐢𝐚 𝐭𝐡𝐞̉ 𝐬𝐮̛́𝐜 𝐤𝐡𝐨𝐞̉ 𝐆𝐞𝐧𝐞𝐫𝐚𝐥𝐢 𝐤𝐡𝐨̂𝐧𝐠 đ𝐨̂̀𝐧𝐠 𝐜𝐡𝐢 𝐦𝐨̣𝐢 𝐥𝐮̛́𝐚 𝐭𝐮𝐨̂̉𝐢. #KhanhHaBaohiem #DaiLeMung2Thang9 #QuatangGenerali #TheSucKhoeGenerali,tuvanbaohiemnhanthovn,Hiệp Hội Tư vấn Bảo hiểm Nhân thọ Việt Nam,https://www.facebook.com/groups/tuvanbaohiemnhanthovn/,Khánh Hà Generali,https://www.facebook.com/miaow91,0,0,0,0,0,0,0,0,0,0,,
28561630006782735,https://www.facebook.com/groups/congdongtuvanvienbaohiem/posts/28561630006782735/,2026-09-01,"11 triệu tỷ đồng – là số tiền người dân Việt Nam đang gửi tại ngân hàng. Trong khi đó, chỉ khoảng 11–12% dân số có bảo hiểm nhân thọ. Điều này cho thấy: người dân không thiếu tiền để bảo vệ mình, mà chúng ta chưa giúp họ nhìn thấy đủ rõ giá trị của sự bảo vệ. Tiền gửi giúp tích lũy khi cuộc sống bình thường. Bảo hiểm giúp bảo vệ kế hoạch tài chính khi điều không bình thường xảy ra. Vì vậy, người tư vấn hôm nay không chỉ cần “bán một hợp đồng”, mà cần giúp khách hàng hiểu rủi ro, hiểu nhu cầu và hiểu vì sao một phần tài sản nên được dành cho sự bảo vệ. Khoảng trống của thị trường không nằm ở tiền. Nó nằm ở niềm tin, nhận thức và cách chúng ta tư vấn. ❤️✅Còn rất nhiều gia đình đang có khả năng tài chính, nhưng chưa có một kế hoạch bảo vệ tương xứng. Đây chính là cơ hội và cũng là sứ mệnh của người làm bảo hiểm. #PhúBảoHiểm #BảoHiểmViệnPhí #BảoHiểmSứcLaoĐộng #BảoHiểmChoNgườiTrụCột #BảoHiểmBệnhHiểmNghèo",congdongtuvanvienbaohiem,Cộng đồng Tư vấn viên bảo hiểm,https://www.facebook.com/groups/congdongtuvanvienbaohiem/,Phú Bảo Hiểm,https://www.facebook.com/baohiemsuckhoetrondoi,0,0,0,0,0,0,0,0,0,0,https://scontent.fsgn21-1.fna.fbcdn.net/v/t39.30808-6/789490360_1728113112651879_3987511325422817924_n.jpg?stp=dst-jpg_tt6&cstp=mx1143x1626&ctp=p843x403&_nc_cat=107&ccb=1-7&_nc_sid=aa7b47&_nc_ohc=S1SfqW9bCSgQ7kNvwG7GMt0&_nc_oc=AdoNwpKjJ_V1-Nn0-ApTHPy-CTlqnWc5pGRZYeJgYy97e_OLz0ivdHqVqJcNh53Rskc&_nc_zt=23&_nc_ht=scontent.fsgn21-1.fna&_nc_gid=jPmCyXnJjnnKIoE8MQ63BA&_nc_ss=7b2a8&oh=00_AQJPpLvL77aQ2gyxtAa7iI4s2chg6yi8lLNk5o2GlLdEAg&oe=6AA5AB52|https://scontent.fsgn21-1.fna.fbcdn.net/v/t39.30808-6/789565104_1728113115985212_769911586991025918_n.jpg?stp=dst-jpg_tt6&cstp=mx1148x1632&ctp=p843x403&_nc_cat=104&ccb=1-7&_nc_sid=aa7b47&_nc_ohc=oqmYYMIOs9oQ7kNvwG3-DO6&_nc_oc=Ado8GYzAWpU6F7HAADRgG85gzbOTU_4A7uYhVYuOKJsWuzqY41ymxeBkw2eWCFD2Mmo&_nc_zt=23&_nc_ht=scontent.fsgn21-1.fna&_nc_gid=jPmCyXnJjnnKIoE8MQ63BA&_nc_ss=7b2a8&oh=00_AQJrkWhTMxenFFZ-S5LqDx7vDenYtIJ3o1lHMF8Gm1-WKA&oe=6AA5AE3A,
1616423609941939,https://www.facebook.com/groups/baohiemnhantho.chuyenvien/posts/1616423609941939/,2026-09-01,"11 triệu tỷ đồng – là số tiền người dân Việt Nam đang gửi tại ngân hàng. Trong khi đó, chỉ khoảng 11–12% dân số có bảo hiểm nhân thọ. Điều này cho thấy: người dân không thiếu tiền để bảo vệ mình, mà chúng ta chưa giúp họ nhìn thấy đủ rõ giá trị của sự bảo vệ. Tiền gửi giúp tích lũy khi cuộc sống bình thường. Bảo hiểm giúp bảo vệ kế hoạch tài chính khi điều không bình thường xảy ra. Vì vậy, người tư vấn hôm nay không chỉ cần “bán một hợp đồng”, mà cần giúp khách hàng hiểu rủi ro, hiểu nhu cầu và hiểu vì sao một phần tài sản nên được dành cho sự bảo vệ. Khoảng trống của thị trường không nằm ở tiền. Nó nằm ở niềm tin, nhận thức và cách chúng ta tư vấn. ❤️✅Còn rất nhiều gia đình đang có khả năng tài chính, nhưng chưa có một kế hoạch bảo vệ tương xứng. Đây chính là cơ hội và cũng là sứ mệnh của người làm bảo hiểm. #PhúBảoHiểm #BảoHiểmViệnPhí #BảoHiểmSứcLaoĐộng #BảoHiểmChoNgườiTrụCột #BảoHiểmBệnhHiểmNghèo",baohiemnhantho.chuyenvien,BẢO HIỂM NHÂN THỌ - Hội chuyên viên tư vấn,https://www.facebook.com/groups/baohiemnhantho.chuyenvien/,Phú Bảo Hiểm,https://www.facebook.com/baohiemsuckhoetrondoi,4,3,1,0,0,0,0,0,0,0,https://scontent.fsgn21-1.fna.fbcdn.net/v/t39.30808-6/789490360_1728113112651879_3987511325422817924_n.jpg?stp=dst-jpg_tt6&cstp=mx1143x1626&ctp=p843x403&_nc_cat=107&ccb=1-7&_nc_sid=aa7b47&_nc_ohc=S1SfqW9bCSgQ7kNvwG7GMt0&_nc_oc=AdoNwpKjJ_V1-Nn0-ApTHPy-CTlqnWc5pGRZYeJgYy97e_OLz0ivdHqVqJcNh53Rskc&_nc_zt=23&_nc_ht=scontent.fsgn21-1.fna&_nc_gid=KDDJy9H5DEifokBZkKdPdw&_nc_ss=7b2a8&oh=00_AQJryQz024Wj0l_LUavooAWqzfseu-Foo7wpiaKwj4fuVg&oe=6AA5AB52|https://scontent.fsgn21-1.fna.fbcdn.net/v/t39.30808-6/789565104_1728113115985212_769911586991025918_n.jpg?stp=dst-jpg_tt6&cstp=mx1148x1632&ctp=p843x403&_nc_cat=104&ccb=1-7&_nc_sid=aa7b47&_nc_ohc=oqmYYMIOs9oQ7kNvwG3-DO6&_nc_oc=Ado8GYzAWpU6F7HAADRgG85gzbOTU_4A7uYhVYuOKJsWuzqY41ymxeBkw2eWCFD2Mmo&_nc_zt=23&_nc_ht=scontent.fsgn21-1.fna&_nc_gid=KDDJy9H5DEifokBZkKdPdw&_nc_ss=7b2a8&oh=00_AQKfiaNz8Ro8HAFA1eGwPOEpwGT-Ac9bQXDyQxRjHjaVow&oe=6AA5AE3A,
1616406523276981,https://www.facebook.com/groups/baohiemnhantho.chuyenvien/posts/1616406523276981/,2026-09-01,"CHÀO MỪNG QUỐC KHÁNH 02/09 Độc lập, tự do là những giá trị vô giá được vun đắp, gìn giữ và trao truyền qua nhiều thế hệ. Để hôm nay, mỗi chúng ta được sống, được theo đuổi những điều tốt đẹp và vững tin hướng tới một tương lai tốt đẹp hơn. Nhân dịp Quốc khánh 02/09, AIA Việt Nam kính chúc Quý khách hàng và gia đình một kỳ nghỉ lễ ý nghĩa, trọn vẹn niềm vui bên những người thân yêu. Cùng trân quý những giá trị được trao truyền và tiếp tục vững bước trên hành trình Sống Khỏe hơn, Lâu hơn, Hạnh phúc hơn. #PhúBảoHiểm #BảoHiểmViệnPhí #BảoHiểmSứcLaoĐộng #BảoHiểmChoNgườiTrụCột #BảoHiểmBệnhHiểmNghèo",baohiemnhantho.chuyenvien,BẢO HIỂM NHÂN THỌ - Hội chuyên viên tư vấn,https://www.facebook.com/groups/baohiemnhantho.chuyenvien/,Phú Bảo Hiểm,https://www.facebook.com/baohiemsuckhoetrondoi,0,0,0,0,0,0,0,0,0,0,,
28561377283474674,https://www.facebook.com/groups/congdongtuvanvienbaohiem/posts/28561377283474674/,2026-09-01,"CHÀO MỪNG QUỐC KHÁNH 02/09 Độc lập, tự do là những giá trị vô giá được vun đắp, gìn giữ và trao truyền qua nhiều thế hệ. Để hôm nay, mỗi chúng ta được sống, được theo đuổi những điều tốt đẹp và vững tin hướng tới một tương lai tốt đẹp hơn. Nhân dịp Quốc khánh 02/09, AIA Việt Nam kính chúc Quý khách hàng và gia đình một kỳ nghỉ lễ ý nghĩa, trọn vẹn niềm vui bên những người thân yêu. Cùng trân quý những giá trị được trao truyền và tiếp tục vững bước trên hành trình Sống Khỏe hơn, Lâu hơn, Hạnh phúc hơn. #PhúBảoHiểm #BảoHiểmViệnPhí #BảoHiểmSứcLaoĐộng #BảoHiểmChoNgườiTrụCột #BảoHiểmBệnhHiểmNghèo",congdongtuvanvienbaohiem,Cộng đồng Tư vấn viên bảo hiểm,https://www.facebook.com/groups/congdongtuvanvienbaohiem/,Phú Bảo Hiểm,https://www.facebook.com/baohiemsuckhoetrondoi,0,0,0,0,0,0,0,0,0,0,,
28561054546840281,https://www.facebook.com/groups/congdongtuvanvienbaohiem/posts/28561054546840281/,2026-09-01,"Tiết kiệm vài trăm nghìn mỗi tháng thì khó đến đâu? Hay xoay vài chục, vài trăm triệu trong 1 ngày khi biến cố bất ngờ ập xuống mới khó? Lúc chưa có chuyện, vài trăm nghìn thấy tiếc. Đến lúc có chuyện, vài trăm triệu cũng chưa chắc xoay kịp. Tiền không tự nhiên xuất hiện khi mình gặp rủi ro. Nó phải được chuẩn bị từ những ngày mình vẫn còn bình yên. ☎️ Vân – TVV Dai-ichi 📞 0764 368 513 #VanTVVDaiichi #DaiichiLife #BaoHiemNhanTho #BaoHiemSucKhoe #ChuDongBaoVe #TaiChinhGiaDinh #BaoVeTuHomNay",congdongtuvanvienbaohiem,Cộng đồng Tư vấn viên bảo hiểm,https://www.facebook.com/groups/congdongtuvanvienbaohiem/,Lưu Vân,https://www.facebook.com/luu.van.516449,0,0,0,0,0,0,0,0,2,0,https://scontent.fsgn21-1.fna.fbcdn.net/v/t39.30808-6/791483452_4016461031987207_1967918279332214355_n.jpg?stp=dst-jpg_tt6&cstp=mx1290x1194&ctp=s1290x1194&_nc_cat=102&ccb=1-7&_nc_sid=aa7b47&_nc_ohc=vdHBHAnBNdkQ7kNvwH8UDQ4&_nc_oc=AdrzvUpPdAMK70awkStP3sjxUR_zHndXs8qlES0OHt7r7_2hTpwogoZZuvgQkBL7oi0&_nc_zt=23&_nc_ht=scontent.fsgn21-1.fna&_nc_gid=rMw31g5N6CCPGplfHr5RGg&_nc_ss=7b2a8&oh=00_AQKP17HNl9550zGf9MtWO14LoWCYUNj2IsNE6N0QIfmRIA&oe=6AA5A9EF|https://scontent.fsgn21-1.fna.fbcdn.net/v/t39.30808-6/789424919_4016461121987198_3684686991878791319_n.jpg?stp=dst-jpg_tt6&cstp=mx1290x1194&ctp=s1290x1194&_nc_cat=105&ccb=1-7&_nc_sid=aa7b47&_nc_ohc=Zr0A4I4cSbUQ7kNvwGadk4Z&_nc_oc=Ado8dPDbBqC1bHiTeQnq9MgHYIbRdueTbmusxPoE7s4p5bI3HhVVjSBnc3fpecovJ3s&_nc_zt=23&_nc_ht=scontent.fsgn21-1.fna&_nc_gid=rMw31g5N6CCPGplfHr5RGg&_nc_ss=7b2a8&oh=00_AQKe7Tuf5XLqP_ZnjO7GJH0qvcpxap1K4-fX6jeB6FHtLg&oe=6AA5BBD5,
2245128539758433,https://www.facebook.com/groups/296975261240447/posts/2245128539758433/,2026-09-01,"Tiết kiệm vài trăm nghìn mỗi tháng thì khó đến đâu? Hay xoay vài chục, vài trăm triệu trong 1 ngày khi biến cố bất ngờ ập xuống mới khó? Lúc chưa có chuyện, vài trăm nghìn thấy tiếc. Đến lúc có chuyện, vài trăm triệu cũng chưa chắc xoay kịp. Tiền không tự nhiên xuất hiện khi mình gặp rủi ro. Nó phải được chuẩn bị từ những ngày mình vẫn còn bình yên. ☎️ Vân – TVV Dai-ichi 📞 0764 368 513 #VanTVVDaiichi #DaiichiLife #BaoHiemNhanTho #BaoHiemSucKhoe #ChuDongBaoVe #TaiChinhGiaDinh #BaoVeTuHomNay",296975261240447,REVIEW BẢO HIỂM NHÂN THỌ,https://www.facebook.com/groups/296975261240447/,Lưu Vân,https://www.facebook.com/luu.van.516449,0,0,0,0,0,0,0,0,0,0,https://scontent.fsgn21-1.fna.fbcdn.net/v/t39.30808-6/791483452_4016461031987207_1967918279332214355_n.jpg?stp=dst-jpg_tt6&cstp=mx1290x1194&ctp=s1290x1194&_nc_cat=102&ccb=1-7&_nc_sid=aa7b47&_nc_ohc=vdHBHAnBNdkQ7kNvwH8UDQ4&_nc_oc=AdrzvUpPdAMK70awkStP3sjxUR_zHndXs8qlES0OHt7r7_2hTpwogoZZuvgQkBL7oi0&_nc_zt=23&_nc_ht=scontent.fsgn21-1.fna&_nc_gid=AyciiK8mto6l8g6whMK1Nw&_nc_ss=7b2a8&oh=00_AQKlPUnUbnUB9EDgOFwq59A7ozVipsCQBbLGDy-bQNlw5Q&oe=6AA5A9EF|https://scontent.fsgn21-1.fna.fbcdn.net/v/t39.30808-6/789424919_4016461121987198_3684686991878791319_n.jpg?stp=dst-jpg_tt6&cstp=mx1290x1194&ctp=s1290x1194&_nc_cat=105&ccb=1-7&_nc_sid=aa7b47&_nc_ohc=Zr0A4I4cSbUQ7kNvwGadk4Z&_nc_oc=Ado8dPDbBqC1bHiTeQnq9MgHYIbRdueTbmusxPoE7s4p5bI3HhVVjSBnc3fpecovJ3s&_nc_zt=23&_nc_ht=scontent.fsgn21-1.fna&_nc_gid=AyciiK8mto6l8g6whMK1Nw&_nc_ss=7b2a8&oh=00_AQLrvy6UGbeD1UKDFG2srPyFi7XCYUyExmhSyVd5Ul-wZQ&oe=6AA5BBD5,
1745784616628862,https://www.facebook.com/groups/hoireviewbaohiem/posts/1745784616628862/,2026-09-01,☘️ GENERALI - MỪNG QUỐC KHÁNH 02/09 🇻🇳🇻🇳🇻🇳 🎁 𝐍𝐡𝐚̣̂𝐧 𝐧𝐠𝐚𝐲 𝐪𝐮𝐚̀ 𝐭𝐚̣̆𝐧𝐠 𝐭𝐢𝐞̂̀𝐧 𝐦𝐚̣̆𝐭 𝐭𝐮̛𝐨̛𝐧𝐠 đ𝐮̛𝐨̛𝐧𝐠 𝟐𝟎% 𝐡𝐨𝐚̣̆𝐜 𝟑𝟎% 𝐩𝐡𝐢́ 𝐛𝐚̉𝐨 𝐡𝐢𝐞̂̉𝐦 của thẻ sức khoẻ Generali NỘI - NGOẠI TRÚ HẠNG TIÊU CHUẨN . Cụ thể : 🔥 Tặng 30% phí thẻ sức khoẻ : Áp dụng cho Người được bảo hiểm từ 0 đến 5 tuổi. 🔥 Tặng 20% phí thẻ sức khoẻ : Áp dụng cho Người được bảo hiểm trên 5 tuổi ⏰ Thời gian áp dụng: Từ 01/09/2026 đến 30/09/2026 📩 𝐂𝐨̛ 𝐡𝐨̣̂𝐢 đ𝐞̂̉ 𝐜𝐡𝐨̂́𝐭 𝐭𝐡𝐚𝐦 𝐠𝐢𝐚 𝐭𝐡𝐞̉ 𝐬𝐮̛́𝐜 𝐤𝐡𝐨𝐞̉ 𝐆𝐞𝐧𝐞𝐫𝐚𝐥𝐢 𝐤𝐡𝐨̂𝐧𝐠 đ𝐨̂̀𝐧𝐠 𝐜𝐡𝐢 𝐦𝐨̣𝐢 𝐥𝐮̛́𝐚 𝐭𝐮𝐨̂̉𝐢. - 𝐊𝐡𝐚́𝐧𝐡 𝐇𝐚̀ 𝐁𝐚̉𝐨 𝐡𝐢𝐞̂̉𝐦 | 𝐁𝐚̉𝐨 𝐡𝐢𝐞̂̉𝐦 𝐆𝐞𝐧𝐞𝐫𝐚𝐥𝐢 - 𝑪𝒉𝒂̆𝒎 𝒔𝒐́𝒄 & đ𝒐̂̀𝒏𝒈 𝒉𝒂̀𝒏𝒉 𝒌𝒉𝒂́𝒄𝒉 𝒉𝒂̀𝒏𝒈 𝒕𝒓𝒆̂𝒏 𝒕𝒐𝒂̀𝒏 𝒒𝒖𝒐̂́𝒄 📞 09.686.739.7️⃣6️⃣ #KhanhHaBaohiem #DaiLeMung2Thang9 #QuatangGenerali #TheSucKhoeGenerali,hoireviewbaohiem,REVIEW BẢO HIỂM,https://www.facebook.com/groups/hoireviewbaohiem/,Khánh Hà Generali,https://www.facebook.com/miaow91,1,1,0,0,0,0,0,0,0,4,,
2245066846431269,https://www.facebook.com/groups/296975261240447/posts/2245066846431269/,2026-09-01,"🇺🇸 MUỐN GIỮ QUYỀN LỰA CHỌN ĐIỀU TRỊ TẠI MỸ NẾU CẦN? Bạn chưa chắc sẽ cần điều trị ở nước ngoài — nhưng khi một vấn đề sức khỏe lớn xảy ra, bạn có thể muốn được chủ động lựa chọn nơi điều trị phù hợp hơn, thay vì chỉ giới hạn trong Việt Nam. Vấn đề: nhiều thẻ sức khỏe có hạn mức lớn, nhưng khi sử dụng ở nước ngoài lại cần xem kỹ phạm vi bảo hiểm và các giới hạn của từng quyền lợi. Một con số vài tỷ đồng trên thẻ chưa nói hết được bạn có thể sử dụng quyền lợi đó như thế nào khi cần điều trị ngoài Việt Nam. Giải pháp: VITA – Sức Khỏe Kim Cương của Generali dành cho khách hàng cần phạm vi chăm sóc y tế rộng, từ Việt Nam đến nước ngoài — bao gồm Mỹ. ✅ Nội trú lên đến 5 tỷ đồng/năm. ✅ Phạm vi điều trị trong và ngoài nước. ✅ Bao gồm Mỹ — phù hợp với người muốn giữ thêm lựa chọn điều trị khi cần. ✅ Không giới hạn phụ khi điều trị ở nước ngoài, trong phạm vi quyền lợi và điều khoản của chương trình. Đặc biệt phù hợp với những gia đình có tiêu chuẩn y tế cao, thường xuyên đi nước ngoài, có người thân sinh sống ở nước ngoài hoặc đơn giản là không muốn giới hạn lựa chọn điều trị của mình trong một quốc gia. Thẻ sức khỏe cao cấp không chỉ nằm ở câu hỏi: “Hạn mức bao nhiêu?” Mà còn là: “Khi thực sự cần, tôi được quyền lựa chọn điều trị ở đâu?” 📌 Nhắn tin để Kiệt gửi thông tin quyền lợi Kim Cương và cùng kiểm tra xem nhu cầu của gia đình có phù hợp với phạm vi bảo vệ này không. Tô Quốc Kiệt | Generali Việt Nam 📞 0832 806 968 #Generali #VitaSucKhoeKimCuong #BaoHiemSucKhoe #BaoHiemSucKhoeQuocTe #DieuTriNuocNgoai #DieuTriTaiMy",296975261240447,REVIEW BẢO HIỂM NHÂN THỌ,https://www.facebook.com/groups/296975261240447/,Tô Quốc Kiệt,https://www.facebook.com/Kiet.MDRT,0,0,0,0,0,0,0,0,1,0,,
1323628082973770,https://www.facebook.com/groups/bvqlkhbhnt/posts/1323628082973770/,2026-09-01,Ờmericờn Danh! Nhìn qua tưởng ghê gớm mà sát vô lại thất rất za zì và này nọ í 😄,bvqlkhbhnt,BẢO VỆ QUYỀN LỢI KHÁCH HÀNG BẢO HIỂM NHÂN THỌ,https://www.facebook.com/groups/bvqlkhbhnt/,Ngô Hà Minh,https://www.facebook.com/ngohaminh,14,9,3,0,2,0,0,0,1,3,,
28559992406946495,https://www.facebook.com/groups/congdongtuvanvienbaohiem/posts/28559992406946495/,2026-09-01,"🔥 VIB TUYỂN DỤNG CHUYÊN VIÊN THẺ – THU NHẬP TỪ 15 TRIỆU/THÁNG - ĐI LÀM NGAY NGÀY LÀM 4 TIẾNG 🔥 Bạn đang tìm kiếm một công việc năng động, thu nhập hấp dẫn và cơ hội phát triển trong môi trường ngân hàng chuyên nghiệp? Đây chính là cơ hội dành cho bạn! 💰 Quyền lợi hấp dẫn ✅ Ngày làm 4 tiếng ✅ Thu nhập từ 15 triệu đồng/tháng trở lên và không giới hạn ✅ Làm việc theo job tại trung tâm thương mại, siêu thị, nhà sách đã được ngân hàng VIB hợp tác cùng đối tác uy tín ✅ Được đào tạo bài bản từ đầu, không yêu cầu kinh nghiệm ✅ Môi trường làm việc trẻ trung, năng động ✅ Mở rộng mạng lưới quan hệ và phát triển kỹ năng giao tiếp, bán hàng 🎯 Yêu cầu ứng viên ✔ Nhanh nhẹn, nhiệt huyết và có trách nhiệm trong công việc ✔ Sử dụng tốt điện thoại di động và các ứng dụng cơ bản ✔ Có tinh thần học hỏi, chủ động và kỹ năng giao tiếp tốt 📍 Địa điểm làm việc: Theo các điểm cố định tại các trung tâm thương mại, siêu thị, nhà sách mà VIB đã đặt hàng với đối tác. 👤 Liên hệ: Nguyễn Phúc Đạt – Giám đốc Phát triển Kênh Thẻ VIB 📧 Email: dat.nguyenphuc1@vib.com.vn 📱 SĐT: 0971 107 366 📩 Ứng viên vui lòng gửi CV qua Zalo để nhận thông tin chi tiết và đăng ký phỏng vấn. ⏰ Số lượng tuyển dụng có hạn – Nhanh tay ứng tuyển để không bỏ lỡ cơ hội gia nhập VIB!",congdongtuvanvienbaohiem,Cộng đồng Tư vấn viên bảo hiểm,https://www.facebook.com/groups/congdongtuvanvienbaohiem/,Nguyễn Phúc Đạt,https://www.facebook.com/PhucDat238,0,0,0,0,0,0,0,0,0,0,,
1616319619952338,https://www.facebook.com/groups/baohiemnhantho.chuyenvien/posts/1616319619952338/,2026-09-01,"Trong nhóm mình có anh/chị nào đang làm tư vấn bảo hiểm không ạ? Mình đang muốn kết nối thêm với một số anh/chị tư vấn ở các khu vực khác nhau. Thỉnh thoảng bên mình có người hỏi về bảo hiểm nhưng không phải nhu cầu nào mình cũng có người phù hợp để hỗ trợ. Nên muốn làm quen thêm với mọi người, sau này nếu có trường hợp phù hợp thì có thể hỗ trợ và kết nối cho nhau 😊 Anh/chị đang làm khu vực nào và chuyên dòng bảo hiểm nào có thể comment giao lưu nhé.",baohiemnhantho.chuyenvien,BẢO HIỂM NHÂN THỌ - Hội chuyên viên tư vấn,https://www.facebook.com/groups/baohiemnhantho.chuyenvien/,Ngoc Anh Nguyen,https://www.facebook.com/profile.php?id=61582681787678,40,37,3,0,0,0,0,0,0,66,,
28559909996954736,https://www.facebook.com/groups/congdongtuvanvienbaohiem/posts/28559909996954736/,2026-09-01,Minh cần tham gia bảo hiểm tích lũy kèm sức khỏe cho bản thân . Tài chính tầm 30tr. A/c nào beên bảo hiểm uy tín tư vấb giúp mình ạ. Zalo 0386453523. Mình cảm ơn !,congdongtuvanvienbaohiem,Cộng đồng Tư vấn viên bảo hiểm,https://www.facebook.com/groups/congdongtuvanvienbaohiem/,TurquoiseAlligator8901,,14,11,3,0,0,0,0,0,0,21,,
1745721029968554,https://www.facebook.com/groups/hoireviewbaohiem/posts/1745721029968554/,2026-09-01,"🇻🇳 MỪNG QUỐC KHÁNH 2/9 – GENERALI GỬI TẶNG MỘT “MÓN QUÀ SỨC KHỎE” ĐẾN CẢ GIA ĐÌNH! ❤️ Từ 01/09 – 30/09/2026, chương trình “Hành trình sống khỏe – Trao bảo vệ trọn an tâm” dành cho khách hàng đủ điều kiện: 🎁 Quà tặng tương đương 20% phí – NĐBH trên 5 tuổi 🎁 Quà tặng tương đương 30% phí – NĐBH từ 0 đến 5 tuổi Đặc biệt với gia đình có con nhỏ, đây cũng là dịp để ba mẹ cân nhắc chủ động chuẩn bị giải pháp chăm sóc sức khỏe cho con khi con còn khỏe, lưu ý các điều kiện tham gia và thời gian chờ theo sản phẩm. ❤️ Mừng Quốc Khánh – trao bảo vệ, gửi an tâm đến những người mình yêu thương. 📩 Nhắn Quỳnh để kiểm tra sản phẩm, quyền lợi và điều kiện nhận quà phù hợp. Chương trình áp dụng theo thể lệ, sản phẩm và điều kiện của Generali. #quynhluckybaohiem #baohiemnhantho #GeneraliVietnam #CC01",hoireviewbaohiem,REVIEW BẢO HIỂM,https://www.facebook.com/groups/hoireviewbaohiem/,Luu Duong Quynh,https://www.facebook.com/luuduongquynh.quynh,3,2,1,0,0,0,0,0,0,0,,
1745737233300267,https://www.facebook.com/groups/hoireviewbaohiem/posts/1745737233300267/,2026-09-01,"Hỏi đáp quyền lợi bảo hiểm sức khoẻ Công ty có mua cho nhân viên BHSK PTI, quyền lợi thai sản tối đa 20tr/lần sinh (tất nhiên còn áp dụng các mức giới hạn phụ khác) Tuy nhiên đoạn giải thích quyền lợi có đoạn “Giải thích rõ ý của câu này trong hợp đồng bảo hiểm PTI đồng ý mở rộng bảo hiểm cho các gói sinh dịch vụ tại các Bệnh viện Công, cụ thể:áp dụng 1 trong 2 cách sau theo quyền lợi cao hơn - Đối với chi phí sinh tại BV công: PTI đồng ý chi trả chi phí yêu cầu, tối đa VND 13,000,000/ ca sinh (không bao gồm các chi phí đẻ không đau, chiếu tia Plasma), trong đó: + Sinh thường: Thanh toán theo giới hạn viện phí/ngày + Sinh mổ: Thanh toán 50% theo giới hạnviện phí/ngày + 50% theo giới hạn phẫu thuật Hoặc - Chi phí điều trị không có bảng kê: PTI đồng ý chi trả chi phí y tế thực tế không vượt quá các giới hạn phụ tối đa theo giới hạn thai sản hoặc 20 triệu (chi phí nào thấp hơn), trong đó: + Sinh thường: Thanh toán theo giới hạn viện phí/ngày + Sinh mổ: Thanh toán 50% theo giới hạnviện phí/ngày + 50% theo giới hạn phẫu thuật” Vậy anh chị có kinh nghiệm có thể giải thích cho em việc 13tr này đc ko ạ? Giả sử em muốn sinh ở PSTW, gói sinh dịch vụ 15 tr là chi phí chọn giờ và chọn bsi, còn lại dùng bao nhiêu chi trả thêm (năm 2025 e hết tổng 38tr) Thì bâyh nếu đăng kí gói dịch vụ thì BH chỉ trả tối đa 13tr hay sao ạ?",hoireviewbaohiem,REVIEW BẢO HIỂM,https://www.facebook.com/groups/hoireviewbaohiem/,Người_dùng_BH_nghiệp_dư,,4,4,0,0,0,0,0,0,0,8,,
2245038729767414,https://www.facebook.com/groups/296975261240447/posts/2245038729767414/,2026-09-01,"Bài 19: Mừng Quốc khánh Việt Nam và khởi động kinh doanh tháng 9 tại AIA Hải Dương. Chúc tất cả các khách hàng, tư vấn viên có 1 kỳ nghỉ lễ thật vui vẻ, hạnh phúc bên gia đình! 🥰 #dinhthichinh #baohiemnhanthoaia #vietnam #quockhanh #giadinh #cuocsong",296975261240447,REVIEW BẢO HIỂM NHÂN THỌ,https://www.facebook.com/groups/296975261240447/,Đinh Thị Chính,https://www.facebook.com/inhthichinh.210095,0,0,0,0,0,0,0,0,0,0,,
28558858303726572,https://www.facebook.com/groups/congdongtuvanvienbaohiem/posts/28558858303726572/,2026-09-01,"Có bác nào đã dùng bảo hiểm aia chưa ạ. Cho em hỏi khám ngoại trú cho con các bác claim có bị loại trừ nhiều không (kiểu xét nghiệm do bsi chỉ định mà âm tính thì có dc thanh toán k ạ) E đag cân nhắc giữa AIA gói 14tr và Gen gói ngày mai vững chắc. Mong muốn khám, nằm viện các viện như đại học y, xanhpon, hồng ngọc phúc trường minh, phenika thì cái nào claim ngon hơn ạ.",congdongtuvanvienbaohiem,Cộng đồng Tư vấn viên bảo hiểm,https://www.facebook.com/groups/congdongtuvanvienbaohiem/,CaptivatingOstrich7099,,2,1,1,0,0,0,0,0,0,1,,
28558819397063796,https://www.facebook.com/groups/congdongtuvanvienbaohiem/posts/28558819397063796/,2026-09-01,Minh cần tham gia bảo hiểm tích lũy kèm sức khỏe cho bản thân . Tài chính tầm 30tr. A/c nào beên bảo hiểm uy tín tư vấb giúp mình ạ. Zalo 0386453523. Mình cảm ơn !,congdongtuvanvienbaohiem,Cộng đồng Tư vấn viên bảo hiểm,https://www.facebook.com/groups/congdongtuvanvienbaohiem/,TurquoiseAlligator8901,,33,28,5,0,0,0,0,0,0,46,,
2128504407736361,https://www.facebook.com/groups/tuvanbaohiemnhanthovn/posts/2128504407736361/,2026-09-01,"Mình cần tìm tư vấn viên ở TPHCM làm 2 việc: 1 là lên gói BH nhân thọ kèm thẻ sức khỏe nội trú tối ưu cho vợ (29 tuổi, khỏe mạnh). 2 là tư vấn và xử lý hồ sơ cho mình (38 tuổi, đang điều trị huyết áp nhưng kiểm soát tốt, có sẵn giấy tờ bệnh viện minh bạch). Bạn nào chuyên môn tốt, tự tin làm được hồ sơ thì inbox trực tiếp trao đổi cụ thể giúp mình nhé.",tuvanbaohiemnhanthovn,Hiệp Hội Tư vấn Bảo hiểm Nhân thọ Việt Nam,https://www.facebook.com/groups/tuvanbaohiemnhanthovn/,BouncyApricot2619,,16,10,6,0,0,0,0,0,0,27,,
1745212033352787,https://www.facebook.com/groups/hoireviewbaohiem/posts/1745212033352787/,2026-09-01,"Mn cho mh hỏi Xem lại quyền lợi của thẻ sk của gen mà mh đã mua ở chỗ nào, Vào trong app thì k ghi cụ thể quyền lợi chỉ ghi chung ví dụ 120tr chả hạn Và thẻ mh mua từ năm 2024 ( bổ sung mua thêm sau gói nhân thọ ban đầu) Vậy thẻ này mh vẫn dc tái tục tiếp đến năm 85 tuổi hay đến năm 75 tuổi K thấy ghi quyền lợi hay hạn ở đâu nên mh k biết xem lại như nào Mức phí sẽ đóng của thẻ sk này thay đổi hàng năm theo độ tuổi thì mh xem ở đâu, nó sẽ theo biểu phí hồi mh bắt đầu mua hay nó theo biểu phí mới của bây giờ Nếu theo biểu phí cũ thì là xem biểu phí này ở đâu. Mh muốn xem lại chi tiết vì mh muốn đổi thẻ sang bên khác nên xem so sánh lại do đều k bị loại trừ gì nên thấy bên nào hơn thì mh đổi bên đó thôi",hoireviewbaohiem,REVIEW BẢO HIỂM,https://www.facebook.com/groups/hoireviewbaohiem/,RelaxingJackfruit2366,,10,9,1,0,0,0,0,0,0,25,,
1745312703342720,https://www.facebook.com/groups/hoireviewbaohiem/posts/1745312703342720/,2026-09-01,"Cho em hỏi trước em có dùng BH Doanh nghiệp bên PVI. Sau khi nghỉ việc thì phát hiện bị K giáp, giờ đã chữa khỏi. Cho em hỏi còn có thể tự mua bh sức khỏe nữa k ạ?",hoireviewbaohiem,REVIEW BẢO HIỂM,https://www.facebook.com/groups/hoireviewbaohiem/,HappyReindeer8209,,13,11,2,0,0,0,0,0,0,10,,
1745395436667780,https://www.facebook.com/groups/hoireviewbaohiem/posts/1745395436667780/,2026-09-01,Em muốn mua bảo hiểm AIA ở Hà Nội. Em muốn được tư vấn trực tiếp. Khu vực Tây Hồ,hoireviewbaohiem,REVIEW BẢO HIỂM,https://www.facebook.com/groups/hoireviewbaohiem/,Anonymous participant,,22,19,2,1,0,0,0,0,0,18,,
2128487284404740,https://www.facebook.com/groups/tuvanbaohiemnhanthovn/posts/2128487284404740/,2026-09-01,"🚨 LẦN ĐẦU TIÊN CÓ LỊCH SỬ: THẺ SỨC KHỎE GENERALI GIẢM PHÍ KHỦNG! Không lằng nhằng điều kiện, chốt ngay tháng 9 này anh chị sẽ nhận đặc quyền chưa từng có: ✔️ KHÔNG QUY ĐỊNH số tiền tham gia hợp đồng tối thiểu năm đầu tiên. ✔️ Người lớn (trên 5 tuổi): TẶNG NGAY 20% phí thẻ. ✔️ Em bé (0 - 5 tuổi): TẶNG NGAY 30% phí thẻ + KHÔNG ĐỒNG CHI TRẢ! (Bố mẹ bớt hẳn nỗi lo ốm vặt). ⏳ Chương trình vừa bắt đầu hôm nay (01/09) và chỉ kéo dài đến hết 30/09. Anh chị inbox em ngay để thiết kế bảng minh họa và giữ suất ưu đãi nhé! #baohiemsuckhoe #baohiemnhantho #GeneraliVietnam #trumboithuong",tuvanbaohiemnhanthovn,Hiệp Hội Tư vấn Bảo hiểm Nhân thọ Việt Nam,https://www.facebook.com/groups/tuvanbaohiemnhanthovn/,Bảo Hiểm Cùng Bảo,https://www.facebook.com/trumboithuong,0,0,0,0,0,0,0,0,0,0,,
28558389803773422,https://www.facebook.com/groups/congdongtuvanvienbaohiem/posts/28558389803773422/,2026-09-01,Hồ Chí Minh mình không có sử dụng MIC nên muốn pass lại cho bạn nào có nhu cầu. 1tr cảm ơn mọi người đã quan tâm. Mong được admin duyệt bài.,congdongtuvanvienbaohiem,Cộng đồng Tư vấn viên bảo hiểm,https://www.facebook.com/groups/congdongtuvanvienbaohiem/,Lê Minh Uyên,https://www.facebook.com/profile.php?id=61584139057293,1,0,1,0,0,0,0,0,0,2,,
2244932646444689,https://www.facebook.com/groups/296975261240447/posts/2244932646444689/,2026-09-01,Đây là lý do nhiều công ty bảo hiểm lựa chọn túi vải in theo yêu cầu,296975261240447,REVIEW BẢO HIỂM NHÂN THỌ,https://www.facebook.com/groups/296975261240447/,Xưởng May Túi Vải Grepaco,https://www.facebook.com/XuongMayTuiVaiGrepaco,0,0,0,0,0,0,0,0,0,0,,
1323500759653169,https://www.facebook.com/groups/bvqlkhbhnt/posts/1323500759653169/,2026-09-01,Tự hào VIP112 #BVQLKH 💕,bvqlkhbhnt,BẢO VỆ QUYỀN LỢI KHÁCH HÀNG BẢO HIỂM NHÂN THỌ,https://www.facebook.com/groups/bvqlkhbhnt/,Ngô Hà Minh,https://www.facebook.com/ngohaminh,5,3,2,0,0,0,0,0,0,0,,
2127616704491798,https://www.facebook.com/groups/tuvanbaohiemnhanthovn/posts/2127616704491798/,2026-09-01,"Mua online bảo hiểm sức khỏe, thai sản tốt nhất. https://online.moncover.vn/bh-suc-khoe",tuvanbaohiemnhanthovn,Hiệp Hội Tư vấn Bảo hiểm Nhân thọ Việt Nam,https://www.facebook.com/groups/tuvanbaohiemnhanthovn/,Bảo hiểm online,https://www.facebook.com/profile.php?id=61559366671511,0,0,0,0,0,0,0,0,0,0,,
28557089230570146,https://www.facebook.com/groups/congdongtuvanvienbaohiem/posts/28557089230570146/,2026-08-31,"MẸ BỈM MUỐN QUAY LẠI ĐI LÀM SAU THỜI GIAN NGHỈ SINH? Có con rồi, tiêu chí chọn việc cũng khác. Mình vẫn muốn có thu nhập, phát triển sự nghiệp, nhưng cũng cần một công việc đủ linh hoạt để còn thời gian dành cho con. Team ChubbLife đang tuyển Chuyên viên Tư vấn Tài chính – Bảo hiểm Công việc phù hợp với mẹ muốn: - Chủ động thời gian làm việc - Thu nhập theo năng lực - Được đào tạo bài bản từ đầu - Có đội ngũ đồng hành, hỗ trợ - Xây dựng thương hiệu cá nhân trên mạng xã hội - Có lộ trình phát triển lên quản lý - Cơ hội tham gia các chương trình thi đua, du lịch trong và ngoài nước Không yêu cầu bạn phải từng làm bảo hiểm. Nếu bạn thích giao tiếp, chăm sóc khách hàng và muốn nghiêm túc quay trở lại thị trường lao động, hãy thử cho mình một cơ hội mới. TRƯỜNG NGUYỄN BẢO HIỂM TƯ VẤN VIÊN TÀI CHÍNH 📲 Zalo: 0932 560 166 📩 CV: TruongNguyen.Chubb@gmail.com 📍 Toà nhà Chubb Tower 260 Phan Đình Phùng, P. Cầu Kiệu, TP.HCM #ViecLamMeBim #MeBimTimViec #ViecLamSauThaiSan #TuyenDungBaoHiem #TuyenDungChubbLife #TuVanTaiChinh #TuVanBaoHiem #ViecLamLinhHoat #TimViecTPHCM",congdongtuvanvienbaohiem,Cộng đồng Tư vấn viên bảo hiểm,https://www.facebook.com/groups/congdongtuvanvienbaohiem/,Alô Trường Nguyễn,https://www.facebook.com/alotruongnguyenvn,0,0,0,0,0,0,0,0,0,0,,
