CommentID,PostID,ReplyToID,PostURL,Date,Content,group_id,status,Level,Author,Permalink,Reaction_Count,Like_Count,Love_Count,Care_Count,Haha_Count,Wow_Count,Sad_Count,Angry_Count,Reply_Count,Reply_Total_Count
1616320479952252,1616319619952338,,https://www.facebook.com/groups/baohiemnhantho.chuyenvien/posts/1616319619952338/,2026-09-01,Chào bạn mình là TVV Bh AIA ở HCM nè,baohiemnhantho.chuyenvien,labeled,0,Thanh Nguyên,https://www.facebook.com/groups/baohiemnhantho.chuyenvien/posts/1616319619952338/?comment_id=1616320479952252,1,1,0,0,0,0,0,0,0,0
1616321166618850,1616319619952338,,https://www.facebook.com/groups/baohiemnhantho.chuyenvien/posts/1616319619952338/,2026-09-01,Mình là Tuyết Sương làm bh Cathay Life Bình Dương. Sđt 0906466671. Bên mình kinh doanh cả nhân thọ và Phi nhân thọ,baohiemnhantho.chuyenvien,labeled,0,Huỳnh Sương,https://www.facebook.com/groups/baohiemnhantho.chuyenvien/posts/1616319619952338/?comment_id=1616321166618850,0,0,0,0,0,0,0,0,2,2
1616322349952065,1616319619952338,,https://www.facebook.com/groups/baohiemnhantho.chuyenvien/posts/1616319619952338/,2026-09-01,Chào chị em là tvv bên Cathay khu vực Thái Bình ạ.Rất vui dc hữu duyên ạ,baohiemnhantho.chuyenvien,labeled,0,Hiền Trần,https://www.facebook.com/groups/baohiemnhantho.chuyenvien/posts/1616319619952338/?comment_id=1616322349952065,0,0,0,0,0,0,0,0,1,2
1616325129951787,1616319619952338,,https://www.facebook.com/groups/baohiemnhantho.chuyenvien/posts/1616319619952338/,2026-09-01,Mình tvv nhà Xanh Manulife ngoài ra mình có ctv với các hãng bh phi nên sản phẩm cthe cung cấp rộng.,baohiemnhantho.chuyenvien,labeled,0,Thơm Trần,https://www.facebook.com/groups/baohiemnhantho.chuyenvien/posts/1616319619952338/?comment_id=1616325129951787,0,0,0,0,0,0,0,0,1,1
1616325826618384,1616319619952338,1616321166618850.0,https://www.facebook.com/groups/baohiemnhantho.chuyenvien/posts/1616319619952338/,2026-09-01,Nhắn tin riêng cho tôi qua ZALO0889990498,baohiemnhantho.chuyenvien,labeled,1,Ngoc Anh Nguyen,https://www.facebook.com/groups/baohiemnhantho.chuyenvien/posts/1616319619952338/?comment_id=1616321166618850&reply_comment_id=1616325826618384,0,0,0,0,0,0,0,0,0,0
1616326373284996,1616319619952338,,https://www.facebook.com/groups/baohiemnhantho.chuyenvien/posts/1616319619952338/,2026-09-01,Nhắn tin cho mình nhé !,baohiemnhantho.chuyenvien,labeled,0,Ngoc Anh Nguyen,https://www.facebook.com/groups/baohiemnhantho.chuyenvien/posts/1616319619952338/?comment_id=1616326373284996,0,0,0,0,0,0,0,0,0,0
1616330839951216,1616319619952338,1616325129951787.0,https://www.facebook.com/groups/baohiemnhantho.chuyenvien/posts/1616319619952338/,2026-09-01,Nhắn tin riêng cho tôi,baohiemnhantho.chuyenvien,labeled,1,Ngoc Anh Nguyen,https://www.facebook.com/groups/baohiemnhantho.chuyenvien/posts/1616319619952338/?comment_id=1616325129951787&reply_comment_id=1616330839951216,1,1,0,0,0,0,0,0,0,0
1616331013284532,1616319619952338,1616321166618850.0,https://www.facebook.com/groups/baohiemnhantho.chuyenvien/posts/1616319619952338/,2026-09-01,0889990498,baohiemnhantho.chuyenvien,labeled,1,Ngoc Anh Nguyen,https://www.facebook.com/groups/baohiemnhantho.chuyenvien/posts/1616319619952338/?comment_id=1616321166618850&reply_comment_id=1616331013284532,0,0,0,0,0,0,0,0,0,0
1616331183284515,1616319619952338,1616322349952065.0,https://www.facebook.com/groups/baohiemnhantho.chuyenvien/posts/1616319619952338/,2026-09-01,giao tiếp0889990498,baohiemnhantho.chuyenvien,labeled,1,Ngoc Anh Nguyen,https://www.facebook.com/groups/baohiemnhantho.chuyenvien/posts/1616319619952338/?comment_id=1616322349952065&reply_comment_id=1616331183284515,1,1,0,0,0,0,0,0,1,1
1616333636617603,1616319619952338,,https://www.facebook.com/groups/baohiemnhantho.chuyenvien/posts/1616319619952338/,2026-09-01,"Em là Trang ,TTV của Manulife, em ở HN 0942353538, rất mong đc đồng hành cùng anh c",baohiemnhantho.chuyenvien,labeled,0,TRang Tịnh Như,https://www.facebook.com/groups/baohiemnhantho.chuyenvien/posts/1616319619952338/?comment_id=1616333636617603,0,0,0,0,0,0,0,0,0,0
1616335079950792,1616319619952338,,https://www.facebook.com/groups/baohiemnhantho.chuyenvien/posts/1616319619952338/,2026-09-01,Em,baohiemnhantho.chuyenvien,labeled,0,Nguyễn Hang,https://www.facebook.com/groups/baohiemnhantho.chuyenvien/posts/1616319619952338/?comment_id=1616335079950792,0,0,0,0,0,0,0,0,0,0
1616337346617232,1616319619952338,,https://www.facebook.com/groups/baohiemnhantho.chuyenvien/posts/1616319619952338/,2026-09-01,Mình là Lan Hương - đã có kinh nghiệm làm 5 năm full-time tại AIA. Mình có thể giải quyết mọi thắc mắc của bạn về bảo hiểm.,baohiemnhantho.chuyenvien,labeled,0,Lan Hương,https://www.facebook.com/groups/baohiemnhantho.chuyenvien/posts/1616319619952338/?comment_id=1616337346617232,0,0,0,0,0,0,0,0,0,0
1616338423283791,1616319619952338,,https://www.facebook.com/groups/baohiemnhantho.chuyenvien/posts/1616319619952338/,2026-09-01,Muốn thêm Phi thì Ib mình nhé,baohiemnhantho.chuyenvien,labeled,0,Tran Dinh,https://www.facebook.com/groups/baohiemnhantho.chuyenvien/posts/1616319619952338/?comment_id=1616338423283791,0,0,0,0,0,0,0,0,0,0
1616343596616607,1616319619952338,,https://www.facebook.com/groups/baohiemnhantho.chuyenvien/posts/1616319619952338/,2026-09-01,Chào bạn! Mình là Kiên- CTy BHNT Hanwha Life Việt Nam! Rất mong được đồng hành cùng anh/chị/ em!,baohiemnhantho.chuyenvien,labeled,0,nguyễn công kiên,https://www.facebook.com/groups/baohiemnhantho.chuyenvien/posts/1616319619952338/?comment_id=1616343596616607,0,0,0,0,0,0,0,0,0,0
1616346986616268,1616319619952338,,https://www.facebook.com/groups/baohiemnhantho.chuyenvien/posts/1616319619952338/,2026-09-01,Mình tên Tiến Hợp - Công ty BH Dai-ichi Life Việt Nam khu vực Vĩnh Phúc,baohiemnhantho.chuyenvien,labeled,0,Tiến Hợp,https://www.facebook.com/groups/baohiemnhantho.chuyenvien/posts/1616319619952338/?comment_id=1616346986616268,1,1,0,0,0,0,0,0,1,1
1616350379949262,1616319619952338,,https://www.facebook.com/groups/baohiemnhantho.chuyenvien/posts/1616319619952338/,2026-09-01,"Chào bạn mình bên Bảo Việt Nhân Thọ, m ở HCM",baohiemnhantho.chuyenvien,labeled,0,Nguyễn Bảo Ngọc,https://www.facebook.com/groups/baohiemnhantho.chuyenvien/posts/1616319619952338/?comment_id=1616350379949262,0,0,0,0,0,0,0,0,2,2
1616350803282553,1616319619952338,1616350379949262.0,https://www.facebook.com/groups/baohiemnhantho.chuyenvien/posts/1616319619952338/,2026-09-01,Nguyễn Bảo Ngọc,baohiemnhantho.chuyenvien,labeled,1,Ngoc Anh Nguyen,https://www.facebook.com/groups/baohiemnhantho.chuyenvien/posts/1616319619952338/?comment_id=1616350379949262&reply_comment_id=1616350803282553,0,0,0,0,0,0,0,0,0,0
1616351059949194,1616319619952338,1616350379949262.0,https://www.facebook.com/groups/baohiemnhantho.chuyenvien/posts/1616319619952338/,2026-09-01,Nguyễn Bảo Ngọc Vui lòng gửi tin nhắn riêng cho tôi.,baohiemnhantho.chuyenvien,labeled,1,Ngoc Anh Nguyen,https://www.facebook.com/groups/baohiemnhantho.chuyenvien/posts/1616319619952338/?comment_id=1616350379949262&reply_comment_id=1616351059949194,0,0,0,0,0,0,0,0,0,0
1616351339949166,1616319619952338,1616346986616268.0,https://www.facebook.com/groups/baohiemnhantho.chuyenvien/posts/1616319619952338/,2026-09-01,Tiến Hợp Vui lòng gửi tin nhắn riêng cho tôi.,baohiemnhantho.chuyenvien,labeled,1,Ngoc Anh Nguyen,https://www.facebook.com/groups/baohiemnhantho.chuyenvien/posts/1616319619952338/?comment_id=1616346986616268&reply_comment_id=1616351339949166,0,0,0,0,0,0,0,0,0,0
1616356363281997,1616319619952338,,https://www.facebook.com/groups/baohiemnhantho.chuyenvien/posts/1616319619952338/,2026-09-01,"Mình là Hồng Ly, Tvv của Bảo Việt Nhân Thọ mình ở Tây Ninh (Long An củ)",baohiemnhantho.chuyenvien,labeled,0,Hồng Ly,https://www.facebook.com/groups/baohiemnhantho.chuyenvien/posts/1616319619952338/?comment_id=1616356363281997,0,0,0,0,0,0,0,0,1,2
1616357566615210,1616319619952338,1616356363281997.0,https://www.facebook.com/groups/baohiemnhantho.chuyenvien/posts/1616319619952338/,2026-09-01,tin nhắn riêng,baohiemnhantho.chuyenvien,labeled,1,Ngoc Anh Nguyen,https://www.facebook.com/groups/baohiemnhantho.chuyenvien/posts/1616319619952338/?comment_id=1616356363281997&reply_comment_id=1616357566615210,0,0,0,0,0,0,0,0,1,1
1616363086614658,1616319619952338,1616331183284515.0,https://www.facebook.com/groups/baohiemnhantho.chuyenvien/posts/1616319619952338/,2026-09-01,Ngoc Anh Nguyen dạ,baohiemnhantho.chuyenvien,labeled,2,Hiền Trần,https://www.facebook.com/groups/baohiemnhantho.chuyenvien/posts/1616319619952338/?comment_id=1616322349952065&reply_comment_id=1616363086614658,0,0,0,0,0,0,0,0,0,0
1616363696614597,1616319619952338,,https://www.facebook.com/groups/baohiemnhantho.chuyenvien/posts/1616319619952338/,2026-09-01,"Mình là TVV của Bảo Việt Nhân Thọ, CN Khánh Hoà ( Ninh Thuận cũ )",baohiemnhantho.chuyenvien,labeled,0,Lê Huỳnh Diễm Trân,https://www.facebook.com/groups/baohiemnhantho.chuyenvien/posts/1616319619952338/?comment_id=1616363696614597,0,0,0,0,0,0,0,0,1,1
1616369013280732,1616319619952338,,https://www.facebook.com/groups/baohiemnhantho.chuyenvien/posts/1616319619952338/,2026-09-01,"Mình nhé, TVV Bảo Việt nhân thọ Sài Gòn",baohiemnhantho.chuyenvien,labeled,0,Diệu Ngân,https://www.facebook.com/groups/baohiemnhantho.chuyenvien/posts/1616319619952338/?comment_id=1616369013280732,0,0,0,0,0,0,0,0,1,1
1616374943280139,1616319619952338,,https://www.facebook.com/groups/baohiemnhantho.chuyenvien/posts/1616319619952338/,2026-09-01,em là Huy Tvv AIA fulltime hải phòng ạ,baohiemnhantho.chuyenvien,labeled,0,Huy Đào Quang,https://www.facebook.com/groups/baohiemnhantho.chuyenvien/posts/1616319619952338/?comment_id=1616374943280139,0,0,0,0,0,0,0,0,1,1
1616376956613271,1616319619952338,1616374943280139.0,https://www.facebook.com/groups/baohiemnhantho.chuyenvien/posts/1616319619952338/,2026-09-01,tin nhắn riêng,baohiemnhantho.chuyenvien,labeled,1,Ngoc Anh Nguyen,https://www.facebook.com/groups/baohiemnhantho.chuyenvien/posts/1616319619952338/?comment_id=1616374943280139&reply_comment_id=1616376956613271,0,0,0,0,0,0,0,0,0,0
1616377039946596,1616319619952338,1616369013280732.0,https://www.facebook.com/groups/baohiemnhantho.chuyenvien/posts/1616319619952338/,2026-09-01,tin nhắn riêng,baohiemnhantho.chuyenvien,labeled,1,Ngoc Anh Nguyen,https://www.facebook.com/groups/baohiemnhantho.chuyenvien/posts/1616319619952338/?comment_id=1616369013280732&reply_comment_id=1616377039946596,0,0,0,0,0,0,0,0,0,0
1616377119946588,1616319619952338,1616363696614597.0,https://www.facebook.com/groups/baohiemnhantho.chuyenvien/posts/1616319619952338/,2026-09-01,tin nhắn riêng,baohiemnhantho.chuyenvien,labeled,1,Ngoc Anh Nguyen,https://www.facebook.com/groups/baohiemnhantho.chuyenvien/posts/1616319619952338/?comment_id=1616363696614597&reply_comment_id=1616377119946588,0,0,0,0,0,0,0,0,0,0
1616377959946504,1616319619952338,,https://www.facebook.com/groups/baohiemnhantho.chuyenvien/posts/1616319619952338/,2026-09-01,"💙 BẢO HIỂM NHÂN THỌ & PHI NHÂN THỌ – FUBON LIFE An tâm tài chính, bảo vệ cả gia đình trước rủi ro bệnh tật, tai nạn. Tư vấn miễn phí, chọn gói phù hợp thu nhập. 📲 Tú: 0919977059 – Hân: 0906807921",baohiemnhantho.chuyenvien,labeled,0,Phạm Anh Tú,https://www.facebook.com/groups/baohiemnhantho.chuyenvien/posts/1616319619952338/?comment_id=1616377959946504,0,0,0,0,0,0,0,0,0,0
1616382533279380,1616319619952338,,https://www.facebook.com/groups/baohiemnhantho.chuyenvien/posts/1616319619952338/,2026-09-01,Có mình nhé Bảo Việt nhân thọ Thái Bình,baohiemnhantho.chuyenvien,labeled,0,Hường Angle,https://www.facebook.com/groups/baohiemnhantho.chuyenvien/posts/1616319619952338/?comment_id=1616382533279380,0,0,0,0,0,0,0,0,1,1
1616382946612672,1616319619952338,,https://www.facebook.com/groups/baohiemnhantho.chuyenvien/posts/1616319619952338/,2026-09-01,Mình TVV của prudential nhé khu vực Cẩm Thuỷ- Thanh Hoá. 0908380997. Kết nối với các bạn đồng nghiệp nha,baohiemnhantho.chuyenvien,labeled,0,Quynh Anh,https://www.facebook.com/groups/baohiemnhantho.chuyenvien/posts/1616319619952338/?comment_id=1616382946612672,0,0,0,0,0,0,0,0,0,0
1616395236611443,1616319619952338,,https://www.facebook.com/groups/baohiemnhantho.chuyenvien/posts/1616319619952338/,2026-09-01,Mình là tư vấn bên đây chi mình ở khu vực Phú Thọ,baohiemnhantho.chuyenvien,labeled,0,Nguyễn Thắm,https://www.facebook.com/groups/baohiemnhantho.chuyenvien/posts/1616319619952338/?comment_id=1616395236611443,0,0,0,0,0,0,0,0,0,0
1616397923277841,1616319619952338,,https://www.facebook.com/groups/baohiemnhantho.chuyenvien/posts/1616319619952338/,2026-09-01,Thật hay đùa,baohiemnhantho.chuyenvien,labeled,0,Thúy Nguyễn,https://www.facebook.com/groups/baohiemnhantho.chuyenvien/posts/1616319619952338/?comment_id=1616397923277841,0,0,0,0,0,0,0,0,0,0
1616399913277642,1616319619952338,,https://www.facebook.com/groups/baohiemnhantho.chuyenvien/posts/1616319619952338/,2026-09-01,"Mình đang làm cho Shinhan Life, có hệ thống CTV làm phi cho Gsale, Ngôi Nhà Xanh ở HCM",baohiemnhantho.chuyenvien,labeled,0,Phạm NGọc Yến,https://www.facebook.com/groups/baohiemnhantho.chuyenvien/posts/1616319619952338/?comment_id=1616399913277642,0,0,0,0,0,0,0,0,1,1
1616400623277571,1616319619952338,,https://www.facebook.com/groups/baohiemnhantho.chuyenvien/posts/1616319619952338/,2026-09-01,Mình BVNT Đăk Lăk,baohiemnhantho.chuyenvien,labeled,0,Nguyễn Sanh,https://www.facebook.com/groups/baohiemnhantho.chuyenvien/posts/1616319619952338/?comment_id=1616400623277571,0,0,0,0,0,0,0,0,1,1
1616406363276997,1616319619952338,,https://www.facebook.com/groups/baohiemnhantho.chuyenvien/posts/1616319619952338/,2026-09-01,AIA Thái Bình thì có em nha,baohiemnhantho.chuyenvien,labeled,0,Ngọc Loan,https://www.facebook.com/groups/baohiemnhantho.chuyenvien/posts/1616319619952338/?comment_id=1616406363276997,1,1,0,0,0,0,0,0,1,3
1616408209943479,1616319619952338,1616357566615210.0,https://www.facebook.com/groups/baohiemnhantho.chuyenvien/posts/1616319619952338/,2026-09-01,Ngoc Anh Nguyen 👍👍👍,baohiemnhantho.chuyenvien,labeled,2,Hồng Ly,https://www.facebook.com/groups/baohiemnhantho.chuyenvien/posts/1616319619952338/?comment_id=1616356363281997&reply_comment_id=1616408209943479,0,0,0,0,0,0,0,0,0,0
1616410726609894,1616319619952338,,https://www.facebook.com/groups/baohiemnhantho.chuyenvien/posts/1616319619952338/,2026-09-01,Mình là Thuý tư vấn bảo hiểm fulltime tại Generali nha,baohiemnhantho.chuyenvien,labeled,0,Generali Thanh Thuy,https://www.facebook.com/groups/baohiemnhantho.chuyenvien/posts/1616319619952338/?comment_id=1616410726609894,1,1,0,0,0,0,0,0,1,1
1616422706608696,1616319619952338,1616410726609894.0,https://www.facebook.com/groups/baohiemnhantho.chuyenvien/posts/1616319619952338/,2026-09-01,Nhắn tin riêng cho tôi,baohiemnhantho.chuyenvien,labeled,1,Ngoc Anh Nguyen,https://www.facebook.com/groups/baohiemnhantho.chuyenvien/posts/1616319619952338/?comment_id=1616410726609894&reply_comment_id=1616422706608696,0,0,0,0,0,0,0,0,0,0
1616422773275356,1616319619952338,1616406363276997.0,https://www.facebook.com/groups/baohiemnhantho.chuyenvien/posts/1616319619952338/,2026-09-01,Ngọc Loan Nhắn tin riêng cho tôi,baohiemnhantho.chuyenvien,labeled,1,Ngoc Anh Nguyen,https://www.facebook.com/groups/baohiemnhantho.chuyenvien/posts/1616319619952338/?comment_id=1616406363276997&reply_comment_id=1616422773275356,0,0,0,0,0,0,0,0,2,2
1616422823275351,1616319619952338,1616400623277571.0,https://www.facebook.com/groups/baohiemnhantho.chuyenvien/posts/1616319619952338/,2026-09-01,Nguyễn Sanh Nhắn tin riêng cho tôi,baohiemnhantho.chuyenvien,labeled,1,Ngoc Anh Nguyen,https://www.facebook.com/groups/baohiemnhantho.chuyenvien/posts/1616319619952338/?comment_id=1616400623277571&reply_comment_id=1616422823275351,0,0,0,0,0,0,0,0,0,0
1616422879942012,1616319619952338,1616399913277642.0,https://www.facebook.com/groups/baohiemnhantho.chuyenvien/posts/1616319619952338/,2026-09-01,Phạm NGọc Yến Nhắn tin riêng cho tôi,baohiemnhantho.chuyenvien,labeled,1,Ngoc Anh Nguyen,https://www.facebook.com/groups/baohiemnhantho.chuyenvien/posts/1616319619952338/?comment_id=1616399913277642&reply_comment_id=1616422879942012,0,0,0,0,0,0,0,0,0,0
1616423213275312,1616319619952338,1616382533279380.0,https://www.facebook.com/groups/baohiemnhantho.chuyenvien/posts/1616319619952338/,2026-09-01,Hường Angle Nhắn tin riêng cho tôi,baohiemnhantho.chuyenvien,labeled,1,Ngoc Anh Nguyen,https://www.facebook.com/groups/baohiemnhantho.chuyenvien/posts/1616319619952338/?comment_id=1616382533279380&reply_comment_id=1616423213275312,0,0,0,0,0,0,0,0,0,0
1616451236605843,1616319619952338,,https://www.facebook.com/groups/baohiemnhantho.chuyenvien/posts/1616319619952338/,2026-09-01,Mình AIA ở Hưng Yên nhé,baohiemnhantho.chuyenvien,labeled,0,Thanh Tit,https://www.facebook.com/groups/baohiemnhantho.chuyenvien/posts/1616319619952338/?comment_id=1616451236605843,0,0,0,0,0,0,0,0,1,1
1616468566604110,1616319619952338,1616451236605843.0,https://www.facebook.com/groups/baohiemnhantho.chuyenvien/posts/1616319619952338/,2026-09-01,Nhắn tin riêng cho tôi,baohiemnhantho.chuyenvien,labeled,1,Ngoc Anh Nguyen,https://www.facebook.com/groups/baohiemnhantho.chuyenvien/posts/1616319619952338/?comment_id=1616451236605843&reply_comment_id=1616468566604110,0,0,0,0,0,0,0,0,0,0
1616530013264632,1616319619952338,,https://www.facebook.com/groups/baohiemnhantho.chuyenvien/posts/1616319619952338/,2026-09-01,Chào bạn. Bạn có thể giới thiệu về bản thân và về bên bạn để mọi người có thêm thông tin liên hệ không?,baohiemnhantho.chuyenvien,labeled,0,Hồng Hạnh,https://www.facebook.com/groups/baohiemnhantho.chuyenvien/posts/1616319619952338/?comment_id=1616530013264632,0,0,0,0,0,0,0,0,1,1
1616579019926398,1616319619952338,1616422773275356.0,https://www.facebook.com/groups/baohiemnhantho.chuyenvien/posts/1616319619952338/,2026-09-01,Ngoc Anh Nguyen dạ auki ạ,baohiemnhantho.chuyenvien,labeled,2,Ngọc Loan,https://www.facebook.com/groups/baohiemnhantho.chuyenvien/posts/1616319619952338/?comment_id=1616406363276997&reply_comment_id=1616579019926398,0,0,0,0,0,0,0,0,0,0
1616598303257803,1616319619952338,1616579019926398.0,https://www.facebook.com/groups/baohiemnhantho.chuyenvien/posts/1616319619952338/,2026-09-01,K,baohiemnhantho.chuyenvien,labeled,2,Ngoc Anh Nguyen,https://www.facebook.com/groups/baohiemnhantho.chuyenvien/posts/1616319619952338/?comment_id=1616406363276997&reply_comment_id=1616598303257803,0,0,0,0,0,0,0,0,0,0
1617135229870777,1616319619952338,,https://www.facebook.com/groups/baohiemnhantho.chuyenvien/posts/1616319619952338/,2026-09-02,"MỘT CƠ HỘI HỢP TÁC CHO ANH/CHỊ LÀM BẢO HIỂM Làm bảo hiểm có một lợi thế rất lớn: anh/chị đã có sẵn mạng lưới khách hàng. Bên mình đang phát triển chuỗi 500 SPA trên toàn quốc. Anh/chị chỉ cần giới thiệu, kết nối khách hàng. Công ty lo mặt bằng, kỹ thuật viên, đào tạo, quy trình, marketing và vận hành. Công ty còn tài trợ voucher để anh/chị gửi tặng khách hàng, vừa mang lại lợi ích thiết thực vừa duy trì mối quan hệ lâu dài. Chia lợi nhuận 60% – 40%. Không cần đầu tư vốn. Muốn tìm hiểu mô hình, IB mình trao đổi nhé!",baohiemnhantho.chuyenvien,labeled,0,Cao Xuân Tỉnh,https://www.facebook.com/groups/baohiemnhantho.chuyenvien/posts/1616319619952338/?comment_id=1617135229870777,1,1,0,0,0,0,0,0,1,2
1617179359866364,1616319619952338,1616530013264632.0,https://www.facebook.com/groups/baohiemnhantho.chuyenvien/posts/1616319619952338/,2026-09-02,Hồng Hạnh Nhắn tin riêng cho tôi,baohiemnhantho.chuyenvien,labeled,1,Ngoc Anh Nguyen,https://www.facebook.com/groups/baohiemnhantho.chuyenvien/posts/1616319619952338/?comment_id=1616530013264632&reply_comment_id=1617179359866364,0,0,0,0,0,0,0,0,0,0
1617270063190627,1616319619952338,,https://www.facebook.com/groups/baohiemnhantho.chuyenvien/posts/1616319619952338/,2026-09-02,Mình BVTN Bình Phước rất vui được kết nối và học hỏi từ mọi người,baohiemnhantho.chuyenvien,labeled,0,Như Quỳnh,https://www.facebook.com/groups/baohiemnhantho.chuyenvien/posts/1616319619952338/?comment_id=1617270063190627,0,0,0,0,0,0,0,0,1,1
1617288576522109,1616319619952338,1617270063190627.0,https://www.facebook.com/groups/baohiemnhantho.chuyenvien/posts/1616319619952338/,2026-09-02,📋 THÔNG TIN TƯ VẤN VIÊN Họ và tên: Công ty bảo hiểm đang làm việc: Khu vực hoạt động: Dòng bảo hiểm đang tập trung: Kinh nghiệm tư vấn: chị gửi giúp em những thông tin trên nhé.,baohiemnhantho.chuyenvien,labeled,1,Ngoc Anh Nguyen,https://www.facebook.com/groups/baohiemnhantho.chuyenvien/posts/1616319619952338/?comment_id=1617270063190627&reply_comment_id=1617288576522109,0,0,0,0,0,0,0,0,0,0
1617288916522075,1616319619952338,1617135229870777.0,https://www.facebook.com/groups/baohiemnhantho.chuyenvien/posts/1616319619952338/,2026-09-02,Cao Xuân Tỉnh Nhắn tin riêng cho tôi,baohiemnhantho.chuyenvien,labeled,1,Ngoc Anh Nguyen,https://www.facebook.com/groups/baohiemnhantho.chuyenvien/posts/1616319619952338/?comment_id=1617135229870777&reply_comment_id=1617288916522075,1,1,0,0,0,0,0,0,1,1
1617321589852141,1616319619952338,1617288916522075.0,https://www.facebook.com/groups/baohiemnhantho.chuyenvien/posts/1616319619952338/,2026-09-02,Ngoc Anh Nguyen dạ vâng a,baohiemnhantho.chuyenvien,labeled,2,Cao Xuân Tỉnh,https://www.facebook.com/groups/baohiemnhantho.chuyenvien/posts/1616319619952338/?comment_id=1617135229870777&reply_comment_id=1617321589852141,0,0,0,0,0,0,0,0,0,0
1616457496605217,1616457243271909,,https://www.facebook.com/groups/baohiemnhantho.chuyenvien/posts/1616457243271909/,2026-09-01,Ưu đãi chưa từng có,baohiemnhantho.chuyenvien,labeled,0,Khánh Hà Generali,https://www.facebook.com/groups/baohiemnhantho.chuyenvien/posts/1616457243271909/?comment_id=1616457496605217,0,0,0,0,0,0,0,0,0,0
1616457776605189,1616457243271909,,https://www.facebook.com/groups/baohiemnhantho.chuyenvien/posts/1616457243271909/,2026-09-01,Generali hiện có 5 hạng thẻ cho nhà mình lựa chọn 😍,baohiemnhantho.chuyenvien,labeled,0,Khánh Hà Generali,https://www.facebook.com/groups/baohiemnhantho.chuyenvien/posts/1616457243271909/?comment_id=1616457776605189,0,0,0,0,0,0,0,0,0,0
1616458059938494,1616457243271909,,https://www.facebook.com/groups/baohiemnhantho.chuyenvien/posts/1616457243271909/,2026-09-01,"Ưu điểm thẻ Gen so với các bên : ✅ Thẻ Generali KHÔNG ĐỒNG CHI ở mọi lứa tuổi ✅ Bé tham gia độc lập, không cần kèm theo bố mẹ ✅ Hạn mức chi trả từng hạng mục cao ✅ Bảo lãnh tại hơn 500 cơ sở y tế trên cả nước ✅ Mức phí đóng sản phẩm chính hàng năm chỉ từ 6 triệu đã có thể gắn thêm thẻ sk cho cả nhà ✅ Không giới hạn tiền giường trên 1 năm ✅ Nằm viện công còn có tiền cầm về ✅ Xét nghiệm âm tính vẫn được chi trả ( miễn là do bác sỹ chỉ định để xác định bệnh) ✅ Linh hoạt thiết kế sản phẩm thẻ : Nội trú - Ngoại trú - Nha khoa - đặc biệt là Thai sản ✅ Tặng khám sức khoẻ tổng quát miễn phí (năm thứ 2 HĐ) 🆘 Ở Gen chi trả chi phí điều trị ung thư cho MỌI PHƯƠNG PHÁP ĐIỀU TRỊ DO BÁC SỸ CHỈ ĐỊNH ngay cả những phương pháp mới nhất trong tương lai - 𝐊𝐡𝐚́𝐧𝐡 𝐇𝐚̀ 𝐁𝐚̉𝐨 𝐡𝐢𝐞̂̉𝐦 | 𝐁𝐚̉𝐨 𝐡𝐢𝐞̂̉𝐦 𝐆𝐞𝐧𝐞𝐫𝐚𝐥𝐢 - 𝑪𝒉𝒂̆𝒎 𝒔𝒐́𝒄 & đ𝒐̂̀𝒏𝒈 𝒉𝒂̀𝒏𝒉 𝒌𝒉𝒂́𝒄𝒉 𝒉𝒂̀𝒏𝒈 𝒕𝒓𝒆̂𝒏 𝒕𝒐𝒂̀𝒏 𝒒𝒖𝒐̂́𝒄 📞 09.686.739.7️⃣6️⃣",baohiemnhantho.chuyenvien,labeled,0,Khánh Hà Generali,https://www.facebook.com/groups/baohiemnhantho.chuyenvien/posts/1616457243271909/?comment_id=1616458059938494,0,0,0,0,0,0,0,0,0,0
1616518883265745,1616515806599386,,https://www.facebook.com/groups/baohiemnhantho.chuyenvien/posts/1616515806599386/,2026-09-01,"Tui cũng vừa găm một cái để phòng thân. Nếu b chưa biết chọn bên nào thì cứ chọn tư vấn viên độc lập như tui nè, chứ sale hãng nào thì sẽ bảo hãng đó hay. Còn độc lập thì ngt sẽ dựa theo nhu cầu của khách mà lựa hãng lựa gói á Do Anh nhở:)",baohiemnhantho.chuyenvien,labeled,0,Nguyễn Thuý Hà,https://www.facebook.com/groups/baohiemnhantho.chuyenvien/posts/1616515806599386/?comment_id=1616518883265745,1,0,0,0,1,0,0,0,0,0
1616521656598801,1616515806599386,,https://www.facebook.com/groups/baohiemnhantho.chuyenvien/posts/1616515806599386/,2026-09-01,"TPHCM FWD, kênh Banca, ko lo chạy xa, chi trả nhanh chóng.",baohiemnhantho.chuyenvien,labeled,0,Phạm Thị Mỹ Luyện,https://www.facebook.com/groups/baohiemnhantho.chuyenvien/posts/1616515806599386/?comment_id=1616521656598801,0,0,0,0,0,0,0,0,0,0
1616526489931651,1616515806599386,,https://www.facebook.com/groups/baohiemnhantho.chuyenvien/posts/1616515806599386/,2026-09-01,Ib em tư vấn,baohiemnhantho.chuyenvien,labeled,0,Trang Trang,https://www.facebook.com/groups/baohiemnhantho.chuyenvien/posts/1616515806599386/?comment_id=1616526489931651,0,0,0,0,0,0,0,0,0,0
1616528533264780,1616515806599386,,https://www.facebook.com/groups/baohiemnhantho.chuyenvien/posts/1616515806599386/,2026-09-01,"Chào anh, BH NT và SK AIA nhé. Inbox hoặc liên hệ Phú DLBH",baohiemnhantho.chuyenvien,labeled,0,Steven Ly,https://www.facebook.com/groups/baohiemnhantho.chuyenvien/posts/1616515806599386/?comment_id=1616528533264780,0,0,0,0,0,0,0,0,0,0
1616530953264538,1616515806599386,,https://www.facebook.com/groups/baohiemnhantho.chuyenvien/posts/1616515806599386/,2026-09-01,Techcombank ib e nhé Lh 0355396505,baohiemnhantho.chuyenvien,labeled,0,Quang Quang,https://www.facebook.com/groups/baohiemnhantho.chuyenvien/posts/1616515806599386/?comment_id=1616530953264538,0,0,0,0,0,0,0,0,0,0
1616531903264443,1616515806599386,,https://www.facebook.com/groups/baohiemnhantho.chuyenvien/posts/1616515806599386/,2026-09-01,"AIa đang Top 1 quyền lợi vượt trội mà thẻ SK tái tục trọn đời, tặng gấp đôi quyền lợi khi nằm viện công lên tới 700tr y tế nhắc lại mỗi năm mà không bị giới hạn số tiền / 1 lần điều trị/ 1 bệnh (cái này rất quan trọng nếu NĐBH bị bệnh nặng nằm viện điều trị lâu dài và nhiều tiền). Bạn muốn tư vấn minh hoạ chi tiết ib mình Hà fulltime AIA 0933863514 hỗ trợ nhé.",baohiemnhantho.chuyenvien,labeled,0,Hà Thị,https://www.facebook.com/groups/baohiemnhantho.chuyenvien/posts/1616515806599386/?comment_id=1616531903264443,0,0,0,0,0,0,0,0,0,0
1616538206597146,1616515806599386,,https://www.facebook.com/groups/baohiemnhantho.chuyenvien/posts/1616515806599386/,2026-09-01,"Nếu anh/chị đang tìm kiếm một giải pháp bảo vệ sức khỏe và tài chính toàn diện cho bản thân cũng như gia đình, hãy nhắn ngay cho Minh để nhận tư vấn chi tiết và phù hợp nhất nhé! Tư vấn viên: Ngọc Minh Hotline/Zalo: 0973 193 769 - 0909 615 682 Hashtag: #ManulifeVietnam #TuVanBaoHiem #NgocMinhManulife #GiaiPhapTaiChinh #AnTamVuiSong",baohiemnhantho.chuyenvien,labeled,0,Lương Thị Ngọc Minh,https://www.facebook.com/groups/baohiemnhantho.chuyenvien/posts/1616515806599386/?comment_id=1616538206597146,0,0,0,0,0,0,0,0,0,0
1616544359929864,1616515806599386,,https://www.facebook.com/groups/baohiemnhantho.chuyenvien/posts/1616515806599386/,2026-09-01,"Mình tên huyền, là tư vấn viên của tập đoàn bảo Việt nhân thọ. Mình sẽ tư vấn cho bạn giải pháp bảo vệ sức khỏe và tài chính toàn diện cho bản thân cũng như gia đình. Sdt/zalo 0398547484",baohiemnhantho.chuyenvien,labeled,0,Trần Huyền,https://www.facebook.com/groups/baohiemnhantho.chuyenvien/posts/1616515806599386/?comment_id=1616544359929864,1,1,0,0,0,0,0,0,0,0
1616545486596418,1616515806599386,,https://www.facebook.com/groups/baohiemnhantho.chuyenvien/posts/1616515806599386/,2026-09-01,Dạ inbox Zalo 0333873852 ạ. E bên Sacombank chi nhánh Hàng Xanh ạ ❤️,baohiemnhantho.chuyenvien,labeled,0,Trương Liên,https://www.facebook.com/groups/baohiemnhantho.chuyenvien/posts/1616515806599386/?comment_id=1616545486596418,0,0,0,0,0,0,0,0,1,2
1616546323263001,1616515806599386,1616545486596418.0,https://www.facebook.com/groups/baohiemnhantho.chuyenvien/posts/1616515806599386/,2026-09-01,Trương Liên dạ kb Zalo hoặc Alo min nha 0937191358 t,baohiemnhantho.chuyenvien,labeled,1,Nguyên Nguyen,https://www.facebook.com/groups/baohiemnhantho.chuyenvien/posts/1616515806599386/?comment_id=1616545486596418&reply_comment_id=1616546323263001,1,0,1,0,0,0,0,0,1,1
1616546713262962,1616515806599386,,https://www.facebook.com/groups/baohiemnhantho.chuyenvien/posts/1616515806599386/,2026-09-01,Bảo việt hân hạnh được đồng hành cùng quý khách,baohiemnhantho.chuyenvien,labeled,0,Lý Mến,https://www.facebook.com/groups/baohiemnhantho.chuyenvien/posts/1616515806599386/?comment_id=1616546713262962,0,0,0,0,0,0,0,0,1,1
1616561383261495,1616515806599386,,https://www.facebook.com/groups/baohiemnhantho.chuyenvien/posts/1616515806599386/,2026-09-01,Kết nối zalo mình hỗ trợ nhé,baohiemnhantho.chuyenvien,labeled,0,Ngoc Phu,https://www.facebook.com/groups/baohiemnhantho.chuyenvien/posts/1616515806599386/?comment_id=1616561383261495,0,0,0,0,0,0,0,0,0,0
1616567103260923,1616515806599386,1616546713262962.0,https://www.facebook.com/groups/baohiemnhantho.chuyenvien/posts/1616515806599386/,2026-09-01,Lý Mến dạ kb Zalo hoặc Alo min nha 0937191358 t,baohiemnhantho.chuyenvien,labeled,1,Nguyên Nguyen,https://www.facebook.com/groups/baohiemnhantho.chuyenvien/posts/1616515806599386/?comment_id=1616546713262962&reply_comment_id=1616567103260923,0,0,0,0,0,0,0,0,0,0
1616572353260398,1616515806599386,,https://www.facebook.com/groups/baohiemnhantho.chuyenvien/posts/1616515806599386/,2026-09-01,Em bên bảo hiển Prudential E kết nối zalo để hỗ trợ anh nhé 0833290701 ạ,baohiemnhantho.chuyenvien,labeled,0,Phạm Ngân,https://www.facebook.com/groups/baohiemnhantho.chuyenvien/posts/1616515806599386/?comment_id=1616572353260398,0,0,0,0,0,0,0,0,0,0
1616573306593636,1616515806599386,,https://www.facebook.com/groups/baohiemnhantho.chuyenvien/posts/1616515806599386/,2026-09-01,"với mức tài chính đó thì bạn có thể ký 1 hợp đồng đầy đủ tất cả quyền lợi gồm sp chính bảo vệ cao kèm tích lũy, tai nạn, bệnh lý nghiêm trọng, thẻ sức khỏe nội ngoại trú, hỗ trợ đóng phí khi mắc bệnh lý nghiêm trọng. Mình bên Bảo Việt, bạn quan tâm thì ib mình năm sinh mình sẽ lên thử bản minh họa cho bạn tham khảo nhé. zl 0933.844.533",baohiemnhantho.chuyenvien,labeled,0,Liễu Võ,https://www.facebook.com/groups/baohiemnhantho.chuyenvien/posts/1616515806599386/?comment_id=1616573306593636,0,0,0,0,0,0,0,0,0,0
1616573489926951,1616515806599386,,https://www.facebook.com/groups/baohiemnhantho.chuyenvien/posts/1616515806599386/,2026-09-01,ib ạ,baohiemnhantho.chuyenvien,labeled,0,Bich Nguyen,https://www.facebook.com/groups/baohiemnhantho.chuyenvien/posts/1616515806599386/?comment_id=1616573489926951,0,0,0,0,0,0,0,0,0,0
1616575489926751,1616515806599386,,https://www.facebook.com/groups/baohiemnhantho.chuyenvien/posts/1616515806599386/,2026-09-01,"AIA hiện đang có sản phẩm nhân thọ chỉ cần đóng 5 năm cam kết bảo vệ 30 năm. đặc biệt, thẻ sức khoẻ trọn đời AIA chi trả rất mạnh lên tới 2,4 tỉ/ năm (Không bị giới hạn phụ cho một lần điều trị). Tặng kèm quyền lợi thai sản tt max 25tr. Ngoài ra mình có làm sẵn bảng so sánh chi tiết quyền lợi, hạn mức, tiền giường, ngoại trú, nội trú… giữa các công ty bảo hiểm để các mẹ dễ tham khảo trước khi quyết định. inbox mình, mình gửi miễn phí ạ ❤️ Hoặc zalo 0889490699 ạ",baohiemnhantho.chuyenvien,labeled,0,Thuỷ Tiên,https://www.facebook.com/groups/baohiemnhantho.chuyenvien/posts/1616515806599386/?comment_id=1616575489926751,0,0,0,0,0,0,0,0,0,0
1616575629926737,1616515806599386,,https://www.facebook.com/groups/baohiemnhantho.chuyenvien/posts/1616515806599386/,2026-09-01,"Nếu bác đang quan tâm về BHNT BHSK thì bác tham khảo AIA nhaaa 1. Không giới hạn số tiền thanh toán/ đợt 2. Viện công khoa dịch vụ như khoa S nhi trung ương vẫn 100% 3. Không giới hạn phương pháp điều trị ung thư 4. Trợ cấp nằm viện nếu xuất trình bhyt lên tới 600k/ ngày 5. Độ tuổi tái tục dài nhất thị trường : tối đa 100 tuổi lun 6. Chi trả cho cả thủ thuật trong ngày ko cần nămd viện như : chích lẹo, nội soi cắt polyp, đốt sóng cao tần …. B cứ ib m gửi chi tiết theo ngân sách cho thì dễ so sánh hơn b ạ, m sẽ chỉ luôn bạn cách phân biệt ưu hạn chế các hãng tự đọc được cho chủ động nhé ! Zl :0889490699",baohiemnhantho.chuyenvien,labeled,0,Thuỷ Tiên,https://www.facebook.com/groups/baohiemnhantho.chuyenvien/posts/1616515806599386/?comment_id=1616575629926737,0,0,0,0,0,0,0,0,0,0
1616589739925326,1616515806599386,1616546323263001.0,https://www.facebook.com/groups/baohiemnhantho.chuyenvien/posts/1616515806599386/,2026-09-01,Nguyên Nguyen Dạ a rep inbox Zalo e ạ hi,baohiemnhantho.chuyenvien,labeled,2,Trương Liên,https://www.facebook.com/groups/baohiemnhantho.chuyenvien/posts/1616515806599386/?comment_id=1616545486596418&reply_comment_id=1616589739925326,0,0,0,0,0,0,0,0,0,0
1616632423254391,1616515806599386,,https://www.facebook.com/groups/baohiemnhantho.chuyenvien/posts/1616515806599386/,2026-09-01,Ib zalo em tv cho mình nhé 0868735729,baohiemnhantho.chuyenvien,labeled,0,Giàu Ngọc,https://www.facebook.com/groups/baohiemnhantho.chuyenvien/posts/1616515806599386/?comment_id=1616632423254391,0,0,0,0,0,0,0,0,0,0
1616646933252940,1616515806599386,,https://www.facebook.com/groups/baohiemnhantho.chuyenvien/posts/1616515806599386/,2026-09-01,Bạn qua fb của mình để tham khảo. Có duyên mình có thể tư vấn cho bạn nhé,baohiemnhantho.chuyenvien,labeled,0,Nhã Phạm Thị,https://www.facebook.com/groups/baohiemnhantho.chuyenvien/posts/1616515806599386/?comment_id=1616646933252940,0,0,0,0,0,0,0,0,0,0
1616661646584802,1616515806599386,,https://www.facebook.com/groups/baohiemnhantho.chuyenvien/posts/1616515806599386/,2026-09-01,Hữu duyên liên hệ mình nhé 0967841220 Thảo Bảo Việt,baohiemnhantho.chuyenvien,labeled,0,Nguyễn Thị Thu Thảo,https://www.facebook.com/groups/baohiemnhantho.chuyenvien/posts/1616515806599386/?comment_id=1616661646584802,0,0,0,0,0,0,0,0,0,0
1616697113247922,1616515806599386,,https://www.facebook.com/groups/baohiemnhantho.chuyenvien/posts/1616515806599386/,2026-09-01,Thế bạn nên tham gia Xanh Phú Quý Flex nha. Mua sp chính 25tr và thẻ Vàng nội ngoại trú và vừa tầm tiền luôn.,baohiemnhantho.chuyenvien,labeled,0,Cao Thuỳ Dung,https://www.facebook.com/groups/baohiemnhantho.chuyenvien/posts/1616515806599386/?comment_id=1616697113247922,0,0,0,0,0,0,0,0,0,0
1616707076580259,1616515806599386,,https://www.facebook.com/groups/baohiemnhantho.chuyenvien/posts/1616515806599386/,2026-09-01,"Nếu quan tâm về BHNT BHSK thì bác tham khảo AIA nhaaa 1. Không giới hạn số tiền ttoan/ đợt 2. Viện công khoa dịch vụ như khoa S nhi tw vẫn 100% 3. Ko giới hạn pp đtri ung thư 4. Trợ cấp nằm viện nếu xuất trình bhyt lên tới 600k/ ngày 5. Độ tuổi tái tục dài nhất thị trường : tối đa 100 tuổi lun 6. Chi trả cho cả thủ thuật trong ngày ko cần nămd viện như : chích lẹo, nội soi cắt polip, đốt sóng cao tần …. Ngoài ra M có làm sẵtn bảng so sánh chi tiết quyền lợi, hạn mức, tiền giường, ngoại trú, nội trú… giữa các công ty bảo hiểm để các mẹ dễ tham khảo trước khi quyết định. inbox em, em gửi miễn phí ạ ❤️ Hoặc add zalo : 0862639020",baohiemnhantho.chuyenvien,labeled,0,Nguyễn Duy Đức Anh,https://www.facebook.com/groups/baohiemnhantho.chuyenvien/posts/1616515806599386/?comment_id=1616707076580259,0,0,0,0,0,0,0,0,0,0
1616753796575587,1616515806599386,,https://www.facebook.com/groups/baohiemnhantho.chuyenvien/posts/1616515806599386/,2026-09-01,"Chào bạn, mình là Cường, tvv của Manulife với 6 năm kinh nghiệm, sẵn sàng hỗ trợ bạn. Bạn quan tâm thì ib mình tư vấn nhé.",baohiemnhantho.chuyenvien,labeled,0,Mạnh Cường,https://www.facebook.com/groups/baohiemnhantho.chuyenvien/posts/1616515806599386/?comment_id=1616753796575587,0,0,0,0,0,0,0,0,0,0
1617062816544685,1616515806599386,,https://www.facebook.com/groups/baohiemnhantho.chuyenvien/posts/1616515806599386/,2026-09-02,Mình bên daiichi bạn quan tâm ib TV cụ thể,baohiemnhantho.chuyenvien,labeled,0,Nguyễn Văn Chính Daiichilife,https://www.facebook.com/groups/baohiemnhantho.chuyenvien/posts/1616515806599386/?comment_id=1617062816544685,0,0,0,0,0,0,0,0,0,0
1617155529868747,1616515806599386,,https://www.facebook.com/groups/baohiemnhantho.chuyenvien/posts/1616515806599386/,2026-09-02,"Giải thích rõ ràng, chọn SP phù hợp nhu cầu ib mình tư vấn nhé",baohiemnhantho.chuyenvien,labeled,0,Hoa Nguyễn,https://www.facebook.com/groups/baohiemnhantho.chuyenvien/posts/1616515806599386/?comment_id=1617155529868747,0,0,0,0,0,0,0,0,0,0
1618003566450610,1616515806599386,,https://www.facebook.com/groups/baohiemnhantho.chuyenvien/posts/1616515806599386/,2026-09-03,Đã ib zalo ạ. Nếu ở HCM thì e xin phép 1 buổi tư vấn trực tiếp nhe,baohiemnhantho.chuyenvien,labeled,0,Kim Hue,https://www.facebook.com/groups/baohiemnhantho.chuyenvien/posts/1616515806599386/?comment_id=1618003566450610,1,1,0,0,0,0,0,0,0,0
1323636269639618,1323628082973770,,https://www.facebook.com/groups/bvqlkhbhnt/posts/1323628082973770/,2026-09-01,Em hay gọi: Người Mỹ trứ Danh,bvqlkhbhnt,labeled,0,Thái Hà,https://www.facebook.com/groups/bvqlkhbhnt/posts/1323628082973770/?comment_id=1323636269639618,2,0,0,0,2,0,0,0,2,2
1323644299638815,1323628082973770,1323636269639618.0,https://www.facebook.com/groups/bvqlkhbhnt/posts/1323628082973770/,2026-09-01,Thái Hà ui zồi tên thị ấy kêu thế 🤣😂,bvqlkhbhnt,labeled,1,Ngô Hà Minh,https://www.facebook.com/groups/bvqlkhbhnt/posts/1323628082973770/?comment_id=1323636269639618&reply_comment_id=1323644299638815,1,0,0,0,1,0,0,0,0,0
1323742306295681,1323628082973770,1323636269639618.0,https://www.facebook.com/groups/bvqlkhbhnt/posts/1323628082973770/,2026-09-01,Thái Hà Ô. Vậy VIP Danh gốc Mỹ à chị Hà ưi 🤔,bvqlkhbhnt,labeled,1,La Manh Dat,https://www.facebook.com/groups/bvqlkhbhnt/posts/1323628082973770/?comment_id=1323636269639618&reply_comment_id=1323742306295681,0,0,0,0,0,0,0,0,0,0
1324828372853741,1324773969525848,,https://www.facebook.com/groups/bvqlkhbhnt/posts/1324773969525848/,2026-09-02,Em cám ơn thầy.🥰,bvqlkhbhnt,labeled,0,Kim Ngân,https://www.facebook.com/groups/bvqlkhbhnt/posts/1324773969525848/?comment_id=1324828372853741,0,0,0,0,0,0,0,0,0,0
28558717563740646,28558389803773422,,https://www.facebook.com/groups/congdongtuvanvienbaohiem/posts/28558389803773422/,2026-09-01,"Gia đình mình cho em xin phép ké 1 phút lan toả ạ, em cảm ơn ạ. AIA hiện đang có sản phẩm nhân thọ chỉ cần đóng 5 năm cam kết bảo vệ 30 năm. đặc biệt, thẻ sức khoẻ trọn đời AIA chi trả rất mạnh lên tới 2,4 tỉ/ năm (Không bị giới hạn phụ cho một lần điều trị). Tặng kèm quyền lợi thai sản tt max 25tr. Ngoài ra mình có làm sẵn bảng so sánh chi tiết quyền lợi, hạn mức, tiền giường, ngoại trú, nội trú… giữa các công ty bảo hiểm để các mẹ dễ tham khảo trước khi quyết định. inbox mình, mình gửi miễn phí ạ ❤️ Hoặc zalo 0889490699 ạ",congdongtuvanvienbaohiem,labeled,0,Thuỷ Tiên,https://www.facebook.com/groups/congdongtuvanvienbaohiem/posts/28558389803773422/?comment_id=28558717563740646,0,0,0,0,0,0,0,0,0,0
28558727000406369,28558389803773422,,https://www.facebook.com/groups/congdongtuvanvienbaohiem/posts/28558389803773422/,2026-09-01,"Nếu bác đang quan tâm về BHNT BHSK thì bác tham khảo AIA nhaaa 1. Không giới hạn số tiền thanh toán/ đợt 2. Viện công khoa dịch vụ như khoa S nhi trung ương vẫn 100% 3. Không giới hạn phương pháp điều trị ung thư 4. Trợ cấp nằm viện nếu xuất trình bhyt lên tới 600k/ ngày 5. Độ tuổi tái tục dài nhất thị trường : tối đa 100 tuổi lun 6. Chi trả cho cả thủ thuật trong ngày ko cần nămd viện như : chích lẹo, nội soi cắt polyp, đốt sóng cao tần …. B cứ ib m gửi chi tiết theo ngân sách cho thì dễ so sánh hơn b ạ, m sẽ chỉ luôn bạn cách phân biệt ưu hạn chế các hãng tự đọc được cho chủ động nhé ! Zl :0889490699",congdongtuvanvienbaohiem,labeled,0,Thuỷ Tiên,https://www.facebook.com/groups/congdongtuvanvienbaohiem/posts/28558389803773422/?comment_id=28558727000406369,0,0,0,0,0,0,0,0,0,0
28558850650394004,28558819397063796,,https://www.facebook.com/groups/congdongtuvanvienbaohiem/posts/28558819397063796/,2026-09-01,Bạn check zalo giúp mình,congdongtuvanvienbaohiem,labeled,0,TRang Tịnh Như,https://www.facebook.com/groups/congdongtuvanvienbaohiem/posts/28558819397063796/?comment_id=28558850650394004,0,0,0,0,0,0,0,0,0,0
28558903977055338,28558819397063796,,https://www.facebook.com/groups/congdongtuvanvienbaohiem/posts/28558819397063796/,2026-09-01,Bạn tham khảo cathay ib mình,congdongtuvanvienbaohiem,labeled,0,Hiền Nguyễn,https://www.facebook.com/groups/congdongtuvanvienbaohiem/posts/28558819397063796/?comment_id=28558903977055338,0,0,0,0,0,0,0,0,0,0
28558911553721247,28558819397063796,,https://www.facebook.com/groups/congdongtuvanvienbaohiem/posts/28558819397063796/,2026-09-01,Bạn tham khảo AIA nhé. Ib mình hỗ trợ,congdongtuvanvienbaohiem,labeled,0,Đỗ Lương,https://www.facebook.com/groups/congdongtuvanvienbaohiem/posts/28558819397063796/?comment_id=28558911553721247,0,0,0,0,0,0,0,0,1,1
28558912590387810,28558819397063796,,https://www.facebook.com/groups/congdongtuvanvienbaohiem/posts/28558819397063796/,2026-09-01,Techcombank ib e nhé Lh 0355396505,congdongtuvanvienbaohiem,labeled,0,Quang Quang,https://www.facebook.com/groups/congdongtuvanvienbaohiem/posts/28558819397063796/?comment_id=28558912590387810,0,0,0,0,0,0,0,0,0,0
28558925367053199,28558819397063796,,https://www.facebook.com/groups/congdongtuvanvienbaohiem/posts/28558819397063796/,2026-09-01,"Tham khảo gói tích luỹ kèm thẻ sức khoẻ cao cấp Bảo Việt, nhắn mình nha",congdongtuvanvienbaohiem,labeled,0,Nguyễn Bảo Ngọc,https://www.facebook.com/groups/congdongtuvanvienbaohiem/posts/28558819397063796/?comment_id=28558925367053199,0,0,0,0,0,0,0,0,0,0
28558934630385606,28558819397063796,,https://www.facebook.com/groups/congdongtuvanvienbaohiem/posts/28558819397063796/,2026-09-01,Tôi muốn thêm thông tin 🎯Trưởng Phòng Kinh Doanh: BHNT Manulife Nguyễn Thị Huệ Như ☎️Zalo: 0939878188 TRÂN TRỌNG KÍNH MỜI!,congdongtuvanvienbaohiem,labeled,0,Huệ Như,https://www.facebook.com/groups/congdongtuvanvienbaohiem/posts/28558819397063796/?comment_id=28558934630385606,0,0,0,0,0,0,0,0,0,0
28558947127051023,28558819397063796,,https://www.facebook.com/groups/congdongtuvanvienbaohiem/posts/28558819397063796/,2026-09-01,Mình Bảo việt bắc giang ib mình TV cụ thể,congdongtuvanvienbaohiem,labeled,0,Luyện Luyện,https://www.facebook.com/groups/congdongtuvanvienbaohiem/posts/28558819397063796/?comment_id=28558947127051023,0,0,0,0,0,0,0,0,0,0
28558957353716667,28558819397063796,,https://www.facebook.com/groups/congdongtuvanvienbaohiem/posts/28558819397063796/,2026-09-01,Ib Trung nhé!,congdongtuvanvienbaohiem,labeled,0,Lê Doãn Trung,https://www.facebook.com/groups/congdongtuvanvienbaohiem/posts/28558819397063796/?comment_id=28558957353716667,0,0,0,0,0,0,0,0,0,0
28558961470382922,28558819397063796,,https://www.facebook.com/groups/congdongtuvanvienbaohiem/posts/28558819397063796/,2026-09-01,Bạn ở SG hay ở đâu ? Nếu thật sự cầnn tư vấn nhắn mình,congdongtuvanvienbaohiem,labeled,0,Diem Tuyet Ho,https://www.facebook.com/groups/congdongtuvanvienbaohiem/posts/28558819397063796/?comment_id=28558961470382922,0,0,0,0,0,0,0,0,0,0
28558965543715848,28558819397063796,,https://www.facebook.com/groups/congdongtuvanvienbaohiem/posts/28558819397063796/,2026-09-01,Bạn inb mình nha. Mình là chuyên viên hoạch định tài chính cao cấp toàn thời gian ở AIA. Đã hỗ trợ tư vấn cho hơn 100 khách hàng. Hỗ trợ giải đáp tất cả thắc mắc tận tình. Cam kết tư vấn chuẩn chỉnh tận tâm hết mức có thể.,congdongtuvanvienbaohiem,labeled,0,Trần Tiến Hiệp,https://www.facebook.com/groups/congdongtuvanvienbaohiem/posts/28558819397063796/?comment_id=28558965543715848,0,0,0,0,0,0,0,0,0,0
28558996820379387,28558819397063796,,https://www.facebook.com/groups/congdongtuvanvienbaohiem/posts/28558819397063796/,2026-09-01,Manulife inbox e nhé,congdongtuvanvienbaohiem,labeled,0,Lê Ly,https://www.facebook.com/groups/congdongtuvanvienbaohiem/posts/28558819397063796/?comment_id=28558996820379387,0,0,0,0,0,0,0,0,1,1
28559132510365818,28558819397063796,,https://www.facebook.com/groups/congdongtuvanvienbaohiem/posts/28558819397063796/,2026-09-01,Lại đắc tội j để số spam rồi,congdongtuvanvienbaohiem,labeled,0,Ngọc Mai,https://www.facebook.com/groups/congdongtuvanvienbaohiem/posts/28558819397063796/?comment_id=28559132510365818,0,0,0,0,0,0,0,0,0,0
28559178593694543,28558819397063796,,https://www.facebook.com/groups/congdongtuvanvienbaohiem/posts/28558819397063796/,2026-09-01,m có bảng so sánh các hãng nhắn m nha,congdongtuvanvienbaohiem,labeled,0,Khương Duy,https://www.facebook.com/groups/congdongtuvanvienbaohiem/posts/28558819397063796/?comment_id=28559178593694543,0,0,0,0,0,0,0,0,1,1
28559186060360463,28558819397063796,,https://www.facebook.com/groups/congdongtuvanvienbaohiem/posts/28558819397063796/,2026-09-01,"Chào bạn, mình là Lan Anh – tư vấn full-time tại AIA Exchange. Môi trường mình theo đuổi là bảo hiểm chất lượng cao – làm đúng, làm đủ và đồng hành dài hạn, với nền tảng văn phòng 7 năm. Nếu bạn muốn một phương án rõ ràng và được theo sát, bạn có thể nhắn mình.",congdongtuvanvienbaohiem,labeled,0,Trương Thị Lan Anh,https://www.facebook.com/groups/congdongtuvanvienbaohiem/posts/28558819397063796/?comment_id=28559186060360463,0,0,0,0,0,0,0,0,0,0
28559226003689802,28558819397063796,,https://www.facebook.com/groups/congdongtuvanvienbaohiem/posts/28558819397063796/,2026-09-01,Bạn ở đâu vậy. Ib. M. Tv. Nhé,congdongtuvanvienbaohiem,labeled,0,Lê Mạnh Lân,https://www.facebook.com/groups/congdongtuvanvienbaohiem/posts/28558819397063796/?comment_id=28559226003689802,0,0,0,0,0,0,0,0,0,0
28559291290349940,28558819397063796,,https://www.facebook.com/groups/congdongtuvanvienbaohiem/posts/28558819397063796/,2026-09-01,"AIA hiện đang có sản phẩm nhân thọ chỉ cần đóng 5 năm cam kết bảo vệ 30 năm. đặc biệt, thẻ sức khoẻ trọn đời AIA chi trả rất mạnh lên tới 2,4 tỉ/ năm (Không bị giới hạn phụ cho một lần điều trị). Tặng kèm quyền lợi thai sản tt max 25tr. Ngoài ra M có làm sẵtn bảng so sánh chi tiết quyền lợi, hạn mức, tiền giường, ngoại trú, nội trú… giữa các công ty bảo hiểm để các mẹ dễ tham khảo trước khi quyết định. inbox em, em gửi miễn phí ạ ❤️ Hoặc add zalo e:0382645557",congdongtuvanvienbaohiem,labeled,0,Hạnh Trần,https://www.facebook.com/groups/congdongtuvanvienbaohiem/posts/28558819397063796/?comment_id=28559291290349940,0,0,0,0,0,0,0,0,0,0
28559380990340970,28558819397063796,,https://www.facebook.com/groups/congdongtuvanvienbaohiem/posts/28558819397063796/,2026-09-01,0965956178 Zalo mình,congdongtuvanvienbaohiem,labeled,0,Bùi Hải,https://www.facebook.com/groups/congdongtuvanvienbaohiem/posts/28558819397063796/?comment_id=28559380990340970,0,0,0,0,0,0,0,0,0,0
28559587550320314,28558819397063796,2.855891155372125e+16,https://www.facebook.com/groups/congdongtuvanvienbaohiem/posts/28558819397063796/,2026-09-01,Đỗ Lương dạ kb zalo gửi tt giúp mình nha,congdongtuvanvienbaohiem,labeled,1,TurquoiseAlligator8901,https://www.facebook.com/groups/congdongtuvanvienbaohiem/posts/28558819397063796/?comment_id=28558911553721247&reply_comment_id=28559587550320314,0,0,0,0,0,0,0,0,0,0
28559589583653444,28558819397063796,2.8558996820379388e+16,https://www.facebook.com/groups/congdongtuvanvienbaohiem/posts/28558819397063796/,2026-09-01,Lê Ly kb zalo giúp mình,congdongtuvanvienbaohiem,labeled,1,TurquoiseAlligator8901,https://www.facebook.com/groups/congdongtuvanvienbaohiem/posts/28558819397063796/?comment_id=28558996820379387&reply_comment_id=28559589583653444,0,0,0,0,0,0,0,0,0,0
28559687786976957,28558819397063796,,https://www.facebook.com/groups/congdongtuvanvienbaohiem/posts/28558819397063796/,2026-09-01,ib ạ,congdongtuvanvienbaohiem,labeled,0,Bich Nguyen,https://www.facebook.com/groups/congdongtuvanvienbaohiem/posts/28558819397063796/?comment_id=28559687786976957,0,0,0,0,0,0,0,0,0,0
28559763873636015,28558819397063796,,https://www.facebook.com/groups/congdongtuvanvienbaohiem/posts/28558819397063796/,2026-09-01,"Em tham khảo SP thẻ sức khoẻ TRỌN ĐỜI bảo vệ đến 100 tuổi của AIA nhé 🥰 👉 Thẻ sức khoẻ chi trả 100% viện phí ở mọi BV công, tư, quốc tế trên toàn quốc, không có giới hạn phụ theo bệnh hay đợt điều trị, 1 lần có thể đc chi trả hết hạn mức thẻ 👉 Thẻ được nhân đôi hạn mức ở bệnh viện công cho tất cả các bệnh, như mua 1 được tặng 1 👉Phí thẻ chỉ từ 3K/ngày, phí cho trẻ dưới 5 tuổi giảm đến 30% 👉 Tái tục lâu dài, phí không tăng theo bệnh 👉Hỗ trợ tiền mặt từ 150K/ngày - 600K/ngày 👉Bảo vệ lên đến 100 tuổi. 👉 Bảo lãnh viện phí ở gần 200 bệnh viện, cơ sở y tế trên toàn quốc 👉 Inbox chị tư vấn chi tiết em nhé! Zalo 0905.223.565",congdongtuvanvienbaohiem,labeled,0,Quynh Huong,https://www.facebook.com/groups/congdongtuvanvienbaohiem/posts/28558819397063796/?comment_id=28559763873636015,0,0,0,0,0,0,0,0,0,0
28559865300292539,28558819397063796,,https://www.facebook.com/groups/congdongtuvanvienbaohiem/posts/28558819397063796/,2026-09-01,Mình bên prudennail Có nhiều gói phù hợp với ban Zalo 0342630982,congdongtuvanvienbaohiem,labeled,0,Tran Hang,https://www.facebook.com/groups/congdongtuvanvienbaohiem/posts/28558819397063796/?comment_id=28559865300292539,0,0,0,0,0,0,0,0,0,0
28560198336925902,28558819397063796,2.8559178593694544e+16,https://www.facebook.com/groups/congdongtuvanvienbaohiem/posts/28558819397063796/,2026-09-01,Gửi m thông tin nhé,congdongtuvanvienbaohiem,labeled,1,Đỗ Thị Thu Phương,https://www.facebook.com/groups/congdongtuvanvienbaohiem/posts/28558819397063796/?comment_id=28559178593694543&reply_comment_id=28560198336925902,0,0,0,0,0,0,0,0,0,0
28560289783583424,28558819397063796,,https://www.facebook.com/groups/congdongtuvanvienbaohiem/posts/28558819397063796/,2026-09-01,"Mời Bạn tham khảo bh gen,ib mình hỗ trợ nhé",congdongtuvanvienbaohiem,labeled,0,Hoa Phan,https://www.facebook.com/groups/congdongtuvanvienbaohiem/posts/28558819397063796/?comment_id=28560289783583424,0,0,0,0,0,0,0,0,0,0
28560771393535263,28558819397063796,,https://www.facebook.com/groups/congdongtuvanvienbaohiem/posts/28558819397063796/,2026-09-01,Ib nếu bạn thực sự quan tâm,congdongtuvanvienbaohiem,labeled,0,Nguyễn Mạnh Hà,https://www.facebook.com/groups/congdongtuvanvienbaohiem/posts/28558819397063796/?comment_id=28560771393535263,0,0,0,0,0,0,0,0,0,0
28560808063531596,28558819397063796,,https://www.facebook.com/groups/congdongtuvanvienbaohiem/posts/28558819397063796/,2026-09-01,Bảo Việt Nhân Thọ mới ra mắt sản phẩm mới AN THỊNH PHÚC NIÊN rất tuyệt vời nếu bạn quan tâm hãy ib nhé. Quan tâm Bảo Việt ib mình tư vấn nhé Bảo Việt NT Đà Nẵng - ĐT: 0967396868,congdongtuvanvienbaohiem,labeled,0,Trần Bùi Nguyên Thành,https://www.facebook.com/groups/congdongtuvanvienbaohiem/posts/28558819397063796/?comment_id=28560808063531596,0,0,0,0,0,0,0,0,0,0
28560968516848884,28558819397063796,,https://www.facebook.com/groups/congdongtuvanvienbaohiem/posts/28558819397063796/,2026-09-01,Hạnh Hồ,congdongtuvanvienbaohiem,labeled,0,Giang Trần,https://www.facebook.com/groups/congdongtuvanvienbaohiem/posts/28558819397063796/?comment_id=28560968516848884,0,0,0,0,0,0,0,0,0,0
28561074726838263,28558819397063796,,https://www.facebook.com/groups/congdongtuvanvienbaohiem/posts/28558819397063796/,2026-09-01,Ib em tư vấn cho mình nha,congdongtuvanvienbaohiem,labeled,0,Trương Thị Nga,https://www.facebook.com/groups/congdongtuvanvienbaohiem/posts/28558819397063796/?comment_id=28561074726838263,0,0,0,0,0,0,0,0,1,2
28561302600148809,28558819397063796,,https://www.facebook.com/groups/congdongtuvanvienbaohiem/posts/28558819397063796/,2026-09-01,"❤️ ĐI ĐƯỜNG DÀI – CHỌN BẢO VỆ LÂU DÀI Em tham khảo Thẻ Sức khỏe TRỌN ĐỜI AIA – bảo vệ đến 100 tuổi* nhé: 🔴 Chi trả 100% viện phí thực tế tại BV công, tư, quốc tế* 🔴 Nhân đôi hạn mức tại BV công cho tất cả bệnh* 🔴 Không tăng phí theo bệnh, tái tục dài hạn* 🔴 Bảo lãnh viện phí tại 480 BV/cơ sở y tế 🔴 Bve lên tới 107 Bệnh lý nghiêm trọng… Muốn chọn một giải pháp để yên tâm bảo vệ thật lâu dài, inbox chị Hà nhé 🥰 📞 Nguyễn Hải Hà – 0933 863 514",congdongtuvanvienbaohiem,labeled,0,Hà Thị,https://www.facebook.com/groups/congdongtuvanvienbaohiem/posts/28558819397063796/?comment_id=28561302600148809,1,1,0,0,0,0,0,0,0,0
28561561310122938,28558819397063796,,https://www.facebook.com/groups/congdongtuvanvienbaohiem/posts/28558819397063796/,2026-09-01,Ib mình nha,congdongtuvanvienbaohiem,labeled,0,Nguyễn Thị Bích Lệ,https://www.facebook.com/groups/congdongtuvanvienbaohiem/posts/28558819397063796/?comment_id=28561561310122938,0,0,0,0,0,0,0,0,0,0
28561727226773013,28558819397063796,,https://www.facebook.com/groups/congdongtuvanvienbaohiem/posts/28558819397063796/,2026-09-01,"Bạn tham khảo bên Gen, đang có chương trình ưu đãi bạn nha",congdongtuvanvienbaohiem,labeled,0,Hương Trịnh,https://www.facebook.com/groups/congdongtuvanvienbaohiem/posts/28558819397063796/?comment_id=28561727226773013,0,0,0,0,0,0,0,0,0,0
28562103496735386,28558819397063796,,https://www.facebook.com/groups/congdongtuvanvienbaohiem/posts/28558819397063796/,2026-09-01,"Bạn inb mình nhé, mình là Phó phòng kinh doanh toàn thời gian ở AIA Việt Nam. Điểm tốt nghiệp luật bảo hiểm 39/40. Mình đã làm ở AIA được 3 năm và hiện có hơn 150 khách hàng. Làm chi trả gần 150 triệu cho 20 trường hợp. Bạn có thể hỏi mình tất cả những điều bạn băn khoăn, mình có thể giải đáp tất cả nha. Vào Facebook kiểm tra uy tín nhé.",congdongtuvanvienbaohiem,labeled,0,Pham Uyen,https://www.facebook.com/groups/congdongtuvanvienbaohiem/posts/28558819397063796/?comment_id=28562103496735386,0,0,0,0,0,0,0,0,0,0
28562589053353497,28558819397063796,,https://www.facebook.com/groups/congdongtuvanvienbaohiem/posts/28558819397063796/,2026-09-01,Mình có thể so sánh giúp các hãng khác nhau ntn. Đây là gói mẫu của Manulife dành cho Kh 31 tuổi. 25tr/năm. B tham khảo nhé! Còn nhu cầu ra sao cần tư vấn kỹ hơn để thiết kế riêng b ạ! Mình là Tuyết - MDRT Manulife kinh nghiệm 6 năm fulltime bảo hiểm nhân thọ 0963232190,congdongtuvanvienbaohiem,labeled,0,Ngọc Tuyết,https://www.facebook.com/groups/congdongtuvanvienbaohiem/posts/28558819397063796/?comment_id=28562589053353497,0,0,0,0,0,0,0,0,1,2
28562617130017356,28558819397063796,2.8562589053353496e+16,https://www.facebook.com/groups/congdongtuvanvienbaohiem/posts/28558819397063796/,2026-09-01,Ngọc Tuyết kb Zalo m,congdongtuvanvienbaohiem,labeled,1,TurquoiseAlligator8901,https://www.facebook.com/groups/congdongtuvanvienbaohiem/posts/28558819397063796/?comment_id=28562589053353497&reply_comment_id=28562617130017356,0,0,0,0,0,0,0,0,1,1
28562671306678605,28558819397063796,2.856261713001736e+16,https://www.facebook.com/groups/congdongtuvanvienbaohiem/posts/28558819397063796/,2026-09-01,TurquoiseAlligator8901 b ad zalo m nhé,congdongtuvanvienbaohiem,labeled,2,Ngọc Tuyết,https://www.facebook.com/groups/congdongtuvanvienbaohiem/posts/28558819397063796/?comment_id=28562589053353497&reply_comment_id=28562671306678605,0,0,0,0,0,0,0,0,0,0
28562854353326967,28558819397063796,2.8561074726838264e+16,https://www.facebook.com/groups/congdongtuvanvienbaohiem/posts/28558819397063796/,2026-09-01,Trương Thị Nga Dah b kb hoặc Ako mình nha 0937191358,congdongtuvanvienbaohiem,labeled,1,TurquoiseAlligator8901,https://www.facebook.com/groups/congdongtuvanvienbaohiem/posts/28558819397063796/?comment_id=28561074726838263&reply_comment_id=28562854353326967,0,0,0,0,0,0,0,0,1,1
28562976553314747,28558819397063796,2.856285435332697e+16,https://www.facebook.com/groups/congdongtuvanvienbaohiem/posts/28558819397063796/,2026-09-01,TurquoiseAlligator8901 dạ vâng,congdongtuvanvienbaohiem,labeled,2,Trương Thị Nga,https://www.facebook.com/groups/congdongtuvanvienbaohiem/posts/28558819397063796/?comment_id=28561074726838263&reply_comment_id=28562976553314747,0,0,0,0,0,0,0,0,0,0
28565724179706651,28558819397063796,,https://www.facebook.com/groups/congdongtuvanvienbaohiem/posts/28558819397063796/,2026-09-01,"Nếu quan tâm về BHNT BHSK thì bác tham khảo AIA nhaaa 1. Không giới hạn số tiền ttoan/ đợt 2. Viện công khoa dịch vụ như khoa S nhi tw vẫn 100% 3. Ko giới hạn pp đtri ung thư 4. Trợ cấp nằm viện nếu xuất trình bhyt lên tới 600k/ ngày 5. Độ tuổi tái tục dài nhất thị trường : tối đa 100 tuổi lun 6. Chi trả cho cả thủ thuật trong ngày ko cần nămd viện như : chích lẹo, nội soi cắt polip, đốt sóng cao tần …. Ngoài ra M có làm sẵtn bảng so sánh chi tiết quyền lợi, hạn mức, tiền giường, ngoại trú, nội trú… giữa các công ty bảo hiểm để các mẹ dễ tham khảo trước khi quyết định. inbox em, em gửi miễn phí ạ ❤️ Hoặc add zalo : 0862639020",congdongtuvanvienbaohiem,labeled,0,Nguyễn Duy Đức Anh,https://www.facebook.com/groups/congdongtuvanvienbaohiem/posts/28558819397063796/?comment_id=28565724179706651,0,0,0,0,0,0,0,0,0,0
28566690606276675,28558819397063796,,https://www.facebook.com/groups/congdongtuvanvienbaohiem/posts/28558819397063796/,2026-09-01,Quan tâm Daiichi ib mk nhé,congdongtuvanvienbaohiem,labeled,0,Nguyễn Thị Huyền,https://www.facebook.com/groups/congdongtuvanvienbaohiem/posts/28558819397063796/?comment_id=28566690606276675,0,0,0,0,0,0,0,0,0,0
28567047882907614,28558819397063796,,https://www.facebook.com/groups/congdongtuvanvienbaohiem/posts/28558819397063796/,2026-09-01,"Anh chị nhắn em tham khảo AIA toàn diện bảo vệ từ bệnh thông thường đến ung thư/bệnh hiểm nghèo , tai nạn ạ 0969336696",congdongtuvanvienbaohiem,labeled,0,Kim Ngân,https://www.facebook.com/groups/congdongtuvanvienbaohiem/posts/28558819397063796/?comment_id=28567047882907614,0,0,0,0,0,0,0,0,0,0
28574593048819764,28558858303726572,,https://www.facebook.com/groups/congdongtuvanvienbaohiem/posts/28558858303726572/,2026-09-02,Chưa bác nào dùng ạ 😅😅,congdongtuvanvienbaohiem,labeled,0,CaptivatingOstrich7099,https://www.facebook.com/groups/congdongtuvanvienbaohiem/posts/28558858303726572/?comment_id=28574593048819764,0,0,0,0,0,0,0,0,0,0
28560093976936338,28559909996954736,,https://www.facebook.com/groups/congdongtuvanvienbaohiem/posts/28559909996954736/,2026-09-01,Bạn tham khảo bên cathay ib mình nhé,congdongtuvanvienbaohiem,labeled,0,Hiền Nguyễn,https://www.facebook.com/groups/congdongtuvanvienbaohiem/posts/28559909996954736/?comment_id=28560093976936338,0,0,0,0,0,0,0,0,0,0
28560297993582603,28559909996954736,,https://www.facebook.com/groups/congdongtuvanvienbaohiem/posts/28559909996954736/,2026-09-01,"Chào bạn. 🔰Mình là Xuân Hoàng Chuyên viên AIA Hội sở Hồ Chí Minh - 0382.111.396 - Bảo hiểm sức khoẻ Trọn Đời 100 tuổi của AIA mạnh mẽ với các quyền lợi điển hình mà các bên khác đều có giới hạn còn AIA thì khá rộng mở với khách hàng như các ưu điểm dưới đây: 1️⃣ Không giới hạn phụ cho mỗi lần điều trị 2️⃣Không phân biệt phẫu thuật hay không phẫu thuật 3️⃣200% hạn mức Nội trú cho mọi bệnh ở bệnh viện công lập “MỖI NĂM” 4️⃣Cấp cứu cho cả bệnh và tai nạn 5️⃣Phẫu thuật trong ngày chấp nhận cả tiểu phẫu 6️⃣Ung thư điều trị mọi phương pháp 7️⃣Thời gian lưu viện tối thiểu chỉ cần qua đêm 8️⃣ Nhân thọ từ 5 triệu là mua được thẻ sức khoẻ 9️⃣ Tặng quyền lợi Thai Sản 25 - 40 triệu 🔟 Song Hành Y Tế - Dịch vụ quản trị bệnh án cá nhân, có bác sĩ cá nhân hỗ trợ Online 24/7 1️⃣1️⃣ Mua mới tới 70 tuổi, Gia hạn tới 100 tuổi Liên hệ mình hỗ trợ bạn tham khảo thêm nhé. 🔮Hữu duyên kết nối và đồng hành về sau. ❣️Thân gửi & Cảm ơn…❣️ 🌹Xuân Hoàng - Tư vấn viên AIA 🏩 Hội sở HCM - Exchange by AIA ☎️ 0382.111.396 🛜Hỗ trợ Online toàn quốc 🛵Trực tiếp khu vực lân cận 📍Thủ Đức - HCM - Bình Dương - Bình Phước - Đồng Nai. #BHSK #AIA #BHNT #BHTS #BHYT",congdongtuvanvienbaohiem,labeled,0,Xuân Hoàng,https://www.facebook.com/groups/congdongtuvanvienbaohiem/posts/28559909996954736/?comment_id=28560297993582603,0,0,0,0,0,0,0,0,0,0
28560310943581308,28559909996954736,,https://www.facebook.com/groups/congdongtuvanvienbaohiem/posts/28559909996954736/,2026-09-01,"AIA hiện đang có sản phẩm nhân thọ chỉ cần đóng 5 năm cam kết bảo vệ 30 năm. đặc biệt, thẻ sức khoẻ trọn đời AIA chi trả rất mạnh lên tới 2,4 tỉ/ năm (Không bị giới hạn phụ cho một lần điều trị). Tặng kèm quyền lợi thai sản tt max 25tr. Ngoài ra mình có làm sẵn bảng so sánh chi tiết quyền lợi, hạn mức, tiền giường, ngoại trú, nội trú… giữa các công ty bảo hiểm để các mẹ dễ tham khảo trước khi quyết định. inbox mình, mình gửi miễn phí ạ ❤️ Hoặc zalo 0889490699 ạ",congdongtuvanvienbaohiem,labeled,0,Thuỷ Tiên,https://www.facebook.com/groups/congdongtuvanvienbaohiem/posts/28559909996954736/?comment_id=28560310943581308,0,0,0,0,0,0,0,0,0,0
28560312920247777,28559909996954736,,https://www.facebook.com/groups/congdongtuvanvienbaohiem/posts/28559909996954736/,2026-09-01,"Nếu bác đang quan tâm về BHNT BHSK thì bác tham khảo AIA nhaaa 1. Không giới hạn số tiền thanh toán/ đợt 2. Viện công khoa dịch vụ như khoa S nhi trung ương vẫn 100% 3. Không giới hạn phương pháp điều trị ung thư 4. Trợ cấp nằm viện nếu xuất trình bhyt lên tới 600k/ ngày 5. Độ tuổi tái tục dài nhất thị trường : tối đa 100 tuổi lun 6. Chi trả cho cả thủ thuật trong ngày ko cần nămd viện như : chích lẹo, nội soi cắt polyp, đốt sóng cao tần …. B cứ ib m gửi chi tiết theo ngân sách cho thì dễ so sánh hơn b ạ, m sẽ chỉ luôn bạn cách phân biệt ưu hạn chế các hãng tự đọc được cho chủ động nhé ! Zl :0889490699",congdongtuvanvienbaohiem,labeled,0,Thuỷ Tiên,https://www.facebook.com/groups/congdongtuvanvienbaohiem/posts/28559909996954736/?comment_id=28560312920247777,0,0,0,0,0,0,0,0,0,0
28560372540241815,28559909996954736,,https://www.facebook.com/groups/congdongtuvanvienbaohiem/posts/28559909996954736/,2026-09-01,Lh Mai tv nhé 0️⃣9️⃣4️⃣4️⃣6️⃣2️⃣6️⃣3️⃣5️⃣9️⃣,congdongtuvanvienbaohiem,labeled,0,Ngọc Mai,https://www.facebook.com/groups/congdongtuvanvienbaohiem/posts/28559909996954736/?comment_id=28560372540241815,0,0,0,0,0,0,0,0,0,0
28560631810215888,28559909996954736,,https://www.facebook.com/groups/congdongtuvanvienbaohiem/posts/28559909996954736/,2026-09-01,Ib,congdongtuvanvienbaohiem,labeled,0,Nguyễn Kyn,https://www.facebook.com/groups/congdongtuvanvienbaohiem/posts/28559909996954736/?comment_id=28560631810215888,0,0,0,0,0,0,0,0,0,0
28560716543540748,28559909996954736,,https://www.facebook.com/groups/congdongtuvanvienbaohiem/posts/28559909996954736/,2026-09-01,Chào bạn. Mình thuộc kênh bảo hiểm chuyên nghiệp toàn thời gian Aia Exchange. Aia có gói đáp ứng tốt với nhu cầu bảo và tài chính bạn đưa ra. Ban inbox mình tư vấn nhé,congdongtuvanvienbaohiem,labeled,0,Kim Hụê AiA,https://www.facebook.com/groups/congdongtuvanvienbaohiem/posts/28559909996954736/?comment_id=28560716543540748,0,0,0,0,0,0,0,0,0,0
28560804736865262,28559909996954736,,https://www.facebook.com/groups/congdongtuvanvienbaohiem/posts/28559909996954736/,2026-09-01,Bảo Việt Nhân Thọ mới ra mắt sản phẩm mới AN THỊNH PHÚC NIÊN rất tuyệt vời nếu bạn quan tâm hãy ib nhé. Quan tâm Bảo Việt ib mình tư vấn nhé Bảo Việt NT Đà Nẵng - ĐT: 0967396868,congdongtuvanvienbaohiem,labeled,0,Trần Bùi Nguyên Thành,https://www.facebook.com/groups/congdongtuvanvienbaohiem/posts/28559909996954736/?comment_id=28560804736865262,0,0,0,0,0,0,0,0,0,0
28561075186838217,28559909996954736,,https://www.facebook.com/groups/congdongtuvanvienbaohiem/posts/28559909996954736/,2026-09-01,"Mỗi hãng sẽ có những ưu điểm hạn chế riêng. Bạn chia sẻ thêm các thông tin sau để được tư vấn gói phù hợp nha: - Độ tuổi các thành viên gia đình? trộm vía khoẻ mạnh hay trước giờ đã từng điều trị hay thăm khám gì chưa? ví dụ các bệnh về hô hấp, tiêu hoá… - Nhu cầu sử dụng y tế ở viện nào? viện công hay viện tư? - Mong muốn được bảo vệ những quyền lợi gì? (tai nạn, bệnh hiểm nghèo, thẻ sức khoẻ…) - Tài chính dự định tối thiểu cho gói BH là bao nhiêu? Với tiêu chí tham khảo thẻ sức khỏe thì bạn lưu ý thêm 1 số điểm sau nha: - Đồng chi trả hay không đồng chi trả (với bé sơ sinh giai đoạn 0-5t thì 1 số hãng sẽ áp đồng chi trả, có bên 80/20; có bên 70/30) - Hạn mức chi trả (có bên giới hạn theo đợt điều trị, có bên giới hạn theo đầu bệnh) Mình hiện phân phối đầy đủ các hãng BHSK từ thẻ rời đến nhân thọ, bạn có thể ib mình để tham khảo khách quan các bên, từ đó lựa chọn phương án từ vấn phù hợp.",congdongtuvanvienbaohiem,labeled,0,Thuy Duong Nguyen,https://www.facebook.com/groups/congdongtuvanvienbaohiem/posts/28559909996954736/?comment_id=28561075186838217,0,0,0,0,0,0,0,0,0,0
28561155736830162,28559909996954736,,https://www.facebook.com/groups/congdongtuvanvienbaohiem/posts/28559909996954736/,2026-09-01,Ib nếu bạn thực sự quan tâm,congdongtuvanvienbaohiem,labeled,0,Nguyễn Mạnh Hà,https://www.facebook.com/groups/congdongtuvanvienbaohiem/posts/28559909996954736/?comment_id=28561155736830162,0,0,0,0,0,0,0,0,0,0
28561275096818226,28559909996954736,,https://www.facebook.com/groups/congdongtuvanvienbaohiem/posts/28559909996954736/,2026-09-01,ib ạ,congdongtuvanvienbaohiem,labeled,0,Bich Nguyen,https://www.facebook.com/groups/congdongtuvanvienbaohiem/posts/28559909996954736/?comment_id=28561275096818226,0,0,0,0,0,0,0,0,0,0
28562607883351614,28559909996954736,,https://www.facebook.com/groups/congdongtuvanvienbaohiem/posts/28559909996954736/,2026-09-01,Chào bạn tham khảo cathaylife ib mình 0932772139,congdongtuvanvienbaohiem,labeled,0,Liêm Nguyễn,https://www.facebook.com/groups/congdongtuvanvienbaohiem/posts/28559909996954736/?comment_id=28562607883351614,0,0,0,0,0,0,0,0,0,0
28563620679917001,28559909996954736,,https://www.facebook.com/groups/congdongtuvanvienbaohiem/posts/28559909996954736/,2026-09-01,"Chào bạn. Mình là Phương Thảo Tvv BH Generali. Gen đáp ứng được yêu cầu của bạn nè. Tích lũy tốt, bảo vệ cao.",congdongtuvanvienbaohiem,labeled,0,Thao Nguyen,https://www.facebook.com/groups/congdongtuvanvienbaohiem/posts/28559909996954736/?comment_id=28563620679917001,1,0,1,0,0,0,0,0,0,0
28566695286276207,28559909996954736,,https://www.facebook.com/groups/congdongtuvanvienbaohiem/posts/28559909996954736/,2026-09-01,Hữu duyên quan tâm daiichi inbox mình nhé￼,congdongtuvanvienbaohiem,labeled,0,Nguyễn Thị Huyền,https://www.facebook.com/groups/congdongtuvanvienbaohiem/posts/28559909996954736/?comment_id=28566695286276207,0,0,0,0,0,0,0,0,0,0
28567101276235608,28559909996954736,,https://www.facebook.com/groups/congdongtuvanvienbaohiem/posts/28559909996954736/,2026-09-01,"Anh chị nhắn em tham khảo AIA toàn diện bảo vệ từ bệnh thông thường đến ung thư/bệnh hiểm nghèo , tai nạn ạ 0969336696",congdongtuvanvienbaohiem,labeled,0,Kim Ngân,https://www.facebook.com/groups/congdongtuvanvienbaohiem/posts/28559909996954736/?comment_id=28567101276235608,0,0,0,0,0,0,0,0,0,0
28575996962012706,28559909996954736,,https://www.facebook.com/groups/congdongtuvanvienbaohiem/posts/28559909996954736/,2026-09-02,"Bạn inb mình nhé, mình là Phó phòng kinh doanh toàn thời gian ở AIA Việt Nam. Điểm tốt nghiệp luật bảo hiểm 39/40. Mình đã làm ở AIA được 3 năm và hiện có hơn 150 khách hàng. Làm chi trả gần 150 triệu cho 20 trường hợp. Bạn có thể hỏi mình tất cả những điều bạn băn khoăn, mình có thể giải đáp tất cả nha. Vào Facebook kiểm tra uy tín nhé.",congdongtuvanvienbaohiem,labeled,0,Pham Uyen,https://www.facebook.com/groups/congdongtuvanvienbaohiem/posts/28559909996954736/?comment_id=28575996962012706,0,0,0,0,0,0,0,0,0,0
28577036195242116,28559909996954736,,https://www.facebook.com/groups/congdongtuvanvienbaohiem/posts/28559909996954736/,2026-09-02,Bạn inb mình nha. Mình là chuyên viên hoạch định tài chính cao cấp toàn thời gian ở AIA. Đã hỗ trợ tư vấn cho hơn 100 khách hàng. Hỗ trợ giải đáp tất cả thắc mắc tận tình. Cam kết tư vấn chuẩn chỉnh tận tâm hết mức có thể.,congdongtuvanvienbaohiem,labeled,0,Trần Tiến Hiệp,https://www.facebook.com/groups/congdongtuvanvienbaohiem/posts/28559909996954736/?comment_id=28577036195242116,0,0,0,0,0,0,0,0,0,0
28587042247574844,28559909996954736,,https://www.facebook.com/groups/congdongtuvanvienbaohiem/posts/28559909996954736/,2026-09-03,Bảo Việt 0876294773 em hỗ trợ ạ,congdongtuvanvienbaohiem,labeled,0,Duy Quách,https://www.facebook.com/groups/congdongtuvanvienbaohiem/posts/28559909996954736/?comment_id=28587042247574844,0,0,0,0,0,0,0,0,0,0
28587143394231396,28559909996954736,,https://www.facebook.com/groups/congdongtuvanvienbaohiem/posts/28559909996954736/,2026-09-03,Dạ anh ib em hỗ trợ nhé!,congdongtuvanvienbaohiem,labeled,0,Lê Doãn Trung,https://www.facebook.com/groups/congdongtuvanvienbaohiem/posts/28559909996954736/?comment_id=28587143394231396,0,0,0,0,0,0,0,0,0,0
28571448415800894,28570374465908289,,https://www.facebook.com/groups/congdongtuvanvienbaohiem/posts/28570374465908289/,2026-09-02,ib nhé b,congdongtuvanvienbaohiem,labeled,0,Mạnh Lê,https://www.facebook.com/groups/congdongtuvanvienbaohiem/posts/28570374465908289/?comment_id=28571448415800894,0,0,0,0,0,0,0,0,1,1
28571577109121358,28570374465908289,2.8571448415800896e+16,https://www.facebook.com/groups/congdongtuvanvienbaohiem/posts/28570374465908289/,2026-09-02,Mạnh Lê ok b,congdongtuvanvienbaohiem,labeled,1,Linh Khánh,https://www.facebook.com/groups/congdongtuvanvienbaohiem/posts/28570374465908289/?comment_id=28571448415800894&reply_comment_id=28571577109121358,0,0,0,0,0,0,0,0,0,0
28573696998909369,28573653888913680,,https://www.facebook.com/groups/congdongtuvanvienbaohiem/posts/28573653888913680/,2026-09-02,Quan tâm Manulife ib Thơm nhé zalo 0988502384,congdongtuvanvienbaohiem,labeled,0,Thom Nguyen,https://www.facebook.com/groups/congdongtuvanvienbaohiem/posts/28573653888913680/?comment_id=28573696998909369,0,0,0,0,0,0,0,0,1,1
28573704922241910,28573653888913680,2.857369699890937e+16,https://www.facebook.com/groups/congdongtuvanvienbaohiem/posts/28573653888913680/,2026-09-02,Thom Nguyen m đã ib,congdongtuvanvienbaohiem,labeled,1,GlowingHummingbird2665,https://www.facebook.com/groups/congdongtuvanvienbaohiem/posts/28573653888913680/?comment_id=28573696998909369&reply_comment_id=28573704922241910,0,0,0,0,0,0,0,0,0,0
28573705152241887,28573653888913680,,https://www.facebook.com/groups/congdongtuvanvienbaohiem/posts/28573653888913680/,2026-09-02,"Xin chào mọi người, mình là Lâm Hồng – tư vấn viên Bảo hiểm Daiichi, hỗ trợ cả bảo hiểm nhân thọ và phi nhân thọ (Techcom, VBI, MIC, Pacific, BIC,..) Mình luôn mong muốn được lắng nghe nhu cầu, cân đối theo khả năng tài chính và giải thích rõ ràng để mỗi người có thể lựa chọn giải pháp phù hợp cho bản thân và gia đình. ❤️ Anh/chị nào cần tìm hiểu về bảo hiểm, rất vui được kết nối và hỗ trợ! 📱 Zalo: 0826.341.382",congdongtuvanvienbaohiem,labeled,0,Lâm Hồngg Bảo Hiểm,https://www.facebook.com/groups/congdongtuvanvienbaohiem/posts/28573653888913680/?comment_id=28573705152241887,0,0,0,0,0,0,0,0,1,2
28573715195574216,28573653888913680,2.857370515224189e+16,https://www.facebook.com/groups/congdongtuvanvienbaohiem/posts/28573653888913680/,2026-09-02,Lâm Hồngg Bảo Hiểm Daiichi cũng có sp ILP à b? Vậy check ib m nhé,congdongtuvanvienbaohiem,labeled,1,GlowingHummingbird2665,https://www.facebook.com/groups/congdongtuvanvienbaohiem/posts/28573653888913680/?comment_id=28573705152241887&reply_comment_id=28573715195574216,0,0,0,0,0,0,0,0,1,1
28573717572240645,28573653888913680,,https://www.facebook.com/groups/congdongtuvanvienbaohiem/posts/28573653888913680/,2026-09-02,Bác inbox em nhé Bác đăng ẩn danh em ko inbox trc đc ạ 😊,congdongtuvanvienbaohiem,labeled,0,Triệu Hiền,https://www.facebook.com/groups/congdongtuvanvienbaohiem/posts/28573653888913680/?comment_id=28573717572240645,0,0,0,0,0,0,0,0,0,0
28573727955572940,28573653888913680,,https://www.facebook.com/groups/congdongtuvanvienbaohiem/posts/28573653888913680/,2026-09-02,Bạn tham khảo 2 sp Xanh Phú Quý và Xanh Phú Quý Flex của Manulife nha. Ib mình để biết thêm chi tiết. 🥰,congdongtuvanvienbaohiem,labeled,0,Tuyến Phạm Kim,https://www.facebook.com/groups/congdongtuvanvienbaohiem/posts/28573653888913680/?comment_id=28573727955572940,0,0,0,0,0,0,0,0,1,3
28573755662236836,28573653888913680,,https://www.facebook.com/groups/congdongtuvanvienbaohiem/posts/28573653888913680/,2026-09-02,"Mình bên Generali nhé, bạn ib mình nhé",congdongtuvanvienbaohiem,labeled,0,Khánh Út,https://www.facebook.com/groups/congdongtuvanvienbaohiem/posts/28573653888913680/?comment_id=28573755662236836,0,0,0,0,0,0,0,0,1,5
28573758045569931,28573653888913680,2.8573715195574216e+16,https://www.facebook.com/groups/congdongtuvanvienbaohiem/posts/28573653888913680/,2026-09-02,GlowingHummingbird2665 dạ có ạ A c nhắn e nhé,congdongtuvanvienbaohiem,labeled,2,Lâm Hồngg Bảo Hiểm,https://www.facebook.com/groups/congdongtuvanvienbaohiem/posts/28573653888913680/?comment_id=28573705152241887&reply_comment_id=28573758045569931,0,0,0,0,0,0,0,0,0,0
28573764182235984,28573653888913680,,https://www.facebook.com/groups/congdongtuvanvienbaohiem/posts/28573653888913680/,2026-09-02,Bạn tham khảo Gen nhé,congdongtuvanvienbaohiem,labeled,0,Thao Nguyen,https://www.facebook.com/groups/congdongtuvanvienbaohiem/posts/28573653888913680/?comment_id=28573764182235984,0,0,0,0,0,0,0,0,0,0
28573801785565557,28573653888913680,,https://www.facebook.com/groups/congdongtuvanvienbaohiem/posts/28573653888913680/,2026-09-02,Hiện tại AIA mới ra mắt sản phẩm ILP. Bác ib e hỗ trợ nhé,congdongtuvanvienbaohiem,labeled,0,Trần Dũng,https://www.facebook.com/groups/congdongtuvanvienbaohiem/posts/28573653888913680/?comment_id=28573801785565557,0,0,0,0,0,0,0,0,0,0
28573881042224298,28573653888913680,,https://www.facebook.com/groups/congdongtuvanvienbaohiem/posts/28573653888913680/,2026-09-02,E bên Manulife Anh có thể inbox e tham khảo về sản phẩm xanh Phú quý flex và xanh tương lai nhé ạ,congdongtuvanvienbaohiem,labeled,0,Lê Ly,https://www.facebook.com/groups/congdongtuvanvienbaohiem/posts/28573653888913680/?comment_id=28573881042224298,0,0,0,0,0,0,0,0,0,0
28573885165557219,28573653888913680,,https://www.facebook.com/groups/congdongtuvanvienbaohiem/posts/28573653888913680/,2026-09-02,"Khách hàng mà cũng biết ILP ,đáng thương quá",congdongtuvanvienbaohiem,labeled,0,Adam Nguyễn,https://www.facebook.com/groups/congdongtuvanvienbaohiem/posts/28573653888913680/?comment_id=28573885165557219,2,0,0,0,2,0,0,0,0,0
28573892225556513,28573653888913680,2.857375566223684e+16,https://www.facebook.com/groups/congdongtuvanvienbaohiem/posts/28573653888913680/,2026-09-02,Khánh Út b check ib nhé,congdongtuvanvienbaohiem,labeled,1,GlowingHummingbird2665,https://www.facebook.com/groups/congdongtuvanvienbaohiem/posts/28573653888913680/?comment_id=28573755662236836&reply_comment_id=28573892225556513,0,0,0,0,0,0,0,0,2,4
28573902425555493,28573653888913680,,https://www.facebook.com/groups/congdongtuvanvienbaohiem/posts/28573653888913680/,2026-09-02,Dạ e tvv bên Bảo Việt nhé ạ . Cần tư vấn liên hệ e ạ . Zalo 0909153122,congdongtuvanvienbaohiem,labeled,0,Su Sam,https://www.facebook.com/groups/congdongtuvanvienbaohiem/posts/28573653888913680/?comment_id=28573902425555493,0,0,0,0,0,0,0,0,0,0
28573910598888009,28573653888913680,,https://www.facebook.com/groups/congdongtuvanvienbaohiem/posts/28573653888913680/,2026-09-02,Dự kiến tháng này AIA sẽ ra mắt dòng ILP mới nên nếu tìm hiểu có thể trao đổi thêm với em nha anh chị. Em là tvv của Hội sở BHNT AIA exchange HCM. Sẵn lòng hỗ trợ mình nghen,congdongtuvanvienbaohiem,labeled,0,Bo Phú,https://www.facebook.com/groups/congdongtuvanvienbaohiem/posts/28573653888913680/?comment_id=28573910598888009,0,0,0,0,0,0,0,0,0,0
28573947642217638,28573653888913680,,https://www.facebook.com/groups/congdongtuvanvienbaohiem/posts/28573653888913680/,2026-09-02,Bạn quan tâm sản phẩm ILP của Manulife thì inbox mình hỗ trợ nhé!😊,congdongtuvanvienbaohiem,labeled,0,Mai Liên,https://www.facebook.com/groups/congdongtuvanvienbaohiem/posts/28573653888913680/?comment_id=28573947642217638,0,0,0,0,0,0,0,0,0,0
28573957332216669,28573653888913680,,https://www.facebook.com/groups/congdongtuvanvienbaohiem/posts/28573653888913680/,2026-09-02,"Xin chào Anh/ Chị , mình là Phươnng Anhh – tư vấn viên Bảo hiểm Daiichi, hỗ trợ cả bảo hiểm nhân thọ và phi nhân thọ (Techcom, VBI, MIC, Pacific, BIC, Tasco.,,,,) Mình luôn mong muốn được lắng nghe nhu cầu, cân đối theo khả năng tài chính và giải thích rõ ràng để mỗi người có thể lựa chọn giải pháp phù hợp cho bản thân và gia đình. ❤️ Anh/chị nào cần tìm hiểu về bảo hiểm, rất vui được kết nối và hỗ trợ! 📱 Zalo: 0869.499.021.",congdongtuvanvienbaohiem,labeled,0,Tran Phuong Anh,https://www.facebook.com/groups/congdongtuvanvienbaohiem/posts/28573653888913680/?comment_id=28573957332216669,0,0,0,0,0,0,0,0,0,0
28573957805549955,28573653888913680,,https://www.facebook.com/groups/congdongtuvanvienbaohiem/posts/28573653888913680/,2026-09-02,Bạn quan tâm sp ILP của Prudential thì ib mình nhé,congdongtuvanvienbaohiem,labeled,0,Hoa Thanh,https://www.facebook.com/groups/congdongtuvanvienbaohiem/posts/28573653888913680/?comment_id=28573957805549955,0,0,0,0,0,0,0,0,1,2
28573992772213125,28573653888913680,2.857372795557294e+16,https://www.facebook.com/groups/congdongtuvanvienbaohiem/posts/28573653888913680/,2026-09-02,Tuyến Phạm Kim b check ib m nhé,congdongtuvanvienbaohiem,labeled,1,GlowingHummingbird2665,https://www.facebook.com/groups/congdongtuvanvienbaohiem/posts/28573653888913680/?comment_id=28573727955572940&reply_comment_id=28573992772213125,1,0,1,0,0,0,0,0,2,2
28573995642212838,28573653888913680,2.857395780554996e+16,https://www.facebook.com/groups/congdongtuvanvienbaohiem/posts/28573653888913680/,2026-09-02,Hoa Thanh b check ib n nhé,congdongtuvanvienbaohiem,labeled,1,GlowingHummingbird2665,https://www.facebook.com/groups/congdongtuvanvienbaohiem/posts/28573653888913680/?comment_id=28573957805549955&reply_comment_id=28573995642212838,0,0,0,0,0,0,0,0,1,1
28574009135544822,28573653888913680,2.8573992772213124e+16,https://www.facebook.com/groups/congdongtuvanvienbaohiem/posts/28573653888913680/,2026-09-02,GlowingHummingbird2665 ok bạn nhé 🥰,congdongtuvanvienbaohiem,labeled,2,Tuyến Phạm Kim,https://www.facebook.com/groups/congdongtuvanvienbaohiem/posts/28573653888913680/?comment_id=28573727955572940&reply_comment_id=28574009135544822,0,0,0,0,0,0,0,0,0,0
28574009792211423,28573653888913680,2.857399564221284e+16,https://www.facebook.com/groups/congdongtuvanvienbaohiem/posts/28573653888913680/,2026-09-02,GlowingHummingbird2665 ok bạn nha,congdongtuvanvienbaohiem,labeled,2,Hoa Thanh,https://www.facebook.com/groups/congdongtuvanvienbaohiem/posts/28573653888913680/?comment_id=28573957805549955&reply_comment_id=28574009792211423,0,0,0,0,0,0,0,0,0,0
28574026375543098,28573653888913680,2.8573992772213124e+16,https://www.facebook.com/groups/congdongtuvanvienbaohiem/posts/28573653888913680/,2026-09-02,GlowingHummingbird2665 mình ko ib dc cho bạn á. Mình cũng chưa nhận dc tin nhắn của bạn á,congdongtuvanvienbaohiem,labeled,2,Tuyến Phạm Kim,https://www.facebook.com/groups/congdongtuvanvienbaohiem/posts/28573653888913680/?comment_id=28573727955572940&reply_comment_id=28574026375543098,0,0,0,0,0,0,0,0,0,0
28574044002208002,28573653888913680,,https://www.facebook.com/groups/congdongtuvanvienbaohiem/posts/28573653888913680/,2026-09-02,Tham khảo ILP Gen Man nhé ak cần nhắn m,congdongtuvanvienbaohiem,labeled,0,Khương Duy,https://www.facebook.com/groups/congdongtuvanvienbaohiem/posts/28573653888913680/?comment_id=28574044002208002,0,0,0,0,0,0,0,0,0,0
28574065605539175,28573653888913680,2.857389222555651e+16,https://www.facebook.com/groups/congdongtuvanvienbaohiem/posts/28573653888913680/,2026-09-02,GlowingHummingbird2665 cảm ơn bạn,congdongtuvanvienbaohiem,labeled,2,Khánh Út,https://www.facebook.com/groups/congdongtuvanvienbaohiem/posts/28573653888913680/?comment_id=28573755662236836&reply_comment_id=28574065605539175,0,0,0,0,0,0,0,0,0,0
28574208565524879,28573653888913680,,https://www.facebook.com/groups/congdongtuvanvienbaohiem/posts/28573653888913680/,2026-09-02,Bạn quan tâm ILP bh gen vui lòng ib mình nhé,congdongtuvanvienbaohiem,labeled,0,Hoa Phan,https://www.facebook.com/groups/congdongtuvanvienbaohiem/posts/28573653888913680/?comment_id=28574208565524879,0,0,0,0,0,0,0,0,0,0
28574234855522250,28573653888913680,,https://www.facebook.com/groups/congdongtuvanvienbaohiem/posts/28573653888913680/,2026-09-02,"Vậy thì inbox Tấn nè, đúng sở trường rồi",congdongtuvanvienbaohiem,labeled,0,Tấn Nguyễn,https://www.facebook.com/groups/congdongtuvanvienbaohiem/posts/28573653888913680/?comment_id=28574234855522250,0,0,0,0,0,0,0,0,0,0
28574427878836281,28573653888913680,,https://www.facebook.com/groups/congdongtuvanvienbaohiem/posts/28573653888913680/,2026-09-02,ILP thì mời bác ghé qua nhà Manulife ạ!,congdongtuvanvienbaohiem,labeled,0,Thơm Trần,https://www.facebook.com/groups/congdongtuvanvienbaohiem/posts/28573653888913680/?comment_id=28574427878836281,0,0,0,0,0,0,0,0,0,0
28574480082164394,28573653888913680,,https://www.facebook.com/groups/congdongtuvanvienbaohiem/posts/28573653888913680/,2026-09-02,Cần hỗ trợ của Chubb Life. Nhắn e hỗ trợ tham khảo nhé,congdongtuvanvienbaohiem,labeled,0,Đức Minh,https://www.facebook.com/groups/congdongtuvanvienbaohiem/posts/28573653888913680/?comment_id=28574480082164394,0,0,0,0,0,0,0,0,0,0
28574496785496057,28573653888913680,,https://www.facebook.com/groups/congdongtuvanvienbaohiem/posts/28573653888913680/,2026-09-02,Bạn quan tâm ib mình Hà fulltime AiA 0933863514 hỗ trợ nhé,congdongtuvanvienbaohiem,labeled,0,Hà Thị,https://www.facebook.com/groups/congdongtuvanvienbaohiem/posts/28573653888913680/?comment_id=28574496785496057,0,0,0,0,0,0,0,0,0,0
28574691188809950,28573653888913680,,https://www.facebook.com/groups/congdongtuvanvienbaohiem/posts/28573653888913680/,2026-09-02,"Xanh Phú Quý,Xanh Tương Lai của Manulife",congdongtuvanvienbaohiem,labeled,0,Dung Phương Thiên Hoà,https://www.facebook.com/groups/congdongtuvanvienbaohiem/posts/28573653888913680/?comment_id=28574691188809950,0,0,0,0,0,0,0,0,0,0
28575541202058282,28573653888913680,,https://www.facebook.com/groups/congdongtuvanvienbaohiem/posts/28573653888913680/,2026-09-02,Bạn tìm hiểu Xanh Phú Quý và Xanh Phú Quý Flex của Manulife nhé.,congdongtuvanvienbaohiem,labeled,0,Cao Thuỳ Dung,https://www.facebook.com/groups/congdongtuvanvienbaohiem/posts/28573653888913680/?comment_id=28575541202058282,0,0,0,0,0,0,0,0,0,0
28575884435357292,28573653888913680,,https://www.facebook.com/groups/congdongtuvanvienbaohiem/posts/28573653888913680/,2026-09-02,Bạn quan tâm sp ILP của Gen thì ib mình hỗ trợ nha,congdongtuvanvienbaohiem,labeled,0,Hương Trịnh,https://www.facebook.com/groups/congdongtuvanvienbaohiem/posts/28573653888913680/?comment_id=28575884435357292,0,0,0,0,0,0,0,0,0,0
28577479068531162,28573653888913680,,https://www.facebook.com/groups/congdongtuvanvienbaohiem/posts/28573653888913680/,2026-09-02,B quan tâm vđe gì? Nếu cần chi tiết về các quỹ thì có thể ib mình,congdongtuvanvienbaohiem,labeled,0,Quynh Anh Nguyen,https://www.facebook.com/groups/congdongtuvanvienbaohiem/posts/28573653888913680/?comment_id=28577479068531162,0,0,0,0,0,0,0,0,0,0
28578280581784344,28573653888913680,,https://www.facebook.com/groups/congdongtuvanvienbaohiem/posts/28573653888913680/,2026-09-02,Chào bạn quan tâm cathaylife ib mình 0932772139,congdongtuvanvienbaohiem,labeled,0,Liêm Nguyễn,https://www.facebook.com/groups/congdongtuvanvienbaohiem/posts/28573653888913680/?comment_id=28578280581784344,0,0,0,0,0,0,0,0,0,0
28580341424911593,28573653888913680,,https://www.facebook.com/groups/congdongtuvanvienbaohiem/posts/28573653888913680/,2026-09-02,"Anh chị nhắn em tham khảo AIA toàn diện bảo vệ từ bệnh thông thường đến ung thư/bệnh hiểm nghèo , tai nạn ạ 0969336696",congdongtuvanvienbaohiem,labeled,0,Kim Ngân,https://www.facebook.com/groups/congdongtuvanvienbaohiem/posts/28573653888913680/?comment_id=28580341424911593,0,0,0,0,0,0,0,0,0,0
28584213834524352,28573653888913680,2.857389222555651e+16,https://www.facebook.com/groups/congdongtuvanvienbaohiem/posts/28573653888913680/,2026-09-02,GlowingHummingbird2665 nếu có nhu cầu thật thì ib mình sẽ giúp bạn so sánh giải pháp tối ưu giữa các cty có lợi phù hợp nhất trên thị trường cho bạn được nhé!,congdongtuvanvienbaohiem,labeled,2,Andy Quoc,https://www.facebook.com/groups/congdongtuvanvienbaohiem/posts/28573653888913680/?comment_id=28573755662236836&reply_comment_id=28584213834524352,0,0,0,0,0,0,0,0,0,0
28585737857705283,28573653888913680,,https://www.facebook.com/groups/congdongtuvanvienbaohiem/posts/28573653888913680/,2026-09-03,Quan tâm Daiichi ib mk nhé,congdongtuvanvienbaohiem,labeled,0,Nguyễn Thị Huyền,https://www.facebook.com/groups/congdongtuvanvienbaohiem/posts/28573653888913680/?comment_id=28585737857705283,0,0,0,0,0,0,0,0,0,0
28585835881028814,28573653888913680,,https://www.facebook.com/groups/congdongtuvanvienbaohiem/posts/28573653888913680/,2026-09-03,Mình bên Hanwha life.ib để được tư vấn ILP nha,congdongtuvanvienbaohiem,labeled,0,Trang Nguyen,https://www.facebook.com/groups/congdongtuvanvienbaohiem/posts/28573653888913680/?comment_id=28585835881028814,0,0,0,0,0,0,0,0,0,0
28579935608285508,28579920261620376,,https://www.facebook.com/groups/congdongtuvanvienbaohiem/posts/28579920261620376/,2026-09-02,Bác check ib em 0942353538,congdongtuvanvienbaohiem,labeled,0,TRang Tịnh Như,https://www.facebook.com/groups/congdongtuvanvienbaohiem/posts/28579920261620376/?comment_id=28579935608285508,0,0,0,0,0,0,0,0,1,2
28579939698285099,28579920261620376,,https://www.facebook.com/groups/congdongtuvanvienbaohiem/posts/28579920261620376/,2026-09-02,Inbox mình ạ,congdongtuvanvienbaohiem,labeled,0,Thắm Đặng,https://www.facebook.com/groups/congdongtuvanvienbaohiem/posts/28579920261620376/?comment_id=28579939698285099,0,0,0,0,0,0,0,0,1,1
28579945981617804,28579920261620376,,https://www.facebook.com/groups/congdongtuvanvienbaohiem/posts/28579920261620376/,2026-09-02,"Chào bạn, mình là Thanh, chuyên viên tư vấn của Manufile tại hải phòng rất vui khi được hỗ trợ bạn sdt 0866047896",congdongtuvanvienbaohiem,labeled,0,Đàm Thanh,https://www.facebook.com/groups/congdongtuvanvienbaohiem/posts/28579920261620376/?comment_id=28579945981617804,0,0,0,0,0,0,0,0,1,1
28580004771611925,28579920261620376,,https://www.facebook.com/groups/congdongtuvanvienbaohiem/posts/28579920261620376/,2026-09-02,B ib m nhé,congdongtuvanvienbaohiem,labeled,0,Nguyễn Hiền,https://www.facebook.com/groups/congdongtuvanvienbaohiem/posts/28579920261620376/?comment_id=28580004771611925,0,0,0,0,0,0,0,0,1,1
28580025924943143,28579920261620376,,https://www.facebook.com/groups/congdongtuvanvienbaohiem/posts/28579920261620376/,2026-09-02,"Bạn inb mình nhé, mình là Phó phòng kinh doanh toàn thời gian ở AIA Việt Nam. Điểm tốt nghiệp luật bảo hiểm 39/40. Mình đã làm ở AIA được 3 năm và hiện có hơn 150 khách hàng. Làm chi trả gần 150 triệu cho 20 trường hợp. Bạn có thể hỏi mình tất cả những điều bạn băn khoăn, mình có thể giải đáp tất cả nha. Vào Facebook kiểm tra uy tín nhé.",congdongtuvanvienbaohiem,labeled,0,Pham Uyen,https://www.facebook.com/groups/congdongtuvanvienbaohiem/posts/28579920261620376/?comment_id=28580025924943143,0,0,0,0,0,0,0,0,1,2
28580080534937682,28579920261620376,,https://www.facebook.com/groups/congdongtuvanvienbaohiem/posts/28579920261620376/,2026-09-02,E ib r ạ Bác check zalo giúp e ạ,congdongtuvanvienbaohiem,labeled,0,Phương Bhsk VietinBank,https://www.facebook.com/groups/congdongtuvanvienbaohiem/posts/28579920261620376/?comment_id=28580080534937682,0,0,0,0,0,0,0,0,0,0
28580110771601325,28579920261620376,,https://www.facebook.com/groups/congdongtuvanvienbaohiem/posts/28579920261620376/,2026-09-02,"Dạ e tvv bên Bảo Việt ạ , cần tư vấn ib e nhé ạ 0909153122",congdongtuvanvienbaohiem,labeled,0,Su Sam,https://www.facebook.com/groups/congdongtuvanvienbaohiem/posts/28579920261620376/?comment_id=28580110771601325,0,0,0,0,0,0,0,0,1,1
28580151728263896,28579920261620376,,https://www.facebook.com/groups/congdongtuvanvienbaohiem/posts/28579920261620376/,2026-09-02,Chưa ưng tư vấn nào thì nhắn em thiết kế phù hợp nhu cầu anh chị nhé 0944626359,congdongtuvanvienbaohiem,labeled,0,Ngọc Mai,https://www.facebook.com/groups/congdongtuvanvienbaohiem/posts/28579920261620376/?comment_id=28580151728263896,0,0,0,0,0,0,0,0,1,4
28580178388261230,28579920261620376,,https://www.facebook.com/groups/congdongtuvanvienbaohiem/posts/28579920261620376/,2026-09-02,Hữu duyên check inb em ạ,congdongtuvanvienbaohiem,labeled,0,Lê Huỳnh Anh Thiện,https://www.facebook.com/groups/congdongtuvanvienbaohiem/posts/28579920261620376/?comment_id=28580178388261230,0,0,0,0,0,0,0,0,0,0
28580205804925155,28579920261620376,,https://www.facebook.com/groups/congdongtuvanvienbaohiem/posts/28579920261620376/,2026-09-02,"Anh chị nhắn em tham khảo AIA toàn diện bảo vệ từ bệnh thông thường đến ung thư/bệnh hiểm nghèo , tai nạn ạ 0969336696",congdongtuvanvienbaohiem,labeled,0,Kim Ngân,https://www.facebook.com/groups/congdongtuvanvienbaohiem/posts/28579920261620376/?comment_id=28580205804925155,0,0,0,0,0,0,0,0,1,1
28580323544913381,28579920261620376,,https://www.facebook.com/groups/congdongtuvanvienbaohiem/posts/28579920261620376/,2026-09-02,"Dạ e tvv ạ , cần tư vấn ib e nhé ạ 0868735729",congdongtuvanvienbaohiem,labeled,0,Giàu Ngọc,https://www.facebook.com/groups/congdongtuvanvienbaohiem/posts/28579920261620376/?comment_id=28580323544913381,0,0,0,0,0,0,0,0,1,2
28580329308246138,28579920261620376,,https://www.facebook.com/groups/congdongtuvanvienbaohiem/posts/28579920261620376/,2026-09-02,ib ạ,congdongtuvanvienbaohiem,labeled,0,Bich Nguyen,https://www.facebook.com/groups/congdongtuvanvienbaohiem/posts/28579920261620376/?comment_id=28580329308246138,0,0,0,0,0,0,0,0,2,2
28580395128239556,28579920261620376,,https://www.facebook.com/groups/congdongtuvanvienbaohiem/posts/28579920261620376/,2026-09-02,Từ hồi tháng 7 tới giờ vẫn chưa mua được à bạn ?. Ib mình tư vấn nha. 0828.893.186,congdongtuvanvienbaohiem,labeled,0,Nguyễn Thị Bích Lệ,https://www.facebook.com/groups/congdongtuvanvienbaohiem/posts/28579920261620376/?comment_id=28580395128239556,0,0,0,0,0,0,0,0,1,2
28580429814902754,28579920261620376,,https://www.facebook.com/groups/congdongtuvanvienbaohiem/posts/28579920261620376/,2026-09-02,"AIA hiện đang có sản phẩm nhân thọ chỉ cần đóng 5 năm cam kết bảo vệ 30 năm. đặc biệt, thẻ sức khoẻ trọn đời AIA chi trả rất mạnh lên tới 2,4 tỉ/ năm (Không bị giới hạn phụ cho một lần điều trị). Tặng kèm quyền lợi thai sản tt max 25tr. Ngoài ra mình có làm sẵn bảng so sánh chi tiết quyền lợi, hạn mức, tiền giường, ngoại trú, nội trú… giữa các công ty bảo hiểm để các mẹ dễ tham khảo trước khi quyết định. inbox mình, mình gửi miễn phí ạ ❤️ Hoặc zalo 0889490699 ạ",congdongtuvanvienbaohiem,labeled,0,Thuỷ Tiên,https://www.facebook.com/groups/congdongtuvanvienbaohiem/posts/28579920261620376/?comment_id=28580429814902754,0,0,0,0,0,0,0,0,1,1
28580431238235945,28579920261620376,,https://www.facebook.com/groups/congdongtuvanvienbaohiem/posts/28579920261620376/,2026-09-02,"Nếu bác đang quan tâm về BHNT BHSK thì bác tham khảo AIA nhaaa 1. Không giới hạn số tiền thanh toán/ đợt 2. Viện công khoa dịch vụ như khoa S nhi trung ương vẫn 100% 3. Không giới hạn phương pháp điều trị ung thư 4. Trợ cấp nằm viện nếu xuất trình bhyt lên tới 600k/ ngày 5. Độ tuổi tái tục dài nhất thị trường : tối đa 100 tuổi lun 6. Chi trả cho cả thủ thuật trong ngày ko cần nămd viện như : chích lẹo, nội soi cắt polyp, đốt sóng cao tần …. B cứ ib m gửi chi tiết theo ngân sách cho thì dễ so sánh hơn b ạ, m sẽ chỉ luôn bạn cách phân biệt ưu hạn chế các hãng tự đọc được cho chủ động nhé ! Zl :0889490699",congdongtuvanvienbaohiem,labeled,0,Thuỷ Tiên,https://www.facebook.com/groups/congdongtuvanvienbaohiem/posts/28579920261620376/?comment_id=28580431238235945,0,0,0,0,0,0,0,0,1,2
28584881461124256,28579920261620376,,https://www.facebook.com/groups/congdongtuvanvienbaohiem/posts/28579920261620376/,2026-09-02,"Chào Chị, em là Phương Thảo Tvv bảo hiểm Generali. 0826449531. Em biết mình chưa quen nhau nên em không muốn nói về sản phẩm ngay. Em muốn hỏi xem hiện tại anh/chị đang ưu tiên điều gì nhất cho tài chính gia đình?",congdongtuvanvienbaohiem,labeled,0,Thao Nguyen,https://www.facebook.com/groups/congdongtuvanvienbaohiem/posts/28579920261620376/?comment_id=28584881461124256,0,0,0,0,0,0,0,0,2,3
28585151171097285,28579920261620376,,https://www.facebook.com/groups/congdongtuvanvienbaohiem/posts/28579920261620376/,2026-09-02,Bảo việt liên hệ zalo 0767928776 mình tư vấn cho bạn nhé,congdongtuvanvienbaohiem,labeled,0,Phùng Ngọc Liên,https://www.facebook.com/groups/congdongtuvanvienbaohiem/posts/28579920261620376/?comment_id=28585151171097285,0,0,0,0,0,0,0,0,1,1
28585346711077731,28579920261620376,2.8585151171097284e+16,https://www.facebook.com/groups/congdongtuvanvienbaohiem/posts/28579920261620376/,2026-09-03,Phùng Ngọc Liên Kết bạn zalo tư vấn giúp e ạ 0936823137,congdongtuvanvienbaohiem,labeled,1,Lương_Tạo,https://www.facebook.com/groups/congdongtuvanvienbaohiem/posts/28579920261620376/?comment_id=28585151171097285&reply_comment_id=28585346711077731,0,0,0,0,0,0,0,0,0,0
28585347331077669,28579920261620376,2.8579935608285508e+16,https://www.facebook.com/groups/congdongtuvanvienbaohiem/posts/28579920261620376/,2026-09-03,TRang Tịnh Như Kết bạn zalo tư vấn giúp e ạ 0936823137,congdongtuvanvienbaohiem,labeled,1,Lương_Tạo,https://www.facebook.com/groups/congdongtuvanvienbaohiem/posts/28579920261620376/?comment_id=28579935608285508&reply_comment_id=28585347331077669,0,0,0,0,0,0,0,0,1,1
28585347957744273,28579920261620376,2.8580431238235944e+16,https://www.facebook.com/groups/congdongtuvanvienbaohiem/posts/28579920261620376/,2026-09-03,Thuỷ Tiên Kết bạn zalo tư vấn giúp e ạ 0936823137,congdongtuvanvienbaohiem,labeled,1,Lương_Tạo,https://www.facebook.com/groups/congdongtuvanvienbaohiem/posts/28579920261620376/?comment_id=28580431238235945&reply_comment_id=28585347957744273,0,0,0,0,0,0,0,0,1,1
28585348767744192,28579920261620376,2.858042981490275e+16,https://www.facebook.com/groups/congdongtuvanvienbaohiem/posts/28579920261620376/,2026-09-03,Thuỷ Tiên Kết bạn zalo tư vấn giúp e ạ 0936823137,congdongtuvanvienbaohiem,labeled,1,Lương_Tạo,https://www.facebook.com/groups/congdongtuvanvienbaohiem/posts/28579920261620376/?comment_id=28580429814902754&reply_comment_id=28585348767744192,0,0,0,0,0,0,0,0,0,0
28585349141077488,28579920261620376,2.8580110771601324e+16,https://www.facebook.com/groups/congdongtuvanvienbaohiem/posts/28579920261620376/,2026-09-03,Su Sam Kết bạn zalo tư vấn giúp e ạ 0936823137,congdongtuvanvienbaohiem,labeled,1,Lương_Tạo,https://www.facebook.com/groups/congdongtuvanvienbaohiem/posts/28579920261620376/?comment_id=28580110771601325&reply_comment_id=28585349141077488,0,0,0,0,0,0,0,0,0,0
28585350014410734,28579920261620376,2.8584881461124256e+16,https://www.facebook.com/groups/congdongtuvanvienbaohiem/posts/28579920261620376/,2026-09-03,Thao Nguyen Kết bạn zalo tư vấn giúp e ạ 0936823137,congdongtuvanvienbaohiem,labeled,1,Lương_Tạo,https://www.facebook.com/groups/congdongtuvanvienbaohiem/posts/28579920261620376/?comment_id=28584881461124256&reply_comment_id=28585350014410734,0,0,0,0,0,0,0,0,1,1
28585351211077281,28579920261620376,2.8584881461124256e+16,https://www.facebook.com/groups/congdongtuvanvienbaohiem/posts/28579920261620376/,2026-09-03,Thao Nguyen Kết bạn zalo tư vấn giúp e ạ 0936823137,congdongtuvanvienbaohiem,labeled,1,Lương_Tạo,https://www.facebook.com/groups/congdongtuvanvienbaohiem/posts/28579920261620376/?comment_id=28584881461124256&reply_comment_id=28585351211077281,0,0,0,0,0,0,0,0,0,0
28585351057743963,28579920261620376,2.8580329308246136e+16,https://www.facebook.com/groups/congdongtuvanvienbaohiem/posts/28579920261620376/,2026-09-03,Bich Nguyen,congdongtuvanvienbaohiem,labeled,1,Lương_Tạo,https://www.facebook.com/groups/congdongtuvanvienbaohiem/posts/28579920261620376/?comment_id=28580329308246138&reply_comment_id=28585351057743963,0,0,0,0,0,0,0,0,0,0
28585351711077231,28579920261620376,2.8580329308246136e+16,https://www.facebook.com/groups/congdongtuvanvienbaohiem/posts/28579920261620376/,2026-09-03,Bich Nguyen Kết bạn zalo tư vấn giúp e ạ 0936823137,congdongtuvanvienbaohiem,labeled,1,Lương_Tạo,https://www.facebook.com/groups/congdongtuvanvienbaohiem/posts/28579920261620376/?comment_id=28580329308246138&reply_comment_id=28585351711077231,0,0,0,0,0,0,0,0,0,0
28585352601077142,28579920261620376,2.85799396982851e+16,https://www.facebook.com/groups/congdongtuvanvienbaohiem/posts/28579920261620376/,2026-09-03,Thắm Đặng Kết bạn zalo tư vấn giúp e ạ 0936823137,congdongtuvanvienbaohiem,labeled,1,Lương_Tạo,https://www.facebook.com/groups/congdongtuvanvienbaohiem/posts/28579920261620376/?comment_id=28579939698285099&reply_comment_id=28585352601077142,0,0,0,0,0,0,0,0,0,0
28585353824410353,28579920261620376,2.8580151728263896e+16,https://www.facebook.com/groups/congdongtuvanvienbaohiem/posts/28579920261620376/,2026-09-03,Ngọc Mai Kết bạn zalo tư vấn giúp e ạ 0936823137,congdongtuvanvienbaohiem,labeled,1,Lương_Tạo,https://www.facebook.com/groups/congdongtuvanvienbaohiem/posts/28579920261620376/?comment_id=28580151728263896&reply_comment_id=28585353824410353,1,1,0,0,0,0,0,0,3,3
28585354461076956,28579920261620376,2.8580025924943144e+16,https://www.facebook.com/groups/congdongtuvanvienbaohiem/posts/28579920261620376/,2026-09-03,Pham Uyen Kết bạn zalo tư vấn giúp e ạ 0936823137,congdongtuvanvienbaohiem,labeled,1,Lương_Tạo,https://www.facebook.com/groups/congdongtuvanvienbaohiem/posts/28579920261620376/?comment_id=28580025924943143&reply_comment_id=28585354461076956,0,0,0,0,0,0,0,0,1,1
28585354894410246,28579920261620376,2.858032354491338e+16,https://www.facebook.com/groups/congdongtuvanvienbaohiem/posts/28579920261620376/,2026-09-03,Giàu Ngọc Kết bạn zalo tư vấn giúp e ạ 0936823137,congdongtuvanvienbaohiem,labeled,1,Lương_Tạo,https://www.facebook.com/groups/congdongtuvanvienbaohiem/posts/28579920261620376/?comment_id=28580323544913381&reply_comment_id=28585354894410246,1,1,0,0,0,0,0,0,1,1
28585355807743488,28579920261620376,2.858039512823956e+16,https://www.facebook.com/groups/congdongtuvanvienbaohiem/posts/28579920261620376/,2026-09-03,Nguyễn Thị Bích Lệ Kết bạn zalo tư vấn giúp e ạ 0936823137,congdongtuvanvienbaohiem,labeled,1,Lương_Tạo,https://www.facebook.com/groups/congdongtuvanvienbaohiem/posts/28579920261620376/?comment_id=28580395128239556&reply_comment_id=28585355807743488,0,0,0,0,0,0,0,0,1,1
28585356164410119,28579920261620376,2.8580004771611924e+16,https://www.facebook.com/groups/congdongtuvanvienbaohiem/posts/28579920261620376/,2026-09-03,Nguyễn Hiền Kết bạn zalo tư vấn giúp e ạ 0936823137,congdongtuvanvienbaohiem,labeled,1,Lương_Tạo,https://www.facebook.com/groups/congdongtuvanvienbaohiem/posts/28579920261620376/?comment_id=28580004771611925&reply_comment_id=28585356164410119,0,0,0,0,0,0,0,0,0,0
28585357084410027,28579920261620376,2.8579945981617804e+16,https://www.facebook.com/groups/congdongtuvanvienbaohiem/posts/28579920261620376/,2026-09-03,Đàm Thanh Kết bạn zalo tư vấn giúp e ạ 0936823137,congdongtuvanvienbaohiem,labeled,1,Lương_Tạo,https://www.facebook.com/groups/congdongtuvanvienbaohiem/posts/28579920261620376/?comment_id=28579945981617804&reply_comment_id=28585357084410027,0,0,0,0,0,0,0,0,0,0
28585357991076603,28579920261620376,2.858020580492516e+16,https://www.facebook.com/groups/congdongtuvanvienbaohiem/posts/28579920261620376/,2026-09-03,Kim Ngân Kết bạn zalo tư vấn giúp e ạ 0936823137,congdongtuvanvienbaohiem,labeled,1,Lương_Tạo,https://www.facebook.com/groups/congdongtuvanvienbaohiem/posts/28579920261620376/?comment_id=28580205804925155&reply_comment_id=28585357991076603,0,0,0,0,0,0,0,0,0,0
28585421494403586,28579920261620376,,https://www.facebook.com/groups/congdongtuvanvienbaohiem/posts/28579920261620376/,2026-09-03,"🚨 Chỉ 1.230.000Đ/NĂM – BẢO HIỂM SỨC KHỎE NỘI TRÚ MSIG 👉 Gói bảo hiểm bên e bảo vệ 100tr/ năm 🔥 KHÔNG THỜI GIAN CHỜ - mua hiệu lực ngay 👌 🔥 KHÔNG GIỚI HẠN TIỀN PHÒNG, TIỀN GIƯỜNG ( nằm phòng bn cũng chi trả hết ) 🔥 KHÔNG GIỚI HẠN 1 LẦN CHI TRẢ 🔥 CHI TRẢ 100% chi phí điều trị nội trú điều trị bệnh 🔥 HỖ TRỢ NẰM VIỆN 150.000Đ/NGÀY ( 30ngày / năm) 🔥 BỆNH CẤP TÍNH CÓ SẴN – KHÔNG PHẢI CHỜ ❣️ Bảo vệ toàn quốc , có bảo lãnh viện phí 👉 Tính ra khoảng 3.370Đ/ngày để chủ động bảo vệ mình khi phải vào viện. 📲 Ib e Ly tư vấn nhé – 0904 449 23 ❤️",congdongtuvanvienbaohiem,labeled,0,Ly Phạm,https://www.facebook.com/groups/congdongtuvanvienbaohiem/posts/28579920261620376/?comment_id=28585421494403586,0,0,0,0,0,0,0,0,0,0
28585426464403089,28579920261620376,2.8585347331077668e+16,https://www.facebook.com/groups/congdongtuvanvienbaohiem/posts/28579920261620376/,2026-09-03,Lương_Tạo bạn check zalo nhé,congdongtuvanvienbaohiem,labeled,2,TRang Tịnh Như,https://www.facebook.com/groups/congdongtuvanvienbaohiem/posts/28579920261620376/?comment_id=28579935608285508&reply_comment_id=28585426464403089,0,0,0,0,0,0,0,0,0,0
28585585341053868,28579920261620376,2.858534795774427e+16,https://www.facebook.com/groups/congdongtuvanvienbaohiem/posts/28579920261620376/,2026-09-03,"Lương_Tạo e đã kết bạn, mình check ib của e nhé ạ",congdongtuvanvienbaohiem,labeled,2,Thuỷ Tiên,https://www.facebook.com/groups/congdongtuvanvienbaohiem/posts/28579920261620376/?comment_id=28580431238235945&reply_comment_id=28585585341053868,0,0,0,0,0,0,0,0,0,0
28585596201052782,28579920261620376,2.858535489441025e+16,https://www.facebook.com/groups/congdongtuvanvienbaohiem/posts/28579920261620376/,2026-09-03,Lương_Tạo ok ạ,congdongtuvanvienbaohiem,labeled,2,Giàu Ngọc,https://www.facebook.com/groups/congdongtuvanvienbaohiem/posts/28579920261620376/?comment_id=28580323544913381&reply_comment_id=28585596201052782,0,0,0,0,0,0,0,0,0,0
28585743727704696,28579920261620376,2.858535382441035e+16,https://www.facebook.com/groups/congdongtuvanvienbaohiem/posts/28579920261620376/,2026-09-03,Lương_Tạo b kb zl nhé,congdongtuvanvienbaohiem,labeled,2,Ngọc Mai,https://www.facebook.com/groups/congdongtuvanvienbaohiem/posts/28579920261620376/?comment_id=28580151728263896&reply_comment_id=28585743727704696,0,0,0,0,0,0,0,0,0,0
28585755697703499,28579920261620376,2.8585743727704696e+16,https://www.facebook.com/groups/congdongtuvanvienbaohiem/posts/28579920261620376/,2026-09-03,Ngọc Mai b kết banh giúp mình nhé,congdongtuvanvienbaohiem,labeled,2,Lương_Tạo,https://www.facebook.com/groups/congdongtuvanvienbaohiem/posts/28579920261620376/?comment_id=28580151728263896&reply_comment_id=28585755697703499,0,0,0,0,0,0,0,0,0,0
28585797347699334,28579920261620376,2.858535580774349e+16,https://www.facebook.com/groups/congdongtuvanvienbaohiem/posts/28579920261620376/,2026-09-03,Zalo bạn đây à ?,congdongtuvanvienbaohiem,labeled,2,Nguyễn Thị Bích Lệ,https://www.facebook.com/groups/congdongtuvanvienbaohiem/posts/28579920261620376/?comment_id=28580395128239556&reply_comment_id=28585797347699334,0,0,0,0,0,0,0,0,0,0
28585803984365337,28579920261620376,2.85857556977035e+16,https://www.facebook.com/groups/congdongtuvanvienbaohiem/posts/28579920261620376/,2026-09-03,Lương_Tạo 😄mình nhắn rồi đó b trl đi,congdongtuvanvienbaohiem,labeled,2,Ngọc Mai,https://www.facebook.com/groups/congdongtuvanvienbaohiem/posts/28579920261620376/?comment_id=28580151728263896&reply_comment_id=28585803984365337,0,0,0,0,0,0,0,0,0,0
28585828624362873,28579920261620376,2.8585350014410736e+16,https://www.facebook.com/groups/congdongtuvanvienbaohiem/posts/28579920261620376/,2026-09-03,Lương_Tạo ib ạ,congdongtuvanvienbaohiem,labeled,2,Thao Nguyen,https://www.facebook.com/groups/congdongtuvanvienbaohiem/posts/28579920261620376/?comment_id=28584881461124256&reply_comment_id=28585828624362873,0,0,0,0,0,0,0,0,0,0
28585852974360438,28579920261620376,,https://www.facebook.com/groups/congdongtuvanvienbaohiem/posts/28579920261620376/,2026-09-03,"Mn để ý số đt đào lửa nhé, mới lập ngày 22/7/2026, kêu gọi mn kết bạn để tăng lượt tương tác, xoá cảnh báo của zalo.🤣🤣🤣🤣🤣",congdongtuvanvienbaohiem,labeled,0,Ngọc Mai,https://www.facebook.com/groups/congdongtuvanvienbaohiem/posts/28579920261620376/?comment_id=28585852974360438,0,0,0,0,0,0,0,0,0,0
28586567330955669,28579920261620376,2.858535446107696e+16,https://www.facebook.com/groups/congdongtuvanvienbaohiem/posts/28579920261620376/,2026-09-03,"Lương_Tạo mình đã kết bạn, bạn vào accept nhé",congdongtuvanvienbaohiem,labeled,2,Pham Uyen,https://www.facebook.com/groups/congdongtuvanvienbaohiem/posts/28579920261620376/?comment_id=28580025924943143&reply_comment_id=28586567330955669,0,0,0,0,0,0,0,0,0,0
28587029744242761,28579920261620376,,https://www.facebook.com/groups/congdongtuvanvienbaohiem/posts/28579920261620376/,2026-09-03,0876294773 Bảo Việt em hỗ trợ tư vấn ạ,congdongtuvanvienbaohiem,labeled,0,Duy Quách,https://www.facebook.com/groups/congdongtuvanvienbaohiem/posts/28579920261620376/?comment_id=28587029744242761,0,0,0,0,0,0,0,0,0,0
28587148014230934,28579920261620376,,https://www.facebook.com/groups/congdongtuvanvienbaohiem/posts/28579920261620376/,2026-09-03,Dạ mình ib em hỗ trợ nha 0383599191,congdongtuvanvienbaohiem,labeled,0,Lê Doãn Trung,https://www.facebook.com/groups/congdongtuvanvienbaohiem/posts/28579920261620376/?comment_id=28587148014230934,0,0,0,0,0,0,0,0,0,0
1745676156639708,1745212033352787,,https://www.facebook.com/groups/hoireviewbaohiem/posts/1745212033352787/,2026-09-01,"Bạn mở hđ chụp trang tóm tắt QLoi Hđ mình xem cho nha! Nếu bạn mua năm 2024 thì sẽ là thẻ phiên bản 3, tái tục đến 85 tuổi nhé!",hoireviewbaohiem,labeled,0,Mai Phương Nguyễn,https://www.facebook.com/groups/hoireviewbaohiem/posts/1745212033352787/?comment_id=1745676156639708,0,0,0,0,0,0,0,0,1,6
1745688996638424,1745212033352787,1745676156639708.0,https://www.facebook.com/groups/hoireviewbaohiem/posts/1745212033352787/,2026-09-01,"Mai Phương Nguyễn k có ạ, vì ban đầu k mua nên m có trong giấy tờ, sau đó là mua thêm k thấy có gửi thêm giấy tờ về bổ sung, kiểu cứ dùng thì dùng",hoireviewbaohiem,labeled,1,RelaxingJackfruit2366,https://www.facebook.com/groups/hoireviewbaohiem/posts/1745212033352787/?comment_id=1745676156639708&reply_comment_id=1745688996638424,0,0,0,0,0,0,0,0,5,5
1745689983304992,1745212033352787,1745688996638424.0,https://www.facebook.com/groups/hoireviewbaohiem/posts/1745212033352787/,2026-09-01,"Bạn mua thêm thẻ đó nộp phí là bn và cho người bn tuổi, mình sẽ biết hạng thẻ đó là hạng nào",hoireviewbaohiem,labeled,2,Mai Phương Nguyễn,https://www.facebook.com/groups/hoireviewbaohiem/posts/1745212033352787/?comment_id=1745676156639708&reply_comment_id=1745689983304992,0,0,0,0,0,0,0,0,0,0
1745691573304833,1745212033352787,,https://www.facebook.com/groups/hoireviewbaohiem/posts/1745212033352787/,2026-09-01,Đây nha bạn,hoireviewbaohiem,labeled,0,Anonymous participant 260,https://www.facebook.com/groups/hoireviewbaohiem/posts/1745212033352787/?comment_id=1745691573304833,0,0,0,0,0,0,0,0,1,2
1745696243304366,1745212033352787,1745691573304833.0,https://www.facebook.com/groups/hoireviewbaohiem/posts/1745212033352787/,2026-09-01,"Người tham gia ẩn danh 260 e cám ơn, vậy là sau này e đóng thì chi phí tăng lên cũng đóng theo bản này đúng k ạ",hoireviewbaohiem,labeled,1,RelaxingJackfruit2366,https://www.facebook.com/groups/hoireviewbaohiem/posts/1745212033352787/?comment_id=1745691573304833&reply_comment_id=1745696243304366,0,0,0,0,0,0,0,0,1,1
1745696973304293,1745212033352787,1745689983304992.0,https://www.facebook.com/groups/hoireviewbaohiem/posts/1745212033352787/,2026-09-01,"Mai Phương Nguyễn e mua thẻ tiết kiệm, 35 tuổi nộp phí tầm 1,4tr ạ",hoireviewbaohiem,labeled,2,RelaxingJackfruit2366,https://www.facebook.com/groups/hoireviewbaohiem/posts/1745212033352787/?comment_id=1745676156639708&reply_comment_id=1745696973304293,1,1,0,0,0,0,0,0,0,0
1745697079970949,1745212033352787,,https://www.facebook.com/groups/hoireviewbaohiem/posts/1745212033352787/,2026-09-01,Bạn tải Hđ điện tử trên app xuống xem chi tiết hơn nhé. Bạn sẽ thấy quyền lợi và phí đóng thay đổi vào các năm tới như thế nào. Nếu cần mình sẽ so sánh thẻ bạn đang có với 1 vài thẻ tốt nhất trên thị trường để bạn tự quyết định xem có nên đổi vào lúc này ko nhé. Bạn có thể inbox hoặc zalo (0776457460) để mình hỗ trợ cách tải Hđ điện tử và review quyền lợi cho bạn nhé. #CC11,hoireviewbaohiem,labeled,0,Vũ Ninh,https://www.facebook.com/groups/hoireviewbaohiem/posts/1745212033352787/?comment_id=1745697079970949,0,0,0,0,0,0,0,0,1,2
1745699059970751,1745212033352787,1745696243304366.0,https://www.facebook.com/groups/hoireviewbaohiem/posts/1745212033352787/,2026-09-01,RelaxingJackfruit2366 đúng rồi ạ,hoireviewbaohiem,labeled,2,Anonymous participant 260,https://www.facebook.com/groups/hoireviewbaohiem/posts/1745212033352787/?comment_id=1745691573304833&reply_comment_id=1745699059970751,0,0,0,0,0,0,0,0,0,0
1745701299970527,1745212033352787,1745697079970949.0,https://www.facebook.com/groups/hoireviewbaohiem/posts/1745212033352787/,2026-09-01,"Vũ Ninh vào hợp đồng điện tử trên app k có thông tin gì, có hiển thị hợp đồng đang có hiệu lực với số thẻ thôi",hoireviewbaohiem,labeled,1,RelaxingJackfruit2366,https://www.facebook.com/groups/hoireviewbaohiem/posts/1745212033352787/?comment_id=1745697079970949&reply_comment_id=1745701299970527,0,0,0,0,0,0,0,0,1,1
1745702986637025,1745212033352787,,https://www.facebook.com/groups/hoireviewbaohiem/posts/1745212033352787/,2026-09-01,Mua bổ sung thì thường chỉ hiện trên app thui chứ không hiện trong HDDT đâu. Thẻ mua từ 2024 thì bve đến 85 tuổi. Biểu phí sẽ theo phiên bản cũ ko thay đổi gì nha #PT310,hoireviewbaohiem,labeled,0,Mai Ngân,https://www.facebook.com/groups/hoireviewbaohiem/posts/1745212033352787/?comment_id=1745702986637025,0,0,0,0,0,0,0,0,0,0
1745703773303613,1745212033352787,,https://www.facebook.com/groups/hoireviewbaohiem/posts/1745212033352787/,2026-09-01,"Khách hàng nào cần tư vấn Gen nhắn Hoa nha, Hoa là Tư vấn viên Tinh hoa của nhóm, Hoa làm bh 9 năm toàn thời gian, tư vấn dễ hiểu online hoặc offline đều oki Nghiệp vụ bảo hiểm chắc đảm bảo khai thác thông tin kê khai đầu vào kĩ, sau bán đồng hành 24/7 mọi lúc. Cần hỗ trợ nhắn zalo 0352694726 Hoa ah #TVTH726_HoaNguyen_Generali",hoireviewbaohiem,labeled,0,Hoa Nguyen,https://www.facebook.com/groups/hoireviewbaohiem/posts/1745212033352787/?comment_id=1745703773303613,0,0,0,0,0,0,0,0,0,0
1745707149969942,1745212033352787,1745696973304293.0,https://www.facebook.com/groups/hoireviewbaohiem/posts/1745212033352787/,2026-09-01,Đây là quyền lợi các hạng thẻ của Generali phiên bản 3! Em nhìn cột thẻ tiết kiệm để biết qloi của mình nhé! Thẻ này của Gen phí rẻ nhưng hạn mức 1 đợt điều trị/phẫu thuật rất ok so với phí! Bị hạn chế ở phần tiền giường thôi. E muốn gia tăng qloi có thể nâng thẻ lên nhé! Đây là 1 trong những phiên bản thẻ sk rất nhiều KH muốn sở hữu đó!,hoireviewbaohiem,labeled,2,Mai Phương Nguyễn,https://www.facebook.com/groups/hoireviewbaohiem/posts/1745212033352787/?comment_id=1745676156639708&reply_comment_id=1745707149969942,1,1,0,0,0,0,0,0,0,0
1745710509969606,1745212033352787,1745707149969942.0,https://www.facebook.com/groups/hoireviewbaohiem/posts/1745212033352787/,2026-09-01,Mai Phương Nguyễn e cám ơn,hoireviewbaohiem,labeled,2,RelaxingJackfruit2366,https://www.facebook.com/groups/hoireviewbaohiem/posts/1745212033352787/?comment_id=1745676156639708&reply_comment_id=1745710509969606,0,0,0,0,0,0,0,0,0,0
1745736836633640,1745212033352787,1745710509969606.0,https://www.facebook.com/groups/hoireviewbaohiem/posts/1745212033352787/,2026-09-01,E cần hỗ trợ thủ tục nâng cấp thẻ/so sánh với bên khác cứ nhắn c nhé!,hoireviewbaohiem,labeled,2,Mai Phương Nguyễn,https://www.facebook.com/groups/hoireviewbaohiem/posts/1745212033352787/?comment_id=1745676156639708&reply_comment_id=1745736836633640,0,0,0,0,0,0,0,0,0,0
1745740706633253,1745212033352787,1745701299970527.0,https://www.facebook.com/groups/hoireviewbaohiem/posts/1745212033352787/,2026-09-01,"RelaxingJackfruit2366 KH mình review HĐ Gen vẫn tải được HĐ điện tử bình thường. Bạn có thể xem HĐ giấy mà. Nếu bạn ko liên hệ mình, thì bạn cũng có thể gọi Hotline để được hướng dẫn tải bản Hđ điện tử nhé.",hoireviewbaohiem,labeled,2,Vũ Ninh,https://www.facebook.com/groups/hoireviewbaohiem/posts/1745212033352787/?comment_id=1745697079970949&reply_comment_id=1745740706633253,1,1,0,0,0,0,0,0,0,0
1745784659962191,1745212033352787,,https://www.facebook.com/groups/hoireviewbaohiem/posts/1745212033352787/,2026-09-01,Bạn có thể vào app để xem trên hợp đồng nhé. Năm 2024 là thẻ bảo vệ đến 85 tuổi. #TVTH768,hoireviewbaohiem,labeled,0,Ly Đặng,https://www.facebook.com/groups/hoireviewbaohiem/posts/1745212033352787/?comment_id=1745784659962191,0,0,0,0,0,0,0,0,1,4
1745913683282622,1745212033352787,1745784659962191.0,https://www.facebook.com/groups/hoireviewbaohiem/posts/1745212033352787/,2026-09-01,"Ly Đặng app ở mục hợp đồng điện tử nó trắng tinh nè nè, chả biết đằng nào",hoireviewbaohiem,labeled,1,RelaxingJackfruit2366,https://www.facebook.com/groups/hoireviewbaohiem/posts/1745212033352787/?comment_id=1745784659962191&reply_comment_id=1745913683282622,0,0,0,0,0,0,0,0,3,3
1745921393281851,1745212033352787,1745913683282622.0,https://www.facebook.com/groups/hoireviewbaohiem/posts/1745212033352787/,2026-09-01,Nguyễn Thảo Generali hướng dẫn bạn ấy với,hoireviewbaohiem,labeled,2,Ly Đặng,https://www.facebook.com/groups/hoireviewbaohiem/posts/1745212033352787/?comment_id=1745784659962191&reply_comment_id=1745921393281851,1,1,0,0,0,0,0,0,0,0
1746063479934309,1745212033352787,1745921393281851.0,https://www.facebook.com/groups/hoireviewbaohiem/posts/1745212033352787/,2026-09-01,Ly Đặng vâng chị ơi #TVTH778,hoireviewbaohiem,labeled,2,Nguyễn Thảo Generali,https://www.facebook.com/groups/hoireviewbaohiem/posts/1745212033352787/?comment_id=1745784659962191&reply_comment_id=1746063479934309,0,0,0,0,0,0,0,0,0,0
1746063573267633,1745212033352787,1745913683282622.0,https://www.facebook.com/groups/hoireviewbaohiem/posts/1745212033352787/,2026-09-01,RelaxingJackfruit2366 bạn ib mình hỗ trợ nhé #TVTH778,hoireviewbaohiem,labeled,2,Nguyễn Thảo Generali,https://www.facebook.com/groups/hoireviewbaohiem/posts/1745212033352787/?comment_id=1745784659962191&reply_comment_id=1746063573267633,0,0,0,0,0,0,0,0,0,0
1746066456600678,1745212033352787,,https://www.facebook.com/groups/hoireviewbaohiem/posts/1745212033352787/,2026-09-01,Bạn mua thẻ SK cá nhân gắn nhân thọ Gen thì là phiên bản 3 (2022) nếu ko bị mất hiệu lực thì thẻ sẽ đc tái tối đa đến 85t bạn nhé. Cần hỗ trợ bạn ib tvv phục vụ HĐ của bạn. Nếu ko đc thì ib mình hỗ trợ nhé. #TVTH778 Nguyễn Thảo Generali,hoireviewbaohiem,labeled,0,Nguyễn Thảo Generali,https://www.facebook.com/groups/hoireviewbaohiem/posts/1745212033352787/?comment_id=1746066456600678,0,0,0,0,0,0,0,0,0,0
1746092133264777,1745212033352787,,https://www.facebook.com/groups/hoireviewbaohiem/posts/1745212033352787/,2026-09-01,Ib mình hỗ trợ nhé,hoireviewbaohiem,labeled,0,Ngô Thị Thu Thủy,https://www.facebook.com/groups/hoireviewbaohiem/posts/1745212033352787/?comment_id=1746092133264777,0,0,0,0,0,0,0,0,0,0
1746108609929796,1745212033352787,,https://www.facebook.com/groups/hoireviewbaohiem/posts/1745212033352787/,2026-09-01,Bạn inbox chị Ngô Thị Thu Thủy Nguyễn Thảo Generali Hoa Nguyen tvv nhà Gen hỗ trợ nhé. #TVTH309,hoireviewbaohiem,labeled,0,Nam Bui,https://www.facebook.com/groups/hoireviewbaohiem/posts/1745212033352787/?comment_id=1746108609929796,1,1,0,0,0,0,0,0,2,2
1746114286595895,1745212033352787,1746108609929796.0,https://www.facebook.com/groups/hoireviewbaohiem/posts/1745212033352787/,2026-09-01,Nam Bui cảm ơn em,hoireviewbaohiem,labeled,1,Ngô Thị Thu Thủy,https://www.facebook.com/groups/hoireviewbaohiem/posts/1745212033352787/?comment_id=1746108609929796&reply_comment_id=1746114286595895,0,0,0,0,0,0,0,0,0,0
1746136396593684,1745212033352787,1746108609929796.0,https://www.facebook.com/groups/hoireviewbaohiem/posts/1745212033352787/,2026-09-01,Nam Bui 🥰🥰,hoireviewbaohiem,labeled,1,Hoa Nguyen,https://www.facebook.com/groups/hoireviewbaohiem/posts/1745212033352787/?comment_id=1746108609929796&reply_comment_id=1746136396593684,0,0,0,0,0,0,0,0,0,0
1745672816640042,1745312703342720,,https://www.facebook.com/groups/hoireviewbaohiem/posts/1745312703342720/,2026-09-01,"Vẫn có thể tự mua được bạn nhen, bạn nộp đầy đủ hồ sơ điều trị, hồ sơ các đợt tái khám từng năm vẫn sẽ được xem xét cấp bảo hiểm. Bạn tham khảo Sun Life với thẻ Sống Chất 2.0 nha: là thẻ duy nhất trên thị trường hiện nay hội đủ 3 yếu tố quan trọng nhất: ☀️ Tái tục ổn định đ𝗲̂́𝗻 𝟴𝟱 𝘁𝘂𝗼̂̉𝗶 với tất cả quyền lợi Nội trú / Ngoại trú / Nha khoa ☀️ 𝗞𝗵𝗼̂𝗻𝗴 đ𝗼̂̀𝗻𝗴 𝗰𝗵𝗶 𝘁𝗿𝗮̉ với mọi lứa tuổi khi điều trị tại bất kỳ Bv công hay tư nhân. ☀️ 𝗞𝗵𝗼̂𝗻𝗴 𝘁𝗮́𝗶 𝘁𝗵𝗮̂̉𝗺 đ𝗶̣𝗻𝗵 sức khỏe hàng năm. 𝗞𝗵𝗼̂𝗻𝗴 𝘁𝗮̆𝗻𝗴 𝗽𝗵𝗶́ theo lịch sử bồi thường Mình là Minh Thảo - chuyên viên quản lý khách hàng cao cấp của Sun Life Vietnam, bạn inbox hoặc zalo 0901836335 Thảo tư vấn chi tiết gói bảo hiểm phù hợp cho mình nhen 🤗 Cảm ơn bạn! #GDC7",hoireviewbaohiem,labeled,0,Nguyen Minh Thao,https://www.facebook.com/groups/hoireviewbaohiem/posts/1745312703342720/?comment_id=1745672816640042,0,0,0,0,0,0,0,0,0,0
1745708673303123,1745312703342720,,https://www.facebook.com/groups/hoireviewbaohiem/posts/1745312703342720/,2026-09-01,"Trường hợp này bạn đừng lo lắng quá nha, nghỉ việc mất thẻ SK công ty thì mình vẫn có thể tự mua thẻ SK đc 🩺. Tuy nhiên với tiền sử K giáp, bạn cần xác định rõ tình trạng của mình: 📌1. Đã chữa xong, kết quả tái khám 1-2 năm gần đây đẹp: Trường hợp này bạn cứ tự tin gom sạch sổ khám với xét nghiệm chỉ số gần nhất. Hồ sơ đẹp thì Dai-ichi thẩm định cấp hợp đồng bình thường nha (có thể loại trừ giáp hoặc tăng phí nhẹ tùy ca, nhưng các bệnh khác vẫn được bảo vệ trọn vẹn). 📌2. Mới mổ/mới điều trị xong, chưa tới lịch tái khám: Khuyên thật là bạn nên đợi làm xong đợt tái khám kế tiếp, có kết quả mọi chỉ số ổn định rồi hẵng nộp. Nộp sớm quá dễ bị hoãn thẩm định vừa mất công vừa lo ngoằn ngoèo. 🛡️Được cấp thẻ rồi thì cực an tâm vì thẻ Dai-ichi tính ngân sách 1 tỷ riêng cho TỪNG BỆNH, chữa xong bệnh này vẫn còn nguyên quỹ cho bệnh khác, lại cam kết tái tục không tăng phí dù năm trước có đi viện nhiều. Bạn xem mình đang ở trường hợp nào, cứ nhắn tui xem qua file hồ sơ y tế trước giúp cho nhen, hoàn toàn miễn phí để lúc nộp hồ sơ tỷ lệ duyệt đẹp nhất nè! 📲(Zalo tui: 03 888 35592)",hoireviewbaohiem,labeled,0,Diệu Hà,https://www.facebook.com/groups/hoireviewbaohiem/posts/1745312703342720/?comment_id=1745708673303123,0,0,0,0,0,0,0,0,0,0
1745717596635564,1745312703342720,,https://www.facebook.com/groups/hoireviewbaohiem/posts/1745312703342720/,2026-09-01,Thường thì sau điều trị 2-3 năm các công ty sẽ xem xét hồ điều trị và hồ sơ tái khám định kỳ để thẩm định hồ sơ. Nếu bạn điều trị ổn định sau 2 năm rồi thì có thể nộp hồ sơ thử.,hoireviewbaohiem,labeled,0,Xuân Hoàng,https://www.facebook.com/groups/hoireviewbaohiem/posts/1745312703342720/?comment_id=1745717596635564,0,0,0,0,0,0,0,0,0,0
1745737513300239,1745312703342720,,https://www.facebook.com/groups/hoireviewbaohiem/posts/1745312703342720/,2026-09-01,"Chào bạn Bạn đã điều trị bao lâu rồi ah. K giáp điều trị ổn định sau một thời gian vẫn mua bh được nha, kể cả bhnt và bhsk. Bạn cần tư vấn thêm cứ nhắn Châu nhe",hoireviewbaohiem,labeled,0,Trần Thị Minh Châu,https://www.facebook.com/groups/hoireviewbaohiem/posts/1745312703342720/?comment_id=1745737513300239,0,0,0,0,0,0,0,0,0,0
1745776999962957,1745312703342720,,https://www.facebook.com/groups/hoireviewbaohiem/posts/1745312703342720/,2026-09-01,"Trước tiên cho Ninh hỏi thăm, hiện tại sức khỏe của bạn thế nào rồi ạ? Sau khi điều trị khỏi, bạn có tái khám định kỳ không? Bạn còn giữ kết quả phẫu thuật, giải phẫu bệnh và các hồ sơ tái khám gần nhất không? Với tiền sử K tuyến giáp, khả năng cao các công ty BH sẽ tạm hoãn hồ sơ khoảng 3–5 năm tính từ khi kết thúc điều trị. Nếu sức khỏe ổn định, kết quả tái khám tốt và không tái phát thì khi đó việc nộp hồ sơ sẽ thuận lợi hơn. Bạn gửi hồ sơ qua Zalo 0776457460, Ninh xem kỹ rồi hỗ trợ đánh giá khả năng tham gia nhé. #CC11",hoireviewbaohiem,labeled,0,Vũ Ninh,https://www.facebook.com/groups/hoireviewbaohiem/posts/1745312703342720/?comment_id=1745776999962957,0,0,0,0,0,0,0,0,0,0
1745783153295675,1745312703342720,,https://www.facebook.com/groups/hoireviewbaohiem/posts/1745312703342720/,2026-09-01,K giáp đã khỏi 1 năm bạn có thể tham khảo bảo hiểm nhân thọ để được bảo vệ dài hơn nhé. Manulife vẫn tham gia được #TVTH768,hoireviewbaohiem,labeled,0,Ly Đặng,https://www.facebook.com/groups/hoireviewbaohiem/posts/1745312703342720/?comment_id=1745783153295675,0,0,0,0,0,0,0,0,0,0
1746096019931055,1745312703342720,,https://www.facebook.com/groups/hoireviewbaohiem/posts/1745312703342720/,2026-09-01,"Tham gia được em nhé, inbox chị hỗ trợ tư vấn cho em",hoireviewbaohiem,labeled,0,Ngô Thị Thu Thủy,https://www.facebook.com/groups/hoireviewbaohiem/posts/1745312703342720/?comment_id=1746096019931055,0,0,0,0,0,0,0,0,0,0
1746109299929727,1745312703342720,,https://www.facebook.com/groups/hoireviewbaohiem/posts/1745312703342720/,2026-09-01,"Cần thêm thông tin cụ thể về bệnh thì mới xem xét được bạn ạ, nhưng vẫn có khả năng tham gia thẻ sức khoẻ. Inbox mình hỗ trợ nhé. #TVTH309",hoireviewbaohiem,labeled,0,Nam Bui,https://www.facebook.com/groups/hoireviewbaohiem/posts/1745312703342720/?comment_id=1746109299929727,0,0,0,0,0,0,0,0,0,0
1745670526640271,1745395436667780,,https://www.facebook.com/groups/hoireviewbaohiem/posts/1745395436667780/,2026-09-01,Ib mình nhé.,hoireviewbaohiem,labeled,0,Nguuyễn Thị Thảo,https://www.facebook.com/groups/hoireviewbaohiem/posts/1745395436667780/?comment_id=1745670526640271,0,0,0,0,0,0,0,0,0,0
1745670673306923,1745395436667780,,https://www.facebook.com/groups/hoireviewbaohiem/posts/1745395436667780/,2026-09-01,Hữu duyên kết nối cùng bạn Mình là Kiên - 9 năm kinh nghiệm. VP chính tại Lotte Liễu Giai,hoireviewbaohiem,labeled,0,Trịnh Trung Kiên,https://www.facebook.com/groups/hoireviewbaohiem/posts/1745395436667780/?comment_id=1745670673306923,0,0,0,0,0,0,0,0,0,0
1745670893306901,1745395436667780,,https://www.facebook.com/groups/hoireviewbaohiem/posts/1745395436667780/,2026-09-01,Hữu duyên tư vấn và so sánh sản phẩm các bên cho bạn!,hoireviewbaohiem,labeled,0,Mai Phương Nguyễn,https://www.facebook.com/groups/hoireviewbaohiem/posts/1745395436667780/?comment_id=1745670893306901,0,0,0,0,0,0,0,0,0,0
1745684969972160,1745395436667780,,https://www.facebook.com/groups/hoireviewbaohiem/posts/1745395436667780/,2026-09-01,"Gần ngay VP AIA Lotte LG, bạn nhắn mình nhé.",hoireviewbaohiem,labeled,0,Huong Tran,https://www.facebook.com/groups/hoireviewbaohiem/posts/1745395436667780/?comment_id=1745684969972160,0,0,0,0,0,0,0,0,0,0
1745695306637793,1745395436667780,,https://www.facebook.com/groups/hoireviewbaohiem/posts/1745395436667780/,2026-09-01,Chào em c là Mai CVTC full time của AIA tại HN. Chị ở gần khu vực Tây Hồ. Em ib c tư vấn nha♥️,hoireviewbaohiem,labeled,0,Nguyễn Mai,https://www.facebook.com/groups/hoireviewbaohiem/posts/1745395436667780/?comment_id=1745695306637793,0,0,0,0,0,0,0,0,0,0
1745706909969966,1745395436667780,,https://www.facebook.com/groups/hoireviewbaohiem/posts/1745395436667780/,2026-09-01,"Chào b. Ngân làm BH full-time tại AIA, kinh nghiệm hơn 5 năm, tự tin vững chuyên môn có thể giúp b hiểu đúng - mua đủ - bảo vệ chuẩn sức khỏe - và claim trọn vẹn quyền lợi bảo hiểm. B có thể vào trang cá nhân của mình, hoặc bấm hashtag #PT310 trong nhóm để xem cách mình làm việc và hỗ trợ KH nha. Mong có duyên hỗ trợ và đồng hành cùng b. ❤️",hoireviewbaohiem,labeled,0,Mai Ngân,https://www.facebook.com/groups/hoireviewbaohiem/posts/1745395436667780/?comment_id=1745706909969966,0,0,0,0,0,0,0,0,0,0
1745750539965603,1745395436667780,,https://www.facebook.com/groups/hoireviewbaohiem/posts/1745395436667780/,2026-09-01,Hữu duyên mình có thể tư vấn cho bạn nha 🫶🏻 #GDA50,hoireviewbaohiem,labeled,0,Nguyễn Phi Lân,https://www.facebook.com/groups/hoireviewbaohiem/posts/1745395436667780/?comment_id=1745750539965603,0,0,0,0,0,0,0,0,0,0
1745761439964513,1745395436667780,,https://www.facebook.com/groups/hoireviewbaohiem/posts/1745395436667780/,2026-09-01,Chào chị em đang ở Tây Hồ ạ,hoireviewbaohiem,labeled,0,Hương Linh,https://www.facebook.com/groups/hoireviewbaohiem/posts/1745395436667780/?comment_id=1745761439964513,0,0,0,0,0,0,0,0,0,0
1745769533297037,1745395436667780,,https://www.facebook.com/groups/hoireviewbaohiem/posts/1745395436667780/,2026-09-01,"Mỗi hãng sẽ có những ưu điểm hạn chế riêng. Bạn chia sẻ thêm các thông tin sau để được tư vấn gói phù hợp nha: - Độ tuổi các thành viên gia đình? trộm vía khoẻ mạnh hay trước giờ đã từng điều trị hay thăm khám gì chưa? ví dụ các bệnh về hô hấp, tiêu hoá… - Nhu cầu sử dụng y tế ở viện nào? viện công hay viện tư? - Mong muốn được bảo vệ những quyền lợi gì? (tai nạn, bệnh hiểm nghèo, thẻ sức khoẻ…) - Tài chính dự định tối thiểu cho gói BH là bao nhiêu? Với tiêu chí tham khảo thẻ sức khỏe thì bạn lưu ý thêm 1 số điểm sau nha: - Đồng chi trả hay không đồng chi trả (với bé sơ sinh giai đoạn 0-5t thì 1 số hãng sẽ áp đồng chi trả, có bên 80/20; có bên 70/30) - Hạn mức chi trả (có bên giới hạn theo đợt điều trị, có bên giới hạn theo đầu bệnh) Mình hiện phân phối đầy đủ các hãng BHSK cho gia đình, bạn có thể ib mình để tham khảo khách quan các bên, từ đó lựa chọn phương án từ vấn phù hợp. #gdb50",hoireviewbaohiem,labeled,0,Thuy Duong Nguyen,https://www.facebook.com/groups/hoireviewbaohiem/posts/1745395436667780/?comment_id=1745769533297037,0,0,0,0,0,0,0,0,0,0
1745773583296632,1745395436667780,,https://www.facebook.com/groups/hoireviewbaohiem/posts/1745395436667780/,2026-09-01,AIA bạn liên hệ Hồng Nhung Trần Thị Hằng Nga để đc tv nhé. Cần kham khảo sp Man mình tư vấn mhes #TVTH768,hoireviewbaohiem,labeled,0,Ly Đặng,https://www.facebook.com/groups/hoireviewbaohiem/posts/1745395436667780/?comment_id=1745773583296632,1,0,1,0,0,0,0,0,2,2
1745774193296571,1745395436667780,1745773583296632.0,https://www.facebook.com/groups/hoireviewbaohiem/posts/1745395436667780/,2026-09-01,Em cảm ơn bác ạ,hoireviewbaohiem,labeled,1,Trần Thị Hằng Nga,https://www.facebook.com/groups/hoireviewbaohiem/posts/1745395436667780/?comment_id=1745773583296632&reply_comment_id=1745774193296571,0,0,0,0,0,0,0,0,0,0
1745774366629887,1745395436667780,,https://www.facebook.com/groups/hoireviewbaohiem/posts/1745395436667780/,2026-09-01,Ở Tây Hồ mình có thể tới tận nơi tư vấn ạ.,hoireviewbaohiem,labeled,0,Trần Thị Hằng Nga,https://www.facebook.com/groups/hoireviewbaohiem/posts/1745395436667780/?comment_id=1745774366629887,0,0,0,0,0,0,0,0,0,0
1745781456629178,1745395436667780,1745773583296632.0,https://www.facebook.com/groups/hoireviewbaohiem/posts/1745395436667780/,2026-09-01,Ly Đặng dạ e cảm ơn c Ly,hoireviewbaohiem,labeled,1,Hồng Nhung,https://www.facebook.com/groups/hoireviewbaohiem/posts/1745395436667780/?comment_id=1745773583296632&reply_comment_id=1745781456629178,0,0,0,0,0,0,0,0,0,0
1745786723295318,1745395436667780,,https://www.facebook.com/groups/hoireviewbaohiem/posts/1745395436667780/,2026-09-01,"Chào em, chị làm tại Lotte Liễu Giai, Full-time, làm Bh đến năm thứ 7 và thường được khách hàng nhận xét là nhiệt tình, có tâm. Rất vui lòng tư vấn để e nắm rõ và có 1 giải pháp phù hợp #TVTH613 #GDB20",hoireviewbaohiem,labeled,0,Hồng Nhung,https://www.facebook.com/groups/hoireviewbaohiem/posts/1745395436667780/?comment_id=1745786723295318,0,0,0,0,0,0,0,0,0,0
1746095809931076,1745395436667780,,https://www.facebook.com/groups/hoireviewbaohiem/posts/1745395436667780/,2026-09-01,Vote Trần Thị Hằng Nga Hồng Nhung hỗ trợ tư vấn tận tâm cho em nhé,hoireviewbaohiem,labeled,0,Ngô Thị Thu Thủy,https://www.facebook.com/groups/hoireviewbaohiem/posts/1745395436667780/?comment_id=1746095809931076,0,0,0,0,0,0,0,0,0,0
1746109629929694,1745395436667780,,https://www.facebook.com/groups/hoireviewbaohiem/posts/1745395436667780/,2026-09-01,Bạn liên hệ Hồng Nhung Trần Thị Hằng Nga là tvv tinh hoa nhà AIA nhé. #TVTH309,hoireviewbaohiem,labeled,0,Nam Bui,https://www.facebook.com/groups/hoireviewbaohiem/posts/1745395436667780/?comment_id=1746109629929694,0,0,0,0,0,0,0,0,0,0
1745765396630784,1745737233300267,,https://www.facebook.com/groups/hoireviewbaohiem/posts/1745737233300267/,2026-09-01,. Qtam,hoireviewbaohiem,labeled,0,MagentaPapaya7335,https://www.facebook.com/groups/hoireviewbaohiem/posts/1745737233300267/?comment_id=1745765396630784,0,0,0,0,0,0,0,0,0,0
1745787176628606,1745737233300267,,https://www.facebook.com/groups/hoireviewbaohiem/posts/1745737233300267/,2026-09-01,"Ý 13tr: có nội dung này bởi vì mình nhớ ko nhầm có 1 bệnh viện ở HN khi sinh luôn có 1 cục chi phí theo yêu cầu nhưng không có bóc tách được là bao gồm chi phí nào... nên để giải quyết cho người được bảo hiểm thì hồi đó PTI có làm DKMR này, bây giờ không biết là thực tế có còn không. Ý còn lại: ở một số bệnh viên công, khi bạn dùng gói sinh dịch vụ thì lại không có bảng kê chi tiết (đây là đặc điểm của một số bệnh viện công, không có luôn nhé, chứ không phải có mà mình không yêu cầu bệnh viện bổ sung) mà không có bảng kê chi tiết thì làm sao biết trong đó bao nhiêu là tiền giường, bao nhiêu là tiền phẫu thuật (trường hợp sinh mổ) nên ý này ra đời cũng là để hỗ trợ có một nguyên tắc để bồi thường cho NĐBH thôi ạ. Tóm lại là, thai sản tối đa 20 triệu theo bảng quyền lợi.",hoireviewbaohiem,labeled,0,Tien Nguyen,https://www.facebook.com/groups/hoireviewbaohiem/posts/1745737233300267/?comment_id=1745787176628606,0,0,0,0,0,0,0,0,1,3
1745806883293302,1745737233300267,1745787176628606.0,https://www.facebook.com/groups/hoireviewbaohiem/posts/1745737233300267/,2026-09-01,"Tien Nguyen ôi Mình đang đọc hiểu thì nghĩ là: quyền lợi thai sản 20tr Nhưng nếu sinh ở viện công gói dịch vụ thì chỉ được 13tr => vậy ko hiểu lại gọi là mở rộng quyền lợi, đây là hạn chế thì đúng hơn Nhưng nếu theo bạn giải thích thì tức là: quyền lợi thai sản vẫn là 20tr, trong đó riêng chi phí dịch vụ (yêu cầu chọn ngày chọn bsi) thì đc tối đa 13tr, còn lại vẫn đc xét các chi phí khác trong giới hạn 20tr và các giới hạn phụ khác đúng ko ạ",hoireviewbaohiem,labeled,1,Người_dùng_BH_nghiệp_dư,https://www.facebook.com/groups/hoireviewbaohiem/posts/1745737233300267/?comment_id=1745787176628606&reply_comment_id=1745806883293302,0,0,0,0,0,0,0,0,2,2
1745812746626049,1745737233300267,1745806883293302.0,https://www.facebook.com/groups/hoireviewbaohiem/posts/1745737233300267/,2026-09-01,"Đúng rồi bạn, 13tr chỉ là một phần chi phí trong gói thai sản của bạn thôi. Mà cũng không phải là hạn chế hơn đâu vì nếu ko có câu này khó mà bồi thường được nha bạn ơi, trong quy tắc có loại trừ chi phí theo yêu cầu bạn ạ. Đây là một điều khoản mở rộng làm rõ nguyên tắc bồi thường một số trường hợp chứ ko có hạn chế quyền lợi gì của NDBH nhé. Còn một điểm là, ngoài điều khoản nở rộng này, trong đơn của PTI hay có điều khoản mở rộng phẫu thuật theo yêu cầu cũng giới hạn lại số tiền tại bệnh viện công, bạn xem điều khoản này có áp dụng cho thai sản luôn không nhé, nếu có phải làm rõ lại với PTI xem chi phí phẫu thuật theo yêu cầu liên quan đến thai sản thì theo nội dung nào nha (thường là điều khoản bạn vừa copy á)",hoireviewbaohiem,labeled,2,Tien Nguyen,https://www.facebook.com/groups/hoireviewbaohiem/posts/1745737233300267/?comment_id=1745787176628606&reply_comment_id=1745812746626049,0,0,0,0,0,0,0,0,0,0
1745813433292647,1745737233300267,1745806883293302.0,https://www.facebook.com/groups/hoireviewbaohiem/posts/1745737233300267/,2026-09-01,Tien Nguyen ôi mình cảm ơn bạn rất nhìu 🥰 cmt của bạn hữu ích quá ạ,hoireviewbaohiem,labeled,2,Người_dùng_BH_nghiệp_dư,https://www.facebook.com/groups/hoireviewbaohiem/posts/1745737233300267/?comment_id=1745787176628606&reply_comment_id=1745813433292647,0,0,0,0,0,0,0,0,0,0
1746105036596820,1745737233300267,,https://www.facebook.com/groups/hoireviewbaohiem/posts/1745737233300267/,2026-09-01,Inbox chuyên gia thẻ rời Zương Zuồi Nguyễn Hoa tư vấn b nhé. #TVTH309,hoireviewbaohiem,labeled,0,Nam Bui,https://www.facebook.com/groups/hoireviewbaohiem/posts/1745737233300267/?comment_id=1746105036596820,0,0,0,0,0,0,0,0,1,1
1746120356595288,1745737233300267,1746105036596820.0,https://www.facebook.com/groups/hoireviewbaohiem/posts/1745737233300267/,2026-09-01,Nam Bui dạ em cảm ơn bác ạ <3,hoireviewbaohiem,labeled,1,Zương Zuồi,https://www.facebook.com/groups/hoireviewbaohiem/posts/1745737233300267/?comment_id=1746105036596820&reply_comment_id=1746120356595288,0,0,0,0,0,0,0,0,0,0
1746484919892165,1745797719960885,,https://www.facebook.com/groups/hoireviewbaohiem/posts/1745797719960885/,2026-09-02,Mih thấy các bệnh về đường hô hấp luôn bị loại trừ,hoireviewbaohiem,labeled,0,RubyPoodle7578,https://www.facebook.com/groups/hoireviewbaohiem/posts/1745797719960885/?comment_id=1746484919892165,0,0,0,0,0,0,0,0,0,0
1746488949891762,1745797719960885,,https://www.facebook.com/groups/hoireviewbaohiem/posts/1745797719960885/,2026-09-02,"Với tiền sử bé từng điều trị viêm phổi, sốt virus và viêm amidan, điều quan trọng nhất là xem bảo hiểm có loại trừ các bệnh hô hấp hay không, loại trừ trong bao lâu và sau khi bé ổn định có thể xin gỡ được không. Ngoài ra, bạn cũng nên quan tâm bảo hiểm có thể duy trì lâu dài hay không, tránh trường hợp bé bồi thường nhiều thì bị tăng phí hoặc không được tiếp tục cấp thẻ. Bạn cho Ninh hỏi bé đã ra viện bao lâu rồi, từ đó đến nay có tái phát hoặc tái khám không? Bạn gửi Ninh hồ sơ ra viện và kết quả tái khám gần nhất nhé. Ninh sẽ dựa trên tình trạng sức khỏe và nhu cầu điều trị để thiết kế cho bạn một phương án bảo vệ bé trọn vẹn nhất có thể, phù hợp khi sử dụng tại cả bệnh viện công và Vinmec. Bạn có thể inbox hoặc liên hệ Zalo 0776 457 460 (Ninh) để Ninh xem hồ sơ và tư vấn cụ thể nhé. #CC11",hoireviewbaohiem,labeled,0,Vũ Ninh,https://www.facebook.com/groups/hoireviewbaohiem/posts/1745797719960885/?comment_id=1746488949891762,0,0,0,0,0,0,0,0,0,0
1746493683224622,1745797719960885,,https://www.facebook.com/groups/hoireviewbaohiem/posts/1745797719960885/,2026-09-02,B tham khảo Daiichi ib mình nhé - Điều kiện tối thiểu mua thẻ sk bên Daiichi là phí nhân thọ 8tr HĐ 10-15-20-25 năm Có lãi suất cam kết nhận về: 10 năm 103% 15 năm 105% 20 năm 110% 25 năm 115% - Thẻ sk cam kết tái tục hàng năm - Thanh toán cả bệnh bẩm sinh Lh 0376212939,hoireviewbaohiem,labeled,0,Huyền Trần,https://www.facebook.com/groups/hoireviewbaohiem/posts/1745797719960885/?comment_id=1746493683224622,0,0,0,0,0,0,0,0,0,0
1746497033224287,1745797719960885,,https://www.facebook.com/groups/hoireviewbaohiem/posts/1745797719960885/,2026-09-02,"Em tham khảo Sun Life cho bé nhen, những bộ hồ sơ của em bé gần đây nhất của chị Thảo đều được mở thẩm định rất thoải mái, các bé có tiền sử nội trú ngoại trú đều được bảo vệ full không loại trừ - thời gian chờ chỉ 30 ngày. Hơn hết, Sun Life đang là bên có quyền lợi cho trẻ em rất rộng: ☀️ 𝗞𝗵𝗼̂𝗻𝗴 đ𝗼̂̀𝗻𝗴 𝗰𝗵𝗶 𝘁𝗿𝗮̉ dù BV công hay tư ☀️ Các 𝘅𝗲́𝘁 𝗻𝗴𝗵𝗶𝗲̣̂𝗺 𝗮̂𝗺 𝘁𝗶́𝗻𝗵 hoặc 𝘃𝗶𝘁𝗮𝗺𝗶𝗻/𝘁𝗵𝘂𝗼̂́𝗰 𝗯𝗼̂̉ có liên quan đến chẩn đoán và phục vụ trực tiếp cho việc điều trị cũng được trả. ☀️ 𝗧𝗶𝗲̂̀𝗻 𝗴𝗶𝘂̛𝗼̛̀𝗻𝗴 đ𝘂̛𝗼̛̣𝗰 𝘁𝗮́𝗰𝗵 𝗿𝗶𝗲̂𝗻𝗴 với công chăm sóc, nên không cần mua hạn mức cao vẫn được chi trả nhiều. ☀️ 𝗧𝗮́𝗶 𝘁𝘂̣𝗰 𝗼̂̉𝗻 đ𝗶̣𝗻𝗵, cam kết giảm phí hàng năm với các bé từ 0-5 tuổi, giảm gánh nặng tài chính cho mẹ. Mom inbox hoặc zalo 0901836335 Thảo tư vấn chi tiết quyền lợi cho bé nhen 🤗",hoireviewbaohiem,labeled,0,Nguyen Minh Thao,https://www.facebook.com/groups/hoireviewbaohiem/posts/1745797719960885/?comment_id=1746497033224287,0,0,0,0,0,0,0,0,0,0
1746501156557208,1745797719960885,,https://www.facebook.com/groups/hoireviewbaohiem/posts/1745797719960885/,2026-09-02,"Chào bạn , nếu tìm hiểu cho bé thì có gói BHNT đóng phí 5 năm CAM KẾT BẢO VỆ 30 năm như này rất tối ưu cho bé. Còn về bệnh có sẵn ghì sẽ bị loại trừ viêm phổi (nếu sau 3-6 tháng có tái khám kết quả ổn định thig mình hỗ trợ bạn nộp yêu cầu gỡ loại trừ cho bé luôn) Mình là tvv của Hội sở BHNT AIA exchange HCM. Sẵn lòng hỗ trợ bạn #GDB38",hoireviewbaohiem,labeled,0,Bo Phú,https://www.facebook.com/groups/hoireviewbaohiem/posts/1745797719960885/?comment_id=1746501156557208,0,0,0,0,0,0,0,0,0,0
1746505593223431,1745797719960885,,https://www.facebook.com/groups/hoireviewbaohiem/posts/1745797719960885/,2026-09-02,"Chào bạn. Lịch sử của bé như vậy tham gia sẽ có thư thoả thuận nhưng hoàn toàn có thể chấp nhận dc. Sốt virus k loại trừ, viêm amidan và viêm phổi có điều kiện loại trừ có thời gian. E tham khảo Daiichi rất phù hợp cả viện công và Vinmec. Ưu điểm: - Phí chỉ 2,7tr/năm cấp quỹ 1 tỷ/bệnh cho nằm viện.tiền giường hạn mức cao, bé được sử dụng ở những phòng có dịch vụ y tế tốt nhất đầy đủ điều hoà, tủ lạnh, tivi, suất ăn,,,, - Bảo vệ cả bệnh bẩm sinh mà các dòng thẻ khác trên thị trường k có - Đi khám chi trả 100% theo hạn mức b mua - Ngoaì ra b có thể mua thêm hỗ trợ viện phí thêm 400k/ngày như ngày công bố mẹ đi chăm con ốm - Thời gian chờ cho bé chỉ 30 ngày với các bệnh hay gặp ở trẻ Về cơ bản thẻ cho bé nhỏ hay người lớn bạn tham gia Daiichi có lợi cả về phí và quyền lợi. Inbox m tư vấn chi tiết cho nha #TVTH386",hoireviewbaohiem,labeled,0,Bùi Quang Vĩnh,https://www.facebook.com/groups/hoireviewbaohiem/posts/1745797719960885/?comment_id=1746505593223431,0,0,0,0,0,0,0,0,0,0
1746511626556161,1745797719960885,,https://www.facebook.com/groups/hoireviewbaohiem/posts/1745797719960885/,2026-09-02,"Chào bạn, Sốt virus k loại trừ, viêm amidan và viêm phổi thường có thời gian chờ là 1 năm, có thể kết hợp thẻ sức khoẻ rời hỗ trợ trong năm đầu. Bạn tham khảo Daiichi bảo lãnh trực tiếp taii bv Vinmec ạ 📲 Bạn nhắn qua Zalo để Vy tư vấn chi tiết từng gói nha: 0767134386 Vy cảm ơn bạn nhiều ạ 🥰 #GDA18",hoireviewbaohiem,labeled,0,Hoang Vy,https://www.facebook.com/groups/hoireviewbaohiem/posts/1745797719960885/?comment_id=1746511626556161,0,0,0,0,0,0,0,0,1,1
1746514349889222,1745797719960885,,https://www.facebook.com/groups/hoireviewbaohiem/posts/1745797719960885/,2026-09-02,"Bé nằm viện lần cuối cùng từ bao giờ ạ? Chị còn giữ thông tin khám của bé gửi em xem trước, em xem có thể tham gia mà không loại trừ từ đầu không nha ạ. Rất mong nhận được tin nhắn của gia đình mình",hoireviewbaohiem,labeled,0,Hien Anh,https://www.facebook.com/groups/hoireviewbaohiem/posts/1745797719960885/?comment_id=1746514349889222,0,0,0,0,0,0,0,0,0,0
1746518496555474,1745797719960885,,https://www.facebook.com/groups/hoireviewbaohiem/posts/1745797719960885/,2026-09-02,Chào bạn! 2 lần bé điều trị viêm phổi và viêm amydal cách đâu lâu chưa nhỉ? Ib mình hỗ trợ nhé!,hoireviewbaohiem,labeled,0,Ngoc Anh,https://www.facebook.com/groups/hoireviewbaohiem/posts/1745797719960885/?comment_id=1746518496555474,0,0,0,0,0,0,0,0,0,0
1746529229887734,1745797719960885,,https://www.facebook.com/groups/hoireviewbaohiem/posts/1745797719960885/,2026-09-02,"B ib mình xem hồ sơ y tế cho bé nha . Xem thời gian bị bao lâu rồi, có kết quả tái khám không. Nộp về Gen để con được chi trả 100% nếu chẳng may đi viện nhé. ✨ Các mom vote Gen ở điểm không đồng chi mọi lứa tuổi , áp dụng cho mọi bệnh viện trên cả nước. Trong khi nhiều bên trẻ em chỉ chi 80% - 70% ✅ Điều này nếu chẳng may đi viện, thì mới thấu hiểu được rằng việc không đồng chi tiết kiệm tiền cho bố mẹ đến thế nào ✅ Ngoài ra các hạn mức chi trả của Gen đều cao Inbox mình tư vấn gói cho bé chỉ từ 10 triệu/ năm #CC12 - 𝐊𝐡𝐚́𝐧𝐡 𝐇𝐚̀ 𝐁𝐚̉𝐨 𝐡𝐢𝐞̂̉𝐦 | 𝐁𝐚̉𝐨 𝐡𝐢𝐞̂̉𝐦 𝐆𝐞𝐧𝐞𝐫𝐚𝐥𝐢 - 𝑪𝒉𝒂̆𝒎 𝒔𝒐́𝒄 & đ𝒐̂̀𝒏𝒈 𝒉𝒂̀𝒏𝒉 𝒌𝒉𝒂́𝒄𝒉 𝒉𝒂̀𝒏𝒈 𝒕𝒓𝒆̂𝒏 𝒕𝒐𝒂̀𝒏 𝒒𝒖𝒐̂́𝒄 📞 09.686.739.7️⃣6️⃣",hoireviewbaohiem,labeled,0,Khánh Hà Generali,https://www.facebook.com/groups/hoireviewbaohiem/posts/1745797719960885/?comment_id=1746529229887734,0,0,0,0,0,0,0,0,0,0
1746537763220214,1745797719960885,,https://www.facebook.com/groups/hoireviewbaohiem/posts/1745797719960885/,2026-09-02,"​Chào ba mẹ, nếu đang cân nhắc giải pháp bảo lãnh viện phí toàn diện cho con, Sun Life hiện là một trong những lựa chọn tối ưu nhất về biên độ thẩm định lẫn điều khoản bồi thường: - ​Quyền lợi thanh toán 100% nội trú: Hoàn toàn không đồng chi trả tại hệ thống bệnh viện công lập và tư nhân. ​Phạm vi bảo hiểm mở rộng: Chấp thuận thanh toán các xét nghiệm âm tính và thuốc bổ trợ/vitamin theo chỉ định điều trị. -​Phân tách hạn mức rõ ràng: Tách rời chi phí giường bệnh và phí chăm sóc y tế, tối ưu hóa mức chi trả thực tế cho gia đình. -​Chính sách phí ưu đãi: Biểu phí cam kết giảm dần đều hàng năm cho giai đoạn vàng 0–5 tuổi. ​Để xem chi tiết quyền lợi theo đúng độ tuổi của bé, ba mẹ liên hệ Ngân qua Zalo: 0971.800.730 hoặc ib nhé #TVTH330",hoireviewbaohiem,labeled,0,Nguyễn Thị Kim Ngân,https://www.facebook.com/groups/hoireviewbaohiem/posts/1745797719960885/?comment_id=1746537763220214,0,0,0,0,0,0,0,0,0,0
1746549856552338,1745797719960885,,https://www.facebook.com/groups/hoireviewbaohiem/posts/1745797719960885/,2026-09-02,"Hi em, c tên Vân, zalo 0867797007 Hải Vân, TVV Bh AIA, c ở SG. ❤️Sốt virus thì không đáng lo, viêm phổi điều trị thì có thể loại 6-12 tháng tuỳ tình hình, ko tái phát thì gỡ sau. Viêm amidan tuỳ cấp tính thì cũng lại tầm 6 tháng, ko tái phát thì gỡ sau. ❤️ Hiện tại các thẻ SK đều có giới hạn phụ/ đợt điều trị có pthuat/ko pthuat/ thủ thuật hay điều trị UT trong ngày NHƯNG AIA THÌ KHÔNG BỊ VẤN ĐỀ NÀY. Nếu tài chính có thể tách riêng cho con thì tốt hơn vì kèm chung tuy có tiết kiệm phần phí BhNt nhưng sẽ dễ bị rủi ro khi HD của Ba/Mẹ không may mất hiệu lực thì con sẽ bị dừng theo. 👉em cân nhắc thêm lựa chọn AIA cho bé vì: 🍀 0-4 tuổi thì AIA chi trả 100% tại bv công (kể cả khoa qte,dvu), riêng bv tư thì 80/20. 🍀 5 tuổi trở lên là chi trả 100% nha. ✅ Tuổi tham gia: 30 ngày tuổi-70 tuổi (mua dc cho Ba Mẹ dù đã lớn tuổi) ✅ Tuổi hiệu lực: đến 100 tuổi. 🍀 Chi trả 100% chi phí điều trị, KHÔNG BỊ GIỚI HẠN SỐ TIỀN XX KHI CÓ PHẪU THUẬT HAY KHÔNG. 🍀 Chi trả 100% chi phí thủ thuật, pthuat trong ngày,không nhập viện qua đêm mà không cần mua ngoại trú (đc tính vào quyền lợi nội trú và trả max 100% hạn mức thẻ).(hầu hết các cty khác sẽ có gioi hạn phụ và ko chi trả thủ thuật trong ngày) 🍀 Chi trả 100% chi phí điều trị UT,BHN,bao gồm hoá,xạ,biện pháp trúng đích mà KHÔNG BỊ GIỚI HẠN SỐ TIỀN/ĐỢT ĐIỀU TRỊ VÀ KHÔNG CẦN NHẬP VIỆN QUA ĐÊM,miễn trong hạn mức thẻ. ✅ AIA chi trả điều trị cấp cứu do TN và BỆNH (hiện tại đa số các cty đang chỉ trả do Tai Nạn) 💢 TẶNG THÊM 100% HẠN MỨC THẺ KHI DÙNG TẠI BV CÔNG (BAO GỒM CẢ KHOA DVU VÀ KHOA QTE) - hiện các cty không có phần này HÀNG NĂM 👉 việc phù hợp hay không thì em có thể chọn 1 TVV AIA và 1 TVV cty bạn, nghe tư vấn kỹ trước. 👉Phí BHNT của AIa thì 5-8 trieu/năm chưa tính phí thẻ SK là có thể mua đc gói cơ bản hoặc nâng cao (tầm 12-15 trieu/năm cho tổng phí) ❣️ Nếu có quan tâm, có thể thoải mái ib hỏi Vân, mua hay ko tính sau,hiểu trước rồi cân nhắc. Mua BH là an tâm dài lâu, không nên là gánh nặng mai sau #gdb33 #AIA",hoireviewbaohiem,labeled,0,Pig Kute,https://www.facebook.com/groups/hoireviewbaohiem/posts/1745797719960885/?comment_id=1746549856552338,0,0,0,0,0,0,0,0,0,0
1746554069885250,1745797719960885,,https://www.facebook.com/groups/hoireviewbaohiem/posts/1745797719960885/,2026-09-02,Với tình trạng y tế của con bạn có thể tham khảo của Manulife nhé. Tùy từng hồ sơ y tế nhưng tham gia Manulife như trường hợp của bé có thể không bị loại trừ gì đâu. #TVTH768,hoireviewbaohiem,labeled,0,Ly Đặng,https://www.facebook.com/groups/hoireviewbaohiem/posts/1745797719960885/?comment_id=1746554069885250,0,0,0,0,0,0,0,0,0,0
1746576476549676,1745797719960885,,https://www.facebook.com/groups/hoireviewbaohiem/posts/1745797719960885/,2026-09-02,Khả năng chờ hô hấp 1 năm. Bạn tham gia gói cao cấp của Generali là phù hợp. Thẻ sk ko bị đồng chi trả nha,hoireviewbaohiem,labeled,0,Phan Quỳnh Trang,https://www.facebook.com/groups/hoireviewbaohiem/posts/1745797719960885/?comment_id=1746576476549676,0,0,0,0,0,0,0,0,0,0
1746591449881512,1745797719960885,,https://www.facebook.com/groups/hoireviewbaohiem/posts/1745797719960885/,2026-09-02,"Mom cũng có thể tham khảo thêm một phương án với quyền lợi khá tối ưu cho bé: * Chi trả điều trị trong ngày đối với nhiều bệnh lý như viêm phổi, viêm phế quản, sốt xuất huyết, cúm…-> Hút đờm, hít khí dung, tiêm truyền, chích áp xe trong ngày cũng được trả. * Dùng hết hạn mức còn được hỗ trợ thêm 100% tại BV công kể cả khoa dịch vụ/khoa quốc tế * Kết hợp BHYT còn có thêm trợ cấp nằm viện theo ngày => Giúp ba mẹ an tâm cho con sử dụng dịch vụ y tế chất lượng cao, kể cả bệnh viện quốc tế, mà không quá áp lực chi phí. Mình là Huyền, tư vấn viên đã đồng hành cùng nhiều gia đình có con nhỏ. Dựa trên nhu cầu thực tế, khả năng tài chính và mục tiêu của từng gia đình, để giúp bạn chọn được phương án phù hợp và tối ưu nhất Bạn có thể nhắn mình qua Messenger hoặc Zalo 0989 782 526 nhé. 🥰#CC36",hoireviewbaohiem,labeled,0,Jennie Nguyen,https://www.facebook.com/groups/hoireviewbaohiem/posts/1745797719960885/?comment_id=1746591449881512,0,0,0,0,0,0,0,0,0,0
1746654453208545,1745797719960885,,https://www.facebook.com/groups/hoireviewbaohiem/posts/1745797719960885/,2026-09-02,Chào b B muốn thẻ sk rời hay thẻ sk đi kèm tích luỹ cho bé a? Ngân sách khoảng bn ạ? Huyền có đủ 2 loại thẻ trên. Có bảng so sánh và điều khoản chi tiết từng hãng. Hữu duyên ib mk hỗ trợ naaa,hoireviewbaohiem,labeled,0,Nguyễn Thị Huyền,https://www.facebook.com/groups/hoireviewbaohiem/posts/1745797719960885/?comment_id=1746654453208545,0,0,0,0,0,0,0,0,0,0
1746718139868843,1745797719960885,,https://www.facebook.com/groups/hoireviewbaohiem/posts/1745797719960885/,2026-09-02,"Bạn tham khảo thử phương án mình gửi của Daiichi nhé. 1. Ngoại trú: ba mẹ có thể yên tâm vì chi trả 100% Với các bé nhỏ, chi phí phát sinh thường xuyên nhất lại không phải lúc nào cũng là nằm viện. Mà là: Khám sốt, ho, viêm họng, viêm mũi. Tiền th.uốc. Xét nghiệm. Siêu âm. Tái khám. Phần này, ngoại trú Dai-ichi Life chi trả 100% sau thời gian chờ chỉ 30 ngày, viêm phổi, viêm phế quản cũng chỉ cần chờ 30 ngày thôi nha 😀 2. Nội trú: 70% nhưng không còn là nỗi lo nếu biết kết hợp đúng Đúng là với bé dưới 6 tuổi, thẻ nội trú Dai-ichi Life hiện chi trả 70%. (Nhưng phí daiichi rất rẻ gói tiền phòng 3tr/ ngày daiichi có 2,73tr/ ngày thôi b ạ, nếu b muốn 100% thì m có giải pháp hỗ trợ bù đủ phần này cho ebe) Từ đủ 6 tuổi không cần thẩm định lại sức khỏe tự động chuyển lên trả 100%. Gói trên mình sẽ kết hợp gói nhân thọ min 8tr/ năm b ạ để tham gia thẻ nha. Mình là Linh tvv nhà Daiichi có 10 năm KN làm việc hỗ trợ KH. Hữu duyên kết nối cùng bạn trao đổi. #tvth898",hoireviewbaohiem,labeled,0,Cao Thị Linh,https://www.facebook.com/groups/hoireviewbaohiem/posts/1745797719960885/?comment_id=1746718139868843,0,0,0,0,0,0,0,0,0,0
1746880046519319,1745797719960885,,https://www.facebook.com/groups/hoireviewbaohiem/posts/1745797719960885/,2026-09-02,"Chúc mừng cháu đã đến thế giới này. Mẹ inbox, mình xin tư vấn nhé.",hoireviewbaohiem,labeled,0,Nguyễn Sơn,https://www.facebook.com/groups/hoireviewbaohiem/posts/1745797719960885/?comment_id=1746880046519319,0,0,0,0,0,0,0,0,0,0
1746977929842864,1745797719960885,,https://www.facebook.com/groups/hoireviewbaohiem/posts/1745797719960885/,2026-09-02,"Em tìm hiểu của GEN nhé đang có chương trình tặng 30% cho thẻ sức khỏe của bé và thể sức khỏe này được chi trả 100% ở bệnh viện tư, công",hoireviewbaohiem,labeled,0,Ngô Thị Thu Thủy,https://www.facebook.com/groups/hoireviewbaohiem/posts/1745797719960885/?comment_id=1746977929842864,0,0,0,0,0,0,0,0,0,0
1745914929949164,1745834486623875,,https://www.facebook.com/groups/hoireviewbaohiem/posts/1745834486623875/,2026-09-01,Bạn mua nhà Generaki bán nha,hoireviewbaohiem,labeled,0,Generali Thanh Thuy,https://www.facebook.com/groups/hoireviewbaohiem/posts/1745834486623875/?comment_id=1745914929949164,0,0,0,0,0,0,0,0,0,0
1745919033282087,1745834486623875,,https://www.facebook.com/groups/hoireviewbaohiem/posts/1745834486623875/,2026-09-01,Nhà GEN chi trả 100% cho cả trẻ em từ 0-5 tuổi Bạn tìm hiểu GEN nhé 0936682255,hoireviewbaohiem,labeled,0,Hang Dothihang,https://www.facebook.com/groups/hoireviewbaohiem/posts/1745834486623875/?comment_id=1745919033282087,0,0,0,0,0,0,0,0,0,0
1745932003280790,1745834486623875,,https://www.facebook.com/groups/hoireviewbaohiem/posts/1745834486623875/,2026-09-01,Vbi đi bác ơi,hoireviewbaohiem,labeled,0,Tuyết Nguyễn,https://www.facebook.com/groups/hoireviewbaohiem/posts/1745834486623875/?comment_id=1745932003280790,0,0,0,0,0,0,0,0,0,0
1745933379947319,1745834486623875,,https://www.facebook.com/groups/hoireviewbaohiem/posts/1745834486623875/,2026-09-01,AIA b nhé!,hoireviewbaohiem,labeled,0,Khanh Ngoc,https://www.facebook.com/groups/hoireviewbaohiem/posts/1745834486623875/?comment_id=1745933379947319,0,0,0,0,0,0,0,0,0,0
1745933673280623,1745834486623875,,https://www.facebook.com/groups/hoireviewbaohiem/posts/1745834486623875/,2026-09-01,"Về tình trạng thiếu men G6PD của bé, theo kinh nghiệp của em thì: 🔹 Thiếu men G6PD là tình trạng di truyền lành tính, KHÔNG thuộc danh sách bệnh Tạm hoãn hay Từ chối. 🔹 Nếu bé sinh hoạt bình thường, chưa từng bị tán huyết nặng phải nhập viện/truyền máu thì tỷ lệ duyệt thẻ sức khỏe phí chuẩn là RẤT CAO. Thẻ Dai-ichi bảo lãnh 100% tại Vinmec, Hồng Ngọc, Nhi TW... ngân sách 1 tỷ tính riêng cho từng bệnh, không lo cạn quỹ. Chị gom giúp em Giấy ra viện lúc sinh (có KQ lấy máu gót chân), ib em qua Zalo 0388835592 em chạy bảng phí đúng tuổi 2 mẹ con & hỗ trợ nộp thẩm định nhen! 🌿",hoireviewbaohiem,labeled,0,Diệu Hà,https://www.facebook.com/groups/hoireviewbaohiem/posts/1745834486623875/?comment_id=1745933673280623,1,1,0,0,0,0,0,0,0,0
1745937373280253,1745834486623875,,https://www.facebook.com/groups/hoireviewbaohiem/posts/1745834486623875/,2026-09-01,"Về thiếu men thì phải tùy tình trạng thực tế cty xét dk tgia hay ntn b ạ. Nếu còn kqua XN máu gót chân thì b giữ để nộp nha. Phần thẻ cssk b tham khảo qua Daiichi nhé. Bạn tham khảo thử phương án mình gửi của Daiichi nhé. 1. Ngoại trú: ba mẹ có thể yên tâm vì chi trả 100% Với các bé nhỏ, chi phí phát sinh thường xuyên nhất lại không phải lúc nào cũng là nằm viện. Mà là: Khám sốt, ho, viêm họng, viêm mũi. Tiền th.uốc. Xét nghiệm. Siêu âm. Tái khám. Phần này, ngoại trú Dai-ichi Life chi trả 100% sau thời gian chờ chỉ 30 ngày, viêm phổi, viêm phế quản cũng chỉ cần chờ 30 ngày thôi nha 😀 2. Nội trú: 70% nhưng không còn là nỗi lo nếu biết kết hợp đúng Đúng là với bé dưới 6 tuổi, thẻ nội trú Dai-ichi Life hiện chi trả 70%. (Nhưng phí daiichi rất rẻ gói tiền phòng 3tr/ ngày daiichi có 2,73tr/ ngày thôi b ạ, nếu b muốn 100% thì m có giải pháp hỗ trợ bù đủ phần này cho ebe) Từ đủ 6 tuổi không cần thẩm định lại sức khỏe tự động chuyển lên trả 100%. Gói trên mình sẽ kết hợp gói nhân thọ min 8tr/ năm b ạ để tham gia thẻ nha. Mình là Linh tvv nhà Daiichi có 10 năm KN làm việc hỗ trợ KH. Hữu duyên kết nối cùng bạn trao đổi. #tvth898",hoireviewbaohiem,labeled,0,Cao Thị Linh,https://www.facebook.com/groups/hoireviewbaohiem/posts/1745834486623875/?comment_id=1745937373280253,0,0,0,0,0,0,0,0,0,0
1745974803276510,1745834486623875,,https://www.facebook.com/groups/hoireviewbaohiem/posts/1745834486623875/,2026-09-01,"Nếu tiền sử của bé chỉ có bệnh như b kể thì vẫn tham gia bh được và tất nhiên sẽ loại trừ bệnh có sẵn và hiện vẫn còn ở thẻ sk. Nhi tw khoa S có bảo lãnh bảo hiểm tư nhân nhưng luôn full phòng, vinmec Hn thì điều kiện nằm viện thoải mái hơn . Mình có rất nhiều KH nhí ở Hà Nội. Hiện thẻ sk Generali chi trả 100% chi phí nằm viện, không đồng chi trả như 1 số cty bạn, không từ chối vô lý các chi phí y tế. Hữu duyên được đồng hành cùng gia đình b. B inb mình trao đổi thêm nhé",hoireviewbaohiem,labeled,0,Trần Thị Ngọc Ánh,https://www.facebook.com/groups/hoireviewbaohiem/posts/1745834486623875/?comment_id=1745974803276510,0,0,0,0,0,0,0,0,0,0
1745978139942843,1745834486623875,,https://www.facebook.com/groups/hoireviewbaohiem/posts/1745834486623875/,2026-09-01,"Chào em, tiêu chí quan trọng nhất khi chọn thẻ sức khỏe cho em bé với chị là thời gian chờ, mức đồng chi trả và tái tục ổn định. Với bé dưới 6 tuổi thì em có thể tìm hiểu thêm Sun Life nha, bên này không đồng chi trả với trẻ em, trả 100% phạm vi bảo hiểm dù BV công lập hay tư nhân. Đây cũng là bên hiếm hoi có trả cho các chi phí xét nghiệm âm tính tầm soát, kể cả vitamin/ thuốc bổ. Bảo lãnh viện phí toàn quốc, claim hoàn toàn qua app, tái tục ổn định và cam kết giảm phí bảo hiểm hàng năm theo tuổi của bé siêu có lợi luôn. Thảo nghĩ rằng việc tìm hiểu nhiều hơn giúp mình càng vững tin hơn vào sự lựa chọn của mình. Chị là Minh Thảo - chuyên viên quản lý khách hàng cao cấp của Sun Life Vietnam, em inbox hoặc zalo 0901836335 Thảo tư vấn chi tiết gói bảo hiểm phù hợp cho bé nhen 🤗 Cảm ơn em! #GDC7",hoireviewbaohiem,labeled,0,Nguyen Minh Thao,https://www.facebook.com/groups/hoireviewbaohiem/posts/1745834486623875/?comment_id=1745978139942843,0,0,0,0,0,0,0,0,0,0
1745978743276116,1745834486623875,,https://www.facebook.com/groups/hoireviewbaohiem/posts/1745834486623875/,2026-09-01,"chào bạn. Mình là Vĩnh- tvv Daiichi . Trường hợp bé 1 tuổi thiếu men G6pd cần thêm kết quả để xét duyệt hs. B có thể tham khảo Daiichi. Ưu điểm: - Bảo lãnh cả Nhi Tw và Hồng Ngọc PTM, vinmec, …giúp ba mẹ k lo tài chính đi viện - Phí chỉ 2,7tr/năm cấp quỹ 1 tỷ/bệnh cho nằm viện.tiền giường hạn mức cao, bé được sử dụng ở những phòng có dịch vụ y tế tốt nhất đầy đủ điều hoà, tủ lạnh, tivi, suất ăn,,,, - Bảo vệ cả bệnh bẩm sinh mà các dòng thẻ khác trên thị trường k có - Đi khám chi trả 100% theo hạn mức b mua - Inbox m tư vấn chi tiết cho nha #TVTH386",hoireviewbaohiem,labeled,0,Bùi Quang Vĩnh,https://www.facebook.com/groups/hoireviewbaohiem/posts/1745834486623875/?comment_id=1745978743276116,0,0,0,0,0,0,0,0,0,0
1745910886616235,1745840856623238,,https://www.facebook.com/groups/hoireviewbaohiem/posts/1745840856623238/,2026-09-01,"Mua bhnt cho bố thì đc, còn thẻ sk thì khó mà mua đc",hoireviewbaohiem,labeled,0,ChattyJackfruit3569,https://www.facebook.com/groups/hoireviewbaohiem/posts/1745840856623238/?comment_id=1745910886616235,0,0,0,0,0,0,0,0,0,0
1745911839949473,1745840856623238,,https://www.facebook.com/groups/hoireviewbaohiem/posts/1745840856623238/,2026-09-01,Thẻ SK AIA bảo vệ đến 100 tuổi nên sẽ phù hợp nhất em nha. Và phương án 2 là chuẩn nhất. Inbox c có 10 năm làm BHNT và thiết kế các sản phẩm tương tự. Em tham gia của chị hay không cũng được chị sẽ tư vấn miễn phí nha,hoireviewbaohiem,labeled,0,Nguyễn Thị Thanh Huyền,https://www.facebook.com/groups/hoireviewbaohiem/posts/1745840856623238/?comment_id=1745911839949473,0,0,0,0,0,0,0,0,1,1
1745912313282759,1745840856623238,1745911839949473.0,https://www.facebook.com/groups/hoireviewbaohiem/posts/1745840856623238/,2026-09-01,Nên mua nhân thọ cho em và gắn thẻ SK cho Bố,hoireviewbaohiem,labeled,1,Nguyễn Thị Thanh Huyền,https://www.facebook.com/groups/hoireviewbaohiem/posts/1745840856623238/?comment_id=1745911839949473&reply_comment_id=1745912313282759,0,0,0,0,0,0,0,0,0,0
1745912689949388,1745840856623238,,https://www.facebook.com/groups/hoireviewbaohiem/posts/1745840856623238/,2026-09-01,"Tham gia nhân thọ cho em, nếu e chưa có hđnt và thẻ cho 2 bố con nhé. Em tham khảo thẻ của aia e nha",hoireviewbaohiem,labeled,0,Hồng Nhung,https://www.facebook.com/groups/hoireviewbaohiem/posts/1745840856623238/?comment_id=1745912689949388,0,0,0,0,0,0,0,0,0,0
1745916749948982,1745840856623238,,https://www.facebook.com/groups/hoireviewbaohiem/posts/1745840856623238/,2026-09-01,"Tuổi bố cao rồi nên tham gia nhân thọ không lợi đâu ạ. Theo kinh nghiệm của mình thì b tham gia nhân thọ cho b kèm thẻ Sk cho bố nếu bố còn đủ điều kiện tham gia thẻ sk - nhớ kê khai đầy đủ và check vssid thật kỹ. Trường hợp không thể tham gia thẻ nhân thọ vì tiền sử bệnh thì phương án tham gia thẻ Sk rời cũng không tệ, thẻ Sk rời giống 1 gói nhân thọ mini có chi trả cả chi phí nằm viện b nhé. Cần tư vấn rõ ràng - minh bạch thì nhắn mình nha.",hoireviewbaohiem,labeled,0,Trần Thị Ngọc Ánh,https://www.facebook.com/groups/hoireviewbaohiem/posts/1745840856623238/?comment_id=1745916749948982,0,0,0,0,0,0,0,0,0,0
1745918199948837,1745840856623238,,https://www.facebook.com/groups/hoireviewbaohiem/posts/1745840856623238/,2026-09-01,Chào bạn bố bạn bằng tuổi baba mình nên với yêu cầu của bạn nên mua nhân thọ cho bạn kèm thẻ cho bố nha .Với tình trang y tế kê khai đầy đủ để công ty thẩm đinh nha bạn #GDC6,hoireviewbaohiem,labeled,0,Generali Thanh Thuy,https://www.facebook.com/groups/hoireviewbaohiem/posts/1745840856623238/?comment_id=1745918199948837,0,0,0,0,0,0,0,0,0,0
1745920169948640,1745840856623238,,https://www.facebook.com/groups/hoireviewbaohiem/posts/1745840856623238/,2026-09-01,"Chào bạn nha, bạn là đứa con hiếu thảo. Chú sinh năm 1964 (62 tuổi), tuổi này trang bị thẻ sức khỏe là cần thiết vì nếu cô chú có vấn đề phải đi viện chi phí tốn kém nhiều. 1. Với các bệnh sẵn có (rối loạn tiền đình, mỡ máu, thoái hóa cột sống), xác định luôn đây Bệnh đã có từ trước (tiền sử) sẽ bị LOẠI TRỪ chi trả hoặc tăng phí tùy mức độ ạ. Quan trọng: Tất cả các rủi ro sức khỏe khác (tim mạch, tiêu hóa, tai nạn, phẫu thuật bệnh mới...) bố vẫn được bảo vệ 100%. ⚖️ 2. Nên chọn Phương án (PA) nào? ❌ PA1: Bố đứng tên BHNT + Thẻ SK: Phí hợp đồng chính rất cao do tuổi chú đã lớn, tiền tích lũy không hiệu quả. 🌟 PA2: Bạn đứng tên BHNT + Đính kèm Thẻ SK cho Bố (TỐI ƯU NHẤT): Phí của bạn trẻ nên rất rẻ, tiết kiệm ngân sách để tập trung mua Thẻ Sức Khỏe Cao Cấp nhất cho bố. Bạn là trụ cột được bảo vệ thì bố mới an tâm dài lâu. 🛡️ 3. Nên chọn hãng nào? Điểm đắt giá của Thẻ Sức Khỏe Dai-ichi Life 🌿 Bảo vệ đến 75 tuổi: Phù hợp hoàn hảo cho độ tuổi của chú hiện tại. 💳 Ngân sách TÁCH BIỆT từng bệnh duy nhất trên thị trường (150tr - 1 tỷ/bệnh): bị gan có 1 tỷ riêng dể điều trị, bệnh dạ dày có thêm 1 tỷ nữa để điều trị, ko giới hạn số lượng bệnh (không lo cạn quỹ cả năm như các thẻ hạn mức theo năm thông thường). 🔄 Tái tục ổn định: Không bị tăng phí cắt hợp đồng nếu năm trước bố có đi viện nhiều. 📲 HƯỚNG XỬ LÝ TIẾP THEO Bạn gom giúp tui: Hồ sơ y tế (vssid) để tui sẽ review trước hồ sơ y tế miễn phí để đánh giá tỷ lệ duyệt đẹp nhất cho bố nhen! Nhắn tui qua Zalo: 0388835592 tui hỗ trợ chi tiết nhé! 🌿",hoireviewbaohiem,labeled,0,Diệu Hà,https://www.facebook.com/groups/hoireviewbaohiem/posts/1745840856623238/?comment_id=1745920169948640,1,1,0,0,0,0,0,0,0,0
1745924493281541,1745840856623238,,https://www.facebook.com/groups/hoireviewbaohiem/posts/1745840856623238/,2026-09-01,"Phương án 2 nhưng check xem chứ chưa chắc họ bán thẻ cho bố đâu, t cũng đang tìm hiểu mua nt cho mh và thẻ cho bố mẹ đây",hoireviewbaohiem,labeled,0,RelaxingJackfruit2366,https://www.facebook.com/groups/hoireviewbaohiem/posts/1745840856623238/?comment_id=1745924493281541,0,0,0,0,0,0,0,0,0,0
1745931289947528,1745840856623238,,https://www.facebook.com/groups/hoireviewbaohiem/posts/1745840856623238/,2026-09-01,"Dạ chào bạn Với độ tuổi của bố thì thật lòng mình khuyên không nên mua nhân thọ nữa, hoặc bạn có thể mua nhân thọ cho bản thân rồi gắn thẻ sức khỏe của bố vào nha. Hoặc bạn tham khảo thẻ sức khỏe rời của Pacific này nha, CAM KẾT TÁI TỤC đến 90 tuổi nhé bạn. Khi nộp hồ sơ cty cũng sẽ thẩm định tình trạng sức khỏe rồi cho mình biết kết quả phí hoặc có loại trừ hay không, nếu bạn đồng ý với kết quả đó thì mới đóng phí và hđ sẽ được cấp nhé. Bạn có thể inb Châu tv cụ thể hơn nha. Số Châu là 0908.323.732",hoireviewbaohiem,labeled,0,Trần Thị Minh Châu,https://www.facebook.com/groups/hoireviewbaohiem/posts/1745840856623238/?comment_id=1745931289947528,0,0,0,0,0,0,0,0,0,0
1745956163278374,1745840856623238,,https://www.facebook.com/groups/hoireviewbaohiem/posts/1745840856623238/,2026-09-01,"Thẻ sk mình nghĩ khó mua đó bạn. Ck mình năm 29t mua bhnt nhà Man chỉ đc mua mỗi nhân thọ, tất cả sp bổ trợ bị từ chối vì khám sức khoẻ định kỳ hàng năm ghi nhận: gan nhiễm mỡ, tăng axit uric, tăng huyết áp, gđ thì ba mẹ có tiền sử tiểu đường, huyết áp, tim mạch.",hoireviewbaohiem,labeled,0,SincereMoose9758,https://www.facebook.com/groups/hoireviewbaohiem/posts/1745840856623238/?comment_id=1745956163278374,0,0,0,0,0,0,0,0,1,2
1745973289943328,1745840856623238,,https://www.facebook.com/groups/hoireviewbaohiem/posts/1745840856623238/,2026-09-01,Em cảm ơn tất cả các anh chị. Em cũng đang hướng PA 2 là mua BHNT cho em và mua thẻ cssk cho bố em ạ. Hiện tại e đang tham khảo bên AIA vì thẻ được đến năm 100 tuổi ạ,hoireviewbaohiem,labeled,0,Anonymous participant,https://www.facebook.com/groups/hoireviewbaohiem/posts/1745840856623238/?comment_id=1745973289943328,0,0,0,0,0,0,0,0,0,0
1745987146608609,1745840856623238,,https://www.facebook.com/groups/hoireviewbaohiem/posts/1745840856623238/,2026-09-01,"Chào bạn, nếu mục tiêu của bạn chỉ là mua bhsk bảo vệ cho bố bạn thì nên mua nhân thọ cho bạn + thẻ skhoe trọn đời của AIA cho bố bạn nhé! (Tuổi tham gia thẻ: 30 ngày tuổi đến 70 tuổi, bảo vệ đến 100 tuổi) Phần nhân thọ cho bạn cân nhắc sp đóng phí 5 năm bảo vệ 30 năm bạn nhé! #PT349",hoireviewbaohiem,labeled,0,Hồng Hạnh,https://www.facebook.com/groups/hoireviewbaohiem/posts/1745840856623238/?comment_id=1745987146608609,0,0,0,0,0,0,0,0,1,1
1745987733275217,1745840856623238,1745987146608609.0,https://www.facebook.com/groups/hoireviewbaohiem/posts/1745840856623238/,2026-09-01,"Bạn cần tham khảo cách mình thiết kế giải pháp, nhắn zalo mình nhé 0906323631",hoireviewbaohiem,labeled,1,Hồng Hạnh,https://www.facebook.com/groups/hoireviewbaohiem/posts/1745840856623238/?comment_id=1745987146608609&reply_comment_id=1745987733275217,0,0,0,0,0,0,0,0,0,0
1745996183274372,1745840856623238,,https://www.facebook.com/groups/hoireviewbaohiem/posts/1745840856623238/,2026-09-01,"Chào bạn, với mong muốn mua cho Bố Mẹ thì Thảo sẽ thường tư vấn 2 phương án sau: 1️⃣ Nhân thọ + các quyền lợi bổ sung đều cho Bố, nhưng chính bạn sẽ có thêm 2 quyền lợi Hỗ trợ đóng phí. Như vậy, dù bất kỳ rủi ro nào xảy đến với bạn thì quyền lợi của Bố vẫn được cover lâu dài và đầy đủ 2️⃣Nhân thọ cho bạn + các quyền lợi bổ sung cho Bố. Phương án này phù hợp khi bản thân bạn chưa có bảo hiểm nhân thọ, tập trung đúng giá trị của bảo hiểm nhân thọ cho người trụ cột. Về chi phí thì phương án 2 sẽ nhẹ hơn một chút á, nhưng ưu nhược thì cái nào cũng có, cho nên cần ngồi với nhau để có phương án tối ưu nhất. Đối với bảo hiểm sức khỏe, nhà Sun Life với thẻ Sống Chất 2.0 là thẻ duy nhất trên thị trường hiện nay hội đủ 3 yếu tố quan trọng nhất: ☀️ Tái tục ổn định đ𝗲̂́𝗻 𝟴𝟱 𝘁𝘂𝗼̂̉𝗶 với tất cả quyền lợi Nội trú / Ngoại trú / Nha khoa ☀️ 𝗞𝗵𝗼̂𝗻𝗴 đ𝗼̂̀𝗻𝗴 𝗰𝗵𝗶 𝘁𝗿𝗮̉ với mọi lứa tuổi khi điều trị tại bất kỳ Bv công hay tư nhân. ☀️ 𝗞𝗵𝗼̂𝗻𝗴 𝘁𝗮́𝗶 𝘁𝗵𝗮̂̉𝗺 đ𝗶̣𝗻𝗵 sức khỏe hàng năm. 𝗞𝗵𝗼̂𝗻𝗴 𝘁𝗮̆𝗻𝗴 𝗽𝗵𝗶́ theo lịch sử bồi thường Mình là Minh Thảo - chuyên viên quản lý khách hàng cao cấp của Sun Life Vietnam, bạn inbox hoặc zalo 0901836335 Thảo tư vấn chi tiết gói bảo hiểm phù hợp cho mình nhen 🤗 Cảm ơn bạn! #GDC7",hoireviewbaohiem,labeled,0,Nguyen Minh Thao,https://www.facebook.com/groups/hoireviewbaohiem/posts/1745840856623238/?comment_id=1745996183274372,0,0,0,0,0,0,0,0,0,0
1746039253270065,1745840856623238,,https://www.facebook.com/groups/hoireviewbaohiem/posts/1745840856623238/,2026-09-01,"Bạn chủ động tìm hiểu bảo hiểm cho bố ở tuổi này là rất kịp thời ạ. Với bố bạn khoảng 62 tuổi, nếu mục tiêu chính là có quyền lợi khám chữa bệnh tốt thì Ninh nghiêng về phương án: * Mua BHNT tối thiểu cho bạn. * Gắn thẻ chăm sóc sức khỏe cho bố. Ở tuổi của bố, phần phí BHNT thường khá cao trong khi số tiền bảo vệ không còn tối ưu. Phương án trên sẽ tập trung ngân sách nhiều hơn cho thẻ sức khỏe, đúng với nhu cầu đi viện thực tế của bác. Tuy nhiên, điều quan trọng nhất hiện tại chưa phải chọn hãng nào mà là hồ sơ sức khỏe của bố có đủ điều kiện tham gia hay không. Bạn cho Ninh hỏi thêm: * Bố có đang dùng thuốc hằng ngày không? * Chỉ số mỡ máu gần nhất thế nào? * Thoái hóa cột sống ở vị trí nào, đã từng nằm viện hoặc phẫu thuật chưa? * Bố thường muốn điều trị tại bệnh viện công hay bệnh viện tư? Bạn có thể tham khảo thẻ sức khỏe AIA vì thời gian bảo vệ dài đến 100 tuổi, phù hợp với nhu cầu bảo vệ lâu dài cho bố mẹ lớn tuổi. Nhưng Ninh cần xem kỹ hồ sơ trước khi kết luận phương án phù hợp nhất nhé. Bạn inbox hoặc Zalo Ninh 0776457460, Ninh xem hồ sơ và tư vấn cụ thể cho hai bố con ạ. #CC11",hoireviewbaohiem,labeled,0,Vũ Ninh,https://www.facebook.com/groups/hoireviewbaohiem/posts/1745840856623238/?comment_id=1746039253270065,0,0,0,0,0,0,0,0,0,0
1746090853264905,1745840856623238,,https://www.facebook.com/groups/hoireviewbaohiem/posts/1745840856623238/,2026-09-01,Nên mua bhnt cho em và thẻ sk cho bố e nhé #TVTH330,hoireviewbaohiem,labeled,0,Nguyễn Thị Kim Ngân,https://www.facebook.com/groups/hoireviewbaohiem/posts/1745840856623238/?comment_id=1746090853264905,0,0,0,0,0,0,0,0,0,0
1746095143264476,1745840856623238,,https://www.facebook.com/groups/hoireviewbaohiem/posts/1745840856623238/,2026-09-01,"Giờ này mua là cũng loại trừ hết các bệnh có sẵn rồi, quy định tốt nhất hiện tại nên tham khảo của AIA, Sun em nhé",hoireviewbaohiem,labeled,0,Ngô Thị Thu Thủy,https://www.facebook.com/groups/hoireviewbaohiem/posts/1745840856623238/?comment_id=1746095143264476,0,0,0,0,0,0,0,0,2,3
1746100086597315,1745840856623238,1746095143264476.0,https://www.facebook.com/groups/hoireviewbaohiem/posts/1745840856623238/,2026-09-01,"Ngô Thị Thu Thủy bố em khám mấy năm trước, mỗi năm 1 loại ạ. Mấy năm nay bố e k khám chữa bệnh gì ạ. Bên tvv tư vấn bố e đi khám trước khi tham gia nếu các chỉ số về Rối loạn mỡ máu, tiền đình ổn thì vẫn được chi trả. Còn về thoái hóa cột sống thì loại trừ rồi ạ",hoireviewbaohiem,labeled,1,Anonymous participant,https://www.facebook.com/groups/hoireviewbaohiem/posts/1745840856623238/?comment_id=1746095143264476&reply_comment_id=1746100086597315,0,0,0,0,0,0,0,0,1,1
1746103096597014,1745840856623238,1746100086597315.0,https://www.facebook.com/groups/hoireviewbaohiem/posts/1745840856623238/,2026-09-01,"Người tham gia ẩn danh không nên tự Ý đi khám em ạ, nếu tham gia thì cứ nộp và kê khai sau đó bộ phận thẩm định sẽ tự quyết định mời khám hoặc loại trừ. Chỉ khi nào mình thấy không phù hợp với loại trừ thì mới đi khám thôi",hoireviewbaohiem,labeled,2,Ngô Thị Thu Thủy,https://www.facebook.com/groups/hoireviewbaohiem/posts/1745840856623238/?comment_id=1746095143264476&reply_comment_id=1746103096597014,1,0,1,0,0,0,0,0,0,0
1746104809930176,1745840856623238,1746095143264476.0,https://www.facebook.com/groups/hoireviewbaohiem/posts/1745840856623238/,2026-09-01,Dạ vâng em cảm ơn chị ạ,hoireviewbaohiem,labeled,1,Anonymous participant,https://www.facebook.com/groups/hoireviewbaohiem/posts/1745840856623238/?comment_id=1746095143264476&reply_comment_id=1746104809930176,1,1,0,0,0,0,0,0,0,0
1746162836591040,1745840856623238,,https://www.facebook.com/groups/hoireviewbaohiem/posts/1745840856623238/,2026-09-01,Bạn tham khảo nhà AIA hoặc nhà Sun cho bố nhé. AIA có Hồng Nhung Trần Thị Hằng Nga Sun có Nam Bui Nguyễn Thị Kim Ngân Các bạn ý sẽ hỗ trợ nhé #TVTH778 Nguyễn Thảo Generali,hoireviewbaohiem,labeled,0,Nguyễn Thảo Generali,https://www.facebook.com/groups/hoireviewbaohiem/posts/1745840856623238/?comment_id=1746162836591040,1,0,1,0,0,0,0,0,1,1
1746163766590947,1745840856623238,1746162836591040.0,https://www.facebook.com/groups/hoireviewbaohiem/posts/1745840856623238/,2026-09-01,Nguyễn Thảo Generali dạ e cảm ơn c nha,hoireviewbaohiem,labeled,1,Hồng Nhung,https://www.facebook.com/groups/hoireviewbaohiem/posts/1745840856623238/?comment_id=1746162836591040&reply_comment_id=1746163766590947,1,1,0,0,0,0,0,0,0,0
1746221566585167,1745840856623238,,https://www.facebook.com/groups/hoireviewbaohiem/posts/1745840856623238/,2026-09-01,"Chào bạn, Với độ tuổi của bố (sinh năm 1964 - năm nay 62 tuổi) cùng tiền sử bệnh lý đã có (rối loạn tiền đình, rối loạn mỡ máu, thoái hóa cột sống), việc tham gia bảo hiểm cần hết sức cẩn trọng và chuẩn xác ngay từ khâu kê khai y tế. Dưới góc độ chuyên môn, mình xin phân tích chi tiết từng phương án để bạn có góc nhìn rõ ràng nhất: 1. ĐÁNH GIÁ 2 PHƯƠNG ÁN BẠN ĐANG CÂN NHẮC Phương án 1: Mua BHNT cho bố + Kèm Thẻ CSSK cho bố Ưu điểm: Bố là Người được bảo hiểm chính của cả Hợp đồng Nhân thọ lẫn Thẻ sức khỏe. Hạn chế & Rủi ro lớn: Tuổi tác & Phí bảo hiểm: Ở tuổi 62, phí bảo hiểm nhân thọ cho Bên được bảo hiểm chính khá cao, trong khi thời hạn tích lũy/bảo vệ không còn dài như người trẻ. Rủi ro thẩm định y tế: Bố đã có tiền sử rối loạn tiền đình, mỡ máu, thoái hóa cột sống. Công ty bảo hiểm có thể ra quyết định tăng phí, loại trừ các bệnh liên quan đến các cơ quan này, hoặc thậm chí từ chối hợp đồng nhân thọ chính. Nếu hợp đồng chính bị từ chối, thẻ sức khỏe đính kèm cũng không thể phát hành. Phương án 2: Mua BHNT cho em + Kèm Thẻ CSSK cho bố (Khuyên dùng) Ưu điểm vượt trội: Tối ưu chi phí & Tích lũy dài hạn: Em còn trẻ, sức khỏe tốt nên phí BHNT chính rất rẻ, quyền lợi bảo vệ cao và dòng tiền tích lũy tích cực hơn rất nhiều. Em đóng vai trò là người trụ cột tài chính bảo vệ cho bố. Tách biệt rủi ro thẩm định: Hợp đồng chính của em sẽ được phát hành rất dễ dàng. Khi gắn thêm thẻ CSSK cho bố, công ty bảo hiểm chỉ thẩm định sức khỏe của bố cho riêng chiếc thẻ đó. Nếu có điều khoản loại trừ bệnh sẵn có của bố thì hợp đồng chính của em vẫn hoạt động bình thường. --> Phương án 2 là phương án tối ưu và an toàn nhất về mặt tài chính lẫn khả năng hoàn thiện hồ sơ. 2. VỀ TIỀN SỬ BỆNH CỦA BỐ VÀ MUA CỦA HÃNG NÀO? Về nguyên tắc thẩm định y tế: - Các bệnh như rối loạn tiền đình, rối loạn mỡ máu, thoái hóa cột sống đều là bệnh đã có sẵn (pre-existing conditions). - Tựu trung ở tất cả các công ty bảo hiểm (dù là AIA, Manulife, Prudential, Dai-ichi, FWDR,...), các chi phí khám/điều trị liên quan trực tiếp hoặc biến chứng từ các bệnh này khả năng cao sẽ bị loại trừ trong thời gian đầu hoặc suốt thời hạn thẻ. - Tuy nhiên, thẻ sức khỏe vẫn sẽ bảo vệ bố trước các rủi ro sức khỏe mới phát sinh khác (như tai nạn, các bệnh lý cấp tính khác không liên quan đến tiền sử...). Nên chọn hãng nào? - Không có hãng nào ""dễ"" hơn hãng nào về mặt kê khai trung thực, nhưng bạn nên ưu tiên các hãng có đặc điểm sau: - Liên kết mạng lưới Bệnh viện/Phòng khám rộng: Chọn hãng có dịch vụ Bảo lãnh viện phí tốt tại các bệnh viện lớn gần nơi bố sinh sống (như Vinmec, Thu Cúc, Hồng Ngọc, Tâm Anh, các bệnh viện công tuyến trung ương...) để bố đi khám chữa bệnh thuận tiện nhất. - Hạn mức Thẻ sức khỏe linh hoạt: Có các gói thẻ chia rõ hạn mức Nội trú/Ngoại trú riêng biệt, giúp bạn dễ lựa chọn theo ngân sách. - Thẩm định minh bạch: Chọn công ty và người tư vấn sẵn sàng hướng dẫn em kê khai y tế đầy đủ, chi tiết ngay từ đầu (nộp kèm hồ sơ bệnh án, đơn thuốc cũ nếu có) để tránh tranh chấp khi yêu cầu bồi thường sau này. - Hãy ưu tiên chọn hãng có Thẻ CSSK bảo vệ dài hạn (đến 70, 75, 80 hoặc thậm chí 100 tuổi). Rất nhiều thẻ sức khỏe trên thị trường chỉ cho phép bảo vệ/tái tục tối đa đến năm 65 hoặc 70 tuổi. Nếu chọn những thẻ này, chỉ 3-8 năm nữa là bác sẽ không còn thẻ để dùng đúng lúc tuổi già cần đến nhất. --> Bạn nên ưu tiên chọn các dòng thẻ có cam kết cho phép tái tục bảo vệ dài hiện có duy nhất AIA bảo vệ đến 100 tuổi 3. LỜI KHUYÊN CHO BẠN LÚC NÀY - Tuyệt đối trung thực kê khai y tế: Kê khai rõ ràng tiền sử rối loạn tiền đình, mỡ máu, thoái hóa cột sống. Thà bị loại trừ rõ ràng từ đầu để biết quyền lợi của mình ở đâu, còn hơn giấu bệnh rồi sau này bị từ chối chi trả. - Gom lại sổ khám bệnh/hồ sơ y tế cũ của bố: Nếu bố từng đi khám hoặc nằm viện ở đâu, bạn hãy gom lại kết quả xét nghiệm, đơn thuốc để nộp kèm khi làm hồ sơ yêu cầu bảo hiểm. Nếu bạn cần tư vấn sâu hơn về cách thiết kế gói sản phẩm theo Phương án 2 cũng như quy trình nộp hồ sơ thẩm định sức khỏe cho bố, bạn cứ nhắn mình nhé! #PT359",hoireviewbaohiem,labeled,0,Lê Thủy,https://www.facebook.com/groups/hoireviewbaohiem/posts/1745840856623238/?comment_id=1746221566585167,1,1,0,0,0,0,0,0,0,0
1746449513229039,1745840856623238,1745956163278374.0,https://www.facebook.com/groups/hoireviewbaohiem/posts/1745840856623238/,2026-09-02,Bạn mua thẻ sức khoẻ rời cho chồng ạ,hoireviewbaohiem,labeled,1,Hoang Vy,https://www.facebook.com/groups/hoireviewbaohiem/posts/1745840856623238/?comment_id=1745956163278374&reply_comment_id=1746449513229039,0,0,0,0,0,0,0,0,1,1
1746450059895651,1745840856623238,,https://www.facebook.com/groups/hoireviewbaohiem/posts/1745840856623238/,2026-09-02,"Chào bạn, tiền sử này khó mua thẻ sức khoẻ gắn với nhân thọ ạ Bạn than khảo thêm phương án mua thẻ sk rời ạ",hoireviewbaohiem,labeled,0,Hoang Vy,https://www.facebook.com/groups/hoireviewbaohiem/posts/1745840856623238/?comment_id=1746450059895651,0,0,0,0,0,0,0,0,0,0
1746478743226116,1745840856623238,1746449513229039.0,https://www.facebook.com/groups/hoireviewbaohiem/posts/1745840856623238/,2026-09-02,Đúng r b. Ck mình chỉ mua đc thẻ sk rời của cơ quan thôi.,hoireviewbaohiem,labeled,2,SincereMoose9758,https://www.facebook.com/groups/hoireviewbaohiem/posts/1745840856623238/?comment_id=1745956163278374&reply_comment_id=1746478743226116,0,0,0,0,0,0,0,0,0,0
1746655936541730,1745840856623238,,https://www.facebook.com/groups/hoireviewbaohiem/posts/1745840856623238/,2026-09-02,Quan tâm Daiichi ib mk gửi vài PA b tham khảo nhé,hoireviewbaohiem,labeled,0,Nguyễn Thị Huyền,https://www.facebook.com/groups/hoireviewbaohiem/posts/1745840856623238/?comment_id=1746655936541730,0,0,0,0,0,0,0,0,0,0
1745943679946289,1745842583289732,,https://www.facebook.com/groups/hoireviewbaohiem/posts/1745842583289732/,2026-09-01,"Áp lực làm 26 ngày/tháng + đi mưa đau đầu làm MRI bình thường thì bạn yên tâm. 100% vẫn mua được cả BHNT lẫn Thẻ Sức Khỏe bạn nhé! Vì đau nửa đầu chỉ là bệnh lý chức năng lành tính, MRI bình thường nghĩa là cấu trúc não mình hoàn toàn khỏe mạnh 💯💯 🛡️Thẻ nhà Daiichi Quỹ 1 Tỷ TÍNH RIÊNG cho từng bệnh (chữa xong bệnh này vẫn trọn 1 Tỷ cho bệnh khác). Cam kết tái tục ổn định, không bị tăng phí nếu có đi viện nhiều. 📌Và dòng sp đầu tư An Phát mới ra mắt cũng thu hút nhiều bạn trẻ vì dòng tiền sau thu về oke Bạn chụp gửi tui Giấy ra viện + Kết quả MRI, tui review sơ bộ hồ sơ y chạy thử phí chuẩn đét cho bạn xem nhé! 🌿 (0388835592)",hoireviewbaohiem,labeled,0,Diệu Hà,https://www.facebook.com/groups/hoireviewbaohiem/posts/1745842583289732/?comment_id=1745943679946289,1,1,0,0,0,0,0,0,0,0
1745944016612922,1745842583289732,,https://www.facebook.com/groups/hoireviewbaohiem/posts/1745842583289732/,2026-09-01,"Vẫn mua được bảo hiểm bạn nhé, dù là bên nào đi nữa",hoireviewbaohiem,labeled,0,Trần Hoàng Hạnh,https://www.facebook.com/groups/hoireviewbaohiem/posts/1745842583289732/?comment_id=1745944016612922,1,1,0,0,0,0,0,0,0,0
1745951283278862,1745842583289732,,https://www.facebook.com/groups/hoireviewbaohiem/posts/1745842583289732/,2026-09-01,Dạ mình chỉ điều trị 2 ngày thuốc là okie.Có chụp MRI và làm các xét nghiệm đều bth.Nên đang muốn mua BHNT và thẻ sk ạ,hoireviewbaohiem,labeled,0,Cogaivatva88,https://www.facebook.com/groups/hoireviewbaohiem/posts/1745842583289732/?comment_id=1745951283278862,0,0,0,0,0,0,0,0,2,4
1745961406611183,1745842583289732,1745951283278862.0,https://www.facebook.com/groups/hoireviewbaohiem/posts/1745842583289732/,2026-09-01,"Cogaivatva88 bạn gửi hồ sơ mình xem cho nhé. Khả năng cao là bạn vẫn mua được bên AIA. Ngoài tình trạng bạn đang hỏi, nếu bạn có những hồ sơ sức khoẻ khác, mình cũng xem và dự đoán cho bạn về khả năng tham gia nhé. Bạn có thể inbox hoặc zalo (0776457460) cho Ninh để Ninh xem hồ sơ và tư vấn cho bạn phương án phù hợp nhé. #CC11",hoireviewbaohiem,labeled,1,Vũ Ninh,https://www.facebook.com/groups/hoireviewbaohiem/posts/1745842583289732/?comment_id=1745951283278862&reply_comment_id=1745961406611183,1,0,1,0,0,0,0,0,2,2
1745965323277458,1745842583289732,,https://www.facebook.com/groups/hoireviewbaohiem/posts/1745842583289732/,2026-09-01,"Bạn đang mua được tất cả các bên, ib mình tư vấn Generali tháng này Gen đang tặng bạn 20% phí thẻ SK nha #CC12 - 𝐊𝐡𝐚́𝐧𝐡 𝐇𝐚̀ 𝐁𝐚̉𝐨 𝐡𝐢𝐞̂̉𝐦 | 𝐁𝐚̉𝐨 𝐡𝐢𝐞̂̉𝐦 𝐆𝐞𝐧𝐞𝐫𝐚𝐥𝐢 - 𝑪𝒉𝒂̆𝒎 𝒔𝒐́𝒄 & đ𝒐̂̀𝒏𝒈 𝒉𝒂̀𝒏𝒉 𝒌𝒉𝒂́𝒄𝒉 𝒉𝒂̀𝒏𝒈 𝒕𝒓𝒆̂𝒏 𝒕𝒐𝒂̀𝒏 𝒒𝒖𝒐̂́𝒄 📞 09.686.739.7️⃣6️⃣",hoireviewbaohiem,labeled,0,Khánh Hà Generali,https://www.facebook.com/groups/hoireviewbaohiem/posts/1745842583289732/?comment_id=1745965323277458,0,0,0,0,0,0,0,0,0,0
1745971873276803,1745842583289732,,https://www.facebook.com/groups/hoireviewbaohiem/posts/1745842583289732/,2026-09-01,B up hsyt vừa nằm viện và toàn bộ hsyt có thể là vssid để tư vấn rõ và chính xác hơn cho b nhé. Che thông tin cá nhân lại b ạ.,hoireviewbaohiem,labeled,0,Trần Thị Ngọc Ánh,https://www.facebook.com/groups/hoireviewbaohiem/posts/1745842583289732/?comment_id=1745971873276803,1,1,0,0,0,0,0,0,1,3
1745975963276394,1745842583289732,1745951283278862.0,https://www.facebook.com/groups/hoireviewbaohiem/posts/1745842583289732/,2026-09-01,"Cogaivatva88 Thảo có vài trường hợp tương tự vẫn mua được bảo hiểm bạn nhé! Sun Life với thẻ Sống Chất 2.0 là thẻ duy nhất trên thị trường hiện nay hội đủ 3 yếu tố quan trọng nhất: ☀️ Tái tục ổn định đ𝗲̂́𝗻 𝟴𝟱 𝘁𝘂𝗼̂̉𝗶 với tất cả quyền lợi Nội trú / Ngoại trú / Nha khoa ☀️ 𝗞𝗵𝗼̂𝗻𝗴 đ𝗼̂̀𝗻𝗴 𝗰𝗵𝗶 𝘁𝗿𝗮̉ với mọi lứa tuổi khi điều trị tại bất kỳ Bv công hay tư nhân. ☀️ 𝗞𝗵𝗼̂𝗻𝗴 𝘁𝗮́𝗶 𝘁𝗵𝗮̂̉𝗺 đ𝗶̣𝗻𝗵 sức khỏe hàng năm. 𝗞𝗵𝗼̂𝗻𝗴 𝘁𝗮̆𝗻𝗴 𝗽𝗵𝗶́ theo lịch sử bồi thường Mình là Minh Thảo - chuyên viên quản lý khách hàng cao cấp của Sun Life Vietnam, bạn inbox hoặc zalo 0901836335 Thảo tư vấn chi tiết gói bảo hiểm phù hợp cho mình nhen 🤗 Cảm ơn bạn! #GDC7",hoireviewbaohiem,labeled,1,Nguyen Minh Thao,https://www.facebook.com/groups/hoireviewbaohiem/posts/1745842583289732/?comment_id=1745951283278862&reply_comment_id=1745975963276394,1,0,1,0,0,0,0,0,0,0
1745985416608782,1745842583289732,,https://www.facebook.com/groups/hoireviewbaohiem/posts/1745842583289732/,2026-09-01,"Chào bạn. Mình mới làm 1 ca KH stress cv. Có tất cả các kqua xn và MRI tại thời điểm nằm viện. Daiichi bve full k tăng phí hay loại trừ. Giấy tờ chuẩn đoán: đau đầu, rối loạn giấc ngủ, .. Bạn tham khảo thử thẻ cssk nhà Daiichi nha. #TVTH898",hoireviewbaohiem,labeled,0,Cao Thị Linh,https://www.facebook.com/groups/hoireviewbaohiem/posts/1745842583289732/?comment_id=1745985416608782,1,1,0,0,0,0,0,0,0,0
1745991493274841,1745842583289732,1745971873276803.0,https://www.facebook.com/groups/hoireviewbaohiem/posts/1745842583289732/,2026-09-01,"Trần Thị Ngọc Ánh dạ vậy tốt quá ạ.Vì vừa rồi em tự chi trả tiền chụp và nằm viện.Thấy mọi ng có thẻ sức khoẻ được chi trả tốt quá ạ. Nên muốn tham khảo bên nào có BHNT và thẻ ổn ạ. Em trước tham gia rất nhiều bên nhân thọ,vì biến cố gia đình rút trước hết.Mới mua lại bên Cathay được 2 năm mà k có kèm thẻ.Được gthieu vào nhóm và muốn tham khảo cả BHNT và thẻ cùng hãng cho tiện ạ",hoireviewbaohiem,labeled,1,Cogaivatva88,https://www.facebook.com/groups/hoireviewbaohiem/posts/1745842583289732/?comment_id=1745971873276803&reply_comment_id=1745991493274841,0,0,0,0,0,0,0,0,2,2
1745992746608049,1745842583289732,1745961406611183.0,https://www.facebook.com/groups/hoireviewbaohiem/posts/1745842583289732/,2026-09-01,Vũ Ninh vì em mới ra viện từ đầu t8 mua giờ có bị loại trừ không ạ?,hoireviewbaohiem,labeled,2,Cogaivatva88,https://www.facebook.com/groups/hoireviewbaohiem/posts/1745842583289732/?comment_id=1745951283278862&reply_comment_id=1745992746608049,0,0,0,0,0,0,0,0,0,0
1745997123274278,1745842583289732,1745992746608049.0,https://www.facebook.com/groups/hoireviewbaohiem/posts/1745842583289732/,2026-09-01,"Cogaivatva88 mình cần xem chẩn đoán chính xác, đơn thuốc điều trị và số lần bạn từng bị mới có thể đưa ra dự đoán sát nhất.",hoireviewbaohiem,labeled,2,Vũ Ninh,https://www.facebook.com/groups/hoireviewbaohiem/posts/1745842583289732/?comment_id=1745951283278862&reply_comment_id=1745997123274278,0,0,0,0,0,0,0,0,0,0
1745998536607470,1745842583289732,,https://www.facebook.com/groups/hoireviewbaohiem/posts/1745842583289732/,2026-09-01,"Khi lên hđ giải trình kèm các chứng cứ chứng minh mình phải tăng ca làm liên tục nó sẽ lợi cho hồ sơ kèm với kết quả MRI ko bị j sẽ lợi cho thẩm định Gen thẩm định nhẹ top đầu ngành bạn tham khảo thử nha Khách hàng nào cần tư vấn Gen nhắn Hoa nha, Hoa là Tư vấn viên Tinh hoa của nhóm, Hoa làm bh 9 năm toàn thời gian, tư vấn dễ hiểu online hoặc offline đều oki Nghiệp vụ bảo hiểm chắc đảm bảo khai thác thông tin kê khai đầu vào kĩ, sau bán đồng hành 24/7 mọi lúc. Cần hỗ trợ nhắn zalo 0352694726 Hoa ah #TVTH726_HoaNguyen_Generali",hoireviewbaohiem,labeled,0,Hoa Nguyen,https://www.facebook.com/groups/hoireviewbaohiem/posts/1745842583289732/?comment_id=1745998536607470,0,0,0,0,0,0,0,0,2,5
1746002499940407,1745842583289732,,https://www.facebook.com/groups/hoireviewbaohiem/posts/1745842583289732/,2026-09-01,"Hi em, c tên Vân, zalo 0867797007, TVV BH AIA, Vân ở Saigon, ký và chăm sóc KH toàn quốc. 👉Kênkhai rõ ràng nhuyên nhân, nếu có hẹn tái khám thì bổ sung giấy tờ kết quả tái khám gần nhất. Gửi hồ sơ SK qua xem cụ thể sẽ tư vấn rõ hơn. Nếu chỉ là cấp tính có nguyên nhân rõ ràng thì khả năng không loại vẫn có. ❤️ Hiện tại thẻ SK các hãng đều có giới hạn phụ cho số tiền khi điều trị có pthuat/ko pthuat TRỪ AIA KHÔING BỊ GIỚI HẠN PHỤ NÀY. Và điều trị cấp cứu chỉ chi trả cho Tai Nạn, không chi trả do bệnh, TRỪ AIA. 👉 Mỗi hãng sẽ có một số điểm mạnh riêng và hạn chế riêng, nhưng để an tâm khi không may cần đến mà đc xài kịch nóc hạn mức mua và còn đc mỗi năm tặng thêm 100% hạn mức thì bạn cân nhắc AIA nhen. ❤️AIA tuổi tham gia 30 ngày tuổi đến 70 tuổi: hiệu lực đến 100 tuổi. ❤️Thẻ SK AIA cần Mua kèm BHNT: - Phí BHNT 5-8 trieu thì mua thêm đc thẻ sk cơ bản có tiền giường 850k/ngày, hạn mức tối đa 300 triệu/ năm, / nâng cao tiền giuong 2 trieu/ ngày, hạn mức tối đa 700 triệu/năm (chưa tính phí thẻ) - phí BHNT 10 trieu thì mua thêm đc thẻ cb, NC và toàn diện tiền giuong 3 trieu/ngày, hạn mức tối đa 1.4 tỷ/năm kèm free thai sản 25 trieu, (chưa tính phí thẻ) - phí bhnt 15 triệu thì mua đc Hoàn hảo và các thẻ khác (chưa tính phí thẻ, Hoàn hảo tiền giường 5.5 trieu/ngày, hạn mức tối đa 2.4 tỷ/năm Mỗi cty sẽ có điểm mạnh riêng Chủ yếu bạn ưu tiên điều gì và TVV bạn gặp có tư vấn đúng,đủ và thiết kế phương án phù hợp nhu cầu,tài chính của mình không nếu bạn xác định ƯU TIÊN VỀ VIEC CTY NÀO CHI TRẢ TỐI ĐA CHI PHÍ TẠI BVIEN MÀ KHÔNG BỊ GIỚI HẠN SỐ TIỀN/ĐỢT ĐIỀU TRỊ CÓ PHẪU THUẬT,KHÔNG PHẪU THUẬT BAO GỒM UT, THỦ THUẬT TRONG NGÀY THÌ THAM KHẢO AIA. ♥️ Về thẻ sức khoẻ Trọn Đời (hiệu lực đến sinh nhật 100 tuổi) 🍀 AIA CHI TRẢ 100% HẠN MỨC THẺ SỨC KHOẺ NỘI TRÚ MÀ KHÔNG GIỚI HẠN PHỤ CHO ĐIỀU TRỊ CÓ PHẪU THUẬT/KHÔNG CÓ PHẪU THUẬT 🍀NHÂN ĐÔI HẠNG MỨC THẺ HÀNG NĂM KHI ĐIỀU TRỊ NỘI TRÚ TẠI BV CÔNG (KỂ CẢ KHOA QUỐC TẾ) thay vì chỉ nhân đôi 1 lần cho điều trị UT,đột quỵ,nhồi máu cơ tim. 💢NHÂN ĐÔI HẠN MỨC HÀNG NĂM,HÀNG NĂM NHA 🍀AIA KHÔNG GIỚI HẠN SỐ NGÀY NẰM VIỆN THEO BỆNH.(Chỉ có hạn mức là Tối đa 100 ngày/năm) 🍀 THẺ NỘI TRÚ CHI TRẢ CHO ĐIỀU TRỊ UT bao gồm cả TRONG NGÀY và cho cả thuốc sinh học (không giới hạn chỉ tiêm và truyền) Cùng nhiều quyền lợi khác như THỦ THUẬT,PHẪU THUẬT TRONG NGÀY ĐÃ KÈM VÀO THẺ NỘI TRÚ. ✅ Hỗ trợ chi phí nằm viện tích hợp trong thẻ sức khoẻ 🔥TELEDOC THAM VẤN VÀ ĐỒNG HÀNH CÙNG KH KHI GẶP BIẾN CỐ VỀ SK, ĐẶC BIỆT BHN,UT LÀ ĐIỂM HIẾM CÓ TRÊN THỊ TRƯỜNG, ĐƯỢC TẶNG KÈM KHI THAM GIA BHSK AIA (đội ngũ chuyên gia và bác sĩ đa quốc gia) Nếu bạn quan tâm khi biến cố đến, sp nào chi trả tối đa cho mình thì có thể ib zalo 0867797007, mình chia sẻ thêm, rồi bạn cân nhắc lựa chọn bên phù hợp. MUA BH LÀ AN TÂM, KHÔNG NÊN LÀ GÁNH NẶNG SAU NÀY #AIA #gdb33",hoireviewbaohiem,labeled,0,Pig Kute,https://www.facebook.com/groups/hoireviewbaohiem/posts/1745842583289732/?comment_id=1746002499940407,0,0,0,0,0,0,0,0,0,0
1746006596606664,1745842583289732,1745998536607470.0,https://www.facebook.com/groups/hoireviewbaohiem/posts/1745842583289732/,2026-09-01,Hoa Nguyen dạ mình có phần mềm amis những ngày đi làm.Đi viện về làm 1 lèo 15 ngày k nghỉ ạ :),hoireviewbaohiem,labeled,1,Cogaivatva88,https://www.facebook.com/groups/hoireviewbaohiem/posts/1745842583289732/?comment_id=1745998536607470&reply_comment_id=1746006596606664,0,0,0,0,0,0,0,0,1,1
1746008183273172,1745842583289732,,https://www.facebook.com/groups/hoireviewbaohiem/posts/1745842583289732/,2026-09-01,Em K up đc ảnh lên bài.Em xin phép up dưới cm ạ,hoireviewbaohiem,labeled,0,Cogaivatva88,https://www.facebook.com/groups/hoireviewbaohiem/posts/1745842583289732/?comment_id=1746008183273172,0,0,0,0,0,0,0,0,0,0
1746008613273129,1745842583289732,,https://www.facebook.com/groups/hoireviewbaohiem/posts/1745842583289732/,2026-09-01,Bs kê thuốc về mà hơn nửa tháng em k dùng 1 viên nào ạ :)),hoireviewbaohiem,labeled,0,Cogaivatva88,https://www.facebook.com/groups/hoireviewbaohiem/posts/1745842583289732/?comment_id=1746008613273129,0,0,0,0,0,0,0,0,0,0
1746008676606456,1745842583289732,,https://www.facebook.com/groups/hoireviewbaohiem/posts/1745842583289732/,2026-09-01,Chỉ dùng 4 ngày ở viện ạ,hoireviewbaohiem,labeled,0,Cogaivatva88,https://www.facebook.com/groups/hoireviewbaohiem/posts/1745842583289732/?comment_id=1746008676606456,0,0,0,0,0,0,0,0,0,0
1746020906605233,1745842583289732,1746006596606664.0,https://www.facebook.com/groups/hoireviewbaohiem/posts/1745842583289732/,2026-09-01,Cogaivatva88 đính kèm cả nhé,hoireviewbaohiem,labeled,2,Hoa Nguyen,https://www.facebook.com/groups/hoireviewbaohiem/posts/1745842583289732/?comment_id=1745998536607470&reply_comment_id=1746020906605233,0,0,0,0,0,0,0,0,0,0
1746021623271828,1745842583289732,1745998536607470.0,https://www.facebook.com/groups/hoireviewbaohiem/posts/1745842583289732/,2026-09-01,"Kiểu quá giới hanh chịu đựng của skhoe thì sẽ bị, nhưng nếu vẫn tiếp tục cv như vậy thì cty cũng chưa chắc cấp vì nguy cơ dài hạn là có nha",hoireviewbaohiem,labeled,1,Hoa Nguyen,https://www.facebook.com/groups/hoireviewbaohiem/posts/1745842583289732/?comment_id=1745998536607470&reply_comment_id=1746021623271828,0,0,0,0,0,0,0,0,2,2
1746023916604932,1745842583289732,1746021623271828.0,https://www.facebook.com/groups/hoireviewbaohiem/posts/1745842583289732/,2026-09-01,Hoa Nguyen dạ đợt vừa rồi thôi ạ.Vì chuyển đổi số nên từ đầu năm (6 tháng) cần tập trung nhiều ạ.Còn giờ nhân lực có đủ và cv lại ổn rồi nên sắp được làm chill chill rồi ạ :),hoireviewbaohiem,labeled,2,Cogaivatva88,https://www.facebook.com/groups/hoireviewbaohiem/posts/1745842583289732/?comment_id=1745998536607470&reply_comment_id=1746023916604932,0,0,0,0,0,0,0,0,0,0
1746030753270915,1745842583289732,1746023916604932.0,https://www.facebook.com/groups/hoireviewbaohiem/posts/1745842583289732/,2026-09-01,Cogaivatva88 đính kèm cả lịch hiện tại,hoireviewbaohiem,labeled,2,Hoa Nguyen,https://www.facebook.com/groups/hoireviewbaohiem/posts/1745842583289732/?comment_id=1745998536607470&reply_comment_id=1746030753270915,0,0,0,0,0,0,0,0,0,0
1746043783269612,1745842583289732,,https://www.facebook.com/groups/hoireviewbaohiem/posts/1745842583289732/,2026-09-01,Nếu MRI bình thường thì ok b nhé. B tham khảo Daiichi ib m tv nhé #gdd3 Ms Hường 0979127596,hoireviewbaohiem,labeled,0,Hường Phạm,https://www.facebook.com/groups/hoireviewbaohiem/posts/1745842583289732/?comment_id=1746043783269612,0,0,0,0,0,0,0,0,1,1
1746059169934740,1745842583289732,1746043783269612.0,https://www.facebook.com/groups/hoireviewbaohiem/posts/1745842583289732/,2026-09-01,Hường Phạm mình có up ảnh kết quả bạn xem giúp mình nhé ạ.Mình cảm ơn ạ,hoireviewbaohiem,labeled,1,Cogaivatva88,https://www.facebook.com/groups/hoireviewbaohiem/posts/1745842583289732/?comment_id=1746043783269612&reply_comment_id=1746059169934740,0,0,0,0,0,0,0,0,0,0
1746061146601209,1745842583289732,,https://www.facebook.com/groups/hoireviewbaohiem/posts/1745842583289732/,2026-09-01,"Trường hợp của bạn hoàn toàn có khả năng mua được BHNT và thẻ sức khỏe. Kết quả MRI bình thường là điểm cộng lớn. Tham khảo thẻ Sống Chất của Sun Life để được bảo vệ y tế toàn diện, tái tục ổn định dài hạn nhé! #TVTH330",hoireviewbaohiem,labeled,0,Nguyễn Thị Kim Ngân,https://www.facebook.com/groups/hoireviewbaohiem/posts/1745842583289732/?comment_id=1746061146601209,0,0,0,0,0,0,0,0,0,0
1746092839931373,1745842583289732,,https://www.facebook.com/groups/hoireviewbaohiem/posts/1745842583289732/,2026-09-01,"Tham gia được em nhé, ib chị hỗ trợ tư vấn em sao cho phù hợp nhất.",hoireviewbaohiem,labeled,0,Ngô Thị Thu Thủy,https://www.facebook.com/groups/hoireviewbaohiem/posts/1745842583289732/?comment_id=1746092839931373,0,0,0,0,0,0,0,0,0,0
1746102479930409,1745842583289732,,https://www.facebook.com/groups/hoireviewbaohiem/posts/1745842583289732/,2026-09-01,"Nam 2024, Con mình cũng kêu đau đầu, cũng chụp MRI kết quả ko sao, ko nằm viện, bs chỉ cho thuốc bổ não..nhưng năm 2026 mua Man bị loại trừ thẻ sk và dự phòng xanh.. Còn mua thẻ sk của Aia thì ko bán",hoireviewbaohiem,labeled,0,MemorableLlama2617,https://www.facebook.com/groups/hoireviewbaohiem/posts/1745842583289732/?comment_id=1746102479930409,0,0,0,0,0,0,0,0,2,2
1746108096596514,1745842583289732,1746102479930409.0,https://www.facebook.com/groups/hoireviewbaohiem/posts/1745842583289732/,2026-09-01,MemorableLlama2617 mình thấy mấy bạn TVV bảo đc.Nên mình đang hỏi xem tham gia được không?Loại trừ k hay phải chờ bao lâu được mua ạ,hoireviewbaohiem,labeled,1,Cogaivatva88,https://www.facebook.com/groups/hoireviewbaohiem/posts/1745842583289732/?comment_id=1746102479930409&reply_comment_id=1746108096596514,1,1,0,0,0,0,0,0,0,0
1746138593260131,1745842583289732,1746102479930409.0,https://www.facebook.com/groups/hoireviewbaohiem/posts/1745842583289732/,2026-09-01,Con mình cũng sau 2 năm mới mua BH vẫn loại trừ..còn ko biết bao lâu dc thẩm định lại í..b cứ thử mua xem tn,hoireviewbaohiem,labeled,1,MemorableLlama2617,https://www.facebook.com/groups/hoireviewbaohiem/posts/1745842583289732/?comment_id=1746102479930409&reply_comment_id=1746138593260131,1,1,0,0,0,0,0,0,0,0
1746147429925914,1745842583289732,,https://www.facebook.com/groups/hoireviewbaohiem/posts/1745842583289732/,2026-09-01,"Nộp đầy đủ hồ sơ và tvv sẽ làm giải trình lên cty xem có mua được không chị nha. Sẽ có 1 bộ phận thẩm định xem xét còn tvv k có quyền nói là đc hay k được, nhiệm vụ là hỗ trợ khách hàng làm hồ sơ rõ ràng, đầy đủ để khách nhận quyền lợi đúng, đủ, nhanh chóng.",hoireviewbaohiem,labeled,0,Trần Thị Thanh Mai,https://www.facebook.com/groups/hoireviewbaohiem/posts/1745842583289732/?comment_id=1746147429925914,1,0,1,0,0,0,0,0,2,3
1746149473259043,1745842583289732,1746147429925914.0,https://www.facebook.com/groups/hoireviewbaohiem/posts/1745842583289732/,2026-09-01,Trần Thị Thanh Mai đúng câu trả lời mình cần ạ.Mình cảm ơn nhiều ạ❤️,hoireviewbaohiem,labeled,1,Cogaivatva88,https://www.facebook.com/groups/hoireviewbaohiem/posts/1745842583289732/?comment_id=1746147429925914&reply_comment_id=1746149473259043,1,0,1,0,0,0,0,0,1,1
1746155686591755,1745842583289732,1746149473259043.0,https://www.facebook.com/groups/hoireviewbaohiem/posts/1745842583289732/,2026-09-01,"Cogaivatva88 Cám ơn bạn, nghe được phản hồi của bạn vui quá. Chúc bạn nghỉ lễ thảnh thơi, mau hồi mana nhé.",hoireviewbaohiem,labeled,2,Trần Thị Thanh Mai,https://www.facebook.com/groups/hoireviewbaohiem/posts/1745842583289732/?comment_id=1746147429925914&reply_comment_id=1746155686591755,0,0,0,0,0,0,0,0,0,0
1746171163256874,1745842583289732,1746147429925914.0,https://www.facebook.com/groups/hoireviewbaohiem/posts/1745842583289732/,2026-09-01,Dạ cảm ơn Bạn nhiều ạ❤️,hoireviewbaohiem,labeled,1,Cogaivatva88,https://www.facebook.com/groups/hoireviewbaohiem/posts/1745842583289732/?comment_id=1746147429925914&reply_comment_id=1746171163256874,0,0,0,0,0,0,0,0,0,0
1746199113254079,1745842583289732,,https://www.facebook.com/groups/hoireviewbaohiem/posts/1745842583289732/,2026-09-01,"Chào anh/chị, Trường hợp của anh/chị hoàn toàn có thể gửi hồ sơ yêu cầu tham gia Bảo hiểm Nhân thọ và Thẻ Sức khỏe, tuy nhiên thẩm định của các công ty bảo hiểm sẽ phụ thuộc vào việc kê khai chi tiết và hồ sơ y tế thực tế. Dưới đây là đánh giá chi tiết và các lưu ý quan trọng: 1. Khả năng tham gia bảo hiểm - Kết quả chụp MRI bình thường (Âm tính): Đây là một điểm cộng rất lớn. Kết quả này chứng minh đau đầu không đến từ các tổn thương thực thể nguy hiểm ở não (như khối u, dị dạng mạch máu...). - Bảo hiểm Nhân thọ (Sản phẩm chính - Quyền lợi tử vong/Sức khỏe/Bệnh lý nghiêm trọng): Khả năng được chấp thuận bảo vệ rất cao (có thể theo phí chuẩn hoặc tăng phí nhẹ tùy công ty/lịch sử tái phát), do nguyên nhân ban đầu được xác định là stress, làm việc quá sức và dính mưa. - Thẻ chăm sóc sức khỏe (Sản phẩm phụ - Chi trả nằm viện, ngoại trú): Bác sĩ đã chẩn đoán chính thức khi xuất viện là ""Bệnh đau nửa đầu trái"" (Migraine). Vì tình trạng này đã phát sinh và có hồ sơ nằm viện điều trị trước thời điểm nộp hồ sơ bảo hiểm, công ty bảo hiểm nhiều khả năng sẽ áp dụng ĐIỀU KHOẢN LOẠI TRỪ. Nghĩa là: Công ty vẫn cấp Thẻ sức khỏe để bảo vệ anh/chị trước các bệnh lý/tai nạn khác trong tương lai, nhưng sẽ loại trừ không chi trả cho các chi phí điều trị liên quan đến bệnh đau nửa đầu, đau đầu mạn tính hoặc các biến chứng thần kinh liên quan. 2. Các bước quan trọng khi làm hồ sơ tham gia Để đảm bảo hợp đồng có hiệu lực pháp lý vững chắc và không bị tranh chấp bồi thường sau này, anh/chị cần lưu ý: - Kê khai trung thực 100% trên Hồ sơ yêu cầu bảo hiểm: - Khai rõ tiền sử: Đau đầu, nằm viện theo dõi 4 ngày, chẩn đoán đau nửa đầu trái, kết quả MRI não bình thường. - Tuyệt đối không giấu thông tin này vì lịch sử nằm viện đã lưu trên hệ thống y tế/BHXH. - Chuẩn bị đầy đủ Hồ sơ Y tế nộp kèm: + Trích sao Bệnh án / Giấy ra viện (ghi rõ 4 ngày nằm viện). + Báo cáo/Kết quả chụp MRI não. + Đơn thuốc (nếu có). - Thẩm định sức khỏe: Sau khi nộp hồ sơ, phòng thẩm định của công ty bảo hiểm có thể mời anh/chị đi khám chỉ định (chi phí do công ty bảo hiểm trả) hoặc yêu cầu cung cấp thêm thông tin để ra quyết định cuối cùng. 3. Đề xuất hãng bảo hiểm Hầu hết các công ty bảo hiểm nhân thọ lớn trên thị trường (như AIA, Dai-ichi, Manulife, Prudential, Generali...) đều tiếp nhận trường hợp này. Anh/chị nhắn em hỗ trợ làm hồ sơ nộp công ty thẩm định xem kết quả cụ thể nhé ạ #PT359",hoireviewbaohiem,labeled,0,Lê Thủy,https://www.facebook.com/groups/hoireviewbaohiem/posts/1745842583289732/?comment_id=1746199113254079,1,0,1,0,0,0,0,0,0,0
1746247446582579,1745842583289732,,https://www.facebook.com/groups/hoireviewbaohiem/posts/1745842583289732/,2026-09-01,Chị gửi giấy tờ e xem trước nhé rồi mới có hướng giải quyết cụ thể ạ. Rất mong nhận được tin nhắn của chị,hoireviewbaohiem,labeled,0,Hien Anh,https://www.facebook.com/groups/hoireviewbaohiem/posts/1745842583289732/?comment_id=1746247446582579,0,0,0,0,0,0,0,0,0,0
1746480529892604,1745842583289732,1745991493274841.0,https://www.facebook.com/groups/hoireviewbaohiem/posts/1745842583289732/,2026-09-02,"Hiện trên thị trường có hơn 18 cty BHNT , mỗi cty có ưu nhược điểm khác nhau nên mình nghĩ b dành 1 chút thời gian để đọc các thông tin về các cty Bh trên hội nhóm và chọn ra 3 cái tên cty bh. Sau đó lại tàu ngầm tiếp chọn ra 3 tvv mà b cảm thấy yên tâm về nghiệp vụ Bh cũng như trách nhiệm làm nghề để nghe tư vấn sản phẩm. Bộ quần áo nhìn thấy đẹp nhưng phải thật sự phù hợp với b, khiến b tự tin thoải mái nhất thì bộ quần áo đó mới thật sự phát huy tác dụng khi mình cần. Nếu b thiên về thẻ sức khỏe để chi trả ốm đau tai nạn thì Generali là 1 cái tên đáng để bạn lưu tâm và tìm hiểu. Nếu b muốn nghe tư vấn đúng - đủ - minh bạch về sản phẩm Generali thì b inb mình nhé. B có thể check uy tín làm Bh của mình trên nhóm này để yên tâm nha. Chúc b có kỳ nghỉ lễ thật vui 💓",hoireviewbaohiem,labeled,2,Trần Thị Ngọc Ánh,https://www.facebook.com/groups/hoireviewbaohiem/posts/1745842583289732/?comment_id=1745971873276803&reply_comment_id=1746480529892604,1,0,1,0,0,0,0,0,0,0
1746482286559095,1745842583289732,,https://www.facebook.com/groups/hoireviewbaohiem/posts/1745842583289732/,2026-09-02,"Trường hợp này vẫn có thể tham khảo BHNT và thẻ chăm sóc sức khỏe Dai-ichi Life nhé ạ. Do em mới nằm viện 4 ngày với chẩn đoán đau nửa đầu trái, dù kết quả MRI không bất thường thì vẫn cần khai báo trung thực và thẩm định y khoa. Tùy kết quả thẩm định có thể được duyệt bình thường hoặc kèm điều kiện/loại trừ liên quan. 📌 Em gửi giấy ra viện + kết quả MRI, anh có thể hỗ trợ xem trước hồ sơ và tư vấn phương án phù hợp. 📞 0963 76 75 50 – Dai-ichi Life",hoireviewbaohiem,labeled,0,Dương Hải,https://www.facebook.com/groups/hoireviewbaohiem/posts/1745842583289732/?comment_id=1746482286559095,0,0,0,0,0,0,0,0,0,0
1746499059890751,1745842583289732,1746480529892604.0,https://www.facebook.com/groups/hoireviewbaohiem/posts/1745842583289732/,2026-09-02,Trần Thị Ngọc Ánh dạ em cảm ơn chị ạ❤️,hoireviewbaohiem,labeled,2,Cogaivatva88,https://www.facebook.com/groups/hoireviewbaohiem/posts/1745842583289732/?comment_id=1745971873276803&reply_comment_id=1746499059890751,0,0,0,0,0,0,0,0,0,0
1745933699947287,1745849573289033,,https://www.facebook.com/groups/hoireviewbaohiem/posts/1745849573289033/,2026-09-01,Thấy man ít người xài thẻ hay sao ấy,hoireviewbaohiem,labeled,0,RelaxingJackfruit2366,https://www.facebook.com/groups/hoireviewbaohiem/posts/1745849573289033/?comment_id=1745933699947287,0,0,0,0,0,0,0,0,1,1
1745940906613233,1745849573289033,,https://www.facebook.com/groups/hoireviewbaohiem/posts/1745849573289033/,2026-09-01,"Hi bạn Mình là tvv Manulife và công tâm mà nói thì xét riêng thẻ Man không mạnh bằng một số bên khác, tuy nhiên nếu cân nhắc về giải pháp toàn diện từ bảo vệ sức khỏe, bệnh h.nghèo, tai nạn, và đặc biệt là dòng tiền, thì Man lại rất có lợi thế nha.",hoireviewbaohiem,labeled,0,Trần Thị Minh Châu,https://www.facebook.com/groups/hoireviewbaohiem/posts/1745849573289033/?comment_id=1745940906613233,1,1,0,0,0,0,0,0,0,0
1745976953276295,1745849573289033,,https://www.facebook.com/groups/hoireviewbaohiem/posts/1745849573289033/,2026-09-01,"Chào em, tiêu chí quan trọng nhất khi chọn thẻ sức khỏe cho em bé với chị là thời gian chờ, mức đồng chi trả và tái tục ổn định. Với bé dưới 6 tuổi thì nhà Man đang ko tối ưu lắm, em có thể tìm hiểu thêm Sun Life nha, bên này không đồng chi trả với trẻ em, trả 100% phạm vi bảo hiểm dù BV công lập hay tư nhân. Đây cũng là bên hiếm hoi có trả cho các chi phí xét nghiệm âm tính tầm soát, kể cả vitamin/ thuốc bổ. Bảo lãnh viện phí toàn quốc, claim hoàn toàn qua app, tái tục ổn định và cam kết giảm phí bảo hiểm hàng năm theo tuổi của bé siêu có lợi luôn. Thảo nghĩ rằng việc tìm hiểu nhiều hơn giúp mình càng vững tin hơn vào sự lựa chọn của mình. Chị là Minh Thảo - chuyên viên quản lý khách hàng cao cấp của Sun Life Vietnam, em inbox hoặc zalo 0901836335 Thảo tư vấn chi tiết gói bảo hiểm phù hợp cho bé nhen 🤗 Cảm ơn em! #GDC7",hoireviewbaohiem,labeled,0,Nguyen Minh Thao,https://www.facebook.com/groups/hoireviewbaohiem/posts/1745849573289033/?comment_id=1745976953276295,0,0,0,0,0,0,0,0,0,0
1746017609938896,1745849573289033,,https://www.facebook.com/groups/hoireviewbaohiem/posts/1745849573289033/,2026-09-01,"Hi em, c tên Vân, zalo 0867797007 Hải Vân, TVV Bh AIA, c ở SG. ❤️ Hiện tại các thẻ SK đều có giới hạn phụ/ đợt điều trị có pthuat/ko pthuat/ thủ thuật hay điều trị UT trong ngày NHƯNG AIA THÌ KHÔNG BỊ VẤN ĐỀ NÀY. Nếu tài chính có thể tách riêng cho con thì tốt hơn vì kèm chung tuy có tiết kiệm phần phí BhNt nhưng sẽ dễ bị rủi ro khi HD của Ba/Mẹ không may mất hiệu lực thì con sẽ bị dừng theo. 👉em cân nhắc thêm lựa chọn AIA cho bé vì: 🍀 0-4 tuổi thì AIA chi trả 100% tại bv công (kể cả khoa qte,dvu), riêng bv tư thì 80/20. 🍀 5 tuổi trở lên là chi trả 100% nha. ✅ Tuổi tham gia: 30 ngày tuổi-70 tuổi (mua dc cho Ba Mẹ dù đã lớn tuổi) ✅ Tuổi hiệu lực: đến 100 tuổi. 🍀 Chi trả 100% chi phí điều trị, KHÔNG BỊ GIỚI HẠN SỐ TIỀN XX KHI CÓ PHẪU THUẬT HAY KHÔNG. 🍀 Chi trả 100% chi phí thủ thuật, pthuat trong ngày,không nhập viện qua đêm mà không cần mua ngoại trú (đc tính vào quyền lợi nội trú và trả max 100% hạn mức thẻ).(hầu hết các cty khác sẽ có gioi hạn phụ và ko chi trả thủ thuật trong ngày) 🍀 Chi trả 100% chi phí điều trị UT,BHN,bao gồm hoá,xạ,biện pháp trúng đích mà KHÔNG BỊ GIỚI HẠN SỐ TIỀN/ĐỢT ĐIỀU TRỊ VÀ KHÔNG CẦN NHẬP VIỆN QUA ĐÊM,miễn trong hạn mức thẻ. ✅ AIA chi trả điều trị cấp cứu do TN và BỆNH (hiện tại đa số các cty đang chỉ trả do Tai Nạn) 💢 TẶNG THÊM 100% HẠN MỨC THẺ KHI DÙNG TẠI BV CÔNG (BAO GỒM CẢ KHOA DVU VÀ KHOA QTE) - hiện các cty không có phần này HÀNG NĂM 👉 việc phù hợp hay không thì em có thể chọn 1 TVV AIA và 1 TVV cty bạn, nghe tư vấn kỹ trước. 👉Phí BHNT của AIa thì 5-8 trieu/năm chưa tính phí thẻ SK là có thể mua đc gói cơ bản hoặc nâng cao (tầm 12-15 trieu/năm cho tổng phí) ❣️ Nếu có quan tâm, có thể thoải mái ib hỏi Vân, mua hay ko tính sau,hiểu trước rồi cân nhắc. Mua BH là an tâm dài lâu, không nên là gánh nặng mai sau #gdb33 #AIA",hoireviewbaohiem,labeled,0,Pig Kute,https://www.facebook.com/groups/hoireviewbaohiem/posts/1745849573289033/?comment_id=1746017609938896,0,0,0,0,0,0,0,0,0,0
1746063663267624,1745849573289033,,https://www.facebook.com/groups/hoireviewbaohiem/posts/1745849573289033/,2026-09-01,"Thẻ Sun Life bảo lãnh viện phí trực tiếp tại Vinmec, Nhi TW..., không đồng chi trả, thanh toán cả vitamin/khoáng chất kê toa. Mom cần tv ib mình nha #TVTH330",hoireviewbaohiem,labeled,0,Nguyễn Thị Kim Ngân,https://www.facebook.com/groups/hoireviewbaohiem/posts/1745849573289033/?comment_id=1746063663267624,0,0,0,0,0,0,0,0,1,1
1746077139932943,1745849573289033,,https://www.facebook.com/groups/hoireviewbaohiem/posts/1745849573289033/,2026-09-01,B quan tâm Daiichi ib mk gửi ttin b tham khảo nhé,hoireviewbaohiem,labeled,0,Nguyễn Thị Huyền,https://www.facebook.com/groups/hoireviewbaohiem/posts/1745849573289033/?comment_id=1746077139932943,0,0,0,0,0,0,0,0,0,0
1746085649932092,1745849573289033,,https://www.facebook.com/groups/hoireviewbaohiem/posts/1745849573289033/,2026-09-01,"Chào b. Cũng có KH sẽ lựa chọn Manulife quan trọng nhất là sự phù hợp và tìm được người tư vấn có dịch vụ chăm sóc KH tốt. B tham khảo cả Daiichi nhé ưu điểm: - Phí chỉ 2,7tr/năm cấp quỹ 1 tỷ/bệnh cho nằm viện.tiền giường hạn mức cao, bé được sử dụng ở những phòng có dịch vụ y tế tốt nhất đầy đủ điều hoà, tủ lạnh, tivi, suất ăn,,,, - Bảo vệ cả bệnh bẩm sinh mà các dòng thẻ khác trên thị trường k có - Đi khám chi trả 100% theo hạn mức b mua - Có bảo lãnh tại nhiều viện như nhi Tw, Hồng Ngọc, Vinmec,… Cần tv inbox m nha #TVTH386",hoireviewbaohiem,labeled,0,Bùi Quang Vĩnh,https://www.facebook.com/groups/hoireviewbaohiem/posts/1745849573289033/?comment_id=1746085649932092,0,0,0,0,0,0,0,0,0,0
1746089019931755,1745849573289033,,https://www.facebook.com/groups/hoireviewbaohiem/posts/1745849573289033/,2026-09-01,"Man không bán thẻ zời em ạ, cần được tư vấn ib Nguyễn Hoa Zương Zuồi nhé",hoireviewbaohiem,labeled,0,Ngô Thị Thu Thủy,https://www.facebook.com/groups/hoireviewbaohiem/posts/1745849573289033/?comment_id=1746089019931755,0,0,0,0,0,0,0,0,0,0
1746116469929010,1745849573289033,,https://www.facebook.com/groups/hoireviewbaohiem/posts/1745849573289033/,2026-09-01,B tham khảo Daiichi ib mình nhé - Điều kiện tối thiểu mua thẻ sk bên Daiichi là phí nhân thọ 8tr HĐ 10-15-20-25 năm Có lãi suất cam kết nhận về: 10 năm 103% 15 năm 105% 20 năm 110% 25 năm 115% - Thẻ sk cam kết tái tục hàng năm - Thanh toán cả bệnh bẩm sinh Lh 0376212939,hoireviewbaohiem,labeled,0,Huyền Trần,https://www.facebook.com/groups/hoireviewbaohiem/posts/1745849573289033/?comment_id=1746116469929010,0,0,0,0,0,0,0,0,0,0
1746123576594966,1745849573289033,1745933699947287.0,https://www.facebook.com/groups/hoireviewbaohiem/posts/1745849573289033/,2026-09-01,RelaxingJackfruit2366 tầm này về lợi thế trước mắt cho trẻ con thì thẻ Man k lợi thế Man luôn dẫn đầu về xu thế các dòng sản phẩm và ưu thế thẻ đã triển khai từ 2019 ạ Tuy nhiên hiện nay rất nhiều khách hàng vẫn lựa chọn Man vì mục tiêu tài chính lâu dài và uy tín thương hiệu ạ Mình đã công tác tại Manulife từ 2014 và là khách hàng từ 2004,hoireviewbaohiem,labeled,1,Phạm Bích Ngọc,https://www.facebook.com/groups/hoireviewbaohiem/posts/1745849573289033/?comment_id=1745933699947287&reply_comment_id=1746123576594966,0,0,0,0,0,0,0,0,0,0
1746196113254379,1745849573289033,,https://www.facebook.com/groups/hoireviewbaohiem/posts/1745849573289033/,2026-09-01,"Mom cũng có thể tham khảo thêm một phương án với quyền lợi khá tối ưu cho bé, ngân sách tầm 10triệu/năm ✅ Thẻ sức khỏe y tế * Chi trả điều trị nội trú, phẫu thuật và điều trị trong ngày đối với nhiều bệnh lý như viêm phổi, viêm phế quản, sốt xuất huyết, cúm…-> Hút đờm, hít khí dung, tiêm truyền, chích áp xe trong ngày cũng được trả. * Dùng hết hạn mức còn được hỗ trợ thêm 100% tại BV công kể cả khoa dịch vụ/khoa quốc tế * Kết hợp BHYT còn có thêm trợ cấp nằm viện theo ngày => Giúp ba mẹ an tâm cho con sử dụng dịch vụ y tế chất lượng cao, kể cả bệnh viện quốc tế, mà không quá áp lực chi phí. Mình là Huyền, tư vấn viên đã đồng hành cùng nhiều gia đình có con nhỏ. Dựa trên nhu cầu thực tế, khả năng tài chính và mục tiêu của từng gia đình, để giúp bạn chọn được phương án phù hợp và tối ưu nhất Bạn có thể nhắn mình qua Messenger hoặc Zalo 0989 782 526 nhé. 🥰",hoireviewbaohiem,labeled,0,Jennie Nguyen,https://www.facebook.com/groups/hoireviewbaohiem/posts/1745849573289033/?comment_id=1746196113254379,0,0,0,0,0,0,0,0,0,0
1746451913228799,1745849573289033,,https://www.facebook.com/groups/hoireviewbaohiem/posts/1745849573289033/,2026-09-02,"Chào ba mẹ, mình có thể tham khảo thêm dòng thẻ sức khoẻ đính kèm nhân thọ với ưu điểm: cam kết tái tục, cam kết không tăng phí hoặc cắt thẻ khi sử dụng nhiều 📲 Bạn nhắn qua Zalo để Vy tư vấn chi tiết từng gói nha: 0767134386 Vy cảm ơn bạn nhiều ạ 🥰 #GDA18",hoireviewbaohiem,labeled,0,Hoang Vy,https://www.facebook.com/groups/hoireviewbaohiem/posts/1745849573289033/?comment_id=1746451913228799,0,0,0,0,0,0,0,0,0,0
1746451956562128,1745849573289033,,https://www.facebook.com/groups/hoireviewbaohiem/posts/1745849573289033/,2026-09-02,"Chào ba mẹ, mình có thể tham khảo thêm dòng thẻ sức khoẻ đính kèm nhân thọ với ưu điểm: cam kết tái tục, cam kết không tăng phí hoặc cắt thẻ khi sử dụng nhiều 📲 Bạn nhắn qua Zalo để Vy tư vấn chi tiết từng gói nha: 0767134386 Vy cảm ơn bạn nhiều ạ 🥰 #GDA18",hoireviewbaohiem,labeled,0,Hoang Vy,https://www.facebook.com/groups/hoireviewbaohiem/posts/1745849573289033/?comment_id=1746451956562128,0,0,0,0,0,0,0,0,0,0
1746497963224194,1745849573289033,,https://www.facebook.com/groups/hoireviewbaohiem/posts/1745849573289033/,2026-09-02,"Tầm 10 triệu/năm là bé đã có một phương án AIA khá xịn xò, gồm đầy đủ nội trú và ngoại trú, chi trả 100% tại cả bệnh viện công và bệnh viện tư rồi. Điểm Ninh đánh giá cao là rất ít giới hạn phụ, không bị cắt thẻ hay tăng phí riêng vì bé bồi thường nhiều; 90% hồ sơ bồi thường được xử lý trong vòng 24 giờ. Bạn cho Ninh hỏi bé chính xác bao nhiêu tuổi và gia đình thường cho bé khám ở bệnh viện nào? Bạn có thể inbox hoặc liên hệ Zalo 0776457460 (Ninh), Ninh sẽ thiết kế phương án phù hợp cho bé nhé. #CC11",hoireviewbaohiem,labeled,0,Vũ Ninh,https://www.facebook.com/groups/hoireviewbaohiem/posts/1745849573289033/?comment_id=1746497963224194,0,0,0,0,0,0,0,0,0,0
1745909909949666,1745898143284176,,https://www.facebook.com/groups/hoireviewbaohiem/posts/1745898143284176/,2026-09-01,Đổi qua AIA xài cho thoải mái,hoireviewbaohiem,labeled,0,ChattyJackfruit3569,https://www.facebook.com/groups/hoireviewbaohiem/posts/1745898143284176/?comment_id=1745909909949666,0,0,0,0,0,0,0,0,1,4
1745914583282532,1745898143284176,1745909909949666.0,https://www.facebook.com/groups/hoireviewbaohiem/posts/1745898143284176/,2026-09-01,"ChattyJackfruit3569 aia thấy mn kêu loại trừ lặt vặt các xét nghiệm nhiều, với nó đồng chi trả nên k khoái",hoireviewbaohiem,labeled,1,RelaxingJackfruit2366,https://www.facebook.com/groups/hoireviewbaohiem/posts/1745898143284176/?comment_id=1745909909949666&reply_comment_id=1745914583282532,0,0,0,0,0,0,0,0,3,3
1745917859948871,1745898143284176,1745914583282532.0,https://www.facebook.com/groups/hoireviewbaohiem/posts/1745898143284176/,2026-09-01,"RelaxingJackfruit2366 đồng chi trả cho trẻ em dưới 4t sử dụng tại BV tư nhân. Mà đồng chi trả theo hd, ko như có giới hạn phụ. Loại trừ bệnh có trước, còn lặt vặt thì khi khoẻ nộp lại khôi phục đâu phải loại trừ hẳn.",hoireviewbaohiem,labeled,2,ChattyJackfruit3569,https://www.facebook.com/groups/hoireviewbaohiem/posts/1745898143284176/?comment_id=1745909909949666&reply_comment_id=1745917859948871,0,0,0,0,0,0,0,0,0,0
1745918859948771,1745898143284176,,https://www.facebook.com/groups/hoireviewbaohiem/posts/1745898143284176/,2026-09-01,Dưới 5 tuổi sử dụng tại bv công ko đồng chi trả nha bạn,hoireviewbaohiem,labeled,0,ChattyJackfruit3569,https://www.facebook.com/groups/hoireviewbaohiem/posts/1745898143284176/?comment_id=1745918859948771,0,0,0,0,0,0,0,0,1,2
1745922373281753,1745898143284176,1745918859948771.0,https://www.facebook.com/groups/hoireviewbaohiem/posts/1745898143284176/,2026-09-01,ChattyJackfruit3569 nhà mh toàn người lớn,hoireviewbaohiem,labeled,1,RelaxingJackfruit2366,https://www.facebook.com/groups/hoireviewbaohiem/posts/1745898143284176/?comment_id=1745918859948771&reply_comment_id=1745922373281753,0,0,0,0,0,0,0,0,1,1
1745935436613780,1745898143284176,1745922373281753.0,https://www.facebook.com/groups/hoireviewbaohiem/posts/1745898143284176/,2026-09-01,"RelaxingJackfruit2366 vậy khỏi lo đồng chi trả, ko lo giới hạn phụ cho mỗi lần nằm viện.",hoireviewbaohiem,labeled,2,ChattyJackfruit3569,https://www.facebook.com/groups/hoireviewbaohiem/posts/1745898143284176/?comment_id=1745918859948771&reply_comment_id=1745935436613780,0,0,0,0,0,0,0,0,0,0
1745975123276478,1745898143284176,1745917859948871.0,https://www.facebook.com/groups/hoireviewbaohiem/posts/1745898143284176/,2026-09-01,ChattyJackfruit3569 ý bạn ấy là loại trừ các chi phí xét nghiệm âm tính lặt vặt ấy vì ở trên chủ tus bảo ko bị bệnh gì loại trừ,hoireviewbaohiem,labeled,2,Đức Hiếu,https://www.facebook.com/groups/hoireviewbaohiem/posts/1745898143284176/?comment_id=1745909909949666&reply_comment_id=1745975123276478,0,0,0,0,0,0,0,0,0,0
1745977999942857,1745898143284176,,https://www.facebook.com/groups/hoireviewbaohiem/posts/1745898143284176/,2026-09-01,Mình sẽ trả lời b dựa trên người có kinh nghiệm dùng Bh. Câu hỏi của b khó để trả lời chính xác vì bệnh k ai giống ai và tình trạng bệnh cũng như thực tế quá trình điều trị phát sinh không ai biết trước được b ạ. Mình cứ bám sát điều khoản để bảo vệ quyền lợi của mình khi có yêu cầu claim mà bị loại trừ hay từ chối gì đó. Còn tốc độ chi trả thì mình nghĩ same same nhau vì tính cạnh tranh của các cty bh rồi. Mình k khuyên hay cản b mà chỉ muốn nói b cân nhắc thật kỹ. Phí cao có giá trị tương xứng với qloi ạ.,hoireviewbaohiem,labeled,0,Trần Thị Ngọc Ánh,https://www.facebook.com/groups/hoireviewbaohiem/posts/1745898143284176/?comment_id=1745977999942857,0,0,0,0,0,0,0,0,0,0
1745980353275955,1745898143284176,,https://www.facebook.com/groups/hoireviewbaohiem/posts/1745898143284176/,2026-09-01,"Nếu bảo nhanh hay không cũng mang tính chủ quan. Vì cty nào cũng có người được duyệt nhanh, người được duyệt chậm. Nhiều khi do cập nhật app nên thi thoảng bị lỗi, nhưng chọn đúng tvv thì họ nhắn thẳng cho IT để fix lỗi. Còn về chi trả thì Sun tương tự Gen cũng trả cho xn âm tính c ạ. Hạn mức thì thấp hơn Gen xíu nhưng cũng đứng top 3 thị trường rùi, tham gia cùng thành viên gia đình thì được cộng dồn hạn mức của nhau nên khá oke.",hoireviewbaohiem,labeled,0,Đức Hiếu,https://www.facebook.com/groups/hoireviewbaohiem/posts/1745898143284176/?comment_id=1745980353275955,2,2,0,0,0,0,0,0,0,0
1745988359941821,1745898143284176,,https://www.facebook.com/groups/hoireviewbaohiem/posts/1745898143284176/,2026-09-01,"Không biết trải nghiệm của Thảo có được tính là công tâm không, vì mình đã dùng Sun cho hai bé nhà mình suốt 3 năm nay từ dòng thẻ 1.0, đến nay vẫn rất hài lòng. Đưa con đi khám là được trả hết, còn mấy chi phí xét nghiệm tầm soát gì thì cứ yên tâm là được trả hết theo hạn mức. Bản thân Thảo làm với Sun Life từ 2023 đến nay hỗ trợ hơn 500 bộ hồ sơ claims lớn nhỏ, từ Nội trú đến Ngoại trú, Nha khoa, Thai sản, từ VN đến nước ngoài đều thấy quy trình có bộ này bộ kia, nhưng tốc độ trung bình khá nhanh gọn, càng ngày càng nhanh luôn ih nên mình cũng tự tin bán và tư vấn cho mọi người. Thảo nghĩ rằng việc tìm hiểu nhiều hơn giúp mình càng vững tin hơn vào sự lựa chọn của mình. Bạn cần thêm góc nhìn có thể báo mình nha, mình là Minh Thảo - chuyên viên quản lý khách hàng cao cấp của Sun Life Vietnam ạ! 🤗 Cảm ơn bạn! #GDC7",hoireviewbaohiem,labeled,0,Nguyen Minh Thao,https://www.facebook.com/groups/hoireviewbaohiem/posts/1745898143284176/?comment_id=1745988359941821,0,0,0,0,0,0,0,0,0,0
1745994269941230,1745898143284176,1745914583282532.0,https://www.facebook.com/groups/hoireviewbaohiem/posts/1745898143284176/,2026-09-01,"RelaxingJackfruit2366 Hi em, c tên Vân, zalo 0867797007, TVV BH AIA, Vân ở Saigon, ký và chăm sóc KH toàn quốc. 👉AIA đồng chi trả 0-4 tuổi tại bv tư/qte, còn công vẫn 100%. Xn âm tính tuỳ vào case chứ không phải luôn luôn loại trừ. Bạn đang xài Gen thì nên duy trì, xét về gioi hạn phụ, Gen có nhưng vẫn đang ở mức tốt so với các hãng có gioi hạn phụ. Qloi cao hơn thì phí nhỉnh thôi ❤️ Hiện tại thẻ SK các hãng đều có giới hạn phụ cho số tiền khi điều trị có pthuat/ko pthuat TRỪ AIA KHÔING BỊ GIỚI HẠN PHỤ NÀY. Và điều trị cấp cứu chỉ chi trả cho Tai Nạn, không chi trả do bệnh, TRỪ AIA. 👉 Mỗi hãng sẽ có một số điểm mạnh riêng và hạn chế riêng, nhưng để an tâm khi không may cần đến mà đc xài kịch nóc hạn mức mua và còn đc mỗi năm tặng thêm 100% hạn mức thì bạn cân nhắc AIA nhen. ❤️AIA tuổi tham gia 30 ngày tuổi đến 70 tuổi: hiệu lực đến 100 tuổi. ❤️Thẻ SK AIA cần Mua kèm BHNT: - Phí BHNT 5-8 trieu thì mua thêm đc thẻ sk cơ bản có tiền giường 850k/ngày, hạn mức tối đa 300 triệu/ năm, / nâng cao tiền giuong 2 trieu/ ngày, hạn mức tối đa 700 triệu/năm (chưa tính phí thẻ) - phí BHNT 10 trieu thì mua thêm đc thẻ cb, NC và toàn diện tiền giuong 3 trieu/ngày, hạn mức tối đa 1.4 tỷ/năm kèm free thai sản 25 trieu, (chưa tính phí thẻ) - phí bhnt 15 triệu thì mua đc Hoàn hảo và các thẻ khác (chưa tính phí thẻ, Hoàn hảo tiền giường 5.5 trieu/ngày, hạn mức tối đa 2.4 tỷ/năm Mỗi cty sẽ có điểm mạnh riêng Chủ yếu bạn ưu tiên điều gì và TVV bạn gặp có tư vấn đúng,đủ và thiết kế phương án phù hợp nhu cầu,tài chính của mình không nếu bạn xác định ƯU TIÊN VỀ VIEC CTY NÀO CHI TRẢ TỐI ĐA CHI PHÍ TẠI BVIEN MÀ KHÔNG BỊ GIỚI HẠN SỐ TIỀN/ĐỢT ĐIỀU TRỊ CÓ PHẪU THUẬT,KHÔNG PHẪU THUẬT BAO GỒM UT, THỦ THUẬT TRONG NGÀY THÌ THAM KHẢO AIA. ♥️ Về thẻ sức khoẻ Trọn Đời (hiệu lực đến sinh nhật 100 tuổi) 🍀 AIA CHI TRẢ 100% HẠN MỨC THẺ SỨC KHOẺ NỘI TRÚ MÀ KHÔNG GIỚI HẠN PHỤ CHO ĐIỀU TRỊ CÓ PHẪU THUẬT/KHÔNG CÓ PHẪU THUẬT 🍀NHÂN ĐÔI HẠNG MỨC THẺ HÀNG NĂM KHI ĐIỀU TRỊ NỘI TRÚ TẠI BV CÔNG (KỂ CẢ KHOA QUỐC TẾ) thay vì chỉ nhân đôi 1 lần cho điều trị UT,đột quỵ,nhồi máu cơ tim. 💢NHÂN ĐÔI HẠN MỨC HÀNG NĂM,HÀNG NĂM NHA 🍀AIA KHÔNG GIỚI HẠN SỐ NGÀY NẰM VIỆN THEO BỆNH.(Chỉ có hạn mức là Tối đa 100 ngày/năm) 🍀 THẺ NỘI TRÚ CHI TRẢ CHO ĐIỀU TRỊ UT bao gồm cả TRONG NGÀY và cho cả thuốc sinh học (không giới hạn chỉ tiêm và truyền) Cùng nhiều quyền lợi khác như THỦ THUẬT,PHẪU THUẬT TRONG NGÀY ĐÃ KÈM VÀO THẺ NỘI TRÚ. ✅ Hỗ trợ chi phí nằm viện tích hợp trong thẻ sức khoẻ 🔥TELEDOC THAM VẤN VÀ ĐỒNG HÀNH CÙNG KH KHI GẶP BIẾN CỐ VỀ SK, ĐẶC BIỆT BHN,UT LÀ ĐIỂM HIẾM CÓ TRÊN THỊ TRƯỜNG, ĐƯỢC TẶNG KÈM KHI THAM GIA BHSK AIA (đội ngũ chuyên gia và bác sĩ đa quốc gia) Nếu bạn quan tâm khi biến cố đến, sp nào chi trả tối đa cho mình thì có thể ib zalo 0867797007, mình chia sẻ thêm, rồi bạn cân nhắc lựa chọn bên phù hợp. MUA BH LÀ AN TÂM, KHÔNG NÊN LÀ GÁNH NẶNG SAU NÀY #AIA #gdb33",hoireviewbaohiem,labeled,2,Pig Kute,https://www.facebook.com/groups/hoireviewbaohiem/posts/1745898143284176/?comment_id=1745909909949666&reply_comment_id=1745994269941230,0,0,0,0,0,0,0,0,0,0
1746054693268521,1745898143284176,,https://www.facebook.com/groups/hoireviewbaohiem/posts/1745898143284176/,2026-09-01,Các thủ tục đều claim online và có quét AI nên thường chi trả cũng nhanh. Còn về có loại trừ lặt vặt gì không thì tùy hồ sơ y tế bạn nhé. Nếu hồ sơ y tế chỉ khám một vài bệnh cấp tính thì khả năng không bị loại trừ gì. Bạn ib mình tư vấn chi tiết nha #TVTH330,hoireviewbaohiem,labeled,0,Nguyễn Thị Kim Ngân,https://www.facebook.com/groups/hoireviewbaohiem/posts/1745898143284176/?comment_id=1746054693268521,0,0,0,0,0,0,0,0,1,2
1746094389931218,1745898143284176,,https://www.facebook.com/groups/hoireviewbaohiem/posts/1745898143284176/,2026-09-01,Gen phiên bản của bạn là bao nhiêu vậy ?,hoireviewbaohiem,labeled,0,Ngô Thị Thu Thủy,https://www.facebook.com/groups/hoireviewbaohiem/posts/1745898143284176/?comment_id=1746094389931218,0,0,0,0,0,0,0,0,0,0
1746651019875555,1745898143284176,1746054693268521.0,https://www.facebook.com/groups/hoireviewbaohiem/posts/1745898143284176/,2026-09-02,Cho m hỏi chọn gói nước có phẫu thuật là 60tr là 60tr này bao gồm tiền giường này kia chưa hay tách riêng chỉ là tính riêng phẫu thuật thui,hoireviewbaohiem,labeled,1,KnowledgeableLynx7721,https://www.facebook.com/groups/hoireviewbaohiem/posts/1745898143284176/?comment_id=1746054693268521&reply_comment_id=1746651019875555,0,0,0,0,0,0,0,0,1,1
1746654096541914,1745898143284176,,https://www.facebook.com/groups/hoireviewbaohiem/posts/1745898143284176/,2026-09-02,"B tham khảo daiichi nhé,phí và quyền lợi cạnh tranh trên thị trường ạ",hoireviewbaohiem,labeled,0,Nguyễn Thị Huyền,https://www.facebook.com/groups/hoireviewbaohiem/posts/1745898143284176/?comment_id=1746654096541914,0,0,0,0,0,0,0,0,0,0
1746685139872143,1745898143284176,1746651019875555.0,https://www.facebook.com/groups/hoireviewbaohiem/posts/1745898143284176/,2026-09-02,"KnowledgeableLynx7721 60tr là bao gồm rồi ạ. Đối với điều trị trong ngày, bệnh hiểm nghèo như ung thư , đột quỵ, nhồi máu cơ tim, cấy ghép tạng thì sử dụng hạn mức tổng 120tr, ko ràng các giới hạn phụ bạn nhé #TVTH330",hoireviewbaohiem,labeled,2,Nguyễn Thị Kim Ngân,https://www.facebook.com/groups/hoireviewbaohiem/posts/1745898143284176/?comment_id=1746054693268521&reply_comment_id=1746685139872143,0,0,0,0,0,0,0,0,0,0
1746717979868859,1745898143284176,,https://www.facebook.com/groups/hoireviewbaohiem/posts/1745898143284176/,2026-09-02,"Anh chị tham khảo Daiichi ấy ạ. Daiichi claim độc lập nên siêu nhanh ngoại trú hay trả trong ngày còn nội trú 1-3 hôm thôi ạ Mà với dòng thẻ sk hạn mức cao mà chi phí cũng rất hợp lý ạ. Hạn mức lên tới 1 tỷ/bệnh, 3tr tiền giường/ngày,… phí chỉ từ 2tr7 thôi ạ Bên cạnh đó nhân thọ chỉ từ 8tr(có tích luỹ, dòng tiền tốt và cam kết tái tục) là đã thêm được thẻ cho gđ rồi nhé ạ Em bên Daiichi,em có kinh nghiệm hơn 4 năm, là MDRT 2025 và trước em tốt nghiệp NEU chuyên ngành Bảo hiểm ạ. Rất vui nếu dc tư vấn cho mình ạ #GDB37",hoireviewbaohiem,labeled,0,Sơn Phạm,https://www.facebook.com/groups/hoireviewbaohiem/posts/1745898143284176/?comment_id=1746717979868859,0,0,0,0,0,0,0,0,0,0
1745938613280129,1745910676616256,,https://www.facebook.com/groups/hoireviewbaohiem/posts/1745910676616256/,2026-09-01,Chương trình mới à c,hoireviewbaohiem,labeled,0,Nam Khánh Bùi Thế,https://www.facebook.com/groups/hoireviewbaohiem/posts/1745910676616256/?comment_id=1745938613280129,1,1,0,0,0,0,0,0,1,1
1745939949946662,1745910676616256,1745938613280129.0,https://www.facebook.com/groups/hoireviewbaohiem/posts/1745910676616256/,2026-09-01,Nam Khánh Bùi Thế uh mới bỏng tay nhé!,hoireviewbaohiem,labeled,1,Hảo Hoàng Generali,https://www.facebook.com/groups/hoireviewbaohiem/posts/1745910676616256/?comment_id=1745938613280129&reply_comment_id=1745939949946662,0,0,0,0,0,0,0,0,0,0
1745962899944367,1745951766612147,,https://www.facebook.com/groups/hoireviewbaohiem/posts/1745951766612147/,2026-09-01,Quan tâm,hoireviewbaohiem,labeled,0,Ngọc Diễm,https://www.facebook.com/groups/hoireviewbaohiem/posts/1745951766612147/?comment_id=1745962899944367,1,1,0,0,0,0,0,0,1,1
1745964223277568,1745951766612147,,https://www.facebook.com/groups/hoireviewbaohiem/posts/1745951766612147/,2026-09-01,"Bạn ơi tham khảo thẻ Gen đi nè. Trong tháng này bé 1 tháng tuổi được tặng 30% phí thẻ cả nội & ngoại trú đó. Nhưng điều quan trọng nhất đó là Gen là 1 trong số rất ít cty Bảo hiểm : trẻ em đi viện được chi 100% - không đồng chi mọi lứa tuổi. Trong khi nhiều bên trẻ em chỉ chi 80% - 70% ✅ Điều này nếu chẳng may đi viện, thì mới thấu hiểu được rằng việc không đồng chi tiết kiệm tiền cho bố mẹ đến thế nào ✅ Ngoài ra các hạn mức chi trả của Gen đều cao Inbox mình tư vấn gói cho bé chỉ từ 14 triệu/ năm ( sau tặng còn 11 triệu trong tháng này nè ( là đã bao gồm BHNT và thẻ nha) #CC12 - 𝐊𝐡𝐚́𝐧𝐡 𝐇𝐚̀ 𝐁𝐚̉𝐨 𝐡𝐢𝐞̂̉𝐦 | 𝐁𝐚̉𝐨 𝐡𝐢𝐞̂̉𝐦 𝐆𝐞𝐧𝐞𝐫𝐚𝐥𝐢 - 𝑪𝒉𝒂̆𝒎 𝒔𝒐́𝒄 & đ𝒐̂̀𝒏𝒈 𝒉𝒂̀𝒏𝒉 𝒌𝒉𝒂́𝒄𝒉 𝒉𝒂̀𝒏𝒈 𝒕𝒓𝒆̂𝒏 𝒕𝒐𝒂̀𝒏 𝒒𝒖𝒐̂́𝒄 📞 09.686.739.7️⃣6️⃣",hoireviewbaohiem,labeled,0,Khánh Hà Generali,https://www.facebook.com/groups/hoireviewbaohiem/posts/1745951766612147/?comment_id=1745964223277568,0,0,0,0,0,0,0,0,0,0
1745964463277544,1745951766612147,1745962899944367.0,https://www.facebook.com/groups/hoireviewbaohiem/posts/1745951766612147/,2026-09-01,Ngọc Diễm mom inbox mình tư vấn nha . Generali chi 100% cho trẻ đó ạ #CC12,hoireviewbaohiem,labeled,1,Khánh Hà Generali,https://www.facebook.com/groups/hoireviewbaohiem/posts/1745951766612147/?comment_id=1745962899944367&reply_comment_id=1745964463277544,0,0,0,0,0,0,0,0,0,0
1745967319943925,1745951766612147,,https://www.facebook.com/groups/hoireviewbaohiem/posts/1745951766612147/,2026-09-01,"B tham khảo Daiichi ib mình nhé - Daiichi nội trú từ 0-5t trả 70%, từ 6t trả 100% Ngoại trú trả 100% - Điều kiện tối thiểu mua thẻ sk bên Daiichi là phí nhân thọ 8tr HĐ 10-15-20-25 năm Có lãi suất cam kết nhận về: - Thẻ sk tái tục hàng năm Lh 0356693300 #pt348",hoireviewbaohiem,labeled,0,Thu Phương,https://www.facebook.com/groups/hoireviewbaohiem/posts/1745951766612147/?comment_id=1745967319943925,0,0,0,0,0,0,0,0,0,0
1745971939943463,1745951766612147,,https://www.facebook.com/groups/hoireviewbaohiem/posts/1745951766612147/,2026-09-01,"chào bạn. Mình là Vĩnh- tvv Daiichi . Trẻ nhỏ b tham khảo thẻ sk gắn nhân thọ cho an tâm lâu dài nha. Như Daiichi ưu điểm : - Bảo lãnh cả Nhi Tw và Hồng Ngọc PTM giúp ba mẹ k lo tài chính đi viện - Phí chỉ 2,7tr/năm cấp quỹ 1 tỷ/bệnh cho nằm viện.tiền giường hạn mức cao, bé được sử dụng ở những phòng có dịch vụ y tế tốt nhất đầy đủ điều hoà, tủ lạnh, tivi, suất ăn,,,, - Bảo vệ cả bệnh bẩm sinh mà các dòng thẻ khác trên thị trường k có - Đi khám chi trả 100% theo hạn mức b mua - Ngoaì ra b có thể mua thêm hỗ trợ viện phí thêm 400k/ngày như ngày công bố mẹ đi chăm con ốm - Thời gian chờ cho bé chỉ 30 ngày với các bệnh hay gặp ở trẻ Về cơ bản thẻ cho bé nhỏ hay người lớn bạn tham gia Daiichi có lợi cả về phí và quyền lợi. Inbox m tư vấn chi tiết cho nha #TVTH386",hoireviewbaohiem,labeled,0,Bùi Quang Vĩnh,https://www.facebook.com/groups/hoireviewbaohiem/posts/1745951766612147/?comment_id=1745971939943463,0,0,0,0,0,0,0,0,0,0
1745972059943451,1745951766612147,,https://www.facebook.com/groups/hoireviewbaohiem/posts/1745951766612147/,2026-09-01,"Gen đi nhà mình ơi, chi trả 100% chi phí cho mọi Bv, thẻ tiêu chuẩn lại đang có chương trình 30% này, ib mình gửi thông tin nhé #gda22",hoireviewbaohiem,labeled,0,Hảo Hoàng Generali,https://www.facebook.com/groups/hoireviewbaohiem/posts/1745951766612147/?comment_id=1745972059943451,0,0,0,0,0,0,0,0,0,0
1745974929943164,1745951766612147,,https://www.facebook.com/groups/hoireviewbaohiem/posts/1745951766612147/,2026-09-01,"Sun Life nhen mom ơi, bé đủ 30 ngày tuổi là tham gia được rồi nè ☀️ 𝗞𝗵𝗼̂𝗻𝗴 đ𝗼̂̀𝗻𝗴 𝗰𝗵𝗶 𝘁𝗿𝗮̉ dù BV công hay tư ☀️ Các 𝘅𝗲́𝘁 𝗻𝗴𝗵𝗶𝗲̣̂𝗺 𝗮̂𝗺 𝘁𝗶́𝗻𝗵 hoặc 𝘃𝗶𝘁𝗮𝗺𝗶𝗻/𝘁𝗵𝘂𝗼̂́𝗰 𝗯𝗼̂̉ có liên quan đến chẩn đoán và phục vụ trực tiếp cho việc điều trị cũng được trả. ☀️ 𝗧𝗶𝗲̂̀𝗻 𝗴𝗶𝘂̛𝗼̛̀𝗻𝗴 đ𝘂̛𝗼̛̣𝗰 𝘁𝗮́𝗰𝗵 𝗿𝗶𝗲̂𝗻𝗴 với công chăm sóc, nên không cần mua hạn mức cao vẫn được chi trả nhiều. ☀️ 𝗧𝗮́𝗶 𝘁𝘂̣𝗰 𝗼̂̉𝗻 đ𝗶̣𝗻𝗵, cam kết giảm phí hàng năm với các bé từ 0-5 tuổi, giảm gánh nặng tài chính cho mẹ. Mom inbox hoặc zalo 0901836335 Thảo tư vấn chi tiết quyền lợi cho bé nhen 🤗",hoireviewbaohiem,labeled,0,Nguyen Minh Thao,https://www.facebook.com/groups/hoireviewbaohiem/posts/1745951766612147/?comment_id=1745974929943164,0,0,0,0,0,0,0,0,0,0
1745979639942693,1745951766612147,,https://www.facebook.com/groups/hoireviewbaohiem/posts/1745951766612147/,2026-09-01,"Bạn tham khảo thẻ Gen nhé, bảo lãnh ở cả Nhi TW và hồng ngọc, ko đồng chi trả b nhé",hoireviewbaohiem,labeled,0,Kim Anh Tran,https://www.facebook.com/groups/hoireviewbaohiem/posts/1745951766612147/?comment_id=1745979639942693,0,0,0,0,0,0,0,0,0,0
1745986199942037,1745951766612147,,https://www.facebook.com/groups/hoireviewbaohiem/posts/1745951766612147/,2026-09-01,"Bạn tham khảo thử phương án mình gửi của Daiichi nhé. Về HN, Nhi TƯ daiichi bảo lãnh trực tiếp tại viện không cần lấy giấy tờ về, ngoài ra, các phòng khám hoặc bệnh viện khác không thuộc hệ thống bảo lãnh thì khách hàng có thể chi trả online. 1. Ngoại trú: ba mẹ có thể yên tâm vì chi trả 100% Với các bé nhỏ, chi phí phát sinh thường xuyên nhất lại không phải lúc nào cũng là nằm viện. Mà là: Khám sốt, ho, viêm họng, viêm mũi. Tiền th.uốc. Xét nghiệm. Siêu âm. Tái khám. Phần này, ngoại trú Dai-ichi Life chi trả 100% sau thời gian chờ chỉ 30 ngày, viêm phổi, viêm phế quản cũng chỉ cần chờ 30 ngày thôi nha 😀 2. Nội trú: 70% nhưng không còn là nỗi lo nếu biết kết hợp đúng Đúng là với bé dưới 6 tuổi, thẻ nội trú Dai-ichi Life hiện chi trả 70%. (Nhưng phí daiichi rất rẻ gói tiền phòng 3tr/ ngày daiichi có 2,73tr/ ngày thôi b ạ, nếu b muốn 100% thì m có giải pháp hỗ trợ bù đủ phần này cho ebe) Từ đủ 6 tuổi không cần thẩm định lại sức khỏe tự động chuyển lên trả 100%. Gói trên mình sẽ kết hợp gói nhân thọ min 8tr/ năm b ạ để tham gia thẻ nha. Mình là Linh tvv nhà Daiichi có 10 năm KN làm việc hỗ trợ KH. Hữu duyên kết nối cùng bạn trao đổi. #tvth898",hoireviewbaohiem,labeled,0,Cao Thị Linh,https://www.facebook.com/groups/hoireviewbaohiem/posts/1745951766612147/?comment_id=1745986199942037,0,0,0,0,0,0,0,0,0,0
1745989076608416,1745951766612147,,https://www.facebook.com/groups/hoireviewbaohiem/posts/1745951766612147/,2026-09-01,"Chào bạn ạ! Mình đang hỗ trợ rất nhiều HĐ của các bé hay khám và điều trị tại các bvien như Hồng Ngọc, Vinmec, Thu Cúc, Nhi TW,… Bạn ib mình gửi gói phù hợp cho con nhé! #GDB59",hoireviewbaohiem,labeled,0,Ngoc Anh,https://www.facebook.com/groups/hoireviewbaohiem/posts/1745951766612147/?comment_id=1745989076608416,0,0,0,0,0,0,0,0,0,0
1745997556607568,1745951766612147,,https://www.facebook.com/groups/hoireviewbaohiem/posts/1745951766612147/,2026-09-01,"BHSK cho bé hiện có rất nhiều hãng. Mỗi hãng sẽ có những ưu điểm hạn chế riêng. Bạn chia sẻ thêm các thông tin sau để được tư vấn gói phù hợp nha: - Cân nặng lúc sinh và cân nặng hiện tại của bé? Bé có vàng da k? kết quả sàng lọc sơ sinh có bất thường gì k? sau sinh có gặp vấn đề gì về sức khoẻ k? ví dụ các bệnh hô hấp tiêu hóa? - Nhu cầu sử dụng y tế ở viện nào? viện công hay viện tư? - Ưu tiên quyền lợi nội trú hay cả ngoại trú? - Tài chính dự định tối thiểu cho gói BH là bao nhiêu? Với tiêu chí tham khảo thẻ sức khỏe thì bạn lưu ý thêm 1 số điểm sau nha: - Đồng chi trả hay không đồng chi trả (với bé sơ sinh giai đoạn 0-5t thì 1 số hãng sẽ áp đồng chi trả, có bên 80/20; có bên 70/30) - Hạn mức chi trả (có bên giới hạn theo đợt điều trị, có bên giới hạn theo đồng bệnh) - Ưu tiên quyền lợi nội trú hay tham khảo cả ngoại trú? Mình hiện phân phối đầy đủ các hãng BHSK cho bé, bạn có thể ib mình để tham khảo khách quan các bên, từ đó lựa chọn phương án từ vấn phù hợp nha #gdb50",hoireviewbaohiem,labeled,0,Thuy Duong Nguyen,https://www.facebook.com/groups/hoireviewbaohiem/posts/1745951766612147/?comment_id=1745997556607568,0,0,0,0,0,0,0,0,0,0
1746064849934172,1745951766612147,,https://www.facebook.com/groups/hoireviewbaohiem/posts/1745951766612147/,2026-09-01,"Thẻ Sống Chất của Sun Life rất tối ưu cho bé 1 tháng tuổi: * Bảo lãnh trực tiếp tại Nhi TW, Hồng Ngọc PTM. * Không đồng chi trả, chi trả cả vitamin/khoáng chất theo đơn. * Phí ổn định, không tăng phí hay từ chối tái tục khi dùng nhiều. * Claim 100% online qua app My Sun Life rất nhanh. Bạn nhắn mình hỗ trợ chi tiết nhé! #TVTH330",hoireviewbaohiem,labeled,0,Nguyễn Thị Kim Ngân,https://www.facebook.com/groups/hoireviewbaohiem/posts/1745951766612147/?comment_id=1746064849934172,0,0,0,0,0,0,0,0,0,0
1746071649933492,1745951766612147,,https://www.facebook.com/groups/hoireviewbaohiem/posts/1745951766612147/,2026-09-01,Chào b B muốn thẻ sk rời hay thẻ sk đi kèm tích luỹ cho bé a? Ngân sách khoảng bn ạ? Huyền có đủ 2 loại thẻ trên. Có bảng so sánh và điều khoản chi tiết từng hãng. Hữu duyên ib mk hỗ trợ naaa,hoireviewbaohiem,labeled,0,Nguyễn Thị Huyền,https://www.facebook.com/groups/hoireviewbaohiem/posts/1745951766612147/?comment_id=1746071649933492,0,0,0,0,0,0,0,0,0,0
1746090623264928,1745951766612147,,https://www.facebook.com/groups/hoireviewbaohiem/posts/1745951766612147/,2026-09-01,Em ib chị tư vấn nhé,hoireviewbaohiem,labeled,0,Ngô Thị Thu Thủy,https://www.facebook.com/groups/hoireviewbaohiem/posts/1745951766612147/?comment_id=1746090623264928,0,0,0,0,0,0,0,0,0,0
1746131479927509,1745951766612147,,https://www.facebook.com/groups/hoireviewbaohiem/posts/1745951766612147/,2026-09-01,B tham khảo Daiichi ib mình nhé - Điều kiện tối thiểu mua thẻ sk bên Daiichi là phí nhân thọ 8tr HĐ 10-15-20-25 năm Có lãi suất cam kết nhận về: 10 năm 103% 15 năm 105% 20 năm 110% 25 năm 115% - Thẻ sk cam kết tái tục hàng năm - Thanh toán cả bệnh bẩm sinh Lh 0376212939,hoireviewbaohiem,labeled,0,Huyền Trần,https://www.facebook.com/groups/hoireviewbaohiem/posts/1745951766612147/?comment_id=1746131479927509,0,0,0,0,0,0,0,0,0,0
1746195589921098,1745951766612147,,https://www.facebook.com/groups/hoireviewbaohiem/posts/1745951766612147/,2026-09-01,"Mom cũng có thể tham khảo thêm một phương án với quyền lợi khá tối ưu cho bé: ✅ Thẻ sức khỏe y tế * Chi trả điều trị nội trú, phẫu thuật và điều trị trong ngày đối với nhiều bệnh lý như viêm phổi, viêm phế quản, sốt xuất huyết, cúm…-> Hút đờm, hít khí dung, tiêm truyền, chích áp xe trong ngày cũng được trả. * Dùng hết hạn mức còn được hỗ trợ thêm 100% tại BV công kể cả khoa dịch vụ/khoa quốc tế * Kết hợp BHYT còn có thêm trợ cấp nằm viện theo ngày => Giúp ba mẹ an tâm cho con sử dụng dịch vụ y tế chất lượng cao, kể cả bệnh viện quốc tế, mà không quá áp lực chi phí. Mình là Huyền, tư vấn viên đã đồng hành cùng nhiều gia đình có con nhỏ. Dựa trên nhu cầu thực tế, khả năng tài chính và mục tiêu của từng gia đình, để giúp bạn chọn được phương án phù hợp và tối ưu nhất Bạn có thể nhắn mình qua Messenger hoặc Zalo 0989 782 526 nhé. 🥰",hoireviewbaohiem,labeled,0,Jennie Nguyen,https://www.facebook.com/groups/hoireviewbaohiem/posts/1745951766612147/?comment_id=1746195589921098,0,0,0,0,0,0,0,0,0,0
1746452379895419,1745951766612147,,https://www.facebook.com/groups/hoireviewbaohiem/posts/1745951766612147/,2026-09-02,"Chào ba mẹ, mình có thể tham khảo thêm dòng thẻ sức khoẻ đính kèm nhân thọ với ưu điểm: cam kết tái tục, cam kết không tăng phí hoặc cắt thẻ khi sử dụng nhiều 📲 Bạn nhắn qua Zalo để Vy tư vấn chi tiết từng gói nha: 0767134386 Vy cảm ơn bạn nhiều ạ 🥰 #GDA18",hoireviewbaohiem,labeled,0,Hoang Vy,https://www.facebook.com/groups/hoireviewbaohiem/posts/1745951766612147/?comment_id=1746452379895419,0,0,0,0,0,0,0,0,0,0
1746452416562082,1745951766612147,,https://www.facebook.com/groups/hoireviewbaohiem/posts/1745951766612147/,2026-09-02,"Chào ba mẹ, mình có thể tham khảo thêm dòng thẻ sức khoẻ đính kèm nhân thọ với ưu điểm: cam kết tái tục, cam kết không tăng phí hoặc cắt thẻ khi sử dụng nhiều 📲 Bạn nhắn qua Zalo để Vy tư vấn chi tiết từng gói nha: 0767134386 Vy cảm ơn bạn nhiều ạ 🥰 #GDA18",hoireviewbaohiem,labeled,0,Hoang Vy,https://www.facebook.com/groups/hoireviewbaohiem/posts/1745951766612147/?comment_id=1746452416562082,0,0,0,0,0,0,0,0,0,0
1746592919881365,1745951766612147,,https://www.facebook.com/groups/hoireviewbaohiem/posts/1745951766612147/,2026-09-02,Em tham khảo thẻ rời hay thẻ gắn nhân thọ. Nếu tham khảo Gen ib cho chị tư vấn cụ thể. Nếu em cần thẻ rời ib cho Nguyễn Hoa Zương Zuồi hỗ trợ em nhé #TVTH778 Nguyễn Thảo Generali,hoireviewbaohiem,labeled,0,Nguyễn Thảo Generali,https://www.facebook.com/groups/hoireviewbaohiem/posts/1745951766612147/?comment_id=1746592919881365,0,0,0,0,0,0,0,0,0,0
1746061706601153,1745979723276018,,https://www.facebook.com/groups/hoireviewbaohiem/posts/1745979723276018/,2026-09-01,Bảo Việt bán cho doanh nghiệp thì oke chứ BV mà tự mua thì lại ko cạnh tranh lắm á em.,hoireviewbaohiem,labeled,0,Nguyen Minh Thao,https://www.facebook.com/groups/hoireviewbaohiem/posts/1745979723276018/?comment_id=1746061706601153,0,0,0,0,0,0,0,0,1,5
1746062893267701,1745979723276018,1746061706601153.0,https://www.facebook.com/groups/hoireviewbaohiem/posts/1745979723276018/,2026-09-01,Nguyen Minh Thao thế bên nào ok c,hoireviewbaohiem,labeled,1,Anonymous participant,https://www.facebook.com/groups/hoireviewbaohiem/posts/1745979723276018/?comment_id=1746061706601153&reply_comment_id=1746062893267701,0,0,0,0,0,0,0,0,4,4
1746063256600998,1745979723276018,,https://www.facebook.com/groups/hoireviewbaohiem/posts/1745979723276018/,2026-09-01,"Thẻ chăm sóc sức khỏe của AIA có quyền lợi thai sản em nhé. Thị trường có nhiều loại BH thai sản, tuy nhiên, phụ nữ sau khi sinh thường phát sinh nhiều vấn đề về sức khỏe (VD tiểu đường thai kỳ) khiến cho sau này việc mua BH sức khỏe sẽ gặp vấn đề loại trừ, thậm chí từ chối. Mình đã quan tâm đến BH thì hãy nghĩ đến BH thai sản gắn kèm trong gói BHNT để yên tâm về sau, sau này em bé cũng có thể gắn thẻ vào HĐ của mẹ luôn.",hoireviewbaohiem,labeled,0,Dinh Hoang Anh,https://www.facebook.com/groups/hoireviewbaohiem/posts/1745979723276018/?comment_id=1746063256600998,0,0,0,0,0,0,0,0,0,0
1746065569934100,1745979723276018,,https://www.facebook.com/groups/hoireviewbaohiem/posts/1745979723276018/,2026-09-01,"Hi bạn Bhts có nhiều gói nhiều hạn mức, quan trọng là bạn dự kiến chọn bv nào, dự kiến chi phí sinh tầm bao nhiêu, từ đó chọn gói hạn mức phù hợp nha Gói bhts Xanh Hạnh Phúc này cũng đang khá thông dụng ạ",hoireviewbaohiem,labeled,0,Trần Thị Minh Châu,https://www.facebook.com/groups/hoireviewbaohiem/posts/1745979723276018/?comment_id=1746065569934100,0,0,0,0,0,0,0,0,0,0
1746069879933669,1745979723276018,,https://www.facebook.com/groups/hoireviewbaohiem/posts/1745979723276018/,2026-09-01,"Nếu có plan sinh ở bv tư hoặc quốc tế, bạn tìm hiểu Sun Life nhé. Ko giới hạn phòng đơn tiêu chuẩn và chi trả xn theo chi phí y tế #TVTH330",hoireviewbaohiem,labeled,0,Nguyễn Thị Kim Ngân,https://www.facebook.com/groups/hoireviewbaohiem/posts/1745979723276018/?comment_id=1746069879933669,0,0,0,0,0,0,0,0,0,0
1746070119933645,1745979723276018,,https://www.facebook.com/groups/hoireviewbaohiem/posts/1745979723276018/,2026-09-01,"Bạn chủ động tìm hiểu BH thai sản cho vợ như vậy là rất chu đáo đó ạ 😊 Thai sản là khoản chi phí phát sinh một lần và có thể dự tính trước. Vì vậy, nếu đã tìm hiểu BH, bạn nên cân nhắc phương án có đầy đủ quyền lợi sức khỏe cho vợ, vừa hỗ trợ chi phí sinh, vừa bảo vệ trước những rủi ro trong quá trình mang thai và sau sinh. Sau này khi bé đủ 30 ngày tuổi, mình có thể gắn thêm thẻ sức khỏe cho bé vào chung HĐ với mẹ, giúp gia đình chuẩn bị liền mạch và mẹ không phải cập rập tìm hiểu BH sau sinh. Bạn dự kiến khi nào thả bầu, muốn sinh ở bệnh viện nào và ngân sách khoảng bao nhiêu? Bạn có thể inbox hoặc liên hệ Zalo 0776 457 460 (Ninh), Ninh sẽ giúp bạn so sánh Bảo Việt và các phương án phù hợp nhé. #CC11",hoireviewbaohiem,labeled,0,Vũ Ninh,https://www.facebook.com/groups/hoireviewbaohiem/posts/1745979723276018/?comment_id=1746070119933645,0,0,0,0,0,0,0,0,0,0
1746071189933538,1745979723276018,,https://www.facebook.com/groups/hoireviewbaohiem/posts/1745979723276018/,2026-09-01,"Chào bạn, Bảo hiểm thai sản rời trên thị trường co nhiều hãng. Hữu duyên quan tâm ib mk hỗ trợ chi tiết nha. Mỗi loại sẽ có ưu nhược điểm nhất định. Ko biết nhu cầu của bạn như nào, để mình tư vấn giúp bạn lựa chọn đc giải pháp phù hợp nhất nhé. #0975509101",hoireviewbaohiem,labeled,0,Nguyễn Thị Huyền,https://www.facebook.com/groups/hoireviewbaohiem/posts/1745979723276018/?comment_id=1746071189933538,0,0,0,0,0,0,0,0,0,0
1746073229933334,1745979723276018,,https://www.facebook.com/groups/hoireviewbaohiem/posts/1745979723276018/,2026-09-01,"BHTS hiện nay có rất nhiều bên nên để xác định được gói phù hợp thì mình gửi bạn 1 số thông tin chung trước nha: - Thời điểm thả bầu? để ước tính thời gian mua thích hợp (Thường mua trước ít nhất 1 tháng thả bầu) - Sinh lần mấy? Sinh thường hay mổ? Tham khảo sinh viện nào? Hiện đã có những gói BH nào rồi (Ví dụ BHYT, BHXH..) đê mua vừa đủ quyền lợi không mua lớn quá tốn kém mà mua thiếu sẽ k đủ chi trả - Lưu ý các mục, chi phí được và không được thanh toán theo bảng kê viện phí - Các loại BHTS và quy định chi trả, thủ tục bồi thường Mình hiện phân phối BHTS của đầy đủ các hãng uy tín nên đảm bảo phân tích khách quan các bên, bạn quan tâm ib mình nha #gdb50",hoireviewbaohiem,labeled,0,Thuy Duong Nguyen,https://www.facebook.com/groups/hoireviewbaohiem/posts/1745979723276018/?comment_id=1746073229933334,0,0,0,0,0,0,0,0,0,0
1746078949932762,1745979723276018,,https://www.facebook.com/groups/hoireviewbaohiem/posts/1745979723276018/,2026-09-01,"Em thấy các chị ít mua Bảo Việt ấy ạ. Gói hiện tại các chị mua nhiều nhất là gói Fusecare techcombank nha anh. KH toàn chủ động hỏi em mua gói này trước khi em kịp giới thiệu ấy ạ Fuse Care của Techcombank đang được các mẹ bầu chốt nhiều nhất trong năm nay vì phí Rẻ, hạn mức sinh Cao, không phân biệt Sinh thường Sinh mổ, có trả chi phí Khám Thai, chi trả cho cả thai IVF và ĐẶC BIỆT nếu sinh viện công như PSHN mà có các gói dịch vụ không bóc tách được vẫn được chi trả ạ. Rất nhiều điểm có lợi cho các mẹ bầu ạ. Em đã hỗ trợ các mẹ bầu cả Sinh Thường, cả Sinh Mổ, cả ở viện Công, cả ở viện Tư, cả thẻ Thai Sản đính ở hợp đồng nhân thọ, cả Thai Sản phi nhân thọ. Thực sự em đánh giá gói Fuse này là đáng mua nhất đến thời điểm hiện tại cho các Mom đó ạ. Em còn có chi tiết bảng kê của các viện: PSHN, PSTW, Phương Đông, Hồng Ngọc, Thu Cúc, ĐHY, Phenikaa, Vinmec... và rất nhiều viện khác để cho các Mẹ tham khảo đa dạng. Nếu anh chị đang tìm kiếm 1 gói Thai Sản phù hợp với nhu cầu, kinh tế và tham khảo các hạn mức sinh của các viện em sẽ tư vấn chi tiết thêm và gửi thêm tài liệu để anh chị tham khảo nhé ạ💕",hoireviewbaohiem,labeled,0,Linh Linh,https://www.facebook.com/groups/hoireviewbaohiem/posts/1745979723276018/?comment_id=1746078949932762,0,0,0,0,0,0,0,0,0,0
1746082296599094,1745979723276018,1746062893267701.0,https://www.facebook.com/groups/hoireviewbaohiem/posts/1745979723276018/,2026-09-01,Người tham gia ẩn danh bạn tính mua bên nào rồi,hoireviewbaohiem,labeled,2,WonderfulAlpaca5450,https://www.facebook.com/groups/hoireviewbaohiem/posts/1745979723276018/?comment_id=1746061706601153&reply_comment_id=1746082296599094,0,0,0,0,0,0,0,0,0,0
1746084499932207,1745979723276018,,https://www.facebook.com/groups/hoireviewbaohiem/posts/1745979723276018/,2026-09-01,"Mục đích Thai sản thì khum Mom nào tham gia Bảo Việt hết người ơi. Nhắn b Khánh Vân tư vấn cho bạn rồi bạn lựa chọn, gói tùy thuộc vào việc vk chọn sinh ở đâu, còn mục chi phí nào trong bảng kê được chi/ ko đc chi để mình có thể hình dung để chuẩn bị dòng tiền phù hợp, tgia là phải tối ưu. Chúc GĐ tìm được gói phù hợp.",hoireviewbaohiem,labeled,0,Lan Lan,https://www.facebook.com/groups/hoireviewbaohiem/posts/1745979723276018/?comment_id=1746084499932207,0,0,0,0,0,0,0,0,0,0
1746089679931689,1745979723276018,,https://www.facebook.com/groups/hoireviewbaohiem/posts/1745979723276018/,2026-09-01,Em muốn thai sản cho vợ em đẻ ở viện nào ? Gen có gói vip chi trả 100% ở các bệnh viện công và tư dịch vụ em tham khảo nhé,hoireviewbaohiem,labeled,0,Ngô Thị Thu Thủy,https://www.facebook.com/groups/hoireviewbaohiem/posts/1745979723276018/?comment_id=1746089679931689,0,0,0,0,0,0,0,0,0,0
1746097909930866,1745979723276018,,https://www.facebook.com/groups/hoireviewbaohiem/posts/1745979723276018/,2026-09-01,C quan tâm ib e nhé #gdd3,hoireviewbaohiem,labeled,0,Hường Phạm,https://www.facebook.com/groups/hoireviewbaohiem/posts/1745979723276018/?comment_id=1746097909930866,0,0,0,0,0,0,0,0,0,0
1746128073261183,1745979723276018,1746082296599094.0,https://www.facebook.com/groups/hoireviewbaohiem/posts/1745979723276018/,2026-09-01,WonderfulAlpaca5450 mình mới biết bên bảo việt thôi chưa tìm hiểu sâu,hoireviewbaohiem,labeled,2,Anonymous participant,https://www.facebook.com/groups/hoireviewbaohiem/posts/1745979723276018/?comment_id=1746061706601153&reply_comment_id=1746128073261183,0,0,0,0,0,0,0,0,0,0
1746158443258146,1745979723276018,1746062893267701.0,https://www.facebook.com/groups/hoireviewbaohiem/posts/1745979723276018/,2026-09-01,"Người tham gia ẩn danh bh thai sản bạn tham khảo của Techcom/ Tasco/ Gói nhận trợ cấp tiền mặt/ Bic… tùy nhu cầu Sinh viện công hay viện tư , sinh mổ hay sinh thường . Các hãng này ok hơn Bảo Việt nha. Ib mình tư vấn chi tiết nhé! Lh: 0976726295",hoireviewbaohiem,labeled,2,Nguyễn Hảo,https://www.facebook.com/groups/hoireviewbaohiem/posts/1745979723276018/?comment_id=1746061706601153&reply_comment_id=1746158443258146,0,0,0,0,0,0,0,0,0,0
1746286459912011,1745979723276018,,https://www.facebook.com/groups/hoireviewbaohiem/posts/1745979723276018/,2026-09-01,"Thai sản của AIA đi kèm cả sức khoẻ của mẹ sau sinh luôn, anh quan tâm lâu dài của cả em bé đi chung mẹ tiết kiệm về sau nữa ạa 💓",hoireviewbaohiem,labeled,0,Hien Anh,https://www.facebook.com/groups/hoireviewbaohiem/posts/1745979723276018/?comment_id=1746286459912011,0,0,0,0,0,0,0,0,0,0
1746399139900743,1745979723276018,1746062893267701.0,https://www.facebook.com/groups/hoireviewbaohiem/posts/1745979723276018/,2026-09-01,"Anonymous participant quyền lợi rộng nhất - tối ưu cho thai IVF và BV quốc tế có Sun Life, phí rẻ nhất có Techcom, ưu tiên sinh mổ có BIC. Không biết nhà bạn định khi nào thả bầu và sẽ khám thai/ sinh bé ở đâu?",hoireviewbaohiem,labeled,2,Nguyen Minh Thao,https://www.facebook.com/groups/hoireviewbaohiem/posts/1745979723276018/?comment_id=1746061706601153&reply_comment_id=1746399139900743,0,0,0,0,0,0,0,0,0,0
1746407113233279,1745979723276018,,https://www.facebook.com/groups/hoireviewbaohiem/posts/1745979723276018/,2026-09-01,E tham khảo nhé #gda22,hoireviewbaohiem,labeled,0,Hảo Hoàng Generali,https://www.facebook.com/groups/hoireviewbaohiem/posts/1745979723276018/?comment_id=1746407113233279,0,0,0,0,0,0,0,0,0,0
1746445829896074,1745979723276018,,https://www.facebook.com/groups/hoireviewbaohiem/posts/1745979723276018/,2026-09-02,"Chào bạn, Vy có đầy đủ các hãng bảo hiểm thai sản trên thị trường. Có bảng kê chi phí các bệnh viện và phân tích, so sánh các hãng để tư vấn phương án phù hợp nhất 📲 𝐁𝐚̣𝐧 𝐧𝐡𝐚̆́𝐧 𝐪𝐮𝐚 𝐙𝐚𝐥𝐨 đ𝐞̂̉ 𝐕𝐲 𝐭𝐮̛ 𝐯𝐚̂́𝐧 𝐜𝐡𝐢 𝐭𝐢𝐞̂́𝐭 𝐭𝐮̛̀𝐧𝐠 𝐠𝐨́𝐢 𝐧𝐡𝐚: 𝟎𝟕𝟔𝟕𝟏𝟑𝟒𝟑𝟖𝟔 𝐕𝐲 𝐜𝐚̉𝐦 𝐨̛𝐧 𝐛𝐚̣𝐧 𝐧𝐡𝐢𝐞̂̀𝐮 𝐚̣ 🥰 #GDA18",hoireviewbaohiem,labeled,0,Hoang Vy,https://www.facebook.com/groups/hoireviewbaohiem/posts/1745979723276018/?comment_id=1746445829896074,0,0,0,0,0,0,0,0,1,1
1746508273223163,1746093093264681,,https://www.facebook.com/groups/hoireviewbaohiem/posts/1746093093264681/,2026-09-02,Hiện nay Mic dc phân phối qua nhiều kênh đại lý tổ chức. B hoàn toàn yên tâm nha.,hoireviewbaohiem,labeled,0,Bùi Quang Vĩnh,https://www.facebook.com/groups/hoireviewbaohiem/posts/1746093093264681/?comment_id=1746508273223163,0,0,0,0,0,0,0,0,0,0
1746519553222035,1746093093264681,,https://www.facebook.com/groups/hoireviewbaohiem/posts/1746093093264681/,2026-09-02,"Nhân viên công ty lại bán các sản phẩm về xe ô tô tài sản nhiều hơn Còn bảo hiểm sức khỏe thì bán qua các kênh đại lý ổn hơn, hiểu rõ hơn sản phẩm",hoireviewbaohiem,labeled,0,Bùi Văn Hoạt,https://www.facebook.com/groups/hoireviewbaohiem/posts/1746093093264681/?comment_id=1746519553222035,0,0,0,0,0,0,0,0,0,0
1746530663220924,1746093093264681,,https://www.facebook.com/groups/hoireviewbaohiem/posts/1746093093264681/,2026-09-02,Zương Zuồi Nguyễn Hoa gặp 2 bạn này là bạn đủ cả quyển từ điển BH .,hoireviewbaohiem,labeled,0,Anh Vu,https://www.facebook.com/groups/hoireviewbaohiem/posts/1746093093264681/?comment_id=1746530663220924,0,0,0,0,0,0,0,0,0,0
1746534029887254,1746093093264681,,https://www.facebook.com/groups/hoireviewbaohiem/posts/1746093093264681/,2026-09-02,Hữu duyên quan tâm ib mk nhé,hoireviewbaohiem,labeled,0,Nguyễn Thị Huyền,https://www.facebook.com/groups/hoireviewbaohiem/posts/1746093093264681/?comment_id=1746534029887254,0,0,0,0,0,0,0,0,0,0
1746552009885456,1746093093264681,,https://www.facebook.com/groups/hoireviewbaohiem/posts/1746093093264681/,2026-09-02,Bạn liên hệ Nguyễn Hoa để đc tv nhé #TVTH768,hoireviewbaohiem,labeled,0,Ly Đặng,https://www.facebook.com/groups/hoireviewbaohiem/posts/1746093093264681/?comment_id=1746552009885456,1,1,0,0,0,0,0,0,0,0
1746583203215670,1746093093264681,,https://www.facebook.com/groups/hoireviewbaohiem/posts/1746093093264681/,2026-09-02,.,hoireviewbaohiem,labeled,0,ClassySloth1097,https://www.facebook.com/groups/hoireviewbaohiem/posts/1746093093264681/?comment_id=1746583203215670,0,0,0,0,0,0,0,0,0,0
1746873216520002,1746093093264681,,https://www.facebook.com/groups/hoireviewbaohiem/posts/1746093093264681/,2026-09-02,"Dạ em là TVV tư vấn và hỗ trợ claim về thẻ MIC care nhé ạ. Gần đây nhất em hỗ trợ claim cho 1 em bé mua thẻ Bạc có 2,3tr/năm thôi mà nằm viện tầm 4,5 đợt. Tính ra claim cũng tới gần 30tr rồi đó ạ. Claim online qua app nhanh chóng ạ. Em sẽ tư vấn và hỗ trợ anh chị nhé ạ",hoireviewbaohiem,labeled,0,Linh Linh,https://www.facebook.com/groups/hoireviewbaohiem/posts/1746093093264681/?comment_id=1746873216520002,0,0,0,0,0,0,0,0,0,0
1746978089842848,1746093093264681,,https://www.facebook.com/groups/hoireviewbaohiem/posts/1746093093264681/,2026-09-02,Em inbox 2 chuyên gia Nguyễn HoaZương Zuồi,hoireviewbaohiem,labeled,0,Ngô Thị Thu Thủy,https://www.facebook.com/groups/hoireviewbaohiem/posts/1746093093264681/?comment_id=1746978089842848,0,0,0,0,0,0,0,0,0,0
1747016159839041,1746093093264681,,https://www.facebook.com/groups/hoireviewbaohiem/posts/1746093093264681/,2026-09-02,Ib nhe Ngoài ra m có phương án chỉ tè 1.6tr/năm Đã bao gồm nội trú và ngoại trú,hoireviewbaohiem,labeled,0,Thuthu Huyền,https://www.facebook.com/groups/hoireviewbaohiem/posts/1746093093264681/?comment_id=1747016159839041,0,0,0,0,0,0,0,0,0,0
1746483243225666,1746123433261647,,https://www.facebook.com/groups/hoireviewbaohiem/posts/1746123433261647/,2026-09-02,Bên AIA đang có dòng thẻ chăm sóc sức khỏe trọn đời cho cả mẹ và bé đây ạ. Mẹ inbox em hoặc nhắn zalo để em tư vấn thêm cho mẹ nha 🥰🥰,hoireviewbaohiem,labeled,0,Minh Châu Phan,https://www.facebook.com/groups/hoireviewbaohiem/posts/1746123433261647/?comment_id=1746483243225666,0,0,0,0,0,0,0,0,1,1
1746491629891494,1746123433261647,,https://www.facebook.com/groups/hoireviewbaohiem/posts/1746123433261647/,2026-09-02,"Chúc mừng bạn nhé, mong hai mẹ con có một thai kỳ thật khỏe mạnh ❤️ Bạn tìm hiểu BH trong giai đoạn này là rất phù hợp, để chuẩn bị sẵn phương án; sau sinh sẽ đỡ cập rập và có nhiều thời gian tập trung chăm con hơn. Với AIA, mẹ có thể tham gia BHNT kèm thẻ sức khỏe để bảo vệ lâu dài. Chi phí thai sản của lần mang thai hiện tại sẽ không được chi trả, nhưng sau khi bé chào đời và đủ 30 ngày tuổi, bạn có thể gắn thêm thẻ sức khỏe cho bé vào chung hợp đồng của mẹ mà không cần mở riêng BHNT cho con. Bạn inbox hoặc Zalo 0776457460, Ninh sẽ dựa vào tình trạng sức khỏe và ngân sách để thiết kế phương án phù hợp cho hai mẹ con nhé. #CC11",hoireviewbaohiem,labeled,0,Vũ Ninh,https://www.facebook.com/groups/hoireviewbaohiem/posts/1746123433261647/?comment_id=1746491629891494,0,0,0,0,0,0,0,0,0,0
1746499369890720,1746123433261647,,https://www.facebook.com/groups/hoireviewbaohiem/posts/1746123433261647/,2026-09-02,"Bảo hiểm cho Mẹ thì bạn nên mua luôn từ bây giờ càng sớm càng tốt - vì trong thai kỳ cơ thể tụi mình thay đổi rất nhiều, và cũng sẽ thực hiện rất nhiều xét nghiệm chuyên sâu về gen. Còn bảo hiểm cho con thì bạn chờ con sinh ra, đủ 30 ngày tuổi thì có thể thêm luôn vào HĐ để bảo vệ trọn vẹn nhé! Quan trọng nhất, Sun Life đang là bên có quyền lợi cho trẻ em rất rộng: ☀️ 𝗞𝗵𝗼̂𝗻𝗴 đ𝗼̂̀𝗻𝗴 𝗰𝗵𝗶 𝘁𝗿𝗮̉ dù BV công hay tư ☀️ Các 𝘅𝗲́𝘁 𝗻𝗴𝗵𝗶𝗲̣̂𝗺 𝗮̂𝗺 𝘁𝗶́𝗻𝗵 hoặc 𝘃𝗶𝘁𝗮𝗺𝗶𝗻/𝘁𝗵𝘂𝗼̂́𝗰 𝗯𝗼̂̉ có liên quan đến chẩn đoán và phục vụ trực tiếp cho việc điều trị cũng được trả. ☀️ 𝗧𝗶𝗲̂̀𝗻 𝗴𝗶𝘂̛𝗼̛̀𝗻𝗴 đ𝘂̛𝗼̛̣𝗰 𝘁𝗮́𝗰𝗵 𝗿𝗶𝗲̂𝗻𝗴 với công chăm sóc, nên không cần mua hạn mức cao vẫn được chi trả nhiều. ☀️ 𝗧𝗮́𝗶 𝘁𝘂̣𝗰 𝗼̂̉𝗻 đ𝗶̣𝗻𝗵, cam kết giảm phí hàng năm với các bé từ 0-5 tuổi, giảm gánh nặng tài chính cho mẹ. Mom inbox hoặc zalo 0901836335 Thảo tư vấn chi tiết quyền lợi cho hai mẹ con nhen 🤗",hoireviewbaohiem,labeled,0,Nguyen Minh Thao,https://www.facebook.com/groups/hoireviewbaohiem/posts/1746123433261647/?comment_id=1746499369890720,0,0,0,0,0,0,0,0,0,0
1746505106556813,1746123433261647,,https://www.facebook.com/groups/hoireviewbaohiem/posts/1746123433261647/,2026-09-02,"Có 2 phương án bảo vệ cho Mẹ và Bé là thẻ sức khỏe rời hoặc Nhân thọ cho Mẹ đính kèm Bé nhé ạ Và em khuyên chị nên chọn luôn phương án 2: Mua 1 gói Nhân Thọ cjo Mẹ+ Đính kèm Bé ạ. Vì 1 số lí do như sau: 1. Mẹ và Bé sẽ tham gia được đầy đủ quyền lợi. Ngoài thẻ sức khỏe ra còn bảo vệ được: Sinh mệnh, tai nạn, bệnh lí, thẻ sức khỏe, trợ cấp y tế=> Và phải từng này quyền lợi mới đảm bảo là 1 phương án bảo vệ dự phòng dài hạn 2. Nhân thọ luôn Đầy Đủ quyền lợi, số tiền bảo vệ Cao, phạm vi bảo vệ Rộng, Ổn Định, Lâu Dài. Không bị lo thấp thỏm dừng sản phẩm, cắt thẻ, tăng phí như việc mua thẻ rời. Và em tin ất kì ai cũng mong muốn được bảo vệ lâu dài đúng không ạ chị 3. Mình nên tham gia sớm bằng nhân thọ. Khi sức khỏe còn sạch đẹp. Cả Mẹ và Con. Nhất là Em Bé. Phải bảo vệ liền luôn ngay khi tròn 30 ngày tuổi. Em bé sẽ được bảo vệ trọn vẹn. Không loại trừ. Mua xong là an tâm dùng mãi ạ. Còn nếu mình tham gia thẻ rời 1 thời gian. Claim nhiều sẽ bị dừng tái tục, lúc ấy quay lại nhân thọ mua sẽ bị loại trừ toàn bộ bệnh có sẵn của bé rất thiệt thòi ạ Em có 2 câu chuyện của 2 Mẹ mua cho Em Bé. Và nó đã khiến em rút ra rất nhiều kinh nghiệm để tư vấn các Mẹ mua nhân thọ đính kèm con ạ * 1 người bạn của em mua thẻ rời cho Con. Mấy tháng vừa rồi Em Bé ốm khá nhiều, chữa trị dài hạn. Thẻ sức khỏe rời không đủ hạn mức chi trả, bạn ấy phải bù ra số tiền cũng khá lớn+ Chưa kể do claim nhiều đợt rồi, tới 2027 này bạn đang rất lo lắng không biết có được tái tục hay không * 1 bạn khác của em cũng mua thẻ rời cho bé. Claim 2,3 năm nay rồi rất đều đặn. Tới năm vừa rồi thì nhận thông báo dừng tái tục do claim vượt % tiêu chuẩn. Và giờ không còn loại hình nào khác ngoài quay lại mua nhân thọ cho con. Và như dự đoán em bé bị loại trừ toàn bộ các bệnh có sẵn đã mắc phải ạ. Cuối cùng vì muốn con được bảo vệ bạn đành chấp nhận kí thư mặc dù biết là thiệt thòi cho con Đấy là về Em Bé. Còn các Mẹ sau sinh sức khỏe cũng giảm sút rất nhiều. Có Mẹ thì bị tuyến giáp, tuyến vú, có mẹ thì bị trĩ rặng, đau nhức xương khớp...lại càng là lúc mong manh, yếu ớt cần được bảo vệ nhất Mình không có quá nhiều lần tham gia bảo hiểm. Nên em tư vấn kĩ cho chị như vậy để chị lựa chọn phương án tốt nhất cho cả mình và Con nha chị Nếu chị đang tìm 1 tư vấn viên tư vấn được cho mình phương án tốt nhất, phù hợp nhu cầu, phù hợp tài chính, kê khai sức khỏe, soạn hợp đồng chỉn chu, an tâm cũng như hỗ trợ bồi thường tận tình về sau này em sẽ tư vấn chi tiết hơn và gửi chị các tài liệu liên quan để mình tham khảo nhé ạ💕",hoireviewbaohiem,labeled,0,Linh Linh,https://www.facebook.com/groups/hoireviewbaohiem/posts/1746123433261647/?comment_id=1746505106556813,0,0,0,0,0,0,0,0,0,0
1746506219890035,1746123433261647,,https://www.facebook.com/groups/hoireviewbaohiem/posts/1746123433261647/,2026-09-02,"chào bạn. Mình là Vĩnh- tvv Daiichi . Trẻ nhỏ b tham khảo thẻ sk gắn nhân thọ cùng mẹ cho an tâm lâu dài nha. Như Daiichi ưu điểm : - Phí chỉ 2,7tr/năm cấp quỹ 1 tỷ/bệnh cho nằm viện.tiền giường hạn mức cao, bé được sử dụng ở những phòng có dịch vụ y tế tốt nhất đầy đủ điều hoà, tủ lạnh, tivi, suất ăn,,,, - Bảo vệ cả bệnh bẩm sinh mà các dòng thẻ khác trên thị trường k có - Đi khám chi trả 100% theo hạn mức b mua - Ngoaì ra b có thể mua thêm hỗ trợ viện phí thêm 400k/ngày như ngày công bố mẹ đi chăm con ốm - Thời gian chờ cho bé chỉ 30 ngày với các bệnh hay gặp ở trẻ Về cơ bản thẻ cho bé nhỏ hay người lớn bạn tham gia Daiichi có lợi cả về phí và quyền lợi. Inbox m tư vấn chi tiết cho nha #TVTH386",hoireviewbaohiem,labeled,0,Bùi Quang Vĩnh,https://www.facebook.com/groups/hoireviewbaohiem/posts/1746123433261647/?comment_id=1746506219890035,0,0,0,0,0,0,0,0,0,0
1746509369889720,1746123433261647,,https://www.facebook.com/groups/hoireviewbaohiem/posts/1746123433261647/,2026-09-02,"Chào ba mẹ, mình có thể tham khảo thêm dòng thẻ sức khoẻ đính kèm nhân thọ với ưu điểm: cam kết tái tục, cam kết không tăng phí hoặc cắt thẻ khi sử dụng nhiều 📲 Bạn nhắn qua Zalo để Vy tư vấn chi tiết từng gói nha: 0767134386 Vy cảm ơn bạn nhiều ạ 🥰",hoireviewbaohiem,labeled,0,Hoang Vy,https://www.facebook.com/groups/hoireviewbaohiem/posts/1746123433261647/?comment_id=1746509369889720,0,0,0,0,0,0,0,0,0,0
1746509446556379,1746123433261647,,https://www.facebook.com/groups/hoireviewbaohiem/posts/1746123433261647/,2026-09-02,"Chào ba mẹ, mình có thể tham khảo thêm dòng thẻ sức khoẻ đính kèm nhân thọ với ưu điểm: cam kết tái tục, cam kết không tăng phí hoặc cắt thẻ khi sử dụng nhiều 📲 Bạn nhắn qua Zalo để Vy tư vấn chi tiết từng gói nha: 0767134386 Vy cảm ơn bạn nhiều ạ 🥰",hoireviewbaohiem,labeled,0,Hoang Vy,https://www.facebook.com/groups/hoireviewbaohiem/posts/1746123433261647/?comment_id=1746509446556379,0,0,0,0,0,0,0,0,0,0
1746562613217729,1746123433261647,,https://www.facebook.com/groups/hoireviewbaohiem/posts/1746123433261647/,2026-09-02,"Đủ 30 ngày tuổi thì mom có thể tham gia HĐ bảo vệ toàn diện hơn cho bé gồm những quyền lợi tối ưu như * Chi trả điều trị trong ngày đối với nhiều bệnh lý như viêm phổi, viêm phế quản, sốt xuất huyết, cúm…-> Hút đờm, hít khí dung, tiêm truyền, chích áp xe trong ngày cũng được trả. * Dùng hết hạn mức còn được hỗ trợ thêm 100% tại BV công kể cả khoa dịch vụ/khoa quốc tế * Kết hợp BHYT còn có thêm trợ cấp nằm viện theo ngày => Giúp ba mẹ an tâm cho con sử dụng dịch vụ y tế chất lượng cao, kể cả bệnh viện quốc tế, mà không quá áp lực chi phí. Mình là Huyền, tư vấn viên đã đồng hành cùng nhiều gia đình có con nhỏ. Dựa trên nhu cầu thực tế, khả năng tài chính và mục tiêu của từng gia đình, để giúp bạn chọn được phương án phù hợp và tối ưu nhất Bạn có thể nhắn mình qua Messenger hoặc Zalo 0989 782 526 nhé. 🥰 #CC36",hoireviewbaohiem,labeled,0,Jennie Nguyen,https://www.facebook.com/groups/hoireviewbaohiem/posts/1746123433261647/?comment_id=1746562613217729,0,0,0,0,0,0,0,0,0,0
1746654956541828,1746123433261647,,https://www.facebook.com/groups/hoireviewbaohiem/posts/1746123433261647/,2026-09-02,Hữu duyên quan tâm inbox mình gửi phương án bạn tham khảo nha￼,hoireviewbaohiem,labeled,0,Nguyễn Thị Huyền,https://www.facebook.com/groups/hoireviewbaohiem/posts/1746123433261647/?comment_id=1746654956541828,0,0,0,0,0,0,0,0,0,0
1747252566482067,1746123433261647,,https://www.facebook.com/groups/hoireviewbaohiem/posts/1746123433261647/,2026-09-02,"Để mua cho 2 mẹ con thì em tham khảo thêm của gen nhé, 0 đồng chi trả cho con ở cả công và tư với chi phí hấp dẫn đang có chương trình hoàn lại 30% phí thẻ sức khỏe. Inbox chị để được tư vấn cụ thể nhé",hoireviewbaohiem,labeled,0,Ngô Thị Thu Thủy,https://www.facebook.com/groups/hoireviewbaohiem/posts/1746123433261647/?comment_id=1747252566482067,0,0,0,0,0,0,0,0,0,0
1747317183142272,1746123433261647,,https://www.facebook.com/groups/hoireviewbaohiem/posts/1746123433261647/,2026-09-03,"Bạn tham khảo thử phương án mình gửi của Daiichi nhé. 1. Ngoại trú: ba mẹ có thể yên tâm vì chi trả 100% Với các bé nhỏ, chi phí phát sinh thường xuyên nhất lại không phải lúc nào cũng là nằm viện. Mà là: Khám sốt, ho, viêm họng, viêm mũi. Tiền th.uốc. Xét nghiệm. Siêu âm. Tái khám. Phần này, ngoại trú Dai-ichi Life chi trả 100% sau thời gian chờ chỉ 30 ngày, viêm phổi, viêm phế quản cũng chỉ cần chờ 30 ngày thôi nha 😀 2. Nội trú: 70% nhưng không còn là nỗi lo nếu biết kết hợp đúng Đúng là với bé dưới 6 tuổi, thẻ nội trú Dai-ichi Life hiện chi trả 70%. (Nhưng phí daiichi rất rẻ gói tiền phòng 3tr/ ngày daiichi có 2,73tr/ ngày thôi b ạ, nếu b muốn 100% thì m có giải pháp hỗ trợ bù đủ phần này cho ebe) Từ đủ 6 tuổi không cần thẩm định lại sức khỏe tự động chuyển lên trả 100%. Gói trên mình sẽ kết hợp gói nhân thọ min 8tr/ năm b ạ để tham gia thẻ nha. Mình là Linh tvv nhà Daiichi có 10 năm KN làm việc hỗ trợ KH. Hữu duyên kết nối cùng bạn trao đổi. #tvth898",hoireviewbaohiem,labeled,0,Cao Thị Linh,https://www.facebook.com/groups/hoireviewbaohiem/posts/1746123433261647/?comment_id=1747317183142272,0,0,0,0,0,0,0,0,0,0
1746493989891258,1746187633255227,,https://www.facebook.com/groups/hoireviewbaohiem/posts/1746187633255227/,2026-09-02,"Với bé 2 tuổi, khoảng 10 triệu/năm là đã có thể tham gia AIA gồm phần nhân thọ tối thiểu và thẻ sức khỏe nội trú, ngoại trú rồi ạ. Quyền lợi sử dụng được tại cả bệnh viện công và tư, có bảo lãnh viện phí; 90% hồ sơ bồi thường được xử lý trong 24 giờ. Đặc biệt, không lo bé bồi thường nhiều rồi bị cắt thẻ hoặc tăng phí. Bạn cho Ninh hỏi bé thường khám ở bệnh viện công hay bệnh viện tư và trước đây đã từng điều trị bệnh gì chưa nhé? Bạn có thể inbox hoặc liên hệ Zalo 0776457460, Ninh tư vấn phương án phù hợp cho bé ạ. #CC11",hoireviewbaohiem,labeled,0,Vũ Ninh,https://www.facebook.com/groups/hoireviewbaohiem/posts/1746187633255227/?comment_id=1746493989891258,0,0,0,0,0,0,0,0,0,0
1746501796557144,1746187633255227,,https://www.facebook.com/groups/hoireviewbaohiem/posts/1746187633255227/,2026-09-02,"Chào em, tiêu chí quan trọng nhất khi chọn thẻ sức khỏe cho em bé với chị là thời gian chờ, mức đồng chi trả và tái tục ổn định. Với bé dưới 6 tuổi thì em có thể tìm hiểu Sun Life nha, bên này không đồng chi trả với trẻ em, trả 100% phạm vi bảo hiểm dù BV công lập hay tư nhân. Đây cũng là bên hiếm hoi có trả cho các chi phí xét nghiệm âm tính tầm soát, kể cả vitamin/ thuốc bổ. Bảo lãnh viện phí toàn quốc, claim hoàn toàn qua app, tái tục ổn định và cam kết giảm phí bảo hiểm hàng năm theo tuổi của bé siêu có lợi luôn. Chị là Minh Thảo - chuyên viên quản lý khách hàng cao cấp của Sun Life Vietnam, em inbox hoặc zalo 0901836335 Thảo tư vấn chi tiết gói bảo hiểm phù hợp cho bé nhen 🤗 Cảm ơn em! #GDC7",hoireviewbaohiem,labeled,0,Nguyen Minh Thao,https://www.facebook.com/groups/hoireviewbaohiem/posts/1746187633255227/?comment_id=1746501796557144,0,0,0,0,0,0,0,0,0,0
1746512563222734,1746187633255227,,https://www.facebook.com/groups/hoireviewbaohiem/posts/1746187633255227/,2026-09-02,"Chào ba mẹ, mình có thể tham khảo thêm dòng thẻ sức khoẻ đính kèm nhân thọ với ưu điểm: cam kết tái tục, cam kết không tăng phí hoặc cắt thẻ khi sử dụng nhiều 📲 Bạn nhắn qua Zalo để Vy tư vấn chi tiết từng gói nha: 0767134386 Vy cảm ơn bạn nhiều ạ 🥰 #GDA18",hoireviewbaohiem,labeled,0,Hoang Vy,https://www.facebook.com/groups/hoireviewbaohiem/posts/1746187633255227/?comment_id=1746512563222734,0,0,0,0,0,0,0,0,0,0
1746531489887508,1746187633255227,,https://www.facebook.com/groups/hoireviewbaohiem/posts/1746187633255227/,2026-09-02,"Không seeding , chỉ gửi bạn chính feedback khách hàng Generalu của mình _ bé 2 tuổi nên tham gia Gen để được chi 100% nhé ( Gen là 1 trong số rất ít công ty BH không đồng chi mọi lứa tuổi ) Ngoài ra bạn qua tường FB mình xem thêm những feedback thực tế khác nhé #CC12 Inbox mình tư vấn gói cho bé chỉ từ 10 triệu/ năm - 𝐊𝐡𝐚́𝐧𝐡 𝐇𝐚̀ 𝐁𝐚̉𝐨 𝐡𝐢𝐞̂̉𝐦 | 𝐁𝐚̉𝐨 𝐡𝐢𝐞̂̉𝐦 𝐆𝐞𝐧𝐞𝐫𝐚𝐥𝐢 - 𝑪𝒉𝒂̆𝒎 𝒔𝒐́𝒄 & đ𝒐̂̀𝒏𝒈 𝒉𝒂̀𝒏𝒉 𝒌𝒉𝒂́𝒄𝒉 𝒉𝒂̀𝒏𝒈 𝒕𝒓𝒆̂𝒏 𝒕𝒐𝒂̀𝒏 𝒒𝒖𝒐̂́𝒄 📞 09.686.739.7️⃣6️⃣",hoireviewbaohiem,labeled,0,Khánh Hà Generali,https://www.facebook.com/groups/hoireviewbaohiem/posts/1746187633255227/?comment_id=1746531489887508,0,0,0,0,0,0,0,0,1,2
1746531926554131,1746187633255227,1746531489887508.0,https://www.facebook.com/groups/hoireviewbaohiem/posts/1746187633255227/,2026-09-02,"Tháng 9 này Generali đang tặng 30% phí thẻ sk của con cơ , siu lợi nếu mua cho con Gen trong tháng này 👌 #CC12",hoireviewbaohiem,labeled,1,Khánh Hà Generali,https://www.facebook.com/groups/hoireviewbaohiem/posts/1746187633255227/?comment_id=1746531489887508&reply_comment_id=1746531926554131,0,0,0,0,0,0,0,0,1,1
1746533163220674,1746187633255227,1746531926554131.0,https://www.facebook.com/groups/hoireviewbaohiem/posts/1746187633255227/,2026-09-02,"Generali bảo lãnh nhanh gọn b nhé . Tháng này tham gia gói Gen cho bé : 👉 14 triệu / năm tặng còn 11 triệu / năm . Mình gửi ưu điểm thẻ Gen - đặc biệt là cho bé : ✅ Thẻ Generali KHÔNG ĐỒNG CHI ở mọi lứa tuổi ✅ Bé tham gia độc lập, không cần kèm theo bố mẹ ✅ Hạn mức chi trả từng hạng mục cao ✅ Bảo lãnh tại hơn 500 cơ sở y tế trên cả nước ✅ Mức phí đóng sản phẩm chính hàng năm chỉ từ 6 triệu đã có thể gắn thêm thẻ sk cho cả nhà ✅ Không giới hạn tiền giường trên 1 năm ✅ Nằm viện công còn có tiền cầm về ✅ Xét nghiệm âm tính vẫn được chi trả ( miễn là do bác sỹ chỉ định để xác định bệnh) ✅ Linh hoạt thiết kế sản phẩm thẻ : Nội trú - Ngoại trú - Nha khoa - đặc biệt là Thai sản ✅ Tặng khám sức khoẻ tổng quát miễn phí (năm thứ 2 HĐ) 🆘 Ở Gen chi trả chi phí điều trị ung thư cho MỌI PHƯƠNG PHÁP ĐIỀU TRỊ DO BÁC SỸ CHỈ ĐỊNH ngay cả những phương pháp mới nhất trong tương lai - 𝐊𝐡𝐚́𝐧𝐡 𝐇𝐚̀ 𝐁𝐚̉𝐨 𝐡𝐢𝐞̂̉𝐦 | 𝐁𝐚̉𝐨 𝐡𝐢𝐞̂̉𝐦 𝐆𝐞𝐧𝐞𝐫𝐚𝐥𝐢 - 𝑪𝒉𝒂̆𝒎 𝒔𝒐́𝒄 & đ𝒐̂̀𝒏𝒈 𝒉𝒂̀𝒏𝒉 𝒌𝒉𝒂́𝒄𝒉 𝒉𝒂̀𝒏𝒈 𝒕𝒓𝒆̂𝒏 𝒕𝒐𝒂̀𝒏 𝒒𝒖𝒐̂́𝒄 📞 09.686.739.7️⃣6️⃣",hoireviewbaohiem,labeled,2,Khánh Hà Generali,https://www.facebook.com/groups/hoireviewbaohiem/posts/1746187633255227/?comment_id=1746531489887508&reply_comment_id=1746533163220674,0,0,0,0,0,0,0,0,0,0
1746533786553945,1746187633255227,,https://www.facebook.com/groups/hoireviewbaohiem/posts/1746187633255227/,2026-09-02,Bạn tham khảo thẻ sk của Daiichi nhé ạ!,hoireviewbaohiem,labeled,0,Ngoc Anh,https://www.facebook.com/groups/hoireviewbaohiem/posts/1746187633255227/?comment_id=1746533786553945,0,0,0,0,0,0,0,0,0,0
1746550503218940,1746187633255227,,https://www.facebook.com/groups/hoireviewbaohiem/posts/1746187633255227/,2026-09-02,"Hi em, c tên Vân, zalo 0867797007 Hải Vân, TVV Bh AIA, c ở SG. ❤️ Hiện tại các thẻ SK đều có giới hạn phụ/ đợt điều trị có pthuat/ko pthuat/ thủ thuật hay điều trị UT trong ngày NHƯNG AIA THÌ KHÔNG BỊ VẤN ĐỀ NÀY. Nếu tài chính có thể tách riêng cho con thì tốt hơn vì kèm chung tuy có tiết kiệm phần phí BhNt nhưng sẽ dễ bị rủi ro khi HD của Ba/Mẹ không may mất hiệu lực thì con sẽ bị dừng theo. 👉em cân nhắc thêm lựa chọn AIA cho bé vì: 🍀 0-4 tuổi thì AIA chi trả 100% tại bv công (kể cả khoa qte,dvu), riêng bv tư thì 80/20. 🍀 5 tuổi trở lên là chi trả 100% nha. ✅ Tuổi tham gia: 30 ngày tuổi-70 tuổi (mua dc cho Ba Mẹ dù đã lớn tuổi) ✅ Tuổi hiệu lực: đến 100 tuổi. 🍀 Chi trả 100% chi phí điều trị, KHÔNG BỊ GIỚI HẠN SỐ TIỀN XX KHI CÓ PHẪU THUẬT HAY KHÔNG. 🍀 Chi trả 100% chi phí thủ thuật, pthuat trong ngày,không nhập viện qua đêm mà không cần mua ngoại trú (đc tính vào quyền lợi nội trú và trả max 100% hạn mức thẻ).(hầu hết các cty khác sẽ có gioi hạn phụ và ko chi trả thủ thuật trong ngày) 🍀 Chi trả 100% chi phí điều trị UT,BHN,bao gồm hoá,xạ,biện pháp trúng đích mà KHÔNG BỊ GIỚI HẠN SỐ TIỀN/ĐỢT ĐIỀU TRỊ VÀ KHÔNG CẦN NHẬP VIỆN QUA ĐÊM,miễn trong hạn mức thẻ. ✅ AIA chi trả điều trị cấp cứu do TN và BỆNH (hiện tại đa số các cty đang chỉ trả do Tai Nạn) 💢 TẶNG THÊM 100% HẠN MỨC THẺ KHI DÙNG TẠI BV CÔNG (BAO GỒM CẢ KHOA DVU VÀ KHOA QTE) - hiện các cty không có phần này HÀNG NĂM 👉 việc phù hợp hay không thì em có thể chọn 1 TVV AIA và 1 TVV cty bạn, nghe tư vấn kỹ trước. 👉Phí BHNT của AIa thì 5-8 trieu/năm chưa tính phí thẻ SK là có thể mua đc gói cơ bản hoặc nâng cao (tầm 12-15 trieu/năm cho tổng phí) ❣️ Nếu có quan tâm, có thể thoải mái ib hỏi Vân, mua hay ko tính sau,hiểu trước rồi cân nhắc. Mua BH là an tâm dài lâu, không nên là gánh nặng mai sau #gdb33 #AIA",hoireviewbaohiem,labeled,0,Pig Kute,https://www.facebook.com/groups/hoireviewbaohiem/posts/1746187633255227/?comment_id=1746550503218940,0,0,0,0,0,0,0,0,0,0
1746552709885386,1746187633255227,,https://www.facebook.com/groups/hoireviewbaohiem/posts/1746187633255227/,2026-09-02,Bùi Minh,hoireviewbaohiem,labeled,0,Mai Nguyen Nhu,https://www.facebook.com/groups/hoireviewbaohiem/posts/1746187633255227/?comment_id=1746552709885386,1,1,0,0,0,0,0,0,1,1
1746592776548046,1746187633255227,,https://www.facebook.com/groups/hoireviewbaohiem/posts/1746187633255227/,2026-09-02,B tham khảo Daiichi ib mình nhé - Điều kiện tối thiểu mua thẻ sk bên Daiichi là phí nhân thọ 8tr HĐ 10-15-20-25 năm Có lãi suất cam kết nhận về: 10 năm 103% 15 năm 105% 20 năm 110% 25 năm 115% - Thẻ sk cam kết tái tục hàng năm - Thanh toán cả bệnh bẩm sinh Lh 0376212939,hoireviewbaohiem,labeled,0,Huyền Trần,https://www.facebook.com/groups/hoireviewbaohiem/posts/1746187633255227/?comment_id=1746592776548046,0,0,0,0,0,0,0,0,0,0
1746600839880573,1746187633255227,,https://www.facebook.com/groups/hoireviewbaohiem/posts/1746187633255227/,2026-09-02,"Bạn cho mình xin thêm bé thường khám viện công hay tư, cần chủ yếu nội trú hay cả ngoại trú, tình trạng sức khỏe hiện tại và ngân sách dự kiến/năm. Mình sẽ dựa vào nhu cầu + khả năng tài chính để lọc phương án phù hợp. Không nhất thiết phải mua gói cao nhất, quan trọng là đúng quyền lợi mình cần và duy trì được lâu dài ạ Mình là Huyền, tư vấn viên đã đồng hành cùng nhiều gia đình có con nhỏ. Dựa trên nhu cầu thực tế, khả năng tài chính và mục tiêu của từng gia đình, để giúp bạn chọn được phương án phù hợp và tối ưu nhất Bạn có thể nhắn mình qua Messenger hoặc Zalo 0989 782 526 nhé. 🥰#CC36",hoireviewbaohiem,labeled,0,Jennie Nguyen,https://www.facebook.com/groups/hoireviewbaohiem/posts/1746187633255227/?comment_id=1746600839880573,0,0,0,0,0,0,0,0,0,0
1746609719879685,1746187633255227,,https://www.facebook.com/groups/hoireviewbaohiem/posts/1746187633255227/,2026-09-02,"Mỗi hãng sẽ có những ưu điểm hạn chế riêng. Bạn chia sẻ thêm các thông tin sau để được tư vấn gói phù hợp nha: - Con trộm vía khoẻ mạnh hay trước giờ đã từng điều trị hay thăm khám gì chưa? ví dụ các bệnh về hô hấp, tiêu hoá… - Nhu cầu sử dụng y tế ở viện nào? viện công hay viện tư? - Mong muốn được bảo vệ những quyền lợi gì? (tai nạn, bệnh hiểm nghèo, thẻ sức khoẻ…) - Tài chính dự định tối thiểu cho gói BH là bao nhiêu? Với tiêu chí tham khảo thẻ sức khỏe thì bạn lưu ý thêm 1 số điểm sau nha: - Đồng chi trả hay không đồng chi trả (với bé sơ sinh giai đoạn 0-5t thì 1 số hãng sẽ áp đồng chi trả, có bên 80/20; có bên 70/30) - Hạn mức chi trả (có bên giới hạn theo đợt điều trị, có bên giới hạn theo đầu bệnh) Mình hiện phân phối đầy đủ các hãng BHSK cho bé,bạn có thể ib mình để tham khảo khách quan các bên, từ đó lựa chọn phương án từ vấn phù hợp. #gdb50",hoireviewbaohiem,labeled,0,Thuy Duong Nguyen,https://www.facebook.com/groups/hoireviewbaohiem/posts/1746187633255227/?comment_id=1746609719879685,0,0,0,0,0,0,0,0,0,0
1746645129876144,1746187633255227,1746552709885386.0,https://www.facebook.com/groups/hoireviewbaohiem/posts/1746187633255227/,2026-09-02,OK bạn mến ! Mai Nguyen Nhu,hoireviewbaohiem,labeled,1,Bùi Minh,https://www.facebook.com/groups/hoireviewbaohiem/posts/1746187633255227/?comment_id=1746552709885386&reply_comment_id=1746645129876144,0,0,0,0,0,0,0,0,0,0
1746650119875645,1746187633255227,,https://www.facebook.com/groups/hoireviewbaohiem/posts/1746187633255227/,2026-09-02,Chào b B muốn thẻ sk rời hay thẻ sk đi kèm tích luỹ cho bé a? Ngân sách khoảng bn ạ? Huyền có đủ 2 loại thẻ trên. Có bảng so sánh và điều khoản chi tiết từng hãng. Hữu duyên ib mk hỗ trợ naaa,hoireviewbaohiem,labeled,0,Nguyễn Thị Huyền,https://www.facebook.com/groups/hoireviewbaohiem/posts/1746187633255227/?comment_id=1746650119875645,0,0,0,0,0,0,0,0,0,0
1746981103175880,1746187633255227,,https://www.facebook.com/groups/hoireviewbaohiem/posts/1746187633255227/,2026-09-02,Bé 2 tuổi thì điều trị ở viện công 24 được chi trả 100% hạn mức ib chị tư vấn cụ thể nhé,hoireviewbaohiem,labeled,0,Ngô Thị Thu Thủy,https://www.facebook.com/groups/hoireviewbaohiem/posts/1746187633255227/?comment_id=1746981103175880,0,0,0,0,0,0,0,0,0,0
1746991639841493,1746187633255227,,https://www.facebook.com/groups/hoireviewbaohiem/posts/1746187633255227/,2026-09-02,"Trẻ nhỏ 2 tuổi b tham khảo thẻ sk gắn nhân thọ cho an tâm lâu dài nha. Như Daiichi ưu điểm : - Phí chỉ 2,7tr/năm cấp quỹ 1 tỷ/bệnh cho nằm viện.tiền giường hạn mức cao, bé được sử dụng ở những phòng có dịch vụ y tế tốt nhất đầy đủ điều hoà, tủ lạnh, tivi, suất ăn,,,, - Bảo vệ cả bệnh bẩm sinh mà các dòng thẻ khác trên thị trường k có - Đi khám chi trả 100% theo hạn mức b mua - Ngoaì ra b có thể mua thêm hỗ trợ viện phí thêm 400k/ngày như ngày công bố mẹ đi chăm con ốm - Thời gian chờ cho bé chỉ 30 ngày với các bệnh hay gặp ở trẻ Về cơ bản thẻ cho bé nhỏ hay người lớn bạn tham gia Daiichi có lợi cả về phí và quyền lợi. Inbox m tư vấn chi tiết cho nha #TVTH386",hoireviewbaohiem,labeled,0,Bùi Quang Vĩnh,https://www.facebook.com/groups/hoireviewbaohiem/posts/1746187633255227/?comment_id=1746991639841493,0,0,0,0,0,0,0,0,0,0
1747286939811963,1746187633255227,,https://www.facebook.com/groups/hoireviewbaohiem/posts/1746187633255227/,2026-09-03,Chào b B muốn thẻ sk rời hay thẻ sk đi kèm tích luỹ cho bé a? Ngân sách khoảng bn ạ? Huyền có đủ 2 loại thẻ trên. Có bảng so sánh và điều khoản chi tiết từng hãng. Hữu duyên ib mk hỗ trợ naaa,hoireviewbaohiem,labeled,0,Nguyễn Thị Huyền,https://www.facebook.com/groups/hoireviewbaohiem/posts/1746187633255227/?comment_id=1747286939811963,0,0,0,0,0,0,0,0,0,0
1746534216553902,1746429153231075,,https://www.facebook.com/groups/hoireviewbaohiem/posts/1746429153231075/,2026-09-02,Mom tham khảo Fuse của Tech nhé,hoireviewbaohiem,labeled,0,Nguyễn Ngọc,https://www.facebook.com/groups/hoireviewbaohiem/posts/1746429153231075/?comment_id=1746534216553902,0,0,0,0,0,0,0,0,0,0
1746544773219513,1746429153231075,,https://www.facebook.com/groups/hoireviewbaohiem/posts/1746429153231075/,2026-09-02,Thẻ rời dưới 1 tuổi siêu mắc. Claim nhiều là năm sau tăng phí hoặc ko bán nữa. Tính già hoá non,hoireviewbaohiem,labeled,0,Anonymous participant 889,https://www.facebook.com/groups/hoireviewbaohiem/posts/1746429153231075/?comment_id=1746544773219513,0,0,0,0,0,0,0,0,0,0
1746550276552296,1746429153231075,,https://www.facebook.com/groups/hoireviewbaohiem/posts/1746429153231075/,2026-09-02,Bùi Minh,hoireviewbaohiem,labeled,0,Mai Nguyen Nhu,https://www.facebook.com/groups/hoireviewbaohiem/posts/1746429153231075/?comment_id=1746550276552296,1,1,0,0,0,0,0,0,0,0
1746551193218871,1746429153231075,,https://www.facebook.com/groups/hoireviewbaohiem/posts/1746429153231075/,2026-09-02,"Trước khi lựa chọn thẻ rời hay thẻ kèm nhân thọ em nên hiểu bản chất trước. Thẻ rời không dở, nhưng không là cam kết dài hạn giữa đôi bên nên hãng nào cũng quy định rõ ràng là họ có toàn quyền tái thẩm định sức khỏe và dựa vào lịch sử bồi thường để đưa ra quyết định tái tục: tăng phí hay từ chối. Thẻ rời chỉ phù hợp với những ai mong muốn ngắn hạn vài tháng 1 năm, hoặc bù đắp quyền lợi. Kể cả doanh nghiệp mua cho nhân viên bây giờ họ còn ưu tiên thẻ nhân thọ để được ổn định tái tục. ☀️☀️☀️ Ngược lại, thẻ và quyền lợi đi kèm nhân thọ là mình đang mua sỉ với hợp đồng nhân thọ, cho nên tái tục ổn định hơn, chi phí tính ra rẻ hơn vì quyền lợi cao hơn rất nhiều, trải nghiệm khi claims bảo hiểm luôn luôn mượt mà hơn. ☀️☀️☀️ Chọn thẻ nào cũng được, có bảo hiểm chính ra là đã rất tốt rồi, nhưng hiểu rõ rồi mới chọn thì mới không vướng mắc và hiểu lầm bảo hiểm về sau em nhé!",hoireviewbaohiem,labeled,0,Nguyen Minh Thao,https://www.facebook.com/groups/hoireviewbaohiem/posts/1746429153231075/?comment_id=1746551193218871,0,0,0,0,0,0,0,0,0,0
1746556509885006,1746429153231075,,https://www.facebook.com/groups/hoireviewbaohiem/posts/1746429153231075/,2026-09-02,"Thủ tục nhanh gọn nhất là làm bảo lãnh. Manulife hiện là cổng ty có phạm vi bảo lãnh rộng nhất ￼Hồ sơ y tế nhanh hay chậm còn tùy thuộc vào từng bệnh , người tư vấn viện nắm rõ thủ tục giấy tờ của bạn còn các quyền lợi các bên cũng không chênh lệch nhau quá nhiều. #TVTH768",hoireviewbaohiem,labeled,0,Ly Đặng,https://www.facebook.com/groups/hoireviewbaohiem/posts/1746429153231075/?comment_id=1746556509885006,0,0,0,0,0,0,0,0,0,0
1746655349875122,1746429153231075,,https://www.facebook.com/groups/hoireviewbaohiem/posts/1746429153231075/,2026-09-02,"B tham khảo mic, vbi và techcom cho bé nhé Quan tâm ib mk gửi b tham khảo",hoireviewbaohiem,labeled,0,Nguyễn Thị Huyền,https://www.facebook.com/groups/hoireviewbaohiem/posts/1746429153231075/?comment_id=1746655349875122,0,0,0,0,0,0,0,0,0,0
1746717693202221,1746429153231075,,https://www.facebook.com/groups/hoireviewbaohiem/posts/1746429153231075/,2026-09-02,"Tham khảo thẻ AIA b nhé . Thẻ on top của thị trg bảo hiểm . Chi trả full hạn mức (700tr) cho tất cả các bệnh lý , k bị giới hạn . Tiền giường 2 tr/ ngày. K tăng phí, k cắt thẻ . 5tr nhân thọ là mua dc thẻ nhà AIA r ạ . E Là Thảo , từ AIA Ha nội. Thân gửi tới c .",hoireviewbaohiem,labeled,0,Thảo Thảo,https://www.facebook.com/groups/hoireviewbaohiem/posts/1746429153231075/?comment_id=1746717693202221,0,0,0,0,0,0,0,0,0,0
1746978589842798,1746429153231075,,https://www.facebook.com/groups/hoireviewbaohiem/posts/1746429153231075/,2026-09-02,Em tham khảo của Gen nhé chi trả 100% ở cả công và tư,hoireviewbaohiem,labeled,0,Ngô Thị Thu Thủy,https://www.facebook.com/groups/hoireviewbaohiem/posts/1746429153231075/?comment_id=1746978589842798,0,0,0,0,0,0,0,0,0,0
1747319149808742,1746429153231075,,https://www.facebook.com/groups/hoireviewbaohiem/posts/1746429153231075/,2026-09-03,"Thẻ rời b tham khảo qua Zương Zuồi nhé. Còn nếu muốn tìm sp an tâm bv dài hạn cho ebe, k lo tăng phí hay từ chối thẻ b tham khảo Daiichu nha. Bạn tham khảo thử phương án mình gửi của Daiichi nhé. 1. Ngoại trú: ba mẹ có thể yên tâm vì chi trả 100% Với các bé nhỏ, chi phí phát sinh thường xuyên nhất lại không phải lúc nào cũng là nằm viện. Mà là: Khám sốt, ho, viêm họng, viêm mũi. Tiền th.uốc. Xét nghiệm. Siêu âm. Tái khám. Phần này, ngoại trú Dai-ichi Life chi trả 100% sau thời gian chờ chỉ 30 ngày, viêm phổi, viêm phế quản cũng chỉ cần chờ 30 ngày thôi nha 😀 2. Nội trú: 70% nhưng không còn là nỗi lo nếu biết kết hợp đúng Đúng là với bé dưới 6 tuổi, thẻ nội trú Dai-ichi Life hiện chi trả 70%. (Nhưng phí daiichi rất rẻ gói tiền phòng 3tr/ ngày daiichi có 2,73tr/ ngày thôi b ạ, nếu b muốn 100% thì m có giải pháp hỗ trợ bù đủ phần này cho ebe) Từ đủ 6 tuổi không cần thẩm định lại sức khỏe tự động chuyển lên trả 100%. Gói trên mình sẽ kết hợp gói nhân thọ min 8tr/ năm b ạ để tham gia thẻ nha. Mình là Linh tvv nhà Daiichi có 10 năm KN làm việc hỗ trợ KH. Hữu duyên kết nối cùng bạn trao đổi. #tvth898",hoireviewbaohiem,labeled,0,Cao Thị Linh,https://www.facebook.com/groups/hoireviewbaohiem/posts/1746429153231075/?comment_id=1747319149808742,0,0,0,0,0,0,0,0,1,1
1747320669808590,1746429153231075,1747319149808742.0,https://www.facebook.com/groups/hoireviewbaohiem/posts/1746429153231075/,2026-09-03,Cao Thị Linh cảm ơn Linh nha :*,hoireviewbaohiem,labeled,1,Zương Zuồi,https://www.facebook.com/groups/hoireviewbaohiem/posts/1746429153231075/?comment_id=1747319149808742&reply_comment_id=1747320669808590,0,0,0,0,0,0,0,0,0,0
1747332786474045,1746429153231075,,https://www.facebook.com/groups/hoireviewbaohiem/posts/1746429153231075/,2026-09-03,"💙 BẢO HIỂM NHÂN THỌ & PHI NHÂN THỌ – FUBON LIFE An tâm tài chính, bảo vệ cả gia đình trước rủi ro bệnh tật, tai nạn. Tư vấn miễn phí, chọn gói phù hợp thu nhập. 📲 Tú: 0919977059 – Hân: 0906807921",hoireviewbaohiem,labeled,0,Phạm Anh Tú,https://www.facebook.com/groups/hoireviewbaohiem/posts/1746429153231075/?comment_id=1747332786474045,0,0,0,0,0,0,0,0,0,0
1747338573140133,1746429153231075,,https://www.facebook.com/groups/hoireviewbaohiem/posts/1746429153231075/,2026-09-03,"AIA đang là cty top 1 chỉ số hài lòng của KH 3 năm liên tiếp, với: - Thủ tục giải quyết bồi thường 100% online - 90% hồ sơ đc giải quyết trong 24h Quan trọng là có tvv đồng hành để check và hướng dẫn KH lấy đủ giấy tờ. Nếu ưu tiên thẻ rời thì bạn nên so sánh kỹ hạn mức, thời gian chờ, điều kiện tái tục và quy trình bồi thường, chứ không chỉ nhìn mức phí ban đầu. AIA từ 8tr/năm là đã có thể tham gia rồi, không lo cắt thẻ hay tăng phí vì bồi thường nhiều. Ở dưới là quyết định chi trả nhanh chóng của AIA. Bé hiện có khỏe mạnh và từng đi khám hoặc điều trị bệnh gì chưa? Bạn dự định cho con khám chủ yếu ở bệnh viện công hay bệnh viện tư, ngân sách khoảng bao nhiêu/năm? Bạn có thể inbox hoặc Zalo 0776 457 460, Ninh giúp bạn chọn phương án thẻ rời hoặc AIA phù hợp nhất nhé. #CC11",hoireviewbaohiem,labeled,0,Vũ Ninh,https://www.facebook.com/groups/hoireviewbaohiem/posts/1746429153231075/?comment_id=1747338573140133,0,0,0,0,0,0,0,0,0,0
1746492616558062,1746464073227583,,https://www.facebook.com/groups/hoireviewbaohiem/posts/1746464073227583/,2026-09-02,B tham khảo Daiichi ib mình nhé - Điều kiện tối thiểu mua thẻ sk bên Daiichi là phí nhân thọ 8tr HĐ 10-15-20-25 năm Có lãi suất cam kết nhận về: 10 năm 103% 15 năm 105% 20 năm 110% 25 năm 115% - Thẻ sk cam kết tái tục hàng năm - Thanh toán cả bệnh bẩm sinh Lh 0376212939,hoireviewbaohiem,labeled,0,Huyền Trần,https://www.facebook.com/groups/hoireviewbaohiem/posts/1746464073227583/?comment_id=1746492616558062,0,0,0,0,0,0,0,0,0,0
1746501399890517,1746464073227583,,https://www.facebook.com/groups/hoireviewbaohiem/posts/1746464073227583/,2026-09-02,"Tổng hoà về quyền lợi chị vote Gen hơn nhé. Manu dạo này thiên về đầu tư hơn bảo vệ, mà em đang chưa có gói bảo hiểm nào hết nên hãy ưu tiên Gen, Sun Life và AIA",hoireviewbaohiem,labeled,0,Nguyen Minh Thao,https://www.facebook.com/groups/hoireviewbaohiem/posts/1746464073227583/?comment_id=1746501399890517,1,0,0,0,0,0,1,0,1,2
1746506503223340,1746464073227583,,https://www.facebook.com/groups/hoireviewbaohiem/posts/1746464073227583/,2026-09-02,Nhu cầu của e chi tiết hơn dc k?,hoireviewbaohiem,labeled,0,Bùi Quang Vĩnh,https://www.facebook.com/groups/hoireviewbaohiem/posts/1746464073227583/?comment_id=1746506503223340,0,0,0,0,0,0,0,0,1,5
1746507429889914,1746464073227583,1746506503223340.0,https://www.facebook.com/groups/hoireviewbaohiem/posts/1746464073227583/,2026-09-02,"E tham khảo thêm Daiichi ưu điểm : - quỹ 1 tỷ/bệnh cho nằm viện.tiền giường hạn mức cao, KH được sử dụng ở những phòng có dịch vụ y tế tốt nhất đầy đủ điều hoà, tủ lạnh, tivi, suất ăn,,,, với chi phí cực hợp lý - Bảo vệ cả bệnh bẩm sinh mà các dòng thẻ khác trên thị trường k có - Đi khám chi trả 100% theo hạn mức b mua - người lớn hay trẻ nhỏ bạn tham gia Daiichi có lợi cả về phí và quyền lợi. Inbox m tư vấn chi tiết cho nha #TVTH386",hoireviewbaohiem,labeled,1,Bùi Quang Vĩnh,https://www.facebook.com/groups/hoireviewbaohiem/posts/1746464073227583/?comment_id=1746506503223340&reply_comment_id=1746507429889914,0,0,0,0,0,0,0,0,4,4
1746510219889635,1746464073227583,1746501399890517.0,https://www.facebook.com/groups/hoireviewbaohiem/posts/1746464073227583/,2026-09-02,Nguyen Minh Thao c oi nhung e thấy mấy bên này giá thẻ cao qué,hoireviewbaohiem,labeled,1,ThrillingPersimmon3406,https://www.facebook.com/groups/hoireviewbaohiem/posts/1746464073227583/?comment_id=1746501399890517&reply_comment_id=1746510219889635,0,0,0,0,0,0,0,0,1,1
1746513993222591,1746464073227583,1746510219889635.0,https://www.facebook.com/groups/hoireviewbaohiem/posts/1746464073227583/,2026-09-02,"ThrillingPersimmon3406 các bên này thì Sun Life là nhẹ nhất. Cả 3 hãng đều là dòng thẻ có tái tục, cam kết phí bảo hiểm từ ban đầu, không tái thẩm định sức khỏe và không tăng phí theo lịch sử bồi thường. Nhìn vậy chứ không mắc đâu, xài 10-15 năm có hoàn lại luôn mà.",hoireviewbaohiem,labeled,2,Nguyen Minh Thao,https://www.facebook.com/groups/hoireviewbaohiem/posts/1746464073227583/?comment_id=1746501399890517&reply_comment_id=1746513993222591,0,0,0,0,0,0,0,0,0,0
1746518233222167,1746464073227583,,https://www.facebook.com/groups/hoireviewbaohiem/posts/1746464073227583/,2026-09-02,"Mỗi công ty sản phẩm đều có cái hay riêng. Quan trọng là nhu cầu hiện tại của b là gì. Cứ thiết kế đúng nhu cầu thì công ty nào cũng tốt, lựa đúng tvv nữa là yên tâm luôn. B cần thêm thông tin chi tiết ib/lh Ngân nhé 0981 918 995",hoireviewbaohiem,labeled,0,Ngân,https://www.facebook.com/groups/hoireviewbaohiem/posts/1746464073227583/?comment_id=1746518233222167,0,0,0,0,0,0,0,0,0,0
1746518653222125,1746464073227583,,https://www.facebook.com/groups/hoireviewbaohiem/posts/1746464073227583/,2026-09-02,"Mỗi hãng sẽ có những ưu điểm hạn chế riêng. Bạn chia sẻ thêm các thông tin sau để được tư vấn gói phù hợp nha: - Độ tuổi các thành viên gia đình? trộm vía khoẻ mạnh hay trước giờ đã từng điều trị hay thăm khám gì chưa? ví dụ các bệnh về hô hấp, tiêu hoá… - Nhu cầu sử dụng y tế ở viện nào? viện công hay viện tư? - Mong muốn được bảo vệ những quyền lợi gì? (tai nạn, bệnh hiểm nghèo, thẻ sức khoẻ…) - Tài chính dự định tối thiểu cho gói BH là bao nhiêu? Với tiêu chí tham khảo thẻ sức khỏe thì bạn lưu ý thêm 1 số điểm sau nha: - Đồng chi trả hay không đồng chi trả (với bé sơ sinh giai đoạn 0-5t thì 1 số hãng sẽ áp đồng chi trả, có bên 80/20; có bên 70/30) - Hạn mức chi trả (có bên giới hạn theo đợt điều trị, có bên giới hạn theo đầu bệnh) Mình hiện phân phối đầy đủ các hãng BHSK cho gia đình, bạn có thể ib mình để tham khảo khách quan các bên, từ đó lựa chọn phương án từ vấn phù hợp. #gdb50",hoireviewbaohiem,labeled,0,Thuy Duong Nguyen,https://www.facebook.com/groups/hoireviewbaohiem/posts/1746464073227583/?comment_id=1746518653222125,0,0,0,0,0,0,0,0,0,0
1746528159887841,1746464073227583,,https://www.facebook.com/groups/hoireviewbaohiem/posts/1746464073227583/,2026-09-02,"Chào bạn, mình ở miền Bắc , ib mình tư vấn bạn phương án Generali nhé Bạn đang quan tâm tham gia cho người được Bảo hiểm bao nhiêu tuổi nè Tháng này Gen đang tặng 20% -> 30% phí thẻ sức khoẻ nội ngoại trú đó ạ. Ib mình phân tích 2 bên cho b nhé #CC12 - 𝐊𝐡𝐚́𝐧𝐡 𝐇𝐚̀ 𝐁𝐚̉𝐨 𝐡𝐢𝐞̂̉𝐦 | 𝐁𝐚̉𝐨 𝐡𝐢𝐞̂̉𝐦 𝐆𝐞𝐧𝐞𝐫𝐚𝐥𝐢 - 𝑪𝒉𝒂̆𝒎 𝒔𝒐́𝒄 & đ𝒐̂̀𝒏𝒈 𝒉𝒂̀𝒏𝒉 𝒌𝒉𝒂́𝒄𝒉 𝒉𝒂̀𝒏𝒈 𝒕𝒓𝒆̂𝒏 𝒕𝒐𝒂̀𝒏 𝒒𝒖𝒐̂́𝒄 📞 09.686.73976",hoireviewbaohiem,labeled,0,Khánh Hà Generali,https://www.facebook.com/groups/hoireviewbaohiem/posts/1746464073227583/?comment_id=1746528159887841,0,0,0,0,0,0,0,0,0,0
1746548143219176,1746464073227583,1746507429889914.0,https://www.facebook.com/groups/hoireviewbaohiem/posts/1746464073227583/,2026-09-02,Bùi Quang Vĩnh 1 tỷ/bệnh/HĐ ạ hay /năm chứ nếu /HĐ thì bệnh hiểm nghèo k đủ,hoireviewbaohiem,labeled,2,TrustworthyTulip6386,https://www.facebook.com/groups/hoireviewbaohiem/posts/1746464073227583/?comment_id=1746506503223340&reply_comment_id=1746548143219176,0,0,0,0,0,0,0,0,0,0
1746553163218674,1746464073227583,,https://www.facebook.com/groups/hoireviewbaohiem/posts/1746464073227583/,2026-09-02,"Mỗi bên có những lợi thế khác nhau tùy theo nhu cầu của mình. Nhưng nếu xét tổng thể quyền lợi tai nạn, bệnh lý nghiêm trọng thì Manulife có nhiều ưu thế đấy ạ #TVTH768",hoireviewbaohiem,labeled,0,Ly Đặng,https://www.facebook.com/groups/hoireviewbaohiem/posts/1746464073227583/?comment_id=1746553163218674,0,0,0,0,0,0,0,0,0,0
1746576039883053,1746464073227583,1746548143219176.0,https://www.facebook.com/groups/hoireviewbaohiem/posts/1746464073227583/,2026-09-02,1 tỷ là trong suốt thời gian tham gia đây là hạng thẻ cao cấp. E lo bệnh hiểm nghèo thì mua hạng thịnh vượng 2 tỷ và mua quyền lợi Bệnh hiểm nghèo nữa nha.,hoireviewbaohiem,labeled,2,Bùi Quang Vĩnh,https://www.facebook.com/groups/hoireviewbaohiem/posts/1746464073227583/?comment_id=1746506503223340&reply_comment_id=1746576039883053,0,0,0,0,0,0,0,0,0,0
1746577389882918,1746464073227583,1746548143219176.0,https://www.facebook.com/groups/hoireviewbaohiem/posts/1746464073227583/,2026-09-02,"Thẻ sk là để kiểm soát chi phí y tế. Còn QL Bệnh hiểm nghèo phát huy tác dụng chính là trợ cấp thu nhập. A thấy quan trọng phù hợp cả nhu cầu tài chính của e nữa. Nếu tài chính tốt e mua thẻ Thịnh Vượng 2 tỷ và mua 1 tỷ mệnh giá QL Bệnh hiểm nghèo là an tâm e ah. Giờ bệnh hiểm nghèo phát hiện sớm đều có thể đtri như K giáp, K vú, trừ các bệnh hiểm nghèo khó dtri như về gan, phổi, máu, …thì lúc đó có bao nhiêu tiền cũng khó nhưng vẫn cần tiền để cứu chữa.",hoireviewbaohiem,labeled,2,Bùi Quang Vĩnh,https://www.facebook.com/groups/hoireviewbaohiem/posts/1746464073227583/?comment_id=1746506503223340&reply_comment_id=1746577389882918,0,0,0,0,0,0,0,0,0,0
1746578913216099,1746464073227583,1746548143219176.0,https://www.facebook.com/groups/hoireviewbaohiem/posts/1746464073227583/,2026-09-02,E có thể chia sẻ với bệnh hiểm nghèo thì chi phí tầm nào đủ k? Vì theo tổ chức y tế thế giới khuyến cáo thì cần tối thiểu 500tr cho 1 ng.,hoireviewbaohiem,labeled,2,Bùi Quang Vĩnh,https://www.facebook.com/groups/hoireviewbaohiem/posts/1746464073227583/?comment_id=1746506503223340&reply_comment_id=1746578913216099,0,0,0,0,0,0,0,0,0,0
1746647659875891,1746464073227583,,https://www.facebook.com/groups/hoireviewbaohiem/posts/1746464073227583/,2026-09-02,Tùy xem nhu cầu của bạn là gì. Nếu tham khảo Gen thì ib cho mình hỗ trợ nhé. Còn tham khảo Man thì ib cho chị Ly Đặng Sơn Linh Bùi Binh Minh Manulife nhé #TVTH778 Nguyễn Thảo Generali,hoireviewbaohiem,labeled,0,Nguyễn Thảo Generali,https://www.facebook.com/groups/hoireviewbaohiem/posts/1746464073227583/?comment_id=1746647659875891,0,0,0,0,0,0,0,0,0,0
1746651153208875,1746464073227583,,https://www.facebook.com/groups/hoireviewbaohiem/posts/1746464073227583/,2026-09-02,Quan tâm Daiichi ib mk nhé,hoireviewbaohiem,labeled,0,Nguyễn Thị Huyền,https://www.facebook.com/groups/hoireviewbaohiem/posts/1746464073227583/?comment_id=1746651153208875,0,0,0,0,0,0,0,0,0,0
1746788696528454,1746464073227583,,https://www.facebook.com/groups/hoireviewbaohiem/posts/1746464073227583/,2026-09-02,"Mua bên nào cũng đc, miễn là chọn đúng TVV",hoireviewbaohiem,labeled,0,Binh Minh Manulife,https://www.facebook.com/groups/hoireviewbaohiem/posts/1746464073227583/?comment_id=1746788696528454,0,0,0,0,0,0,0,0,0,0
1746836226523701,1746464073227583,,https://www.facebook.com/groups/hoireviewbaohiem/posts/1746464073227583/,2026-09-02,"Gen hay Man đều hay, mỗi cái một lợi thế ib chị tv xem em hợp gói nào nhé em .",hoireviewbaohiem,labeled,0,Ngô Thị Thu Thủy,https://www.facebook.com/groups/hoireviewbaohiem/posts/1746464073227583/?comment_id=1746836226523701,0,0,0,0,0,0,0,0,0,0
1747008036506520,1746464073227583,,https://www.facebook.com/groups/hoireviewbaohiem/posts/1746464073227583/,2026-09-02,"Mình dùng cả 2 r, Man thiên về BLNT nhiều hơn còn Gen thì thẻ sk chi trả khá là hay, ko bị đồng chi trả. Nchung theo mình h cần QL sống như thẻ sk thì nghiêng về Gen, claim nhẹ nhàng còn về lâu dài BHN thì Man. Nhưng vẫn ưng cách thẩm định nhẹ của Gen hơn làm claim yc giấy tờ đơn giản hơn Man",hoireviewbaohiem,labeled,0,Flower93st,https://www.facebook.com/groups/hoireviewbaohiem/posts/1746464073227583/?comment_id=1747008036506520,1,1,0,0,0,0,0,0,0,0
1747316803142310,1746464073227583,,https://www.facebook.com/groups/hoireviewbaohiem/posts/1746464073227583/,2026-09-03,Mỗi công ty đều có các sản phẩm phù hợp nhu cầu của KH mà. Quan trọng là em chọn đúng TVV có thể hỗ trợ và đồng hành.,hoireviewbaohiem,labeled,0,Hà Trần,https://www.facebook.com/groups/hoireviewbaohiem/posts/1746464073227583/?comment_id=1747316803142310,0,0,0,0,0,0,0,0,0,0
1747358469804810,1746464073227583,,https://www.facebook.com/groups/hoireviewbaohiem/posts/1746464073227583/,2026-09-03,"Nếu mua cho bản thân thì b tìm hiểu thêm AIA đi vì mình thấy AIA cân bằng giữa phí đóng và quyền lợi hơn cả. Một vài điểm nổi bật của thẻ SK AIA: ✅ Bảo vệ trọn đời tới 100 tuổi (các hãng khác chỉ bảo vệ tới 75 hoặc 85 tuổi) ✅ Chi trả full hạn mức cho tất cả các bệnh (các hãng khác đều có giới hạn chặn trần/chia nhỏ cho 1 bệnh hoặc 1 lần nằm viện) => Yên tâm điều trị với các bệnh có chi phí lớn, hay bệnh trọng cần điều trị lâu dài. ✅ Quyền lợi điều trị Ung thư: chi trả cho TẤT CẢ CÁC PHƯƠNG PHÁP do BS chỉ định (kể cả các phương pháp tiên tiến trong tương lai) -> An tâm lựa chọn thuốc tốt nhất, ít tác dụng phụ nhất ✅ Chi trả các thủ thuật trong ngày đơn giản (chích lẹo, thông tuyến lệ, tiêm, đốt mụn thịt, cắt polyp…) ngay trong quyền lợi nội trú mà KHÔNG yêu cầu phải nhập viện hay có giấy ra viện ✅ Thời gian chi trả nhanh (1-3 ngày), thủ tục đơn giản, thao tác 100% online qua app. ✅ Điều khoản tái tục rõ ràng, KHÔNG cắt thẻ, KHÔNG loại trừ hay tăng phí khi claims nhiều. B inbox mình hỗ trợ thiết kế gói SP phù hợp với nhu cầu và ngân sách của mình nhất nha #PT310",hoireviewbaohiem,labeled,0,Mai Ngân,https://www.facebook.com/groups/hoireviewbaohiem/posts/1746464073227583/?comment_id=1747358469804810,0,0,0,0,0,0,0,0,0,0
1746533269887330,1746529996554324,,https://www.facebook.com/groups/hoireviewbaohiem/posts/1746529996554324/,2026-09-02,https://vietnamfinance.vn/dn-bao-hiem-pha-san-hop-dong-cua-khach-hang-duoc-bao-dam-nhu-the-nao-d149677.html,hoireviewbaohiem,labeled,0,Phạm Quốc Công,https://www.facebook.com/groups/hoireviewbaohiem/posts/1746529996554324/?comment_id=1746533269887330,0,0,0,0,0,0,0,0,0,0
1747301069810550,1746529996554324,,https://www.facebook.com/groups/hoireviewbaohiem/posts/1746529996554324/,2026-09-03,Thông tin nhiều KH quan tâm đây rùi ạ,hoireviewbaohiem,labeled,0,Bùi Hải Yến,https://www.facebook.com/groups/hoireviewbaohiem/posts/1746529996554324/?comment_id=1747301069810550,0,0,0,0,0,0,0,0,0,0
1746578176549506,1746575946549729,,https://www.facebook.com/groups/hoireviewbaohiem/posts/1746575946549729/,2026-09-02,"Hi em, c tên Vân. Zalo 0867797007, TVV BH AIA,c ở SG. ❤️ Đa số mng hay quan tâm BHSK AN TÂM TÁI TỤC, nếu đc thì em tham khảo thêm mua cho Ba Mẹ kèm vào BHNT. 👉 Tuy nhiên Ba Mẹ cao tuổi thì phí BhNT sẽ khá cao rồi nha. Tuỳ tài chính mà em cân đối xem mua đc riêng thì tốt, không thì mua BHNT cho em rồi kèm thẻ SK cho Ba Mẹ. 👉 ngân sách của em thì nên theo hướng mua BhNT cho em, kèm thẻ sk cho Mẹ 👉 Ba Mẹ về sau tuổi thêm thì rủi ro các bệnh như tiểu đường, HA, mỡ máu và rủi ro về xương khớp sẽ cao, cần có sự an tâm tái tục sẽ tốt hơn, thẻ kèm BHNT sẽ đáp ứng dc và em chỉ cần 1 HD là vẫn mua đc cho Ba Mẹ chung trong HD đó rồi nha. Nếu ở tỉnh thành lớn thì thẻ sk nâng cao sẽ ok hơn (ko dc thì mua cơ bản rồi dùng kèm bhyt, nếu đi bv tư thì bù tiền giuong thôi) ✅tiền giuong 2 trieu/ngày (đi Tam Anh không bù phòng 2 giuong vì có thêm 250k/ngày hỗ trợ chi phí nằm viện tích hợp trong thẻ) ✅hạn mức 350 trieu/năm, x2 tại bv công (chi trả cả khoa qte) 🍀 0-4 tuổi thì AIA chi trả 100% tại bv công (kể cả khoa qte,dvu), riêng bv tư thì 80/20 🍀 5 tuổi trở lên là chi trả 100% nha. ✅ Tuổi tham gia: 30 ngày tuổi-70 tuổi (mua dc cho Ba Mẹ dù đã lớn tuổi) ✅ Tuổi hiệu lực: đến 100 tuổi. 🍀 Chi trả 100% chi phí điều trị, KHÔNG BỊ GIỚI HẠN SỐ TIỀN XX KHI CÓ PHẪU THUẬT HAY KHÔNG. 🍀 Chi trả 100% chi phí thủ thuật, pthuat trong ngày,không nhập viện qua đêm mà không cần mua ngoại trú (đc tính vào quyền lợi nội trú và trả max 100% hạn mức thẻ). 🍀 Chi trả 100% chi phí điều trị UT,BHN,bao gồm hoá,xạ,biện pháp trúng đích mà KHÔNG BỊ GIỚI HẠN SỐ TIỀN/ĐỢT ĐIỀU TRỊ VÀ KHÔNG CẦN NHẬP VIỆN QUA ĐÊM,miễn trong hạn mức thẻ. 💢 TẶNG THÊM 100% HẠN MỨC THẺ KHI DÙNG TẠI BV CÔNG (BAO GỒM CẢ KHOA DVU VÀ KHOA QTE). ❣️ Nếu có quan tâm, có thể thoải mái ib hỏi Vân, mua hay ko tính sau,hiểu trước rồi cân nhắc. Mua BH là an tâm, không nên là gánh nặng sau này. #gdb33 #AIA",hoireviewbaohiem,labeled,0,Pig Kute,https://www.facebook.com/groups/hoireviewbaohiem/posts/1746575946549729/?comment_id=1746578176549506,0,0,0,0,0,0,0,0,0,0
1746590076548316,1746575946549729,,https://www.facebook.com/groups/hoireviewbaohiem/posts/1746575946549729/,2026-09-02,"Với budget này thì em hoàn toàn có thể mua được quyền lợi kèm Nhân thọ cho Mẹ nha bé ơi, quan trọng là quyền lợi dài hạn, tái tục ổn định, không đồng chi trả. Sun Life với thẻ Sống Chất 2.0 nha: là thẻ duy nhất trên thị trường hiện nay hội đủ 3 yếu tố quan trọng nhất: ☀️ Tái tục ổn định đ𝗲̂́𝗻 𝟴𝟱 𝘁𝘂𝗼̂̉𝗶 với tất cả quyền lợi Nội trú / Ngoại trú / Nha khoa ☀️ 𝗞𝗵𝗼̂𝗻𝗴 đ𝗼̂̀𝗻𝗴 𝗰𝗵𝗶 𝘁𝗿𝗮̉ với mọi lứa tuổi khi điều trị tại bất kỳ Bv công hay tư nhân. ☀️ Các 𝘅𝗲́𝘁 𝗻𝗴𝗵𝗶𝗲̣̂𝗺 𝗮̂𝗺 𝘁𝗶́𝗻𝗵 hoặc 𝘃𝗶𝘁𝗮𝗺𝗶𝗻/𝘁𝗵𝘂𝗼̂́𝗰 𝗯𝗼̂̉ có liên quan đến chẩn đoán và phục vụ trực tiếp cho việc điều trị cũng được trả. Chị là Minh Thảo - chuyên viên quản lý khách hàng cao cấp của Sun Life Vietnam, em inbox hoặc zalo 0901836335 Thảo tư vấn chi tiết gói bảo hiểm phù hợp cho bé nhen 🤗 Cảm ơn em! #GDC7",hoireviewbaohiem,labeled,0,Nguyen Minh Thao,https://www.facebook.com/groups/hoireviewbaohiem/posts/1746575946549729/?comment_id=1746590076548316,0,0,0,0,0,0,0,0,0,0
1746592186548105,1746575946549729,,https://www.facebook.com/groups/hoireviewbaohiem/posts/1746575946549729/,2026-09-02,Mua kèm nhân thọ trước để đảm nảo sự ổn định nhé bạn. Mic dùng mỗi năm nhiều thì năm sau tăng phí hoặc thậm chí loại trừ. Nếu mà NHÂN THỌ từ chỗ rồi thì hẵng tham khảo qua MICA để chữa cháy,hoireviewbaohiem,labeled,0,Xuân Hoàng,https://www.facebook.com/groups/hoireviewbaohiem/posts/1746575946549729/?comment_id=1746592186548105,0,0,0,0,0,0,0,0,0,0
1746604563213534,1746575946549729,,https://www.facebook.com/groups/hoireviewbaohiem/posts/1746575946549729/,2026-09-02,"Chào em. E có thể tham gia phù hợp tài chính với BHNT sẽ đảm bảo quỹ bảo vệ dài hạn và tốt hơn. Mẹ tuổi 57 phí chỉ 6.030.000/ năm là bảo vệ mẹ quỹ 300tr/ 1 bệnh. Tiền giường 1,5tr/ ngày Cần tv inbox a gửi chi tiết nhé. #TVTH386",hoireviewbaohiem,labeled,0,Bùi Quang Vĩnh,https://www.facebook.com/groups/hoireviewbaohiem/posts/1746575946549729/?comment_id=1746604563213534,0,0,0,0,0,0,0,0,0,0
1746614123212578,1746575946549729,,https://www.facebook.com/groups/hoireviewbaohiem/posts/1746575946549729/,2026-09-02,"Reconmend là BHNT + thẻ sk cho 2 mẹ con nha T1 tái tục lâu dài. Tuổi mẹ cao nên phí hơi cao bạn nha T2 Bạn cần có trách nhiệm vs chính mình. Nhân thọ chính là tiền cho những vấn đề cuộc sống á bạn, và cũng là 1 khoảng tích luỹ cho bạn s này T3 Thẻ sk k là chưa đủ, còn rất nhiều bổ trợ chăm sóc sức khoẻ khác: Trợ cấp nằm viện, Tai nạn, BHN. Đây là những QL sẽ trả thẳng 1 cục tiền vào Tk của bạn. Thẻ sk chỉ trả viện phí. Vậy thu nhập mất đi trong time điều trị bệnh, hay tai nạn bất ngờ ập đến thì chỉ có các BỔ TRỢ BÙ ĐẤP THU NHẬP mới gánh nổi thôi Cần tìm giải pháp cụ thể ib Trâm nha",hoireviewbaohiem,labeled,0,Nguyễn Trâm,https://www.facebook.com/groups/hoireviewbaohiem/posts/1746575946549729/?comment_id=1746614123212578,0,0,0,0,0,0,0,0,0,0
1746626933211297,1746575946549729,,https://www.facebook.com/groups/hoireviewbaohiem/posts/1746575946549729/,2026-09-02,"Nếu ngân sách khoảng 10–15tr/năm thì mình sẽ nghiêng về phương án BHNT cho bạn trước, rồi đính kèm thẻ sức khỏe cho mẹ để có cả bảo vệ dài hạn và quỹ y tế dự phòng ạ. Tuy nhiên mẹ vừa mổ dây chằng chéo nên mình sẽ thẩm định hồ sơ của mẹ trước, xem phần dây chằng và các vấn đề liên quan được bảo vệ hay phải loại trừ rồi mới chốt phương án, tránh mua xong lại không dùng được quyền lợi. Bạn nhắn tin qua mess hoặc zalo 0989782526 Mình xem sơ bộ hồ sơ và tư vấn hướng phù hợp với ngân sách của bạn nhé #CC36",hoireviewbaohiem,labeled,0,Jennie Nguyen,https://www.facebook.com/groups/hoireviewbaohiem/posts/1746575946549729/?comment_id=1746626933211297,0,0,0,0,0,0,0,0,0,0
1746630013210989,1746575946549729,,https://www.facebook.com/groups/hoireviewbaohiem/posts/1746575946549729/,2026-09-02,"Theo ý kiến cá nhân mình thì BHNT + Thẻ cssk nha, ở AIA bọn nhân thọ và thẻ bảo vệ đến năm 100t ạ",hoireviewbaohiem,labeled,0,Như Mai,https://www.facebook.com/groups/hoireviewbaohiem/posts/1746575946549729/?comment_id=1746630013210989,0,0,0,0,0,0,0,0,0,0
1746651963208794,1746575946549729,,https://www.facebook.com/groups/hoireviewbaohiem/posts/1746575946549729/,2026-09-02,Với tài chính kia thì PA nào cũng ok nhé e C có cả bhsk rời mic và bhsk kèm nhân thọ Hữu duyên quan tâm ib c gửi 2 PA e tham khảo nha,hoireviewbaohiem,labeled,0,Nguyễn Thị Huyền,https://www.facebook.com/groups/hoireviewbaohiem/posts/1746575946549729/?comment_id=1746651963208794,0,0,0,0,0,0,0,0,0,0
1746772909863366,1746575946549729,,https://www.facebook.com/groups/hoireviewbaohiem/posts/1746575946549729/,2026-09-02,Bạn nào tư vấn cho mình với,hoireviewbaohiem,labeled,0,Văn Quyết,https://www.facebook.com/groups/hoireviewbaohiem/posts/1746575946549729/?comment_id=1746772909863366,0,0,0,0,0,0,0,0,0,0
1747370559803601,1746575946549729,,https://www.facebook.com/groups/hoireviewbaohiem/posts/1746575946549729/,2026-09-03,"mua BHNT + thẻ để đảm bảo tính tái tục lâu dài nha chị, quan tâm AIA ib em nhe",hoireviewbaohiem,labeled,0,Phuong Anh,https://www.facebook.com/groups/hoireviewbaohiem/posts/1746575946549729/?comment_id=1747370559803601,0,0,0,0,0,0,0,0,0,0
1746598006547523,1746584549882202,,https://www.facebook.com/groups/hoireviewbaohiem/posts/1746584549882202/,2026-09-02,Bạn có thể mua thêm bất cứ hãng nào nếu tài chính cho phép nè : Bạn có thể mua nhân thọ tối thiểu sau đó gắn thẻ nội trú - ngoại trú - thai sản cho bạn ( tuy nhiên cần phải mua thẻ nội trú rồi mới mua thêm được ngoại trú & thai sản - tất cả các hãng đều vậy ) -> Vì vậy theo mình kinh tế nhất là bạn gắn thêm ngoại trú và thai sản Daiichi trong gói Daiichi cũ của bạn ý #CC12,hoireviewbaohiem,labeled,0,Khánh Hà Generali,https://www.facebook.com/groups/hoireviewbaohiem/posts/1746584549882202/?comment_id=1746598006547523,0,0,0,0,0,0,0,0,0,0
1746598123214178,1746584549882202,,https://www.facebook.com/groups/hoireviewbaohiem/posts/1746584549882202/,2026-09-02,"Mẹ hoàn toàn mua thêm được thẻ sức khỏe của hãng khác. Nếu mua thẻ rời, bạn liên hệ Zương Zuồi và Nguyễn Hoa nhé. Còn muốn bảo vệ toàn diện, thẻ Sun Life vượt trội với nội trú cao, kèm trọn gói ngoại trú và thai sản tới 120 triệu, phí và tái tục cực kỳ ổn định, không tăng phí hay từ chối bán dù dùng nhiều. Nhắn mình tư vấn chi tiết nhé! #TVTH330",hoireviewbaohiem,labeled,0,Nguyễn Thị Kim Ngân,https://www.facebook.com/groups/hoireviewbaohiem/posts/1746584549882202/?comment_id=1746598123214178,0,0,0,0,0,0,0,0,0,0
1746598149880842,1746584549882202,,https://www.facebook.com/groups/hoireviewbaohiem/posts/1746584549882202/,2026-09-02,"Chào mẹ, có sẵn hợp đồng Daiichi mua đc bảo hiểm thai sản của Daiichi đc ạ Vy có đầy đủ các hãng bảo hiểm thai sản trên thị trường. Có bảng kê chi phí các bệnh viện và phân tích, so sánh các hãng để tư vấn phương án phù hợp nhất 📲 𝐁𝐚̣𝐧 𝐧𝐡𝐚̆́𝐧 𝐪𝐮𝐚 𝐙𝐚𝐥𝐨 đ𝐞̂̉ 𝐕𝐲 𝐭𝐮̛ 𝐯𝐚̂́𝐧 𝐜𝐡𝐢 𝐭𝐢𝐞̂́𝐭 𝐭𝐮̛̀𝐧𝐠 𝐠𝐨́𝐢 𝐧𝐡𝐚: 𝟎𝟕𝟔𝟕𝟏𝟑𝟒𝟑𝟖𝟔 𝐕𝐲 𝐜𝐚̉𝐦 𝐨̛𝐧 𝐛𝐚̣𝐧 𝐧𝐡𝐢𝐞̂̀𝐮 𝐚̣ 🥰 #GDA18",hoireviewbaohiem,labeled,0,Hoang Vy,https://www.facebook.com/groups/hoireviewbaohiem/posts/1746584549882202/?comment_id=1746598149880842,0,0,0,0,0,0,0,0,0,0
1746600739880583,1746584549882202,,https://www.facebook.com/groups/hoireviewbaohiem/posts/1746584549882202/,2026-09-02,"Hi em, c tên Vân, zalo 0867797007, TVV BH AIA, Vân ở Saigon, ký và chăm sóc KH toàn quốc. 👉có thể mua gia tăng thẻ AIA nha ❤️ Hiện tại thẻ SK các hãng đều có giới hạn phụ cho số tiền khi điều trị có pthuat/ko pthuat TRỪ AIA KHÔING BỊ GIỚI HẠN PHỤ NÀY. Và điều trị cấp cứu chỉ chi trả cho Tai Nạn, không chi trả do bệnh, TRỪ AIA. 👉 Mỗi hãng sẽ có một số điểm mạnh riêng và hạn chế riêng, nhưng để an tâm khi không may cần đến mà đc xài kịch nóc hạn mức mua và còn đc mỗi năm tặng thêm 100% hạn mức thì bạn cân nhắc AIA nhen. ❤️AIA tuổi tham gia 30 ngày tuổi đến 70 tuổi: hiệu lực đến 100 tuổi. ❤️Thẻ SK AIA cần Mua kèm BHNT: - Phí BHNT 5-8 trieu thì mua thêm đc thẻ sk cơ bản có tiền giường 850k/ngày, hạn mức tối đa 300 triệu/ năm, / nâng cao tiền giuong 2 trieu/ ngày, hạn mức tối đa 700 triệu/năm (chưa tính phí thẻ) - phí BHNT 10 trieu thì mua thêm đc thẻ cb, NC và toàn diện tiền giuong 3 trieu/ngày, hạn mức tối đa 1.4 tỷ/năm kèm free thai sản 25 trieu, (chưa tính phí thẻ) - phí bhnt 15 triệu thì mua đc Hoàn hảo và các thẻ khác (chưa tính phí thẻ, Hoàn hảo tiền giường 5.5 trieu/ngày, hạn mức tối đa 2.4 tỷ/năm Mỗi cty sẽ có điểm mạnh riêng Chủ yếu bạn ưu tiên điều gì và TVV bạn gặp có tư vấn đúng,đủ và thiết kế phương án phù hợp nhu cầu,tài chính của mình không nếu bạn xác định ƯU TIÊN VỀ VIEC CTY NÀO CHI TRẢ TỐI ĐA CHI PHÍ TẠI BVIEN MÀ KHÔNG BỊ GIỚI HẠN SỐ TIỀN/ĐỢT ĐIỀU TRỊ CÓ PHẪU THUẬT,KHÔNG PHẪU THUẬT BAO GỒM UT, THỦ THUẬT TRONG NGÀY THÌ THAM KHẢO AIA. ♥️ Về thẻ sức khoẻ Trọn Đời (hiệu lực đến sinh nhật 100 tuổi) 🍀 AIA CHI TRẢ 100% HẠN MỨC THẺ SỨC KHOẺ NỘI TRÚ MÀ KHÔNG GIỚI HẠN PHỤ CHO ĐIỀU TRỊ CÓ PHẪU THUẬT/KHÔNG CÓ PHẪU THUẬT 🍀NHÂN ĐÔI HẠNG MỨC THẺ HÀNG NĂM KHI ĐIỀU TRỊ NỘI TRÚ TẠI BV CÔNG (KỂ CẢ KHOA QUỐC TẾ) thay vì chỉ nhân đôi 1 lần cho điều trị UT,đột quỵ,nhồi máu cơ tim. 💢NHÂN ĐÔI HẠN MỨC HÀNG NĂM,HÀNG NĂM NHA 🍀AIA KHÔNG GIỚI HẠN SỐ NGÀY NẰM VIỆN THEO BỆNH.(Chỉ có hạn mức là Tối đa 100 ngày/năm) 🍀 THẺ NỘI TRÚ CHI TRẢ CHO ĐIỀU TRỊ UT bao gồm cả TRONG NGÀY và cho cả thuốc sinh học (không giới hạn chỉ tiêm và truyền) Cùng nhiều quyền lợi khác như THỦ THUẬT,PHẪU THUẬT TRONG NGÀY ĐÃ KÈM VÀO THẺ NỘI TRÚ. ✅ Hỗ trợ chi phí nằm viện tích hợp trong thẻ sức khoẻ 🔥TELEDOC THAM VẤN VÀ ĐỒNG HÀNH CÙNG KH KHI GẶP BIẾN CỐ VỀ SK, ĐẶC BIỆT BHN,UT LÀ ĐIỂM HIẾM CÓ TRÊN THỊ TRƯỜNG, ĐƯỢC TẶNG KÈM KHI THAM GIA BHSK AIA (đội ngũ chuyên gia và bác sĩ đa quốc gia) Nếu bạn quan tâm khi biến cố đến, sp nào chi trả tối đa cho mình thì có thể ib zalo 0867797007, mình chia sẻ thêm, rồi bạn cân nhắc lựa chọn bên phù hợp. MUA BH LÀ AN TÂM, KHÔNG NÊN LÀ GÁNH NẶNG SAU NÀY #AIA",hoireviewbaohiem,labeled,0,Pig Kute,https://www.facebook.com/groups/hoireviewbaohiem/posts/1746584549882202/?comment_id=1746600739880583,0,0,0,0,0,0,0,0,0,0
1746607023213288,1746584549882202,,https://www.facebook.com/groups/hoireviewbaohiem/posts/1746584549882202/,2026-09-02,C kèm ngoại trú và thai sản của daiichi vào hđ hiện hữu dk á c,hoireviewbaohiem,labeled,0,Cao Thị Linh,https://www.facebook.com/groups/hoireviewbaohiem/posts/1746584549882202/?comment_id=1746607023213288,0,0,0,0,0,0,0,0,0,0
1746621649878492,1746584549882202,,https://www.facebook.com/groups/hoireviewbaohiem/posts/1746584549882202/,2026-09-02,"Nếu bạn cần luôn thì có thể tham khảo 1 HĐ độc lập để chủ động về thời gian chờ của bảo hiểm và thời gian sinh con. Bạn cho mình biết thgian thả bầu và bệnh viện bạn dự sinh nhé. Bé đầu bạn sinh thường hay sinh mổ? Dựa vào các thông tin bạn cung cấp, và gói BH bạn đang có, Ninh sẽ giúp bạn thiết kế 1 phương án tối ưu và tập trung vào quyền lợi bạn mong muốn. Bạn có thể inbox hoặc zalo (0776457460) nhé. #CC11",hoireviewbaohiem,labeled,0,Vũ Ninh,https://www.facebook.com/groups/hoireviewbaohiem/posts/1746584549882202/?comment_id=1746621649878492,0,0,0,0,0,0,0,0,0,0
1746625069878150,1746584549882202,,https://www.facebook.com/groups/hoireviewbaohiem/posts/1746584549882202/,2026-09-02,"Nếu em muốn nâng cấp quyền lợi thì chị rec em tìm hiểu Sun Life, vì đây là bên bù đắp được một vài nhược điểm của Dai nè ☀️Sun chấp nhận chi trả cho mọi loại phòng chứ ko giới hạn ở phòng đơn tiêu chuẩn ☀️Sun chi trả cho các xét nghiệm âm tính do BS chỉ định có liên quan đến triệu chứng ban đầu. Và dòng thẻ này của Sun cũng chi trả cho các vitamin/thuốc bổ phục vụ trực tiếp cho việc điều trị. ☀️Sun là bên duy nhất có quyền lợi Ngoại trú - Nha khoa bảo vệ đến 85 tuổi mà không đồng chi trả ở bất cứ giai đoạn nào. Đặc biệt, quyền lợi Thai sản của Sun Life có thể xem là mạnh nhất thị trường hiện nay, hạn mức cao nhất lên đến 120tr/năm ☀️Phí bảo hiểm của Sun cực ổn, quan trọng là Nhân thọ 6tr cho mọi hạng thẻ kể cả hạng toàn cầu 3tỷ/năm ☀️Sun chi trả cho Điều trị trong ngày không giới hạn số tiền, không giới hạn loại bệnh Về việc claim, dù KH có 2 hay 3 hay 10 cái BHSK thì tất cả cũng chỉ được chi trả tối đa hoá đơn thực tế - cái đó là quy định của Bộ tài chính. Do vậy, trường hợp 1 hoá đơn mà claim ở nhiều cty BH và vượt quá số tiền chi trả thực tế, sẽ bị xem là “trục lợi bảo hiểm” ===>>> do đó, khi tài chính dư dả em có thể phòng xa bằng nhiều gói bảo hiểm khác nhau, nhưng nên chọn những bên bù trừ được cho nhau để tối ưu từng hoá đơn một cho em luôn chứ ko chỉ riêng các trường hợp nặng/nghiêm trọng em ha! ☀️☀️☀️ Chị là Minh Thảo #GDC7 - thành viên MRA, chuyên viên quản lý khách hàng cấp cao của Sun Life Vietnam. Em inbox hoặc zalo 0901836335 Thảo tư vấn chi tiết gói bảo hiểm phù hợp cho mình nhen 🤗 Cảm ơn em!",hoireviewbaohiem,labeled,0,Nguyen Minh Thao,https://www.facebook.com/groups/hoireviewbaohiem/posts/1746584549882202/?comment_id=1746625069878150,0,0,0,0,0,0,0,0,0,0
1746635493210441,1746584549882202,,https://www.facebook.com/groups/hoireviewbaohiem/posts/1746584549882202/,2026-09-02,B gắn trực tiếp thêm ngoại trú và thai sản vào hợp đồng đang có dc b ah,hoireviewbaohiem,labeled,0,Bùi Quang Vĩnh,https://www.facebook.com/groups/hoireviewbaohiem/posts/1746584549882202/?comment_id=1746635493210441,0,0,0,0,0,0,0,0,0,0
1746651446542179,1746584549882202,,https://www.facebook.com/groups/hoireviewbaohiem/posts/1746584549882202/,2026-09-02,Daiichi có thêm thai sản và ngoại trú đó b,hoireviewbaohiem,labeled,0,Nguyễn Thị Huyền,https://www.facebook.com/groups/hoireviewbaohiem/posts/1746584549882202/?comment_id=1746651446542179,0,0,0,0,0,0,0,0,0,0
1747237349816922,1746584549882202,,https://www.facebook.com/groups/hoireviewbaohiem/posts/1746584549882202/,2026-09-02,"Mình có thể gắn luôn trên hợp đồng em đang mua ở Dai or tham gia 1 hợp đồng của công ty khác gia tăng quyền lợi nhân thọ và kèm thêm sức khỏe thai sản ngoại trú, nội trú cho em.",hoireviewbaohiem,labeled,0,Ngô Thị Thu Thủy,https://www.facebook.com/groups/hoireviewbaohiem/posts/1746584549882202/?comment_id=1747237349816922,0,0,0,0,0,0,0,0,0,0
1747251196482204,1746584549882202,,https://www.facebook.com/groups/hoireviewbaohiem/posts/1746584549882202/,2026-09-02,"Bản hỏi tư vấn nhà Dai xem có thêm vào TS và ngoại trú cho mẹ để đúng với nhu cầu của bạn nhé, hoặc bạn có thể mua theo kiểu nội ngoại trú thì mua chung còn thai sản mua rời cũng oki #GDD15",hoireviewbaohiem,labeled,0,Phú Lê,https://www.facebook.com/groups/hoireviewbaohiem/posts/1746584549882202/?comment_id=1747251196482204,0,0,0,0,0,0,0,0,0,0
1747332499807407,1746584549882202,,https://www.facebook.com/groups/hoireviewbaohiem/posts/1746584549882202/,2026-09-03,"Trước hết bạn cần xem HĐ Daiichi của mình có gắn được thêm quyền lợi ngoại trú và thai sản không? nếu được thì có thể gắn ngay được không? Liên quan đến thai sản thì bạn dự định thả bầu khi nào, sinh lần mấy, sinh thường hay mổ và tham khảo sinh viện nào? BHTS sẽ cần mua trước khi thả bầu ít nhất 1 tháng với thai tự nhiên và 1.5-2 tháng với thai IVF. Bạn cần tư vấn kĩ hơn ib mình nha #gdb50",hoireviewbaohiem,labeled,0,Thuy Duong Nguyen,https://www.facebook.com/groups/hoireviewbaohiem/posts/1746584549882202/?comment_id=1747332499807407,0,0,0,0,0,0,0,0,0,0
1746649653209025,1746631226544201,,https://www.facebook.com/groups/hoireviewbaohiem/posts/1746631226544201/,2026-09-02,Bạn mua gói nhân thọ bv người trụ cột là 2vc và gắn thêm thẻ sk cho cả gia đình nhé. B ib mình hỗ trợ nè,hoireviewbaohiem,labeled,0,Thanh Nguyên,https://www.facebook.com/groups/hoireviewbaohiem/posts/1746631226544201/?comment_id=1746649653209025,0,0,0,0,0,0,0,0,0,0
1746650913208899,1746631226544201,,https://www.facebook.com/groups/hoireviewbaohiem/posts/1746631226544201/,2026-09-02,"Chào b Bhsk có rời và bhsk kèm nhân thọ, ko biết ngân sách nhà b dành cho bh khoảng bn mỗi năm? Mình có cả 2 loại. Hữu duyên quan tâm ib mk nhé",hoireviewbaohiem,labeled,0,Nguyễn Thị Huyền,https://www.facebook.com/groups/hoireviewbaohiem/posts/1746631226544201/?comment_id=1746650913208899,0,0,0,0,0,0,0,0,0,0
1746652419875415,1746631226544201,,https://www.facebook.com/groups/hoireviewbaohiem/posts/1746631226544201/,2026-09-02,"Hi em, c tên Vân, zalo 0867797007, TVV BH AIA, Vân ở Saigon, ký và chăm sóc KH toàn quốc. 👉 tài chính tốt thì mua mỗi ng 1 HD riêng, không ai đính kèm ai 👉tài chính chưa dư dả thì mua Ba và Mẹ mỗi ng 1 HD, con thì chia ra, 2 bé kèm Ba, 1 bé kèm Mẹ (Còn nếu tách dc 3 HD thì cho bé 16 tuổi có hẳn 1 HD riêng) 👉 mình cân đối tuỳ khả năng nhen ❤️ Hiện tại thẻ SK các hãng đều có giới hạn phụ cho số tiền khi điều trị có pthuat/ko pthuat TRỪ AIA KHÔING BỊ GIỚI HẠN PHỤ NÀY. Và điều trị cấp cứu chỉ chi trả cho Tai Nạn, không chi trả do bệnh, TRỪ AIA. 👉 Mỗi hãng sẽ có một số điểm mạnh riêng và hạn chế riêng, nhưng để an tâm khi không may cần đến mà đc xài kịch nóc hạn mức mua và còn đc mỗi năm tặng thêm 100% hạn mức thì bạn cân nhắc AIA nhen. ❤️AIA tuổi tham gia 30 ngày tuổi đến 70 tuổi: hiệu lực đến 100 tuổi. ❤️Thẻ SK AIA cần Mua kèm BHNT: - Phí BHNT 5-8 trieu thì mua thêm đc thẻ sk cơ bản có tiền giường 850k/ngày, hạn mức tối đa 300 triệu/ năm, / nâng cao tiền giuong 2 trieu/ ngày, hạn mức tối đa 700 triệu/năm (chưa tính phí thẻ) - phí BHNT 10 trieu thì mua thêm đc thẻ cb, NC và toàn diện tiền giuong 3 trieu/ngày, hạn mức tối đa 1.4 tỷ/năm kèm free thai sản 25 trieu, (chưa tính phí thẻ) - phí bhnt 15 triệu thì mua đc Hoàn hảo và các thẻ khác (chưa tính phí thẻ, Hoàn hảo tiền giường 5.5 trieu/ngày, hạn mức tối đa 2.4 tỷ/năm Mỗi cty sẽ có điểm mạnh riêng Chủ yếu bạn ưu tiên điều gì và TVV bạn gặp có tư vấn đúng,đủ và thiết kế phương án phù hợp nhu cầu,tài chính của mình không nếu bạn xác định ƯU TIÊN VỀ VIEC CTY NÀO CHI TRẢ TỐI ĐA CHI PHÍ TẠI BVIEN MÀ KHÔNG BỊ GIỚI HẠN SỐ TIỀN/ĐỢT ĐIỀU TRỊ CÓ PHẪU THUẬT,KHÔNG PHẪU THUẬT BAO GỒM UT, THỦ THUẬT TRONG NGÀY THÌ THAM KHẢO AIA. ♥️ Về thẻ sức khoẻ Trọn Đời (hiệu lực đến sinh nhật 100 tuổi) 🍀 AIA CHI TRẢ 100% HẠN MỨC THẺ SỨC KHOẺ NỘI TRÚ MÀ KHÔNG GIỚI HẠN PHỤ CHO ĐIỀU TRỊ CÓ PHẪU THUẬT/KHÔNG CÓ PHẪU THUẬT 🍀NHÂN ĐÔI HẠNG MỨC THẺ HÀNG NĂM KHI ĐIỀU TRỊ NỘI TRÚ TẠI BV CÔNG (KỂ CẢ KHOA QUỐC TẾ) thay vì chỉ nhân đôi 1 lần cho điều trị UT,đột quỵ,nhồi máu cơ tim. 💢NHÂN ĐÔI HẠN MỨC HÀNG NĂM,HÀNG NĂM NHA 🍀AIA KHÔNG GIỚI HẠN SỐ NGÀY NẰM VIỆN THEO BỆNH.(Chỉ có hạn mức là Tối đa 100 ngày/năm) 🍀 THẺ NỘI TRÚ CHI TRẢ CHO ĐIỀU TRỊ UT bao gồm cả TRONG NGÀY và cho cả thuốc sinh học (không giới hạn chỉ tiêm và truyền) Cùng nhiều quyền lợi khác như THỦ THUẬT,PHẪU THUẬT TRONG NGÀY ĐÃ KÈM VÀO THẺ NỘI TRÚ. ✅ Hỗ trợ chi phí nằm viện tích hợp trong thẻ sức khoẻ 🔥TELEDOC THAM VẤN VÀ ĐỒNG HÀNH CÙNG KH KHI GẶP BIẾN CỐ VỀ SK, ĐẶC BIỆT BHN,UT LÀ ĐIỂM HIẾM CÓ TRÊN THỊ TRƯỜNG, ĐƯỢC TẶNG KÈM KHI THAM GIA BHSK AIA (đội ngũ chuyên gia và bác sĩ đa quốc gia) Nếu bạn quan tâm khi biến cố đến, sp nào chi trả tối đa cho mình thì có thể ib zalo 0867797007, mình chia sẻ thêm, rồi bạn cân nhắc lựa chọn bên phù hợp. MUA BH LÀ AN TÂM, KHÔNG NÊN LÀ GÁNH NẶNG SAU NÀY #AIA",hoireviewbaohiem,labeled,0,Pig Kute,https://www.facebook.com/groups/hoireviewbaohiem/posts/1746631226544201/?comment_id=1746652419875415,0,0,0,0,0,0,0,0,0,0
1746653103208680,1746631226544201,,https://www.facebook.com/groups/hoireviewbaohiem/posts/1746631226544201/,2026-09-02,"Độ tuổi này bạn tham gia của AIA mức phí rất phù hợp . Bạn ib mình để xem mức phí tham khảo cho cả gia đình nhé. 📩 Cần tư vấn hoặc minh họa chi tiết, để lại bình luận hoặc nhắn tin cho mình nhé! Mình là Mai Trang TVV fulltime ở trụ sở chính AIA. #PT39",hoireviewbaohiem,labeled,0,Trần Mai Trang,https://www.facebook.com/groups/hoireviewbaohiem/posts/1746631226544201/?comment_id=1746653103208680,0,0,0,0,0,0,0,0,0,0
1746653819875275,1746631226544201,,https://www.facebook.com/groups/hoireviewbaohiem/posts/1746631226544201/,2026-09-02,Nhà m 5 người mua gói 30tr/ năm là đủ quyền lợi luôn,hoireviewbaohiem,labeled,0,Ngọc Thuý,https://www.facebook.com/groups/hoireviewbaohiem/posts/1746631226544201/?comment_id=1746653819875275,0,0,0,0,0,0,0,0,0,0
1746656913208299,1746631226544201,,https://www.facebook.com/groups/hoireviewbaohiem/posts/1746631226544201/,2026-09-02,"Chào em, với bảo hiểm sức khỏe tối ưu nhất cho cả nhà thì chỉ có thể là Sun Life nhé! Đây thẻ duy nhất trên thị trường hiện nay hội đủ 3 yếu tố quan trọng nhất: ☀️ Thời hạn 𝗯𝗮̉𝗼 𝗵𝗶𝗲̂̉𝗺 đ𝗲̂́𝗻 𝟴𝟱 𝘁𝘂𝗼̂̉𝗶 cho tất cả quyền lợi Nội trú / Ngoại trú / Nha khoa ☀️ 𝗞𝗵𝗼̂𝗻𝗴 đ𝗼̂̀𝗻𝗴 𝗰𝗵𝗶 𝘁𝗿𝗮̉ với mọi lứa tuổi khi điều trị tại bất kỳ Bv công hay tư nhân. ☀️ Các 𝘅𝗲́𝘁 𝗻𝗴𝗵𝗶𝗲̣̂𝗺 𝗮̂𝗺 𝘁𝗶́𝗻𝗵 hoặc 𝘃𝗶𝘁𝗮𝗺𝗶𝗻/𝘁𝗵𝘂𝗼̂́𝗰 𝗯𝗼̂̉ có liên quan đến chẩn đoán và phục vụ trực tiếp cho việc điều trị cũng được trả. Đặc biệt: Sun Life độc quyền với quyền lợi cộng gộp hạn mức Nội Ngoại trú hàng năm khi mua theo diện gia đình từ 2 thành viên trở lên. Hạn mức hàng năm tăng theo cấp nhân, không cần mua gói cao mà gói nhỏ nhỏ xinh xinh cũng giúp mình vững vàng khi có phát sinh những bệnh đặc biệt cần chi phí lớn. VD: mỗi người chọn gói Nội trú 300tr/năm + Ngoại trú 20tr/năm => Tổng quỹ Nội trú là 300tr x 5 = 1,5tỷ/năm => Tổng quỹ Ngoại trú là 20tr x 5 = 100tr/năm Phí bảo hiểm cho cả nhà chỉ 27tr/năm, tính ra chưa đến 5tr/người => 𝗞𝗵𝗼̂𝗻𝗴 𝘁𝗮́𝗶 𝘁𝗵𝗮̂̉𝗺 đ𝗶̣𝗻𝗵 sức khỏe hàng năm. 𝗞𝗵𝗼̂𝗻𝗴 𝘁𝗮̆𝗻𝗴 𝗽𝗵𝗶́ theo lịch sử bồi thường Thảo tin rằng những điều này cực kỳ quan trọng, vì mình luôn muốn một kế hoạch bảo hiểm an toàn và ổn định, quyền lợi cao, chi phí nhẹ. Chị là Minh Thảo - chuyên viên quản lý khách hàng cao cấp của Sun Life Vietnam, em inbox hoặc zalo 0901836335 chị Thảo tư vấn chi tiết gói bảo hiểm phù hợp cho mình nhen 🤗 Cảm ơn em! #GDC7",hoireviewbaohiem,labeled,0,Nguyen Minh Thao,https://www.facebook.com/groups/hoireviewbaohiem/posts/1746631226544201/?comment_id=1746656913208299,0,0,0,0,0,0,0,0,0,0
1746657349874922,1746631226544201,,https://www.facebook.com/groups/hoireviewbaohiem/posts/1746631226544201/,2026-09-02,"Dạ chào bạn Mình gợi ý ba giải pháp cho bạn theo hướng tài chính từ cao đến thấp nha 1. BHNT riêng cho vợ và chồng. Trong đó mỗi hđ gắn thêm thẻ sức khoẻ cho con. Và gói nhân thọ này thì hai vk ck mua chéo lẫn nhau. Tổng chi phí cho 2hđ tầm khoảng 40tr 2. BHNT cho ck (hoặc vk) đứng chính, gắn kèm các thành viên khác trong gia đình. Chi phí khoảng 30tr 3. Phương án tiết kiệm nhất là bh sức khoẻ rời cho tất cả thành viên. Phương án này tiết kiệm nhưng ko đảm bảo tái tục lâu dài bằng 2 phương án trên",hoireviewbaohiem,labeled,0,Trần Thị Minh Châu,https://www.facebook.com/groups/hoireviewbaohiem/posts/1746631226544201/?comment_id=1746657349874922,0,0,0,0,0,0,0,0,0,0
1746662476541076,1746631226544201,,https://www.facebook.com/groups/hoireviewbaohiem/posts/1746631226544201/,2026-09-02,Bạn tham khảo nha,hoireviewbaohiem,labeled,0,Mai Bảo Hiểm AiA,https://www.facebook.com/groups/hoireviewbaohiem/posts/1746631226544201/?comment_id=1746662476541076,0,0,0,0,0,0,0,0,0,0
1746678143206176,1746631226544201,,https://www.facebook.com/groups/hoireviewbaohiem/posts/1746631226544201/,2026-09-02,"Chào bạn, gửi bạn 2 phương án Generali mà cả nhà đều có thẻ sức khoẻ : 1️⃣ Phương án 1 : Vợ 1 gói BHNT riêng gắn thẻ sk vợ và 2 con, chồng 1 gói BHNT riêng gắn thẻ sk 1 con 2️⃣ Phương án 2 : chỉ mua 1 gói BHNT chồng hoặc vợ đứng riêng xong gắn 5 thẻ cả gia đình ( * Ghi chú : Phần nhân thọ Generali chỉ cần mua tối thiểu 6 triệu là gắn được thẻ bạn nhé) -> Chỉ duy nhất trong tháng 9 này ( mình nói duy nhất vì từ trước tới nay m chưa thấy công ty m ra chương trình tốt và hay đến như thế bao giờ ) : Gen tặng 20% toàn bộ phí 5 thẻ SK nhà bạn . Thực sự thẻ Gen dùng rất thích nha ( bạn tham khảo các bài viết khác khách feedback thực tế trên diễn đàn ) . Tháng này coi như là cơ hội chốt mua thẻ Gen giá ưu đãi b ah . Ib mình gửi chi tiết gói ạ #CC12 - 𝐊𝐡𝐚́𝐧𝐡 𝐇𝐚̀ 𝐁𝐚̉𝐨 𝐡𝐢𝐞̂̉𝐦 | 𝐁𝐚̉𝐨 𝐡𝐢𝐞̂̉𝐦 𝐆𝐞𝐧𝐞𝐫𝐚𝐥𝐢 - 𝑪𝒉𝒂̆𝒎 𝒔𝒐́𝒄 & đ𝒐̂̀𝒏𝒈 𝒉𝒂̀𝒏𝒉 𝒌𝒉𝒂́𝒄𝒉 𝒉𝒂̀𝒏𝒈 𝒕𝒓𝒆̂𝒏 𝒕𝒐𝒂̀𝒏 𝒒𝒖𝒐̂́𝒄 📞 09.686.739.7️⃣6️⃣",hoireviewbaohiem,labeled,0,Khánh Hà Generali,https://www.facebook.com/groups/hoireviewbaohiem/posts/1746631226544201/?comment_id=1746678143206176,0,0,0,0,0,0,0,0,1,1
1746681873205803,1746631226544201,1746678143206176.0,https://www.facebook.com/groups/hoireviewbaohiem/posts/1746631226544201/,2026-09-02,"Bạn có thể qua tường FB mình tham khảo feedback các KH thực tế được Gen chi trả nha . Gửi bạn ưu điểm thẻ Gen: ✅ Thẻ Generali KHÔNG ĐỒNG CHI ở mọi lứa tuổi ✅ Bé tham gia độc lập, không cần kèm theo bố mẹ ✅ Hạn mức chi trả từng hạng mục cao ✅ Bảo lãnh tại hơn 500 cơ sở y tế trên cả nước ✅ Mức phí đóng sản phẩm chính hàng năm chỉ từ 6 triệu đã có thể gắn thêm thẻ sk cho cả nhà ✅ Không giới hạn tiền giường trên 1 năm ✅ Nằm viện công còn có tiền cầm về ✅ Xét nghiệm âm tính vẫn được chi trả ( miễn là do bác sỹ chỉ định để xác định bệnh) ✅ Linh hoạt thiết kế sản phẩm thẻ : Nội trú - Ngoại trú - Nha khoa - đặc biệt là Thai sản ✅ Tặng khám sức khoẻ tổng quát miễn phí (năm thứ 2 HĐ) 🆘 Ở Gen chi trả chi phí điều trị ung thư cho MỌI PHƯƠNG PHÁP ĐIỀU TRỊ DO BÁC SỸ CHỈ ĐỊNH ngay cả những phương pháp mới nhất trong tương lai - 𝐊𝐡𝐚́𝐧𝐡 𝐇𝐚̀ 𝐁𝐚̉𝐨 𝐡𝐢𝐞̂̉𝐦 | 𝐁𝐚̉𝐨 𝐡𝐢𝐞̂̉𝐦 𝐆𝐞𝐧𝐞𝐫𝐚𝐥𝐢 - 𝑪𝒉𝒂̆𝒎 𝒔𝒐́𝒄 & đ𝒐̂̀𝒏𝒈 𝒉𝒂̀𝒏𝒉 𝒌𝒉𝒂́𝒄𝒉 𝒉𝒂̀𝒏𝒈 𝒕𝒓𝒆̂𝒏 𝒕𝒐𝒂̀𝒏 𝒒𝒖𝒐̂́𝒄 📞 09.686.739.7️⃣6️⃣ #CC12",hoireviewbaohiem,labeled,1,Khánh Hà Generali,https://www.facebook.com/groups/hoireviewbaohiem/posts/1746631226544201/?comment_id=1746678143206176&reply_comment_id=1746681873205803,0,0,0,0,0,0,0,0,0,0
1746683639872293,1746631226544201,,https://www.facebook.com/groups/hoireviewbaohiem/posts/1746631226544201/,2026-09-02,"Nhà mình 5 người thì em thấy nên ưu tiên bảo hiểm chăm sóc sức khỏe trước, vì cả bố mẹ và 3 bé đều có nhu cầu khám chữa bệnh. Bên Dai-ichi Life hiện có Bảo hiểm Chăm Sóc Sức Khỏe Toàn Cầu 24/7, có thể thiết kế bảo vệ cả gia đình trên cùng một hợp đồng, với nhiều mức chương trình lựa chọn và quyền lợi tối đa đến 2 tỷ đồng cho mỗi bệnh/thương tật. Với nhà mình: Chồng 35 tuổi Vợ 33 tuổi 3 bé: 16 – 15 – 8 tuổi Em có thể lên phương án riêng cho từng thành viên để cân đối quyền lợi và mức phí, không nhất thiết phải mua gói cao nhất cho tất cả. Nếu anh/chị muốn tham khảo phương án Dai-ichi phù hợp ngân sách gia đình, em có thể tính cụ thể cho cả 5 người để mình dễ so sánh. ☎️ 0963 767 550 – Hải (Dai-ichi Life)",hoireviewbaohiem,labeled,0,Dương Hải,https://www.facebook.com/groups/hoireviewbaohiem/posts/1746631226544201/?comment_id=1746683639872293,0,0,0,0,0,0,0,0,0,0
1746686786538645,1746631226544201,,https://www.facebook.com/groups/hoireviewbaohiem/posts/1746631226544201/,2026-09-02,"Chào bạn, nhà 5 người tối ưu nhất là chọn Sun - Sống Chất 2.0 kèm hợp đồng chính bảo vệ trụ cột gia đình. Gói này cực hợp với gia đình đông người nhờ quyền lợi san sẻ yêu thương: các thành viên dùng chung hạn mức, không lo thiếu quỹ điều trị. Thẻ không đồng chi trả, quỹ nội trú từ 120 triệu/năm, bảo lãnh viện phí rộng và tái tục ổn định, không tăng phí do claim nhiều. Nhắn mình hỗ trợ lên bảng minh họa chi tiết nhé! #TVTH330",hoireviewbaohiem,labeled,0,Nguyễn Thị Kim Ngân,https://www.facebook.com/groups/hoireviewbaohiem/posts/1746631226544201/?comment_id=1746686786538645,0,0,0,0,0,0,0,0,0,0
1746703773203613,1746631226544201,,https://www.facebook.com/groups/hoireviewbaohiem/posts/1746631226544201/,2026-09-02,Ib chị,hoireviewbaohiem,labeled,0,Vóc Phạm,https://www.facebook.com/groups/hoireviewbaohiem/posts/1746631226544201/?comment_id=1746703773203613,0,0,0,0,0,0,0,0,0,0
1746704246536899,1746631226544201,,https://www.facebook.com/groups/hoireviewbaohiem/posts/1746631226544201/,2026-09-02,Vợ 33 con 16?,hoireviewbaohiem,labeled,0,Vóc Phạm,https://www.facebook.com/groups/hoireviewbaohiem/posts/1746631226544201/?comment_id=1746704246536899,0,0,0,0,0,0,0,0,0,0
1746706576536666,1746631226544201,,https://www.facebook.com/groups/hoireviewbaohiem/posts/1746631226544201/,2026-09-02,Bảo hiểm Daiichi nhé ạ. Ib bạn này tư vấn có tâm và chu đáo ạ Nguyễn Thế Nam,hoireviewbaohiem,labeled,0,Trương Thị Nga,https://www.facebook.com/groups/hoireviewbaohiem/posts/1746631226544201/?comment_id=1746706576536666,0,0,0,0,0,0,0,0,0,0
1746713253202665,1746631226544201,,https://www.facebook.com/groups/hoireviewbaohiem/posts/1746631226544201/,2026-09-02,"Nếu mua thì nên mua nhân thọ kèm thẻ sk cho đảm bảo tái tục và tối ưu chi phí ạ Bởi vì ví dụ như ở Daiichi thì chỉ cần mua nhân thọ phí tối thiểu 8tr(có tích luỹ) là có thể kèm dc 5 cái thẻ ở tất cả các hạng ở Daiichi rồi ạ Mà thẻ sk ở Daiichi hạn mức cao và chi phí cũng rất hợp lý ạ. Hạn mức lên tới 1 tỷ/bệnh, 3tr tiền giường/ngày,… phí chỉ từ 2tr7 thôi ạ Em bên Daiichi,em có kinh nghiệm hơn 4 năm, là MDRT 2025 và trước em tốt nghiệp NEU chuyên ngành Bảo hiểm ạ. Rất vui nếu dc tư vấn cho mình ạ #GDB37",hoireviewbaohiem,labeled,0,Sơn Phạm,https://www.facebook.com/groups/hoireviewbaohiem/posts/1746631226544201/?comment_id=1746713253202665,0,0,0,0,0,0,0,0,0,0
1746721673201823,1746631226544201,,https://www.facebook.com/groups/hoireviewbaohiem/posts/1746631226544201/,2026-09-02,"Chào bạn. Bạn tham khảo dòng sp nhà Daiichi nhé. Daiichi có nhiều dòng sp tùy nhu cầu thực tế của gia đình m có thêt cân đối lựa chọn. Phí sản phẩm rất hợp lý, thẻ cao cấp cho ebe chỉ từ 2.73tr/ ngày đã có ngân sách lên đến 3tr/ ngày riêng tiền phòng b ạ. Quyz bệnh chi trả 1 tỷ/ bệnh/ thương tật và không giới hạn cho bệnh.... Mình là Linh tvv nhà daiichi có 10 năm KN làm việc, hữu duyên kết nối b nha. #tvth898",hoireviewbaohiem,labeled,0,Cao Thị Linh,https://www.facebook.com/groups/hoireviewbaohiem/posts/1746631226544201/?comment_id=1746721673201823,0,0,0,0,0,0,0,0,0,0
1746763229864334,1746631226544201,,https://www.facebook.com/groups/hoireviewbaohiem/posts/1746631226544201/,2026-09-02,"Bạn tham khảo bảo hiểm sức khoẻ kèm nhân thọ AIA nhé. Thẻ kèm nhân thọ có độ ổn định lâu dài, thẩm định 1 lần đầu vào khi lên hồ sơ. Quyền lợi của AIA cũng thuộc top rộng và chi trả mạnh nên khá đáng cân nhắc bạn ạ.",hoireviewbaohiem,labeled,0,Xuân Hoàng,https://www.facebook.com/groups/hoireviewbaohiem/posts/1746631226544201/?comment_id=1746763229864334,0,0,0,0,0,0,0,0,0,0
1746765226530801,1746631226544201,,https://www.facebook.com/groups/hoireviewbaohiem/posts/1746631226544201/,2026-09-02,5 người thì được nhưng tài chính mình tầm bao nhiêu là thoải mái để tvv thiết kế cho mình nhé anh chị. Nhà AIA có dòng sản phẩm cho gia đình rất tối ưu bảo vệ tất cả các thành viên mà dòng tiền tích luỹ cũng khá tốt. (Khi bảo vệ càng nhiều thành viên thì đồng nghĩ phí trôi nhiều) nên là nếu được mời anh chị inbox em tìm hiểu thêm nhé ! Em là tvv của Hội sở BHNT AIA exchange HCM. Sẵn lòng hỗ trợ mình nghen #GDB38,hoireviewbaohiem,labeled,0,Bo Phú,https://www.facebook.com/groups/hoireviewbaohiem/posts/1746631226544201/?comment_id=1746765226530801,0,0,0,0,0,0,0,0,0,0
1746786209862036,1746631226544201,,https://www.facebook.com/groups/hoireviewbaohiem/posts/1746631226544201/,2026-09-02,Nhà mình dùng daiichi 7 năm nay rồi.Thấy khá oki và nhanh ak,hoireviewbaohiem,labeled,0,Lê Huệ,https://www.facebook.com/groups/hoireviewbaohiem/posts/1746631226544201/?comment_id=1746786209862036,0,0,0,0,0,0,0,0,0,0
1746850276522296,1746631226544201,,https://www.facebook.com/groups/hoireviewbaohiem/posts/1746631226544201/,2026-09-02,Chọn Gen nhé em đang có ưu đãi thẻ giảm 20%,hoireviewbaohiem,labeled,0,Ngô Thị Thu Thủy,https://www.facebook.com/groups/hoireviewbaohiem/posts/1746631226544201/?comment_id=1746850276522296,0,0,0,0,0,0,0,0,0,0
1746894946517829,1746631226544201,,https://www.facebook.com/groups/hoireviewbaohiem/posts/1746631226544201/,2026-09-02,B tham khảo Daiichi ib mình nhé - Điều kiện tối thiểu mua thẻ sk bên Daiichi là phí nhân thọ 8tr HĐ 10-15-20-25 năm Có lãi suất cam kết nhận về: 10 năm 103% 15 năm 105% 20 năm 110% 25 năm 115% - Thẻ sk cam kết tái tục hàng năm - Thanh toán cả bệnh bẩm sinh Lh 0376212939 #gdb32,hoireviewbaohiem,labeled,0,Huyền Trần,https://www.facebook.com/groups/hoireviewbaohiem/posts/1746631226544201/?comment_id=1746894946517829,0,0,0,0,0,0,0,0,0,0
1746924006514923,1746631226544201,,https://www.facebook.com/groups/hoireviewbaohiem/posts/1746631226544201/,2026-09-02,"Chào bạn Chào bạn Mình là Phương Thuý AIA không chỉ tư vấn một hợp đồng, mà đồng hành cùng bạn trong từng chặng đường bảo vệ gia đình. - Gia đình 5 người trong đó ba mẹ là trụ cột chính, tài chính bạn ổn thì ba, mẹ, 3 ban nho mỗi người một HĐ riêng - Nếu tài chỉnh k dư lắm thì bạn có thể chọn phương án ba mẹ đứng Hđ rồi gắn thẻ sức khoẻ cho cả nhà. => AIA là cty có phí thẻ nhân thọ thấp nhất là 5tr, sau đó bạn gắn thẻ sức khoẻ, tuỳ theo độ tuổi thì mức phí sẽ khác nhau. - Bạn chú ý vài quyền lợi nổi bật của thẻ sức khoẻ AIA 🎈ĐIỂM ĐẶC BIỆT LÀ THẺ SỨC KHOẺ MR1 ✅ Tham gia từ 0 tuổi và chi trả đến 100tuổi ✅ Nhân đôi hạn mức mỗi năm( CHÚ Ý LÀ NHÂN ĐÔI MỖI NĂM) ✅ Từ 0-4 tuổi đồng chi trả 80/20 tại các bệnh viện tư và quốc tế ( CHI TRẢ 💯 %Ở BV CÔNG) ✅ Từ 5 tuổi trở đi chi trả 100% tại Bệnh viện Tư, Công và Quốc tế ✅ CHI TRẢ ĐIỀU TRỊ CẤP CỨU BỆNH LÝ VÀ TAI NẠN (các cty khác chỉ chi trả tai nạn) Ví dụ: NHẬP VIỆN do sốt cao lúc 11h đêm sau đó em bé hạ sốt và không có bệnh lý phức tạp hoặc biến chứng -> bác sĩ cho về nhà theo dõi thêm,RA VIỆN lúc 6h sáng ->>> AIA CHI TRẢ) ✅ Không giới hạn phụ cho mỗi đợt điều trị ✅ Chi trả phẫu thuật trong ngày( tiểu phẫu, hút mũi theo phương pháp Proetz) Ví dụ: các bé nhỏ bị viêm xoang cấp hoặc mũi có dịch nhiều thường dc chỉ định hút mũi ->> AIA CHI TRẢ theo quyền lợi phẫu thuật trong ngày chứ không phải theo quyền lợi NGOẠI TRÚ) ✅ Đối với điều trị Ung thư được chi trả không giới hạn phương pháp điều trị (một số giới hạn phương pháp điều trị) ✅ Quyền lợi điều trị GIẢM NHẸ ✅ Dịch vụ Teledoc ĐẶC BIỆT giúp Quản trị bệnh án cho KH, được các bác sĩ đầu ngành trên toàn thế giới hỗ trợ tư vấn các phương pháp phù hợp để điều trị khi chẳng may mắc Bệnh Hiểm Nghèo ❤️ Ngoài việc chọn sản phẩm Thẻ sức khoẻ đảm bảo đủ quyền lợi và phù hợp với tài chính thì Tư vấn viên đồng hành là 1 yếu tố vô cùng quan trọng đối với KH. Hãy chọn Tư vấn viên có đủ kiến thức, có tâm và hỗ trợ nhiệt tình trong mỗi trường hợp phát sinh. 👩 Phương Thuý AIA ☎️ 0814216189 #PhuongThuyAIAexchangehcm #AIABHNT #AIAthesuckhoe #AIABHN #PT361",hoireviewbaohiem,labeled,0,Phương Thuý Vanessa,https://www.facebook.com/groups/hoireviewbaohiem/posts/1746631226544201/?comment_id=1746924006514923,0,0,0,0,0,0,0,0,0,0
1747010013172989,1746631226544201,,https://www.facebook.com/groups/hoireviewbaohiem/posts/1746631226544201/,2026-09-02,Nhà mình dùng Gen thẻ ưng lắm mà đợt này thấy mn rv sang Sun. B thử tham khảo 2 hãng đó xem nha,hoireviewbaohiem,labeled,0,Flower93st,https://www.facebook.com/groups/hoireviewbaohiem/posts/1746631226544201/?comment_id=1747010013172989,1,1,0,0,0,0,0,0,0,0
1747121093161881,1746631226544201,,https://www.facebook.com/groups/hoireviewbaohiem/posts/1746631226544201/,2026-09-02,"5 người và quỹ dành cho bảo hiểm nhân thọ như thế nào anh/chị ha? - Nếu thoải mái thì mỗi người tách riêng 1 HĐ là đảm bảo nhất, không ai đính kèm ai - Nếu tiết kiệm hơn thì bố/mẹ đứng chính và gắn kèm thẻ sức khoẻ cho con là được nhen Tham khảo AIA ib em nha",hoireviewbaohiem,labeled,0,Phuong Anh,https://www.facebook.com/groups/hoireviewbaohiem/posts/1746631226544201/?comment_id=1747121093161881,0,0,0,0,0,0,0,0,0,0
1746950876512236,1746700209870636,,https://www.facebook.com/groups/hoireviewbaohiem/posts/1746700209870636/,2026-09-02,Chấm,hoireviewbaohiem,labeled,0,AuthenticFrog5388,https://www.facebook.com/groups/hoireviewbaohiem/posts/1746700209870636/?comment_id=1746950876512236,1,1,0,0,0,0,0,0,0,0
1746952656512058,1746700209870636,,https://www.facebook.com/groups/hoireviewbaohiem/posts/1746700209870636/,2026-09-02,.,hoireviewbaohiem,labeled,0,Anonymous participant 565,https://www.facebook.com/groups/hoireviewbaohiem/posts/1746700209870636/?comment_id=1746952656512058,0,0,0,0,0,0,0,0,0,0
1746954413178549,1746700209870636,,https://www.facebook.com/groups/hoireviewbaohiem/posts/1746700209870636/,2026-09-02,Chấm,hoireviewbaohiem,labeled,0,Anonymous participant 902,https://www.facebook.com/groups/hoireviewbaohiem/posts/1746700209870636/?comment_id=1746954413178549,1,1,0,0,0,0,0,0,0,0
1746963049844352,1746700209870636,,https://www.facebook.com/groups/hoireviewbaohiem/posts/1746700209870636/,2026-09-02,"Bé 1 tháng là vừa đủ tuổi để mua riêng bảo hiểm nhà Sun Life luôn em nha! Bên này không đồng chi trả với trẻ em, trả 100% phạm vi bảo hiểm dù BV công lập hay tư nhân. Đây cũng là bên hiếm hoi có trả cho các chi phí xét nghiệm âm tính tầm soát, kể cả vitamin/ thuốc bổ. Bảo lãnh viện phí toàn quốc, claim hoàn toàn qua app, tái tục ổn định và cam kết giảm phí bảo hiểm hàng năm theo tuổi của bé siêu có lợi luôn. Chị là Minh Thảo - chuyên viên quản lý khách hàng cao cấp của Sun Life Vietnam, em inbox hoặc zalo 0901836335 Thảo tư vấn chi tiết gói bảo hiểm phù hợp cho bé nhen 🤗 Cảm ơn em! #GDC7",hoireviewbaohiem,labeled,0,Nguyen Minh Thao,https://www.facebook.com/groups/hoireviewbaohiem/posts/1746700209870636/?comment_id=1746963049844352,0,0,0,0,0,0,0,0,1,2
1746970856510238,1746700209870636,,https://www.facebook.com/groups/hoireviewbaohiem/posts/1746700209870636/,2026-09-02,Em Thảo Daiichi hi vọng có cơ hội tư vấn cho mom ạ 🥰,hoireviewbaohiem,labeled,0,Cô Thảo Bảo Hiểm,https://www.facebook.com/groups/hoireviewbaohiem/posts/1746700209870636/?comment_id=1746970856510238,0,0,0,0,0,0,0,0,0,0
1746977016509622,1746700209870636,,https://www.facebook.com/groups/hoireviewbaohiem/posts/1746700209870636/,2026-09-02,Gen nhé e,hoireviewbaohiem,labeled,0,Ngô Thị Thu Thủy,https://www.facebook.com/groups/hoireviewbaohiem/posts/1746700209870636/?comment_id=1746977016509622,0,0,0,0,0,0,0,0,0,0
1746982866509037,1746700209870636,,https://www.facebook.com/groups/hoireviewbaohiem/posts/1746700209870636/,2026-09-02,Gắn kèm con vào Hđ Man or Dai của mẹ nhé mom.,hoireviewbaohiem,labeled,0,GoldTulip1765,https://www.facebook.com/groups/hoireviewbaohiem/posts/1746700209870636/?comment_id=1746982866509037,0,0,0,0,0,0,0,0,0,0
1746990469841610,1746700209870636,,https://www.facebook.com/groups/hoireviewbaohiem/posts/1746700209870636/,2026-09-02,"chào bạn. Mình là Vĩnh- tvv Daiichi . Trẻ sơ sinh b tham khảo thẻ sk gắn nhân thọ cho an tâm lâu dài nha. Như Daiichi ưu điểm : - Phí chỉ 2,7tr/năm cấp quỹ 1 tỷ/bệnh cho nằm viện.tiền giường hạn mức cao, bé được sử dụng ở những phòng có dịch vụ y tế tốt nhất đầy đủ điều hoà, tủ lạnh, tivi, suất ăn,,,, - Bảo vệ cả bệnh bẩm sinh mà các dòng thẻ khác trên thị trường k có - Đi khám chi trả 100% theo hạn mức b mua - Ngoaì ra b có thể mua thêm hỗ trợ viện phí thêm 400k/ngày như ngày công bố mẹ đi chăm con ốm - Thời gian chờ cho bé chỉ 30 ngày với các bệnh hay gặp ở trẻ Về cơ bản thẻ cho bé nhỏ hay người lớn bạn tham gia Daiichi có lợi cả về phí và quyền lợi. Inbox m tư vấn chi tiết cho nha #TVTH386",hoireviewbaohiem,labeled,0,Bùi Quang Vĩnh,https://www.facebook.com/groups/hoireviewbaohiem/posts/1746700209870636/?comment_id=1746990469841610,0,0,0,0,0,0,0,0,0,0
1747024756504848,1746700209870636,,https://www.facebook.com/groups/hoireviewbaohiem/posts/1746700209870636/,2026-09-02,Nên gắn kèm thêm con vào HD có sẵn của Daiichi hoặc manu để đảm bảo quyền lợi lâu dài hơn nhé .,hoireviewbaohiem,labeled,0,Thu Đương Bảo Hiểm,https://www.facebook.com/groups/hoireviewbaohiem/posts/1746700209870636/?comment_id=1747024756504848,0,0,0,0,0,0,0,0,0,0
1747081543165836,1746700209870636,,https://www.facebook.com/groups/hoireviewbaohiem/posts/1746700209870636/,2026-09-02,"- Bạn có thể cân nhắc thêm thẻ con vào hợp đồng Dai hoặc Man là tiết kiệm chi phí nhất. - Nếu muốn sắm gói riêng cho con thì tham khảo thêm AIA hiện quyền lợi khá ổn, nhiều quyền lợi rất tối ưu mà có thể ở bên khác sẽ hơi đuối hơn. Liên hệ mình hỗ trợ nhé",hoireviewbaohiem,labeled,0,Xuân Hoàng,https://www.facebook.com/groups/hoireviewbaohiem/posts/1746700209870636/?comment_id=1747081543165836,0,0,0,0,0,0,0,0,0,0
1747088023165188,1746700209870636,,https://www.facebook.com/groups/hoireviewbaohiem/posts/1746700209870636/,2026-09-02,"Dạ chị gắn luôn thẻ của bé vào hđ Daiichi nếu đến kì đóng phí năm rồi ạ. Còn nếu chưa tới hay qua rồi thì chị tham khảo option mini này cho bé cũng oke đó ạ Em bên Daiichi,em có kinh nghiệm hơn 4 năm và là MDRT 2025. Trước đó em tốt nghiệp NEU chuyên ngành Bảo hiểm ạ. Rất vui nếu dc tư vấn cho mình💚 #GDB37",hoireviewbaohiem,labeled,0,Sơn Phạm,https://www.facebook.com/groups/hoireviewbaohiem/posts/1746700209870636/?comment_id=1747088023165188,0,0,0,0,0,0,0,0,0,0
1747093083164682,1746700209870636,,https://www.facebook.com/groups/hoireviewbaohiem/posts/1746700209870636/,2026-09-02,Dạ AIA số 1 Đông Nam á ạ,hoireviewbaohiem,labeled,0,Thanh Hang,https://www.facebook.com/groups/hoireviewbaohiem/posts/1746700209870636/?comment_id=1747093083164682,0,0,0,0,0,0,0,0,0,0
1747286606478663,1746700209870636,,https://www.facebook.com/groups/hoireviewbaohiem/posts/1746700209870636/,2026-09-03,B gắn thêm thẻ vào manu và daichi nhé,hoireviewbaohiem,labeled,0,Nguyễn Thị Huyền,https://www.facebook.com/groups/hoireviewbaohiem/posts/1746700209870636/?comment_id=1747286606478663,0,0,0,0,0,0,0,0,0,0
1747315946475729,1746700209870636,,https://www.facebook.com/groups/hoireviewbaohiem/posts/1746700209870636/,2026-09-03,"Chào bạn, bạn gắn thẻ sk vào daiichi hoặc manu luôn vho tối ưu nha",hoireviewbaohiem,labeled,0,Cao Thị Linh,https://www.facebook.com/groups/hoireviewbaohiem/posts/1746700209870636/?comment_id=1747315946475729,0,0,0,0,0,0,0,0,0,0
1747326196474704,1746700209870636,1746963049844352.0,https://www.facebook.com/groups/hoireviewbaohiem/posts/1746700209870636/,2026-09-03,Nguyen Minh Thao phí bao nhiêu ạ?,hoireviewbaohiem,labeled,1,FascinatingTulip9090,https://www.facebook.com/groups/hoireviewbaohiem/posts/1746700209870636/?comment_id=1746963049844352&reply_comment_id=1747326196474704,0,0,0,0,0,0,0,0,1,1
1747338683140122,1746700209870636,1747326196474704.0,https://www.facebook.com/groups/hoireviewbaohiem/posts/1746700209870636/,2026-09-03,"FascinatingTulip9090 gói thấp nhất từ 9,3tr cho năm đầu và giảm phí hàng năm nha bạn, khi bé 5 tuổi thì chỉ còn ~6tr/năm nè",hoireviewbaohiem,labeled,2,Nguyen Minh Thao,https://www.facebook.com/groups/hoireviewbaohiem/posts/1746700209870636/?comment_id=1746963049844352&reply_comment_id=1747338683140122,0,0,0,0,0,0,0,0,0,0
1747356823138308,1746700209870636,,https://www.facebook.com/groups/hoireviewbaohiem/posts/1746700209870636/,2026-09-03,"Bạn đã có tới 3 hợp đồng bảo hiểm rồi nên để tối ưu chi phí, trước tiên Ninh khuyên bạn nên review lại các hợp đồng hiện tại, xem có thể gắn thẻ sức khỏe cho bé vào hợp đồng nào thì thuận tiện và quyền lợi tốt nhất, chưa cần vội mở thêm hợp đồng mới. Ba của bé đã có bảo hiểm chưa ạ? Nếu ba chưa có, bạn có thể tham khảo phương án tham gia BHNT cho ba là người trụ cột, sau đó đính kèm thẻ sức khỏe cho bé. Cách này vừa bảo vệ thu nhập của ba, vừa hỗ trợ chi phí khám chữa bệnh cho con. Phí tham gia chỉ từ 8tr/năm ở AIA. Bạn inbox hoặc gửi các hợp đồng hiện tại qua Zalo 0776457460, Ninh review và tư vấn phương án phù hợp nhất cho gia đình nhé. #CC11",hoireviewbaohiem,labeled,0,Vũ Ninh,https://www.facebook.com/groups/hoireviewbaohiem/posts/1746700209870636/?comment_id=1747356823138308,0,0,0,0,0,0,0,0,0,0
1746951576512166,1746718619868795,,https://www.facebook.com/groups/hoireviewbaohiem/posts/1746718619868795/,2026-09-02,"Được nha b.chỉ có người đc BH là k đc đổi,còn ng mua vs ng thụ hưởng là đc",hoireviewbaohiem,labeled,0,Anonymous participant 524,https://www.facebook.com/groups/hoireviewbaohiem/posts/1746718619868795/?comment_id=1746951576512166,0,0,0,0,0,0,0,0,0,0
1746952729845384,1746718619868795,,https://www.facebook.com/groups/hoireviewbaohiem/posts/1746718619868795/,2026-09-02,Dc,hoireviewbaohiem,labeled,0,Ngọc Diễm,https://www.facebook.com/groups/hoireviewbaohiem/posts/1746718619868795/?comment_id=1746952729845384,0,0,0,0,0,0,0,0,0,0
1746963159844341,1746718619868795,,https://www.facebook.com/groups/hoireviewbaohiem/posts/1746718619868795/,2026-09-02,Đc bạn ơi,hoireviewbaohiem,labeled,0,Ngo Thi Huyen,https://www.facebook.com/groups/hoireviewbaohiem/posts/1746718619868795/?comment_id=1746963159844341,0,0,0,0,0,0,0,0,0,0
1746966063177384,1746718619868795,,https://www.facebook.com/groups/hoireviewbaohiem/posts/1746718619868795/,2026-09-02,Nếu bạn từ đủ 18 tuổi thì thay đổi thành bạn đứng bên mua được nhé. Cầm cccd của bạn và mẹ bạn lên văn phòng AIA gần nhất để đổi nhé.,hoireviewbaohiem,labeled,0,Hằng Trần,https://www.facebook.com/groups/hoireviewbaohiem/posts/1746718619868795/?comment_id=1746966063177384,0,0,0,0,0,0,0,0,1,1
1746967306510593,1746718619868795,,https://www.facebook.com/groups/hoireviewbaohiem/posts/1746718619868795/,2026-09-02,Bên mua BH thì thay đổi được b ạ. Chỉ có người được BH chính là ko đc thôi,hoireviewbaohiem,labeled,0,Ngoc Anh,https://www.facebook.com/groups/hoireviewbaohiem/posts/1746718619868795/?comment_id=1746967306510593,0,0,0,0,0,0,0,0,0,0
1746973693176621,1746718619868795,1746966063177384.0,https://www.facebook.com/groups/hoireviewbaohiem/posts/1746718619868795/,2026-09-02,Hằng Trần đổi onl đc k ạ,hoireviewbaohiem,labeled,1,Anonymous participant,https://www.facebook.com/groups/hoireviewbaohiem/posts/1746718619868795/?comment_id=1746966063177384&reply_comment_id=1746973693176621,0,0,0,0,0,0,0,0,0,0
1746974649843192,1746718619868795,,https://www.facebook.com/groups/hoireviewbaohiem/posts/1746718619868795/,2026-09-02,Đc em nhen Hải Vân AIA -0867797007 #gdb33 #AIA,hoireviewbaohiem,labeled,0,Pig Kute,https://www.facebook.com/groups/hoireviewbaohiem/posts/1746718619868795/?comment_id=1746974649843192,0,0,0,0,0,0,0,0,0,0
1746976189843038,1746718619868795,,https://www.facebook.com/groups/hoireviewbaohiem/posts/1746718619868795/,2026-09-02,"Được nhé em, cần hỗ trợ inbox Hồng Nhung Trần Thị Hằng Nga nhé em",hoireviewbaohiem,labeled,0,Ngô Thị Thu Thủy,https://www.facebook.com/groups/hoireviewbaohiem/posts/1746718619868795/?comment_id=1746976189843038,1,0,1,0,0,0,0,0,1,1
1746977719842885,1746718619868795,,https://www.facebook.com/groups/hoireviewbaohiem/posts/1746718619868795/,2026-09-02,"Thu tục này k làm onl đc nha nhưng b có thẻ nhờ tvv của b để hỗ trợ qua nộp đơn ở vp nhé. Photo cccd của bạn nộp cùng là đc, nhắc mẹ ký đúng chữ ký phía sau hđ nhen",hoireviewbaohiem,labeled,0,Như Mai,https://www.facebook.com/groups/hoireviewbaohiem/posts/1746718619868795/?comment_id=1746977719842885,0,0,0,0,0,0,0,0,0,0
1746979903176000,1746718619868795,1746976189843038.0,https://www.facebook.com/groups/hoireviewbaohiem/posts/1746718619868795/,2026-09-02,Ngô Thị Thu Thủy dạ chị,hoireviewbaohiem,labeled,1,Hồng Nhung,https://www.facebook.com/groups/hoireviewbaohiem/posts/1746718619868795/?comment_id=1746976189843038&reply_comment_id=1746979903176000,1,1,0,0,0,0,0,0,0,0
1746980573175933,1746718619868795,,https://www.facebook.com/groups/hoireviewbaohiem/posts/1746718619868795/,2026-09-02,"Hai mẹ con lên quầy cs gần nhất để được hướng dẫn thủ tục em nhé, khi đi mang theo cccd bản gốc nha.",hoireviewbaohiem,labeled,0,Hồng Nhung,https://www.facebook.com/groups/hoireviewbaohiem/posts/1746718619868795/?comment_id=1746980573175933,0,0,0,0,0,0,0,0,0,0
1746983529842304,1746718619868795,,https://www.facebook.com/groups/hoireviewbaohiem/posts/1746718619868795/,2026-09-02,"Bạn hoàn toàn có thể đổi được nha, bạn không cần thiết phải lên quầy, có thể gửi thư về văn phòng tiếp nhận của AIA. Hoặc bạn cũng có thể gửi thư cho tư vấn viên nộp giùm nha. Mình hỗ trợ KH đổi bên mua nhiều rồi, nếu cần hỗ trợ, bạn có thể inbox hoặc zalo (0776457460) cho Ninh nhé. #CC11",hoireviewbaohiem,labeled,0,Vũ Ninh,https://www.facebook.com/groups/hoireviewbaohiem/posts/1746718619868795/?comment_id=1746983529842304,0,0,0,0,0,0,0,0,0,0
1746983599842297,1746718619868795,,https://www.facebook.com/groups/hoireviewbaohiem/posts/1746718619868795/,2026-09-02,"Chào bạn, trường hợp này hoàn toàn ĐƯỢC nhé. Thủ tục này gọi là Đổi Bên mua bảo hiểm (chuyển quyền sở hữu hợp đồng từ Mẹ sang Bạn). Do bạn đã đủ tuổi và có năng lực hành vi dân sự nên hoàn toàn nhận lại hợp đồng được. Bạn có thể chọn 1 trong 2 cách làm sau: Cách 1: Làm Online (Nhanh nhất) Qua Đại lý/Tư vấn viên: Bạn liên hệ với Đại lý/Tư vấn viên đang chăm sóc hợp đồng của bạn. Bạn ấy sẽ gửi đơn giấy yêu cầu thay đổi cho hai mẹ con ký, sau đó tư vấn viên sẽ hỗ trợ nộp hồ sơ lên quầy giải quyết cho bạn. Cách 2: Làm Trực tiếp tại Văn phòng AIA Hai mẹ con cùng mang giấy tờ đến văn phòng dịch vụ khách hàng của AIA gần nhất. Nhân viên tại quầy sẽ cung cấp phiếu Yêu cầu thay đổi hợp đồng để hai mẹ con điền thông tin và ký xác nhận tại chỗ. Giấy tờ cần chuẩn bị (chụp ảnh nếu làm Online hoặc mang theo nếu đi trực tiếp): CCCD của Mẹ (Bên mua cũ). CCCD của Bạn (Bên mua mới). Giấy khai sinh của Bạn (để xác minh quan hệ Mẹ - Con). Lưu ý: Việc đổi người đứng tên không làm ảnh hưởng đến quyền lợi bảo hiểm, quá trình đóng phí hay thời gian chờ của hợp đồng cũ. Vì Mẹ đang là chủ hợp đồng nên bắt buộc phải có sự đồng ý và chữ ký/xác thực của Mẹ nhé! Cần hỗ trợ gì thêm ib mình nhé #PT359",hoireviewbaohiem,labeled,0,Lê Thủy,https://www.facebook.com/groups/hoireviewbaohiem/posts/1746718619868795/?comment_id=1746983599842297,0,0,0,0,0,0,0,0,1,1
1746986169842040,1746718619868795,1746983599842297.0,https://www.facebook.com/groups/hoireviewbaohiem/posts/1746718619868795/,2026-09-02,"Lê Thủy thủ tục này ko có trên app AIA+ nha bạn ơi. KH của mình nhanh nhất là điền form giấy, rồi gửi cho tvv nộp giùm.",hoireviewbaohiem,labeled,1,Vũ Ninh,https://www.facebook.com/groups/hoireviewbaohiem/posts/1746718619868795/?comment_id=1746983599842297&reply_comment_id=1746986169842040,1,0,1,0,0,0,0,0,0,0
1746990949841562,1746718619868795,,https://www.facebook.com/groups/hoireviewbaohiem/posts/1746718619868795/,2026-09-02,Đổi bên mua dc e nhe,hoireviewbaohiem,labeled,0,Bùi Quang Vĩnh,https://www.facebook.com/groups/hoireviewbaohiem/posts/1746718619868795/?comment_id=1746990949841562,0,0,0,0,0,0,0,0,0,0
1747287203145270,1746718619868795,,https://www.facebook.com/groups/hoireviewbaohiem/posts/1746718619868795/,2026-09-03,Đổi dc b nhé,hoireviewbaohiem,labeled,0,Nguyễn Thị Huyền,https://www.facebook.com/groups/hoireviewbaohiem/posts/1746718619868795/?comment_id=1747287203145270,0,0,0,0,0,0,0,0,0,0
1747315509809106,1746718619868795,,https://www.facebook.com/groups/hoireviewbaohiem/posts/1746718619868795/,2026-09-03,Bên mua bạn đổi được nha bạn. Bạn lên vp hoặc nhờ tvv hỗ trợ đổi nhé. #tvth899,hoireviewbaohiem,labeled,0,Cao Thị Linh,https://www.facebook.com/groups/hoireviewbaohiem/posts/1746718619868795/?comment_id=1747315509809106,0,0,0,0,0,0,0,0,0,0
1747367723137218,1746718619868795,,https://www.facebook.com/groups/hoireviewbaohiem/posts/1746718619868795/,2026-09-03,Được đấy bạn ạ. Bạn lên văn phòng gần nhất là đơn thay đổi bên mua bảo hiểm là được.,hoireviewbaohiem,labeled,0,Xuân Hoàng,https://www.facebook.com/groups/hoireviewbaohiem/posts/1746718619868795/?comment_id=1747367723137218,0,0,0,0,0,0,0,0,0,0
1746949333179057,1746881909852466,,https://www.facebook.com/groups/hoireviewbaohiem/posts/1746881909852466/,2026-09-02,Có nha. Ib m nha,hoireviewbaohiem,labeled,0,Bùi Văn Hoạt,https://www.facebook.com/groups/hoireviewbaohiem/posts/1746881909852466/?comment_id=1746949333179057,0,0,0,0,0,0,0,0,0,0
1746954849845172,1746881909852466,,https://www.facebook.com/groups/hoireviewbaohiem/posts/1746881909852466/,2026-09-02,"Zalo m: 0912025335 M có bán bh nhà ở, cửa hàng nha",hoireviewbaohiem,labeled,0,Nguyen Hang,https://www.facebook.com/groups/hoireviewbaohiem/posts/1746881909852466/?comment_id=1746954849845172,0,0,0,0,0,0,0,0,0,0
1746965869844070,1746881909852466,,https://www.facebook.com/groups/hoireviewbaohiem/posts/1746881909852466/,2026-09-02,mình có nha b ơi,hoireviewbaohiem,labeled,0,Quynh Nguyen,https://www.facebook.com/groups/hoireviewbaohiem/posts/1746881909852466/?comment_id=1746965869844070,0,0,0,0,0,0,0,0,0,0
1746970763176914,1746881909852466,,https://www.facebook.com/groups/hoireviewbaohiem/posts/1746881909852466/,2026-09-02,Zalo mình:0973094073,hoireviewbaohiem,labeled,0,Kim Luyến,https://www.facebook.com/groups/hoireviewbaohiem/posts/1746881909852466/?comment_id=1746970763176914,0,0,0,0,0,0,0,0,0,0
1746977333176257,1746881909852466,,https://www.facebook.com/groups/hoireviewbaohiem/posts/1746881909852466/,2026-09-02,Có em nhé ib Zương Zuồi Nguyễn Hoa tư vấn cho em,hoireviewbaohiem,labeled,0,Ngô Thị Thu Thủy,https://www.facebook.com/groups/hoireviewbaohiem/posts/1746881909852466/?comment_id=1746977333176257,0,0,0,0,0,0,0,0,0,0
1746945936512730,1746944223179568,,https://www.facebook.com/groups/hoireviewbaohiem/posts/1746944223179568/,2026-09-02,"Nội trú 100% thì chắc chắn là Sun Life rùiii, bạn liên hệ chị Nguyễn Thị Kim Ngân hoặc chị Nguyen Minh Thao nhaaaa",hoireviewbaohiem,labeled,0,Trương Thiên Trúc,https://www.facebook.com/groups/hoireviewbaohiem/posts/1746944223179568/?comment_id=1746945936512730,2,1,0,1,0,0,0,0,0,0
1746947163179274,1746944223179568,,https://www.facebook.com/groups/hoireviewbaohiem/posts/1746944223179568/,2026-09-02,Chưa thấy có BH nào thanh toán cả âm tính 🙃,hoireviewbaohiem,labeled,0,Nguyên Thu,https://www.facebook.com/groups/hoireviewbaohiem/posts/1746944223179568/?comment_id=1746947163179274,0,0,0,0,0,0,0,0,2,2
1746947703179220,1746944223179568,,https://www.facebook.com/groups/hoireviewbaohiem/posts/1746944223179568/,2026-09-02,"Bạn tìm hiểu GENERALI nhé Nội trú của Gen trả 100% cho cả trẻ em từ 0-5 tuổi, ngoại trú thì ko có cty nào trả 100% đâu",hoireviewbaohiem,labeled,0,Hang Dothihang,https://www.facebook.com/groups/hoireviewbaohiem/posts/1746944223179568/?comment_id=1746947703179220,0,0,0,0,0,0,0,0,1,4
1746947993179191,1746944223179568,,https://www.facebook.com/groups/hoireviewbaohiem/posts/1746944223179568/,2026-09-02,Phí rẻ luôn k chị :)))))),hoireviewbaohiem,labeled,0,ShihuuFff,https://www.facebook.com/groups/hoireviewbaohiem/posts/1746944223179568/?comment_id=1746947993179191,11,0,0,0,11,0,0,0,0,0
1746948013179189,1746944223179568,1746947163179274.0,https://www.facebook.com/groups/hoireviewbaohiem/posts/1746944223179568/,2026-09-02,Nguyên Thu có Gen với Sun đó b,hoireviewbaohiem,labeled,1,Babybonhi,https://www.facebook.com/groups/hoireviewbaohiem/posts/1746944223179568/?comment_id=1746947163179274&reply_comment_id=1746948013179189,0,0,0,0,0,0,0,0,0,0
1746948073179183,1746944223179568,,https://www.facebook.com/groups/hoireviewbaohiem/posts/1746944223179568/,2026-09-02,Ở Gen chi trả cả âm tính Không đồng chi trả nội trú Và đang có chương trình ưu đãi cho bé 0-5 tuổi tốt lắm. Bạn tham khảo nha!,hoireviewbaohiem,labeled,0,Lam Phuong Vo,https://www.facebook.com/groups/hoireviewbaohiem/posts/1746944223179568/?comment_id=1746948073179183,0,0,0,0,0,0,0,0,0,0
1746952373178753,1746944223179568,1746947703179220.0,https://www.facebook.com/groups/hoireviewbaohiem/posts/1746944223179568/,2026-09-02,Hang Dothihang ngoại trú Dai trả 100% đó bác :))) nhưng nội 70/30 thui,hoireviewbaohiem,labeled,1,Ngọc Peo,https://www.facebook.com/groups/hoireviewbaohiem/posts/1746944223179568/?comment_id=1746947703179220&reply_comment_id=1746952373178753,0,0,0,0,0,0,0,0,3,3
1746955573178433,1746944223179568,,https://www.facebook.com/groups/hoireviewbaohiem/posts/1746944223179568/,2026-09-02,BH nào chi trả âm tính chắc dị dư tiền rồi á 😎,hoireviewbaohiem,labeled,0,Minh Minh,https://www.facebook.com/groups/hoireviewbaohiem/posts/1746944223179568/?comment_id=1746955573178433,0,0,0,0,0,0,0,0,1,1
1746956326511691,1746944223179568,,https://www.facebook.com/groups/hoireviewbaohiem/posts/1746944223179568/,2026-09-02,Bài seeding à 😂,hoireviewbaohiem,labeled,0,Phạm Quang Huy,https://www.facebook.com/groups/hoireviewbaohiem/posts/1746944223179568/?comment_id=1746956326511691,0,0,0,0,0,0,0,0,0,0
1746957449844912,1746944223179568,,https://www.facebook.com/groups/hoireviewbaohiem/posts/1746944223179568/,2026-09-02,Bé mấy tháng thì lm đc bh ạ?,hoireviewbaohiem,labeled,0,Anonymous participant 864,https://www.facebook.com/groups/hoireviewbaohiem/posts/1746944223179568/?comment_id=1746957449844912,0,0,0,0,0,0,0,0,3,3
1746957493178241,1746944223179568,,https://www.facebook.com/groups/hoireviewbaohiem/posts/1746944223179568/,2026-09-02,Bame Life hoặc Ongba Life nhé. Chi trả 100% chi phí lót tay bác sỹ luôn cơ,hoireviewbaohiem,labeled,0,Phạm Quang Huy,https://www.facebook.com/groups/hoireviewbaohiem/posts/1746944223179568/?comment_id=1746957493178241,6,0,0,0,6,0,0,0,0,0
1746957589844898,1746944223179568,1746955573178433.0,https://www.facebook.com/groups/hoireviewbaohiem/posts/1746944223179568/,2026-09-02,Minh Minh Gen với Sun Life có trả á bạn.,hoireviewbaohiem,labeled,1,Nguyen Minh Thao,https://www.facebook.com/groups/hoireviewbaohiem/posts/1746944223179568/?comment_id=1746955573178433&reply_comment_id=1746957589844898,0,0,0,0,0,0,0,0,0,0
1746958046511519,1746944223179568,1746957449844912.0,https://www.facebook.com/groups/hoireviewbaohiem/posts/1746944223179568/,2026-09-02,Anonymous participant 864 bé từ 30 ngày tuổi là mua được nha em ơi. Mua sớm hưởng full quyền lợi nè!,hoireviewbaohiem,labeled,1,Nguyen Minh Thao,https://www.facebook.com/groups/hoireviewbaohiem/posts/1746944223179568/?comment_id=1746957449844912&reply_comment_id=1746958046511519,0,0,0,0,0,0,0,0,0,0
1746959563178034,1746944223179568,,https://www.facebook.com/groups/hoireviewbaohiem/posts/1746944223179568/,2026-09-02,"Đề bài này chắc chắn phải là Sun Life rồi nè. Bên này không đồng chi trả với trẻ em, trả 100% phạm vi bảo hiểm dù BV công lập hay tư nhân. Đây cũng là bên hiếm hoi có trả cho các chi phí xét nghiệm âm tính tầm soát, kể cả vitamin/ thuốc bổ. (Việc chi trả XN âm tính là điều khoản chung, áp dụng cho cả Nội trú/ Ngoại trú/ Nha khoa và cả Thai sản cho người lớn em nhé) Bảo lãnh viện phí toàn quốc, claim hoàn toàn qua app, tái tục ổn định và cam kết giảm phí bảo hiểm hàng năm theo tuổi của bé siêu có lợi luôn. Thảo nghĩ rằng việc tìm hiểu nhiều hơn giúp mình càng vững tin hơn vào sự lựa chọn của mình. Chị là Minh Thảo - chuyên viên quản lý khách hàng cao cấp của Sun Life Vietnam, em inbox hoặc zalo 0901836335 Thảo tư vấn chi tiết gói bảo hiểm phù hợp cho bé nhen 🤗 Cảm ơn em! #GDC7",hoireviewbaohiem,labeled,0,Nguyen Minh Thao,https://www.facebook.com/groups/hoireviewbaohiem/posts/1746944223179568/?comment_id=1746959563178034,0,0,0,0,0,0,0,0,2,4
1746961786511145,1746944223179568,1746957449844912.0,https://www.facebook.com/groups/hoireviewbaohiem/posts/1746944223179568/,2026-09-02,Người tham gia ẩn danh 864 từ 30 ngày tuổi là con có thể tham gia được rồi em nhé,hoireviewbaohiem,labeled,1,Phạm Thị Kim Oanh,https://www.facebook.com/groups/hoireviewbaohiem/posts/1746944223179568/?comment_id=1746957449844912&reply_comment_id=1746961786511145,0,0,0,0,0,0,0,0,0,0
1746962079844449,1746944223179568,1746947163179274.0,https://www.facebook.com/groups/hoireviewbaohiem/posts/1746944223179568/,2026-09-02,Nguyên Thu Gen với Sun Life đang trả cả các xét nghiệm âm tính miễn có liên quan đến chẩn đoán hoặc triệu chứng nè. Mua thẻ Sun Life inbox mình nhen! 🤗,hoireviewbaohiem,labeled,1,Nguyen Minh Thao,https://www.facebook.com/groups/hoireviewbaohiem/posts/1746944223179568/?comment_id=1746947163179274&reply_comment_id=1746962079844449,1,1,0,0,0,0,0,0,0,0
1746966493177341,1746944223179568,,https://www.facebook.com/groups/hoireviewbaohiem/posts/1746944223179568/,2026-09-02,Generali,hoireviewbaohiem,labeled,0,Hà Đặng,https://www.facebook.com/groups/hoireviewbaohiem/posts/1746944223179568/?comment_id=1746966493177341,0,0,0,0,0,0,0,0,0,0
1746967009843956,1746944223179568,,https://www.facebook.com/groups/hoireviewbaohiem/posts/1746944223179568/,2026-09-02,Chi trả 100% đối với trẻ nhỏ k quan trọng bằng mua được 1 cái thẻ không bị giới hạn số tiền chi trả mỗi lần nằm viện nha bạn. Bệnh bt thì có vẻ có lợi nhưng bệnh trọng thì cũng ốm o đấy,hoireviewbaohiem,labeled,0,Huyen Ngo,https://www.facebook.com/groups/hoireviewbaohiem/posts/1746944223179568/?comment_id=1746967009843956,0,0,0,0,0,0,0,0,0,0
1746967553177235,1746944223179568,,https://www.facebook.com/groups/hoireviewbaohiem/posts/1746944223179568/,2026-09-02,"Nhà mình đang dùng Gen thấy khá ok, 100% giới hạn, chi trả cả xn âm tính nhưng đợt này thấy mn rv Sun nữa. Có ai so sánh giúp mình đc ko",hoireviewbaohiem,labeled,0,Flower93st,https://www.facebook.com/groups/hoireviewbaohiem/posts/1746944223179568/?comment_id=1746967553177235,0,0,0,0,0,0,0,0,1,3
1746972983176692,1746944223179568,,https://www.facebook.com/groups/hoireviewbaohiem/posts/1746944223179568/,2026-09-02,"Trả 100% nội trú và âm tính thì ko ai qua nổi Gen đâu ah Trẻ em Gen là vô địch Mình tham khảo qua bài Hoa đăng trong nhóm nói về âm tính vẫn trả, điều mà ít cty có ah Khách hàng nào cần tư vấn Gen nhắn Hoa nha, Hoa là Tư vấn viên Tinh hoa của nhóm, Hoa làm bh 9 năm toàn thời gian, tư vấn dễ hiểu online hoặc offline đều oki Nghiệp vụ bảo hiểm chắc đảm bảo khai thác thông tin kê khai đầu vào kĩ, sau bán đồng hành 24/7 mọi lúc. Cần hỗ trợ nhắn zalo 0352694726 Hoa ah #TVTH726_HoaNguyen_Generali",hoireviewbaohiem,labeled,0,Hoa Nguyen,https://www.facebook.com/groups/hoireviewbaohiem/posts/1746944223179568/?comment_id=1746972983176692,1,1,0,0,0,0,0,0,6,9
1746973796509944,1746944223179568,1746972983176692.0,https://www.facebook.com/groups/hoireviewbaohiem/posts/1746944223179568/,2026-09-02,Ai cần TVV nhiệt tình nghiệp vụ chắc cứ nhắn Hoa nha,hoireviewbaohiem,labeled,1,Hoa Nguyen,https://www.facebook.com/groups/hoireviewbaohiem/posts/1746944223179568/?comment_id=1746972983176692&reply_comment_id=1746973796509944,0,0,0,0,0,0,0,0,0,0
1746974703176520,1746944223179568,1746972983176692.0,https://www.facebook.com/groups/hoireviewbaohiem/posts/1746944223179568/,2026-09-02,"Ai mà chỉ thích nội trú thì đây gói 10tr/ năm ( đã gồm nhân thọ, sau 6 tuổi bé còn có 5,9tr/ năm) trả 100%",hoireviewbaohiem,labeled,1,Hoa Nguyen,https://www.facebook.com/groups/hoireviewbaohiem/posts/1746944223179568/?comment_id=1746972983176692&reply_comment_id=1746974703176520,0,0,0,0,0,0,0,0,0,0
1746976746509649,1746944223179568,,https://www.facebook.com/groups/hoireviewbaohiem/posts/1746944223179568/,2026-09-02,Gen 0 đồng chi trả ở bệnh viện Tư và công nhé e. Ib chị tư vấn cho em,hoireviewbaohiem,labeled,0,Ngô Thị Thu Thủy,https://www.facebook.com/groups/hoireviewbaohiem/posts/1746944223179568/?comment_id=1746976746509649,0,0,0,0,0,0,0,0,0,0
1746977456509578,1746944223179568,,https://www.facebook.com/groups/hoireviewbaohiem/posts/1746944223179568/,2026-09-02,Generali đáp ứng các yêu cầu trên b ah ♥️ #gdd5,hoireviewbaohiem,labeled,0,Phan Quỳnh Trang,https://www.facebook.com/groups/hoireviewbaohiem/posts/1746944223179568/?comment_id=1746977456509578,0,0,0,0,0,0,0,0,0,0
1746984979842159,1746944223179568,,https://www.facebook.com/groups/hoireviewbaohiem/posts/1746944223179568/,2026-09-02,Quan tâm ib mk gửi ttin nhé,hoireviewbaohiem,labeled,0,Nguyễn Thị Huyền,https://www.facebook.com/groups/hoireviewbaohiem/posts/1746944223179568/?comment_id=1746984979842159,0,0,0,0,0,0,0,0,0,0
1746990486508275,1746944223179568,1746967553177235.0,https://www.facebook.com/groups/hoireviewbaohiem/posts/1746944223179568/,2026-09-02,"Flower93st Sun với Gen là 9/10 rồi bạn ơi. Đều không đồng chi trả Đều trả cho cả XN âm tính Nhà Sun thì thêm 3 điểm này mình thấy đáng cân nhắc lắm: • Trả luôn cho cả vitamin/ thuốc bổ phục vụ trực tiếp cho việc điều trị • Ngoại trú linh hoạt đồng chi trả 0/10/20% chứ ko cố định 0/20% như Gen • Phí bảo hiểm rẻ hơn, và với trẻ em còn giảm phí hàng năm chứ ko cố định 5 năm đầu như Gen. Mình là Minh Thảo - chuyên viên quản lý khách hàng cao cấp của Sun Life Vietnam, bạn inbox hoặc zalo 0901836335 Thảo tư vấn chi tiết gói bảo hiểm phù hợp cho bé nhen 🤗 Cảm ơn bạn! #GDC7",hoireviewbaohiem,labeled,1,Nguyen Minh Thao,https://www.facebook.com/groups/hoireviewbaohiem/posts/1746944223179568/?comment_id=1746967553177235&reply_comment_id=1746990486508275,0,0,0,0,0,0,0,0,2,2
1746992246508099,1746944223179568,1746990486508275.0,https://www.facebook.com/groups/hoireviewbaohiem/posts/1746944223179568/,2026-09-02,"Nguyen Minh Thao tiền giường của Sun có chi trả tách tiền giường và CSYT như các viện Vinmec, Hồng Ngọc hay Tâm Anh k ạ",hoireviewbaohiem,labeled,2,Flower93st,https://www.facebook.com/groups/hoireviewbaohiem/posts/1746944223179568/?comment_id=1746967553177235&reply_comment_id=1746992246508099,0,0,0,0,0,0,0,0,0,0
1746993609841296,1746944223179568,,https://www.facebook.com/groups/hoireviewbaohiem/posts/1746944223179568/,2026-09-02,Generali nha bạn sắp có thẻ rời rồi nha #GDC6,hoireviewbaohiem,labeled,0,Generali Thanh Thuy,https://www.facebook.com/groups/hoireviewbaohiem/posts/1746944223179568/?comment_id=1746993609841296,0,0,0,0,0,0,0,0,0,0
1746995993174391,1746944223179568,1746959563178034.0,https://www.facebook.com/groups/hoireviewbaohiem/posts/1746944223179568/,2026-09-02,Nguyen Minh Thao ib e nhé,hoireviewbaohiem,labeled,1,Nguyễn Hồng Liên,https://www.facebook.com/groups/hoireviewbaohiem/posts/1746944223179568/?comment_id=1746959563178034&reply_comment_id=1746995993174391,1,0,1,0,0,0,0,0,1,1
1746996273174363,1746944223179568,1746972983176692.0,https://www.facebook.com/groups/hoireviewbaohiem/posts/1746944223179568/,2026-09-02,Hoa Nguyen ib e nha,hoireviewbaohiem,labeled,1,Nguyễn Hồng Liên,https://www.facebook.com/groups/hoireviewbaohiem/posts/1746944223179568/?comment_id=1746972983176692&reply_comment_id=1746996273174363,0,0,0,0,0,0,0,0,1,1
1747001516507172,1746944223179568,1746952373178753.0,https://www.facebook.com/groups/hoireviewbaohiem/posts/1746944223179568/,2026-09-02,Ngọc Peo khám sức khỏe hết 10-20 triệu cũng đc trả 100% ah bạn ?,hoireviewbaohiem,labeled,2,Hang Dothihang,https://www.facebook.com/groups/hoireviewbaohiem/posts/1746944223179568/?comment_id=1746947703179220&reply_comment_id=1747001516507172,0,0,0,0,0,0,0,0,0,0
1747001696507154,1746944223179568,1746992246508099.0,https://www.facebook.com/groups/hoireviewbaohiem/posts/1746944223179568/,2026-09-02,"Flower93st có tách tiền giường luôn nha! Điểm này Sun giống Gen, là đều ko giới hạn phòng đơn tiêu chuẩn - cứ miễn trong hạn mức là trả đủ",hoireviewbaohiem,labeled,2,Nguyen Minh Thao,https://www.facebook.com/groups/hoireviewbaohiem/posts/1746944223179568/?comment_id=1746967553177235&reply_comment_id=1747001696507154,0,0,0,0,0,0,0,0,0,0
1747004406506883,1746944223179568,1746995993174391.0,https://www.facebook.com/groups/hoireviewbaohiem/posts/1746944223179568/,2026-09-02,Nguyễn Hồng Liên chị nhắn em qua mes rồi nha bé ơi. Nếu em chưa thấy tin có thể pm chị qua zalo 0901836335 nè 🫶🏻 Cảm ơn em,hoireviewbaohiem,labeled,2,Nguyen Minh Thao,https://www.facebook.com/groups/hoireviewbaohiem/posts/1746944223179568/?comment_id=1746959563178034&reply_comment_id=1747004406506883,0,0,0,0,0,0,0,0,0,0
1747009199839737,1746944223179568,,https://www.facebook.com/groups/hoireviewbaohiem/posts/1746944223179568/,2026-09-02,Sunlife đáp ứng điều kiện này b nha. Ngoài ra còn cả quyền lợi san sẻ yêu thương - quỹ dùng chung cho cả gia đình nữa a.,hoireviewbaohiem,labeled,0,Thanh Hoa,https://www.facebook.com/groups/hoireviewbaohiem/posts/1746944223179568/?comment_id=1747009199839737,0,0,0,0,0,0,0,0,0,0
1747026096504714,1746944223179568,,https://www.facebook.com/groups/hoireviewbaohiem/posts/1746944223179568/,2026-09-02,"Nhanh gọn thì gen, phí thấp hơn thì sun, thẻ rời thì uic",hoireviewbaohiem,labeled,0,RelaxingJackfruit2366,https://www.facebook.com/groups/hoireviewbaohiem/posts/1746944223179568/?comment_id=1747026096504714,0,0,0,0,0,0,0,0,0,0
1747033009837356,1746944223179568,,https://www.facebook.com/groups/hoireviewbaohiem/posts/1746944223179568/,2026-09-02,"Vậy chính là nhà Gen rồi, ko còn bàn cãi gì nữa . Bạn có thể tham khảo nhiều feedback chính khách hàng sử dụng Gen trên diễn đàn này nhé . Trong tháng 8 này em bé được tặng 30% phí thẻ Gen đó ạ Ib mình nha #CC12 - 𝐊𝐡𝐚́𝐧𝐡 𝐇𝐚̀ 𝐁𝐚̉𝐨 𝐡𝐢𝐞̂̉𝐦 | 𝐁𝐚̉𝐨 𝐡𝐢𝐞̂̉𝐦 𝐆𝐞𝐧𝐞𝐫𝐚𝐥𝐢 - 𝑪𝒉𝒂̆𝒎 𝒔𝒐́𝒄 & đ𝒐̂̀𝒏𝒈 𝒉𝒂̀𝒏𝒉 𝒌𝒉𝒂́𝒄𝒉 𝒉𝒂̀𝒏𝒈 𝒕𝒓𝒆̂𝒏 𝒕𝒐𝒂̀𝒏 𝒒𝒖𝒐̂́𝒄 📞 09.686.739.7️⃣6️⃣",hoireviewbaohiem,labeled,0,Khánh Hà Generali,https://www.facebook.com/groups/hoireviewbaohiem/posts/1746944223179568/?comment_id=1747033009837356,0,0,0,0,0,0,0,0,0,0
1747044859836171,1746944223179568,1747001516507172.0,https://www.facebook.com/groups/hoireviewbaohiem/posts/1746944223179568/,2026-09-02,Hang Dothihang ủa ý bác là 100% hoá đơn á 😂😂 làm j có bên nào dám vỗ ngực nói trả 100% hoá đơn vì n loại chi phí ko trả mà bác =))) 100% chi phí y tế tối đa hạn mức thôi bác,hoireviewbaohiem,labeled,2,Ngọc Peo,https://www.facebook.com/groups/hoireviewbaohiem/posts/1746944223179568/?comment_id=1746947703179220&reply_comment_id=1747044859836171,0,0,0,0,0,0,0,0,0,0
1747048089835848,1746944223179568,,https://www.facebook.com/groups/hoireviewbaohiem/posts/1746944223179568/,2026-09-02,Generil,hoireviewbaohiem,labeled,0,CreativeLizard3221,https://www.facebook.com/groups/hoireviewbaohiem/posts/1746944223179568/?comment_id=1747048089835848,0,0,0,0,0,0,0,0,0,0
1747057299834927,1746944223179568,1746972983176692.0,https://www.facebook.com/groups/hoireviewbaohiem/posts/1746944223179568/,2026-09-02,Trang Nguyễn,hoireviewbaohiem,labeled,1,Nguyễn Mạnh,https://www.facebook.com/groups/hoireviewbaohiem/posts/1746944223179568/?comment_id=1746972983176692&reply_comment_id=1747057299834927,0,0,0,0,0,0,0,0,1,1
1747090586498265,1746944223179568,,https://www.facebook.com/groups/hoireviewbaohiem/posts/1746944223179568/,2026-09-02,Pacific cross thì sao các mom ơi,hoireviewbaohiem,labeled,0,Anonymous participant 616,https://www.facebook.com/groups/hoireviewbaohiem/posts/1746944223179568/?comment_id=1747090586498265,0,0,0,0,0,0,0,0,3,6
1747092066498117,1746944223179568,,https://www.facebook.com/groups/hoireviewbaohiem/posts/1746944223179568/,2026-09-02,AIA Số 1 Đông Nam á e tư vấn c ạ,hoireviewbaohiem,labeled,0,Thanh Hang,https://www.facebook.com/groups/hoireviewbaohiem/posts/1746944223179568/?comment_id=1747092066498117,0,0,0,0,0,0,0,0,0,0
1747100749830582,1746944223179568,,https://www.facebook.com/groups/hoireviewbaohiem/posts/1746944223179568/,2026-09-02,"Hi mom ạ Về nhu cầu tham khảo 1 gói được chi trả 100% thì Daiichi đang đáp ứng được ở phần ngoại trú ạ. Còn nội trú Daiichi đang trả 70/30 từ 0-5t nhưng bù lại thẻ Daiichi lại rất rẻ - chỉ 2tr7/năm đã mua dc hạng cao cấp 1 tỷ/bệnh, 3tr tiền giường/ngày,… rồi ạ. Nếu so vs các bên khác đang trả 100% thì phí khá cao tầm 7tr7/năm nếu cùng hạn mức như của Daiichi. Và như kinh nghiệm của em thì claim ngoại trú của bé lên tới 85-90% chứ ko nằm nội trú đâu ạ. Sun và Gen đều đồng chi trả 80/20 ngoại trú ở viện quốc tế, phòng khám tư nhé ạ. Vậy nếu mình k may phải dùng đến thì viện phí hết 10tr Daiichi trả 7tr mình tự bù 3tr nhưng nếu trộm vía k cần dùng đến thì 1 năm chỉ mất 2tr7 thôi ạ. Bên cạnh nhân thọ phí tối thiểu cũng chỉ từ 8tr là đã đính kèm dc thẻ sk rồi ạ Và bên em có giải pháp bù đắp 30% tự chi trả đó mà phí chỉ hơn 1tr/năm thôi ạ Em bên Daiichi,em có kinh nghiệm hơn 4 năm và trước em tốt nghiệp NEU chuyên ngành Bảo hiểm ạ. Rất vui nếu dc tư vấn cho mình ạ #GDB37",hoireviewbaohiem,labeled,0,Sơn Phạm,https://www.facebook.com/groups/hoireviewbaohiem/posts/1746944223179568/?comment_id=1747100749830582,0,0,0,0,0,0,0,0,1,2
1747241059816551,1746944223179568,1747090586498265.0,https://www.facebook.com/groups/hoireviewbaohiem/posts/1746944223179568/,2026-09-02,"Người tham gia ẩn danh 616 Pacific bé mua riêng thì đồng ct 40-60, còn mua kèm bố mẹ thì không đồng chi trả nha bạn.",hoireviewbaohiem,labeled,1,Trần Thị Minh Châu,https://www.facebook.com/groups/hoireviewbaohiem/posts/1746944223179568/?comment_id=1747090586498265&reply_comment_id=1747241059816551,1,0,1,0,0,0,0,0,0,0
1747248086482515,1746944223179568,,https://www.facebook.com/groups/hoireviewbaohiem/posts/1746944223179568/,2026-09-02,"Trong quy tắc điều khoản của các công ty bảo hiểm, hầu hết các công ty sẽ chi trả chi phí cần thiết và hợp lý về mặt y khoa và tuỳ theo từng chiến lược thời điểm của các tập đoàn. Mình chưa bao giờ dám khẳng định sẽ được chi trả những xét nghiệm âm tính vì nó không có trong điều khoản, nhưng hiện tại Gen vẫn đang chi trả như vậy, nên là được cái gì hay cái đó chứ đó không phải là điểm mình sẽ nói với KH nhiều, hy vọng các anh chị đọc được bài viết của em và có cái nhìn khách quan hơn, #GDD15",hoireviewbaohiem,labeled,0,Phú Lê,https://www.facebook.com/groups/hoireviewbaohiem/posts/1746944223179568/?comment_id=1747248086482515,0,0,0,0,0,0,0,0,0,0
1747257786481545,1746944223179568,1746972983176692.0,https://www.facebook.com/groups/hoireviewbaohiem/posts/1746944223179568/,2026-09-02,Hoa Nguyen muốn được tư vấn,hoireviewbaohiem,labeled,1,Phương Thích DuLich Phương,https://www.facebook.com/groups/hoireviewbaohiem/posts/1746944223179568/?comment_id=1746972983176692&reply_comment_id=1747257786481545,0,0,0,0,0,0,0,0,1,1
1747259586481365,1746944223179568,,https://www.facebook.com/groups/hoireviewbaohiem/posts/1746944223179568/,2026-09-02,Ôi thế về Gen là đúng bài rồi ạ 🥰,hoireviewbaohiem,labeled,0,Trần Hồng,https://www.facebook.com/groups/hoireviewbaohiem/posts/1746944223179568/?comment_id=1747259586481365,0,0,0,0,0,0,0,0,0,0
1747265419814115,1746944223179568,1746959563178034.0,https://www.facebook.com/groups/hoireviewbaohiem/posts/1746944223179568/,2026-09-03,Nguyen Minh Thao ib m,hoireviewbaohiem,labeled,1,Ha Vy,https://www.facebook.com/groups/hoireviewbaohiem/posts/1746944223179568/?comment_id=1746959563178034&reply_comment_id=1747265419814115,1,0,1,0,0,0,0,0,1,1
1747267343147256,1746944223179568,1747090586498265.0,https://www.facebook.com/groups/hoireviewbaohiem/posts/1746944223179568/,2026-09-03,"Anonymous participant 616 mua được Pacific Cross thì mua luôn Sun với Gen cho rồi bà ơi. Phí cũng nhiêu đó, quyền lợi cũng nhiêu đó mà tái tục được cam kết phí bảo hiểm luôn.",hoireviewbaohiem,labeled,1,Nguyen Minh Thao,https://www.facebook.com/groups/hoireviewbaohiem/posts/1746944223179568/?comment_id=1747090586498265&reply_comment_id=1747267343147256,0,0,0,0,0,0,0,0,2,2
1747268286480495,1746944223179568,1747265419814115.0,https://www.facebook.com/groups/hoireviewbaohiem/posts/1746944223179568/,2026-09-03,Ha Vy bé ơi hình như em tắt chế độ nhắn tin ih nên chị ko nhắn em được. Nhờ em inbox hoặc zalo 0901836335 giúp chị với nhé! 🤗 Cảm ơn em,hoireviewbaohiem,labeled,2,Nguyen Minh Thao,https://www.facebook.com/groups/hoireviewbaohiem/posts/1746944223179568/?comment_id=1746959563178034&reply_comment_id=1747268286480495,0,0,0,0,0,0,0,0,0,0
1747269086480415,1746944223179568,1747267343147256.0,https://www.facebook.com/groups/hoireviewbaohiem/posts/1746944223179568/,2026-09-03,Nguyen Minh Thao sun vs gen cam kết như thế nào ạ,hoireviewbaohiem,labeled,2,Anonymous participant 616,https://www.facebook.com/groups/hoireviewbaohiem/posts/1746944223179568/?comment_id=1747090586498265&reply_comment_id=1747269086480415,0,0,0,0,0,0,0,0,0,0
1747270043146986,1746944223179568,1747090586498265.0,https://www.facebook.com/groups/hoireviewbaohiem/posts/1746944223179568/,2026-09-03,Trần Thị Minh Châu pacific mua gói khoảng bn/năm là phù hợp vậy ạ,hoireviewbaohiem,labeled,1,Anonymous participant 616,https://www.facebook.com/groups/hoireviewbaohiem/posts/1746944223179568/?comment_id=1747090586498265&reply_comment_id=1747270043146986,0,0,0,0,0,0,0,0,1,1
1747271363146854,1746944223179568,,https://www.facebook.com/groups/hoireviewbaohiem/posts/1746944223179568/,2026-09-03,"Trả 100%, nhưng phí thì rất cao. 7tr7 một năm nha các mom. Daiichi có 2,7tr/năm chi trả 70% mà mua dc hạng cao cấp 3 triệu/ngày nằm rồi. Claim ngoại trú cần nhất chi trả 100% vì khám đến 95% rồi chứ nội trú cực ít. Gen và Sun đồng chi trả ngoại trú 80/20 ở viện quốc tế và phòng khám tư. Mom nào quan tâm Daiichi trả ngoại trú 100%, ib bạn Nguyễn Thế Nam siêu có tâm và chu đáo 10 điểm ko có nhưng ..",hoireviewbaohiem,labeled,0,Trương Thị Nga,https://www.facebook.com/groups/hoireviewbaohiem/posts/1746944223179568/?comment_id=1747271363146854,0,0,0,0,0,0,0,0,0,0
1747276279813029,1746944223179568,1747270043146986.0,https://www.facebook.com/groups/hoireviewbaohiem/posts/1746944223179568/,2026-09-03,"Người tham gia ẩn danh 616 bảng phí 3 gói CF của Pacific nè mom, tương ứng với các hạn mức nội trú 100-250-500 tr/ năm nhé",hoireviewbaohiem,labeled,2,Trần Thị Minh Châu,https://www.facebook.com/groups/hoireviewbaohiem/posts/1746944223179568/?comment_id=1747090586498265&reply_comment_id=1747276279813029,0,0,0,0,0,0,0,0,0,0
1747282623145728,1746944223179568,1747269086480415.0,https://www.facebook.com/groups/hoireviewbaohiem/posts/1746944223179568/,2026-09-03,"Anonymous participant 616 Sun với Gen là dòng thẻ kèm Nhân thọ nè em, nên đúng thời hạn em đóng phí đầy đủ là auto tái tục. Hai bên này đều không tái thẩm định sức khỏe hàng năm, không dựa vào lịch sử bồi thường để ra biểu phí tái tục mà cam kết từ ban đầu là chỉ thay đổi theo tuổi. Cho nên an toàn hơn rất nhiều.",hoireviewbaohiem,labeled,2,Nguyen Minh Thao,https://www.facebook.com/groups/hoireviewbaohiem/posts/1746944223179568/?comment_id=1747090586498265&reply_comment_id=1747282623145728,0,0,0,0,0,0,0,0,0,0
1747285089812148,1746944223179568,1747257786481545.0,https://www.facebook.com/groups/hoireviewbaohiem/posts/1746944223179568/,2026-09-03,Phương Thích DuLich Phương Hoa ib nhé,hoireviewbaohiem,labeled,2,Hoa Nguyen,https://www.facebook.com/groups/hoireviewbaohiem/posts/1746944223179568/?comment_id=1746972983176692&reply_comment_id=1747285089812148,0,0,0,0,0,0,0,0,0,0
1747285159812141,1746944223179568,1746996273174363.0,https://www.facebook.com/groups/hoireviewbaohiem/posts/1746944223179568/,2026-09-03,Nguyễn Hồng Liên dạ Hoa ib nhé,hoireviewbaohiem,labeled,2,Hoa Nguyen,https://www.facebook.com/groups/hoireviewbaohiem/posts/1746944223179568/?comment_id=1746972983176692&reply_comment_id=1747285159812141,0,0,0,0,0,0,0,0,0,0
1747285249812132,1746944223179568,1747057299834927.0,https://www.facebook.com/groups/hoireviewbaohiem/posts/1746944223179568/,2026-09-03,Nguyễn Mạnh cần hỗ trợ nhắn Hoa nha,hoireviewbaohiem,labeled,2,Hoa Nguyen,https://www.facebook.com/groups/hoireviewbaohiem/posts/1746944223179568/?comment_id=1746972983176692&reply_comment_id=1747285249812132,0,0,0,0,0,0,0,0,0,0
1747285693145421,1746944223179568,1747044859836171.0,https://www.facebook.com/groups/hoireviewbaohiem/posts/1746944223179568/,2026-09-03,Ngọc Peo theo hạn mức thì Thẻ Ngoại Trú nào mà chẳng trả như thế… thế thì ko thể nói 100% được,hoireviewbaohiem,labeled,2,Hang Dothihang,https://www.facebook.com/groups/hoireviewbaohiem/posts/1746944223179568/?comment_id=1746947703179220&reply_comment_id=1747285693145421,0,0,0,0,0,0,0,0,0,0
1747300073143983,1746944223179568,,https://www.facebook.com/groups/hoireviewbaohiem/posts/1746944223179568/,2026-09-03,Gen vs Sun,hoireviewbaohiem,labeled,0,GoldTulip1765,https://www.facebook.com/groups/hoireviewbaohiem/posts/1746944223179568/?comment_id=1747300073143983,0,0,0,0,0,0,0,0,0,0
1747312579809399,1746944223179568,1746957449844912.0,https://www.facebook.com/groups/hoireviewbaohiem/posts/1746944223179568/,2026-09-03,Người tham gia ẩn danh 864 thường 30 ngày tuổi trở ra là m có thể tgia cho ebe rồi nha mẹ,hoireviewbaohiem,labeled,1,Cao Thị Linh,https://www.facebook.com/groups/hoireviewbaohiem/posts/1746944223179568/?comment_id=1746957449844912&reply_comment_id=1747312579809399,0,0,0,0,0,0,0,0,0,0
1747313786475945,1746944223179568,,https://www.facebook.com/groups/hoireviewbaohiem/posts/1746944223179568/,2026-09-03,"Nếu thanh toán 100% và trả xn âm tính nhưng phải liên quan đến chẩn đoán bệnh. Bạm tham khaot thêm Gen và Sun. Nhưng phí thì b xđ phí rất cao b ạ. Ngoài ra để cân đối tiền tham gia và qloi b tham khảo thử Daiichi nhé. Bạn tham khảo thử phương án mình gửi của Daiichi nhé. 1. Ngoại trú: ba mẹ có thể yên tâm vì chi trả 100% Với các bé nhỏ, chi phí phát sinh thường xuyên nhất lại không phải lúc nào cũng là nằm viện. Mà là: Khám sốt, ho, viêm họng, viêm mũi. Tiền th.uốc. Xét nghiệm. Siêu âm. Tái khám. Phần này, ngoại trú Dai-ichi Life chi trả 100% sau thời gian chờ chỉ 30 ngày, viêm phổi, viêm phế quản cũng chỉ cần chờ 30 ngày thôi nha 😀 2. Nội trú: 70% nhưng không còn là nỗi lo nếu biết kết hợp đúng Đúng là với bé dưới 6 tuổi, thẻ nội trú Dai-ichi Life hiện chi trả 70%. (Nhưng phí daiichi rất rẻ gói tiền phòng 3tr/ ngày daiichi có 2,73tr/ ngày thôi b ạ, nếu b muốn 100% thì m có giải pháp hỗ trợ bù đủ phần này cho ebe) Từ đủ 6 tuổi không cần thẩm định lại sức khỏe tự động chuyển lên trả 100%. Gói trên mình sẽ kết hợp gói nhân thọ min 8tr/ năm b ạ để tham gia thẻ nha. Mình là Linh tvv nhà Daiichi có 10 năm KN làm việc hỗ trợ KH. Hữu duyên kết nối cùng bạn trao đổi. #tvth899",hoireviewbaohiem,labeled,0,Cao Thị Linh,https://www.facebook.com/groups/hoireviewbaohiem/posts/1746944223179568/?comment_id=1747313786475945,0,0,0,0,0,0,0,0,0,0
1747315686475755,1746944223179568,,https://www.facebook.com/groups/hoireviewbaohiem/posts/1746944223179568/,2026-09-03,Có nhưng đừng nói phí rẻ nhen 😂😂,hoireviewbaohiem,labeled,0,Hà Thị Mỹ Danh,https://www.facebook.com/groups/hoireviewbaohiem/posts/1746944223179568/?comment_id=1747315686475755,0,0,0,0,0,0,0,0,0,0
1747318573142133,1746944223179568,1747100749830582.0,https://www.facebook.com/groups/hoireviewbaohiem/posts/1746944223179568/,2026-09-03,Sơn Phạm này lèm bhnt hả bạn?,hoireviewbaohiem,labeled,1,FascinatingTulip9090,https://www.facebook.com/groups/hoireviewbaohiem/posts/1746944223179568/?comment_id=1747100749830582&reply_comment_id=1747318573142133,1,0,1,0,0,0,0,0,1,1
1747333099807347,1746944223179568,,https://www.facebook.com/groups/hoireviewbaohiem/posts/1746944223179568/,2026-09-03,"💙 BẢO HIỂM NHÂN THỌ & PHI NHÂN THỌ – FUBON LIFE An tâm tài chính, bảo vệ cả gia đình trước rủi ro bệnh tật, tai nạn. Tư vấn miễn phí, chọn gói phù hợp thu nhập. 📲 Tú: 0919977059 – Hân: 0906807921",hoireviewbaohiem,labeled,0,Phạm Anh Tú,https://www.facebook.com/groups/hoireviewbaohiem/posts/1746944223179568/?comment_id=1747333099807347,0,0,0,0,0,0,0,0,0,0
1747357416471582,1746944223179568,1747318573142133.0,https://www.facebook.com/groups/hoireviewbaohiem/posts/1746944223179568/,2026-09-03,Dạ kèm nhân thọ phí tối thiểu 8tr(có tích luỹ) ạ,hoireviewbaohiem,labeled,2,Sơn Phạm,https://www.facebook.com/groups/hoireviewbaohiem/posts/1746944223179568/?comment_id=1747100749830582&reply_comment_id=1747357416471582,0,0,0,0,0,0,0,0,0,0
1746986066508717,1746969396510384,,https://www.facebook.com/groups/hoireviewbaohiem/posts/1746969396510384/,2026-09-02,Sao em không mua trực tiếp của các tư vấn viên để được chăm sóc và kê hợp đồng tốt hơn bởi vì ngân hàng là qua kênh thứ 3 rồi.,hoireviewbaohiem,labeled,0,Ngô Thị Thu Thủy,https://www.facebook.com/groups/hoireviewbaohiem/posts/1746969396510384/?comment_id=1746986066508717,0,0,0,0,0,0,0,0,1,4
1746986313175359,1746969396510384,,https://www.facebook.com/groups/hoireviewbaohiem/posts/1746969396510384/,2026-09-02,"Bảo hiểm tại ngân hàng thì nghiệp vụ chính là ngân hàng chứ không phải bảo hiểm. Không biết bây giờ sao chứ mình hiếm khi gặp được các bạn làm ngân hàng mà vững nghiệp vụ bảo hiểm, tư vấn từ quyền lợi và chăm sóc KH giai đoạn claims được đúng/đủ Trừ Techcomlife ra thì các ngân hàng khác đều là bên phân phối ở giữa. Bạn gặp trực tiếp sale của cty đó luôn cho rồi!",hoireviewbaohiem,labeled,0,Anonymous participant 268,https://www.facebook.com/groups/hoireviewbaohiem/posts/1746969396510384/?comment_id=1746986313175359,1,1,0,0,0,0,0,0,1,2
1746989296508394,1746969396510384,1746986066508717.0,https://www.facebook.com/groups/hoireviewbaohiem/posts/1746969396510384/,2026-09-02,Ngô Thị Thu Thủy tại vì e đang không biết dùng bh đó có uy tín ko . nên muốn xin rv của các khách đang dùng,hoireviewbaohiem,labeled,1,Anonymous participant,https://www.facebook.com/groups/hoireviewbaohiem/posts/1746969396510384/?comment_id=1746986066508717&reply_comment_id=1746989296508394,1,1,0,0,0,0,0,0,3,3
1746992439841413,1746969396510384,1746989296508394.0,https://www.facebook.com/groups/hoireviewbaohiem/posts/1746969396510384/,2026-09-02,"Người tham gia ẩn danh các ngân hàng là trung gian cầu nối giữa người mua bảo hiểm và công ty bảo hiểm, vì thế nên mua của tư vấn viên của công ty bảo hiểm sẽ tốt hơn và đặc biệt là kiếm người làm lâu dài với nghề để chăm sóc hợp đồng cho mình tốt hơn.",hoireviewbaohiem,labeled,2,Ngô Thị Thu Thủy,https://www.facebook.com/groups/hoireviewbaohiem/posts/1746969396510384/?comment_id=1746986066508717&reply_comment_id=1746992439841413,1,0,1,0,0,0,0,0,0,0
1746992829841374,1746969396510384,1746989296508394.0,https://www.facebook.com/groups/hoireviewbaohiem/posts/1746969396510384/,2026-09-02,"Anonymous participant ngân hàng họ ko khơi khơi mà để 1 cty BH ất ơ nhảy vào vì hoàn toàn có thể làm ảnh hưởng ngược lại đến uy tín của họ. Nhất là những ông lớn như VCB, ACB, TPB, Techcombank Bạn ngại thì cứ chọn mấy bên bảo hiểm được ngân hàng lớn lựa trước, rồi inbox sale trực tiếp là chắc ăn.",hoireviewbaohiem,labeled,2,Anonymous participant 268,https://www.facebook.com/groups/hoireviewbaohiem/posts/1746969396510384/?comment_id=1746986066508717&reply_comment_id=1746992829841374,1,0,1,0,0,0,0,0,0,0
1747034043170586,1746969396510384,,https://www.facebook.com/groups/hoireviewbaohiem/posts/1746969396510384/,2026-09-02,"Chào bạn! AIA đang là tập đoàn bảo hiểm lớn nhất châu Á, và có chất lượng tư vấn viên dẫn đầu toàn thế giới trong suốt 12 năm liền. Bạn sẽ được trải nghiệm cách tư vấn và chăm sóc hợp đồng rất chuyên nghiệp. Nên không tội gì mua qua kênh bank nhé bạn!",hoireviewbaohiem,labeled,0,Thư Nguyễn,https://www.facebook.com/groups/hoireviewbaohiem/posts/1746969396510384/?comment_id=1747034043170586,0,0,0,0,0,0,0,0,0,0
1747035636503760,1746969396510384,1746986313175359.0,https://www.facebook.com/groups/hoireviewbaohiem/posts/1746969396510384/,2026-09-02,Người tham gia ẩn danh 268 hông đc đâu bạn ơi. Họ của kênh ngân hàng là liên quan đến các khoảng vay. Nếu ko mua BH thì họ sẽ ko trình đc lên sếp lãi xuất ưu đãi đâu. Thôi thì mua ở đâu cũng phải chịu khó tìm hiểu thêm vậy.,hoireviewbaohiem,labeled,1,MotivatedReindeer4901,https://www.facebook.com/groups/hoireviewbaohiem/posts/1746969396510384/?comment_id=1746986313175359&reply_comment_id=1747035636503760,0,0,0,0,0,0,0,0,1,1
1747036409837016,1746969396510384,,https://www.facebook.com/groups/hoireviewbaohiem/posts/1746969396510384/,2026-09-02,Mình mua Sunlife qua kênh ngân hàng ACB,hoireviewbaohiem,labeled,0,MotivatedReindeer4901,https://www.facebook.com/groups/hoireviewbaohiem/posts/1746969396510384/?comment_id=1747036409837016,0,0,0,0,0,0,0,0,0,0
1747042613169729,1746969396510384,,https://www.facebook.com/groups/hoireviewbaohiem/posts/1746969396510384/,2026-09-02,"Mua ở đâu cũng được ngân hàng hay mua sale full time của công ty BH cũng được . Quan trọng nhất là gặp được TVV có tâm . Tuy nhiên bạn lưu ý 1 điểm : nhân viên TVV bảo hiểm ngồi tại các NH thường có thời gian làm việc không lâu, luân chuyển và thay đổi công viẹc nhiều , nên thường khi người đó nghỉ bạn sẽ được chuyển qua cho TVV khác chăm sóc , 1 HĐ qua tay vài TVV là chuyện bình thường. Con khi tham gia trực tiếp với sale full time như hầu hết anh chị em trên đây thì bạn sẽ được đồng hành lâu dài hơn. Và nghiệp vụ có cứng và tốt hơn các bạn TVV ở bank nữa nhé ( vì va chạm các case thực tế khách hàng nhiều) Ib mình chia sẻ thêm, bởi hơn ai hết mình có 4 năm làm TVV ngồi tại các bank như VCB - SHB , và đã làm là mình luôn top sale - không nói ngoa ! Tuy nhiên những điều mình phân tích cho bạn là thật tâm và thực tiễn từ những trải nghiệm và va vấp với nghề của mình ở cả môi trường bán trong bank và khi mình ra ngoài bán trực tiếp như này . Ib mình nếu cần thêm hỗ trợ gì nhé #CC12",hoireviewbaohiem,labeled,0,Khánh Hà Generali,https://www.facebook.com/groups/hoireviewbaohiem/posts/1746969396510384/?comment_id=1747042613169729,0,0,0,0,0,0,0,0,0,0
1747046859835971,1746969396510384,1747035636503760.0,https://www.facebook.com/groups/hoireviewbaohiem/posts/1746969396510384/,2026-09-02,"MotivatedReindeer4901 cái này là tình huống mình ở thế bị động - thì ngân hàng kêu gói bao nhiêu mình phải mua bấy nhiêu, họ bán tập trung vào nhân thọ hay quyền lợi bổ sung còn phải coi KPI tháng đó chạy cái gì. Tức là 100% họ nắm đằng cán. Còn ở câu hỏi của chủ thread là bạn ấy chủ động đến NH để hỏi mua bảo hiểm luôn - thì vai vế đã khác.",hoireviewbaohiem,labeled,2,Anonymous participant 268,https://www.facebook.com/groups/hoireviewbaohiem/posts/1746969396510384/?comment_id=1746986313175359&reply_comment_id=1747046859835971,0,0,0,0,0,0,0,0,0,0
1747049333169057,1746969396510384,,https://www.facebook.com/groups/hoireviewbaohiem/posts/1746969396510384/,2026-09-02,"Mình thấy mua trực tiếp qua TVV thì ổn hơn chứ 🥲 với lựa đúng TVV có tâm thì bạn đỡ bị lấn cấn nhiều thứ hơn. mình bên AIA ở HCM, nếu bạn muốn tham khảo qua về các gói và chính sách thì liên hệ mình để xem qua nha <3",hoireviewbaohiem,labeled,0,Nguyễn Võ Duy Tâm,https://www.facebook.com/groups/hoireviewbaohiem/posts/1746969396510384/?comment_id=1747049333169057,0,0,0,0,0,0,0,0,0,0
1747051876502136,1746969396510384,1746992829841374.0,https://www.facebook.com/groups/hoireviewbaohiem/posts/1746969396510384/,2026-09-02,"Người tham gia ẩn danh 268 Còn tùy gặp đc tvv có tâm hay k nữa bạn a. Mình chỉ vì cả tin là nằm trong hệ thống NH nên bị lừa vào gói bh, h đang rối chưa tháo gỡ đc😰",hoireviewbaohiem,labeled,2,ShinyRabbit383,https://www.facebook.com/groups/hoireviewbaohiem/posts/1746969396510384/?comment_id=1746986066508717&reply_comment_id=1747051876502136,0,0,0,0,0,0,0,0,0,0
1747103253163665,1746969396510384,,https://www.facebook.com/groups/hoireviewbaohiem/posts/1746969396510384/,2026-09-02,"Nên mua qua tư vấn để được hỗ trợ 1 cách cụ thể từ khâu trước trong và đặc biệt sau bán ạ. Chứ nv bank họ có chuyên môn chủ yếu từ bank chứ sao như làm chuyên như bên BH ạ. Đến nay em phải nhận dc mấy chục HĐ mồ côi từ bank mà cty gửi cho em để em chăm sóc để biết dc việc mua qua bank rất nhiều KH mồ côi HĐ Về sp mình tham khảo dòng thẻ sk hạn mức cao mà chi phí cũng rất hợp lý ạ. Hạn mức lên tới 1 tỷ/bệnh, 3tr tiền giường/ngày,… phí chỉ từ 2tr7 thôi ạ Bên cạnh đó nhân thọ chỉ từ 8tr(có tích luỹ, dòng tiền tốt và cam kết tái tục) là đã thêm được thẻ cho gđ rồi nhé ạ Em bên Daiichi,em có kinh nghiệm hơn 4 năm, là MDRT 2025 và trước em tốt nghiệp NEU chuyên ngành Bảo hiểm ạ. Rất vui nếu dc tư vấn cho mình ạ #GDB37",hoireviewbaohiem,labeled,0,Sơn Phạm,https://www.facebook.com/groups/hoireviewbaohiem/posts/1746969396510384/?comment_id=1747103253163665,0,0,0,0,0,0,0,0,0,0
1747268249813832,1746969396510384,,https://www.facebook.com/groups/hoireviewbaohiem/posts/1746969396510384/,2026-09-03,"Anh chị nên mua của tư vấn viên nhé ạ 1. Về mặt hồ sơ sẽ được thiết kế đầy đủ quyền lợi. Kê khai sức khỏe đầy đủ rõ ràng. Thì sau này mới đảm bảo chi trả bồi thường thuận lợi ạ 2. Có tư vấn viên đồng hành mãi về sau, hỗ trợ, support ạ Em có 3 KH mua qua ngân hàng. 1 KH thì nhờ em review HĐ, mở ra gói 50tr dồn hết vào phần sinh mệnh, các quyền lợi sống khác cần bảo vệ thì không có 1 KH khác thì thiết kế đủ quyền lợi nhưng không kê khai sức khỏe. Vừa rồi nộp bồi thường bị vướng mắc không được chi trả và đã quay lại mua của em cho vợ con ạ 1 KH thì hợp đồng đang bơ vơ không biết ai là người hỗ trợ và muốn chuyển cho em hỗ trợ nhưng do khác kênh nên công ty không có chính sách này. Nên giờ KH phải tự care HĐ đây ạ Nên em khuyên anh chị nên mua của tư vấn viên nhé ạ. Nếu anh chị có bất cứ gì thắc mắc hay cần hỗ trợ, giải đáp em hỗ trợ nhé ạ💕",hoireviewbaohiem,labeled,0,Linh Linh,https://www.facebook.com/groups/hoireviewbaohiem/posts/1746969396510384/?comment_id=1747268249813832,0,0,0,0,0,0,0,0,0,0
1747314956475828,1746969396510384,,https://www.facebook.com/groups/hoireviewbaohiem/posts/1746969396510384/,2026-09-03,"Chào bạn , hiện tại thì gần như các ngân hàng đều đang bán sản phẩm bảo hiểm thông qua các công ty bảo hiểm. Vậy nên nếu bạn thật sự cần tvv chăm sóc tốt hơn và nắm rõ nghiệp vụ bảo hiểm hơn thì nên chọn tham gia trực tiếp với cty BH bạn nhé ! Mình là tvv của Hội sở BHNT AIA exchange HCM. Sẵn lòng hỗ trợ bạn tìm hiểu với AIA. #GDB38",hoireviewbaohiem,labeled,0,Bo Phú,https://www.facebook.com/groups/hoireviewbaohiem/posts/1746969396510384/?comment_id=1747314956475828,0,0,0,0,0,0,0,0,0,0
2501582310345660,2501271333710091,,https://www.facebook.com/groups/hotrobaohiem/posts/2501271333710091/,2026-09-01,Bác tham khảo PTI ib em.,hotrobaohiem,labeled,0,Thư Nguyễn,https://www.facebook.com/groups/hotrobaohiem/posts/2501271333710091/?comment_id=2501582310345660,0,0,0,0,0,0,0,0,0,0
2501600183677206,2501271333710091,,https://www.facebook.com/groups/hotrobaohiem/posts/2501271333710091/,2026-09-01,Bảo Việt bác check inhox ạ,hotrobaohiem,labeled,0,Ly Hương,https://www.facebook.com/groups/hotrobaohiem/posts/2501271333710091/?comment_id=2501600183677206,0,0,0,0,0,0,0,0,0,0
2501921193645105,2501271333710091,,https://www.facebook.com/groups/hotrobaohiem/posts/2501271333710091/,2026-09-02,5tr2,hotrobaohiem,labeled,0,BlueBeet3599,https://www.facebook.com/groups/hotrobaohiem/posts/2501271333710091/?comment_id=2501921193645105,0,0,0,0,0,0,0,0,0,0
2502176716952886,2501271333710091,,https://www.facebook.com/groups/hotrobaohiem/posts/2501271333710091/,2026-09-02,"E bên Bảo Việt Bank có liên kết với Bảo Việt, a chị có nhu cầu mua bảo hiểm ô tô ib zalo e: 0963 483 916 ( e cần thêm ảnh xe và 1 vài thông tin để báo phí chính xác ạ)",hotrobaohiem,labeled,0,Vu Nguyen,https://www.facebook.com/groups/hotrobaohiem/posts/2501271333710091/?comment_id=2502176716952886,0,0,0,0,0,0,0,0,0,0
2502873973549827,2501271333710091,,https://www.facebook.com/groups/hotrobaohiem/posts/2501271333710091/,2026-09-03,Bảo Việt lh 0876294773 em hỗ trợ tư vấn nha,hotrobaohiem,labeled,0,Duy Quách,https://www.facebook.com/groups/hotrobaohiem/posts/2501271333710091/?comment_id=2502873973549827,0,0,0,0,0,0,0,0,0,0
2501587610345130,2501279900375901,,https://www.facebook.com/groups/hotrobaohiem/posts/2501279900375901/,2026-09-01,Bạn gọi cho người bán bảo hiểm cho bạn ấy họ hướng dẫn hết,hotrobaohiem,labeled,0,GenuineGrape9382,https://www.facebook.com/groups/hotrobaohiem/posts/2501279900375901/?comment_id=2501587610345130,0,0,0,0,0,0,0,0,1,1
2501591933678031,2501279900375901,,https://www.facebook.com/groups/hotrobaohiem/posts/2501279900375901/,2026-09-01,Bh có ra hiện trường ko?? Tuyệt đối ko thỏa thuận gì với bên kia. Thjz thỏa thuận gì thì bh tự đi mà thỏa thuận. Cứ dí thằng bh đền cho mình 100% rồi thế quyền rồi muốn đòi gì thì đòi. Kêu bên kia liên hệ bảo hiểm dân sự để đền bù cho bảo hiểm bên mình tránh mất khả năng chi trả,hotrobaohiem,labeled,0,FriendlyOstrich5433,https://www.facebook.com/groups/hotrobaohiem/posts/2501279900375901/?comment_id=2501591933678031,0,0,0,0,0,0,0,0,1,4
2501924210311470,2501279900375901,,https://www.facebook.com/groups/hotrobaohiem/posts/2501279900375901/,2026-09-02,Chế tài 50%,hotrobaohiem,labeled,0,BlueBeet3599,https://www.facebook.com/groups/hotrobaohiem/posts/2501279900375901/?comment_id=2501924210311470,0,0,0,0,0,0,0,0,0,0
2501928813644343,2501279900375901,2501591933678031.0,https://www.facebook.com/groups/hotrobaohiem/posts/2501279900375901/,2026-09-02,"Khi va chạm 2 xe coin cũng bỏ đi nhưng em có chụp hình lại 2 xe và gọi ngay cho bh,nhưng họ bảo sáng sớm họ chạy lên ko kịp",hotrobaohiem,labeled,1,ForgivingTiger1000,https://www.facebook.com/groups/hotrobaohiem/posts/2501279900375901/?comment_id=2501591933678031&reply_comment_id=2501928813644343,0,0,0,0,0,0,0,0,3,3
2501929393644285,2501279900375901,2501587610345130.0,https://www.facebook.com/groups/hotrobaohiem/posts/2501279900375901/,2026-09-02,Dạ vâng.em cũng gọi họ bảo ngày mai gặp rồi tư vấn,hotrobaohiem,labeled,1,ForgivingTiger1000,https://www.facebook.com/groups/hotrobaohiem/posts/2501279900375901/?comment_id=2501587610345130&reply_comment_id=2501929393644285,0,0,0,0,0,0,0,0,0,0
2501960983641126,2501279900375901,2501928813644343.0,https://www.facebook.com/groups/hotrobaohiem/posts/2501279900375901/,2026-09-02,ForgivingTiger1000 có ghi âm ko b?? Có thì sau nó ko bắt bẻ đc,hotrobaohiem,labeled,2,FriendlyOstrich5433,https://www.facebook.com/groups/hotrobaohiem/posts/2501279900375901/?comment_id=2501591933678031&reply_comment_id=2501960983641126,0,0,0,0,0,0,0,0,0,0
2501978076972750,2501279900375901,,https://www.facebook.com/groups/hotrobaohiem/posts/2501279900375901/,2026-09-02,Nếu là em thì đi báo công an giao thông để cùng bảo hiểm thu đòi bên thứ 3. Thế quyền thì thế quyền chứ cũng minh bạch với bảo hiểm là xe kia bỏ đi và bên mình chưa nhận tiền. Phải xe em thì em dí đơn cagt phải giải quyết thì thôi.,hotrobaohiem,labeled,0,Phan Ngọc,https://www.facebook.com/groups/hotrobaohiem/posts/2501279900375901/?comment_id=2501978076972750,1,1,0,0,0,0,0,0,0,0
2501993370304554,2501279900375901,2501928813644343.0,https://www.facebook.com/groups/hotrobaohiem/posts/2501279900375901/,2026-09-02,Dạ có ghi âm và chụp tin nhắn bên bảo hiểm liên lạc ạ,hotrobaohiem,labeled,2,ForgivingTiger1000,https://www.facebook.com/groups/hotrobaohiem/posts/2501279900375901/?comment_id=2501591933678031&reply_comment_id=2501993370304554,0,0,0,0,0,0,0,0,0,0
2502885473548677,2501279900375901,2501928813644343.0,https://www.facebook.com/groups/hotrobaohiem/posts/2501279900375901/,2026-09-03,"ForgivingTiger1000 chắc không phải họ bỏ đi đâu, lên video cam hành trình đi khả năng bạn cho thằng nguu mượn xe nó đi điền vào chỗ trống bị kẹp giữa đấy. Chứ bạn mà đúng thì thách 3 đời nó cũng chẳng dám bỏ đi, bạn tế chúng nó trên đồn từ lâu rồi",hotrobaohiem,labeled,2,Phạm Văn Tuấn,https://www.facebook.com/groups/hotrobaohiem/posts/2501279900375901/?comment_id=2501591933678031&reply_comment_id=2502885473548677,0,0,0,0,0,0,0,0,0,0
2502478523589372,2502471760256715,,https://www.facebook.com/groups/hotrobaohiem/posts/2502471760256715/,2026-09-02,"Bên PTI vẫn xử lý cho bác, bác làm thế quyền cho PTI đòi bên Xanh.",hotrobaohiem,labeled,0,Thư Nguyễn,https://www.facebook.com/groups/hotrobaohiem/posts/2502471760256715/?comment_id=2502478523589372,2,2,0,0,0,0,0,0,3,5
2502479200255971,2502471760256715,2502478523589372.0,https://www.facebook.com/groups/hotrobaohiem/posts/2502471760256715/,2026-09-02,Thư Nguyễn Ko có biên bản của công an có thế quyền dc hok ạ,hotrobaohiem,labeled,1,TalentedCamel6253,https://www.facebook.com/groups/hotrobaohiem/posts/2502471760256715/?comment_id=2502478523589372&reply_comment_id=2502479200255971,0,0,0,0,0,0,0,0,1,1
2502483720255519,2502471760256715,2502479200255971.0,https://www.facebook.com/groups/hotrobaohiem/posts/2502471760256715/,2026-09-02,Bác ib em đi.,hotrobaohiem,labeled,2,Thư Nguyễn,https://www.facebook.com/groups/hotrobaohiem/posts/2502471760256715/?comment_id=2502478523589372&reply_comment_id=2502483720255519,0,0,0,0,0,0,0,0,0,0
2502490600254831,2502471760256715,2502478523589372.0,https://www.facebook.com/groups/hotrobaohiem/posts/2502471760256715/,2026-09-02,Thư Nguyễn đã viết tay thoả thuận là đã không bảo lưu quyền truy đòi rồi mà thế gì nữa b,hotrobaohiem,labeled,1,Gđv_onl_,https://www.facebook.com/groups/hotrobaohiem/posts/2502471760256715/?comment_id=2502478523589372&reply_comment_id=2502490600254831,0,0,0,0,0,0,0,0,1,1
2502506936919864,2502471760256715,2502490600254831.0,https://www.facebook.com/groups/hotrobaohiem/posts/2502471760256715/,2026-09-02,Vâng. Nếu đã thoả thuận bên kia chịu trách nhiệm thì k cần thế quyền PTI đòi nữa.,hotrobaohiem,labeled,2,Thư Nguyễn,https://www.facebook.com/groups/hotrobaohiem/posts/2502471760256715/?comment_id=2502478523589372&reply_comment_id=2502506936919864,0,0,0,0,0,0,0,0,0,0
2502827356887822,2502471760256715,,https://www.facebook.com/groups/hotrobaohiem/posts/2502471760256715/,2026-09-03,Bh của bạn phải lo cho bạn tất. Muốn đòi xanh hay ntn đó thì bh của bạn tự đi mà làm. Trách nhiệm bh của bạn là bồi thường cho bạn 100%,hotrobaohiem,labeled,0,Leba Ky,https://www.facebook.com/groups/hotrobaohiem/posts/2502471760256715/?comment_id=2502827356887822,0,0,0,0,0,0,0,0,0,0
2502827606887797,2502471760256715,2502478523589372.0,https://www.facebook.com/groups/hotrobaohiem/posts/2502471760256715/,2026-09-03,Thư Nguyễn ko cần ủy quyền. Nó tự đi mà làm. Việc của bh là đền bì 100%,hotrobaohiem,labeled,1,Leba Ky,https://www.facebook.com/groups/hotrobaohiem/posts/2502471760256715/?comment_id=2502478523589372&reply_comment_id=2502827606887797,0,0,0,0,0,0,0,0,0,0
2128509014402567,2128504407736361,,https://www.facebook.com/groups/tuvanbaohiemnhanthovn/posts/2128504407736361/,2026-09-01,"Chào anh em là Trâm, quản lý kinh doanh Manhlife, HCM có thể gặp trực tiếp anh trao đổi Bệnh cao huyết áp của anh có từ năm nào? Còn giữ đổ hồ sơ là quá tốt. Anh vẫn có tham gia được, nhưng chắc chắc sẽ loại trừ, tăng phí bệnh CAO HUYẾT ÁP VÀ NHỮNG BIẾN CHỨNG LIÊN QUAN",tuvanbaohiemnhanthovn,labeled,0,Nguyễn Trâm,https://www.facebook.com/groups/tuvanbaohiemnhanthovn/posts/2128504407736361/?comment_id=2128509014402567,1,1,0,0,0,0,0,0,0,0
2128509394402529,2128504407736361,,https://www.facebook.com/groups/tuvanbaohiemnhanthovn/posts/2128504407736361/,2026-09-01,"Bạn ib mình nha, số mình 0906352989 nhé",tuvanbaohiemnhanthovn,labeled,0,Thu Hằng Generali,https://www.facebook.com/groups/tuvanbaohiemnhanthovn/posts/2128504407736361/?comment_id=2128509394402529,0,0,0,0,0,0,0,0,0,0
2128511611068974,2128504407736361,,https://www.facebook.com/groups/tuvanbaohiemnhanthovn/posts/2128504407736361/,2026-09-01,Bạn Inb mình tham vấn cho bạn nha 💚,tuvanbaohiemnhanthovn,labeled,0,Hong Quyen Dong,https://www.facebook.com/groups/tuvanbaohiemnhanthovn/posts/2128504407736361/?comment_id=2128511611068974,0,0,0,0,0,0,0,0,0,0
2128513374402131,2128504407736361,,https://www.facebook.com/groups/tuvanbaohiemnhanthovn/posts/2128504407736361/,2026-09-01,Bạn đang có bảo hiểm bên AIA thì ib mình hỗ trợ,tuvanbaohiemnhanthovn,labeled,0,Nguyễn Huyền,https://www.facebook.com/groups/tuvanbaohiemnhanthovn/posts/2128504407736361/?comment_id=2128513374402131,0,0,0,0,0,0,0,0,0,0
2128515817735220,2128504407736361,,https://www.facebook.com/groups/tuvanbaohiemnhanthovn/posts/2128504407736361/,2026-09-01,"Chào bạn, Mình là Minh Thảo - thành viên ưu tiên MRA cao cấp của Sun Life Vietnam, khu vực HCM. Mình rất có kinh nghiệm xử lý với các hồ sơ huyết áp, vì bản thân ông xã mình huyết áp 180 bị từ chối ở rất nhiều hãng vẫn mua được ở Sun Life. Sun Life với thẻ Sống Chất 2.0 nha: là thẻ duy nhất trên thị trường hiện nay hội đủ 3 yếu tố quan trọng nhất: ☀️ Tái tục ổn định đ𝗲̂́𝗻 𝟴𝟱 𝘁𝘂𝗼̂̉𝗶 với tất cả quyền lợi Nội trú / Ngoại trú / Nha khoa ☀️ 𝗞𝗵𝗼̂𝗻𝗴 đ𝗼̂̀𝗻𝗴 𝗰𝗵𝗶 𝘁𝗿𝗮̉ với mọi lứa tuổi khi điều trị tại bất kỳ Bv công hay tư nhân. ☀️ 𝗞𝗵𝗼̂𝗻𝗴 𝘁𝗮́𝗶 𝘁𝗵𝗮̂̉𝗺 đ𝗶̣𝗻𝗵 sức khỏe hàng năm. 𝗞𝗵𝗼̂𝗻𝗴 𝘁𝗮̆𝗻𝗴 𝗽𝗵𝗶́ theo lịch sử bồi thường Tài khoản đăng bài của bạn là ẩn danh nên mình không inbox được, nhờ bạn nhắn giúp hoặc zalo 0901836335 Thảo tư vấn cẩn thận gói bảo hiểm cho hai vợ chồng nha! Cảm ơn bạn 🤗",tuvanbaohiemnhanthovn,labeled,0,Nguyen Minh Thao,https://www.facebook.com/groups/tuvanbaohiemnhanthovn/posts/2128504407736361/?comment_id=2128515817735220,0,0,0,0,0,0,0,0,0,0
2128517664401702,2128504407736361,,https://www.facebook.com/groups/tuvanbaohiemnhanthovn/posts/2128504407736361/,2026-09-01,dạ anh chị inb em ạ em là Tuyến từ AIA ạ,tuvanbaohiemnhanthovn,labeled,0,Lâm Lâm,https://www.facebook.com/groups/tuvanbaohiemnhanthovn/posts/2128504407736361/?comment_id=2128517664401702,0,0,0,0,0,0,0,0,0,0
2128519217734880,2128504407736361,,https://www.facebook.com/groups/tuvanbaohiemnhanthovn/posts/2128504407736361/,2026-09-01,Ib minh nhé,tuvanbaohiemnhanthovn,labeled,0,Quan Thành,https://www.facebook.com/groups/tuvanbaohiemnhanthovn/posts/2128504407736361/?comment_id=2128519217734880,0,0,0,0,0,0,0,0,0,0
2128523624401106,2128504407736361,,https://www.facebook.com/groups/tuvanbaohiemnhanthovn/posts/2128504407736361/,2026-09-01,"Chào bạn. Mình là Huệ, kênh full time của Aia toàn quốc. Bạn inbox mình hỗ trợ nhé!",tuvanbaohiemnhanthovn,labeled,0,Kim Hụê AiA,https://www.facebook.com/groups/tuvanbaohiemnhanthovn/posts/2128504407736361/?comment_id=2128523624401106,0,0,0,0,0,0,0,0,0,0
2128527661067369,2128504407736361,,https://www.facebook.com/groups/tuvanbaohiemnhanthovn/posts/2128504407736361/,2026-09-01,Mình ở HN nhé nhưng m hỗ trợ toàn quốc xử lý kê khai hồ sơ nếu ưu tiên thẻ sk có gen aia ưu tiên mom nhé,tuvanbaohiemnhanthovn,labeled,0,Khương Duy,https://www.facebook.com/groups/tuvanbaohiemnhanthovn/posts/2128504407736361/?comment_id=2128527661067369,0,0,0,0,0,0,0,0,0,0
2128528161067319,2128504407736361,,https://www.facebook.com/groups/tuvanbaohiemnhanthovn/posts/2128504407736361/,2026-09-01,"Huyết áp xác định là khó tham gia đc, ít nhất cũng phải là tăng phí cao đó",tuvanbaohiemnhanthovn,labeled,0,Tú Anh Nguyen Ngoc,https://www.facebook.com/groups/tuvanbaohiemnhanthovn/posts/2128504407736361/?comment_id=2128528161067319,0,0,0,0,0,0,0,0,0,0
2128529944400474,2128504407736361,,https://www.facebook.com/groups/tuvanbaohiemnhanthovn/posts/2128504407736361/,2026-09-01,Nhắn mình tư vấn nha 🥰,tuvanbaohiemnhanthovn,labeled,0,Nguyệt Võ,https://www.facebook.com/groups/tuvanbaohiemnhanthovn/posts/2128504407736361/?comment_id=2128529944400474,0,0,0,0,0,0,0,0,0,0
2128535661066569,2128504407736361,,https://www.facebook.com/groups/tuvanbaohiemnhanthovn/posts/2128504407736361/,2026-09-01,"Hoa ở HCM làm Gen 9 năm và đồng hành hướng dẫn rất nhiều hồ sơ khó nhiều bệnh ban đầu Khách hàng nào cần tư vấn Gen nhắn Hoa nha, Hoa làm bh 9 năm toàn thời gian, tư vấn dễ hiểu online hoặc offline đều oki Nghiệp vụ bảo hiểm chắc đảm bảo khai thác thông tin kê khai đầu vào kĩ, sau bán đồng hành 24/7 mọi lúc. Cần hỗ trợ nhắn zalo 0352694726 Hoa ah",tuvanbaohiemnhanthovn,labeled,0,Hoa Nguyen,https://www.facebook.com/groups/tuvanbaohiemnhanthovn/posts/2128504407736361/?comment_id=2128535661066569,0,0,0,0,0,0,0,0,0,0
2128541757732626,2128504407736361,,https://www.facebook.com/groups/tuvanbaohiemnhanthovn/posts/2128504407736361/,2026-09-01,Chào em Chị ở HCM Inbox chị nha em,tuvanbaohiemnhanthovn,labeled,0,Thương Thương Prudential,https://www.facebook.com/groups/tuvanbaohiemnhanthovn/posts/2128504407736361/?comment_id=2128541757732626,0,0,0,0,0,0,0,0,0,0
2128542141065921,2128504407736361,,https://www.facebook.com/groups/tuvanbaohiemnhanthovn/posts/2128504407736361/,2026-09-01,Ib em hỗ trợ nhé ạ❤️,tuvanbaohiemnhanthovn,labeled,0,Duyên Phạm,https://www.facebook.com/groups/tuvanbaohiemnhanthovn/posts/2128504407736361/?comment_id=2128542141065921,0,0,0,0,0,0,0,0,0,0
2128544134399055,2128504407736361,,https://www.facebook.com/groups/tuvanbaohiemnhanthovn/posts/2128504407736361/,2026-09-01,Ib minh bên công ty Bảo Việt,tuvanbaohiemnhanthovn,labeled,0,Ngan Le Thanh,https://www.facebook.com/groups/tuvanbaohiemnhanthovn/posts/2128504407736361/?comment_id=2128544134399055,0,0,0,0,0,0,0,0,0,0
2128548991065236,2128504407736361,,https://www.facebook.com/groups/tuvanbaohiemnhanthovn/posts/2128504407736361/,2026-09-01,Chào anh em là Ngân từ Sun Life. A ib em tư vấn giải pháp phù hợp nhu cầu nhà mình nhé,tuvanbaohiemnhanthovn,labeled,0,Nguyễn Thị Kim Ngân,https://www.facebook.com/groups/tuvanbaohiemnhanthovn/posts/2128504407736361/?comment_id=2128548991065236,0,0,0,0,0,0,0,0,0,0
2128553897731412,2128504407736361,,https://www.facebook.com/groups/tuvanbaohiemnhanthovn/posts/2128504407736361/,2026-09-01,"Chào bạn, mình là Hương Giang, tư vấn viên fulltime tại Manulife và hiện đang ở thành phố Hồ Chí Minh. Bạn inbox mình trao đổi cụ thể hơn nhé.",tuvanbaohiemnhanthovn,labeled,0,Nguyễn Hương Giang,https://www.facebook.com/groups/tuvanbaohiemnhanthovn/posts/2128504407736361/?comment_id=2128553897731412,1,1,0,0,0,0,0,0,0,0
2128561574397311,2128504407736361,,https://www.facebook.com/groups/tuvanbaohiemnhanthovn/posts/2128504407736361/,2026-09-01,"Chào bạn Mình là Nhung tư vấn viên Manulife. Mình ko ở HCM, mình hiện ở HN nhưng mình tự tin hỗ trợ đc bạn. Số đt mình đây 0983608303. Xin phép kết nối với bạn.",tuvanbaohiemnhanthovn,labeled,0,Trương Thị Nhung,https://www.facebook.com/groups/tuvanbaohiemnhanthovn/posts/2128504407736361/?comment_id=2128561574397311,0,0,0,0,0,0,0,0,0,0
2128574704395998,2128504407736361,,https://www.facebook.com/groups/tuvanbaohiemnhanthovn/posts/2128504407736361/,2026-09-01,"Chào Anh, Ninh là TVV AIA tại TP.HCM và có kinh nghiệm xử lý hồ sơ KH có bệnh nền. Trường hợp của anh đang điều trị huyết áp, kiểm soát tốt và có hồ sơ bệnh viện minh bạch là một điểm cộng rất lớn khi thẩm định. Ninh có thể hỗ trợ song song: * Thiết kế gói BHNT kèm thẻ sức khỏe nội trú tối ưu cho vợ, đúng nhu cầu và ngân sách. * Rà soát hồ sơ y tế của bạn trước khi nộp, đặc biệt là toa thuốc, chỉ số huyết áp, điện tim, siêu âm tim và xét nghiệm chức năng thận gần nhất để đánh giá khả năng được chấp thuận. Bạn inbox hoặc Zalo Ninh: 0776457460, Ninh trao đổi kỹ hơn nhé.",tuvanbaohiemnhanthovn,labeled,0,Vũ Ninh,https://www.facebook.com/groups/tuvanbaohiemnhanthovn/posts/2128504407736361/?comment_id=2128574704395998,0,0,0,0,0,0,0,0,0,0
2128583327728469,2128504407736361,,https://www.facebook.com/groups/tuvanbaohiemnhanthovn/posts/2128504407736361/,2026-09-01,Em là tvv của Hội sở BHNT AIA exchange HCM. Nếu mình quan tâm đến BH nhà AIA có thể liên hệ với em nhé !,tuvanbaohiemnhanthovn,labeled,0,Bo Phú,https://www.facebook.com/groups/tuvanbaohiemnhanthovn/posts/2128504407736361/?comment_id=2128583327728469,0,0,0,0,0,0,0,0,0,0
2128592574394211,2128504407736361,,https://www.facebook.com/groups/tuvanbaohiemnhanthovn/posts/2128504407736361/,2026-09-01,"Chào bạn. 🔰Mình là Xuân Hoàng Chuyên viên AIA Hội sở Hồ Chí Minh - 0382.111.396 - Có bệnh án tái khám định kỳ thì sẽ là điểm cộng khi làm giải trình kê khai với thẩm định bảo hiểm. Mình từng hỗ trợ khách hàng có bệnh và cũng phản biện nhiều với công ty để có kết quả thẩm định khả quan nhất cho khách hàng. Hữu duyên được đồng hành với gia đình. - Bảo hiểm sức khoẻ Trọn Đời 100 tuổi của AIA mạnh mẽ với các quyền lợi điển hình mà các bên khác đều có giới hạn còn AIA thì khá rộng mở với khách hàng như các ưu điểm dưới đây: 1️⃣ Không giới hạn phụ cho mỗi lần điều trị 2️⃣Không phân biệt phẫu thuật hay không phẫu thuật 3️⃣200% hạn mức Nội trú cho mọi bệnh ở bệnh viện công lập “MỖI NĂM” 4️⃣Cấp cứu cho cả bệnh và tai nạn 5️⃣Phẫu thuật trong ngày chấp nhận cả tiểu phẫu 6️⃣Ung thư điều trị mọi phương pháp 7️⃣Thời gian lưu viện tối thiểu chỉ cần qua đêm 8️⃣ Nhân thọ từ 5 triệu là mua được thẻ sức khoẻ 9️⃣ Tặng quyền lợi Thai Sản 25 - 40 triệu 🔟 Song Hành Y Tế - Dịch vụ quản trị bệnh án cá nhân, có bác sĩ cá nhân hỗ trợ Online 24/7 1️⃣1️⃣ Mua mới tới 70 tuổi, Gia hạn tới 100 tuổi Liên hệ mình hỗ trợ bạn tham khảo thêm nhé. 🔮Hữu duyên kết nối và đồng hành về sau. ❣️Thân gửi & Cảm ơn…❣️ 🌹Xuân Hoàng - Tư vấn viên AIA 🏩 Hội sở HCM - Exchange by AIA ☎️ 0382.111.396 🛜Hỗ trợ Online toàn quốc 🛵Trực tiếp khu vực lân cận 📍Thủ Đức - HCM - Bình Dương - Bình Phước - Đồng Nai. #BHSK #AIA #BHNT #BHTS #BHYT",tuvanbaohiemnhanthovn,labeled,0,Xuân Hoàng,https://www.facebook.com/groups/tuvanbaohiemnhanthovn/posts/2128504407736361/?comment_id=2128592574394211,0,0,0,0,0,0,0,0,0,0
2128642777722524,2128504407736361,,https://www.facebook.com/groups/tuvanbaohiemnhanthovn/posts/2128504407736361/,2026-09-01,"Xử lý hồ sơ cho bác 69t tiền sử cao huyết áp và mã bệnh giả trên vssid tham gia được thẻ sk, b thấy ok k. Mình ở Hn nhưng hỗ trợ xử lý tư vấn chăm sóc kh toàn quốc nhé",tuvanbaohiemnhanthovn,labeled,0,Hồng Nhung,https://www.facebook.com/groups/tuvanbaohiemnhanthovn/posts/2128504407736361/?comment_id=2128642777722524,0,0,0,0,0,0,0,0,0,0
2128683701051765,2128504407736361,,https://www.facebook.com/groups/tuvanbaohiemnhanthovn/posts/2128504407736361/,2026-09-01,Chào bạn Mình bên Daiichi hỗ trợ khu vực TPHCM bạn cần tư vấn ibox mình nhé,tuvanbaohiemnhanthovn,labeled,0,Lap Le,https://www.facebook.com/groups/tuvanbaohiemnhanthovn/posts/2128504407736361/?comment_id=2128683701051765,0,0,0,0,0,0,0,0,0,0
2128797597707042,2128504407736361,,https://www.facebook.com/groups/tuvanbaohiemnhanthovn/posts/2128504407736361/,2026-09-01,Điều trị huyết áp tức có uống thuốc huyết áp và khám định kỳ hay thế nào ? Huyết áp chẩn đoán lần đầu là bao nhiêu và hiện tại chỉ số là bao nhiêu? Thời gian điều trị và kiểm soát bệnh là bao lâu? Huyết áp tăng nguyên phát hay thứ phát? Muốn biết có xử lý hsyt và giúp b có kết quả thẩm định tốt nhất thì cần trao đổi thêm rất nhiều thông tin b ạ còn chắc chắn ai cũng sẽ tự tin nhận lên hồ sơ cho b. Vài điểm mình note ra ở trên hy vọng hữu duyên có cơ hội được trao đổi cụ thể hơn với b để từ đó mình sẽ có hướng đi tốt nhất cho b. Hiện mình đang là VIP cộng đồng bảo vệ quyền lợi KH tham gia BH và đã có kinh nghiệm giúp rất nhiều KH bị từ chối ở cty bạn vẫn có thể tham gia Bh tại cty mình. Mình đang chăm sóc hơn 200 gia đình. Mình ở Tân Phú. B có thể inb mình nếu hữu duyên hen. Chúc b nghỉ lễ thật hưu và chọn được cty bh cũng như TVV giúp b đạt được mong muốn nhen.,tuvanbaohiemnhanthovn,labeled,0,Trần Thị Ngọc Ánh,https://www.facebook.com/groups/tuvanbaohiemnhanthovn/posts/2128504407736361/?comment_id=2128797597707042,0,0,0,0,0,0,0,0,0,0
2129412004312268,2129399504313518,,https://www.facebook.com/groups/tuvanbaohiemnhanthovn/posts/2129399504313518/,2026-09-02,"Em là Hải, tư vấn bảo hiểm Dai-ichi Life, đang làm khu vực Bắc Giang – Bắc Ninh – Hà Nội ạ. Em chuyên về bảo hiểm nhân thọ và chăm sóc sức khỏe. Rất vui được kết nối và giao lưu cùng anh/chị 😊",tuvanbaohiemnhanthovn,labeled,0,Dương Hải,https://www.facebook.com/groups/tuvanbaohiemnhanthovn/posts/2129399504313518/?comment_id=2129412004312268,0,0,0,0,0,0,0,0,1,1
2129413474312121,2129399504313518,2129412004312268.0,https://www.facebook.com/groups/tuvanbaohiemnhanthovn/posts/2129399504313518/,2026-09-02,Nhắn tin riêng cho tôi,tuvanbaohiemnhanthovn,labeled,1,Ngoc Anh Nguyen,https://www.facebook.com/groups/tuvanbaohiemnhanthovn/posts/2129399504313518/?comment_id=2129412004312268&reply_comment_id=2129413474312121,0,0,0,0,0,0,0,0,0,0
2129423124311156,2129399504313518,,https://www.facebook.com/groups/tuvanbaohiemnhanthovn/posts/2129399504313518/,2026-09-02,Đà Nẵng Prudential,tuvanbaohiemnhanthovn,labeled,0,Trầm Hương Phong Thủy,https://www.facebook.com/groups/tuvanbaohiemnhanthovn/posts/2129399504313518/?comment_id=2129423124311156,0,0,0,0,0,0,0,0,1,1
2129423877644414,2129399504313518,2129423124311156.0,https://www.facebook.com/groups/tuvanbaohiemnhanthovn/posts/2129399504313518/,2026-09-02,Nhắn tin riêng cho tôi,tuvanbaohiemnhanthovn,labeled,1,Ngoc Anh Nguyen,https://www.facebook.com/groups/tuvanbaohiemnhanthovn/posts/2129399504313518/?comment_id=2129423124311156&reply_comment_id=2129423877644414,0,0,0,0,0,0,0,0,0,0
2129453604308108,2129399504313518,,https://www.facebook.com/groups/tuvanbaohiemnhanthovn/posts/2129399504313518/,2026-09-02,Bảo việt đồng nai,tuvanbaohiemnhanthovn,labeled,0,Ngan Le Thanh,https://www.facebook.com/groups/tuvanbaohiemnhanthovn/posts/2129399504313518/?comment_id=2129453604308108,0,0,0,0,0,0,0,0,1,1
2129454580974677,2129399504313518,2129453604308108.0,https://www.facebook.com/groups/tuvanbaohiemnhanthovn/posts/2129399504313518/,2026-09-02,Nhắn tin riêng cho tôi,tuvanbaohiemnhanthovn,labeled,1,Ngoc Anh Nguyen,https://www.facebook.com/groups/tuvanbaohiemnhanthovn/posts/2129399504313518/?comment_id=2129453604308108&reply_comment_id=2129454580974677,0,0,0,0,0,0,0,0,0,0
2129465840973551,2129399504313518,,https://www.facebook.com/groups/tuvanbaohiemnhanthovn/posts/2129399504313518/,2026-09-02,Bhnt li fe gia lai nhé,tuvanbaohiemnhanthovn,labeled,0,Nguyễn Thị Mận,https://www.facebook.com/groups/tuvanbaohiemnhanthovn/posts/2129399504313518/?comment_id=2129465840973551,0,0,0,0,0,0,0,0,1,1
2129467070973428,2129399504313518,2129465840973551.2,https://www.facebook.com/groups/tuvanbaohiemnhanthovn/posts/2129399504313518/,2026-09-02,Zola 0889990498,tuvanbaohiemnhanthovn,labeled,1,Ngoc Anh Nguyen,https://www.facebook.com/groups/tuvanbaohiemnhanthovn/posts/2129399504313518/?comment_id=2129465840973551&reply_comment_id=2129467070973428,0,0,0,0,0,0,0,0,0,0
2129499517636850,2129399504313518,,https://www.facebook.com/groups/tuvanbaohiemnhanthovn/posts/2129399504313518/,2026-09-02,Chào bạn. Mình là chuyên viên kênh bảo hiểm chuyên nghiệp toàn thời gian Aia. Hân hạnh được kết nối ạ,tuvanbaohiemnhanthovn,labeled,0,Kim Hụê AiA,https://www.facebook.com/groups/tuvanbaohiemnhanthovn/posts/2129399504313518/?comment_id=2129499517636850,0,0,0,0,0,0,0,0,0,0
2129515207635281,2129399504313518,,https://www.facebook.com/groups/tuvanbaohiemnhanthovn/posts/2129399504313518/,2026-09-02,Chào bạn mình ở AIA Hà Nội hân hạnh được trao đổi giao lưu với bạn,tuvanbaohiemnhanthovn,labeled,0,Đức Tâm Phó,https://www.facebook.com/groups/tuvanbaohiemnhanthovn/posts/2129399504313518/?comment_id=2129515207635281,0,0,0,0,0,0,0,0,0,0
2129554977631304,2129399504313518,,https://www.facebook.com/groups/tuvanbaohiemnhanthovn/posts/2129399504313518/,2026-09-02,Mình Hanwhalife HN-THANH HÓA-HCM nha,tuvanbaohiemnhanthovn,labeled,0,Trịnh Phương Thuý,https://www.facebook.com/groups/tuvanbaohiemnhanthovn/posts/2129399504313518/?comment_id=2129554977631304,0,0,0,0,0,0,0,0,0,0
2129678784285590,2129399504313518,,https://www.facebook.com/groups/tuvanbaohiemnhanthovn/posts/2129399504313518/,2026-09-02,Thu bên Bảo Việt tại Hà Nội rất vui được kết nối và giao lưu cùng anh chị ạ ❤️❤️❤️,tuvanbaohiemnhanthovn,labeled,0,Hoài Thu,https://www.facebook.com/groups/tuvanbaohiemnhanthovn/posts/2129399504313518/?comment_id=2129678784285590,0,0,0,0,0,0,0,0,0,0
